no,act_type,reg_no,opr,flight_number_origin,flight_number_dest,ata,block_on,block_off,atd,ground_time,org,des,ps,runway,avio_a,avio_d,f_stat,bulan,tahun
1.,A320,PKGQO,CTV,CTV720,CTV430,28/22:57,28/23:04,01/04:53,01/05:03,5:49:00,CGK,BPN,006,28,1,1,NML,3,2025
2.,A320,PKBKQ,BTK,BTK7503,BTK7508,28/19:12,28/19:16,01/05:02,01/05:12,9:46:00,HLP,HLP,014,28,1,1,NML,3,2025
3.,A320,PKAZG,AWQ,AWQ327,AWQ320,01/00:26,01/00:32,01/05:03,01/05:16,4:31:00,KUL,KUL,A03,28,1,1,NML,3,2025
4.,B739,PKLGO,LNI,LNI972,LNI786,28/16:32,28/16:38,01/04:51,01/05:01,12:13:00,BTH,UPG,021,28,0,0,NML,3,2025
5.,A320,PKGQQ,CTV,CTV495,CTV725,28/21:11,28/21:20,01/05:40,01/05:48,8:20:00,BDJ,CGK,007,28,1,1,NML,3,2025
6.,A320,V8RBF,RBA,RBA795,RBA796,28/19:59,28/20:02,01/05:56,01/06:11,9:54:00,BWN,BWN,A06,10,1,1,NML,3,2025
7.,A320,PKGQI,CTV,CTV353,CTV670,01/05:07,01/05:13,01/06:09,01/06:16,0:56:00,UPG,LOP,006,28,1,1,NML,3,2025
8.,A320,PKPWM,PAS,PAS212,PAS213,28/20:50,28/20:58,01/05:54,01/06:03,8:56:00,CGK,CGK,004,28,1,1,NML,3,2025
9.,A320,PKSAP,SJV,SJV611,SJV612,28/08:48,28/08:53,01/07:02,01/07:14,22:09:00,BPN,BPN,025,10,0,0,NML,3,2025
10.,A320,PKSJA,SJV,SJV643,SJV640,28/15:23,28/15:31,01/06:00,01/06:13,14:29:18,AAP,AAP,023,28,0,0,NML,3,2025
11.,A320,PKLAW,BTK,BTK7521,BTK6589,28/21:59,28/22:05,01/05:58,01/06:10,7:53:00,HLP,CGK,009,10,1,1,NML,3,2025
12.,A320,PKSJR,SJV,SJV673,SJV706,28/20:34,28/20:43,01/06:21,01/06:33,9:38:00,BEJ,DPS,015,10,1,1,NML,3,2025
13.,A320,PKAZO,AWQ,AWQ325,AWQ386,28/19:38,28/19:43,01/06:05,01/06:15,10:22:00,KUL,PEN,A01,28,1,1,NML,3,2025
14.,B738MAX,PKOFM,AFE,AFE921,AFE921,01/05:46,01/05:52,01/06:38,01/06:52,0:46:00,CGK,TIM,008,10,1,1,NML,3,2025
15.,B739,PKLGS,LNI,LNI707,LNI971,28/15:14,28/15:20,01/07:00,01/07:10,15:40:00,UPG,BTH,024,10,0,0,NML,3,2025
16.,A320,PKLUQ,BTK,BTK6586,BTK6135,28/21:18,28/21:25,01/07:07,01/07:16,9:42:00,CGK,PKN,016,10,1,1,NML,3,2025
17.,B733F,PKMYV,MYU,MYU935,MYU934,28/09:07,28/09:11,01/06:57,01/07:06,21:46:00,SRG,SIN,C02,10,0,0,NML,3,2025
18.,B738,PKGUF,GIA,GIA328,GIA305,28/20:13,28/20:21,01/06:52,01/07:05,10:31:00,CGK,CGK,005,10,1,1,NML,3,2025
19.,B738,PKGFF,GIA,GIA855,GIA854,28/20:44,28/20:48,01/07:19,01/07:27,10:31:00,SIN,SIN,A02,10,1,1,NML,3,2025
20.,B739,PKLGR,LNI,LNI865,LNI646,28/18:50,28/18:54,01/07:13,01/07:21,12:19:00,LOP,LOP,C04,10,0,0,NML,3,2025
21.,A320,PKGQU,CTV,CTV661,CTV460,01/06:44,01/06:48,01/07:28,01/07:43,0:40:00,DPS,AAP,006,10,1,1,NML,3,2025
22.,B739,PKLHJ,LNI,LNI692,LNI693,28/16:15,28/16:20,01/08:04,01/08:16,15:44:00,CGK,CGK,020,10,0,0,NML,3,2025
23.,B739,PKLHO,LNI,LNI929,LNI982,01/06:50,01/06:54,01/07:55,01/08:08,1:01:00,DPS,PKU,014,10,1,1,NML,3,2025
24.,A320,PKGLR,CTV,CTV170,CTV175,01/06:55,01/07:00,01/07:55,01/08:09,0:55:00,HLP,HLP,007,10,1,1,NML,3,2025
25.,A333,BLAE,CPA,CPA779,CPA780,28/18:01,28/18:05,01/08:23,01/08:35,14:18:00,HKG,HKG,A08,10,1,1,NML,3,2025
26.,A339,PKLES,LNI,LNI075P,LNI106,01/00:37,01/00:43,01/08:15,01/08:30,7:32:00,JED,JED,A07,10,1,1,NML,3,2025
27.,B739,PKLGY,LNI,LNI693,LNI990,01/07:02,01/07:06,01/08:27,01/08:39,1:21:00,KOE,DPS,009,10,1,1,NML,3,2025
"28.,DHC6,PKICP,PGT,PKICP,PKICP,27/10:50,27/10:54,01/07:35,01/07:44,""1 day, 20:41:00"",PAG,PAG,028,10,0,0,NML,3,2025"
29.,A320,PKGLG,CTV,CTV355,CTV177,01/07:41,01/07:45,01/08:24,01/08:33,0:39:00,UPG,HLP,008,10,1,1,NML,3,2025
30.,A320,PKSJI,SJV,SJV725,SJV618,28/17:42,28/17:49,01/08:50,01/09:00,15:01:00,LBJ,BPN,017,10,1,1,NML,3,2025
31.,A320,9VJSU,JSA,JSA249,JSA250,01/08:02,01/08:07,01/09:13,01/09:23,1:06:00,SIN,SIN,A06,10,1,1,NML,3,2025
32.,A320,PKBKG,BTK,BTK6221,BTK6581,28/20:03,28/20:10,01/08:59,01/09:08,12:49:00,BPN,CGK,012,10,1,1,NML,3,2025
33.,B738,PKLDM,MXD,MXD352,MXD353,28/20:40,28/20:46,01/09:51,01/10:05,13:05:00,KUL,KUL,A04,10,1,1,NML,3,2025
34.,B739,PKLHM,LNI,LNI683,LNI682,01/08:05,01/08:09,01/09:08,01/09:16,0:59:00,PKY,PKY,011,10,1,1,NML,3,2025
35.,B738,PKGFP,GIA,GIA304,GIA342,01/08:15,01/08:19,01/09:21,01/09:40,1:02:00,CGK,DPS,004,10,1,1,NML,3,2025
36.,A320,PKPWE,PAS,PAS200,PAS201,01/08:19,01/08:22,01/09:15,01/09:27,0:53:00,CGK,CGK,005,10,1,1,NML,3,2025
37.,A320,PKGQI,CTV,CTV671,CTV486,01/08:37,01/08:41,01/09:24,01/09:43,0:43:00,LOP,BDJ,006,10,1,1,NML,3,2025
38.,A320,PKGQK,CTV,CTV417,CTV715,01/08:27,01/08:31,01/09:18,01/09:31,0:47:00,PNK,CGK,007,10,1,1,NML,3,2025
39.,A320,9VTRS,TGW,TGW264,TGW265,01/08:55,01/09:00,01/09:50,01/10:04,0:50:00,SIN,SIN,A02,10,1,1,NML,3,2025
40.,B738,9MMXW,MAS,MAS871,MAS870,01/09:13,01/09:21,01/10:11,01/10:26,0:50:00,KUL,KUL,A06,10,1,1,NML,3,2025
41.,B738MAX,9MLRM,MXD,MXD350,MXD351,01/09:02,01/09:08,01/10:05,01/10:24,0:57:00,KUL,KUL,A03,10,1,1,NML,3,2025
42.,A359,9VSHS,SIA,SIA922,SIA923,01/08:51,01/08:57,01/10:02,01/10:19,1:05:00,SIN,SIN,A08,10,1,1,NML,3,2025
43.,C208,PKTVX,TVR,PKTVX,PKTVX,01/10:21,01/10:25,01/10:56,01/11:02,0:31:00,HLP,XXD,C03,10,0,0,NML,3,2025
44.,A320,PKSJL,SJV,SJV611,SJV632,01/08:23,01/08:27,01/10:48,01/10:59,2:21:00,BPN,BDJ,016,10,1,1,NML,3,2025
45.,B739,PKLGV,LNI,LNI791,LNI706,01/09:32,01/09:35,01/10:40,01/10:51,1:05:00,UPG,UPG,009,10,1,1,NML,3,2025
46.,A320,PKPWM,PAS,PAS210,PAS211,01/09:37,01/09:40,01/10:28,01/10:41,0:48:00,CGK,CGK,005,10,1,1,NML,3,2025
47.,A320,PKLUQ,BTK,BTK6134,BTK7516,01/09:51,01/09:56,01/10:52,01/11:05,0:56:00,PKN,HLP,011,10,1,1,NML,3,2025
48.,A320,PKLUY,BTK,BTK7513,BTK6346,01/09:46,01/09:50,01/10:50,01/11:03,1:00:00,HLP,BEJ,008,10,1,1,NML,3,2025
49.,B739,PKLSK,LNI,LNI694,LNI694,01/10:17,01/10:22,01/11:25,01/11:38,1:03:00,CGK,KOE,015,10,1,1,NML,3,2025
50.,A320,PKAZG,AWQ,AWQ321,AWQ322,01/10:47,01/10:52,01/11:29,01/11:39,0:37:00,KUL,KUL,A03,10,1,1,NML,3,2025
51.,B738,PKGNM,GIA,GIA322,GIA327,01/09:56,01/10:01,01/11:24,01/11:36,1:23:00,CGK,CGK,004,10,1,1,NML,3,2025
52.,A320,PKSJA,SJV,SJV641,SJV362,01/09:41,01/09:47,01/11:55,01/12:05,2:08:00,AAP,KNO,C05,10,0,0,NML,3,2025
53.,A339,PKLEV,LNI,LNI107,LNI074,28/17:32,01/09:12,01/11:51,01/12:02,18:15:00,JED,MED,A07,10,1,1,NML,3,2025
54.,A320,PKBKL,BTK,BTK6582,BTK6587,01/12:52,01/12:55,01/13:49,01/14:00,0:54:00,CGK,CGK,012,10,1,1,NML,3,2025
55.,A320,PKGQU,CTV,CTV461,CTV698,01/11:07,01/11:12,01/11:56,01/12:07,0:44:00,AAP,DPS,006,10,1,1,NML,3,2025
56.,B739,PKLHQ,LNI,LNI801,LNI780,01/11:31,01/11:34,01/12:37,01/12:49,1:03:00,UPG,UPG,011,10,1,1,NML,3,2025
57.,A320,PKAZO,AWQ,AWQ387,AWQ324,01/12:39,01/12:44,01/13:26,01/13:33,0:42:00,PEN,KUL,A01,10,1,1,NML,3,2025
58.,A320,PKGQI,CTV,CTV487,CTV668,01/12:21,01/12:27,01/13:33,01/13:41,1:06:00,BDJ,DPS,007,10,1,1,NML,3,2025
59.,B738,PKGFG,GIA,GIA312,GIA317,01/12:35,01/12:38,01/13:38,01/13:53,1:00:00,CGK,CGK,004,10,1,1,NML,3,2025
60.,A320,PKGQO,CTV,CTV431,CTV948,01/13:22,01/13:25,01/14:13,01/14:29,0:48:00,BPN,BTH,006,10,1,1,NML,3,2025
61.,B739,PKLHO,LNI,LNI983,LNI910,01/13:25,01/13:30,01/14:23,01/14:37,0:53:00,PKU,DPS,011,10,1,1,NML,3,2025
62.,B733F,PKMYV,MYU,MYU935,MYU815,01/13:49,01/13:55,01/14:30,01/14:40,0:34:00,SRG,CGK,C02,10,0,0,NML,3,2025
63.,B739,PKLGR,LNI,LNI645,LNI260,01/10:01,01/10:05,01/14:39,01/14:48,4:34:00,LOP,BPN,020,10,0,0,NML,3,2025
64.,A320,PKPWK,PAS,PAS208,PAS209,01/14:00,01/14:03,01/15:00,01/15:04,0:57:00,CGK,CGK,005,10,1,1,NML,3,2025
65.,B738,PKGFX,GIA,GIA330,GIA331,01/14:12,01/14:17,01/15:15,01/15:25,0:58:00,HLP,HLP,004,10,1,1,NML,3,2025
66.,A320,PKGQU,CTV,CTV699,CTV434,01/14:26,01/14:30,01/15:32,01/15:43,1:02:39,DPS,BPN,007,10,1,1,NML,3,2025
67.,B739,PKLGY,LNI,LNI805,LNI920,01/11:18,01/11:25,01/15:55,01/16:05,4:30:53,DPS,DPS,017,10,1,1,NML,3,2025
68.,A320,PKLUS,BTK,BTK7501,BTK7512,01/14:40,01/14:45,01/15:38,01/15:49,0:53:51,HLP,HLP,009,10,1,1,NML,3,2025
69.,B738,PKLOP,LNI,LNI837,LNI581,01/07:58,01/08:01,01/15:46,01/15:57,7:45:41,PNK,CGK,024,10,0,0,NML,3,2025
70.,B738,9MMXY,MAS,MAS873,MAS872,01/14:55,01/15:00,01/15:41,01/15:55,0:41:30,KUL,KUL,A07,10,1,1,NML,3,2025
71.,A320,PKLUY,BTK,BTK6347,BTK6401,01/15:12,01/15:16,01/16:13,01/16:24,0:57:33,BEJ,CGK,011,10,1,1,NML,3,2025
72.,A320,PKGLR,CTV,CTV174,CTV418,01/14:57,01/15:03,01/16:09,01/16:22,1:06:00,HLP,PNK,006,10,1,1,NML,3,2025
73.,B738,PKGMI,GIA,GIA310,GIA315,01/15:31,01/15:35,01/16:25,01/16:38,0:50:34,CGK,CGK,004,10,1,1,NML,3,2025
74.,A320,PKGQQ,CTV,CTV716,CTV717,01/15:26,01/15:30,01/16:23,01/16:34,0:53:05,CGK,CGK,008,10,1,1,NML,3,2025
75.,B738MAX,PKOFM,AFE,AFE920,AFE920,01/16:20,01/16:24,01/17:03,01/17:12,0:39:00,TIM,CGK,005,10,1,1,NML,3,2025
76.,B739,PKLSK,LNI,LNI695,LNI268,01/16:07,01/16:10,01/16:53,01/17:06,0:43:57,KOE,TRK,009,10,1,1,NML,3,2025
77.,B739,PKLSO,LNI,LNI692,LNI642,01/15:59,01/16:02,01/17:05,01/17:18,1:03:00,CGK,LOP,012,10,1,1,NML,3,2025
78.,B739,PKLVF,LNI,LNI363,LNI316,01/06:24,01/06:28,01/16:56,01/17:05,10:28:00,BPN,BDJ,023,10,0,0,NML,3,2025
79.,A320,PKPWM,PAS,PAS206,PAS623,01/16:15,01/16:18,01/17:00,01/17:09,0:42:00,CGK,BPN,006,10,1,1,NML,3,2025
80.,A320,PKAZG,AWQ,AWQ323,AWQ326,01/16:53,01/16:59,01/17:24,01/17:31,0:25:00,KUL,KUL,A01,10,1,1,NML,3,2025
81.,B738,PKLQZ,LNI,LNI709,LNI838,01/16:03,01/16:07,01/17:29,01/17:42,1:22:00,UPG,PNK,014,10,1,1,NML,3,2025
82.,A320,PKPWG,PAS,PAS622,PAS207,01/17:16,01/17:19,01/18:15,01/18:28,0:56:00,BPN,CGK,005,10,1,1,NML,3,2025
83.,B738,PKCRH,SJY,SJY567,SJY562,01/17:39,01/17:43,01/18:28,01/18:38,0:45:00,UPG,UPG,011,10,1,1,NML,3,2025
84.,B738MAX,9VMBP,SIA,SIA928,SIA929,01/17:36,01/17:42,01/18:41,01/18:49,0:59:00,SIN,SIN,A07,10,1,1,NML,3,2025
85.,B739,PKLJI,LNI,LNI885,LNI880,01/19:15,01/19:18,01/20:07,01/20:10,0:49:00,UPG,UPG,012,10,1,1,NML,3,2025
86.,A320,PKGLS,CTV,CTV489,CTV662,01/19:17,01/19:22,01/19:52,01/20:00,0:30:00,BDJ,DPS,007,10,1,1,NML,3,2025
87.,B738,PKGMP,GIA,GIA326,GIA313,01/18:50,01/18:54,01/20:04,01/20:10,1:10:00,CGK,CGK,005,10,1,1,NML,3,2025
88.,A320,PKGQR,CTV,CTV669,CTV354,01/17:48,01/17:52,01/20:11,01/20:25,2:19:00,DPS,UPG,003,10,0,0,NML,3,2025
89.,A320,PKGQE,CTV,CTV736,CTV352,01/19:24,01/19:28,01/20:16,01/20:20,0:48:00,CGK,UPG,008,10,1,1,NML,3,2025
90.,A320,PKGLP,CTV,CTV949,CTV494,01/19:28,01/19:32,01/20:23,01/20:29,0:51:00,BTH,BDJ,006,10,1,1,NML,3,2025
91.,B738,PKLOJ,LNI,LNI3319,LNI878,01/06:08,01/06:14,02/05:00,02/05:10,22:46:00,BDJ,AMQ,021,28,0,0,NML,3,2025
92.,A320,PKSAZ,SJV,SJV363,SJV610,01/11:42,01/23:19,02/04:50,02/05:05,17:03:00,KNO,BPN,012,28,1,0,NML,3,2025
93.,A320,PKGQK,CTV,CTV726,CTV430,01/20:42,01/20:46,02/04:55,02/05:07,8:09:00,CGK,BPN,007,28,1,1,NML,3,2025
94.,A320,PKAZG,AWQ,AWQ327,AWQ320,01/22:53,01/22:58,02/05:01,02/05:13,6:03:00,KUL,KUL,A03,28,1,1,NML,3,2025
95.,A320,PKGQU,CTV,CTV435,CTV725,01/19:01,01/19:05,02/05:34,02/05:43,10:29:00,BPN,CGK,009,28,1,1,NML,3,2025
96.,B739,PKLHR,LNI,LNI972,LNI882,01/16:09,01/16:15,02/05:59,02/06:09,13:44:00,BTH,UPG,017,28,1,1,NML,3,2025
"97.,B738,PKLKP,LNI,LNI727,LNI868,28/17:49,28/17:54,02/06:11,02/06:24,""1 day, 12:17:00"",KDI,TTE,022,28,0,0,NML,3,2025"
"98.,A320,PKSJO,SJV,SJV703,SJV706,28/20:54,28/20:58,02/06:03,02/06:14,""1 day, 9:04:09"",DPS,DPS,C06,28,0,0,NML,3,2025"
99.,A320,PKSJL,SJV,SJV633,SJV640,01/13:55,01/23:18,02/06:00,02/06:11,16:00:52,BDJ,AAP,014,28,1,0,NML,3,2025
100.,A320,PKGQR,CTV,CTV353,CTV484,02/05:03,02/05:09,02/05:53,02/06:01,0:44:00,UPG,BDJ,006,28,1,1,NML,3,2025
101.,A320,PKLUS,BTK,BTK7521,BTK6135,01/19:55,01/20:00,02/06:43,02/06:52,10:43:00,HLP,PKN,015,28,1,1,NML,3,2025
102.,B738,PKGFF,GIA,GIA855,GIA854,01/20:29,01/20:34,02/06:53,02/07:09,10:19:00,SIN,SIN,A02,28,1,1,NML,3,2025
103.,B738,PKGFP,GIA,GIA349,GIA305,01/18:01,01/18:06,02/06:50,02/07:00,12:44:00,DPS,CGK,004,28,1,1,NML,3,2025
104.,A320,PKAZO,AWQ,AWQ325,AWQ392,01/19:09,01/19:14,02/07:25,02/07:35,12:11:00,KUL,JHB,A01,28,1,1,NML,3,2025
105.,A320,PKGLS,CTV,CTV661,CTV460,02/06:38,02/06:46,02/07:28,02/07:38,0:42:00,DPS,AAP,006,28,1,1,NML,3,2025
106.,B739,PKLKM,LNI,LNI315,LNI693,02/06:05,02/06:10,02/07:52,02/08:00,1:42:00,BDJ,CGK,009,28,1,1,NML,3,2025
"107.,AW139,PKTVN,TVR,PKTVN,PKTVN,27/18:48,27/18:53,02/08:01,02/08:04,""2 days, 13:08:00"",ZZZZ,ZZZZ,H02,28,0,0,NML,3,2025"
108.,A320,PKGLG,CTV,CTV170,CTV175,02/07:06,02/07:14,02/07:48,02/07:57,0:34:00,HLP,HLP,007,28,1,1,NML,3,2025
109.,A333,BLAB,CPA,CPA779,CPA780,01/17:53,01/17:59,02/08:05,02/08:18,14:06:00,HKG,HKG,A08,28,1,1,NML,3,2025
110.,A320,PKGQE,CTV,CTV355,CTV177,02/07:40,02/07:47,02/08:29,02/08:38,0:42:00,UPG,HLP,008,28,1,1,NML,3,2025
111.,B738,PKLZM,MXD,MXD352,MXD353,01/19:37,01/19:40,02/08:55,02/09:05,13:15:00,KUL,KUL,A04,28,1,1,NML,3,2025
112.,A339,PKLET,LNI,LNI103,LNI078,01/16:12,01/16:18,02/08:51,02/09:10,16:33:00,JED,MED,A06,28,1,1,NML,3,2025
113.,B739,PKLGY,LNI,LNI929,LNI856,02/06:43,02/06:49,02/08:50,02/09:00,2:01:00,DPS,PLM,012,28,1,1,NML,3,2025
114.,A320,PKLAI,BTK,BTK6406,BTK6581,01/15:02,01/15:07,02/09:02,02/09:19,17:54:36,CGK,CGK,020,28,0,0,NML,3,2025
115.,B738,PKLQZ,LNI,LNI837,LNI748,02/08:06,02/08:10,02/09:08,02/09:17,0:58:00,PNK,MDC,014,28,1,1,NML,3,2025
116.,B739,PKLHM,LNI,LNI683,LNI682,02/08:16,02/08:21,02/09:13,02/09:23,0:52:00,PKY,PKY,015,28,1,1,NML,3,2025
117.,B738,PKGMC,GIA,GIA304,GIA342,02/08:13,02/08:20,02/09:11,02/09:20,0:51:00,CGK,DPS,004,28,1,1,NML,3,2025
118.,A320,PKGQQ,CTV,CTV417,CTV715,02/08:20,02/08:26,02/09:23,02/09:34,0:57:00,PNK,CGK,006,28,1,1,NML,3,2025
119.,A320,PKGQR,CTV,CTV485,CTV486,02/08:31,02/08:37,02/09:18,02/09:26,0:41:00,BDJ,BDJ,005,28,1,1,NML,3,2025
120.,A320,9VTRP,TGW,TGW264,TGW265,02/08:51,02/08:55,02/10:12,02/10:29,1:17:00,SIN,SIN,A01,10,1,1,NML,3,2025
121.,B735,PKNAQ,LKN,LKN243,LKN242,02/09:02,02/09:08,02/09:54,02/10:08,0:46:00,SMQ,SMQ,009,10,1,1,NML,3,2025
122.,AS35,PKDAP,DAM,PKDAP,PKDAP,01/16:15,01/16:18,02/09:53,02/10:00,17:34:26,LOP,SRG,H05,10,0,0,NML,3,2025
123.,B738MAX,9MMVF,MAS,MAS871,MAS870,02/08:47,02/08:51,02/09:50,02/10:03,0:59:00,KUL,KUL,A02,10,1,1,NML,3,2025
124.,B738MAX,9MLRU,MXD,MXD350,MXD351,02/08:43,02/08:48,02/10:00,02/10:14,1:12:00,KUL,KUL,A03,10,1,1,NML,3,2025
125.,A359,9VSHO,SIA,SIA922,SIA923,02/09:08,02/09:10,02/10:19,02/10:31,1:09:00,SIN,SIN,A08,10,1,1,NML,3,2025
126.,A320,PKGTK,CTV,CTV351,CTV350,02/09:15,02/09:22,02/10:05,02/10:20,0:43:00,UPG,UPG,007,10,1,1,NML,3,2025
127.,A339,PKLES,LNI,LNI107,LNI104,02/07:48,02/07:52,02/10:13,02/10:24,2:21:00,JED,JED,A07,10,1,1,NML,3,2025
128.,A320,PKSAZ,SJV,SJV611,SJV632,02/08:26,02/08:32,02/10:14,02/10:26,1:42:00,BPN,BDJ,011,10,1,1,NML,3,2025
129.,B739,PKLGR,LNI,LNI363,LNI706,02/06:17,02/06:21,02/10:34,02/10:45,4:13:00,BPN,UPG,021,10,0,0,NML,3,2025
130.,B739,PKLSK,LNI,LNI267,LNI262,02/07:02,02/07:06,02/10:28,02/10:41,3:22:00,TRK,BPN,017,10,1,1,NML,3,2025
131.,B739,PKLHR,LNI,LNI791,LNI973,02/09:36,02/09:41,02/10:42,02/10:56,1:01:00,UPG,BTH,014,10,1,1,NML,3,2025
132.,A320,PKPWD,PAS,PAS210,PAS211,02/09:40,02/09:47,02/10:32,02/10:43,0:45:00,CGK,CGK,005,10,1,1,NML,3,2025
133.,A320,PKLUF,BTK,BTK7513,BTK7516,02/09:48,02/09:52,02/10:40,02/10:50,0:48:00,HLP,HLP,008,10,1,1,NML,3,2025
134.,A320,PKLUS,BTK,BTK6134,BTK6346,02/09:32,02/09:36,02/10:48,02/10:59,1:12:00,PKN,BEJ,012,10,1,1,NML,3,2025
135.,B739,PKLSO,LNI,LNI645,LNI822,02/10:00,02/10:05,02/11:07,02/11:18,1:02:00,LOP,LOP,015,10,1,1,NML,3,2025
136.,B739,PKLHY,LNI,LNI694,LNI694,02/10:54,02/10:58,02/11:50,02/12:04,0:52:00,CGK,KOE,017,10,1,1,NML,3,2025
137.,A320,PKAZG,AWQ,AWQ321,AWQ322,02/10:34,02/10:39,02/11:13,02/11:23,0:34:00,KUL,KUL,A01,10,1,1,NML,3,2025
138.,B738,PKGFS,GIA,GIA322,GIA327,02/10:05,02/10:09,02/11:30,02/11:43,1:21:00,CGK,CGK,004,10,1,1,NML,3,2025
139.,A320,PKLAW,BTK,BTK6586,BTK7520,01/20:19,01/20:23,02/11:29,02/11:41,15:06:00,CGK,HLP,016,10,1,1,NML,3,2025
140.,A320,PKBKL,BTK,BTK6582,BTK6585,02/11:20,02/11:24,02/12:34,02/12:45,1:10:00,CGK,CGK,012,10,1,1,NML,3,2025
141.,A320,PKGLS,CTV,CTV461,CTV698,02/11:15,02/11:19,02/11:59,02/12:10,0:40:00,AAP,DPS,006,10,1,1,NML,3,2025
142.,B739,PKLFY,LNI,LNI801,LNI780,02/11:29,02/11:33,02/12:36,02/12:48,1:03:00,UPG,UPG,014,10,1,1,NML,3,2025
143.,A320,PKSAY,SJV,SJV619,SJV636,01/15:50,01/15:54,02/12:27,02/12:35,20:32:44,BPN,BDJ,024,10,0,0,NML,3,2025
144.,B735,PKNAS,LKN,LKN193,LKN192,02/11:45,02/11:48,02/12:20,02/12:33,0:32:00,PKN,PKN,009,10,1,1,NML,3,2025
145.,A320,PKGQR,CTV,CTV487,CTV668,02/11:55,02/11:59,02/12:37,02/12:50,0:38:00,BDJ,DPS,007,10,1,1,NML,3,2025
146.,A320,PKPWH,PAS,PAS204,PAS205,02/12:01,02/12:05,02/13:11,02/13:27,1:06:00,CGK,CGK,005,10,1,1,NML,3,2025
147.,A320,PKAZO,AWQ,AWQ393,AWQ324,02/12:31,02/12:36,02/13:14,02/13:33,0:38:00,JHB,KUL,A01,10,1,1,NML,3,2025
148.,A320,9VJSN,JSA,JSA247,JSA248,02/13:36,02/13:42,02/14:35,02/14:51,0:53:00,SIN,SIN,A07,10,1,1,NML,3,2025
149.,A320,PKSAZ,SJV,SJV633,SJV726,02/13:24,02/13:28,02/14:11,02/14:23,0:43:00,BDJ,LBJ,016,10,1,1,NML,3,2025
150.,B739,PKLGY,LNI,LNI857,LNI910,02/13:28,02/13:32,02/14:17,02/14:28,0:45:00,PLM,DPS,015,10,1,1,NML,3,2025
151.,A320,PKGQK,CTV,CTV431,CTV948,02/13:34,02/13:39,02/14:20,02/14:32,0:41:00,BPN,BTH,007,10,1,1,NML,3,2025
152.,B733F,PKMYV,MYU,MYU935,MYU815,02/13:39,02/13:43,02/14:16,02/14:25,0:32:42,SRG,CGK,C02,10,0,0,NML,3,2025
153.,A320,PKBLB,BTK,BTK7515,BTK7514,02/13:53,02/13:57,02/14:53,02/15:03,0:56:00,HLP,HLP,009,10,1,1,NML,3,2025
154.,B738,PKGFI,GIA,GIA312,GIA317,02/13:30,02/13:35,02/14:54,02/15:05,1:19:00,CGK,CGK,004,10,1,1,NML,3,2025
155.,B739,PKLSK,LNI,LNI261,LNI642,02/14:08,02/14:10,02/15:27,02/15:44,1:17:00,BPN,LOP,012,10,1,1,NML,3,2025
156.,B739,PKLSH,LNI,LNI919,LNI260,02/14:21,02/14:24,02/15:20,02/15:33,0:56:00,DPS,BPN,011,10,1,1,NML,3,2025
157.,B738,PKGFX,GIA,GIA330,GIA331,02/14:13,02/14:18,02/15:26,02/15:39,1:08:00,HLP,HLP,005,10,1,1,NML,3,2025
158.,B739,PKLSO,LNI,LNI823,LNI920,02/13:57,02/13:59,02/15:22,02/15:37,1:23:00,LOP,DPS,014,10,1,1,NML,3,2025
159.,A320,PKGLS,CTV,CTV699,CTV434,02/14:39,02/14:43,02/15:21,02/15:35,0:38:00,DPS,BPN,007,10,1,1,NML,3,2025
160.,B738,PKLQZ,LNI,LNI749,LNI581,02/14:52,02/14:55,02/15:51,02/16:03,0:56:00,MDC,CGK,015,10,1,1,NML,3,2025
161.,B738,9MMXQ,MAS,MAS873,MAS872,02/14:34,02/14:40,02/15:28,02/15:41,0:48:00,KUL,KUL,A07,10,1,1,NML,3,2025
162.,A320,PKLUS,BTK,BTK6347,BTK6401,02/15:01,02/15:04,02/16:12,02/16:22,1:08:00,BEJ,CGK,008,10,1,1,NML,3,2025
163.,A320,PKGLG,CTV,CTV174,CTV418,02/15:09,02/15:13,02/15:50,02/16:01,0:37:00,HLP,PNK,006,10,1,1,NML,3,2025
164.,B739,PKLGR,LNI,LNI707,LNI316,02/14:43,02/14:47,02/16:02,02/16:12,1:15:00,UPG,BDJ,016,10,1,1,NML,3,2025
165.,A320,PKSJA,SJV,SJV643,SJV614,02/15:16,02/15:20,02/16:16,02/16:25,0:55:59,AAP,BPN,009,10,1,1,NML,3,2025
166.,B738,PKGFS,GIA,GIA310,GIA315,02/15:20,02/15:25,02/16:26,02/16:38,1:01:00,CGK,CGK,004,10,1,1,NML,3,2025
167.,B739,PKLHY,LNI,LNI695,LNI268,02/16:31,02/16:33,02/17:29,02/17:38,0:56:00,KOE,TRK,011,10,1,1,NML,3,2025
168.,B739,PKLGU,LNI,LNI692,LNI692,02/16:14,02/16:17,02/17:04,02/17:16,0:47:00,CGK,KOE,014,10,1,1,NML,3,2025
169.,A320,PKPWJ,PAS,PAS206,PAS623,02/15:53,02/15:56,02/16:47,02/17:02,0:51:00,CGK,BPN,005,10,1,1,NML,3,2025
170.,A339,PKLEV,LNI,LNI075,LNI100,02/15:30,02/15:38,02/17:29,02/17:45,1:51:00,JED,JED,A06,10,1,1,NML,3,2025
171.,A320,PKAZG,AWQ,AWQ323,AWQ326,02/16:50,02/16:56,02/17:19,02/17:29,0:23:00,KUL,KUL,A01,10,1,1,NML,3,2025
172.,B738,PKLKP,LNI,LNI869,LNI838,02/12:28,02/12:32,02/17:30,02/17:40,4:58:00,TTE,PNK,020,10,0,0,NML,3,2025
173.,A320,PKPWD,PAS,PAS622,PAS207,02/17:22,02/17:25,02/18:19,02/18:33,0:54:00,BPN,CGK,006,10,1,1,NML,3,2025
174.,B738,PKGFP,GIA,GIA320,GIA325,02/17:18,02/17:21,02/18:27,02/18:47,1:06:00,CGK,CGK,004,10,1,1,NML,3,2025
175.,B738MAX,9VMBK,SIA,SIA928,SIA929,02/17:30,02/17:37,02/18:28,02/18:41,0:51:00,SIN,SIN,A03,10,1,1,NML,3,2025
176.,B738,PKCRH,SJY,SJY567,SJY562,02/17:43,02/17:46,02/18:28,02/18:40,0:42:00,UPG,UPG,011,10,1,1,NML,3,2025
177.,A320,PKGQU,CTV,CTV669,CTV488,02/17:48,02/17:51,02/18:36,02/18:51,0:45:00,DPS,BDJ,007,10,1,1,NML,3,2025
178.,A320,PKGLP,CTV,CTV736,CTV352,02/18:10,02/18:15,02/19:15,02/19:26,1:00:00,CGK,UPG,008,10,1,1,NML,3,2025
179.,B789,9VOJG,TGW,TGW262,TGW263,02/18:49,02/18:56,02/20:38,02/20:51,1:42:00,SIN,SIN,A07,10,1,1,NML,3,2025
180.,B739,PKLSK,LNI,LNI865,LNI880,02/18:06,02/18:08,02/19:52,02/20:04,1:44:00,LOP,UPG,012,10,1,1,NML,3,2025
181.,A320,PKLAQ,BTK,BTK7519,BTK7518,02/18:44,02/18:47,02/19:42,02/19:50,0:55:00,HLP,HLP,009,10,1,1,NML,3,2025
182.,A320,PKGQQ,CTV,CTV489,CTV662,02/21:33,02/21:37,02/22:02,02/22:13,0:25:00,BDJ,DPS,008,10,1,1,NML,3,2025
183.,A320,PKPWK,PAS,PAS202,PAS203,02/18:31,02/18:35,02/19:41,02/19:56,1:06:00,CGK,CGK,006,10,1,1,NML,3,2025
184.,A320,PKGLS,CTV,CTV435,CTV719,02/19:07,02/19:11,02/19:56,02/20:09,0:45:00,BPN,CGK,007,10,1,1,NML,3,2025
185.,A320,PKGQI,CTV,CTV722,CTV354,02/19:16,02/19:19,02/20:03,02/20:20,0:44:00,CGK,UPG,008,10,1,1,NML,3,2025
186.,A320,PKLUO,BTK,BTK6406,BTK6587,02/14:48,02/14:53,02/20:47,02/20:57,5:53:08,CGK,CGK,021,10,0,0,NML,3,2025
187.,A320,PKGLV,CTV,CTV949,CTV494,02/20:06,02/20:09,02/20:44,02/20:55,0:35:07,BTH,BDJ,009,10,1,1,NML,3,2025
188.,B738,PKGUC,GIA,GIA324,GIA329,02/19:32,02/19:37,02/20:58,02/21:11,1:21:00,CGK,CGK,004,10,1,1,NML,3,2025
189.,A320,PKGQU,CTV,CTV495,CTV721,02/21:23,02/21:27,02/22:07,02/22:16,0:40:00,BDJ,CGK,009,10,1,1,NML,3,2025
190.,AN12,UR82072,ADB,ADB3951,ADB3951,02/05:58,02/06:01,03/04:53,03/05:03,22:52:00,DWC,CMB,A13,28,0,0,NML,3,2025
"191.,A320,PKSAA,SJV,SJV619,SJV610,28/16:09,28/16:16,03/05:00,03/05:20,""2 days, 12:44:39"",BPN,BPN,018,28,0,0,NML,3,2025"
192.,A320,PKGLX,CTV,CTV726,CTV430,02/20:14,02/20:18,03/04:52,03/05:03,8:34:00,CGK,BPN,007,28,1,1,NML,3,2025
193.,A320,PKLAZ,BTK,BTK7521,BTK7508,02/20:01,02/20:05,03/05:04,03/05:16,8:59:00,HLP,HLP,014,28,1,1,NML,3,2025
194.,B738,PKLOJ,LNI,LNI879,LNI878,02/14:56,02/15:01,03/05:09,03/05:23,14:07:44,AMQ,AMQ,024,28,0,0,NML,3,2025
195.,A320,PKAZO,AWQ,AWQ325,AWQ320,02/19:23,02/19:29,03/05:03,03/05:18,9:34:00,KUL,KUL,A01,28,1,1,NML,3,2025
196.,A320,PKGQP,CTV,CTV720,CTV725,02/22:05,02/22:10,03/05:41,03/05:51,7:31:00,CGK,CGK,004,28,1,1,NML,3,2025
197.,A320,V8RBE,RBA,RBA795,RBA796,02/20:26,02/20:33,03/05:40,03/05:53,9:07:00,BWN,BWN,A06,28,1,1,NML,3,2025
198.,B739,PKLGY,LNI,LNI923,LNI882,02/17:00,02/23:34,03/05:52,03/06:01,12:47:00,DPS,UPG,015,28,1,0,NML,3,2025
199.,A320,PKGLP,CTV,CTV353,CTV484,03/05:05,03/05:12,03/05:49,03/05:58,0:37:00,UPG,BDJ,008,28,1,1,NML,3,2025
200.,A320,PKPWA,PAS,PAS212,PAS213,02/20:18,02/20:21,03/05:54,03/06:04,9:33:00,CGK,CGK,006,28,1,1,NML,3,2025
"201.,A320,PKSTS,SJV,SJV703,SJV706,01/20:39,01/20:42,03/06:02,03/06:10,""1 day, 9:20:00"",DPS,DPS,023,28,0,0,NML,3,2025"
202.,B739,PKLGS,LNI,LNI972,LNI971,02/16:50,02/17:00,03/07:09,03/07:19,14:09:00,BTH,BTH,C03,28,0,0,NML,3,2025
203.,A320,PKLUS,BTK,BTK6588,BTK6135,02/19:53,02/19:57,03/06:58,03/07:11,11:01:00,CGK,PKN,017,28,1,1,NML,3,2025
204.,B738,PKGMC,GIA,GIA349,GIA305,02/18:18,02/18:21,03/07:02,03/07:15,12:41:00,DPS,CGK,005,28,1,1,NML,3,2025
205.,B738,PKGFF,GIA,GIA855,GIA854,02/20:33,02/20:44,03/07:06,03/07:16,10:21:56,SIN,SIN,A02,28,1,1,NML,3,2025
206.,B739,PKLJI,LNI,LNI885,LNI646,02/18:40,02/18:44,03/07:10,03/07:16,12:26:00,UPG,LOP,020,28,0,0,NML,3,2025
207.,A320,PKLUT,BTK,BTK6576,BTK7510,02/21:29,02/21:32,03/07:33,03/07:45,10:01:00,CGK,HLP,012,10,1,1,NML,3,2025
208.,A320,PKAZG,AWQ,AWQ327,AWQ392,02/22:54,02/23:00,03/07:30,03/07:39,8:30:00,KUL,JHB,A03,10,1,1,NML,3,2025
209.,A320,PKGQQ,CTV,CTV661,CTV460,03/06:43,03/06:47,03/07:31,03/07:43,0:44:00,DPS,AAP,006,10,1,1,NML,3,2025
210.,B739,PKLGU,LNI,LNI693,LNI693,03/06:56,03/07:00,03/07:50,03/07:59,0:50:00,KOE,CGK,008,10,1,1,NML,3,2025
"211.,C208,PKVVF,SUS,PKVVF,SUS6197,28/17:45,28/17:50,03/07:56,03/07:59,""2 days, 14:06:00"",CJN,BXW,C07,10,0,0,NML,3,2025"
212.,A320,PKGQE,CTV,CTV170,CTV175,03/07:08,03/07:11,03/07:57,03/08:13,0:46:00,HLP,HLP,007,10,1,1,NML,3,2025
213.,B738,PKLDM,MXD,MXD352,MXD353,02/19:12,02/19:18,03/08:49,03/08:53,13:31:00,KUL,KUL,A04,10,1,1,NML,3,2025
214.,A333,BLAL,CPA,CPA779,CPA780,02/18:14,02/18:21,03/08:07,03/08:22,13:46:00,HKG,HKG,A08,10,1,1,NML,3,2025
215.,B739,PKLHY,LNI,LNI267,LNI990,03/07:02,03/07:06,03/08:18,03/08:28,1:12:00,TRK,DPS,014,10,1,1,NML,3,2025
216.,A320,PKGLG,CTV,CTV355,CTV177,03/07:54,03/07:57,03/08:28,03/08:41,0:31:00,UPG,HLP,006,10,1,1,NML,3,2025
217.,B739,PKLSO,LNI,LNI929,LNI856,03/06:47,03/06:51,03/09:00,03/09:12,2:09:00,DPS,PLM,023,10,0,0,NML,3,2025
218.,A320,PKSJU,SJV,SJV703,SJV618,02/20:48,02/20:52,03/08:57,03/08:59,12:05:00,DPS,BPN,016,10,1,1,NML,3,2025
219.,A320,PKLAQ,BTK,BTK7511,BTK6581,03/06:35,03/06:39,03/08:57,03/09:00,2:18:00,HLP,CGK,009,10,1,1,NML,3,2025
220.,B739,PKLHM,LNI,LNI683,LNI682,03/08:05,03/08:09,03/09:10,03/09:15,1:01:00,PKY,PKY,011,10,1,1,NML,3,2025
221.,A320,PKPWE,PAS,PAS200,PAS201,03/08:23,03/08:25,03/09:10,03/09:16,0:45:00,CGK,CGK,005,10,1,1,NML,3,2025
222.,A320,PKSAZ,SJV,SJV725,SJV632,02/17:27,02/17:31,03/09:18,03/09:20,15:47:00,LBJ,BDJ,C05,10,0,0,NML,3,2025
223.,B738,PKGUA,GIA,GIA304,GIA342,03/08:10,03/08:13,03/09:13,03/09:16,1:00:00,CGK,DPS,004,10,1,1,NML,3,2025
224.,A320,PKGQL,CTV,CTV417,CTV715,03/08:10,03/08:18,03/09:16,03/09:23,0:58:00,PNK,CGK,007,10,1,1,NML,3,2025
225.,A320,PKGLP,CTV,CTV485,CTV486,03/08:39,03/08:43,03/09:19,03/09:25,0:36:00,BDJ,BDJ,006,10,1,1,NML,3,2025
226.,A20N,9VTNF,TGW,TGW264,TGW265,03/09:23,03/09:30,03/10:24,03/10:29,0:54:00,SIN,SIN,A02,10,1,1,NML,3,2025
227.,CN95,P4501,POL,P4501,P4501,03/09:20,03/09:22,03/10:05,03/10:15,0:43:00,PCB,UPG,003,10,0,0,NML,3,2025
228.,B738,9MMLO,MAS,MAS871,MAS870,03/08:50,03/08:56,03/09:44,03/09:46,0:48:00,KUL,KUL,A07,10,1,1,NML,3,2025
229.,B735,PKNAQ,LKN,LKN243,LKN242,03/08:57,03/09:01,03/09:52,03/09:56,0:51:00,SMQ,SMQ,014,10,1,1,NML,3,2025
230.,B738MAX,9MLRM,MXD,MXD350,MXD351,03/08:29,03/08:35,03/09:59,03/10:12,1:24:00,KUL,KUL,A03,10,1,1,NML,3,2025
231.,A359,9VSHH,SIA,SIA922,SIA923,03/08:53,03/09:00,03/10:03,03/10:10,1:03:00,SIN,SIN,A08,10,1,1,NML,3,2025
232.,A320,PKGQO,CTV,CTV351,CTV350,03/09:42,03/09:49,03/10:26,03/10:29,0:37:00,UPG,UPG,006,10,1,1,NML,3,2025
233.,B739,PKLKM,LNI,LNI315,LNI262,03/08:01,03/08:06,03/10:32,03/10:42,2:26:00,BDJ,BPN,012,10,1,1,NML,3,2025
234.,B739,PKLGL,LNI,LNI791,LNI706,03/09:54,03/09:57,03/10:56,03/11:02,0:59:00,UPG,UPG,009,10,1,1,NML,3,2025
235.,A320,PKPWA,PAS,PAS210,PAS211,03/09:34,03/09:38,03/10:28,03/10:29,0:50:00,CGK,CGK,005,10,1,1,NML,3,2025
236.,A320,PKBKV,BTK,BTK7513,BTK7516,03/10:05,03/10:08,03/10:50,03/10:59,0:42:00,HLP,HLP,011,10,1,1,NML,3,2025
237.,A320,PKLUS,BTK,BTK6134,BTK6346,03/09:29,03/09:35,03/10:42,03/10:46,1:07:00,PKN,BEJ,015,10,1,1,NML,3,2025
238.,B739,PKLJI,LNI,LNI645,LNI822,03/09:58,03/10:02,03/10:52,03/10:59,0:50:00,LOP,LOP,016,10,1,1,NML,3,2025
239.,A320,PKSAZ,SJV,SJV633,SJV642A,03/12:06,03/12:09,03/13:11,03/13:23,1:02:00,BDJ,AAP,014,10,1,1,NML,3,2025
240.,A320,PKAZO,AWQ,AWQ321,AWQ322,03/10:49,03/10:55,03/11:25,03/11:29,0:30:00,KUL,KUL,A01,10,1,1,NML,3,2025
241.,B738,PKLKQ,LNI,LNI690,LNI697,03/05:01,03/05:05,03/11:30,03/11:35,6:25:00,CGK,CGK,021,10,0,0,NML,3,2025
242.,B738,PKGFP,GIA,GIA322,GIA327,03/10:01,03/10:05,03/11:28,03/11:29,1:23:00,CGK,CGK,004,10,1,1,NML,3,2025
243.,A320,PKGQQ,CTV,CTV461,CTV698,03/11:18,03/11:22,03/12:04,03/12:06,0:42:00,AAP,DPS,006,10,1,1,NML,3,2025
244.,A320,PKLAI,BTK,BTK6582,BTK6585,03/11:23,03/11:28,03/12:12,03/12:35,0:44:00,CGK,CGK,009,10,1,1,NML,3,2025
245.,B739,PKLHQ,LNI,LNI801,LNI780,03/11:39,03/11:42,03/12:38,03/12:50,0:56:00,UPG,UPG,011,10,1,1,NML,3,2025
246.,B735,PKNAS,LKN,LKN193,LKN192,03/11:50,03/11:53,03/12:27,03/12:40,0:34:00,PKN,PKN,012,10,1,1,NML,3,2025
247.,A339,PKLET,LNI,LNI079,LNI074,03/10:26,03/10:33,03/14:13,03/14:26,3:40:00,JED,MED,A06,10,1,1,NML,3,2025
248.,A320,PKGLP,CTV,CTV487,CTV668,03/12:15,03/12:18,03/12:51,03/13:06,0:33:00,BDJ,DPS,007,10,1,1,NML,3,2025
249.,A320,PKSAA,SJV,SJV611,SJV636,03/08:35,03/08:40,03/12:50,03/13:03,4:10:00,BPN,BDJ,C04,10,0,0,NML,3,2025
250.,A320,PKAZG,AWQ,AWQ393,AWQ324,03/12:35,03/12:39,03/13:14,03/13:26,0:35:00,JHB,KUL,A01,10,1,1,NML,3,2025
251.,B738,PKLKP,LNI,LNI837,LNI836,03/07:49,03/07:54,03/14:34,03/14:46,6:40:00,PNK,PNK,024,10,0,0,NML,3,2025
252.,B738,PKGFU,GIA,GIA312,GIA317,03/13:29,03/13:33,03/14:21,03/14:33,0:48:00,CGK,CGK,004,10,1,1,NML,3,2025
253.,A339,PKLES,LNI,LNI105,LNI106,03/11:28,03/11:35,03/14:23,03/14:38,2:48:00,JED,JED,A07,10,1,1,NML,3,2025
254.,A339,PKLES,LNI,LNI106A,LNI106A,03/14:43,03/14:47,03/18:59,03/19:11,4:12:00,JED,JED,A06,10,1,1,NML,3,2025
255.,B739,PKLSO,LNI,LNI857,LNI910,03/13:24,03/13:28,03/14:23,03/14:43,0:54:32,PLM,DPS,012,10,1,1,NML,3,2025
256.,A320,PKGLX,CTV,CTV431,CTV948,03/13:33,03/13:36,03/14:15,03/14:30,0:39:00,BPN,BTH,006,10,1,1,NML,3,2025
257.,B739,PKLJI,LNI,LNI823,LNI260,03/13:40,03/13:43,03/14:34,03/14:49,0:51:00,LOP,BPN,011,10,1,1,NML,3,2025
258.,A320,PKLUF,BTK,BTK7515,BTK7514,03/13:37,03/13:40,03/14:55,03/15:08,1:15:00,HLP,HLP,009,10,1,1,NML,3,2025
259.,A320,PKPWK,PAS,PAS208,PAS209,03/13:57,03/14:01,03/15:00,03/15:12,0:59:00,CGK,CGK,005,10,1,1,NML,3,2025
260.,B738,PKGFX,GIA,GIA330,GIA331,03/14:15,03/14:17,03/15:14,03/15:27,0:57:00,HLP,HLP,007,10,1,1,NML,3,2025
261.,A320,PKGQQ,CTV,CTV699,CTV434,03/15:26,03/15:30,03/16:08,03/16:23,0:38:00,DPS,BPN,007,10,1,1,NML,3,2025
262.,A320,9VJSV,JSA,JSA247,JSA248,03/14:43,03/14:49,03/15:32,03/15:45,0:43:00,SIN,SIN,A07,10,1,1,NML,3,2025
263.,A320,PKGTE,CTV,CTV716,CTV717,03/14:30,03/14:32,03/15:40,03/15:53,1:08:00,CGK,CGK,006,10,1,1,NML,3,2025
264.,B739,PKLFO,LNI,LNI694,LNI581,03/10:07,03/10:11,03/15:37,03/15:50,5:26:00,CGK,CGK,023,10,0,0,NML,3,2025
265.,A320,PKLUO,BTK,BTK6406,BTK6401,03/15:13,03/15:16,03/16:10,03/16:25,0:54:00,CGK,CGK,011,10,1,1,NML,3,2025
266.,B739,PKLHY,LNI,LNI919,LNI316,03/14:22,03/14:26,03/16:04,03/16:17,1:38:00,DPS,BDJ,014,10,1,1,NML,3,2025
267.,A320,PKGQE,CTV,CTV174,CTV418,03/15:05,03/15:10,03/16:04,03/16:20,0:54:00,HLP,PNK,008,10,1,1,NML,3,2025
268.,B738,PKGMA,GIA,GIA310,GIA315,03/15:17,03/15:21,03/16:25,03/16:38,1:04:00,CGK,CGK,004,10,1,1,NML,3,2025
269.,B738MAX,9VMBB,SIA,SIA926,SIA927,03/15:22,03/15:28,03/16:19,03/16:33,0:51:00,SIN,SIN,A08,10,1,1,NML,3,2025
270.,B739,PKLSH,LNI,LNI692,LNI692,03/15:52,03/15:55,03/16:59,03/17:11,1:04:00,CGK,KOE,016,10,1,1,NML,3,2025
271.,A320,PKPWD,PAS,PAS206,PAS623,03/15:49,03/15:53,03/16:39,03/16:43,0:46:00,CGK,BPN,005,10,1,1,NML,3,2025
272.,B739,PKLKM,LNI,LNI261,LNI226,03/14:09,03/14:12,03/17:34,03/17:45,3:22:00,BPN,BDJ,018,10,0,0,NML,3,2025
273.,B738,PKLDK,BTK,BTK6578,BTK7579,03/16:30,03/16:34,03/17:37,03/17:50,1:03:00,CGK,CGK,009,10,1,1,NML,3,2025
274.,A320,PKAZO,AWQ,AWQ323,AWQ326,03/17:02,03/17:07,03/17:32,03/17:43,0:25:00,KUL,KUL,A01,10,1,1,NML,3,2025
275.,B738,PKLOJ,LNI,LNI879,LNI838,03/15:10,03/15:14,03/17:28,03/17:41,2:14:00,AMQ,PNK,012,10,1,1,NML,3,2025
276.,A320,PKPWM,PAS,PAS622,PAS207,03/17:15,03/17:19,03/18:13,03/18:26,0:54:00,BPN,CGK,005,10,1,1,NML,3,2025
277.,A320,PKBKQ,BTK,BTK7503,BTK7502,03/17:38,03/17:42,03/18:44,03/18:55,1:02:00,HLP,HLP,009,10,1,1,NML,3,2025
278.,B735,PKCLE,SJY,SJY567,SJY562,03/17:41,03/17:44,03/18:28,03/18:38,0:44:00,UPG,UPG,011,10,1,1,NML,3,2025
279.,B738MAX,9VMBP,SIA,SIA928,SIA929,03/17:50,03/17:57,03/18:47,03/19:00,0:50:00,SIN,SIN,A03,10,1,1,NML,3,2025
280.,B738,PKGMD,GIA,GIA320,GIA325,03/17:05,03/17:09,03/18:29,03/18:40,1:20:00,CGK,CGK,004,10,1,1,NML,3,2025
281.,A339,PKLEV,LNI,LNI101,LNI104,03/17:57,03/18:05,03/20:23,03/20:33,2:18:00,JED,JED,A07,10,1,1,NML,3,2025
282.,B739,PKLFK,LNI,LNI885,LNI880,03/18:53,03/18:56,03/19:57,03/20:10,1:01:00,UPG,UPG,011,10,1,1,NML,3,2025
283.,A320,PKGLV,CTV,CTV489,CTV662,03/19:21,03/19:25,03/19:59,03/20:11,0:34:00,BDJ,DPS,007,10,1,1,NML,3,2025
284.,B738,PKGUA,GIA,GIA349,GIA313,03/18:03,03/18:08,03/20:06,03/20:20,1:58:00,DPS,CGK,006,10,1,1,NML,3,2025
285.,A320,PKGQL,CTV,CTV736,CTV352,03/19:19,03/19:23,03/20:11,03/20:23,0:48:00,CGK,UPG,005,10,1,1,NML,3,2025
286.,A320,PKGLT,CTV,CTV949,CTV494,03/19:35,03/19:39,03/20:15,03/20:25,0:36:00,BTH,BDJ,008,10,1,1,NML,3,2025
287.,A320,PKGQJ,CTV,CTV722,CTV354,03/20:05,03/20:08,03/20:41,03/20:53,0:33:00,CGK,UPG,007,10,1,1,NML,3,2025
288.,A320,PKGQI,CTV,CTV669,CTV721,03/17:14,03/17:19,03/20:53,03/21:04,3:34:00,DPS,CGK,003,10,0,0,NML,3,2025
289.,A320,PKSAA,SJV,SJV637,SJV610,03/15:47,03/15:51,04/05:00,04/05:12,13:09:00,BDJ,BPN,024,10,0,0,NML,3,2025
290.,A320,PKGQS,CTV,CTV720,CTV430,03/21:50,03/21:53,04/04:55,04/05:05,7:02:00,CGK,BPN,006,10,1,1,NML,3,2025
291.,A320,PKLAW,BTK,BTK7521,BTK7508,03/19:50,03/19:54,04/04:52,04/05:01,8:58:00,HLP,HLP,014,10,1,1,NML,3,2025
292.,A320,PKAZG,AWQ,AWQ325,AWQ320,03/18:48,03/18:54,04/05:00,04/05:10,10:06:00,KUL,KUL,A01,10,1,1,NML,3,2025
293.,A320,V8RBD,RBA,RBA795,RBA796,03/19:57,03/20:03,04/05:54,04/06:05,9:51:00,BWN,BWN,A06,10,1,1,NML,3,2025
294.,A320,PKGQQ,CTV,CTV435,CTV725,03/19:40,03/19:43,04/05:41,04/05:52,9:58:00,BPN,CGK,009,10,1,1,NML,3,2025
"295.,A320,PKSAY,SJV,SJV637,SJV640,02/15:13,02/15:16,04/05:52,04/06:02,""1 day, 14:35:25"",BDJ,AAP,022,10,0,0,NML,3,2025"
296.,A320,PKGLP,CTV,CTV353,CTV484,04/05:02,04/05:06,04/05:46,04/05:56,0:40:00,UPG,BDJ,007,10,1,1,NML,3,2025
297.,B739,PKLHL,LNI,LNI690,LNI882,04/05:04,04/05:10,04/06:15,04/06:26,1:05:00,CGK,UPG,014,10,1,1,NML,3,2025
"298.,A320,PKSAQ,SJV,SJV617,SJV706,02/18:58,03/23:01,04/05:55,04/06:07,""1 day, 10:53:00"",BPN,DPS,017,10,1,0,NML,3,2025"
299.,A320,PKAZO,AWQ,AWQ327,AWQ386,03/23:09,03/23:14,04/06:04,04/06:14,6:50:00,KUL,PEN,A03,10,1,1,NML,3,2025
300.,B738MAX,PKOFI,AFE,AFE921,AFE921,04/05:50,04/05:54,04/06:46,04/07:02,0:52:00,CGK,TIM,006,10,1,1,NML,3,2025
301.,A320,PKBKL,BTK,BTK6370,BTK6597,04/06:02,04/06:04,04/06:54,04/07:05,0:50:00,CGK,CGK,009,10,1,1,NML,3,2025
302.,A320,PKLUS,BTK,BTK6347,BTK6135,03/16:12,03/16:17,04/07:01,04/07:14,14:44:00,BEJ,PKN,021,10,0,0,NML,3,2025
303.,C208,PKVVF,SUS,PKVVF,SUS6197,03/09:50,03/09:53,04/07:03,04/07:10,21:10:00,BXW,BXW,C07,10,0,0,NML,3,2025
304.,B738,PKGMF,GIA,GIA328,GIA305,03/19:53,03/19:59,04/07:10,04/07:23,11:11:00,CGK,CGK,004,10,1,1,NML,3,2025
305.,B738,PKGFW,GIA,GIA855,GIA854,03/20:40,03/20:45,04/06:57,04/07:10,10:12:00,SIN,SIN,A02,10,1,1,NML,3,2025
306.,B739,PKLSP,LNI,LNI363,LNI646,04/06:24,04/06:29,04/07:23,04/07:36,0:54:00,BPN,LOP,016,28,1,1,NML,3,2025
307.,E135,T7JCI,AFS,T7JCI,T7JCI,04/07:07,04/07:11,04/07:55,04/08:05,0:44:00,CGK,CGK,A09,28,0,0,NML,3,2025
308.,A320,PKBLA,BTK,BTK7511,BTK7510,04/06:38,04/06:41,04/08:02,04/08:15,1:21:00,HLP,HLP,011,28,0,0,NML,3,2025
309.,A320,PKGLV,CTV,CTV661,CTV460,04/07:00,04/07:03,04/07:40,04/07:53,0:37:00,DPS,AAP,005,28,1,1,NML,3,2025
"310.,B739,PKLGV,LNI,LNI363,LNI693,03/06:50,03/08:07,04/08:10,04/08:22,""1 day, 1:16:00"",BPN,CGK,020,28,0,1,NML,3,2025"
311.,A320,PKGLG,CTV,CTV170,CTV175,04/07:10,04/07:14,04/07:58,04/08:10,0:44:00,HLP,HLP,006,28,1,1,NML,3,2025
312.,A333,BHLU,CPA,CPA779,CPA780,03/18:06,03/18:13,04/08:04,04/08:19,13:51:00,HKG,HKG,A08,28,1,1,NML,3,2025
"313.,DHC6,PKICP,PGT,PKICP,PKICP,01/10:37,01/10:40,04/07:33,04/07:40,""2 days, 20:53:00"",PAG,PAG,028,28,0,0,NML,3,2025"
314.,A320,PKGQO,CTV,CTV355,CTV177,04/08:01,04/08:09,04/08:39,04/08:50,0:30:00,UPG,HLP,007,10,1,1,NML,3,2025
315.,B738,PKLBK,MXD,MXD352,MXD353,03/19:23,03/19:29,04/08:34,04/08:47,13:05:00,KUL,KUL,A04,28,1,1,NML,3,2025
316.,A320,PKLUO,BTK,BTK6576,BTK6581,03/21:12,03/21:15,04/09:14,04/09:27,11:59:00,CGK,CGK,012,10,1,1,NML,3,2025
317.,A320,PKSAZ,SJV,SJV643,SJV618,03/17:10,03/17:14,04/09:03,04/09:16,15:49:00,AAP,BPN,023,10,0,0,NML,3,2025
318.,B739,PKLHM,LNI,LNI683,LNI682,04/08:15,04/08:22,04/09:09,04/09:22,0:47:00,PKY,PKY,009,10,1,1,NML,3,2025
319.,B738,PKGFP,GIA,GIA304,GIA342,04/08:25,04/08:31,04/09:24,04/09:39,0:53:18,CGK,DPS,004,10,1,1,NML,3,2025
320.,A320,PKPWE,PAS,PAS200,PAS201,04/08:29,04/08:33,04/09:17,04/09:30,0:44:00,CGK,CGK,005,10,1,1,NML,3,2025
321.,A320,PKGLP,CTV,CTV485,CTV486,04/08:31,04/08:36,04/09:17,04/09:32,0:41:00,BDJ,BDJ,006,10,1,1,NML,3,2025
322.,A320,PKGTE,CTV,CTV417,CTV715,04/08:36,04/08:43,04/09:21,04/09:36,0:38:58,PNK,CGK,008,10,1,1,NML,3,2025
323.,A320,9VTRX,TGW,TGW264,TGW265,04/08:59,04/09:05,04/10:11,04/10:34,1:06:00,SIN,SIN,A02,10,1,1,NML,3,2025
324.,B738,9MMXK,MAS,MAS871,MAS870,04/08:55,04/09:02,04/09:55,04/10:10,0:53:00,KUL,KUL,A07,10,1,1,NML,3,2025
325.,B738MAX,9MLRV,MXD,MXD350,MXD351,04/08:42,04/08:46,04/09:55,04/10:07,1:09:00,KUL,KUL,A03,10,1,1,NML,3,2025
326.,A359,9VSHL,SIA,SIA922,SIA923,04/08:49,04/08:55,04/10:02,04/10:16,1:07:00,SIN,SIN,A08,10,1,1,NML,3,2025
327.,A320,PKSJU,SJV,SJV619,SJV632,03/16:54,03/16:57,04/10:27,04/10:44,17:30:00,BPN,BDJ,C04,10,0,0,NML,3,2025
328.,A320,PKGQI,CTV,CTV351,CTV350,04/09:36,04/09:40,04/10:17,04/10:29,0:37:00,UPG,UPG,007,10,1,1,NML,3,2025
329.,B739,PKLSH,LNI,LNI693,LNI262,04/07:04,04/07:08,04/10:33,04/10:49,3:25:00,KOE,BPN,022,10,0,0,NML,3,2025
330.,B739,PKLKM,LNI,LNI311,LNI973,04/06:13,04/06:20,04/10:43,04/10:53,4:23:00,BDJ,BTH,018,10,0,0,NML,3,2025
331.,A320,PKLUS,BTK,BTK6134,BTK6346,04/09:40,04/09:44,04/11:06,04/11:19,1:22:00,PKN,BEJ,012,10,1,1,NML,3,2025
332.,A320,PKAZG,AWQ,AWQ321,AWQ322,04/10:38,04/10:42,04/11:09,04/11:24,0:27:00,KUL,KUL,A01,10,1,1,NML,3,2025
333.,B739,PKLVF,LNI,LNI694,LNI697,04/10:13,04/10:17,04/11:15,04/11:28,0:58:00,CGK,CGK,014,10,1,1,NML,3,2025
334.,A320,PKBLA,BTK,BTK7517,BTK7520,04/11:13,04/11:17,04/12:09,04/12:24,0:52:00,HLP,HLP,009,10,1,1,NML,3,2025
335.,B738,PKGNN,GIA,GIA322,GIA327,04/10:06,04/10:10,04/11:26,04/11:37,1:16:00,CGK,CGK,004,10,1,1,NML,3,2025
336.,B739,PKLSO,LNI,LNI805,LNI804,04/11:04,04/11:09,04/12:02,04/12:14,0:53:00,DPS,DPS,015,10,1,1,NML,3,2025
337.,A320,PKBKL,BTK,BTK6582,BTK6585,04/11:17,04/11:20,04/12:23,04/12:31,1:03:00,CGK,CGK,008,10,1,1,NML,3,2025
338.,A320,PKGLV,CTV,CTV461,CTV698,04/11:22,04/11:25,04/12:09,04/12:26,0:44:00,AAP,DPS,006,10,1,1,NML,3,2025
339.,B739,PKLHS,LNI,LNI315,LNI780,04/07:44,04/07:49,04/12:34,04/12:47,4:45:00,BDJ,UPG,017,10,1,1,NML,3,2025
340.,A320,PKGLP,CTV,CTV487,CTV668,04/11:59,04/12:02,04/12:46,04/12:57,0:44:36,BDJ,DPS,007,10,1,1,NML,3,2025
341.,A320,PKPWM,PAS,PAS204,PAS205,04/12:12,04/12:15,04/13:12,04/13:25,0:56:32,CGK,CGK,005,10,1,1,NML,3,2025
342.,A320,PKAZO,AWQ,AWQ387,AWQ324,04/12:44,04/12:49,04/13:24,04/13:33,0:34:55,PEN,KUL,A01,10,1,1,NML,3,2025
343.,B738,PKGFM,GIA,GIA312,GIA317,04/12:21,04/12:23,04/13:34,04/13:48,1:11:00,CGK,CGK,004,10,1,1,NML,3,2025
"344.,AW139,PKTVN,TVR,PKTVN,PKTVN,02/09:42,02/09:42,04/14:03,04/14:05,""2 days, 4:20:29"",ZZZZ,MBH,H02,10,0,0,NML,3,2025"
345.,A320,9VJSK,JSA,JSA247,JSA248,04/13:02,04/13:07,04/13:55,04/14:07,0:48:00,SIN,SIN,A07,10,1,1,NML,3,2025
346.,B738,PKLKP,LNI,LNI837,LNI836,04/07:55,04/07:59,04/13:53,04/14:01,5:54:00,PNK,PNK,021,10,0,0,NML,3,2025
347.,A320,PKGQS,CTV,CTV431,CTV948,04/13:31,04/13:33,04/14:17,04/14:29,0:44:00,BPN,BTH,006,10,1,1,NML,3,2025
348.,B739,PKLGL,LNI,LNI707,LNI260,03/14:38,03/14:42,04/14:31,04/14:41,23:49:00,UPG,BPN,025,10,0,0,NML,3,2025
349.,B747,NCR842,NCR,NCR842,NCR507,04/11:26,04/11:36,04/15:30,04/15:44,3:54:00,DWC,HKG,A12,10,0,0,NML,3,2025
350.,B739,PKLSH,LNI,LNI261,LNI642,04/14:17,04/14:21,04/15:11,04/15:22,0:50:00,BPN,LOP,014,10,1,1,NML,3,2025
351.,A320,PKGQE,CTV,CTV716,CTV717,04/14:11,04/14:15,04/15:16,04/15:28,1:01:00,CGK,CGK,007,10,1,1,NML,3,2025
352.,B738,PKGFX,GIA,GIA330,GIA331,04/14:23,04/14:27,04/15:30,04/15:49,1:03:00,HLP,HLP,004,10,1,1,NML,3,2025
353.,B739,PKLSO,LNI,LNI919,LNI920,04/14:40,04/14:43,04/15:35,04/15:52,0:52:00,DPS,DPS,015,10,1,1,NML,3,2025
354.,A320,PKGLV,CTV,CTV699,CTV434,04/14:53,04/14:57,04/15:42,04/15:56,0:45:00,DPS,BPN,006,10,1,1,NML,3,2025
355.,A320,PKLUQ,BTK,BTK6406,BTK7512,04/14:32,04/14:36,04/15:45,04/15:57,1:09:00,CGK,HLP,009,10,1,1,NML,3,2025
356.,B739,PKLGY,LNI,LNI707,LNI581,04/14:27,04/14:30,04/15:38,04/15:54,1:08:00,UPG,CGK,011,10,1,1,NML,3,2025
357.,A320,PKBKQ,BTK,BTK7501,BTK6401,04/14:46,04/14:49,04/16:15,04/16:28,1:26:00,HLP,CGK,008,10,1,1,NML,3,2025
358.,A320,PKGLG,CTV,CTV174,CTV418,04/15:12,04/15:16,04/16:00,04/16:14,0:44:00,HLP,PNK,005,10,1,1,NML,3,2025
359.,B738MAX,9VMBA,SIA,SIA926,SIA927,04/15:30,04/15:35,04/16:31,04/16:47,0:56:00,SIN,SIN,A08,10,1,1,NML,3,2025
360.,B738,PKGMW,GIA,GIA310,GIA315,04/15:27,04/15:30,04/16:23,04/16:34,0:53:00,CGK,CGK,007,10,1,1,NML,3,2025
361.,B738MAX,PKOFI,AFE,AFE920,AFE920,04/15:45,04/15:49,04/16:31,04/16:44,0:42:00,TIM,CGK,006,10,1,1,NML,3,2025
362.,B739,PKLHQ,LNI,LNI692,LNI316,04/16:05,04/16:09,04/17:04,04/17:12,0:55:00,CGK,BDJ,014,10,1,1,NML,3,2025
363.,B739,PKLSP,LNI,LNI645,LNI692,04/10:26,04/10:31,04/17:27,04/17:36,6:56:00,LOP,KOE,020,10,0,0,NML,3,2025
364.,A320,PKPWJ,PAS,PAS206,PAS623,04/15:50,04/15:53,04/16:42,04/16:53,0:49:00,CGK,BPN,004,10,1,1,NML,3,2025
365.,B738,PKLZV,BTK,BTK6578,BTK7579,04/16:25,04/16:30,04/17:22,04/17:33,0:52:00,CGK,CGK,009,10,1,1,NML,3,2025
366.,A320,PKAZG,AWQ,AWQ323,AWQ326,04/16:58,04/17:03,04/17:29,04/17:38,0:26:00,KUL,KUL,A01,10,1,1,NML,3,2025
367.,B738,PKLOJ,LNI,LNI839,LNI838,04/13:05,04/13:10,04/17:14,04/17:25,4:04:00,PNK,PNK,018,10,0,0,NML,3,2025
368.,A320,PKPWL,PAS,PAS622,PAS207,04/17:10,04/17:13,04/18:10,04/18:24,0:57:00,BPN,CGK,005,10,1,1,NML,3,2025
369.,B738MAX,9VMBB,SIA,SIA928,SIA929,04/17:52,04/17:59,04/18:48,04/19:02,0:49:00,SIN,SIN,A03,10,1,1,NML,3,2025
370.,B738,PKGMP,GIA,GIA320,GIA325,04/17:23,04/17:27,04/18:31,04/18:44,1:04:00,CGK,CGK,004,10,1,1,NML,3,2025
371.,B738,PKCRH,SJY,SJY567,SJY562,04/17:43,04/17:46,04/18:42,04/18:52,0:56:00,UPG,UPG,011,10,1,1,NML,3,2025
372.,A320,PKGQO,CTV,CTV172,CTV173,04/18:06,04/18:11,04/19:02,04/19:12,0:51:00,HLP,HLP,008,10,1,1,NML,3,2025
373.,A320,PKGQR,CTV,CTV736,CTV352,04/18:03,04/18:07,04/19:06,04/19:16,0:59:00,CGK,UPG,007,10,1,1,NML,3,2025
374.,A320,PKGQT,CTV,CTV949,CTV494,04/18:27,04/18:32,04/19:13,04/19:22,0:41:00,BTH,BDJ,009,10,1,1,NML,3,2025
375.,B788,9VOFJ,TGW,TGW262,TGW263,04/18:37,04/18:45,04/19:49,04/20:03,1:04:00,SIN,SIN,A07,10,1,1,NML,3,2025
376.,B739,PKLSH,LNI,LNI865,LNI880,04/17:57,04/17:59,04/19:48,04/19:58,1:49:00,LOP,UPG,012,10,1,1,NML,3,2025
377.,A320,PKGQN,CTV,CTV489,CTV662,04/19:14,04/19:18,04/19:51,04/20:04,0:33:00,BDJ,DPS,008,10,1,1,NML,3,2025
378.,A320,PKPWK,PAS,PAS202,PAS203,04/18:41,04/18:45,04/19:33,04/19:43,0:48:00,CGK,CGK,005,10,1,1,NML,3,2025
379.,A320,PKGLU,CTV,CTV722,CTV354,04/19:05,04/19:08,04/20:01,04/20:14,0:53:00,CGK,UPG,004,10,1,1,NML,3,2025
380.,B738,PKGNM,GIA,GIA349,GIA319,04/18:12,04/18:16,04/20:56,04/21:12,2:40:00,DPS,CGK,006,10,1,1,NML,3,2025
381.,A320,PKGTK,CTV,CTV669,CTV721,04/16:54,04/16:57,04/20:30,04/20:41,3:33:00,DPS,CGK,003,10,0,0,NML,3,2025
382.,A320,PKBKV,BTK,BTK7521,BTK7508,04/19:53,04/19:57,05/05:07,05/05:17,9:10:00,HLP,HLP,015,10,1,1,NML,3,2025
383.,A320,PKSAO,SJV,SJV633,SJV610,04/13:44,04/13:47,05/05:08,05/05:20,15:21:15,BDJ,BPN,022,10,0,0,NML,3,2025
384.,B738,PKLQZ,LNI,LNI885,LNI878,04/18:47,04/18:51,05/05:01,05/05:14,10:10:00,UPG,AMQ,014,10,1,1,NML,3,2025
385.,A320,PKGQL,CTV,CTV720,CTV430,04/21:46,04/21:50,05/04:51,05/05:04,7:01:00,CGK,BPN,009,10,1,1,NML,3,2025
386.,A320,PKAZG,AWQ,AWQ327,AWQ320,04/23:01,04/23:06,05/04:59,05/05:07,5:53:00,KUL,KUL,A07,10,1,1,NML,3,2025
387.,A320,PKGLV,CTV,CTV435,CTV725,04/19:08,04/19:11,05/05:41,05/05:54,10:30:00,BPN,CGK,007,10,1,1,NML,3,2025
"388.,B738,PKLOP,LNI,LNI839,LNI868,03/12:49,04/07:23,05/05:53,05/06:02,""1 day, 17:00:41"",PNK,TTE,024,10,0,1,NML,3,2025"
389.,A320,PKSAZ,SJV,SJV619,SJV706,04/16:49,04/16:53,05/05:55,05/06:04,13:02:00,BPN,DPS,017,10,1,1,NML,3,2025
390.,A320,PKPWM,PAS,PAS212,PAS213,04/20:32,04/20:34,05/05:57,05/06:09,9:23:00,CGK,CGK,004,10,1,1,NML,3,2025
391.,B739,PKLSK,LNI,LNI791,LNI882,04/10:31,04/10:37,05/06:00,05/06:07,19:23:04,UPG,UPG,C06,10,0,0,NML,3,2025
392.,A320,PKGLP,CTV,CTV353,CTV670,05/05:09,05/05:13,05/05:55,05/05:59,0:42:00,UPG,LOP,008,10,1,1,NML,3,2025
393.,A320,PKSAY,SJV,SJV643,SJV566,04/09:47,04/09:52,05/06:58,05/07:07,21:06:00,AAP,PLW,023,10,0,0,NML,3,2025
394.,B739,PKLSI,LNI,LNI972,LNI971,04/16:12,04/16:16,05/07:10,05/07:22,14:54:00,BTH,BTH,025,10,0,0,NML,3,2025
395.,A320,PKLUS,BTK,BTK6347,BTK6135,04/15:33,04/15:37,05/07:04,05/07:16,15:27:00,BEJ,PKN,021,10,0,0,NML,3,2025
396.,A320,PKLUT,BTK,BTK6370,BTK6597,05/06:12,05/06:15,05/06:59,05/07:22,0:44:00,CGK,CGK,009,10,1,1,NML,3,2025
397.,B738,PKGFW,GIA,GIA855,GIA305,04/20:24,04/22:29,05/06:59,05/07:11,10:26:00,SIN,CGK,006,10,1,1,NML,3,2025
"398.,B739,PKLFW,LNI,LNI857,LNI646,28/13:44,28/13:49,05/07:27,05/07:34,""4 days, 17:38:00"",PLM,LOP,026,10,0,0,NML,3,2025"
399.,AW139,PKTVN,TVR,PKTVN,PKTVN,04/15:18,04/15:20,05/07:19,05/07:20,15:59:00,MBH,MBH,H02,10,0,0,NML,3,2025
400.,A320,PKLUI,BTK,BTK7511,BTK7510,05/09:11,05/09:15,05/10:09,05/10:27,0:54:00,HLP,HLP,009,10,1,1,NML,3,2025
401.,A320,PKAZO,AWQ,AWQ325,AWQ392,04/19:01,04/19:07,05/07:30,05/07:39,12:23:00,KUL,JHB,A01,10,1,1,NML,3,2025
402.,A320,PKGQN,CTV,CTV661,CTV460,05/06:37,05/06:41,05/07:39,05/07:45,0:58:00,DPS,AAP,007,10,1,1,NML,3,2025
403.,B739,PKLJI,LNI,LNI363,LNI693,05/06:21,05/06:25,05/08:00,05/08:12,1:35:00,BPN,CGK,014,10,1,1,NML,3,2025
404.,B738,PKGFF,GIA,GIA328,GIA3054,04/19:48,04/19:52,05/07:50,05/08:01,11:58:00,CGK,CGK,005,10,1,1,NML,3,2025
405.,A320,PKGQO,CTV,CTV170,CTV175,05/07:13,05/07:16,05/08:02,05/08:16,0:46:00,HLP,HLP,006,10,1,1,NML,3,2025
406.,A333,BLAJ,CPA,CPA779,CPA780,04/18:17,04/18:25,05/08:04,05/08:19,13:39:00,HKG,HKG,A08,10,1,1,NML,3,2025
407.,A320,PKGQR,CTV,CTV355,CTV177,05/07:44,05/07:47,05/08:28,05/08:30,0:41:00,UPG,HLP,008,10,1,1,NML,3,2025
"408.,A320,PKLZH,BTK,BTK6588,BTK6581,28/21:26,04/23:08,05/09:10,05/09:22,""4 days, 11:39:00"",CGK,CGK,011,10,1,1,NML,3,2025"
409.,B739,PKLSO,LNI,LNI929,LNI856,05/06:52,05/06:58,05/08:57,05/09:07,1:59:00,DPS,PLM,017,10,1,1,NML,3,2025
410.,B738,PKLOJ,LNI,LNI837,LNI748,05/08:02,05/08:06,05/09:10,05/09:31,1:04:00,PNK,MDC,015,10,1,1,NML,3,2025
411.,B739,PKLHM,LNI,LNI683,LNI682,05/07:59,05/08:02,05/09:07,05/09:19,1:05:00,PKY,PKY,009,10,1,1,NML,3,2025
412.,A320,PKPWK,PAS,PAS200,PAS201,05/08:20,05/08:23,05/09:12,05/09:33,0:49:00,CGK,CGK,005,10,1,1,NML,3,2025
413.,B738,PKGNM,GIA,GIA304,GIA342,05/08:04,05/08:09,05/09:16,05/09:39,1:07:00,CGK,DPS,004,10,1,1,NML,3,2025
414.,A320,PKGQA,CTV,CTV417,CTV715,05/08:25,05/08:28,05/09:14,05/09:38,0:46:00,PNK,CGK,007,10,1,1,NML,3,2025
415.,A320,PKGLP,CTV,CTV671,CTV486,05/08:14,05/08:17,05/09:18,05/09:43,1:01:00,LOP,BDJ,006,10,1,1,NML,3,2025
416.,A320,9VTRP,TGW,TGW264,TGW265,05/08:54,05/08:59,05/09:59,05/10:08,1:00:00,SIN,SIN,A02,10,1,1,NML,3,2025
417.,B738,9MMXU,MAS,MAS871,MAS870,05/09:15,05/09:24,05/10:02,05/10:10,0:38:00,KUL,KUL,A07,10,1,1,NML,3,2025
418.,B735,PKNAS,LKN,LKN243,LKN242,05/09:04,05/09:08,05/09:55,05/10:05,0:47:00,SMQ,SMQ,014,10,1,1,NML,3,2025
419.,B738MAX,9MLRF,MXD,MXD350,MXD351,05/09:24,05/09:29,05/10:22,05/10:43,0:53:00,KUL,KUL,A04,10,1,1,NML,3,2025
420.,A359,9VSHU,SIA,SIA922,SIA923,05/08:59,05/09:04,05/10:09,05/10:28,1:05:00,SIN,SIN,A08,10,1,1,NML,3,2025
421.,A320,PKBKV,BTK,BTK7513,BTK7516,05/09:40,05/09:43,05/11:04,05/11:19,1:21:00,HLP,HLP,008,10,1,1,NML,3,2025
422.,B733F,PKMYV,MYU,MYU935,MYU815,05/08:51,05/08:56,05/09:40,05/09:48,0:44:00,SRG,CGK,C02,10,0,0,NML,3,2025
423.,A320,PKGQK,CTV,CTV351,CTV350,05/09:36,05/09:40,05/10:20,05/10:37,0:40:00,UPG,UPG,007,10,1,1,NML,3,2025
424.,A320,PKSJF,SJV,SJV703,SJV632,04/20:42,04/20:46,05/10:15,05/10:34,13:29:00,DPS,BDJ,012,10,1,1,NML,3,2025
425.,B739,PKLSK,LNI,LNI791,LNI262,05/09:44,05/09:47,05/10:38,05/10:49,0:51:00,UPG,BPN,015,10,1,1,NML,3,2025
426.,A320,PKPWM,PAS,PAS210,PAS211,05/09:57,05/10:00,05/10:43,05/10:59,0:43:00,CGK,CGK,005,10,1,1,NML,3,2025
427.,A320,PKLUS,BTK,BTK6134,BTK6346,05/09:59,05/10:04,05/10:59,05/11:10,0:55:00,PKN,BEJ,016,10,1,1,NML,3,2025
428.,B739,PKLFW,LNI,LNI645,LNI822,05/10:08,05/10:13,05/11:06,05/11:30,0:53:00,LOP,LOP,014,10,1,1,NML,3,2025
429.,A320,PKSTI,SJV,SJV611,SJV642,05/08:33,05/08:42,05/11:02,05/11:12,2:20:00,BPN,AAP,022,10,0,0,NML,3,2025
430.,A320,PKAZG,AWQ,AWQ321,AWQ322,05/10:30,05/10:35,05/11:08,05/11:25,0:33:00,KUL,KUL,A01,10,1,1,NML,3,2025
431.,A339,PKLEV,LNI,LNI105,LNI104,04/19:58,04/20:06,05/11:18,05/11:32,15:12:00,JED,JED,A06,10,1,1,NML,3,2025
432.,AS35,PKODC,AFE,PKODC,PKODC,05/10:40,05/10:43,05/11:26,05/11:28,0:43:00,SRG,DPS,H05,10,0,0,NML,3,2025
433.,B738,PKGUD,GIA,GIA322,GIA327,05/10:09,05/10:12,05/11:29,05/11:44,1:17:00,CGK,CGK,004,10,1,1,NML,3,2025
434.,B739,PKLGR,LNI,LNI6001,LNI804,05/09:20,05/09:25,05/11:52,05/12:03,2:27:00,SRG,DPS,017,10,1,1,NML,3,2025
435.,A320,PKGQN,CTV,CTV461,CTV698,05/11:21,05/11:25,05/12:03,05/12:14,0:38:00,AAP,DPS,005,10,1,1,NML,3,2025
436.,A320,PKSAY,SJV,SJV567,SJV636,05/11:34,05/11:39,05/12:31,05/12:45,0:52:00,PLW,BDJ,014,10,1,1,NML,3,2025
437.,B739,PKLGY,LNI,LNI694,LNI780,05/10:10,05/10:13,05/12:35,05/12:39,2:22:00,CGK,UPG,018,10,0,0,NML,3,2025
438.,A320,PKBLD,BTK,BTK6582,BTK6585,05/11:42,05/11:46,05/13:14,05/13:29,1:28:26,CGK,CGK,009,10,1,1,NML,3,2025
439.,B739,PKLSP,LNI,LNI693,LNI680,05/06:56,05/07:02,05/12:49,05/12:54,5:47:00,KOE,PKY,020,10,0,0,NML,3,2025
440.,A320,PKGLP,CTV,CTV487,CTV668,05/12:02,05/12:06,05/12:47,05/13:04,0:41:00,BDJ,DPS,006,10,1,1,NML,3,2025
441.,A320,PKAZO,AWQ,AWQ393,AWQ324,05/12:38,05/12:43,05/13:22,05/13:30,0:39:51,JHB,KUL,A01,10,1,1,NML,3,2025
442.,AW139,PKTVN,TVR,PKTVN,PKTVN,05/09:20,05/09:22,05/13:25,05/13:29,4:03:00,MBH,ZZZZ,H02,10,0,0,NML,3,2025
443.,B738,PKGFF,GIA,GIA312,GIA317,05/12:34,05/12:37,05/13:40,05/13:52,1:03:00,CGK,CGK,004,10,1,1,NML,3,2025
444.,A320,PKSJF,SJV,SJV633,SJV726,05/13:32,05/13:37,05/14:22,05/14:33,0:45:00,BDJ,LBJ,014,10,1,1,NML,3,2025
445.,A320,PKGQL,CTV,CTV431,CTV948,05/13:36,05/13:39,05/14:20,05/14:33,0:41:00,BPN,BTH,006,10,1,1,NML,3,2025
446.,A320,9VJSU,JSA,JSA247,JSA248,05/13:01,05/13:06,05/15:15,05/15:29,2:09:00,SIN,SIN,A07,10,1,1,NML,3,2025
447.,B739,PKLFW,LNI,LNI823,LNI260,05/13:59,05/14:01,05/14:52,05/15:02,0:51:00,LOP,BPN,012,10,1,1,NML,3,2025
448.,A320,PKLUI,BTK,BTK7515,BTK7514,05/13:48,05/13:52,05/15:08,05/15:13,1:16:00,HLP,HLP,009,10,1,1,NML,3,2025
449.,A320,PKPWE,PAS,PAS208,PAS209,05/14:03,05/14:06,05/14:57,05/15:09,0:51:36,CGK,CGK,005,10,1,1,NML,3,2025
450.,B738,PKGNQ,GIA,GIA330,GIA331,05/14:15,05/14:19,05/15:16,05/15:33,0:57:00,HLP,HLP,004,10,1,1,NML,3,2025
"451.,A320,PKSAA,SJV,SJV611,SJV614,04/08:34,04/08:38,05/15:43,05/15:49,""1 day, 7:05:00"",BPN,BPN,C05,10,0,0,NML,3,2025"
452.,B739,PKLGR,LNI,LNI919,LNI920,05/14:35,05/14:38,05/15:30,05/15:45,0:52:31,DPS,DPS,015,10,1,1,NML,3,2025
453.,A320,PKGQN,CTV,CTV699,CTV434,05/14:40,05/14:44,05/15:25,05/15:35,0:41:38,DPS,BPN,008,10,1,1,NML,3,2025
454.,B738MAX,9MMVF,MAS,MAS873,MAS872,05/14:48,05/14:55,05/15:35,05/15:48,0:40:05,KUL,KUL,A08,10,1,1,NML,3,2025
455.,B738,PKLOJ,LNI,LNI749,LNI581,05/15:57,05/16:00,05/16:52,05/17:08,0:52:00,MDC,CGK,014,10,1,1,NML,3,2025
456.,A320,PKLUS,BTK,BTK6347,BTK6401,05/15:21,05/15:24,05/16:09,05/16:22,0:45:00,BEJ,CGK,012,10,1,1,NML,3,2025
457.,A320,PKGQO,CTV,CTV174,CTV418,05/15:08,05/15:15,05/16:06,05/16:19,0:51:00,HLP,PNK,006,10,1,1,NML,3,2025
458.,B738,PKGUD,GIA,GIA310,GIA315,05/15:30,05/15:37,05/16:29,05/16:39,0:52:00,CGK,CGK,004,10,1,1,NML,3,2025
459.,B738MAX,9VMBL,SIA,SIA926,SIA927,05/15:17,05/15:23,05/16:10,05/16:20,0:47:00,SIN,SIN,A06,10,1,1,NML,3,2025
460.,B739,PKLSP,LNI,LNI681,LNI268,05/15:42,05/15:46,05/16:38,05/16:48,0:51:59,PKY,TRK,009,10,1,1,NML,3,2025
461.,B739,PKLSO,LNI,LNI857,LNI316,05/12:59,05/13:02,05/16:23,05/16:32,3:21:00,PLM,BDJ,017,10,1,1,NML,3,2025
462.,B739,PKLFY,LNI,LNI692,LNI692,05/15:53,05/15:56,05/16:57,05/17:14,1:01:00,CGK,KOE,016,10,1,1,NML,3,2025
463.,A320,PKPWJ,PAS,PAS206,PAS623,05/15:50,05/15:54,05/16:51,05/17:01,0:57:00,CGK,BPN,005,10,1,1,NML,3,2025
464.,B738,PKLOH,LNI,LNI315,LNI800,05/07:52,05/07:57,05/16:57,05/17:06,9:00:00,BDJ,UPG,021,10,0,0,NML,3,2025
465.,B738,PKLDK,BTK,BTK6578,BTK7579,05/16:17,05/16:20,05/17:35,05/17:47,1:15:00,CGK,CGK,008,10,1,1,NML,3,2025
466.,A320,PKAZG,AWQ,AWQ323,AWQ326,05/17:04,05/17:10,05/17:39,05/17:51,0:29:00,KUL,KUL,A01,10,1,1,NML,3,2025
467.,B738,PKLOP,LNI,LNI869,LNI838,05/12:16,05/12:20,05/17:34,05/17:45,5:14:00,TTE,PNK,023,10,0,0,NML,3,2025
468.,A320,PKPWA,PAS,PAS622,PAS207,05/17:12,05/17:15,05/18:09,05/18:21,0:54:00,BPN,CGK,006,10,1,1,NML,3,2025
469.,B738MAX,9VMBP,SIA,SIA928,SIA929,05/17:33,05/17:39,05/18:28,05/18:38,0:49:00,SIN,SIN,A07,10,1,1,NML,3,2025
470.,B738,PKGMD,GIA,GIA320,GIA325,05/17:21,05/17:25,05/18:32,05/18:42,1:07:57,CGK,CGK,004,10,1,1,NML,3,2025
471.,B738,PKLDO,MXD,MXD352,MXD353,04/19:41,04/19:46,05/08:37,05/08:48,12:51:00,KUL,KUL,A04,10,1,1,NML,3,2025
472.,B735,PKNAQ,SJY,SJY7567,SJY7562,05/17:57,05/18:01,05/18:38,05/18:48,0:37:00,UPG,UPG,012,10,1,1,NML,3,2025
473.,A320,PKGQA,CTV,CTV736,CTV352,05/18:04,05/18:09,05/18:54,05/19:06,0:45:00,CGK,UPG,007,10,1,1,NML,3,2025
474.,B739,PKLSK,LNI,LNI261,LNI880,05/14:10,05/14:13,05/19:36,05/19:49,5:22:16,BPN,UPG,018,10,0,0,NML,3,2025
475.,A320,PKGTK,CTV,CTV489,CTV662,05/19:03,05/19:05,05/19:39,05/19:52,0:34:00,BDJ,DPS,008,10,1,1,NML,3,2025
476.,B738,PKGNM,GIA,GIA349,GIA313,05/17:54,05/17:58,05/20:00,05/20:18,2:02:00,DPS,CGK,005,10,1,1,NML,3,2025
477.,A320,PKGQJ,CTV,CTV722,CTV354,05/19:08,05/19:12,05/19:58,05/20:13,0:46:00,CGK,UPG,009,10,1,1,NML,3,2025
478.,A320,PKGLG,CTV,CTV949,CTV494,05/19:42,05/19:48,05/20:23,05/20:25,0:35:00,BTH,BDJ,007,10,1,1,NML,3,2025
479.,A320,PKGLY,CTV,CTV669,CTV721,05/16:45,05/16:50,05/20:48,05/20:58,3:58:00,DPS,CGK,003,10,0,0,NML,3,2025
480.,G150,VHPFV,PFA,MEDIC15,VHPFV,05/21:09,05/21:11,05/21:37,05/21:45,0:26:00,XSP,XSP,030,10,0,0,NML,3,2025
481.,A320,PKGQK,CTV,CTV720,CTV430,05/21:43,05/21:47,06/04:55,06/05:05,7:08:00,CGK,BPN,007,28,1,1,NML,3,2025
482.,A320,PKLUY,BTK,BTK6588,BTK7508,05/21:12,05/21:17,06/05:00,06/05:10,7:43:00,CGK,HLP,012,28,1,1,NML,3,2025
"483.,A320,PKSJT,SJV,SJV703,SJV610,03/20:45,05/22:30,06/04:54,06/05:03,""2 days, 8:06:00"",DPS,BPN,018,28,0,1,NML,3,2025"
484.,A320,PKAZG,AWQ,AWQ327,AWQ320,05/23:20,05/23:25,06/05:00,06/05:08,5:35:00,KUL,KUL,A03,28,1,1,NML,3,2025
485.,A320,PKGQN,CTV,CTV435,CTV725,05/19:12,05/19:14,06/05:36,06/05:47,10:22:00,BPN,CGK,006,28,1,1,NML,3,2025
486.,A320,V8RBE,RBA,RBA795,RBA796,05/19:57,05/20:01,06/05:45,06/05:58,9:44:00,BWN,BWN,A07,28,1,1,NML,3,2025
487.,A320,PKSGD,SJV,SJV703,SJV640,05/20:54,05/20:58,06/06:24,06/06:33,9:26:00,DPS,AAP,016,10,1,1,NML,3,2025
488.,B739,PKLHS,LNI,LNI707,LNI882,05/14:23,05/14:28,06/06:02,06/06:12,15:33:57,UPG,UPG,025,28,0,0,NML,3,2025
489.,A320,PKSTI,SJV,SJV643,SJV706,05/15:26,05/15:28,06/05:56,06/06:08,14:27:03,AAP,DPS,022,28,0,0,NML,3,2025
490.,A320,PKAZO,AWQ,AWQ325,AWQ386,05/18:59,05/19:02,06/06:05,06/06:15,11:03:00,KUL,PEN,A01,28,1,1,NML,3,2025
491.,A320,PKSAA,SJV,SJV617,SJV634,05/19:16,06/07:35,06/13:38,06/13:46,18:19:00,BPN,BDJ,021,28,0,1,NML,3,2025
492.,B738,9MLRL,MXD,MXD7350,MXD7351,06/05:34,06/05:38,06/06:36,06/06:49,0:58:18,KUL,KUL,A03,28,1,1,NML,3,2025
493.,B739,PKLSO,LNI,LNI311,LNI971,06/06:00,06/06:03,06/07:08,06/07:14,1:05:29,BDJ,BTH,012,10,1,1,NML,3,2025
494.,C208,PKVVF,SUS,PKVVF,PKVVF,05/11:23,05/11:26,06/06:55,06/07:05,19:29:00,BXW,BXW,C07,28,0,0,NML,3,2025
495.,A320,PKBKQ,BTK,BTK6370,BTK6597,06/06:13,06/06:18,06/07:14,06/07:24,0:56:09,CGK,CGK,009,28,1,1,NML,3,2025
496.,B738,PKGUG,GIA,GIA328,GIA305,05/19:47,05/19:51,06/07:06,06/07:16,11:15:00,CGK,CGK,004,28,1,1,NML,3,2025
497.,B738,PKGNG,GIA,GIA3284,GIA854,05/20:33,05/22:28,06/06:55,06/07:07,10:18:00,CGK,SIN,A02,28,1,1,NML,3,2025
498.,B739,PKLGM,LNI,LNI363,LNI646,06/06:17,06/06:22,06/07:20,06/07:32,0:58:00,BPN,LOP,018,28,0,0,NML,3,2025
499.,A320,PKGTK,CTV,CTV661,CTV460,06/06:47,06/06:52,06/07:38,06/07:48,0:46:00,DPS,AAP,005,28,1,1,NML,3,2025
500.,B739,PKLFY,LNI,LNI693,LNI693,06/06:55,06/06:55,06/07:48,06/08:01,0:52:56,KOE,CGK,025,28,0,0,NML,3,2025
501.,B739,PKLGR,LNI,LNI929,LNI982,06/06:45,06/06:48,06/07:55,06/08:05,1:07:00,DPS,PKU,016,28,1,1,NML,3,2025
502.,A320,PKGQR,CTV,CTV170,CTV175,06/07:29,06/07:35,06/08:02,06/08:15,0:27:00,HLP,HLP,006,28,1,1,NML,3,2025
503.,A333,BLAB,CPA,CPA779,CPA780,05/17:49,05/17:53,06/08:00,06/08:16,14:07:00,HKG,HKG,A08,28,1,1,NML,3,2025
"504.,DHC6,PKICP,PGT,PKICP,PKICP,04/10:48,04/10:51,06/07:40,06/07:49,""1 day, 20:49:00"",PAG,PAG,028,28,0,0,NML,3,2025"
505.,A320,PKGQI,CTV,CTV355,CTV177,06/07:52,06/07:57,06/08:35,06/08:43,0:38:00,UPG,HLP,005,28,1,1,NML,3,2025
506.,B738,PKLZM,MXD,MXD352,MXD353,05/19:27,05/19:32,06/08:44,06/09:06,13:12:00,KUL,KUL,A04,28,1,1,NML,3,2025
507.,A320,PKBKV,BTK,BTK7521,BTK6581,05/20:04,05/20:08,06/08:58,06/09:08,12:50:00,HLP,CGK,008,28,1,1,NML,3,2025
508.,A320,PKSAY,SJV,SJV637,SJV618,05/15:38,05/15:42,06/09:05,06/09:15,17:22:25,BDJ,BPN,020,28,0,0,NML,3,2025
509.,B739,PKLSP,LNI,LNI267,LNI682,06/07:11,06/07:18,06/09:10,06/09:26,1:52:00,TRK,PKY,012,28,1,1,NML,3,2025
510.,B738,PKGMA,GIA,GIA304,GIA342,06/08:14,06/08:18,06/09:13,06/09:23,0:55:00,CGK,DPS,004,28,1,1,NML,3,2025
511.,A320,PKGLP,CTV,CTV353,CTV486,06/05:13,06/05:21,06/09:23,06/09:35,4:02:00,UPG,BDJ,007,28,1,1,NML,3,2025
512.,A320,PKGLR,CTV,CTV417,CTV715,06/08:24,06/08:30,06/09:25,06/09:35,0:55:00,PNK,CGK,006,28,1,1,NML,3,2025
513.,B733F,PKMYV,MYU,MYU935,MYU815,06/08:51,06/08:56,06/09:31,06/09:41,0:35:00,SRG,CGK,C02,28,0,0,NML,3,2025
514.,A320,9VTRM,TGW,TGW264,TGW265,06/09:20,06/09:24,06/10:23,06/10:38,0:59:34,SIN,SIN,A01,28,1,1,NML,3,2025
515.,B738,9MMXD,MAS,MAS871,MAS870,06/09:09,06/09:13,06/10:00,06/10:18,0:47:00,KUL,KUL,A03,28,1,1,NML,3,2025
516.,B738MAX,9MLRF,MXD,MXD350,MXD351,06/08:55,06/09:00,06/09:52,06/10:08,0:52:00,KUL,KUL,A04,28,1,1,NML,3,2025
"517.,A320,PKBKO,BTK,BTK6576,BTK6346A,04/21:15,06/07:41,06/12:14,06/12:24,""1 day, 14:54:41"",CGK,BEJ,022,28,0,1,NML,3,2025"
518.,A359,9VSHH,SIA,SIA922,SIA923,06/08:58,06/09:02,06/10:08,06/10:20,1:06:27,SIN,SIN,A08,28,1,1,NML,3,2025
519.,A320,PKBKU,BTK,BTK6406,BTK6346,05/14:46,05/14:51,06/10:38,06/10:48,19:47:29,CGK,BEJ,026,28,0,0,NML,3,2025
520.,A320,PKGQO,CTV,CTV351,CTV350,06/09:27,06/09:32,06/10:14,06/10:27,0:42:11,UPG,UPG,008,28,1,1,NML,3,2025
521.,A320,PKSJT,SJV,SJV611,SJV632,06/08:34,06/08:39,06/10:18,06/10:25,1:39:00,BPN,BDJ,015,28,1,1,NML,3,2025
522.,B739,PKLHS,LNI,LNI791,LNI706,06/10:09,06/10:15,06/11:12,06/11:25,0:57:00,UPG,UPG,012,28,1,1,NML,3,2025
523.,B739,PKLHQ,LNI,LNI315,LNI262,06/07:43,06/07:49,06/10:40,06/10:57,2:51:09,BDJ,BPN,014,28,1,1,NML,3,2025
524.,A320,PKPWH,PAS,PAS210,PAS211,06/09:33,06/09:39,06/10:28,06/10:52,0:49:00,CGK,CGK,005,28,1,1,NML,3,2025
525.,A320,PKLUF,BTK,BTK7513,BTK7516,06/10:18,06/10:22,06/11:03,06/11:19,0:41:00,HLP,HLP,009,28,1,1,NML,3,2025
526.,A320,PKLAZ,BTK,BTK7517,BTK7520,06/10:34,06/10:40,06/11:18,06/11:27,0:38:00,HLP,HLP,016,28,1,1,NML,3,2025
527.,B739,PKLHM,LNI,LNI683,LNI694,06/08:02,06/08:08,06/12:00,06/12:12,3:52:00,PKY,KOE,017,28,1,1,NML,3,2025
528.,A320,PKAZG,AWQ,AWQ321,AWQ322,06/10:29,06/10:32,06/11:05,06/11:23,0:33:00,KUL,KUL,A01,28,1,1,NML,3,2025
529.,B738,PKGMI,GIA,GIA322,GIA327,06/10:12,06/10:19,06/11:31,06/11:44,1:12:00,CGK,CGK,004,28,1,1,NML,3,2025
530.,B739,PKLSI,LNI,LNI972,LNI804,05/16:35,05/16:40,06/12:05,06/12:15,19:25:00,BTH,DPS,C05,10,0,0,NML,3,2025
"531.,A339,PKLES,LNI,LNI107,LNI074,04/18:37,05/23:58,06/12:42,06/12:52,""1 day, 17:59:00"",JED,MED,A06,28,1,1,NML,3,2025"
532.,B739,PKLGY,LNI,LNI801,LNI780,06/11:28,06/11:40,06/12:41,06/12:48,1:01:00,UPG,UPG,012,28,1,1,NML,3,2025
533.,A320,PKSGD,SJV,SJV643,SJV636,06/09:59,06/10:05,06/12:27,06/12:37,2:22:14,AAP,BDJ,020,28,0,0,NML,3,2025
534.,A320,PKBLC,BTK,BTK6582,BTK6585,06/11:55,06/11:59,06/12:48,06/13:00,0:49:00,CGK,CGK,009,28,1,1,NML,3,2025
535.,A320,PKGLP,CTV,CTV487,CTV668,06/12:04,06/12:08,06/12:47,06/12:57,0:39:00,BDJ,DPS,006,28,1,1,NML,3,2025
536.,A320,PKAZO,AWQ,AWQ387,AWQ324,06/12:35,06/12:38,06/13:22,06/13:30,0:44:00,PEN,KUL,A01,10,1,1,NML,3,2025
537.,A320,PKPWK,PAS,PAS204,PAS205,06/11:59,06/12:03,06/13:12,06/13:27,1:09:00,CGK,CGK,005,10,1,1,NML,3,2025
538.,B738,PKGMU,GIA,GIA312,GIA317,06/12:33,06/12:38,06/13:40,06/13:52,1:02:00,CGK,CGK,004,10,1,1,NML,3,2025
539.,A320,PKGLR,CTV,CTV716,CTV717,06/13:31,06/13:35,06/14:12,06/14:15,0:37:00,CGK,CGK,007,10,1,1,NML,3,2025
540.,B738,PKLKV,LNI,LNI839,LNI836,06/13:36,06/13:40,06/14:24,06/14:34,0:44:00,PNK,PNK,017,10,1,1,NML,3,2025
541.,A320,PKGQK,CTV,CTV431,CTV948,06/13:46,06/13:49,06/14:27,06/14:37,0:38:00,BPN,BTH,006,10,1,1,NML,3,2025
542.,A320,9VJSM,JSA,JSA247,JSA248,06/13:38,06/13:44,06/14:29,06/14:40,0:45:00,SIN,SIN,A08,10,1,1,NML,3,2025
543.,B739,PKLGM,LNI,LNI645,LNI642,06/10:19,06/10:24,06/15:03,06/15:11,4:38:39,LOP,LOP,025,10,0,0,NML,3,2025
544.,B738,PKGFQ,GIA,GIA330,GIA331,06/14:25,06/14:30,06/15:20,06/15:25,0:50:00,HLP,HLP,008,10,1,1,NML,3,2025
545.,A320,PKSAA,SJV,SJV637,SJV614,06/17:02,06/17:07,06/17:52,06/18:03,0:45:00,BDJ,BPN,009,10,1,1,NML,3,2025
546.,A320,PKGTK,CTV,CTV461,CTV434,06/11:14,06/11:20,06/15:26,06/15:41,4:05:32,AAP,BPN,003,10,0,0,NML,3,2025
547.,B739,PKLSI,LNI,LNI919,LNI920,06/14:49,06/14:54,06/16:37,06/16:49,1:43:00,DPS,DPS,015,10,1,1,NML,3,2025
548.,A320,PKLAM,BTK,BTK6406,BTK7512,06/14:44,06/14:47,06/15:36,06/15:47,0:49:00,CGK,HLP,009,10,1,1,NML,3,2025
549.,B738,9MMXV,MAS,MAS873,MAS872,06/14:47,06/14:54,06/15:38,06/15:49,0:44:00,KUL,KUL,A06,10,1,1,NML,3,2025
550.,B738,PKLOP,LNI,LNI837,LNI581,06/07:54,06/08:00,06/15:57,06/16:07,7:56:04,PNK,CGK,018,10,0,0,NML,3,2025
"551.,A339,PKLET,LNI,LNI075,LNI106,04/15:41,05/10:15,06/16:46,06/16:49,""2 days, 0:58:00"",JED,JED,011,10,1,1,NML,3,2025"
552.,A320,PKBKU,BTK,BTK6346,BTK6401,06/10:45,06/10:50,06/17:53,06/17:56,7:03:00,SUB,CGK,026,10,0,0,NML,3,2025
553.,A320,PKGQR,CTV,CTV174,CTV418,06/15:05,06/15:08,06/16:03,06/16:14,0:55:00,HLP,PNK,006,10,1,1,NML,3,2025
554.,B739,PKLGR,LNI,LNI983,LNI316,06/13:42,06/13:46,06/17:23,06/17:29,3:37:00,PKU,BDJ,014,10,1,1,NML,3,2025
555.,B738MAX,9VMBH,SIA,SIA926,SIA927,06/15:14,06/15:20,06/16:14,06/16:25,0:54:00,SIN,SIN,A08,10,1,1,NML,3,2025
556.,B738,PKGNM,GIA,GIA310,GIA315,06/15:18,06/15:26,06/16:22,06/16:35,0:56:00,CGK,CGK,004,10,1,1,NML,3,2025
557.,B739,PKLGP,LNI,LNI692,LNI692,06/15:53,06/15:59,06/17:16,06/17:25,1:17:00,CGK,KOE,016,10,1,1,NML,3,2025
558.,A320,PKPWM,PAS,PAS206,PAS623,06/15:45,06/15:48,06/16:45,06/17:00,0:57:00,CGK,BPN,005,10,1,1,NML,3,2025
559.,A320,PKAZG,AWQ,AWQ323,AWQ326,06/16:38,06/16:43,06/17:09,06/17:17,0:26:00,KUL,KUL,A01,10,1,1,NML,3,2025
560.,B738,PKLSF,LNI,LNI883,LNI838,05/21:30,06/07:10,06/17:21,06/17:28,19:48:00,UPG,PNK,023,10,0,1,NML,3,2025
561.,A320,PKPWH,PAS,PAS622,PAS207,06/17:07,06/17:10,06/18:08,06/18:19,0:58:00,BPN,CGK,006,10,1,1,NML,3,2025
562.,B735,PKNAQ,LKN,LKN7567,LKN7562,06/17:49,06/17:54,06/18:34,06/18:44,0:40:00,UPG,UPG,012,10,1,1,NML,3,2025
563.,B738MAX,9VMBO,SIA,SIA928,SIA929,06/17:39,06/17:45,06/18:34,06/18:47,0:49:00,SIN,SIN,A06,10,1,1,NML,3,2025
564.,A320,PKGQA,CTV,CTV736,CTV352,06/18:09,06/18:14,06/18:53,06/19:04,0:39:00,CGK,UPG,007,10,1,1,NML,3,2025
565.,A320,PKGQU,CTV,CTV949,CTV494,06/18:28,06/18:31,06/19:10,06/19:23,0:39:00,BTH,BDJ,006,10,1,1,NML,3,2025
566.,B739,PKLGM,LNI,LNI865,LNI880,06/17:33,06/17:36,06/19:49,06/20:03,2:13:00,LOP,UPG,011,10,1,1,NML,3,2025
567.,A320,PKGQN,CTV,CTV489,CTV662,06/19:25,06/19:29,06/19:58,06/20:08,0:29:00,BDJ,DPS,006,10,1,1,NML,3,2025
568.,A320,PKPWE,PAS,PAS202,PAS203,06/18:32,06/18:35,06/19:36,06/19:49,1:01:00,CGK,CGK,005,10,1,1,NML,3,2025
569.,A320,PKGTE,CTV,CTV722,CTV354,06/19:08,06/19:14,06/20:01,06/20:15,0:47:00,CGK,UPG,007,10,1,1,NML,3,2025
570.,B738,PKGMA,GIA,GIA349,GIA313,06/18:00,06/18:04,06/20:08,06/20:19,2:04:00,DPS,CGK,008,10,1,1,NML,3,2025
571.,B738,PKLZV,BTK,BTK6588,BTK6587,06/19:20,06/19:25,06/20:24,06/20:36,0:59:00,CGK,CGK,012,10,1,1,NML,3,2025
572.,A320,PKGTK,CTV,CTV435,CTV721,06/19:12,06/19:16,06/21:06,06/21:18,1:50:00,BPN,CGK,009,10,1,1,NML,3,2025
"573.,B738,PKLQZ,LNI,LNI879,LNI878,05/15:07,05/15:12,07/05:08,07/05:17,""1 day, 13:56:00"",AMQ,AMQ,024,10,0,0,NML,3,2025"
574.,A320,PKSAA,SJV,SJV617,SJV610,06/21:19,06/21:23,07/05:00,07/05:12,7:37:00,BPN,BPN,016,28,1,1,NML,3,2025
575.,A320,PKLUZ,BTK,BTK7521,BTK7508,06/19:51,06/19:56,07/04:55,07/05:08,8:59:00,HLP,HLP,014,28,1,1,NML,3,2025
576.,A320,PKGLX,CTV,CTV669,CTV430,06/16:57,06/17:02,07/04:53,07/05:10,11:51:00,DPS,BPN,003,28,0,0,NML,3,2025
577.,A320,PKAZL,AWQ,AWQ327,AWQ320,06/23:11,06/23:17,07/05:01,07/05:14,5:44:00,KUL,KUL,A03,28,1,0,NML,3,2025
578.,A320,PKBKO,BTK,BTK6347,BTK6132,06/16:54,06/16:58,07/05:25,07/05:34,12:27:00,BEJ,LOP,018,28,0,0,NML,3,2025
579.,A320,PKGQJ,CTV,CTV720,CTV725,06/21:52,06/22:02,07/05:45,07/05:53,7:43:00,CGK,CGK,007,28,1,1,NML,3,2025
580.,A320,V8RBF,RBA,RBA795,RBA796,06/20:01,06/20:06,07/05:59,07/06:10,9:53:00,BWN,BWN,A06,28,1,1,NML,3,2025
581.,B738,PKLOH,LNI,LNI885,LNI868,06/18:49,07/04:22,07/05:55,07/06:06,11:01:00,UPG,TTE,012,28,1,0,NML,3,2025
582.,A320,PKGQA,CTV,CTV353,CTV670,07/05:05,07/05:14,07/05:49,07/05:57,0:35:00,UPG,LOP,006,28,1,1,NML,3,2025
583.,B739,PKLSO,LNI,LNI972,LNI882,06/16:23,06/16:28,07/06:05,07/06:14,13:37:12,BTH,UPG,025,28,0,0,NML,3,2025
584.,A320,PKSGD,SJV,SJV633,SJV640,06/16:04,06/16:10,07/06:04,07/06:12,13:54:00,BDJ,AAP,022,28,0,0,NML,3,2025
585.,A320,PKBKR,BTK,BTK6413,BTK6412,06/19:43,06/19:48,07/06:21,07/06:31,10:33:10,DPS,DPS,026,28,0,0,NML,3,2025
586.,A320,PKSAY,SJV,SJV619,SJV566,06/16:45,06/16:50,07/06:42,07/06:54,13:52:00,BPN,PLW,015,28,1,1,NML,3,2025
587.,A320,PKLAZ,BTK,BTK7501,BTK6135,06/14:36,06/14:40,07/07:02,07/07:14,16:22:57,HLP,PKN,020,28,0,0,NML,3,2025
588.,C208,PKVVF,SUS,PKVVF,PKVVF,06/08:40,06/08:43,07/07:02,07/07:14,22:19:00,BXW,BXW,C07,28,0,0,NML,3,2025
589.,B739,PKLFY,LNI,LNI690,LNI971,07/05:02,07/05:07,07/06:57,07/07:06,1:50:51,CGK,BTH,009,28,1,1,NML,3,2025
590.,B738,PKGMI,GIA,GIA328,GIA305,06/19:46,06/19:50,07/06:50,07/06:59,11:00:00,CGK,CGK,004,28,1,1,NML,3,2025
591.,B738,PKGNG,GIA,GIA855,GIA854,06/20:28,06/20:33,07/06:58,07/07:10,10:25:00,SIN,SIN,A02,28,1,1,NML,3,2025
"592.,AW139,PKTVN,TVR,PKTVN,PKTVN,05/14:40,05/14:42,07/06:59,07/07:12,""1 day, 16:17:15"",ZZZZ,ZZZZ,H02,28,0,0,NML,3,2025"
593.,A320,PKAZO,AWQ,AWQ325,AWQ392,06/19:16,06/19:21,07/07:26,07/07:37,12:05:00,KUL,JHB,A01,28,1,1,NML,3,2025
594.,A320,PKGQN,CTV,CTV661,CTV460,07/06:41,07/06:46,07/07:34,07/07:41,0:48:37,DPS,AAP,006,28,1,1,NML,3,2025
595.,B739,PKLGP,LNI,LNI693,LNI693,07/06:52,07/06:57,07/07:47,07/07:58,0:50:15,KOE,CGK,008,28,1,1,NML,3,2025
596.,A320,PKGQI,CTV,CTV170,CTV175,07/07:25,07/07:32,07/08:08,07/08:25,0:36:20,HLP,HLP,007,10,1,1,NML,3,2025
597.,A339,PKLEV,LNI,LNI105,LNI102,06/12:23,06/12:29,07/08:12,07/08:42,19:43:00,JED,JED,A07,10,1,1,NML,3,2025
598.,A333,BLAP,CPA,CPA779,CPA780,06/17:57,06/18:02,07/07:58,07/08:14,13:56:00,HKG,HKG,A08,28,1,1,NML,3,2025
599.,B739,PKLHM,LNI,LNI695,LNI990,06/16:41,06/16:45,07/08:24,07/08:34,15:39:00,KOE,DPS,017,10,1,1,NML,3,2025
600.,A320,PKGQP,CTV,CTV355,CTV177,07/07:35,07/07:41,07/08:24,07/08:49,0:43:23,UPG,HLP,006,28,1,1,NML,3,2025
601.,B738,PKLDM,MXD,MXD352,MXD353,06/19:55,06/20:01,07/08:45,07/08:55,12:44:00,KUL,KUL,A04,10,1,1,NML,3,2025
602.,A320,PKBKO,BTK,BTK6133,BTK6581,07/08:32,07/08:36,07/09:22,07/09:53,0:46:00,LOP,CGK,009,10,1,1,NML,3,2025
603.,B738,PKLSF,LNI,LNI837,LNI748,07/07:52,07/07:56,07/09:02,07/09:15,1:06:10,PNK,MDC,015,10,1,1,NML,3,2025
604.,B739,PKLKM,LNI,LNI363,LNI682,07/06:19,07/06:23,07/09:10,07/09:39,2:46:59,BPN,PKY,018,10,0,0,NML,3,2025
605.,B738,PKGFR,GIA,GIA304,GIA342,07/08:15,07/08:23,07/09:17,07/09:43,0:53:50,CGK,DPS,004,10,1,1,NML,3,2025
606.,A320,PKPWK,PAS,PAS200,PAS201,07/08:12,07/08:19,07/09:05,07/09:24,0:46:20,CGK,CGK,005,10,1,1,NML,3,2025
607.,A320,PKGQO,CTV,CTV417,CTV715,07/08:35,07/08:37,07/09:21,07/09:46,0:43:15,PNK,CGK,007,10,1,1,NML,3,2025
608.,A320,PKGQA,CTV,CTV671,CTV486,07/08:09,07/08:16,07/09:03,07/09:17,0:46:27,LOP,BDJ,008,10,1,1,NML,3,2025
609.,A320,PKSAV,SJV,SJV611,SJV618,07/08:40,07/08:44,07/09:28,07/09:54,0:44:48,BPN,BPN,016,10,1,1,NML,3,2025
610.,H25B,T7HAN,AFSS,T7HAN,T7HAN,07/08:53,07/08:57,07/09:09,07/09:15,0:12:39,CGK,CGK,003,10,0,0,NML,3,2025
611.,A20N,9VTNF,TGW,TGW264,TGW265,07/09:05,07/09:11,07/10:02,07/10:28,0:51:30,SIN,SIN,A02,10,1,1,NML,3,2025
612.,B738,9MMXA,MAS,MAS871,MAS870,07/09:08,07/09:16,07/10:02,07/10:23,0:46:07,KUL,KUL,A06,10,1,1,NML,3,2025
613.,B738MAX,9MLRF,MXD,MXD350,MXD351,07/08:49,07/08:52,07/09:58,07/10:16,1:05:14,KUL,KUL,A03,10,1,1,NML,3,2025
614.,B735,PKNAT,LKN,LKN243,LKN242,07/09:22,07/09:27,07/09:56,07/10:14,0:28:50,SMQ,SMQ,011,10,1,1,NML,3,2025
615.,A359,9VSHN,SIA,SIA922,SIA923,07/09:19,07/09:25,07/10:23,07/10:42,0:58:28,SIN,SIN,A08,10,1,1,NML,3,2025
616.,A320,PKGLV,CTV,CTV351,CTV350,07/09:35,07/09:38,07/10:15,07/10:40,0:36:48,UPG,UPG,006,10,1,1,NML,3,2025
617.,B739,PKLJI,LNI,LNI683,LNI262,07/08:00,07/08:05,07/10:34,07/10:50,2:29:12,PKY,BPN,020,10,0,0,NML,3,2025
618.,A320,PKPWD,PAS,PAS210,PAS211,07/09:36,07/09:40,07/10:29,07/10:44,0:49:34,CGK,CGK,005,10,1,1,NML,3,2025
619.,A320,PKLUZ,BTK,BTK7513,BTK7516,07/09:57,07/10:01,07/10:46,07/10:56,0:44:38,HLP,HLP,009,10,1,1,NML,3,2025
620.,A320,PKLAZ,BTK,BTK6134,BTK6346,07/10:00,07/10:04,07/10:50,07/11:01,0:46:00,PKN,BEJ,012,10,1,1,NML,3,2025
621.,B739,PKLSP,LNI,LNI694,LNI694,07/10:18,07/10:21,07/11:16,07/11:29,0:55:00,CGK,KOE,014,10,1,1,NML,3,2025
622.,A320,PKAZL,AWQ,AWQ321,AWQ322,07/10:29,07/10:34,07/11:03,07/11:09,0:29:00,KUL,KUL,A01,10,1,1,NML,3,2025
623.,B739,PKLGO,LNI,LNI929,LNI697,07/06:46,07/06:50,07/11:21,07/11:33,4:30:07,DPS,CGK,022,10,0,0,NML,3,2025
624.,B738,PKGFH,GIA,GIA322,GIA327,07/10:03,07/10:07,07/11:28,07/11:38,1:20:15,CGK,CGK,004,10,1,1,NML,3,2025
625.,A320,PKBLD,BTK,BTK6582,BTK6585,07/11:27,07/11:30,07/12:21,07/12:32,0:51:00,CGK,CGK,009,10,1,1,NML,3,2025
626.,A320,PKGQN,CTV,CTV461,CTV698,07/11:15,07/11:18,07/11:56,07/12:06,0:38:00,AAP,DPS,006,10,1,1,NML,3,2025
627.,A320,PKSAY,SJV,SJV567,SJV636,07/11:31,07/11:34,07/12:29,07/12:39,0:55:00,PLW,BDJ,012,10,1,1,NML,3,2025
628.,B739,PKLSO,LNI,LNI791,LNI780,07/09:44,07/09:48,07/12:25,07/12:36,2:36:38,UPG,UPG,018,10,0,0,NML,3,2025
629.,B738,PKLOH,LNI,LNI869,LNI722,07/12:17,07/12:22,07/13:21,07/13:34,0:59:00,TTE,KDI,015,10,1,1,NML,3,2025
630.,A320,PKAZO,AWQ,AWQ393,AWQ324,07/12:41,07/12:46,07/13:22,07/13:29,0:35:54,JHB,KUL,A03,10,1,1,NML,3,2025
631.,A320,PKGQA,CTV,CTV487,CTV668,07/12:34,07/12:38,07/13:29,07/13:42,0:51:00,BDJ,DPS,007,10,1,1,NML,3,2025
632.,B738,PKGMD,GIA,GIA312,GIA317,07/12:37,07/12:43,07/13:40,07/13:53,0:57:00,CGK,CGK,004,10,1,1,NML,3,2025
633.,A320,PKGQO,CTV,CTV716,CTV717,07/13:35,07/13:39,07/14:20,07/14:38,0:41:00,CGK,CGK,005,10,1,1,NML,3,2025
634.,A320,PKGLX,CTV,CTV431,CTV948,07/13:40,07/13:43,07/14:23,07/14:35,0:40:00,BPN,BTH,006,10,1,1,NML,3,2025
635.,A320,9VJSY,JSA,JSA247,JSA248,07/13:32,07/13:37,07/14:32,07/14:47,0:55:00,SIN,SIN,A06,28,1,1,NML,3,2025
636.,A320,PKLUI,BTK,BTK7515,BTK7514,07/13:57,07/14:00,07/14:55,07/15:05,0:55:00,HLP,HLP,009,28,1,1,NML,3,2025
637.,B739,PKLSW,LNI,LNI707,LNI642,07/14:55,07/14:59,07/15:53,07/16:02,0:54:00,UPG,LOP,014,28,1,1,NML,3,2025
638.,B738,PKGUF,GIA,GIA330,GIA331,07/14:13,07/14:17,07/15:24,07/15:31,1:07:00,HLP,HLP,004,28,1,1,NML,3,2025
639.,B739,PKLQR,LNI,LNI919,LNI920,07/14:45,07/14:53,07/15:36,07/15:48,0:43:00,DPS,DPS,015,28,1,1,NML,3,2025
640.,B738,PKLSF,LNI,LNI749,LNI581,07/14:52,07/14:57,07/15:51,07/15:59,0:54:00,MDC,CGK,011,28,1,1,NML,3,2025
641.,A320,PKLAZ,BTK,BTK6347,BTK6401,07/15:12,07/15:18,07/16:05,07/16:15,0:47:00,BEJ,CGK,009,28,1,1,NML,3,2025
"642.,B739,PKLHR,LNI,LNI972,LNI316,03/16:38,03/16:41,07/16:16,07/16:22,""3 days, 23:35:00"",BTH,BDJ,C03,28,0,0,NML,3,2025"
643.,A320,PKGQI,CTV,CTV174,CTV418,07/15:15,07/15:20,07/16:09,07/16:17,0:49:00,HLP,PNK,007,28,1,1,NML,3,2025
644.,A320,PKSGD,SJV,SJV643,SJV614,07/15:17,07/15:23,07/16:21,07/16:28,0:58:00,AAP,BPN,012,28,1,1,NML,3,2025
645.,B738,PKGFX,GIA,GIA310,GIA315,07/15:20,07/15:30,07/16:36,07/16:44,1:06:00,CGK,CGK,005,28,1,1,NML,3,2025
646.,B738MAX,9VMBE,SIA,SIA926,SIA927,07/15:34,07/15:36,07/16:26,07/16:39,0:50:00,SIN,SIN,A08,28,1,1,NML,3,2025
647.,B739,PKLSP,LNI,LNI695,LNI268,07/15:45,07/15:51,07/16:56,07/17:05,1:05:00,KOE,TRK,016,28,1,1,NML,3,2025
648.,B739,PKLGJ,LNI,LNI692,LNI692,07/16:07,07/16:13,07/17:00,07/17:09,0:47:00,CGK,KOE,015,28,1,1,NML,3,2025
649.,A320,PKPWH,PAS,PAS206,PAS623,07/15:52,07/16:00,07/16:40,07/16:49,0:40:00,CGK,BPN,004,28,1,1,NML,3,2025
650.,B738,PKBLD,BTK,BTK6578,BTK7579,07/16:32,07/16:40,07/17:30,07/17:41,0:50:00,CGK,CGK,009,28,1,1,NML,3,2025
651.,A320,PKAZL,AWQ,AWQ323,AWQ326,07/16:46,07/16:49,07/17:14,07/17:24,0:25:00,KUL,KUL,A01,28,1,1,NML,3,2025
652.,B738,PKLQZ,LNI,LNI879,LNI838,07/15:09,07/15:14,07/17:22,07/17:30,2:08:00,AMQ,PNK,018,28,0,0,NML,3,2025
653.,E55P,PKJCO,PWB,PKJCO,PKJCO,07/16:34,07/16:40,07/17:00,07/17:10,0:20:00,BPN,HLP,A09,28,0,0,NML,3,2025
654.,A320,PKSAV,SJV,SJV619,SJV708,07/16:50,07/16:55,07/18:51,07/19:01,1:56:00,BPN,DPS,012,28,1,1,NML,3,2025
655.,A320,PKPWD,PAS,PAS622,PAS207,07/17:20,07/17:27,07/18:18,07/18:30,0:51:00,BPN,CGK,006,28,1,1,NML,3,2025
656.,B738,PKCRH,SJY,SJY567,SJY562,07/19:55,07/19:59,07/20:51,07/21:01,0:51:14,UPG,UPG,012,28,1,1,NML,3,2025
657.,B738,PKGMP,GIA,GIA320,GIA325,07/17:33,07/17:40,07/18:44,07/18:55,1:04:00,CGK,CGK,005,28,1,1,NML,3,2025
658.,B738MAX,9VMBP,SIA,SIA928,SIA929,07/17:48,07/17:50,07/18:38,07/18:52,0:48:00,SIN,SIN,A03,28,1,1,NML,3,2025
659.,A320,PKLUP,BTK,BTK6406,BTK7502,07/14:49,07/14:56,07/18:57,07/19:05,4:01:00,CGK,HLP,008,28,1,1,NML,3,2025
660.,A320,PKGLS,CTV,CTV736,CTV352,07/18:12,07/18:18,07/19:01,07/19:13,0:43:00,CGK,UPG,009,28,1,1,NML,3,2025
661.,B788,9VOFC,TGW,TGW262,TGW263,07/18:46,07/18:50,07/19:51,07/20:05,1:01:00,SIN,SIN,A06,28,1,1,NML,3,2025
662.,A320,PKLUI,BTK,BTK7519,BTK7518,07/18:57,07/19:04,07/19:51,07/20:04,0:47:00,HLP,HLP,011,28,1,1,NML,3,2025
663.,B739,PKLFY,LNI,LNI972,LNI880,07/16:13,07/16:18,07/20:25,07/20:33,4:07:00,BTH,UPG,017,28,1,1,NML,3,2025
664.,A320,PKPWE,PAS,PAS202,PAS203,07/18:38,07/18:43,07/19:42,07/19:54,0:59:00,CGK,CGK,006,28,1,1,NML,3,2025
665.,A320,PKGQU,CTV,CTV722,CTV354,07/19:11,07/19:18,07/20:07,07/20:16,0:49:00,CGK,UPG,008,28,1,1,NML,3,2025
666.,A320,PKGLR,CTV,CTV489,CTV662,07/19:49,07/19:58,07/20:29,07/20:41,0:30:15,BDJ,DPS,009,28,1,1,NML,3,2025
667.,A320,PKLUV,BTK,BTK6588,BTK6587,07/19:24,07/19:30,07/20:29,07/20:38,0:59:00,CGK,CGK,014,28,1,1,NML,3,2025
668.,A320,PKGQL,CTV,CTV949,CTV494,07/19:51,07/20:01,07/20:37,07/20:49,0:35:43,BTH,BDJ,006,28,1,1,NML,3,2025
669.,A320,PKGQK,CTV,CTV669,CTV721,07/16:53,07/16:59,07/20:59,07/21:09,4:00:00,DPS,CGK,007,28,1,1,NML,3,2025
670.,B738,PKGFR,GIA,GIA349,GIA319,07/17:55,07/18:03,07/20:49,07/20:56,2:46:00,DPS,CGK,004,28,1,1,NML,3,2025
"671.,A320,PKSJF,SJV,SJV725,SJV610,05/17:45,07/23:07,08/04:56,08/05:08,""2 days, 11:06:00"",LBJ,BPN,009,28,1,0,NML,3,2025"
672.,A320,PKGQN,CTV,CTV699,CTV430,07/14:40,07/14:45,08/04:50,08/05:03,14:05:00,DPS,BPN,003,28,0,0,NML,3,2025
673.,B739,PKLGV,LNI,LNI315,LNI786,07/07:56,07/08:00,08/05:03,08/05:14,21:02:12,BDJ,UPG,023,28,0,0,NML,3,2025
674.,A320,PKLUZ,BTK,BTK7521,BTK7508,07/20:09,07/20:14,08/05:03,08/05:12,8:49:00,HLP,HLP,011,28,1,1,NML,3,2025
675.,B738,PKLOH,LNI,LNI727,LNI878,07/17:39,07/17:43,08/05:05,08/05:16,11:22:00,KDI,AMQ,018,28,0,0,NML,3,2025
676.,A320,PKAZL,AWQ,AWQ327,AWQ320,07/23:06,07/23:10,08/04:59,08/05:10,5:49:00,KUL,KUL,A03,28,1,1,NML,3,2025
677.,A320,PKGLY,CTV,CTV720,CTV725,07/22:08,07/22:16,08/05:41,08/05:51,7:25:00,CGK,CGK,006,28,1,1,NML,3,2025
678.,A320,V8RBA,RBA,RBA795,RBA796,07/20:06,07/20:11,08/05:38,08/05:54,9:27:00,BWN,BWN,A06,28,1,1,NML,3,2025
679.,A320,PKGQA,CTV,CTV353,CTV670,08/05:06,08/05:15,08/05:53,08/05:59,0:38:00,UPG,LOP,007,28,1,1,NML,3,2025
680.,A320,PKAZO,AWQ,AWQ325,AWQ386,07/19:18,07/19:22,08/06:14,08/06:24,10:52:00,KUL,PEN,A01,28,1,1,NML,3,2025
681.,A320,PKBKR,BTK,BTK6413,BTK6412,07/19:45,07/19:50,08/06:19,08/06:27,10:29:00,DPS,DPS,015,28,1,1,NML,3,2025
682.,B733F,PKMYV,MYU,MYU935,MYU934,07/09:00,07/09:07,08/06:21,08/06:32,21:14:00,SRG,SIN,C02,28,0,0,NML,3,2025
683.,B738MAX,PKOFI,AFE,AFE921,AFE921,08/05:52,08/05:57,08/06:53,08/07:03,0:56:00,CGK,TIM,006,28,1,1,NML,3,2025
684.,A320,PKBKL,BTK,BTK6370,BTK6597,08/06:14,08/06:19,08/07:14,08/07:22,0:55:00,CGK,CGK,009,28,1,1,NML,3,2025
685.,B739,PKLGO,LNI,LNI690,LNI971,08/05:01,08/05:10,08/06:54,08/07:02,1:44:00,CGK,BTH,014,28,1,1,NML,3,2025
686.,A320,PKLAF,BTK,BTK7503,BTK6135,07/17:59,07/18:04,08/06:59,08/07:12,12:55:00,HLP,PKN,020,28,0,0,NML,3,2025
687.,B738,PKGNG,GIA,GIA855,GIA305,07/20:46,07/22:47,08/06:59,08/07:10,10:10:00,SIN,CGK,004,28,1,1,NML,3,2025
688.,B738,PKGNH,GIA,GIA328,GIA854,07/19:57,07/22:27,08/06:52,08/07:05,10:48:00,CGK,SIN,A02,28,1,1,NML,3,2025
689.,B739,PKLHQ,LNI,LNI363,LNI646,08/06:22,08/06:28,08/07:18,08/07:26,0:50:00,BPN,LOP,015,28,1,1,NML,3,2025
690.,A320,PKGLR,CTV,CTV661,CTV460,08/06:33,08/06:43,08/07:30,08/07:38,0:47:00,DPS,AAP,005,28,1,1,NML,3,2025
691.,B739,PKLGJ,LNI,LNI693,LNI693,08/06:49,08/06:55,08/07:45,08/07:53,0:50:00,KOE,CGK,008,28,1,1,NML,3,2025
692.,B739,PKLGL,LNI,LNI929,LNI982,08/06:45,08/06:50,08/07:50,08/08:00,1:00:00,DPS,PKU,011,28,1,1,NML,3,2025
693.,A320,PKGQU,CTV,CTV355,CTV177,08/07:18,08/07:25,08/08:08,08/08:15,0:43:00,UPG,HLP,007,28,1,1,NML,3,2025
694.,A333,BLAD,CPA,CPA779,CPA780,07/18:03,07/18:06,08/08:06,08/08:19,14:00:00,HKG,HKG,A08,28,1,1,NML,3,2025
"695.,DHC6,PKICP,PGT,PKICP,PKICP,06/10:43,06/10:47,08/07:41,08/07:50,""1 day, 20:53:17"",PAG,PAG,028,28,0,0,NML,3,2025"
696.,B738,PKLZM,MXD,MXD352,MXD353,07/19:40,07/19:45,08/08:41,08/08:53,12:56:00,KUL,KUL,A04,10,1,1,NML,3,2025
697.,A320,PKSGD,SJV,SJV617,SJV618,07/20:02,07/20:07,08/09:02,08/09:15,12:55:00,BPN,BPN,025,10,0,0,NML,3,2025
698.,A320,9VJSO,JSA,JSA249,JSA250,08/08:06,08/08:09,08/08:49,08/08:57,0:40:00,SIN,SIN,A01,10,1,1,NML,3,2025
699.,A320,PKBKQ,BTK,BTK6576,BTK6581,07/22:52,07/22:57,08/08:59,08/09:11,10:02:00,CGK,CGK,012,10,1,1,NML,3,2025
700.,B739,PKLSP,LNI,LNI267,LNI682,08/07:03,08/07:09,08/09:03,08/09:20,1:54:00,TRK,PKY,014,10,1,1,NML,3,2025
701.,A320,PKPWE,PAS,PAS200,PAS201,08/08:16,08/08:23,08/09:10,08/09:27,0:47:00,CGK,CGK,005,10,1,1,NML,3,2025
702.,B738,PKGMP,GIA,GIA304,GIA342,08/08:25,08/08:31,08/12:37,08/12:52,4:06:00,CGK,DPS,004,28,1,1,NML,3,2025
703.,A320,PKGQA,CTV,CTV671,CTV486,08/08:11,08/08:18,08/09:13,08/09:31,0:55:40,LOP,BDJ,006,10,1,1,NML,3,2025
704.,A320,PKGQO,CTV,CTV417,CTV715,08/08:30,08/08:38,08/09:22,08/09:34,0:43:48,PNK,CGK,007,10,1,1,NML,3,2025
705.,A320,9VTRS,TGW,TGW264,TGW265,08/09:09,08/09:14,08/10:09,08/10:26,0:55:00,SIN,SIN,A02,10,1,1,NML,3,2025
706.,B738,9MMXB,MAS,MAS871,MAS870,08/09:05,08/09:11,08/09:59,08/10:09,0:48:00,KUL,KUL,A01,10,1,1,NML,3,2025
707.,B738,PKGMM,GIA,GIA402,GIA402,08/09:28,08/09:31,08/13:47,08/13:59,4:16:00,CGK,DPS,003,28,0,0,NML,3,2025
708.,B738MAX,9MLRF,MXD,MXD350,MXD351,08/08:58,08/09:03,08/10:16,08/10:20,1:13:00,KUL,KUL,A03,10,1,1,NML,3,2025
709.,A359,9VSHP,SIA,SIA922,SIA923,08/08:55,08/09:01,08/10:05,08/10:24,1:04:00,SIN,SIN,A08,10,1,1,NML,3,2025
710.,A320,PKGQK,CTV,CTV351,CTV350,08/09:18,08/09:21,08/10:08,08/10:22,0:47:00,UPG,UPG,006,10,1,1,NML,3,2025
711.,A320,PKSAY,SJV,SJV637,SJV632,07/15:24,07/15:29,08/10:16,08/10:28,18:47:00,BDJ,BDJ,026,10,0,0,NML,3,2025
712.,B739,PKLHR,LNI,LNI315,LNI262,08/07:58,08/08:03,08/10:30,08/10:47,2:27:00,BDJ,BPN,023,10,0,0,NML,3,2025
713.,A320,PKPWJ,PAS,PAS210,PAS211,08/09:51,08/09:54,08/10:33,08/10:49,0:39:00,CGK,CGK,005,10,1,1,NML,3,2025
714.,A320,PKLUW,BTK,BTK7513,BTK7516,08/10:04,08/10:08,08/10:49,08/11:07,0:41:00,HLP,HLP,009,10,1,1,NML,3,2025
715.,A320,PKLAF,BTK,BTK6134,BTK6346,08/09:43,08/09:46,08/10:57,08/11:09,1:11:00,PKN,BEJ,011,10,1,1,NML,3,2025
716.,A320,PKSJL,SJV,SJV723,SJV642,07/17:45,07/17:50,08/10:59,08/11:11,17:09:00,DPS,AAP,016,10,1,1,NML,3,2025
717.,B738MAX,9MLRF,MXD,MXD351A,MXD351D,08/10:37,08/10:41,08/11:00,08/11:12,0:19:00,KUL,KUL,A03,10,1,1,NML,3,2025
718.,B739,PKLHH,LNI,LNI694,LNI694,08/10:07,08/10:12,08/11:07,08/11:18,0:55:00,CGK,KOE,17A,10,0,0,NML,3,2025
719.,A320,PKAZL,AWQ,AWQ321,AWQ322,08/10:35,08/10:40,08/11:11,08/11:17,0:31:00,KUL,KUL,A01,10,1,1,NML,3,2025
720.,B739,PKLGY,LNI,LNI791,LNI697,08/09:39,08/09:41,08/11:14,08/11:23,1:33:00,UPG,CGK,014,10,1,1,NML,3,2025
721.,B738,PKGFD,GIA,GIA322,GIA327,08/10:01,08/10:05,08/11:36,08/11:46,1:31:00,CGK,CGK,008,10,1,1,NML,3,2025
722.,A320,PKLAM,BTK,BTK7517,BTK7520,08/10:34,08/10:37,08/11:25,08/11:36,0:48:00,HLP,HLP,012,10,1,1,NML,3,2025
723.,A339,PKLEV,LNI,LNI103,LNI074,08/08:02,08/08:05,08/11:36,08/11:48,3:31:00,JED,MED,A06,10,1,1,NML,3,2025
"724.,B739,PKLHS,LNI,LNI707,LNI804,06/14:56,08/03:37,08/13:37,08/13:49,""1 day, 22:36:00"",UPG,DPS,021,28,0,0,NML,3,2025"
725.,A320,PKGLX,CTV,CTV682,CTV682,08/11:03,08/11:08,08/12:41,08/12:56,1:33:44,CGK,DPS,17B,28,0,0,DVT,3,2025
726.,A320,4WAAL,AED,DTL181,DTL181,08/09:32,08/09:38,08/12:29,08/12:39,2:51:00,DIL,DPS,C01,10,0,0,NML,3,2025
727.,A320,PKBLD,BTK,BTK6582,BTK6585,08/11:29,08/11:33,08/12:27,08/12:37,0:54:31,CGK,CGK,009,28,1,1,NML,3,2025
728.,A320,PKGLR,CTV,CTV461,CTV698,08/11:05,08/11:11,08/12:08,08/12:19,0:57:40,AAP,DPS,006,10,1,1,NML,3,2025
729.,A21N,VHOFW,JST,JST110,JST110,08/10:11,08/10:16,08/12:39,08/12:50,2:23:51,PER,DPS,C02,28,0,0,NML,3,2025
730.,A321,VNA635,VJC,VJC899,VJC899,08/11:33,08/11:38,08/13:51,08/14:11,2:13:00,SGN,DPS,A03,28,1,1,NML,3,2025
731.,B739,PKLSW,LNI,LNI865,LNI780,07/18:26,07/18:31,08/12:32,08/12:44,18:01:18,LOP,UPG,022,28,0,0,NML,3,2025
732.,A320,9VJSL,JSA,JSA243,JSA243,08/10:20,08/10:28,08/13:24,08/13:44,2:56:00,SIN,DPS,A02,28,1,1,NML,3,2025
733.,B78X,9VSCF,SIA,SIA936,SIA936,08/10:42,08/10:50,08/13:43,08/13:53,2:53:00,SIN,DPS,A08,28,1,1,NML,3,2025
734.,B735,PKNAT,LKN,LKN1930,LKN1920,08/11:58,08/12:02,08/12:42,08/12:53,0:40:00,PKN,PKN,011,28,1,1,NML,3,2025
735.,A339,PKLES,LNI,LNI075,LNI106,07/14:00,07/14:07,08/13:20,08/13:39,23:13:00,JED,JED,A07,28,1,1,NML,3,2025
736.,A320,PKGQA,CTV,CTV487,CTV668,08/12:03,08/12:09,08/13:32,08/13:47,1:22:59,BDJ,DPS,008,28,1,1,NML,3,2025
737.,A320,PKPWL,PAS,PAS204,PAS205,08/11:50,08/11:53,08/13:21,08/13:28,1:28:00,CGK,CGK,005,28,1,1,NML,3,2025
738.,A320,PKAZO,AWQ,AWQ387,AWQ324,08/13:08,08/13:12,08/13:45,08/13:57,0:33:00,PEN,KUL,A04,28,1,1,NML,3,2025
739.,B738,PKGMW,GIA,GIA312,GIA317,08/12:20,08/12:24,08/13:43,08/13:52,1:19:00,CGK,CGK,006,28,1,1,NML,3,2025
740.,A333,PKGHC,GIA,GIA719,GIA719,08/09:52,08/09:58,08/13:52,08/14:08,3:54:00,MEB,DPS,007,28,1,1,NML,3,2025
741.,B738,PKLKV,LNI,LNI839,LNI836,08/12:47,08/12:52,08/14:04,08/14:15,1:11:22,PNK,PNK,015,28,1,1,NML,3,2025
742.,A320,PKGQO,CTV,CTV716,CTV717,08/13:38,08/13:46,08/14:31,08/14:42,0:45:00,CGK,CGK,004,28,1,1,NML,3,2025
743.,A320,PKGQN,CTV,CTV431,CTV948,08/13:35,08/13:42,08/14:23,08/14:32,0:41:00,BPN,BTH,009,28,1,1,NML,3,2025
"744.,B739,PKLHJ,LNI,LNI694,LNI642,06/10:22,06/10:29,08/15:14,08/15:31,""2 days, 4:44:15"",CGK,LOP,C06,28,0,0,NML,3,2025"
745.,A321,VNA607,VJC,VJC893,VJC893,08/12:08,08/12:14,08/15:37,08/15:48,3:22:01,SGN,DPS,A01,28,1,1,NML,3,2025
746.,B738,PKGFH,GIA,GIA330,GIA331,08/14:24,08/14:32,08/15:24,08/15:35,0:52:00,HLP,HLP,005,28,1,1,NML,3,2025
747.,A320,PKSTP,SJV,SJV633,SJV614,08/13:32,08/13:37,08/16:26,08/16:37,2:49:00,BDJ,BPN,016,10,1,1,NML,3,2025
748.,B739,PKLGL,LNI,LNI983,LNI920,08/13:42,08/13:49,08/19:04,08/19:13,5:15:00,PKU,DPS,017,28,1,1,NML,3,2025
749.,A320,PKLAM,BTK,BTK7501,BTK7512,08/15:06,08/15:12,08/15:50,08/16:00,0:38:00,HLP,HLP,008,28,1,1,NML,3,2025
750.,B738,9MMLO,MAS,MAS873,MAS872,08/14:48,08/14:53,08/15:32,08/15:47,0:39:00,KUL,KUL,A07,28,1,1,NML,3,2025
751.,B738,PKLQZ,LNI,LNI837,LNI581,08/07:55,08/08:00,08/15:43,08/15:55,7:43:00,PNK,CGK,020,28,0,0,NML,3,2025
752.,A320,PKLAF,BTK,BTK6347,BTK6401,08/15:23,08/15:29,08/16:16,08/16:22,0:47:00,BEJ,CGK,009,10,1,1,NML,3,2025
753.,A320,PKGQP,CTV,CTV174,CTV418,08/15:12,08/15:19,08/16:06,08/16:15,0:47:00,HLP,PNK,006,28,1,1,NML,3,2025
754.,B739,PKLSO,LNI,LNI692,LNI316,08/16:08,08/16:14,08/18:08,08/18:19,1:54:00,CGK,BDJ,012,10,1,1,NML,3,2025
755.,B738,PKGMC,GIA,GIA310,GIA315,08/15:26,08/15:33,08/16:30,08/16:44,0:57:00,CGK,CGK,007,10,1,1,NML,3,2025
756.,B738MAX,PKOFI,AFE,AFE920,AFE920,08/15:45,08/15:51,08/16:26,08/16:38,0:35:00,TIM,CGK,005,10,1,1,NML,3,2025
757.,B739,PKLHQ,LNI,LNI645,LNI692,08/10:20,08/10:24,08/17:04,08/17:13,6:40:00,LOP,KOE,018,10,0,0,NML,3,2025
758.,A320,PKPWA,PAS,PAS206,PAS623,08/16:03,08/16:11,08/16:59,08/17:10,0:48:00,CGK,BPN,004,10,1,1,NML,3,2025
759.,B738,PKGFI,GIA,GIA422,GIA422,08/15:37,08/15:45,08/16:54,08/17:05,1:09:00,CGK,DPS,003,10,0,0,NML,3,2025
760.,B738,PKBGF,BTK,BTK6578,BTK7579,08/16:36,08/16:39,08/17:30,08/17:44,0:51:00,CGK,CGK,009,10,1,1,NML,3,2025
761.,A320,PKAZL,AWQ,AWQ323,AWQ326,08/16:43,08/16:48,08/17:11,08/17:19,0:23:00,KUL,KUL,A01,10,1,1,NML,3,2025
762.,B738,PKLOH,LNI,LNI879,LNI838,08/10:54,08/10:58,08/17:30,08/17:40,6:32:00,AMQ,PNK,025,10,0,0,NML,3,2025
763.,A320,PKPWJ,PAS,PAS622,PAS207,08/17:16,08/17:20,08/18:20,08/18:22,1:00:00,BPN,CGK,005,10,1,1,NML,3,2025
764.,B738MAX,9VMBI,SIA,SIA928,SIA929,08/18:12,08/18:19,08/19:08,08/19:23,0:49:00,SIN,SIN,A07,28,1,1,NML,3,2025
765.,B738,PKCRH,SJY,SJY567,SJY562,08/17:42,08/17:45,08/18:33,08/18:44,0:48:00,UPG,UPG,011,28,1,1,NML,3,2025
766.,A320,PKGLS,CTV,CTV736,CTV352,08/18:04,08/18:07,08/19:00,08/19:11,0:53:00,CGK,UPG,006,28,1,1,NML,3,2025
767.,B739,PKLHH,LNI,LNI695,LNI880,08/16:46,08/16:49,08/19:53,08/20:02,3:04:00,KOE,UPG,014,28,1,1,NML,3,2025
768.,A320,PKGQE,CTV,CTV949,CTV494,08/19:31,08/19:39,08/20:16,08/20:26,0:37:18,BTH,BDJ,006,28,1,1,NML,3,2025
769.,B738,PKGNM,GIA,GIA326,GIA313,08/19:38,08/19:44,08/20:40,08/20:48,0:56:00,CGK,CGK,004,28,1,1,NML,3,2025
770.,A320,PKGQL,CTV,CTV722,CTV354,08/19:07,08/19:17,08/19:59,08/20:08,0:42:00,CGK,UPG,005,28,1,1,NML,3,2025
771.,A320,PKGLG,CTV,CTV489,CTV662,08/19:28,08/19:37,08/20:14,08/20:22,0:37:36,BDJ,DPS,008,28,1,1,NML,3,2025
772.,A333,PKGHC,GIA,GIA719,GIA719,08/15:40,08/15:58,08/20:58,08/21:12,5:00:00,DPS,DPS,A06,28,1,1,NML,3,2025
773.,A320,PKGTA,CTV,CTV669,CTV721,08/18:41,08/18:49,08/20:50,08/21:02,2:01:00,DPS,CGK,007,28,1,1,NML,3,2025
774.,B739,PKLHO,LNI,LNI919,LNI786,08/17:38,08/17:42,09/04:55,09/05:05,11:13:39,DPS,UPG,018,28,0,0,NML,3,2025
775.,A320,PKSAV,SJV,SJV703,SJV610,08/19:03,08/19:10,09/04:54,09/05:07,9:44:00,DPS,BPN,012,28,1,1,NML,3,2025
776.,A320,PKGLY,CTV,CTV699,CTV430,08/18:15,08/18:18,09/04:54,09/05:13,10:36:21,DPS,BPN,003,28,0,0,NML,3,2025
777.,B738,PKLBW,BTK,BTK6576,BTK7508,08/22:37,08/22:43,09/05:00,09/05:17,6:17:00,CGK,HLP,014,28,1,1,NML,3,2025
"778.,B738,PKLKP,LNI,LNI885,LNI878,07/19:14,07/19:21,09/04:58,09/05:15,""1 day, 9:37:54"",UPG,AMQ,024,28,0,0,NML,3,2025"
779.,A320,PKAZL,AWQ,AWQ327,AWQ320,08/23:15,08/23:17,09/05:00,09/05:19,5:43:00,KUL,KUL,A03,28,1,1,NML,3,2025
780.,B739,PKLHJ,LNI,LNI865,LNI6000,08/18:00,08/18:04,09/05:10,09/05:22,11:06:00,LOP,PKY,025,28,0,0,NML,3,2025
781.,A320,PKGQQ,CTV,CTV720,CTV725,08/21:59,08/22:04,09/05:40,09/05:50,7:36:00,CGK,CGK,007,28,1,1,NML,3,2025
782.,A320,PKGLS,CTV,CTV353,CTV484,09/05:10,09/05:16,09/05:51,09/06:01,0:35:00,UPG,BDJ,006,28,1,1,NML,3,2025
783.,A320,PKSJF,SJV,SJV611,SJV706,08/08:36,08/08:40,09/06:00,09/06:10,21:19:44,BPN,DPS,C05,28,0,0,NML,3,2025
784.,B738,PKLOP,LNI,LNI709,LNI868,08/16:50,08/16:53,09/05:51,09/06:00,12:58:00,UPG,TTE,016,28,1,1,NML,3,2025
785.,A320,PKSJL,SJV,SJV643,SJV640,08/15:20,08/15:26,09/05:56,09/06:05,14:30:00,AAP,AAP,022,28,0,0,NML,3,2025
786.,A320,PKSGC,SJV,SJV637,SJV566,08/15:16,08/15:21,09/06:41,09/06:49,15:20:00,BDJ,PLW,026,28,0,0,NML,3,2025
787.,B739,PKLGO,LNI,LNI972,LNI971,08/16:12,08/16:21,09/06:57,09/07:05,14:36:00,BTH,BTH,015,28,1,1,NML,3,2025
"788.,A320,PKLAW,BTK,BTK6576,BTK6135,06/21:17,06/21:21,09/07:01,09/07:11,""2 days, 9:40:00"",CGK,PKN,C04,28,0,0,NML,3,2025"
789.,B738,PKGMP,GIA,GIA349,GIA305,08/20:00,08/20:07,09/06:57,09/07:09,10:50:00,DPS,CGK,005,28,1,1,NML,3,2025
790.,B738,PKGNH,GIA,GIA855,GIA854,08/22:54,08/22:57,09/07:02,09/07:14,8:05:00,SIN,SIN,A02,28,1,1,NML,3,2025
791.,B739,PKLFY,LNI,LNI707,LNI646,08/15:32,09/03:46,09/07:23,09/07:32,15:47:00,UPG,LOP,023,28,0,0,NML,3,2025
792.,A320,PKAZO,AWQ,AWQ325,AWQ392,08/19:41,08/19:47,09/07:30,09/07:42,11:43:00,KUL,JHB,A01,28,1,1,NML,3,2025
793.,A320,PKGLG,CTV,CTV661,CTV460,09/07:00,09/07:07,09/07:45,09/07:55,0:38:00,DPS,AAP,006,28,1,1,NML,3,2025
794.,B739,PKLHM,LNI,LNI363,LNI693,09/06:22,09/06:28,09/07:52,09/08:00,1:24:00,BPN,CGK,012,28,1,1,NML,3,2025
795.,A320,PKGQL,CTV,CTV355,CTV177,09/07:28,09/07:34,09/08:06,09/08:18,0:32:00,UPG,HLP,007,28,1,1,NML,3,2025
796.,A333,BLBD,CPA,CPA779,CPA780,08/18:07,08/18:16,09/08:01,09/08:15,13:45:00,HKG,HKG,A08,28,1,1,NML,3,2025
797.,B738,PKLDM,MXD,MXD352,MXD353,08/19:35,08/19:39,09/08:26,09/08:34,12:47:00,KUL,KUL,A04,28,1,1,NML,3,2025
"798.,A339,PKLET,LNI,LNI107,LNI078,07/16:56,08/22:20,09/08:29,09/08:44,""1 day, 15:28:00"",JED,MED,A07,28,1,1,NML,3,2025"
799.,A320,PKLAM,BTK,BTK7521,BTK6581,08/20:05,08/20:10,09/08:57,09/09:05,12:47:00,HLP,CGK,009,28,1,1,NML,3,2025
800.,A320,PKSTP,SJV,SJV617,SJV618,08/19:55,08/20:00,09/08:52,09/09:01,12:52:00,BPN,BPN,017,28,1,1,NML,3,2025
801.,B739,PKLHJ,LNI,LNI683,LNI856,09/08:21,09/08:27,09/09:04,09/09:15,0:37:00,PKY,PLM,015,28,1,1,NML,3,2025
802.,B738,PKLKV,LNI,LNI837,LNI748,09/08:07,09/08:13,09/09:13,09/09:24,1:00:00,PNK,MDC,014,28,1,1,NML,3,2025
803.,B739,PKLGP,LNI,LNI315,LNI682,09/07:49,09/07:55,09/09:52,09/10:05,1:57:00,BDJ,PKY,011,10,1,1,NML,3,2025
804.,A320,PKGQT,CTV,CTV417,CTV715,09/09:28,09/09:36,09/10:14,09/10:23,0:38:00,PNK,CGK,006,10,1,1,NML,3,2025
805.,A320,PKGLS,CTV,CTV485,CTV486,09/08:26,09/08:33,09/09:14,09/09:26,0:41:00,BDJ,BDJ,006,28,1,1,NML,3,2025
806.,B738,PKGNR,GIA,GIA304,GIA342,09/08:13,09/08:18,09/09:28,09/09:47,1:10:00,CGK,DPS,004,10,1,1,NML,3,2025
807.,A320,9VTRL,TGW,TGW264,TGW265,09/08:50,09/08:54,09/09:44,09/09:53,0:50:00,SIN,SIN,A02,10,1,1,NML,3,2025
808.,B738,9MMXS,MAS,MAS871,MAS870,09/09:09,09/09:12,09/09:52,09/10:02,0:40:00,KUL,KUL,A07,10,1,1,NML,3,2025
809.,B738MAX,9MLRQ,MXD,MXD350,MXD351,09/08:42,09/08:46,09/09:58,09/10:10,1:12:00,KUL,KUL,A03,10,1,1,NML,3,2025
810.,A359,9VSHO,SIA,SIA922,SIA923,09/09:12,09/09:15,09/10:15,09/10:29,1:00:00,SIN,SIN,A08,10,1,1,NML,3,2025
811.,A320,PKGQO,CTV,CTV351,CTV350,09/09:22,09/09:29,09/10:17,09/10:31,0:48:00,UPG,UPG,007,10,1,1,NML,3,2025
812.,A320,PKSAV,SJV,SJV611,SJV632,09/08:29,09/08:34,09/10:18,09/10:27,1:44:00,BPN,BDJ,023,10,0,0,NML,3,2025
813.,B739,PKLHO,LNI,LNI791,LNI706,09/09:16,09/09:22,09/10:32,09/10:42,1:10:00,UPG,UPG,009,10,1,1,NML,3,2025
814.,A320,PKPWD,PAS,PAS210,PAS211,09/09:35,09/09:41,09/10:28,09/10:39,0:47:00,CGK,CGK,005,10,1,1,NML,3,2025
815.,A320,PKLBW,BTK,BTK7513,BTK7516,09/09:50,09/09:55,09/10:38,09/10:48,0:43:00,HLP,HLP,012,10,1,1,NML,3,2025
816.,A320,PKLAW,BTK,BTK6134,BTK6346,09/09:56,09/10:01,09/10:43,09/10:53,0:42:00,PKN,BEJ,014,10,1,1,NML,3,2025
817.,B739,PKLFY,LNI,LNI645,LNI822,09/10:11,09/10:16,09/11:05,09/11:16,0:49:00,LOP,LOP,015,10,1,1,NML,3,2025
818.,FA8X,MPTGG,AFI,MPTGG,MPTGG,09/10:08,09/10:13,09/10:44,09/10:49,0:31:00,XSP,DHX,A01,10,1,1,NML,3,2025
819.,B739,PKLSH,LNI,LNI694,LNI694,09/10:15,09/10:18,09/11:19,09/11:32,1:01:00,CGK,KOE,016,10,1,1,NML,3,2025
820.,A320,PKAZL,AWQ,AWQ321,AWQ322,09/10:32,09/10:37,09/11:05,09/11:12,0:28:00,KUL,KUL,A03,10,1,1,NML,3,2025
821.,B738,PKLKQ,LNI,LNI690,LNI697,09/05:03,09/05:10,09/11:25,09/11:34,6:14:58,CGK,CGK,C06,10,0,0,NML,3,2025
822.,B738,PKGNM,GIA,GIA322,GIA327,09/09:58,09/10:02,09/11:23,09/11:38,1:21:00,CGK,CGK,004,10,1,1,NML,3,2025
823.,B739,PKLSI,LNI,LNI929,LNI804,09/06:40,09/06:46,09/11:54,09/12:04,5:08:00,DPS,DPS,018,10,0,0,NML,3,2025
824.,A320,PKBLD,BTK,BTK6582,BTK6585,09/11:44,09/11:47,09/12:48,09/12:55,1:01:00,CGK,CGK,009,10,1,1,NML,3,2025
825.,A320,PKGLG,CTV,CTV461,CTV698,09/11:30,09/11:34,09/12:14,09/12:24,0:40:00,AAP,DPS,006,10,1,1,NML,3,2025
826.,A320,PKSGC,SJV,SJV567,SJV636,09/11:27,09/11:31,09/12:22,09/12:30,0:51:00,PLW,BDJ,014,10,1,1,NML,3,2025
827.,B739,PKLHL,LNI,LNI801,LNI780,09/11:24,09/11:27,09/12:29,09/12:41,1:02:00,UPG,UPG,012,10,1,1,NML,3,2025
828.,B735,PKNAT,LKN,LKN193,LKN192,09/11:37,09/11:40,09/12:22,09/12:36,0:42:00,PKN,PKN,011,10,1,1,NML,3,2025
829.,A320,PKGLS,CTV,CTV487,CTV668,09/12:07,09/12:10,09/12:51,09/12:59,0:41:00,BDJ,DPS,007,10,1,1,NML,3,2025
830.,B739,PKLHQ,LNI,LNI693,LNI722,09/06:52,09/06:57,09/13:20,09/13:31,6:23:17,KOE,KDI,022,28,0,0,NML,3,2025
831.,A320,PKPWF,PAS,PAS204,PAS205,09/12:02,09/12:04,09/13:11,09/13:18,1:07:26,CGK,CGK,005,10,1,1,NML,3,2025
832.,A320,PKAZO,AWQ,AWQ393,AWQ324,09/12:33,09/12:39,09/13:16,09/13:28,0:37:00,JHB,KUL,A01,28,1,1,NML,3,2025
833.,A320,PKGQJ,CTV,CTV716,CTV717,09/13:29,09/13:36,09/14:15,09/14:21,0:39:00,CGK,CGK,007,28,1,1,NML,3,2025
834.,A320,9VJSL,JSA,JSA247,JSA248,09/13:43,09/13:46,09/14:29,09/14:39,0:43:00,SIN,SIN,A07,28,1,1,NML,3,2025
835.,A320,PKSAL,SJV,SJV619,SJV726,08/16:54,08/16:58,09/14:02,09/14:10,21:04:00,BPN,LBJ,020,28,0,0,NML,3,2025
836.,A320,PKGLY,CTV,CTV431,CTV948,09/13:26,09/13:32,09/14:17,09/14:27,0:45:00,BPN,BTH,006,28,1,1,NML,3,2025
837.,B739,PKLFY,LNI,LNI823,LNI260,09/14:00,09/14:05,09/15:01,09/15:10,0:56:24,LOP,BPN,011,28,1,1,NML,3,2025
838.,A320,PKLUI,BTK,BTK7515,BTK7514,09/13:48,09/13:54,09/14:45,09/14:54,0:51:00,HLP,HLP,008,28,1,1,NML,3,2025
839.,B738,PKGUA,GIA,GIA312,GIA317,09/13:22,09/13:29,09/14:52,09/15:04,1:23:39,CGK,CGK,004,28,1,1,NML,3,2025
840.,A320,PKPWE,PAS,PAS208,PAS209,09/14:04,09/14:12,09/14:57,09/15:07,0:45:20,CGK,CGK,009,28,1,1,NML,3,2025
841.,B738,PKGFP,GIA,GIA330,GIA331,09/13:56,09/14:02,09/15:23,09/15:32,1:21:00,HLP,HLP,005,28,1,1,NML,3,2025
842.,A320,PKSAZ,SJV,SJV633,SJV614,09/13:37,09/13:42,09/15:36,09/15:46,1:54:00,BDJ,BPN,018,28,0,0,NML,3,2025
843.,B739,PKLSI,LNI,LNI919,LNI920,09/14:42,09/14:48,09/15:40,09/15:48,0:52:00,DPS,DPS,016,28,1,1,NML,3,2025
844.,A320,PKLUP,BTK,BTK7501,BTK7512,09/15:22,09/15:29,09/16:10,09/16:25,0:41:00,HLP,HLP,009,28,1,1,NML,3,2025
845.,B738,9MMXJ,MAS,MAS873,MAS872,09/15:01,09/15:08,09/16:02,09/16:18,0:54:01,KUL,KUL,A08,28,1,1,NML,3,2025
846.,B739,PKLKV,LNI,LNI749,LNI581,09/15:08,09/15:14,09/16:13,09/16:28,0:59:00,MDC,CGK,012,28,1,1,NML,3,2025
847.,B73F,PKMGZ,TMG,TMG201,TMG202,09/16:16,09/16:18,09/18:25,09/18:35,2:06:18,PKY,BDJ,C04,28,0,0,NML,3,2025
848.,A320,PKLAW,BTK,BTK6347,BTK6401,09/15:12,09/15:19,09/16:26,09/16:36,1:07:39,BEJ,CGK,011,28,1,1,NML,3,2025
849.,B739,PKLFK,LNI,LNI707,LNI316,09/14:14,09/14:21,09/16:07,09/16:20,1:46:00,UPG,BDJ,015,28,1,1,NML,3,2025
850.,A320,PKGQU,CTV,CTV174,CTV418,09/15:36,09/15:41,09/16:16,09/16:29,0:35:08,HLP,PNK,006,28,1,1,NML,3,2025
851.,B738,PKGMA,GIA,GIA310,GIA315,09/15:25,09/15:30,09/16:27,09/16:38,0:57:53,CGK,CGK,008,28,1,1,NML,3,2025
852.,A339,PKLES,LNI,LNI107,LNI100,09/15:18,09/15:22,09/17:34,09/17:54,2:12:00,JED,JED,A06,28,1,1,NML,3,2025
853.,B739,PKLSH,LNI,LNI695,LNI268,09/15:51,09/15:57,09/16:47,09/16:55,0:50:00,KOE,TRK,007,28,1,1,NML,3,2025
854.,B739,PKLSK,LNI,LNI692,LNI692,09/15:58,09/16:02,09/16:54,09/17:03,0:52:00,CGK,KOE,016,28,1,1,NML,3,2025
855.,A320,PKPWJ,PAS,PAS206,PAS623,09/16:00,09/16:06,09/16:47,09/16:57,0:41:39,CGK,BPN,005,28,1,1,NML,3,2025
856.,A320,PKBLD,BTK,BTK6578,BTK7579,09/17:19,09/17:24,09/18:23,09/18:35,0:59:00,CGK,CGK,009,28,1,1,NML,3,2025
857.,A320,PKAZL,AWQ,AWQ323,AWQ326,09/16:43,09/16:46,09/17:18,09/17:31,0:32:36,KUL,KUL,A01,28,1,1,NML,3,2025
858.,B738,PKLKP,LNI,LNI879,LNI838,09/15:05,09/15:11,09/17:27,09/17:37,2:16:08,AMQ,PNK,014,28,1,1,NML,3,2025
859.,A320,PKPWD,PAS,PAS622,PAS207,09/17:11,09/17:17,09/18:12,09/18:21,0:54:33,BPN,CGK,005,28,1,1,NML,3,2025
860.,B738,PKGUG,GIA,GIA320,GIA325,09/17:29,09/17:37,09/18:30,09/18:39,0:53:00,CGK,CGK,008,28,1,1,NML,3,2025
861.,A320,PKSAS,SJV,SJV619,SJV716,09/16:59,09/17:05,09/19:46,09/19:55,2:41:00,BPN,LOP,012,28,1,1,NML,3,2025
862.,B738,PKCRH,SJY,SJY567,SJY562,09/17:40,09/17:45,09/18:44,09/18:52,0:59:00,UPG,UPG,011,28,1,1,NML,3,2025
863.,B738MAX,9VMBP,SIA,SIA928,SIA929,09/17:43,09/17:48,09/18:40,09/18:56,0:52:00,SIN,SIN,A03,28,1,1,NML,3,2025
864.,A320,PKLUY,BTK,BTK7503,BTK7502,09/20:11,09/20:17,09/20:52,09/21:00,0:35:00,HLP,HLP,009,28,1,1,NML,3,2025
"865.,AW139,PKTVN,TVR,PKTVN,PKTVN,07/11:46,07/11:52,09/19:13,09/19:16,""2 days, 7:21:00"",MBH,MBH,H02,28,0,0,NML,3,2025"
866.,A320,PKGQN,CTV,CTV736,CTV352,09/18:14,09/18:22,09/19:03,09/19:11,0:41:00,CGK,UPG,007,28,1,1,NML,3,2025
867.,A320,PKGQQ,CTV,CTV949,CTV494,09/18:30,09/18:37,09/19:22,09/19:31,0:45:00,BTH,BDJ,006,28,1,1,NML,3,2025
868.,B788,9VOFD,TGW,TGW262,TGW263,09/18:44,09/18:54,09/19:53,09/20:07,0:59:56,SIN,SIN,A06,28,1,1,NML,3,2025
869.,B739,PKLGO,LNI,LNI972,LNI880,09/16:23,09/16:29,09/19:41,09/19:51,3:12:36,BTH,UPG,017,28,1,1,NML,3,2025
870.,A320,PKGLT,CTV,CTV722,CTV354,09/19:04,09/19:10,09/19:57,09/20:04,0:47:58,CGK,UPG,005,28,1,1,NML,3,2025
871.,A320,PKGTA,CTV,CTV489,CTV662,09/19:42,09/19:48,09/20:21,09/20:36,0:33:00,BDJ,DPS,007,28,1,1,NML,3,2025
872.,B738,PKLDK,BTK,BTK6588,BTK6587,09/19:28,09/19:35,09/20:21,09/20:32,0:46:00,CGK,CGK,008,28,1,1,NML,3,2025
873.,A320,PKGLR,CTV,CTV669,CTV721,09/16:31,09/16:37,09/20:46,09/20:55,4:09:00,DPS,CGK,018,28,0,0,NML,3,2025
874.,B738,PKGFQ,GIA,GIA324,GIA329,09/19:45,09/19:52,09/20:58,09/21:00,1:06:00,CGK,CGK,006,28,1,1,NML,3,2025
875.,B739,PKLOP,LNI,LNI869,LNI878,09/14:57,09/15:01,10/04:57,10/05:10,13:55:27,TTE,AMQ,026,10,0,0,NML,3,2025
876.,A320,PKGQR,CTV,CTV720,CTV430,09/22:04,09/22:11,10/04:56,10/05:12,6:45:00,CGK,BPN,006,10,1,1,NML,3,2025
877.,B733F,PKMYV,MYU,MYU935,MYU815,09/12:39,09/12:43,10/05:02,10/05:10,16:19:00,SRG,CGK,C02,10,0,0,NML,3,2025
878.,A320,PKLUF,BTK,BTK7521,BTK7508,09/20:53,09/20:59,10/04:54,10/05:08,7:55:00,HLP,HLP,012,10,1,1,NML,3,2025
879.,A320,PKSAZ,SJV,SJV617,SJV610,09/19:08,09/19:14,10/04:54,10/05:05,9:40:00,BPN,BPN,015,10,1,1,NML,3,2025
880.,A320,PKAZO,AWQ,AWQ325,AWQ320,09/19:14,09/19:17,10/05:01,10/05:14,9:44:00,KUL,KUL,A01,10,1,1,NML,3,2025
881.,B739,PKLHJ,LNI,LNI857,LNI786,09/13:33,09/13:38,10/05:06,10/05:19,15:28:00,PLM,UPG,023,10,0,0,NML,3,2025
882.,A320,PKGLG,CTV,CTV699,CTV725,09/14:47,09/14:55,10/05:52,10/06:03,14:56:43,DPS,CGK,003,10,0,0,NML,3,2025
883.,A320,V8RBB,RBA,RBA795,RBA796,09/20:29,09/20:33,10/05:39,10/05:49,9:06:00,BWN,BWN,A07,10,1,1,NML,3,2025
884.,A320,PKGLS,CTV,CTV353,CTV484,10/05:06,10/05:10,10/05:47,10/05:56,0:37:00,UPG,BDJ,007,10,1,1,NML,3,2025
885.,A320,PKPWM,PAS,PAS212,PAS213,09/20:34,09/20:40,10/06:00,10/06:11,9:20:00,CGK,CGK,005,10,1,1,NML,3,2025
886.,A320,PKSJG,SJV,SJV637,SJV706,09/18:04,09/18:07,10/05:58,10/06:07,11:50:11,BDJ,DPS,C05,10,0,0,NML,3,2025
887.,A320,PKBKJ,BTK,BTK6413,BTK6412,09/20:43,09/20:49,10/06:16,10/06:28,9:27:00,DPS,DPS,014,10,1,1,NML,3,2025
888.,A320,PKSJL,SJV,SJV643,SJV566,09/15:30,09/15:34,10/06:56,10/07:07,15:21:37,AAP,PLW,025,10,0,0,NML,3,2025
"889.,B739,PKLKM,LNI,LNI683,LNI971,08/07:51,09/03:48,10/06:56,10/07:05,""1 day, 23:01:28"",PKY,BTH,C03,10,0,0,NML,3,2025"
890.,A320,PKBKU,BTK,BTK6406,BTK6135,09/15:15,10/04:49,10/07:07,10/07:18,15:46:00,CGK,PKN,020,10,0,0,NML,3,2025
891.,B738,PKGFU,GIA,GIA349,GIA854,09/17:50,09/23:36,10/07:03,10/07:11,13:03:00,DPS,SIN,A02,10,1,1,NML,3,2025
892.,B738,PKGNH,GIA,GIA855,GIA305,09/20:37,09/23:58,10/07:03,10/07:16,10:22:00,SIN,CGK,004,10,1,1,NML,3,2025
893.,B739,PKLFY,LNI,LNI363,LNI646,10/06:26,10/06:29,10/07:25,10/07:40,0:56:37,BPN,LOP,015,10,1,1,NML,3,2025
894.,A320,PKLUY,BTK,BTK7511,BTK7510,10/06:32,10/06:35,10/07:21,10/07:33,0:46:58,HLP,HLP,009,10,1,1,NML,3,2025
895.,A320,PKAZL,AWQ,AWQ327,AWQ392,09/22:58,09/23:02,10/07:29,10/07:35,8:27:00,KUL,JHB,A03,10,1,1,NML,3,2025
896.,A320,PKGTA,CTV,CTV661,CTV460,10/06:45,10/06:48,10/07:31,10/07:42,0:43:00,DPS,AAP,007,10,1,1,NML,3,2025
897.,B739,PKLSK,LNI,LNI693,LNI693,10/06:56,10/07:00,10/07:47,10/07:54,0:47:36,KOE,CGK,011,10,1,1,NML,3,2025
"898.,C208,PKVVF,SUS,PKVVF,PKVVF,07/08:50,07/08:53,10/08:03,10/08:13,""2 days, 23:10:10"",BXW,BXW,C07,10,0,0,NML,3,2025"
899.,A320,PKGQL,CTV,CTV170,CTV175,10/07:13,10/07:16,10/07:54,10/08:05,0:38:27,HLP,HLP,006,10,1,1,NML,3,2025
900.,A333,BLAE,CPA,CPA779,CPA780,09/18:26,09/18:29,10/08:04,10/08:18,13:35:00,HKG,HKG,A08,10,1,1,NML,3,2025
901.,B739,PKLSH,LNI,LNI267,LNI990,10/07:08,10/07:12,10/08:20,10/08:33,1:08:14,TRK,DPS,014,10,1,1,NML,3,2025
902.,A320,PKGLV,CTV,CTV355,CTV177,10/07:59,10/08:02,10/08:29,10/08:41,0:27:30,UPG,HLP,007,10,1,1,NML,3,2025
903.,B739,PKLSI,LNI,LNI929,LNI856,10/06:41,10/06:45,10/08:51,10/09:01,2:06:00,DPS,PLM,012,10,1,1,NML,3,2025
904.,A320,PKSAV,SJV,SJV717,SJV618,10/06:05,10/06:08,10/09:05,10/09:21,2:57:00,LOP,BPN,017,10,1,1,NML,3,2025
"905.,A320,PKLAJ,BTK,BTK6406,BTK6581,08/15:29,08/15:34,10/09:01,10/09:17,""1 day, 17:27:28"",CGK,CGK,021,10,0,0,NML,3,2025"
906.,B738,PKLKP,LNI,LNI837,LNI748,10/08:07,10/08:10,10/09:00,10/09:13,0:50:01,PNK,MDC,015,10,1,1,NML,3,2025
907.,B739,PKLGP,LNI,LNI683,LNI682,10/08:03,10/08:06,10/09:15,10/09:32,1:09:00,PKY,PKY,009,10,1,1,NML,3,2025
908.,A320,PKPWE,PAS,PAS200,PAS201,10/08:24,10/08:26,10/09:12,10/09:28,0:46:00,CGK,CGK,005,10,1,1,NML,3,2025
909.,B738,PKGNR,GIA,GIA304,GIA342,10/08:13,10/08:16,10/09:19,10/09:35,1:03:00,CGK,DPS,004,10,1,1,NML,3,2025
910.,A320,PKGLS,CTV,CTV485,CTV486,10/08:28,10/08:32,10/09:15,10/09:25,0:43:21,BDJ,BDJ,006,10,1,1,NML,3,2025
911.,A320,PKGQI,CTV,CTV417,CTV715,10/09:15,10/09:18,10/09:53,10/10:06,0:35:37,PNK,CGK,007,10,1,1,NML,3,2025
912.,A20N,9VTNF,TGW,TGW264,TGW265,10/09:00,10/09:05,10/10:01,10/10:12,0:56:29,SIN,SIN,A02,10,1,1,NML,3,2025
913.,B738,9MMXY,MAS,MAS871,MAS870,10/09:19,10/09:25,10/10:08,10/10:18,0:43:00,KUL,KUL,A01,10,1,1,NML,3,2025
914.,B735,PKNAS,LKN,LKN243,LKN242,10/09:49,10/09:51,10/10:27,10/10:37,0:36:00,SMQ,SMQ,012,10,1,1,NML,3,2025
915.,B738MAX,9MLRS,MXD,MXD350,MXD351,10/08:54,10/09:01,10/10:02,10/10:21,1:01:00,KUL,KUL,A03,10,1,1,NML,3,2025
916.,A359,9VSHF,SIA,SIA922,SIA923,10/09:12,10/09:12,10/10:12,10/10:27,1:00:25,SIN,SIN,A08,10,1,1,NML,3,2025
917.,A320,PKBKR,BTK,BTK6584,BTK6585,10/09:26,10/09:30,10/10:23,10/10:33,0:53:00,CGK,CGK,009,10,1,1,NML,3,2025
918.,A320,PKGQJ,CTV,CTV351,CTV350,10/09:29,10/09:33,10/10:17,10/10:29,0:44:00,UPG,UPG,008,10,1,1,NML,3,2025
919.,A320,PKSAZ,SJV,SJV611,SJV632,10/08:31,10/08:34,10/10:11,10/10:25,1:37:24,BPN,BDJ,011,10,1,1,NML,3,2025
920.,B738,PKLZZ,MXD,MXD352,MXD353,09/19:39,09/19:43,10/11:33,10/11:54,15:50:00,KUL,KUL,A04,28,1,1,NML,3,2025
921.,B739,PKLGJ,LNI,LNI315,LNI262,10/07:58,10/07:59,10/10:40,10/10:47,2:40:34,BDJ,BPN,020,10,0,0,NML,3,2025
922.,B739,PKLHJ,LNI,LNI791,LNI706,10/09:52,10/09:55,10/10:59,10/11:07,1:04:00,UPG,UPG,014,10,1,1,NML,3,2025
923.,A320,PKPWM,PAS,PAS210,PAS211,10/09:36,10/09:39,10/10:40,10/10:48,1:01:00,CGK,CGK,005,10,1,1,NML,3,2025
924.,A320,PKLUW,BTK,BTK7513,BTK6346,10/11:16,10/11:22,10/12:02,10/12:10,0:40:59,HLP,BEJ,011,28,1,1,NML,3,2025
925.,A320,PKBKU,BTK,BTK6134,BTK7516,10/10:08,10/10:12,10/11:16,10/11:34,1:04:00,PKN,HLP,015,28,1,1,NML,3,2025
926.,A320,PKSAL,SJV,SJV725,SJV642,09/17:27,09/17:32,10/10:53,10/11:05,17:21:00,LBJ,AAP,016,10,1,1,NML,3,2025
927.,B739,PKLHM,LNI,LNI694,LNI694,10/10:16,10/10:20,10/11:40,10/11:56,1:20:00,CGK,KOE,017,28,1,1,NML,3,2025
928.,A320,PKAZO,AWQ,AWQ321,AWQ322,10/10:45,10/10:50,10/11:22,10/11:48,0:32:00,KUL,KUL,A01,28,1,1,NML,3,2025
929.,A339,PKLEV,LNI,LNI075,LNI104,09/16:26,10/07:36,10/11:16,10/11:39,18:46:00,JED,JED,A06,28,1,1,NML,3,2025
930.,B738,PKLKQ,LNI,LNI690,LNI697,10/05:02,10/05:08,10/11:25,10/11:43,6:17:00,CGK,CGK,018,28,0,0,NML,3,2025
931.,B738,PKGUF,GIA,GIA322,GIA327,10/10:19,10/10:24,10/11:23,10/11:37,0:59:00,CGK,CGK,004,28,1,1,NML,3,2025
932.,B739,PKLSH,LNI,LNI805,LNI804,10/11:10,10/11:16,10/12:04,10/12:12,0:48:00,DPS,DPS,014,28,1,1,NML,3,2025
933.,A320,PKGTA,CTV,CTV461,CTV698,10/11:13,10/11:19,10/11:56,10/12:07,0:37:00,AAP,DPS,005,28,1,1,NML,3,2025
934.,A320,PKSJL,SJV,SJV567,SJV636,10/11:28,10/11:32,10/12:30,10/12:36,0:58:00,PLW,BDJ,016,28,1,1,NML,3,2025
935.,B739,PKLHY,LNI,LNI801,LNI780,10/11:32,10/11:39,10/12:28,10/12:38,0:49:44,UPG,UPG,009,28,1,1,NML,3,2025
936.,B735,PKNAT,LKN,LKN193,LKN192,10/11:58,10/12:04,10/12:36,10/12:47,0:32:16,PKN,PKN,012,28,1,1,NML,3,2025
937.,A339,PKLET,LNI,LNI079,LNI074,10/10:04,10/10:12,10/13:25,10/13:29,3:13:00,JED,MED,A07,28,1,1,NML,3,2025
938.,A320,PKGLS,CTV,CTV487,CTV668,10/12:02,10/12:08,10/12:47,10/12:56,0:39:05,BDJ,DPS,007,28,1,1,NML,3,2025
939.,G150,VHPFV,PFA,MEDIC15,MEDIC15,10/09:48,10/09:51,10/12:43,10/12:53,2:51:57,XSP,XSP,030,10,0,0,NML,3,2025
940.,A320,PKBLC,BTK,BTK6596,BTK6595,10/12:45,10/12:51,10/13:42,10/13:50,0:51:00,CGK,CGK,011,28,1,1,NML,3,2025
941.,A320,PKAZL,AWQ,AWQ393,AWQ324,10/12:25,10/12:29,10/13:17,10/13:27,0:48:00,JHB,KUL,A01,28,1,1,NML,3,2025
942.,B738,PKLOJ,LNI,LNI709,LNI722,09/15:54,10/04:48,10/13:24,10/13:34,21:24:00,UPG,KDI,024,28,0,0,NML,3,2025
943.,B738,PKLOH,LNI,LNI839,LNI836,10/13:32,10/13:37,10/14:28,10/14:38,0:51:00,PNK,PNK,017,28,1,1,NML,3,2025
944.,B738,PKGFD,GIA,GIA312,GIA317,10/13:28,10/13:35,10/14:20,10/14:33,0:45:00,CGK,CGK,004,28,1,1,NML,3,2025
945.,A320,PKGQR,CTV,CTV431,CTV948,10/13:35,10/13:42,10/14:21,10/14:30,0:39:00,BPN,BTH,007,28,1,1,NML,3,2025
946.,B739,PKLFY,LNI,LNI645,LNI260,10/10:24,10/10:28,10/14:40,10/14:49,4:12:00,LOP,BPN,025,28,0,0,NML,3,2025
947.,B739,PKLGJ,LNI,LNI261,LNI642,10/14:06,10/14:12,10/15:10,10/15:22,0:58:00,BPN,LOP,012,28,1,1,NML,3,2025
948.,A320,PKBKR,BTK,BTK6406,BTK7514,10/14:27,10/14:34,10/15:24,10/15:35,0:50:00,CGK,HLP,009,28,1,1,NML,3,2025
949.,B738,PKGFG,GIA,GIA330,GIA331,10/14:23,10/14:31,10/15:21,10/15:30,0:50:00,HLP,HLP,005,28,1,1,NML,3,2025
950.,A320,PKSAZ,SJV,SJV633,SJV614,10/13:01,10/13:07,10/15:24,10/15:38,2:17:00,BDJ,BPN,020,28,0,0,NML,3,2025
951.,A320,PKGQN,CTV,CTV716,CTV717,10/15:02,10/15:02,10/15:35,10/15:43,0:33:00,CGK,CGK,007,28,1,1,NML,3,2025
952.,A320,9VJSI,JSA,JSA247,JSA248,10/14:31,10/14:34,10/15:26,10/15:36,0:52:00,SIN,SIN,A06,28,1,1,NML,3,2025
953.,B739,PKLSI,LNI,LNI857,LNI920,10/13:41,10/13:46,10/15:44,10/16:02,1:58:00,PLM,DPS,018,28,0,0,NML,3,2025
954.,B739,PKLHQ,LNI,LNI727,LNI581,09/17:35,09/17:39,10/15:44,10/15:56,22:04:00,KDI,CGK,022,28,0,0,NML,3,2025
955.,A320,PKLUG,BTK,BTK7515,BTK6401,10/15:04,10/15:11,10/17:16,10/17:31,2:05:00,HLP,CGK,008,28,1,1,NML,3,2025
956.,A320,PKGQL,CTV,CTV174,CTV418,10/15:08,10/15:14,10/16:03,10/16:11,0:49:00,HLP,PNK,006,28,1,1,NML,3,2025
957.,B739,PKLSH,LNI,LNI919,LNI316,10/14:35,10/14:41,10/17:12,10/17:25,2:31:00,DPS,BDJ,011,28,1,1,NML,3,2025
958.,B738MAX,9VMBJ,SIA,SIA926,SIA927,10/15:31,10/15:35,10/16:22,10/16:36,0:47:00,SIN,SIN,A08,28,1,1,NML,3,2025
959.,B738,PKGNM,GIA,GIA310,GIA315,10/15:23,10/15:31,10/16:20,10/16:34,0:49:00,CGK,CGK,004,28,1,1,NML,3,2025
960.,B739,PKLHM,LNI,LNI695,LNI268,10/16:16,10/16:22,10/17:12,10/17:23,0:50:00,KOE,TRK,009,28,1,1,NML,3,2025
961.,A320,PKPWM,PAS,PAS206,PAS623,10/16:00,10/16:07,10/16:50,10/16:59,0:43:00,CGK,BPN,005,28,1,1,NML,3,2025
962.,A320,PKAZO,AWQ,AWQ323,AWQ326,10/17:20,10/17:24,10/17:50,10/18:01,0:26:00,KUL,KUL,A01,28,1,1,NML,3,2025
963.,B738,PKLKW,LNI,LNI709,LNI838,10/15:54,10/16:00,10/17:26,10/17:35,1:26:00,UPG,PNK,012,28,1,1,NML,3,2025
964.,A320,PKPWG,PAS,PAS622,PAS207,10/17:08,10/17:14,10/18:13,10/18:22,0:59:00,BPN,CGK,006,28,1,1,NML,3,2025
965.,B735,PKCLE,SJY,SJY567,SJY562,10/17:28,10/17:34,10/18:25,10/18:37,0:51:00,UPG,UPG,011,28,1,1,NML,3,2025
966.,B738MAX,9VMBP,SIA,SIA928,SIA929,10/17:54,10/17:58,10/18:46,10/19:02,0:48:00,SIN,SIN,A07,28,1,1,NML,3,2025
967.,B738,PKGNH,GIA,GIA320,GIA325,10/17:11,10/17:18,10/18:28,10/18:39,1:10:00,CGK,CGK,004,28,1,1,NML,3,2025
968.,A320,PKBKU,BTK,BTK7503,BTK7502,10/17:50,10/17:57,10/18:40,10/18:53,0:43:00,HLP,HLP,008,28,1,1,NML,3,2025
969.,A339,PKLES,LNI,LNI101,LNI106,10/17:40,10/17:44,10/20:04,10/20:18,2:20:00,JED,JED,A06,28,1,1,NML,3,2025
970.,A320,PKGQT,CTV,CTV736,CTV352,10/18:07,10/18:17,10/18:58,10/19:07,0:41:00,CGK,UPG,007,28,1,1,NML,3,2025
971.,B738,PKLGJ,LNI,LNI865,LNI880,10/17:47,10/17:53,10/19:37,10/19:48,1:44:00,LOP,UPG,014,28,1,1,NML,3,2025
972.,A320,PKGQO,CTV,CTV722,CTV354,10/19:10,10/19:20,10/20:02,10/20:11,0:42:00,CGK,UPG,006,28,1,1,NML,3,2025
973.,B738,PKGNR,GIA,GIA349,GIA313,10/17:59,10/18:05,10/20:10,10/20:26,2:05:00,DPS,CGK,005,28,1,1,NML,3,2025
974.,A320,PKGLP,CTV,CTV489,CTV662,10/19:26,10/19:31,10/20:06,10/20:12,0:35:00,BDJ,DPS,008,28,1,1,NML,3,2025
975.,A320,PKGQE,CTV,CTV949,CTV494,10/19:42,10/19:46,10/20:17,10/20:28,0:31:00,BTH,BDJ,007,28,1,1,NML,3,2025
976.,A320,PKGLG,CTV,CTV669,CTV721,10/17:37,10/17:43,10/21:50,10/22:00,4:07:00,DPS,CGK,020,28,0,0,NML,3,2025
977.,A320,PKGQK,CTV,CTV720,CTV721A,10/21:43,10/21:50,10/23:21,10/23:31,1:31:00,CGK,CGK,006,10,1,1,NML,3,2025
"978.,A320,PKLAY,BTK,BTK6576,BTK7508,09/21:57,10/07:38,11/05:01,11/05:12,""1 day, 6:58:00"",CGK,HLP,026,28,0,1,NML,3,2025"
979.,A320,PKSAL,SJV,SJV643,SJV610,10/15:27,10/15:31,11/04:55,11/05:09,13:24:44,AAP,BPN,025,28,0,0,NML,3,2025
980.,A320,PKGTA,CTV,CTV699,CTV430,10/14:47,10/14:53,11/04:55,11/05:07,14:02:00,DPS,BPN,003,28,0,0,NML,3,2025
981.,B738,PKLOP,LNI,LNI879,LNI878,10/14:59,10/15:02,11/05:04,11/05:15,14:02:00,AMQ,AMQ,023,28,0,0,NML,3,2025
982.,A320,PKAZO,AWQ,AWQ327,AWQ320,10/23:10,10/23:16,11/04:59,11/05:10,5:43:00,KUL,KUL,A03,28,1,1,NML,3,2025
983.,B739,PKLHJ,LNI,LNI707,LNI786,10/14:42,10/14:47,11/05:09,11/05:18,14:22:00,UPG,UPG,024,28,0,0,NML,3,2025
984.,A320,PKGLG,CTV,CTV721A,CTV725,10/22:02,10/22:06,11/05:34,11/05:43,7:28:00,SUB,CGK,020,28,0,0,NML,3,2025
985.,A320,V8RBC,RBA,RBA795,RBA796,10/20:04,10/20:08,11/05:40,11/05:50,9:32:00,BWN,BWN,A07,28,1,1,NML,3,2025
986.,A320,PKPWI,PAS,PAS212,PAS213,10/20:24,10/20:31,11/05:48,11/05:58,9:17:00,CGK,CGK,005,28,1,1,NML,3,2025
987.,A320,PKSJL,SJV,SJV637,SJV640,10/15:16,10/15:21,11/05:56,11/06:08,14:35:00,BDJ,AAP,C03,28,0,0,NML,3,2025
988.,A320,PKSJG,SJV,SJV703,SJV706,10/20:45,10/20:51,11/05:54,11/06:02,9:03:00,DPS,DPS,011,28,1,1,NML,3,2025
989.,B738,PKLBW,BTK,BTK7521,BTK6589,10/20:02,10/20:07,11/05:56,11/06:04,9:49:00,HLP,CGK,012,28,1,1,NML,3,2025
990.,B739,PKLGR,LNI,LNI690,LNI882,11/05:01,11/05:09,11/06:01,11/06:09,0:52:00,CGK,UPG,008,28,1,1,NML,3,2025
991.,A320,PKAZL,AWQ,AWQ325,AWQ386,10/19:15,10/19:18,11/06:11,11/06:21,10:53:00,KUL,PEN,A01,28,1,1,NML,3,2025
992.,B738MAX,PKOFI,AFE,AFE921,AFE921,11/05:58,11/06:03,11/06:47,11/06:59,0:44:43,CGK,TIM,006,28,1,1,NML,3,2025
993.,C208,PKVVF,SUS,PKVVF,SUS6096,10/10:08,10/10:12,11/06:59,11/07:05,20:47:00,BXW,BXW,C07,28,0,0,NML,3,2025
994.,B739,PKLHR,LNI,LNI692,LNI971,10/16:31,10/16:36,11/06:55,11/07:05,14:19:00,CGK,BTH,017,28,1,1,NML,3,2025
995.,B738,PKGFX,GIA,GIA328,GIA305,10/19:46,10/19:53,11/06:55,11/07:03,11:02:00,CGK,CGK,004,28,1,1,NML,3,2025
996.,B738,PKGFU,GIA,GIA855,GIA854,10/20:47,10/20:52,11/06:55,11/07:09,10:03:00,SIN,SIN,A02,28,1,1,NML,3,2025
997.,B739,PKLFF,LNI,LNI363,LNI646,11/06:17,11/06:22,11/07:14,11/07:22,0:52:03,BPN,LOP,012,28,1,1,NML,3,2025
998.,A320,PKBKU,BTK,BTK7511,BTK7510,11/06:30,11/06:33,11/07:19,11/07:27,0:46:00,HLP,HLP,011,28,1,1,NML,3,2025
999.,A320,PKGLS,CTV,CTV353,CTV460,11/05:02,11/05:11,11/07:33,11/07:41,2:22:00,UPG,AAP,007,28,1,1,NML,3,2025
1000.,B738,PKLHM,LNI,LNI267,LNI693,11/07:01,11/07:05,11/08:05,11/08:28,1:00:01,TRK,CGK,008,28,1,1,NML,3,2025
1001.,A320,PKGQO,CTV,CTV355,CTV177,11/07:20,11/07:27,11/08:24,11/08:31,0:57:00,UPG,HLP,005,28,1,1,NML,3,2025
1002.,A333,BLBH,CPA,CPA779,CPA780,10/18:35,10/18:39,11/08:26,11/08:40,13:47:00,HKG,HKG,A08,28,1,1,NML,3,2025
"1003.,DHC6,PKICP,PGT,PKICP,PKICP,08/10:43,08/10:47,11/07:48,11/07:52,""2 days, 21:01:24"",PAG,PAG,028,28,0,0,NML,3,2025"
1004.,B738,PKLBK,MXD,MXD352,MXD353,10/19:39,10/19:43,11/08:38,11/08:47,12:55:00,KUL,KUL,A04,28,1,1,NML,3,2025
1005.,A320,PKLUO,BTK,BTK6576,BTK6581,10/21:09,10/21:13,11/09:04,11/09:16,11:50:54,CGK,CGK,009,28,1,1,NML,3,2025
1006.,A320,PKSAV,SJV,SJV619,SJV618,10/16:41,10/16:47,11/09:04,11/09:15,16:17:00,BPN,BPN,016,28,1,1,NML,3,2025
"1007.,AW139,PKTVN,TVR,PKTVN,PKTVN,09/20:29,09/20:32,11/09:00,11/09:15,""1 day, 12:28:56"",MBH,ZZZS,H02,28,0,0,NML,3,2025"
1008.,B738,PKLKW,LNI,LNI837,LNI748,11/08:35,11/08:40,11/09:30,11/09:42,0:50:39,PNK,MDC,014,28,1,1,NML,3,2025
1009.,B739,PKLGP,LNI,LNI683,LNI682,11/08:38,11/08:44,11/09:24,11/09:40,0:39:58,PKY,PKY,008,28,1,1,NML,3,2025
1010.,B738,PKGMM,GIA,GIA304,GIA342,11/08:41,11/08:49,11/09:33,11/09:44,0:44:00,CGK,DPS,004,28,1,1,NML,3,2025
1011.,A320,PKGLP,CTV,CTV661,CTV486,11/06:46,11/06:55,11/09:21,11/09:36,2:25:17,DPS,BDJ,006,28,1,1,NML,3,2025
1012.,A320,9VTRT,TGW,TGW264,TGW265,11/09:18,11/09:21,11/10:13,11/10:23,0:52:04,SIN,SIN,A02,28,1,1,NML,3,2025
1013.,A320,PKGQJ,CTV,CTV417,CTV715,11/09:24,11/09:30,11/10:25,11/10:34,0:55:00,PNK,CGK,007,28,1,1,NML,3,2025
1014.,B738,9MMLV,MAS,MAS871,MAS870,11/08:55,11/08:58,11/09:40,11/09:52,0:42:01,KUL,KUL,A07,28,1,1,NML,3,2025
1015.,B735,PKNAQ,LKN,LKN2430,LKN2420,11/09:01,11/09:06,11/09:46,11/09:56,0:40:27,SMQ,SMQ,011,28,1,1,NML,3,2025
1016.,B738MAX,9MLRK,MXD,MXD350,MXD351,11/09:12,11/09:15,11/09:58,11/10:11,0:43:00,KUL,KUL,A03,28,1,1,NML,3,2025
1017.,A359,9VSHR,SIA,SIA922,SIA923,11/09:22,11/09:25,11/10:21,11/10:37,0:55:18,SIN,SIN,A08,28,1,1,NML,3,2025
1018.,A320,PKBKQ,BTK,BTK6584,BTK6585,11/09:37,11/09:47,11/10:53,11/11:03,1:05:12,CGK,CGK,009,28,1,1,NML,3,2025
1019.,A320,PKGQP,CTV,CTV351,CTV350,11/09:34,11/09:40,11/10:25,11/10:44,0:45:00,UPG,UPG,006,28,1,1,NML,3,2025
1020.,A320,PKSAL,SJV,SJV611,SJV632,11/08:45,11/08:50,11/10:14,11/10:24,1:23:16,BPN,BDJ,012,28,1,1,NML,3,2025
1021.,A320,PKPWI,PAS,PAS210,PAS211,11/09:50,11/09:56,11/10:32,11/10:47,0:36:43,CGK,CGK,005,28,1,1,NML,3,2025
1022.,A320,PKLAY,BTK,BTK7513,BTK7516,11/10:14,11/10:20,11/11:01,11/11:13,0:41:00,HLP,HLP,008,28,1,1,NML,3,2025
1023.,A320,PKLUW,BTK,BTK6347,BTK6346,10/16:47,10/16:52,11/10:45,11/10:49,17:53:00,BEJ,BEJX,015,28,1,1,NML,3,2025
1024.,LJ60,VHAND,SEL,MEDIC78,MEDIC78,11/10:40,11/10:48,11/12:54,11/13:04,2:05:06,XSP,PEN,C01,10,0,0,NML,3,2025
1025.,B739,PKLQZ,LNI,LNI694,LNI694,11/10:25,11/10:30,11/11:23,11/11:32,0:53:32,CGK,KOE,016,28,1,1,NML,3,2025
1026.,A320,PKAZO,AWQ,AWQ321,AWQ322,11/10:42,11/10:45,11/11:18,11/11:28,0:33:46,KUL,KUL,A01,28,1,1,NML,3,2025
1027.,B739,PKLFF,LNI,LNI645,LNI697,11/09:54,11/09:59,11/11:07,11/11:16,1:08:59,LOP,CGK,014,28,1,1,NML,3,2025
1028.,B738,PKGNR,GIA,GIA322,GIA327,11/10:09,11/10:17,11/11:26,11/11:34,1:08:06,CGK,CGK,004,28,1,1,NML,3,2025
1029.,B739,PKLGL,LNI,LNI929,LNI804,11/06:41,11/06:45,11/11:58,11/12:09,5:13:00,DPS,DPS,023,28,0,0,NML,3,2025
1030.,B739,PKLSO,LNI,LNI315,LNI780,11/07:46,11/07:52,11/12:30,11/12:38,4:38:37,BDJ,UPG,020,10,0,0,NML,3,2025
1031.,A320,PKGLS,CTV,CTV461,CTV668,11/11:14,11/11:21,11/12:52,11/13:02,1:31:05,AAP,DPS,006,10,1,1,NML,3,2025
1032.,LJ60,,ZZZ,-,VHAND,--:--,--:--,11/12:54,11/12:59,None,-,PEN,C01,28,0,-,NML,3,2025
1033.,A320,PKBKG,BTK,BTK6596,BTK6595,11/12:52,11/12:56,11/14:00,11/14:09,1:04:00,CGK,CGK,009,10,1,1,NML,3,2025
1034.,A320,PKPWF,PAS,PAS204,PAS205,11/12:06,11/12:12,11/13:18,11/13:39,1:06:00,CGK,CGK,005,10,1,1,NML,3,2025
1035.,A320,PKAZL,AWQ,AWQ387,AWQ324,11/12:41,11/12:47,11/13:20,11/13:35,0:32:05,PEN,KUL,A01,10,1,1,NML,3,2025
1036.,B738,PKGFG,GIA,GIA312,GIA317,11/12:24,11/12:29,11/13:30,11/13:42,1:00:12,CGK,CGK,004,10,1,1,NML,3,2025
1037.,B738MAX,PKOFM,AFE,AFE920,AFE920,11/12:29,11/13:33,11/14:09,11/14:19,0:36:00,TIM,CGK,008,10,1,1,NML,3,2025
1038.,A320,9VJSK,JSA,JSA247,JSA248,11/13:27,11/13:32,11/14:07,11/14:18,0:35:00,SIN,SIN,A07,10,1,1,NML,3,2025
1039.,B738,PKLOH,LNI,LNI839,LNI836,11/12:59,11/13:02,11/14:03,11/14:11,1:01:00,PNK,PNK,015,10,1,1,NML,3,2025
1040.,A320,PKGQI,CTV,CTV716,CTV717,11/13:40,11/13:43,11/14:32,11/14:48,0:49:00,CGK,CGK,006,10,1,1,NML,3,2025
1041.,A320,PKGLP,CTV,CTV487,CTV948,11/12:21,11/12:24,11/14:26,11/14:44,2:02:00,BDJ,BTH,007,10,1,1,NML,3,2025
1042.,B739,PKLGJ,LNI,LNI787,LNI260,11/12:55,11/12:58,11/14:30,11/14:45,1:32:00,UPG,BPN,011,10,1,1,NML,3,2025
1043.,B738,PKGUF,GIA,GIA330,GIA331,11/14:57,11/15:00,11/15:44,11/15:49,0:44:00,HLP,HLP,004,28,1,1,NML,3,2025
1044.,A320,PKSGC,SJV,SJV633,SJV614,11/13:37,11/13:41,11/15:22,11/15:31,1:41:00,BDJ,BPN,016,10,1,1,NML,3,2025
1045.,B739,PKLGL,LNI,LNI919,LNI920,11/14:46,11/14:49,11/17:33,11/17:48,2:44:00,DPS,DPS,015,28,1,1,NML,3,2025
1046.,A320,PKLAY,BTK,BTK7501,BTK7512,11/14:32,11/14:35,11/15:40,11/15:45,1:05:00,HLP,HLP,009,28,1,1,NML,3,2025
"1047.,B739,PKLSV,LNI,LNI749,LNI581,10/15:19,11/04:18,11/17:16,11/17:20,""1 day, 1:52:00"",MDC,CGK,021,28,0,0,NML,3,2025"
1048.,B738,PKLJS,LNI,LNI707,LNI581A,11/14:41,11/14:44,11/19:08,11/19:18,4:24:00,UPG,CGK,012,28,1,1,NML,3,2025
1049.,A320,PKLUW,BTK,BTK6347,BTK6401,11/15:05,11/15:09,11/16:03,11/16:12,0:54:00,BEJ,CGK,008,28,1,1,NML,3,2025
1050.,A320,PKGQO,CTV,CTV174,CTV418,11/15:40,11/15:44,11/16:21,11/16:30,0:37:00,HLP,PNK,006,28,1,1,NML,3,2025
1051.,B739,PKLKW,LNI,LNI749,LNI316,11/15:35,11/15:38,11/16:30,11/16:40,0:52:00,MDC,BDJ,014,28,1,1,NML,3,2025
1052.,B738,PKGUG,GIA,GIA310,GIA315,11/16:20,11/16:29,11/17:13,11/17:24,0:44:00,CGK,CGK,004,28,1,1,NML,3,2025
1053.,B739,PKLHJ,LNI,LNI791,LNI642,11/09:58,11/10:04,11/17:15,11/17:26,7:11:03,UPG,LOP,017,28,1,1,NML,3,2025
1054.,B738MAX,9VMBB,SIA,SIA926,SIA927,11/16:10,11/16:14,11/16:58,11/17:11,0:44:00,SIN,SIN,A07,28,1,1,NML,3,2025
1055.,B739,PKLHO,LNI,LNI692,LNI692,11/15:57,11/16:04,11/17:04,11/17:13,1:00:00,CGK,KOE,016,28,1,1,NML,3,2025
1056.,A320,PKPWJ,PAS,PAS206,PAS623,11/16:03,11/16:09,11/16:48,11/16:54,0:38:40,CGK,BPN,005,28,1,1,NML,3,2025
"1057.,A339,PKLER,LNI,LNI107,LNI6000,09/07:47,10/23:15,11/19:10,11/19:24,""30 days, 11:18:00"",JED,BTH,010,28,1,1,NML,3,2025"
1058.,A320,PKAZO,AWQ,AWQ323,AWQ326,11/17:01,11/17:05,11/17:31,11/17:43,0:26:00,KUL,KUL,A02,28,1,1,NML,3,2025
1059.,B738,PKLOP,LNI,LNI879,LNI838,11/10:56,11/11:00,11/17:20,11/17:36,6:19:15,AMQ,PNK,025,28,0,0,NML,3,2025
1060.,A320,PKPWI,PAS,PAS622,PAS207,11/17:21,11/17:30,11/18:14,11/18:23,0:44:00,BPN,CGK,006,28,1,1,NML,3,2025
1061.,B738,PKCRH,SJY,SJY567,SJY562,11/17:41,11/17:47,11/18:34,11/18:42,0:47:00,UPG,UPG,009,28,1,1,NML,3,2025
1062.,B738MAX,9VMBP,SIA,SIA928,SIA929,11/18:07,11/18:12,11/18:58,11/19:15,0:46:00,SIN,SIN,A03,28,1,1,NML,3,2025
1063.,A320,PKGLV,CTV,CTV172,CTV173,11/18:12,11/18:17,11/19:02,11/19:10,0:45:00,HLP,HLP,007,28,1,1,NML,3,2025
1064.,A320,PKGQJ,CTV,CTV736,CTV352,11/18:29,11/18:35,11/19:12,11/19:27,0:37:00,CGK,UPG,008,28,1,1,NML,3,2025
1065.,A320,PKGLX,CTV,CTV949,CTV494,11/18:51,11/18:58,11/19:33,11/19:39,0:35:00,BTH,BDJ,006,28,1,1,NML,3,2025
1066.,B789,9VOJD,TGW,TGW262,TGW263,11/18:37,11/18:40,11/19:44,11/19:56,1:04:00,SIN,SIN,A07,28,1,1,NML,3,2025
"1067.,B739,PKLOJ,LNI,LNI727,LNI880,10/17:44,10/17:48,11/20:43,11/20:50,""1 day, 2:55:00"",KDI,UPG,022,28,0,0,NML,3,2025"
1068.,A320,PKPWK,PAS,PAS202,PAS203,11/18:55,11/19:01,11/19:39,11/19:51,0:38:00,CGK,CGK,005,28,1,1,NML,3,2025
1069.,B738,PKGMM,GIA,GIA349,GIA313,11/17:47,11/17:54,11/20:01,11/20:09,2:07:00,DPS,CGK,004,28,1,1,NML,3,2025
1070.,A320,PKGQK,CTV,CTV722,CTV354,11/19:08,11/19:15,11/19:53,11/20:05,0:38:00,CGK,UPG,007,28,1,1,NML,3,2025
1071.,A320,PKGQR,CTV,CTV489,CTV662,11/19:22,11/19:30,11/20:05,11/20:15,0:35:00,BDJ,DPS,008,28,1,1,NML,3,2025
1072.,A320,PKGQT,CTV,CTV669,CTV721,11/16:28,11/16:33,11/20:49,11/20:56,4:16:00,DPS,CGK,003,28,0,0,NML,3,2025
1073.,A320,PKGTA,CTV,CTV431,CTV430,11/13:33,11/13:37,12/04:55,12/05:08,15:18:00,BPN,BPN,020,28,0,0,NML,3,2025
1074.,B739,PKLQS,LNI,LNI709,LNI878,11/16:00,12/04:14,12/05:06,12/05:16,13:03:00,UPG,AMQ,010,28,1,0,NML,3,2025
"1075.,A320,PKLUI,BTK,BTK6586,BTK7508,10/21:00,11/07:45,12/05:01,12/05:14,""1 day, 7:54:00"",CGK,HLP,024,28,0,1,NML,3,2025"
1076.,A320,PKSGC,SJV,SJV617,SJV610,11/18:59,11/19:07,12/04:50,12/05:01,9:43:00,BPN,BPN,017,28,1,1,NML,3,2025
1077.,B739,PKLGU,LNI,LNI972,LNI786,11/16:14,11/23:39,12/04:58,12/05:10,12:40:00,BTH,UPG,009,28,1,1,NML,3,2025
1078.,A320,PKAZL,AWQ,AWQ325,AWQ320,11/19:02,11/19:06,12/05:00,12/05:12,9:54:00,KUL,KUL,A03,28,1,1,NML,3,2025
1079.,A320,PKGQL,CTV,CTV726,CTV725,11/20:23,11/20:29,12/05:41,12/05:48,9:12:00,CGK,CGK,006,28,1,1,NML,3,2025
"1080.,A320,PKSAZ,SJV,SJV617,SJV706,10/19:00,10/19:06,12/06:00,12/06:10,""1 day, 10:54:00"",BPN,DPS,018,28,0,0,NML,3,2025"
1081.,B738,PKLQZ,LNI,LNI695,LNI868,11/16:06,11/16:09,12/06:35,12/06:41,14:25:32,KOE,TTE,C03,28,0,0,NML,3,2025
1082.,A320,PKLUF,BTK,BTK7521,BTK6589,11/20:01,11/20:08,12/05:55,12/06:04,9:47:00,HLP,CGK,016,28,1,1,NML,3,2025
1083.,A320,PKGQK,CTV,CTV353,CTV670,12/05:05,12/05:14,12/05:49,12/05:58,0:35:00,UPG,LOP,007,28,1,1,NML,3,2025
1084.,A320,PKSJL,SJV,SJV643,SJV566,11/11:43,11/11:47,12/06:48,12/07:00,19:00:04,AAP,PLW,C05,28,0,0,NML,3,2025
1085.,A320,PKLUR,BTK,BTK6586,BTK6135,11/20:17,11/20:33,12/06:50,12/07:02,10:17:00,CGK,PKN,015,28,1,1,NML,3,2025
1086.,B739,PKLHJ,LNI,LNI865,LNI971,11/19:48,11/19:54,12/06:56,12/07:09,11:02:00,LOP,BTH,025,28,0,0,NML,3,2025
1087.,B738,PKGFU,GIA,GIA855,GIA854,11/20:43,11/20:50,12/06:54,12/07:05,10:04:00,SIN,SIN,A02,28,1,1,NML,3,2025
1088.,B738,PKGFR,GIA,GIA328,GIA305,11/20:03,11/20:11,12/06:49,12/06:59,10:38:00,CGK,CGK,004,28,1,1,NML,3,2025
1089.,B739,PKLGJ,LNI,LNI363,LNI646,12/06:18,12/06:23,12/07:34,12/07:46,1:11:00,BPN,LOP,016,28,1,1,NML,3,2025
1090.,A320,PKBKU,BTK,BTK7511,BTK7510,12/06:33,12/06:39,12/07:19,12/07:28,0:40:00,HLP,HLP,010,28,1,1,NML,3,2025
1091.,AW139,PKTVN,TVR,PKTVN,PKTVN,11/14:50,11/14:54,12/07:26,12/07:32,16:32:00,ZZZZ,ZZZZ,H02,28,0,0,NML,3,2025
1092.,A320,PKAZG,AWQ,AWQ327,AWQ392,11/23:39,11/23:43,12/07:22,12/07:31,7:39:00,KUL,JHB,A01,28,1,1,NML,3,2025
1093.,A320,PKGQR,CTV,CTV661,CTV460,12/06:48,12/06:55,12/07:37,12/07:51,0:42:00,DPS,AAP,005,28,1,1,NML,3,2025
1094.,B738,PKLKQ,LNI,LNI690,LNI693,12/05:02,12/05:09,12/07:44,12/07:56,2:35:00,CGK,CGK,017,28,1,1,NML,3,2025
1095.,A320,PKGLV,CTV,CTV170,CTV175,12/07:06,12/07:13,12/07:50,12/07:57,0:37:00,HLP,HLP,006,28,1,1,NML,3,2025
1096.,A333,BLAQ,CPA,CPA779,CPA780,11/17:53,11/17:57,12/08:00,12/08:12,14:03:00,HKG,HKG,A08,28,1,1,NML,3,2025
1097.,A320,PKGQJ,CTV,CTV355,CTV177,12/07:44,12/07:50,12/08:35,12/08:46,0:45:00,UPG,HLP,007,28,1,1,NML,3,2025
1098.,B738,PKLKW,LNI,LNI315,LNI856,12/07:49,12/07:54,12/08:51,12/09:01,0:57:00,BDJ,PLM,016,28,1,1,NML,3,2025
1099.,A320,PKSAV,SJV,SJV619,SJV618,11/16:47,11/16:53,12/09:05,12/09:19,16:12:00,BPN,BPN,014,28,1,1,NML,3,2025
1100.,A320,PKLUO,BTK,BTK6406,BTK6581,11/14:35,11/14:39,12/08:59,12/09:07,18:20:00,CGK,CGK,023,28,0,0,NML,3,2025
1101.,B738,PKLOP,LNI,LNI837,LNI748,12/08:04,12/08:09,12/09:00,12/09:14,0:51:00,PNK,MDC,015,28,1,1,NML,3,2025
1102.,B739,PKLGP,LNI,LNI683,LNI682,12/08:00,12/08:06,12/09:08,12/09:27,1:02:00,PKY,PKY,009,28,1,1,NML,3,2025
1103.,A320,PKPWE,PAS,PAS200,PAS201,12/08:22,12/08:28,12/09:08,12/09:23,0:40:00,CGK,CGK,005,28,1,1,NML,3,2025
1104.,B738,PKGNM,GIA,GIA304,GIA342,12/08:10,12/08:18,12/09:10,12/09:32,0:52:00,CGK,DPS,004,28,1,1,NML,3,2025
1105.,A320,PKGQK,CTV,CTV671,CTV486,12/08:18,12/08:25,12/09:18,12/09:42,0:53:00,LOP,BDJ,006,28,1,1,NML,3,2025
1106.,A320,9VTRK,TGW,TGW264,TGW265,12/08:36,12/08:39,12/09:32,12/09:47,0:53:00,SIN,SIN,A02,28,1,1,NML,3,2025
1107.,A320,PKGTE,CTV,CTV417,CTV715,12/08:52,12/08:58,12/09:41,12/09:55,0:43:00,PNK,CGK,007,28,1,1,NML,3,2025
1108.,B738,9MMLO,MAS,MAS871,MAS870,12/09:12,12/09:18,12/09:58,12/10:15,0:40:00,KUL,KUL,A07,28,1,1,NML,3,2025
1109.,B738MAX,9MLRW,MXD,MXD350,MXD351,12/09:03,12/09:07,12/10:06,12/10:35,0:59:24,KUL,KUL,A03,28,1,1,NML,3,2025
1110.,B735,PKNAT,LKN,LKN243,LKN242,12/09:34,12/09:40,12/10:12,12/10:20,0:32:00,SMQ,SMQ,010,28,1,1,NML,3,2025
1111.,A359,9VSHO,SIA,SIA922,SIA923,12/08:59,12/09:02,12/10:05,12/10:34,1:03:00,SIN,SIN,A08,28,1,1,NML,3,2025
1112.,A320,PKLUT,BTK,BTK6584,BTK6585,12/09:16,12/09:23,12/10:12,12/10:22,0:49:00,CGK,CGK,009,28,1,1,NML,3,2025
1113.,B733F,PKMYV,MYU,MYU935,MYU815,12/09:25,12/09:29,12/10:11,12/10:21,0:42:00,SRG,CGK,C02,28,0,0,NML,3,2025
1114.,A320,PKGQO,CTV,CTV351,CTV350,12/09:21,12/09:28,12/10:19,12/10:39,0:51:00,UPG,UPG,008,28,1,1,NML,3,2025
1115.,A320,PKSJD,SJV,SJV703,SJV632,11/20:34,11/20:40,12/10:17,12/10:48,13:37:00,DPS,BDJ,012,28,1,1,NML,3,2025
1116.,B739,PKLGL,LNI,LNI929,LNI706,12/06:50,12/06:56,12/10:39,12/10:55,3:43:00,DPS,UPG,018,28,0,0,NML,3,2025
1117.,B739,PKLHO,LNI,LNI693,LNI262,12/06:54,12/06:59,12/10:35,12/10:50,3:36:00,KOE,BPN,024,28,0,0,NML,3,2025
1118.,A320,PKPWM,PAS,PAS210,PAS211,12/09:48,12/09:54,12/10:37,12/10:52,0:43:00,CGK,CGK,005,28,1,1,NML,3,2025
1119.,B738,PKLZO,MXD,MXD352,MXD353,11/21:39,11/21:42,12/10:37,12/10:53,12:55:00,KUL,KUL,A04,28,1,1,NML,3,2025
1120.,A320,PKLUZ,BTK,BTK7513,BTK7516,12/10:46,12/10:51,12/11:34,12/11:44,0:43:00,HLP,HLP,010,10,1,1,NML,3,2025
1121.,A320,PKLUR,BTK,BTK6134,BTK6346,12/09:44,12/09:59,12/11:06,12/11:15,1:07:00,PKN,BEJ,014,28,1,1,NML,3,2025
1122.,A320,PKSGC,SJV,SJV611,SJV642,12/08:28,12/08:33,12/10:44,12/10:57,2:11:00,BPN,AAP,017,28,1,1,NML,3,2025
"1123.,DHC6,PKICP,PGT,PKICP,PKICP,11/10:52,11/10:53,12/11:00,12/11:10,""1 day, 0:06:14"",PAG,PAG,028,28,0,0,NML,3,2025"
1124.,B739,PKLHY,LNI,LNI791,LNI694,12/09:40,12/09:46,12/11:33,12/11:46,1:47:00,UPG,KOE,015,10,1,1,NML,3,2025
1125.,A320,PKAZL,AWQ,AWQ321,AWQ322,12/10:42,12/10:45,12/11:11,12/11:21,0:26:00,KUL,KUL,A01,28,1,1,NML,3,2025
1126.,B739,PKLSV,LNI,LNI581A,LNI697,11/17:38,11/17:42,12/13:08,12/13:26,19:26:00,CGK,CGK,021,10,0,0,NML,3,2025
1127.,A339,PKLES,LNI,LNI107,LNI104,11/19:12,11/19:17,12/11:12,12/11:27,15:55:00,JED,JED,A06,28,1,1,NML,3,2025
1128.,B738,PKGFM,GIA,GIA322,GIA327,12/10:08,12/10:15,12/11:23,12/11:37,1:08:00,CGK,CGK,004,10,1,1,NML,3,2025
1129.,B739,PKLHH,LNI,LNI694,LNI804,12/10:26,12/10:30,12/12:05,12/12:15,1:35:00,CGK,DPS,023,10,0,0,NML,3,2025
1130.,B739,PKLGJ,LNI,LNI645,LNI780,12/10:31,12/10:35,12/12:18,12/12:28,1:43:00,LOP,UPG,020,10,0,0,NML,3,2025
1131.,A320,PKSJL,SJV,SJV567,SJV636,12/11:26,12/11:28,12/12:17,12/12:31,0:49:00,PLW,BDJ,012,10,1,1,NML,3,2025
1132.,A320,PKGQR,CTV,CTV461,CTV668,12/11:17,12/11:21,12/12:43,12/12:56,1:22:00,AAP,DPS,006,10,1,1,NML,3,2025
1133.,A320,PKLUV,BTK,BTK6596,BTK6595,12/12:22,12/12:26,12/13:23,12/13:35,0:57:00,CGK,CGK,010,10,1,1,NML,3,2025
1134.,B738,PKLQZ,LNI,LNI869,LNI722,12/12:29,12/12:31,12/13:25,12/13:40,0:54:00,TTE,KDI,014,10,1,1,NML,3,2025
1135.,A320,PKAZG,AWQ,AWQ393,AWQ324,12/12:02,12/12:07,12/13:11,12/13:29,1:04:00,JHB,KUL,A01,10,1,1,NML,3,2025
1136.,B738,PKGMA,GIA,GIA312,GIA317,12/12:26,12/12:29,12/13:43,12/13:57,1:14:00,CGK,CGK,004,10,1,1,NML,3,2025
1137.,B738,PKLKW,LNI,LNI857,LNI836,12/13:35,12/13:39,12/14:29,12/14:41,0:50:00,PLM,PNK,015,10,1,1,NML,3,2025
1138.,A320,PKSJD,SJV,SJV633,SJV726,12/13:43,12/13:47,12/14:31,12/14:42,0:44:00,BDJ,LBJ,016,10,1,1,NML,3,2025
1139.,A320,PKGQK,CTV,CTV487,CTV948,12/12:12,12/12:15,12/14:18,12/14:30,2:02:16,BDJ,BTH,007,10,1,1,NML,3,2025
1140.,A320,9VJSX,JSA,JSA247,JSA248,12/12:57,12/13:02,12/14:10,12/14:19,1:08:00,SIN,SIN,A07,10,1,1,NML,3,2025
1141.,A320,PKLUP,BTK,BTK7515,BTK7514,12/14:23,12/14:26,12/15:22,12/15:36,0:56:00,HLP,HLP,009,10,1,1,NML,3,2025
1142.,B739,PKLHO,LNI,LNI261,LNI260,12/14:09,12/14:13,12/15:16,12/15:26,1:03:00,BPN,BPN,010,10,1,1,NML,3,2025
1143.,A320,PKPWG,PAS,PAS208,PAS209,12/13:52,12/13:55,12/14:53,12/15:05,0:58:00,CGK,CGK,005,10,1,1,NML,3,2025
1144.,B739,PKLSR,LNI,LNI919,LNI642,12/14:36,12/14:39,12/15:41,12/15:53,1:02:00,DPS,LOP,014,10,1,1,NML,3,2025
1145.,B738,PKGUC,GIA,GIA330,GIA331,12/14:14,12/14:18,12/15:22,12/15:39,1:04:00,HLP,HLP,004,10,1,1,NML,3,2025
1146.,B738,9MMLV,MAS,MAS873,MAS872,12/14:49,12/14:55,12/15:46,12/15:57,0:51:00,KUL,KUL,A06,10,1,1,NML,3,2025
1147.,B738,PKLSF,LNI,LNI787,LNI581,12/12:53,12/12:57,12/15:54,12/16:03,2:57:00,UPG,CGK,012,10,1,1,NML,3,2025
1148.,B739,PKLQS,LNI,LNI879,LNI920,12/15:34,12/15:38,12/16:26,12/16:38,0:48:00,AMQ,DPS,015,10,1,1,NML,3,2025
1149.,A320,PKGLV,CTV,CTV174,CTV418,12/15:22,12/15:26,12/16:06,12/16:15,0:40:00,HLP,PNK,006,10,1,1,NML,3,2025
1150.,B738,PKGNN,GIA,GIA310,GIA315,12/15:28,12/15:31,12/16:27,12/16:35,0:56:00,CGK,CGK,004,10,1,1,NML,3,2025
1151.,B738MAX,9VMBN,SIA,SIA926,SIA927,12/15:40,12/15:45,12/16:26,12/16:39,0:41:00,SIN,SIN,A08,10,1,1,NML,3,2025
1152.,B739,PKLHY,LNI,LNI695,LNI268,12/16:06,12/16:10,12/16:57,12/17:09,0:47:00,KOE,TRK,010,10,1,1,NML,3,2025
1153.,B739,PKLHR,LNI,LNI972,LNI316,12/16:24,12/16:28,12/17:20,12/17:32,0:52:00,BTH,BDJ,012,10,1,1,NML,3,2025
1154.,A320,PKPWD,PAS,PAS206,PAS623,12/15:50,12/15:55,12/16:39,12/16:49,0:44:00,CGK,BPN,005,10,1,1,NML,3,2025
1155.,A320,PKAZL,AWQ,AWQ323,AWQ326,12/17:03,12/17:09,12/17:38,12/17:50,0:29:00,KUL,KUL,A01,10,1,1,NML,3,2025
1156.,B739,PKLOP,LNI,LNI749,LNI838,12/15:02,12/15:06,12/17:29,12/17:37,2:23:00,MDC,PNK,017,10,1,1,NML,3,2025
1157.,A320,PKPWM,PAS,PAS622,PAS207,12/17:18,12/17:21,12/18:17,12/18:27,0:56:00,BPN,CGK,005,10,1,1,NML,3,2025
1158.,A320,PKLUZ,BTK,BTK7503,BTK7502,12/17:51,12/17:55,12/18:48,12/18:57,0:53:00,HLP,HLP,009,28,1,1,NML,3,2025
1159.,B738MAX,9VMBB,SIA,SIA928,SIA929,12/18:42,12/18:51,12/19:53,12/20:11,1:02:00,SIN,SIN,A07,10,1,1,NML,3,2025
1160.,B738,PKCRH,SJY,SJY567,SJY562,12/17:46,12/17:50,12/18:43,12/18:50,0:53:00,UPG,UPG,010,28,1,1,NML,3,2025
1161.,A320,PKGQO,CTV,CTV736,CTV352,12/18:18,12/18:22,12/19:07,12/19:16,0:45:00,CGK,UPG,006,28,1,1,NML,3,2025
1162.,B738,PKBGF,BTK,BTK6576,BTK6575,12/20:17,12/20:21,12/21:04,12/21:15,0:43:48,CGK,CGK,012,10,1,1,NML,3,2025
1163.,A320,PKGTA,CTV,CTV431,CTV494,12/13:38,12/13:43,12/20:22,12/20:33,6:39:00,BPN,BDJ,003,10,0,0,NML,3,2025
1164.,B739,PKLSK,LNI,LNI709,LNI880,12/16:10,12/16:14,12/19:50,12/20:01,3:36:00,UPG,UPG,016,10,1,1,NML,3,2025
1165.,B738,PKGNM,GIA,GIA349,GIA313,12/18:11,12/18:15,12/20:00,12/20:15,1:45:00,DPS,CGK,004,10,1,1,NML,3,2025
1166.,A320,PKGTE,CTV,CTV722,CTV354,12/19:01,12/19:08,12/20:03,12/20:24,0:55:00,CGK,UPG,008,10,1,1,NML,3,2025
1167.,A320,PKGLU,CTV,CTV489,CTV662,12/19:35,12/19:41,12/20:18,12/20:29,0:37:40,BDJ,DPS,005,10,1,1,NML,3,2025
1168.,A320,PKGLP,CTV,CTV669,CTV721,12/16:56,12/17:03,12/20:54,12/21:03,3:51:00,DPS,CGK,007,10,1,1,NML,3,2025
1169.,A320,PKSGC,SJV,SJV643,SJV610,12/15:44,12/15:48,13/04:53,13/05:03,13:05:32,AAP,BPN,018,28,0,0,NML,3,2025
1170.,A320,PKGQL,CTV,CTV949,CTV430,12/19:30,12/19:39,13/04:57,13/05:12,9:18:34,BTH,BPN,006,28,1,1,NML,3,2025
1171.,B738,PKLQZ,LNI,LNI727,LNI878,12/17:42,12/17:45,13/04:53,13/05:01,11:08:47,KDI,AMQ,021,28,0,0,NML,3,2025
1172.,A320,PKLAW,BTK,BTK6586,BTK7508,12/20:21,12/20:25,13/04:55,13/05:09,8:30:00,CGK,HLP,014,28,1,1,NML,3,2025
1173.,A320,PKAZL,AWQ,AWQ327,AWQ320,12/23:17,12/23:22,13/05:00,13/05:14,5:38:00,KUL,KUL,A03,28,1,1,NML,3,2025
1174.,B739,PKLSR,LNI,LNI865,LNI786,12/18:30,12/23:33,13/04:56,13/05:10,10:18:00,LOP,UPG,010,28,1,1,NML,3,2025
1175.,A320,PKGQU,CTV,CTV720,CTV725,12/21:35,12/21:39,13/05:38,13/05:48,7:59:00,CGK,CGK,007,28,1,1,NML,3,2025
1176.,A320,V8RBE,RBA,RBA795,RBA796,12/20:05,12/20:11,13/05:45,13/05:55,9:34:00,BWN,BWN,A07,28,1,1,NML,3,2025
1177.,A320,PKLUR,BTK,BTK6347,BTK6589,12/15:54,12/15:58,13/06:00,13/06:09,14:02:00,BEJ,CGK,020,28,0,0,NML,3,2025
"1178.,A320,PKSJO,SJV,SJV703,SJV640,09/20:48,11/23:34,13/05:58,13/06:07,""3 days, 9:04:00"",DPS,AAP,C04,28,0,1,NML,3,2025"
1179.,A320,PKGQR,CTV,CTV353,CTV484,13/05:05,13/05:13,13/05:56,13/06:05,0:43:00,UPG,BDJ,006,28,1,1,NML,3,2025
1180.,A320,PKSJD,SJV,SJV725,SJV706,12/18:20,12/18:24,13/05:53,13/06:03,11:29:00,LBJ,DPS,017,28,1,1,NML,3,2025
1181.,A320,PKAZG,AWQ,AWQ325,AWQ386,12/19:41,12/19:44,13/06:07,13/06:16,10:23:00,KUL,PEN,A01,28,1,1,NML,3,2025
1182.,C208,PKVVF,SUS,PKVVF,PKVVF,12/10:24,12/11:12,13/07:06,13/07:20,19:54:00,BXW,BXW,C07,28,0,0,NML,3,2025
"1183.,B739,PKLGS,LNI,LNI972,LNI971,10/16:20,12/22:25,13/07:04,13/07:15,""2 days, 14:36:00"",BTH,BTH,012,28,1,1,NML,3,2025"
1184.,B738,PKGFF,GIA,GIA328,GIA305,12/20:08,12/20:11,13/07:03,13/07:11,10:52:00,CGK,CGK,004,28,1,1,NML,3,2025
1185.,B738,PKGFU,GIA,GIA855,GIA854,12/20:46,12/20:52,13/07:01,13/07:17,10:09:00,SIN,SIN,A02,28,1,1,NML,3,2025
1186.,B739,PKLHO,LNI,LNI363,LNI646,13/06:25,13/06:33,13/07:24,13/07:33,0:51:00,BPN,LOP,014,28,1,1,NML,3,2025
1187.,A320,PKLUK,BTK,BTK7511,BTK7510,13/06:35,13/06:40,13/07:20,13/07:27,0:40:00,HLP,HLP,010,28,1,1,NML,3,2025
1188.,A320,PKGLU,CTV,CTV661,CTV460,13/06:49,13/06:55,13/07:40,13/07:50,0:45:00,DPS,AAP,007,28,1,1,NML,3,2025
1189.,B739,PKLQS,LNI,LNI929,LNI693,13/07:03,13/07:10,13/08:00,13/08:12,0:50:00,DPS,CGK,008,28,1,1,NML,3,2025
1190.,B739,PKLHQ,LNI,LNI690,LNI982,13/06:39,13/06:45,13/07:54,13/08:05,1:09:00,CGK,PKU,017,28,1,1,NML,3,2025
1191.,B738,PKLBK,MXD,MXD352,MXD353,12/19:44,12/19:47,13/09:01,13/09:22,13:14:00,KUL,KUL,A04,28,1,1,NML,3,2025
1192.,A320,PKGQJ,CTV,CTV170,CTV175,13/07:07,13/07:14,13/07:48,13/07:56,0:34:00,HLP,HLP,006,28,1,1,NML,3,2025
1193.,A333,BHWM,CPA,CPA779,CPA780,12/18:02,12/18:08,13/08:04,13/08:18,13:56:00,HKG,HKG,A08,28,1,1,NML,3,2025
1194.,A320,PKGQO,CTV,CTV355,CTV177,13/07:46,13/07:52,13/08:28,13/08:39,0:36:00,UPG,HLP,007,28,1,1,NML,3,2025
1195.,A320,PKSJL,SJV,SJV637,SJV618,12/15:31,12/15:35,13/08:58,13/09:18,17:23:00,BDJ,BPN,024,28,0,0,NML,3,2025
"1196.,A320,PKBKT,BTK,BTK6576,BTK6581,11/21:11,11/21:22,13/09:10,13/09:47,""1 day, 11:48:00"",CGK,CGK,022,28,0,0,NML,3,2025"
1197.,B739,PKLGP,LNI,LNI683,LNI682,13/08:00,13/08:05,13/09:07,13/09:30,1:02:00,PKY,PKY,010,28,1,1,NML,3,2025
1198.,B733F,PKMYC,MYU,MYU827,MYU864,13/08:14,13/08:17,13/09:03,13/09:25,0:46:00,BPN,SOQ,C04,28,0,0,NML,3,2025
1199.,B738,PKGUG,GIA,GIA304,GIA342,13/08:10,13/08:16,13/09:20,13/09:59,1:04:00,CGK,DPS,004,28,1,1,NML,3,2025
1200.,A320,PKPWK,PAS,PAS200,PAS201,13/08:25,13/08:31,13/09:10,13/09:40,0:39:00,CGK,CGK,005,28,1,1,NML,3,2025
1201.,A320,PKGQR,CTV,CTV485,CTV486,13/08:34,13/08:41,13/09:15,13/09:55,0:34:00,BDJ,BDJ,006,28,1,1,NML,3,2025
1202.,DHC6,PKICP,PGT,PKICP,PKICP,13/09:02,13/09:05,13/09:38,13/10:02,0:33:00,PAG,PAG,028,28,0,0,NML,3,2025
1203.,A320,PKGQM,CTV,CTV417,CTV715,13/09:23,13/09:29,13/10:03,13/10:14,0:34:00,PNK,CGK,006,28,1,1,NML,3,2025
1204.,B738,9MMXX,MAS,MAS871,MAS870,13/09:16,13/09:20,13/09:58,13/10:18,0:38:00,KUL,KUL,A07,28,1,1,NML,3,2025
1205.,B738MAX,9MLRV,MXD,MXD350,MXD351,13/08:55,13/09:00,13/09:51,13/10:11,0:51:00,KUL,KUL,A03,28,1,1,NML,3,2025
1206.,A359,9VSHM,SIA,SIA922,SIA923,13/09:27,13/09:30,13/10:28,13/10:50,0:58:00,SIN,SIN,A08,28,1,1,NML,3,2025
1207.,B733F,PKMYV,MYU,MYU935,MYU934,13/09:20,13/09:23,13/10:39,13/10:55,1:16:00,SRG,SIN,C02,28,0,0,NML,3,2025
1208.,A320,PKSGC,SJV,SJV611,SJV632,13/08:30,13/08:37,13/10:12,13/10:24,1:35:00,BPN,BDJ,015,28,1,1,NML,3,2025
1209.,A320,PKGQA,CTV,CTV351,CTV350,13/09:43,13/09:49,13/10:23,13/10:48,0:34:00,UPG,UPG,007,28,1,1,NML,3,2025
1210.,A320,PKLUR,BTK,BTK6584,BTK6585,13/09:53,13/09:59,13/10:39,13/10:58,0:40:00,CGK,CGK,008,28,1,1,NML,3,2025
1211.,B739,PKLHP,LNI,LNI315,LNI706,13/07:52,13/07:59,13/10:58,13/11:16,2:59:00,BDJ,UPG,016,10,1,1,NML,3,2025
1212.,A320,PKPWM,PAS,PAS210,PAS211,13/09:57,13/10:03,13/10:47,13/11:04,0:44:00,CGK,CGK,005,10,1,1,NML,3,2025
1213.,A320,PKBKU,BTK,BTK7521,BTK6346,12/19:51,12/19:56,13/10:48,13/11:26,14:52:00,HLP,BEJ,009,10,1,1,NML,3,2025
1214.,B739,PKLHO,LNI,LNI645,LNI262,13/10:12,13/10:18,13/11:02,13/11:18,0:44:00,LOP,BPN,014,10,1,1,NML,3,2025
1215.,A320,PKLUY,BTK,BTK7513,BTK7516,13/10:25,13/10:31,13/11:09,13/11:28,0:38:00,HLP,HLP,010,10,1,1,NML,3,2025
1216.,B739,PKLFY,LNI,LNI694,LNI694,13/10:31,13/10:38,13/11:42,13/11:54,1:04:00,CGK,KOE,017,10,1,1,NML,3,2025
1217.,A320,PKAZL,AWQ,AWQ321,AWQ322,13/10:52,13/10:55,13/11:19,13/11:32,0:24:00,KUL,KUL,A01,10,1,1,NML,3,2025
1218.,B739,PKLHY,LNI,LNI267,LNI697,13/06:59,13/07:04,13/11:21,13/11:36,4:17:00,TRK,CGK,023,10,0,0,NML,3,2025
1219.,B738,PKGMP,GIA,GIA322,GIA327,13/10:16,13/10:22,13/11:29,13/11:43,1:07:00,CGK,CGK,004,10,1,1,NML,3,2025
1220.,B739,PKLGY,LNI,LNI791,LNI804,13/10:01,13/10:06,13/11:54,13/12:04,1:48:00,UPG,DPS,012,10,1,1,NML,3,2025
1221.,A320,PKGLU,CTV,CTV461,CTV698,13/11:24,13/11:27,13/12:11,13/12:23,0:44:00,AAP,DPS,006,10,1,1,NML,3,2025
1222.,A320,PKSJO,SJV,SJV643,SJV636,13/10:05,13/10:10,13/12:25,13/12:34,2:15:00,AAP,BDJ,018,10,0,0,NML,3,2025
1223.,B735,PKNAS,LKN,LKN1930,LKN1920,13/13:25,13/13:27,13/13:57,13/14:07,0:30:00,PKN,PKN,012,10,1,1,NML,3,2025
1224.,B739,PKLSR,LNI,LNI787,LNI780,13/11:52,13/11:54,13/12:50,13/12:57,0:56:00,UPG,UPG,010,10,1,1,NML,3,2025
1225.,A320,PKGQR,CTV,CTV487,CTV668,13/12:24,13/12:28,13/13:15,13/13:27,0:47:00,BDJ,DPS,007,10,1,1,NML,3,2025
1226.,A320,PKAZG,AWQ,AWQ387,AWQ324,13/12:27,13/12:33,13/13:16,13/13:24,0:43:00,PEN,KUL,A01,10,1,1,NML,3,2025
1227.,A320,PKPWA,PAS,PAS204,PAS205,13/11:58,13/12:02,13/13:14,13/13:22,1:12:00,CGK,CGK,005,10,1,1,NML,3,2025
1228.,B738,PKGMU,GIA,GIA312,GIA317,13/12:21,13/12:25,13/13:38,13/13:50,1:13:00,CGK,CGK,004,10,1,1,NML,3,2025
1229.,B738,PKLKW,LNI,LNI839,LNI836,13/12:51,13/12:55,13/13:48,13/13:57,0:53:00,PNK,PNK,015,10,1,1,NML,3,2025
1230.,A320,PKGQL,CTV,CTV431,CTV948,13/13:37,13/13:42,13/14:35,13/14:44,0:52:59,BPN,BTH,006,10,1,1,NML,3,2025
1231.,A320,9VJSI,JSA,JSA247,JSA248,13/13:33,13/13:39,13/14:30,13/14:41,0:50:05,SIN,SIN,A07,10,1,1,NML,3,2025
1232.,B739,PKLHQ,LNI,LNI983,LNI260,13/13:31,13/13:35,13/15:29,13/15:39,1:53:25,PKU,BPN,009,10,1,1,NML,3,2025
1233.,A320,PKBKL,BTK,BTK6596,BTK6595,13/14:30,13/14:34,13/15:23,13/15:35,0:49:45,CGK,CGK,010,10,1,1,NML,3,2025
1234.,A320,PKLUQ,BTK,BTK7515,BTK7514,13/13:47,13/13:50,13/14:50,13/15:00,1:00:00,HLP,HLP,008,10,1,1,NML,3,2025
1235.,B739,PKLHO,LNI,LNI261,LNI642,13/14:42,13/14:46,13/15:36,13/15:49,0:50:46,BPN,LOP,016,10,1,1,NML,3,2025
1236.,B738,PKGUC,GIA,GIA330,GIA331,13/14:17,13/14:20,13/15:19,13/15:32,0:59:00,HLP,HLP,004,10,1,1,NML,3,2025
1237.,A320,PKSGC,SJV,SJV633,SJV614,13/13:29,13/13:31,13/15:20,13/15:30,1:49:14,BDJ,BPN,017,10,1,1,NML,3,2025
1238.,A320,PKGQK,CTV,CTV716,CTV717,13/14:38,13/14:40,13/15:32,13/15:45,0:52:36,CGK,CGK,007,10,1,1,NML,3,2025
1239.,B739,PKLSI,LNI,LNI919,LNI920,13/14:51,13/14:57,13/15:48,13/15:54,0:51:00,DPS,DPS,015,10,1,1,NML,3,2025
1240.,B738,PKLOP,LNI,LNI837,LNI581,13/08:03,13/08:11,13/15:48,13/15:56,7:37:00,PNK,CGK,020,10,0,0,NML,3,2025
1241.,B738,9MMLT,MAS,MAS873,MAS872,13/16:53,13/17:00,13/18:07,13/18:17,1:07:00,KUL,KUL,A03,10,1,1,NML,3,2025
1242.,A320,PKBKU,BTK,BTK6347,BTK6401,13/15:43,13/15:46,13/16:30,13/16:40,0:43:59,BEJ,CGK,010,10,1,1,NML,3,2025
1243.,B739,PKLFY,LNI,LNI695,LNI316,13/16:26,13/16:30,13/17:50,13/18:01,1:20:00,KOE,BDJ,012,10,1,1,NML,3,2025
1244.,A320,PKGQJ,CTV,CTV174,CTV418,13/15:05,13/15:09,13/15:57,13/16:06,0:48:00,HLP,PNK,006,10,1,1,NML,3,2025
1245.,B738,PKGFH,GIA,GIA310,GIA315,13/15:15,13/15:19,13/16:23,13/16:34,1:04:00,CGK,CGK,005,10,1,1,NML,3,2025
1246.,B738MAX,9VMBB,SIA,SIA926,SIA927,13/15:34,13/15:39,13/16:35,13/16:46,0:56:00,SIN,SIN,A07,10,1,1,NML,3,2025
1247.,B739,PKLGO,LNI,LNI692,LNI692,13/16:10,13/16:13,13/17:00,13/17:11,0:47:00,CGK,KOE,015,10,1,1,NML,3,2025
1248.,A320,PKPWE,PAS,PAS206,PAS623,13/15:46,13/15:50,13/16:48,13/16:59,0:58:00,CGK,BPN,004,10,1,1,NML,3,2025
1249.,A320,PKAZL,AWQ,AWQ323,AWQ326,13/17:16,13/17:20,13/17:58,13/18:08,0:38:00,KUL,KUL,A01,10,1,1,NML,3,2025
"1250.,B738,PKLOR,LNI,LNI839,LNI838,12/13:31,13/03:57,13/17:52,13/18:03,""1 day, 4:14:00"",PNK,PNK,025,28,0,0,NML,3,2025"
1251.,B733F,PKMYV,MYU,MYU933,MYU815,13/16:23,13/16:27,13/17:59,13/18:05,1:32:00,QPG,CGK,C02,10,0,0,NML,3,2025
1252.,A320,PKPWM,PAS,PAS622,PAS207,13/20:01,13/20:07,13/20:53,13/21:02,0:46:00,BPN,CGK,007,28,1,1,NML,3,2025
1253.,B738MAX,9VMBE,SIA,SIA928,SIA929,13/18:14,13/18:21,13/19:11,13/19:16,0:50:32,SIN,SIN,A07,10,1,1,NML,3,2025
1254.,B738,PKGUG,GIA,GIA349,GIA325,13/18:18,13/18:22,13/19:11,13/19:19,0:49:00,DPS,CGK,004,10,1,1,NML,3,2025
1255.,B735,PKNAQ,LKN,LKN7567,LKN7562,13/18:07,13/18:10,13/18:52,13/18:59,0:42:18,UPG,UPG,010,10,1,1,NML,3,2025
1256.,A320,PKGQE,CTV,CTV736,CTV352,13/18:23,13/18:27,13/19:04,13/19:16,0:37:52,CGK,UPG,007,10,1,1,NML,3,2025
"1257.,A339,PKLEV,LNI,LNI105,LNI880,11/13:46,11/16:42,13/19:51,13/20:03,""2 days, 5:59:00"",JED,UPG,011,28,1,1,NML,3,2025"
1258.,A320,PKLUW,BTK,BTK6406,BTK7518,13/14:24,13/14:28,13/19:55,13/20:07,5:27:00,CGK,HLP,018,28,0,0,NML,3,2025
1259.,A320,PKGQI,CTV,CTV669,CTV719,13/18:10,13/18:13,13/20:00,13/20:13,1:47:00,DPS,CGK,008,28,1,1,NML,3,2025
1260.,A320,PKGLX,CTV,CTV722,CTV354,13/19:10,13/19:14,13/20:05,13/20:15,0:51:00,CGK,UPG,006,28,1,1,NML,3,2025
1261.,B738,PKGFF,GIA,GIA320,GIA313,13/20:12,13/20:18,13/21:20,13/21:29,1:02:00,CGK,CGK,005,28,1,1,NML,3,2025
1262.,A320,PKGQU,CTV,CTV949,CTV494,13/19:27,13/19:33,13/20:09,13/20:21,0:36:00,BTH,BDJ,005,28,1,1,NML,3,2025
1263.,A320,PKGQA,CTV,CTV489,CTV662,13/19:48,13/19:54,13/20:27,13/20:36,0:33:00,BDJ,DPS,009,28,1,1,NML,3,2025
1264.,B739,PKLQZ,LNI,LNI879,LNI878,13/10:42,13/10:45,14/05:01,14/05:08,18:16:00,AMQ,AMQ,022,28,0,0,NML,3,2025
1265.,A320,PKSGC,SJV,SJV617,SJV610,13/19:07,13/19:12,14/04:57,14/05:06,9:45:00,BPN,BPN,017,28,1,1,NML,3,2025
1266.,A320,PKGQT,CTV,CTV726,CTV430,13/20:46,13/20:56,14/04:52,14/05:03,7:56:00,CGK,BPN,009,28,1,1,NML,3,2025
1267.,A320,PKAZG,AWQ,AWQ325,AWQ320,13/19:01,13/19:09,14/05:01,14/05:13,9:52:00,KUL,KUL,A01,28,1,1,NML,3,2025
1268.,B738,PKLGS,LNI,LNI972,LNI786,13/16:50,13/16:55,14/05:02,14/05:11,12:07:00,BTH,UPG,C04,28,0,0,NML,3,2025
1269.,A320,PKBKJ,BTK,BTK6413,BTK6412,13/21:13,13/21:16,14/05:38,14/05:47,8:22:00,DPS,DPS,016,28,1,1,NML,3,2025
1270.,A320,PKGLU,CTV,CTV699,CTV725,13/14:46,13/14:50,14/05:39,14/05:51,14:49:00,DPS,CGK,003,28,0,0,NML,3,2025
1271.,B738,PKLJQ,LNI,LNI690,LNI690,14/05:00,14/05:06,14/06:11,14/06:19,1:05:22,CGK,KOE,011,28,1,1,NML,3,2025
1272.,A320,V8RBE,RBA,RBA795,RBA796,13/20:18,13/20:22,14/05:36,14/05:47,9:14:00,BWN,BWN,A07,28,1,1,NML,3,2025
1273.,A320,PKSJO,SJV,SJV637,SJV706,13/15:21,13/15:25,14/06:12,14/06:23,14:46:51,BDJ,DPS,024,28,0,0,NML,3,2025
1274.,A320,PKPWL,PAS,PAS212,PAS213,13/20:30,13/20:39,14/05:45,14/05:55,9:06:00,CGK,CGK,006,28,1,1,NML,3,2025
1275.,B738,PKLJS,LNI,LNI709,LNI868,13/15:56,13/16:00,14/05:55,14/06:11,13:54:07,UPG,TTE,023,28,0,0,NML,3,2025
1276.,A320,PKSJD,SJV,SJV703,SJV640,13/20:54,13/21:00,14/05:48,14/05:56,8:48:00,DPS,AAP,012,28,1,1,NML,3,2025
1277.,A320,PKGLX,CTV,CTV353,CTV670,14/05:04,14/05:12,14/05:52,14/06:00,0:40:00,UPG,LOP,007,28,1,1,NML,3,2025
1278.,A320,PKLAY,BTK,BTK7521,BTK6589,13/20:05,14/05:27,14/06:01,14/06:14,9:49:00,HLP,CGK,009,28,1,1,NML,3,2025
"1279.,A320,PKSAZ,SJV,SJV727,SJV566,12/20:52,14/01:05,14/06:50,14/06:59,""1 day, 9:52:00"",DPS,PLW,025,28,0,1,NML,3,2025"
1280.,C208,PKVVF,SUS,PKVVF,SUS6197,13/09:01,13/09:06,14/06:55,14/07:09,21:49:00,BXW,BXW,C07,28,0,0,NML,3,2025
1281.,A320,PKLUG,BTK,BTK6588,BTK6135,13/21:23,13/21:29,14/06:47,14/06:57,9:18:00,CGK,PKN,008,28,1,1,NML,3,2025
1282.,B738,PKGFU,GIA,GIA855,GIA305,13/20:37,13/22:48,14/06:59,14/07:11,10:17:00,SIN,CGK,004,28,1,1,NML,3,2025
1283.,B738,PKGMF,GIA,GIA328,GIA854,13/20:01,13/22:29,14/06:51,14/07:01,10:42:00,CGK,SIN,A02,28,1,1,NML,3,2025
"1284.,A320,PKBLB,BTK,BTK6588,BTK7510,12/21:17,13/07:16,14/07:26,14/07:37,""1 day, 10:06:44"",CGK,HLP,021,10,0,1,NML,3,2025"
1285.,A320,PKAZL,AWQ,AWQ327,AWQ392,13/23:33,13/23:36,14/07:25,14/07:36,7:49:00,KUL,JHB,A04,10,1,1,NML,3,2025
1286.,A320,PKGQA,CTV,CTV661,CTV460,14/06:43,14/06:50,14/07:34,14/07:44,0:43:11,DPS,AAP,005,10,1,1,NML,3,2025
1287.,B739,PKLHO,LNI,LNI865,LNI693,13/18:28,14/04:48,14/07:53,14/08:05,13:19:00,LOP,CGK,C06,10,0,1,NML,3,2025
1288.,A320,PKGQO,CTV,CTV170,CTV175,14/07:29,14/07:33,14/08:06,14/08:18,0:33:00,HLP,HLP,006,10,1,1,NML,3,2025
1289.,A333,BLAK,CPA,CPA779,CPA780,13/18:20,13/18:29,14/08:03,14/08:14,13:34:00,HKG,HKG,A08,10,1,1,NML,3,2025
"1290.,A339,PKLET,LNI,LNI075,LNI102,11/14:22,13/22:06,14/08:10,14/08:24,""2 days, 17:41:00"",JED,JED,A06,10,1,1,NML,3,2025"
1291.,A320,PKGQJ,CTV,CTV355,CTV177,14/07:49,14/07:52,14/08:27,14/08:41,0:35:00,UPG,HLP,007,10,1,1,NML,3,2025
1292.,B738,PKLZO,MXD,MXD352,MXD353,13/19:32,13/19:36,14/08:44,14/08:53,13:08:00,KUL,KUL,A03,10,1,1,NML,3,2025
"1293.,A320,PKSAV,SJV,SJV619,SJV618,12/17:05,12/17:09,14/09:00,14/09:12,""1 day, 15:51:00"",BPN,BPN,C03,10,0,0,NML,3,2025"
1294.,B739,PKLHH,LNI,LNI929,LNI856,14/06:47,14/06:53,14/08:57,14/09:07,2:04:00,DPS,PLM,015,10,1,1,NML,3,2025
1295.,A320,PKLAJ,BTK,BTK6586,BTK6581,13/20:23,13/20:28,14/08:57,14/09:11,12:29:00,CGK,CGK,018,10,0,0,NML,3,2025
1296.,B738,PKLOR,LNI,LNI837,LNI748,14/08:03,14/08:08,14/09:00,14/09:16,0:52:00,PNK,MDC,016,10,1,1,NML,3,2025
"1297.,B739,PKLKM,LNI,LNI692,LNI682,12/15:46,13/23:23,14/09:16,14/09:27,""1 day, 17:26:02"",CGK,PKY,020,10,0,0,NML,3,2025"
1298.,A320,PKPWK,PAS,PAS200,PAS201,14/08:16,14/08:19,14/09:10,14/09:19,0:51:00,CGK,CGK,005,10,1,1,NML,3,2025
1299.,B738,PKGMV,GIA,GIA304,GIA342,14/08:10,14/08:14,14/09:14,14/09:30,1:00:00,CGK,DPS,004,10,1,1,NML,3,2025
1300.,A320,PKGLX,CTV,CTV671,CTV486,14/08:25,14/08:30,14/09:19,14/09:34,0:49:00,LOP,BDJ,006,10,1,1,NML,3,2025
1301.,A320,PKGTK,CTV,CTV417,CTV715,14/08:39,14/08:42,14/09:19,14/09:46,0:37:57,PNK,CGK,007,10,1,1,NML,3,2025
1302.,A320,9VTRT,TGW,TGW264,TGW265,14/09:09,14/09:14,14/10:03,14/10:15,0:49:00,SIN,SIN,A02,10,1,1,NML,3,2025
1303.,B738,9MMXS,MAS,MAS871,MAS870,14/09:05,14/09:11,14/09:52,14/10:02,0:41:00,KUL,KUL,A07,10,1,1,NML,3,2025
1304.,B738MAX,9MLRC,MXD,MXD350,MXD351,14/09:17,14/09:24,14/10:10,14/10:25,0:46:00,KUL,KUL,A04,10,1,1,NML,3,2025
1305.,A359,9VSHS,SIA,SIA922,SIA923,14/09:10,14/09:18,14/10:18,14/10:38,1:00:42,SIN,SIN,A08,10,1,1,NML,3,2025
1306.,A320,PKGQI,CTV,CTV351,CTV350,14/09:28,14/09:31,14/10:12,14/10:26,0:41:10,UPG,UPG,008,10,1,1,NML,3,2025
1307.,A320,PKSGC,SJV,SJV611,SJV632,14/08:29,14/08:33,14/10:09,14/10:22,1:36:57,BPN,BDJ,014,10,1,1,NML,3,2025
1308.,A320,PKBKP,BTK,BTK6584,BTK6585,14/09:36,14/09:39,14/10:21,14/10:43,0:42:00,CGK,CGK,009,10,1,1,NML,3,2025
1309.,B739,PKLGP,LNI,LNI683,LNI262,14/08:19,14/08:23,14/10:26,14/10:44,2:03:28,PKY,BPN,021,10,0,0,NML,3,2025
1310.,B739,PKLGO,LNI,LNI693,LNI973,14/06:50,14/06:55,14/10:43,14/10:57,3:48:00,KOE,BTH,023,10,0,0,NML,3,2025
1311.,A320,PKPWL,PAS,PAS210,PAS211,14/09:32,14/09:36,14/10:26,14/10:51,0:50:00,CGK,CGK,005,10,1,1,NML,3,2025
1312.,A320,PKLUG,BTK,BTK6134,BTK6346,14/09:44,14/09:46,14/10:51,14/11:05,1:05:00,PKN,BEJ,010,10,1,1,NML,3,2025
1313.,A320,PKLUW,BTK,BTK7513,BTK7516,14/10:29,14/10:32,14/11:22,14/11:34,0:50:44,HLP,HLP,011,10,1,1,NML,3,2025
1314.,B739,PKLHL,LNI,LNI791,LNI822,14/09:40,14/09:43,14/10:50,14/11:07,1:07:00,UPG,LOP,012,10,1,1,NML,3,2025
1315.,A320,PKAZG,AWQ,AWQ321,AWQ322,14/10:34,14/10:40,14/11:04,14/11:13,0:24:53,KUL,KUL,A01,10,1,1,NML,3,2025
1316.,B738,PKLJQ,LNI,LNI697,LNI697,14/10:46,14/10:49,14/12:39,14/12:52,1:50:00,KOE,CGK,015,10,1,1,NML,3,2025
1317.,B738,PKGNM,GIA,GIA322,GIA327,14/09:58,14/10:00,14/11:30,14/11:45,1:30:00,CGK,CGK,004,10,1,1,NML,3,2025
1318.,A320,PKBLA,BTK,BTK7517,BTK7520,14/11:00,14/11:04,14/11:50,14/11:56,0:46:00,HLP,HLP,009,10,1,1,NML,3,2025
1319.,B739,PKLHQ,LNI,LNI363,LNI804,14/06:22,14/06:28,14/12:06,14/12:15,5:37:59,BPN,DPS,022,10,0,0,NML,3,2025
1320.,A320,PKGQA,CTV,CTV461,CTV698,14/11:15,14/11:20,14/12:08,14/12:21,0:48:00,AAP,DPS,005,10,1,1,NML,3,2025
1321.,B739,PKLSH,LNI,LNI315,LNI780,14/07:51,14/07:56,14/12:24,14/12:34,4:27:05,BDJ,UPG,025,10,0,0,NML,3,2025
1322.,A320,PKSAZ,SJV,SJV567,SJV636,14/11:21,14/11:25,14/12:28,14/12:36,1:03:00,PLW,BDJ,014,10,1,1,NML,3,2025
1323.,CL60,N779LG,MPU,N977LG,N779LG,14/08:15,14/08:18,14/12:25,14/12:35,4:07:00,CGK,CGK,A09,10,0,0,NML,3,2025
1324.,B735,PKNAT,LKN,LKN193,LKN242,14/11:35,14/11:37,14/12:29,14/12:39,0:52:00,PKN,SMQ,011,10,1,1,NML,3,2025
1325.,A320,PKGLX,CTV,CTV487,CTV668,14/12:04,14/12:08,14/12:49,14/12:56,0:41:00,BDJ,DPS,007,10,1,1,NML,3,2025
1326.,A320,PKBKO,BTK,BTK6596,BTK6595,14/12:26,14/12:30,14/13:31,14/13:38,1:01:00,CGK,CGK,010,28,1,1,NML,3,2025
1327.,B738,PKLJS,LNI,LNI869,LNI722,14/12:22,14/12:26,14/13:30,14/13:42,1:04:00,TTE,KDI,016,28,1,1,NML,3,2025
1328.,A320,PKAZL,AWQ,AWQ393,AWQ324,14/12:29,14/12:34,14/13:15,14/13:23,0:41:00,JHB,KUL,A01,28,1,1,NML,3,2025
1329.,C680,N977JH,SEA,N977JH,N977JH,14/07:22,14/07:25,14/14:14,14/14:16,6:48:56,HLP,HLP,001,10,0,0,NML,3,2025
1330.,B738,PKGMM,GIA,GIA312,GIA317,14/12:19,14/12:22,14/13:30,14/13:41,1:08:00,CGK,CGK,004,28,1,1,NML,3,2025
1331.,B733F,PKMYV,MYU,MYU935,MYU838,14/08:54,14/08:58,14/14:19,14/14:26,5:21:00,SRG,BDJ,C02,10,0,0,NML,3,2025
1332.,B738,PKLKW,LNI,LNI839,LNI836,14/12:50,14/12:57,14/13:54,14/14:03,0:57:00,PNK,PNK,017,10,1,1,NML,3,2025
1333.,A320,PKSGC,SJV,SJV633,SJV726,14/12:58,14/13:03,14/14:03,14/14:15,1:00:00,BDJ,LBJ,014,10,1,1,NML,3,2025
1334.,A320,PKGQT,CTV,CTV431,CTV948,14/13:32,14/13:40,14/14:22,14/14:37,0:42:00,BPN,BTH,006,10,1,1,NML,3,2025
1335.,A320,9VJSL,JSA,JSA247,JSA248,14/14:12,14/14:17,14/14:56,14/15:10,0:39:00,SIN,SIN,A07,10,1,1,NML,3,2025
1336.,B739,PKLHH,LNI,LNI857,LNI642,14/13:28,14/13:34,14/15:02,14/15:12,1:28:00,PLM,LOP,012,10,1,1,NML,3,2025
1337.,A320,PKPWM,PAS,PAS208,PAS209,14/14:09,14/14:13,14/15:09,14/15:25,0:56:00,CGK,CGK,005,10,1,1,NML,3,2025
1338.,A320,PKGQR,CTV,CTV716,CTV717,14/14:21,14/14:26,14/15:14,14/15:28,0:48:00,CGK,CGK,007,10,1,1,NML,3,2025
1339.,B738,PKGNG,GIA,GIA330,GIA331,14/14:18,14/14:22,14/15:18,14/15:31,0:56:00,HLP,HLP,004,10,1,1,NML,3,2025
1340.,A320,PKGQA,CTV,CTV699,CTV434,14/15:23,14/15:26,14/16:08,14/16:16,0:42:00,DPS,BPN,008,28,1,1,NML,3,2025
1341.,B739,PKLGV,LNI,LNI694,LNI920,14/10:19,14/10:22,14/16:34,14/16:45,6:11:03,CGK,DPS,020,10,0,0,NML,3,2025
1342.,A320,PKLUS,BTK,BTK6406,BTK7512,14/14:35,14/14:38,14/15:35,14/15:43,0:57:00,CGK,HLP,009,10,1,1,NML,3,2025
1343.,B739,PKLOR,LNI,LNI749,LNI581,14/15:00,14/15:05,14/16:05,14/16:13,1:00:00,MDC,CGK,015,28,1,1,NML,3,2025
1344.,A320,PKLUG,BTK,BTK6347,BTK6401,14/15:26,14/15:30,14/16:16,14/16:29,0:46:00,BEJ,CGK,014,28,1,1,NML,3,2025
1345.,A320,PKSAZ,SJV,SJV637,SJV614,14/15:37,14/15:42,14/16:29,14/16:43,0:47:00,BDJ,BPN,009,28,1,1,NML,3,2025
1346.,A320,PKGQO,CTV,CTV174,CTV418,14/15:17,14/15:21,14/16:02,14/16:10,0:41:00,HLP,PNK,006,28,1,1,NML,3,2025
"1347.,B739,PKLFK,LNI,LNI707,LNI316,13/14:35,14/07:15,14/16:11,14/16:20,""1 day, 1:32:00"",UPG,BDJ,024,28,0,1,NML,3,2025"
1348.,B738,PKGFV,GIA,GIA310,GIA315,14/15:14,14/15:18,14/16:22,14/16:33,1:04:10,CGK,CGK,005,28,1,1,NML,3,2025
1349.,B738MAX,9VMBE,SIA,SIA926,SIA927,14/15:40,14/15:46,14/16:30,14/16:47,0:44:00,SIN,SIN,A08,10,1,1,NML,3,2025
1350.,B735,PKNAT,LKN,LKN243,LKN192,14/15:20,14/15:23,14/16:09,14/16:18,0:46:00,SMQ,PKN,012,28,1,1,NML,3,2025
1351.,B739,PKLGY,LNI,LNI919,LNI268,14/15:30,14/15:34,14/16:38,14/16:48,1:04:00,DPS,TRK,016,10,1,1,NML,3,2025
1352.,B739,PKLSR,LNI,LNI692,LNI692,14/17:02,14/17:07,14/17:49,14/18:01,0:42:00,CGK,KOE,015,10,1,1,NML,3,2025
1353.,A320,PKPWA,PAS,PAS206,PAS623,14/15:57,14/16:03,14/16:45,14/16:55,0:42:00,CGK,BPN,004,10,1,1,NML,3,2025
1354.,A320,PKAZG,AWQ,AWQ323,AWQ326,14/16:41,14/16:44,14/17:14,14/17:21,0:30:00,KUL,KUL,A01,10,1,1,NML,3,2025
1355.,B738,PKLQZ,LNI,LNI879,LNI838,14/15:05,14/15:09,14/17:31,14/17:47,2:22:00,AMQ,PNK,011,10,1,1,NML,3,2025
1356.,A320,PKPWL,PAS,PAS622,PAS207,14/17:24,14/17:27,14/18:18,14/18:29,0:51:00,BPN,CGK,005,10,1,1,NML,3,2025
1357.,B738MAX,9VMBI,SIA,SIA928,SIA929,14/17:39,14/17:44,14/18:25,14/18:37,0:41:00,SIN,SIN,A03,10,1,1,NML,3,2025
1358.,A320,PKLUQ,BTK,BTK7503,BTK7502,14/17:53,14/17:56,14/18:40,14/18:52,0:44:00,HLP,HLP,009,10,1,1,NML,3,2025
1359.,B738,PKGUD,GIA,GIA320,GIA325,14/17:35,14/17:39,14/18:42,14/18:56,1:03:00,CGK,CGK,004,10,1,1,NML,3,2025
1360.,B735,PKNAQ,LKN,LKN7567,LKN7562,14/18:12,14/18:17,14/19:00,14/19:11,0:43:00,UPG,UPG,011,10,1,1,NML,3,2025
1361.,A320,PKGTE,CTV,CTV669,CTV352,14/18:21,14/18:25,14/20:02,14/20:15,1:37:00,DPS,UPG,007,10,1,1,NML,3,2025
1362.,B788,9VOFB,TGW,TGW262,TGW263,14/18:31,14/18:37,14/19:40,14/19:47,1:03:00,SIN,SIN,A07,10,1,1,NML,3,2025
1363.,B739,PKLGS,LNI,LNI707,LNI880,14/14:50,14/14:53,14/19:39,14/19:49,4:46:00,UPG,UPG,010,10,1,1,NML,3,2025
1364.,A320,PKLUY,BTK,BTK7519,BTK7518,14/18:50,14/18:53,14/19:45,14/19:54,0:52:00,HLP,HLP,012,10,1,1,NML,3,2025
1365.,A320,PKPWM,PAS,PAS202,PAS203,14/18:53,14/18:58,14/19:49,14/19:59,0:51:00,CGK,CGK,005,10,1,1,NML,3,2025
1366.,A320,PKGQA,CTV,CTV435,CTV719,14/19:40,14/19:45,14/20:20,14/20:32,0:35:00,BPN,CGK,011,10,1,1,NML,3,2025
1367.,A320,PKGLV,CTV,CTV722,CTV354,14/19:32,14/19:37,14/20:14,14/20:28,0:37:00,CGK,UPG,008,10,1,1,NML,3,2025
1368.,B738,PKGFM,GIA,GIA326,GIA313,14/19:09,14/19:12,14/20:19,14/20:31,1:06:10,CGK,CGK,004,10,1,1,NML,3,2025
1369.,A320,PKGLG,CTV,CTV949,CTV494,14/19:44,14/19:48,14/20:33,14/20:46,0:45:00,BTH,BDJ,010,10,1,1,NML,3,2025
1370.,A320,PKGQN,CTV,CTV489,CTV662,14/19:35,14/19:39,14/20:25,14/20:35,0:46:00,BDJ,DPS,009,10,1,1,NML,3,2025
1371.,B738,PKGMV,GIA,GIA349,GIA319,14/18:07,14/18:11,14/20:46,14/20:59,2:35:00,DPS,CGK,006,10,1,1,NML,3,2025
1372.,E135,PKTFS,IAT,PKTFS,PKTFS,14/10:31,14/10:36,14/21:06,14/21:13,10:29:10,HLP,HLP,002,10,0,0,NML,3,2025
1373.,A320,PKSGC,SJV,SJV725,SJV610,14/17:29,14/17:33,15/04:52,15/05:04,11:19:23,LBJ,BPN,020,28,0,0,NML,3,2025
1374.,A320,PKGQL,CTV,CTV726,CTV430,14/20:25,14/20:29,15/04:52,15/05:05,8:23:00,CGK,BPN,008,28,1,1,NML,3,2025
1375.,B738,PKLOP,LNI,LNI709,LNI878,14/16:01,14/16:06,15/05:00,15/05:11,12:54:05,UPG,AMQ,023,28,0,0,NML,3,2025
1376.,A320,PKAZL,AWQ,AWQ325,AWQ320,14/19:13,14/19:18,15/05:00,15/05:10,9:42:22,KUL,KUL,A01,28,1,1,NML,3,2025
1377.,A320,PKGQR,CTV,CTV736,CTV725,14/18:57,14/19:03,15/05:30,15/05:38,10:26:46,CGK,CGK,003,28,0,0,NML,3,2025
1378.,B738,PKLJS,LNI,LNI727,LNI786,14/17:49,14/17:53,15/05:40,15/05:51,11:46:57,KDI,UPG,024,28,0,0,NML,3,2025
1379.,A320,V8RBD,RBA,RBA795,RBA796,14/20:12,14/20:18,15/05:41,15/05:54,9:23:00,BWN,BWN,A07,28,1,1,NML,3,2025
1380.,A320,PKSAQ,SJV,SJV703,SJV706,14/20:52,14/20:56,15/05:52,15/06:03,8:56:00,DPS,DPS,015,28,1,1,NML,3,2025
1381.,A320,PKLUI,BTK,BTK6588,BTK6589,14/21:24,14/21:27,15/05:57,15/06:07,8:30:00,CGK,CGK,014,28,1,1,NML,3,2025
1382.,A320,PKGLT,CTV,CTV353,CTV670,15/05:07,15/05:15,15/05:57,15/06:05,0:42:00,UPG,LOP,006,28,1,1,NML,3,2025
1383.,A320,PKAZG,AWQ,AWQ327,AWQ386,14/23:03,14/23:07,15/06:00,15/06:12,6:53:00,KUL,PEN,A03,28,1,1,NML,3,2025
1384.,B733F,PKMYV,MYU,MYU839,MYU934,14/17:45,14/17:51,15/06:31,15/06:35,12:40:00,BDJ,SIN,C02,28,0,0,NML,3,2025
1385.,B738MAX,PKOFI,AFE,AFE921,AFE921,15/05:50,15/05:56,15/06:44,15/06:49,0:48:00,CGK,TIM,005,28,1,1,NML,3,2025
1386.,B739,PKLHH,LNI,LNI865,LNI971,14/17:42,15/03:52,15/07:02,15/07:12,13:16:00,LOP,BTH,021,28,0,1,NML,3,2025
1387.,A320,PKLUS,BTK,BTK7521,BTK6135,14/21:02,14/21:05,15/08:08,15/08:16,11:03:00,HLP,PKN,012,28,1,1,NML,3,2025
1388.,B738,PKGNF,GIA,GIA328,GIA305,14/20:44,14/20:48,15/07:00,15/07:10,10:12:00,CGK,CGK,004,28,1,1,NML,3,2025
1389.,B738,PKGMF,GIA,GIA855,GIA854,14/20:40,14/20:48,15/06:47,15/06:59,9:59:00,SIN,SIN,A02,28,1,1,NML,3,2025
"1390.,A320,PKLUP,BTK,BTK7519,BTK7510,13/18:38,14/04:48,15/07:31,15/07:39,""1 day, 12:45:00"",HLP,HLP,C05,28,0,1,NML,3,2025"
1391.,A320,PKGQN,CTV,CTV661,CTV460,15/06:42,15/06:50,15/07:28,15/07:37,0:38:00,DPS,AAP,006,28,1,1,NML,3,2025
1392.,B739,PKLSR,LNI,LNI693,LNI693,15/06:52,15/06:58,15/07:45,15/07:55,0:47:00,KOE,CGK,009,28,1,1,NML,3,2025
1393.,B738,PKLZM,MXD,MXD352,MXD353,14/19:22,14/19:28,15/08:28,15/08:42,13:00:00,KUL,KUL,A04,28,1,1,NML,3,2025
1394.,B739,PKLSI,LNI,LNI929,LNI982,15/06:46,15/06:51,15/07:47,15/07:57,0:56:00,DPS,PKU,015,28,1,1,NML,3,2025
1395.,A320,PKGQJ,CTV,CTV170,CTV175,15/07:03,15/07:13,15/07:50,15/08:01,0:37:00,HLP,HLP,007,28,1,1,NML,3,2025
1396.,A333,BLAD,CPA,CPA779,CPA780,14/17:59,14/18:05,15/08:05,15/08:20,14:00:00,HKG,HKG,A08,28,1,1,NML,3,2025
1397.,B739,PKLGY,LNI,LNI267,LNI990,15/07:14,15/07:20,15/08:17,15/08:33,0:57:00,TRK,DPS,011,28,1,1,NML,3,2025
"1398.,DHC6,PKICP,PGT,PKICP,PKICP,13/12:55,13/12:58,15/07:43,15/07:49,""1 day, 18:45:00"",PAG,PAG,028,28,0,0,NML,3,2025"
1399.,A320,PKGTE,CTV,CTV355,CTV177,15/07:44,15/07:51,15/08:26,15/08:37,0:35:00,UPG,HLP,008,28,1,1,NML,3,2025
1400.,A320,PKLUW,BTK,BTK7501,BTK6581,14/14:45,14/23:23,15/08:54,15/09:07,17:59:00,HLP,CGK,016,28,1,1,NML,3,2025
1401.,A320,9VJSU,JSA,JSA249,JSA250,15/08:08,15/08:11,15/08:52,15/09:16,0:41:00,SIN,SIN,A01,28,1,1,NML,3,2025
1402.,A320,PKSAZ,SJV,SJV617,SJV618,14/20:03,14/20:08,15/08:55,15/09:11,12:47:00,BPN,BPN,018,28,0,0,NML,3,2025
1403.,GLF6,VPCTW,JES,VPCTW,VPCTW,15/08:45,15/08:48,15/16:14,15/16:22,7:26:00,XSP,XSP,A09,10,0,0,NML,3,2025
1404.,B739,PKLFK,LNI,LNI315,LNI748,15/07:53,15/07:58,15/09:24,15/09:35,1:26:00,BDJ,MDC,014,28,1,1,NML,3,2025
1405.,B739,PKLHR,LNI,LNI972,LNI682,14/16:26,14/16:31,15/09:22,15/09:34,16:51:00,BTH,PKY,017,28,1,1,NML,3,2025
1406.,A320,PKPWK,PAS,PAS200,PAS201,15/08:44,15/08:49,15/09:24,15/09:48,0:35:00,CGK,CGK,005,28,1,1,NML,3,2025
1407.,B738,PKGUF,GIA,GIA304,GIA342,15/08:21,15/08:27,15/09:19,15/09:25,0:52:00,CGK,DPS,004,28,1,1,NML,3,2025
1408.,A320,PKGLT,CTV,CTV671,CTV486,15/08:28,15/08:33,15/09:16,15/09:22,0:43:00,LOP,BDJ,006,28,1,1,NML,3,2025
1409.,A320,9VTRL,TGW,TGW264,TGW265,15/09:11,15/09:15,15/09:58,15/10:05,0:43:00,SIN,SIN,A02,28,1,1,NML,3,2025
1410.,B738MAX,9MMVB,MAS,MAS871,MAS870,15/09:15,15/09:20,15/10:12,15/10:23,0:52:00,KUL,KUL,A01,28,1,1,NML,3,2025
1411.,B738MAX,9MLRM,MXD,MXD350,MXD351,15/09:09,15/09:13,15/10:04,15/10:21,0:51:00,KUL,KUL,A03,28,1,1,NML,3,2025
1412.,A320,PKGLS,CTV,CTV417,CTV715,15/09:49,15/09:54,15/10:30,15/10:41,0:36:00,PNK,CGK,006,10,1,1,NML,3,2025
1413.,A359,9VSHM,SIA,SIA922,SIA923,15/09:19,15/09:23,15/10:18,15/10:33,0:55:00,SIN,SIN,A08,10,1,1,NML,3,2025
1414.,B738,PKLUI,BTK,BTK6584,BTK6585,15/09:46,15/09:50,15/10:42,15/10:53,0:52:00,CGK,CGK,010,10,1,1,NML,3,2025
1415.,A320,PKSGC,SJV,SJV611,SJV632,15/08:40,15/08:45,15/10:16,15/10:25,1:31:00,BPN,BDJ,015,28,1,1,NML,3,2025
1416.,A320,PKGQO,CTV,CTV351,CTV350,15/09:28,15/09:31,15/10:16,15/10:27,0:45:00,UPG,UPG,007,28,1,1,NML,3,2025
1417.,B739,PKLGR,LNI,LNI791,LNI706,15/09:32,15/09:37,15/10:31,15/10:46,0:54:00,UPG,UPG,009,10,1,1,NML,3,2025
1418.,A320,PKPWF,PAS,PAS210,PAS211,15/09:36,15/09:44,15/10:25,15/10:37,0:41:00,CGK,CGK,005,28,1,1,NML,3,2025
1419.,A320,PKLUS,BTK,BTK6134,BTK6346,15/10:44,15/10:46,15/11:33,15/11:45,0:47:00,PKN,BEJ,012,10,1,1,NML,3,2025
1420.,A320,PKLAF,BTK,BTK7513,BTK7516,15/10:15,15/10:19,15/10:55,15/11:08,0:36:00,HLP,HLP,008,10,1,1,NML,3,2025
1421.,B739,PKLKM,LNI,LNI683,LNI822,15/08:18,15/08:24,15/11:03,15/11:12,2:39:00,PKY,LOP,021,10,0,0,NML,3,2025
1422.,A320,PKSJD,SJV,SJV643,SJV642,14/15:34,14/15:38,15/10:54,15/11:04,19:16:00,AAP,AAP,022,10,0,0,NML,3,2025
1423.,B738,PKLGP,LNI,LNI694,LNI694,15/10:18,15/10:21,15/11:24,15/11:32,1:03:00,CGK,KOE,016,10,1,1,NML,3,2025
1424.,A320,PKAZL,AWQ,AWQ321,AWQ322,15/10:31,15/10:36,15/11:08,15/11:18,0:32:00,KUL,KUL,A03,10,1,1,NML,3,2025
1425.,B739,PKLQZ,LNI,LNI837,LNI697,15/08:25,15/08:29,15/11:20,15/11:36,2:51:00,PNK,CGK,023,10,0,0,NML,3,2025
1426.,B738,PKGFG,GIA,GIA322,GIA327,15/09:56,15/10:02,15/11:35,15/11:48,1:33:00,CGK,CGK,004,10,1,1,NML,3,2025
1427.,A320,PKLUP,BTK,BTK7517,BTK7520,15/10:39,15/10:42,15/11:32,15/11:42,0:50:00,HLP,HLP,014,10,1,1,NML,3,2025
1428.,A320,PKGQN,CTV,CTV461,CTV698,15/11:16,15/11:20,15/12:02,15/12:13,0:42:00,AAP,DPS,006,10,1,1,NML,3,2025
1429.,A320,PKSAG,SJV,SJV619,SJV636,14/16:59,14/17:03,15/12:28,15/12:37,19:25:00,BPN,BDJ,025,10,0,0,NML,3,2025
1430.,B739,PKLHM,LNI,LNI801,LNI780,15/11:34,15/11:40,15/12:36,15/12:45,0:56:00,UPG,UPG,010,10,1,1,NML,3,2025
1431.,A320,PKGLT,CTV,CTV487,CTV668,15/12:22,15/12:30,15/13:14,15/13:23,0:44:40,BDJ,DPS,007,28,1,1,NML,3,2025
1432.,A339,PKLEQ,LNI,LNI107,LNI106,14/16:30,14/16:35,15/13:21,15/13:39,20:46:00,JED,JED,A06,28,1,1,NML,3,2025
1433.,A320,PKPWD,PAS,PAS204,PAS205,15/12:04,15/12:09,15/13:22,15/13:33,1:13:00,CGK,CGK,005,28,1,1,NML,3,2025
1434.,A320,PKAZG,AWQ,AWQ387,AWQ324,15/12:31,15/12:35,15/13:15,15/13:26,0:40:00,PEN,KUL,A01,28,1,1,NML,3,2025
1435.,B738,PKLKW,LNI,LNI839,LNI836,15/13:24,15/13:30,15/14:14,15/14:25,0:44:00,PNK,PNK,014,28,1,1,NML,3,2025
1436.,A320,PKGLV,CTV,CTV716,CTV717,15/13:31,15/13:39,15/14:15,15/14:29,0:36:00,CGK,CGK,006,28,1,1,NML,3,2025
1437.,A320,PKGQL,CTV,CTV431,CTV948,15/13:35,15/13:41,15/14:22,15/14:32,0:41:00,BPN,BTH,007,28,1,1,NML,3,2025
1438.,B733F,PKMYV,MYU,MYU935,MYU815,15/14:12,15/14:16,15/14:55,15/15:06,0:39:00,SRG,CGK,C02,28,0,0,NML,3,2025
1439.,B739,PKLKM,LNI,LNI823,LNI260,15/13:47,15/13:53,15/15:13,15/15:25,1:20:00,LOP,BPN,010,28,1,1,NML,3,2025
1440.,A320,PKLAY,BTK,BTK6596,BTK6595,15/14:54,15/15:01,15/15:52,15/15:57,0:51:00,CGK,CGK,011,10,1,1,NML,3,2025
1441.,B739,PKLGR,LNI,LNI707,LNI642,15/15:14,15/15:20,15/16:31,15/16:41,1:11:00,UPG,LOP,014,10,1,1,NML,3,2025
1442.,A320,PKSGC,SJV,SJV633,SJV614,15/13:28,15/13:33,15/15:24,15/15:33,1:51:00,BDJ,BPN,009,28,1,1,NML,3,2025
1443.,B738,PKGMI,GIA,GIA330,GIA331,15/14:22,15/14:32,15/15:25,15/15:35,0:53:00,HLP,HLP,004,28,1,1,NML,3,2025
1444.,A320,PKGQN,CTV,CTV699,CTV434,15/14:37,15/14:43,15/15:23,15/15:31,0:40:00,DPS,BPN,006,28,1,1,NML,3,2025
1445.,B739,PKLFK,LNI,LNI749,LNI920,15/15:05,15/15:09,15/16:10,15/16:21,1:01:00,MDC,DPS,015,10,1,1,NML,3,2025
1446.,A320,PKLUP,BTK,BTK7501,BTK7512,15/14:44,15/14:49,15/15:30,15/15:41,0:41:00,HLP,HLP,008,28,1,1,NML,3,2025
1447.,B738,9MMLR,MAS,MAS873,MAS872,15/15:00,15/15:04,15/15:42,15/15:53,0:38:00,KUL,KUL,A06,28,1,1,NML,3,2025
1448.,B739,PKLSI,LNI,LNI983,LNI581,15/13:38,15/13:41,15/15:52,15/16:06,2:11:00,PKU,CGK,017,10,1,1,NML,3,2025
1449.,A320,PKLUS,BTK,BTK6347,BTK6401,15/16:08,15/16:12,15/16:54,15/17:07,0:42:00,BEJ,CGK,011,10,1,1,NML,3,2025
1450.,B739,PKLSV,LNI,LNI261,LNI316,15/14:16,15/14:21,15/17:28,15/17:42,3:07:00,BPN,BDJ,012,10,1,1,NML,3,2025
1451.,A320,PKGQJ,CTV,CTV174,CTV418,15/15:23,15/15:30,15/16:08,15/16:21,0:38:00,HLP,PNK,007,10,1,1,NML,3,2025
1452.,B738,PKGFM,GIA,GIA310,GIA315,15/15:31,15/15:36,15/16:36,15/16:47,1:00:00,CGK,CGK,005,10,1,1,NML,3,2025
1453.,B738MAX,PKOFI,AFE,AFE920,AFE920,15/15:38,15/15:46,15/16:22,15/16:35,0:36:00,TIM,CGK,009,10,1,1,NML,3,2025
1454.,B739,PKLGP,LNI,LNI695,LNI268,15/16:02,15/16:06,15/17:04,15/17:17,0:58:00,KOE,TRK,010,10,1,1,NML,3,2025
1455.,B739,PKLHS,LNI,LNI919,LNI692,15/14:22,15/14:32,15/17:34,15/17:47,3:02:39,DPS,KOE,018,10,0,0,NML,3,2025
1456.,A320,PKPWG,PAS,PAS206,PAS623,15/15:59,15/16:03,15/16:47,15/17:01,0:44:00,CGK,BPN,004,10,1,1,NML,3,2025
1457.,A320,PKGLU,CTV,CTV669,CTV488,15/16:44,15/16:48,15/17:27,15/17:38,0:39:00,DPS,BDJ,007,10,1,1,NML,3,2025
1458.,A320,PKAZL,AWQ,AWQ323,AWQ326,15/16:50,15/16:55,15/17:19,15/17:26,0:24:00,KUL,KUL,A01,10,1,1,NML,3,2025
1459.,B738,PKLOP,LNI,LNI879,LNI838,15/10:56,15/11:01,15/17:31,15/17:44,6:30:00,AMQ,PNK,024,10,0,0,NML,3,2025
1460.,A320,PKPWF,PAS,PAS622,PAS207,15/17:20,15/17:24,15/18:26,15/18:31,1:02:00,BPN,CGK,006,28,1,1,NML,3,2025
1461.,B739,PKLHH,LNI,LNI972,LNI800,15/16:33,15/16:36,15/18:26,15/18:32,1:50:00,BTH,UPG,017,28,1,1,NML,3,2025
1462.,B738,PKCRH,SJY,SJY567,SJY562,15/17:36,15/17:39,15/18:42,15/18:52,1:03:00,UPG,UPG,011,28,1,1,NML,3,2025
1463.,B738MAX,9VMBL,SIA,SIA928,SIA929,15/17:39,15/17:47,15/18:34,15/18:49,0:47:00,SIN,SIN,A06,28,1,1,NML,3,2025
1464.,B738,PKGMA,GIA,GIA320,GIA325,15/17:15,15/17:18,15/18:36,15/18:46,1:18:00,CGK,CGK,004,28,1,1,NML,3,2025
1465.,A320,PKGQR,CTV,CTV949,CTV494,15/18:37,15/18:46,15/19:23,15/19:33,0:37:00,BTH,BDJ,007,28,1,1,NML,3,2025
1466.,B739,PKLSW,LNI,LNI692,LNI880,15/16:17,15/16:21,15/19:51,15/20:04,3:30:00,CGK,UPG,016,28,1,1,NML,3,2025
1467.,A320,PKGQN,CTV,CTV435,CTV719,15/19:13,15/19:20,15/20:02,15/20:09,0:42:00,BPN,CGK,008,28,1,1,NML,3,2025
1468.,B738,PKGFV,GIA,GIA326,GIA313,15/19:01,15/19:09,15/20:06,15/20:17,0:57:00,CGK,CGK,004,28,1,1,NML,3,2025
1469.,A320,PKGLY,CTV,CTV489,CTV662,15/20:02,15/20:09,15/20:43,15/20:52,0:34:00,BDJ,DPS,007,28,1,1,NML,3,2025
1470.,A320,PKGTA,CTV,CTV722,CTV354,15/19:51,15/19:57,15/20:33,15/20:43,0:36:00,CGK,UPG,006,28,1,1,NML,3,2025
1471.,A320,PKGLS,CTV,CTV736,CTV352,15/20:06,15/20:14,15/20:50,15/20:58,0:36:00,CGK,UPG,009,28,1,1,NML,3,2025
"1472.,B739,PKLHL,LNI,LNI823,LNI878,14/13:36,16/04:16,16/05:13,16/05:22,""1 day, 15:32:00"",LOP,AMQ,017,28,1,0,NML,3,2025"
1473.,A320,PKSAG,SJV,SJV637,SJV610,15/15:55,15/15:58,16/05:04,16/05:30,13:06:00,BDJ,BPN,021,28,0,0,NML,3,2025
1474.,A320,PKLAF,BTK,BTK7521,BTK7508,15/19:54,15/20:01,16/04:49,16/05:05,8:48:00,HLP,HLP,010,28,1,1,NML,3,2025
1475.,A320,PKGQP,CTV,CTV726,CTV430,15/20:19,15/20:26,16/05:00,16/05:11,8:34:00,CGK,BPN,008,28,1,1,NML,3,2025
1476.,A320,PKAZL,AWQ,AWQ327,AWQ320,15/22:51,15/22:56,16/05:00,16/05:13,6:04:00,KUL,KUL,A01,28,1,1,NML,3,2025
1477.,A320,PKLAM,BTK,BTK6588,BTK6132A,15/21:33,15/21:40,16/05:08,16/05:15,7:28:00,CGK,LOP,014,28,1,1,RTA,3,2025
1478.,A320,PKLUS,BTK,BTK6586,BTK6132,15/20:55,15/21:00,16/06:50,16/07:03,9:50:00,CGK,LOP,011,28,1,1,NML,3,2025
1479.,A320,PKGLU,CTV,CTV495,CTV725,15/20:15,15/20:22,16/05:34,16/05:42,9:12:00,BDJ,CGK,004,28,1,1,NML,3,2025
1480.,B739,PKLHP,LNI,LNI690,LNI690,16/05:02,16/05:07,16/05:56,16/06:04,0:49:00,CGK,KOE,016,28,1,1,NML,3,2025
1481.,A320,PKSAQ,SJV,SJV703,SJV706,15/21:02,15/21:08,16/05:50,16/05:58,8:42:00,DPS,DPS,012,28,1,1,NML,3,2025
"1482.,A320,PKBLD,BTK,BTK6586,BTK6589,14/20:21,14/20:25,16/06:08,16/06:19,""1 day, 9:43:08"",CGK,CGK,C03,28,0,0,NML,3,2025"
1483.,A320,PKSJD,SJV,SJV643,SJV640,15/15:20,15/15:25,16/06:05,16/06:16,14:40:00,AAP,AAP,025,28,0,0,NML,3,2025
1484.,A320,PKGLS,CTV,CTV353,CTV484,16/05:07,16/05:13,16/05:53,16/06:00,0:40:00,UPG,BDJ,006,28,1,1,NML,3,2025
1485.,B738,PKLSF,LNI,LNI709,LNI868,15/16:05,15/16:10,16/06:00,16/06:10,13:50:00,UPG,TTE,023,28,0,0,NML,3,2025
1486.,B739,PKLHH,LNI,LNI883,LNI882,15/22:01,15/22:05,16/06:04,16/06:13,7:59:00,UPG,UPG,015,28,1,1,NML,3,2025
1487.,A320,PKSGC,SJV,SJV617,SJV566,15/19:06,15/19:15,16/07:05,16/07:16,11:50:00,BPN,PLW,024,28,0,0,NML,3,2025
1488.,A320,PKBKY,BTK,BTK6406,BTK6135,15/16:11,15/16:17,16/06:57,16/07:11,14:40:00,CGK,PKN,022,28,0,0,NML,3,2025
1489.,B739,PKLGR,LNI,LNI865,LNI971,15/19:26,16/04:16,16/07:04,16/07:13,11:33:00,LOP,BTH,018,28,0,0,NML,3,2025
1490.,B738,PKGUF,GIA,GIA349,GIA854,15/17:58,15/23:09,16/07:06,16/07:22,13:01:00,DPS,SIN,A02,28,1,1,NML,3,2025
1491.,B738,PKGMF,GIA,GIA855,GIA305,15/20:37,15/23:29,16/06:56,16/07:05,10:15:00,SIN,CGK,005,28,1,1,NML,3,2025
1492.,A320,PKAZG,AWQ,AWQ325,AWQ392,15/18:56,15/19:03,16/07:24,16/07:34,12:21:00,KUL,JHB,A03,28,1,1,NML,3,2025
1493.,A320,PKGLY,CTV,CTV661,CTV460,16/07:01,16/07:07,16/07:47,16/07:59,0:40:00,DPS,AAP,005,28,1,1,NML,3,2025
1494.,B739,PKLHS,LNI,LNI693,LNI693,16/06:56,16/07:02,16/07:45,16/07:54,0:43:00,KOE,CGK,009,28,1,1,NML,3,2025
1495.,A333,BHWM,CPA,CPA779,CPA780,15/18:01,15/18:04,16/08:07,16/08:21,14:03:00,HKG,HKG,A08,28,1,1,NML,3,2025
1496.,A320,PKGTK,CTV,CTV355,CTV177,16/07:38,16/07:45,16/08:26,16/08:38,0:41:00,UPG,HLP,007,28,1,1,NML,3,2025
1497.,B738,PKLDO,MXD,MXD352,MXD353,15/19:33,15/19:37,16/08:36,16/08:46,12:59:00,KUL,KUL,A04,28,1,1,NML,3,2025
1498.,A339,PKLET,LNI,LNI103,LNI078,15/08:58,15/09:03,16/08:45,16/09:01,23:42:00,JED,MED,A07,28,1,1,NML,3,2025
1499.,A320,PKLUS,BTK,BTK6133,BTK6581,16/09:20,16/09:25,16/10:10,16/10:18,0:45:00,LOP,CGK,010,28,1,1,NML,3,2025
1500.,A320,PKSAZ,SJV,SJV619,SJV618,15/16:53,15/17:00,16/11:32,16/11:48,18:32:00,BPN,BPN,C05,10,0,0,NML,3,2025
1501.,B739,PKLKW,LNI,LNI837,LNI856,16/07:57,16/08:02,16/08:58,16/09:07,0:56:00,PNK,PLM,014,28,1,1,NML,3,2025
1502.,B739,PKLGV,LNI,LNI929,LNI748,16/06:52,16/06:57,16/09:03,16/09:13,2:06:00,DPS,MDC,017,28,1,1,NML,3,2025
1503.,B739,PKLHR,LNI,LNI683,LNI682,16/08:08,16/08:13,16/09:09,16/09:18,0:56:00,PKY,PKY,010,28,1,1,NML,3,2025
1504.,A320,PKPWK,PAS,PAS200,PAS201,16/08:18,16/08:25,16/09:10,16/09:22,0:45:00,CGK,CGK,005,28,1,1,NML,3,2025
1505.,B738,PKGFI,GIA,GIA304,GIA342,16/08:02,16/08:07,16/09:12,16/09:26,1:05:00,CGK,DPS,004,28,1,1,NML,3,2025
1506.,A320,PKGLS,CTV,CTV485,CTV486,16/08:34,16/08:39,16/09:20,16/09:29,0:41:00,BDJ,BDJ,006,28,1,1,NML,3,2025
1507.,A20N,9VTNG,TGW,TGW264,TGW265,16/09:05,16/09:08,16/09:59,16/10:10,0:51:00,SIN,SIN,A02,28,1,1,NML,3,2025
1508.,B738,9MMXV,MAS,MAS871,MAS870,16/09:15,16/09:18,16/10:00,16/10:15,0:42:38,KUL,KUL,A07,28,1,1,NML,3,2025
1509.,B738,PKLZO,MXD,MXD350,MXD351,16/08:51,16/08:55,16/10:00,16/10:08,1:05:27,KUL,KUL,A03,28,1,1,NML,3,2025
1510.,B735,PKNAT,LKN,LKN243,LKN242,16/09:37,16/09:43,16/10:19,16/10:28,0:36:00,SMQ,SMQ,012,28,1,1,NML,3,2025
1511.,A359,9VSHL,SIA,SIA922,SIA923,16/09:11,16/09:14,16/10:12,16/10:25,0:58:00,SIN,SIN,A08,28,1,1,NML,3,2025
1512.,B738,PKLDJ,BTK,BTK6584,BTK6585,16/09:34,16/09:34,16/10:36,16/10:45,1:02:00,CGK,CGK,009,28,1,1,NML,3,2025
1513.,A320,PKGQO,CTV,CTV351,CTV350,16/09:27,16/09:34,16/10:20,16/10:32,0:46:00,UPG,UPG,008,28,1,1,NML,3,2025
"1514.,A320,PKSJV,SJV,SJV619,SJV632,13/16:57,14/23:26,16/10:16,16/10:30,""2 days, 17:16:00"",BPN,BDJ,C04,28,0,0,NML,3,2025"
"1515.,A339,PKLES,LNI,LNI105,LNI104,13/11:13,15/20:50,16/10:55,16/11:07,""2 days, 23:34:00"",JED,JED,A06,28,1,1,NML,3,2025"
1516.,A320,PKGQA,CTV,CTV417,CTV715,16/09:24,16/09:31,16/10:21,16/10:33,0:50:00,PNK,CGK,007,28,1,1,NML,3,2025
1517.,B739,PKLHM,LNI,LNI791,LNI706,16/08:55,16/09:01,16/10:31,16/10:40,1:30:00,UPG,UPG,011,28,1,1,NML,3,2025
1518.,B739,PKLSH,LNI,LNI367,LNI262,16/09:41,16/09:47,16/10:33,16/10:42,0:46:00,BPN,BPN,016,28,1,1,NML,3,2025
1519.,A320,PKLUP,BTK,BTK7513,BTK7516,16/09:51,16/09:57,16/10:40,16/10:48,0:43:00,HLP,HLP,014,28,1,1,NML,3,2025
1520.,B739,PKLGP,LNI,LNI267,LNI822,16/07:09,16/07:14,16/11:06,16/11:14,3:52:00,TRK,LOP,021,28,0,0,NML,3,2025
1521.,B738,PKLOH,LNI,LNI694,LNI694,16/10:23,16/10:27,16/11:21,16/11:22,0:54:00,CGK,KOE,017,28,1,1,NML,3,2025
1522.,A320,PKAZL,AWQ,AWQ321,AWQ322,16/10:34,16/10:38,16/11:09,16/11:21,0:31:00,KUL,KUL,A01,28,1,1,NML,3,2025
1523.,B739,PKLHP,LNI,LNI697,LNI697,16/10:12,16/10:20,16/11:21,16/11:30,1:01:00,KOE,CGK,022,28,0,0,NML,3,2025
1524.,B738,PKGFM,GIA,GIA322,GIA327,16/10:06,16/10:13,16/11:33,16/11:44,1:20:00,CGK,CGK,004,10,1,1,NML,3,2025
1525.,B739,PKLSV,LNI,LNI315,LNI804,16/08:04,16/08:10,16/11:56,16/12:05,3:46:00,BDJ,DPS,018,10,0,0,NML,3,2025
1526.,A320,PKGLY,CTV,CTV461,CTV698,16/11:24,16/11:34,16/12:12,16/12:22,0:38:00,AAP,DPS,006,10,1,1,NML,3,2025
1527.,A320,PKSGC,SJV,SJV567,SJV636,16/11:36,16/11:42,16/12:33,16/12:43,0:51:27,PLW,BDJ,012,10,1,1,NML,3,2025
1528.,B739,PKLHH,LNI,LNI801,LNI780,16/11:28,16/11:35,16/12:29,16/12:40,0:54:49,UPG,UPG,010,10,1,1,NML,3,2025
1529.,B735,PKNAS,LKN,LKN193,LKN192,16/11:41,16/11:46,16/12:25,16/12:38,0:39:28,PKN,PKN,011,10,1,1,NML,3,2025
1530.,A320,PKGLS,CTV,CTV487,CTV668,16/12:02,16/12:05,16/12:46,16/12:57,0:41:03,BDJ,DPS,007,10,1,1,NML,3,2025
1531.,A320,PKBLC,BTK,BTK6596,BTK6595,16/12:36,16/12:39,16/13:28,16/13:40,0:49:00,CGK,CGK,009,10,1,1,NML,3,2025
1532.,A320,PKAZG,AWQ,AWQ393,AWQ324,16/12:16,16/12:20,16/13:12,16/13:26,0:51:37,JHB,KUL,A01,10,1,1,NML,3,2025
1533.,A320,PKPWJ,PAS,PAS204,PAS205,16/11:59,16/12:03,16/13:20,16/13:32,1:17:00,CGK,CGK,005,10,1,1,NML,3,2025
1534.,B739,PKLKQ,LNI,LNI839,LNI722,16/12:31,16/12:35,16/13:35,16/13:46,1:00:00,PNK,KDI,014,10,1,1,NML,3,2025
1535.,B73F,PKMGZ,TMG,TMG201,TMG202,16/11:09,16/11:17,16/13:23,16/13:30,2:06:00,PKY,BDJ,C04,10,0,0,NML,3,2025
1536.,A320,9VJSM,JSA,JSA247,JSA248,16/13:05,16/13:11,16/13:53,16/14:03,0:42:00,SIN,SIN,A07,28,1,1,NML,3,2025
1537.,B738,PKLKW,LNI,LNI857,LNI836,16/13:34,16/13:39,16/14:22,16/14:31,0:43:00,PLM,PNK,016,28,1,1,NML,3,2025
1538.,A320,PKSJV,SJV,SJV633,SJV726,16/13:30,16/13:33,16/14:35,16/14:43,1:02:00,BDJ,LBJ,010,28,1,1,NML,3,2025
1539.,A320,PKGLP,CTV,CTV716,CTV717,16/14:02,16/14:08,16/14:31,16/14:50,0:23:00,CGK,CGK,007,28,1,1,NML,3,2025
1540.,A320,PKGQP,CTV,CTV431,CTV948,16/13:43,16/13:47,16/14:28,16/14:38,0:41:00,BPN,BTH,006,28,1,1,NML,3,2025
1541.,B739,PKLGP,LNI,LNI823,LNI260,16/14:45,16/14:50,16/15:34,16/15:48,0:44:00,LOP,BPN,010,10,1,1,NML,3,2025
1542.,A320,PKLAF,BTK,BTK7515,BTK7514,16/13:38,16/13:41,16/14:54,16/15:09,1:13:00,HLP,HLP,008,10,1,1,NML,3,2025
1543.,B738,PKGNM,GIA,GIA312,GIA317,16/13:02,16/13:06,16/14:52,16/15:07,1:46:00,CGK,CGK,004,10,1,1,NML,3,2025
1544.,B733F,PKMYV,MYU,MYU935,MYU838,16/13:59,16/14:05,16/15:02,16/15:13,0:57:00,SRG,BDJ,C02,10,0,0,NML,3,2025
1545.,B738,PKGFW,GIA,GIA330,GIA331,16/14:18,16/14:26,16/15:18,16/15:32,0:52:00,HLP,HLP,005,10,1,1,NML,3,2025
1546.,A320,PKSJZ,SJV,SJV649,SJV614,16/08:23,16/08:27,16/15:29,16/15:42,7:02:00,BPN,BPN,015,10,1,1,NML,3,2025
1547.,B739,PKLGV,LNI,LNI749,LNI920,16/14:52,16/14:58,16/16:19,16/16:31,1:21:00,MDC,DPS,014,10,1,1,NML,3,2025
1548.,A320,PKLUY,BTK,BTK7501,BTK7512,16/14:40,16/14:47,16/15:52,16/16:05,1:05:00,HLP,HLP,009,10,1,1,NML,3,2025
1549.,B739,PKLSF,LNI,LNI869,LNI581,16/12:20,16/12:24,16/15:50,16/16:02,3:26:00,TTE,CGK,021,10,0,0,NML,3,2025
1550.,B738,9MMSG,MAS,MAS873,MAS872,16/14:56,16/14:59,16/15:37,16/15:52,0:38:00,KUL,KUL,A07,10,1,1,NML,3,2025
1551.,A320,PKLUI,BTK,BTK6406,BTK6401,16/15:12,16/15:15,16/16:13,16/16:26,0:58:00,CGK,CGK,008,10,1,1,NML,3,2025
1552.,A320,PKSGC,SJV,SJV637,SJV672,16/15:43,16/15:46,16/16:44,16/16:59,0:58:00,BDJ,BEJ,010,10,1,1,NML,3,2025
1553.,B739,PKLSH,LNI,LNI261,LNI316,16/14:11,16/14:17,16/16:52,16/17:05,2:35:00,BPN,BDJ,011,28,1,1,NML,3,2025
1554.,B738,PKGFM,GIA,GIA310,GIA315,16/15:15,16/15:18,16/16:23,16/16:36,1:05:00,CGK,CGK,004,10,1,1,NML,3,2025
1555.,A320,PKGLS,CTV,CTV699,CTV434,16/15:46,16/15:49,16/16:33,16/16:51,0:44:00,DPS,BPN,007,10,1,1,NML,3,2025
1556.,A339,PKLEQ,LNI,LNI107,LNI100,16/13:49,16/13:58,16/16:24,16/17:02,2:26:00,JED,JED,A06,28,1,1,NML,3,2025
1557.,A320,PKGTE,CTV,CTV174,CTV418,16/15:40,16/15:43,16/16:27,16/16:48,0:44:00,HLP,PNK,006,10,1,1,NML,3,2025
1558.,B739,PKLSO,LNI,LNI707,LNI268,16/14:35,16/14:40,16/16:34,16/16:53,1:54:00,UPG,TRK,012,10,1,1,NML,3,2025
1559.,B739,PKLHI,LNI,LNI692,LNI692,16/16:28,16/16:33,16/17:17,16/17:27,0:44:00,CGK,KOE,016,10,1,1,NML,3,2025
1560.,A320,PKPWF,PAS,PAS206,PAS623,16/15:50,16/15:53,16/16:40,16/16:57,0:47:00,CGK,BPN,005,10,1,1,NML,3,2025
1561.,A320,PKGLT,CTV,CTV669,CTV488,16/16:45,16/16:53,16/17:29,16/17:41,0:36:00,DPS,BDJ,006,10,1,1,NML,3,2025
1562.,A320,PKAZL,AWQ,AWQ323,AWQ326,16/17:10,16/17:13,16/17:37,16/17:47,0:24:00,KUL,KUL,A01,10,1,1,NML,3,2025
1563.,B738,PKLOH,LNI,LNI695,LNI838,16/15:53,16/15:57,16/17:25,16/17:36,1:28:00,KOE,PNK,015,10,1,1,NML,3,2025
1564.,A320,PKPWD,PAS,PAS622,PAS207,16/17:29,16/17:37,16/18:18,16/18:26,0:41:00,BPN,CGK,005,28,1,1,NML,3,2025
1565.,A320,PKLUP,BTK,BTK7503,BTK7502,16/17:58,16/18:04,16/18:46,16/18:57,0:42:00,HLP,HLP,008,28,1,1,NML,3,2025
1566.,B738MAX,9VMBP,SIA,SIA928,SIA929,16/17:45,16/17:49,16/18:38,16/18:55,0:49:00,SIN,SIN,A06,28,1,1,NML,3,2025
1567.,B738,PKGFX,GIA,GIA320,GIA325,16/17:33,16/17:42,16/18:28,16/18:38,0:46:00,CGK,CGK,004,28,1,1,NML,3,2025
1568.,B738,PKCLE,SJY,SJY567,SJY562,16/17:38,16/17:45,16/18:30,16/18:41,0:45:00,UPG,UPG,011,28,1,1,NML,3,2025
1569.,A320,PKLAW,BTK,BTK6576,BTK6575,16/20:35,16/20:40,16/21:22,16/21:32,0:42:00,CGK,CGK,011,28,1,1,NML,3,2025
1570.,A320,PKGQQ,CTV,CTV949,CTV494,16/18:35,16/18:44,16/19:15,16/19:25,0:31:00,BTH,BDJ,007,28,1,1,NML,3,2025
1571.,B789,9VOJH,TGW,TGW262,TGW263,16/18:39,16/18:43,16/19:41,16/19:57,0:58:00,SIN,SIN,A07,28,1,1,NML,3,2025
1572.,A320,PKLUY,BTK,BTK7519,BTK7518,16/19:22,16/19:28,16/20:20,16/20:29,0:52:00,HLP,HLP,012,28,1,1,NML,3,2025
1573.,B739,PKLJI,LNI,LNI919,LNI880,16/14:59,16/15:04,16/19:40,16/19:55,4:36:00,DPS,UPG,022,28,0,0,NML,3,2025
1574.,A320,PKGQA,CTV,CTV736,CTV352,16/18:52,16/18:59,16/19:40,16/19:52,0:41:00,CGK,UPG,008,28,1,1,NML,3,2025
1575.,A320,PKPWE,PAS,PAS202,PAS203,16/18:43,16/18:50,16/19:52,16/20:00,1:02:00,CGK,CGK,005,28,1,1,NML,3,2025
1576.,A320,PKGQR,CTV,CTV489,CTV662,16/19:50,16/19:57,16/20:36,16/20:48,0:39:00,BDJ,DPS,007,28,1,1,NML,3,2025
1577.,A320,PKGQK,CTV,CTV722,CTV354,16/19:43,16/19:49,16/20:28,16/20:37,0:39:00,CGK,UPG,009,28,1,1,NML,3,2025
1578.,A320,PKGLT,CTV,CTV495,CTV721,16/20:07,16/20:14,16/20:49,16/20:59,0:35:00,BDJ,CGK,010,28,1,1,NML,3,2025
1579.,A320,PKGLS,CTV,CTV435,CTV719,16/20:01,16/20:07,16/20:30,16/21:06,0:23:00,BPN,CGK,008,28,1,1,NML,3,2025
1580.,B738,PKGFH,GIA,GIA324,GIA329,16/19:53,16/20:00,16/21:09,16/21:19,1:09:00,CGK,CGK,004,28,1,1,NML,3,2025
1581.,A320,PKSGD,SJV,SJV703,SJV610,16/20:38,16/20:48,17/05:16,17/05:17,8:28:37,DPS,BPN,022,28,0,0,NML,3,2025
1582.,A320,PKGQO,CTV,CTV726,CTV430,16/20:50,16/20:57,17/04:58,17/05:10,8:01:00,CGK,BPN,007,28,1,1,NML,3,2025
1583.,A320,PKBLA,BTK,BTK7521,BTK7508,16/20:12,16/20:17,17/05:00,17/05:13,8:43:00,HLP,HLP,015,28,1,1,NML,3,2025
1584.,B738,PKLJQ,LNI,LNI885,LNI878,16/19:26,16/19:31,17/04:54,17/05:05,9:23:00,UPG,AMQ,016,28,1,1,NML,3,2025
1585.,A320,PKSAZ,SJV,SJV619,SJV610A,16/16:00,16/16:06,17/07:14,17/07:20,15:08:00,BPN,BPN,023,28,0,0,NML,3,2025
1586.,A320,PKAZL,AWQ,AWQ327,AWQ320,16/23:05,16/23:10,17/05:00,17/05:11,5:50:16,KUL,KUL,A03,28,1,1,NML,3,2025
1587.,A320,PKLZH,BTK,BTK6413,BTK6412,16/19:33,16/19:39,17/05:44,17/06:02,10:05:00,DPS,DPS,014,28,1,1,NML,3,2025
1588.,A320,PKGQT,CTV,CTV720,CTV725,16/21:57,16/22:02,17/05:41,17/05:52,7:39:00,CGK,CGK,009,28,1,1,NML,3,2025
1589.,A320,V8RBA,RBA,RBA795,RBA796,16/20:22,16/20:26,17/05:40,17/05:50,9:14:00,BWN,BWN,A07,28,1,1,NML,3,2025
1590.,B739,PKLGO,LNI,LNI972,LNI882,16/17:24,16/17:30,17/05:52,17/06:09,12:22:00,BTH,UPG,021,28,0,0,NML,3,2025
1591.,A320,PKBKY,BTK,BTK6134,BTK6589,16/09:48,16/09:51,17/06:02,17/06:14,20:11:00,PKN,CGK,C03,28,0,0,NML,3,2025
1592.,A320,PKPWH,PAS,PAS212,PAS213,16/20:31,16/20:39,17/05:51,17/06:04,9:12:00,CGK,CGK,005,28,1,1,NML,3,2025
1593.,A320,PKSJZ,SJV,SJV617,SJV706,16/19:16,16/19:22,17/05:59,17/06:12,10:37:00,BPN,DPS,017,28,1,1,NML,3,2025
1594.,A320,PKGQA,CTV,CTV353,CTV484,17/05:03,17/05:08,17/05:54,17/06:11,0:46:49,UPG,BDJ,008,28,1,1,NML,3,2025
1595.,A320,PKSGC,SJV,SJV673,SJV566,16/21:14,16/21:19,17/06:47,17/06:56,9:28:00,BEJ,PLW,012,28,1,1,NML,3,2025
1596.,B739,PKLHS,LNI,LNI690,LNI971,17/05:07,17/05:13,17/07:03,17/07:18,1:50:00,CGK,BTH,011,28,1,1,NML,3,2025
1597.,A320,PKLAF,BTK,BTK7511,BTK6135,17/06:44,17/06:50,17/07:35,17/07:42,0:45:00,HLP,PKN,009,28,1,1,NML,3,2025
1598.,A320,PKBKL,BTK,BTK6370,BTK6597,17/06:07,17/06:13,17/07:00,17/07:08,0:47:00,CGK,CGK,014,28,1,1,NML,3,2025
1599.,B738,PKGUG,GIA,GIA349,GIA305,16/18:01,16/18:10,17/06:58,17/07:02,12:48:00,DPS,CGK,006,28,1,1,NML,3,2025
1600.,B738,PKGUF,GIA,GIA855,GIA854,16/20:46,16/20:51,17/07:00,17/07:16,10:09:00,SIN,SIN,A02,28,1,1,NML,3,2025
1601.,B739,PKLGP,LNI,LNI363,LNI646,17/06:18,17/06:24,17/07:18,17/07:26,0:54:00,BPN,LOP,015,28,1,1,NML,3,2025
1602.,A320,PKLUH,BTK,BTK6588,BTK7510,16/21:29,16/21:35,17/07:50,17/08:05,10:15:00,CGK,HLP,010,28,1,1,NML,3,2025
1603.,A320,PKAZG,AWQ,AWQ325,AWQ392,16/19:05,16/19:08,17/07:22,17/07:31,12:14:00,KUL,JHB,A01,28,1,1,NML,3,2025
1604.,A320,PKGQR,CTV,CTV661,CTV460,17/06:53,17/07:02,17/07:41,17/07:51,0:39:00,DPS,AAP,007,28,1,1,NML,3,2025
1605.,B739,PKLHL,LNI,LNI879,LNI693,16/15:36,16/15:40,17/08:20,17/08:34,16:40:00,AMQ,CGK,024,28,0,0,NML,3,2025
1606.,PA34,PKVWA,VIA,PKVWA,PKVWA,16/12:26,16/12:30,17/08:05,17/08:13,19:35:00,LOP,JBB,C06,28,0,0,NML,3,2025
"1607.,C208,PKVVF,SUS,SUS6197,SUS6197,14/07:05,14/07:10,17/08:19,17/08:26,""3 days, 1:09:00"",BXW,BXW,C07,28,0,0,NML,3,2025"
1608.,A333,BLAL,CPA,CPA779,CPA780,16/18:18,16/18:21,17/08:01,17/08:14,13:40:00,HKG,HKG,A08,28,1,1,NML,3,2025
1609.,B739,PKLSO,LNI,LNI267,LNI990,17/07:11,17/07:17,17/08:28,17/08:42,1:11:00,TRK,DPS,016,28,1,1,NML,3,2025
1610.,A320,PKGQK,CTV,CTV355,CTV177,17/07:45,17/07:52,17/08:28,17/08:40,0:36:00,UPG,HLP,008,28,1,1,NML,3,2025
1611.,B738,PKLZZ,MXD,MXD352,MXD353,16/19:39,16/19:43,17/08:38,17/08:51,12:55:00,KUL,KUL,A04,28,1,1,NML,3,2025
1612.,A320,PKSJV,SJV,SJV725,SJV618,16/18:04,16/18:11,17/08:59,17/09:10,14:48:00,LBJ,BPN,018,28,0,0,NML,3,2025
1613.,B739,PKLGV,LNI,LNI929,LNI856,17/06:57,17/07:05,17/08:55,17/09:06,1:50:00,DPS,PLM,021,28,0,0,NML,3,2025
"1614.,A320,PKLAM,BTK,BTK6132A,BTK6581,16/05:20,16/07:18,17/09:46,17/10:00,""1 day, 4:22:00"",SUB,CGK,025,28,0,1,NML,3,2025"
1615.,B738,PKLOH,LNI,LNI837,LNI748,17/08:03,17/08:09,17/09:01,17/09:18,0:52:00,PNK,MDC,014,28,1,1,NML,3,2025
1616.,B739,PKLHR,LNI,LNI683,LNI682,17/07:57,17/08:05,17/09:03,17/09:24,0:58:00,PKY,PKY,011,28,1,1,NML,3,2025
1617.,B738,PKGFH,GIA,GIA304,GIA342,17/08:21,17/08:27,17/09:17,17/09:33,0:50:00,CGK,DPS,006,28,1,1,NML,3,2025
1618.,A320,PKPWE,PAS,PAS200,PAS201,17/08:07,17/08:14,17/09:13,17/09:26,0:59:00,CGK,CGK,007,28,1,1,NML,3,2025
1619.,A320,PKGQA,CTV,CTV485,CTV486,17/08:38,17/08:43,17/09:23,17/09:44,0:40:00,BDJ,BDJ,009,28,1,1,NML,3,2025
1620.,A319,A6RRJ,CEJ,A6RRJ,RJD238,16/11:05,16/11:06,17/09:17,17/09:25,22:11:00,HLP,AMD,A09,28,0,0,NML,3,2025
1621.,A20N,9VTNF,TGW,TGW264,TGW265,17/09:13,17/09:16,17/10:11,17/10:36,0:55:00,SIN,SIN,A02,28,1,1,NML,3,2025
1622.,B738,9MMLL,MAS,MAS871,MAS870,17/09:01,17/09:04,17/09:54,17/10:06,0:50:00,KUL,KUL,A07,28,1,1,NML,3,2025
1623.,B733F,PKMYV,MYU,MYU839,MYU838,16/18:30,16/18:33,17/10:19,17/10:37,15:46:00,BDJ,BDJ,C04,28,0,0,NML,3,2025
1624.,B735,PKNAT,LKN,LKN243,LKN242,17/09:04,17/09:10,17/09:45,17/09:58,0:35:00,SMQ,SMQ,012,28,1,1,NML,3,2025
1625.,B738MAX,9MLRR,MXD,MXD350,MXD351,17/09:15,17/09:19,17/10:05,17/10:25,0:46:00,KUL,KUL,A03,28,1,1,NML,3,2025
1626.,A359,9VSHE,SIA,SIA922,SIA923,17/09:08,17/09:11,17/10:11,17/10:31,1:00:00,SIN,SIN,A08,28,1,1,NML,3,2025
1627.,A320,PKSAG,SJV,SJV649,SJV632,17/07:54,17/07:59,17/10:23,17/10:41,2:24:00,BPN,BDJ,15A,28,0,0,NML,3,2025
1628.,A320,PKGLG,CTV,CTV351,CTV350,17/09:22,17/09:28,17/10:09,17/10:18,0:41:00,UPG,UPG,008,28,1,1,NML,3,2025
1629.,A320,PKGTG,CTV,CTV417,CTV715,17/09:35,17/09:40,17/10:15,17/10:39,0:35:00,PNK,CGK,009,28,1,1,NML,3,2025
1630.,B739,PKLHI,LNI,LNI693,LNI262,17/07:06,17/07:12,17/10:33,17/10:56,3:21:00,KOE,BPN,017,28,1,1,NML,3,2025
1631.,B739,PKLGU,LNI,LNI791,LNI706,17/10:16,17/10:21,17/11:11,17/11:22,0:50:00,UPG,UPG,012,28,1,1,NML,3,2025
1632.,A320,PKPWH,PAS,PAS210,PAS211,17/09:31,17/09:38,17/10:27,17/10:48,0:49:00,CGK,CGK,007,28,1,1,NML,3,2025
1633.,B739,PKLGR,LNI,LNI970,LNI973,17/09:38,17/09:44,17/10:40,17/10:58,0:56:00,BTH,BTH,016,28,1,1,NML,3,2025
1634.,A320,PKLUZ,BTK,BTK7513,BTK7516,17/09:53,17/09:59,17/10:48,17/11:02,0:49:00,HLP,HLP,011,28,1,1,NML,3,2025
1635.,B429,P3201,POL,P3201,P3201,17/09:41,17/09:44,17/10:54,17/10:56,1:10:00,MBH,MBH,H05,28,0,0,NML,3,2025
1636.,B739,PKLGP,LNI,LNI645,LNI822,17/09:56,17/10:01,17/10:54,17/11:03,0:53:00,LOP,LOP,014,28,1,1,NML,3,2025
1637.,A320,PKSJD,SJV,SJV643,SJV642,16/15:57,16/16:00,17/11:04,17/11:11,19:04:00,AAP,AAP,026,28,0,0,NML,3,2025
1638.,B739,PKLHP,LNI,LNI694,LNI694,17/10:29,17/10:35,17/11:25,17/11:38,0:50:00,CGK,KOE,15B,28,0,0,NML,3,2025
1639.,A320,PKAZL,AWQ,AWQ321,AWQ322,17/10:44,17/10:47,17/11:14,17/11:27,0:27:00,KUL,KUL,A01,28,1,1,NML,3,2025
"1640.,B738,PKLVF,LNI,LNI690,LNI697,15/05:01,15/05:07,17/11:23,17/11:37,""2 days, 6:15:28"",CGK,CGK,020,28,0,0,NML,3,2025"
1641.,B738,PKGNH,GIA,GIA322,GIA327,17/10:20,17/10:27,17/11:28,17/11:43,1:01:00,CGK,CGK,008,28,1,1,NML,3,2025
1642.,A320,PKLUH,BTK,BTK7517,BTK7520,17/11:23,17/11:30,17/13:06,17/13:17,1:36:00,HLP,HLP,010,28,1,1,NML,3,2025
1643.,A320,PKBKL,BTK,BTK6582,BTK6587,17/11:49,17/11:54,17/13:12,17/13:19,1:18:00,CGK,CGK,011,28,1,1,NML,3,2025
1644.,A320,PKSGC,SJV,SJV567,SJV636,17/11:20,17/11:26,17/13:16,17/13:24,1:50:00,PLW,BDJ,023,28,0,0,NML,3,2025
1645.,B739,PKLHO,LNI,LNI801,LNI780,17/11:27,17/11:33,17/13:01,17/13:10,1:28:00,UPG,UPG,012,28,1,1,NML,3,2025
1646.,B735,PKNAS,LKN,LKN193,LKN192,17/11:45,17/11:52,17/13:04,17/13:12,1:12:00,PKN,PKN,009,28,1,1,NML,3,2025
1647.,A339,PKLET,LNI,LNI079,LNI074,17/11:05,17/11:09,17/13:33,17/13:48,2:24:00,JED,MED,A07,28,1,1,NML,3,2025
1648.,A320,PKAZG,AWQ,AWQ393,AWQ324,17/12:08,17/12:11,17/13:12,17/13:21,1:01:00,JHB,KUL,A01,28,1,1,NML,3,2025
1649.,B739,PKLSW,LNI,LNI315,LNI722,17/08:31,17/08:37,17/13:19,17/13:31,4:42:00,BDJ,KDI,024,28,0,0,NML,3,2025
1650.,BELL505,PKELS,LOP,PKELS,PKELS,17/11:47,17/11:51,17/13:35,17/13:38,1:44:00,SRG,DPS,H05,28,0,0,NML,3,2025
1651.,A320,PKGQA,CTV,CTV487,CTV668,17/12:13,17/12:19,17/13:18,17/13:27,0:59:00,BDJ,DPS,008,28,1,1,NML,3,2025
1652.,A320,PKGQR,CTV,CTV461,CTV698,17/11:40,17/11:49,17/13:18,17/13:29,1:29:00,AAP,DPS,007,28,1,1,NML,3,2025
1653.,B738,PKLKW,LNI,LNI839,LNI836,17/13:08,17/13:13,17/14:05,17/14:14,0:52:00,PNK,PNK,016,28,1,1,NML,3,2025
1654.,B738,PKGFX,GIA,GIA312,GIA317,17/13:33,17/13:39,17/14:30,17/14:43,0:51:00,CGK,CGK,007,28,1,1,NML,3,2025
1655.,A339,PKLES,LNI,LNI105,LNI104,17/10:53,17/10:56,17/14:15,17/14:33,3:19:00,JED,JED,A06,28,1,1,NML,3,2025
1656.,A320,PKGQO,CTV,CTV431,CTV948,17/13:50,17/13:56,17/14:35,17/14:47,0:39:00,BPN,BTH,009,28,1,1,NML,3,2025
1657.,B739,PKLGV,LNI,LNI857,LNI910,17/13:25,17/13:30,17/14:31,17/14:45,1:01:37,PLM,DPS,014,28,1,1,NML,3,2025
1658.,B739,PKLGP,LNI,LNI823,LNI260,17/13:22,17/13:27,17/14:26,17/14:38,0:59:00,LOP,BPN,012,28,1,1,NML,3,2025
1659.,A320,PKGQP,CTV,CTV716,CTV717,17/14:24,17/14:30,17/15:12,17/15:21,0:42:00,CGK,CGK,010,28,1,1,NML,3,2025
1660.,A320,PKSAG,SJV,SJV633,SJV614,17/13:46,17/13:51,17/16:02,17/16:12,2:11:00,BDJ,BPN,020,28,0,0,NML,3,2025
1661.,B738,PKGUC,GIA,GIA330,GIA331,17/14:17,17/14:25,17/15:22,17/15:32,0:57:00,HLP,HLP,008,10,1,1,NML,3,2025
1662.,A320,9VJSL,JSA,JSA247,JSA248,17/14:36,17/14:39,17/15:22,17/15:34,0:43:00,SIN,SIN,A07,28,1,1,NML,3,2025
1663.,B739,PKLGV,LNI,LNI923,LNI920,17/17:57,17/18:03,17/18:44,17/18:54,0:41:00,DPS,DPS,014,28,1,1,NML,3,2025
1664.,A320,PKBLA,BTK,BTK7501,BTK7512,17/15:07,17/15:13,17/16:05,17/16:15,0:52:00,HLP,HLP,012,28,1,1,NML,3,2025
1665.,B739,PKLFF,LNI,LNI707,LNI581,17/15:30,17/15:36,17/16:20,17/16:27,0:44:00,UPG,CGK,014,28,1,1,NML,3,2025
1666.,A320,PKSGC,SJV,SJV637,SJV672,17/16:12,17/16:14,17/17:48,17/17:59,1:34:00,BDJ,BEJ,023,28,0,0,NML,3,2025
1667.,A320,PKBKY,BTK,BTK6406,BTK6401,17/14:41,17/14:47,17/15:53,17/16:02,1:06:00,CGK,CGK,011,28,1,1,NML,3,2025
1668.,B738MAX,PKOFM,AFE,PKOFM,PKOFM,17/10:26,17/10:29,17/16:15,17/16:25,5:46:00,CGK,CGK,A09,28,0,0,NML,3,2025
1669.,B739,PKLHI,LNI,LNI261,LNI316,17/14:28,17/14:36,17/16:09,17/16:17,1:33:00,BPN,BDJ,015,28,1,1,NML,3,2025
1670.,B738MAX,9VMBN,SIA,SIA926,SIA927,17/15:24,17/15:28,17/16:11,17/16:31,0:43:00,SIN,SIN,A06,28,1,1,NML,3,2025
1671.,B738,PKGNH,GIA,GIA310,GIA315,17/15:40,17/15:48,17/16:33,17/16:42,0:45:00,CGK,CGK,007,28,1,1,NML,3,2025
1672.,A320,PKGQR,CTV,CTV699,CTV434,17/15:48,17/15:55,17/16:37,17/16:46,0:42:00,DPS,BPN,009,28,1,1,NML,3,2025
1673.,B739,PKLHP,LNI,LNI695,LNI268,17/16:02,17/16:08,17/17:48,17/17:55,1:40:00,KOE,TRK,012,28,1,1,NML,3,2025
1674.,B739,PKLFY,LNI,LNI692,LNI692,17/15:56,17/16:02,17/16:50,17/16:58,0:48:00,CGK,KOE,017,28,1,1,NML,3,2025
1675.,A320,PKPWM,PAS,PAS206,PAS623,17/15:54,17/16:02,17/16:45,17/16:53,0:43:00,CGK,BPN,008,28,1,1,NML,3,2025
1676.,G650,T7X14,T7X,T7X14,T7X14,17/13:36,17/13:41,17/18:24,17/18:30,4:42:13,HLP,HLP,030,28,0,0,NML,3,2025
1677.,A320,PKGQK,CTV,CTV174,CTV418,17/16:28,17/16:35,17/17:43,17/17:51,1:08:00,HLP,PNK,010,28,1,1,NML,3,2025
1678.,B738,PKBGZ,BTK,BTK6578,BTK7579,17/16:41,17/16:46,17/17:48,17/18:08,1:02:00,CGK,CGK,011,28,1,1,NML,3,2025
1679.,A320,PKAZL,AWQ,AWQ323,AWQ326,17/16:54,17/16:58,17/17:46,17/18:05,0:48:00,KUL,KUL,A01,28,1,1,NML,3,2025
1680.,B738,PKLOH,LNI,LNI749,LNI838,17/14:49,17/14:53,17/18:02,17/18:12,3:09:00,MDC,PNK,018,28,0,0,NML,3,2025
1681.,B737,PKGRD,GIA,IDAF1,IDAF1,17/12:36,17/12:43,17/17:38,17/17:42,4:55:00,HLP,HLP,001,28,0,0,NML,3,2025
1682.,A320,PKGLU,CTV,CTV669,CTV488,17/17:57,17/18:02,17/18:26,17/18:38,0:24:00,DPS,BDJ,009,28,1,1,NML,3,2025
1683.,CL600,PKIDR,RJP,PKIDR,PKIDR,17/10:35,17/10:40,17/18:18,17/18:23,7:38:00,HLP,CGK,006,28,1,0,NML,3,2025
1684.,A320,PKPWH,PAS,PAS622,PAS207,17/18:06,17/18:14,17/18:51,17/18:58,0:37:00,BPN,CGK,010,28,1,1,NML,3,2025
1685.,B738,A7309,WART,KCN09,KCN09,17/10:50,17/10:59,17/18:26,17/18:36,7:27:00,HLP,HLP,005,28,0,0,NML,3,2025
1686.,B738,PKCRH,SJY,SJY567,SJY562,17/19:27,17/19:32,17/20:15,17/20:23,0:43:00,UPG,UPG,011,28,1,1,NML,3,2025
1687.,B738,PKGMD,GIA,GIA320,GIA325,17/18:00,17/18:06,17/18:54,17/19:01,0:48:00,CGK,CGK,007,28,1,1,NML,3,2025
1688.,B738MAX,9VMBO,SIA,SIA928,SIA929,17/18:10,17/18:14,17/19:00,17/19:14,0:46:00,SIN,SIN,A07,28,1,1,NML,3,2025
1689.,A320,PKGTG,CTV,CTV736,CTV352,17/18:55,17/19:05,17/19:43,17/19:59,0:38:50,CGK,UPG,006,28,1,1,NML,3,2025
1690.,B739,PKLSW,LNI,LNI727,LNI880,17/18:03,17/18:06,17/19:39,17/19:50,1:33:00,KDI,UPG,017,28,1,1,NML,3,2025
1691.,A320,PKBLA,BTK,BTK7519,BTK7518,17/19:06,17/19:12,17/19:55,17/20:05,0:43:00,HLP,HLP,010,28,1,1,NML,3,2025
1692.,A320,PKPWE,PAS,PAS202,PAS203,17/18:46,17/18:52,17/19:45,17/19:57,0:53:00,CGK,CGK,005,28,1,1,NML,3,2025
1693.,B738,PKGFH,GIA,GIA349,GIA313,17/18:18,17/18:23,17/20:22,17/20:32,1:59:00,DPS,CGK,008,28,1,1,NML,3,2025
1694.,A320,PKGQR,CTV,CTV435,CTV354,17/20:01,17/20:12,17/20:53,17/21:01,0:41:00,BPN,UPG,006,28,1,1,NML,3,2025
1695.,A320,PKGLY,CTV,CTV489,CTV662,17/19:52,17/19:58,17/20:32,17/20:41,0:34:00,BDJ,DPS,005,28,1,1,NML,3,2025
1696.,A320,PKGQN,CTV,CTV949,CTV494,17/19:48,17/19:54,17/20:27,17/20:38,0:33:00,BTH,BDJ,007,28,1,1,NML,3,2025
1697.,A320,PKGLU,CTV,CTV495,CTV721,17/21:08,17/21:16,17/21:48,17/22:00,0:32:00,BDJ,CGK,006,28,1,1,NML,3,2025
1698.,A320,PKGLG,CTV,CTV726,CTV430,17/20:49,17/20:57,18/04:57,18/05:12,8:00:00,CGK,BPN,007,28,1,1,NML,3,2025
1699.,A320,PKLAF,BTK,BTK6134,BTK7508,17/10:03,17/10:08,18/05:00,18/05:16,18:52:00,PKN,HLP,025,28,0,0,NML,3,2025
1700.,B738,PKLJQ,LNI,LNI879,LNI878,17/15:10,17/15:14,18/04:55,18/05:11,13:41:00,AMQ,AMQ,024,28,0,0,NML,3,2025
1701.,B739,PKLHS,LNI,LNI972,LNI266,17/16:43,17/16:50,18/04:57,18/05:14,12:07:00,BTH,BPN,C03,28,0,0,NML,3,2025
1702.,A320,PKAZP,AWQ,AWQ327,AWQ320,17/23:35,17/23:38,18/05:00,18/05:18,5:22:00,KUL,KUL,A03,28,1,1,NML,3,2025
1703.,A320,PKGQI,CTV,CTV720,CTV725,17/23:26,17/23:32,18/05:27,18/05:41,5:55:00,CGK,CGK,006,28,1,1,NML,3,2025
1704.,A320,V8RBG,RBA,RBA795,RBA796,17/20:21,17/20:24,18/05:45,18/05:57,9:21:00,BWN,BWN,A07,28,1,1,NML,3,2025
1705.,A320,PKSJQ,SJV,SJV703,SJV706,17/20:51,17/20:57,18/05:56,18/06:11,8:59:00,DPS,DPS,015,28,1,1,NML,3,2025
1706.,A320,PKSGC,SJV,SJV673,SJV640,17/22:03,17/22:06,18/06:10,18/06:20,8:04:00,BEJ,AAP,017,28,1,1,NML,3,2025
1707.,A320,PKGQA,CTV,CTV353,CTV484,18/05:08,18/05:15,18/05:47,18/05:55,0:32:00,UPG,BDJ,007,28,1,1,NML,3,2025
1708.,B739,PKLSO,LNI,LNI919,LNI882,17/14:32,17/14:36,18/05:52,18/06:06,15:15:38,DPS,UPG,026,28,0,0,NML,3,2025
1709.,A320,PKAZG,AWQ,AWQ325,AWQ386,17/18:52,17/18:55,18/06:03,18/06:13,11:08:00,KUL,PEN,A01,28,1,1,NML,3,2025
1710.,B738MAX,PKOFI,AFE,AFE921,AFE921,18/06:09,18/06:16,18/07:02,18/07:10,0:46:45,CGK,TIM,006,28,1,1,NML,3,2025
1711.,A320,PKLZH,BTK,BTK6588,BTK6135,17/21:46,17/21:51,18/06:54,18/07:03,9:03:00,CGK,PKN,011,28,1,1,NML,3,2025
1712.,A320,PKBKL,BTK,BTK6370,BTK6597,18/06:03,18/06:08,18/06:59,18/07:13,0:51:00,CGK,CGK,009,28,1,1,NML,3,2025
1713.,B739,PKLGU,LNI,LNI885,LNI971,17/21:58,17/22:03,18/07:06,18/07:14,9:03:00,UPG,BTH,018,28,0,0,NML,3,2025
1714.,C208,PKVVF,SUS,PKVVF,SUS6197,17/10:23,17/10:27,18/09:03,18/09:15,22:36:47,BXW,BXW,C07,28,0,0,NML,3,2025
1715.,B738,PKGUF,GIA,GIA855,GIA305,17/20:36,17/22:51,18/07:00,18/07:08,10:15:00,SIN,CGK,004,28,1,1,NML,3,2025
1716.,B738,PKGMV,GIA,GIA328,GIA854,17/19:54,17/22:30,18/06:46,18/07:00,10:46:00,CGK,SIN,A02,28,1,1,NML,3,2025
1717.,B739,PKLQS,LNI,LNI363,LNI646,18/06:24,18/06:30,18/07:26,18/07:32,0:56:01,BPN,LOP,015,28,1,1,NML,3,2025
1718.,A320,PKLAT,BTK,BTK7511,BTK7510,18/06:30,18/06:35,18/07:27,18/07:37,0:52:40,HLP,HLP,008,28,1,1,NML,3,2025
1719.,E135,T7JCI,AFS,T7JCI,T7JCI,18/06:39,18/06:41,18/07:06,18/07:18,0:24:27,CGK,CGK,A09,28,0,0,NML,3,2025
1720.,A320,PKGLY,CTV,CTV661,CTV460,18/06:54,18/06:58,18/07:32,18/07:43,0:34:00,DPS,AAP,005,28,1,1,NML,3,2025
1721.,B739,PKLFY,LNI,LNI693,LNI693,18/06:50,18/06:56,18/07:51,18/07:58,0:55:17,KOE,CGK,012,28,1,1,NML,3,2025
1722.,A320,PKGTG,CTV,CTV355,CTV177,18/07:17,18/07:23,18/08:02,18/08:21,0:39:00,UPG,HLP,007,28,1,1,NML,3,2025
1723.,A333,BHLV,CPA,CPA779,CPA780,17/18:27,17/18:31,18/08:00,18/08:16,13:29:00,HKG,HKG,A08,28,1,1,NML,3,2025
1724.,B739,PKLHP,LNI,LNI267,LNI990,18/07:01,18/07:07,18/08:18,18/08:28,1:11:00,TRK,DPS,011,28,1,1,NML,3,2025
"1725.,DHC6,PKICP,PGT,PKICP,PKICP,15/10:58,15/11:00,18/07:31,18/07:35,""2 days, 20:31:44"",PAG,PAG,028,28,0,0,NML,3,2025"
1726.,B738,PKLZM,MXD,MXD352,MXD353,17/19:31,17/19:36,18/08:31,18/08:43,12:55:00,KUL,KUL,A04,28,1,1,NML,3,2025
1727.,A320,PKSJD,SJV,SJV643,SJV618,17/15:13,17/15:19,18/08:58,18/09:08,17:39:00,AAP,BPN,016,28,1,1,NML,3,2025
1728.,A320,PKBLB,BTK,BTK7521,BTK6581,17/20:25,17/20:31,18/09:03,18/09:16,12:32:36,HLP,CGK,014,28,1,1,NML,3,2025
1729.,B738,PKLOH,LNI,LNI837,LNI748,18/08:01,18/08:07,18/09:08,18/09:18,1:01:00,PNK,MDC,015,28,1,1,NML,3,2025
1730.,B739,PKLHR,LNI,LNI683,LNI682,18/07:56,18/08:01,18/08:56,18/09:06,0:55:52,PKY,PKY,009,28,1,1,NML,3,2025
1731.,A320,PKPWE,PAS,PAS200,PAS201,18/08:19,18/08:25,18/09:09,18/09:20,0:44:00,CGK,CGK,005,28,1,1,NML,3,2025
1732.,B738,PKGFJ,GIA,GIA304,GIA342,18/08:14,18/08:19,18/09:14,18/09:22,0:55:28,CGK,DPS,004,28,1,1,NML,3,2025
1733.,A320,PKGQA,CTV,CTV485,CTV486,18/08:34,18/08:40,18/09:18,18/09:24,0:38:00,BDJ,BDJ,006,28,1,1,NML,3,2025
1734.,A320,9VTRO,TGW,TGW264,TGW265,18/08:59,18/09:04,18/10:03,18/10:20,0:59:46,SIN,SIN,A02,28,1,1,NML,3,2025
1735.,B738,9MMLU,MAS,MAS871,MAS870,18/09:04,18/09:07,18/10:01,18/10:11,0:54:00,KUL,KUL,A08,28,1,1,NML,3,2025
1736.,B738MAX,9MLRK,MXD,MXD350,MXD351,18/08:57,18/09:01,18/09:53,18/10:15,0:52:07,KUL,KUL,A03,28,1,1,NML,3,2025
1737.,B735,PKNAT,LKN,LKN2430,LKN1920,18/09:14,18/09:19,18/09:56,18/10:07,0:37:00,SMQ,PKN,011,28,1,1,NML,3,2025
1738.,A359,9VSHH,SIA,SIA922,SIA923,18/09:10,18/09:14,18/10:20,18/10:31,1:06:00,SIN,SIN,A07,28,1,1,NML,3,2025
1739.,A320,PKGQP,CTV,CTV351,CTV350,18/09:27,18/09:32,18/10:19,18/10:37,0:47:00,UPG,UPG,007,28,1,1,NML,3,2025
1740.,A320,PKSJV,SJV,SJV619,SJV632,17/16:07,17/16:11,18/10:31,18/10:41,18:20:00,BPN,BDJ,C04,28,0,0,NML,3,2025
1741.,A320,PKGLV,CTV,CTV417,CTV715,18/10:17,18/10:23,18/10:51,18/11:00,0:28:00,PNK,CGK,006,28,1,1,NML,3,2025
1742.,B739,PKLHS,LNI,LNI367,LNI262,18/09:32,18/09:36,18/10:27,18/10:39,0:51:00,BPN,BPN,014,28,1,1,NML,3,2025
1743.,A320,PKPWJ,PAS,PAS210,PAS211,18/09:36,18/09:42,18/10:32,18/10:43,0:50:00,CGK,CGK,005,28,1,1,NML,3,2025
1744.,A320,PKLZH,BTK,BTK6134,BTK6346,18/09:48,18/09:55,18/10:46,18/10:56,0:51:00,PKN,BEJ,012,28,1,1,NML,3,2025
1745.,A320,PKLUH,BTK,BTK7513,BTK7516,18/10:08,18/10:14,18/11:00,18/11:16,0:46:00,HLP,HLP,009,28,1,1,NML,3,2025
1746.,B739,PKLSO,LNI,LNI791,LNI822,18/09:39,18/09:43,18/11:38,18/11:49,1:55:00,UPG,LOP,015,28,1,1,NML,3,2025
1747.,B739,PKLGM,LNI,LNI694,LNI694,18/10:34,18/10:40,18/11:34,18/11:43,0:54:44,CGK,KOE,017,28,1,1,NML,3,2025
1748.,A320,PKAZP,AWQ,AWQ321,AWQ322,18/11:36,18/11:40,18/12:06,18/12:14,0:26:00,KUL,KUL,A01,28,1,1,NML,3,2025
1749.,B738,PKLJQ,LNI,LNI879,LNI697,18/10:47,18/10:52,18/11:43,18/11:53,0:51:00,AMQ,CGK,016,28,1,1,NML,3,2025
1750.,A320,PKLAF,BTK,BTK7517,BTK7520,18/10:54,18/10:59,18/11:43,18/11:51,0:44:28,HLP,HLP,011,28,1,1,NML,3,2025
1751.,B738,PKGNF,GIA,GIA322,GIA327,18/10:21,18/10:29,18/11:54,18/12:04,1:25:00,CGK,CGK,004,28,1,1,NML,3,2025
1752.,B738,PKGNF,GIA,GIA327A,GIA327A,18/12:02,18/12:09,18/17:18,18/17:30,5:09:06,SUB,CGK,004,28,1,1,NML,3,2025
1753.,A320,PKBLD,BTK,BTK6582,BTK6587,18/11:27,18/11:33,18/12:18,18/12:27,0:45:52,CGK,CGK,012,28,1,1,NML,3,2025
1754.,B739,PKLQS,LNI,LNI645,LNI780,18/10:13,18/10:18,18/12:45,18/12:51,2:26:54,LOP,UPG,026,28,0,0,NML,3,2025
1755.,A320,PKSAG,SJV,SJV617,SJV636,17/19:35,17/19:40,18/12:39,18/12:39,16:59:00,BPN,BDJ,023,28,0,0,NML,3,2025
1756.,A320,PKGLY,CTV,CTV461,CTV668,18/11:10,18/11:16,18/12:47,18/12:54,1:31:00,AAP,DPS,006,28,1,1,NML,3,2025
1757.,A320,PKAZG,AWQ,AWQ387,AWQ324,18/12:33,18/12:36,18/13:17,18/13:28,0:41:00,PEN,KUL,A01,28,1,1,NML,3,2025
1758.,B738,PKGFP,GIA,GIA312,GIA317,18/12:37,18/12:44,18/14:10,18/14:20,1:26:00,CGK,CGK,005,28,1,1,NML,3,2025
1759.,B738MAX,PKOFM,AFE,AFE920,AFE920,18/13:40,18/13:46,18/14:26,18/14:35,0:40:22,TIM,CGK,009,28,1,1,NML,3,2025
1760.,B735,PKNAT,LKN,LKN1930,LKN2420,18/12:45,18/12:49,18/13:51,18/14:00,1:02:00,PKN,SMQ,011,28,1,1,NML,3,2025
1761.,A320,9VJSY,JSA,JSA247,JSA248,18/13:21,18/13:24,18/13:58,18/13:59,0:34:00,SIN,SIN,A07,28,1,1,NML,3,2025
1762.,B738,PKLKW,LNI,LNI839,LNI836,18/13:25,18/13:30,18/14:22,18/14:35,0:52:00,PNK,PNK,016,28,1,1,NML,3,2025
1763.,B739,PKLGV,LNI,LNI929,LNI910,18/06:47,18/06:52,18/14:13,18/14:25,7:21:11,DPS,DPS,025,28,0,0,NML,3,2025
1764.,A320,PKGQA,CTV,CTV487,CTV948,18/12:02,18/12:08,18/14:23,18/14:33,2:15:05,BDJ,BTH,007,28,1,1,NML,3,2025
1765.,B739,PKLGL,LNI,LNI315,LNI260,18/08:08,18/08:14,18/14:31,18/14:41,6:17:00,BDJ,BPN,018,28,0,0,NML,3,2025
1766.,B739,PKLJI,LNI,LNI707,LNI800,18/14:59,18/15:04,18/15:56,18/16:07,0:52:46,UPG,UPG,016,28,1,1,NML,3,2025
1767.,A320,PKGQN,CTV,CTV716,CTV717,18/14:15,18/14:22,18/15:06,18/15:16,0:44:31,CGK,CGK,008,28,1,1,NML,3,2025
1768.,A320,PKSJV,SJV,SJV633,SJV614,18/13:31,18/13:37,18/15:24,18/15:44,1:47:00,BDJ,BPN,012,28,1,1,NML,3,2025
1769.,B738,PKGUG,GIA,GIA330,GIA331,18/14:27,18/14:37,18/15:28,18/15:41,0:51:21,HLP,HLP,005,28,1,1,NML,3,2025
1770.,A320,PKGLG,CTV,CTV431,CTV434,18/13:35,18/13:41,18/15:28,18/15:39,1:47:00,BPN,BPN,006,28,1,1,NML,3,2025
1771.,B739,PKLGS,LNI,LNI919,LNI920,18/14:31,18/14:37,18/15:38,18/15:49,1:01:00,DPS,DPS,015,28,1,1,NML,3,2025
1772.,A320,PKLAF,BTK,BTK7501,BTK7512,18/14:44,18/14:49,18/15:39,18/15:47,0:50:00,HLP,HLP,009,28,1,1,NML,3,2025
1773.,A320,PKBKG,BTK,BTK6406,BTK6401,18/14:52,18/14:57,18/16:03,18/16:11,1:06:00,CGK,CGK,011,28,1,1,NML,3,2025
1774.,A320,PKGTK,CTV,CTV174,CTV418,18/15:06,18/15:13,18/15:58,18/16:05,0:45:39,HLP,PNK,003,28,0,0,NML,3,2025
1775.,B739,PKLSO,LNI,LNI823,LNI316,18/14:23,18/14:28,18/15:55,18/16:02,1:27:00,LOP,BDJ,014,28,1,1,NML,3,2025
1776.,B738MAX,9VMBI,SIA,SIA926,SIA927,18/15:37,18/15:40,18/16:32,18/16:47,0:52:00,SIN,SIN,A08,28,1,1,NML,3,2025
1777.,B738,PKGNG,GIA,GIA310,GIA315,18/15:17,18/15:26,18/16:27,18/16:35,1:01:58,CGK,CGK,007,28,1,1,NML,3,2025
1778.,B739,PKLGP,LNI,LNI261,LNI268,18/14:06,18/14:11,18/16:41,18/16:51,2:30:00,BPN,TRK,017,28,1,1,NML,3,2025
1779.,B738,PKLOP,LNI,LNI692,LNI692,18/15:55,18/16:01,18/16:51,18/17:00,0:50:00,CGK,KOE,012,28,1,1,NML,3,2025
1780.,B739,PKLHQ,LNI,LNI695,LNI581,18/16:23,18/16:28,18/17:26,18/17:35,0:58:00,KOE,CGK,011,28,0,0,NML,3,2025
1781.,A320,PKPWL,PAS,PAS206,PAS623,18/15:51,18/15:56,18/16:43,18/16:53,0:47:00,CGK,BPN,005,28,1,1,NML,3,2025
1782.,A320,PKBLD,BTK,BTK6578,BTK7579,18/16:15,18/16:21,18/17:11,18/17:21,0:50:00,CGK,CGK,008,28,1,1,NML,3,2025
1783.,A320,PKGQQ,CTV,CTV669,CTV488,18/16:30,18/16:39,18/17:28,18/17:39,0:49:00,DPS,BDJ,006,28,1,1,NML,3,2025
1784.,A320,PKAZG,AWQ,AWQ325,AWQ326,18/19:10,18/19:16,18/19:56,18/20:05,0:40:00,KUL,KUL,A02,10,1,1,NML,3,2025
"1785.,B738,PKLKQ,LNI,LNI727,LNI838,16/17:51,18/03:45,18/17:26,18/17:37,""1 day, 23:31:00"",KDI,PNK,020,28,0,1,NML,3,2025"
1786.,A320,PKPWA,PAS,PAS622,PAS207,18/17:11,18/17:20,18/18:13,18/18:23,0:53:00,BPN,CGK,007,28,1,1,NML,3,2025
1787.,B738MAX,9VMBA,SIA,SIA928,SIA929,18/17:53,18/17:57,18/18:47,18/19:05,0:50:00,SIN,SIN,A03,28,1,1,NML,3,2025
1788.,B735,PKCLE,SJY,SJY567,SJY562,18/17:44,18/17:53,18/18:49,18/19:09,0:56:00,UPG,UPG,009,28,1,1,NML,3,2025
1789.,B738,PKGFD,GIA,GIA320,GIA325,18/17:48,18/17:56,18/18:45,18/19:01,0:49:00,CGK,CGK,004,28,1,1,NML,3,2025
1790.,A320,PKGTG,CTV,CTV172,CTV173,18/18:17,18/18:26,18/19:00,18/19:18,0:34:00,HLP,HLP,006,28,1,1,NML,3,2025
1791.,A320,PKGLU,CTV,CTV949,CTV494,18/18:59,18/19:05,18/19:41,18/19:59,0:36:00,BTH,BDJ,006,28,1,1,NML,3,2025
1792.,B788,9VOFE,TGW,TGW262,TGW263,18/18:38,18/18:43,18/19:39,18/19:52,0:56:00,SIN,SIN,A07,28,1,1,NML,3,2025
1793.,B739,PKLJI,LNI,LNI885,LNI880,18/19:46,18/19:49,18/20:44,18/20:57,0:55:00,UPG,UPG,012,10,1,1,NML,3,2025
1794.,A320,PKPWE,PAS,PAS202,PAS203,18/18:43,18/18:51,18/19:46,18/20:00,0:55:00,CGK,CGK,004,28,1,1,NML,3,2025
1795.,A320,PKGQN,CTV,CTV736,CTV352,18/19:03,18/19:07,18/19:52,18/20:03,0:45:00,CGK,UPG,007,28,1,1,NML,3,2025
1796.,B738,PKGFJ,GIA,GIA349,GIA313,18/17:42,18/17:49,18/19:47,18/20:15,1:58:00,DPS,CGK,005,28,1,1,NML,3,2025
1797.,A320,PKGLV,CTV,CTV722,CTV354,18/19:06,18/19:10,18/20:06,18/20:20,0:56:00,CGK,UPG,008,10,1,1,NML,3,2025
1798.,A320,PKGQT,CTV,CTV489,CTV662,18/19:43,18/19:47,18/20:22,18/20:35,0:35:00,BDJ,DPS,006,10,1,1,NML,3,2025
1799.,A320,PKGQQ,CTV,CTV495,CTV721,18/20:17,18/20:21,18/21:03,18/21:15,0:42:00,BDJ,CGK,007,10,1,1,NML,3,2025
1800.,A320,PKLZH,BTK,BTK6347,BTK7508,18/15:10,18/15:13,19/04:52,19/05:01,13:39:02,BEJ,HLP,C05,28,0,0,NML,3,2025
1801.,B738,PKLOH,LNI,LNI749,LNI878,18/15:02,18/15:06,19/04:57,19/05:08,13:51:07,MDC,AMQ,C04,28,0,0,NML,3,2025
1802.,A320,PKGLG,CTV,CTV435,CTV430,18/19:19,18/19:25,19/04:55,19/05:06,9:30:17,BPN,BPN,003,28,0,0,NML,3,2025
1803.,A320,PKAZP,AWQ,AWQ323,AWQ320,18/18:06,18/18:10,19/05:00,19/05:13,10:50:00,KUL,KUL,A01,28,1,1,NML,3,2025
1804.,A320,PKGLT,CTV,CTV720,CTV725,18/22:16,18/22:21,19/05:48,19/05:55,7:27:00,CGK,CGK,007,28,1,1,NML,3,2025
1805.,A320,PKGQR,CTV,CTV353,CTV670,19/05:14,19/05:21,19/05:56,19/06:09,0:35:00,UPG,LOP,006,28,1,1,NML,3,2025
1806.,A320,PKPWH,PAS,PAS212,PAS213,18/20:22,18/20:28,19/05:55,19/06:02,9:27:00,CGK,CGK,005,28,1,1,NML,3,2025
1807.,A320,PKSJV,SJV,SJV617,SJV706,18/19:36,18/19:40,19/05:55,19/06:07,10:15:00,BPN,DPS,015,10,1,1,NML,3,2025
1808.,B739,PKLGV,LNI,LNI923,LNI882,18/16:49,18/16:54,19/06:00,19/06:10,13:06:00,DPS,UPG,017,28,1,1,NML,3,2025
"1809.,B738,PKLJS,LNI,LNI690,LNI868,18/05:05,18/05:09,19/05:55,19/06:05,""1 day, 0:46:25"",CGK,TTE,024,28,0,0,NML,3,2025"
1810.,B739,PKLHH,LNI,LNI690,LNI266,19/05:10,19/05:16,19/06:02,19/06:12,0:46:00,CGK,BPN,010,28,1,1,NML,3,2025
1811.,A320,PKSGC,SJV,SJV643,SJV566,18/15:14,18/15:20,19/06:54,19/07:14,15:33:30,AAP,PLW,026,28,0,0,NML,3,2025
1812.,A320,PKBLD,BTK,BTK6370,BTK6597,19/05:59,19/06:07,19/06:55,19/07:05,0:48:00,CGK,CGK,008,28,1,1,NML,3,2025
1813.,A320,PKLAF,BTK,BTK7521,BTK6135,18/19:57,18/20:00,19/06:52,19/07:03,10:52:00,HLP,PKN,014,28,1,1,NML,3,2025
1814.,B738,PKGMV,GIA,GIA855,GIA854,18/20:26,18/20:32,19/07:05,19/07:18,10:33:00,SIN,SIN,A03,28,1,1,NML,3,2025
1815.,B738,PKGMA,GIA,GIA328,GIA305,18/19:50,18/19:53,19/06:57,19/07:10,11:04:00,CGK,CGK,004,28,1,1,NML,3,2025
1816.,B739,PKLGL,LNI,LNI363,LNI971,19/06:28,19/06:33,19/07:26,19/07:36,0:53:00,BPN,BTH,012,28,1,1,NML,3,2025
1817.,B739,PKLFW,LNI,LNI972,LNI646,18/16:45,18/16:50,19/07:19,19/07:28,14:29:00,BTH,LOP,016,28,1,1,NML,3,2025
1818.,A320,PKLUP,BTK,BTK7511,BTK7510,19/06:38,19/06:44,19/07:23,19/07:33,0:39:00,HLP,HLP,010,28,1,1,NML,3,2025
1819.,A320,PKAZG,AWQ,AWQ327P,AWQ392,19/05:03,19/05:07,19/07:24,19/07:34,2:17:00,KUL,JHB,A02,28,1,1,NML,3,2025
1820.,A320,PKGQT,CTV,CTV661,CTV460,19/06:44,19/06:52,19/07:37,19/07:47,0:45:00,DPS,AAP,006,28,1,1,NML,3,2025
"1821.,B738,PKLPK,LNI,LNI6010,LNI693,11/14:39,18/00:29,19/08:03,19/08:19,""7 days, 17:20:00"",BTH,CGK,021,28,0,0,NML,3,2025"
1822.,A320,PKGTG,CTV,CTV170,CTV175,19/07:12,19/07:18,19/07:58,19/08:15,0:40:00,HLP,HLP,007,28,1,1,NML,3,2025
1823.,A333,BLAD,CPA,CPA779,CPA780,18/18:01,18/18:04,19/08:13,19/08:26,14:09:00,HKG,HKG,A08,10,1,1,NML,3,2025
1824.,A320,PKGLV,CTV,CTV355,CTV177,19/07:51,19/07:58,19/08:33,19/08:42,0:35:00,UPG,HLP,006,10,1,1,NML,3,2025
1825.,B738,PKLDO,MXD,MXD352,MXD353,18/19:30,19/04:26,19/08:29,19/08:39,12:52:00,KUL,KUL,A04,28,1,1,NML,3,2025
"1826.,A339,PKLEQ,LNI,LNI101,LNI078,17/16:36,18/23:10,19/08:49,19/08:56,""1 day, 16:09:00"",JED,MED,A07,28,1,1,NML,3,2025"
1827.,B739,PKLHP,LNI,LNI929,LNI856,19/07:01,19/07:07,19/08:52,19/09:15,1:45:00,DPS,PLM,015,28,1,1,NML,3,2025
1828.,A320,PKSAF,SJV,SJV703,SJV618,18/20:54,18/20:58,19/08:55,19/09:09,11:57:00,DPS,BPN,020,10,0,0,NML,3,2025
1829.,A320,PKLUR,BTK,BTK6588,BTK6581,18/21:23,18/21:27,19/09:05,19/09:22,11:37:07,CGK,CGK,009,10,1,1,NML,3,2025
1830.,B738,PKLKQ,LNI,LNI837,LNI748,19/08:05,19/08:10,19/09:03,19/09:19,0:53:00,PNK,MDC,014,10,1,1,NML,3,2025
1831.,B738,PKLOG,LNI,LNI315,LNI682,19/07:44,19/07:49,19/09:03,19/09:17,1:14:00,BDJ,PKY,C04,10,0,0,NML,3,2025
1832.,B738,PKGNG,GIA,GIA304,GIA342,19/08:16,19/08:20,19/09:18,19/09:35,0:58:00,CGK,DPS,004,10,1,1,NML,3,2025
1833.,A320,PKPWK,PAS,PAS200,PAS201,19/08:23,19/08:28,19/09:13,19/09:24,0:45:00,CGK,CGK,005,10,1,1,NML,3,2025
1834.,A320,PKGQR,CTV,CTV671,CTV486,19/08:31,19/08:36,19/09:14,19/09:27,0:38:00,LOP,BDJ,007,10,1,1,NML,3,2025
1835.,A320,9VTRP,TGW,TGW264,TGW265,19/09:12,19/09:18,19/10:14,19/10:29,0:56:00,SIN,SIN,A02,10,1,1,NML,3,2025
1836.,GLF4,VPCWS,CAK,VPCWS,VPCWS,19/08:20,19/08:26,19/10:50,19/10:54,2:24:00,HLP,HLP,001,10,0,0,NML,3,2025
1837.,B738,9MMXY,MAS,MAS871,MAS870,19/09:01,19/09:06,19/09:49,19/10:02,0:43:00,KUL,KUL,A07,10,1,1,NML,3,2025
1838.,B733F,PKMYV,MYU,MYU935,MYU838,19/09:29,19/09:36,19/10:30,19/10:36,0:54:00,SRG,BDJ,C02,10,0,0,NML,3,2025
1839.,B738MAX,9MLRV,MXD,MXD350,MXD351,19/08:53,19/09:00,19/09:53,19/10:04,0:53:00,KUL,KUL,A03,10,1,1,NML,3,2025
1840.,B735,PKNAT,LKN,LKN243,LKN242,19/09:07,19/09:12,19/09:58,19/10:12,0:46:00,SMQ,SMQ,012,10,1,1,NML,3,2025
1841.,A359,9VSHG,SIA,SIA922,SIA923,19/10:00,19/10:06,19/11:16,19/11:28,1:10:00,SIN,SIN,A08,10,1,1,NML,3,2025
1842.,A320,PKGQJ,CTV,CTV351,CTV350,19/09:46,19/09:50,19/10:24,19/10:37,0:34:00,UPG,UPG,006,10,1,1,NML,3,2025
1843.,A320,PKSAG,SJV,SJV637,SJV632,18/15:21,18/15:25,19/10:18,19/10:32,18:52:51,BDJ,BDJ,025,10,0,0,NML,3,2025
1844.,B739,PKLHR,LNI,LNI683,LNI262,19/08:13,19/08:16,19/10:29,19/10:39,2:13:00,PKY,BPN,010,10,1,1,NML,3,2025
1845.,B739,PKLGV,LNI,LNI791,LNI706,19/09:55,19/09:59,19/11:03,19/11:17,1:04:00,UPG,UPG,009,10,1,1,NML,3,2025
1846.,B739,PKLFY,LNI,LNI970,LNI973,19/09:51,19/09:54,19/10:59,19/11:06,1:05:00,BTH,BTH,016,10,1,1,NML,3,2025
1847.,A320,PKPWH,PAS,PAS210,PAS211,19/09:30,19/09:34,19/10:21,19/10:36,0:47:00,CGK,CGK,005,10,1,1,NML,3,2025
1848.,A320,PKLAF,BTK,BTK6134,BTK6346,19/09:37,19/09:40,19/10:50,19/10:57,1:10:00,PKN,BEJ,014,10,1,1,NML,3,2025
1849.,A320,PKLUH,BTK,BTK7513,BTK7516,19/10:27,19/10:30,19/11:23,19/11:37,0:53:00,HLP,HLP,008,10,1,1,NML,3,2025
1850.,B739,PKLFW,LNI,LNI645,LNI822,19/10:06,19/10:09,19/11:10,19/11:26,1:01:00,LOP,LOP,012,10,1,1,NML,3,2025
1851.,A320,PKSAZ,SJV,SJV619,SJV642,18/15:59,18/16:04,19/10:52,19/11:02,18:47:52,BPN,AAP,018,10,0,0,NML,3,2025
1852.,A320,PKGLP,CTV,CTV417,CTV715,19/10:24,19/10:30,19/11:04,19/11:21,0:34:00,PNK,CGK,006,10,1,1,NML,3,2025
1853.,B739,PKLHY,LNI,LNI694,LNI694,19/10:13,19/10:17,19/11:05,19/11:19,0:48:00,CGK,KOE,015,10,1,1,NML,3,2025
1854.,A320,PKAZU,AWQ,AWQ321,AWQ322,19/10:34,19/10:38,19/11:10,19/11:23,0:32:00,KUL,KUL,A03,10,1,1,NML,3,2025
1855.,B738,PKLKP,LNI,LNI709,LNI697,18/15:42,19/04:29,19/11:22,19/11:26,19:37:00,UPG,CGK,023,10,0,0,NML,3,2025
1856.,B738,PKLOP,LNI,LNI693,LNI697A,19/06:56,19/07:02,19/13:20,19/13:30,6:18:00,KOE,CGK,024,10,0,0,NML,3,2025
1857.,B738,PKGFG,GIA,GIA322,GIA327,19/10:30,19/10:34,19/11:35,19/11:49,1:01:00,CGK,CGK,004,10,1,1,NML,3,2025
1858.,B739,PKLGP,LNI,LNI267,LNI804,19/07:08,19/07:12,19/12:03,19/12:12,4:51:00,TRK,DPS,026,10,0,0,NML,3,2025
1859.,A320,PKBLD,BTK,BTK6582,BTK6587,19/11:31,19/11:34,19/12:22,19/12:34,0:48:00,CGK,CGK,009,10,1,1,NML,3,2025
1860.,A320,PKGQT,CTV,CTV461,CTV698,19/11:15,19/11:20,19/11:59,19/12:10,0:39:00,AAP,DPS,006,10,1,1,NML,3,2025
1861.,C208,PKVVO,SUS,PKVVO,PKVVO,19/11:41,19/11:44,19/12:10,19/12:15,0:26:00,BXW,BXW,C07,10,0,0,NML,3,2025
1862.,A320,PKSGC,SJV,SJV567,SJV636,19/11:33,19/11:39,19/12:35,19/12:46,0:56:00,PLW,BDJ,014,10,1,1,NML,3,2025
1863.,B739,PKLHH,LNI,LNI367,LNI780,19/09:40,19/09:43,19/12:43,19/12:56,3:00:00,BPN,UPG,017,10,1,1,NML,3,2025
1864.,B735,PKNAS,LKN,LKN193,LKN192,19/11:38,19/11:41,19/12:25,19/12:38,0:44:00,PKN,PKN,012,10,1,1,NML,3,2025
1865.,A320,PKGQR,CTV,CTV487,CTV668,19/12:08,19/12:12,19/12:49,19/12:58,0:37:00,BDJ,DPS,007,10,1,1,NML,3,2025
1866.,A320,PKAZG,AWQ,AWQ393,AWQ324,19/12:27,19/12:32,19/13:12,19/13:21,0:40:00,JHB,KUL,A03,10,1,1,NML,3,2025
1867.,B738,PKLJS,LNI,LNI869,LNI722,19/12:14,19/12:17,19/13:15,19/13:23,0:58:00,TTE,KDI,010,10,1,1,NML,3,2025
1868.,A320,PKPWJ,PAS,PAS204,PAS205,19/12:21,19/12:24,19/13:20,19/13:53,0:56:00,CGK,CGK,005,28,1,1,NML,3,2025
1869.,B738,PKGFU,GIA,GIA312,GIA317,19/12:31,19/12:34,19/13:50,19/14:05,1:16:00,CGK,CGK,004,28,1,1,NML,3,2025
1870.,B738,PKLKW,LNI,LNI839,LNI836,19/12:54,19/12:56,19/14:03,19/14:15,1:07:00,PNK,PNK,015,28,1,1,NML,3,2025
1871.,A320,PKSAG,SJV,SJV633,SJV726,19/13:55,19/14:01,19/14:51,19/15:05,0:50:00,BDJ,LBJ,014,10,1,1,NML,3,2025
1872.,B738,PKGNQ,GIA,GIA290,GIA290,19/13:48,19/13:53,19/15:48,19/16:00,1:55:00,CGK,MLG,005,10,1,1,NML,3,2025
1873.,A320,PKGLG,CTV,CTV431,CTV948,19/13:59,19/14:05,19/14:51,19/15:06,0:46:00,BPN,BTH,006,10,1,1,NML,3,2025
1874.,A320,9VJSY,JSA,JSA247,JSA248,19/13:49,19/13:53,19/14:58,19/15:08,1:05:00,SIN,SIN,A06,10,1,1,NML,3,2025
1875.,B739,PKLHR,LNI,LNI261,LNI260,19/14:12,19/14:17,19/15:12,19/15:22,0:55:00,BPN,BPN,026,10,0,0,NML,3,2025
1876.,A320,PKLAF,BTK,BTK6347,BTK7514,19/15:27,19/15:31,19/16:21,19/16:36,0:50:00,BEJ,HLP,009,10,1,1,NML,3,2025
1877.,B738,PKGFF,GIA,GIA330,GIA331,19/14:34,19/14:40,19/15:47,19/16:01,1:07:00,HLP,HLP,004,10,1,1,NML,3,2025
1878.,B739,PKLGV,LNI,LNI707,LNI920,19/14:47,19/14:51,19/15:55,19/16:05,1:04:00,UPG,DPS,012,10,1,1,NML,3,2025
1879.,A320,PKGQT,CTV,CTV699,CTV434,19/14:58,19/15:01,19/15:42,19/15:54,0:41:00,DPS,BPN,008,10,1,1,NML,3,2025
1880.,B738,PKLKQ,LNI,LNI749,LNI581,19/15:20,19/15:23,19/16:21,19/16:34,0:58:00,MDC,CGK,014,10,1,1,NML,3,2025
1881.,B738,9MMXC,MAS,MAS873,MAS872,19/15:02,19/15:10,19/15:57,19/16:11,0:47:00,KUL,KUL,A06,10,1,1,NML,3,2025
1882.,A320,PKLAW,BTK,BTK6406,BTK6401,19/14:52,19/14:56,19/16:03,19/16:13,1:07:00,CGK,CGK,010,10,1,1,NML,3,2025
1883.,B739,PKLGP,LNI,LNI919,LNI316,19/14:55,19/14:59,19/16:07,19/16:20,1:08:00,DPS,BDJ,015,10,1,1,NML,3,2025
1884.,A320,PKGTG,CTV,CTV174,CTV418,19/15:10,19/15:15,19/16:14,19/16:26,0:59:00,HLP,PNK,007,10,1,1,NML,3,2025
1885.,B738,PKGFG,GIA,GIA310,GIA315,19/15:38,19/15:41,19/16:32,19/16:43,0:51:00,CGK,CGK,006,10,1,1,NML,3,2025
1886.,A320,PKSGC,SJV,SJV637,SJV648,19/15:46,19/15:51,19/16:55,19/17:05,1:04:00,BDJ,BPN,017,10,1,1,NML,3,2025
1887.,B738MAX,9VMBB,SIA,SIA926,SIA927,19/15:41,19/15:46,19/16:40,19/16:55,0:54:00,SIN,SIN,A08,10,1,1,NML,3,2025
1888.,B739,PKLHY,LNI,LNI695,LNI268,19/15:52,19/15:56,19/16:59,19/17:12,1:03:00,KOE,TRK,018,10,0,0,NML,3,2025
1889.,B739,PKLHQ,LNI,LNI692,LNI692,19/16:14,19/16:18,19/17:07,19/17:18,0:49:00,CGK,KOE,012,28,1,1,NML,3,2025
1890.,A320,PKPWC,PAS,PAS206,PAS623,19/15:56,19/15:59,19/16:44,19/17:02,0:45:00,CGK,BPN,004,10,1,1,NML,3,2025
1891.,B738,PKBLD,BTK,BTK6578,BTK7579,19/16:28,19/16:32,19/17:23,19/17:37,0:51:00,CGK,CGK,010,28,1,1,NML,3,2025
1892.,A320,PKAZU,AWQ,AWQ323,AWQ326,19/16:53,19/16:58,19/17:28,19/17:43,0:30:00,KUL,KUL,A01,28,1,1,NML,3,2025
1893.,B738,PKLOH,LNI,LNI879,LNI838,19/15:30,19/15:34,19/17:42,19/17:57,2:08:00,AMQ,PNK,016,28,1,1,NML,3,2025
1894.,A320,PKGTD,CTV,CTV669,CTV488,19/17:16,19/17:19,19/17:44,19/17:56,0:24:50,DPS,BDJ,006,28,1,1,NML,3,2025
1895.,B739,PKLGP,LNI,LNI316A,LNI316A,19/16:20,19/16:26,19/17:56,19/18:07,1:30:00,SUB,BDJ,015,10,1,1,NML,3,2025
1896.,A320,PKPWH,PAS,PAS622,PAS207,19/17:20,19/17:23,19/18:13,19/18:20,0:50:00,BPN,CGK,005,28,1,1,NML,3,2025
1897.,A320,PKLUH,BTK,BTK7503,BTK7502,19/19:22,19/19:27,19/20:15,19/20:26,0:48:00,HLP,HLP,009,28,1,1,NML,3,2025
1898.,B738,PKGFM,GIA,GIA320,GIA325,19/17:44,19/17:50,19/18:54,19/19:04,1:04:00,CGK,CGK,004,28,1,1,NML,3,2025
1899.,B738MAX,9VMBE,SIA,SIA928,SIA929,19/17:41,19/17:44,19/18:32,19/18:46,0:48:00,SIN,SIN,A07,28,1,1,NML,3,2025
1900.,B735,PKCLE,SJY,SJY567,SJY562,19/17:53,19/17:59,19/18:46,19/18:56,0:47:00,UPG,UPG,012,28,1,1,NML,3,2025
1901.,A320,PKGLT,CTV,CTV949,CTV494,19/18:54,19/19:02,19/19:31,19/19:38,0:29:00,BTH,BDJ,005,28,1,1,NML,3,2025
1902.,B739,PKLGL,LNI,LNI972,LNI880,19/17:49,19/17:55,19/19:46,19/19:55,1:50:38,BTH,UPG,010,28,1,1,NML,3,2025
1903.,A320,PKGLX,CTV,CTV736,CTV352,19/18:51,19/18:58,19/19:49,19/20:00,0:51:59,CGK,UPG,007,28,1,1,NML,3,2025
1904.,A320,PKGQT,CTV,CTV435,CTV719,19/19:28,19/19:36,19/20:09,19/20:18,0:33:00,BPN,CGK,008,28,1,1,NML,3,2025
1905.,B738,PKGNG,GIA,GIA349,GIA313,19/18:07,19/18:15,19/20:04,19/20:15,1:49:00,DPS,CGK,006,28,1,1,NML,3,2025
1906.,A320,PKGQP,CTV,CTV722,CTV354,19/19:42,19/19:49,19/20:09,19/20:37,0:19:23,CGK,UPG,005,28,1,1,NML,3,2025
1907.,A320,PKGTK,CTV,CTV489,CTV662,19/19:57,19/20:04,19/20:34,19/20:46,0:30:00,BDJ,DPS,007,28,1,1,NML,3,2025
1908.,A320,PKGTD,CTV,CTV495,CTV721,19/20:23,19/20:30,19/20:58,19/21:09,0:28:00,BDJ,CGK,006,28,1,1,NML,3,2025
1909.,A320,PKGQJ,CTV,CTV726,CTV430,19/21:02,19/21:08,20/04:48,20/05:00,7:40:00,CGK,BPN,005,28,1,1,NML,3,2025
1910.,A320,PKSAZ,SJV,SJV643,SJV610,19/15:34,19/15:38,20/04:53,20/05:02,13:15:00,AAP,BPN,025,28,0,0,NML,3,2025
1911.,A320,PKBLB,BTK,BTK6588,BTK7508,19/21:42,19/21:48,20/04:54,20/05:05,7:06:00,CGK,HLP,010,28,1,1,NML,3,2025
1912.,B738,PKLJS,LNI,LNI727,LNI878,19/17:35,19/17:40,20/04:59,20/05:23,11:19:00,KDI,AMQ,021,28,0,0,NML,3,2025
1913.,A320,PKAZU,AWQ,AWQ327,AWQ320,19/23:16,19/23:20,20/05:00,20/05:11,5:40:00,KUL,KUL,A03,28,1,1,NML,3,2025
1914.,A320,V8RBB,RBA,RBA795,RBA796,19/20:03,19/20:06,20/05:52,20/06:03,9:46:00,BWN,BWN,A07,28,1,1,NML,3,2025
1915.,A320,PKGQM,CTV,CTV720,CTV725,19/22:01,19/22:08,20/05:45,20/05:59,7:37:00,CGK,CGK,007,28,1,1,NML,3,2025
1916.,A320,PKGQR,CTV,CTV353,CTV484,20/05:13,20/05:20,20/05:56,20/06:07,0:36:00,UPG,BDJ,006,28,1,1,NML,3,2025
1917.,A320,PKSAO,SJV,SJV619,SJV706,19/16:09,19/16:13,20/06:00,20/06:14,13:47:00,BPN,DPS,024,28,0,0,NML,3,2025
1918.,B739,PKLFW,LNI,LNI823,LNI882,19/14:02,20/04:10,20/05:55,20/06:05,15:49:00,LOP,UPG,018,28,0,1,NML,3,2025
1919.,B739,PKLHP,LNI,LNI857,LNI266,19/16:39,19/16:43,20/05:52,20/06:01,13:09:00,PLM,BPN,026,28,0,0,NML,3,2025
1920.,A320,PKSAY,SJV,SJV703,SJV640,19/20:44,19/20:50,20/05:58,20/06:09,9:08:00,DPS,AAP,014,28,1,1,NML,3,2025
1921.,A320,PKAZG,AWQ,AWQ325,AWQ386,19/19:02,19/19:05,20/05:57,20/06:11,10:52:00,KUL,PEN,A01,28,1,1,NML,3,2025
1922.,B739,PKLQS,LNI,LNI801,LNI971,19/11:46,20/04:10,20/06:58,20/07:09,19:04:00,UPG,BTH,009,28,1,1,NML,3,2025
1923.,A320,PKBLD,BTK,BTK6370,BTK6597,20/05:56,20/06:01,20/06:53,20/07:04,0:52:00,CGK,CGK,010,28,1,1,NML,3,2025
1924.,C208,PKVVO,SUS,PKVVO,PKVVO,19/14:06,19/14:10,20/07:24,20/07:35,17:14:00,BXW,BXW,C07,28,0,0,NML,3,2025
1925.,A320,PKLAF,BTK,BTK7521,BTK6135,19/20:12,19/20:19,20/06:52,20/07:00,10:33:00,HLP,PKN,012,28,1,1,NML,3,2025
1926.,B738,PKGFS,GIA,GIA328,GIA305,19/19:53,19/20:01,20/06:56,20/07:07,10:55:00,CGK,CGK,004,28,1,1,NML,3,2025
1927.,B738,PKGMV,GIA,GIA855,GIA854,19/21:36,19/21:41,20/07:02,20/07:11,9:21:00,SIN,SIN,A02,28,1,1,NML,3,2025
1928.,B739,PKLKM,LNI,LNI363,LNI646,20/06:24,20/06:30,20/07:26,20/07:40,0:56:00,BPN,LOP,014,28,1,1,NML,3,2025
1929.,A320,PKLUV,BTK,BTK7511,BTK7510,20/07:20,20/07:25,20/08:06,20/08:20,0:41:00,HLP,HLP,010,28,1,1,NML,3,2025
1930.,A320,PKGTK,CTV,CTV661,CTV460,20/06:46,20/06:54,20/07:42,20/07:54,0:48:00,DPS,AAP,005,28,1,1,NML,3,2025
1931.,B739,PKLHQ,LNI,LNI693,LNI693,20/06:50,20/06:55,20/07:47,20/07:59,0:52:00,KOE,CGK,018,28,0,0,NML,3,2025
1932.,B738,PKLKP,LNI,LNI697A,LNI982,19/11:45,19/11:49,20/08:04,20/08:18,20:15:00,SUB,PKU,023,28,0,0,NML,3,2025
1933.,B738,PKLBS,MXD,MXD352,MXD353,19/19:19,20/04:59,20/08:49,20/09:04,13:25:00,KUL,KUL,A04,28,1,1,NML,3,2025
1934.,A320,PKGLV,CTV,CTV170,CTV175,20/07:25,20/07:32,20/08:07,20/08:21,0:35:00,HLP,HLP,006,28,1,1,NML,3,2025
1935.,A333,BHWM,CPA,CPA779,CPA780,19/18:01,19/18:05,20/08:06,20/08:23,14:01:00,HKG,HKG,A08,28,1,1,NML,3,2025
1936.,A320,PKGLX,CTV,CTV355,CTV177,20/07:49,20/07:56,20/08:52,20/09:02,0:56:00,UPG,HLP,007,28,1,1,NML,3,2025
"1937.,DHC6,PKICP,PGT,PKICP,PKICP,18/10:29,18/10:32,20/07:27,20/07:40,""1 day, 20:55:00"",PAG,PAG,028,28,0,0,NML,3,2025"
1938.,A320,9VTRN,TGW,TGW264,TGW265,20/07:41,20/07:44,20/08:39,20/08:50,0:55:00,SIN,SIN,A02,28,1,1,NML,3,2025
1939.,A320,PKBLA,BTK,BTK7515,BTK6581,19/16:22,19/16:26,20/09:00,20/09:15,16:33:36,HLP,CGK,020,28,0,0,NML,3,2025
1940.,A320,PKSAF,SJV,SJV649,SJV618,20/07:32,20/07:43,20/08:46,20/08:55,1:03:00,BPN,BPN,014,28,1,1,NML,3,2025
1941.,B738,PKLOH,LNI,LNI837,LNI748,20/08:06,20/08:12,20/09:06,20/09:17,0:54:00,PNK,MDC,017,28,1,1,NML,3,2025
1942.,B739,PKLSO,LNI,LNI683,LNI682,20/08:00,20/08:06,20/08:55,20/09:07,0:49:00,PKY,PKY,009,28,1,1,NML,3,2025
1943.,A320,PKPWK,PAS,PAS200,PAS201,20/08:14,20/08:20,20/09:16,20/09:26,0:56:00,CGK,CGK,005,28,1,1,NML,3,2025
1944.,B738,PKGFM,GIA,GIA304,GIA342,20/08:47,20/08:54,20/09:46,20/09:55,0:52:00,CGK,DPS,004,28,1,1,NML,3,2025
1945.,A320,PKGQR,CTV,CTV485,CTV486,20/08:32,20/08:38,20/09:16,20/09:22,0:38:00,BDJ,BDJ,006,28,1,1,NML,3,2025
1946.,BK17,PKFGG,SAG,PKFGG,PKFGG,20/09:05,20/09:08,20/10:08,20/10:18,1:00:00,XXD,XXD,A01,28,0,0,NML,3,2025
1947.,B738,9MMXO,MAS,MAS871,MAS870,20/09:05,20/09:09,20/10:06,20/10:19,0:57:00,KUL,KUL,A07,28,1,1,NML,3,2025
1948.,B738MAX,9MLRF,MXD,MXD350,MXD351,20/08:53,20/08:58,20/09:50,20/10:05,0:52:00,KUL,KUL,A03,28,1,1,NML,3,2025
1949.,A359,9VSHP,SIA,SIA922,SIA923,20/09:37,20/09:39,20/10:40,20/10:58,1:01:00,SIN,SIN,A08,28,1,1,NML,3,2025
1950.,B733F,PKMYV,MYU,MYU935,MYU815,20/09:59,20/10:03,20/10:48,20/11:06,0:45:00,SRG,CGK,C02,28,0,0,NML,3,2025
1951.,A320,PKSAG,SJV,SJV725,SJV632,19/18:59,19/19:07,20/10:25,20/10:42,15:18:00,LBJ,BDJ,016,28,1,1,NML,3,2025
1952.,A320,PKGQI,CTV,CTV351,CTV350,20/09:50,20/09:55,20/10:32,20/10:46,0:37:00,UPG,UPG,007,28,1,1,NML,3,2025
1953.,A320,PKGQO,CTV,CTV417,CTV715,20/10:03,20/10:10,20/10:46,20/11:05,0:36:00,PNK,CGK,006,28,1,1,NML,3,2025
1954.,B739,PKLFW,LNI,LNI791,LNI262,20/09:53,20/09:58,20/10:40,20/10:49,0:42:00,UPG,BPN,012,28,1,1,NML,3,2025
1955.,B739,PKLHP,LNI,LNI367,LNI706,20/09:28,20/09:36,20/11:00,20/11:10,1:24:00,BPN,UPG,009,28,1,1,NML,3,2025
1956.,A320,PKPWG,PAS,PAS210,PAS211,20/09:32,20/09:38,20/10:26,20/10:41,0:48:00,CGK,CGK,005,28,1,1,NML,3,2025
1957.,A320,PKLZH,BTK,BTK7513,BTK7516,20/10:07,20/10:14,20/11:03,20/11:16,0:49:34,HLP,HLP,008,28,1,1,NML,3,2025
1958.,A320,PKLAF,BTK,BTK6134,BTK6346,20/09:56,20/10:01,20/10:44,20/10:54,0:43:00,PKN,BEJ,010,28,1,1,NML,3,2025
1959.,B739,PKLGR,LNI,LNI694,LNI694,20/10:30,20/10:36,20/11:26,20/11:36,0:50:00,CGK,KOE,017,28,1,1,NML,3,2025
1960.,A320,PKAZU,AWQ,AWQ321,AWQ322,20/10:39,20/10:42,20/11:12,20/11:23,0:30:00,KUL,KUL,A01,28,1,1,NML,3,2025
1961.,B739,PKLVF,LNI,LNI690,LNI697,20/05:03,20/05:08,20/11:23,20/11:32,6:15:00,CGK,CGK,025,28,0,0,NML,3,2025
1962.,A320,PKLUV,BTK,BTK7517,BTK7520,20/11:39,20/11:45,20/12:24,20/12:32,0:39:57,HLP,HLP,009,28,1,1,NML,3,2025
1963.,B738,PKGFW,GIA,GIA322,GIA327,20/10:17,20/10:25,20/11:30,20/11:42,1:05:00,CGK,CGK,004,28,1,1,NML,3,2025
1964.,B739,PKLHY,LNI,LNI267,LNI804,20/07:02,20/07:13,20/11:49,20/11:57,4:36:00,TRK,DPS,021,28,0,0,NML,3,2025
1965.,A320,PKSAQ,SJV,SJV363,SJV362,20/11:03,20/11:07,20/12:13,20/12:21,1:06:00,KNO,KNO,016,28,1,1,NML,3,2025
1966.,A320,PKGQR,CTV,CTV487,CTV698,20/11:45,20/11:51,20/12:48,20/12:56,0:57:28,BDJ,DPS,006,28,1,1,NML,3,2025
1967.,A320,PKBKV,BTK,BTK6582,BTK6585,20/11:51,20/11:56,20/12:45,20/12:53,0:49:00,CGK,CGK,010,28,1,1,NML,3,2025
1968.,B739,PKLKM,LNI,LNI645,LNI780,20/10:21,20/10:26,20/12:33,20/12:41,2:07:09,LOP,UPG,020,28,0,0,NML,3,2025
1969.,A320,PKSJR,SJV,SJV615,SJV636,19/20:35,19/20:41,20/13:13,20/13:23,16:32:00,BPN,BDJ,015,28,1,1,NML,3,2025
1970.,B739,PKLHL,LNI,LNI315,LNI680,20/07:57,20/08:01,20/12:50,20/12:59,4:49:30,BDJ,PKY,018,28,0,0,NML,3,2025
1971.,A320,PKAZG,AWQ,AWQ387,AWQ324,20/12:28,20/12:31,20/13:14,20/13:24,0:42:04,PEN,KUL,A01,28,1,1,NML,3,2025
1972.,A320,PKPWF,PAS,PAS204,PAS205,20/12:11,20/12:16,20/13:14,20/13:26,0:57:43,CGK,CGK,005,28,1,1,NML,3,2025
1973.,B738,PKGFV,GIA,GIA312,GIA317,20/12:45,20/12:52,20/13:48,20/13:56,0:56:00,CGK,CGK,004,28,1,1,NML,3,2025
1974.,B738,PKLJS,LNI,LNI879,LNI836,20/10:59,20/11:04,20/14:11,20/14:20,3:07:00,AMQ,PNK,023,28,0,0,NML,3,2025
1975.,A320,PKGTK,CTV,CTV461,CTV668,20/13:45,20/13:52,20/14:28,20/14:43,0:36:00,AAP,DPS,006,28,1,1,NML,3,2025
1976.,A320,PKGQJ,CTV,CTV431,CTV948,20/13:34,20/13:40,20/14:31,20/14:38,0:51:00,BPN,BTH,007,28,1,1,NML,3,2025
1977.,A320,9VJSQ,JSA,JSA247,JSA248,20/13:41,20/13:45,20/14:59,20/15:14,1:14:00,SIN,SIN,A07,28,1,1,NML,3,2025
1978.,B739,PKLHS,LNI,LNI261,LNI260,20/14:31,20/14:37,20/15:27,20/15:35,0:50:00,BPN,BPN,010,28,1,1,NML,3,2025
1979.,B739,PKLHP,LNI,LNI707,LNI800,20/15:01,20/15:06,20/15:58,20/16:06,0:52:00,UPG,UPG,018,28,0,0,NML,3,2025
1980.,B739,PKLGL,LNI,LNI919,LNI642,20/14:28,20/14:33,20/15:52,20/16:01,1:19:00,DPS,LOP,015,28,1,1,NML,3,2025
1981.,B738,PKGFI,GIA,GIA330,GIA331,20/14:40,20/14:47,20/15:39,20/15:54,0:52:00,HLP,HLP,004,28,1,1,NML,3,2025
1982.,A320,PKSAG,SJV,SJV633,SJV614,20/13:38,20/13:44,20/15:46,20/15:57,2:02:00,BDJ,BPN,014,28,1,1,NML,3,2025
1983.,A320,PKLUQ,BTK,BTK6406,BTK7512,20/14:35,20/14:41,20/15:39,20/15:47,0:58:00,CGK,HLP,012,28,1,1,NML,3,2025
1984.,B738,PKLKP,LNI,LNI983,LNI581,20/13:48,20/13:53,20/15:50,20/15:59,1:57:00,PKU,CGK,021,28,0,0,NML,3,2025
1985.,B738,9MMXD,MAS,MAS873,MAS872,20/15:12,20/15:16,20/15:52,20/16:08,0:36:00,KUL,KUL,A08,28,1,1,NML,3,2025
1986.,A320,PKLAT,BTK,BTK7501,BTK6401,20/16:39,20/16:44,20/17:29,20/17:30,0:45:00,HLP,CGK,012,28,1,1,NML,3,2025
1987.,A320,PKLAF,BTK,BTK6347,BTK6401R,20/15:08,20/15:13,20/19:30,20/19:38,4:17:00,BEJ,CGK,023,28,0,0,NML,3,2025
1988.,B739,PKLGJ,LNI,LNI801,LNI316,20/11:25,20/11:30,20/16:05,20/16:16,4:35:00,UPG,BDJ,017,28,1,1,NML,3,2025
1989.,B738,PKGNN,GIA,GIA310,GIA315,20/15:44,20/15:51,20/16:53,20/17:07,1:02:00,CGK,CGK,005,28,1,1,NML,3,2025
1990.,A320,PKSJR,SJV,SJV637,SJV648,20/16:42,20/16:46,20/17:43,20/17:54,0:57:00,BDJ,BPN,017,28,1,1,NML,3,2025
1991.,B738MAX,9VMBD,SIA,SIA926,SIA927,20/16:14,20/16:17,20/17:07,20/17:19,0:50:00,SIN,SIN,A07,28,1,1,NML,3,2025
1992.,A320,PKGLV,CTV,CTV174,CTV418,20/17:01,20/17:08,20/17:51,20/17:59,0:43:00,HLP,PNK,007,28,1,1,NML,3,2025
1993.,B739,PKLHL,LNI,LNI681,LNI268,20/15:49,20/15:54,20/16:53,20/17:11,0:59:00,PKY,TRK,010,28,1,1,NML,3,2025
1994.,B739,PKLHR,LNI,LNI692,LNI692,20/16:19,20/16:24,20/17:13,20/17:21,0:49:00,CGK,KOE,015,28,1,1,NML,3,2025
1995.,A320,PKPWM,PAS,PAS206,PAS623,20/15:52,20/16:00,20/16:48,20/16:57,0:48:00,CGK,BPN,006,28,1,1,NML,3,2025
1996.,B739,PKLGR,LNI,LNI695,LNI226,20/15:57,20/16:03,20/17:49,20/17:57,1:46:00,KOE,BDJ,014,28,1,1,NML,3,2025
1997.,B738,PKLDK,BTK,BTK6578,BTK7579,20/16:46,20/16:52,20/17:42,20/17:52,0:50:00,CGK,CGK,009,28,1,1,NML,3,2025
1998.,A320,PKGQO,CTV,CTV669,CTV488,20/16:54,20/17:00,20/17:37,20/17:48,0:37:00,DPS,BDJ,008,28,1,1,NML,3,2025
1999.,A320,PKAZU,AWQ,AWQ323,AWQ326,20/17:04,20/17:07,20/17:35,20/17:46,0:28:00,KUL,KUL,A01,28,1,1,NML,3,2025
2000.,B738,PKLKW,LNI,LNI839,LNI838,20/14:23,20/14:30,20/17:29,20/17:38,2:59:00,PNK,PNK,016,28,1,1,NML,3,2025
2001.,A320,PKGTK,CTV,CTV699,CTV434,20/16:59,20/17:06,20/17:54,20/18:09,0:48:00,DPS,BPN,006,28,1,1,NML,3,2025
2002.,C680,N45AY,RJP,N45AY,N45AY,20/07:31,20/07:38,20/18:33,20/18:43,10:55:00,HLP,HLP,A09,28,0,0,NML,3,2025
2003.,A320,PKSAP,SJV,SJV723,SJV708,20/18:20,20/18:25,20/19:12,20/19:24,0:47:00,DPS,DPS,014,28,1,1,NML,3,2025
2004.,A320,PKPWG,PAS,PAS622,PAS207,20/17:17,20/17:24,20/18:09,20/18:18,0:45:00,BPN,CGK,005,28,1,1,NML,3,2025
2005.,B738,PKGFV,GIA,GIA320,GIA325,20/17:43,20/17:51,20/18:44,20/18:54,0:53:00,CGK,CGK,004,28,1,1,NML,3,2025
2006.,B738MAX,9VMBA,SIA,SIA928,SIA929,20/18:35,20/18:40,20/19:37,20/19:46,0:57:00,SIN,SIN,A07,28,1,1,NML,3,2025
2007.,B735,PKCLE,SJY,SJY567,SJY562,20/18:12,20/18:19,20/19:00,20/19:08,0:41:00,UPG,UPG,010,28,1,1,NML,3,2025
2008.,A320,PKGLX,CTV,CTV172,CTV173,20/18:26,20/18:32,20/19:15,20/19:28,0:43:00,HLP,HLP,008,28,1,1,NML,3,2025
2009.,A320,PKGLS,CTV,CTV736,CTV352,20/18:16,20/18:23,20/19:10,20/19:20,0:47:00,CGK,UPG,007,28,1,1,NML,3,2025
2010.,A320,PKGQN,CTV,CTV949,CTV494,20/18:22,20/18:28,20/19:07,20/19:18,0:39:00,BTH,BDJ,005,28,1,1,NML,3,2025
2011.,B738,P7301,POL,P7301,P7301,20/10:50,20/10:55,20/19:25,20/19:30,8:29:01,SRG,HLP,BO,28,0,0,NML,3,2025
2012.,B738,PKLHP,LNI,LNI885,LNI880,20/19:48,20/19:54,20/20:48,20/21:01,0:54:00,UPG,UPG,009,28,1,1,NML,3,2025
2013.,B738,PKGUG,GIA,GIA349,GIA313,20/18:07,20/18:16,20/20:02,20/20:10,1:46:00,DPS,CGK,006,28,1,1,NML,3,2025
2014.,A320,PKGQT,CTV,CTV722,CTV354,20/19:21,20/19:30,20/20:18,20/20:38,0:48:00,CGK,UPG,008,28,1,1,NML,3,2025
2015.,A320,PKGQA,CTV,CTV489,CTV662,20/19:44,20/19:51,20/20:23,20/20:40,0:32:00,BDJ,DPS,007,28,1,1,NML,3,2025
2016.,B738,PKBGZ,BTK,BTK6588,BTK6587,20/19:26,20/19:32,20/20:30,20/20:41,0:58:00,CGK,CGK,010,28,1,1,NML,3,2025
2017.,B738,PKGFQ,GIA,GIA326,GIA319,20/19:30,20/19:37,20/20:44,20/20:57,1:07:00,CGK,CGK,004,28,1,1,NML,3,2025
2018.,B77W,PHBVB,KLM,KLM835,KLM835,20/20:22,20/20:25,20/21:32,20/21:49,1:07:00,SIN,DPS,A07,28,1,1,NML,3,2025
2019.,A320,PKGTK,CTV,CTV435,CTV721,20/21:26,20/21:32,20/22:20,20/22:27,0:48:00,BPN,CGK,007,28,1,1,NML,3,2025
2020.,B738MAX,9MLRM,MXD,MXD171,MXD171,20/21:58,20/22:03,20/22:55,20/23:10,0:52:40,KUL,DPS,C01,28,0,0,NML,3,2025
2021.,A320,PKSAY,SJV,SJV643,SJV610,20/15:16,20/15:24,21/05:17,21/05:23,13:53:52,AAP,BPN,025,28,0,0,NML,3,2025
2022.,A320,PKGQO,CTV,CTV495,CTV430,20/20:51,20/20:57,21/04:57,21/05:04,8:00:22,BDJ,BPN,003,28,0,0,NML,3,2025
2023.,A320,PKLUV,BTK,BTK7521,BTK7508,20/21:47,20/21:54,21/04:54,21/05:06,7:00:19,HLP,HLP,014,28,1,1,NML,3,2025
2024.,B738,PKLGJ,LNI,LNI3319,LNI878,20/21:19,20/21:25,21/04:57,21/04:58,7:32:00,BDJ,AMQ,009,28,1,1,NML,3,2025
2025.,B738,PKLQZ,LNI,LNI709,LNI878A,20/18:51,20/18:56,21/06:52,21/07:02,11:56:00,UPG,AMQ,016,28,1,1,NML,3,2025
2026.,A320,PKAZU,AWQ,AWQ327,AWQ320,20/23:17,20/23:20,21/05:02,21/05:12,5:42:00,KUL,KUL,A07,28,1,1,NML,3,2025
2027.,B739,PKLQS,LNI,LNI690,LNI690,21/05:00,21/05:06,21/05:57,21/06:04,0:51:08,CGK,KOE,014,28,1,1,NML,3,2025
2028.,A320,PKGQM,CTV,CTV720,CTV725,20/22:12,20/22:18,21/05:36,21/05:48,7:18:00,CGK,CGK,004,28,1,1,NML,3,2025
2029.,A320,V8RBE,RBA,RBA795,RBA796,20/20:17,20/20:21,21/05:47,21/06:00,9:26:00,BWN,BWN,A03,28,1,1,NML,3,2025
2030.,A320,PKPWJ,PAS,PAS212,PAS213,20/20:55,20/21:01,21/06:00,21/06:07,8:59:40,CGK,CGK,006,28,1,1,NML,3,2025
2031.,B739,PKLFY,LNI,LNI972,LNI266,20/16:49,20/16:54,21/05:48,21/05:58,12:54:58,BTH,BPN,021,28,0,0,NML,3,2025
2032.,B738,PKLOH,LNI,LNI749,LNI868,20/15:05,20/15:11,21/06:05,21/06:13,14:54:00,MDC,TTE,020,28,0,0,NML,3,2025
2033.,A320,PKSAF,SJV,SJV615,SJV640,20/20:47,20/20:51,21/06:05,21/06:17,9:14:00,BPN,AAP,023,28,0,0,NML,3,2025
"2034.,A320,PKSGD,SJV,SJV610A,SJV706,17/05:34,17/05:34,21/06:27,21/06:38,""4 days, 0:53:00"",SUB,DPS,022,28,0,0,NML,3,2025"
2035.,A320,PKGTA,CTV,CTV353,CTV670,21/05:09,21/05:15,21/05:51,21/06:02,0:35:05,UPG,LOP,007,28,1,1,NML,3,2025
2036.,B739,PKLGV,LNI,LNI929,LNI882,20/06:54,21/03:28,21/06:01,21/06:09,23:02:30,DPS,UPG,026,28,0,0,NML,3,2025
2037.,A320,PKSAP,SJV,SJV703,SJV566,20/22:37,20/22:42,21/07:15,21/07:22,8:33:00,DPS,PLW,010,28,1,1,NML,3,2025
2038.,B739,PKLGP,LNI,LNI311,LNI971,21/06:15,21/06:21,21/07:23,21/07:37,1:02:00,BDJ,BTH,021,28,0,0,NML,3,2025
2039.,A320,PKLUF,BTK,BTK6576,BTK6135,20/21:43,20/21:50,21/06:57,21/07:07,9:07:00,CGK,PKN,008,28,1,1,NML,3,2025
2040.,C208,PKVVO,SUS,PKVVO,PKVVO,20/09:11,20/09:15,21/07:05,21/07:11,21:50:00,BXW,BXW,C07,28,0,0,NML,3,2025
2041.,A320,PKSAG,SJV,SJV617,SJV612,20/19:16,20/19:22,21/08:07,21/08:19,12:45:00,BPN,BPN,015,28,1,1,NML,3,2025
2042.,B738,PKGMI,GIA,GIA328,GIA305,20/19:54,20/20:00,21/06:58,21/07:09,10:58:00,CGK,CGK,005,28,1,1,NML,3,2025
2043.,B738,PKGMV,GIA,GIA855,GIA854,20/20:58,20/21:02,21/06:53,21/07:05,9:51:00,SIN,SIN,A02,28,1,1,NML,3,2025
2044.,B739,PKLGL,LNI,LNI865,LNI982,20/18:41,20/18:47,21/07:37,21/07:48,12:50:00,LOP,PKU,017,28,1,1,NML,3,2025
2045.,B739,PKLHS,LNI,LNI363,LNI646,21/06:24,21/06:30,21/07:33,21/07:49,1:03:00,BPN,LOP,014,28,1,1,NML,3,2025
2046.,A320,PKLUY,BTK,BTK7511,BTK7510,21/07:19,21/07:25,21/08:15,21/08:30,0:50:00,HLP,HLP,016,28,1,1,NML,3,2025
2047.,A320,PKAZG,AWQ,AWQ325,AWQ392,20/19:01,20/19:04,21/07:22,21/07:40,12:18:00,KUL,JHB,A01,28,1,1,NML,3,2025
2048.,A320,PKGQA,CTV,CTV661,CTV460,21/06:59,21/07:07,21/07:45,21/07:57,0:38:00,DPS,AAP,005,28,1,1,NML,3,2025
2049.,B739,PKLHR,LNI,LNI693,LNI693,21/07:03,21/07:09,21/08:10,21/08:24,1:01:00,KOE,CGK,020,28,0,0,NML,3,2025
2050.,A320,PKGLX,CTV,CTV170,CTV175,21/07:31,21/07:39,21/08:15,21/08:32,0:36:00,HLP,HLP,006,28,1,1,NML,3,2025
"2051.,A339,PKLES,LNI,LNI105,LNI102,18/14:36,21/01:09,21/08:10,21/08:28,""2 days, 17:29:00"",JED,JED,A06,28,1,1,NML,3,2025"
2052.,A333,BLBJ,CPA,CPA779,CPA780,20/18:00,20/18:03,21/08:02,21/08:15,13:59:00,HKG,HKG,A08,28,1,1,NML,3,2025
2053.,A320,PKGQS,CTV,CTV710,CTV723,21/07:34,21/07:40,21/08:22,21/08:33,0:42:00,CGK,CGK,007,28,1,1,NML,3,2025
2054.,B739,PKLGJ,LNI,LNI878,LNI990,21/05:16,21/05:16,21/08:32,21/08:44,3:16:00,SUB,DPS,009,28,1,1,NML,3,2025
2055.,A320,PKLAM,BTK,BTK6572,BTK6573,21/07:42,21/07:48,21/08:37,21/08:48,0:49:00,CGK,CGK,010,28,1,1,NML,3,2025
2056.,A320,PKGQI,CTV,CTV355,CTV177,21/07:38,21/07:44,21/08:36,21/08:46,0:52:00,UPG,HLP,008,28,1,1,NML,3,2025
2057.,B738,PKLZZ,MXD,MXD352,MXD353,20/19:33,20/19:37,21/08:51,21/09:04,13:14:00,KUL,KUL,A04,28,1,1,NML,3,2025
2058.,B738,PKLKW,LNI,LNI837,LNI748,21/08:04,21/08:14,21/10:00,21/10:09,1:46:00,PNK,MDC,014,28,1,1,NML,3,2025
2059.,A320,PKSJG,SJV,SJV619,SJV618,20/17:08,20/17:14,21/09:00,21/09:13,15:46:00,BPN,BPN,018,28,0,0,NML,3,2025
"2060.,B738,PKLSF,LNI,LNI885,LNI856,19/18:38,21/03:27,21/09:11,21/09:28,""1 day, 14:28:00"",UPG,PLM,024,28,0,1,NML,3,2025"
2061.,A320,PKLZH,BTK,BTK7513,BTK6581,21/10:11,21/10:18,21/11:06,21/11:16,0:48:00,HLP,CGK,008,28,1,1,NML,3,2025
2062.,B739,PKLHI,LNI,LNI315,LNI222,21/07:50,21/07:55,21/09:05,21/09:14,1:10:00,BDJ,BDJ,022,28,0,0,NML,3,2025
2063.,E135,T7JCI,AFS,T7JCI,T7JCI,21/08:54,21/08:57,21/09:15,21/09:31,0:18:00,CGK,CGK,003,28,0,0,NML,3,2025
2064.,B739,PKLSO,LNI,LNI683,LNI682,21/07:55,21/08:00,21/09:07,21/09:19,1:07:00,PKY,PKY,017,28,1,1,NML,3,2025
2065.,B738,PKGUG,GIA,GIA304,GIA342,21/08:18,21/08:23,21/09:35,21/09:49,1:12:00,CGK,DPS,004,28,1,1,NML,3,2025
2066.,A320,PKGTA,CTV,CTV671,CTV486,21/08:22,21/08:27,21/09:14,21/09:29,0:47:00,LOP,BDJ,005,28,1,1,NML,3,2025
2067.,A320,PKSAY,SJV,SJV611,SJV642,21/08:40,21/08:45,21/09:38,21/09:47,0:53:00,BPN,AAP,009,28,1,1,NML,3,2025
2068.,A20N,9VTNG,TGW,TGW264,TGW265,21/09:09,21/09:13,21/10:02,21/10:24,0:49:00,SIN,SIN,A02,28,1,1,NML,3,2025
2069.,B738,9MMXV,MAS,MAS871,MAS870,21/09:05,21/09:10,21/09:59,21/10:16,0:49:00,KUL,KUL,A07,28,1,1,NML,3,2025
2070.,B733F,PKMYV,MYU,MYU935,MYU838,21/09:02,21/09:04,21/10:12,21/10:25,1:08:00,SRG,BDJ,C02,28,0,0,NML,3,2025
2071.,B738,9MLRQ,MXD,MXD350,MXD351,21/08:57,21/09:01,21/10:18,21/10:40,1:17:00,KUL,KUL,A03,28,1,1,NML,3,2025
2072.,B735,PKNAS,LKN,LKN243,LKN242,21/09:20,21/09:25,21/10:06,21/10:28,0:41:00,SMQ,SMQ,010,28,1,1,NML,3,2025
2073.,A359,9VSHS,SIA,SIA922,SIA923,21/09:17,21/09:20,21/10:14,21/10:35,0:54:00,SIN,SIN,A08,28,1,1,NML,3,2025
2074.,A320,PKGLP,CTV,CTV351,CTV350,21/09:25,21/09:32,21/10:19,21/10:33,0:47:00,UPG,UPG,007,28,1,1,NML,3,2025
2075.,A320,PKSJR,SJV,SJV649,SJV632,21/07:45,21/07:50,21/10:21,21/10:38,2:31:00,BPN,BDJ,021,28,0,0,NML,3,2025
2076.,A320,PKGTK,CTV,CTV417,CTV715,21/09:39,21/09:45,21/10:27,21/10:50,0:42:00,PNK,CGK,006,28,1,1,NML,3,2025
2077.,B739,PKLFY,LNI,LNI367,LNI262,21/09:35,21/09:40,21/10:44,21/10:53,1:04:00,BPN,BPN,015,28,1,1,NML,3,2025
2078.,B739,PKLGU,LNI,LNI970,LNI973,21/10:02,21/10:08,21/11:01,21/11:14,0:53:00,BTH,BTH,016,28,1,1,NML,3,2025
2079.,A320,PKPWJ,PAS,PAS210,PAS211,21/09:52,21/09:56,21/10:39,21/10:51,0:43:00,CGK,CGK,005,28,1,1,NML,3,2025
2080.,A320,PKLAT,BTK,BTK6401A,BTK7516,20/17:44,20/17:44,21/12:02,21/12:14,18:18:00,SUB,HLP,012,28,1,1,NML,3,2025
2081.,A320,PKLUF,BTK,BTK6134,BTK6346,21/09:55,21/10:00,21/10:54,21/11:02,0:54:00,PKN,BEJ,009,28,1,1,NML,3,2025
2082.,B739,PKLHS,LNI,LNI645,LNI822,21/10:42,21/10:48,21/11:39,21/11:48,0:51:00,LOP,LOP,010,28,1,1,NML,3,2025
2083.,B739,PKLGM,LNI,LNI694,LNI694,21/10:14,21/10:20,21/11:27,21/11:38,1:07:00,CGK,KOE,017,28,1,1,NML,3,2025
2084.,A320,PKAZU,AWQ,AWQ321,AWQ322,21/10:47,21/10:51,21/11:16,21/11:29,0:25:00,KUL,KUL,A01,28,1,1,NML,3,2025
2085.,B739,PKLQS,LNI,LNI697,LNI697,21/10:22,21/10:26,21/11:21,21/11:31,0:55:00,KOE,CGK,014,28,1,1,NML,3,2025
2086.,DA50,VH88R,SCL,VH88R,VH88R,21/11:11,21/11:14,21/11:50,21/11:55,0:36:00,XSP,BME,030,28,0,0,NML,3,2025
2087.,A320,PKLUY,BTK,BTK7517,BTK7520,21/11:39,21/11:45,21/12:35,21/12:41,0:50:00,HLP,HLP,008,28,1,1,NML,3,2025
2088.,B738,PKGNM,GIA,GIA322,GIA327,21/10:17,21/10:25,21/11:32,21/11:44,1:07:00,CGK,CGK,004,28,1,1,NML,3,2025
2089.,B739,PKLGV,LNI,LNI791,LNI804,21/09:58,21/10:02,21/12:37,21/12:47,2:35:00,UPG,DPS,018,28,0,0,NML,3,2025
2090.,A320,PKGQA,CTV,CTV461,CTV698,21/11:36,21/11:42,21/12:24,21/12:32,0:42:00,AAP,DPS,006,28,1,1,NML,3,2025
2091.,A320,PKSAP,SJV,SJV567,SJV636,21/11:33,21/11:39,21/12:45,21/12:52,1:06:00,PLW,BDJ,015,28,1,1,NML,3,2025
2092.,A320,PKBKL,BTK,BTK6582,BTK6585,21/12:06,21/12:12,21/13:14,21/13:28,1:02:00,CGK,CGK,014,28,1,1,NML,3,2025
2093.,B735,PKNAT,LKN,LKN193,LKN192,21/11:42,21/11:48,21/12:30,21/12:38,0:42:00,PKN,PKN,010,28,1,1,NML,3,2025
2094.,B739,PKLHI,LNI,LNI223,LNI680,21/12:24,21/12:31,21/13:29,21/13:40,0:58:15,BDJ,PKY,012,28,1,1,NML,3,2025
2095.,A320,PKGTA,CTV,CTV487,CTV668,21/12:19,21/12:24,21/13:13,21/13:26,0:49:00,BDJ,DPS,007,28,1,1,NML,3,2025
2096.,A320,PKAZG,AWQ,AWQ393,AWQ324,21/12:28,21/12:32,21/13:07,21/13:25,0:35:30,JHB,KUL,A01,28,1,1,NML,3,2025
2097.,B738,PKLOH,LNI,LNI869,LNI722,21/12:15,21/12:21,21/13:18,21/13:46,0:57:00,TTE,KDI,016,28,1,1,NML,3,2025
2098.,A320,PKPWD,PAS,PAS204,PAS205,21/12:11,21/12:16,21/13:44,21/13:55,1:28:36,CGK,CGK,005,28,1,1,NML,3,2025
2099.,B739,PKLHQ,LNI,LNI805,LNI780,21/11:17,21/11:23,21/14:07,21/14:14,2:44:00,DPS,UPG,009,28,1,1,NML,3,2025
2100.,B738,PKGFP,GIA,GIA312,GIA317,21/12:44,21/12:51,21/13:49,21/14:00,0:58:00,CGK,CGK,004,28,1,1,NML,3,2025
2101.,A320,PKGLU,CTV,CTV716,CTV717,21/12:57,21/13:05,21/13:54,21/14:01,0:49:00,CGK,CGK,006,28,1,1,NML,3,2025
2102.,A320,PKSJR,SJV,SJV633,SJV726,21/13:48,21/13:53,21/14:50,21/14:59,0:57:34,BDJ,LBJ,014,28,1,1,NML,3,2025
2103.,B738,PKLJS,LNI,LNI839,LNI836,21/13:31,21/13:37,21/14:28,21/14:39,0:51:00,PNK,PNK,017,28,1,1,NML,3,2025
2104.,A320,PKGQO,CTV,CTV431,CTV948,21/13:54,21/14:03,21/14:50,21/15:01,0:47:00,BPN,BTH,007,28,1,1,NML,3,2025
2105.,A320,9VJSM,JSA,JSA247,JSA248,21/13:35,21/13:38,21/14:32,21/14:42,0:54:29,SIN,SIN,A06,28,1,1,NML,3,2025
2106.,B739,PKLGL,LNI,LNI983,LNI260,21/13:42,21/13:47,21/14:41,21/14:48,0:54:22,PKU,BPN,015,28,1,1,NML,3,2025
2107.,A320,PKLUV,BTK,BTK7515,BTK7514,21/13:57,21/14:03,21/14:55,21/15:02,0:52:00,HLP,HLP,012,28,1,1,NML,3,2025
2108.,B739,PKLGS,LNI,LNI707,LNI706,21/14:21,21/14:26,21/15:19,21/15:28,0:53:00,UPG,UPG,009,28,1,1,NML,3,2025
2109.,B739,PKLHS,LNI,LNI823,LNI642,21/14:40,21/14:45,21/15:38,21/15:45,0:52:03,LOP,LOP,021,28,0,0,NML,3,2025
2110.,A320,PKPWE,PAS,PAS208,PAS209,21/14:10,21/14:16,21/15:04,21/15:11,0:48:00,CGK,CGK,005,28,1,1,NML,3,2025
2111.,A320,PKLUI,BTK,BTK6406,BTK6220,21/14:46,21/14:52,21/15:42,21/15:53,0:50:55,CGK,BPN,016,28,1,1,NML,3,2025
2112.,B738,PKLSF,LNI,LNI857,LNI581,21/13:51,21/13:55,21/15:25,21/15:34,1:30:32,PLM,CGK,020,28,0,0,NML,3,2025
2113.,B738,PKGFS,GIA,GIA330,GIA331,21/14:26,21/14:32,21/15:31,21/15:43,0:59:31,HLP,HLP,004,28,1,1,NML,3,2025
2114.,A320,PKGQA,CTV,CTV699,CTV434,21/14:52,21/14:58,21/15:42,21/15:55,0:44:00,DPS,BPN,006,28,1,1,NML,3,2025
2115.,A320,PKLUK,BTK,BTK7501,BTK7512,21/14:57,21/15:05,21/15:54,21/16:03,0:49:00,HLP,HLP,008,28,1,1,NML,3,2025
2116.,A320,PKSAY,SJV,SJV641,SJV672,21/13:38,21/13:43,21/15:49,21/15:59,2:06:55,AAP,BEJ,010,28,1,1,NML,3,2025
2117.,A320,PKLUF,BTK,BTK6347,BTK6401,21/15:23,21/15:29,21/16:12,21/16:21,0:43:00,BEJ,CGK,012,28,1,1,NML,3,2025
2118.,B739,PKLGV,LNI,LNI919,LNI316,21/15:15,21/15:19,21/16:12,21/16:20,0:53:00,DPS,BDJ,014,28,1,1,NML,3,2025
2119.,A320,PKGLX,CTV,CTV174,CTV418,21/15:26,21/15:34,21/16:18,21/16:25,0:44:50,HLP,PNK,007,28,1,1,NML,3,2025
2120.,B738,PKGNM,GIA,GIA310,GIA315,21/15:32,21/15:39,21/16:36,21/16:53,0:57:00,CGK,CGK,005,10,1,1,NML,3,2025
2121.,B738MAX,9VMBH,SIA,SIA926,SIA927,21/15:35,21/15:39,21/16:24,21/16:48,0:44:24,SIN,SIN,A06,10,1,1,NML,3,2025
2122.,A320,PKSAP,SJV,SJV637,SJV648,21/15:57,21/16:03,21/16:58,21/17:08,0:55:00,BDJ,BPN,010,10,1,1,NML,3,2025
2123.,B739,PKLHP,LNI,LNI267,LNI268,21/13:45,21/13:49,21/17:07,21/17:45,3:17:12,TRK,TRK,018,10,0,0,NML,3,2025
2124.,B739,PKLFY,LNI,LNI261,LNI692,21/14:37,21/14:42,21/19:47,21/19:58,5:04:34,BPN,KOE,022,28,0,0,NML,3,2025
2125.,A320,PKPWA,PAS,PAS206,PAS623,21/16:01,21/16:08,21/16:47,21/16:58,0:39:00,CGK,BPN,006,10,1,1,NML,3,2025
2126.,B739,PKLGS,LNI,LNI885,LNI800,21/19:09,21/19:15,21/20:22,21/20:42,1:07:00,UPG,UPG,012,28,1,1,NML,3,2025
2127.,B739,PKLHI,LNI,LNI681,LNI226,21/16:56,21/17:01,21/20:12,21/20:22,3:11:00,PKY,BDJ,020,28,0,0,NML,3,2025
2128.,A320,PKGTK,CTV,CTV669,CTV488,21/17:02,21/17:07,21/18:04,21/18:15,0:57:00,DPS,BDJ,007,28,1,1,NML,3,2025
2129.,A320,PKAZG,AWQ,AWQ325,AWQ326,21/19:37,21/19:40,21/20:24,21/20:35,0:44:00,KUL,KUL,A01,28,1,1,NML,3,2025
2130.,B738,PKLOH,LNI,LNI727,LNI838,21/18:00,21/18:05,21/19:02,21/19:18,0:57:00,KDI,PNK,015,28,1,1,NML,3,2025
2131.,A320,PKSGD,SJV,SJV723,SJV708,21/17:47,21/17:53,21/18:45,21/18:54,0:52:00,DPS,DPS,012,28,1,1,NML,3,2025
2132.,A320,PKPWJ,PAS,PAS622,PAS207,21/20:22,21/20:27,21/21:17,21/21:23,0:50:00,BPN,CGK,007,28,1,1,NML,3,2025
2133.,B738,PKCRI,SJY,SJY567,SJY562,21/18:04,21/18:10,21/19:02,21/19:15,0:52:34,UPG,UPG,010,28,1,1,NML,3,2025
2134.,A320,PKBLB,BTK,BTK7503,BTK7502,21/19:13,21/19:20,21/20:18,21/20:28,0:58:00,HLP,HLP,009,28,1,1,NML,3,2025
2135.,B738,PKGFM,GIA,GIA320,GIA325,21/18:33,21/18:40,21/19:37,21/19:48,0:57:00,CGK,CGK,004,28,1,1,NML,3,2025
2136.,B738MAX,9VMBP,SIA,SIA928,SIA929,21/18:08,21/18:12,21/19:01,21/19:25,0:49:00,SIN,SIN,A06,28,1,1,NML,3,2025
2137.,A320,PKGQE,CTV,CTV949,CTV494,21/18:29,21/18:35,21/19:27,21/19:40,0:52:00,BTH,BDJ,008,28,1,1,NML,3,2025
2138.,B738,PKLZV,BTK,BTK6576,BTK6575,21/19:03,21/19:10,21/20:11,21/20:30,1:01:00,CGK,CGK,014,28,1,1,NML,3,2025
2139.,A320,PKGLP,CTV,CTV736,CTV352,21/18:25,21/18:32,21/19:20,21/19:33,0:48:00,CGK,UPG,007,28,1,1,NML,3,2025
2140.,B788,9VOFD,TGW,TGW262,TGW263,21/18:52,21/18:55,21/19:59,21/20:12,1:04:00,SIN,SIN,A08,10,1,1,NML,3,2025
2141.,B738,PKLOP,LNI,LNI709,LNI880,21/19:56,21/20:04,21/20:58,21/21:10,0:54:00,UPG,UPG,017,28,1,1,NML,3,2025
2142.,A320,PKLUK,BTK,BTK7519,BTK7518,21/19:34,21/19:40,21/20:35,21/20:46,0:55:00,HLP,HLP,015,28,1,1,NML,3,2025
2143.,A320,PKPWE,PAS,PAS202,PAS203,21/18:59,21/19:08,21/19:53,21/20:04,0:45:00,CGK,CGK,010,28,1,1,NML,3,2025
2144.,A320,PKGQA,CTV,CTV435,CTV719,21/19:16,21/19:26,21/20:22,21/20:32,0:56:00,BPN,CGK,007,28,1,1,NML,3,2025
2145.,B738,PKGUF,GIA,GIA326,GIA313,21/19:27,21/19:34,21/20:30,21/20:56,0:56:00,CGK,CGK,006,28,1,1,NML,3,2025
2146.,A320,PKGLT,CTV,CTV722,CTV354,21/19:20,21/19:31,21/20:27,21/20:37,0:56:00,CGK,UPG,008,28,1,1,NML,3,2025
2147.,A320,PKGQS,CTV,CTV489,CTV662,21/19:30,21/19:39,21/20:33,21/21:01,0:54:00,BDJ,DPS,004,28,1,1,NML,3,2025
2148.,B738,PKGUG,GIA,GIA349,GIA319,21/19:05,21/19:12,21/21:10,21/21:19,1:58:00,DPS,CGK,005,28,1,1,NML,3,2025
2149.,A320,PKGTK,CTV,CTV495,CTV721,21/20:49,21/20:54,21/21:25,21/21:35,0:31:00,BDJ,CGK,008,28,1,1,NML,3,2025
2150.,B738,PKLQZ,LNI,LNI879,LNI878,21/22:35,21/22:40,22/04:56,22/05:07,6:16:00,AMQ,AMQ,009,28,1,1,NML,3,2025
2151.,A320,PKGQP,CTV,CTV726,CTV430,21/21:03,21/21:10,22/05:01,22/05:17,7:51:00,CGK,BPN,003,28,0,0,NML,3,2025
2152.,A320,PKLUF,BTK,BTK6588,BTK7508,21/21:28,21/21:33,22/04:59,22/05:15,7:26:00,CGK,HLP,017,28,1,1,NML,3,2025
2153.,A320,PKSAE,SJV,SJV643,SJV610,21/15:40,21/15:44,22/04:57,22/05:13,13:13:00,AAP,BPN,026,28,0,0,NML,3,2025
2154.,B739,PKLGP,LNI,LNI972,LNI786,21/19:46,21/19:53,22/05:02,22/05:18,9:09:00,BTH,UPG,023,28,0,0,NML,3,2025
2155.,A320,PKAZU,AWQ,AWQ323,AWQ320,21/20:10,21/20:13,22/05:01,22/05:20,8:48:00,KUL,KUL,A04,28,1,1,NML,3,2025
2156.,A320,PKGLV,CTV,CTV720,CTV725,21/22:10,21/22:18,22/05:37,22/05:48,7:19:00,CGK,CGK,007,28,1,1,NML,3,2025
2157.,B739,PKLVF,LNI,LNI690,LNI690,22/05:01,22/05:09,22/05:55,22/06:05,0:46:00,CGK,KOE,008,28,1,1,NML,3,2025
2158.,A320,V8RBF,RBA,RBA795,RBA796,21/20:17,21/20:21,22/05:51,22/06:03,9:30:00,BWN,BWN,A06,28,1,1,NML,3,2025
2159.,B739,PKLGM,LNI,LNI695,LNI882,21/16:09,22/04:50,22/06:21,22/06:30,14:08:30,KOE,UPG,025,28,0,0,NML,3,2025
2160.,A320,PKLZH,BTK,BTK6586,BTK6589,21/21:08,21/21:12,22/06:00,22/06:21,8:48:00,CGK,CGK,010,28,1,1,NML,3,2025
2161.,A320,PKGLT,CTV,CTV353,CTV670,22/05:11,22/05:19,22/05:57,22/06:13,0:38:00,UPG,LOP,005,28,1,1,NML,3,2025
2162.,B739,PKLHS,LNI,LNI865,LNI266,21/18:47,21/18:56,22/05:56,22/06:07,10:59:46,LOP,BPN,024,28,0,0,NML,3,2025
2163.,A320,PKPWL,PAS,PAS212,PAS213,21/20:54,21/21:02,22/05:44,22/05:52,8:42:00,CGK,CGK,006,28,1,1,NML,3,2025
2164.,A320,PKSJG,SJV,SJV615,SJV640,21/20:43,21/20:48,22/06:33,22/06:41,9:45:00,BPN,AAP,020,28,0,0,NML,3,2025
2165.,A320,PKSAG,SJV,SJV619,SJV706,21/20:15,21/20:20,22/06:03,22/06:25,9:43:00,BPN,DPS,014,28,1,1,NML,3,2025
2166.,A320,PKAZG,AWQ,AWQ327,AWQ386,22/05:05,22/05:11,22/06:01,22/06:23,0:50:00,KUL,PEN,A01,28,1,1,NML,3,2025
2167.,B733F,PKMYV,MYU,MYU8321,MYU934,21/22:15,21/22:19,22/06:47,22/06:55,8:28:00,PNK,SIN,C02,28,0,0,NML,3,2025
2168.,B738MAX,PKOFM,AFE,AFE921,AFE921,22/06:01,22/06:08,22/06:53,22/07:05,0:45:00,CGK,TIM,007,28,1,1,NML,3,2025
2169.,C208,PKVVO,SUS,PKVVO,PKVVO,21/08:52,21/08:54,22/06:58,22/07:08,22:04:12,BXW,BMU,C07,28,0,0,NML,3,2025
2170.,B739,PKLFF,LNI,LNI311,LNI971,22/06:10,22/06:16,22/07:15,22/07:26,0:59:00,BDJ,BTH,009,28,1,1,NML,3,2025
2171.,A320,PKSAY,SJV,SJV673,SJV612,21/20:01,21/20:07,22/07:03,22/07:16,10:56:30,BEJ,BPN,022,28,0,0,NML,3,2025
2172.,A320,PKLUY,BTK,BTK7521,BTK6135,21/20:59,21/21:06,22/07:08,22/07:23,10:02:00,HLP,PKN,012,28,1,1,NML,3,2025
2173.,B738,PKGFU,GIA,GIA328,GIA305,21/20:39,21/20:47,22/07:03,22/07:18,10:16:00,CGK,CGK,004,28,1,1,NML,3,2025
2174.,B738,PKGMV,GIA,GIA855,GIA854,21/20:51,21/20:55,22/07:15,22/07:21,10:20:00,SIN,SIN,A02,28,1,1,NML,3,2025
2175.,B739,PKLGS,LNI,LNI801,LNI856,22/06:32,22/06:35,22/07:26,22/07:38,0:51:37,UPG,PLM,017,28,1,1,NML,3,2025
2176.,B739,PKLGL,LNI,LNI363,LNI646,22/06:34,22/06:39,22/07:30,22/07:45,0:51:00,BPN,LOP,014,28,1,1,NML,3,2025
2177.,A320,PKLUH,BTK,BTK7511,BTK7510,22/06:57,22/07:04,22/07:54,22/08:04,0:50:00,HLP,HLP,010,28,1,1,NML,3,2025
2178.,A320,PKGQS,CTV,CTV661,CTV460,22/06:38,22/06:44,22/07:27,22/07:40,0:43:56,DPS,AAP,008,28,1,1,NML,3,2025
2179.,B739,PKLFW,LNI,LNI692,LNI693,21/20:26,22/04:51,22/08:08,22/08:19,11:34:00,CGK,CGK,021,28,0,0,NML,3,2025
2180.,B739,PKLHP,LNI,LNI267,LNI982,22/07:07,22/07:11,22/08:07,22/08:20,0:56:00,TRK,PKU,015,28,1,1,NML,3,2025
2181.,A21N,B30F7,CSN,CSN8137,CSN8138,21/21:55,21/21:59,22/08:05,22/08:25,10:06:00,CAN,CAN,A08,28,1,1,NML,3,2025
2182.,A320,PKGQI,CTV,CTV170,CTV175,22/07:11,22/07:18,22/07:58,22/08:09,0:40:05,HLP,HLP,006,28,1,1,NML,3,2025
2183.,A333,BLBD,CPA,CPA779,CPA780,21/18:13,21/18:17,22/08:14,22/08:25,13:57:00,HKG,HKG,A07,28,1,1,NML,3,2025
"2184.,DHC6,PKICP,PGT,PKICP,PKICP,20/10:25,20/10:29,22/07:40,22/07:50,""1 day, 21:11:00"",PAG,PAG,028,28,0,0,NML,3,2025"
2185.,A320,PKLUS,BTK,BTK6572,BTK6573,22/07:29,22/07:35,22/08:22,22/08:33,0:47:00,CGK,CGK,009,28,1,1,NML,3,2025
2186.,A320,PKGLP,CTV,CTV355,CTV177,22/07:51,22/07:57,22/08:44,22/08:54,0:47:00,UPG,HLP,007,28,1,1,NML,3,2025
2187.,B738,PKLOH,LNI,LNI837,LNI748,22/08:06,22/08:12,22/08:55,22/09:05,0:43:00,PNK,MDC,014,28,1,1,NML,3,2025
2188.,B739,PKLFY,LNI,LNI693,LNI222,22/07:03,22/07:09,22/09:08,22/09:17,1:58:51,KOE,BDJ,026,28,0,0,NML,3,2025
2189.,A320,9VJSO,JSA,JSA249,JSA250,22/08:02,22/08:05,22/08:51,22/08:55,0:46:00,SIN,SIN,A06,28,1,1,NML,3,2025
2190.,A320,PKSGD,SJV,SJV703,SJV618,21/21:59,21/22:04,22/09:27,22/09:37,11:23:00,DPS,BPN,C04,28,0,0,NML,3,2025
2191.,B738,PKLDO,MXD,MXD352,MXD353,21/19:52,21/19:57,22/08:55,22/09:07,12:58:00,KUL,KUL,A03,28,1,1,NML,3,2025
2192.,A320,PKLUI,BTK,BTK6221,BTK6581,21/19:23,21/19:28,22/09:12,22/09:22,13:44:00,BPN,CGK,016,28,1,1,NML,3,2025
2193.,A320,PKGQM,CTV,CTV710,CTV723,22/08:09,22/08:15,22/09:02,22/09:12,0:47:00,CGK,CGK,008,28,1,1,NML,3,2025
2194.,B739,PKLHR,LNI,LNI683,LNI682,22/08:31,22/08:36,22/09:33,22/09:45,0:57:00,PKY,PKY,010,28,1,1,NML,3,2025
2195.,A320,PKPWK,PAS,PAS200,PAS201,22/08:25,22/08:30,22/09:09,22/09:28,0:39:00,CGK,CGK,005,28,1,1,NML,3,2025
2196.,B738,PKGNG,GIA,GIA304,GIA342,22/08:32,22/08:39,22/09:32,22/09:42,0:53:00,CGK,DPS,004,28,1,1,NML,3,2025
2197.,A320,PKGLT,CTV,CTV671,CTV486,22/08:40,22/08:45,22/09:22,22/09:30,0:37:00,LOP,BDJ,006,28,1,1,NML,3,2025
2198.,A320,PKSAE,SJV,SJV611,SJV642,22/08:51,22/08:57,22/09:40,22/09:54,0:43:00,BPN,AAP,009,28,1,1,NML,3,2025
2199.,A320,PKSAG,SJV,SJV703,SJV702,22/08:57,22/09:02,22/09:49,22/10:02,0:47:00,DPS,DPS,015,28,1,1,NML,3,2025
2200.,FA8X,MPTGG,AFI,MPTGG,MPTGG,22/09:16,22/09:19,22/09:38,22/09:50,0:18:51,XSP,DHX,A01,28,1,1,NML,3,2025
2201.,A320,9VTRP,TGW,TGW264,TGW265,22/09:10,22/09:13,22/10:05,22/10:17,0:52:00,SIN,SIN,A02,28,1,1,NML,3,2025
2202.,B738,9MMLK,MAS,MAS871,MAS870,22/09:26,22/09:27,22/10:19,22/10:32,0:52:41,KUL,KUL,A04,28,1,1,NML,3,2025
2203.,B738,9MLDH,MXD,MXD350,MXD351,22/09:20,22/09:24,22/10:19,22/10:30,0:55:00,KUL,KUL,A06,28,1,1,NML,3,2025
2204.,A359,9VSHB,SIA,SIA922,SIA923,22/09:28,22/09:31,22/10:28,22/10:51,0:57:00,SIN,SIN,A08,28,1,1,NML,3,2025
2205.,A320,PKGLX,CTV,CTV351,CTV350,22/09:42,22/09:48,22/10:31,22/10:50,0:43:05,UPG,UPG,008,28,1,1,NML,3,2025
2206.,A320,PKSJR,SJV,SJV725,SJV632,21/18:21,21/18:26,22/10:36,22/10:45,16:10:00,LBJ,BDJ,018,28,0,0,NML,3,2025
2207.,A320,9VJSO,JSA,JSA250A,JSA250A,22/09:00,22/09:06,22/10:25,22/10:35,1:19:00,SUB,SIN,A03,28,1,1,NML,3,2025
2208.,A320,PKGLS,CTV,CTV417,CTV715,22/09:32,22/09:39,22/10:17,22/10:25,0:38:00,PNK,CGK,007,28,1,1,NML,3,2025
2209.,B739,PKLKM,LNI,LNI791,LNI262,22/10:11,22/10:15,22/11:05,22/11:16,0:50:00,UPG,BPN,012,28,1,1,NML,3,2025
2210.,B739,PKLGV,LNI,LNI315,LNI706,22/07:54,22/07:59,22/11:24,22/11:28,3:25:42,BDJ,UPG,020,28,0,0,NML,3,2025
2211.,B739,PKLSV,LNI,LNI970,LNI973,22/10:14,22/10:19,22/11:10,22/11:20,0:51:08,BTH,BTH,016,28,1,1,NML,3,2025
2212.,A320,PKPWL,PAS,PAS210,PAS211,22/09:34,22/09:41,22/10:30,22/10:57,0:49:54,CGK,CGK,005,28,1,1,NML,3,2025
2213.,A320,PKLUZ,BTK,BTK7513,BTK7516,22/09:59,22/10:04,22/10:49,22/11:01,0:45:00,HLP,HLP,009,28,1,1,NML,3,2025
2214.,A320,PKLUY,BTK,BTK6134,BTK6346,22/09:50,22/09:57,22/10:46,22/10:59,0:49:00,PKN,BEJ,010,28,1,1,NML,3,2025
2215.,B739,PKLHS,LNI,LNI367,LNI822,22/09:37,22/09:43,22/11:44,22/11:55,2:01:00,BPN,LOP,014,28,1,1,NML,3,2025
2216.,B739,PKLSO,LNI,LNI694,LNI694,22/10:18,22/10:24,22/11:21,22/11:31,0:56:59,CGK,KOE,015,28,1,1,NML,3,2025
2217.,A320,PKAZU,AWQ,AWQ321,AWQ322,22/10:54,22/10:57,22/11:29,22/11:41,0:32:00,KUL,KUL,A03,28,1,1,NML,3,2025
2218.,B739,PKLVF,LNI,LNI697,LNI697,22/10:40,22/10:44,22/11:40,22/11:48,0:55:21,KOE,CGK,018,28,0,0,NML,3,2025
2219.,B738,PKGNM,GIA,GIA322,GIA327,22/10:11,22/10:18,22/11:32,22/11:43,1:14:00,CGK,CGK,004,28,1,1,NML,3,2025
2220.,A320,PKLUH,BTK,BTK7517,BTK7520,22/11:10,22/11:15,22/12:03,22/12:14,0:48:00,HLP,HLP,009,28,1,1,NML,3,2025
2221.,FA8X,MPTGG,AFI,MPTGG,MPTGG,22/11:25,22/11:30,22/11:56,22/12:15,0:25:40,DHX,XSP,A01,28,1,1,NML,3,2025
2222.,A320,PKSTD,SJV,SJV363,SJV362,22/11:14,22/11:20,22/12:18,22/12:28,0:58:18,KNO,KNO,016,28,1,1,NML,3,2025
2223.,A320,PKGQS,CTV,CTV461,CTV698,22/11:18,22/11:24,22/12:07,22/12:16,0:43:00,AAP,DPS,006,28,1,1,NML,3,2025
2224.,B739,PKLGS,LNI,LNI857,LNI804,22/11:38,22/11:45,22/12:41,22/12:50,0:56:00,PLM,DPS,012,28,1,1,NML,3,2025
2225.,B739,PKLGL,LNI,LNI645,LNI780,22/10:47,22/10:53,22/13:46,22/13:59,2:52:38,LOP,UPG,021,28,0,0,NML,3,2025
2226.,A320,PKSJD,SJV,SJV649,SJV636,22/07:48,22/07:53,22/12:34,22/12:42,4:41:00,BPN,BDJ,017,28,1,1,NML,3,2025
2227.,A320,PKBKO,BTK,BTK6582,BTK6585,22/12:57,22/13:02,22/14:02,22/14:13,1:00:00,CGK,CGK,009,28,1,1,NML,3,2025
2228.,B739,PKLFY,LNI,LNI223,LNI680,22/12:00,22/12:05,22/12:50,22/13:00,0:45:07,BDJ,PKY,010,28,1,1,NML,3,2025
2229.,A320,PKGLT,CTV,CTV487,CTV668,22/12:07,22/12:13,22/12:49,22/12:59,0:36:55,BDJ,DPS,007,28,1,1,NML,3,2025
2230.,A320,PKBKL,BTK,BTK6596,BTK6595,22/14:45,22/14:53,22/15:34,22/15:41,0:41:00,CGK,CGK,009,28,1,1,NML,3,2025
2231.,A320,PKPWJ,PAS,PAS204,PAS205,22/12:11,22/12:17,22/13:37,22/13:48,1:20:00,CGK,CGK,005,28,1,1,NML,3,2025
2232.,A320,PKAZG,AWQ,AWQ387,AWQ324,22/12:38,22/12:41,22/13:17,22/13:26,0:36:00,PEN,KUL,A03,28,1,1,NML,3,2025
2233.,B738,PKGFG,GIA,GIA312,GIA317,22/12:25,22/12:32,22/13:38,22/13:52,1:06:00,CGK,CGK,004,28,1,1,NML,3,2025
2234.,B739,PKLGP,LNI,LNI787,LNI686,22/13:42,22/13:48,22/14:49,22/14:58,1:01:00,UPG,PKY,012,28,1,1,NML,3,2025
2235.,A320,PKGQA,CTV,CTV716,CTV717,22/13:32,22/13:38,22/14:11,22/14:22,0:33:00,CGK,CGK,008,28,1,1,NML,3,2025
2236.,A320,PKSJR,SJV,SJV633,SJV726,22/13:35,22/13:41,22/14:33,22/14:40,0:52:00,BDJ,LBJ,014,28,1,1,NML,3,2025
2237.,B738,PKLJS,LNI,LNI839,LNI836,22/13:49,22/13:55,22/14:52,22/15:04,0:57:00,PNK,PNK,016,28,1,1,NML,3,2025
2238.,A320,PKGQP,CTV,CTV431,CTV948,22/13:45,22/13:51,22/14:49,22/14:59,0:58:00,BPN,BTH,006,28,1,1,NML,3,2025
2239.,B733F,PKMYV,MYU,MYU935,MYU815,22/14:10,22/14:14,22/14:59,22/15:16,0:45:00,SRG,CGK,C02,28,0,0,NML,3,2025
2240.,B739,PKLHS,LNI,LNI823,LNI260,22/15:02,22/15:09,22/15:58,22/16:11,0:49:00,LOP,BPN,012,28,1,1,NML,3,2025
2241.,B738,PKGFV,GIA,GIA430,GIA430,22/14:02,22/14:02,22/14:44,22/14:49,0:42:00,CGK,LOP,003,28,0,0,NML,3,2025
2242.,A320,PKBLB,BTK,BTK7515,BTK7514,22/13:54,22/13:59,22/14:45,22/14:53,0:46:00,HLP,HLP,010,28,1,1,NML,3,2025
2243.,A320,PKPWE,PAS,PAS208,PAS209,22/14:18,22/14:25,22/14:59,22/15:10,0:34:00,CGK,CGK,005,28,1,1,NML,3,2025
2244.,B739,PKLKM,LNI,LNI261,LNI642,22/14:48,22/14:57,22/15:42,22/15:49,0:45:00,BPN,LOP,015,28,1,1,NML,3,2025
2245.,A320,PKLUR,BTK,BTK6406,BTK6220,22/14:42,22/14:48,22/15:27,22/15:37,0:39:00,CGK,BPN,008,28,1,1,NML,3,2025
2246.,B738,PKLKW,LNI,LNI749,LNI581,21/22:04,21/22:09,22/15:44,22/15:47,17:35:00,MDC,CGK,C03,28,0,0,NML,3,2025
2247.,A320,PKSAE,SJV,SJV641,SJV614,22/13:39,22/13:47,22/15:27,22/15:34,1:40:00,AAP,BPN,018,28,0,0,NML,3,2025
2248.,B738,PKGMW,GIA,GIA330,GIA331,22/14:38,22/14:47,22/15:47,22/15:57,1:00:00,HLP,HLP,004,28,1,1,NML,3,2025
2249.,A320,PKGQS,CTV,CTV699,CTV434,22/15:06,22/15:12,22/15:55,22/16:05,0:43:00,DPS,BPN,007,28,1,1,NML,3,2025
2250.,B739,PKLGO,LNI,LNI707,LNI800,22/15:43,22/15:49,22/16:50,22/17:06,1:01:00,UPG,UPG,016,28,1,1,NML,3,2025
2251.,A320,PKLUH,BTK,BTK7501,BTK7512,22/15:16,22/15:21,22/16:06,22/16:19,0:45:00,HLP,HLP,014,28,1,1,NML,3,2025
2252.,B738,9MMLM,MAS,MAS873,MAS872,22/15:10,22/15:13,22/15:58,22/16:15,0:45:00,KUL,KUL,A06,28,1,1,NML,3,2025
2253.,B739,PKLGS,LNI,LNI919,LNI920,22/15:50,22/15:55,22/16:41,22/16:49,0:45:48,DPS,DPS,018,28,0,0,NML,3,2025
2254.,A320,PKLUY,BTK,BTK6347,BTK6401,22/15:20,22/15:27,22/16:20,22/16:27,0:53:00,BEJ,CGK,010,28,1,1,NML,3,2025
2255.,A320,PKSJD,SJV,SJV637,SJV672,22/15:58,22/16:04,22/16:53,22/17:05,0:49:00,BDJ,BEJ,008,28,1,1,NML,3,2025
2256.,A320,PKGQI,CTV,CTV174,CTV418,22/15:37,22/15:44,22/16:22,22/16:31,0:38:00,HLP,PNK,006,28,1,1,NML,3,2025
2257.,B739,PKLHP,LNI,LNI983,LNI316,22/14:00,22/14:06,22/15:55,22/16:21,1:49:00,PKU,BDJ,024,28,0,0,NML,3,2025
2258.,B738,PKGNM,GIA,GIA310,GIA315,22/16:09,22/16:14,22/16:55,22/17:08,0:41:00,CGK,CGK,005,28,1,1,NML,3,2025
2259.,A320,PKSAF,SJV,SJV643,SJV648,22/15:13,22/15:18,22/16:58,22/17:10,1:40:00,AAP,BPN,017,28,1,1,NML,3,2025
2260.,B738MAX,PKOFM,AFE,AFE920,AFE920,22/16:03,22/16:03,22/16:34,22/16:39,0:31:00,TIM,CGK,004,28,1,1,NML,3,2025
2261.,B739,PKLSO,LNI,LNI695,LNI268,22/16:17,22/16:24,22/17:10,22/17:21,0:46:00,KOE,TRK,009,28,1,1,NML,3,2025
2262.,B739,PKLFY,LNI,LNI681,LNI692,22/16:03,22/16:10,22/17:12,22/17:23,1:02:00,PKY,KOE,015,28,1,1,NML,3,2025
2263.,A320,PKPWD,PAS,PAS206,PAS623,22/16:33,22/16:40,22/17:14,22/17:28,0:34:00,CGK,BPN,007,28,1,1,NML,3,2025
2264.,B738,PKLSF,LNI,LNI709,LNI884,22/17:26,22/17:34,22/18:16,22/18:25,0:42:00,UPG,UPG,012,28,1,1,NML,3,2025
2265.,B739,PKLFF,LNI,LNI972,LNI226,22/17:52,22/17:57,22/18:34,22/18:44,0:37:00,BTH,BDJ,016,28,1,1,NML,3,2025
2266.,A320,PKAZU,AWQ,AWQ323,AWQ326,22/17:02,22/17:06,22/17:33,22/17:46,0:27:00,KUL,KUL,A01,28,1,1,NML,3,2025
2267.,B738,PKLKP,LNI,LNI883,LNI838,21/21:11,22/06:20,22/17:31,22/17:40,20:15:00,UPG,PNK,023,28,0,1,NML,3,2025
2268.,A320,PKPWL,PAS,PAS622,PAS207,22/17:16,22/17:23,22/18:12,22/18:20,0:49:00,BPN,CGK,006,28,1,1,NML,3,2025
2269.,A320,PKSJR,SJV,SJV725,SJV716,22/18:09,22/18:16,22/19:04,22/19:12,0:48:00,LBJ,LOP,009,28,1,1,NML,3,2025
2270.,B738,PKCRI,SJY,SJY567,SJY562,22/19:32,22/19:39,22/20:22,22/20:34,0:43:00,UPG,UPG,014,28,1,1,NML,3,2025
2271.,B738,PKGFG,GIA,GIA320,GIA325,22/17:38,22/17:48,22/18:35,22/18:43,0:47:00,CGK,CGK,004,28,1,1,NML,3,2025
2272.,A320,PKGQG,CTV,CTV669,CTV488,22/18:00,22/18:08,22/18:40,22/18:49,0:32:00,DPS,BDJ,007,28,1,1,NML,3,2025
2273.,B738MAX,9VMBL,SIA,SIA928,SIA929,22/17:47,22/17:49,22/18:44,22/19:01,0:55:00,SIN,SIN,A06,28,1,1,NML,3,2025
2274.,A320,PKLUZ,BTK,BTK7503,BTK7502,22/18:04,22/18:09,22/18:46,22/18:54,0:37:00,HLP,HLP,008,28,1,1,NML,3,2025
2275.,A320,PKGQR,CTV,CTV949,CTV494,22/18:33,22/18:40,22/19:12,22/19:22,0:32:00,BTH,BDJ,003,28,0,0,NML,3,2025
2276.,A320,PKLBW,BTK,BTK6576,BTK6575,22/18:51,22/18:57,22/19:32,22/19:53,0:35:00,CGK,CGK,012,28,1,1,NML,3,2025
2277.,B739,PKLGP,LNI,LNI687,LNI880,22/17:43,22/17:46,22/21:52,22/22:02,4:06:48,PKY,UPG,018,28,0,0,NML,3,2025
2278.,A320,PKGLS,CTV,CTV736,CTV352,22/19:03,22/19:09,22/19:43,22/19:56,0:34:00,CGK,UPG,007,28,1,1,NML,3,2025
2279.,A320,PKPWE,PAS,PAS202,PAS203,22/18:55,22/19:02,22/19:52,22/20:02,0:50:00,CGK,CGK,006,28,1,1,NML,3,2025
2280.,A320,PKSJT,SJV,SJV723,SJV616,22/19:27,22/19:33,22/20:10,22/20:21,0:37:00,DPS,BPN,010,28,1,1,NML,3,2025
2281.,A320,PKGQS,CTV,CTV435,CTV719,22/19:44,22/19:50,22/20:41,22/20:50,0:51:58,BPN,CGK,009,28,1,1,NML,3,2025
2282.,A320,PKGLX,CTV,CTV722,CTV354,22/19:16,22/19:23,22/19:58,22/20:11,0:35:00,CGK,UPG,008,28,1,1,NML,3,2025
2283.,B738,PKGFM,GIA,GIA326,GIA313,22/19:38,22/19:45,22/20:55,22/21:01,1:10:00,CGK,CGK,004,28,1,1,NML,3,2025
2284.,A320,PKGQQ,CTV,CTV489,CTV662,22/19:41,22/19:51,22/20:25,22/20:37,0:34:00,BDJ,DPS,003,28,0,0,NML,3,2025
2285.,B733F,PKMYV,MYU,MYU837,MYU815,22/19:50,22/19:54,22/20:23,22/20:37,0:29:04,BDJ,CGK,C02,28,0,0,NML,3,2025
2286.,A320,PKGQG,CTV,CTV495,CTV721,22/21:26,22/21:32,22/22:00,22/22:08,0:28:00,BDJ,CGK,008,28,1,1,NML,3,2025
2287.,A320,PKSAF,SJV,SJV613,SJV610,22/20:29,22/20:35,23/04:48,23/05:00,8:13:00,BPN,BPN,015,28,1,1,NML,3,2025
2288.,B738,PKLQZ,LNI,LNI879,LNI878,22/10:35,22/10:41,23/04:58,23/05:07,18:17:38,AMQ,AMQ,026,28,0,0,NML,3,2025
2289.,A320,PKGQO,CTV,CTV726,CTV430,22/20:39,22/20:47,23/04:51,23/05:05,8:04:00,CGK,BPN,007,28,1,1,NML,3,2025
2290.,SR22,N347AS,ACR,N347AS,N347AS,22/18:31,22/18:34,23/05:12,23/05:18,10:38:00,DMK,DRW,C01,28,0,0,NML,3,2025
2291.,A320,PKAZU,AWQ,AWQ327,AWQ320,22/23:00,22/23:14,23/05:01,23/05:13,5:47:00,KUL,KUL,A03,28,1,1,NML,3,2025
2292.,B739,PKLSY,LNI,LNI690,LNI690,23/05:03,23/05:09,23/05:54,23/06:03,0:44:45,CGK,KOE,015,28,1,1,NML,3,2025
2293.,A320,PKGQK,CTV,CTV720,CTV725,22/21:52,22/21:59,23/05:40,23/05:48,7:41:00,CGK,CGK,006,28,1,1,NML,3,2025
2294.,B739,PKLHQ,LNI,LNI885,LNI882,22/20:48,22/20:53,23/05:51,23/06:01,8:58:00,UPG,UPG,024,28,0,0,NML,3,2025
2295.,B738,PKLSF,LNI,LNI883,LNI868,22/21:38,22/21:41,23/06:00,23/06:10,8:19:08,UPG,TTE,C03,28,0,0,NML,3,2025
2296.,A320,PKLUR,BTK,BTK6221,BTK6589,22/19:30,22/19:35,23/05:57,23/06:05,10:22:00,BPN,CGK,023,28,0,0,NML,3,2025
2297.,A320,PKSAY,SJV,SJV619,SJV640,22/20:08,22/20:17,23/05:49,23/05:58,9:32:00,BPN,AAP,017,28,1,1,NML,3,2025
2298.,B739,PKLKM,LNI,LNI865,LNI266,22/18:23,22/18:27,23/05:46,23/05:55,11:19:36,LOP,BPN,021,28,0,0,NML,3,2025
2299.,A320,PKGQI,CTV,CTV353,CTV484,23/05:11,23/05:16,23/05:54,23/06:00,0:37:37,UPG,BDJ,007,28,1,1,NML,3,2025
2300.,A320,PKBKY,BTK,BTK6586,BTK6412,22/20:56,22/21:03,23/06:14,23/06:27,9:11:00,CGK,DPS,012,28,1,1,NML,3,2025
2301.,A320,PKSJD,SJV,SJV673,SJV634,22/21:14,22/21:20,23/06:21,23/06:30,9:01:00,BEJ,BDJ,014,28,1,1,NML,3,2025
2302.,A320,PKSGD,SJV,SJV615,SJV566,22/21:47,22/21:53,23/07:05,23/07:16,9:12:00,BPN,PLW,009,28,1,1,NML,3,2025
2303.,B739,PKLSP,LNI,LNI311,LNI971,23/06:22,23/06:28,23/07:11,23/07:19,0:43:00,BDJ,BTH,012,28,1,1,NML,3,2025
2304.,A320,PKLUW,BTK,BTK6588,BTK6135,22/21:29,22/21:35,23/06:53,23/07:04,9:18:00,CGK,PKN,010,28,1,1,NML,3,2025
2305.,A320,PKSJR,SJV,SJV717,SJV612,23/05:52,23/06:00,23/06:58,23/07:11,0:57:36,LOP,BPN,017,28,1,1,NML,3,2025
2306.,B738,PKGMV,GIA,GIA855,GIA854,22/20:51,22/20:55,23/06:58,23/07:14,10:03:00,SIN,SIN,A02,28,1,1,NML,3,2025
2307.,B738,PKGNG,GIA,GIA349,GIA305,22/17:54,22/18:03,23/06:54,23/07:03,12:51:47,CGK,CGK,005,28,1,1,NML,3,2025
2308.,B739,PKLSK,LNI,LNI363,LNI646,23/06:25,23/06:32,23/07:20,23/07:28,0:47:04,BPN,LOP,015,28,1,1,NML,3,2025
2309.,A320,PKLUQ,BTK,BTK7521,BTK7510,22/19:58,22/20:03,23/07:25,23/07:36,11:21:27,HLP,HLP,020,28,0,0,NML,3,2025
2310.,A320,PKAZG,AWQ,AWQ325,AWQ392,22/18:58,22/19:01,23/07:31,23/07:41,12:30:00,KUL,JHB,A01,28,1,1,NML,3,2025
2311.,B739,PKLFY,LNI,LNI693,LNI982,23/06:50,23/06:56,23/07:54,23/08:03,0:57:42,KOE,PKU,014,28,1,1,NML,3,2025
2312.,A320,PKGQQ,CTV,CTV661,CTV460,23/06:46,23/06:53,23/07:34,23/07:43,0:41:00,DPS,AAP,004,28,1,1,NML,3,2025
2313.,B738,PKLOH,LNI,LNI749,LNI693,22/20:32,22/20:37,23/07:49,23/08:00,11:12:00,MDC,CGK,016,28,1,1,NML,3,2025
2314.,A320,PKGQE,CTV,CTV170,CTV175,23/07:12,23/07:19,23/07:58,23/08:06,0:39:00,HLP,HLP,007,28,1,1,NML,3,2025
2315.,A333,BLBG,CPA,CPA779,CPA780,22/18:14,22/18:18,23/08:00,23/08:13,13:42:00,HKG,HKG,A08,28,1,1,NML,3,2025
2316.,B739,PKLGS,LNI,LNI929,LNI990,23/06:54,23/07:00,23/09:32,23/09:42,2:31:45,DPS,DPS,021,28,0,0,NML,3,2025
2317.,A320,PKLAM,BTK,BTK6572,BTK6573,23/07:38,23/07:45,23/08:33,23/08:41,0:48:12,CGK,CGK,009,28,1,1,NML,3,2025
2318.,A320,PKGLX,CTV,CTV355,CTV177,23/07:34,23/07:47,23/08:25,23/08:34,0:37:52,UPG,HLP,006,28,1,1,NML,3,2025
2319.,B738,PKLBS,MXD,MXD352,MXD353,22/19:53,22/19:57,23/08:46,23/08:56,12:49:00,KUL,KUL,A04,28,1,1,NML,3,2025
2320.,B738,PKLKP,LNI,LNI837,LNI748,23/07:58,23/08:04,23/09:10,23/09:18,1:05:25,PNK,MDC,012,28,1,1,NML,3,2025
2321.,A320,PKSJT,SJV,SJV649,SJV618,23/07:46,23/07:52,23/08:58,23/09:06,1:06:29,BPN,BPN,015,28,1,1,NML,3,2025
2322.,B739,PKLSO,LNI,LNI267,LNI856,23/07:09,23/07:14,23/08:54,23/09:04,1:39:59,TRK,PLM,017,28,1,1,NML,3,2025
2323.,A320,PKLUO,BTK,BTK6413,BTK6581,22/20:35,22/20:40,23/08:59,23/09:08,12:19:47,DPS,CGK,022,28,0,0,NML,3,2025
2324.,B739,PKLGY,LNI,LNI683,LNI682,23/07:52,23/07:57,23/08:55,23/09:02,0:57:50,PKY,PKY,008,28,1,1,NML,3,2025
2325.,B739,PKLGO,LNI,LNI315,LNI222,23/08:46,23/08:51,23/09:38,23/09:53,0:46:45,BDJ,BDJ,014,28,1,1,NML,3,2025
2326.,B738,PKGMD,GIA,GIA304,GIA342,23/08:35,23/08:42,23/09:33,23/09:46,0:50:49,CGK,DPS,004,28,1,1,NML,3,2025
2327.,A320,PKGQI,CTV,CTV485,CTV486,23/08:42,23/08:49,23/09:24,23/09:33,0:35:01,BDJ,BDJ,007,28,1,1,NML,3,2025
2328.,A320,PKSAF,SJV,SJV611,SJV642,23/08:31,23/08:38,23/09:26,23/09:35,0:47:39,BPN,AAP,010,28,1,1,NML,3,2025
2329.,A320,PKSAE,SJV,SJV617,SJV706,22/19:24,23/04:08,23/09:32,23/09:50,14:02:31,BPN,DPS,018,28,0,1,NML,3,2025
2330.,A320,9VTRP,TGW,TGW264,TGW265,23/08:51,23/08:55,23/09:43,23/09:55,0:48:04,SIN,SIN,A02,28,1,1,NML,3,2025
2331.,B738,9MMSG,MAS,MAS871,MAS870,23/09:31,23/09:35,23/10:14,23/10:25,0:39:10,KUL,KUL,A07,28,1,1,NML,3,2025
2332.,B738,9MLDG,MXD,MXD350,MXD351,23/08:58,23/09:01,23/09:49,23/10:01,0:47:02,KUL,KUL,A03,28,1,1,NML,3,2025
2333.,B735,PKNAS,LKN,LKN243,LKN242,23/09:20,23/09:25,23/10:09,23/10:17,0:43:28,SMQ,SMQ,012,28,1,1,NML,3,2025
2334.,A359,9VSHP,SIA,SIA922,SIA923,23/09:10,23/09:14,23/10:26,23/10:34,1:11:01,SIN,SIN,A08,28,1,1,NML,3,2025
2335.,A320,PKGLV,CTV,CTV351,CTV350,23/09:27,23/09:35,23/10:17,23/10:26,0:42:00,UPG,UPG,008,28,1,1,NML,3,2025
2336.,A320,PKSTI,SJV,SJV635,SJV632,23/09:16,23/09:21,23/10:17,23/10:28,0:56:01,BDJ,BDJ,015,28,1,1,NML,3,2025
2337.,A320,PKGQM,CTV,CTV417,CTV715,23/12:43,23/12:49,23/13:25,23/13:51,0:35:28,PNK,CGK,008,28,1,1,NML,3,2025
2338.,B739,PKLKM,LNI,LNI367,LNI262,23/09:24,23/09:29,23/10:30,23/10:41,1:00:51,BPN,BPN,017,28,1,1,NML,3,2025
2339.,B739,PKLGJ,LNI,LNI791,LNI706,23/09:48,23/09:48,23/10:41,23/10:52,0:52:54,UPG,UPG,020,28,0,0,NML,3,2025
2340.,A320,PKPWA,PAS,PAS210,PAS211,23/09:51,23/09:57,23/10:50,23/10:58,0:52:24,CGK,CGK,005,28,1,1,NML,3,2025
2341.,B739,PKLHH,LNI,LNI970,LNI973,23/09:48,23/09:55,23/10:41,23/10:53,0:45:41,BTH,BTH,016,28,1,1,NML,3,2025
2342.,A320,PKLUK,BTK,BTK7513,BTK7516,23/10:11,23/10:17,23/10:53,23/11:00,0:35:04,HLP,HLP,009,28,1,1,NML,3,2025
2343.,A320,PKLUW,BTK,BTK6134,BTK6346,23/09:40,23/09:46,23/10:45,23/10:55,0:59:24,PKN,BEJ,010,28,1,1,NML,3,2025
2344.,B739,PKLSK,LNI,LNI645,LNI822,23/09:57,23/10:03,23/10:52,23/11:02,0:49:03,LOP,LOP,014,28,1,1,NML,3,2025
2345.,A320,PKAZU,AWQ,AWQ321,AWQ322,23/10:41,23/10:45,23/11:13,23/11:23,0:28:49,KUL,KUL,A01,28,1,1,NML,3,2025
2346.,B739,PKLSY,LNI,LNI697,LNI697,23/10:23,23/10:29,23/11:20,23/11:29,0:51:57,KOE,CGK,015,28,1,1,NML,3,2025
2347.,B738,PKGNF,GIA,GIA322,GIA327,23/10:15,23/10:23,23/11:28,23/11:41,1:05:00,CGK,CGK,004,28,1,1,NML,3,2025
2348.,A320,PKLUP,BTK,BTK7517,BTK7520,23/10:38,23/10:43,23/11:27,23/11:36,0:44:20,HLP,HLP,008,28,1,1,NML,3,2025
2349.,A320,PKBLD,BTK,BTK6582,BTK6585,23/11:47,23/11:53,23/12:40,23/12:48,0:46:30,CGK,CGK,009,28,1,1,NML,3,2025
2350.,A320,PKGQQ,CTV,CTV461,CTV698,23/11:14,23/11:23,23/11:59,23/12:07,0:35:51,AAP,DPS,006,28,1,1,NML,3,2025
2351.,A320,PKSGD,SJV,SJV567,SJV636,23/11:43,23/11:49,23/12:32,23/12:41,0:43:19,PLW,BDJ,012,28,1,1,NML,3,2025
2352.,B735,PKNAT,LKN,LKN193,LKN192,23/11:38,23/11:44,23/12:24,23/12:35,0:39:40,PKN,PKN,010,28,1,1,NML,3,2025
2353.,A320,PKGQI,CTV,CTV487,CTV668,23/12:09,23/12:14,23/12:53,23/12:59,0:38:49,BDJ,DPS,007,28,1,1,NML,3,2025
2354.,B739,PKLGU,LNI,LNI223,LNI680,23/12:37,23/12:43,23/13:24,23/13:44,0:41:00,BDJ,PKY,010,28,1,1,NML,3,2025
2355.,A320,PKPWM,PAS,PAS204,PAS205,23/12:05,23/12:12,23/13:20,23/13:31,1:08:00,CGK,CGK,005,28,1,1,NML,3,2025
2356.,B738,PKLJQ,LNI,LNI692,LNI722,22/16:13,23/04:06,23/13:26,23/13:47,21:09:00,CGK,KDI,025,28,0,0,NML,3,2025
2357.,A320,PKAZG,AWQ,AWQ393,AWQ324,23/12:33,23/12:36,23/13:13,23/13:23,0:37:00,JHB,KUL,A02,28,1,1,NML,3,2025
2358.,B739,PKLJI,LNI,LNI787,LNI780,23/13:29,23/13:35,23/14:31,23/14:43,0:56:00,UPG,UPG,009,28,1,1,NML,3,2025
2359.,B739,PKLFY,LNI,LNI983,LNI686,23/13:36,23/13:42,23/14:45,23/15:05,1:03:00,PKU,PKY,014,28,1,1,NML,3,2025
2360.,A320,9VJSJ,JSA,JSA247,JSA248,23/13:45,23/13:48,23/14:40,23/15:03,0:52:00,SIN,SIN,A07,28,1,1,NML,3,2025
2361.,A320,PKSTI,SJV,SJV633,SJV726,23/13:42,23/13:45,23/14:39,23/14:53,0:54:00,BDJ,LBJ,015,28,1,1,NML,3,2025
2362.,B738,PKLJS,LNI,LNI839,LNI836,23/14:12,23/14:17,23/15:24,23/15:36,1:07:00,PNK,PNK,017,28,1,1,NML,3,2025
2363.,A320,PKGQO,CTV,CTV431,CTV948,23/13:49,23/13:54,23/15:11,23/15:26,1:16:43,BPN,BTH,006,28,1,1,NML,3,2025
2364.,B738MAX,PKOFM,AFE,AFE920,AFE920,23/14:06,23/14:12,23/14:54,23/15:23,0:42:00,TIM,CGK,008,28,1,1,NML,3,2025
2365.,A320,PKGQJ,CTV,CTV716,CTV717,23/13:56,23/14:02,23/14:41,23/14:57,0:39:00,CGK,CGK,007,28,1,1,NML,3,2025
2366.,B739,PKLSO,LNI,LNI857,LNI260,23/13:33,23/13:38,23/14:42,23/15:02,1:04:00,PLM,BPN,024,28,0,0,NML,3,2025
2367.,B739,PKLQR,LNI,LNI805,LNI804,23/14:28,23/14:34,23/15:19,23/15:29,0:45:00,DPS,DPS,012,28,1,1,NML,3,2025
2368.,A320,PKLUZ,BTK,BTK7515,BTK7514,23/14:02,23/14:08,23/14:49,23/15:13,0:41:00,HLP,HLP,010,28,1,1,NML,3,2025
2369.,B738,PKGMC,GIA,GIA312,GIA317,23/13:38,23/13:46,23/14:46,23/15:07,0:59:59,CGK,CGK,004,28,1,1,NML,3,2025
2370.,A320,PKPWE,PAS,PAS208,PAS209,23/14:09,23/14:15,23/15:03,23/15:19,0:48:00,CGK,CGK,005,28,1,1,NML,3,2025
2371.,A320,PKLAZ,BTK,BTK6406,BTK6220,23/14:51,23/14:58,23/15:52,23/16:00,0:54:00,CGK,BPN,015,28,1,1,NML,3,2025
2372.,B739,PKLGJ,LNI,LNI707,LNI800,23/14:24,23/14:30,23/15:19,23/15:32,0:49:00,UPG,UPG,016,28,1,1,NML,3,2025
2373.,B738,PKLSF,LNI,LNI869,LNI581,23/12:29,23/12:34,23/15:33,23/15:40,2:59:00,TTE,CGK,018,28,0,0,NML,3,2025
2374.,B738,PKGFQ,GIA,GIA330,GIA331,23/14:55,23/15:01,23/15:55,23/16:09,0:54:00,HLP,HLP,004,28,1,1,NML,3,2025
2375.,A320,PKGQQ,CTV,CTV699,CTV434,23/15:10,23/15:17,23/15:56,23/16:03,0:39:00,DPS,BPN,007,28,1,1,NML,3,2025
2376.,A320,PKLUQ,BTK,BTK7501,BTK7512,23/14:59,23/15:05,23/15:38,23/15:48,0:32:27,HLP,HLP,009,28,1,1,NML,3,2025
2377.,A320,PKSAF,SJV,SJV641,SJV672,23/13:26,23/13:32,23/15:42,23/15:52,2:10:00,AAP,BEJ,020,28,0,0,NML,3,2025
2378.,B738,9MMLO,MAS,MAS873,MAS872,23/15:38,23/15:41,23/16:27,23/16:41,0:45:45,KUL,KUL,A07,28,1,1,NML,3,2025
2379.,A320,PKLUW,BTK,BTK6347,BTK6401,23/15:17,23/15:23,23/16:22,23/16:35,0:59:00,BEJ,CGK,010,28,1,1,NML,3,2025
2380.,B739,PKLGU,LNI,LNI681,LNI316,23/16:29,23/16:36,23/17:18,23/17:28,0:42:41,PKY,BDJ,015,28,1,1,NML,3,2025
2381.,A320,PKGQE,CTV,CTV174,CTV418,23/15:30,23/15:38,23/16:14,23/16:28,0:36:00,HLP,PNK,008,28,1,1,NML,3,2025
2382.,A320,PKSAY,SJV,SJV643,SJV614,23/15:21,23/15:28,23/16:18,23/16:31,0:50:00,AAP,BPN,014,28,1,1,NML,3,2025
2383.,B738,PKGNF,GIA,GIA310,GIA315,23/15:27,23/15:34,23/16:28,23/16:39,0:54:00,CGK,CGK,005,28,1,1,NML,3,2025
2384.,A320,PKSGD,SJV,SJV637,SJV648,23/15:34,23/15:41,23/16:24,23/16:37,0:42:43,BDJ,BPN,012,28,1,1,NML,3,2025
2385.,B739,PKLSK,LNI,LNI823,LNI268,23/13:52,23/13:58,23/16:38,23/16:50,2:40:00,LOP,TRK,022,28,0,0,NML,3,2025
2386.,B739,PKLFF,LNI,LNI261,LNI692,23/16:26,23/16:33,23/17:43,23/17:56,1:10:00,BPN,KOE,017,28,1,1,NML,3,2025
2387.,A320,PKPWJ,PAS,PAS206,PAS623,23/16:01,23/16:08,23/16:49,23/17:00,0:41:00,CGK,BPN,006,28,1,1,NML,3,2025
2388.,B738,PKLOJ,LNI,LNI709,LNI884,23/16:33,23/16:39,23/17:40,23/17:46,1:01:00,UPG,UPG,014,28,1,1,NML,3,2025
2389.,B739,PKLSU,LNI,LNI694,LNI226,23/10:50,23/10:55,23/17:39,23/17:51,6:43:14,CGK,BDJ,021,28,0,0,NML,3,2025
2390.,A320,PKGQP,CTV,CTV669,CTV488,23/16:57,23/17:07,23/17:49,23/17:58,0:42:00,DPS,BDJ,007,28,1,1,NML,3,2025
2391.,A320,PKAZU,AWQ,AWQ323,AWQ326,23/17:26,23/17:29,23/17:54,23/18:05,0:24:21,KUL,KUL,A01,28,1,1,NML,3,2025
2392.,B737-300,PKYGV,TMG,TMG201,TMG202,23/17:35,23/17:40,23/19:47,23/19:57,2:07:00,PKY,BDJ,C03,28,0,0,NML,3,2025
2393.,B738,PKLQZ,LNI,LNI879,LNI838,23/15:14,23/15:18,23/17:35,23/17:44,2:17:16,AMQ,PNK,023,28,0,0,NML,3,2025
2394.,B739,PKLQR,LNI,LNI919,LNI3318,23/18:37,23/18:42,23/19:26,23/19:35,0:44:00,DPS,BDJ,017,28,1,1,NML,3,2025
2395.,B739,PKLSV,LNI,LNI692,LNI920,23/16:07,23/16:13,23/19:32,23/19:46,3:19:00,CGK,DPS,016,28,1,1,NML,3,2025
2396.,A320,PKSAE,SJV,SJV723,SJV708,23/17:19,23/17:25,23/18:08,23/18:16,0:43:00,DPS,DPS,009,28,1,1,NML,3,2025
2397.,A320,PKPWA,PAS,PAS622,PAS207,23/17:23,23/17:30,23/18:19,23/18:30,0:49:00,BPN,CGK,006,28,1,1,NML,3,2025
2398.,A320,PKSTI,SJV,SJV725,SJV716,23/18:00,23/18:07,23/18:56,23/19:04,0:49:00,LBJ,LOP,012,28,1,1,NML,3,2025
2399.,B738,PKCRI,SJY,SJY567,SJY562,23/17:53,23/17:58,23/18:45,23/18:56,0:47:23,UPG,UPG,010,28,1,1,NML,3,2025
2400.,B738MAX,9VMBJ,SIA,SIA928,SIA929,23/18:12,23/18:16,23/19:04,23/19:20,0:48:00,SIN,SIN,A03,28,1,1,NML,3,2025
2401.,B738,PKGUA,GIA,GIA320,GIA325,23/17:31,23/17:39,23/19:04,23/19:10,1:24:54,CGK,CGK,004,28,1,1,NML,3,2025
2402.,B738,PKBLD,BTK,BTK6576,BTK6575,23/18:28,23/18:35,23/19:23,23/19:34,0:48:00,CGK,CGK,015,28,1,1,NML,3,2025
2403.,A320,PKGQA,CTV,CTV949,CTV494,23/18:42,23/18:53,23/19:23,23/19:31,0:30:00,BTH,BDJ,006,28,1,1,NML,3,2025
2404.,A320,PKGQM,CTV,CTV736,CTV352,23/18:40,23/18:48,23/19:27,23/19:40,0:38:39,CGK,UPG,007,28,1,1,NML,3,2025
2405.,B788,9VOFA,TGW,TGW262,TGW263,23/18:56,23/19:00,23/20:08,23/20:22,1:08:00,SIN,SIN,A07,28,1,1,NML,3,2025
2406.,A320,PKLUQ,BTK,BTK7519,BTK7518,23/18:52,23/18:59,23/19:46,23/19:53,0:47:00,HLP,HLP,008,28,1,1,NML,3,2025
2407.,B739,PKLFY,LNI,LNI687,LNI880,23/18:07,23/18:12,23/19:58,23/20:06,1:46:00,PKY,UPG,014,28,1,1,NML,3,2025
2408.,A320,PKSJR,SJV,SJV619,SJV616,23/15:58,23/16:03,23/20:08,23/20:17,4:05:00,BPN,BPN,018,28,0,0,NML,3,2025
2409.,A320,PKGQQ,CTV,CTV435,CTV719,23/19:28,23/19:35,23/20:07,23/20:34,0:32:00,BPN,CGK,009,28,1,1,NML,3,2025
2410.,A320,PKGQL,CTV,CTV722,CTV354,23/19:46,23/19:52,23/20:24,23/20:41,0:32:00,CGK,UPG,006,28,1,1,NML,3,2025
2411.,A320,PKGQG,CTV,CTV489,CTV662,23/19:38,23/19:45,23/20:17,23/20:36,0:32:00,BDJ,DPS,007,28,1,1,NML,3,2025
2412.,A320,PKGQP,CTV,CTV495,CTV721,23/20:46,23/20:55,23/21:25,23/21:35,0:30:00,BDJ,CGK,007,28,1,1,NML,3,2025
2413.,B738,PKGFH,GIA,GIA324,GIA329,23/20:01,23/20:09,23/21:03,23/21:12,0:54:00,CGK,CGK,004,28,1,1,NML,3,2025
2414.,A320,PKBKQ,BTK,BTK6137,BTK6136,23/20:27,23/20:34,23/21:53,23/22:03,1:19:00,UPG,UPG,010,28,1,1,NML,3,2025
2415.,B738,PKLKP,LNI,LNI749,LNI878,23/15:24,23/15:29,24/05:02,24/05:16,13:33:00,MDC,AMQ,026,28,0,0,NML,3,2025
2416.,A320,PKSAE,SJV,SJV703,SJV610,23/20:49,23/20:55,24/04:56,24/05:06,8:01:00,DPS,BPN,014,28,1,1,NML,3,2025
2417.,A320,PKGQK,CTV,CTV726,CTV430,23/20:14,23/20:20,24/04:59,24/05:11,8:39:00,CGK,BPN,008,28,1,1,NML,3,2025
2418.,B733F,PKMYV,MYU,MYU935,MYU815,23/14:15,23/14:18,24/05:07,24/05:18,14:49:00,SRG,CGK,C02,28,0,0,NML,3,2025
2419.,A320,PKLAZ,BTK,BTK6221,BTK7508,23/19:23,23/19:30,24/04:59,24/05:12,9:29:00,BPN,HLP,020,28,0,0,NML,3,2025
2420.,A320,PKAZG,AWQ,AWQ325,AWQ320,23/19:32,23/19:36,24/05:00,24/05:15,9:24:00,KUL,KUL,A01,28,1,1,NML,3,2025
2421.,B739,PKLGJ,LNI,LNI885,LNI786,23/19:00,23/19:05,24/05:07,24/05:20,10:02:00,UPG,UPG,023,28,0,0,NML,3,2025
2422.,A320,PKLUW,BTK,BTK6588,BTK6132,23/22:25,23/22:32,24/05:13,24/05:22,6:41:00,CGK,LOP,009,28,1,1,NML,3,2025
2423.,B739,PKLVF,LNI,LNI690,LNI690,24/05:04,24/05:09,24/05:52,24/06:12,0:43:00,CGK,KOE,010,28,1,1,NML,3,2025
2424.,A320,PKGQT,CTV,CTV720,CTV725,23/21:56,23/22:03,24/05:43,24/05:52,7:40:00,CGK,CGK,007,28,1,1,NML,3,2025
2425.,A320,V8RBB,RBA,RBA795,RBA796,23/20:52,23/20:56,24/05:45,24/05:56,8:49:00,BWN,BWN,A07,28,1,1,NML,3,2025
2426.,A320,PKLUP,BTK,BTK7521,BTK6589,23/19:56,23/20:01,24/05:56,24/06:15,9:55:00,HLP,CGK,012,28,1,1,NML,3,2025
2427.,B739,PKLSP,LNI,LNI972,LNI266,23/16:43,24/03:36,24/05:54,24/06:13,13:06:00,BTH,BPN,025,28,0,0,NML,3,2025
2428.,A320,PKPWD,PAS,PAS212,PAS213,23/20:38,23/20:46,24/05:52,24/06:10,9:06:00,CGK,CGK,006,28,1,1,NML,3,2025
2429.,A320,PKGLS,CTV,CTV353,CTV484,24/05:09,24/05:16,24/05:52,24/05:59,0:36:00,UPG,BDJ,004,28,1,1,NML,3,2025
2430.,A320,PKSGD,SJV,SJV613,SJV640,23/20:20,23/20:25,24/06:09,24/06:20,9:44:00,BPN,AAP,021,28,0,0,NML,3,2025
2431.,B738,PKLJQ,LNI,LNI727,LNI868,23/17:49,23/17:53,24/06:06,24/06:24,12:13:00,KDI,TTE,024,28,0,0,NML,3,2025
2432.,B739,PKLQR,LNI,LNI3319,LNI882,23/22:06,24/03:39,24/06:06,24/06:26,7:54:00,BDJ,UPG,C04,28,0,1,NML,3,2025
2433.,A320,PKBKY,BTK,BTK6413,BTK6412,23/20:30,23/20:35,24/06:18,24/06:28,9:43:00,DPS,DPS,016,28,1,1,NML,3,2025
2434.,A320,PKSJT,SJV,SJV615,SJV634,23/20:42,23/20:48,24/06:20,24/06:32,9:32:00,BPN,BDJ,018,28,0,0,NML,3,2025
2435.,A320,PKSTI,SJV,SJV717,SJV566,24/06:18,24/06:24,24/07:12,24/07:21,0:48:00,LOP,PLW,014,28,1,1,NML,3,2025
2436.,A320,PKLUY,BTK,BTK6586,BTK6135,23/20:32,23/20:37,24/06:54,24/07:03,10:17:00,CGK,PKN,015,28,1,1,NML,3,2025
2437.,A320,PKSAY,SJV,SJV617,SJV612,23/19:59,23/20:04,24/07:11,24/07:20,11:07:00,BPN,BPN,017,28,1,1,NML,3,2025
2438.,B739,PKLSO,LNI,LNI311,LNI971,24/06:23,24/06:28,24/07:13,24/07:23,0:45:00,BDJ,BTH,010,28,1,1,NML,3,2025
2439.,B738,PKGMD,GIA,GIA349,GIA305,23/18:03,23/18:09,24/06:55,24/07:10,12:46:00,DPS,CGK,005,28,1,1,NML,3,2025
2440.,B738,PKGNC,GIA,GIA855,GIA854,23/21:32,23/21:36,24/06:52,24/07:08,9:16:00,SIN,SIN,A02,28,1,1,NML,3,2025
2441.,B739,PKLFY,LNI,LNI801,LNI982,24/06:50,24/06:55,24/07:52,24/08:06,0:57:00,UPG,PKU,012,28,1,1,NML,3,2025
2442.,B739,PKLKM,LNI,LNI363,LNI646,24/06:30,24/06:35,24/07:26,24/07:35,0:51:00,BPN,LOP,016,28,1,1,NML,3,2025
2443.,A320,PKLUK,BTK,BTK7511,BTK7510,24/06:37,24/06:42,24/07:49,24/08:02,1:07:00,HLP,HLP,009,28,1,1,NML,3,2025
2444.,A320,PKAZU,AWQ,AWQ327,AWQ392,23/23:33,23/23:37,24/07:37,24/07:49,8:00:00,KUL,JHB,C01,28,0,0,NML,3,2025
2445.,B739,PKLHM,LNI,LNI929,LNI748,24/07:01,24/07:06,24/08:53,24/09:03,1:47:00,DPS,MDC,015,28,1,1,NML,3,2025
2446.,A320,PKGQG,CTV,CTV661,CTV460,24/06:57,24/07:04,24/07:40,24/07:53,0:36:00,DPS,AAP,008,28,1,1,NML,3,2025
2447.,B739,PKLFF,LNI,LNI693,LNI693,24/06:54,24/06:58,24/07:47,24/07:56,0:49:00,KOE,CGK,020,28,0,0,NML,3,2025
"2448.,C208,PKVVO,SUS,PKVVO,PKVVO,22/15:55,22/15:59,24/08:02,24/08:12,""1 day, 16:03:00"",DPS,BXW,C07,28,0,0,NML,3,2025"
2449.,A320,PKGLX,CTV,CTV170,CTV175,24/07:11,24/07:17,24/07:55,24/08:10,0:38:00,HLP,HLP,006,28,1,1,NML,3,2025
2450.,A333,BHLV,CPA,CPA779,CPA780,23/18:32,23/18:37,24/08:10,24/08:24,13:33:00,HKG,HKG,A08,28,1,1,NML,3,2025
2451.,B739,PKLSK,LNI,LNI267,LNI990,24/07:05,24/07:10,24/08:18,24/08:26,1:08:00,TRK,DPS,018,28,0,0,NML,3,2025
2452.,A320,PKBLD,BTK,BTK6572,BTK6573,24/07:32,24/07:37,24/08:21,24/08:32,0:44:00,CGK,CGK,010,28,1,1,NML,3,2025
2453.,A320,PKGQL,CTV,CTV355,CTV177,24/07:42,24/07:49,24/08:33,24/08:44,0:44:00,UPG,HLP,007,28,1,1,NML,3,2025
2454.,B738,PKLZZ,MXD,MXD352,MXD353,23/20:08,23/20:12,24/08:59,24/09:20,12:47:37,KUL,KUL,A04,28,1,1,NML,3,2025
2455.,BK17,PKFGG,SAG,PKFGG,PKFGG,24/08:18,24/08:20,24/09:00,24/09:06,0:40:00,DHX,DHX,A01,28,0,0,NML,3,2025
2456.,A320,PKLUW,BTK,BTK6133,BTK6581,24/07:47,24/07:54,24/08:46,24/08:56,0:52:00,LOP,CGK,008,28,1,1,NML,3,2025
2457.,A320,PKSAF,SJV,SJV673,SJV618,23/20:24,23/20:31,24/08:58,24/09:09,12:27:00,BEJ,BPN,022,28,0,0,NML,3,2025
2458.,B739,PKLQS,LNI,LNI315,LNI222,24/07:59,24/08:05,24/08:58,24/09:11,0:53:00,BDJ,BDJ,012,28,1,1,NML,3,2025
2459.,B739,PKLGY,LNI,LNI683,LNI682,24/08:08,24/08:13,24/09:02,24/09:24,0:49:47,PKY,PKY,014,28,1,1,NML,3,2025
2460.,A320,PKPWK,PAS,PAS200,PAS201,24/08:33,24/08:38,24/09:18,24/09:31,0:40:37,CGK,CGK,005,28,1,1,NML,3,2025
2461.,B738,PKGNM,GIA,GIA304,GIA342,24/08:16,24/08:26,24/09:28,24/09:38,1:02:17,CGK,DPS,004,28,1,1,NML,3,2025
2462.,A320,PKGLS,CTV,CTV485,CTV486,24/08:29,24/08:35,24/09:12,24/09:29,0:37:51,BDJ,BDJ,006,28,1,1,NML,3,2025
2463.,A320,PKGTG,CTV,CTV417,CTV715,24/11:52,24/11:58,24/12:34,24/12:47,0:36:00,PNK,CGK,007,28,1,1,NML,3,2025
2464.,A320,PKSAE,SJV,SJV611,SJV642,24/08:37,24/08:43,24/09:29,24/09:42,0:46:56,BPN,AAP,010,28,1,1,NML,3,2025
2465.,A320,PKSAQ,SJV,SJV649,SJV706,24/07:50,24/07:56,24/09:46,24/09:56,1:50:00,BPN,DPS,017,28,1,1,NML,3,2025
2466.,A20N,9VTNF,TGW,TGW264,TGW265,24/08:54,24/08:58,24/09:51,24/10:08,0:53:00,SIN,SIN,A02,28,1,1,NML,3,2025
2467.,B738,9MMXM,MAS,MAS871,MAS870,24/09:26,24/09:30,24/10:13,24/10:34,0:43:00,KUL,KUL,A07,28,1,1,NML,3,2025
2468.,B735,PKNAS,LKN,LKN243,LKN242,24/09:17,24/09:22,24/10:00,24/10:17,0:38:00,SMQ,SMQ,012,28,1,1,NML,3,2025
2469.,B738MAX,9MLRF,MXD,MXD350,MXD351,24/09:07,24/09:11,24/10:06,24/10:28,0:55:00,KUL,KUL,A04,28,1,1,NML,3,2025
2470.,A359,9VSHH,SIA,SIA922,SIA923,24/09:22,24/09:25,24/10:28,24/10:41,1:03:00,SIN,SIN,A08,28,1,1,NML,3,2025
2471.,A320,PKGQI,CTV,CTV351,CTV350,24/09:39,24/09:45,24/10:29,24/10:37,0:44:00,UPG,UPG,007,28,1,1,NML,3,2025
2472.,A320,PKSTI,SJV,SJV567,SJV632,24/11:37,24/11:42,24/12:37,24/12:48,0:55:09,PLW,BDJ,014,28,1,1,NML,3,2025
2473.,B739,PKLQR,LNI,LNI791,LNI706,24/09:59,24/10:06,24/11:00,24/11:09,0:54:00,UPG,UPG,009,28,1,1,NML,3,2025
2474.,B739,PKLSP,LNI,LNI367,LNI262,24/09:45,24/09:51,24/10:40,24/10:50,0:49:00,BPN,BPN,015,28,1,1,NML,3,2025
2475.,B739,PKLHH,LNI,LNI970,LNI973,24/09:54,24/09:59,24/10:58,24/11:08,0:59:00,BTH,BTH,016,28,1,1,NML,3,2025
2476.,A320,PKLUY,BTK,BTK6134,BTK6346,24/09:51,24/09:56,24/10:56,24/11:06,0:59:45,PKN,BEJ,010,28,1,1,NML,3,2025
2477.,A320,PKLAT,BTK,BTK7513,BTK7516,24/10:35,24/10:40,24/11:20,24/11:27,0:40:00,HLP,HLP,012,28,1,1,NML,3,2025
2478.,B739,PKLGP,LNI,LNI694,LNI822,24/10:26,24/10:31,24/11:33,24/11:42,1:02:00,CGK,LOP,020,28,0,0,NML,3,2025
2479.,B739,PKLKM,LNI,LNI645,LNI694,24/10:11,24/10:16,24/11:21,24/11:29,1:05:00,LOP,KOE,017,28,1,1,NML,3,2025
2480.,A320,PKAZG,AWQ,AWQ321,AWQ322,24/10:47,24/10:50,24/11:24,24/11:33,0:34:00,KUL,KUL,A01,28,1,1,NML,3,2025
2481.,B739,PKLVF,LNI,LNI697,LNI697,24/10:31,24/10:36,24/11:26,24/11:36,0:50:00,KOE,CGK,018,28,0,0,NML,3,2025
2482.,A320,PKLUK,BTK,BTK7517,BTK7520,24/11:04,24/11:10,24/11:56,24/12:03,0:46:00,HLP,HLP,009,28,1,1,NML,3,2025
2483.,B738,PKGMF,GIA,GIA322,GIA327,24/10:23,24/10:30,24/11:38,24/11:46,1:08:00,CGK,CGK,004,28,1,1,NML,3,2025
2484.,A320,PKGQG,CTV,CTV461,CTV698,24/11:12,24/11:19,24/12:03,24/12:18,0:44:00,AAP,DPS,006,28,1,1,NML,3,2025
"2485.,A339,PKLES,LNI,LNI103,LNI104,22/09:01,22/21:52,24/12:05,24/12:24,""2 days, 2:58:00"",JED,JED,A06,28,1,1,NML,3,2025"
2486.,B739,PKLSK,LNI,LNI805,LNI804,24/11:01,24/11:07,24/11:57,24/12:11,0:49:02,DPS,DPS,010,28,1,1,NML,3,2025
2487.,A320,PKSAE,SJV,SJV641,SJV636,24/13:48,24/13:53,24/14:45,24/14:53,0:52:00,AAP,BDJ,014,28,1,1,NML,3,2025
2488.,B735,PKNAT,LKN,LKN193,LKN192,24/12:01,24/12:06,24/12:42,24/12:51,0:36:54,PKN,PKN,012,28,1,1,NML,3,2025
2489.,B739,PKLQS,LNI,LNI223,LNI680,24/12:05,24/12:11,24/12:54,24/13:01,0:43:08,BDJ,PKY,018,28,0,0,NML,3,2025
2490.,A320,PKBLD,BTK,BTK6582,BTK6585,24/12:16,24/12:22,24/13:20,24/13:35,0:58:00,CGK,CGK,009,28,1,1,NML,3,2025
2491.,A320,PKGLS,CTV,CTV487,CTV668,24/12:13,24/12:20,24/13:16,24/13:27,0:56:00,BDJ,DPS,006,28,1,1,NML,3,2025
2492.,A320,PKBKO,BTK,BTK6596,BTK6595,24/12:45,24/12:50,24/13:37,24/13:46,0:47:00,CGK,CGK,010,28,1,1,NML,3,2025
2493.,B738,PKLJQ,LNI,LNI869,LNI722,24/12:21,24/12:26,24/13:21,24/13:37,0:55:00,TTE,KDI,015,28,1,1,NML,3,2025
2494.,A320,PKPWA,PAS,PAS204,PAS205,24/12:09,24/12:17,24/13:17,24/13:30,1:00:00,CGK,CGK,005,28,1,1,NML,3,2025
2495.,A320,PKAZU,AWQ,AWQ393,AWQ324,24/12:30,24/12:34,24/13:16,24/13:28,0:41:27,JHB,KUL,A01,28,1,1,NML,3,2025
2496.,B739,PKLGJ,LNI,LNI787,LNI780,24/13:33,24/13:38,24/14:25,24/14:33,0:47:00,UPG,UPG,012,28,1,1,NML,3,2025
2497.,B739,PKLFY,LNI,LNI983,LNI686,24/13:54,24/13:59,24/14:46,24/14:56,0:47:00,PKU,PKY,017,28,1,1,NML,3,2025
2498.,A320,PKGLY,CTV,CTV716,CTV717,24/12:57,24/13:03,24/13:49,24/14:00,0:45:52,CGK,CGK,007,28,1,1,NML,3,2025
2499.,B738,PKLJS,LNI,LNI839,LNI836,24/13:40,24/13:45,24/14:41,24/14:51,0:56:00,PNK,PNK,016,28,1,1,NML,3,2025
2500.,A320,PKSTI,SJV,SJV633,SJV726,24/15:43,24/15:49,24/16:47,24/16:57,0:58:00,BDJ,LBJ,009,28,1,1,NML,3,2025
2501.,B738,PKGMM,GIA,GIA312,GIA317,24/13:44,24/13:49,24/14:35,24/14:48,0:46:00,CGK,CGK,004,28,1,1,NML,3,2025
2502.,B739,PKLSI,LNI,LNI919,LNI856,24/15:47,24/15:53,24/17:03,24/17:16,1:10:00,DPS,PLM,024,28,0,0,NML,3,2025
2503.,A320,PKGQK,CTV,CTV431,CTV948,24/13:57,24/14:04,24/14:41,24/14:49,0:37:00,BPN,BTH,006,28,1,1,NML,3,2025
2504.,A320,PKLUH,BTK,BTK7515,BTK7514,24/13:51,24/13:57,24/15:13,24/15:25,1:16:00,HLP,HLP,008,28,1,1,NML,3,2025
2505.,B739,PKLSP,LNI,LNI261,LNI260,24/14:58,24/15:04,24/15:53,24/16:00,0:49:00,BPN,BPN,010,28,1,1,NML,3,2025
2506.,B739,PKLQR,LNI,LNI707,LNI800,24/14:55,24/15:01,24/15:54,24/15:59,0:53:00,UPG,UPG,016,28,1,1,NML,3,2025
2507.,A320,PKPWE,PAS,PAS208,PAS209,24/14:04,24/14:11,24/14:56,24/15:02,0:45:00,CGK,CGK,005,28,1,1,NML,3,2025
2508.,B739,PKLGP,LNI,LNI823,LNI642,24/14:24,24/14:32,24/15:20,24/15:30,0:48:00,LOP,LOP,015,28,1,1,NML,3,2025
2509.,A320,PKLUS,BTK,BTK6406,BTK6220,24/15:23,24/15:29,24/16:15,24/16:23,0:46:00,CGK,BPN,008,28,1,1,NML,3,2025
2510.,B738,PKLOJ,LNI,LNI883,LNI581,23/21:06,23/21:11,24/16:10,24/16:20,18:59:00,UPG,CGK,C03,28,0,0,NML,3,2025
2511.,B738,PKGFG,GIA,GIA330,GIA331,24/14:18,24/14:27,24/15:20,24/15:28,0:53:00,HLP,HLP,007,28,1,1,NML,3,2025
2512.,A320,PKGQG,CTV,CTV699,CTV434,24/14:40,24/14:46,24/15:26,24/15:45,0:40:00,DPS,BPN,009,28,1,1,NML,3,2025
2513.,B739,PKLHM,LNI,LNI749,LNI920,24/15:06,24/15:11,24/16:53,24/17:01,1:42:00,MDC,DPS,018,28,0,0,NML,3,2025
2514.,A320,9VJSI,JSA,JSA247,JSA248,24/14:45,24/14:48,24/15:39,24/15:56,0:51:00,SIN,SIN,A07,28,1,1,NML,3,2025
2515.,A320,PKLUV,BTK,BTK7501,BTK7512,24/15:36,24/15:41,24/16:34,24/16:44,0:53:00,HLP,HLP,014,28,1,1,NML,3,2025
2516.,A320,PKSGD,SJV,SJV643,SJV672,24/15:13,24/15:18,24/16:31,24/16:40,1:13:00,AAP,BEJ,012,28,1,1,NML,3,2025
2517.,A320,PKLUY,BTK,BTK6347,BTK6401,24/15:20,24/15:26,24/16:10,24/16:19,0:44:00,BEJ,CGK,017,28,1,1,NML,3,2025
2518.,A320,PKSAF,SJV,SJV619,SJV614,24/17:44,24/17:50,24/18:36,24/18:45,0:46:00,BPN,BPN,015,28,1,1,NML,3,2025
2519.,A320,PKGLX,CTV,CTV174,CTV418,24/15:33,24/15:39,24/16:19,24/16:28,0:40:00,HLP,PNK,006,28,1,1,NML,3,2025
2520.,B738,PKGFJ,GIA,GIA310,GIA315,24/15:38,24/15:45,24/16:36,24/16:43,0:51:00,CGK,CGK,004,28,1,1,NML,3,2025
2521.,A320,PKSAE,SJV,SJV637,SJV648,24/17:26,24/17:31,24/18:11,24/18:25,0:40:00,BDJ,BPN,010,28,1,1,NML,3,2025
2522.,B738MAX,9VMBL,SIA,SIA926,SIA927,24/15:50,24/15:54,24/16:43,24/16:59,0:49:00,SIN,SIN,A08,28,1,1,NML,3,2025
2523.,B739,PKLKM,LNI,LNI695,LNI268,24/15:54,24/16:01,24/17:03,24/17:13,1:02:00,KOE,TRK,010,28,1,1,NML,3,2025
2524.,B739,PKLHS,LNI,LNI972,LNI316,24/16:21,24/16:27,24/17:20,24/17:28,0:53:00,BTH,BDJ,016,28,1,1,NML,3,2025
2525.,B739,PKLJI,LNI,LNI692,LNI692,24/17:11,24/17:16,24/18:04,24/18:12,0:48:00,CGK,KOE,014,28,1,1,NML,3,2025
2526.,A320,PKPWG,PAS,PAS206,PAS623,24/16:08,24/16:15,24/16:46,24/16:55,0:31:00,CGK,BPN,005,28,1,1,NML,3,2025
2527.,B738,PKLOP,LNI,LNI709,LNI884,24/16:03,24/16:07,24/17:06,24/17:15,0:59:00,UPG,UPG,015,28,1,1,NML,3,2025
2528.,B739,PKLFY,LNI,LNI687,LNI226,24/17:50,24/17:57,24/18:49,24/19:05,0:52:00,PKY,BDJ,017,28,1,1,NML,3,2025
2529.,A320,PKAZG,AWQ,AWQ323,AWQ326,24/17:06,24/17:09,24/17:35,24/17:49,0:26:00,KUL,KUL,A01,28,1,1,NML,3,2025
2530.,A320,PKGQR,CTV,CTV669,CTV488,24/16:53,24/16:59,24/17:30,24/17:40,0:31:00,DPS,BDJ,006,28,1,1,NML,3,2025
2531.,B738,PKLKP,LNI,LNI879,LNI838,24/15:16,24/15:21,24/17:35,24/17:59,2:14:00,AMQ,PNK,020,28,0,0,NML,3,2025
2532.,A320,PKSJH,SJV,SJV723,SJV708,24/18:20,24/18:26,24/19:08,24/19:18,0:42:00,DPS,DPS,010,28,1,1,NML,3,2025
2533.,A320,PKPWD,PAS,PAS622,PAS207,24/17:30,24/17:36,24/18:22,24/18:30,0:46:00,BPN,CGK,005,28,1,1,NML,3,2025
2534.,A320,PKSTI,SJV,SJV725,SJV716,24/20:29,24/20:36,24/21:27,24/21:35,0:51:20,LBJ,LOP,012,28,1,1,NML,3,2025
2535.,B738MAX,9VMBP,SIA,SIA928,SIA929,24/18:23,24/18:26,24/19:11,24/19:29,0:45:00,SIN,SIN,A07,28,1,1,NML,3,2025
2536.,B735,PKCLE,SJY,SJY567,SJY562,24/17:56,24/18:03,24/18:38,24/18:48,0:35:00,UPG,UPG,012,28,1,1,NML,3,2025
2537.,A320,PKLAT,BTK,BTK7503,BTK7502,24/18:05,24/18:11,24/18:45,24/18:53,0:34:00,HLP,HLP,009,28,1,1,NML,3,2025
2538.,E135,VPCLL,TAB,VPCLL,VPCLL,24/18:30,24/18:34,24/18:50,24/19:00,0:16:00,BPN,HLP,C06,28,0,0,NML,3,2025
2539.,A320,PKGQP,CTV,CTV736,CTV352,24/18:27,24/18:34,24/19:15,24/19:27,0:41:00,CGK,UPG,007,28,1,1,NML,3,2025
2540.,B738,PKBGF,BTK,BTK6576,BTK6575,24/19:03,24/19:08,24/19:57,24/20:07,0:49:00,CGK,CGK,014,28,1,1,NML,3,2025
2541.,A320,PKGQT,CTV,CTV949,CTV494,24/18:51,24/18:57,24/19:30,24/19:36,0:33:00,BTH,BDJ,008,28,1,1,NML,3,2025
2542.,B739,PKLQS,LNI,LNI681,LNI3318,24/18:55,24/19:01,24/20:53,24/21:03,1:52:00,PKY,BDJ,015,28,1,1,NML,3,2025
2543.,B739,PKLGP,LNI,LNI865,LNI880,24/17:47,24/17:52,24/20:22,24/20:34,2:30:00,LOP,UPG,016,28,1,1,NML,3,2025
2544.,A320,PKPWE,PAS,PAS202,PAS203,24/19:10,24/19:18,24/19:45,24/19:55,0:27:00,CGK,CGK,006,28,1,1,NML,3,2025
2545.,A320,PKGQG,CTV,CTV435,CTV719,24/18:58,24/19:03,24/19:50,24/20:00,0:47:00,BPN,CGK,009,28,1,1,NML,3,2025
2546.,A320,PKSJH,SJV,SJV703,SJV616,24/21:56,24/22:01,24/22:43,24/22:57,0:42:00,DPS,BPN,012,28,1,1,NML,3,2025
2547.,B744,N702CA,NCR,NCR866,NCR536,24/16:37,24/16:42,24/19:35,24/19:50,2:53:00,KKJ,HKG,A12,28,0,0,NML,3,2025
2548.,B738,PKGUF,GIA,GIA326,GIA313,24/19:15,24/19:24,24/20:14,24/20:25,0:50:00,CGK,CGK,005,28,1,1,NML,3,2025
2549.,A320,PKGTA,CTV,CTV722,CTV354,24/19:47,24/19:53,24/20:30,24/20:43,0:37:00,CGK,UPG,007,28,1,1,NML,3,2025
2550.,A320,PKGTD,CTV,CTV489,CTV662,24/19:52,24/19:58,24/20:30,24/20:39,0:32:00,BDJ,DPS,008,28,1,1,NML,3,2025
2551.,B738,PKGNM,GIA,GIA349,GIA319,24/18:15,24/18:20,24/20:50,24/21:01,2:30:00,DPS,CGK,004,28,1,1,NML,3,2025
2552.,A320,PKGQR,CTV,CTV495,CTV721,24/20:09,24/20:16,24/20:55,24/21:09,0:39:00,BDJ,CGK,009,28,1,1,NML,3,2025
2553.,A320,PKLUR,BTK,BTK6137,BTK6136,24/20:05,24/20:11,24/22:25,24/22:35,2:14:00,UPG,UPG,010,28,1,1,NML,3,2025
2554.,A21N,B303X,CSN,CSN8137,CSN8138,24/21:30,24/21:33,24/22:52,24/23:06,1:19:00,CAN,CAN,A02,28,1,1,NML,3,2025
2555.,A320,PKGQN,CTV,CTV726,CTV430,24/20:55,24/21:02,25/04:50,25/05:00,7:47:59,CGK,BPN,004,28,1,1,NML,3,2025
2556.,A320,PKSAU,SJV,SJV617,SJV610,24/20:32,24/20:38,25/04:58,25/05:09,8:20:00,BPN,BPN,023,28,0,0,NML,3,2025
2557.,A320,PKBLA,BTK,BTK6413,BTK7508,24/21:00,24/21:05,25/05:00,25/05:11,7:55:00,DPS,HLP,014,28,1,1,NML,3,2025
2558.,B738,PKLQZ,LNI,LNI837,LNI878,24/08:04,24/08:10,25/04:53,25/05:05,20:43:00,PNK,AMQ,026,28,0,0,NML,3,2025
2559.,B739,PKLQR,LNI,LNI885,LNI786,24/19:42,24/19:48,25/05:05,25/05:15,9:17:00,UPG,UPG,020,28,0,0,NML,3,2025
2560.,A320,PKAZU,AWQ,AWQ325,AWQ320,24/19:07,24/19:10,25/05:00,25/05:13,9:50:00,KUL,KUL,A01,28,1,1,NML,3,2025
2561.,A320,PKGQU,CTV,CTV720,CTV725,24/22:02,24/22:12,25/05:40,25/05:50,7:28:00,CGK,CGK,007,28,1,1,NML,3,2025
2562.,B739,PKLHR,LNI,LNI690,LNI690,25/05:03,25/05:09,25/05:48,25/05:59,0:39:46,CGK,KOE,014,28,1,1,NML,3,2025
2563.,A320,V8RBG,RBA,RBA795,RBA796,24/20:13,24/20:16,25/05:58,25/06:14,9:42:00,BWN,BWN,A07,28,1,1,NML,3,2025
2564.,B739,PKLSI,LNI,LNI857,LNI882,24/21:40,25/03:38,25/05:58,25/06:13,8:12:00,PLM,UPG,009,28,1,0,NML,3,2025
2565.,B738,PKLJQ,LNI,LNI727,LNI868,24/18:01,24/18:05,25/05:55,25/06:09,11:50:00,KDI,TTE,024,28,0,0,NML,3,2025
2566.,A320,PKGTA,CTV,CTV353,CTV484,25/05:07,25/05:13,25/05:56,25/06:03,0:43:00,UPG,BDJ,004,28,1,1,NML,3,2025
2567.,B739,PKLSH,LNI,LNI3319,LNI266,24/21:43,24/21:51,25/06:00,25/06:11,8:08:43,BDJ,BPN,C06,28,0,0,NML,3,2025
2568.,A320,PKPWJ,PAS,PAS212,PAS213,24/20:37,24/20:44,25/05:47,25/05:56,9:03:00,CGK,CGK,005,28,1,1,NML,3,2025
2569.,A320,PKBKJ,BTK,BTK6588,BTK6589,24/21:24,24/21:30,25/05:55,25/06:08,8:25:00,CGK,CGK,015,28,1,1,NML,3,2025
2570.,A320,PKSAY,SJV,SJV613,SJV640,24/21:46,24/21:50,25/06:07,25/06:16,8:17:00,BPN,AAP,C04,28,0,0,NML,3,2025
2571.,A320,PKAZT,AWQ,AWQ327,AWQ386,24/23:27,24/23:29,25/06:11,25/06:22,6:42:00,KUL,PEN,A02,28,1,1,NML,3,2025
2572.,A320,PKLUJ,BTK,BTK7521,BTK6412,24/20:17,24/20:22,25/06:19,25/06:28,9:57:00,HLP,DPS,017,28,1,1,NML,3,2025
2573.,A320,PKSJT,SJV,SJV635,SJV634,24/09:13,24/11:33,25/06:21,25/06:30,21:03:00,BDJ,BDJ,025,28,0,1,NML,3,2025
2574.,B738MAX,PKOFI,AFE,AFE921,AFE921,25/05:45,25/05:50,25/06:26,25/06:36,0:36:00,CGK,TIM,005,28,1,1,NML,3,2025
2575.,A320,PKSGD,SJV,SJV673,SJV566,24/20:47,25/03:40,25/07:02,25/07:18,10:12:00,BEJ,PLW,016,28,1,0,NML,3,2025
2576.,B739,PKLHS,LNI,LNI311,LNI971,25/06:05,25/06:11,25/07:05,25/07:22,0:54:00,BDJ,BTH,014,28,1,1,NML,3,2025
2577.,C208,PKVVO,SUS,PKVVO,PKVVO,24/10:05,24/10:10,25/06:51,25/06:58,20:41:00,BXW,SWQ,C07,28,0,0,NML,3,2025
2578.,A320,PKSAF,SJV,SJV615,SJV612,25/00:45,25/00:51,25/07:01,25/07:17,6:10:00,BPN,BPN,012,28,1,1,NML,3,2025
2579.,A320,PKLUY,BTK,BTK6586,BTK6135,24/20:23,24/20:30,25/07:01,25/07:11,10:31:00,CGK,PKN,021,28,0,0,NML,3,2025
2580.,B738,PKGFW,GIA,GIA328,GIA305,24/19:57,24/20:06,25/06:56,25/07:05,10:50:00,CGK,CGK,006,28,1,1,NML,3,2025
2581.,B738,PKGNC,GIA,GIA855,GIA854,24/20:50,24/20:54,25/06:59,25/07:20,10:05:00,SIN,SIN,A06,28,1,1,NML,3,2025
2582.,B739,PKLHL,LNI,LNI363,LNI646,25/06:19,25/06:26,25/07:24,25/07:33,0:58:00,BPN,LOP,015,28,1,1,NML,3,2025
2583.,B739,PKLGP,LNI,LNI801,LNI856,25/06:33,25/06:38,25/07:28,25/07:35,0:50:00,UPG,PLM,017,28,1,1,NML,3,2025
2584.,E135,T7JCI,AFS,T7JCI,T7JCI,25/06:45,25/06:50,25/07:17,25/07:23,0:27:00,CGK,CGK,A09,28,0,0,NML,3,2025
2585.,A320,PKLAT,BTK,BTK7511,BTK7510,25/06:37,25/06:42,25/07:31,25/07:39,0:49:00,HLP,HLP,008,28,1,1,NML,3,2025
2586.,B739,PKLHM,LNI,LNI929,LNI982,25/07:02,25/07:08,25/08:15,25/08:24,1:07:00,DPS,PKU,009,28,1,1,NML,3,2025
2587.,A320,PKGTD,CTV,CTV661,CTV460,25/06:42,25/06:48,25/07:40,25/07:51,0:52:00,DPS,AAP,005,28,1,1,NML,3,2025
2588.,B738,PKLJI,LNI,LNI693,LNI693,25/06:50,25/06:56,25/07:45,25/07:56,0:49:00,KOE,CGK,023,28,0,0,NML,3,2025
"2589.,A20N,B8637,CSN,CSN8137,CSN8138,23/21:09,23/21:13,25/08:01,25/08:18,""1 day, 10:48:00"",CAN,CAN,A03,28,1,1,NML,3,2025"
2590.,A320,PKGLP,CTV,CTV170,CTV175,25/07:14,25/07:20,25/08:02,25/08:11,0:42:00,HLP,HLP,006,28,1,1,NML,3,2025
2591.,A333,BHLM,CPA,CPA779,CPA780,24/17:53,24/17:57,25/08:09,25/08:21,14:12:00,HKG,HKG,A08,28,1,1,NML,3,2025
2592.,B739,PKLKM,LNI,LNI267,LNI990,25/07:09,25/07:15,25/08:24,25/08:34,1:09:00,TRK,DPS,016,28,1,1,NML,3,2025
"2593.,DHC6,PKICP,PGT,PKICP,PKICP,22/10:42,22/10:46,25/07:40,25/07:45,""2 days, 20:53:57"",PAG,PAG,028,28,0,0,NML,3,2025"
2594.,A320,PKLAL,BTK,BTK6572,BTK6573,25/07:53,25/07:59,25/08:49,25/08:59,0:50:00,CGK,CGK,012,28,1,1,NML,3,2025
2595.,A320,PKGLX,CTV,CTV355,CTV177,25/07:49,25/07:55,25/08:31,25/08:38,0:36:00,UPG,HLP,007,28,1,1,NML,3,2025
2596.,B738,PKLZZ,MXD,MXD352,MXD353,24/19:24,24/19:29,25/08:39,25/08:49,13:10:00,KUL,KUL,A04,28,1,1,NML,3,2025
2597.,BK17,PKFGG,SAG,PKFGG,PKFGG,25/08:16,25/08:19,25/08:24,25/08:26,0:05:00,ZKD,ZKD,A01,28,0,0,NML,3,2025
2598.,B738,PKLKP,LNI,LNI837,LNI748,25/08:06,25/08:11,25/09:04,25/09:11,0:53:00,PNK,MDC,015,28,1,1,NML,3,2025
2599.,B739,PKLFY,LNI,LNI315,LNI222,25/08:03,25/08:08,25/08:58,25/09:08,0:50:00,BDJ,BDJ,014,28,1,1,NML,3,2025
2600.,A320,PKSTQ,SJV,SJV649,SJV618,25/08:25,25/08:30,25/09:07,25/09:17,0:37:00,BPN,BPN,009,28,1,1,NML,3,2025
2601.,A320,PKLUS,BTK,BTK6221,BTK6581,24/19:39,24/19:43,25/08:54,25/09:03,13:11:00,BPN,CGK,018,28,0,0,NML,3,2025
2602.,B739,PKLGR,LNI,LNI683,LNI682,25/07:58,25/08:04,25/09:01,25/09:13,0:57:00,PKY,PKY,017,28,1,1,NML,3,2025
2603.,B738,PKGNM,GIA,GIA304,GIA342,25/08:13,25/08:21,25/09:17,25/09:30,0:56:00,CGK,DPS,004,28,1,1,NML,3,2025
2604.,A320,PKPWK,PAS,PAS200,PAS201,25/08:31,25/08:39,25/09:15,25/09:28,0:36:00,CGK,CGK,005,28,1,1,NML,3,2025
2605.,A320,PKGTA,CTV,CTV485,CTV486,25/08:28,25/08:34,25/09:13,25/09:26,0:39:00,BDJ,BDJ,006,28,1,1,NML,3,2025
2606.,A320,PKSAU,SJV,SJV611,SJV642,25/08:36,25/08:42,25/09:31,25/09:42,0:49:00,BPN,AAP,008,28,1,1,NML,3,2025
2607.,A320,9VTRS,TGW,TGW264,TGW265,25/09:05,25/09:09,25/09:58,25/10:09,0:49:00,SIN,SIN,A02,28,1,1,NML,3,2025
2608.,A333,9MMTD,MAS,MAS871,MAS870,25/09:23,25/09:27,25/10:32,25/10:47,1:05:00,KUL,KUL,A08,28,1,1,NML,3,2025
2609.,B738MAX,9MLRK,MXD,MXD350,MXD351,25/09:09,25/09:13,25/10:00,25/10:15,0:47:00,KUL,KUL,A03,28,1,1,NML,3,2025
2610.,A320,PKSJV,SJV,SJV717,SJV706,25/06:00,25/06:06,25/10:05,25/10:14,3:59:00,LOP,DPS,020,28,0,0,NML,3,2025
2611.,A359,9VSHN,SIA,SIA922,SIA923,25/09:14,25/09:17,25/10:21,25/10:37,1:04:00,SIN,SIN,A07,28,1,1,NML,3,2025
2612.,A320,PKSJT,SJV,SJV635,SJV632,25/09:18,25/09:24,25/10:11,25/10:22,0:47:00,BDJ,BDJ,012,28,1,1,NML,3,2025
2613.,A320,PKGLR,CTV,CTV351,CTV350,25/09:33,25/09:39,25/10:18,25/10:27,0:39:00,UPG,UPG,007,28,1,1,NML,3,2025
2614.,A320,PKGQA,CTV,CTV417,CTV715,25/09:37,25/09:43,25/10:21,25/10:34,0:38:00,PNK,CGK,006,28,1,1,NML,3,2025
2615.,B739,PKLSH,LNI,LNI367,LNI262,25/09:48,25/09:53,25/10:32,25/10:41,0:39:00,BPN,BPN,014,28,1,1,NML,3,2025
2616.,B739,PKLSI,LNI,LNI791,LNI706,25/09:58,25/10:03,25/11:07,25/11:19,1:04:00,UPG,UPG,016,28,1,1,NML,3,2025
2617.,A320,PKPWJ,PAS,PAS210,PAS211,25/09:43,25/09:51,25/10:40,25/10:52,0:49:00,CGK,CGK,005,28,1,1,NML,3,2025
"2618.,A339,PKLET,LNI,LNI075,LNI973,18/15:32,18/23:56,25/10:59,25/11:09,""6 days, 19:22:00"",JED,BTH,011,28,1,1,NML,3,2025"
2619.,A320,PKLUY,BTK,BTK6134,BTK7516,25/09:51,25/09:57,25/11:21,25/11:32,1:24:00,PKN,HLP,009,28,1,1,NML,3,2025
2620.,A320,PKLAZ,BTK,BTK7513,BTK6346,25/10:25,25/10:31,25/11:11,25/11:22,0:40:00,HLP,BEJ,008,28,1,1,NML,3,2025
2621.,A320,9VJSY,JSA,JSA1251,JSA1252,25/09:40,25/09:42,25/10:47,25/10:58,1:05:00,SIN,SIN,A06,28,1,1,NML,3,2025
2622.,G150,VHPFW,PFA,MEDIC25,MEDIC25,25/11:05,25/11:08,25/11:52,25/11:59,0:44:00,XSP,XSP,030,28,0,0,NML,3,2025
2623.,B739,PKLHH,LNI,LNI970,LNI822,25/09:55,25/10:00,25/11:35,25/11:46,1:35:00,BTH,LOP,015,28,1,1,NML,3,2025
2624.,B739,PKLHI,LNI,LNI694,LNI694,25/10:35,25/10:40,25/11:25,25/11:40,0:45:00,CGK,KOE,017,28,1,1,NML,3,2025
2625.,A320,PKAZU,AWQ,AWQ321,AWQ322,25/10:49,25/10:52,25/11:22,25/11:37,0:30:00,KUL,KUL,A01,28,1,1,NML,3,2025
2626.,B739,PKLHR,LNI,LNI697,LNI697,25/10:31,25/10:36,25/11:25,25/11:42,0:49:00,KOE,CGK,018,28,0,0,NML,3,2025
2627.,B738,PKGMV,GIA,GIA322,GIA327,25/10:28,25/10:34,25/11:32,25/11:44,0:58:00,CGK,CGK,004,28,1,1,NML,3,2025
2628.,A320,PKLAT,BTK,BTK7517,BTK7520,25/11:01,25/11:06,25/11:52,25/12:02,0:46:00,HLP,HLP,012,28,1,1,NML,3,2025
2629.,B739,PKLHY,LNI,LNI805,LNI804,25/11:24,25/11:31,25/12:22,25/12:31,0:51:00,DPS,DPS,014,28,1,1,NML,3,2025
2630.,A320,PKSJR,SJV,SJV363,SJV362,25/11:17,25/11:22,25/12:30,25/12:40,1:08:00,KNO,KNO,020,28,0,0,NML,3,2025
2631.,A320,PKGTD,CTV,CTV461,CTV698,25/11:20,25/11:27,25/12:13,25/12:25,0:46:00,AAP,DPS,006,28,1,1,NML,3,2025
2632.,A320,PKSGD,SJV,SJV567,SJV636,25/11:30,25/11:38,25/12:23,25/12:33,0:45:00,PLW,BDJ,011,28,1,1,NML,3,2025
2633.,B739,PKLHL,LNI,LNI645,LNI780,25/10:20,25/10:25,25/12:36,25/12:46,2:11:00,LOP,UPG,021,28,0,0,NML,3,2025
2634.,A320,PKBKL,BTK,BTK6582,BTK6585,25/12:23,25/12:30,25/13:25,25/13:42,0:55:00,CGK,CGK,008,28,1,1,NML,3,2025
2635.,B739,PKLGP,LNI,LNI857,LNI680,25/11:38,25/11:43,25/14:05,25/14:15,2:22:00,PLM,PKY,024,28,0,0,NML,3,2025
2636.,A320,PKGTA,CTV,CTV487,CTV668,25/12:16,25/12:22,25/13:17,25/13:30,0:55:00,BDJ,DPS,007,28,1,1,NML,3,2025
2637.,A320,PKBKO,BTK,BTK6596,BTK6595,25/12:50,25/12:57,25/13:42,25/13:57,0:45:00,CGK,CGK,009,28,1,1,NML,3,2025
2638.,A320,PKAZT,AWQ,AWQ387,AWQ324,25/12:57,25/13:00,25/13:40,25/13:53,0:40:00,PEN,KUL,A01,28,1,1,NML,3,2025
2639.,A320,PKPWD,PAS,PAS204,PAS205,25/12:20,25/12:26,25/13:19,25/13:34,0:53:00,CGK,CGK,005,28,1,1,NML,3,2025
2640.,B738,PKLJQ,LNI,LNI869,LNI722,25/12:13,25/12:19,25/13:20,25/13:37,1:01:00,TTE,KDI,012,28,1,1,NML,3,2025
2641.,B738,PKGNG,GIA,GIA312,GIA317,25/13:32,25/13:38,25/14:36,25/14:42,0:58:00,CGK,CGK,004,28,1,1,NML,3,2025
2642.,B739,PKLHM,LNI,LNI983,LNI686,25/13:55,25/14:01,25/14:51,25/15:02,0:50:00,PKU,PKY,018,28,0,0,NML,3,2025
2643.,A320,9VJSX,JSA,JSA247,JSA248,25/13:43,25/13:48,25/14:37,25/14:53,0:49:33,SIN,SIN,A07,28,1,1,NML,3,2025
2644.,B738,PKLJS,LNI,LNI839,LNI836,25/13:24,25/13:29,25/14:18,25/14:26,0:49:00,PNK,PNK,016,28,1,1,NML,3,2025
2645.,A320,PKGQE,CTV,CTV716,CTV717,25/13:35,25/13:41,25/14:24,25/14:33,0:43:22,CGK,CGK,007,28,1,1,NML,3,2025
2646.,A320,PKSAU,SJV,SJV641,SJV726,25/13:28,25/13:34,25/14:38,25/14:48,1:04:00,AAP,LBJ,014,28,1,1,NML,3,2025
2647.,A320,PKGQN,CTV,CTV431,CTV948,25/13:40,25/13:46,25/14:40,25/14:55,0:54:00,BPN,BTH,008,28,1,1,NML,3,2025
2648.,B738MAX,PKOFM,AFE,AFE920,AFE920,25/13:52,25/13:58,25/14:32,25/14:42,0:34:00,TIM,CGK,006,28,1,1,NML,3,2025
2649.,B739,PKLGJ,LNI,LNI787,LNI260,25/13:47,25/13:52,25/14:44,25/14:57,0:52:00,UPG,BPN,015,28,1,1,NML,3,2025
2650.,A320,PKLUH,BTK,BTK7515,BTK7514,25/14:12,25/14:18,25/15:15,25/15:27,0:57:00,HLP,HLP,009,28,1,1,NML,3,2025
2651.,C208,PKVVO,SUS,PKVVO,PKVVO,25/12:41,25/12:45,25/14:38,25/14:45,1:53:00,LOP,BXW,C07,28,0,0,NML,3,2025
2652.,A320,PKPWE,PAS,PAS208,PAS209,25/14:07,25/14:11,25/14:58,25/15:06,0:47:00,CGK,CGK,005,28,1,1,NML,3,2025
2653.,B739,PKLHH,LNI,LNI823,LNI800,25/14:31,25/14:37,25/15:38,25/15:47,1:01:00,LOP,UPG,016,28,1,1,NML,3,2025
2654.,A320,PKLAJ,BTK,BTK6406,BTK6220,25/14:51,25/14:58,25/15:39,25/15:49,0:41:00,CGK,BPN,008,28,1,1,NML,3,2025
2655.,B738,PKLQZ,LNI,LNI879,LNI581,25/10:39,25/10:43,25/15:24,25/15:26,4:41:00,AMQ,CGK,023,28,0,0,NML,3,2025
2656.,B739,PKLFY,LNI,LNI223,LNI642,25/12:06,25/12:13,25/15:26,25/15:41,3:13:00,BDJ,LOP,017,28,1,1,NML,3,2025
2657.,B738,PKGMD,GIA,GIA330,GIA331,25/14:24,25/14:39,25/15:28,25/15:43,0:49:00,HLP,HLP,004,28,1,1,NML,3,2025
2658.,A320,PKGTD,CTV,CTV699,CTV434,25/14:46,25/14:52,25/15:33,25/15:45,0:41:00,DPS,BPN,007,28,1,1,NML,3,2025
2659.,B739,PKLSU,LNI,LNI919,LNI920,25/15:14,25/15:20,25/16:05,25/16:10,0:45:00,DPS,DPS,014,28,1,1,NML,3,2025
2660.,B739,PKLSU,LNI,LNI920A,LNI920A,25/16:20,25/16:26,25/18:42,25/18:53,2:16:00,SUB,DPS,023,28,0,0,NML,3,2025
2661.,E135,PKTFS,IAT,PKTFS,PKTFS,25/11:38,25/11:42,25/15:23,25/15:29,3:41:00,HLP,HLP,001,28,0,0,NML,3,2025
2662.,A320,PKLAZ,BTK,BTK6347,BTK6401,25/15:37,25/15:43,25/16:24,25/16:33,0:40:31,BEJ,CGK,012,28,1,1,NML,3,2025
2663.,A320,PKSJT,SJV,SJV633,SJV614,25/12:54,25/12:59,25/15:27,25/15:39,2:28:00,BDJ,BPN,011,28,1,1,NML,3,2025
2664.,A320,PKSGD,SJV,SJV637,SJV672,25/15:18,25/15:25,25/16:09,25/16:19,0:44:00,BDJ,BEJ,021,28,0,0,NML,3,2025
2665.,A320,PKGLP,CTV,CTV174,CTV418,25/15:09,25/15:15,25/16:07,25/16:15,0:52:00,HLP,PNK,006,28,1,1,NML,3,2025
2666.,A320,PKSAE,SJV,SJV643,SJV648,25/15:25,25/15:36,25/16:29,25/16:37,0:53:00,AAP,BPN,009,28,1,1,NML,3,2025
2667.,B738,PKGMV,GIA,GIA310,GIA315,25/15:32,25/15:41,25/16:31,25/16:39,0:50:40,CGK,CGK,005,28,1,1,NML,3,2025
2668.,B738MAX,9VMBH,SIA,SIA926,SIA927,25/15:52,25/15:56,25/16:43,25/16:58,0:47:00,SIN,SIN,A07,28,1,1,NML,3,2025
2669.,B739,PKLHI,LNI,LNI695,LNI268,25/16:27,25/16:32,25/17:33,25/17:46,1:01:02,KOE,TRK,014,28,1,1,NML,3,2025
2670.,B739,PKLSH,LNI,LNI261,LNI692,25/14:03,25/14:10,25/17:19,25/17:30,3:09:00,BPN,KOE,020,28,0,0,NML,3,2025
2671.,A320,PKPWA,PAS,PAS206,PAS623,25/16:17,25/16:22,25/17:00,25/17:15,0:38:00,CGK,BPN,004,28,1,1,NML,3,2025
2672.,B738,PKLOP,LNI,LNI883,LNI884,24/21:07,25/00:45,25/18:21,25/18:33,21:09:00,UPG,UPG,022,28,0,1,NML,3,2025
2673.,B739,PKLHJ,LNI,LNI692,LNI226,25/16:09,25/16:16,25/17:17,25/17:19,1:01:00,CGK,BDJ,015,28,1,1,NML,3,2025
2674.,A320,PKGLT,CTV,CTV669,CTV488,25/16:49,25/16:55,25/17:35,25/17:53,0:40:00,DPS,BDJ,006,28,1,1,NML,3,2025
2675.,A320,PKAZU,AWQ,AWQ323,AWQ326,25/16:55,25/16:58,25/17:30,25/17:41,0:32:00,KUL,KUL,A01,28,1,1,NML,3,2025
2676.,B738,PKLKP,LNI,LNI749,LNI838,25/14:59,25/15:15,25/18:15,25/18:29,2:59:37,MDC,PNK,018,28,0,0,NML,3,2025
2677.,B739,PKLHM,LNI,LNI687,LNI3318,25/17:54,25/18:01,25/18:44,25/18:58,0:43:00,PKY,BDJ,012,28,1,1,NML,3,2025
2678.,A320,PKSJV,SJV,SJV723,SJV708,25/17:32,25/17:38,25/18:33,25/18:43,0:55:00,DPS,DPS,014,28,1,1,NML,3,2025
2679.,A320,PKPWJ,PAS,PAS622,PAS207,25/17:22,25/17:28,25/18:14,25/18:25,0:46:00,BPN,CGK,005,28,1,1,NML,3,2025
2680.,B739,PKLGP,LNI,LNI681,LNI316,25/17:07,25/17:12,25/18:14,25/18:25,1:02:00,PKY,BDJ,021,28,0,0,NML,3,2025
2681.,B738MAX,9VMBE,SIA,SIA928,SIA929,25/17:44,25/17:50,25/18:36,25/18:47,0:46:00,SIN,SIN,A06,28,1,1,NML,3,2025
2682.,B735,PKCLE,SJY,SJY567,SJY562,25/17:51,25/17:56,25/19:01,25/19:11,1:05:00,UPG,UPG,011,28,1,1,NML,3,2025
2683.,B738,PKGNE,GIA,GIA320,GIA325,25/17:47,25/17:55,25/18:46,25/19:02,0:51:00,CGK,CGK,004,28,1,1,NML,3,2025
2684.,A320,PKSAU,SJV,SJV725,SJV716,25/18:04,25/18:10,25/18:57,25/19:05,0:47:00,LBJ,LOP,009,28,1,1,NML,3,2025
2685.,A320,PKLUY,BTK,BTK7503,BTK7502,25/18:27,25/18:33,25/19:12,25/19:21,0:39:00,HLP,HLP,015,28,1,1,NML,3,2025
2686.,A320,PKGLX,CTV,CTV172,CTV173,25/18:07,25/18:14,25/18:55,25/19:03,0:41:00,HLP,HLP,007,28,1,1,NML,3,2025
2687.,B738,PKLZV,BTK,BTK6576,BTK6575,25/18:46,25/18:52,25/19:43,25/19:54,0:51:00,CGK,CGK,014,28,1,1,NML,3,2025
2688.,A320,PKGQS,CTV,CTV736,CTV352,25/18:31,25/18:39,25/19:18,25/19:25,0:39:00,CGK,UPG,008,28,1,1,NML,3,2025
2689.,A320,PKGQU,CTV,CTV949,CTV494,25/18:38,25/18:44,25/19:26,25/19:39,0:41:56,BTH,BDJ,003,28,0,0,NML,3,2025
2690.,B788,9VOFK,TGW,TGW262,TGW263,25/18:59,25/19:02,25/20:18,25/20:30,1:16:00,SIN,SIN,A06,28,1,1,NML,3,2025
2691.,B739,PKLFO,LNI,LNI885,LNI880,25/20:11,25/20:14,25/21:04,25/21:15,0:50:00,UPG,UPG,011,28,1,1,NML,3,2025
2692.,A320,PKPWE,PAS,PAS202,PAS203,25/18:49,25/18:54,25/19:50,25/20:00,0:56:00,CGK,CGK,005,28,1,1,NML,3,2025
2693.,A320,PKGTD,CTV,CTV435,CTV719,25/19:08,25/19:16,25/19:57,25/20:13,0:41:00,BPN,CGK,007,28,1,1,NML,3,2025
2694.,A320,PKSJT,SJV,SJV617,SJV616,25/19:24,25/19:29,25/20:14,25/20:23,0:45:00,BPN,BPN,012,28,1,1,NML,3,2025
2695.,B738,PKGFI,GIA,GIA326,GIA313,25/18:52,25/18:59,25/20:05,25/20:18,1:06:00,CGK,CGK,004,28,1,1,NML,3,2025
2696.,A320,PKGQG,CTV,CTV722,CTV354,25/19:18,25/19:24,25/20:03,25/20:16,0:38:05,CGK,UPG,009,28,1,1,NML,3,2025
2697.,A320,PKGTK,CTV,CTV489,CTV662,25/19:37,25/19:46,25/20:31,25/20:42,0:45:00,BDJ,DPS,003,28,0,0,NML,3,2025
2698.,B738,PKGNM,GIA,GIA349,GIA319,25/17:57,25/18:06,25/20:48,25/20:56,2:42:00,DPS,CGK,006,28,1,1,NML,3,2025
2699.,A320,PKGLT,CTV,CTV495,CTV721,25/20:24,25/20:30,25/20:59,25/21:09,0:29:00,BDJ,CGK,007,28,1,1,NML,3,2025
2700.,A320,PKBKT,BTK,BTK6137,BTK6136,25/20:04,25/20:09,25/21:53,25/22:07,1:44:00,UPG,UPG,014,28,1,1,NML,3,2025
2701.,B738,PKLSF,LNI,LNI709,LNI878,25/17:28,25/17:35,26/05:11,26/05:23,11:36:00,UPG,AMQ,025,28,0,0,NML,3,2025
2702.,A320,PKSGD,SJV,SJV673,SJV610,25/20:31,25/20:36,26/04:54,26/05:05,8:18:00,BEJ,BPN,021,28,0,0,NML,3,2025
2703.,A320,PKGQK,CTV,CTV720,CTV430,25/22:04,25/22:13,26/04:54,26/05:03,6:41:00,CGK,BPN,007,28,1,1,NML,3,2025
2704.,A320,PKLUR,BTK,BTK6588,BTK7508,25/21:19,25/21:25,26/05:00,26/05:09,7:35:00,CGK,HLP,009,28,1,1,NML,3,2025
2705.,B739,PKLHM,LNI,LNI3319,LNI786,25/21:35,26/04:17,26/05:17,26/05:27,7:35:00,BDJ,UPG,011,28,1,1,NML,3,2025
2706.,A320,PKAZU,AWQ,AWQ327,AWQ320,25/23:38,25/23:42,26/05:00,26/05:12,5:18:00,KUL,KUL,A03,28,1,1,NML,3,2025
2707.,A320,PKLAW,BTK,BTK6586,BTK6132,25/20:45,25/20:51,26/05:15,26/05:24,8:24:00,CGK,LOP,008,28,1,1,NML,3,2025
2708.,B739,PKLVF,LNI,LNI690,LNI690,26/05:01,26/05:07,26/06:09,26/06:26,1:02:38,CGK,KOE,009,28,1,1,NML,3,2025
2709.,A320,PKGLY,CTV,CTV726,CTV725,25/21:02,25/21:11,26/05:49,26/05:57,8:38:00,CGK,CGK,006,28,1,1,NML,3,2025
2710.,B738,PKLJQ,LNI,LNI727,LNI868,25/17:39,26/04:17,26/05:59,26/06:12,12:13:32,KDI,TTE,014,28,1,0,NML,3,2025
2711.,A320,PKSAF,SJV,SJV615,SJV706,25/20:36,25/20:42,26/06:05,26/06:18,9:23:00,BPN,DPS,C03,28,0,0,NML,3,2025
2712.,A320,PKLUH,BTK,BTK7521,BTK6589,25/19:57,25/20:02,26/06:06,26/06:20,10:04:00,HLP,CGK,022,28,0,0,NML,3,2025
2713.,B739,PKLFY,LNI,LNI865,LNI266,25/18:21,25/18:27,26/05:54,26/06:06,11:27:00,LOP,BPN,018,28,0,0,NML,3,2025
2714.,A320,PKPWC,PAS,PAS212,PAS213,25/20:40,25/20:48,26/05:56,26/06:11,9:08:00,CGK,CGK,005,28,1,1,NML,3,2025
2715.,A320,PKGQG,CTV,CTV353,CTV670,26/05:18,26/05:24,26/06:00,26/06:16,0:36:00,UPG,LOP,007,28,1,1,NML,3,2025
2716.,A320,PKSTC,SJV,SJV619,SJV640,25/20:20,25/20:26,26/05:54,26/06:05,9:28:00,BPN,AAP,015,28,1,1,NML,3,2025
2717.,A320,PKBKY,BTK,BTK6413,BTK6412,25/19:50,25/19:56,26/06:30,26/06:38,10:33:13,DPS,DPS,020,28,0,0,NML,3,2025
2718.,A320,PKSJV,SJV,SJV703,SJV634,25/21:12,25/21:17,26/06:31,26/06:43,9:14:00,DPS,BDJ,012,28,1,1,NML,3,2025
2719.,B739,PKLHH,LNI,LNI315,LNI856,26/06:08,26/06:14,26/07:33,26/07:47,1:19:01,BDJ,PLM,015,28,1,1,NML,3,2025
2720.,A320,PKSJQ,SJV,SJV717,SJV566,26/06:03,26/06:08,26/07:02,26/07:12,0:54:00,LOP,PLW,008,28,1,1,NML,3,2025
2721.,B739,PKLGP,LNI,LNI311,LNI971,26/06:14,26/06:20,26/07:14,26/07:20,0:54:00,BDJ,BTH,011,28,1,1,NML,3,2025
2722.,A320,PKSAE,SJV,SJV613,SJV612,25/20:11,25/20:17,26/07:02,26/07:10,10:45:18,BPN,BPN,023,28,0,0,NML,3,2025
2723.,A320,PKLAJ,BTK,BTK6221,BTK6135,25/19:16,25/19:22,26/07:05,26/07:18,11:43:53,BPN,PKN,024,28,0,0,NML,3,2025
2724.,B738,PKGUF,GIA,GIA328,GIA305,25/20:28,25/20:34,26/07:06,26/07:14,10:32:00,CGK,CGK,004,28,1,1,NML,3,2025
2725.,B738,PKGNC,GIA,GIA855,GIA854,25/20:53,25/20:56,26/07:00,26/07:16,10:04:00,SIN,SIN,A02,28,1,1,NML,3,2025
2726.,B739,PKLHP,LNI,LNI363,LNI646,26/06:23,26/06:28,26/07:37,26/07:56,1:09:22,BPN,LOP,014,28,1,1,NML,3,2025
2727.,B739,PKLGY,LNI,LNI801,LNI982,26/06:35,26/06:41,26/07:43,26/08:04,1:01:50,UPG,PKU,021,28,0,0,NML,3,2025
2728.,A320,PKBLA,BTK,BTK7511,BTK7510,26/06:38,26/06:45,26/07:37,26/08:02,0:52:50,HLP,HLP,009,28,1,1,NML,3,2025
2729.,A320,PKAZT,AWQ,AWQ325,AWQ392,25/19:32,25/19:35,26/07:30,26/07:52,11:55:25,KUL,JHB,A01,28,1,1,NML,3,2025
2730.,B739,PKLSH,LNI,LNI693,LNI882,26/06:54,26/06:58,26/07:57,26/08:12,0:59:29,KOE,UPG,022,28,0,0,NML,3,2025
2731.,B738,PKLSU,LNI,LNI929,LNI3982,26/06:58,26/07:02,26/07:57,26/08:16,0:55:00,DPS,PKU,012,28,1,1,NML,3,2025
2732.,A320,PKGTK,CTV,CTV661,CTV460,26/06:45,26/06:50,26/07:44,26/08:06,0:54:17,DPS,AAP,006,28,1,1,NML,3,2025
2733.,B738,PKLOP,LNI,LNI883,LNI693,25/22:14,25/22:20,26/08:06,26/08:18,9:46:00,UPG,CGK,016,28,1,1,NML,3,2025
2734.,A320,PKGLX,CTV,CTV170,CTV175,26/07:08,26/07:15,26/07:52,26/08:07,0:37:01,HLP,HLP,005,28,1,1,NML,3,2025
2735.,A333,BLBG,CPA,CPA779,CPA780,25/18:12,25/18:15,26/08:05,26/08:20,13:50:00,HKG,HKG,A08,28,1,1,NML,3,2025
2736.,B739,PKLHI,LNI,LNI267,LNI990,26/07:04,26/07:08,26/08:35,26/08:44,1:26:28,TRK,DPS,023,28,0,0,NML,3,2025
2737.,A320,PKBKQ,BTK,BTK6572,BTK6573,26/07:37,26/07:46,26/08:52,26/09:00,1:06:44,CGK,CGK,009,28,1,1,NML,3,2025
2738.,A320,PKGLV,CTV,CTV355,CTV177,26/07:50,26/07:57,26/08:32,26/08:41,0:35:00,UPG,HLP,007,28,1,1,NML,3,2025
2739.,B738,PKLZZ,MXD,MXD352,MXD353,25/19:26,25/19:31,26/08:43,26/08:50,13:12:00,KUL,KUL,A04,28,1,1,NML,3,2025
2740.,B738,PKLKP,LNI,LNI837,LNI748,26/08:09,26/08:16,26/09:09,26/09:34,0:52:18,PNK,MDC,012,28,1,1,NML,3,2025
2741.,A320,PKLAW,BTK,BTK6133,BTK6581,26/07:57,26/08:03,26/08:53,26/09:02,0:50:09,LOP,CGK,014,28,1,1,NML,3,2025
2742.,A320,PKSTI,SJV,SJV649,SJV618,26/08:00,26/08:05,26/09:03,26/09:12,0:58:00,BPN,BPN,011,28,1,1,NML,3,2025
2743.,B739,PKLGY,LNI,LNI683,LNI682,26/07:54,26/07:58,26/09:05,26/09:21,1:07:42,PKY,PKY,015,28,1,1,NML,3,2025
2744.,B738,PKGFG,GIA,GIA304,GIA342,26/08:14,26/08:19,26/09:20,26/09:46,1:01:00,CGK,DPS,004,28,1,1,NML,3,2025
2745.,A320,PKPWE,PAS,PAS200,PAS201,26/08:22,26/08:29,26/09:09,26/09:28,0:40:23,CGK,CGK,005,28,1,1,NML,3,2025
2746.,A320,PKSJQ,SJV,SJV567,SJV642,26/11:39,26/11:44,26/13:25,26/13:35,1:41:00,PLW,AAP,011,28,1,1,NML,3,2025
2747.,A320,PKGQG,CTV,CTV671,CTV486,26/08:32,26/08:37,26/09:14,26/09:41,0:37:00,LOP,BDJ,006,28,1,1,NML,3,2025
2748.,A320,PKSAF,SJV,SJV703,SJV702,26/08:36,26/08:39,26/09:29,26/09:53,0:50:00,DPS,DPS,016,28,1,1,NML,3,2025
2749.,A320,9VTRT,TGW,TGW264,TGW265,26/09:05,26/09:13,26/10:01,26/10:10,0:48:00,SIN,SIN,A02,28,1,1,NML,3,2025
2750.,B738,9MMXJ,MAS,MAS871,MAS870,26/09:04,26/09:07,26/10:03,26/10:13,0:56:00,KUL,KUL,A07,28,1,1,NML,3,2025
2751.,B738,9MLDK,MXD,MXD350,MXD351,26/08:56,26/09:01,26/09:54,26/10:06,0:53:26,KUL,KUL,A04,28,1,1,NML,3,2025
2752.,B735,PKNAS,LKN,LKN243,LKN242,26/09:26,26/09:31,26/10:16,26/10:23,0:45:00,SMQ,SMQ,011,28,1,1,NML,3,2025
2753.,A359,9VSHH,SIA,SIA922,SIA923,26/09:23,26/09:26,26/10:25,26/10:42,0:59:00,SIN,SIN,A08,28,1,1,NML,3,2025
2754.,B733F,PKMYV,MYU,MYU935,MYU815,26/09:16,26/09:19,26/10:07,26/10:25,0:47:22,SRG,CGK,C02,28,0,0,NML,3,2025
2755.,A320,PKSJV,SJV,SJV635,SJV632,26/09:32,26/09:37,26/10:35,26/10:47,0:58:00,BDJ,BDJ,015,28,1,1,NML,3,2025
2756.,A320,PKGQL,CTV,CTV351,CTV350,26/09:19,26/09:24,26/10:11,26/10:21,0:47:25,UPG,UPG,008,28,1,1,NML,3,2025
2757.,A320,PKGQO,CTV,CTV417,CTV715,26/09:36,26/09:42,26/10:22,26/10:29,0:40:00,PNK,CGK,007,28,1,1,NML,3,2025
2758.,B739,PKLFY,LNI,LNI367,LNI262,26/09:47,26/09:53,26/10:40,26/10:49,0:47:00,BPN,BPN,012,28,1,1,NML,3,2025
2759.,A320,PKPWC,PAS,PAS210,PAS211,26/09:44,26/09:50,26/10:35,26/10:45,0:44:23,CGK,CGK,006,28,1,1,NML,3,2025
2760.,B739,PKLHS,LNI,LNI970,LNI973,26/09:39,26/09:43,26/10:43,26/10:51,1:00:00,BTH,BTH,014,28,1,1,NML,3,2025
2761.,A320,PKLAJ,BTK,BTK6134,BTK7516,26/09:51,26/09:56,26/10:49,26/10:59,0:53:50,PKN,HLP,009,28,1,1,NML,3,2025
2762.,A320,PKLUV,BTK,BTK7513,BTK6346,26/10:34,26/10:38,26/11:16,26/11:25,0:38:00,HLP,BEJ,011,28,1,1,NML,3,2025
2763.,B739,PKLHP,LNI,LNI645,LNI222,26/10:16,26/10:21,26/11:10,26/11:18,0:49:00,LOP,BDJ,020,28,0,0,NML,3,2025
2764.,B739,PKLQS,LNI,LNI694,LNI694,26/10:28,26/10:34,26/11:25,26/11:34,0:51:33,CGK,KOE,016,28,1,1,NML,3,2025
2765.,A320,PKAZU,AWQ,AWQ321,AWQ322,26/10:40,26/10:42,26/11:14,26/11:27,0:32:02,KUL,KUL,A01,28,1,1,NML,3,2025
2766.,B739,PKLKM,LNI,LNI697,LNI697,26/14:36,26/14:41,26/15:53,26/16:02,1:12:00,KOE,CGK,016,28,1,1,NML,3,2025
2767.,B738,PKGMF,GIA,GIA322,GIA327,26/10:19,26/10:26,26/11:33,26/11:44,1:06:54,CGK,CGK,004,28,1,1,NML,3,2025
2768.,A320,PKBLA,BTK,BTK7517,BTK7520,26/11:49,26/11:54,26/12:38,26/12:49,0:44:00,HLP,HLP,009,28,1,1,NML,3,2025
2769.,B739,PKLSH,LNI,LNI791,LNI706,26/11:45,26/11:49,26/12:49,26/13:03,1:00:17,UPG,UPG,016,28,1,1,NML,3,2025
2770.,B739,PKLHI,LNI,LNI805,LNI804,26/11:42,26/11:48,26/12:40,26/12:52,0:52:00,DPS,DPS,014,28,1,1,NML,3,2025
2771.,B739,PKLHH,LNI,LNI857,LNI822,26/11:52,26/11:57,26/13:16,26/13:19,1:19:00,PLM,LOP,015,28,1,1,NML,3,2025
2772.,A320,PKGTK,CTV,CTV461,CTV698,26/11:22,26/11:28,26/12:12,26/12:26,0:44:00,AAP,DPS,007,28,1,1,NML,3,2025
2773.,A320,PKBLD,BTK,BTK6582,BTK6585,26/11:55,26/12:00,26/12:51,26/13:01,0:51:00,CGK,CGK,008,28,1,1,NML,3,2025
2774.,A320,PKSTI,SJV,SJV611,SJV636,26/12:47,26/12:51,26/13:32,26/13:46,0:41:00,BPN,BDJ,012,28,1,1,NML,3,2025
2775.,B735,PKNAT,LKN,LKN193,LKN192,26/11:31,26/11:35,26/12:27,26/12:34,0:52:05,PKN,PKN,012,28,1,1,NML,3,2025
2776.,A320,PKGQG,CTV,CTV487,CTV668,26/12:11,26/12:23,26/13:30,26/13:43,1:06:59,BDJ,DPS,007,28,1,1,NML,3,2025
2777.,A320,PKBKO,BTK,BTK6596,BTK6595,26/13:44,26/13:50,26/15:18,26/15:25,1:28:00,CGK,CGK,011,28,1,1,NML,3,2025
2778.,A320,PKPWD,PAS,PAS204,PAS205,26/12:16,26/12:21,26/13:20,26/13:28,0:59:00,CGK,CGK,005,28,1,1,NML,3,2025
2779.,A320,PKAZT,AWQ,AWQ393,AWQ324,26/12:55,26/12:58,26/13:32,26/13:49,0:33:03,JHB,KUL,A01,28,1,1,NML,3,2025
2780.,B738,PKLJQ,LNI,LNI869,LNI722,26/12:18,26/12:23,26/13:44,26/13:53,1:20:27,TTE,KDI,020,28,0,0,NML,3,2025
2781.,DHC6,PKOAM,AFE,PKOAM,PKOAM,26/12:20,26/12:28,26/13:26,26/13:33,0:58:00,HLP,XXD,C07,28,0,0,NML,3,2025
2782.,B738,PKGFQ,GIA,GIA312,GIA317,26/12:39,26/12:48,26/13:42,26/13:51,0:54:00,CGK,CGK,004,28,1,1,NML,3,2025
2783.,B739,PKLGU,LNI,LNI983,LNI780,26/13:33,26/13:38,26/14:33,26/14:40,0:55:00,PKU,UPG,014,28,1,1,NML,3,2025
2784.,B739,PKLHM,LNI,LNI787,LNI686,26/13:41,26/13:46,26/14:36,26/14:44,0:50:00,UPG,PKY,015,28,1,1,NML,3,2025
2785.,B739,PKLSU,LNI,LNI3983,LNI680,26/13:47,26/13:52,26/14:41,26/14:53,0:49:00,PKU,PKY,018,28,0,0,NML,3,2025
2786.,B738,PKLJS,LNI,LNI839,LNI836,26/12:50,26/12:54,26/14:23,26/14:32,1:29:00,PNK,PNK,016,28,1,1,NML,3,2025
2787.,A320,PKGQP,CTV,CTV716,CTV717,26/13:29,26/13:36,26/14:15,26/14:19,0:39:00,CGK,CGK,006,28,1,1,NML,3,2025
2788.,A320,PKSJV,SJV,SJV633,SJV726,26/14:00,26/14:06,26/15:06,26/15:14,1:00:00,BDJ,LBJ,012,28,1,1,NML,3,2025
2789.,A320,PKGQK,CTV,CTV431,CTV948,26/13:37,26/13:43,26/14:21,26/14:29,0:38:00,BPN,BTH,007,28,1,1,NML,3,2025
2790.,B739,PKLHP,LNI,LNI223,LNI910,26/14:15,26/14:19,26/15:07,26/15:17,0:48:00,BDJ,DPS,021,28,0,0,NML,3,2025
2791.,A320,9VJSV,JSA,JSA247,JSA248,26/12:58,26/13:01,26/14:40,26/14:55,1:39:00,SIN,SIN,A06,28,1,1,NML,3,2025
2792.,A320,PKLAT,BTK,BTK7515,BTK7514,26/14:03,26/14:07,26/14:50,26/14:59,0:43:00,HLP,HLP,008,28,1,1,NML,3,2025
2793.,A320,PKPWK,PAS,PAS208,PAS209,26/14:06,26/14:13,26/14:59,26/15:08,0:46:00,CGK,CGK,005,28,1,1,NML,3,2025
2794.,B739,PKLFY,LNI,LNI261,LNI642,26/14:11,26/14:16,26/15:19,26/15:28,1:03:00,BPN,LOP,020,28,0,0,NML,3,2025
2795.,A320,PKLAF,BTK,BTK6406,BTK6220,26/14:51,26/14:57,26/15:32,26/16:00,0:35:00,CGK,BPN,009,28,1,1,NML,3,2025
2796.,B738,PKLKP,LNI,LNI749,LNI581,26/18:02,26/18:07,26/19:00,26/19:10,0:53:00,MDC,CGK,022,28,0,0,NML,3,2025
2797.,A320,PKSTC,SJV,SJV641,SJV614,26/14:57,26/15:02,26/15:46,26/15:58,0:44:00,AAP,BPN,015,28,1,1,NML,3,2025
2798.,B738,PKGFW,GIA,GIA330,GIA331,26/14:30,26/14:37,26/15:28,26/15:36,0:51:00,HLP,HLP,004,28,1,1,NML,3,2025
2799.,B739,PKLHH,LNI,LNI823,LNI260,26/15:56,26/16:00,26/16:41,26/16:52,0:41:00,LOP,BPN,020,28,0,0,NML,3,2025
2800.,A320,PKGTK,CTV,CTV699,CTV434,26/14:48,26/14:55,26/15:32,26/15:44,0:37:00,DPS,BPN,006,28,1,1,NML,3,2025
2801.,B739,PKLHI,LNI,LNI919,LNI920,26/15:39,26/15:45,26/16:39,26/16:51,0:54:00,DPS,DPS,012,28,1,1,NML,3,2025
2802.,A320,PKBLA,BTK,BTK7501,BTK7512,26/16:21,26/16:27,26/17:15,26/17:29,0:48:00,HLP,HLP,009,28,1,1,NML,3,2025
2803.,B738,9MMXD,MAS,MAS873,MAS872,26/15:20,26/15:24,26/16:15,26/16:25,0:51:00,KUL,KUL,A06,28,1,1,NML,3,2025
2804.,A320,PKSJQ,SJV,SJV643,SJV672,26/17:11,26/17:17,26/18:01,26/18:13,0:44:00,AAP,BEJ,011,28,1,1,NML,3,2025
2805.,A320,PKLUV,BTK,BTK6347,BTK6401,26/15:34,26/15:40,26/16:22,26/16:34,0:42:00,BEJ,CGK,008,28,1,1,NML,3,2025
2806.,B739,PKLHL,LNI,LNI692,LNI692,26/16:32,26/16:38,26/17:32,26/17:43,0:54:00,CGK,KOE,016,28,1,1,NML,3,2025
2807.,A320,PKGLX,CTV,CTV174,CTV418,26/15:25,26/15:38,26/16:16,26/16:25,0:38:00,HLP,PNK,007,28,1,1,NML,3,2025
2808.,B739,PKLSH,LNI,LNI707,LNI800,26/16:48,26/16:54,26/17:55,26/18:01,1:01:00,UPG,UPG,015,28,1,1,NML,3,2025
2809.,B738,PKGFR,GIA,GIA310,GIA315,26/15:41,26/15:49,26/16:34,26/16:44,0:45:00,CGK,CGK,004,28,1,1,NML,3,2025
2810.,B738MAX,9VMBK,SIA,SIA926,SIA927,26/16:14,26/16:20,26/17:10,26/17:24,0:50:00,SIN,SIN,A07,28,1,1,NML,3,2025
2811.,A320,PKSJR,SJV,SJV637,SJV648,26/17:59,26/18:03,26/19:15,26/19:40,1:12:00,BDJ,BPN,023,28,0,0,NML,3,2025
2812.,B739,PKLHP,LNI,LNI923,LNI268,26/17:52,26/17:56,26/18:54,26/19:03,0:58:00,DPS,TRK,021,28,0,0,NML,3,2025
2813.,A320,PKPWJ,PAS,PAS206,PAS623,26/16:06,26/16:11,26/16:49,26/16:56,0:38:00,CGK,BPN,005,28,1,1,NML,3,2025
2814.,B738,PKLSF,LNI,LNI879,LNI884,26/15:08,26/15:15,26/17:57,26/18:04,2:42:00,AMQ,UPG,014,28,1,1,NML,3,2025
2815.,A320,PKGLS,CTV,CTV669,CTV488,26/16:36,26/16:44,26/17:32,26/17:47,0:48:00,DPS,BDJ,006,28,1,1,NML,3,2025
2816.,A320,PKAZU,AWQ,AWQ323,AWQ326,26/17:45,26/17:48,26/18:19,26/18:33,0:31:00,KUL,KUL,A01,28,1,1,NML,3,2025
2817.,B738,PKLJQ,LNI,LNI727,LNI838,26/18:05,26/18:12,26/19:10,26/19:27,0:58:00,KDI,PNK,015,28,1,1,NML,3,2025
2818.,B739,PKLSU,LNI,LNI681,LNI316,26/17:56,26/18:02,26/18:49,26/18:59,0:47:00,PKY,BDJ,016,28,1,1,NML,3,2025
2819.,B739,PKLFY,LNI,LNI865,LNI226,26/17:49,26/17:52,26/18:59,26/19:09,1:07:00,LOP,BDJ,020,28,0,0,NML,3,2025
2820.,B739,PKLHM,LNI,LNI687,LNI3318,26/17:27,26/17:33,26/18:17,26/18:29,0:44:00,PKY,BDJ,012,28,1,1,NML,3,2025
2821.,A320,PKSTF,SJV,SJV723,SJV708,26/18:11,26/18:20,26/19:08,26/19:21,0:48:00,DPS,DPS,014,28,1,1,NML,3,2025
2822.,A320,PKPWC,PAS,PAS622,PAS207,26/17:13,26/17:19,26/18:08,26/18:20,0:49:00,BPN,CGK,007,28,1,1,NML,3,2025
2823.,A320,PKSJV,SJV,SJV725,SJV716,26/18:34,26/18:40,26/19:31,26/19:46,0:51:00,LBJ,LOP,012,28,1,1,NML,3,2025
2824.,B738MAX,9VMBL,SIA,SIA928,SIA929,26/17:41,26/17:45,26/18:41,26/18:57,0:56:00,SIN,SIN,A07,28,1,1,NML,3,2025
2825.,B738,PKCRI,SJY,SJY567,SJY562,26/18:24,26/18:30,26/19:13,26/19:37,0:43:00,UPG,UPG,011,28,1,1,NML,3,2025
2826.,B738,PKLFF,LNI,LNI695,LNI3804,26/19:34,26/19:41,26/20:35,26/20:47,0:54:32,KOE,DPS,015,28,1,1,NML,3,2025
2827.,B738,PKGUF,GIA,GIA320,GIA325,26/17:38,26/17:47,26/18:35,26/18:45,0:48:00,CGK,CGK,004,28,1,1,NML,3,2025
2828.,A320,PKLAJ,BTK,BTK7503,BTK7502,26/18:14,26/18:21,26/19:02,26/19:17,0:41:00,HLP,HLP,009,28,1,1,NML,3,2025
2829.,B739,PKLHI,LNI,LNI3919,LNI3920,26/19:15,26/19:19,26/20:18,26/20:31,0:59:00,DPS,DPS,016,28,1,1,NML,3,2025
2830.,A320,PKGLV,CTV,CTV172,CTV173,26/18:17,26/18:25,26/18:59,26/19:07,0:34:00,HLP,HLP,006,28,1,1,NML,3,2025
2831.,A320,PKGQJ,CTV,CTV949,CTV494,26/18:30,26/18:39,26/19:13,26/19:30,0:34:00,BTH,BDJ,007,28,1,1,NML,3,2025
2832.,B738,PKBGZ,BTK,BTK6576,BTK6575,26/19:13,26/19:20,26/20:31,26/20:43,1:11:17,CGK,CGK,009,28,1,1,NML,3,2025
2833.,A320,PKBLA,BTK,BTK7519,BTK7518,26/20:45,26/20:52,26/21:29,26/21:38,0:37:27,HLP,HLP,012,28,1,1,NML,3,2025
2834.,A320,PKPWK,PAS,PAS202,PAS203,26/18:54,26/19:00,26/19:46,26/20:02,0:46:00,CGK,CGK,004,28,1,1,NML,3,2025
2835.,A320,PKSTC,SJV,SJV617,SJV616,26/19:25,26/19:31,26/20:13,26/20:23,0:42:00,BPN,BPN,014,28,1,1,NML,3,2025
2836.,A320,PKGTK,CTV,CTV435,CTV719,26/19:22,26/19:31,26/20:07,26/20:18,0:36:00,BPN,CGK,007,28,1,1,NML,3,2025
2837.,A320,9VJSM,JSA,JSA1249,JSA1250,26/19:18,26/19:22,26/20:08,26/20:30,0:46:00,SIN,SIN,A03,28,1,1,NML,3,2025
2838.,B738,PKGFJ,GIA,GIA326,GIA313,26/19:51,26/19:58,26/20:40,26/20:51,0:42:54,CGK,CGK,006,28,1,1,NML,3,2025
2839.,A320,PKGQU,CTV,CTV489,CTV662,26/19:44,26/19:52,26/20:31,26/20:43,0:39:00,BDJ,DPS,003,28,0,0,NML,3,2025
2840.,A320,PKGQA,CTV,CTV722,CTV354,26/19:57,26/20:03,26/20:49,26/20:58,0:46:00,CGK,UPG,020,28,0,0,NML,3,2025
2841.,A320,PKGLY,CTV,CTV736,CTV352,26/18:27,26/18:33,26/20:21,26/20:34,1:48:57,CGK,UPG,008,28,1,1,NML,3,2025
2842.,B739,PKLSH,LNI,LNI885,LNI880,26/22:15,26/22:22,26/23:16,26/23:25,0:54:00,UPG,UPG,012,28,1,1,NML,3,2025
2843.,B738,PKGFG,GIA,GIA349,GIA319,26/18:08,26/18:16,26/20:50,26/21:00,2:34:27,DPS,CGK,005,28,1,1,NML,3,2025
2844.,A320,PKGLS,CTV,CTV495,CTV721,26/20:20,26/20:29,26/21:04,26/21:15,0:35:36,BDJ,CGK,007,28,1,1,NML,3,2025
2845.,A320,PKGLR,CTV,CTV726,CTV694,26/20:24,26/20:30,26/21:16,26/21:23,0:45:19,CGK,DPS,008,28,1,1,NML,3,2025
2846.,B739,PKLHM,LNI,LNI3319,LNI3856,26/21:17,26/21:22,26/22:08,26/22:18,0:45:26,BDJ,PLM,009,28,1,1,NML,3,2025
2847.,A320,PKLAY,BTK,BTK6137,BTK6136,26/20:37,26/20:43,26/22:08,26/22:22,1:25:00,UPG,UPG,014,28,1,1,NML,3,2025
2848.,A320,PKSJL,SJV,SJV613,SJV610,26/21:06,26/21:11,27/04:58,27/05:11,7:46:45,BPN,BPN,022,28,0,0,NML,3,2025
2849.,A320,PKGTA,CTV,CTV720,CTV430,26/21:53,26/22:00,27/04:56,27/05:09,6:56:00,CGK,BPN,007,28,1,1,NML,3,2025
2850.,A320,PKLUR,BTK,BTK7521,BTK7508,26/20:56,26/21:02,27/04:54,27/05:05,7:52:00,HLP,HLP,016,28,1,1,NML,3,2025
2851.,B738,PKLSF,LNI,LNI883,LNI878,26/21:36,26/21:42,27/05:03,27/05:15,7:21:00,UPG,AMQ,021,28,0,0,NML,3,2025
2852.,B739,PKLHS,LNI,LNI3857,LNI786,26/22:11,26/22:15,27/05:09,27/05:19,6:54:00,PLM,UPG,C03,28,0,0,NML,3,2025
2853.,A320,PKAZU,AWQ,AWQ327,AWQ320,27/00:01,27/00:04,27/05:01,27/05:13,4:57:00,KUL,KUL,A07,28,1,1,NML,3,2025
2854.,A320,PKLUI,BTK,BTK6586,BTK6132,26/20:41,26/20:45,27/05:21,27/05:30,8:36:00,CGK,LOP,024,28,0,0,NML,3,2025
2855.,B739,PKLFF,LNI,LNI3805,LNI971A,26/23:09,26/23:13,27/07:53,27/07:59,8:40:00,DPS,BTH,014,28,1,1,NML,3,2025
2856.,B739,PKLHO,LNI,LNI690,LNI690,27/05:02,27/05:08,27/05:57,27/06:07,0:49:00,CGK,KOE,009,28,1,1,NML,3,2025
2857.,A320,PKGQU,CTV,CTV695,CTV725,26/23:06,26/23:13,27/05:44,27/05:52,6:31:00,DPS,CGK,008,28,1,1,NML,3,2025
2858.,A320,V8RBE,RBA,RBA795,RBA796,26/20:15,26/20:20,27/05:57,27/06:15,9:36:37,BWN,BWN,A06,28,1,1,NML,3,2025
2859.,A320,PKSJR,SJV,SJV615,SJV706,26/23:14,26/23:22,27/06:27,27/06:36,7:05:00,BPN,DPS,012,28,1,1,NML,3,2025
2860.,A320,PKGLY,CTV,CTV353,CTV484,27/05:07,27/05:13,27/06:00,27/06:11,0:47:00,UPG,BDJ,005,28,1,1,NML,3,2025
2861.,A320,PKPWA,PAS,PAS212,PAS213,26/20:49,26/20:56,27/05:54,27/06:06,8:58:00,CGK,CGK,006,28,1,1,NML,3,2025
2862.,A320,PKBKY,BTK,BTK6413,BTK6589,26/20:28,26/20:32,27/05:59,27/06:13,9:27:00,DPS,CGK,023,28,0,0,NML,3,2025
2863.,A320,PKSJQ,SJV,SJV673,SJV640,26/22:19,26/22:23,27/05:55,27/06:09,7:32:00,BEJ,AAP,C05,28,0,0,NML,3,2025
"2864.,B739,PKLGO,LNI,LNI707,LNI266,25/17:02,27/02:26,27/07:47,27/07:58,""1 day, 14:39:00"",UPG,BPN,C04,28,0,1,NML,3,2025"
2865.,A320,PKAZT,AWQ,AWQ325,AWQ386,26/19:28,26/19:32,27/06:08,27/06:21,10:36:00,KUL,PEN,A01,28,1,1,NML,3,2025
2866.,A320,PKBKJ,BTK,BTK6588,BTK6412,26/22:55,26/23:01,27/06:21,27/06:31,7:20:00,CGK,DPS,015,28,1,1,NML,3,2025
2867.,A320,PKSJV,SJV,SJV717,SJV634,27/06:00,27/06:05,27/07:05,27/07:18,1:00:00,LOP,BDJ,021,28,0,0,NML,3,2025
2868.,A320,PKSAE,SJV,SJV619,SJV566,26/20:06,26/20:10,27/07:01,27/07:14,10:50:24,BPN,PLW,025,28,0,0,NML,3,2025
2869.,A320,PKLAF,BTK,BTK6221,BTK6135,26/19:32,26/19:38,27/07:06,27/07:16,11:28:00,BPN,PKN,026,28,0,0,NML,3,2025
2870.,A320,PKSTF,SJV,SJV727,SJV612,26/21:50,26/21:55,27/07:13,27/07:23,9:18:00,DPS,BPN,020,28,0,0,NML,3,2025
2871.,B738,PKGNC,GIA,GIA855,GIA305,26/20:53,26/23:31,27/06:57,27/07:07,10:00:00,SIN,CGK,004,28,1,1,NML,3,2025
2872.,B738,PKGMA,GIA,GIA328,GIA854,26/20:00,26/22:50,27/06:57,27/07:09,10:51:00,CGK,SIN,A02,28,1,1,NML,3,2025
2873.,B739,PKLSY,LNI,LNI311,LNI646,27/06:03,27/06:08,27/07:16,27/07:25,1:08:00,BDJ,LOP,016,28,1,1,NML,3,2025
2874.,B739,PKLGY,LNI,LNI801,LNI856,27/06:38,27/06:44,27/07:50,27/08:00,1:06:00,UPG,PLM,015,28,1,1,NML,3,2025
2875.,C208,PKVVO,SUS,PKVVO,PKVVO,26/16:15,26/16:20,27/07:20,27/07:28,15:00:00,BXW,BXW,C07,28,0,0,NML,3,2025
2876.,A320,PKLUY,BTK,BTK7511,BTK7510,27/06:42,27/06:48,27/07:25,27/07:35,0:37:00,HLP,HLP,009,28,1,1,NML,3,2025
2877.,B739,PKLFK,LNI,LNI363,LNI882,27/06:19,27/06:24,27/07:43,27/07:53,1:19:00,BPN,UPG,022,28,0,0,NML,3,2025
2878.,A320,PKGLR,CTV,CTV661,CTV460,27/06:46,27/06:55,27/07:38,27/07:49,0:43:00,DPS,AAP,006,28,1,1,NML,3,2025
2879.,B739,PKLHL,LNI,LNI693,LNI693,27/06:49,27/06:55,27/07:50,27/08:01,0:55:00,KOE,CGK,024,28,0,0,NML,3,2025
2880.,B739,PKLHI,LNI,LNI929,LNI982,27/06:55,27/06:59,27/08:02,27/08:13,1:03:00,DPS,PKU,023,28,0,0,NML,3,2025
2881.,A21N,B32L7,CSN,CSN8137,CSN8138,26/21:12,26/21:16,27/07:56,27/08:10,10:40:00,CAN,CAN,A03,28,1,1,NML,3,2025
2882.,A320,PKGQM,CTV,CTV170,CTV175,27/07:12,27/07:18,27/07:52,27/08:03,0:34:00,HLP,HLP,007,28,1,1,NML,3,2025
2883.,A333,BLBH,CPA,CPA779,CPA780,26/18:21,26/18:23,27/08:02,27/08:17,13:39:00,HKG,HKG,A08,28,1,1,NML,3,2025
2884.,B738,PKLJQ,LNI,LNI837,LNI868,27/07:39,27/07:48,27/08:45,27/08:52,0:57:00,PNK,TTE,020,28,0,0,NML,3,2025
2885.,B739,PKLHP,LNI,LNI267,LNI990,27/06:58,27/07:03,27/08:21,27/08:28,1:18:00,TRK,DPS,012,28,1,1,NML,3,2025
2886.,A320,PKLUH,BTK,BTK6572,BTK6573,27/07:47,27/07:48,27/08:45,27/08:54,0:57:00,CGK,CGK,009,28,1,1,NML,3,2025
"2887.,DHC6,PKICP,PGT,PKICP,PKICP,25/10:45,25/10:47,27/07:35,27/07:46,""1 day, 20:48:00"",PAG,PAG,028,28,0,0,NML,3,2025"
2888.,A320,PKGQE,CTV,CTV355,CTV177,27/07:32,27/07:38,27/08:24,27/08:35,0:46:00,UPG,HLP,008,28,1,1,NML,3,2025
2889.,B739,PKLGL,LNI,LNI315,LNI222,27/07:56,27/08:02,27/08:54,27/09:03,0:52:00,BDJ,BDJ,014,28,1,1,NML,3,2025
2890.,A320,PKLUI,BTK,BTK6133,BTK6581,27/08:07,27/08:13,27/09:11,27/09:18,0:58:00,LOP,CGK,007,28,1,1,NML,3,2025
2891.,A320,PKSJT,SJV,SJV649,SJV618,27/07:43,27/07:49,27/08:58,27/09:09,1:09:00,BPN,BPN,016,28,1,1,NML,3,2025
2892.,B739,PKLGS,LNI,LNI791,LNI706,27/08:42,27/08:46,27/09:30,27/09:41,0:44:00,UPG,UPG,021,28,0,0,NML,3,2025
2893.,B739,PKLGJ,LNI,LNI683,LNI682,27/08:10,27/08:19,27/09:15,27/09:24,0:56:00,PKY,PKY,015,28,1,1,NML,3,2025
2894.,B738,PKLBK,MXD,MXD352,MXD353,26/20:12,27/04:18,27/09:31,27/09:45,13:13:00,KUL,KUL,A04,28,1,1,NML,3,2025
2895.,A320,PKPWE,PAS,PAS200,PAS201,27/08:19,27/08:25,27/09:18,27/09:26,0:53:00,CGK,CGK,005,28,1,1,NML,3,2025
2896.,B738,PKGMY,GIA,GIA304,GIA342,27/08:15,27/08:22,27/09:24,27/09:35,1:02:00,CGK,DPS,004,28,1,1,NML,3,2025
2897.,A320,PKGLY,CTV,CTV485,CTV486,27/08:38,27/08:44,27/09:20,27/09:30,0:36:00,BDJ,BDJ,006,28,1,1,NML,3,2025
2898.,A320,PKSJL,SJV,SJV611,SJV642,27/08:46,27/08:55,27/09:45,27/09:56,0:50:00,BPN,AAP,012,28,1,1,NML,3,2025
2899.,A320,PKSJR,SJV,SJV703,SJV702,27/09:04,27/09:11,27/10:08,27/10:21,0:57:00,DPS,DPS,008,28,1,1,NML,3,2025
2900.,B733F,PKMYV,MYU,MYU935,MYU815,27/08:50,27/08:53,27/09:41,27/09:46,0:48:00,SRG,CGK,C02,28,0,0,NML,3,2025
2901.,A20N,9VTNG,TGW,TGW264,TGW265,27/09:00,27/09:04,27/09:51,27/10:05,0:47:00,SIN,SIN,A02,28,1,1,NML,3,2025
2902.,B738,9MMXM,MAS,MAS871,MAS870,27/09:19,27/09:23,27/10:15,27/10:29,0:52:00,KUL,KUL,A06,28,1,1,NML,3,2025
2903.,B738,9MLDT,MXD,MXD350,MXD351,27/08:57,27/09:02,27/09:57,27/10:08,0:55:00,KUL,KUL,A03,28,1,1,NML,3,2025
2904.,A359,9VSHB,SIA,SIA922,SIA923,27/09:15,27/09:16,27/10:23,27/10:38,1:07:00,SIN,SIN,A08,28,1,1,NML,3,2025
2905.,E135,T7JCI,AFS,T7JCI,T7CJI,27/08:34,27/08:38,27/08:59,27/09:15,0:21:00,CGK,CGK,003,28,0,0,NML,3,2025
2906.,A320,PKGQQ,CTV,CTV351,CTV350,27/09:28,27/09:35,27/10:17,27/10:25,0:41:10,UPG,UPG,006,28,1,1,NML,3,2025
2907.,A320,PKSJV,SJV,SJV635,SJV632,27/10:19,27/10:24,27/11:16,27/11:25,0:52:00,BDJ,BDJ,012,28,1,1,NML,3,2025
2908.,A320,PKGLS,CTV,CTV417,CTV715,27/09:39,27/09:45,27/10:25,27/10:36,0:40:00,PNK,CGK,007,28,1,1,NML,3,2025
2909.,B739,PKLGO,LNI,LNI367,LNI262,27/11:19,27/11:25,27/12:12,27/12:19,0:47:00,BPN,BPN,014,28,1,1,NML,3,2025
2910.,A320,PKPWA,PAS,PAS210,PAS211,27/09:33,27/09:40,27/10:36,27/10:45,0:56:00,CGK,CGK,005,28,1,1,NML,3,2025
2911.,B739,PKLSY,LNI,LNI645,LNI973,27/09:59,27/10:05,27/10:58,27/11:07,0:53:00,LOP,BTH,014,28,1,1,NML,3,2025
2912.,A320,PKLAF,BTK,BTK6134,BTK7516,27/09:43,27/09:49,27/11:01,27/11:11,1:12:00,PKN,HLP,009,28,1,1,NML,3,2025
2913.,A320,PKLUF,BTK,BTK7513,BTK6346,27/10:03,27/10:12,27/10:56,27/11:04,0:43:50,HLP,BEJ,020,28,0,0,NML,3,2025
2914.,A320,9VJSX,JSA,JSA1251,JSA1252,27/09:46,27/09:50,27/10:41,27/10:55,0:51:00,SIN,SIN,A07,28,1,1,NML,3,2025
2915.,B739,PKLHR,LNI,LNI970,LNI822,27/09:53,27/09:58,27/11:03,27/11:12,1:04:11,BTH,LOP,016,28,1,1,NML,3,2025
2916.,A320,PKAZU,AWQ,AWQ321,AWQ322,27/10:57,27/11:00,27/11:31,27/11:43,0:31:00,KUL,KUL,A01,28,1,1,NML,3,2025
2917.,B739,PKLQT,LNI,LNI694,LNI694,27/10:42,27/10:48,27/12:15,27/12:25,1:27:00,CGK,KOE,015,28,1,1,NML,3,2025
2918.,B739,PKLHO,LNI,LNI697,LNI697,27/14:29,27/14:33,27/15:22,27/15:31,0:49:00,KOE,CGK,024,28,0,0,NML,3,2025
2919.,B738,PKGFH,GIA,GIA322,GIA327,27/10:12,27/10:19,27/11:22,27/11:34,1:02:09,CGK,CGK,004,28,1,1,NML,3,2025
2920.,A320,PKLUY,BTK,BTK7517,BTK7520,27/10:49,27/10:55,27/11:40,27/11:47,0:45:00,HLP,HLP,008,28,1,1,NML,3,2025
2921.,B738,PKLSF,LNI,LNI879,LNI748,27/10:52,27/10:58,27/11:53,27/12:01,0:55:00,AMQ,MDC,021,28,0,0,NML,3,2025
2922.,B739,PKLHI,LNI,LNI983,LNI804,27/13:57,27/14:03,27/15:05,27/15:13,1:02:00,PKU,DPS,012,28,1,1,NML,3,2025
2923.,A320,PKGLR,CTV,CTV461,CTV698,27/11:23,27/11:30,27/12:24,27/12:35,0:54:00,AAP,DPS,006,28,1,1,NML,3,2025
2924.,A320,PKLDJ,BTK,BTK6582,BTK6585,27/11:41,27/11:47,27/12:37,27/12:50,0:50:00,CGK,CGK,009,28,1,1,NML,3,2025
2925.,A320,PKSGA,SJV,SJV363,SJV636,27/11:27,27/11:29,27/12:31,27/12:38,1:02:00,KNO,BDJ,020,28,0,0,NML,3,2025
2926.,A320,PKSAE,SJV,SJV567,SJV362,27/11:29,27/11:36,27/12:42,27/12:46,1:06:00,PLW,KNO,012,28,1,1,NML,3,2025
2927.,B739,PKLGL,LNI,LNI223,LNI680,27/11:55,27/11:59,27/12:49,27/13:00,0:50:00,BDJ,PKY,021,28,0,0,NML,3,2025
2928.,B739,PKLGY,LNI,LNI857,LNI780,27/12:16,27/12:22,27/13:29,27/13:37,1:07:00,PLM,UPG,016,28,1,1,NML,3,2025
2929.,A320,PKSJR,SJV,SJV2703,SJV2702,27/14:16,27/14:20,27/15:16,27/15:25,0:56:00,DPS,DPS,022,28,0,0,NML,3,2025
2930.,A320,PKBKM,BTK,BTK6596,BTK6595,27/12:57,27/13:02,27/13:45,27/13:56,0:42:02,CGK,CGK,009,28,1,1,NML,3,2025
2931.,A320,PKPWM,PAS,PAS204,PAS205,27/11:58,27/12:04,27/13:19,27/13:27,1:15:25,CGK,CGK,005,28,1,1,NML,3,2025
2932.,A320,PKAZT,AWQ,AWQ387,AWQ324,27/13:39,27/13:43,27/14:22,27/14:39,0:39:00,PEN,KUL,A01,28,1,1,NML,3,2025
2933.,A320,PKGLY,CTV,CTV487,CTV668,27/12:11,27/12:17,27/13:31,27/13:41,1:14:00,BDJ,DPS,007,28,1,1,NML,3,2025
2934.,B739,PKLGS,LNI,LNI707,LNI886,27/13:47,27/13:52,27/14:38,27/14:45,0:46:00,UPG,UPG,014,28,1,1,NML,3,2025
2935.,B738,PKGUF,GIA,GIA312,GIA317,27/12:33,27/12:39,27/13:34,27/13:44,0:55:00,CGK,CGK,004,28,1,1,NML,3,2025
2936.,B738,PKLJS,LNI,LNI839,LNI3982,27/13:42,27/13:48,27/14:42,27/14:51,0:54:00,PNK,PKU,015,28,1,1,NML,3,2025
2937.,B738,PKLJQ,LNI,LNI869,LNI722,27/14:43,27/14:48,27/15:57,27/16:08,1:09:00,TTE,KDI,014,28,1,1,NML,3,2025
2938.,B739,PKLGV,LNI,LNI787,LNI686,27/15:42,27/15:49,27/16:37,27/16:44,0:48:00,UPG,PKY,016,28,1,1,NML,3,2025
2939.,A320,PKGQU,CTV,CTV716,CTV717,27/13:35,27/13:41,27/14:13,27/14:20,0:32:00,CGK,CGK,006,28,1,1,NML,3,2025
2940.,A320,PKSJV,SJV,SJV633,SJV726,27/14:27,27/14:31,27/15:37,27/15:53,1:06:00,BDJ,LBJ,023,28,0,0,NML,3,2025
2941.,B739,PKLHP,LNI,LNI805,LNI910,27/14:23,27/14:27,27/15:37,27/15:44,1:10:00,DPS,DPS,021,28,0,0,NML,3,2025
2942.,A320,PKGTA,CTV,CTV431,CTV948,27/14:01,27/14:07,27/14:57,27/15:11,0:50:00,BPN,BTH,007,28,1,1,NML,3,2025
2943.,A320,9VJSJ,JSA,JSA247,JSA248,27/13:32,27/13:35,27/14:22,27/14:32,0:47:00,SIN,SIN,A06,28,1,1,NML,3,2025
2944.,A320,PKTLF,AFE,AFE920,AFE920,27/13:54,27/13:59,27/14:24,27/14:34,0:25:00,TIM,CGK,005,28,1,1,NML,3,2025
2945.,A320,PKLUK,BTK,BTK7515,BTK7514,27/14:12,27/14:17,27/14:56,27/15:04,0:39:00,HLP,HLP,009,28,1,1,NML,3,2025
2946.,A320,PKPWK,PAS,PAS208,PAS209,27/14:33,27/14:39,27/15:14,27/15:22,0:35:00,CGK,CGK,006,28,1,1,NML,3,2025
2947.,B739,PKLHR,LNI,LNI823,LNI642,27/14:08,27/14:12,27/15:18,27/15:27,1:06:00,LOP,LOP,016,28,1,1,NML,3,2025
2948.,A320,PKBKT,BTK,BTK6406,BTK6220,27/14:54,27/15:01,27/15:51,27/16:01,0:50:00,CGK,BPN,009,28,1,1,NML,3,2025
2949.,B738,PKLOR,LNI,LNI709,LNI836,27/16:08,27/16:15,27/17:11,27/17:17,0:56:00,UPG,PNK,014,28,1,1,NML,3,2025
2950.,A320,PKSJL,SJV,SJV641,SJV614,27/14:05,27/14:10,27/15:45,27/15:59,1:35:00,AAP,BPN,020,28,0,0,NML,3,2025
2951.,B738,PKGMD,GIA,GIA330,GIA331,27/14:36,27/14:42,27/15:37,27/15:47,0:55:00,HLP,HLP,004,28,1,1,NML,3,2025
2952.,A320,PKGLR,CTV,CTV699,CTV434,27/14:59,27/15:06,27/15:44,27/15:54,0:38:00,DPS,BPN,005,28,1,1,NML,3,2025
2953.,B739,PKLHI,LNI,LNI919,LNI920,27/17:30,27/17:34,27/18:46,27/18:53,1:12:00,DPS,DPS,018,10,0,0,NML,3,2025
2954.,A320,PKLAJ,BTK,BTK7501,BTK7512,27/14:49,27/14:55,27/16:19,27/16:27,1:24:00,HLP,HLP,008,28,1,1,NML,3,2025
2955.,B738,9MMLK,MAS,MAS873,MAS872,27/15:20,27/15:23,27/16:09,27/16:18,0:46:00,KUL,KUL,A07,28,1,1,NML,3,2025
2956.,A320,PKLUF,BTK,BTK6347,BTK6401,27/15:09,27/15:14,27/16:10,27/16:15,0:56:00,BEJ,CGK,015,28,1,1,NML,3,2025
2957.,A320,PKSGA,SJV,SJV637,SJV672,27/15:34,27/15:42,27/16:33,27/16:42,0:51:00,BDJ,BEJ,022,28,0,0,NML,3,2025
2958.,A320,PKGQM,CTV,CTV174,CTV418,27/15:17,27/15:23,27/16:13,27/16:20,0:50:00,HLP,PNK,007,28,1,1,NML,3,2025
2959.,B739,PKLGL,LNI,LNI681,LNI316,27/15:56,27/16:03,27/16:59,27/17:09,0:56:00,PKY,BDJ,025,28,0,0,NML,3,2025
2960.,A320,PKSJQ,SJV,SJV643,SJV648,27/15:14,27/15:19,27/16:19,27/16:29,1:00:00,AAP,BPN,012,28,1,1,NML,3,2025
2961.,B738MAX,9VMBF,SIA,SIA926,SIA927,27/15:45,27/15:50,27/16:41,27/16:58,0:51:00,SIN,SIN,A08,28,1,1,NML,3,2025
2962.,B738,PKGFH,GIA,GIA310,GIA315,27/15:49,27/15:55,27/16:54,27/17:03,0:59:00,CGK,CGK,004,28,1,1,NML,3,2025
2963.,B739,PKLGO,LNI,LNI261,LNI260,27/15:52,27/15:56,27/16:40,27/16:49,0:44:00,BPN,BPN,024,28,0,0,NML,3,2025
2964.,B739,PKLFF,LNI,LNI972,LNI268,27/17:34,27/17:39,27/18:31,27/18:44,0:52:00,BTH,TRK,012,10,1,1,NML,3,2025
"2965.,B739,PKLPK,LNI,LNI709,LNI581,26/15:51,26/15:56,27/16:30,27/16:37,""1 day, 0:34:00"",UPG,CGK,018,28,0,0,NML,3,2025"
2966.,A320,PKPWD,PAS,PAS206,PAS623,27/16:05,27/16:12,27/16:54,27/17:01,0:42:00,CGK,BPN,005,28,1,1,NML,3,2025
2967.,A320,PKGTE,CTV,CTV669,CTV488,27/16:35,27/16:41,27/17:21,27/17:29,0:40:00,DPS,BDJ,006,28,1,1,NML,3,2025
2968.,A320,PKAZU,AWQ,AWQ323,AWQ326,27/18:41,27/18:47,27/19:17,27/19:25,0:30:00,KUL,KUL,A01,10,1,1,NML,3,2025
2969.,B739,PKLGV,LNI,LNI687,LNI3318,27/19:37,27/19:41,27/20:23,27/20:43,0:42:00,PKY,BDJ,014,10,1,1,NML,3,2025
2970.,A320,PKSTC,SJV,SJV619,SJV708,27/16:46,27/16:50,27/18:18,27/18:27,1:28:00,BPN,DPS,020,28,0,0,NML,3,2025
2971.,A320,PKPWA,PAS,PAS622,PAS207,27/17:10,27/17:17,27/18:14,27/18:29,0:57:00,BPN,CGK,005,28,1,1,NML,3,2025
2972.,B738,PKGUF,GIA,GIA320,GIA325,27/17:26,27/17:35,27/18:25,27/18:36,0:50:00,CGK,CGK,004,10,1,1,NML,3,2025
2973.,B739,PKLQT,LNI,LNI695,LNI800,27/16:55,27/17:01,27/19:54,27/20:06,2:53:00,KOE,UPG,015,10,1,1,NML,3,2025
2974.,A320,PKSJR,SJV,SJV723,SJV716,27/18:48,27/18:51,27/20:55,27/21:04,2:04:00,DPS,LOP,012,10,1,1,NML,3,2025
2975.,B735,PKCLE,SJY,SJY567,SJY562,27/17:40,27/17:46,27/18:38,27/18:50,0:52:00,UPG,UPG,009,28,1,1,NML,3,2025
2976.,B738MAX,9VMBM,SIA,SIA928,SIA929,27/17:50,27/17:59,27/18:53,27/19:09,0:54:00,SIN,SIN,A06,10,1,1,NML,3,2025
2977.,A320,PKLAF,BTK,BTK7503,BTK7502,27/18:20,27/18:25,27/19:06,27/19:19,0:41:00,HLP,HLP,014,10,1,1,NML,3,2025
2978.,B739,PKLHR,LNI,LNI865,LNI3990,27/18:11,27/18:14,27/19:13,27/19:21,0:59:00,LOP,DPS,021,10,0,0,NML,3,2025
2979.,B739,PKLSP,LNI,LNI692,LNI692,27/18:30,27/18:34,27/19:28,27/19:39,0:54:00,CGK,KOE,020,10,0,0,NML,3,2025
2980.,B739,PKLHP,LNI,LNI923,LNI226,27/18:27,27/18:31,27/19:31,27/19:43,1:00:00,DPS,BDJ,022,10,0,0,NML,3,2025
2981.,B739,PKLHI,LNI,LNI3919,LNI3920,27/21:25,27/21:30,27/22:14,27/22:26,0:44:00,DPS,DPS,012,10,1,1,NML,3,2025
2982.,B738,PKLSF,LNI,LNI749,LNI838,27/17:44,27/17:50,27/19:05,27/19:12,1:15:00,MDC,PNK,016,10,1,1,NML,3,2025
2983.,B738,PKLJQ,LNI,LNI727,LNI3804,27/20:09,27/20:14,27/21:06,27/21:14,0:52:00,KDI,DPS,021,10,0,0,NML,3,2025
2984.,A320,PKGLV,CTV,CTV172,CTV173,27/18:16,27/18:19,27/19:04,27/19:17,0:45:00,HLP,HLP,008,10,1,1,NML,3,2025
2985.,A320,PKGQN,CTV,CTV949,CTV494,27/18:33,27/18:37,27/19:16,27/19:28,0:39:00,BTH,BDJ,007,10,1,1,NML,3,2025
2986.,B738,PKLZV,BTK,BTK6576,BTK6575,27/19:06,27/19:11,27/20:21,27/20:39,1:10:00,CGK,CGK,009,10,1,1,NML,3,2025
2987.,A320,PKLAJ,BTK,BTK7519,BTK7518,27/19:23,27/19:29,27/20:15,27/20:30,0:46:00,HLP,HLP,016,10,1,1,NML,3,2025
2988.,B739,PKLHS,LNI,LNI885,LNI880,27/20:57,27/20:59,27/21:53,27/22:09,0:54:00,UPG,UPG,014,10,1,1,NML,3,2025
2989.,A320,PKPWK,PAS,PAS202,PAS203,27/18:38,27/18:41,27/19:43,27/19:55,1:02:00,CGK,CGK,005,10,1,1,NML,3,2025
2990.,A320,PKSJL,SJV,SJV617,SJV616,27/19:33,27/19:37,27/20:19,27/20:38,0:42:00,BPN,BPN,018,10,0,0,NML,3,2025
2991.,A320,PKGLR,CTV,CTV435,CTV719,27/19:15,27/19:22,27/19:55,27/20:14,0:33:00,BPN,CGK,007,10,1,1,NML,3,2025
2992.,B738,PKGFW,GIA,GIA326,GIA313,27/19:09,27/19:14,27/20:32,27/20:47,1:18:00,CGK,CGK,004,10,1,1,NML,3,2025
2993.,A320,PKGLU,CTV,CTV736,CTV662,27/19:01,27/19:09,27/20:01,27/20:15,0:52:00,CGK,DPS,008,10,1,1,NML,3,2025
2994.,A320,PKGLP,CTV,CTV722,CTV354,27/20:03,27/20:07,27/20:50,27/21:02,0:43:00,CGK,UPG,007,10,1,1,NML,3,2025
2995.,A320,PKGQP,CTV,CTV489,CTV352,27/20:34,27/20:38,27/21:20,27/21:30,0:42:00,BDJ,UPG,004,10,1,1,NML,3,2025
2996.,B738,PKGMY,GIA,GIA349,GIA319,27/18:01,27/18:06,27/20:56,27/21:08,2:50:00,DPS,CGK,006,10,1,1,NML,3,2025
2997.,A320,PKGTE,CTV,CTV495,CTV721,27/20:21,27/20:26,27/21:03,27/21:16,0:37:00,BDJ,CGK,009,10,1,1,NML,3,2025
2998.,B738,PKLJS,LNI,LNI3983,LNI884,27/20:11,27/20:15,27/23:03,27/23:12,2:48:00,PKU,UPG,015,10,1,1,NML,3,2025
2999.,B738,PKGFH,GIA,GIA3204,GIA3254,27/20:28,27/20:32,27/21:25,27/21:33,0:53:00,CGK,CGK,008,10,1,1,NML,3,2025
3000.,B739,PKLHR,LNI,LNI3929,LNI3856,27/22:10,27/22:14,27/23:07,27/23:18,0:53:00,DPS,PLM,014,10,1,1,NML,3,2025
3001.,A320,PKGQQ,CTV,CTV726,CTV694,27/20:31,27/20:36,27/21:37,27/21:47,1:01:00,CGK,DPS,003,10,0,0,NML,3,2025
3002.,A320,PKLAO,BTK,BTK6137,BTK6136,27/20:19,27/20:23,27/21:56,27/22:12,1:33:00,UPG,UPG,016,10,1,1,NML,3,2025
3003.,A320,PKSJQ,SJV,SJV613,SJV610,27/20:07,27/20:11,28/04:58,28/05:10,8:47:00,BPN,BPN,025,28,0,0,NML,3,2025
3004.,A320,PKLUG,BTK,BTK6586,BTK7508,27/20:26,27/20:33,28/05:08,28/05:18,8:35:00,CGK,HLP,020,28,0,0,NML,3,2025
3005.,A320,PKGQS,CTV,CTV720,CTV430,27/22:02,27/22:07,28/05:00,28/05:12,6:53:00,CGK,BPN,006,28,1,1,NML,3,2025
3006.,B738,PKLJQ,LNI,LNI3805,LNI878,27/23:44,27/23:48,28/04:57,28/05:08,5:09:00,DPS,AMQ,014,28,1,1,NML,3,2025
3007.,A320,PKAZT,AWQ,AWQ325,AWQ320,27/20:24,27/20:29,28/05:01,28/05:13,8:32:00,KUL,KUL,A01,28,1,1,NML,3,2025
3008.,B739,PKLQT,LNI,LNI701,LNI786,27/23:39,27/23:41,28/05:04,28/05:16,5:23:00,UPG,UPG,015,28,1,1,NML,3,2025
3009.,A320,PKLUO,BTK,BTK6588,BTK6132,27/22:04,27/22:08,28/05:13,28/05:24,7:05:00,CGK,LOP,016,28,1,1,NML,3,2025
3010.,B739,PKLFW,LNI,LNI690,LNI690,28/05:02,28/05:11,28/06:07,28/06:20,0:56:00,CGK,KOE,014,28,1,1,NML,3,2025
3011.,A320,PKGLU,CTV,CTV695,CTV725,27/22:34,27/22:38,28/05:37,28/05:46,6:59:00,DPS,CGK,007,28,1,1,NML,3,2025
3012.,B787,V8DLB,RBA,RBA795,RBA796,27/20:36,27/20:43,28/06:03,28/06:13,9:20:00,BWN,BWN,A07,28,1,1,NML,3,2025
3013.,B739,PKLSY,LNI,LNI3857,LNI266,27/22:06,28/03:41,28/05:53,28/06:03,7:42:00,PLM,BPN,017,28,1,0,NML,3,2025
3014.,A320,PKPWJ,PAS,PAS212,PAS213,27/21:37,27/21:41,28/05:47,28/05:54,8:06:00,CGK,CGK,004,28,1,1,NML,3,2025
3015.,A320,PKSJV,SJV,SJV725,SJV706,27/22:31,27/22:35,28/06:02,28/06:14,7:27:00,LBJ,DPS,012,28,1,1,NML,3,2025
3016.,B739,PKLHI,LNI,LNI929,LNI882,28/05:21,28/05:25,28/06:20,28/06:33,0:55:00,DPS,UPG,015,28,1,1,NML,3,2025
3017.,B738,PKLQZ,LNI,LNI883,LNI868,27/21:41,27/21:45,28/05:56,28/06:07,8:11:00,UPG,TTE,021,28,0,0,NML,3,2025
3018.,A320,PKGQP,CTV,CTV353,CTV670,28/05:06,28/05:13,28/05:56,28/06:11,0:43:00,UPG,LOP,006,28,1,1,NML,3,2025
3019.,A320,PKSJT,SJV,SJV615,SJV640,27/21:00,27/21:05,28/05:56,28/06:12,8:51:00,BPN,AAP,C04,28,0,0,NML,3,2025
3020.,A320,PKBKT,BTK,BTK6221,BTK6589,27/19:29,27/19:33,28/06:07,28/06:18,10:34:18,BPN,CGK,026,28,0,0,NML,3,2025
3021.,A320,PKBLA,BTK,BTK7521,BTK8510,27/20:00,27/20:04,28/06:12,28/06:21,10:08:00,HLP,HLP,024,28,0,0,NML,3,2025
3022.,A320,PKBKJ,BTK,BTK6413,BTK6412,27/19:53,27/19:55,28/06:26,28/06:40,10:31:00,DPS,DPS,023,28,0,0,NML,3,2025
3023.,A320,PKSGA,SJV,SJV673,SJV634,27/20:50,27/20:55,28/06:27,28/06:45,9:32:00,BEJ,BDJ,C03,28,0,0,NML,3,2025
3024.,B739,PKLHP,LNI,LNI3319,LNI3982,27/22:16,27/22:23,28/06:38,28/06:50,8:15:00,BDJ,PKU,009,28,1,1,NML,3,2025
3025.,B739,PKLGV,LNI,LNI315,LNI856,28/06:31,28/06:36,28/07:42,28/07:52,1:06:00,BDJ,PLM,015,28,1,1,NML,3,2025
3026.,A320,PKSTC,SJV,SJV727,SJV566,27/20:45,27/20:50,28/07:10,28/07:19,10:20:00,DPS,PLW,C05,28,0,0,NML,3,2025
3027.,A320,PKSJR,SJV,SJV717,SJV612,28/06:06,28/06:11,28/07:07,28/07:21,0:56:00,LOP,BPN,010,28,1,1,NML,3,2025
3028.,C208,PKVVO,SUS,PKVVO,PKVVO,27/09:15,27/09:17,28/07:20,28/07:26,22:03:00,BXW,BXW,C07,28,0,0,NML,3,2025
3029.,B739,PKLGU,LNI,LNI311,LNI971,28/06:09,28/06:16,28/07:10,28/07:18,0:54:00,BDJ,BTH,017,28,1,1,NML,3,2025
3030.,A320,PKLUQ,BTK,BTK8519,BTK6135,27/20:41,27/20:45,28/07:01,28/07:14,10:16:00,HLP,PKN,018,28,0,0,NML,3,2025
3031.,B738,PKGNQ,GIA,GIA328,GIA305,27/20:15,27/20:18,28/07:01,28/07:13,10:43:00,CGK,CGK,005,28,1,1,NML,3,2025
3032.,B738,PKGMA,GIA,GIA855,GIA854,27/21:12,27/21:20,28/07:06,28/07:16,9:46:00,SIN,SIN,A02,28,1,1,NML,3,2025
3033.,B739,PKLGO,LNI,LNI363,LNI646,28/06:27,28/06:32,28/07:43,28/07:59,1:11:00,BPN,LOP,016,28,1,1,NML,3,2025
3034.,B739,PKLHS,LNI,LNI801,LNI982,28/06:35,28/06:41,28/07:30,28/07:37,0:49:00,UPG,PKU,014,28,1,1,NML,3,2025
3035.,A320,PKLAF,BTK,BTK7511,BTK7510,28/06:38,28/06:43,28/07:27,28/07:34,0:44:00,HLP,HLP,012,28,1,1,NML,3,2025
3036.,A320,PKAZU,AWQ,AWQ327,AWQ392,28/00:38,28/00:43,28/07:29,28/07:42,6:46:00,KUL,JHB,A03,28,1,1,NML,3,2025
3037.,B738,PKGMV,GIA,GIA3264,GIA3134,28/06:47,28/06:52,28/07:42,28/07:54,0:50:00,CGK,CGK,004,28,1,1,NML,3,2025
3038.,A320,PKGQQ,CTV,CTV661,CTV460,28/06:48,28/06:53,28/07:39,28/07:47,0:46:00,DPS,AAP,006,28,1,1,NML,3,2025
3039.,B739,PKLSP,LNI,LNI693,LNI693,28/06:52,28/06:57,28/07:57,28/08:05,1:00:00,KOE,CGK,020,28,0,0,NML,3,2025
3040.,A320,PKGLV,CTV,CTV170,CTV175,28/07:10,28/07:18,28/07:54,28/08:05,0:36:00,HLP,HLP,008,28,1,1,NML,3,2025
3041.,A320,PKGTG,CTV,CTV710,CTV723,28/07:26,28/07:33,28/08:12,28/08:28,0:39:00,CGK,CGK,007,28,1,1,NML,3,2025
3042.,A333,BLBK,CPA,CPA779,CPA780,27/18:07,27/18:14,28/08:19,28/08:34,14:05:00,HKG,HKG,A08,28,1,1,NML,3,2025
"3043.,A339,PKLES,LNI,LNI105,LNI102,25/11:55,28/00:48,28/08:09,28/08:24,""2 days, 20:11:00"",JED,JED,A06,28,1,1,NML,3,2025"
3044.,B739,PKLFF,LNI,LNI267,LNI990,28/06:57,28/07:03,28/08:20,28/08:31,1:17:00,TRK,DPS,009,28,1,1,NML,3,2025
3045.,A320,PKLUI,BTK,BTK6572,BTK6573,28/07:40,28/07:47,28/08:42,28/08:52,0:55:00,CGK,CGK,010,28,1,1,NML,3,2025
3046.,A320,PKGLP,CTV,CTV355,CTV177,28/07:56,28/08:02,28/08:42,28/08:50,0:40:00,UPG,HLP,006,28,1,1,NML,3,2025
3047.,B738,PKLZO,MXD,MXD352,MXD353,27/19:58,27/20:07,28/09:12,28/09:25,13:05:00,KUL,KUL,A04,28,1,1,NML,3,2025
3048.,B739,PKLGL,LNI,LNI683,LNI682,28/08:10,28/08:15,28/09:07,28/09:17,0:52:00,PKY,PKY,017,28,1,1,NML,3,2025
3049.,A320,PKSTF,SJV,SJV649,SJV618,28/07:45,28/07:50,28/09:00,28/09:08,1:10:00,BPN,BPN,018,28,0,0,NML,3,2025
3050.,A320,PKLUO,BTK,BTK6133,BTK6581,28/07:49,28/07:55,28/08:53,28/09:01,0:58:00,LOP,CGK,012,28,1,1,NML,3,2025
3051.,A320,PKPWE,PAS,PAS200,PAS201,28/08:15,28/08:20,28/09:06,28/09:18,0:46:00,CGK,CGK,005,28,1,1,NML,3,2025
3052.,B738,PKGFG,GIA,GIA304,GIA342,28/08:21,28/08:30,28/09:28,28/09:41,0:58:00,CGK,DPS,004,28,1,1,NML,3,2025
3053.,A320,PKGQP,CTV,CTV671,CTV486,28/08:36,28/08:42,28/09:22,28/09:37,0:40:00,LOP,BDJ,007,28,1,1,NML,3,2025
3054.,A320,PKSGA,SJV,SJV635,SJV642,28/09:39,28/09:44,28/10:29,28/10:38,0:45:00,BDJ,AAP,012,28,1,1,NML,3,2025
3055.,A320,PKSJV,SJV,SJV703,SJV702,28/08:39,28/08:46,28/09:43,28/09:52,0:57:00,DPS,DPS,009,28,1,1,NML,3,2025
3056.,A20N,9VTNG,TGW,TGW264,TGW265,28/09:14,28/09:19,28/10:12,28/10:23,0:53:00,SIN,SIN,A02,28,1,1,NML,3,2025
3057.,B738,9MMXC,MAS,MAS871,MAS870,28/09:35,28/09:38,28/10:30,28/10:52,0:52:00,KUL,KUL,A07,28,1,1,NML,3,2025
"3058.,AW139,PKTVN,TVR,PKTVN,PKTVN,12/09:23,12/09:27,28/10:03,28/10:12,""16 days, 0:36:00"",ZZZZ,ZZZZ,H02,28,0,0,NML,3,2025"
3059.,B735,PKNAS,LKN,LKN243,LKN242,28/09:27,28/09:32,28/10:10,28/10:21,0:38:00,SMQ,SMQ,010,28,1,1,NML,3,2025
3060.,B738,9MLNP,MXD,MXD350,MXD351,28/09:10,28/09:15,28/10:01,28/10:13,0:46:00,KUL,KUL,A03,28,1,1,NML,3,2025
3061.,A359,9VSHO,SIA,SIA922,SIA923,28/09:23,28/09:27,28/10:24,28/10:42,0:57:00,SIN,SIN,A08,28,1,1,NML,3,2025
3062.,A320,PKSTG,SJV,SJV611,SJV632,28/09:05,28/09:10,28/10:32,28/10:46,1:22:00,BPN,BDJ,020,28,0,0,NML,3,2025
3063.,A320,PKGQI,CTV,CTV351,CTV350,28/09:32,28/09:38,28/10:22,28/10:33,0:44:00,UPG,UPG,006,28,1,1,NML,3,2025
3064.,B739,PKLQT,LNI,LNI791,LNI706,28/10:00,28/10:05,28/12:17,28/12:24,2:12:00,UPG,UPG,016,28,1,1,NML,3,2025
3065.,B739,PKLSY,LNI,LNI367,LNI262,28/09:49,28/09:54,28/10:41,28/10:56,0:47:00,BPN,BPN,014,28,1,1,NML,3,2025
3066.,B739,PKLGO,LNI,LNI645,LNI973,28/10:43,28/10:48,28/11:47,28/11:57,0:58:57,LOP,BTH,021,28,0,0,NML,3,2025
3067.,A320,PKPWJ,PAS,PAS210,PAS211,28/09:42,28/09:49,28/10:36,28/10:48,0:47:00,CGK,CGK,005,28,1,1,NML,3,2025
3068.,A320,PKLAT,BTK,BTK7513,BTK6346,28/10:19,28/10:26,28/11:13,28/11:22,0:47:00,HLP,BEJ,008,28,1,1,NML,3,2025
3069.,B739,PKLSR,LNI,LNI970,LNI222,28/09:57,28/10:03,28/10:52,28/11:04,0:49:00,BTH,BDJ,015,28,1,1,NML,3,2025
3070.,A320,PKLUQ,BTK,BTK6134,BTK7516,28/09:45,28/09:51,28/11:17,28/11:28,1:26:00,PKN,HLP,009,28,1,1,NML,3,2025
3071.,A320,9VJSK,JSA,JSA1251,JSA1252,28/09:54,28/09:57,28/10:49,28/10:59,0:52:00,SIN,SIN,A06,28,1,1,NML,3,2025
3072.,B739,PKLHY,LNI,LNI694,LNI694,28/10:24,28/10:29,28/11:33,28/11:45,1:04:00,CGK,KOE,017,28,1,1,NML,3,2025
3073.,A320,PKAZP,AWQ,AWQ321,AWQ322,28/11:02,28/11:05,28/11:42,28/11:53,0:37:00,KUL,KUL,A03,28,1,1,NML,3,2025
3074.,B739,PKLFW,LNI,LNI697,LNI697,28/10:50,28/10:55,28/11:48,28/11:58,0:53:00,KOE,CGK,012,28,1,1,NML,3,2025
3075.,B738MAX,9VMBL,SIA,SIA932,SIA933,28/11:07,28/11:10,28/12:08,28/12:23,0:58:00,SIN,SIN,A08,28,1,1,NML,3,2025
3076.,B738,PKLSF,LNI,LNI837,LNI748,28/10:54,28/10:59,28/12:24,28/12:34,1:25:00,PNK,MDC,018,28,0,0,NML,3,2025
3077.,B738,PKGNF,GIA,GIA322,GIA327,28/10:34,28/10:43,28/11:47,28/11:59,1:04:00,CGK,CGK,004,28,1,1,NML,3,2025
3078.,A320,PKLAF,BTK,BTK7517,BTK7520,28/10:44,28/10:48,28/11:38,28/11:51,0:50:00,HLP,HLP,010,28,1,1,NML,3,2025
3079.,B739,PKLFF,LNI,LNI805,LNI804,28/11:36,28/11:40,28/12:38,28/12:48,0:58:00,DPS,DPS,015,28,1,1,NML,3,2025
3080.,B739,PKLGV,LNI,LNI857,LNI822,28/12:07,28/12:11,28/13:20,28/13:39,1:09:00,PLM,LOP,017,28,1,1,NML,3,2025
3081.,A320,PKGQQ,CTV,CTV461,CTV698,28/11:14,28/11:24,28/12:08,28/12:17,0:44:00,AAP,DPS,006,28,1,1,NML,3,2025
3082.,A320,PKGQM,CTV,CTV417,CTV715,28/11:40,28/11:46,28/12:29,28/12:36,0:43:00,PNK,CGK,007,28,1,1,NML,3,2025
3083.,A320,PKBKM,BTK,BTK6582,BTK6585,28/12:22,28/12:28,28/13:49,28/13:59,1:21:00,CGK,CGK,008,28,1,1,NML,3,2025
3084.,A320,PKSTC,SJV,SJV567,SJV636,28/11:43,28/11:48,28/12:46,28/12:52,0:58:00,PLW,BDJ,010,28,1,1,NML,3,2025
3085.,C208,VHHFX,GAL,VHHFX,VHHFX,28/11:30,28/11:35,28/13:16,28/13:26,1:41:00,BME,KNO,A01,28,1,0,NML,3,2025
3086.,B735,PKNAT,LKN,LKN193,LKN192,28/11:47,28/11:52,28/12:36,28/12:45,0:44:00,PKN,PKN,009,28,1,1,NML,3,2025
3087.,A320,PKSJV,SJV,SJV2703,SJV2702,28/12:54,28/12:59,28/13:56,28/14:13,0:57:00,DPS,DPS,014,28,1,1,NML,3,2025
3088.,B739,PKLHP,LNI,LNI3983,LNI680,28/12:42,28/12:45,28/13:33,28/13:47,0:48:00,PKU,PKY,016,28,1,1,NML,3,2025
3089.,B738,PKLQZ,LNI,LNI869,LNI722,28/12:29,28/12:36,28/13:34,28/13:54,0:58:00,TTE,KDI,012,28,1,1,NML,3,2025
3090.,A320,PKPWG,PAS,PAS204,PAS205,28/12:01,28/12:09,28/13:19,28/13:31,1:10:00,CGK,CGK,005,28,1,1,NML,3,2025
3091.,A320,PKAZU,AWQ,AWQ393,AWQ324,28/12:32,28/12:35,28/13:18,28/13:28,0:43:00,JHB,KUL,A03,28,1,1,NML,3,2025
3092.,A320,PKGQP,CTV,CTV487,CTV668,28/12:38,28/12:45,28/13:29,28/13:43,0:44:00,BDJ,DPS,007,28,1,1,NML,3,2025
3093.,B738,PKGNH,GIA,GIA312,GIA317,28/12:50,28/12:59,28/13:53,28/14:12,0:53:22,CGK,CGK,004,28,1,1,NML,3,2025
3094.,B739,PKLHS,LNI,LNI983,LNI780,28/13:37,28/13:42,28/14:37,28/14:51,0:55:00,PKU,UPG,015,28,1,1,NML,3,2025
3095.,B739,PKLGY,LNI,LNI787,LNI686,28/13:53,28/13:58,28/14:45,28/14:58,0:47:00,UPG,PKY,012,28,1,1,NML,3,2025
3096.,B738,PKLOR,LNI,LNI839,LNI836,28/13:33,28/13:38,28/14:39,28/14:53,1:01:00,PNK,PNK,018,28,0,0,NML,3,2025
3097.,A320,PKSTG,SJV,SJV633,SJV726,28/13:41,28/13:46,28/14:41,28/14:57,0:55:00,BDJ,LBJ,009,28,1,1,NML,3,2025
3098.,B739,PKLSR,LNI,LNI223,LNI910,28/14:03,28/14:08,28/15:35,28/15:53,1:27:00,BDJ,DPS,014,28,1,1,NML,3,2025
3099.,A320,PKGQS,CTV,CTV431,CTV948,28/13:50,28/13:55,28/14:33,28/14:42,0:38:00,BPN,BTH,006,28,1,1,NML,3,2025
3100.,A320,9VJSY,JSA,JSA247,JSA248,28/13:45,28/13:49,28/14:30,28/14:40,0:41:00,SIN,SIN,A07,28,1,1,NML,3,2025
3101.,A320,PKLUY,BTK,BTK7515,BTK7514,28/13:57,28/14:03,28/14:53,28/14:59,0:50:00,HLP,HLP,010,28,1,1,NML,3,2025
3102.,A320,PKGQU,CTV,CTV716,CTV717,28/14:06,28/14:12,28/14:58,28/15:07,0:46:00,CGK,CGK,007,28,1,1,NML,3,2025
3103.,A320,PKPWK,PAS,PAS208,PAS209,28/14:09,28/14:16,28/15:03,28/15:10,0:47:00,CGK,CGK,005,28,1,1,NML,3,2025
3104.,B739,PKLQT,LNI,LNI707,LNI886,28/16:43,28/16:49,28/17:53,28/18:09,1:04:00,UPG,UPG,018,28,0,0,NML,3,2025
3105.,B739,PKLSY,LNI,LNI261,LNI642,28/14:20,28/14:26,28/15:21,28/15:36,0:55:00,BPN,LOP,016,28,1,1,NML,3,2025
3106.,A320,PKLUV,BTK,BTK6406,BTK6220,28/15:02,28/15:08,28/16:06,28/16:20,0:58:00,CGK,BPN,009,28,1,1,NML,3,2025
3107.,B739,PKLFF,LNI,LNI919,LNI3822,28/15:58,28/16:04,28/16:58,28/17:06,0:54:00,DPS,LOP,015,28,1,1,NML,3,2025
3108.,A320,PKSGA,SJV,SJV641,SJV614,28/14:00,28/14:05,28/15:29,28/16:10,1:24:00,AAP,BPN,020,28,0,0,NML,3,2025
3109.,B738,PKGFV,GIA,GIA330,GIA331A,28/14:31,28/14:40,28/15:26,28/15:26,0:46:00,HLP,HLP,004,28,1,1,RTA,3,2025
3110.,B739,PKLGV,LNI,LNI823,LNI260,28/16:32,28/16:37,28/17:27,28/17:36,0:50:00,LOP,BPN,014,28,1,1,NML,3,2025
3111.,A320,PKGQQ,CTV,CTV699,CTV434,28/14:55,28/15:02,28/15:45,28/16:06,0:43:00,DPS,BPN,006,28,1,1,NML,3,2025
3112.,A320,PKLUR,BTK,BTK7501,BTK7512,28/14:49,28/14:56,28/15:39,28/15:51,0:43:00,HLP,HLP,008,28,1,1,NML,3,2025
3113.,A320,PKLAT,BTK,BTK6347,BTK6401,28/18:39,28/18:44,28/19:58,28/20:15,1:14:00,BEJ,CGK,010,28,1,1,NML,3,2025
3114.,A320,PKSTC,SJV,SJV637,SJV672,28/16:09,28/16:14,28/16:58,28/17:10,0:44:00,BDJ,BEJ,016,28,1,1,NML,3,2025
3115.,A320,PKGLV,CTV,CTV174,CTV418,28/15:32,28/15:40,28/16:26,28/16:38,0:46:00,HLP,PNK,007,28,1,1,NML,3,2025
3116.,A320,PKSJT,SJV,SJV643,SJV648,28/15:12,28/15:21,28/17:06,28/17:15,1:45:00,AAP,BPN,010,28,1,1,NML,3,2025
3117.,B738MAX,9VMBC,SIA,SIA926,SIA927,28/16:13,28/16:19,28/17:14,28/17:30,0:55:00,SIN,SIN,A06,28,1,1,NML,3,2025
3118.,B738,PKGNF,GIA,GIA310,GIA315,28/16:04,28/16:12,28/16:59,28/17:09,0:47:00,CGK,CGK,005,28,1,1,NML,3,2025
3119.,B738,PKGFV,GIA,GIA331A,GIA331,28/15:44,28/15:44,28/16:08,28/16:23,0:24:00,SUB,HLP,004,28,1,1,NML,3,2025
3120.,B739,PKLHY,LNI,LNI695,LNI268,28/16:22,28/16:28,28/17:14,28/17:23,0:46:00,KOE,TRK,012,28,1,1,NML,3,2025
3121.,A320,PKSJH,SJV,SJV619,SJV362,28/17:13,28/17:17,28/18:15,28/18:33,0:58:00,BPN,KNO,010,28,1,1,NML,3,2025
3122.,B739,PKLHP,LNI,LNI681,LNI316,28/16:35,28/16:40,28/17:46,28/17:54,1:06:00,PKY,BDJ,020,28,0,0,NML,3,2025
3123.,A320,PKPWA,PAS,PAS206,PAS623,28/16:27,28/16:33,28/17:12,28/17:21,0:39:00,CGK,BPN,006,28,1,1,NML,3,2025
3124.,B738,PKLJS,LNI,LNI709,LNI884,28/16:17,28/16:22,28/17:08,28/17:20,0:46:00,UPG,UPG,017,28,1,1,NML,3,2025
3125.,B739,PKLGU,LNI,LNI972,LNI226,28/18:11,28/18:16,28/19:05,28/19:17,0:49:00,BTH,BDJ,016,28,1,1,NML,3,2025
3126.,A320,PKAZP,AWQ,AWQ323,AWQ326,28/17:37,28/17:40,28/18:12,28/18:26,0:32:00,KUL,KUL,A01,28,1,1,NML,3,2025
3127.,A320,PKGLU,CTV,CTV669,CTV488,28/17:00,28/17:06,28/17:44,28/17:52,0:38:00,DPS,BDJ,007,28,1,1,NML,3,2025
3128.,B738,PKLJQ,LNI,LNI879,LNI838,28/14:45,28/14:48,28/17:40,28/17:50,2:52:00,AMQ,PNK,024,28,0,0,NML,3,2025
3129.,B739,PKLFF,LNI,LNI3823,LNI3318,28/19:40,28/19:47,28/21:18,28/21:35,1:31:00,LOP,BDJ,015,28,1,1,NML,3,2025
3130.,A320,PKSGA,SJV,SJV617,SJV708,28/19:30,28/19:34,28/20:29,28/20:56,0:55:00,BPN,DPS,021,28,0,0,NML,3,2025
3131.,A320,PKPWJ,PAS,PAS622,PAS207,28/17:18,28/17:23,28/18:16,28/18:30,0:53:00,BPN,CGK,005,28,1,1,NML,3,2025
3132.,B739,PKLGY,LNI,LNI687,LNI800,28/18:24,28/18:31,28/19:16,28/19:28,0:45:00,PKY,UPG,014,28,1,1,NML,3,2025
3133.,A320,PKSTG,SJV,SJV725,SJV716,28/19:15,28/19:21,28/20:35,28/21:05,1:14:00,LBJ,LOP,020,28,0,0,NML,3,2025
3134.,B738MAX,9VMBA,SIA,SIA928,SIA929,28/18:57,28/19:01,28/20:04,28/20:26,1:03:00,SIN,SIN,A06,28,1,1,NML,3,2025
3135.,B738,PKCRH,SJY,SJY567,SJY562,28/18:31,28/18:37,28/19:26,28/19:38,0:49:00,UPG,UPG,012,28,1,1,NML,3,2025
3136.,A320,PKLUQ,BTK,BTK7503,BTK7502,28/18:35,28/18:43,28/19:26,28/19:45,0:43:00,HLP,HLP,008,28,1,1,NML,3,2025
3137.,B738,PKLQZ,LNI,LNI727,LNI3804,28/17:57,28/18:02,28/18:52,28/19:06,0:50:00,KDI,DPS,017,28,1,1,NML,3,2025
3138.,B739,PKLSY,LNI,LNI865,LNI3990,28/18:28,28/18:33,28/19:20,28/19:32,0:47:00,LOP,DPS,015,28,1,1,NML,3,2025
3139.,B738,PKGUC,GIA,GIA320,GIA325,28/18:15,28/18:23,28/19:10,28/19:21,0:47:00,CGK,CGK,004,28,1,1,NML,3,2025
3140.,B739,PKLSR,LNI,LNI923,LNI3268,28/18:49,28/18:55,28/19:48,28/19:59,0:53:00,DPS,TRK,018,28,0,0,NML,3,2025
3141.,A320,PKGQE,CTV,CTV172,CTV173,28/18:00,28/18:08,28/19:00,28/19:10,0:52:00,HLP,HLP,006,28,1,1,NML,3,2025
3142.,A320,PKGQO,CTV,CTV736,CTV352,28/18:42,28/18:49,28/19:36,28/19:50,0:47:00,CGK,UPG,007,28,1,1,NML,3,2025
3143.,B739,PKLGL,LNI,LNI692,LNI692,28/19:33,28/19:39,28/20:32,28/21:00,0:53:00,CGK,KOE,014,28,1,1,NML,3,2025
3144.,A320,PKGTA,CTV,CTV949,CTV494,28/19:03,28/19:09,28/19:47,28/20:04,0:38:00,BTH,BDJ,009,28,1,1,NML,3,2025
3145.,B788,9VOFD,TGW,TGW262,TGW263,28/18:53,28/18:56,28/19:56,28/20:21,1:00:00,SIN,SIN,A07,28,1,1,NML,3,2025
3146.,B738,PKBGZ,BTK,BTK6576,BTK6575,28/19:26,28/19:31,28/20:25,28/20:43,0:54:00,CGK,CGK,016,28,1,1,NML,3,2025
3147.,A320,PKGLG,CTV,CTV718,CTV711,28/19:11,28/19:17,28/20:00,28/20:19,0:43:00,CGK,CGK,022,28,0,0,NML,3,2025
3148.,A320,PKLUR,BTK,BTK7519,BTK7518,28/19:23,28/19:29,28/20:29,28/20:55,1:00:00,HLP,HLP,017,28,1,1,NML,3,2025
3149.,B739,PKLGO,LNI,LNI3972,LNI880,28/21:26,28/21:31,28/22:36,28/22:46,1:05:00,BTH,UPG,012,28,1,1,NML,3,2025
3150.,B739,PKLQT,LNI,LNI885,LNI581,28/21:41,28/21:46,28/22:54,28/23:04,1:07:51,UPG,CGK,016,28,1,1,NML,3,2025
3151.,A320,PKPWK,PAS,PAS202,PAS203,28/19:08,28/19:16,28/19:54,28/20:11,0:38:00,CGK,CGK,006,28,1,1,NML,3,2025
3152.,A320,PKGQQ,CTV,CTV435,CTV719,28/19:47,28/19:54,28/20:28,28/20:47,0:34:00,BPN,CGK,007,28,1,1,NML,3,2025
3153.,A320,PKSJT,SJV,SJV613,SJV616,28/20:52,28/20:56,28/21:43,28/21:48,0:46:16,BPN,BPN,014,28,1,1,NML,3,2025
3154.,B738,PKGMI,GIA,GIA326,GIA313,28/19:18,28/19:25,28/20:12,28/20:31,0:47:00,CGK,CGK,004,28,1,1,NML,3,2025
3155.,A320,PKGLY,CTV,CTV722,CTV354,28/19:36,28/19:43,28/20:23,28/20:43,0:40:00,CGK,UPG,008,28,1,1,NML,3,2025
3156.,A320,PKGQL,CTV,CTV489,CTV307,28/19:51,28/19:58,28/20:43,28/21:07,0:45:00,BDJ,UPG,009,28,1,1,NML,3,2025
3157.,B300,PKTWX,TPI,PKTWX,PKTWX,28/18:05,28/18:13,28/20:18,28/20:28,2:05:00,HLP,HLP,003,28,0,0,NML,3,2025
3158.,B738,PKGFG,GIA,GIA349,GIA319,28/19:00,28/19:07,28/20:51,28/21:09,1:44:00,DPS,CGK,005,28,1,1,NML,3,2025
3159.,A320,PKGLU,CTV,CTV495,CTV721,28/20:16,28/20:23,28/21:06,28/21:14,0:42:50,BDJ,CGK,006,28,1,1,NML,3,2025
3160.,B738,PKGFS,GIA,GIA3204,GIA3254,28/20:40,28/20:47,28/21:35,28/21:44,0:48:00,CGK,CGK,009,28,1,1,NML,3,2025
3161.,B739,PKLSO,LNI,LNI3319,LNI3856,28/22:03,28/22:09,28/23:13,28/23:25,1:04:54,BDJ,PLM,014,28,1,1,NML,3,2025
3162.,A320,PKLAF,BTK,BTK7521,BTK6136,28/20:12,28/20:18,28/22:20,28/22:28,2:02:00,HLP,UPG,010,28,1,1,NML,3,2025
3163.,A320,PKSJI,SJV,SJV2935,SJV2935,28/21:11,28/21:16,28/22:00,28/22:10,0:43:43,PLM,YIA,C03,28,0,0,DVT,3,2025
3164.,A320,PKSGA,SJV,SJV727,SJV610,28/23:15,28/23:21,29/04:53,29/05:06,5:32:00,DPS,BPN,016,28,1,1,NML,3,2025
3165.,A320,PKLUI,BTK,BTK6588,BTK7508,28/23:50,28/23:56,29/05:06,29/05:17,5:10:00,CGK,HLP,012,28,1,1,NML,3,2025
3166.,B738,PKLJS,LNI,LNI883,LNI878,28/21:01,29/03:45,29/04:52,29/05:04,7:46:05,UPG,AMQ,014,28,1,0,NML,3,2025
3167.,A320,PKGLG,CTV,CTV720,CTV430,28/23:23,28/23:31,29/04:57,29/05:13,5:26:00,CGK,BPN,006,28,1,1,NML,3,2025
3168.,A320,PKAZP,AWQ,AWQ327,AWQ320,29/00:27,29/00:32,29/05:05,29/05:15,4:32:38,KUL,KUL,C01,28,0,0,NML,3,2025
3169.,B739,PKLGY,LNI,LNI701,LNI786,28/23:18,28/23:24,29/05:00,29/05:11,5:36:00,UPG,UPG,15B,28,0,0,NML,3,2025
3170.,A320,PKBKU,BTK,BTK6586,BTK6132,28/20:34,28/20:39,29/05:10,29/05:21,8:31:00,CGK,LOP,017,28,1,1,NML,3,2025
3171.,A320,PKAZU,AWQ,AWQ325,AWQ960,28/19:43,28/19:46,29/05:31,29/05:43,9:45:00,KUL,KUL,A01,28,1,1,NML,3,2025
3172.,B739,PKLVF,LNI,LNI690,LNI690,29/05:02,29/05:11,29/05:57,29/06:13,0:45:55,CGK,KOE,014,28,1,1,NML,3,2025
3173.,B787,V8DLB,RBA,RBA795,RBA796,28/20:09,28/20:13,29/06:02,29/06:21,9:49:00,BWN,BWN,A07,28,1,1,NML,3,2025
3174.,A320,PKGQO,CTV,CTV306,CTV725,28/23:12,28/23:17,29/05:50,29/05:59,6:33:00,UPG,CGK,005,28,1,1,NML,3,2025
3175.,B739,PKLHY,LNI,LNI3269,LNI882,28/21:38,28/21:43,29/05:56,29/06:09,8:13:00,TRK,UPG,C05,28,0,0,NML,3,2025
3176.,B738,PKLSF,LNI,LNI749,LNI868,28/18:46,28/18:51,29/06:07,29/06:23,11:16:00,MDC,TTE,024,28,0,0,NML,3,2025
3177.,A320,PKBKQ,BTK,BTK6137,BTK6589,28/20:58,28/21:02,29/06:03,29/06:16,9:01:00,UPG,CGK,021,28,0,0,NML,3,2025
3178.,A320,PKGQL,CTV,CTV353,CTV670,29/05:09,29/05:17,29/05:53,29/06:01,0:36:00,UPG,LOP,006,28,1,1,NML,3,2025
3179.,A320,PKPWL,PAS,PAS212,PAS213,28/20:45,28/20:51,29/06:04,29/06:15,9:13:00,CGK,CGK,007,28,1,1,NML,3,2025
3180.,A320,PKSTF,SJV,SJV615,SJV640,28/20:50,28/20:56,29/06:38,29/06:46,9:42:00,BPN,AAP,026,28,0,0,NML,3,2025
3181.,B739,PKLHJ,LNI,LNI3857,LNI266,28/22:39,28/22:46,29/05:43,29/05:54,6:57:00,PLM,BPN,010,28,1,1,NML,3,2025
3182.,A320,PKAZY,AWQ,AWQ990,AWQ386,28/20:01,28/20:05,29/06:03,29/06:18,9:58:00,DPS,PEN,A03,28,1,1,NML,3,2025
3183.,A320,PKGLY,CTV,CTV351,CTV713,29/05:52,29/05:59,29/06:34,29/06:43,0:35:00,UPG,CGK,005,28,1,1,NML,3,2025
3184.,B738MAX,PKOFI,AFE,AFE921,AFE921,29/06:07,29/06:15,29/07:01,29/07:13,0:46:00,CGK,TIM,006,28,1,1,NML,3,2025
3185.,B733F,PKMYV,MYU,MYU935,MYU934,28/09:19,28/09:23,29/06:50,29/07:01,21:27:00,SRG,SIN,C02,28,0,0,NML,3,2025
3186.,A320,PKSGB,SJV,SJV717,SJV566,29/05:57,29/06:02,29/07:15,29/07:27,1:13:00,LOP,PLW,010,28,1,1,NML,3,2025
3187.,B739,PKLHH,LNI,LNI311,LNI971,29/06:11,29/06:17,29/07:10,29/07:25,0:53:00,BDJ,BTH,014,28,1,1,NML,3,2025
3188.,A320,PKSTC,SJV,SJV673,SJV612,28/21:20,28/21:26,29/07:00,29/07:11,9:34:00,BEJ,BPN,C04,28,0,0,NML,3,2025
3189.,A320,PKLUV,BTK,BTK6221,BTK6135,28/20:06,29/03:42,29/06:58,29/07:12,10:46:00,BPN,PKN,018,28,0,0,NML,3,2025
3190.,B739,PKLSY,LNI,LNI3929,LNI3982,28/21:57,28/22:09,29/06:59,29/07:18,8:50:00,DPS,PKU,009,28,1,1,NML,3,2025
3191.,B738,PKGFI,GIA,GIA328,GIA305,28/20:29,28/20:34,29/06:59,29/07:09,10:25:00,CGK,CGK,004,28,1,1,NML,3,2025
3192.,B738,PKGMA,GIA,GIA855,GIA854,28/22:52,28/22:56,29/07:06,29/07:24,8:10:00,SIN,SIN,A02,28,1,1,NML,3,2025
3193.,A320,PKSJV,SJV,SJV723,SJV634,28/17:34,28/17:39,29/07:16,29/07:30,13:37:00,DPS,BDJ,023,28,0,0,NML,3,2025
3194.,B739,PKLGV,LNI,LNI363,LNI646,29/06:26,29/06:32,29/07:20,29/07:35,0:48:00,BPN,LOP,016,28,1,1,NML,3,2025
3195.,B739,PKLFY,LNI,LNI801,LNI856,29/06:38,29/06:44,29/07:38,29/07:47,0:54:00,UPG,PLM,017,28,1,1,NML,3,2025
3196.,A320,PKLUQ,BTK,BTK7511,BTK7510,29/06:30,29/06:37,29/07:29,29/07:39,0:52:00,HLP,HLP,012,28,1,1,NML,3,2025
3197.,A320,PKGQM,CTV,CTV726,CTV460,28/20:24,28/20:32,29/07:26,29/07:37,10:54:00,CGK,AAP,008,28,1,1,NML,3,2025
3198.,B739,PKLGL,LNI,LNI693,LNI693,29/06:51,29/06:57,29/07:52,29/08:02,0:55:00,KOE,CGK,15B,28,0,0,NML,3,2025
3199.,B739,PKLSR,LNI,LNI267,LNI982,29/07:07,29/07:13,29/08:08,29/08:24,0:55:00,TRK,PKU,009,28,1,1,NML,3,2025
3200.,A21N,B320Y,CSN,CSN8137,CSN8138,28/21:04,28/21:09,29/07:53,29/08:07,10:44:00,CAN,CAN,A06,28,1,1,NML,3,2025
3201.,A320,PKSAE,SJV,SJV363,SJV2716,28/22:20,28/22:26,29/07:59,29/08:09,9:33:00,BTH,LOP,15A,28,0,0,NML,3,2025
3202.,C208,PKVVO,SUS,SUS6197,PKVVO,28/09:26,28/09:30,29/08:20,29/08:27,22:50:00,BXW,BXW,C07,28,0,0,NML,3,2025
3203.,A320,PKGLP,CTV,CTV170,CTV175,29/07:16,29/07:25,29/08:04,29/08:14,0:39:00,CGK,HLP,007,28,1,1,NML,3,2025
3204.,A333,BLBD,CPA,CPA779,CPA780,28/18:20,28/18:23,29/08:04,29/08:20,13:41:00,HKG,HKG,A08,28,1,1,NML,3,2025
3205.,A320,PKBDF,BTK,BTK6572,BTK6573,29/07:33,29/07:37,29/08:33,29/08:41,0:56:00,CGK,CGK,008,28,1,1,NML,3,2025
"3206.,DHC6,PKICP,PGT,PKICP,PKICP,27/10:35,27/10:37,29/07:18,29/07:28,""1 day, 20:41:00"",PAG,PAG,028,28,0,0,NML,3,2025"
3207.,A320,PKGQP,CTV,CTV355,CTV177,29/08:03,29/08:11,29/08:52,29/09:06,0:41:00,UPG,HLP,006,28,1,1,NML,3,2025
3208.,B738,PKLKW,LNI,LNI837,LNI748,29/08:12,29/08:16,29/09:10,29/09:19,0:54:00,PNK,MDC,016,28,1,1,NML,3,2025
3209.,B739,PKLGU,LNI,LNI315,LNI222,29/08:00,29/08:06,29/08:52,29/09:00,0:46:00,BDJ,BDJ,014,28,1,1,NML,3,2025
3210.,A320,9VJSK,JSA,JSA249,JSA250,29/08:25,29/08:29,29/09:12,29/09:26,0:43:00,SIN,SIN,A02,28,1,1,NML,3,2025
3211.,B738,PKLBS,MXD,MXD352,MXD353,28/19:53,28/19:58,29/08:47,29/08:55,12:49:00,KUL,KUL,A04,28,1,1,NML,3,2025
3212.,A320,PKSGC,SJV,SJV649,SJV618,29/07:42,29/07:49,29/08:59,29/09:09,1:10:00,BPN,BPN,010,28,1,1,NML,3,2025
3213.,A320,PKBKU,BTK,BTK6133,BTK6581,29/07:56,29/07:59,29/09:01,29/09:10,1:02:00,LOP,CGK,012,28,1,1,NML,3,2025
3214.,B738,PKGNM,GIA,GIA304,GIA3052,29/08:15,29/08:21,29/09:12,29/09:24,0:51:00,CGK,CGK,004,28,1,1,NML,3,2025
3215.,B739,PKLHL,LNI,LNI683,LNI682,29/08:05,29/08:11,29/09:05,29/09:15,0:54:00,PKY,PKY,017,28,1,1,NML,3,2025
3216.,A320,PKPWK,PAS,PAS200,PAS201,29/08:18,29/08:23,29/09:15,29/09:22,0:52:00,CGK,CGK,005,28,1,1,NML,3,2025
3217.,A320,PKGTK,CTV,CTV417,CTV715,29/08:32,29/08:38,29/09:22,29/09:32,0:44:00,PNK,CGK,009,28,1,1,NML,3,2025
3218.,A320,PKGQL,CTV,CTV671,CTV486,29/08:22,29/08:29,29/09:18,29/09:28,0:49:00,LOP,BDJ,007,28,1,1,NML,3,2025
3219.,A320,PKSGA,SJV,SJV611,SJV642,29/08:36,29/08:42,29/09:31,29/09:43,0:49:00,BPN,AAP,008,28,1,1,NML,3,2025
3220.,A320,9VTRM,TGW,TGW264,TGW265,29/09:17,29/09:21,29/10:13,29/10:26,0:52:00,SIN,SIN,A01,28,1,1,NML,3,2025
3221.,B738,9MMXJ,MAS,MAS871,MAS870,29/10:40,29/10:45,29/11:34,29/11:53,0:49:00,KUL,KUL,A06,28,1,1,NML,3,2025
"3222.,SR22,N312LJ,IMG,N312LJ,N312LJ,27/18:22,27/18:30,29/09:53,29/09:57,""1 day, 15:23:00"",JHB,PHE,A12,28,0,0,NML,3,2025"
3223.,B738,9MLDC,MXD,MXD350,MXD351,29/09:06,29/09:12,29/10:02,29/10:15,0:50:00,KUL,KUL,A04,28,1,1,NML,3,2025
3224.,A359,9VSHQ,SIA,SIA922,SIA923,29/09:02,29/09:06,29/10:05,29/10:22,0:59:00,SIN,SIN,A08,28,1,1,NML,3,2025
3225.,B735,PKNAQ,LKN,LKN2430,LKN1920,29/09:12,29/09:18,29/09:59,29/10:10,0:41:00,SMQ,PKN,010,28,1,1,NML,3,2025
3226.,A320,PKSJP,SJV,SJV635,SJV632,29/10:12,29/10:18,29/11:24,29/11:31,1:06:00,BDJ,BDJ,010,28,1,1,NML,3,2025
3227.,A320,PKSGA,SJV,SJV641,SJV632B,29/13:42,29/13:47,29/14:42,29/14:50,0:55:00,AAP,BDJ,016,10,1,1,NML,3,2025
3228.,A320,PKGQJ,CTV,CTV710,CTV723,29/09:39,29/09:44,29/10:29,29/10:45,0:45:00,CGK,CGK,006,28,1,1,NML,3,2025
3229.,B739,PKLHJ,LNI,LNI367,LNI262,29/09:35,29/09:42,29/10:39,29/10:55,0:57:00,BPN,BPN,012,28,1,1,NML,3,2025
3230.,B739,PKLGO,LNI,LNI791,LNI706,29/10:24,29/10:30,29/11:33,29/11:48,1:03:00,UPG,UPG,017,28,1,1,NML,3,2025
3231.,A320,PKPWL,PAS,PAS210,PAS211,29/09:47,29/09:53,29/10:34,29/10:52,0:41:00,CGK,CGK,005,28,1,1,NML,3,2025
3232.,B739,PKLSP,LNI,LNI970,LNI973,29/09:44,29/09:45,29/10:44,29/10:57,0:59:00,BTH,BTH,016,28,1,1,NML,3,2025
3233.,A320,PKLAJ,BTK,BTK7513,BTK7516,29/10:04,29/10:11,29/10:49,29/10:58,0:38:00,HLP,HLP,008,28,1,1,NML,3,2025
3234.,A320,PKLUV,BTK,BTK6134,BTK6346,29/09:51,29/09:58,29/11:41,29/11:59,1:43:00,PKN,BEJ,009,28,1,1,NML,3,2025
3235.,B739,PKLGV,LNI,LNI645,LNI822,29/09:59,29/10:04,29/10:58,29/11:06,0:54:00,LOP,LOP,014,28,1,1,NML,3,2025
3236.,B739,PKLSW,LNI,LNI694,LNI694,29/10:31,29/10:36,29/11:37,29/11:54,1:01:00,CGK,KOE,015,28,1,1,NML,3,2025
3237.,A320,PKAZP,AWQ,AWQ321,AWQ322,29/10:53,29/10:56,29/11:29,29/11:43,0:33:00,KUL,KUL,A01,28,1,1,NML,3,2025
3238.,B739,PKLVF,LNI,LNI697,LNI697,29/10:37,29/10:43,29/11:38,29/11:56,0:55:00,KOE,CGK,018,28,0,0,NML,3,2025
3239.,A320,PKSAE,SJV,SJV2717,SJV2642,29/10:47,29/10:52,29/11:31,29/11:41,0:39:00,LOP,AAP,021,28,0,0,NML,3,2025
3240.,B738,PKGFJ,GIA,GIA322,GIA327,29/10:27,29/10:33,29/11:27,29/11:39,0:54:00,CGK,CGK,004,28,1,1,NML,3,2025
3241.,A320,PKLUQ,BTK,BTK7517,BTK7520,29/10:49,29/10:55,29/11:36,29/11:51,0:41:00,HLP,HLP,012,28,1,1,NML,3,2025
3242.,B738,PKLJS,LNI,LNI879,LNI3838,29/10:43,29/10:47,29/11:57,29/12:09,1:10:00,AMQ,PNK,020,10,0,0,NML,3,2025
3243.,A320,PKAZU,AWQ,AWQ961,AWQ980,29/11:23,29/11:27,29/12:01,29/12:11,0:34:00,KUL,PEN,A03,10,1,1,NML,3,2025
3244.,A320,PKGQM,CTV,CTV461,CTV9674,29/11:08,29/11:15,29/11:57,29/12:07,0:42:00,AAP,LOP,006,10,1,1,NML,3,2025
3245.,A320,PKSGB,SJV,SJV567,SJV636,29/11:37,29/11:46,29/12:41,29/12:55,0:55:00,PLW,BDJ,010,10,1,1,NML,3,2025
3246.,B739,PKLFY,LNI,LNI857,LNI780,29/11:49,29/11:55,29/12:44,29/12:58,0:49:00,PLM,UPG,016,10,1,1,NML,3,2025
3247.,A320,PKBLD,BTK,BTK6582,BTK6585,29/11:45,29/11:52,29/12:40,29/12:52,0:48:00,CGK,CGK,008,10,1,1,NML,3,2025
3248.,A320,PKSAG,SJV,SJV363,SJV362,29/11:04,29/11:10,29/12:35,29/12:49,1:25:00,KNO,KNO,014,10,1,1,NML,3,2025
3249.,B739,PKLGW,LNI,LNI3223,LNI680,29/12:59,29/13:03,29/13:52,29/14:00,0:48:59,BDJ,PKY,014,10,1,1,NML,3,2025
3250.,A320,PKGQL,CTV,CTV487,CTV9946,29/12:35,29/12:40,29/13:25,29/13:36,0:45:00,BDJ,BTH,007,10,1,1,NML,3,2025
3251.,A320,PKBKM,BTK,BTK6596,BTK6595,29/12:56,29/13:00,29/13:52,29/14:11,0:52:00,CGK,CGK,009,10,1,1,NML,3,2025
3252.,B738,PKLSF,LNI,LNI869,LNI722,29/12:53,29/12:56,29/13:52,29/14:08,0:56:00,TTE,KDI,012,10,1,1,NML,3,2025
3253.,A320,PKPWD,PAS,PAS204,PAS205,29/11:59,29/12:06,29/13:23,29/13:35,1:17:00,CGK,CGK,005,10,1,1,NML,3,2025
3254.,A320,PKAZY,AWQ,AWQ387,AWQ324,29/13:38,29/13:42,29/14:21,29/14:35,0:39:00,PEN,KUL,A01,10,1,1,NML,3,2025
3255.,B739,PKLSY,LNI,LNI3983,LNI3858,29/12:50,29/12:55,29/13:48,29/14:05,0:53:00,PKU,PLM,020,10,0,0,NML,3,2025
3256.,B738,PKGFG,GIA,GIA312,GIA317,29/12:46,29/12:50,29/13:44,29/13:56,0:54:19,CGK,CGK,004,10,1,1,NML,3,2025
3257.,B739,PKLSR,LNI,LNI983,LNI3222,29/13:51,29/13:54,29/16:45,29/16:57,2:51:00,PKU,BDJ,017,10,1,1,NML,3,2025
3258.,B739,PKLHJ,LNI,LNI261,LNI686,29/14:32,29/14:36,29/15:16,29/15:28,0:40:00,BPN,PKY,015,10,1,1,NML,3,2025
3259.,B735,PKNAQ,LKN,LKN1930,LKN2420,29/13:45,29/13:50,29/14:23,29/14:37,0:33:00,PKN,SMQ,010,10,1,1,NML,3,2025
3260.,A320,PKGQN,CTV,CTV716,CTV717,29/13:11,29/13:17,29/14:03,29/14:13,0:45:34,CGK,CGK,006,10,1,1,NML,3,2025
3261.,A320,PKSGB,SJV,SJV633,SJV726,29/16:09,29/16:13,29/16:57,29/17:06,0:44:33,BDJ,LBJ,010,10,1,1,NML,3,2025
3262.,B738,PKLOR,LNI,LNI839,LNI836,29/13:06,29/13:10,29/14:06,29/14:16,0:56:00,PNK,PNK,015,10,1,1,NML,3,2025
3263.,B739,PKLHP,LNI,LNI3801,LNI3266,29/14:09,29/14:12,29/14:52,29/15:06,0:40:00,UPG,BPN,014,10,1,1,NML,3,2025
3264.,A320,PKGLG,CTV,CTV431,CTV948,29/13:48,29/13:52,29/14:33,29/14:43,0:41:00,BPN,BTH,008,10,1,1,NML,3,2025
3265.,B739,PKLGV,LNI,LNI823,LNI260,29/14:06,29/14:09,29/15:08,29/15:18,0:58:46,LOP,BPN,012,10,1,1,NML,3,2025
3266.,A320,PKTLF,AFE,AFE920,AFE920,29/14:48,29/14:52,29/15:27,29/15:38,0:34:33,TIM,CGK,006,10,1,1,NML,3,2025
3267.,A320,PKLUI,BTK,BTK7515,BTK7514,29/13:54,29/13:59,29/14:51,29/15:04,0:52:00,HLP,HLP,009,10,1,1,NML,3,2025
3268.,B738,PKGMA,GIA,GIA8552,GIA8542,29/13:09,29/13:14,29/15:13,29/15:23,1:59:26,SIN,SIN,A02,10,1,1,NML,3,2025
3269.,B739,PKLGO,LNI,LNI787,LNI642,29/15:45,29/15:49,29/16:44,29/16:53,0:55:00,UPG,LOP,014,10,1,1,NML,3,2025
3270.,A320,PKPWE,PAS,PAS208,PAS209,29/14:00,29/14:04,29/14:59,29/15:09,0:55:00,CGK,CGK,005,10,1,1,NML,3,2025
3271.,A320,PKBKU,BTK,BTK6406,BTK6220,29/14:25,29/14:29,29/15:23,29/15:33,0:53:23,CGK,BPN,020,10,0,0,NML,3,2025
3272.,B733F,PKMYV,MYU,MYU935,MYU815,29/14:03,29/14:05,29/14:56,29/15:08,0:51:00,SRG,CGK,C02,10,0,0,NML,3,2025
3273.,B739,PKLSU,LNI,LNI707,LNI800,29/15:49,29/15:53,29/16:48,29/16:59,0:55:00,UPG,UPG,016,10,1,1,NML,3,2025
3274.,B739,PKLGU,LNI,LNI223,LNI3822,29/14:53,29/14:57,29/15:56,29/16:06,0:59:00,BDJ,LOP,021,10,0,0,NML,3,2025
3275.,B738,PKLQZ,LNI,LNI3805,LNI581,28/21:31,28/21:36,29/15:29,29/15:42,17:52:59,DPS,CGK,C06,10,0,0,NML,3,2025
3276.,A320,PKSAE,SJV,SJV643,SJV614,29/15:13,29/15:16,29/16:04,29/16:13,0:48:00,AAP,BPN,010,10,1,1,NML,3,2025
3277.,B738,PKGNQ,GIA,GIA330,GIA331,29/14:17,29/14:21,29/15:25,29/15:36,1:03:27,HLP,HLP,004,10,1,1,NML,3,2025
3278.,A320,PKGQS,CTV,CTV252,CTV434,29/13:57,29/14:01,29/15:16,29/15:26,1:15:00,CGK,BPN,007,10,1,1,NML,3,2025
3279.,A320,PKLUQ,BTK,BTK7501,BTK7512,29/14:58,29/15:05,29/15:47,29/15:56,0:42:00,HLP,HLP,008,10,1,1,NML,3,2025
3280.,B738,9MMLO,MAS,MAS873,MAS872,29/15:39,29/15:47,29/16:33,29/16:43,0:46:00,KUL,KUL,A08,10,1,1,NML,3,2025
3281.,A320,PKLUV,BTK,BTK6347,BTK6401,29/16:19,29/16:22,29/17:05,29/17:19,0:43:00,BEJ,CGK,009,10,1,1,NML,3,2025
3282.,A320,PKSGA,SJV,SJV637,SJV672,29/17:42,29/17:46,29/18:29,29/18:40,0:43:00,BDJ,BEJ,012,10,1,1,NML,3,2025
3283.,A320,PKGQP,CTV,CTV174,CTV418,29/15:29,29/15:34,29/16:20,29/16:36,0:46:00,HLP,PNK,007,10,1,1,NML,3,2025
3284.,A320,PKSTF,SJV,SJV2641,SJV2362,29/15:24,29/15:27,29/16:26,29/16:39,0:59:16,AAP,KNO,012,10,1,1,NML,3,2025
3285.,A320,PKSGB,SJV,SJV725,SJV648,29/20:20,29/20:23,29/21:09,29/21:21,0:46:00,LBJ,BPN,009,10,1,1,NML,3,2025
3286.,B738,PKGFJ,GIA,GIA310,GIA315,29/15:20,29/15:23,29/16:26,29/16:41,1:03:00,CGK,CGK,005,10,1,1,NML,3,2025
3287.,B738,9MMLT,MAS,MAS7275,MAS7274,29/17:36,29/17:44,29/18:26,29/18:36,0:42:00,KUL,KUL,A06,10,1,1,NML,3,2025
3288.,B739,PKLGW,LNI,LNI681,LNI316,29/17:21,29/17:25,29/18:16,29/18:29,0:51:00,PKY,BDJ,014,10,1,1,NML,3,2025
3289.,B739,PKLSW,LNI,LNI695,LNI268,29/16:15,29/16:18,29/17:04,29/17:15,0:46:48,KOE,TRK,015,10,1,1,NML,3,2025
3290.,B738,PKLOP,LNI,LNI709,LNI884,29/16:29,29/16:31,29/17:15,29/17:32,0:44:00,UPG,UPG,012,10,1,1,NML,3,2025
3291.,A320,PKGQM,CTV,CTV9675,CTV488,29/14:29,29/14:33,29/16:56,29/17:08,2:23:35,LOP,BDJ,003,10,0,0,NML,3,2025
3292.,B739,PKLHH,LNI,LNI972,LNI226,29/17:49,29/17:53,29/18:40,29/18:50,0:47:00,BTH,BDJ,015,10,1,1,NML,3,2025
3293.,B738,PKGFQ,GIA,GIA3124,GIA3174,29/16:34,29/16:40,29/17:27,29/17:39,0:47:00,CGK,CGK,004,10,1,1,NML,3,2025
3294.,A320,PKAZP,AWQ,AWQ323,AWQ326,29/17:24,29/17:30,29/17:58,29/18:07,0:28:00,KUL,KUL,A01,10,1,1,NML,3,2025
3295.,B739,PKLHL,LNI,LNI692,LNI3318,29/19:19,29/19:26,29/20:14,29/20:27,0:48:00,CGK,BDJ,015,10,1,1,NML,3,2025
3296.,A320,PKPWH,PAS,PAS206,PAS623,29/17:17,29/17:20,29/18:00,29/18:14,0:40:00,CGK,BPN,006,10,1,1,NML,3,2025
3297.,A320,PKPWL,PAS,PAS622,PAS207,29/17:12,29/17:15,29/18:13,29/18:25,0:58:00,BPN,CGK,005,10,1,1,NML,3,2025
3298.,A320,PKGQL,CTV,CTV9947,CTV350,29/18:41,29/18:47,29/19:25,29/19:36,0:38:00,BTH,UPG,003,10,0,0,NML,3,2025
3299.,B738,PKGFG,GIA,GIA320,GIA325,29/17:30,29/17:35,29/18:41,29/18:54,1:06:00,CGK,CGK,004,10,1,1,NML,3,2025
3300.,B738,PKLSF,LNI,LNI727,LNI838,29/18:22,29/18:29,29/19:21,29/19:33,0:52:00,KDI,PNK,014,10,1,1,NML,3,2025
3301.,A320,PKLAJ,BTK,BTK7503,BTK7502,29/17:54,29/17:57,29/18:45,29/18:55,0:48:20,HLP,HLP,009,10,1,1,NML,3,2025
3302.,A320,PKAZU,AWQ,AWQ981,AWQ970,29/18:37,29/18:42,29/19:11,29/19:24,0:29:00,PEN,JHB,A03,10,1,1,NML,3,2025
3303.,B735,PKCLE,SJY,SJY567,SJY562,29/17:59,29/18:03,29/18:38,29/18:51,0:34:32,UPG,UPG,010,10,1,1,NML,3,2025
3304.,B738MAX,9VMBP,SIA,SIA928,SIA929,29/17:46,29/17:52,29/18:45,29/18:59,0:53:00,SIN,SIN,A02,10,1,1,NML,3,2025
3305.,B739,PKLGU,LNI,LNI3823,LNI3268,29/18:30,29/18:35,29/19:16,29/19:26,0:41:00,LOP,TRKX,016,10,1,1,NML,3,2025
3306.,B739,PKLFK,LNI,LNI3727,LNI692,29/17:33,29/17:37,29/18:55,29/19:06,1:18:00,KDI,KOE,017,10,1,1,NML,3,2025
3307.,A320,PKGQE,CTV,CTV172,CTV173,29/18:09,29/18:13,29/18:58,29/19:10,0:45:00,HLP,HLP,007,10,1,1,NML,3,2025
3308.,A320,PKGLR,CTV,CTV736,CTV352,29/18:12,29/18:15,29/19:06,29/19:16,0:51:00,CGK,UPG,008,10,1,1,NML,3,2025
3309.,A320,PKGQQ,CTV,CTV949,CTV494,29/18:27,29/18:32,29/19:11,29/19:22,0:39:00,BTH,BDJ,006,10,1,1,NML,3,2025
3310.,A320,PKBKU,BTK,BTK6221,BTK7518,29/19:07,29/19:12,29/20:56,29/21:03,1:44:00,BPN,HLP,010,28,1,1,NML,3,2025
3311.,B738,PKLZV,BTK,BTK6576,BTK6575,29/19:04,29/19:08,29/19:56,29/20:11,0:48:06,CGK,CGK,009,10,1,1,NML,3,2025
3312.,B739,PKLSU,LNI,LNI885,LNI880,29/20:44,29/20:49,29/21:46,29/21:54,0:57:00,UPG,UPG,012,28,1,1,NML,3,2025
3313.,A320,PKPWE,PAS,PAS202,PAS203,29/18:45,29/18:48,29/19:41,29/19:52,0:53:00,CGK,CGK,005,10,1,1,NML,3,2025
3314.,A320,PKGQS,CTV,CTV435,CTV719,29/19:00,29/19:05,29/19:50,29/20:04,0:45:00,BPN,CGK,007,10,1,1,NML,3,2025
3315.,A320,PKSAE,SJV,SJV617,SJV616,29/19:44,29/19:47,29/20:25,29/20:29,0:38:00,BPN,BPN,012,10,1,1,NML,3,2025
3316.,B738,PKGUA,GIA,GIA3122,GIA313,29/19:59,29/20:01,29/20:52,29/21:02,0:51:00,CGK,CGK,005,28,1,1,NML,3,2025
3317.,A320,9VJSX,JSA,JSA1249,JSA1250,29/20:30,29/20:36,29/21:18,29/21:33,0:42:00,SIN,SIN,A06,28,1,1,NML,3,2025
3318.,A320,PKGQA,CTV,CTV489,CTV307,29/20:02,29/20:07,29/20:39,29/20:48,0:32:00,BDJ,UPG,006,28,1,1,NML,3,2025
3319.,A320,PKGQM,CTV,CTV495,CTV721,29/19:56,29/20:03,29/20:33,29/20:46,0:30:00,BDJ,CGK,008,10,1,1,NML,3,2025
3320.,A320,PKGLU,CTV,CTV722,CTV354,29/20:24,29/20:28,29/21:04,29/21:13,0:36:00,CGK,UPG,007,28,1,1,NML,3,2025
3321.,B738,PKGMY,GIA,GIA3204,GIA3254,29/21:38,29/21:46,29/22:29,29/22:37,0:43:00,CGK,CGK,005,28,1,1,NML,3,2025
3322.,A320,PKLUH,BTK,BTK6137,BTK6136,29/21:30,29/21:36,29/22:16,29/22:25,0:40:00,UPG,UPG,010,28,1,1,NML,3,2025
3323.,A320,PKGTD,CTV,CTV720,CTV711,29/22:09,29/22:16,29/22:52,29/23:01,0:36:00,CGK,CGK,006,28,1,1,NML,3,2025
3324.,A320,PKGLR,CTV,CTV306,CTV430,29/22:38,29/22:45,30/04:54,30/05:04,6:09:00,UPG,BPN,005,28,1,1,NML,3,2025
3325.,A320,PKBLA,BTK,BTK7519,BTK7508,29/20:06,29/20:10,30/05:00,30/05:14,8:50:00,HLP,HLP,17A,28,0,0,NML,3,2025
3326.,B738,PKLJS,LNI,LNI3837,LNI878,29/19:31,29/19:35,30/04:51,30/05:09,9:16:00,PNK,AMQ,021,28,0,0,NML,3,2025
3327.,A320,PKSAY,SJV,SJV613,SJV610,29/22:20,29/22:23,30/04:56,30/05:13,6:33:00,BPN,BPN,C05,28,0,0,NML,3,2025
3328.,A320,PKAZU,AWQ,AWQ971,AWQ320,30/00:04,30/00:09,30/04:59,30/05:16,4:50:00,JHB,KUL,A04,28,1,1,NML,3,2025
3329.,B739,PKLHM,LNI,LNI3319,LNI786,29/21:10,29/21:14,30/05:05,30/05:18,7:51:00,BDJ,UPG,C04,28,0,0,NML,3,2025
3330.,A320,PKGQM,CTV,CTV8947,CTV725,30/05:02,30/05:10,30/05:50,30/05:58,0:40:00,BTH,CGK,006,10,1,1,NML,3,2025
3331.,B738,PKLKQ,LNI,LNI883,LNI868,29/21:00,29/21:02,30/05:57,30/06:09,8:55:00,UPG,TTE,C03,28,0,0,NML,3,2025
3332.,B739,PKLSY,LNI,LNI3859,LNI266,29/18:16,29/18:20,30/06:01,30/06:13,11:40:47,PLM,BPN,024,28,0,0,NML,3,2025
3333.,A320,PKGLU,CTV,CTV353,CTV484,30/05:06,30/05:14,30/05:54,30/06:01,0:40:00,UPG,BDJ,005,10,1,1,NML,3,2025
3334.,A320,PKSAE,SJV,SJV615,SJV640,30/00:14,30/00:19,30/05:53,30/06:00,5:34:00,BPN,AAP,012,10,1,1,NML,3,2025
3335.,A320,PKSAV,SJV,SJV2363,SJV706,29/22:46,29/22:53,30/05:53,30/06:03,7:00:00,KNO,DPS,009,10,1,1,NML,3,2025
3336.,A320,PKLUV,BTK,BTK6588,BTK6589,29/21:19,29/21:24,30/05:59,30/06:11,8:35:00,CGK,CGK,015,28,1,1,NML,3,2025
3337.,A320,PKPWJ,PAS,PAS212,PAS213,29/20:34,29/20:37,30/06:08,30/06:16,9:31:00,CGK,CGK,008,28,1,1,NML,3,2025
"3338.,A320,PKBKJ,BTK,BTK6413,BTK6412,28/19:57,28/20:03,30/06:17,30/06:29,""1 day, 10:14:00"",DPS,DPS,025,28,0,0,NML,3,2025"
3339.,A320,PKSGA,SJV,SJV673,SJV634,29/22:51,29/22:57,30/06:17,30/06:26,7:20:00,BEJ,BDJ,010,28,1,1,NML,3,2025
3340.,A320,PKSTC,SJV,SJV619,SJV566,29/20:09,29/20:14,30/06:39,30/06:47,10:25:00,BPN,PLW,020,28,0,0,NML,3,2025
3341.,B739,PKLHH,LNI,LNI311,LNI971,30/06:07,30/06:13,30/06:57,30/07:07,0:44:00,BDJ,BTH,012,28,1,1,NML,3,2025
3342.,B739,PKLHJ,LNI,LNI687,LNI697,29/18:34,29/18:39,30/07:01,30/07:12,12:21:50,PKY,CGK,023,28,0,0,NML,3,2025
3343.,A320,PKAZY,AWQ,AWQ325,AWQ991,29/20:15,29/20:22,30/06:52,30/06:59,10:30:00,KUL,DPS,A01,28,1,1,NML,3,2025
3344.,A320,PKLUZ,BTK,BTK6586,BTK6135,29/20:28,29/20:33,30/06:53,30/07:01,10:20:00,CGK,PKN,014,28,1,1,NML,3,2025
3345.,A320,PKSTT,SJV,SJV7001,SJV612,30/06:51,30/06:57,30/07:36,30/07:44,0:39:00,UPG,BPN,010,28,1,1,NML,3,2025
3346.,B738,PKGMP,GIA,GIA326,GIA305,29/18:56,29/19:00,30/07:07,30/07:19,12:07:00,CGK,CGK,004,28,1,1,NML,3,2025
3347.,B738,PKGMA,GIA,GIA855,GIA854,29/20:55,29/21:00,30/07:06,30/07:17,10:06:00,SIN,SIN,A02,28,1,1,NML,3,2025
3348.,B739,PKLGV,LNI,LNI363,LNI646,30/06:19,30/06:24,30/07:13,30/07:22,0:49:00,BPN,LOP,015,28,1,1,NML,3,2025
3349.,A320,PKLUG,BTK,BTK7511,BTK7510,30/06:43,30/06:49,30/07:33,30/07:43,0:44:00,HLP,HLP,009,28,1,1,NML,3,2025
3350.,A320,PKAZP,AWQ,AWQ327,AWQ392,29/23:50,29/23:56,30/07:23,30/07:34,7:27:00,KUL,JHB,A03,28,1,1,NML,3,2025
3351.,A320,PKGLT,CTV,CTV726,CTV460,29/22:42,29/22:50,30/07:36,30/07:51,8:46:00,CGK,AAP,007,28,1,1,NML,3,2025
3352.,B739,PKLSW,LNI,LNI3269,LNI693,29/21:33,29/21:40,30/07:53,30/08:01,10:13:00,TRK,CGK,016,28,1,1,NML,3,2025
3353.,A320,PKGQL,CTV,CTV355,CTV177,30/07:15,30/07:22,30/08:07,30/08:19,0:45:00,UPG,HLP,006,28,1,1,NML,3,2025
3354.,A333,BHLV,CPA,CPA779,CPA780,29/18:05,29/18:11,30/08:14,30/08:28,14:03:00,HKG,HKG,A08,28,1,1,NML,3,2025
3355.,B739,PKLGU,LNI,LNI267,LNI990,30/07:10,30/07:17,30/08:19,30/08:30,1:02:00,TRK,DPS,014,28,1,1,NML,3,2025
3356.,A320,PKBDF,BTK,BTK6572,BTK6573,30/07:41,30/07:46,30/08:23,30/08:33,0:37:00,CGK,CGK,009,28,1,1,NML,3,2025
3357.,B739,PKLGO,LNI,LNI865,LNI748,29/19:25,29/19:30,30/09:15,30/09:29,13:45:00,LOP,MDC,022,28,0,0,NML,3,2025
3358.,A320,PKBLB,BTK,BTK7521,BTK6391,29/20:13,29/20:16,30/08:57,30/09:07,12:41:00,HLP,CGK,17B,10,0,0,NML,3,2025
3359.,A320,PKSGB,SJV,SJV649,SJV618,30/07:49,30/07:54,30/08:50,30/09:02,0:56:00,BPN,BPN,012,10,1,1,NML,3,2025
3360.,B739,PKLFK,LNI,LNI693,LNI856,30/06:55,30/07:00,30/08:55,30/09:05,1:55:00,KOE,PLM,021,10,0,0,NML,3,2025
3361.,B739,PKLHS,LNI,LNI683,LNI682,30/08:04,30/08:10,30/09:02,30/09:17,0:52:00,PKY,PKY,015,10,1,1,NML,3,2025
3362.,B738,PKGFU,GIA,GIA304,GIA342,30/08:17,30/08:26,30/09:23,30/09:37,0:57:00,CGK,DPS,004,10,1,1,NML,3,2025
3363.,A320,PKGLU,CTV,CTV485,CTV486,30/08:39,30/08:46,30/09:26,30/09:41,0:40:00,BDJ,BDJ,006,10,1,1,NML,3,2025
3364.,A320,PKPWK,PAS,PAS200,PAS201,30/08:25,30/08:33,30/09:21,30/09:34,0:48:00,CGK,CGK,005,10,1,1,NML,3,2025
3365.,A320,PKSAY,SJV,SJV611,SJV642,30/08:35,30/08:41,30/09:32,30/09:45,0:51:00,BPN,AAP,008,10,1,1,NML,3,2025
3366.,A320,PKSAV,SJV,SJV703,SJV702,30/08:21,30/08:27,30/09:44,30/09:59,1:17:00,DPS,DPS,010,10,1,1,NML,3,2025
3367.,B739,PKLGY,LNI,LNI690,LNI3990,30/05:11,30/05:14,30/09:40,30/10:03,4:26:00,CGK,DPS,C06,10,0,0,NML,3,2025
3368.,A320,PKGQP,CTV,CTV417,CTV715,30/09:22,30/09:27,30/10:05,30/10:16,0:38:00,PNK,CGK,007,10,1,1,NML,3,2025
3369.,B738,9MLCP,MXD,MXD350,MXD351,30/09:26,30/09:33,30/10:15,30/10:23,0:42:00,KUL,KUL,A04,10,1,1,NML,3,2025
3370.,B738,9MMXE,MAS,MAS871,MAS870,30/09:19,30/09:25,30/10:08,30/10:18,0:43:00,KUL,KUL,A02,10,1,1,NML,3,2025
3371.,B735,PKNAS,LKN,LKN243,LKN242,30/09:01,30/09:03,30/09:40,30/09:51,0:37:00,SMQ,SMQ,009,10,1,1,NML,3,2025
3372.,A359,9VSHM,SIA,SIA922,SIA923,30/09:15,30/09:20,30/10:16,30/10:30,0:56:00,SIN,SIN,A08,10,1,1,NML,3,2025
3373.,A320,PKGTA,CTV,CTV351,CTV350,30/09:32,30/09:36,30/10:14,30/10:28,0:38:00,UPG,UPG,006,10,1,1,NML,3,2025
3374.,A320,PKSJZ,SJV,SJV635,SJV632,30/09:39,30/09:42,30/10:29,30/10:39,0:47:00,BDJ,BDJ,012,10,1,1,NML,3,2025
3375.,A320,9VTRU,TGW,TGW296,TGW297,30/09:35,30/09:41,30/10:31,30/10:43,0:50:00,SIN,SIN,A01,10,1,1,NML,3,2025
3376.,B739,PKLSY,LNI,LNI367,LNI262,30/09:49,30/09:52,30/10:38,30/10:48,0:46:00,BPN,BPN,014,10,1,1,NML,3,2025
3377.,B739,PKLGS,LNI,LNI791,LNI706,30/09:46,30/09:49,30/10:42,30/10:52,0:53:00,UPG,UPG,015,10,1,1,NML,3,2025
3378.,B739,PKLSP,LNI,LNI970,LNI973,30/09:57,30/10:01,30/11:15,30/11:32,1:14:00,BTH,BTH,016,10,1,1,NML,3,2025
3379.,A320,PKPWJ,PAS,PAS210,PAS211,30/09:43,30/09:46,30/10:33,30/10:45,0:47:00,CGK,CGK,005,10,1,1,NML,3,2025
3380.,A320,PKBKU,BTK,BTK7513,BTK7516,30/09:55,30/09:58,30/10:45,30/10:55,0:47:00,HLP,HLP,010,10,1,1,NML,3,2025
3381.,A320,PKLUZ,BTK,BTK6134,BTK6346,30/10:01,30/10:04,30/10:53,30/11:03,0:49:00,PKN,BEJ,008,10,1,1,NML,3,2025
3382.,B739,PKLGV,LNI,LNI645,LNI822,30/10:07,30/10:11,30/10:57,30/11:06,0:46:00,LOP,LOP,017,10,1,1,NML,3,2025
3383.,B739,PKLGR,LNI,LNI694,LNI694,30/11:30,30/11:33,30/12:21,30/12:30,0:48:00,CGK,KOE,015,28,1,1,NML,3,2025
3384.,A320,PKAZU,AWQ,AWQ321,AWQ322,30/10:33,30/10:39,30/11:16,30/11:28,0:37:00,KUL,KUL,A03,10,1,1,NML,3,2025
3385.,B738,PKGNH,GIA,GIA322,GIA327,30/10:04,30/10:07,30/11:25,30/11:37,1:18:00,CGK,CGK,004,10,1,1,NML,3,2025
3386.,A320,PKLUI,BTK,BTK7517,BTK7520,30/10:41,30/10:44,30/11:34,30/11:44,0:50:00,HLP,HLP,009,10,1,1,NML,3,2025
3387.,B739,PKLGU,LNI,LNI805,LNI804,30/11:41,30/11:44,30/12:39,30/12:46,0:55:00,DPS,DPS,012,28,1,1,NML,3,2025
3388.,A320,PKGLT,CTV,CTV461,CTV698,30/11:26,30/11:30,30/12:14,30/12:28,0:44:00,AAP,DPS,006,28,1,1,NML,3,2025
3389.,A320,PKSTC,SJV,SJV567,SJV636,30/11:18,30/11:21,30/12:28,30/12:35,1:07:00,PLW,BDJ,010,28,1,1,NML,3,2025
3390.,B739,PKLGL,LNI,LNI315,LNI780,30/08:00,30/08:05,30/12:29,30/12:36,4:24:00,BDJ,UPG,024,28,0,0,NML,3,2025
3391.,A320,PKBLD,BTK,BTK6582,BTK6581,30/12:09,30/12:12,30/13:25,30/13:35,1:13:08,CGK,CGK,008,28,1,1,NML,3,2025
3392.,B735,PKNAQ,LKN,LKN193,LKN192,30/11:53,30/11:56,30/12:44,30/12:53,0:48:00,PKN,PKN,009,28,1,1,NML,3,2025
3393.,B738,PKLKQ,LNI,LNI869,LNI722,30/12:33,30/12:38,30/13:28,30/13:42,0:50:16,TTE,KDI,014,28,1,1,NML,3,2025
3394.,A320,PKPWA,PAS,PAS204,PAS205,30/11:50,30/11:53,30/13:19,30/13:26,1:26:19,CGK,CGK,005,28,1,1,NML,3,2025
3395.,A320,PKAZP,AWQ,AWQ393,AWQ324,30/12:25,30/12:31,30/13:24,30/13:39,0:53:07,JHB,KUL,A01,28,1,1,NML,3,2025
3396.,A320,PKGLU,CTV,CTV487,CTV668,30/12:04,30/12:07,30/13:20,30/13:28,1:13:57,BDJ,DPS,007,28,1,1,NML,3,2025
3397.,B739,PKLHI,LNI,LNI787,LNI680,30/12:58,30/13:03,30/13:51,30/14:05,0:48:40,UPG,PKY,015,28,1,1,NML,3,2025
3398.,A320,PKGQP,CTV,CTV716,CTV717,30/13:56,30/14:02,30/16:49,30/17:08,2:46:07,CGK,CGK,006,28,1,1,NML,3,2025
3399.,A320,PKSJZ,SJV,SJV633,SJV726,30/13:40,30/13:46,30/14:38,30/14:44,0:51:39,BDJ,LBJ,010,28,1,1,NML,3,2025
3400.,A320,PKGLR,CTV,CTV431,CTV948,30/13:43,30/13:49,30/14:27,30/14:37,0:38:54,BPN,BTH,007,28,1,1,NML,3,2025
3401.,B739,PKLFK,LNI,LNI857,LNI910,30/13:32,30/13:38,30/14:30,30/14:39,0:51:44,PLM,DPS,012,28,1,1,NML,3,2025
3402.,B738,PKGMY,GIA,GIA312,GIA317,30/13:48,30/13:56,30/16:45,30/16:49,2:48:20,CGK,CGK,004,28,1,1,NML,3,2025
3403.,B738MAX,PKOFI,AFE,AFE920,AFE920,30/14:06,30/14:06,30/16:22,30/16:29,2:16:00,TIM,CGK,017,10,1,1,NML,3,2025
3404.,B739,PKLGV,LNI,LNI823,LNI260,30/13:52,30/13:57,30/14:37,30/14:47,0:40:00,LOP,BPN,014,28,1,1,NML,3,2025
3405.,A320,9VJSU,JSA,JSA247,JSA248,30/14:11,30/14:15,30/15:11,30/15:27,0:56:19,SIN,SIN,A06,28,1,1,NML,3,2025
3406.,A320,PKLUK,BTK,BTK7515,BTK7514,30/14:03,30/14:10,30/14:44,30/14:52,0:34:00,HLP,HLP,008,28,1,1,NML,3,2025
3407.,A320,PKPWE,PAS,PAS208,PAS209,30/14:06,30/14:15,30/16:33,30/16:37,2:17:53,CGK,CGK,005,28,1,1,NML,3,2025
3408.,B739,PKLSY,LNI,LNI261,LNI642,30/14:14,30/14:19,30/15:10,30/15:19,0:51:03,BPN,LOP,016,28,1,1,NML,3,2025
3409.,B738,PKGFI,GIA,GIA330,GIA331,30/14:19,30/14:25,30/15:12,30/15:23,0:46:21,HLP,HLP,003,28,0,0,NML,3,2025
3410.,A320,PKBKQ,BTK,BTK6406,BTK6220,30/14:26,30/14:34,30/15:17,30/15:29,0:43:00,CGK,BPN,020,28,0,0,NML,3,2025
3411.,B738,PKLSF,LNI,LNI837,LNI581,30/08:11,30/08:16,30/17:00,30/17:10,8:44:00,PNK,CGK,025,28,0,0,NML,3,2025
3412.,A320,PKSAY,SJV,SJV641,SJV614,30/13:36,30/13:42,30/15:19,30/15:31,1:37:06,AAP,BPN,009,28,1,1,NML,3,2025
3413.,B739,PKLGS,LNI,LNI707,LNI920,30/14:33,30/14:39,30/16:35,30/16:46,1:55:29,UPG,DPS,015,10,1,1,NML,3,2025
3414.,A320,PKLUI,BTK,BTK7501,BTK7512,30/15:09,30/15:14,30/16:03,30/16:16,0:49:00,HLP,HLP,008,28,1,1,NML,3,2025
3415.,A320,PKGLT,CTV,CTV699,CTV434,30/15:02,30/15:08,30/15:48,30/15:54,0:40:00,DPS,BPN,007,28,1,1,NML,3,2025
3416.,B738,9MMLU,MAS,MAS873,MAS872,30/15:14,30/15:18,30/16:06,30/16:18,0:48:00,KUL,KUL,A08,28,1,1,NML,3,2025
3417.,A320,PKLUZ,BTK,BTK6347,BTK6401,30/15:05,30/15:10,30/17:14,30/17:29,2:04:00,BEJ,CGK,010,28,1,1,NML,3,2025
3418.,A320,PKSAE,SJV,SJV643,SJV672,30/15:11,30/15:18,30/16:01,30/16:13,0:42:54,AAP,BEJ,012,28,1,1,NML,3,2025
3419.,B739,PKLGU,LNI,LNI919,LNI316,30/15:35,30/15:40,30/16:25,30/16:34,0:45:00,DPS,BDJ,016,10,1,1,NML,3,2025
3420.,A320,PKSTC,SJV,SJV637,SJV648,30/15:21,30/15:28,30/16:19,30/16:30,0:50:08,BDJ,BPN,014,10,1,1,NML,3,2025
3421.,B738,PKGUE,GIA,GIA310,GIA315,30/15:27,30/15:35,30/17:22,30/17:35,1:47:00,CGK,CGK,009,28,1,1,NML,3,2025
3422.,A320,PKPWD,PAS,PAS206,PAS623,30/16:20,30/16:29,30/17:03,30/17:20,0:34:00,CGK,BPN,008,10,1,1,NML,3,2025
3423.,B739,PKLGR,LNI,LNI695,LNI268,30/17:04,30/17:07,30/17:46,30/18:00,0:39:00,KOE,TRK,014,10,1,1,NML,3,2025
3424.,B739,PKLGJ,LNI,LNI692,LNI692,30/16:36,30/16:40,30/17:33,30/17:44,0:53:00,CGK,KOE,016,10,1,1,NML,3,2025
3425.,B738,PKLKV,LNI,LNI709,LNI800,30/16:03,30/16:08,30/16:55,30/17:06,0:47:00,UPG,UPG,012,10,1,1,NML,3,2025
"3426.,A339,PKLES,LNI,LNI103,LNI100,29/07:21,29/07:26,30/16:55,30/16:59,""1 day, 9:29:00"",JED,JED,A07,10,1,1,NML,3,2025"
3427.,A320,PKGLP,CTV,CTV174,CTV418,30/16:11,30/16:16,30/16:58,30/17:15,0:42:00,HLP,PNK,007,10,1,1,NML,3,2025
3428.,A320,PKGTE,CTV,CTV669,CTV488,30/16:44,30/16:49,30/17:22,30/17:37,0:33:00,DPS,BDJ,005,10,1,1,NML,3,2025
3429.,A320,PKAZU,AWQ,AWQ323,AWQ326,30/16:54,30/16:59,30/17:30,30/17:42,0:31:00,KUL,KUL,A01,10,1,1,NML,3,2025
3430.,B739,PKLHI,LNI,LNI681,LNI226,30/16:57,30/17:00,30/17:41,30/17:52,0:41:00,PKY,BDJ,17A,10,0,0,NML,3,2025
"3431.,B738,PKLKW,LNI,LNI749,LNI838,29/15:02,29/15:06,30/17:50,30/18:05,""1 day, 2:43:26"",MDC,PNK,026,10,0,0,NML,3,2025"
3432.,A320,PKSAV,SJV,SJV723,SJV708,30/17:39,30/17:45,30/18:32,30/18:46,0:47:00,DPS,DPS,010,10,1,1,NML,3,2025
3433.,A320,PKPWJ,PAS,PAS622,PAS207,30/17:13,30/17:17,30/18:08,30/18:19,0:51:00,BPN,CGK,006,10,1,1,NML,3,2025
3434.,B738,PKGFU,GIA,GIA349,GIA313,30/17:33,30/17:37,30/18:31,30/18:44,0:54:00,DPS,CGK,005,10,1,1,NML,3,2025
3435.,B735,PKCLE,SJY,SJY567,SJY562,30/18:02,30/18:07,30/18:44,30/18:55,0:37:00,UPG,UPG,012,10,1,1,NML,3,2025
3436.,B738MAX,9VMBH,SIA,SIA928,SIA929,30/19:20,30/19:27,30/20:13,30/20:34,0:46:00,SIN,SIN,A03,10,1,1,NML,3,2025
3437.,B738,PKGUD,GIA,GIA320,GIA325,30/17:17,30/17:21,30/18:52,30/19:05,1:31:00,CGK,CGK,004,10,1,1,NML,3,2025
3438.,A320,PKGQI,CTV,CTV736,CTV352,30/18:31,30/18:35,30/19:13,30/19:22,0:38:00,CGK,UPG,008,10,1,1,NML,3,2025
3439.,B738,PKLZV,BTK,BTK6576,BTK6575,30/19:08,30/19:11,30/19:59,30/20:10,0:48:00,CGK,CGK,010,10,1,1,NML,3,2025
3440.,A320,PKGLG,CTV,CTV949,CTV494,30/19:28,30/19:32,30/20:10,30/20:24,0:38:00,BTH,BDJ,007,10,1,1,NML,3,2025
3441.,B788,9VOFA,TGW,TGW266,TGW267,30/19:05,30/19:10,30/20:13,30/20:30,1:03:00,SIN,SIN,A07,10,1,1,NML,3,2025
3442.,B739,PKLFK,LNI,LNI923,LNI880,30/17:45,30/17:49,30/19:45,30/19:54,1:56:00,DPS,UPG,15A,10,0,0,NML,3,2025
3443.,A320,PKSAY,SJV,SJV617,SJV616,30/19:01,30/19:05,30/19:36,30/19:46,0:31:00,BPN,BPN,009,10,1,1,NML,3,2025
3444.,B738,PKGNC,GIA,GIA326,GIA319,30/19:25,30/19:30,30/20:16,30/20:36,0:46:00,CGK,CGK,005,10,1,1,NML,3,2025
3445.,A320,PKGLT,CTV,CTV435,CTV719,30/19:17,30/19:21,30/20:06,30/20:19,0:45:00,BPN,CGK,006,10,1,1,NML,3,2025
3446.,A320,PKGQS,CTV,CTV722,CTV354,30/21:11,30/21:14,30/21:57,30/22:09,0:43:00,CGK,UPG,006,10,1,1,NML,3,2025
3447.,A320,PKGQT,CTV,CTV489,CTV662,30/20:28,30/20:32,30/21:10,30/21:23,0:38:00,BDJ,DPS,007,10,1,1,NML,3,2025
3448.,A320,PKGTE,CTV,CTV495,CTV721,30/20:22,30/20:25,30/21:07,30/21:17,0:42:00,BDJ,CGK,008,10,1,1,NML,3,2025
3449.,A320,PKGLY,CTV,CTV726,CTV430,30/20:13,30/20:17,31/04:55,31/05:01,8:38:00,CGK,BPN,003,28,0,0,NML,3,2025
3450.,B738,PKLJS,LNI,LNI879,LNI878,30/15:24,30/15:30,31/05:00,31/05:13,13:29:01,AMQ,AMQ,023,28,0,0,NML,3,2025
3451.,A320,PKAZU,AWQ,AWQ327,AWQ320,30/23:18,30/23:23,31/04:59,31/05:11,5:36:00,KUL,KUL,A07,28,1,1,NML,3,2025
3452.,B733F,PKMYV,MYU,MYU935,MYU815,30/15:49,30/15:54,31/05:03,31/05:09,13:09:00,SRG,CGK,C02,28,0,0,NML,3,2025
3453.,B738,PKGFJ,GIA,GIA324,GIA301,30/21:28,30/21:32,31/05:07,31/05:17,7:35:00,CGK,CGK,005,28,1,1,NML,3,2025
3454.,A320,PKGQG,CTV,CTV720,CTV725,30/21:56,30/22:02,31/05:38,31/05:46,7:36:00,CGK,CGK,007,28,1,1,NML,3,2025
3455.,B738,PKLKV,LNI,LNI883,LNI868,30/20:43,30/20:46,31/05:47,31/06:00,9:01:00,UPG,TTE,012,28,1,1,NML,3,2025
3456.,A320,V8RBC,RBA,RBA795,RBA796,30/20:16,30/20:23,31/05:51,31/06:02,9:28:00,BWN,BWN,A06,28,1,1,NML,3,2025
3457.,A320,PKGLU,CTV,CTV353,CTV484,31/05:09,31/05:16,31/05:44,31/05:49,0:28:00,UPG,BDJ,006,28,1,1,NML,3,2025
3458.,A320,PKBKQ,BTK,BTK6221,BTK6589,30/18:58,30/19:03,31/06:02,31/06:10,10:59:00,BPN,CGK,026,28,0,0,NML,3,2025
3459.,A320,PKSGB,SJV,SJV619,SJV706,30/17:27,30/17:31,31/05:57,31/06:06,12:26:00,BPN,DPS,17B,28,0,0,NML,3,2025
3460.,A320,PKSAE,SJV,SJV673,SJV566,30/20:25,30/20:30,31/06:52,31/07:07,10:22:00,BEJ,PLW,014,28,1,1,NML,3,2025
3461.,B739,PKLGO,LNI,LNI749,LNI971,30/15:17,30/15:23,31/06:50,31/07:05,15:26:55,MDC,BTH,024,28,0,0,NML,3,2025
3462.,B738,PKGMV,GIA,GIA328,GIA854,30/20:32,30/23:15,31/07:03,31/07:15,10:26:00,CGK,SIN,A02,10,1,1,NML,3,2025
3463.,B738,PKGMA,GIA,GIA855,GIA305,30/20:38,30/23:31,31/06:50,31/07:11,10:06:00,SIN,CGK,004,28,1,1,NML,3,2025
3464.,B739,PKLHI,LNI,LNI311,LNI646,31/05:58,31/06:03,31/07:58,31/08:09,1:54:42,BDJ,LOP,012,10,1,1,NML,3,2025
3465.,A320,PKLUZ,BTK,BTK6588,BTK7510,30/21:20,30/21:24,31/07:21,31/07:31,9:57:00,CGK,HLP,021,10,0,0,NML,3,2025
3466.,A320,PKAZP,AWQ,AWQ325,AWQ392,30/19:37,30/19:43,31/07:24,31/07:34,11:41:00,KUL,JHB,A01,10,1,1,NML,3,2025
3467.,A320,PKGQT,CTV,CTV661,CTV460,31/07:48,31/07:52,31/08:21,31/08:35,0:29:00,DPS,AAP,007,10,1,1,NML,3,2025
3468.,B739,PKLGJ,LNI,LNI693,LNI693,31/06:50,31/06:55,31/07:46,31/07:56,0:51:00,KOE,CGK,009,10,1,1,NML,3,2025
3469.,A21N,B32KZ,CSN,CSN8137,CSN8138,30/21:34,30/21:41,31/07:52,31/08:02,10:11:00,CAN,CAN,A03,10,1,1,NML,3,2025
"3470.,C208,PKVVO,SUS,PKVVO,SUS6097,29/10:08,29/10:10,31/08:10,31/08:19,""1 day, 22:00:00"",BXW,BXW,C07,10,0,0,NML,3,2025"
3471.,A320,PKGQI,CTV,CTV355,CTV177,31/07:12,31/07:16,31/09:03,31/09:19,1:47:00,UPG,HLP,006,10,1,1,NML,3,2025
3472.,A333,BLAB,CPA,CPA779,CPA780,30/17:58,30/18:05,31/08:11,31/08:21,14:06:00,HKG,HKG,A08,10,1,1,NML,3,2025
3473.,B739,PKLHH,LNI,LNI972,LNI990,30/16:14,30/16:18,31/08:21,31/08:33,16:03:00,BTH,DPS,022,10,0,0,NML,3,2025
3474.,B738,PKLZM,MXD,MXD352,MXD353,30/19:56,30/20:02,31/09:03,31/09:16,13:01:00,KUL,KUL,A04,10,1,1,NML,3,2025
3475.,A320,PKLAL,BTK,BTK7521,BTK6391,30/20:05,30/20:08,31/08:54,31/09:04,12:45:14,HLP,CGK,15A,10,0,0,NML,3,2025
3476.,B739,PKLGS,LNI,LNI929,LNI856,31/06:57,31/07:04,31/08:55,31/09:09,1:51:00,DPS,PLM,023,10,0,0,NML,3,2025
3477.,A320,PKSTC,SJV,SJV613,SJV618,30/20:01,30/20:05,31/09:00,31/09:13,12:55:00,BPN,BPN,17A,10,0,0,NML,3,2025
3478.,B738,PKGMI,GIA,GIA304,GIA342,31/07:59,31/08:03,31/09:13,31/09:25,1:10:00,CGK,DPS,004,10,1,1,NML,3,2025
3479.,A320,PKGLU,CTV,CTV485,CTV486,31/08:25,31/08:30,31/09:18,31/09:31,0:48:00,BDJ,BDJ,007,10,1,1,NML,3,2025
3480.,A320,PKSGB,SJV,SJV703,SJV702,31/08:31,31/08:34,31/09:32,31/09:44,0:58:00,DPS,DPS,009,10,1,1,NML,3,2025
3481.,A320,PKGQN,CTV,CTV417,CTV715,31/09:17,31/09:21,31/09:57,31/10:07,0:36:00,PNK,CGK,006,10,1,1,NML,3,2025
3482.,B738,9MLCP,MXD,MXD350,MXD351,31/09:07,31/09:13,31/10:11,31/10:22,0:58:00,KUL,KUL,A03,10,1,1,NML,3,2025
3483.,B38M,9MMVJ,MAS,MAS871,MAS870,31/09:22,31/09:27,31/10:20,31/10:32,0:53:00,KUL,KUL,A07,10,1,1,NML,3,2025
3484.,B735,PKNAS,LKN,LKN243,LKN242,31/09:11,31/09:13,31/09:54,31/10:06,0:41:00,SMQ,SMQ,012,10,1,1,NML,3,2025
3485.,A359,9VSHK,SIA,SIA922,SIA923,31/09:14,31/09:20,31/10:13,31/10:26,0:53:00,SIN,SIN,A08,10,1,1,NML,3,2025
3486.,A320,PKSAO,SJV,SJV615,SJV632,30/21:53,31/09:44,31/11:30,31/11:40,13:34:00,BPN,BDJ,024,10,0,1,NML,3,2025
3487.,A320,PKGTG,CTV,CTV351,CTV350,31/09:28,31/09:31,31/10:13,31/10:24,0:42:00,UPG,UPG,007,10,1,1,NML,3,2025
3488.,B739,PKLSH,LNI,LNI315,LNI262,31/07:53,31/07:57,31/10:43,31/10:46,2:46:00,BDJ,BPN,021,10,0,0,NML,3,2025
3489.,B739,PKLGR,LNI,LNI267,LNI706,31/07:09,31/07:14,31/10:38,31/10:48,3:24:00,TRK,UPG,17B,10,0,0,NML,3,2025
3490.,A320,9VTRO,TGW,TGW296,TGW297,31/09:53,31/09:59,31/10:49,31/10:57,0:50:00,SIN,SIN,A02,10,1,1,NML,3,2025
3491.,B739,PKLSK,LNI,LNI970,LNI973,31/09:40,31/09:44,31/10:31,31/10:39,0:47:00,BTH,BTH,014,10,1,1,NML,3,2025
3492.,A320,PKBKU,BTK,BTK7513,BTK7516,31/09:51,31/09:55,31/10:51,31/11:01,0:56:00,HLP,HLP,008,10,1,1,NML,3,2025
3493.,A320,PKLZH,BTK,BTK6594,BTK6346,30/21:07,30/21:11,31/10:43,31/10:54,13:32:00,CGK,BEJ,020,10,0,0,NML,3,2025
3494.,A320,PKSTT,SJV,SJV727,SJV642,31/00:26,31/00:30,31/11:07,31/11:18,10:37:00,DPS,AAP,15B,10,0,0,NML,3,2025
3495.,B739,PKLHI,LNI,LNI645,LNI822,31/10:42,31/10:45,31/11:35,31/11:47,0:50:00,LOP,LOP,014,10,1,1,NML,3,2025
3496.,B739,PKLHR,LNI,LNI694,LNI694,31/10:17,31/10:23,31/11:25,31/11:36,1:02:00,CGK,KOE,012,10,1,1,NML,3,2025
3497.,A320,PKAZU,AWQ,AWQ321,AWQ322,31/10:35,31/10:39,31/11:14,31/11:25,0:35:00,KUL,KUL,A01,10,1,1,NML,3,2025
3498.,B738,PKGMM,GIA,GIA322,GIA327,31/10:00,31/10:06,31/11:33,31/11:45,1:27:00,CGK,CGK,004,10,1,1,NML,3,2025
3499.,B739,PKLHH,LNI,LNI805,LNI804,31/11:14,31/11:19,31/12:20,31/12:29,1:01:00,DPS,DPS,010,10,1,1,NML,3,2025
3500.,A320,PKBKL,BTK,BTK6582,BTK6581,31/11:22,31/11:28,31/12:29,31/12:40,1:01:00,CGK,CGK,008,10,1,1,NML,3,2025
"3501.,A339,PKLEQ,LNI,LNI079,LNI104,20/10:55,28/02:05,31/12:07,31/12:15,""11 days, 1:08:00"",JED,JED,A05,28,1,1,NML,3,2025"
3502.,A320,PKGQT,CTV,CTV461,CTV698,31/11:51,31/11:55,31/12:34,31/12:46,0:39:00,AAP,DPS,006,10,1,1,NML,3,2025
3503.,A320,PKSAE,SJV,SJV567,SJV636,31/11:33,31/11:37,31/12:25,31/12:34,0:48:00,PLW,BDJ,009,10,1,1,NML,3,2025
3504.,B739,PKLSY,LNI,LNI865,LNI780,30/17:54,30/17:58,31/12:31,31/12:43,18:33:00,LOP,UPG,025,10,0,0,NML,3,2025
3505.,B735,PKNAT,LKN,LKN193,LKN192,31/14:25,31/14:29,31/15:09,31/15:24,0:40:00,PKN,PKN,009,10,1,1,NML,3,2025
3506.,B738,PKLKV,LNI,LNI869,LNI722,31/12:13,31/12:15,31/13:13,31/13:22,0:58:00,TTE,KDI,012,10,1,1,NML,3,2025
3507.,A320,PKPWC,PAS,PAS204,PAS205,31/12:18,31/12:23,31/13:18,31/13:34,0:55:11,CGK,CGK,005,10,1,1,NML,3,2025
3508.,A320,PKAZP,AWQ,AWQ393,AWQ324,31/12:23,31/12:28,31/13:15,31/13:27,0:47:00,JHB,KUL,A01,10,1,1,NML,3,2025
3509.,A320,PKGLU,CTV,CTV487,CTV668,31/12:09,31/12:12,31/13:28,31/13:38,1:16:00,BDJ,DPS,007,10,1,1,NML,3,2025
3510.,B739,PKLHL,LNI,LNI367,LNI686,31/09:35,31/09:40,31/13:52,31/14:03,4:12:00,BPN,PKY,022,10,0,0,NML,3,2025
3511.,A320,PKSJZ,SJV,SJV725,SJV726,30/18:08,30/18:13,31/14:05,31/14:18,19:52:00,LBJ,LBJ,016,10,1,1,NML,3,2025
3512.,A320,PKGLX,CTV,CTV716,CTV717,31/13:32,31/13:35,31/14:17,31/14:33,0:42:00,CGK,CGK,007,10,1,1,NML,3,2025
3513.,B739,PKLGS,LNI,LNI857,LNI910,31/13:25,31/13:28,31/14:22,31/14:35,0:54:00,PLM,DPS,009,10,1,1,NML,3,2025
3514.,A320,PKGLY,CTV,CTV431,CTV948,31/13:28,31/13:32,31/14:13,31/14:23,0:41:00,BPN,BTH,008,10,1,1,NML,3,2025
3515.,B738,PKGFI,GIA,GIA312,GIA317,31/13:36,31/13:40,31/14:29,31/14:42,0:49:00,CGK,CGK,004,10,1,1,NML,3,2025
3516.,A320,9VJSO,JSA,JSA247,JSA248,31/14:00,31/14:06,31/14:53,31/15:13,0:46:21,SIN,SIN,A07,10,1,1,NML,3,2025
3517.,B739,PKLHI,LNI,LNI823,LNI260,31/14:30,31/14:34,31/15:52,31/16:01,1:18:00,LOP,BPN,015,10,1,1,NML,3,2025
3518.,A320,PKLUI,BTK,BTK7515,BTK7514,31/13:48,31/13:51,31/14:53,31/15:02,1:02:06,HLP,HLP,014,10,1,1,NML,3,2025
3519.,A320,PKPWE,PAS,PAS208,PAS209,31/13:44,31/13:47,31/14:52,31/15:04,1:05:57,CGK,CGK,006,10,1,1,NML,3,2025
3520.,B738,PKGMC,GIA,GIA330,GIA331,31/13:58,31/14:02,31/15:01,31/15:16,0:59:00,HLP,HLP,005,10,1,1,NML,3,2025
3521.,B739,PKLSH,LNI,LNI261,LNI642,31/14:21,31/14:25,31/15:16,31/15:26,0:51:00,BPN,LOP,012,10,1,1,NML,3,2025
3522.,B738,PKLSF,LNI,LNI837,LNI581,31/08:03,31/08:08,31/16:23,31/16:33,8:15:00,PNK,CGK,026,10,0,0,NML,3,2025
3523.,A320,PKSAO,SJV,SJV633,SJV614,31/14:16,31/14:19,31/15:24,31/15:32,1:05:00,BDJ,BPN,020,28,0,0,NML,3,2025
3524.,B739,PKLHH,LNI,LNI919,LNI920,31/15:14,31/15:19,31/16:11,31/16:22,0:52:00,DPS,DPS,016,10,1,1,NML,3,2025
3525.,A320,PKLZH,BTK,BTK6347,BTK6401,31/15:10,31/15:17,31/16:41,31/16:52,1:24:00,BEJ,CGK,008,10,1,1,NML,3,2025
3526.,A320,PKGQT,CTV,CTV699,CTV434,31/15:30,31/15:33,31/16:15,31/16:26,0:42:00,DPS,BPN,007,10,1,1,NML,3,2025
3527.,B738,PKGUI,GIA,GIA310,GIA315,31/15:22,31/15:28,31/16:38,31/16:49,1:10:00,CGK,CGK,004,10,1,1,NML,3,2025
3528.,A320,PKSAE,SJV,SJV637,SJV648,31/15:19,31/15:23,31/16:29,31/16:39,1:06:00,BDJ,BPN,014,10,1,1,NML,3,2025
3529.,B738MAX,9VMBI,SIA,SIA926,SIA927,31/15:38,31/15:43,31/16:37,31/16:50,0:54:00,SIN,SIN,A08,10,1,1,NML,3,2025
3530.,A320,PKPWJ,PAS,PAS206,PAS623,31/15:48,31/15:52,31/16:31,31/16:41,0:39:29,CGK,BPN,005,10,1,1,NML,3,2025
3531.,B739,PKLHR,LNI,LNI695,LNI268,31/15:59,31/16:01,31/16:50,31/17:00,0:49:00,KOE,TRK,012,10,1,1,NML,3,2025
3532.,B739,PKLGJ,LNI,LNI692,LNI316,31/16:24,31/16:27,31/17:24,31/17:37,0:57:00,CGK,BDJ,015,10,1,1,NML,3,2025
3533.,A320,PKGQL,CTV,CTV174,CTV418,31/15:56,31/16:01,31/16:55,31/17:08,0:54:00,HLP,PNK,010,10,1,1,NML,3,2025
3534.,A320,PKGLR,CTV,CTV669,CTV488,31/16:31,31/16:35,31/17:14,31/17:27,0:39:00,DPS,BDJ,007,10,1,1,NML,3,2025
3535.,B738,PKLJS,LNI,LNI879,LNI838,31/15:06,31/15:10,31/17:30,31/17:41,2:20:00,AMQ,PNK,017,10,1,1,NML,3,2025
3536.,A320,PKAZU,AWQ,AWQ323,AWQ326,31/17:19,31/17:25,31/17:55,31/18:06,0:30:00,KUL,KUL,A01,10,1,1,NML,3,2025
3537.,A320,PKSAY,SJV,SJV619,SJV708,31/15:51,31/15:55,31/19:03,31/19:13,3:08:00,BPN,DPS,024,10,0,0,NML,3,2025
3538.,A320,PKPWG,PAS,PAS622,PAS207,31/17:29,31/17:33,31/18:15,31/18:29,0:42:00,BPN,CGK,006,10,1,1,NML,3,2025
3539.,B738,PKGMI,GIA,GIA349,GIA313,31/17:15,31/17:19,31/18:20,31/18:33,1:01:00,DPS,CGK,004,10,1,1,NML,3,2025
3540.,B738,PKCRH,SJY,SJY567,SJY562,31/18:03,31/18:07,31/18:44,31/18:59,0:37:00,UPG,UPG,010,10,1,1,NML,3,2025
3541.,B738,PKGMA,GIA,GIA320,GIA325,31/17:25,31/17:28,31/18:51,31/19:05,1:23:00,CGK,CGK,005,10,1,1,NML,3,2025
3542.,B738MAX,9VMBH,SIA,SIA928,SIA929,31/18:00,31/18:06,31/19:54,31/20:00,1:48:00,SIN,SIN,A07,10,1,1,NML,3,2025
3543.,A320,PKLUP,BTK,BTK6576,BTK6575,31/22:14,31/22:17,31/22:52,31/23:02,0:35:00,CGK,CGK,010,28,1,1,NML,3,2025
3544.,A320,PKGQG,CTV,CTV949,CTV494,31/18:31,31/18:35,31/20:01,31/20:29,1:26:00,BTH,BDJ,007,10,1,1,NML,3,2025
3545.,B739,PKLHL,LNI,LNI687,LNI880,31/17:06,31/17:10,31/20:01,31/20:23,2:51:00,PKY,UPG,009,10,1,1,NML,3,2025
3546.,B738,PKGNG,GIA,GIA326,GIA319,31/21:40,31/21:46,31/22:36,31/22:46,0:50:00,CGK,CGK,007,28,1,1,NML,3,2025
3547.,A320,PKGLP,CTV,CTV736,CTV352,31/20:45,31/20:49,31/21:38,31/21:50,0:49:00,CGK,UPG,008,10,1,1,NML,3,2025
3548.,A320,PKGQJ,CTV,CTV489,CTV662,31/20:30,31/20:34,31/21:25,31/21:37,0:51:00,BDJ,DPS,007,10,1,1,NML,3,2025
3549.,A320,PKGQR,CTV,CTV722,CTV354,31/20:34,31/20:38,31/21:11,31/21:24,0:33:00,CGK,UPG,006,10,1,1,NML,3,2025
3550.,A320,PKGLR,CTV,CTV495,CTV721,31/20:48,31/20:52,31/21:30,31/21:42,0:38:00,BDJ,CGK,009,10,1,1,NML,3,2025
