no,act_type,reg_no,opr,flight_number_origin,flight_number_dest,ata,block_on,block_off,atd,ground_time,org,des,ps,runway,avio_a,avio_d,f_stat,bulan,tahun
1.,A320,PKGLV,CTV,CTV720,CTV430,31/22:09,31/22:14,01/04:54,01/05:04,6:40:00,CGK,BPN,009,28,1,1,NML,4,2025
2.,B738,PKLKV,LNI,LNI727,LNI878,31/18:20,31/18:32,01/04:59,01/05:08,10:27:00,KDI,AMQ,C05,28,0,0,NML,4,2025
3.,A320,PKAZU,AWQ,AWQ327,AWQ320,31/23:35,31/23:39,01/05:06,01/05:20,5:27:00,KUL,KUL,A5T,28,0,0,NML,4,2025
4.,B738,PKGUA,GIA,GIA324,GIA301,31/21:15,31/21:19,01/05:05,01/05:15,7:46:00,CGK,CGK,006,28,1,1,NML,4,2025
5.,A320,PKGQT,CTV,CTV435,CTV725,31/21:57,31/22:01,01/05:43,01/05:52,7:42:00,BPN,CGK,008,28,1,1,NML,4,2025
6.,A320,V8RBD,RBA,RBA795,RBA796,31/20:36,31/20:42,01/05:52,01/05:53,9:10:00,BWN,BWN,A07,28,1,1,NML,4,2025
7.,A320,PKGLU,CTV,CTV353,CTV484,01/05:01,01/05:09,01/05:43,01/05:54,0:34:00,UPG,BDJ,007,28,1,1,NML,4,2025
8.,B739,PKLSH,LNI,LNI865,LNI266,31/17:50,31/17:54,01/05:51,01/06:03,11:57:00,LOP,BPN,C04,28,0,0,NML,4,2025
9.,B739,PKLGR,LNI,LNI885,LNI882,31/21:22,31/21:26,01/05:51,01/06:01,8:25:00,UPG,UPG,015,28,1,1,NML,4,2025
10.,B739,PKLGS,LNI,LNI923,LNI693,31/17:10,31/17:15,01/05:56,01/06:08,12:41:00,DPS,CGK,026,28,0,0,NML,4,2025
11.,A320,PKLUZ,BTK,BTK7521,BTK6589,31/20:39,31/20:44,01/05:56,01/06:06,9:12:00,HLP,CGK,014,28,1,1,NML,4,2025
12.,A320,PKSTT,SJV,SJV643,SJV640,31/15:00,31/15:02,01/06:01,01/06:10,14:58:08,AAP,AAP,025,28,0,0,NML,4,2025
13.,A320,PKPWL,PAS,PAS212,PAS213,31/20:56,31/21:00,01/05:50,01/05:59,8:50:00,CGK,CGK,004,28,1,1,NML,4,2025
14.,A320,PKAZP,AWQ,AWQ325,AWQ386,31/20:05,31/20:12,01/06:01,01/06:12,9:49:00,KUL,PEN,A01,28,1,0,NML,4,2025
15.,B738MAX,PKOFM,AFE,PKOFM,PKOFM,01/05:42,01/05:49,01/06:33,01/06:42,0:44:00,CGK,TIM,006,28,1,1,NML,4,2025
16.,A320,PKSAE,SJV,SJV613,SJV566,31/20:42,31/20:48,01/06:55,01/07:04,10:07:00,BPN,PLW,024,28,0,0,NML,4,2025
17.,C208,PKVVO,SUS,PKVVO,SUS6096,31/09:58,31/10:00,01/07:08,01/07:25,21:08:00,BXW,BXW,C07,28,0,0,NML,4,2025
18.,A320,PKLAF,BTK,BTK6594,BTK6135,31/20:53,31/20:59,01/06:55,01/07:08,9:56:00,CGK,PKN,012,28,1,1,NML,4,2025
19.,A320,PKSAO,SJV,SJV617,SJV612,31/22:05,31/22:07,01/07:01,01/07:20,8:54:00,BPN,BPN,C06,28,0,0,NML,4,2025
20.,B739,PKLGL,LNI,LNI801,LNI971,31/11:37,31/11:41,01/07:01,01/07:16,19:20:00,UPG,BTH,023,28,0,0,NML,4,2025
21.,B738,PKGNF,GIA,GIA328,GIA305,31/20:27,31/20:32,01/06:59,01/07:11,10:27:00,CGK,CGK,005,28,1,1,NML,4,2025
22.,B738,PKGMV,GIA,GIA855,GIA854,31/20:51,31/20:58,01/06:59,01/07:18,10:01:00,SIN,SIN,A04,28,1,1,NML,4,2025
23.,B739,PKLGV,LNI,LNI363,LNI646,01/06:23,01/06:29,01/07:48,01/08:01,1:19:00,BPN,LOP,014,28,1,1,NML,4,2025
24.,A320,PKLUV,BTK,BTK6406,BTK7510,31/16:44,31/16:47,01/07:36,01/07:46,14:49:00,CGK,HLP,016,28,1,1,NML,4,2025
25.,B739,PKLHH,LNI,LNI929,LNI982,01/07:06,01/07:11,01/08:04,01/08:17,0:53:00,DPS,PKU,010,28,1,1,NML,4,2025
26.,A320,PKGLG,CTV,CTV690,CTV460,01/06:56,01/07:03,01/07:48,01/07:56,0:45:00,DPS,AAP,007,28,1,1,NML,4,2025
27.,A21N,B32KZ,CSN,CSN8137,CSN8138,31/21:35,31/21:40,01/08:01,01/08:20,10:21:00,CAN,CAN,A03,28,1,1,NML,4,2025
28.,A320,PKGQE,CTV,CTV170,CTV175,01/07:02,01/07:07,01/07:58,01/08:07,0:51:14,HLP,HLP,008,28,1,1,NML,4,2025
29.,A320,PKGQL,CTV,CTV355,CTV171,01/07:23,01/07:28,01/08:04,01/08:12,0:36:52,UPG,HLP,006,28,1,1,NML,4,2025
30.,A333,BLBE,CPA,CPA779,CPA780,31/17:45,31/17:52,01/08:18,01/08:28,14:26:00,HKG,HKG,A08,28,1,1,NML,4,2025
31.,B739,PKLHR,LNI,LNI267,LNI990,01/07:14,01/07:19,01/08:15,01/08:26,0:56:00,TRK,DPS,012,28,1,1,NML,4,2025
"32.,DHC6,PKICP,PGT,PKICP,PKICP,29/10:21,29/10:23,01/07:26,01/07:32,""2 days, 21:03:00"",PAG,PAG,028,28,0,0,NML,4,2025"
33.,A320,PKLUO,BTK,BTK6588,BTK6391,31/22:59,31/23:05,01/08:53,01/09:02,9:48:00,CGK,CGK,17B,28,0,0,NML,4,2025
34.,A320,PKSAL,SJV,SJV649,SJV618,01/07:50,01/07:56,01/08:49,01/08:57,0:53:00,BPN,BPN,009,28,1,1,NML,4,2025
35.,B738,PKGFU,GIA,GIA304,GIA342,01/08:19,01/08:24,01/09:16,01/09:29,0:52:00,CGK,DPS,004,10,1,1,NML,4,2025
36.,A320,PKGLU,CTV,CTV485,CTV486,01/08:40,01/08:47,01/09:20,01/09:33,0:33:00,BDJ,BDJ,006,10,1,1,NML,4,2025
37.,A320,PKPWE,PAS,PAS200,PAS201,01/08:23,01/08:30,01/09:31,01/09:45,1:01:00,CGK,CGK,005,10,1,1,NML,4,2025
38.,A320,PKSAY,SJV,SJV703,SJV706,01/08:15,01/08:19,01/09:27,01/09:40,1:08:00,DPS,DPS,014,10,1,1,NML,4,2025
39.,A320,PKGLY,CTV,CTV417,CTV715,01/12:34,01/12:38,01/14:36,01/14:47,1:58:00,PNK,CGK,007,10,1,1,NML,4,2025
"40.,GLEX,9HVJG,VJT,VJT796,VJT796,30/17:01,30/17:05,01/10:01,01/10:08,""1 day, 16:56:00"",XSP,XSP,A09,10,0,0,NML,4,2025"
41.,B738,9MMLM,MAS,MAS871,MAS870,01/09:15,01/09:19,01/10:05,01/10:17,0:46:00,KUL,KUL,A07,10,1,1,NML,4,2025
42.,A359,9VSHS,SIA,SIA922,SIA923,01/09:00,01/09:03,01/10:03,01/10:15,1:00:00,SIN,SIN,A08,10,1,1,NML,4,2025
43.,A320,PKGQM,CTV,CTV351,CTV350,01/09:31,01/09:35,01/10:13,01/10:25,0:38:00,UPG,UPG,007,10,1,1,NML,4,2025
44.,A320,PKSGB,SJV,SJV723,SJV632,31/18:44,31/18:49,01/10:29,01/10:45,15:40:00,DPS,BDJ,17A,10,0,0,NML,4,2025
45.,B739,PKLSH,LNI,LNI367,LNI262,01/09:37,01/09:40,01/10:27,01/10:39,0:47:00,BPN,BPN,012,10,1,1,NML,4,2025
46.,B739,PKLGO,LNI,LNI972,LNI706,31/16:21,31/16:28,01/10:38,01/10:51,18:10:00,BTH,UPG,020,10,0,0,NML,4,2025
47.,A320,9VTRU,TGW,TGW296,TGW297,01/09:41,01/09:46,01/10:43,01/10:57,0:57:00,SIN,SIN,A03,10,1,1,NML,4,2025
48.,B739,PKLQS,LNI,LNI315,LNI973,01/07:54,01/07:58,01/10:43,01/10:54,2:44:26,BDJ,BTH,025,10,0,0,NML,4,2025
49.,A320,PKLAF,BTK,BTK6134,BTK6346,01/09:47,01/09:50,01/10:37,01/10:47,0:47:00,PKN,BEJ,009,10,1,1,NML,4,2025
50.,A320,PKLUR,BTK,BTK7513,BTK7516,01/09:50,01/09:54,01/10:53,01/11:03,0:59:00,HLP,HLP,010,10,1,1,NML,4,2025
51.,B739,PKLKM,LNI,LNI970,LNI822,01/09:43,01/09:46,01/11:39,01/11:51,1:53:00,BTH,LOP,015,10,1,1,NML,4,2025
52.,B738,PKLBK,MXD,MXD352,MXD353,31/21:55,31/22:04,01/10:49,01/11:01,12:45:00,KUL,KUL,A02,10,1,0,NML,4,2025
53.,B739,PKLHO,LNI,LNI694,LNI694,01/11:26,01/11:30,01/12:19,01/12:26,0:49:00,CGK,KOE,016,10,1,1,NML,4,2025
54.,A320,PKAZU,AWQ,AWQ321,AWQ322,01/10:42,01/10:47,01/11:18,01/11:26,0:31:00,KUL,KUL,A01,10,1,1,NML,4,2025
55.,B738,PKGUA,GIA,GIA322,GIA327,01/10:12,01/10:14,01/11:35,01/11:45,1:21:00,CGK,CGK,004,10,1,1,NML,4,2025
56.,B738MAX,9MLRV,MXD,MXD350,MXD351,01/11:30,01/11:35,01/12:26,01/12:36,0:51:00,KUL,KUL,A03,10,1,1,NML,4,2025
57.,B739,PKLGV,LNI,LNI645,LNI804,01/10:37,01/10:40,01/12:01,01/12:10,1:21:00,LOP,DPS,014,10,1,1,NML,4,2025
58.,A320,PKSAU,SJV,SJV363,SJV362,01/10:49,01/10:52,01/12:05,01/12:17,1:13:00,KNO,KNO,012,10,1,1,NML,4,2025
59.,A320,PKBLC,BTK,BTK6582,BTK6581,01/11:36,01/11:40,01/12:28,01/12:39,0:48:00,CGK,CGK,010,10,1,1,NML,4,2025
60.,A320,PKGLG,CTV,CTV461,CTV698,01/11:22,01/11:28,01/12:18,01/12:31,0:50:00,AAP,DPS,006,10,1,1,NML,4,2025
61.,B739,PKLFY,LNI,LNI801,LNI780,01/11:32,01/11:36,01/12:34,01/12:42,0:58:00,UPG,UPG,017,10,1,1,NML,4,2025
62.,A320,PKSAE,SJV,SJV567,SJV636,01/11:17,01/11:25,01/12:36,01/12:46,1:11:00,PLW,BDJ,009,10,1,1,NML,4,2025
63.,ZZZZ,PKDJG,ZZZ,PKDJG,PKDJG,01/10:53,01/10:54,01/11:04,01/11:06,0:09:07,SRG,BWX,H05,10,0,0,NML,4,2025
64.,A320,PKPWD,PAS,PAS204,PAS205,01/11:53,01/11:56,01/13:21,01/13:38,1:25:00,CGK,CGK,005,10,1,1,NML,4,2025
65.,A320,PKAZP,AWQ,AWQ387,AWQ324,01/12:19,01/12:24,01/13:23,01/13:34,0:59:00,PEN,KUL,A01,10,1,1,NML,4,2025
66.,A320,PKGLU,CTV,CTV487,CTV668,01/12:06,01/12:10,01/13:21,01/13:42,1:11:00,BDJ,DPS,008,10,1,1,NML,4,2025
67.,B738MAX,PKOFI,AFE,AFE120,AFE920,01/13:38,01/13:41,01/16:21,01/16:34,2:40:00,TIM,CGK,005,10,1,1,NML,4,2025
68.,B739,PKLFK,LNI,LNI787,LNI680,01/13:26,01/13:30,01/15:34,01/16:03,2:04:00,UPG,PKY,016,10,1,1,NML,4,2025
69.,A320,PKSGB,SJV,SJV633,SJV726,01/13:29,01/13:32,01/15:40,01/16:07,2:08:00,BDJ,LBJ,010,10,1,1,NML,4,2025
70.,A320,PKGQG,CTV,CTV716,CTV717,01/13:43,01/13:46,01/15:34,01/16:05,1:48:00,CGK,CGK,008,10,1,1,NML,4,2025
71.,A320,PKGLV,CTV,CTV431,CTV948,01/13:32,01/13:35,01/16:04,01/16:24,2:29:00,BPN,BTH,006,10,1,1,NML,4,2025
72.,B739,PKLHH,LNI,LNI983,LNI910,01/13:46,01/13:50,01/16:06,01/16:21,2:16:00,PKU,DPS,012,10,1,1,NML,4,2025
73.,B738,PKGUI,GIA,GIA312,GIA317,01/15:44,01/15:49,01/16:53,01/17:03,1:04:00,CGK,CGK,007,28,1,1,NML,4,2025
74.,B739,PKLHO,LNI,LNI695,LNI260,01/16:57,01/17:02,01/18:36,01/18:43,1:34:00,KOE,BPN,17A,10,0,0,NML,4,2025
75.,A320,9VJSQ,JSA,JSA247,JSA248,01/18:52,01/18:59,01/19:53,01/20:03,0:54:00,DPS,SIN,A10,10,0,0,NML,4,2025
76.,A320,PKLAJ,BTK,BTK7515,BTK7514,01/13:40,01/13:43,01/16:10,01/16:26,2:27:00,HLP,HLP,009,28,1,1,NML,4,2025
77.,A320,PKPWK,PAS,PAS208,PAS209,01/14:44,01/14:51,01/16:04,01/16:23,1:13:00,CGK,CGK,004,10,1,1,NML,4,2025
78.,B739,PKLHR,LNI,LNI805,LNI642,01/10:59,01/11:02,01/17:13,01/17:25,6:11:00,DPS,LOP,023,10,0,0,NML,4,2025
79.,B739,PKLJS,LNI,LNI837,LNI581,01/07:58,01/08:03,01/17:09,01/17:19,9:06:00,PNK,CGK,024,10,0,0,NML,4,2025
"80.,A320,PKSJZ,SJV,SJV725,SJV614,31/17:35,31/17:38,01/18:51,01/19:06,""1 day, 1:13:00"",LBJ,BPN,022,10,0,0,NML,4,2025"
81.,B739,PKLGV,LNI,LNI919,LNI920,01/18:23,01/18:27,01/19:15,01/19:25,0:48:00,DPS,DPS,015,10,1,1,NML,4,2025
82.,A320,PKGLG,CTV,CTV699,CTV434,01/15:48,01/15:52,01/16:31,01/16:42,0:39:00,DPS,BPN,008,28,1,1,NML,4,2025
"83.,E135,VPCLL,TAB,VPCLL,VPCLL,29/12:43,29/13:00,01/16:18,01/16:18,""3 days, 3:18:00"",HLP,HLP,A10,10,0,0,NML,4,2025"
84.,A320,PKLAF,BTK,BTK6347,BTK6401,01/17:59,01/18:07,01/19:02,01/19:12,0:55:00,BEJ,CGK,010,28,1,1,NML,4,2025
85.,B739,PKLSH,LNI,LNI261,LNI316,01/17:23,01/17:28,01/18:20,01/18:35,0:52:00,BPN,BDJ,014,10,1,1,NML,4,2025
86.,B738,PKGNM,GIA,GIA330R,GIA331,01/18:34,01/18:37,01/19:28,01/19:39,0:51:00,HLP,HLP,003,10,0,0,NML,4,2025
87.,B738,PKGUA,GIA,GIA310,GIA315,01/16:13,01/16:17,01/17:25,01/17:38,1:08:00,CGK,CGK,004,10,1,1,NML,4,2025
88.,B738MAX,9VMBO,SIA,SIA926,SIA927,01/17:01,01/17:04,01/17:53,01/18:07,0:49:00,SIN,SIN,A08,10,1,1,NML,4,2025
89.,A320,PKPWL,PAS,PAS206,PAS623,01/16:37,01/16:43,01/17:19,01/17:31,0:36:00,CGK,BPN,005,10,1,1,NML,4,2025
90.,A320,PKGQE,CTV,CTV174,CTV418,01/16:45,01/16:50,01/17:37,01/17:48,0:47:00,HLP,PNK,006,10,1,1,NML,4,2025
91.,B739,PKLFF,LNI,LNI692,LNI692,01/16:31,01/16:37,01/18:13,01/18:25,1:36:00,CGK,KOE,016,10,1,1,NML,4,2025
92.,B738,PKLKV,LNI,LNI879,LNI838,01/10:53,01/10:57,01/18:55,01/19:07,7:58:00,AMQ,PNK,026,10,0,0,NML,4,2025
93.,A320,PKAZU,AWQ,AWQ323,AWQ326,01/17:07,01/17:10,01/17:46,01/17:56,0:36:00,KUL,KUL,A03,10,1,1,NML,4,2025
94.,A320,PKGQN,CTV,CTV669,CTV488,01/18:05,01/18:09,01/18:42,01/18:56,0:33:00,DPS,BDJ,007,10,1,1,NML,4,2025
95.,A320,PKPWA,PAS,PAS622,PAS207,01/17:54,01/17:56,01/18:39,01/18:54,0:43:00,BPN,CGK,006,10,1,1,NML,4,2025
96.,B738,PKGFU,GIA,GIA349,GIA313,01/18:11,01/18:13,01/19:02,01/19:15,0:49:00,DPS,CGK,005,10,1,1,NML,4,2025
97.,A320,PKBKU,BTK,BTK7503,BTK7502,01/17:41,01/17:45,01/18:38,01/18:50,0:53:00,HLP,HLP,009,10,1,1,NML,4,2025
98.,B735,PKCLE,SJY,SJY567,SJY562,01/18:44,01/18:50,01/19:37,01/19:49,0:47:00,UPG,UPG,014,10,1,1,NML,4,2025
99.,B738,PKGNN,GIA,GIA320,GIA325,01/17:50,01/17:53,01/18:48,01/19:00,0:55:00,CGK,CGK,004,10,1,1,NML,4,2025
100.,B738MAX,9VMBF,SIA,SIA928,SIA929,01/18:15,01/18:20,01/19:10,01/19:22,0:50:00,SIN,SIN,A09,10,0,0,NML,4,2025
101.,A320,PKGQP,CTV,CTV736,CTV352,01/18:18,01/18:22,01/19:11,01/19:23,0:49:00,CGK,UPG,008,10,1,1,NML,4,2025
102.,B738,PKLZV,BTK,BTK6576,BTK6575,01/18:27,01/18:33,01/20:15,01/20:27,1:42:00,CGK,CGK,012,10,1,1,NML,4,2025
103.,A320,PKGQT,CTV,CTV949,CTV494,01/18:48,01/18:52,01/19:25,01/19:37,0:33:00,BTH,BDJ,009,10,1,1,NML,4,2025
104.,B788,9VOFA,TGW,TGW266,TGW267,01/18:40,01/18:47,01/20:01,01/20:13,1:14:00,SIN,SIN,A07,10,1,1,NML,4,2025
105.,A320,PKGQI,CTV,CTV172,CTV173,01/19:01,01/19:06,01/19:43,01/19:56,0:37:00,HLP,HLP,007,10,1,1,NML,4,2025
106.,B739,PKLHH,LNI,LNI923,LNI880,01/18:58,01/19:01,01/20:42,01/20:51,1:41:00,DPS,UPG,016,10,1,1,NML,4,2025
107.,H25B,T7727,T7,T7727,T7727,01/18:33,01/18:38,01/20:28,01/20:37,1:50:00,CGK,SRG,A12,10,0,0,NML,4,2025
108.,B738,PKGFG,GIA,GIA326,GIA319,01/19:12,01/19:17,01/20:03,01/20:16,0:46:00,CGK,CGK,004,10,1,1,NML,4,2025
109.,A320,PKGQA,CTV,CTV724,CTV354,01/19:40,01/19:46,01/20:19,01/20:32,0:33:00,CGK,UPG,009,10,1,1,NML,4,2025
110.,A320,PKGQU,CTV,CTV489,CTV693,01/19:29,01/19:33,01/20:15,01/20:25,0:42:00,BDJ,DPS,008,10,1,1,NML,4,2025
111.,A320,PKGLG,CTV,CTV435,CTV737,01/19:58,01/20:02,01/20:32,01/20:42,0:30:00,BPN,CGK,007,10,1,1,NML,4,2025
112.,A320,PKGQN,CTV,CTV495,CTV721,01/21:15,01/21:19,01/21:52,01/22:03,0:33:00,BDJ,CGK,007,10,1,1,NML,4,2025
113.,A320,PKGLX,CTV,CTV720,CTV430,01/21:41,01/21:44,02/04:53,02/05:07,7:09:00,CGK,BPN,009,28,1,1,NML,4,2025
"114.,B738,PKLKQ,LNI,LNI727,LNI878,30/17:49,30/23:59,02/05:05,02/05:15,""2 days, 11:11:00"",KDI,AMQ,C03,28,0,0,NML,4,2025"
115.,A320,PKAZP,AWQ,AWQ325,AWQ320,01/19:09,01/19:15,02/05:09,02/05:17,9:54:00,KUL,KUL,C01,28,0,0,NML,4,2025
116.,B738,PKGFP,GIA,GIA324,GIA301,01/21:24,01/21:29,02/05:00,02/05:10,7:31:00,CGK,CGK,006,28,1,1,NML,4,2025
117.,B739,PKLGL,LNI,LNI972,LNI786,01/16:48,01/16:54,02/06:10,02/06:21,13:16:00,BTH,UPG,020,28,0,0,NML,4,2025
118.,A320,PKGLY,CTV,CTV726,CTV725,01/21:38,01/21:43,02/05:34,02/05:41,7:51:00,CGK,CGK,008,28,1,1,NML,4,2025
119.,A320,PKSAJ,SJV,SJV619,SJV706,01/16:41,01/16:46,02/06:02,02/06:10,13:16:00,BPN,DPS,025,28,0,0,NML,4,2025
120.,A320,PKBKV,BTK,BTK6588,BTK6589,01/22:09,01/22:14,02/05:51,02/06:00,7:37:00,CGK,CGK,012,28,1,1,NML,4,2025
121.,A320,PKGQM,CTV,CTV353,CTV670,02/05:08,02/05:14,02/05:51,02/05:58,0:37:00,UPG,LOP,006,28,1,1,NML,4,2025
122.,A320,PKPWJ,PAS,PAS212,PAS213,01/20:34,01/20:38,02/06:48,02/06:55,10:10:00,CGK,CGK,004,28,1,1,NML,4,2025
123.,B739,PKLHR,LNI,LNI865,LNI266,01/19:44,01/19:49,02/06:08,02/06:17,10:19:00,LOP,BPN,026,28,0,0,NML,4,2025
124.,A320,PKSTT,SJV,SJV643,SJV640,01/17:46,01/17:51,02/06:46,02/06:59,12:55:00,AAP,AAP,C05,28,0,0,NML,4,2025
125.,B739,PKLKM,LNI,LNI823,LNI971,01/17:29,01/17:36,02/07:04,02/07:12,13:28:00,LOP,BTH,17B,28,0,0,NML,4,2025
126.,A320,PKLUY,BTK,BTK7521,BTK6135,01/20:11,01/20:17,02/06:54,02/07:05,10:37:00,HLP,PKN,15A,28,0,0,NML,4,2025
127.,B738,PKGFM,GIA,GIA328,GIA305,01/19:54,01/19:57,02/07:05,02/07:14,11:08:00,CGK,CGK,005,28,1,1,NML,4,2025
128.,B738,PKGMV,GIA,GIA855,GIA854,01/20:46,01/20:54,02/07:03,02/07:18,10:09:00,SIN,SIN,A07,28,1,1,NML,4,2025
129.,B739,PKLHI,LNI,LNI363,LNI646,02/06:19,02/06:25,02/07:22,02/07:32,0:57:00,BPN,LOP,012,28,1,1,NML,4,2025
130.,A320,PKSGC,SJV,SJV727,SJV612,01/20:56,01/21:01,02/07:27,02/07:37,10:26:00,DPS,BPN,014,28,1,1,NML,4,2025
131.,A320,PKLAO,BTK,BTK6406,BTK7510,01/17:36,01/17:40,02/07:37,02/07:52,13:57:00,CGK,HLP,024,28,0,0,NML,4,2025
132.,A320,PKAZU,AWQ,AWQ327,AWQ392,01/23:26,01/23:30,02/07:29,02/07:48,7:59:00,KUL,JHB,A01,28,1,1,NML,4,2025
133.,B739,PKLFF,LNI,LNI693,LNI693,02/06:52,02/06:58,02/07:49,02/07:57,0:51:00,KOE,CGK,009,28,1,1,NML,4,2025
134.,A320,PKSJZ,SJV,SJV617,SJV634,01/22:38,01/22:44,02/08:09,02/08:18,9:25:00,BPN,BDJ,007,28,1,1,NML,4,2025
135.,A320,PKGTE,CTV,CTV690,CTV460,02/07:03,02/07:08,02/07:42,02/07:54,0:34:00,DPS,AAP,008,28,1,1,NML,4,2025
136.,A320,PKGQI,CTV,CTV170,CTV175,02/07:07,02/07:15,02/07:55,02/08:06,0:40:00,HLP,HLP,006,28,1,1,NML,4,2025
137.,A333,BLBD,CPA,CPA779,CPA780,01/18:07,01/18:17,02/08:07,02/08:20,13:50:00,HKG,HKG,A08,28,1,1,NML,4,2025
138.,B739,PKLGO,LNI,LNI709,LNI990,01/18:37,01/18:40,02/08:34,02/08:43,13:54:00,UPG,DPS,023,28,0,0,NML,4,2025
139.,A320,PKGQP,CTV,CTV355,CTV171,02/07:49,02/07:53,02/08:31,02/08:46,0:38:00,UPG,HLP,005,10,1,1,NML,4,2025
140.,B738,PKLBS,MXD,MXD352,MXD353,01/19:34,01/19:41,02/08:52,02/09:07,13:11:00,KUL,KUL,C02,10,0,0,NML,4,2025
141.,B739,PKLFK,LNI,LNI681,LNI748,01/19:03,01/19:09,02/09:23,02/09:34,14:14:00,PKY,MDC,17A,10,0,0,NML,4,2025
142.,A339,PKLEQ,LNI,LNI105,LNI078,01/11:48,01/11:58,02/08:43,02/08:57,20:45:00,JED,MED,A06,28,1,1,NML,4,2025
143.,A320,PKBKQ,BTK,BTK6594,BTK6391,01/20:29,01/20:34,02/09:04,02/09:14,12:30:00,CGK,CGK,15B,10,0,0,NML,4,2025
144.,B739,PKLSH,LNI,LNI315,LNI222,02/07:58,02/08:04,02/08:54,02/09:09,0:50:00,BDJ,BDJ,012,10,1,1,NML,4,2025
145.,B739,PKLGV,LNI,LNI929,LNI856,02/06:57,02/07:03,02/08:56,02/09:10,1:53:00,DPS,PLM,020,10,0,0,NML,4,2025
146.,B739,PKLHS,LNI,LNI683,LNI682,02/08:04,02/08:09,02/09:12,02/09:20,1:03:00,PKY,PKY,016,10,1,1,NML,4,2025
147.,B738,PKGFG,GIA,GIA304,GIA342,02/08:12,02/08:19,02/09:12,02/09:26,0:53:00,CGK,DPS,004,10,1,1,NML,4,2025
148.,A320,PKGQM,CTV,CTV671,CTV486,02/08:16,02/08:23,02/09:18,02/09:28,0:55:00,LOP,BDJ,006,10,1,1,NML,4,2025
149.,A320,PKSAJ,SJV,SJV703,SJV702,02/08:32,02/08:38,02/09:36,02/09:47,0:58:00,DPS,DPS,009,10,1,1,NML,4,2025
150.,B738,9MMXD,MAS,MAS871,MAS870,02/09:11,02/09:18,02/10:04,02/10:18,0:46:00,KUL,KUL,A07,10,1,1,NML,4,2025
151.,B735,PKNAS,LKN,LKN243,LKN242,02/09:05,02/09:08,02/09:51,02/10:02,0:43:00,SMQ,SMQ,014,10,1,1,NML,4,2025
152.,A359,9VSHI,SIA,SIA922,SIA923,02/09:03,02/09:09,02/10:12,02/10:27,1:03:00,SIN,SIN,A08,10,1,1,NML,4,2025
153.,A320,PKBKV,BTK,BTK6584,BTK6585,02/09:39,02/09:43,02/10:26,02/10:36,0:43:00,CGK,CGK,008,10,1,1,NML,4,2025
154.,A320,PKGLT,CTV,CTV351,CTV350,02/09:22,02/09:25,02/10:11,02/10:24,0:46:00,UPG,UPG,005,10,1,1,NML,4,2025
155.,A320,PKGLG,CTV,CTV417,CTV715,02/09:17,02/09:22,02/10:18,02/10:30,0:56:00,PNK,CGK,007,10,1,1,NML,4,2025
156.,A320,9VTRO,TGW,TGW296,TGW297,02/09:35,02/09:42,02/10:35,02/10:47,0:53:00,SIN,SIN,A04,10,1,1,NML,4,2025
157.,B739,PKLGL,LNI,LNI791,LNI706,02/10:04,02/10:07,02/11:14,02/11:27,1:07:00,UPG,UPG,016,10,1,1,NML,4,2025
158.,B739,PKLQT,LNI,LNI690,LNI973,02/05:04,02/05:08,02/11:15,02/11:23,6:07:00,CGK,BTH,C06,10,0,0,NML,4,2025
159.,A320,PKPWJ,PAS,PAS210,PAS211,02/10:07,02/10:11,02/10:49,02/11:00,0:38:00,CGK,CGK,006,10,1,1,NML,4,2025
160.,B739,PKLHR,LNI,LNI367,LNI262,02/09:48,02/09:51,02/10:40,02/10:50,0:49:00,BPN,BPN,012,10,1,1,NML,4,2025
161.,A320,PKLUI,BTK,BTK7513,BTK7516,02/10:16,02/10:20,02/11:04,02/11:13,0:44:00,HLP,HLP,014,10,1,1,NML,4,2025
162.,A320,PKLUY,BTK,BTK6134,BTK6346,02/09:44,02/09:47,02/10:45,02/10:54,0:58:00,PKN,BEJ,009,10,1,1,NML,4,2025
163.,B739,PKLHI,LNI,LNI645,LNI822,02/10:00,02/10:04,02/11:00,02/11:10,0:56:00,LOP,LOP,015,10,1,1,NML,4,2025
164.,B739,PKLSK,LNI,LNI694,LNI694,02/10:12,02/10:18,02/11:09,02/11:21,0:51:00,CGK,KOE,017,10,1,1,NML,4,2025
165.,A320,PKAZP,AWQ,AWQ321,AWQ322,02/10:25,02/10:29,02/11:09,02/11:18,0:40:00,KUL,KUL,A07,10,1,1,NML,4,2025
166.,B738,PKLKV,LNI,LNI837,LNI697,02/08:08,02/08:12,02/11:25,02/11:36,3:13:00,PNK,CGK,024,10,0,0,NML,4,2025
167.,A320,PKSTT,SJV,SJV641,SJV642,02/10:22,02/10:25,02/11:29,02/11:41,1:04:00,AAP,AAP,020,10,0,0,NML,4,2025
168.,G150,VHPFW,PFA,VHPFW,VHPFW,02/08:49,02/08:53,02/09:18,02/09:24,0:25:00,XSP,SZB,030,10,0,0,NML,4,2025
169.,B738,PKGMU,GIA,GIA322,GIA327,02/09:56,02/10:00,02/11:28,02/11:46,1:28:00,CGK,CGK,004,10,1,1,NML,4,2025
170.,A320,PKLAO,BTK,BTK7517,BTK7520,02/10:45,02/10:50,02/11:44,02/11:55,0:54:00,HLP,HLP,008,10,1,1,NML,4,2025
171.,B738,PKLBK,MXD,MXD350,MXD351,02/10:32,02/10:38,02/11:23,02/11:34,0:45:00,KUL,KUL,A06,10,1,1,NML,4,2025
172.,A320,PKSJZ,SJV,SJV635,SJV632,02/11:03,02/11:08,02/11:50,02/12:04,0:42:00,BDJ,BDJ,012,10,1,1,NML,4,2025
173.,B739,PKLGO,LNI,LNI805,LNI804,02/11:39,02/11:44,02/12:35,02/12:47,0:51:00,DPS,DPS,014,10,1,1,NML,4,2025
174.,A320,PKGTE,CTV,CTV461,CTV698,02/11:30,02/11:33,02/12:16,02/12:30,0:43:00,AAP,DPS,007,10,1,1,NML,4,2025
175.,A320,PKSGB,SJV,SJV725,SJV636,01/19:19,01/19:24,02/12:28,02/12:38,17:04:00,LBJ,BDJ,022,10,0,0,NML,4,2025
176.,B739,PKLGS,LNI,LNI787,LNI780,02/11:43,02/11:47,02/12:45,02/12:58,0:58:00,UPG,UPG,015,10,1,1,NML,4,2025
177.,B735,PKNAT,LKN,LKN193,LKN192,02/11:52,02/11:56,02/12:44,02/12:53,0:48:00,PKN,PKN,009,10,1,1,NML,4,2025
178.,A320,PKLUU,BTK,BTK6596,BTK6595,02/12:24,02/12:28,02/13:24,02/13:33,0:56:00,CGK,CGK,008,10,1,1,NML,4,2025
179.,A320,PKPWA,PAS,PAS204,PAS205,02/11:57,02/11:59,02/13:13,02/13:27,1:14:00,CGK,CGK,005,10,1,1,NML,4,2025
180.,A320,PKAZU,AWQ,AWQ393,AWQ324,02/12:33,02/12:38,02/13:17,02/13:29,0:39:00,JHB,KUL,A04,10,1,1,NML,4,2025
181.,A320,PKGQM,CTV,CTV487,CTV668,02/12:02,02/12:06,02/13:33,02/13:43,1:27:01,BDJ,DPS,006,10,1,1,NML,4,2025
182.,A320,PKGQE,CTV,CTV716,CTV717,02/12:56,02/12:59,02/14:06,02/14:17,1:07:00,CGK,CGK,007,10,1,1,NML,4,2025
183.,A320,PKSAE,SJV,SJV637,SJV726,01/18:02,01/18:07,02/14:01,02/14:09,19:54:00,BDJ,LBJ,C04,10,0,0,NML,4,2025
184.,A320,PKGLX,CTV,CTV431,CTV948,02/13:34,02/13:38,02/14:24,02/14:36,0:46:00,BPN,BTH,009,10,1,1,NML,4,2025
185.,B739,PKLGV,LNI,LNI857,LNI910,02/13:39,02/13:44,02/14:28,02/14:38,0:44:00,PLM,DPS,016,10,1,1,NML,4,2025
186.,B738,PKGFI,GIA,GIA312,GIA317,02/13:30,02/13:33,02/14:29,02/14:46,0:56:00,CGK,CGK,004,10,1,1,NML,4,2025
187.,A320,9VJSO,JSA,JSA247,JSA248,02/14:02,02/14:08,02/14:57,02/15:12,0:49:00,SIN,SIN,A06,10,1,1,NML,4,2025
188.,B739,PKLSH,LNI,LNI223,LNI260,02/12:28,02/12:31,02/14:33,02/14:48,2:02:00,BDJ,BPN,017,10,1,1,NML,4,2025
189.,A320,PKPWE,PAS,PAS208,PAS209,02/13:49,02/13:51,02/14:57,02/15:09,1:06:00,CGK,CGK,006,10,1,1,NML,4,2025
190.,B738,PKGFJ,GIA,GIA330,GIA331,02/14:12,02/14:17,02/15:05,02/15:22,0:48:00,HLP,HLP,005,10,1,1,NML,4,2025
191.,B739,PKLHM,LNI,LNI707,LNI642,02/15:13,02/15:17,02/16:45,02/16:56,1:28:00,UPG,LOP,012,10,1,1,NML,4,2025
192.,B739,PKLQS,LNI,LNI970,LNI581,02/12:19,02/12:23,02/15:22,02/15:33,2:59:00,BTH,CGK,020,10,0,0,NML,4,2025
193.,A320,PKSJT,SJV,SJV649,SJV614,02/07:50,02/07:57,02/15:40,02/15:51,7:43:30,BPN,BPN,026,10,0,0,NML,4,2025
194.,B739,PKLGO,LNI,LNI919,LNI920,02/15:39,02/15:43,02/16:49,02/17:03,1:06:00,DPS,DPS,014,10,1,1,NML,4,2025
195.,A320,PKLAO,BTK,BTK7501,BTK7512,02/15:10,02/15:14,02/16:04,02/16:17,0:50:00,HLP,HLP,009,10,1,1,NML,4,2025
196.,B738,9MMXV,MAS,MAS873,MAS872,02/14:59,02/15:05,02/15:55,02/16:08,0:50:00,KUL,KUL,A07,10,1,1,NML,4,2025
197.,A320,PKGTE,CTV,CTV699,CTV434,02/15:04,02/15:08,02/15:44,02/15:56,0:36:00,DPS,BPN,007,10,1,1,NML,4,2025
198.,A320,PKLUY,BTK,BTK6347,BTK6401,02/15:19,02/15:23,02/16:25,02/16:34,1:02:00,BEJ,CGK,008,10,1,1,NML,4,2025
199.,B739,PKLHI,LNI,LNI823,LNI316,02/13:58,02/14:03,02/16:59,02/17:13,2:56:00,LOP,BDJ,015,10,1,1,NML,4,2025
200.,B738,PKGUC,GIA,GIA310,GIA315,02/15:22,02/15:26,02/16:14,02/16:26,0:48:00,CGK,CGK,004,10,1,1,NML,4,2025
201.,B738MAX,9VMBK,SIA,SIA926,SIA927,02/16:20,02/16:27,02/17:16,02/17:31,0:49:00,SIN,SIN,A06,10,1,1,NML,4,2025
202.,A320,PKPWF,PAS,PAS206,PAS623,02/15:45,02/15:48,02/16:37,02/16:48,0:49:00,CGK,BPN,005,10,1,1,NML,4,2025
203.,B739,PKLHR,LNI,LNI261,LNI268,02/14:23,02/14:26,02/16:54,02/17:08,2:28:00,BPN,TRK,022,10,0,0,NML,4,2025
204.,B739,PKLFO,LNI,LNI692,LNI692,02/15:58,02/16:05,02/16:55,02/17:11,0:50:00,CGK,KOE,016,10,1,1,NML,4,2025
205.,A320,PKGQP,CTV,CTV174,CTV418,02/15:31,02/15:35,02/16:13,02/16:24,0:37:56,HLP,PNK,006,10,1,1,NML,4,2025
206.,A320,PKBLC,BTK,BTK6578,BTK7579,02/16:30,02/16:35,02/17:23,02/17:33,0:48:00,CGK,CGK,009,10,1,1,NML,4,2025
207.,B738,PKLKQ,LNI,LNI879,LNI838,02/15:17,02/15:21,02/17:27,02/17:37,2:06:00,AMQ,PNK,023,10,0,0,NML,4,2025
208.,A320,PKAZP,AWQ,AWQ323,AWQ326,02/17:05,02/17:11,02/17:47,02/17:56,0:36:00,KUL,KUL,A04,10,1,1,NML,4,2025
209.,A320,PKGTK,CTV,CTV669,CTV488,02/16:50,02/16:54,02/17:28,02/17:41,0:34:00,DPS,BDJ,005,10,1,1,NML,4,2025
210.,A320,PKSTR,SJV,SJV723,SJV708,02/18:48,02/18:51,02/19:28,02/19:37,0:37:00,DPS,DPS,014,10,1,1,NML,4,2025
211.,A320,PKPWJ,PAS,PAS622,PAS207,02/17:34,02/17:37,02/18:18,02/18:30,0:41:01,BPN,CGK,007,10,1,1,NML,4,2025
212.,B738,PKGFG,GIA,GIA349,GIA313,02/17:23,02/17:27,02/18:23,02/18:32,0:56:00,DPS,CGK,006,10,1,1,NML,4,2025
213.,B738,PKCRH,SJY,SJY567,SJY562,02/18:43,02/18:47,02/19:36,02/19:51,0:48:52,UPG,UPG,012,10,1,1,NML,4,2025
214.,A320,PKLUQ,BTK,BTK7503,BTK7502,02/17:49,02/17:53,02/18:34,02/18:45,0:41:00,HLP,HLP,009,10,1,1,NML,4,2025
215.,B738,PKGFM,GIA,GIA320,GIA325,02/17:21,02/17:26,02/18:48,02/19:01,1:22:00,CGK,CGK,004,10,1,1,NML,4,2025
216.,A320,PKGQI,CTV,CTV172,CTV173,02/18:14,02/18:18,02/19:00,02/19:11,0:41:23,HLP,HLP,005,10,1,1,NML,4,2025
217.,B738MAX,9VMBH,SIA,SIA928,SIA929,02/18:18,02/18:25,02/19:13,02/19:31,0:48:00,SIN,SIN,A06,10,1,1,NML,4,2025
218.,A320,PKGQA,CTV,CTV736,CTV352,02/18:10,02/18:14,02/18:51,02/19:07,0:37:00,CGK,UPG,008,10,1,1,NML,4,2025
219.,A320,PKGLY,CTV,CTV949,CTV494,02/18:40,02/18:43,02/19:20,02/19:33,0:36:32,BTH,BDJ,006,10,1,1,NML,4,2025
220.,B739,PKLFK,LNI,LNI749,LNI880,02/15:34,02/15:38,02/20:20,02/20:25,4:41:37,MDC,UPG,020,10,0,0,NML,4,2025
221.,B738,PKGFH,GIA,GIA326,GIA319,02/19:25,02/19:28,02/20:02,02/20:10,0:34:00,CGK,CGK,004,10,1,1,NML,4,2025
222.,A320,PKGQT,CTV,CTV724,CTV354,02/19:04,02/19:08,02/19:48,02/20:01,0:40:00,CGK,UPG,007,10,1,1,NML,4,2025
223.,A320,PKGQU,CTV,CTV489,CTV693,02/19:35,02/19:37,02/20:20,02/20:31,0:43:00,BDJ,DPS,006,10,1,1,NML,4,2025
224.,A320,PKGTE,CTV,CTV435,CTV737,02/19:29,02/19:32,02/20:15,02/20:28,0:43:00,BPN,CGK,009,10,1,1,NML,4,2025
225.,A320,PKGTK,CTV,CTV495,CTV721,02/20:17,02/20:24,02/21:06,02/21:21,0:42:00,BDJ,CGK,005,28,1,1,NML,4,2025
226.,A320,PKGQS,CTV,CTV726,CTV9665,02/20:32,02/20:39,02/21:17,02/21:26,0:38:00,CGK,DPS,006,28,1,1,NML,4,2025
"227.,B738,PKLOP,LNI,LNI709,LNI878,31/16:09,31/16:22,03/04:56,03/05:10,""2 days, 12:34:00"",UPG,AMQ,021,10,0,0,NML,4,2025"
228.,A320,PKAZU,AWQ,AWQ325,AWQ320,02/18:59,02/19:04,03/05:01,03/05:08,9:57:00,KUL,KUL,A01,10,1,1,NML,4,2025
229.,A320,PKGQU,CTV,CTV9664,CTV430,02/22:47,02/22:53,03/04:55,03/05:06,6:02:00,DPS,BPN,006,10,1,1,NML,4,2025
230.,B739,PKLGV,LNI,LNI923,LNI786,02/16:54,02/16:58,03/04:53,03/05:04,11:55:00,DPS,UPG,17B,10,0,0,NML,4,2025
231.,B738,PKGMV,GIA,GIA855,GIA301,02/22:24,02/23:50,03/04:59,03/05:15,6:31:00,SIN,CGK,004,10,1,1,NML,4,2025
232.,A320,PKGQJ,CTV,CTV720,CTV725,02/22:08,02/22:12,03/05:39,03/05:51,7:27:00,CGK,CGK,007,10,1,1,NML,4,2025
233.,B739,PKLKM,LNI,LNI972,LNI266,02/16:11,02/16:17,03/06:00,03/06:09,13:43:00,BTH,BPN,C06,10,0,0,NML,4,2025
234.,A320,PKGQT,CTV,CTV353,CTV484,03/05:13,03/05:17,03/05:52,03/06:03,0:35:00,UPG,BDJ,006,10,1,1,NML,4,2025
235.,A320,V8RBE,RBA,RBA795,RBA796,02/19:48,02/19:54,03/06:00,03/06:12,10:06:00,BWN,BWN,A03,10,1,1,NML,4,2025
236.,B739,PKLSK,LNI,LNI695,LNI882,02/16:06,03/04:23,03/06:00,03/06:14,13:50:00,KOE,UPG,026,10,0,0,NML,4,2025
237.,A320,PKLUW,BTK,BTK6588,BTK6589,02/21:18,02/21:25,03/05:49,03/06:00,8:24:00,CGK,CGK,012,10,1,1,NML,4,2025
"238.,B738,PKLOR,LNI,LNI883,LNI868,01/21:09,02/07:54,03/05:56,03/06:05,""1 day, 8:43:00"",UPG,TTE,025,10,0,1,NML,4,2025"
239.,A320,PKAZP,AWQ,AWQ327,AWQ386,02/23:30,02/23:33,03/05:50,03/05:58,6:17:00,KUL,PEN,A5T,10,0,0,NML,4,2025
240.,A320,PKSJZ,SJV,SJV633,SJV634,02/14:43,02/14:47,03/06:32,03/06:41,15:44:49,BDJ,BDJ,024,10,0,0,NML,4,2025
241.,A320,PKSJT,SJV,SJV617,SJV566,02/19:17,02/19:21,03/06:50,03/06:58,11:29:00,BPN,PLW,023,10,0,0,NML,4,2025
242.,C208,PKVVO,SUS,PKVVO,SUS6197,02/11:25,02/11:28,03/07:11,03/07:18,19:43:00,BXW,BXW,C07,10,0,0,NML,4,2025
243.,B739,PKLSO,LNI,LNI885,LNI971,02/19:56,02/20:00,03/06:51,03/07:03,10:51:00,UPG,BTH,015,10,1,1,NML,4,2025
244.,A320,PKLUJ,BTK,BTK6594,BTK6135,02/20:39,02/20:45,03/06:56,03/07:08,10:11:00,CGK,PKN,014,10,1,1,NML,4,2025
245.,A320,PKSAE,SJV,SJV725,SJV612,02/17:29,02/17:32,03/07:00,03/07:10,13:28:00,LBJ,BPN,17A,10,0,0,NML,4,2025
246.,B738,PKGFF,GIA,GIA324,GIA854,02/20:49,03/00:15,03/06:57,03/07:12,9:58:00,CGK,SIN,A02,10,1,1,NML,4,2025
247.,B738,PKGUG,GIA,GIA328,GIA305,02/20:22,02/23:00,03/07:06,03/07:23,10:37:00,CGK,CGK,005,10,1,1,NML,4,2025
248.,B739,PKLSU,LNI,LNI363,LNI646,03/06:51,03/06:55,03/08:00,03/08:17,1:05:40,BPN,LOP,012,10,1,1,NML,4,2025
249.,B739,PKLHM,LNI,LNI865,LNI856,02/19:21,02/19:26,03/08:11,03/08:23,12:45:40,LOP,PLM,022,10,0,0,NML,4,2025
250.,A320,PKLUO,BTK,BTK6406,BTK7510,02/15:42,02/15:46,03/07:39,03/07:52,15:53:33,CGK,HLP,C05,10,0,0,NML,4,2025
251.,B739,PKLGL,LNI,LNI929,LNI982,03/06:59,03/07:02,03/07:51,03/08:03,0:49:27,DPS,PKU,009,10,1,1,NML,4,2025
252.,B739,PKLHR,LNI,LNI267,LNI693,03/07:21,03/07:24,03/08:15,03/08:27,0:51:44,TRK,CGK,014,10,1,1,NML,4,2025
253.,A320,PKGQS,CTV,CTV690,CTV460,03/07:06,03/07:12,03/08:05,03/08:21,0:52:40,DPS,AAP,007,10,1,1,NML,4,2025
254.,A21N,B321Z,CSN,CSN8137,CSN8138,02/21:12,02/21:17,03/07:42,03/07:58,10:25:43,CAN,CAN,A07,10,1,1,NML,4,2025
255.,A333,BLBF,CPA,CPA779,CPA780,02/17:53,02/18:01,03/07:56,03/08:10,13:55:16,HKG,HKG,A08,10,1,1,NML,4,2025
256.,B739,PKLHH,LNI,LNI801,LNI990,03/06:35,03/06:41,03/08:32,03/08:46,1:51:19,UPG,DPS,021,10,0,0,NML,4,2025
"257.,DHC6,PKICP,PGT,PKICP,PKICP,01/10:28,01/10:31,03/07:40,03/07:46,""1 day, 21:09:17"",PAG,PAG,028,10,0,0,NML,4,2025"
258.,A320,PKGQA,CTV,CTV355,CTV171,03/07:35,03/07:38,03/08:26,03/08:38,0:48:00,UPG,HLP,006,10,1,1,NML,4,2025
259.,B738,PKLDO,MXD,MXD352,MXD353,02/19:41,02/19:47,03/08:53,03/09:03,13:06:00,KUL,KUL,A04,10,1,1,NML,4,2025
260.,B738,PKLKQ,LNI,LNI837,LNI748,03/08:01,03/08:05,03/08:57,03/09:08,0:52:00,PNK,MDC,012,10,1,1,NML,4,2025
261.,A320,PKLUI,BTK,BTK7521,BTK6391,02/20:26,02/20:33,03/08:55,03/09:05,12:22:00,HLP,CGK,016,10,1,1,NML,4,2025
262.,B739,PKLFO,LNI,LNI693,LNI222,03/06:54,03/07:00,03/08:58,03/09:09,1:58:43,KOE,BDJ,010,10,1,1,NML,4,2025
263.,B739,PKLHS,LNI,LNI683,LNI682,03/10:35,03/10:39,03/11:23,03/11:37,0:44:28,PKY,PKY,017,10,1,1,NML,4,2025
264.,B738,PKGNM,GIA,GIA304,GIA342,03/08:08,03/08:11,03/09:09,03/09:24,0:58:00,CGK,DPS,004,10,1,1,NML,4,2025
265.,A320,PKPWK,PAS,PAS200,PAS201,03/08:15,03/08:18,03/09:15,03/09:30,0:57:19,CGK,CGK,005,10,1,1,NML,4,2025
266.,A320,PKGQT,CTV,CTV485,CTV486,03/08:44,03/08:47,03/09:22,03/09:34,0:35:00,BDJ,BDJ,007,10,1,1,NML,4,2025
267.,A320,PKSTT,SJV,SJV643,SJV642,02/15:07,02/15:11,03/09:38,03/09:48,18:27:00,AAP,AAP,C04,10,0,0,NML,4,2025
268.,A320,PKSTR,SJV,SJV703,SJV706,03/08:36,03/08:38,03/09:29,03/09:42,0:51:00,DPS,DPS,014,10,1,1,NML,4,2025
269.,B738,9MMLM,MAS,MAS871,MAS870,03/09:12,03/09:20,03/10:10,03/10:19,0:49:51,KUL,KUL,A07,10,1,1,NML,4,2025
270.,A359,9VSHV,SIA,SIA922,SIA923,03/08:59,03/09:04,03/10:03,03/10:14,0:59:00,SIN,SIN,A08,10,1,1,NML,4,2025
271.,A320,PKBKU,BTK,BTK6584,BTK6585,03/09:36,03/09:40,03/10:19,03/10:31,0:39:00,CGK,CGK,009,10,1,1,NML,4,2025
272.,A320,PKGQN,CTV,CTV351,CTV350,03/10:38,03/10:42,03/11:21,03/11:32,0:39:51,UPG,UPG,007,10,1,1,NML,4,2025
273.,A320,PKSJD,SJV,SJV635,SJV632,03/09:40,03/09:44,03/10:30,03/10:40,0:46:00,BDJ,BDJ,012,10,1,1,NML,4,2025
274.,A320,PKGLG,CTV,CTV417,CTV715,03/09:21,03/09:26,03/10:20,03/10:30,0:54:00,PNK,CGK,006,10,1,1,NML,4,2025
275.,B739,PKLKM,LNI,LNI367,LNI262,03/09:32,03/09:36,03/10:36,03/10:48,1:00:00,BPN,BPN,015,10,1,1,NML,4,2025
276.,B739,PKLSY,LNI,LNI315,LNI706,03/07:49,03/07:53,03/10:40,03/10:53,2:47:00,BDJ,UPG,023,10,0,0,NML,4,2025
277.,A20N,9VTNG,TGW,TGW296,TGW297,03/09:56,03/10:01,03/10:57,03/11:10,0:56:00,SIN,SIN,A02,10,1,1,NML,4,2025
278.,A320,PKPWD,PAS,PAS210,PAS211,03/09:43,03/09:47,03/10:37,03/10:44,0:50:00,CGK,CGK,005,10,1,1,NML,4,2025
279.,B739,PKLQT,LNI,LNI970,LNI973,03/09:50,03/09:54,03/10:42,03/10:56,0:48:00,BTH,BTH,016,10,1,1,NML,4,2025
280.,A320,PKLUR,BTK,BTK7513,BTK7516,03/09:46,03/09:50,03/10:37,03/10:50,0:47:00,HLP,HLP,010,10,1,1,NML,4,2025
281.,A320,PKLUJ,BTK,BTK6134,BTK6346,03/09:52,03/09:56,03/10:47,03/11:00,0:51:00,PKN,BEJ,014,10,1,1,NML,4,2025
282.,B739,PKLSU,LNI,LNI645,LNI822,03/11:05,03/11:08,03/12:00,03/12:14,0:52:47,LOP,LOP,012,10,1,1,NML,4,2025
283.,B739,PKLHL,LNI,LNI694,LNI694,03/10:42,03/10:45,03/11:30,03/11:39,0:45:26,CGK,KOE,015,10,1,1,NML,4,2025
284.,B739,PKLVF,LNI,LNI690,LNI697,03/05:02,03/05:06,03/11:46,03/11:57,6:40:20,CGK,CGK,020,10,0,0,NML,4,2025
285.,A320,PKAZU,AWQ,AWQ321,AWQ322,03/11:08,03/11:13,03/11:48,03/12:01,0:35:06,KUL,KUL,A03,10,1,1,NML,4,2025
286.,B738,PKGUA,GIA,GIA322,GIA327,03/10:00,03/10:02,03/11:35,03/11:49,1:33:00,CGK,CGK,004,10,1,1,NML,4,2025
287.,A320,PKLUO,BTK,BTK7517,BTK7520,03/10:57,03/11:01,03/11:48,03/12:03,0:47:48,HLP,HLP,009,10,1,1,NML,4,2025
288.,B738MAX,9MLRC,MXD,MXD350,MXD351,03/11:01,03/11:08,03/12:18,03/12:33,1:09:32,KUL,KUL,A04,10,1,1,NML,4,2025
289.,A320,PKSAU,SJV,SJV363,SJV362,03/10:51,03/10:55,03/11:53,03/12:05,0:58:19,KNO,KNO,014,10,1,1,NML,4,2025
290.,B739,PKLHH,LNI,LNI805,LNI804,03/11:15,03/11:19,03/12:07,03/12:16,0:48:00,DPS,DPS,016,10,1,1,NML,4,2025
291.,B739,PKLFO,LNI,LNI223,LNI780,03/11:47,03/11:49,03/12:47,03/12:54,0:58:00,BDJ,UPG,017,10,0,0,NML,4,2025
"292.,A320,PKSJP,SJV,SJV632B,SJV636,29/12:20,29/12:24,03/13:18,03/13:36,""5 days, 0:54:00"",BDJ,BDJ,018,10,0,0,NML,4,2025"
"293.,A339,PKLES,LNI,LNI101,LNI074,31/16:17,02/22:39,03/12:45,03/12:57,""2 days, 20:20:00"",JED,MED,A06,10,1,1,NML,4,2025"
294.,A320,PKGQT,CTV,CTV487,CTV698,03/12:12,03/12:17,03/13:13,03/13:26,0:56:00,BDJ,DPS,006,10,1,1,NML,4,2025
295.,A320,PKLAT,BTK,BTK6596,BTK6595,03/12:37,03/12:38,03/13:30,03/13:46,0:52:00,CGK,CGK,009,10,1,1,NML,4,2025
296.,A320,PKAZP,AWQ,AWQ387,AWQ324,03/12:29,03/12:35,03/13:18,03/13:28,0:42:52,PEN,KUL,A03,10,1,1,NML,4,2025
297.,B738,PKLOR,LNI,LNI869,LNI722,03/12:21,03/12:24,03/13:18,03/13:30,0:54:00,TTE,KDI,010,10,1,1,NML,4,2025
298.,A320,PKGQS,CTV,CTV461,CTV668,03/11:55,03/11:59,03/13:22,03/13:41,1:23:00,AAP,DPS,007,10,1,1,NML,4,2025
299.,A320,PKSGB,SJV,SJV637,SJV726,02/15:49,02/15:53,03/14:34,03/14:45,22:41:00,BDJ,LBJ,C03,10,0,0,NML,4,2025
300.,A320,PKGTE,CTV,CTV716,CTV717,03/13:51,03/13:54,03/14:43,03/14:55,0:49:00,CGK,CGK,007,10,1,1,NML,4,2025
301.,A320,PKGQU,CTV,CTV431,CTV948,03/13:31,03/13:35,03/14:33,03/14:45,0:58:00,BPN,BTH,008,10,1,1,NML,4,2025
302.,B739,PKLGL,LNI,LNI983,LNI910,03/13:39,03/13:43,03/14:47,03/15:00,1:04:00,PKU,DPS,015,10,1,1,NML,4,2025
303.,B738,PKGMV,GIA,GIA312,GIA317,03/13:44,03/13:47,03/15:07,03/15:20,1:20:00,CGK,CGK,004,10,1,1,NML,4,2025
304.,A320,9VJSM,JSA,JSA247,JSA248,03/15:01,03/15:07,03/15:50,03/16:01,0:43:00,SIN,SIN,A06,10,1,1,NML,4,2025
305.,B739,PKLSU,LNI,LNI823,LNI260,03/16:15,03/16:24,03/17:23,03/17:38,0:59:00,LOP,BPN,014,28,1,1,NML,4,2025
306.,A320,PKPWE,PAS,PAS208,PAS209,03/13:56,03/14:01,03/15:07,03/15:27,1:06:00,CGK,CGK,006,10,1,1,NML,4,2025
307.,B738,PKGFD,GIA,GIA330,GIA331,03/16:59,03/17:06,03/17:54,03/18:03,0:48:00,HLP,HLP,004,28,1,1,NML,4,2025
308.,B739,PKLHP,LNI,LNI707,LNI642,03/15:04,03/15:09,03/16:01,03/16:17,0:52:00,UPG,LOP,012,10,1,1,NML,4,2025
309.,B738,PKLOP,LNI,LNI879,LNI581,03/10:54,03/10:58,03/15:33,03/15:44,4:34:35,AMQ,CGK,025,10,0,0,NML,4,2025
310.,A320,PKSJT,SJV,SJV567,SJV614,03/11:35,03/11:39,03/15:40,03/15:50,4:01:00,PLW,BPN,021,10,0,0,NML,4,2025
311.,B739,PKLGV,LNI,LNI787,LNI920,03/12:39,03/12:42,03/16:36,03/16:51,3:54:00,UPG,DPS,016,10,1,1,NML,4,2025
312.,A320,PKLUO,BTK,BTK7501,BTK7512,03/15:18,03/15:21,03/16:20,03/16:30,0:59:00,HLP,HLP,008,10,1,1,NML,4,2025
313.,B738,9MMXS,MAS,MAS873,MAS872,03/15:14,03/15:20,03/16:41,03/17:00,1:21:00,KUL,KUL,A03,10,1,1,NML,4,2025
314.,A320,PKGQT,CTV,CTV699,CTV434,03/15:42,03/15:45,03/16:21,03/16:32,0:36:00,DPS,BPN,006,10,1,1,NML,4,2025
315.,A320,PKLUJ,BTK,BTK6347,BTK6401,03/15:25,03/15:28,03/16:16,03/16:25,0:48:00,BEJ,CGK,009,10,1,1,NML,4,2025
316.,A320,PKSTT,SJV,SJV643,SJV7000,03/13:47,03/13:51,03/15:56,03/15:59,2:05:00,AAP,UPG,020,10,0,0,NML,4,2025
317.,B739,PKLKM,LNI,LNI261,LNI316,03/15:09,03/15:15,03/16:45,03/16:56,1:30:00,BPN,BDJ,018,28,0,0,NML,4,2025
318.,B738MAX,9VMBP,SIA,SIA926,SIA927,03/15:34,03/15:39,03/16:28,03/16:47,0:49:00,SIN,SIN,A08,10,1,1,NML,4,2025
319.,B738,PKGFP,GIA,GIA310,GIA315,03/15:29,03/15:32,03/16:35,03/16:45,1:03:00,CGK,CGK,004,28,1,1,NML,4,2025
320.,A320,PKPWC,PAS,PAS206,PAS623,03/16:27,03/16:34,03/17:21,03/17:35,0:47:00,CGK,BPN,005,28,1,1,NML,4,2025
321.,B739,PKLHM,LNI,LNI857,LNI692,03/12:18,03/12:23,03/17:31,03/17:46,5:08:00,PLM,KOE,022,28,0,0,NML,4,2025
322.,A320,PKGQI,CTV,CTV174,CTV418,03/16:03,03/16:07,03/17:02,03/17:10,0:55:00,HLP,PNK,007,28,1,1,NML,4,2025
323.,A320,PKBLD,BTK,BTK6578,BTK7579,03/16:43,03/16:48,03/17:34,03/17:52,0:46:00,CGK,CGK,010,28,1,1,NML,4,2025
324.,B738,PKLKQ,LNI,LNI749,LNI838,03/15:22,03/15:29,03/17:58,03/18:07,2:29:00,MDC,PNK,024,28,0,0,NML,4,2025
325.,A320,PKAZU,AWQ,AWQ323,AWQ326,03/17:50,03/17:53,03/18:23,03/18:30,0:30:00,KUL,KUL,A03,28,1,1,NML,4,2025
326.,A320,PKSAP,SJV,SJV723,SJV708,03/17:36,03/17:43,03/18:30,03/18:43,0:47:00,DPS,DPS,014,28,1,1,NML,4,2025
327.,A320,PKPWD,PAS,PAS622,PAS207,03/17:24,03/17:31,03/18:24,03/18:34,0:53:00,BPN,CGK,007,28,1,1,NML,4,2025
328.,B738,PKGNM,GIA,GIA349,GIA313,03/17:21,03/17:28,03/18:28,03/18:41,1:00:00,DPS,CGK,006,28,1,1,NML,4,2025
329.,B738,PKLOR,LNI,LNI727,LNI3804,03/17:44,03/17:49,03/18:43,03/18:54,0:54:00,KDI,DPS,015,28,1,1,NML,4,2025
330.,B735,PKCLE,SJY,SJY567,SJY562,03/17:47,03/17:55,03/18:34,03/18:48,0:39:00,UPG,UPG,009,28,1,1,NML,4,2025
331.,A320,PKLUR,BTK,BTK7503,BTK7502,03/17:59,03/18:07,03/19:07,03/19:30,1:00:00,HLP,HLP,008,28,1,1,NML,4,2025
332.,A320,PKGQP,CTV,CTV669,CTV488,03/18:05,03/18:12,03/19:02,03/19:19,0:50:00,DPS,BDJ,004,28,1,1,NML,4,2025
333.,B738,PKGUI,GIA,GIA320,GIA325,03/17:29,03/17:37,03/19:00,03/19:16,1:23:00,CGK,CGK,005,28,1,1,NML,4,2025
334.,B739,PKLGL,LNI,LNI923,LNI3920,03/17:32,03/17:38,03/19:13,03/19:32,1:35:00,DPS,DPS,012,28,1,1,NML,4,2025
335.,A320,PKGQA,CTV,CTV172,CTV173,03/20:40,03/20:44,03/21:37,03/21:49,0:53:05,HLP,HLP,009,10,1,1,NML,4,2025
336.,B738MAX,9VMBE,SIA,SIA928,SIA929,03/18:21,03/18:29,03/19:25,03/19:42,0:56:00,SIN,SIN,A06,28,1,1,NML,4,2025
337.,A320,PKGQQ,CTV,CTV949,CTV494,03/18:39,03/18:43,03/19:26,03/19:39,0:43:00,BTH,BDJ,007,28,1,1,NML,4,2025
338.,B739,PKLHP,LNI,LNI865,LNI880,03/18:46,03/18:50,03/20:37,03/20:48,1:47:36,LOP,UPG,010,10,1,1,NML,4,2025
339.,B738,PKGMM,GIA,GIA326,GIA319,03/19:06,03/19:09,03/20:11,03/20:29,1:02:00,CGK,CGK,004,10,1,1,NML,4,2025
340.,A320,PKGQC,CTV,CTV724,CTV354,03/19:03,03/19:08,03/20:00,03/20:15,0:52:00,CGK,UPG,006,10,1,1,NML,4,2025
341.,A320,PKGLX,CTV,CTV736,CTV352,03/19:10,03/19:14,03/20:00,03/20:12,0:46:00,CGK,UPG,009,10,1,1,NML,4,2025
342.,A320,PKGQT,CTV,CTV435,CTV737,03/19:56,03/19:59,03/20:45,03/20:58,0:46:44,BPN,CGK,007,10,1,1,NML,4,2025
343.,A320,PKGLT,CTV,CTV489,CTV693,03/19:53,03/19:58,03/20:37,03/20:50,0:39:38,BDJ,DPS,008,10,1,1,NML,4,2025
344.,A320,PKGQP,CTV,CTV495,CTV721,03/22:21,03/22:24,03/23:02,03/23:12,0:37:20,BDJ,CGK,007,10,1,1,NML,4,2025
345.,A320,PKGLP,CTV,CTV726,CTV430,03/21:09,03/21:13,04/04:59,04/05:09,7:46:00,CGK,BPN,008,28,1,1,NML,4,2025
346.,A320,PKAZP,AWQ,AWQ325,AWQ320,03/19:13,03/19:20,04/04:52,04/05:13,9:32:00,KUL,KUL,A01,28,1,1,NML,4,2025
347.,B738,PKLOR,LNI,LNI3805,LNI878,03/21:02,03/21:08,04/04:59,04/05:11,7:51:00,DPS,AMQ,015,28,1,1,NML,4,2025
348.,B738,PKGMI,GIA,GIA328,GIA301,03/19:51,03/19:56,04/05:15,04/05:23,9:19:00,CGK,CGK,005,28,1,1,NML,4,2025
349.,A320,PKGLV,CTV,CTV720,CTV725,03/21:53,03/21:55,04/05:39,04/05:48,7:43:01,CGK,CGK,009,28,1,1,NML,4,2025
350.,B738,PKLOJ,LNI,LNI885,LNI868,03/19:27,03/19:32,04/05:50,04/05:59,10:18:40,UPG,TTE,020,28,0,0,NML,4,2025
351.,A320,PKSJV,SJV,SJV649,SJV706,03/07:55,03/08:00,04/06:03,04/06:14,22:03:00,BPN,DPS,C05,28,0,0,NML,4,2025
352.,A320,V8RBB,RBA,RBA795,RBA796,03/20:08,03/20:15,04/05:46,04/05:58,9:31:13,BWN,BWN,A06,28,1,1,NML,4,2025
353.,B739,PKLSO,LNI,LNI972,LNI266,03/16:54,03/17:00,04/06:04,04/06:12,13:04:31,BTH,BPN,023,28,0,0,NML,4,2025
354.,A320,PKSGB,SJV,SJV725,SJV640,03/17:55,03/18:00,04/05:58,04/06:06,11:58:10,LBJ,AAP,018,28,0,0,NML,4,2025
355.,B739,PKLHL,LNI,LNI695,LNI882,03/15:59,03/16:05,04/05:59,04/06:08,13:54:00,KOE,UPG,C04,28,0,0,NML,4,2025
356.,A320,PKBLA,BTK,BTK6594,BTK6589,03/20:37,03/20:43,04/06:00,04/06:09,9:16:35,CGK,CGK,016,28,1,1,NML,4,2025
357.,A320,PKGLS,CTV,CTV353,CTV670,04/05:06,04/05:12,04/05:53,04/06:01,0:41:00,UPG,LOP,007,28,1,1,NML,4,2025
358.,A320,PKPWF,PAS,PAS212,PAS213,03/20:26,03/20:30,04/06:04,04/06:16,9:34:00,CGK,CGK,006,28,1,1,NML,4,2025
359.,A320,PKBKY,BTK,BTK6413,BTK6412,03/20:01,03/20:07,04/06:20,04/06:30,10:13:00,DPS,DPS,014,28,1,1,NML,4,2025
360.,A320,PKSJT,SJV,SJV617,SJV634,03/19:24,03/19:28,04/06:36,04/06:42,11:08:00,BPN,BDJ,022,28,0,0,NML,4,2025
361.,A320,PKSAP,SJV,SJV727,SJV566,03/20:58,03/21:03,04/07:01,04/07:11,9:58:00,DPS,PLW,017,28,1,1,NML,4,2025
362.,C208,PKVVO,SUS,PKVVO,SUS6197,03/09:01,03/09:03,04/07:05,04/07:09,22:01:17,BXW,BXW,C07,28,0,0,NML,4,2025
363.,A320,PKSJD,SJV,SJV633,SJV612,03/16:12,03/16:21,04/06:55,04/07:07,14:34:00,BDJ,BPN,025,28,0,0,NML,4,2025
364.,B739,PKLGS,LNI,LNI692,LNI971,03/15:52,03/15:58,04/06:59,04/07:09,15:01:00,CGK,BTH,C03,28,0,0,NML,4,2025
365.,B738,PKGNN,GIA,GIA324,GIA854,03/20:55,03/23:10,04/07:11,04/07:32,10:14:00,CGK,SIN,A02,28,1,1,NML,4,2025
366.,B738,PKGFF,GIA,GIA855,GIA305,03/20:23,03/22:49,04/06:54,04/07:05,10:24:00,SIN,CGK,004,28,1,1,NML,4,2025
367.,B739,PKLSU,LNI,LNI363,LNI646,04/06:24,04/06:30,04/07:24,04/07:35,0:54:00,BPN,LOP,016,28,1,1,NML,4,2025
368.,B739,PKLGV,LNI,LNI3919,LNI982,03/19:21,03/19:27,04/07:39,04/07:43,12:12:00,DPS,PKU,024,28,0,0,NML,4,2025
369.,A320,PKLUK,BTK,BTK7521,BTK7510,03/19:59,03/20:04,04/07:31,04/07:39,11:27:00,HLP,HLP,012,28,1,1,NML,4,2025
370.,A320,PKAZU,AWQ,AWQ327,AWQ392,03/23:51,03/23:56,04/07:31,04/07:41,7:35:00,KUL,JHB,A03,28,1,1,NML,4,2025
371.,B739,PKLHM,LNI,LNI693,LNI693,04/06:54,04/07:00,04/07:54,04/08:03,0:54:00,KOE,CGK,014,28,1,1,NML,4,2025
372.,A320,PKGQS,CTV,CTV355,CTV460,04/07:16,04/07:24,04/08:05,04/08:17,0:41:00,UPG,AAP,007,28,1,1,NML,4,2025
373.,A320,PKGLT,CTV,CTV690,CTV171,04/06:59,04/07:07,04/08:11,04/08:18,1:04:00,DPS,HLP,006,28,1,1,NML,4,2025
"374.,A339,PKLEJ,LNI,LNI972,LNI102,25/16:52,03/23:58,04/08:08,04/08:29,""9 days, 15:08:00"",BTH,JED,A07,28,1,1,NML,4,2025"
375.,A333,BHLT,CPA,CPA779,CPA780,03/17:40,03/17:44,04/08:00,04/08:14,14:16:00,HKG,HKG,A08,28,1,1,NML,4,2025
376.,B739,PKLGO,LNI,LNI929,LNI990,04/07:02,04/07:11,04/08:23,04/08:31,1:12:00,DPS,DPS,009,28,1,1,NML,4,2025
377.,B738,PKLZO,MXD,MXD352,MXD353,03/19:17,03/19:22,04/08:41,04/08:53,13:19:00,KUL,KUL,A04,28,1,1,NML,4,2025
378.,B738,PKLKQ,LNI,LNI837,LNI748,04/07:54,04/08:00,04/08:51,04/08:59,0:51:00,PNK,MDC,012,28,1,1,NML,4,2025
379.,A320,PKLUH,BTK,BTK6588,BTK6391,03/21:49,03/21:53,04/09:04,04/09:14,11:10:10,CGK,CGK,010,28,1,1,NML,4,2025
380.,B739,PKLKM,LNI,LNI315,LNI856,04/07:46,04/07:52,04/09:31,04/09:43,1:39:00,BDJ,PLM,016,28,1,1,NML,4,2025
381.,B739,PKLHS,LNI,LNI683,LNI682,04/08:09,04/08:15,04/09:07,04/09:16,0:52:00,PKY,PKY,014,28,1,1,NML,4,2025
382.,B738,PKGFS,GIA,GIA304,GIA342,04/08:26,04/08:32,04/09:25,04/09:40,0:53:00,CGK,DPS,004,28,1,1,NML,4,2025
383.,A320,PKPWK,PAS,PAS200,PAS201,04/08:12,04/08:19,04/09:21,04/09:35,1:02:00,CGK,CGK,005,28,1,1,NML,4,2025
384.,A320,PKGLS,CTV,CTV671,CTV486,04/08:20,04/08:26,04/09:09,04/09:21,0:43:00,LOP,BDJ,007,28,1,1,NML,4,2025
385.,A320,PKSJV,SJV,SJV703,SJV702,04/08:43,04/08:50,04/09:42,04/09:57,0:52:32,DPS,DPS,009,28,1,1,NML,4,2025
386.,B738,9MMXW,MAS,MAS871,MAS870,04/09:12,04/09:16,04/10:02,04/10:14,0:46:00,KUL,KUL,A06,10,1,1,NML,4,2025
387.,B735,PKNAS,LKN,LKN243,LKN242,04/08:56,04/09:00,04/09:49,04/10:00,0:49:31,SMQ,SMQ,012,10,1,1,NML,4,2025
388.,A359,9VSHU,SIA,SIA922,SIA923,04/09:05,04/09:09,04/10:04,04/10:21,0:55:00,SIN,SIN,A08,10,1,1,NML,4,2025
389.,A320,PKBLA,BTK,BTK6584,BTK6585,04/09:49,04/09:53,04/10:49,04/10:58,0:56:00,CGK,CGK,008,10,1,1,NML,4,2025
390.,A320,PKSJT,SJV,SJV635,SJV632,04/09:18,04/09:24,04/10:19,04/10:30,0:55:00,BDJ,BDJ,010,10,1,1,NML,4,2025
391.,A320,PKGTG,CTV,CTV351,CTV350,04/09:22,04/09:32,04/10:17,04/10:31,0:45:20,UPG,UPG,006,10,1,1,NML,4,2025
392.,A320,PKGLU,CTV,CTV417,CTV715,04/09:34,04/09:37,04/10:25,04/10:35,0:48:12,PNK,CGK,007,10,1,1,NML,4,2025
393.,B739,PKLSO,LNI,LNI367,LNI262,04/09:52,04/09:55,04/10:54,04/11:07,0:58:47,BPN,BPN,018,10,0,0,NML,4,2025
394.,A320,9VTRS,TGW,TGW296,TGW297,04/09:38,04/09:44,04/10:36,04/10:46,0:52:14,SIN,SIN,A02,10,1,1,NML,4,2025
395.,A320,PKPWF,PAS,PAS210,PAS211,04/09:45,04/09:50,04/10:40,04/10:54,0:49:37,CGK,CGK,005,10,1,1,NML,4,2025
396.,B739,PKLGW,LNI,LNI970,LNI973,04/09:58,04/10:02,04/10:53,04/11:05,0:51:00,BTH,BTH,016,10,1,1,NML,4,2025
397.,A320,PKLUV,BTK,BTK7513,BTK7516,04/09:55,04/09:58,04/10:56,04/11:09,0:58:17,HLP,HLP,009,10,1,1,NML,4,2025
398.,A320,PKBKT,BTK,BTK6406,BTK6346,03/14:57,03/15:04,04/10:59,04/11:10,19:55:32,CGK,BEJ,026,10,0,0,NML,4,2025
399.,B739,PKLSU,LNI,LNI645,LNI822,04/10:16,04/10:19,04/11:07,04/11:17,0:47:43,LOP,LOP,014,10,1,1,NML,4,2025
400.,B739,PKLSH,LNI,LNI694,LNI694,04/10:19,04/10:22,04/11:14,04/11:19,0:52:00,CGK,KOE,017,10,1,1,NML,4,2025
401.,B739,PKLSY,LNI,LNI690,LNI697,04/05:03,04/05:08,04/11:22,04/11:32,6:14:00,CGK,CGK,015,10,1,1,NML,4,2025
402.,A320,PKAZP,AWQ,AWQ321,AWQ322,04/10:50,04/10:56,04/11:32,04/11:45,0:36:00,KUL,KUL,A01,10,1,1,NML,4,2025
403.,B738,PKGUI,GIA,GIA322,GIA327,04/10:07,04/10:11,04/11:27,04/11:40,1:15:48,CGK,CGK,004,10,1,1,NML,4,2025
404.,B739,PKLGO,LNI,LNI805,LNI804,04/11:15,04/11:18,04/12:18,04/12:27,1:00:00,DPS,DPS,016,10,1,1,NML,4,2025
405.,A320,PKGQS,CTV,CTV461,CTV698,04/11:43,04/11:46,04/12:30,04/12:41,0:43:29,AAP,DPS,006,10,1,1,NML,4,2025
406.,A320,PKSAP,SJV,SJV567,SJV636,04/11:35,04/11:39,04/12:37,04/12:50,0:58:00,PLW,BDJ,010,10,1,1,NML,4,2025
407.,B735,PKNAT,LKN,LKN193,LKN192,04/11:47,04/11:50,04/12:35,04/12:46,0:44:23,PKN,PKN,009,10,1,1,NML,4,2025
408.,B738,PKLOJ,LNI,LNI869,LNI722,04/12:11,04/12:13,04/13:30,04/13:41,1:17:00,TTE,KDI,012,10,1,1,NML,4,2025
409.,A320,PKPWJ,PAS,PAS204,PAS205,04/12:20,04/12:23,04/13:15,04/13:29,0:52:53,CGK,CGK,005,10,1,1,NML,4,2025
410.,A320,PKAZU,AWQ,AWQ393,AWQ324,04/12:23,04/12:29,04/13:21,04/13:32,0:52:08,JHB,KUL,A01,10,1,1,NML,4,2025
411.,A320,PKGLS,CTV,CTV487,CTV668,04/12:04,04/12:07,04/13:28,04/13:39,1:21:00,BDJ,DPS,007,10,1,1,NML,4,2025
412.,B739,PKLHL,LNI,LNI791,LNI780,04/10:02,04/10:06,04/13:37,04/13:48,3:30:58,UPG,UPG,024,10,0,0,NML,4,2025
413.,A320,PKSJT,SJV,SJV633,SJV726,04/13:34,04/13:37,04/14:23,04/14:34,0:46:40,BDJ,LBJ,010,10,1,1,NML,4,2025
414.,A320,PKGLP,CTV,CTV431,CTV948,04/13:37,04/13:40,04/14:24,04/14:37,0:44:00,BPN,BTH,007,10,1,1,NML,4,2025
415.,B739,PKLGV,LNI,LNI983,LNI910,04/12:53,04/12:57,04/14:21,04/14:32,1:24:52,PKU,DPS,014,10,1,1,NML,4,2025
416.,B738,PKGMU,GIA,GIA312,GIA317,04/13:27,04/13:31,04/14:39,04/14:55,1:08:41,CGK,CGK,004,10,1,1,NML,4,2025
417.,A320,9VJSU,JSA,JSA247,JSA248,04/13:50,04/13:55,04/14:45,04/14:59,0:49:20,SIN,SIN,A07,10,1,1,NML,4,2025
418.,B739,PKLSU,LNI,LNI823,LNI260,04/13:57,04/14:00,04/15:15,04/15:27,1:15:17,LOP,BPN,016,10,1,1,NML,4,2025
419.,A320,PKPWE,PAS,PAS208,PAS209,04/13:46,04/13:48,04/14:55,04/15:06,1:07:09,CGK,CGK,006,10,1,1,NML,4,2025
420.,B739,PKLSO,LNI,LNI261,LNI642,04/14:40,04/14:43,04/15:34,04/15:44,0:51:00,BPN,LOP,015,10,1,1,NML,4,2025
421.,B738,PKGMA,GIA,GIA330,GIA331,04/13:53,04/13:57,04/15:08,04/15:24,1:11:21,HLP,HLP,005,10,1,1,NML,4,2025
422.,B738,PKLJS,LNI,LNI707,LNI581,04/14:30,04/14:33,04/15:36,04/15:48,1:03:00,UPG,CGK,012,10,1,1,NML,4,2025
423.,A320,PKSAE,SJV,SJV649,SJV614,04/07:50,04/07:56,04/15:55,04/16:08,7:59:00,BPN,BPN,023,10,0,0,NML,4,2025
424.,A320,PKGTE,CTV,CTV716,CTV717,04/14:53,04/14:57,04/15:35,04/15:47,0:38:00,CGK,CGK,004,10,1,1,NML,4,2025
425.,A320,PKLUR,BTK,BTK7501,BTK7512,04/14:44,04/14:48,04/15:43,04/15:58,0:55:00,HLP,HLP,009,10,1,1,NML,4,2025
426.,B739,PKLHH,LNI,LNI919,LNI920,04/15:29,04/15:32,04/16:24,04/16:39,0:52:00,DPS,DPS,017,10,1,1,NML,4,2025
427.,A320,PKGQS,CTV,CTV699,CTV434,04/15:10,04/15:13,04/15:53,04/16:04,0:39:26,DPS,BPN,007,10,1,1,NML,4,2025
428.,G150,VHPFW,PFA,VHPFW,VHPFW,04/14:56,04/14:59,04/15:37,04/15:45,0:38:00,XSP,XSP,030,10,0,0,NML,4,2025
429.,A320,PKBKT,BTK,BTK6347,BTK6401,04/15:25,04/15:28,04/16:31,04/16:43,1:03:00,BEJ,CGK,010,10,1,1,NML,4,2025
430.,A320,PKSAP,SJV,SJV637,SJV672,04/15:50,04/15:54,04/16:42,04/16:54,0:48:00,BDJ,BEJ,012,10,1,1,NML,4,2025
431.,B739,PKLKM,LNI,LNI857,LNI316,04/13:30,04/13:34,04/16:21,04/16:29,2:46:06,PLM,BDJ,020,10,0,0,NML,4,2025
432.,B738MAX,9VMBB,SIA,SIA926,SIA927,04/15:53,04/15:59,04/16:40,04/16:52,0:41:30,SIN,SIN,A07,10,1,1,NML,4,2025
433.,B738,PKGUI,GIA,GIA310,GIA315,04/15:21,04/15:24,04/16:30,04/16:41,1:06:00,CGK,CGK,005,10,1,1,NML,4,2025
434.,A320,PKPWA,PAS,PAS206,PAS623,04/16:12,04/16:16,04/16:57,04/17:07,0:41:27,CGK,BPN,004,10,1,1,NML,4,2025
435.,B739,PKLSH,LNI,LNI695,LNI268,04/15:56,04/15:58,04/16:53,04/16:59,0:54:00,KOE,TRK,014,10,1,1,NML,4,2025
436.,B739,PKLSY,LNI,LNI692,LNI692,04/16:01,04/16:05,04/16:57,04/17:09,0:52:00,CGK,KOE,016,10,1,1,NML,4,2025
437.,A320,PKGLT,CTV,CTV174,CTV418,04/16:05,04/16:09,04/16:59,04/17:11,0:50:00,HLP,PNK,006,10,1,1,NML,4,2025
438.,A320,PKBLD,BTK,BTK6578,BTK7579,04/16:35,04/16:39,04/17:33,04/17:48,0:54:00,CGK,CGK,009,10,1,1,NML,4,2025
439.,B738,PKLKQ,LNI,LNI749,LNI838,04/14:47,04/14:51,04/17:31,04/17:43,2:39:45,MDC,PNK,018,10,0,0,NML,4,2025
440.,A320,PKAZP,AWQ,AWQ323,AWQ326,04/17:16,04/17:21,04/17:57,04/18:06,0:35:55,KUL,KUL,A01,10,1,1,NML,4,2025
441.,A320,PKSJV,SJV,SJV723,SJV708,04/19:40,04/19:46,04/20:43,04/20:56,0:57:00,DPS,DPS,014,10,1,1,NML,4,2025
442.,A320,PKGQO,CTV,CTV669,CTV488,04/18:24,04/18:27,04/19:08,04/19:22,0:41:00,DPS,BDJ,007,10,1,1,NML,4,2025
443.,A320,PKPWF,PAS,PAS622,PAS207,04/17:26,04/17:29,04/18:13,04/18:27,0:44:10,BPN,CGK,005,10,1,1,NML,4,2025
444.,B738,PKGFR,GIA,GIA320,GIA313,04/17:52,04/17:56,04/18:41,04/18:56,0:45:00,CGK,CGK,004,10,1,1,NML,4,2025
445.,A320,PKSJT,SJV,SJV725,SJV716,04/17:45,04/17:49,04/18:33,04/18:41,0:44:00,LBJ,LOP,012,10,1,1,NML,4,2025
446.,B738,PKCRH,SJY,SJY567,SJY562,04/18:14,04/18:17,04/19:07,04/19:16,0:49:46,UPG,UPG,009,10,1,1,NML,4,2025
447.,A320,PKLAO,BTK,BTK7503,BTK7502,04/17:41,04/17:45,04/18:33,04/18:46,0:48:00,HLP,HLP,010,10,1,1,NML,4,2025
448.,B738,PKLOJ,LNI,LNI727,LNI3804,04/17:55,04/17:58,04/18:55,04/19:07,0:57:00,KDI,DPS,014,10,1,1,NML,4,2025
449.,B738,PKGFS,GIA,GIA349,GIA325,04/18:11,04/18:15,04/19:13,04/19:26,0:58:38,DPS,CGK,008,10,1,1,NML,4,2025
450.,B739,PKLGS,LNI,LNI972,LNI3920,04/16:37,04/16:41,04/20:24,04/20:36,3:43:00,BTH,DPS,023,10,0,0,NML,4,2025
451.,B738MAX,9VMBH,SIA,SIA928,SIA929,04/18:43,04/18:50,04/19:36,04/19:53,0:46:26,SIN,SIN,A02,10,1,1,NML,4,2025
452.,A320,PKGLV,CTV,CTV949,CTV494,04/18:53,04/18:58,04/19:41,04/19:55,0:43:00,BTH,BDJ,012,10,1,1,NML,4,2025
453.,B788,9VOFA,TGW,TGW266,TGW267,04/18:56,04/19:03,04/20:10,04/20:22,1:07:00,SIN,SIN,A07,10,1,1,NML,4,2025
454.,A320,PKGLU,CTV,CTV736,CTV352,04/18:39,04/18:43,04/19:27,04/19:43,0:44:55,CGK,UPG,006,10,1,1,NML,4,2025
455.,A320,PKLUR,BTK,BTK7519,BTK7518,04/19:01,04/19:04,04/20:04,04/20:14,0:59:14,HLP,HLP,010,10,1,1,NML,4,2025
456.,B739,PKLSO,LNI,LNI865,LNI880,04/18:18,04/18:22,04/20:38,04/20:51,2:16:00,LOP,UPG,018,10,0,0,NML,4,2025
457.,A320,PKPWK,PAS,PAS202,PAS203,04/18:50,04/18:54,04/19:51,04/20:05,0:57:00,CGK,CGK,005,10,1,1,NML,4,2025
458.,B738,PKGFD,GIA,GIA326,GIA319,04/18:47,04/18:51,04/20:15,04/20:30,1:24:00,CGK,CGK,004,10,1,1,NML,4,2025
459.,A320,PKGLR,CTV,CTV489,CTV693,04/19:56,04/20:00,04/20:46,04/20:58,0:46:00,BDJ,DPS,007,10,1,1,NML,4,2025
460.,A320,PKGQS,CTV,CTV435,CTV737,04/19:51,04/19:56,04/20:40,04/20:54,0:43:54,BPN,CGK,006,10,1,1,NML,4,2025
461.,A320,PKGLG,CTV,CTV724,CTV354,04/19:48,04/19:51,04/20:30,04/20:47,0:38:04,CGK,UPG,008,10,1,1,NML,4,2025
462.,B738,PKBGF,BTK,BTK6586,BTK6587,04/19:44,04/19:49,04/20:47,04/21:01,0:58:00,CGK,CGK,015,10,1,1,NML,4,2025
463.,A320,PKGQO,CTV,CTV495,CTV721,04/22:03,04/22:06,04/22:52,04/23:02,0:46:00,BDJ,CGK,007,10,1,1,NML,4,2025
464.,A320,PKLAF,BTK,BTK6137,BTK6136,04/20:00,04/20:03,04/21:47,04/21:58,1:44:00,UPG,UPG,009,10,1,1,NML,4,2025
465.,B738,PKLOJ,LNI,LNI3805,LNI878,04/21:42,04/21:45,05/05:00,05/05:13,7:15:00,DPS,AMQ,018,28,0,0,NML,4,2025
466.,A320,PKGQR,CTV,CTV726,CTV430,04/21:34,04/21:38,05/04:57,05/05:09,7:19:00,CGK,BPN,006,28,1,1,NML,4,2025
467.,A320,PKAZP,AWQ,AWQ327,AWQ320,04/23:41,04/23:47,05/05:00,05/05:15,5:13:00,KUL,KUL,A5T,28,0,0,NML,4,2025
468.,B739,PKLGY,LNI,LNI885,LNI786,04/21:38,04/21:42,05/04:58,05/05:11,7:16:00,UPG,UPG,014,28,1,1,NML,4,2025
469.,B738,PKGNN,GIA,GIA855,GIA301A,04/20:44,04/23:37,05/05:15,05/05:20,8:24:00,SIN,CGK,004,28,1,1,RTA,4,2025
470.,A320,PKLUI,BTK,BTK7521,BTK6132,04/21:31,04/21:35,05/05:14,05/05:23,7:39:00,HLP,LOP,010,28,1,1,NML,4,2025
471.,A320,PKGQG,CTV,CTV720,CTV725,04/22:37,04/22:41,05/05:45,05/05:55,7:04:00,CGK,CGK,009,28,1,1,NML,4,2025
472.,B739,PKLVF,LNI,LNI690,LNI690,05/05:01,05/05:07,05/05:54,05/06:04,0:47:00,CGK,KOE,014,28,1,1,NML,4,2025
473.,A320,PKGLG,CTV,CTV353,CTV670,05/05:06,05/05:13,05/05:52,05/06:00,0:39:00,UPG,LOP,007,28,1,1,NML,4,2025
474.,B739,PKLHH,LNI,LNI3919,LNI882,04/19:13,04/19:18,05/06:05,05/06:14,10:47:00,DPS,UPG,020,28,0,0,NML,4,2025
475.,A320,V8RBA,RBA,RBA795,RBA796,04/20:09,04/20:17,05/05:47,05/06:00,9:30:00,BWN,BWN,A07,28,1,1,NML,4,2025
"476.,B739,PKLHY,LNI,LNI919,LNI266,03/16:08,03/16:21,05/06:08,05/06:22,""1 day, 13:47:00"",DPS,BPN,C06,28,0,0,NML,4,2025"
477.,B738,PKLOR,LNI,LNI879,LNI868,04/15:15,04/15:19,05/06:01,05/06:11,14:41:23,AMQ,TTE,025,28,0,0,NML,4,2025
478.,A320,PKSGB,SJV,SJV643,SJV640,04/15:19,04/15:23,05/06:10,05/06:24,14:46:13,AAP,AAP,026,28,0,0,NML,4,2025
"479.,A320,PKSJP,SJV,SJV637,SJV706,03/16:49,03/16:53,05/06:08,05/06:18,""1 day, 13:15:00"",BDJ,DPS,021,28,0,0,NML,4,2025"
480.,A320,PKBKG,BTK,BTK6406,BTK6589,04/15:02,04/15:06,05/06:18,05/06:26,15:11:02,CGK,CGK,024,28,0,0,NML,4,2025
481.,A320,PKPWD,PAS,PAS212,PAS213,04/20:41,04/20:45,05/06:02,05/06:12,9:17:00,CGK,CGK,008,28,1,1,NML,4,2025
482.,A320,PKAZU,AWQ,AWQ325,AWQ386,04/20:07,04/20:13,05/06:06,05/06:20,9:53:00,KUL,PEN,A01,28,1,1,NML,4,2025
483.,A320,PKBKY,BTK,BTK6413,BTK6412,04/20:52,04/20:57,05/06:25,05/06:35,9:28:00,DPS,DPS,016,28,1,1,NML,4,2025
484.,B738,PKGNN,GIA,GIA301A,GIA301,05/05:22,05/05:26,05/06:50,05/07:01,1:24:00,SUB,CGK,004,28,1,1,NML,4,2025
485.,A320,PKSAP,SJV,SJV673,SJV634,04/21:06,04/21:11,05/06:40,05/06:53,9:29:00,BEJ,BDJ,023,28,0,0,NML,4,2025
486.,B733,PKMYB,MYU,MYU935,MYU934,04/08:47,04/08:50,05/06:32,05/06:42,21:42:00,SRG,SIN,C02,28,0,0,NML,4,2025
487.,B738MAX,PKOFM,AFE,AFE921,AFE921,05/05:40,05/05:47,05/06:38,05/06:50,0:51:00,CGK,TIM,006,28,1,1,NML,4,2025
488.,A320,PKSGC,SJV,SJV717,SJV566,05/06:02,05/06:07,05/07:06,05/07:18,0:59:00,LOP,PLW,010,28,1,1,NML,4,2025
489.,B739,PKLGV,LNI,LNI923,LNI971,04/17:29,04/17:34,05/07:02,05/07:15,13:27:50,DPS,BTH,022,28,0,0,NML,4,2025
490.,A320,PKSJV,SJV,SJV727,SJV612,04/23:31,04/23:35,05/07:03,05/07:17,7:28:00,DPS,BPN,012,28,1,1,NML,4,2025
491.,A320,PKLUZ,BTK,BTK6588,BTK6135,04/21:24,04/21:28,05/07:04,05/07:07,9:36:00,CGK,PKN,015,28,1,1,NML,4,2025
492.,B738,PKGMF,GIA,GIA328,GIA305,04/20:03,04/20:06,05/07:03,05/07:12,10:57:00,CGK,CGK,005,28,1,1,NML,4,2025
493.,B738,PKGMV,GIA,GIA324,GIA854,04/20:49,04/23:14,05/06:57,05/07:10,10:03:00,CGK,SIN,A02,28,1,1,NML,4,2025
494.,B739,PKLSU,LNI,LNI363,LNI646,05/06:16,05/06:22,05/07:25,05/07:28,1:03:00,BPN,LOP,014,28,1,1,NML,4,2025
495.,B739,PKLFO,LNI,LNI801,LNI856,05/06:33,05/06:37,05/07:29,05/07:36,0:52:00,UPG,PLM,018,28,0,0,NML,4,2025
496.,A320,PKLUH,BTK,BTK6594,BTK7510,04/20:27,04/20:32,05/07:39,05/07:53,11:07:00,CGK,HLP,017,28,1,1,NML,4,2025
497.,B739,PKLSY,LNI,LNI693,LNI693,05/06:50,05/06:56,05/07:53,05/08:09,0:57:00,KOE,CGK,016,28,1,1,NML,4,2025
498.,B739,PKLGL,LNI,LNI929,LNI982,05/06:56,05/07:06,05/07:57,05/08:16,0:51:00,DPS,PKU,021,28,0,0,NML,4,2025
499.,A320,PKGLX,CTV,CTV690,CTV460,05/07:05,05/07:13,05/07:57,05/08:06,0:44:00,DPS,AAP,007,28,1,1,NML,4,2025
500.,A21N,B32L5,CSN,CSN8137,CSN8138,04/21:10,04/21:17,05/07:52,05/08:12,10:35:00,CAN,CAN,A03,28,1,1,NML,4,2025
501.,A320,PKGQP,CTV,CTV170,CTV175,05/07:13,05/07:19,05/08:02,05/08:18,0:43:00,HLP,HLP,008,28,1,1,NML,4,2025
502.,A320,PKGLU,CTV,CTV355,CTV171,05/07:23,05/07:31,05/08:09,05/08:23,0:38:00,UPG,HLP,006,28,1,1,NML,4,2025
503.,B739,PKLSH,LNI,LNI267,LNI990,05/07:08,05/07:14,05/08:17,05/08:30,1:03:00,TRK,DPS,020,28,0,0,NML,4,2025
504.,A333,BLBK,CPA,CPA779,CPA780,04/17:49,04/17:55,05/08:06,05/08:25,14:11:00,HKG,HKG,A08,28,1,1,NML,4,2025
"505.,DHC6,PKICP,PGT,PKICP,PKICP,03/10:47,03/10:50,05/07:48,05/07:58,""1 day, 20:58:00"",PAG,PAG,028,28,0,0,NML,4,2025"
506.,B738,PKLKQ,LNI,LNI837,LNI748,05/08:03,05/08:08,05/09:04,05/09:16,0:56:00,PNK,MDC,012,10,1,1,NML,4,2025
507.,A320,PKLUI,BTK,BTK6133,BTK6391,05/08:00,05/08:05,05/09:18,05/09:29,1:13:00,LOP,CGK,010,10,1,1,NML,4,2025
508.,B739,PKLGR,LNI,LNI315,LNI222,05/07:56,05/08:00,05/09:03,05/09:13,1:03:00,BDJ,BDJ,014,10,1,1,NML,4,2025
509.,A320,PKSJD,SJV,SJV649,SJV618,05/07:51,05/07:56,05/09:00,05/09:11,1:04:00,BPN,BPN,018,10,0,0,NML,4,2025
510.,A320,9VJSM,JSA,JSA249,JSA250,05/08:35,05/08:39,05/09:27,05/09:40,0:47:50,SIN,SIN,A07,28,1,1,NML,4,2025
511.,B739,PKLHS,LNI,LNI683,LNI682,05/08:10,05/08:15,05/09:09,05/09:18,0:54:00,PKY,PKY,015,10,1,1,NML,4,2025
512.,B738,PKGMC,GIA,GIA304,GIA342,05/08:14,05/08:21,05/09:13,05/09:25,0:52:37,CGK,DPS,004,10,1,1,NML,4,2025
513.,A320,PKPWK,PAS,PAS200,PAS201,05/08:27,05/08:34,05/09:28,05/09:46,0:54:00,CGK,CGK,005,10,1,1,NML,4,2025
514.,A320,PKGLG,CTV,CTV671,CTV486,05/08:21,05/08:26,05/09:16,05/09:27,0:50:00,LOP,BDJ,007,10,1,1,NML,4,2025
515.,A320,PKSAE,SJV,SJV617,SJV642,04/19:36,04/19:39,05/09:34,05/09:53,13:55:00,BPN,AAP,C04,10,0,0,NML,4,2025
516.,A320,PKSJP,SJV,SJV703,SJV702,05/08:31,05/08:36,05/09:29,05/09:50,0:52:12,DPS,DPS,009,10,1,1,NML,4,2025
517.,B738,9MMXL,MAS,MAS871,MAS870,05/09:09,05/09:15,05/10:08,05/10:18,0:53:15,KUL,KUL,A02,10,1,1,NML,4,2025
518.,G150,VHPFW,PFA,VHPFW,VHPFW,05/09:34,05/09:38,05/10:13,05/10:23,0:35:00,XSP,XSP,030,10,0,0,NML,4,2025
519.,A359,9VSHT,SIA,SIA922,SIA923,05/09:06,05/09:11,05/10:12,05/10:25,1:01:00,SIN,SIN,A08,10,1,1,NML,4,2025
520.,A320,PKBDF,BTK,BTK6584,BTK6585,05/10:39,05/10:43,05/11:37,05/11:52,0:53:55,CGK,CGK,010,10,1,1,NML,4,2025
521.,A320,PKSAP,SJV,SJV635,SJV632,05/09:42,05/09:45,05/10:31,05/10:41,0:46:00,BDJ,BDJ,010,10,1,1,NML,4,2025
522.,A320,PKGLP,CTV,CTV351,CTV350,05/09:44,05/09:47,05/10:33,05/10:45,0:46:00,UPG,UPG,006,10,1,1,NML,4,2025
523.,A320,PKGQI,CTV,CTV417,CTV715,05/09:30,05/09:33,05/10:19,05/10:31,0:45:12,PNK,CGK,007,10,1,1,NML,4,2025
"524.,C208,PKVVO,SUS,PKVVO,PKVVO,04/08:50,04/08:53,05/11:00,05/11:07,""1 day, 2:07:00"",BXW,BXW,C07,10,0,0,NML,4,2025"
525.,B739,PKLHY,LNI,LNI367,LNI262,05/09:51,05/09:54,05/10:40,05/10:48,0:46:00,BPN,BPN,014,10,1,1,NML,4,2025
526.,B739,PKLHH,LNI,LNI791,LNI706,05/09:57,05/10:01,05/10:53,05/11:04,0:52:00,UPG,UPG,016,10,1,1,NML,4,2025
527.,A20N,9VTNF,TGW,TGW296,TGW297,05/09:47,05/09:54,05/10:48,05/11:02,0:54:00,SIN,SIN,A01,10,1,1,NML,4,2025
528.,B739,PKLQT,LNI,LNI970,LNI973,05/10:01,05/10:04,05/11:00,05/11:17,0:55:29,BTH,BTH,015,10,1,1,NML,4,2025
529.,A320,PKPWD,PAS,PAS210,PAS211,05/09:38,05/09:42,05/10:38,05/10:51,0:56:00,CGK,CGK,005,10,1,1,NML,4,2025
530.,A320,PKLUK,BTK,BTK7513,BTK7516,05/10:05,05/10:08,05/10:53,05/11:05,0:45:00,HLP,HLP,009,10,1,1,NML,4,2025
531.,A320,PKLUZ,BTK,BTK6134,BTK6346,05/09:54,05/09:58,05/11:07,05/11:21,1:09:00,PKN,BEJ,008,10,1,1,NML,4,2025
532.,B739,PKLSU,LNI,LNI645,LNI822,05/10:12,05/10:16,05/11:05,05/11:19,0:49:00,LOP,LOP,012,10,1,1,NML,4,2025
533.,B739,PKLHM,LNI,LNI694,LNI694,05/10:21,05/10:24,05/11:34,05/11:44,1:09:29,CGK,KOE,018,10,0,0,NML,4,2025
534.,B739,PKLVF,LNI,LNI697,LNI697,05/10:32,05/10:36,05/11:38,05/11:51,1:02:00,KOE,CGK,017,10,0,0,NML,4,2025
535.,A320,PKAZP,AWQ,AWQ321,AWQ322,05/10:36,05/10:40,05/11:16,05/11:25,0:35:29,KUL,KUL,A02,10,1,1,NML,4,2025
536.,B738,PKLZO,MXD,MXD352,MXD353,04/22:17,04/22:23,05/11:35,05/11:41,13:12:00,KUL,KUL,A04,10,1,1,NML,4,2025
537.,B738,PKGUG,GIA,GIA322,GIA327,05/10:09,05/10:12,05/11:26,05/11:38,1:13:22,CGK,CGK,004,10,1,1,NML,4,2025
538.,B738MAX,9MLRV,MXD,MXD350,MXD351,05/10:49,05/10:54,05/11:52,05/12:02,0:58:00,KUL,KUL,A03,10,1,1,NML,4,2025
539.,B739,PKLGO,LNI,LNI805,LNI804,05/11:33,05/11:36,05/12:32,05/12:44,0:56:00,DPS,DPS,012,10,1,1,NML,4,2025
540.,A320,PKSJJ,SJV,SJV363,SJV362,05/10:53,05/10:57,05/11:53,05/12:04,0:56:00,KNO,KNO,014,10,1,1,NML,4,2025
541.,A320,PKGQM,CTV,CTV9942,CTV9943,05/11:12,05/11:16,05/11:58,05/12:11,0:42:00,BTH,BTH,007,10,1,1,NML,4,2025
542.,A320,PKGLX,CTV,CTV461,CTV698,05/11:36,05/11:41,05/12:26,05/12:38,0:45:00,AAP,DPS,006,10,1,1,NML,4,2025
543.,B739,PKLFO,LNI,LNI857,LNI780,05/11:28,05/11:33,05/12:41,05/12:54,1:08:00,PLM,UPG,016,10,1,1,NML,4,2025
544.,A320,PKSGC,SJV,SJV567,SJV636,05/11:39,05/11:44,05/12:31,05/12:41,0:47:00,PLW,BDJ,009,10,1,1,NML,4,2025
545.,A339,PKLEJ,LNI,LNI103,LNI074,05/07:39,05/07:44,05/12:35,05/12:51,4:51:57,JED,MED,A05,10,1,1,NML,4,2025
546.,B739,PKLGR,LNI,LNI223,LNI680,05/12:12,05/12:16,05/13:13,05/13:27,0:57:00,BDJ,PKY,017,10,1,1,NML,4,2025
547.,A320,PKLAW,BTK,BTK6596,BTK6595,05/12:48,05/12:52,05/13:43,05/13:56,0:51:00,CGK,CGK,009,10,1,1,NML,4,2025
548.,A320,PKPWM,PAS,PAS204,PAS205,05/11:48,05/11:52,05/13:19,05/13:30,1:27:00,CGK,CGK,005,10,1,1,NML,4,2025
549.,A320,PKAZU,AWQ,AWQ387,AWQ324,05/12:29,05/12:35,05/13:14,05/13:22,0:38:59,PEN,KUL,A03,10,1,1,NML,4,2025
550.,B738,PKLOR,LNI,LNI869,LNI722,05/12:33,05/12:37,05/13:45,05/14:00,1:08:00,TTE,KDI,010,10,1,1,NML,4,2025
551.,A320,PKGLG,CTV,CTV487,CTV668,05/11:59,05/12:04,05/13:27,05/13:44,1:23:00,BDJ,DPS,008,10,1,1,NML,4,2025
552.,B738,PKLKP,LNI,LNI839,LNI836,05/13:25,05/13:28,05/14:16,05/14:26,0:48:00,PNK,PNK,015,28,1,1,NML,4,2025
553.,A320,PKSAP,SJV,SJV633,SJV726,05/13:41,05/13:45,05/14:45,05/14:51,1:00:00,BDJ,LBJ,014,28,1,1,NML,4,2025
554.,A320,PKGTG,CTV,CTV716,CTV717,05/13:28,05/13:32,05/14:12,05/14:23,0:40:00,CGK,CGK,006,28,1,1,NML,4,2025
555.,B739,PKLGL,LNI,LNI983,LNI910,05/13:38,05/13:41,05/14:32,05/14:43,0:51:00,PKU,DPS,012,28,1,1,NML,4,2025
556.,A320,PKGQR,CTV,CTV431,CTV948,05/13:48,05/13:51,05/14:32,05/14:41,0:41:00,BPN,BTH,007,28,1,1,NML,4,2025
557.,B738,PKGNM,GIA,GIA312,GIA317,05/13:31,05/13:36,05/14:38,05/14:46,1:02:00,CGK,CGK,004,28,1,1,NML,4,2025
558.,B739,PKLSU,LNI,LNI823,LNI260,05/13:58,05/14:01,05/15:10,05/15:21,1:09:00,LOP,BPN,016,28,1,1,NML,4,2025
559.,A320,PKLUH,BTK,BTK7515,BTK7514,05/13:50,05/13:54,05/14:51,05/14:57,0:57:00,HLP,HLP,009,28,1,1,NML,4,2025
560.,A320,PKPWE,PAS,PAS208,PAS209,05/13:54,05/13:58,05/14:51,05/15:01,0:53:00,CGK,CGK,005,28,1,1,NML,4,2025
561.,B739,PKLHH,LNI,LNI707,LNI642,05/14:37,05/14:43,05/15:39,05/15:50,0:56:00,UPG,LOP,015,28,1,1,NML,4,2025
562.,B738,PKGNC,GIA,GIA330,GIA331,05/14:15,05/14:19,05/15:13,05/15:23,0:54:00,HLP,HLP,006,28,1,1,NML,4,2025
563.,B733,PKMYB,MYU,MYU935,MYU815,05/13:34,05/13:40,05/14:06,05/14:17,0:26:00,SRG,CGK,C02,10,0,0,NML,4,2025
564.,B738,PKLOJ,LNI,LNI879,LNI581,05/10:56,05/11:01,05/15:50,05/16:03,4:48:56,AMQ,CGK,020,28,0,0,NML,4,2025
565.,A320,PKSAE,SJV,SJV641,SJV614,05/13:45,05/13:50,05/15:47,05/15:56,1:57:00,AAP,BPN,018,28,0,0,NML,4,2025
566.,B739,PKLSH,LNI,LNI919,LNI920,05/16:12,05/16:17,05/17:13,05/17:22,0:56:00,DPS,DPS,016,28,1,1,NML,4,2025
567.,A320,PKLAI,BTK,BTK6406,BTK7512,05/14:34,05/14:40,05/15:44,05/15:53,1:04:00,CGK,HLP,010,28,1,1,NML,4,2025
568.,A320,PKGLX,CTV,CTV699,CTV434,05/15:07,05/15:13,05/15:54,05/16:05,0:41:00,DPS,BPN,007,28,1,1,NML,4,2025
569.,H850XP,T7TUN,AGV,T7TUN,T7TUN,05/10:28,05/10:33,05/14:09,05/14:14,3:35:34,PWL,HLP,A09,10,0,0,NML,4,2025
570.,A320,PKLAJ,BTK,BTK7501,BTK6401,05/15:10,05/15:17,05/16:17,05/16:26,1:00:00,HLP,CGK,009,28,1,1,NML,4,2025
571.,A320,PKSGC,SJV,SJV637,SJV672,05/15:31,05/15:36,05/16:34,05/16:41,0:58:00,BDJ,BEJ,012,28,1,1,NML,4,2025
572.,B738,9MMXD,MAS,MAS873,MAS872,05/16:29,05/16:34,05/17:25,05/17:39,0:51:00,KUL,KUL,A07,28,1,1,NML,4,2025
573.,B739,PKLHY,LNI,LNI261,LNI316,05/14:12,05/14:18,05/16:14,05/16:25,1:56:00,BPN,BDJ,021,28,0,0,NML,4,2025
574.,A320,PKSJV,SJV,SJV619,SJV648,05/17:07,05/17:14,05/18:11,05/18:22,0:57:00,BPN,BPN,012,28,1,1,NML,4,2025
575.,B738,PKGNE,GIA,GIA310,GIA315,05/15:19,05/15:26,05/16:36,05/16:44,1:10:00,CGK,CGK,004,28,1,1,NML,4,2025
576.,B738MAX,9VMBK,SIA,SIA926,SIA927,05/15:45,05/15:47,05/16:31,05/16:46,0:44:00,SIN,SIN,A08,28,1,1,NML,4,2025
577.,B738MAX,PKOFM,AFE,AFE920,AFE920,05/15:48,05/15:55,05/16:36,05/16:48,0:41:00,TIM,CGK,005,28,1,1,NML,4,2025
578.,B739,PKLHM,LNI,LNI695,LNI268,05/16:01,05/16:07,05/16:59,05/17:09,0:52:00,KOE,TRK,014,28,1,1,NML,4,2025
579.,A320,PKGLU,CTV,CTV174,CTV418,05/16:16,05/16:22,05/16:56,05/17:04,0:34:00,HLP,PNK,007,28,1,1,NML,4,2025
580.,A320,PKPWJ,PAS,PAS206,PAS623,05/16:27,05/16:35,05/17:14,05/17:23,0:39:00,CGK,BPN,006,28,1,1,NML,4,2025
581.,B739,PKLHO,LNI,LNI692,LNI692,05/16:54,05/16:59,05/17:52,05/18:02,0:53:00,CGK,KOE,015,28,1,1,NML,4,2025
582.,B739,PKLGR,LNI,LNI681,LNI800,05/16:22,05/16:28,05/17:47,05/17:58,1:19:00,PKY,UPG,17B,28,0,0,NML,4,2025
583.,B739,PKLGM,LNI,LNI787,LNI226,05/15:14,05/15:19,05/18:18,05/18:33,2:59:00,UPG,BDJ,17A,28,0,0,NML,4,2025
584.,A320,PKBLD,BTK,BTK6578,BTK7579,05/17:40,05/17:47,05/18:38,05/18:47,0:51:00,CGK,CGK,010,28,1,1,NML,4,2025
585.,A320,PKGQT,CTV,CTV669,CTV488,05/16:58,05/17:03,05/17:38,05/17:47,0:35:00,DPS,BDJ,008,28,1,1,NML,4,2025
586.,B738,PKLKQ,LNI,LNI749,LNI838,05/15:02,05/15:07,05/17:38,05/17:52,2:31:00,MDC,PNK,022,28,0,0,NML,4,2025
587.,A320,PKAZP,AWQ,AWQ323,AWQ326,05/17:37,05/17:40,05/18:14,05/18:29,0:34:00,KUL,KUL,A03,28,1,1,NML,4,2025
588.,B739,PKLGL,LNI,LNI923,LNI3318,05/17:20,05/17:25,05/18:10,05/18:19,0:45:00,DPS,BDJ,014,28,1,1,NML,4,2025
589.,A320,PKSJA,SJV,SJV723,SJV708,05/17:45,05/17:52,05/18:40,05/18:51,0:48:00,DPS,DPS,016,28,1,1,NML,4,2025
590.,A320,PKPWL,PAS,PAS622,PAS207,05/17:17,05/17:24,05/18:12,05/18:28,0:48:00,BPN,CGK,006,28,1,1,NML,4,2025
591.,B738,PKGMC,GIA,GIA349,GIA313,05/17:25,05/17:33,05/18:24,05/18:31,0:51:00,DPS,CGK,004,28,1,1,NML,4,2025
592.,A320,PKSAP,SJV,SJV725,SJV716,05/18:08,05/18:15,05/19:11,05/19:17,0:56:00,LBJ,LOP,012,28,1,1,NML,4,2025
593.,B738,PKLOR,LNI,LNI727,LNI3804,05/18:00,05/18:06,05/19:21,05/19:34,1:15:00,KDI,DPS,015,28,1,1,NML,4,2025
594.,A320,PKLUK,BTK,BTK7503,BTK7502,05/17:56,05/18:01,05/18:55,05/19:03,0:54:00,HLP,HLP,009,28,1,1,NML,4,2025
595.,B735,PKCLE,SJY,SJY567,SJY562,05/18:49,05/18:55,05/19:40,05/19:49,0:45:00,UPG,UPG,014,28,1,1,NML,4,2025
596.,B739,PKLHH,LNI,LNI865,LNI3920,05/18:21,05/18:27,05/19:17,05/19:29,0:50:00,LOP,DPS,017,28,1,1,NML,4,2025
597.,B738,PKGNN,GIA,GIA320,GIA325,05/17:33,05/17:40,05/18:58,05/19:11,1:18:00,CGK,CGK,005,28,1,1,NML,4,2025
598.,B738MAX,9VMBI,SIA,SIA928,SIA929,05/18:25,05/18:29,05/19:16,05/19:35,0:47:00,SIN,SIN,A07,28,1,1,NML,4,2025
599.,A320,PKGQQ,CTV,CTV949,CTV494,05/18:54,05/19:03,05/19:39,05/19:47,0:36:00,BTH,BDJ,007,28,1,1,NML,4,2025
600.,B739,PKLSK,LNI,LNI885,LNI880,05/19:09,05/19:14,05/20:14,05/20:31,1:00:00,UPG,UPG,016,28,1,1,NML,4,2025
601.,A320,PKLAI,BTK,BTK7519,BTK7518,05/19:24,05/19:31,05/20:14,05/20:41,0:43:00,HLP,HLP,010,28,1,1,NML,4,2025
602.,A320,PKGLY,CTV,CTV736,CTV352,05/20:50,05/20:55,05/21:37,05/21:44,0:42:00,CGK,UPG,007,28,1,1,NML,4,2025
603.,A320,PKPWK,PAS,PAS202,PAS203,05/19:01,05/19:10,05/19:48,05/19:57,0:38:00,CGK,CGK,006,28,1,1,NML,4,2025
604.,B738,PKGMU,GIA,GIA326,GIA319,05/18:57,05/19:05,05/20:12,05/20:24,1:07:00,CGK,CGK,004,28,1,1,NML,4,2025
605.,A320,PKGLX,CTV,CTV435,CTV737,05/19:26,05/19:33,05/20:19,05/20:37,0:46:00,BPN,CGK,005,28,1,1,NML,4,2025
606.,A320,PKGQA,CTV,CTV724,CTV354,05/19:53,05/20:01,05/20:37,05/20:43,0:36:14,CGK,UPG,007,28,1,1,NML,4,2025
607.,A320,PKGTE,CTV,CTV489,CTV693,05/20:15,05/20:20,05/20:53,05/21:03,0:33:00,BDJ,DPS,008,28,1,1,NML,4,2025
608.,A320,PKGQT,CTV,CTV495,CTV721,05/20:28,05/20:34,05/21:12,05/21:22,0:38:41,BDJ,CGK,009,28,1,1,NML,4,2025
609.,A320,PKGQI,CTV,CTV720,CTV430,05/22:24,05/22:32,06/04:57,06/05:08,6:25:00,CGK,BPN,007,28,1,1,NML,4,2025
610.,A320,PKLUZ,BTK,BTK6347,BTK7508,05/15:40,05/15:46,06/05:00,06/05:11,13:14:50,BEJ,HLP,026,28,0,0,NML,4,2025
611.,B738,PKLSF,LNI,LNI883,LNI878,05/21:31,05/21:37,06/05:07,06/05:16,7:30:26,UPG,AMQ,020,28,0,0,NML,4,2025
612.,A320,PKAZU,AWQ,AWQ325,AWQ320,05/19:15,05/19:18,06/05:00,06/05:10,9:42:00,KUL,KUL,A01,28,1,1,NML,4,2025
613.,B739,PKLQS,LNI,LNI3919,LNI786,05/20:22,05/20:27,06/05:02,06/05:14,8:34:44,DPS,UPG,17B,28,0,0,NML,4,2025
614.,B738,PKGMV,GIA,GIA855,GIA301,05/20:59,05/23:15,06/05:04,06/05:18,8:02:00,SIN,CGK,006,28,1,1,NML,4,2025
615.,A320,PKLUI,BTK,BTK6594,BTK6132,05/22:04,05/22:08,06/05:12,06/05:21,7:04:00,CGK,LOP,010,28,1,1,NML,4,2025
616.,B739,PKLFY,LNI,LNI690,LNI690,06/05:01,06/05:07,06/06:01,06/06:12,0:53:58,CGK,KOE,011,28,1,1,NML,4,2025
617.,A320,PKGQC,CTV,CTV726,CTV725,05/21:56,05/22:03,06/05:37,06/05:46,7:34:00,CGK,CGK,008,28,1,1,NML,4,2025
618.,B739,PKLGL,LNI,LNI3319,LNI266,05/21:01,05/21:07,06/05:59,06/06:10,8:52:00,BDJ,BPN,016,28,1,1,NML,4,2025
619.,A320,PKGQA,CTV,CTV353,CTV484,06/05:05,06/05:13,06/05:52,06/06:06,0:38:32,UPG,BDJ,006,28,1,1,NML,4,2025
620.,A320,PKSJA,SJV,SJV727,SJV706,05/21:16,05/21:23,06/06:02,06/06:16,8:39:00,DPS,DPS,015,28,1,1,NML,4,2025
621.,A320,PKBKG,BTK,BTK6586,BTK6589,05/19:32,05/19:37,06/06:08,06/06:21,10:31:00,CGK,CGK,012,28,1,1,NML,4,2025
622.,A320,PKSGC,SJV,SJV673,SJV640,05/20:55,05/21:00,06/06:00,06/06:14,8:59:13,BEJ,AAP,17A,28,0,0,NML,4,2025
623.,B739,PKLGV,LNI,LNI972,LNI882,05/16:49,05/16:56,06/06:09,06/06:22,13:13:00,BTH,UPG,024,28,0,0,NML,4,2025
624.,B738,PKLOR,LNI,LNI3805,LNI868,05/21:53,05/21:57,06/06:14,06/06:25,8:17:00,DPS,TTE,021,28,0,0,NML,4,2025
625.,A320,PKPWD,PAS,PAS212,PAS213,05/20:38,05/20:44,06/06:06,06/06:18,9:22:00,CGK,CGK,005,28,1,1,NML,4,2025
626.,A320,PKBKY,BTK,BTK6413,BTK6412,05/20:18,05/20:25,06/06:19,06/06:28,9:54:00,DPS,DPS,014,28,1,1,NML,4,2025
627.,A320,PKSAE,SJV,SJV617,SJV634,05/19:20,05/19:25,06/06:29,06/06:38,11:04:00,BPN,BDJ,022,28,0,0,NML,4,2025
628.,A320,PKSJU,SJV,SJV717,SJV566,06/06:00,06/06:11,06/07:03,06/07:16,0:52:00,LOP,PLW,012,28,1,1,NML,4,2025
629.,B739,PKLHY,LNI,LNI311,LNI971,06/06:08,06/06:13,06/07:06,06/07:18,0:53:00,BDJ,BTH,016,28,1,1,NML,4,2025
630.,A320,PKSTC,SJV,SJV643,SJV612,05/17:10,05/17:15,06/07:08,06/07:23,13:53:00,AAP,BPN,023,28,0,0,NML,4,2025
631.,A320,PKLUR,BTK,BTK7521,BTK6135,05/20:26,05/20:31,06/06:58,06/07:10,10:26:52,HLP,PKN,018,28,0,0,NML,4,2025
632.,B738,PKGUG,GIA,GIA324,GIA305,05/21:06,05/21:12,06/06:59,06/07:15,9:47:00,CGK,CGK,004,28,1,1,NML,4,2025
633.,B738,PKGFF,GIA,GIA328,GIA854,05/20:00,05/23:01,06/07:03,06/07:20,10:57:00,CGK,SIN,A02,28,1,1,NML,4,2025
634.,B739,PKLSU,LNI,LNI363,LNI646,06/06:19,06/06:23,06/07:22,06/07:31,0:59:00,BPN,LOP,017,28,1,1,NML,4,2025
635.,B739,PKLSW,LNI,LNI801,LNI982,06/06:36,06/06:43,06/07:37,06/07:47,0:54:00,UPG,PKU,011,28,1,1,NML,4,2025
636.,A320,PKLAO,BTK,BTK7511,BTK7510,06/06:39,06/06:46,06/07:33,06/07:46,0:47:00,HLP,HLP,009,28,1,1,NML,4,2025
637.,A320,PKAZP,AWQ,AWQ327,AWQ392,05/23:43,05/23:45,06/07:30,06/07:41,7:45:00,KUL,JHB,A03,28,1,1,NML,4,2025
638.,B739,PKLHM,LNI,LNI267,LNI693,06/07:11,06/07:16,06/08:10,06/08:23,0:54:00,TRK,CGK,012,10,1,1,NML,4,2025
639.,B739,PKLHS,LNI,LNI683,LNI682,06/07:07,06/07:13,06/08:05,06/08:19,0:52:00,PKY,PKY,015,10,1,1,NML,4,2025
640.,A320,PKGQS,CTV,CTV690,CTV460,06/06:56,06/07:00,06/07:52,06/08:07,0:52:00,DPS,AAP,007,10,1,1,NML,4,2025
641.,B739,PKLHO,LNI,LNI693,LNI990,06/06:55,06/07:02,06/08:12,06/08:26,1:10:00,KOE,DPS,014,10,1,1,NML,4,2025
642.,A333,BHLU,CPA,CPA779,CPA780,05/17:50,05/17:53,06/08:08,06/08:21,14:15:00,HKG,HKG,A08,10,1,1,NML,4,2025
643.,A320,PKGQP,CTV,CTV355,CTV171,06/07:43,06/07:52,06/08:33,06/08:48,0:41:00,UPG,HLP,006,10,1,1,NML,4,2025
"644.,A339,PKLES,LNI,LNI075,LNI078,04/14:16,04/14:24,06/08:27,06/08:43,""1 day, 18:03:00"",JED,MED,A06,10,1,1,NML,4,2025"
645.,B738,PKLKQ,LNI,LNI837,LNI748,06/08:05,06/08:09,06/09:02,06/09:18,0:53:00,PNK,MDC,016,10,1,1,NML,4,2025
646.,A320,PKLUI,BTK,BTK6133,BTK6391,06/07:51,06/07:56,06/08:58,06/09:10,1:02:00,LOP,CGK,009,10,1,1,NML,4,2025
647.,A320,PKSJD,SJV,SJV615,SJV618,05/20:35,05/20:42,06/08:59,06/09:15,12:16:56,BPN,BPN,025,10,0,0,NML,4,2025
648.,B739,PKLJI,LNI,LNI929,LNI856,06/06:52,06/06:57,06/08:55,06/09:06,1:58:00,DPS,PLM,020,10,0,0,NML,4,2025
649.,B739,PKLHL,LNI,LNI315,LNI222,06/08:36,06/08:41,06/09:36,06/09:51,0:55:00,BDJ,BDJ,012,10,1,1,NML,4,2025
650.,B738,PKLZM,MXD,MXD352,MXD353,05/20:05,05/20:10,06/10:30,06/10:40,14:20:00,KUL,KUL,A04,10,1,1,NML,4,2025
651.,B738,PKGNM,GIA,GIA304,GIA342,06/08:13,06/08:17,06/09:18,06/09:31,1:01:00,CGK,DPS,004,10,1,1,NML,4,2025
652.,A320,PKGQA,CTV,CTV485,CTV486,06/09:12,06/09:15,06/09:51,06/10:01,0:36:00,BDJ,BDJ,007,10,1,1,NML,4,2025
653.,A320,PKPWK,PAS,PAS200,PAS201,06/08:16,06/08:19,06/09:14,06/09:23,0:55:00,CGK,CGK,005,10,1,1,NML,4,2025
654.,A320,PKSAS,SJV,SJV611,SJV642,06/08:40,06/08:43,06/09:31,06/09:45,0:48:00,BPN,AAP,014,10,1,1,NML,4,2025
655.,A320,PKSJA,SJV,SJV703,SJV702,06/08:29,06/08:33,06/09:29,06/09:41,0:56:00,DPS,DPS,011,10,1,1,NML,4,2025
656.,B738,9MMLT,MAS,MAS871,MAS870,06/09:06,06/09:15,06/10:12,06/10:28,0:57:00,KUL,KUL,A06,10,1,1,NML,4,2025
657.,B735,PKNAS,LKN,LKN243,LKN242,06/09:35,06/09:37,06/10:16,06/10:34,0:39:00,SMQ,SMQ,009,10,1,1,NML,4,2025
658.,A359,9VSHB,SIA,SIA922,SIA923,06/08:56,06/09:02,06/10:11,06/10:22,1:09:00,SIN,SIN,A08,10,1,1,NML,4,2025
659.,A333,PKLDW,BTK,BTK6370,BTK6585,06/06:04,06/06:13,06/10:12,06/10:25,3:59:00,CGK,CGK,010,10,1,1,NML,4,2025
660.,A320,PKSAE,SJV,SJV635,SJV632,06/09:38,06/09:43,06/10:29,06/10:39,0:46:00,BDJ,BDJ,018,10,0,0,NML,4,2025
661.,A320,PKGQK,CTV,CTV351,CTV350,06/09:27,06/09:33,06/10:15,06/10:31,0:42:00,UPG,UPG,006,10,1,1,NML,4,2025
662.,A320,PKGLT,CTV,CTV417,CTV715,06/09:59,06/10:02,06/10:40,06/10:53,0:38:00,PNK,CGK,007,10,1,1,NML,4,2025
663.,B739,PKLGV,LNI,LNI791,LNI706,06/09:49,06/09:51,06/10:52,06/11:02,1:01:00,UPG,UPG,016,10,1,1,NML,4,2025
664.,B739,PKLGL,LNI,LNI367,LNI262,06/09:42,06/09:46,06/10:39,06/10:50,0:53:00,BPN,BPN,012,10,1,1,NML,4,2025
665.,A320,9VTRO,TGW,TGW296,TGW297,06/09:30,06/09:36,06/10:32,06/10:42,0:56:00,SIN,SIN,A02,10,1,1,NML,4,2025
666.,B739,PKLQT,LNI,LNI970,LNI973,06/09:52,06/09:56,06/10:47,06/10:56,0:51:00,BTH,BTH,017,10,1,1,NML,4,2025
667.,A320,PKPWD,PAS,PAS210,PAS211,06/09:45,06/09:49,06/10:35,06/10:46,0:46:00,CGK,CGK,005,10,1,1,NML,4,2025
668.,A320,PKLUQ,BTK,BTK7513,BTK7516,06/10:03,06/10:06,06/10:47,06/10:58,0:41:00,HLP,HLP,011,10,1,1,NML,4,2025
669.,A320,PKLUR,BTK,BTK6134,BTK6346,06/09:56,06/10:00,06/10:54,06/11:07,0:54:00,PKN,BEJ,008,10,1,1,NML,4,2025
670.,B739,PKLSU,LNI,LNI645,LNI822,06/10:20,06/10:24,06/11:05,06/11:15,0:41:00,LOP,LOP,014,10,1,1,NML,4,2025
"671.,A339,PKLEQ,LNI,LNI079,LNI104,03/11:58,05/23:00,06/11:15,06/11:29,""2 days, 23:11:00"",JED,JED,A07,10,1,1,NML,4,2025"
672.,A320,PKAZU,AWQ,AWQ321,AWQ322,06/10:28,06/10:36,06/11:09,06/11:18,0:33:00,KUL,KUL,A03,10,1,1,NML,4,2025
673.,B739,PKLFY,LNI,LNI697,LNI697,06/10:48,06/10:52,06/11:43,06/11:53,0:51:00,KOE,CGK,015,10,1,1,NML,4,2025
674.,A320,PKLAO,BTK,BTK7517,BTK7520,06/11:00,06/11:04,06/12:04,06/12:13,1:00:00,HLP,HLP,009,10,1,1,NML,4,2025
675.,B738,PKGNG,GIA,GIA322,GIA327,06/10:07,06/10:12,06/11:26,06/11:38,1:14:00,CGK,CGK,004,10,1,1,NML,4,2025
676.,B738,PKLZO,MXD,MXD350,MXD351,06/10:44,06/10:49,06/11:39,06/11:49,0:50:00,KUL,KUL,A04,10,1,1,NML,4,2025
677.,B739,PKLGO,LNI,LNI805,LNI804,06/11:22,06/11:26,06/12:20,06/12:33,0:54:00,DPS,DPS,012,10,1,1,NML,4,2025
678.,B739,PKLHM,LNI,LNI694,LNI694,06/11:47,06/11:50,06/12:39,06/12:49,0:49:00,CGK,KOE,016,10,1,1,NML,4,2025
679.,A320,PKGQJ,CTV,CTV9942,CTV9943,06/11:04,06/11:08,06/11:57,06/12:06,0:49:00,BTH,BTH,007,10,1,1,NML,4,2025
680.,A320,PKGQS,CTV,CTV461,CTV698,06/11:58,06/12:02,06/12:37,06/12:47,0:35:00,AAP,DPS,006,10,1,1,NML,4,2025
681.,A320,PKSJU,SJV,SJV567,SJV636,06/11:54,06/11:57,06/12:43,06/12:53,0:46:00,PLW,BDJ,010,10,1,1,NML,4,2025
682.,B735,PKNAT,LKN,LKN193,LKN192,06/12:11,06/12:13,06/13:14,06/13:26,1:01:00,PKN,PKN,011,10,1,1,NML,4,2025
683.,B739,PKLHL,LNI,LNI223,LNI680,06/12:59,06/13:03,06/13:55,06/14:06,0:52:00,BDJ,PKY,016,10,1,1,NML,4,2025
684.,B738,PKLOR,LNI,LNI869,LNI722,06/12:42,06/12:48,06/13:38,06/13:59,0:50:00,TTE,KDI,009,10,1,1,NML,4,2025
685.,A320,PKPWF,PAS,PAS204,PAS205,06/11:50,06/11:54,06/13:14,06/13:24,1:20:00,CGK,CGK,005,10,1,1,NML,4,2025
686.,A320,PKAZP,AWQ,AWQ393,AWQ324,06/12:30,06/12:35,06/13:25,06/13:37,0:50:00,JHB,KUL,A03,10,1,1,NML,4,2025
687.,A320,PKGQA,CTV,CTV487,CTV668,06/12:38,06/12:42,06/13:27,06/13:40,0:45:00,BDJ,DPS,007,10,1,1,NML,4,2025
688.,B739,PKLSW,LNI,LNI983,LNI780,06/12:56,06/13:00,06/13:50,06/14:02,0:50:00,PKU,UPG,014,10,1,1,NML,4,2025
689.,B739,PKLQS,LNI,LNI787,LNI686,06/13:28,06/13:31,06/14:18,06/14:27,0:47:34,UPG,PKY,015,10,1,1,NML,4,2025
690.,A320,PKSAE,SJV,SJV633,SJV726,06/13:34,06/13:38,06/14:39,06/14:56,1:01:00,BDJ,LBJ,010,10,1,1,NML,4,2025
691.,B738,PKLKP,LNI,LNI839,LNI836,06/13:03,06/13:07,06/14:06,06/14:16,0:59:00,PNK,PNK,017,10,1,1,NML,4,2025
692.,A320,PKGQI,CTV,CTV431,CTV948,06/13:48,06/13:51,06/14:32,06/14:45,0:41:00,BPN,BTH,006,10,1,1,NML,4,2025
693.,B739,PKLSU,LNI,LNI823,LNI910,06/14:03,06/14:06,06/14:52,06/15:05,0:46:00,LOP,DPS,012,10,1,1,NML,4,2025
694.,A320,PKGLY,CTV,CTV716,CTV717,06/13:49,06/13:52,06/14:38,06/14:52,0:46:00,CGK,CGK,008,10,1,1,NML,4,2025
695.,B738,PKGMP,GIA,GIA312,GIA317,06/13:38,06/13:41,06/14:42,06/14:58,1:01:00,CGK,CGK,004,10,1,1,NML,4,2025
696.,B739,PKLJI,LNI,LNI857,LNI260,06/13:31,06/13:34,06/14:38,06/14:54,1:03:42,PLM,BPN,018,10,0,0,NML,4,2025
697.,A320,9VJSV,JSA,JSA247,JSA248,06/14:00,06/14:06,06/15:00,06/15:16,0:54:00,SIN,SIN,A07,10,1,1,NML,4,2025
698.,A320,PKLUP,BTK,BTK7515,BTK7514,06/13:51,06/13:53,06/14:48,06/15:02,0:55:00,HLP,HLP,009,10,1,1,NML,4,2025
699.,A320,PKPWE,PAS,PAS208,PAS209,06/13:56,06/13:59,06/14:52,06/15:10,0:53:25,CGK,CGK,007,10,1,1,NML,4,2025
700.,B739,PKLGL,LNI,LNI261,LNI642,06/14:24,06/14:27,06/15:12,06/15:26,0:45:00,BPN,LOP,016,10,1,1,NML,4,2025
701.,B739,PKLGV,LNI,LNI707,LNI800,06/14:29,06/14:31,06/15:25,06/15:38,0:54:00,UPG,UPG,015,10,1,1,NML,4,2025
702.,B738,9MMXO,MAS,MAS7275,MAS7274,06/14:51,06/14:55,06/15:43,06/15:57,0:48:00,KUL,KUL,A06,10,1,1,NML,4,2025
703.,B738,PKGFX,GIA,GIA330,GIA331,06/13:53,06/13:57,06/15:05,06/15:18,1:08:00,HLP,HLP,005,10,1,1,NML,4,2025
704.,A320,PKLUO,BTK,BTK6406,BTK6220,06/14:39,06/14:44,06/15:42,06/15:55,0:58:00,CGK,BPN,011,10,1,1,NML,4,2025
705.,B738,PKLKQ,LNI,LNI749,LNI581,06/15:02,06/15:07,06/16:05,06/16:18,0:58:00,MDC,CGK,010,10,1,1,NML,4,2025
706.,A320,PKSAS,SJV,SJV641,SJV614,06/13:42,06/13:44,06/15:42,06/15:50,1:57:44,AAP,BPN,020,10,0,0,NML,4,2025
707.,B739,PKLHO,LNI,LNI919,LNI920,06/15:52,06/15:56,06/16:41,06/16:50,0:45:00,DPS,DPS,015,10,1,1,NML,4,2025
708.,A320,PKLAO,BTK,BTK7501,BTK7512,06/16:02,06/16:06,06/16:55,06/17:07,0:49:00,HLP,HLP,008,10,1,1,NML,4,2025
709.,B738,9MMXK,MAS,MAS873,MAS872,06/14:59,06/15:05,06/15:57,06/16:08,0:52:00,KUL,KUL,A08,10,1,1,NML,4,2025
710.,A320,PKGQS,CTV,CTV699,CTV434,06/15:36,06/15:40,06/16:16,06/16:30,0:36:00,DPS,BPN,006,10,1,1,NML,4,2025
711.,A320,PKLUR,BTK,BTK6347,BTK6401,06/15:29,06/15:33,06/17:30,06/17:42,1:57:00,BEJ,CGK,009,10,1,1,NML,4,2025
712.,B738,PKLSF,LNI,LNI879,LNI838,06/15:08,06/15:13,06/16:11,06/16:21,0:58:00,AMQ,PNK,014,10,1,1,NML,4,2025
713.,A320,PKSGC,SJV,SJV643,SJV672,06/15:13,06/15:16,06/16:12,06/16:28,0:56:00,AAP,BEJ,012,10,1,1,NML,4,2025
714.,A320,PKSJU,SJV,SJV637,SJV648,06/15:44,06/15:47,06/16:33,06/16:46,0:46:00,BDJ,BPN,021,10,0,0,NML,4,2025
715.,B738,PKGNQ,GIA,GIA310,GIA315,06/15:40,06/15:43,06/17:34,06/17:44,1:51:00,CGK,CGK,004,10,1,1,NML,4,2025
716.,A320,PKPWA,PAS,PAS206,PAS623,06/16:15,06/16:18,06/17:03,06/17:17,0:45:00,CGK,BPN,005,10,1,1,NML,4,2025
717.,B739,PKLHY,LNI,LNI972,LNI316,06/16:19,06/16:22,06/17:20,06/17:32,0:58:00,BTH,BDJ,016,10,1,1,NML,4,2025
718.,B739,PKLQS,LNI,LNI687,LNI268,06/17:23,06/17:29,06/18:40,06/18:53,1:11:00,PKY,TRK,020,10,0,0,NML,4,2025
719.,B739,PKLSH,LNI,LNI692,LNI692,06/16:58,06/17:02,06/17:50,06/18:10,0:48:00,CGK,KOE,015,10,1,1,NML,4,2025
720.,B738,PKLKV,LNI,LNI709,LNI884,06/16:06,06/16:08,06/17:22,06/17:36,1:13:40,UPG,UPG,011,10,1,1,NML,4,2025
721.,A339,PKLEJ,LNI,LNI075,LNI100,06/16:11,06/16:18,06/18:25,06/18:38,2:06:37,JED,JED,A06,10,1,1,NML,4,2025
722.,A320,PKGQP,CTV,CTV174,CTV418,06/17:02,06/17:05,06/17:45,06/17:57,0:40:00,HLP,PNK,007,10,1,1,NML,4,2025
723.,B739,PKLHM,LNI,LNI695,LNI226,06/17:09,06/17:10,06/18:14,06/18:24,1:04:00,KOE,BDJ,012,10,1,1,NML,4,2025
724.,A320,PKGQO,CTV,CTV669,CTV488,06/17:18,06/17:24,06/18:03,06/18:14,0:38:59,DPS,BDJ,008,10,1,1,NML,4,2025
725.,A320,PKAZU,AWQ,AWQ323,AWQ326,06/17:12,06/17:18,06/17:49,06/18:04,0:31:00,KUL,KUL,A03,10,1,1,NML,4,2025
726.,B739,PKLSU,LNI,LNI923,LNI3318,06/18:01,06/18:04,06/20:01,06/20:11,1:57:00,DPS,BDJ,017,10,1,1,NML,4,2025
727.,A320,PKBLD,BTK,BTK6578,BTK7579,06/17:37,06/17:41,06/18:24,06/18:45,0:43:00,CGK,CGK,010,10,1,1,NML,4,2025
728.,A320,PKSAO,SJV,SJV723,SJV708,06/19:03,06/19:06,06/19:54,06/20:04,0:48:00,DPS,DPS,011,10,1,1,NML,4,2025
729.,A320,PKPWD,PAS,PAS622,PAS207,06/17:33,06/17:37,06/18:25,06/18:36,0:48:00,BPN,CGK,006,10,1,1,NML,4,2025
730.,B738,PKGNM,GIA,GIA349,GIA313,06/18:04,06/18:09,06/19:12,06/19:31,1:03:00,DPS,CGK,004,10,1,1,NML,4,2025
731.,A320,PKSAE,SJV,SJV725,SJV716,06/18:22,06/18:25,06/19:10,06/19:25,0:45:00,LBJ,LOP,018,10,0,0,NML,4,2025
732.,A320,PKLUQ,BTK,BTK7503,BTK7502,06/18:18,06/18:21,06/19:12,06/19:28,0:51:00,HLP,HLP,008,10,1,1,NML,4,2025
733.,B738,PKLOR,LNI,LNI727,LNI3804,06/18:11,06/18:14,06/19:06,06/19:15,0:52:04,KDI,DPS,015,10,1,1,NML,4,2025
734.,B739,PKLGL,LNI,LNI865,LNI3982,06/17:58,06/18:02,06/18:50,06/18:57,0:48:00,LOP,PKU,016,10,1,1,NML,4,2025
735.,B735,PKCLE,SJY,SJY567,SJY562,06/18:07,06/18:11,06/18:52,06/19:01,0:41:00,UPG,UPG,011,10,1,1,NML,4,2025
736.,B739,PKLHO,LNI,LNI3919,LNI3920,06/19:25,06/19:31,06/20:12,06/20:27,0:41:00,DPS,DPS,016,10,1,1,NML,4,2025
737.,B738,PKGNC,GIA,GIA320,GIA325,06/17:55,06/17:59,06/19:07,06/19:21,1:08:47,CGK,CGK,005,10,1,1,NML,4,2025
738.,B738MAX,9VMBB,SIA,SIA928,SIA929,06/18:59,06/19:05,06/19:58,06/20:14,0:53:00,SIN,SIN,A07,10,1,1,NML,4,2025
739.,A320,PKGTD,CTV,CTV724,CTV494,06/20:21,06/20:24,06/21:02,06/21:13,0:38:00,CGK,BDJ,006,10,1,1,NML,4,2025
740.,B788,9VOFD,TGW,TGW266,TGW267,06/18:54,06/19:00,06/20:09,06/20:23,1:09:00,SIN,SIN,A06,10,1,1,NML,4,2025
741.,B739,PKLHL,LNI,LNI681,LNI880,06/17:06,06/17:08,06/20:46,06/21:00,3:38:00,PKY,UPG,014,10,1,1,NML,4,2025
742.,A320,PKLUP,BTK,BTK7519,BTK7518,06/18:50,06/18:55,06/19:44,06/19:54,0:49:00,HLP,HLP,009,10,1,1,NML,4,2025
743.,A320,PKGLT,CTV,CTV736,CTV352,06/19:18,06/19:22,06/20:09,06/20:19,0:47:00,CGK,UPG,006,10,1,1,NML,4,2025
744.,A320,PKPWK,PAS,PAS202,PAS203,06/19:57,06/19:59,06/20:41,06/20:57,0:42:00,CGK,CGK,005,10,1,1,NML,4,2025
745.,B738,PKGFG,GIA,GIA326,GIA319,06/19:36,06/19:39,06/20:35,06/20:52,0:56:00,CGK,CGK,004,10,1,1,NML,4,2025
746.,A320,PKSAS,SJV,SJV617,SJV616,06/19:22,06/19:26,06/20:17,06/20:32,0:51:00,BPN,BPN,012,10,1,1,NML,4,2025
747.,A320,PKGQS,CTV,CTV435,CTV737,06/19:49,06/19:53,06/20:36,06/20:45,0:43:00,BPN,CGK,008,10,1,1,NML,4,2025
748.,A320,PKGQR,CTV,CTV489,CTV693,06/20:25,06/20:28,06/21:07,06/21:23,0:39:00,BDJ,DPS,009,10,1,1,NML,4,2025
749.,A320,PKGQC,CTV,CTV949,CTV354,06/18:43,06/18:48,06/21:11,06/21:24,2:23:00,BTH,UPG,007,10,1,1,NML,4,2025
750.,B738,PKBGZ,BTK,BTK6586,BTK6587,06/21:26,06/21:29,06/22:20,06/22:32,0:51:00,CGK,CGK,012,10,1,1,NML,4,2025
751.,A320,PKGQO,CTV,CTV495,CTV721,06/20:54,06/20:57,06/21:39,06/21:51,0:42:00,BDJ,CGK,008,10,1,1,NML,4,2025
752.,B739,PKLGV,LNI,LNI885,LNI3856,06/19:41,06/19:44,06/22:13,06/22:16,2:29:00,UPG,PLM,010,10,1,1,NML,4,2025
753.,A320,PKLAW,BTK,BTK6137,BTK6136,06/20:41,06/20:43,06/21:56,06/22:05,1:13:00,UPG,UPG,011,10,1,1,NML,4,2025
754.,A320,PKGLV,CTV,CTV720,CTV430,06/22:35,06/22:38,07/04:56,07/05:09,6:18:00,CGK,BPN,008,28,1,1,NML,4,2025
755.,A320,PKAZP,AWQ,AWQ325,AWQ320,06/19:38,06/19:42,07/05:00,07/05:16,9:18:00,KUL,KUL,A01,28,1,1,NML,4,2025
756.,A320,PKSJU,SJV,SJV613,SJV610,06/20:17,06/20:22,07/04:55,07/05:11,8:33:00,BPN,BPN,023,28,0,0,NML,4,2025
757.,B738,PKLKV,LNI,LNI883,LNI878,06/21:02,06/21:04,07/04:59,07/05:12,7:55:00,UPG,AMQ,018,28,0,0,NML,4,2025
758.,A320,PKLUY,BTK,BTK6588,BTK7508,06/23:12,06/23:14,07/05:00,07/05:14,5:46:00,CGK,HLP,010,28,1,1,NML,4,2025
759.,B739,PKLSU,LNI,LNI3319,LNI786,06/22:47,06/22:50,07/05:05,07/05:18,6:15:00,BDJ,UPG,015,28,1,1,NML,4,2025
760.,B738,PKGMF,GIA,GIA328,GIA301,06/20:33,06/20:38,07/05:12,07/05:22,8:34:00,CGK,CGK,004,28,1,1,NML,4,2025
761.,A320,PKLUO,BTK,BTK6221,BTK6132,06/19:33,06/19:37,07/05:21,07/05:29,9:44:00,BPN,LOP,025,28,0,0,NML,4,2025
762.,A320,PKSJD,SJV,SJV615,SJV634,06/20:37,06/20:41,07/05:23,07/05:33,8:42:55,BPN,BDJ,022,28,0,0,NML,4,2025
763.,B739,PKLVF,LNI,LNI690,LNI690,07/04:59,07/05:05,07/05:52,07/06:01,0:47:00,CGK,KOE,012,28,1,1,NML,4,2025
764.,A320,PKGQL,CTV,CTV726,CTV725,06/21:20,06/21:24,07/05:45,07/05:56,8:21:00,CGK,CGK,007,28,1,1,NML,4,2025
765.,B738,PKLOR,LNI,LNI3805,LNI868,06/22:09,06/22:13,07/06:05,07/06:19,7:52:00,DPS,TTE,017,28,1,1,NML,4,2025
766.,A320,PKGLT,CTV,CTV353,CTV484,07/05:07,07/05:14,07/05:53,07/06:03,0:39:00,UPG,BDJ,008,28,1,1,NML,4,2025
767.,B739,PKLGL,LNI,LNI3983,LNI882,06/23:57,07/00:01,07/06:00,07/06:11,5:59:00,PKU,UPG,014,28,1,1,NML,4,2025
768.,A320,PKSGC,SJV,SJV673,SJV640,06/20:47,06/20:52,07/06:00,07/06:17,9:07:46,BEJ,AAP,021,28,0,0,NML,4,2025
769.,A320,V8RBB,RBA,RBA795,RBA796,06/20:12,06/20:18,07/05:51,07/06:05,9:33:00,BWN,BWN,A07,28,1,1,NML,4,2025
770.,A320,PKSAO,SJV,SJV727,SJV706,06/22:38,06/22:41,07/06:00,07/06:13,7:19:00,DPS,DPS,011,28,1,1,NML,4,2025
771.,B739,PKLHI,LNI,LNI3857,LNI266,06/22:20,06/22:27,07/05:55,07/06:07,7:28:00,PLM,BPN,016,28,1,1,NML,4,2025
772.,A320,PKLUI,BTK,BTK6594,BTK6589,06/20:50,06/20:56,07/06:07,07/06:21,9:11:00,CGK,CGK,020,28,0,0,NML,4,2025
773.,A320,PKPWI,PAS,PAS212,PAS213,06/20:43,06/20:47,07/05:55,07/06:09,9:08:00,CGK,CGK,005,28,1,1,NML,4,2025
774.,A320,PKBKY,BTK,BTK6413,BTK6412,06/19:44,06/19:48,07/07:20,07/07:32,11:31:53,DPS,DPS,024,28,0,0,NML,4,2025
775.,A320,PKLAZ,BTK,BTK7521,BTK6135,06/21:18,06/21:23,07/07:25,07/07:34,10:02:00,HLP,PKN,009,28,1,1,NML,4,2025
776.,A320,PKSTC,SJV,SJV619,SJV612,06/16:26,06/16:30,07/07:00,07/07:10,14:30:00,BPN,BPN,026,28,0,0,NML,4,2025
777.,B739,PKLGW,LNI,LNI311,LNI971,07/06:15,07/06:20,07/07:11,07/07:18,0:51:00,BDJ,BTH,012,28,1,1,NML,4,2025
778.,B738,PKGFF,GIA,GIA855,GIA854,06/20:30,06/20:35,07/06:56,07/07:15,10:21:00,SIN,SIN,A02,28,1,1,NML,4,2025
779.,B738,PKGUC,GIA,GIA324,GIA305,06/21:08,06/21:10,07/07:00,07/07:07,9:50:00,CGK,CGK,006,28,1,1,NML,4,2025
780.,B739,PKLHR,LNI,LNI363,LNI646,07/06:24,07/06:29,07/07:32,07/07:41,1:03:00,BPN,LOP,015,28,1,1,NML,4,2025
781.,B739,PKLSO,LNI,LNI801,LNI982,07/06:55,07/07:00,07/07:55,07/08:08,0:54:34,UPG,PKU,011,28,1,1,NML,4,2025
782.,A320,PKLUH,BTK,BTK7511,BTK7510,07/06:38,07/06:42,07/07:34,07/07:45,0:52:00,HLP,HLP,010,28,1,1,NML,4,2025
783.,A320,PKAZL,AWQ,AWQ327,AWQ392,06/23:52,06/23:57,07/07:22,07/07:30,7:25:00,KUL,JHB,A03,28,1,1,NML,4,2025
784.,B739,PKLHS,LNI,LNI683,LNI682,07/07:05,07/07:10,07/08:02,07/08:12,0:52:00,PKY,PKY,016,28,1,1,NML,4,2025
785.,B739,PKLSH,LNI,LNI693,LNI693,07/06:49,07/06:55,07/07:48,07/08:00,0:52:51,KOE,CGK,014,28,1,1,NML,4,2025
786.,A320,PKGLG,CTV,CTV170,CTV175,07/07:02,07/07:07,07/08:34,07/08:46,1:27:00,HLP,HLP,008,28,1,1,NML,4,2025
787.,A320,PKGLR,CTV,CTV690,CTV460,07/06:58,07/07:05,07/07:50,07/08:05,0:45:00,DPS,AAP,007,28,1,1,NML,4,2025
788.,A21N,B32L3,CSN,CSN8137,CSN8138,06/21:48,06/21:57,07/07:46,07/07:59,9:49:00,CAN,CAN,A06,28,1,1,NML,4,2025
"789.,C208,PKVVO,SUS,PKVVO,PKVVO,05/12:45,05/12:48,07/07:56,07/08:04,""1 day, 19:07:44"",BXW,BXW,C07,28,0,0,NML,4,2025"
790.,B739,PKLHJ,LNI,LNI929,LNI990,07/07:13,07/07:18,07/08:26,07/08:36,1:07:22,DPS,DPS,020,10,0,0,NML,4,2025
791.,A333,BLAP,CPA,CPA779,CPA780,06/18:16,06/18:22,07/08:08,07/08:19,13:46:00,HKG,HKG,A08,28,1,1,NML,4,2025
792.,A320,PKBDF,BTK,BTK6572,BTK6573,07/07:38,07/07:41,07/08:40,07/08:50,0:59:00,CGK,CGK,009,28,1,1,NML,4,2025
793.,A320,PKGQA,CTV,CTV355,CTV171,07/07:23,07/07:29,07/08:33,07/08:44,1:04:00,UPG,HLP,006,28,1,1,NML,4,2025
794.,B738,PKLKW,LNI,LNI837,LNI748,07/08:06,07/08:10,07/09:01,07/09:13,0:51:00,PNK,MDC,015,10,1,1,NML,4,2025
795.,A320,PKLUO,BTK,BTK6133,BTK6391,07/07:57,07/08:01,07/10:23,07/10:32,2:22:00,LOP,CGK,010,10,1,1,NML,4,2025
796.,B739,PKLQS,LNI,LNI267,LNI222,07/07:08,07/07:12,07/09:10,07/09:20,1:57:15,TRK,BDJ,018,10,0,0,NML,4,2025
797.,B739,PKLHY,LNI,LNI315,LNI856,07/08:10,07/08:15,07/09:07,07/09:16,0:52:00,BDJ,PLM,017,10,1,1,NML,4,2025
798.,A320,PKSJH,SJV,SJV649,SJV618,07/07:51,07/07:55,07/08:57,07/09:08,1:02:00,BPN,BPN,012,10,1,1,NML,4,2025
799.,B738,PKLBK,MXD,MXD352,MXD353,06/19:28,06/19:34,07/08:43,07/08:53,13:09:00,KUL,KUL,A04,28,1,1,NML,4,2025
800.,A320,PKSJU,SJV,SJV611,SJV566,07/08:34,07/08:38,07/09:48,07/09:57,1:10:00,BPN,PLW,014,10,1,1,NML,4,2025
801.,B738,PKGFM,GIA,GIA304,GIA342,07/08:28,07/08:32,07/09:23,07/09:36,0:51:43,CGK,DPS,004,10,1,1,NML,4,2025
802.,A320,PKPWK,PAS,PAS200,PAS201,07/08:22,07/08:26,07/09:13,07/09:28,0:47:00,CGK,CGK,005,10,1,1,NML,4,2025
803.,A320,PKGLT,CTV,CTV485,CTV486,07/08:38,07/08:42,07/09:23,07/09:32,0:41:00,BDJ,BDJ,007,10,1,1,NML,4,2025
804.,A320,PKSAE,SJV,SJV717,SJV642,07/09:46,07/09:50,07/10:36,07/10:45,0:46:00,LOP,AAP,011,10,1,1,NML,4,2025
805.,A320,PKSAO,SJV,SJV703,SJV702,07/08:42,07/08:45,07/09:38,07/09:48,0:52:03,DPS,DPS,011,10,1,1,NML,4,2025
806.,B738,9MMLQ,MAS,MAS871,MAS870,07/11:52,07/11:59,07/12:52,07/13:04,0:53:00,KUL,KUL,A08,10,1,1,NML,4,2025
807.,B735,PKNAS,LKN,LKN243,LKN242,07/09:10,07/09:13,07/09:59,07/10:08,0:46:00,SMQ,SMQ,012,10,1,1,NML,4,2025
808.,A359,9VSHO,SIA,SIA922,SIA923,07/09:00,07/09:05,07/10:02,07/10:18,0:57:00,SIN,SIN,A08,10,1,1,NML,4,2025
809.,A320,PKGQS,CTV,CTV351,CTV350,07/09:59,07/10:03,07/10:47,07/10:59,0:44:00,UPG,UPG,008,10,1,1,NML,4,2025
810.,A320,PKSAZ,SJV,SJV635,SJV632,07/10:12,07/10:17,07/11:15,07/11:25,0:58:00,BDJ,BDJ,012,10,1,1,NML,4,2025
811.,A320,PKGQM,CTV,CTV417,CTV715,07/09:25,07/09:29,07/10:19,07/10:30,0:50:00,PNK,CGK,006,10,1,1,NML,4,2025
812.,A320,9VTRK,TGW,TGW296,TGW297,07/09:50,07/09:57,07/11:00,07/11:09,1:03:00,SIN,SIN,A02,10,1,1,NML,4,2025
813.,B739,PKLHI,LNI,LNI367,LNI262,07/09:37,07/09:41,07/10:41,07/10:50,1:00:00,BPN,BPN,018,10,0,0,NML,4,2025
814.,B739,PKLGL,LNI,LNI791,LNI706,07/10:04,07/10:11,07/10:53,07/11:05,0:42:00,UPG,UPG,015,10,1,1,NML,4,2025
815.,A320,PKPWI,PAS,PAS210,PAS211,07/09:41,07/09:44,07/10:31,07/10:43,0:47:00,CGK,CGK,005,10,1,1,NML,4,2025
816.,B739,PKLQR,LNI,LNI970,LNI973,07/09:34,07/09:39,07/10:31,07/10:40,0:52:00,BTH,BTH,016,10,1,1,NML,4,2025
817.,A320,PKLUK,BTK,BTK7513,BTK7516,07/09:54,07/10:00,07/10:43,07/10:53,0:43:00,HLP,HLP,009,10,1,1,NML,4,2025
818.,A320,PKLAZ,BTK,BTK6134,BTK6346,07/10:02,07/10:07,07/10:53,07/11:03,0:46:00,PKN,BEJ,007,10,1,1,NML,4,2025
819.,B739,PKLHR,LNI,LNI645,LNI822,07/10:16,07/10:19,07/11:04,07/11:14,0:45:00,LOP,LOP,014,10,1,1,NML,4,2025
820.,B739,PKLFY,LNI,LNI694,LNI694,07/10:25,07/10:29,07/11:18,07/11:35,0:49:00,CGK,KOE,017,10,1,1,NML,4,2025
821.,A320,PKAZP,AWQ,AWQ321,AWQ322,07/10:36,07/10:41,07/11:14,07/11:22,0:33:00,KUL,KUL,A01,10,1,1,NML,4,2025
822.,B739,PKLVF,LNI,LNI697,LNI697,07/10:33,07/10:37,07/11:38,07/11:48,1:01:00,KOE,CGK,020,10,0,0,NML,4,2025
823.,A320,PKLUH,BTK,BTK7517,BTK7520,07/11:12,07/11:15,07/12:08,07/12:17,0:53:00,HLP,HLP,009,10,1,1,NML,4,2025
824.,B738,PKGNG,GIA,GIA322,GIA327,07/10:09,07/10:14,07/11:26,07/11:38,1:12:00,CGK,CGK,004,10,1,1,NML,4,2025
825.,B738MAX,9MLRD,MXD,MXD350,MXD351,07/11:01,07/11:07,07/12:20,07/12:34,1:13:00,KUL,KUL,A04,10,1,1,NML,4,2025
826.,B739,PKLHJ,LNI,LNI805,LNI804,07/11:36,07/11:40,07/12:23,07/12:35,0:43:00,DPS,DPS,014,10,1,1,NML,4,2025
827.,A320,PKGQP,CTV,CTV9942,CTV9943,07/11:43,07/11:48,07/12:31,07/12:44,0:43:00,BTH,BTH,007,10,1,1,NML,4,2025
828.,A320,PKGLR,CTV,CTV461,CTV698,07/11:28,07/11:33,07/12:13,07/12:23,0:40:00,AAP,DPS,006,10,1,1,NML,4,2025
829.,A320,PKBKU,BTK,BTK6582,BTK6581,07/13:36,07/13:39,07/14:28,07/14:39,0:49:00,CGK,CGK,011,10,1,1,NML,4,2025
830.,A320,PKSAE,SJV,SJV641,SJV636,07/14:20,07/14:25,07/15:27,07/15:36,1:02:00,AAP,BDJ,020,10,0,0,NML,4,2025
831.,B735,PKNAT,LKN,LKN193,LKN192,07/12:41,07/12:44,07/13:30,07/13:42,0:46:00,PKN,PKN,012,10,1,1,NML,4,2025
832.,A339,PKLES,LNI,LNI079,LNI074,07/10:57,07/11:04,07/13:13,07/13:27,2:09:00,JED,MED,A06,10,1,1,NML,4,2025
833.,B739,PKLQS,LNI,LNI223,LNI680,07/12:07,07/12:10,07/12:50,07/12:59,0:40:00,BDJ,PKY,016,10,1,1,NML,4,2025
834.,A320,PKBKG,BTK,BTK6596,BTK6595,07/13:43,07/13:47,07/14:45,07/14:55,0:58:00,CGK,CGK,009,10,1,1,NML,4,2025
835.,A320,PKPWD,PAS,PAS204,PAS205,07/11:57,07/12:00,07/13:23,07/13:33,1:23:00,CGK,CGK,005,10,1,1,NML,4,2025
836.,A320,PKAZL,AWQ,AWQ393,AWQ324,07/12:21,07/12:27,07/13:11,07/13:25,0:44:00,JHB,KUL,A03,10,1,1,NML,4,2025
837.,B738,PKLOR,LNI,LNI869,LNI722,07/12:31,07/12:34,07/13:26,07/13:38,0:52:00,TTE,KDI,010,10,1,1,NML,4,2025
838.,A320,PKGLT,CTV,CTV487,CTV668,07/12:02,07/12:08,07/13:17,07/13:29,1:09:00,BDJ,DPS,008,10,1,1,NML,4,2025
839.,B739,PKLSO,LNI,LNI983,LNI780,07/13:46,07/13:50,07/14:56,07/15:08,1:06:00,PKU,UPG,016,10,1,1,NML,4,2025
840.,B739,PKLSW,LNI,LNI787,LNI686,07/13:53,07/13:57,07/15:00,07/15:21,1:03:00,UPG,PKY,018,10,0,0,NML,4,2025
841.,B738,PKLKP,LNI,LNI839,LNI836,07/13:01,07/13:04,07/14:17,07/14:27,1:13:00,PNK,PNK,015,10,1,1,NML,4,2025
842.,A320,PKSAZ,SJV,SJV633,SJV726,07/14:17,07/14:21,07/15:20,07/15:32,0:59:00,BDJ,LBJ,010,10,1,1,NML,4,2025
843.,A320,PKGQC,CTV,CTV716,CTV717,07/13:31,07/13:34,07/14:21,07/14:36,0:47:00,CGK,CGK,006,10,1,1,NML,4,2025
844.,A339,PKLEQ,LNI,LNI105,LNI106,07/11:39,07/11:46,07/14:18,07/14:32,2:32:00,JED,JED,A07,10,1,1,NML,4,2025
845.,A320,PKGLV,CTV,CTV431,CTV948,07/13:50,07/13:54,07/14:29,07/14:40,0:35:00,BPN,BTH,007,10,1,1,NML,4,2025
846.,B739,PKLHY,LNI,LNI857,LNI910,07/13:40,07/13:44,07/14:49,07/15:00,1:05:00,PLM,DPS,014,10,1,1,NML,4,2025
847.,B738,PKGFR,GIA,GIA312,GIA317,07/14:14,07/14:18,07/15:12,07/15:23,0:54:00,CGK,CGK,004,10,1,1,NML,4,2025
848.,A320,9VJSV,JSA,JSA247,JSA248,07/14:04,07/14:09,07/14:58,07/15:10,0:49:00,SIN,SIN,A08,10,1,1,NML,4,2025
849.,B739,PKLHR,LNI,LNI823,LNI260,07/13:56,07/14:00,07/15:00,07/15:18,1:00:00,LOP,BPN,017,10,1,1,NML,4,2025
850.,A320,PKLAI,BTK,BTK7515,BTK7514,07/14:49,07/14:56,07/15:41,07/15:54,0:45:00,HLP,HLP,009,10,1,1,NML,4,2025
851.,A320,PKPWE,PAS,PAS208,PAS209,07/13:59,07/14:04,07/14:58,07/15:14,0:54:00,CGK,CGK,008,10,1,1,NML,4,2025
852.,B739,PKLGL,LNI,LNI707,LNI800,07/14:34,07/14:36,07/15:48,07/16:03,1:12:00,UPG,UPG,011,10,1,1,NML,4,2025
853.,B739,PKLHI,LNI,LNI261,LNI642,07/14:25,07/14:28,07/15:24,07/15:34,0:56:00,BPN,LOP,015,10,1,1,NML,4,2025
854.,B738,PKGUG,GIA,GIA330,GIA331,07/14:11,07/14:16,07/15:16,07/15:26,1:00:00,HLP,HLP,005,10,1,1,NML,4,2025
855.,A320,PKLUI,BTK,BTK6406,BTK6220,07/16:56,07/17:01,07/17:50,07/18:02,0:49:00,CGK,BPN,008,10,1,1,NML,4,2025
856.,B738,PKLKW,LNI,LNI749,LNI581,07/14:58,07/15:01,07/15:58,07/16:09,0:57:54,MDC,CGK,014,10,1,1,NML,4,2025
857.,A320,PKSJU,SJV,SJV567,SJV614,07/14:07,07/14:10,07/15:37,07/15:49,1:27:00,PLW,BPN,012,10,1,1,NML,4,2025
858.,B739,PKLHJ,LNI,LNI919,LNI920,07/15:41,07/15:46,07/16:35,07/16:45,0:49:00,DPS,DPS,015,10,1,1,NML,4,2025
859.,A320,PKLUH,BTK,BTK7501,BTK7512,07/15:19,07/15:23,07/16:15,07/16:26,0:52:37,HLP,HLP,010,10,1,1,NML,4,2025
860.,A320,PKGLR,CTV,CTV699,CTV434,07/15:01,07/15:04,07/15:54,07/16:05,0:50:00,DPS,BPN,006,10,1,1,NML,4,2025
861.,A320,PKLAZ,BTK,BTK6347,BTK6401,07/15:15,07/15:19,07/16:13,07/16:24,0:54:00,BEJ,CGK,008,10,1,1,NML,4,2025
862.,A320,PKSGC,SJV,SJV643,SJV672,07/15:06,07/15:10,07/17:32,07/17:45,2:22:00,AAP,BEJ,016,10,1,1,NML,4,2025
863.,A320,PKGLG,CTV,CTV174,CTV418,07/15:30,07/15:33,07/16:18,07/16:30,0:45:00,HLP,PNK,007,10,1,1,NML,4,2025
864.,A320,PKSAE,SJV,SJV637,SJV648,07/18:32,07/18:35,07/19:22,07/19:38,0:47:00,BDJ,BPN,010,10,1,1,NML,4,2025
865.,B738,PKGFP,GIA,GIA310,GIA315,07/15:52,07/15:56,07/16:54,07/17:08,0:58:20,CGK,CGK,004,10,1,1,NML,4,2025
866.,B738MAX,9VMBN,SIA,SIA926,SIA927,07/16:28,07/16:33,07/17:33,07/17:50,1:00:00,SIN,SIN,A07,10,1,1,NML,4,2025
867.,A320,PKBKV,BTK,BTK6564,BTK6564,07/16:01,07/16:05,07/16:41,07/16:45,0:35:40,CGK,MLG,022,10,0,0,NML,4,2025
868.,A320,PKPWC,PAS,PAS206,PAS623,07/15:46,07/15:50,07/16:41,07/16:58,0:51:51,CGK,BPN,005,10,1,1,NML,4,2025
869.,B739,PKLQS,LNI,LNI681,LNI268,07/16:07,07/16:10,07/17:04,07/17:14,0:53:18,PKY,TRK,012,10,1,1,NML,4,2025
870.,B739,PKLHI,LNI,LNI865,LNI316,07/17:58,07/18:00,07/18:57,07/19:08,0:57:24,LOP,BDJ,014,10,1,1,NML,4,2025
871.,A320,PKSTC,SJV,SJV619,SJV2716,07/17:16,07/17:19,07/18:04,07/18:15,0:45:00,BPN,LOP,011,10,1,1,NML,4,2025
872.,B739,PKLHH,LNI,LNI692,LNI692,07/17:39,07/17:43,07/18:35,07/18:45,0:52:00,CGK,KOE,016,10,1,1,NML,4,2025
873.,B738,PKLKV,LNI,LNI879,LNI884,07/15:12,07/15:16,07/20:29,07/20:40,5:13:00,AMQ,UPG,021,10,0,0,NML,4,2025
874.,E135,PKTFS,IAT,PKTFS,PKTFS,07/18:10,07/18:13,07/18:28,07/18:29,0:15:00,DPS,HLP,001,10,0,0,NML,4,2025
875.,B738,PKLPK,LNI,LNI709,LNI838,07/18:52,07/18:56,07/19:47,07/20:02,0:51:00,UPG,PNK,016,10,1,1,NML,4,2025
876.,A320,PKAZP,AWQ,AWQ323,AWQ326,07/16:42,07/16:47,07/17:26,07/17:34,0:39:00,KUL,KUL,A01,10,1,1,NML,4,2025
877.,A320,PKGQI,CTV,CTV669,CTV488,07/17:06,07/17:08,07/17:48,07/18:04,0:40:57,DPS,BDJ,006,10,1,1,NML,4,2025
878.,B739,PKLSW,LNI,LNI687,LNI226,07/18:25,07/18:28,07/19:21,07/19:36,0:53:00,PKY,BDJ,018,10,0,0,NML,4,2025
879.,B739,PKLHJ,LNI,LNI923,LNI3822,07/19:24,07/19:26,07/20:30,07/20:58,1:04:00,DPS,LOP,014,10,1,1,NML,4,2025
880.,A320,PKSTD,SJV,SJV723,SJV708,07/19:40,07/19:46,07/20:38,07/20:58,0:52:00,DPS,DPS,010,10,1,1,NML,4,2025
881.,A320,PKPWI,PAS,PAS622,PAS207,07/17:20,07/17:24,07/18:14,07/18:30,0:50:00,BPN,CGK,007,10,1,1,NML,4,2025
882.,B738,PKGFM,GIA,GIA349,GIA313,07/17:45,07/17:48,07/18:48,07/19:02,1:00:00,DPS,CGK,005,10,1,1,NML,4,2025
883.,A320,PKSAZ,SJV,SJV725,SJV716,07/19:06,07/19:08,07/20:05,07/20:24,0:57:00,LBJ,LOP,022,10,0,0,NML,4,2025
884.,B739,PKLGV,LNI,LNI972,LNI3982,07/17:36,07/17:40,07/19:28,07/19:43,1:47:49,BTH,PKU,020,10,0,0,NML,4,2025
885.,A320,PKLUK,BTK,BTK7503,BTK7502,07/17:54,07/17:57,07/18:43,07/18:54,0:46:00,HLP,HLP,008,10,1,1,NML,4,2025
886.,B738,PKCRH,SJY,SJY567,SJY562,07/19:09,07/19:12,07/20:00,07/20:17,0:48:00,UPG,UPG,012,10,1,1,NML,4,2025
887.,B738,PKLOR,LNI,LNI727,LNI3804,07/17:48,07/17:51,07/20:13,07/20:35,2:22:00,KDI,DPS,015,10,1,1,NML,4,2025
888.,B739,PKLGL,LNI,LNI885,LNI3318,07/20:03,07/20:09,07/21:04,07/21:15,0:55:00,UPG,BDJ,016,10,1,1,NML,4,2025
889.,A339,PKLEJ,LNI,LNI101,LNI104,07/17:42,07/17:49,07/20:03,07/20:28,2:14:00,JED,JED,A06,10,1,1,NML,4,2025
890.,B739,PKLSV,LNI,LNI3919,LNI3920,07/21:13,07/21:17,07/22:10,07/22:22,0:53:00,DPS,DPS,015,10,1,1,NML,4,2025
891.,B738,PKGFS,GIA,GIA320,GIA325,07/17:29,07/17:31,07/18:51,07/19:05,1:20:00,CGK,CGK,004,10,1,1,NML,4,2025
892.,B738MAX,9VMBA,SIA,SIA928,SIA929,07/18:55,07/19:01,07/19:51,07/20:03,0:50:00,SIN,SIN,A04,10,1,1,NML,4,2025
893.,B738,PKBGF,BTK,BTK6576,BTK6575,07/18:49,07/18:52,07/19:43,07/19:59,0:51:00,CGK,CGK,009,10,1,1,NML,4,2025
894.,A320,PKGQT,CTV,CTV949,CTV494,07/18:41,07/18:45,07/19:27,07/19:45,0:42:00,BTH,BDJ,006,10,1,1,NML,4,2025
895.,B739,PKLSW,LNI,LNI3319,LNI880,07/22:20,07/22:23,07/23:34,07/23:44,1:10:31,BDJ,UPG,009,10,1,1,NML,4,2025
896.,A320,PKLAI,BTK,BTK7519,BTK7518,07/19:03,07/19:07,07/19:51,07/20:05,0:44:00,HLP,HLP,008,10,1,1,NML,4,2025
897.,A320,PKPWK,PAS,PAS202,PAS203,07/19:31,07/19:36,07/20:15,07/20:40,0:39:00,CGK,CGK,006,10,1,1,NML,4,2025
898.,A320,PKGQK,CTV,CTV736,CTV352,07/18:59,07/19:03,07/19:55,07/20:30,0:52:00,CGK,UPG,007,10,1,1,NML,4,2025
899.,A320,PKSJU,SJV,SJV617,SJV616,07/19:15,07/19:20,07/20:20,07/20:50,1:00:00,BPN,BPN,011,10,1,1,NML,4,2025
900.,B738,PKGUI,GIA,GIA326,GIA319,07/19:20,07/19:23,07/20:23,07/20:52,1:00:00,CGK,CGK,004,10,1,1,NML,4,2025
901.,A320,PKGLR,CTV,CTV435,CTV737,07/19:28,07/19:30,07/20:19,07/20:46,0:49:00,BPN,CGK,005,10,1,1,NML,4,2025
902.,A320,PKGQJ,CTV,CTV489,CTV693,07/20:09,07/20:14,07/20:53,07/21:03,0:38:54,BDJ,DPS,008,10,1,1,NML,4,2025
903.,B738,PKLBW,BTK,BTK6586,BTK6587,07/19:57,07/20:09,07/21:11,07/21:21,1:01:55,CGK,CGK,009,10,1,1,NML,4,2025
904.,A320,PKGQE,CTV,CTV724,CTV354,07/20:13,07/20:16,07/20:59,07/21:12,0:42:00,CGK,UPG,007,10,1,1,NML,4,2025
905.,A320,PKGQI,CTV,CTV495,CTV721,07/20:38,07/20:41,07/21:23,07/21:36,0:41:14,BDJ,CGK,011,10,1,1,NML,4,2025
906.,B739,PKLHJ,LNI,LNI3823,LNI3856,07/23:25,07/23:28,08/00:17,08/00:29,0:49:00,LOP,PLM,010,10,1,1,NML,4,2025
907.,A320,PKLUR,BTK,BTK6137,BTK6136,07/21:27,07/21:30,07/22:29,07/22:39,0:59:00,UPG,UPG,010,10,1,1,NML,4,2025
908.,B738,PKLKV,LNI,LNI883,LNI878,08/00:27,08/00:30,08/04:59,08/05:09,4:28:53,UPG,AMQ,009,28,1,1,NML,4,2025
909.,A320,PKLUZ,BTK,BTK7521,BTK7508,07/20:00,07/20:03,08/05:04,08/05:14,9:01:00,HLP,HLP,020,28,0,0,NML,4,2025
910.,A320,PKAZP,AWQ,AWQ327,AWQ320,07/23:16,07/23:23,08/05:02,08/05:12,5:39:00,KUL,KUL,A06,28,1,1,NML,4,2025
911.,A320,PKSJI,SJV,SJV613,SJV610,07/21:24,07/21:28,08/05:00,08/05:11,7:32:00,BPN,BPN,024,28,0,0,NML,4,2025
912.,B739,PKLGV,LNI,LNI3983,LNI786,08/01:12,08/01:18,08/05:06,08/05:21,3:48:00,PKU,UPG,010,28,1,1,NML,4,2025
913.,A320,PKGQL,CTV,CTV726,CTV430,07/20:22,07/20:25,08/05:05,08/05:16,8:40:00,CGK,BPN,005,28,1,1,NML,4,2025
914.,B738,PKGFJ,GIA,GIA324,GIA301,07/21:33,07/21:38,08/05:14,08/05:23,7:36:00,CGK,CGK,004,28,1,1,NML,4,2025
915.,A320,PKLUI,BTK,BTK6221,BTK6132,07/21:38,07/21:41,08/05:15,08/05:25,7:33:48,BPN,LOP,014,28,1,1,NML,4,2025
916.,A320,PKGLS,CTV,CTV720,CTV725,07/23:09,07/23:15,08/05:44,08/05:57,6:29:00,CGK,CGK,007,28,1,1,NML,4,2025
917.,B739,PKLVF,LNI,LNI690,LNI690,08/05:19,08/05:26,08/06:09,08/06:22,0:43:00,CGK,KOE,010,28,1,1,NML,4,2025
918.,A320,PKSAE,SJV,SJV615,SJV640,07/22:56,07/22:59,08/05:59,08/06:14,7:00:00,BPN,AAP,012,28,1,1,NML,4,2025
919.,A320,PKLAF,BTK,BTK6588,BTK6589,07/22:43,07/22:47,08/06:02,08/06:18,7:15:00,CGK,CGK,016,28,1,1,NML,4,2025
920.,A320,PKGQK,CTV,CTV353,CTV484,08/04:59,08/05:06,08/05:52,08/06:04,0:46:00,UPG,BDJ,008,28,1,1,NML,4,2025
921.,B739,PKLGS,LNI,LNI3857,LNI266,08/01:31,08/01:35,08/05:54,08/06:08,4:19:00,PLM,BPN,025,28,0,0,NML,4,2025
922.,B738,PKLOR,LNI,LNI3805,LNI868,07/22:50,07/22:53,08/05:54,08/06:10,7:01:00,DPS,TTE,015,28,1,1,NML,4,2025
923.,A320,PKSTD,SJV,SJV727,SJV706,07/23:21,07/23:25,08/05:56,08/06:12,6:31:00,DPS,DPS,011,28,1,1,NML,4,2025
924.,A320,V8RBB,RBA,RBA795,RBA796,07/19:52,07/19:58,08/05:49,08/06:00,9:51:00,BWN,BWN,A07,28,1,1,NML,4,2025
925.,A320,PKAZL,AWQ,AWQ325,AWQ386,07/19:34,07/19:40,08/05:57,08/06:16,10:17:00,KUL,PEN,A01,28,1,1,NML,4,2025
926.,A320,PKPWG,PAS,PAS212,PAS213,07/20:33,07/20:36,08/06:02,08/06:20,9:26:00,CGK,CGK,003,28,0,0,NML,4,2025
927.,A320,PKBKY,BTK,BTK6413,BTK6412,07/20:19,07/20:24,08/06:22,08/06:35,9:58:00,DPS,DPS,018,28,0,0,NML,4,2025
928.,A320,PKSGC,SJV,SJV673,SJV634,07/22:01,07/22:04,08/06:50,08/06:58,8:45:12,BEJ,BDJ,021,28,0,0,NML,4,2025
929.,B738MAX,PKOFM,AFE,AFE921,AFE921,08/05:48,08/05:55,08/07:33,08/07:43,1:37:47,CGK,TIM,005,28,1,1,NML,4,2025
930.,A320,PKSTC,SJV,SJV2717,SJV566,07/20:48,07/20:50,08/07:07,08/07:27,10:17:00,LOP,PLW,023,28,0,0,NML,4,2025
931.,B739,PKLHM,LNI,LNI311,LNI971,08/06:08,08/06:12,08/07:08,08/07:09,0:56:00,BDJ,BTH,014,28,1,1,NML,4,2025
932.,A320,PKLAM,BTK,BTK6594,BTK6135,07/20:25,07/20:32,08/07:02,08/07:12,10:29:59,CGK,PKN,022,28,0,0,NML,4,2025
933.,C208,PKVVO,SUS,PKVVO,PKVVO,07/09:42,07/09:49,08/07:05,08/07:08,21:15:49,BXW,BXW,C07,28,0,0,NML,4,2025
934.,A320,PKSAZ,SJV,SJV717,SJV612,08/06:04,08/06:08,08/07:03,08/07:19,0:55:00,LOP,BPN,009,28,1,1,NML,4,2025
935.,B738,PKGFF,GIA,GIA855,GIA854,07/20:43,07/20:50,08/06:58,08/07:07,10:08:00,SIN,SIN,A02,28,1,1,NML,4,2025
936.,B738,PKGFX,GIA,GIA328,GIA305,07/20:15,07/20:20,08/07:02,08/07:17,10:42:00,CGK,CGK,006,28,1,1,NML,4,2025
937.,B739,PKLHR,LNI,LNI363,LNI646,08/06:30,08/06:39,08/07:42,08/07:54,1:03:00,BPN,LOP,015,28,1,1,NML,4,2025
938.,B739,PKLGY,LNI,LNI801,LNI882,08/07:40,08/07:45,08/09:18,08/09:34,1:33:00,UPG,UPG,018,28,0,0,NML,4,2025
939.,A320,PKLAY,BTK,BTK7511,BTK7510,08/06:39,08/06:46,08/07:34,08/07:49,0:48:00,HLP,HLP,010,28,1,1,NML,4,2025
940.,A320,PKGTE,CTV,CTV690,CTV460,08/06:56,08/07:02,08/07:39,08/07:50,0:37:00,DPS,AAP,004,28,1,1,NML,4,2025
941.,B739,PKLHH,LNI,LNI929,LNI982,08/06:51,08/06:56,08/08:18,08/08:29,1:22:00,DPS,PKU,011,10,1,1,NML,4,2025
942.,B739,PKLHO,LNI,LNI693,LNI693,08/07:04,08/07:10,08/07:55,08/08:07,0:45:00,KOE,CGK,012,28,1,1,NML,4,2025
943.,A320,PKGQU,CTV,CTV170,CTV175,08/07:15,08/07:22,08/08:04,08/08:14,0:42:00,HLP,HLP,007,28,1,1,NML,4,2025
944.,A21N,B32L6,CSN,CSN8137,CSN8138,07/21:30,07/21:37,08/07:56,08/08:10,10:19:00,CAN,CAN,A04,28,1,1,NML,4,2025
945.,A320,PKGQE,CTV,CTV355,CTV171,08/07:29,08/07:39,08/08:20,08/08:31,0:41:00,UPG,HLP,008,10,1,1,NML,4,2025
946.,B739,PKLQS,LNI,LNI267,LNI990,08/07:10,08/07:16,08/08:25,08/08:35,1:09:00,TRK,DPS,009,10,1,1,NML,4,2025
947.,A333,BLBI,CPA,CPA779,CPA780,07/18:28,07/18:34,08/08:03,08/08:16,13:29:00,HKG,HKG,A08,28,1,1,NML,4,2025
948.,A320,PKBLA,BTK,BTK6572,BTK6573,08/07:43,08/07:49,08/08:32,08/08:43,0:43:00,CGK,CGK,010,28,1,1,NML,4,2025
"949.,DHC6,PKICP,PGT,PKICP,PKICP,05/11:03,05/11:03,08/07:52,08/08:00,""2 days, 20:49:00"",PAG,PAG,028,28,0,0,NML,4,2025"
950.,B738,PKLBS,MXD,MXD352,MXD353,07/19:47,07/19:51,08/09:07,08/09:16,13:16:00,KUL,KUL,A03,10,1,1,NML,4,2025
951.,FA8X,MPTGG,AFI,MPTGG,MPTGG,08/08:05,08/08:09,08/08:32,08/08:37,0:23:00,XSP,DHX,A01,28,0,0,NML,4,2025
952.,B738,PKLOJ,LNI,LNI837,LNI748,08/08:02,08/08:07,08/08:52,08/09:04,0:45:00,PNK,MDC,014,28,1,1,NML,4,2025
953.,B739,PKLHI,LNI,LNI315,LNI222,08/08:08,08/08:14,08/09:09,08/09:23,0:55:00,BDJ,BDJ,015,10,1,1,NML,4,2025
954.,A320,PKLUI,BTK,BTK6133,BTK6391,08/07:57,08/08:03,08/09:08,08/09:21,1:05:00,LOP,CGK,012,10,1,1,NML,4,2025
955.,A320,PKSJU,SJV,SJV649,SJV618,08/07:47,08/07:51,08/08:57,08/09:09,1:06:00,BPN,BPN,016,28,1,1,NML,4,2025
"956.,AW139,PKTVN,TVR,PKTVN,PKTVN,28/10:49,28/10:53,08/09:03,08/09:13,""10 days, 22:10:00"",ZZZZ,ZZZZ,H02,10,0,0,NML,4,2025"
957.,B739,PKLSR,LNI,LNI683,LNI682,08/08:18,08/08:22,08/09:08,08/09:25,0:46:00,PKY,PKY,017,10,1,1,NML,4,2025
958.,B738,PKGFH,GIA,GIA304,GIA342,08/08:21,08/08:28,08/09:18,08/09:37,0:50:00,CGK,DPS,004,10,1,1,NML,4,2025
959.,A320,PKPWK,PAS,PAS200,PAS201,08/08:12,08/08:18,08/09:10,08/09:27,0:52:00,CGK,CGK,005,10,1,1,NML,4,2025
960.,A320,PKGQK,CTV,CTV485,CTV486,08/08:41,08/08:44,08/09:23,08/09:40,0:39:00,BDJ,BDJ,007,10,1,1,NML,4,2025
961.,A320,PKSTD,SJV,SJV703,SJV702,08/09:11,08/09:18,08/10:20,08/10:28,1:02:00,DPS,DPS,010,10,1,1,NML,4,2025
962.,A320,PKGQJ,CTV,CTV417,CTV715,08/09:47,08/09:50,08/10:32,08/10:48,0:42:00,PNK,CGK,006,10,1,1,NML,4,2025
963.,B738,9MMLN,MAS,MAS871,MAS870,08/09:18,08/09:26,08/10:24,08/10:41,0:58:00,KUL,KUL,A07,10,1,1,NML,4,2025
964.,A359,9VSHN,SIA,SIA922,SIA923,08/09:07,08/09:12,08/10:13,08/10:25,1:01:00,SIN,SIN,A08,10,1,1,NML,4,2025
965.,A320,PKSGC,SJV,SJV635,SJV632,08/09:38,08/09:41,08/10:31,08/10:43,0:50:00,BDJ,BDJ,012,10,1,1,NML,4,2025
966.,A320,PKGQR,CTV,CTV351,CTV350,08/10:07,08/10:11,08/10:48,08/11:01,0:37:00,UPG,UPG,007,10,1,1,NML,4,2025
967.,B739,PKLGS,LNI,LNI367,LNI856,08/09:35,08/09:40,08/10:38,08/10:52,0:58:00,BPN,PLM,016,10,1,1,NML,4,2025
968.,A320,PKSJI,SJV,SJV611,SJV642,08/09:02,08/09:05,08/10:24,08/10:37,1:19:00,BPN,AAP,011,10,1,1,NML,4,2025
969.,A320,9VTRN,TGW,TGW296,TGW297,08/09:42,08/09:48,08/10:45,08/10:56,0:57:00,SIN,SIN,A02,10,1,1,NML,4,2025
970.,A320,PKPWG,PAS,PAS210,PAS211,08/09:32,08/09:35,08/10:32,08/10:50,0:57:00,CGK,CGK,005,10,1,1,NML,4,2025
971.,B739,PKLQR,LNI,LNI970,LNI973,08/09:59,08/10:03,08/10:49,08/11:07,0:46:00,BTH,BTH,014,10,1,1,NML,4,2025
972.,A320,PKLAM,BTK,BTK6134,BTK6346,08/09:56,08/09:59,08/10:55,08/11:13,0:56:00,PKN,BEJ,009,10,1,1,NML,4,2025
973.,A320,PKLAO,BTK,BTK7513,BTK7516,08/10:03,08/10:07,08/10:53,08/11:11,0:46:00,HLP,HLP,008,10,1,1,NML,4,2025
974.,B739,PKLHR,LNI,LNI645,LNI822,08/10:31,08/10:36,08/11:21,08/11:32,0:45:00,LOP,LOP,015,10,1,1,NML,4,2025
975.,B739,PKLQT,LNI,LNI694,LNI694,08/10:17,08/10:22,08/11:11,08/11:22,0:49:00,CGK,KOE,017,10,1,1,NML,4,2025
976.,FA8X,MPTGG,AFI,MPTGG,MPTGG,08/09:52,08/10:00,08/10:14,08/10:19,0:14:00,DHX,XSP,A09,10,0,0,NML,4,2025
977.,B739,PKLVF,LNI,LNI697,LNI697,08/11:09,08/11:14,08/12:04,08/12:15,0:50:00,KOE,CGK,016,10,1,1,NML,4,2025
978.,A320,PKAZP,AWQ,AWQ321,AWQ322,08/10:38,08/10:44,08/11:43,08/11:52,0:59:00,KUL,KUL,A01,10,1,1,NML,4,2025
979.,A320,PKLAY,BTK,BTK7517,BTK7520,08/10:45,08/10:49,08/11:52,08/12:02,1:03:00,HLP,HLP,010,10,1,1,NML,4,2025
980.,B738,PKGUF,GIA,GIA322,GIA327,08/10:11,08/10:15,08/11:37,08/11:51,1:22:00,CGK,CGK,004,10,1,1,NML,4,2025
981.,A320,PKGTE,CTV,CTV461,CTV698,08/11:15,08/11:19,08/11:56,08/12:10,0:37:00,AAP,DPS,007,10,1,1,NML,4,2025
982.,B738,PKLDM,MXD,MXD350,MXD351,08/10:35,08/10:41,08/11:38,08/11:46,0:57:00,KUL,KUL,A04,10,1,1,NML,4,2025
983.,B739,PKLGY,LNI,LNI791,LNI262,08/13:30,08/13:35,08/14:36,08/14:48,1:01:00,UPG,BPN,012,10,1,1,NML,4,2025
984.,A320,PKSAH,SJV,SJV363,SJV362,08/10:59,08/11:05,08/11:57,08/12:07,0:52:00,KNO,KNO,012,10,1,1,NML,4,2025
985.,B739,PKLGO,LNI,LNI805,LNI804,08/11:48,08/11:51,08/12:43,08/12:55,0:52:00,DPS,DPS,014,10,1,1,NML,4,2025
986.,A320,PKBLC,BTK,BTK6582,BTK6581,08/12:18,08/12:22,08/13:26,08/13:39,1:04:00,CGK,CGK,008,10,1,1,NML,4,2025
987.,B739,PKLHI,LNI,LNI223,LNI780,08/12:13,08/12:17,08/13:51,08/14:02,1:34:00,BDJ,UPG,015,10,1,1,NML,4,2025
988.,A320,PKSTC,SJV,SJV567,SJV636,08/11:44,08/11:48,08/12:44,08/12:56,0:56:00,PLW,BDJ,011,10,1,1,NML,4,2025
989.,A320,PKBKL,BTK,BTK6596,BTK6595,08/12:44,08/12:50,08/13:46,08/13:58,0:56:00,CGK,CGK,010,10,1,1,NML,4,2025
990.,B738,PKLOR,LNI,LNI869,LNI722,08/12:27,08/12:34,08/13:39,08/13:54,1:05:00,TTE,KDI,009,10,1,1,NML,4,2025
991.,A320,PKAZL,AWQ,AWQ387,AWQ324,08/12:35,08/12:41,08/13:35,08/13:49,0:54:00,PEN,KUL,A01,10,1,1,NML,4,2025
992.,A320,PKPWJ,PAS,PAS204,PAS205,08/12:32,08/12:35,08/13:22,08/13:36,0:47:00,CGK,CGK,005,10,1,1,NML,4,2025
993.,A320,PKGQK,CTV,CTV487,CTV668,08/12:21,08/12:25,08/13:30,08/13:53,1:05:00,BDJ,DPS,006,10,1,1,NML,4,2025
994.,A320,PKSGC,SJV,SJV633,SJV2642,08/13:41,08/13:45,08/14:42,08/15:01,0:57:00,BDJ,AAP,011,10,1,1,NML,4,2025
995.,B738,PKLKP,LNI,LNI839,LNI836,08/13:37,08/13:40,08/14:36,08/14:47,0:56:00,PNK,PNK,016,10,1,1,NML,4,2025
996.,A320,PKGQL,CTV,CTV431,CTV948,08/13:47,08/13:51,08/14:39,08/14:57,0:48:00,BPN,BTH,007,10,1,1,NML,4,2025
997.,B739,PKLHH,LNI,LNI983,LNI910,08/13:44,08/13:49,08/14:43,08/14:59,0:54:00,PKU,DPS,014,10,1,1,NML,4,2025
998.,B738,PKGFJ,GIA,GIA312,GIA317,08/13:34,08/13:36,08/14:39,08/14:53,1:03:00,CGK,CGK,005,10,1,1,NML,4,2025
999.,A320,9VJSK,JSA,JSA247,JSA248,08/13:50,08/13:56,08/14:41,08/14:51,0:45:00,SIN,SIN,A08,10,1,1,NML,4,2025
1000.,B739,PKLHM,LNI,LNI972,LNI260,08/16:45,08/16:47,08/17:49,08/18:07,1:02:00,BTH,BPN,012,10,1,1,NML,4,2025
1001.,A320,PKLUH,BTK,BTK7515,BTK7514,08/14:07,08/14:10,08/15:02,08/15:12,0:52:00,HLP,HLP,010,10,1,1,NML,4,2025
"1002.,B739,PKLFY,LNI,LNI695,LNI686,07/16:04,08/08:05,08/16:40,08/16:53,""1 day, 0:33:00"",KOE,PKY,024,10,0,1,NML,4,2025"
1003.,A320,PKPWE,PAS,PAS208,PAS209,08/13:56,08/14:00,08/14:54,08/15:04,0:54:00,CGK,CGK,006,10,1,1,NML,4,2025
1004.,B739,PKLGV,LNI,LNI707,LNI642,08/15:15,08/15:19,08/16:10,08/16:16,0:51:00,UPG,LOP,014,10,1,1,NML,4,2025
1005.,B738,PKGNH,GIA,GIA330,GIA331,08/14:03,08/14:08,08/15:11,08/15:24,1:03:00,HLP,HLP,008,10,1,1,NML,4,2025
1006.,A320,PKLUW,BTK,BTK6406,BTK6220,08/14:45,08/14:50,08/15:54,08/16:09,1:04:30,CGK,BPN,022,10,0,0,NML,4,2025
1007.,A320,PKGTE,CTV,CTV699,CTV434,08/14:27,08/14:32,08/15:18,08/15:28,0:46:00,DPS,BPN,009,10,1,1,NML,4,2025
1008.,B738,PKLOJ,LNI,LNI749,LNI581,08/14:37,08/14:40,08/15:50,08/16:01,1:09:55,MDC,CGK,021,10,0,0,NML,4,2025
1009.,B739,PKLGO,LNI,LNI919,LNI3822,08/16:07,08/16:10,08/17:24,08/17:35,1:13:00,DPS,LOP,017,10,1,1,NML,4,2025
1010.,A320,PKSJI,SJV,SJV641,SJV614,08/14:23,08/14:26,08/15:50,08/16:04,1:23:47,AAP,BPN,018,10,0,0,NML,4,2025
1011.,B739,PKLGS,LNI,LNI857,LNI680,08/14:55,08/14:59,08/15:54,08/16:12,0:55:00,PLM,PKY,017,10,1,1,NML,4,2025
1012.,A320,PKLAY,BTK,BTK7501,BTK7512,08/15:09,08/15:12,08/16:10,08/16:22,0:58:00,HLP,HLP,010,10,1,1,NML,4,2025
1013.,B735,PKNAT,LKN,LKN1930,LKN1920,08/15:51,08/15:53,08/16:36,08/16:50,0:43:00,PKN,PKN,009,10,1,1,NML,4,2025
1014.,A320,PKLAM,BTK,BTK6347,BTK6401,08/15:30,08/15:34,08/16:40,08/16:54,1:06:00,BEJ,CGK,016,10,1,1,NML,4,2025
1015.,A320,PKSAE,SJV,SJV643,SJV672,08/15:20,08/15:24,08/16:17,08/16:32,0:53:00,AAP,BEJ,012,10,1,1,NML,4,2025
1016.,B738,PKLKV,LNI,LNI879,LNI3838,08/11:03,08/11:06,08/16:12,08/16:25,5:06:00,AMQ,PNK,020,10,0,0,NML,4,2025
1017.,B739,PKLHR,LNI,LNI823,LNI316,08/14:10,08/14:14,08/17:45,08/18:00,3:31:00,LOP,BDJ,015,10,1,1,NML,4,2025
1018.,A320,PKSTC,SJV,SJV637,SJV648,08/16:11,08/16:14,08/17:08,08/17:23,0:53:05,BDJ,BPN,018,10,0,0,NML,4,2025
1019.,B738MAX,9VMBO,SIA,SIA926,SIA927,08/15:55,08/16:00,08/16:50,08/17:02,0:50:00,SIN,SIN,A08,10,1,1,NML,4,2025
1020.,B738,PKGUF,GIA,GIA310,GIA315,08/15:36,08/15:40,08/16:46,08/17:02,1:06:00,CGK,CGK,005,10,1,1,NML,4,2025
1021.,B738,PKGFU,GIA,GIA290,GIA291,08/12:38,08/12:42,08/16:26,08/16:49,3:44:00,CGK,CGK,004,10,1,1,NML,4,2025
1022.,B738MAX,PKOFM,AFE,AFE920,AFE920,08/16:30,08/16:33,08/17:07,08/17:21,0:34:00,TIM,CGK,007,10,1,1,NML,4,2025
1023.,A320,PKPWD,PAS,PAS206,PAS623,08/15:40,08/15:43,08/16:41,08/16:55,0:58:00,CGK,BPN,006,10,1,1,NML,4,2025
1024.,B739,PKLQT,LNI,LNI695,LNI268,08/16:03,08/16:07,08/17:04,08/17:19,0:56:29,KOE,TRK,023,10,0,0,NML,4,2025
1025.,B739,PKLGW,LNI,LNI692,LNI692,08/16:39,08/16:44,08/17:41,08/17:51,0:57:00,CGK,KOE,016,10,1,1,NML,4,2025
1026.,A320,PKGLY,CTV,CTV495,CTV721,08/16:58,08/17:02,08/17:48,08/18:01,0:45:34,BDJ,CGK,010,10,1,1,NML,4,2025
1027.,A320,PKGQQ,CTV,CTV669,CTV488,08/16:23,08/16:25,08/17:02,08/17:13,0:37:00,DPS,BDJ,008,10,1,1,NML,4,2025
1028.,B739,PKLGY,LNI,LNI261,LNI226,08/18:34,08/18:38,08/20:01,08/20:16,1:23:00,BPN,BDJ,014,10,1,1,NML,4,2025
1029.,A320,PKGLT,CTV,CTV174,CTV418,08/16:42,08/16:48,08/17:27,08/17:42,0:39:00,HLP,PNK,006,10,1,1,NML,4,2025
1030.,A320,PKGQT,CTV,CTV718,CTV719,08/16:47,08/16:52,08/17:44,08/17:59,0:52:00,CGK,CGK,009,10,1,1,NML,4,2025
1031.,B738,PKLSF,LNI,LNI709,LNI838,08/16:14,08/16:16,08/18:00,08/18:09,1:44:08,UPG,PNK,014,10,1,1,NML,4,2025
1032.,A320,PKAZP,AWQ,AWQ323,AWQ326,08/17:04,08/17:09,08/17:44,08/17:57,0:34:56,KUL,KUL,A01,10,1,1,NML,4,2025
1033.,B739,PKLHH,LNI,LNI923,LNI3824,08/17:33,08/17:37,08/18:33,08/18:51,0:55:23,DPS,LOP,018,10,0,0,NML,4,2025
1034.,A320,PKSTD,SJV,SJV723,SJV708,08/18:59,08/19:02,08/20:08,08/20:21,1:06:00,DPS,DPS,016,10,1,1,NML,4,2025
1035.,A320,PKPWG,PAS,PAS622,PAS207,08/17:16,08/17:17,08/18:14,08/18:26,0:57:00,BPN,CGK,005,10,1,1,NML,4,2025
1036.,B738,PKGFH,GIA,GIA349,GIA313,08/17:43,08/17:48,08/18:46,08/19:01,0:58:00,DPS,CGK,006,10,1,1,NML,4,2025
1037.,B735,PKCLE,SJY,SJY567,SJY562,08/17:52,08/17:57,08/18:49,08/19:04,0:52:00,UPG,UPG,009,10,1,1,NML,4,2025
1038.,A320,PKSGC,SJV,SJV2643,SJV716,08/18:52,08/18:55,08/19:45,08/19:59,0:50:00,AAP,LOP,015,10,1,1,NML,4,2025
1039.,A320,PKLAO,BTK,BTK7503,BTK7502,08/17:48,08/17:53,08/19:37,08/19:51,1:44:00,HLP,HLP,012,10,1,1,NML,4,2025
1040.,B738,PKGMY,GIA,GIA320,GIA325,08/17:40,08/17:43,08/18:58,08/19:12,1:15:00,CGK,CGK,004,10,1,1,NML,4,2025
1041.,E135,T7889,T7,T7889,T7889,08/15:58,08/16:04,08/17:02,08/17:10,0:58:00,CGK,CGK,A09,10,0,0,NML,4,2025
1042.,B738MAX,9VMBC,SIA,SIA928,SIA929,08/18:27,08/18:33,08/19:25,08/19:42,0:52:00,SIN,SIN,A02,10,1,1,NML,4,2025
1043.,B738,PKLDJ,BTK,BTK6576,BTK6575,08/18:31,08/18:35,08/20:06,08/20:19,1:31:00,CGK,CGK,010,10,1,1,NML,4,2025
1044.,A320,PKGLR,CTV,CTV949,CTV494,08/19:10,08/19:14,08/19:58,08/20:08,0:44:00,BTH,BDJ,006,10,1,1,NML,4,2025
1045.,A320,PKGQM,CTV,CTV736,CTV352,08/18:49,08/18:53,08/19:34,08/19:47,0:41:00,CGK,UPG,007,10,1,1,NML,4,2025
1046.,B788,9VOFG,TGW,TGW266,TGW267,08/18:46,08/18:53,08/20:21,08/20:38,1:28:00,SIN,SIN,A07,10,1,1,NML,4,2025
1047.,A320,PKGQU,CTV,CTV172,CTV173,08/18:44,08/18:48,08/19:39,08/19:56,0:51:00,HLP,HLP,008,10,1,1,NML,4,2025
1048.,B739,PKLFY,LNI,LNI687,LNI880,08/19:40,08/19:43,08/21:14,08/21:29,1:31:00,PKY,UPG,018,10,0,0,NML,4,2025
1049.,A320,PKPWK,PAS,PAS202,PAS203,08/18:41,08/18:43,08/19:49,08/20:04,1:06:00,CGK,CGK,005,10,1,1,NML,4,2025
1050.,A320,PKGTE,CTV,CTV435,CTV737,08/18:55,08/18:59,08/20:10,08/20:24,1:11:00,BPN,CGK,009,10,1,1,NML,4,2025
1051.,A320,PKSJI,SJV,SJV617,SJV616,08/19:44,08/19:48,08/20:51,08/21:02,1:02:44,BPN,BPN,012,10,1,1,NML,4,2025
1052.,B738,PKGFR,GIA,GIA326,GIA319,08/19:06,08/19:10,08/20:14,08/20:27,1:03:42,CGK,CGK,004,10,1,1,NML,4,2025
1053.,A320,PKGLG,CTV,CTV489,CTV693,08/20:17,08/20:22,08/20:57,08/21:12,0:35:00,BDJ,DPS,007,10,1,1,NML,4,2025
1054.,A320,PKGTD,CTV,CTV724,CTV354,08/19:20,08/19:24,08/20:20,08/20:34,0:56:00,CGK,UPG,003,10,0,0,NML,4,2025
1055.,B738,PKBGF,BTK,BTK6586,BTK6587,08/20:35,08/20:42,08/21:36,08/21:47,0:54:00,CGK,CGK,010,10,1,1,NML,4,2025
1056.,A320,PKLAW,BTK,BTK6137,BTK6136,08/19:57,08/20:01,08/22:17,08/22:28,2:16:00,UPG,UPG,015,10,1,1,NML,4,2025
1057.,A320,PKLUK,BTK,BTK7521,BTK7508,08/20:02,08/20:07,09/05:00,09/05:09,8:53:00,HLP,HLP,024,28,0,0,NML,4,2025
1058.,A320,PKAZP,AWQ,AWQ327,AWQ320,08/23:24,08/23:30,09/05:00,09/05:11,5:30:00,KUL,KUL,A03,28,1,1,NML,4,2025
1059.,B738,PKLKV,LNI,LNI3839,LNI878,08/19:54,08/19:58,09/05:05,09/05:15,9:07:00,PNK,AMQ,023,28,0,0,NML,4,2025
1060.,A320,PKSAE,SJV,SJV673,SJV610,08/20:41,08/20:48,09/05:00,09/05:13,8:12:00,BEJ,BPN,C04,28,0,0,NML,4,2025
1061.,B739,PKLGS,LNI,LNI681,LNI786,08/19:17,08/19:23,09/05:09,09/05:19,9:46:00,PKY,UPG,017,28,1,1,NML,4,2025
1062.,A320,PKGQC,CTV,CTV726,CTV430,08/20:53,08/20:57,09/05:07,09/05:17,8:10:00,CGK,BPN,008,28,1,1,NML,4,2025
1063.,B738,PKGFD,GIA,GIA324,GIA301,08/21:10,08/21:14,09/05:13,09/05:22,7:59:00,CGK,CGK,005,28,1,1,NML,4,2025
1064.,B739,PKLGJ,LNI,LNI690,LNI690,09/05:03,09/05:09,09/06:01,09/06:12,0:52:00,CGK,KOE,010,28,1,1,NML,4,2025
1065.,A320,PKGLY,CTV,CTV720,CTV725,08/21:26,08/21:30,09/05:44,09/05:51,8:14:00,CGK,CGK,007,28,1,1,NML,4,2025
1066.,A320,PKGTD,CTV,CTV353,CTV670,09/05:06,09/05:12,09/05:55,09/06:04,0:43:00,UPG,LOP,008,28,1,1,NML,4,2025
1067.,B739,PKLGV,LNI,LNI865,LNI882,08/19:02,08/19:06,09/05:59,09/06:11,10:53:00,LOP,UPG,025,28,0,0,NML,4,2025
1068.,A320,PKSJU,SJV,SJV615,SJV640,08/20:45,08/20:51,09/06:03,09/06:17,9:12:00,BPN,AAP,C03,28,0,0,NML,4,2025
1069.,A320,PKBKL,BTK,BTK6594,BTK6589,08/20:22,09/04:27,09/05:59,09/06:09,9:34:00,CGK,CGK,014,28,1,1,NML,4,2025
1070.,B738,PKLOR,LNI,LNI727,LNI868,08/17:55,08/17:58,09/06:05,09/06:24,12:06:27,KDI,TTE,020,28,0,0,NML,4,2025
1071.,B739,PKLHH,LNI,LNI3825,LNI266,08/21:16,08/21:21,09/06:04,09/06:22,8:43:00,LOP,BPN,012,28,1,1,NML,4,2025
1072.,A320,PKPWM,PAS,PAS212,PAS213,08/20:32,08/20:36,09/05:50,09/06:00,9:14:00,CGK,CGK,006,28,1,1,NML,4,2025
1073.,A320,PKBKY,BTK,BTK6413,BTK6412,08/20:05,08/20:11,09/06:19,09/06:27,10:08:00,DPS,DPS,022,28,0,0,NML,4,2025
1074.,A320,PKSTD,SJV,SJV727,SJV634,08/22:52,08/22:56,09/06:35,09/06:42,7:39:00,DPS,BDJ,015,28,1,1,NML,4,2025
1075.,A320,PKSJF,SJV,SJV717,SJV566,09/05:57,09/06:06,09/06:53,09/07:01,0:47:00,LOP,PLW,010,28,1,1,NML,4,2025
1076.,A320,PKSAZ,SJV,SJV619,SJV612,08/16:37,08/16:39,09/07:43,09/07:53,15:03:32,BPN,BPN,026,28,0,0,NML,4,2025
1077.,B739,PKLGY,LNI,LNI311,LNI971,09/06:20,09/06:25,09/08:14,09/08:26,1:49:00,BDJ,BTH,017,28,1,1,NML,4,2025
1078.,A320,PKLUS,BTK,BTK6588,BTK6135,08/21:32,08/21:35,09/07:24,09/07:34,9:49:00,CGK,PKN,009,28,1,1,NML,4,2025
1079.,B738,PKGFF,GIA,GIA855,GIA305,08/20:09,08/23:04,09/06:59,09/07:12,10:43:00,SIN,CGK,004,28,1,1,NML,4,2025
1080.,B738,PKGFU,GIA,GIA328,GIA854,08/20:29,08/22:47,09/07:03,09/07:25,10:30:00,CGK,SIN,A02,28,1,1,NML,4,2025
1081.,B739,PKLFF,LNI,LNI363,LNI646,09/06:15,09/06:20,09/07:23,09/07:31,1:03:00,BPN,LOP,014,28,1,1,NML,4,2025
1082.,B739,PKLGL,LNI,LNI801,LNI982,09/07:14,09/07:18,09/08:32,09/08:44,1:14:00,UPG,PKU,010,28,1,1,NML,4,2025
1083.,A320,PKLAI,BTK,BTK7511,BTK7510,09/07:03,09/07:09,09/08:06,09/08:18,0:57:00,HLP,HLP,008,28,1,1,NML,4,2025
1084.,A320,PKAZL,AWQ,AWQ325,AWQ392,08/19:13,08/19:19,09/08:10,09/08:15,12:51:00,KUL,JHB,A01,28,1,1,NML,4,2025
1085.,B739,PKLGW,LNI,LNI693,LNI693,09/06:55,09/07:01,09/07:56,09/08:05,0:55:00,KOE,CGK,012,28,1,1,NML,4,2025
1086.,A320,PKGQE,CTV,CTV170,CTV175,09/06:58,09/07:04,09/08:01,09/08:10,0:57:00,HLP,HLP,007,28,1,1,NML,4,2025
1087.,E135,T7JCI,AFS,T7JCI,T7JCI,09/06:46,09/06:50,09/07:52,09/08:02,1:02:00,CGK,CGK,A09,28,0,0,NML,4,2025
1088.,A333,BLBE,CPA,CPA779,CPA780,08/18:04,08/18:12,09/08:24,09/08:39,14:12:00,HKG,HKG,A08,28,1,1,NML,4,2025
1089.,B739,PKLQT,LNI,LNI267,LNI990,09/07:08,09/07:12,09/08:24,09/08:33,1:12:00,TRK,DPS,015,28,1,1,NML,4,2025
1090.,A320,PKGQM,CTV,CTV355,CTV171,09/07:23,09/07:28,09/08:24,09/08:30,0:56:00,UPG,HLP,006,28,1,1,NML,4,2025
1091.,A320,PKBDF,BTK,BTK6572,BTK6573,09/07:45,09/07:50,09/08:34,09/08:47,0:44:00,CGK,CGK,009,28,1,1,NML,4,2025
1092.,B738,PKLDM,MXD,MXD352,MXD353,08/19:38,08/19:44,09/08:49,09/08:58,13:05:00,KUL,KUL,A04,28,1,1,NML,4,2025
1093.,B738,PKLSF,LNI,LNI837,LNI748,09/08:17,09/08:22,09/09:16,09/09:26,0:54:00,PNK,MDC,014,28,1,1,NML,4,2025
1094.,A339,PKLEQ,LNI,LNI107,LNI078,08/16:19,08/16:27,09/08:35,09/08:55,16:08:00,JED,MED,A06,28,1,1,NML,4,2025
1095.,A320,PKLUW,BTK,BTK6221,BTK6391,08/19:49,08/19:53,09/08:55,09/09:05,13:01:37,BPN,CGK,021,28,0,0,NML,4,2025
1096.,A320,PKSTC,SJV,SJV613,SJV618,08/20:50,08/20:55,09/09:08,09/09:21,12:13:00,BPN,BPN,016,28,1,1,NML,4,2025
1097.,B739,PKLGR,LNI,LNI683,LNI682,09/08:10,09/08:15,09/09:11,09/09:23,0:56:00,PKY,PKY,022,28,0,0,NML,4,2025
1098.,B738,PKGNM,GIA,GIA304,GIA342,09/08:44,09/08:52,09/09:49,09/10:06,0:57:00,CGK,DPS,004,10,1,1,NML,4,2025
1099.,A320,PKPWK,PAS,PAS200,PAS201,09/08:51,09/08:56,09/09:35,09/09:48,0:39:00,CGK,CGK,005,10,1,1,NML,4,2025
1100.,A320,PKGTD,CTV,CTV671,CTV486,09/08:37,09/08:43,09/09:24,09/09:35,0:41:00,LOP,BDJ,006,10,1,1,NML,4,2025
1101.,A320,PKSAE,SJV,SJV611,SJV642,09/08:42,09/08:47,09/09:55,09/10:10,1:08:00,BPN,AAP,012,10,1,1,NML,4,2025
1102.,A320,PKSJR,SJV,SJV649,SJV702,09/07:58,09/08:05,09/09:37,09/09:51,1:32:00,BPN,DPS,020,10,0,0,NML,4,2025
1103.,B739,PKLGO,LNI,LNI3823,LNI222,08/20:13,09/04:23,09/10:01,09/10:18,13:43:00,LOP,BDJ,018,10,0,1,NML,4,2025
1104.,B737MAX,9MMVK,MAS,MAS871,MAS870,09/09:12,09/09:20,09/10:08,09/10:22,0:48:00,KUL,KUL,A07,10,1,1,NML,4,2025
1105.,B733F,PKMYV,MYU,MYU935,MYU815,09/09:01,09/09:06,09/09:42,09/09:53,0:35:41,SRG,CGK,C02,10,0,0,NML,4,2025
1106.,A320,PKGQR,CTV,CTV690,CTV460,09/09:49,09/09:53,09/10:35,09/10:45,0:41:40,DPS,AAP,008,10,1,1,NML,4,2025
1107.,B735,PKNAT,LKN,LKN243,LKN242,09/09:19,09/09:23,09/10:01,09/10:14,0:38:00,SMQ,SMQ,010,10,1,1,NML,4,2025
1108.,A359,9VSHN,SIA,SIA922,SIA923,09/09:07,09/09:14,09/10:19,09/10:30,1:05:00,SIN,SIN,A08,10,1,1,NML,4,2025
1109.,A320,PKSTD,SJV,SJV635,SJV632,09/09:40,09/09:44,09/10:53,09/11:03,1:08:52,BDJ,BDJ,009,10,1,1,NML,4,2025
1110.,A320,PKGQJ,CTV,CTV351,CTV350,09/09:31,09/09:33,09/10:16,09/10:26,0:43:05,UPG,UPG,006,28,1,1,NML,4,2025
1111.,B739,PKLSW,LNI,LNI315,LNI856,09/10:34,09/10:38,09/11:25,09/11:38,0:46:58,BDJ,PLM,017,10,1,1,NML,4,2025
1112.,A320,9VTRT,TGW,TGW296,TGW297,09/10:20,09/10:26,09/11:20,09/12:20,0:53:57,SIN,SIN,A02,10,1,1,NML,4,2025
1113.,B739,PKLGV,LNI,LNI791,LNI706,09/09:45,09/09:49,09/10:54,09/11:05,1:04:53,UPG,UPG,015,10,1,1,NML,4,2025
1114.,A320,PKGLX,CTV,CTV417,CTV715,09/09:37,09/09:41,09/10:28,09/10:41,0:46:44,PNK,CGK,007,10,1,1,NML,4,2025
1115.,B739,PKLHH,LNI,LNI367,LNI262,09/10:11,09/10:15,09/11:09,09/11:20,0:53:21,BPN,BPN,014,10,1,1,NML,4,2025
1116.,A320,PKPWM,PAS,PAS210,PAS211,09/09:57,09/10:00,09/10:41,09/10:54,0:40:28,CGK,CGK,005,10,1,1,NML,4,2025
1117.,A320,PKLUS,BTK,BTK6134,BTK7516,09/10:04,09/10:09,09/11:10,09/11:30,1:01:00,PKN,HLP,020,10,0,0,NML,4,2025
1118.,A320,PKLUP,BTK,BTK7513,BTK6346,09/10:08,09/10:11,09/11:10,09/11:22,0:59:00,HLP,BEJ,012,10,1,1,NML,4,2025
1119.,B739,PKLQR,LNI,LNI970,LNI973,09/10:01,09/10:04,09/11:00,09/11:25,0:55:42,BTH,BTH,016,10,1,1,NML,4,2025
1120.,B739,PKLSI,LNI,LNI694,LNI822,09/13:33,09/13:37,09/14:27,09/14:38,0:50:00,CGK,LOP,012,10,1,1,NML,4,2025
1121.,B739,PKLFF,LNI,LNI645,LNI694,09/10:23,09/10:27,09/11:45,09/11:55,1:18:00,LOP,KOE,022,10,0,0,NML,4,2025
1122.,B739,PKLGJ,LNI,LNI697,LNI697,09/10:41,09/10:45,09/11:59,09/12:09,1:14:00,KOE,CGK,018,10,0,0,NML,4,2025
1123.,A320,PKAZP,AWQ,AWQ321,AWQ322,09/10:28,09/10:33,09/11:08,09/11:18,0:35:00,KUL,KUL,A01,10,1,1,NML,4,2025
1124.,B738,PKGMP,GIA,GIA322,GIA327,09/10:17,09/10:21,09/11:29,09/11:41,1:08:00,CGK,CGK,004,10,1,1,NML,4,2025
1125.,A320,PKLAI,BTK,BTK7517,BTK7520,09/11:25,09/11:29,09/12:17,09/12:30,0:48:00,HLP,HLP,010,10,1,1,NML,4,2025
1126.,B738MAX,PKLZO,MXD,MXD350,MXD351,09/10:37,09/10:42,09/11:31,09/11:40,0:49:00,KUL,KUL,A03,10,1,1,NML,4,2025
1127.,A320,9VTRT,TGW,TGW297A,TGW297D,09/11:22,09/11:30,09/12:12,09/12:22,0:42:00,SIN,SIN,A02,10,1,1,NML,4,2025
1128.,A320,PKLZH,BTK,BTK6582,BTK6581,09/11:51,09/11:55,09/12:35,09/12:47,0:40:55,CGK,CGK,012,10,1,1,NML,4,2025
1129.,A320,PKSTD,SJV,SJV633,SJV636,09/14:19,09/14:23,09/15:23,09/15:40,1:00:00,BDJ,BDJ,021,10,0,0,NML,4,2025
1130.,B739,PKLQT,LNI,LNI805,LNI680,09/11:15,09/11:20,09/12:41,09/12:52,1:21:00,DPS,PKY,015,10,1,1,NML,4,2025
1131.,B735,PKNAS,LKN,LKN193,LKN192,09/11:58,09/12:02,09/12:40,09/12:50,0:37:41,PKN,PKN,009,10,1,1,NML,4,2025
1132.,A320,PKGTD,CTV,CTV487,CTV698,09/12:06,09/12:10,09/13:14,09/13:27,1:04:00,BDJ,DPS,007,10,1,1,NML,4,2025
1133.,A320,PKBDF,BTK,BTK6596,BTK6595,09/12:25,09/12:28,09/13:37,09/13:54,1:09:00,CGK,CGK,008,10,1,1,NML,4,2025
1134.,A320,PKPWL,PAS,PAS204,PAS205,09/11:52,09/11:56,09/13:16,09/13:28,1:20:00,CGK,CGK,005,10,1,1,NML,4,2025
1135.,A320,PKAZL,AWQ,AWQ393,AWQ324,09/13:00,09/13:05,09/13:42,09/13:49,0:37:00,JHB,KUL,A01,10,1,1,NML,4,2025
1136.,B738,PKLOR,LNI,LNI869,LNI722,09/12:31,09/12:35,09/13:51,09/14:01,1:15:58,TTE,KDI,014,10,1,1,NML,4,2025
1137.,B739,PKLGL,LNI,LNI983,LNI780,09/14:03,09/14:07,09/15:12,09/15:37,1:05:00,PKU,UPG,018,10,0,0,NML,4,2025
1138.,B739,PKLHL,LNI,LNI787,LNI686,09/13:39,09/13:43,09/14:37,09/14:49,0:54:00,UPG,PKY,015,10,1,1,NML,4,2025
1139.,B738,PKLKP,LNI,LNI839,LNI836,09/12:57,09/13:00,09/14:04,09/14:13,1:04:00,PNK,PNK,016,10,1,1,NML,4,2025
1140.,A320,PKGQR,CTV,CTV461,CTV668,09/14:23,09/14:27,09/15:03,09/15:14,0:36:00,AAP,DPS,008,10,1,1,NML,4,2025
1141.,A320,PKSTC,SJV,SJV619,SJV726,09/17:09,09/17:12,09/18:08,09/18:23,0:56:00,BPN,LBJ,009,10,1,1,NML,4,2025
1142.,A320,PKSJF,SJV,SJV567,SJV2642,09/11:36,09/11:39,09/14:27,09/14:36,2:48:00,PLW,AAP,020,10,0,0,NML,4,2025
1143.,A320,PKGQC,CTV,CTV431,CTV948,09/13:42,09/13:46,09/14:31,09/14:42,0:45:00,BPN,BTH,009,10,1,1,NML,4,2025
1144.,B738,PKGFM,GIA,GIA312,GIA317,09/14:11,09/14:14,09/15:13,09/15:38,0:59:00,CGK,CGK,006,10,1,1,NML,4,2025
1145.,B739,PKLGO,LNI,LNI223,LNI260,09/13:52,09/13:57,09/15:00,09/15:10,1:03:00,BDJ,BPN,017,10,1,1,NML,4,2025
1146.,A320,9VJSI,JSA,JSA247,JSA248,09/14:15,09/14:21,09/15:13,09/15:35,0:52:00,SIN,SIN,A07,10,1,1,NML,4,2025
1147.,A320,PKLAY,BTK,BTK7515,BTK7514,09/14:07,09/14:10,09/15:12,09/15:33,1:02:00,HLP,HLP,010,10,1,1,NML,4,2025
1148.,A320,PKPWE,PAS,PAS208,PAS209,09/13:47,09/13:51,09/14:59,09/15:12,1:08:00,CGK,CGK,007,10,1,1,NML,4,2025
1149.,B738,PKGMV,GIA,GIA330,GIA331,09/13:59,09/14:04,09/15:10,09/15:30,1:06:00,HLP,HLP,005,10,1,1,NML,4,2025
1150.,B739,PKLGV,LNI,LNI707,LNI800,09/14:47,09/14:50,09/15:51,09/16:00,1:01:00,UPG,UPG,016,10,1,1,NML,4,2025
1151.,B739,PKLHH,LNI,LNI261,LNI642,09/15:06,09/15:10,09/16:01,09/16:10,0:51:00,BPN,LOP,015,10,1,1,NML,4,2025
1152.,A320,PKLUI,BTK,BTK6406,BTK6220,09/15:28,09/15:33,09/16:28,09/16:40,0:55:00,CGK,BPN,009,10,1,1,NML,4,2025
1153.,B738,PKLSF,LNI,LNI749,LNI581,09/15:21,09/15:25,09/16:40,09/16:48,1:15:00,MDC,CGK,022,10,0,0,NML,4,2025
1154.,A320,PKGLG,CTV,CTV699,CTV434,09/15:16,09/15:21,09/16:02,09/16:15,0:41:00,DPS,BPN,005,10,1,1,NML,4,2025
1155.,A320,PKSJF,SJV,SJV2643,SJV614,09/18:21,09/18:25,09/19:31,09/20:30,1:06:00,AAP,BPN,021,10,0,0,NML,4,2025
1156.,A320,PKLUZ,BTK,BTK7501,BTK7512,09/14:41,09/14:43,09/15:47,09/15:58,1:04:00,HLP,HLP,014,10,1,1,NML,4,2025
1157.,B738,9MMXN,MAS,MAS873,MAS872,09/15:31,09/15:37,09/16:29,09/16:38,0:52:00,KUL,KUL,A07,10,1,1,NML,4,2025
1158.,A320,PKLUP,BTK,BTK6347,BTK6401,09/15:50,09/15:53,09/17:00,09/17:13,1:07:00,BEJ,CGK,010,10,1,1,NML,4,2025
1159.,A320,PKSJU,SJV,SJV643,SJV672,09/18:03,09/18:07,09/19:10,09/19:27,1:03:00,AAP,BEJ,010,10,1,1,NML,4,2025
1160.,B738,PKLKV,LNI,LNI879,LNI3838,09/15:08,09/15:12,09/16:30,09/16:42,1:18:00,AMQ,PNK,020,10,0,0,NML,4,2025
1161.,B739,PKLQT,LNI,LNI681,LNI316,09/15:47,09/15:51,09/16:43,09/16:56,0:52:00,PKY,BDJ,017,10,1,1,NML,4,2025
1162.,B738MAX,9VMBA,SIA,SIA926,SIA927,09/15:56,09/16:01,09/16:55,09/17:04,0:54:00,SIN,SIN,A08,10,1,1,NML,4,2025
1163.,B738,PKGMP,GIA,GIA310,GIA315,09/15:23,09/15:26,09/16:38,09/16:53,1:12:00,CGK,CGK,006,10,1,1,NML,4,2025
1164.,B738,PKGUC,GIA,GIA290,GIA291,09/13:36,09/13:40,09/16:33,09/16:46,2:53:00,CGK,CGK,004,10,1,1,NML,4,2025
1165.,A320,PKGQE,CTV,CTV174,CTV418,09/15:42,09/15:45,09/16:34,09/16:44,0:49:00,HLP,PNK,007,10,1,1,NML,4,2025
1166.,B739,PKLFF,LNI,LNI695,LNI268,09/16:21,09/16:25,09/18:37,09/18:51,2:12:00,KOE,TRK,014,10,1,1,NML,4,2025
1167.,A320,PKPWJ,PAS,PAS206,PAS623,09/16:03,09/16:06,09/16:46,09/16:58,0:40:00,CGK,BPN,005,10,1,1,NML,4,2025
1168.,A320,PKGQK,CTV,CTV495,CTV721,09/16:06,09/16:09,09/16:56,09/17:05,0:47:00,BDJ,CGK,008,10,1,1,NML,4,2025
1169.,B739,PKLJI,LNI,LNI692,LNI692,09/17:01,09/17:05,09/17:54,09/18:05,0:49:00,CGK,KOE,15B,10,0,0,NML,4,2025
1170.,B738,PKLKQ,LNI,LNI709,LNI884,09/16:08,09/16:12,09/17:08,09/17:20,0:56:00,UPG,UPG,016,10,1,1,NML,4,2025
1171.,A320,PKGTD,CTV,CTV669,CTV488,09/16:13,09/16:17,09/16:59,09/17:10,0:42:00,DPS,BDJ,003,10,0,0,NML,4,2025
1172.,B739,PKLSI,LNI,LNI823,LNI226,09/17:27,09/17:31,09/18:25,09/18:35,0:54:00,LOP,BDJ,017,10,1,1,NML,4,2025
1173.,A320,PKAZP,AWQ,AWQ323,AWQ326,09/16:54,09/16:58,09/17:35,09/17:43,0:37:00,KUL,KUL,A03,10,1,1,NML,4,2025
1174.,A320,PKGLV,CTV,CTV718,CTV719,09/16:51,09/16:55,09/17:54,09/18:09,0:59:00,CGK,CGK,006,10,1,1,NML,4,2025
1175.,B739,PKLSW,LNI,LNI857,LNI3822,09/15:45,09/15:47,09/18:06,09/18:19,2:19:00,PLM,LOP,012,10,1,1,NML,4,2025
1176.,B739,PKLHL,LNI,LNI687,LNI3318,09/17:23,09/17:26,09/18:43,09/18:55,1:17:00,PKY,BDJ,15A,10,0,0,NML,4,2025
1177.,A320,PKSJH,SJV,SJV723,SJV708,09/18:41,09/18:48,09/19:42,09/19:52,0:54:00,DPS,DPS,15B,10,0,0,NML,4,2025
1178.,A320,PKPWM,PAS,PAS622,PAS207,09/17:19,09/17:22,09/18:25,09/18:39,1:03:00,BPN,CGK,005,10,1,1,NML,4,2025
1179.,B738,PKGNM,GIA,GIA349,GIA313,09/18:00,09/18:04,09/19:04,09/19:21,1:00:00,DPS,CGK,006,10,1,1,NML,4,2025
1180.,A320,PKSTD,SJV,SJV637,SJV716,09/19:02,09/19:06,09/20:00,09/20:13,0:54:00,BDJ,LOP,15A,10,0,0,NML,4,2025
1181.,A320,PKLUS,BTK,BTK7503,BTK7502,09/18:17,09/18:21,09/19:16,09/19:33,0:55:00,HLP,HLP,009,10,1,1,NML,4,2025
1182.,B738,PKCRH,SJY,SJY567,SJY562,09/18:24,09/18:27,09/19:19,09/19:36,0:52:00,UPG,UPG,012,10,1,1,NML,4,2025
1183.,B738,PKLOR,LNI,LNI727,LNI838,09/18:11,09/18:14,09/19:31,09/19:43,1:17:00,KDI,PNK,016,10,1,1,NML,4,2025
1184.,B738,PKGNC,GIA,GIA320,GIA325,09/17:56,09/18:01,09/19:02,09/19:18,1:01:00,CGK,CGK,004,10,1,1,NML,4,2025
1185.,B738MAX,9VMBG,SIA,SIA928,SIA929,09/18:49,09/18:55,09/19:53,09/20:04,0:58:00,SIN,SIN,A07,10,1,1,NML,4,2025
1186.,B738,PKLZV,BTK,BTK6576,BTK6575,09/18:59,09/19:03,09/20:05,09/20:15,1:02:00,CGK,CGK,014,10,1,1,NML,4,2025
1187.,A320,PKGQS,CTV,CTV949,CTV494,09/18:38,09/18:41,09/19:30,09/19:45,0:49:00,BTH,BDJ,008,10,1,1,NML,4,2025
1188.,A320,PKGLX,CTV,CTV736,CTV352,09/18:33,09/18:36,09/19:26,09/19:39,0:50:00,CGK,UPG,007,10,1,1,NML,4,2025
1189.,A320,PKGLY,CTV,CTV489,CTV693,09/19:07,09/19:12,09/19:48,09/19:58,0:36:00,BDJ,DPS,006,10,1,1,NML,4,2025
1190.,A320,PKLUZ,BTK,BTK7519,BTK7518,09/18:56,09/19:02,09/19:51,09/20:08,0:49:00,HLP,HLP,017,10,1,1,NML,4,2025
1191.,B739,PKLGY,LNI,LNI972,LNI880,09/18:07,09/18:12,09/20:47,09/21:03,2:35:00,BTH,UPG,020,10,0,0,NML,4,2025
1192.,A320,PKPWK,PAS,PAS202,PAS203,09/18:53,09/18:57,09/19:43,09/19:53,0:46:00,CGK,CGK,005,10,1,1,NML,4,2025
1193.,A320,PKGLG,CTV,CTV435,CTV737,09/19:36,09/19:48,09/20:33,09/20:43,0:45:00,BPN,CGK,003,10,0,0,NML,4,2025
1194.,B738,PKGFX,GIA,GIA326,GIA319,09/19:19,09/19:24,09/20:13,09/20:30,0:49:00,CGK,CGK,004,10,1,1,NML,4,2025
1195.,A320,PKGQM,CTV,CTV172,CTV173,09/19:23,09/19:29,09/20:11,09/20:25,0:42:00,HLP,HLP,007,10,1,1,NML,4,2025
1196.,A320,PKGQT,CTV,CTV724,CTV354,09/19:31,09/19:33,09/20:23,09/20:37,0:50:00,CGK,UPG,009,10,1,1,NML,4,2025
1197.,B738,PKLBW,BTK,BTK6586,BTK6587,09/20:07,09/20:11,09/21:04,09/21:20,0:53:00,CGK,CGK,010,10,1,1,NML,4,2025
1198.,A320,PKBKR,BTK,BTK6137,BTK6136,09/22:32,09/22:35,09/23:31,09/23:44,0:56:00,UPG,UPG,010,10,1,1,NML,4,2025
1199.,B738,PKLKV,LNI,LNI3839,LNI878,09/20:23,09/20:28,10/04:59,10/05:10,8:31:00,PNK,AMQ,018,28,0,0,NML,4,2025
1200.,A320,PKLAF,BTK,BTK6588,BTK7508,09/21:58,09/22:02,10/04:57,10/05:06,6:55:00,CGK,HLP,014,28,1,1,NML,4,2025
1201.,A320,PKSJU,SJV,SJV673,SJV610,09/23:37,09/23:41,10/05:00,10/05:17,5:19:00,BEJ,BPN,010,28,1,1,NML,4,2025
1202.,A320,PKAZL,AWQ,AWQ325,AWQ320,09/19:26,09/19:30,10/05:02,10/05:14,9:32:00,KUL,KUL,A01,28,1,1,NML,4,2025
1203.,B739,PKLHH,LNI,LNI865,LNI786,09/18:46,10/03:18,10/05:14,10/05:24,10:23:00,LOP,UPG,025,28,0,0,NML,4,2025
1204.,A320,PKGQK,CTV,CTV720,CTV430,09/20:19,09/20:23,10/05:00,10/05:12,8:37:00,CGK,BPN,007,28,1,1,NML,4,2025
1205.,B738,PKGUC,GIA,GIA328,GIA301,09/20:28,09/20:32,10/05:04,10/05:19,8:32:00,CGK,CGK,004,28,1,1,NML,4,2025
1206.,A320,PKLUI,BTK,BTK6221,BTK6132,09/20:10,09/20:15,10/05:23,10/05:35,9:08:00,BPN,LOP,023,28,0,0,NML,4,2025
1207.,B739,PKLSO,LNI,LNI690,LNI690,10/05:02,10/05:09,10/05:57,10/06:15,0:48:00,CGK,KOE,012,28,1,1,NML,4,2025
1208.,A320,PKGQG,CTV,CTV726,CTV725,09/19:51,09/19:54,10/05:41,10/05:53,9:47:00,CGK,CGK,005,28,1,1,NML,4,2025
1209.,B738,PKLKQ,LNI,LNI883,LNI868,09/20:57,09/21:01,10/06:05,10/06:19,9:04:00,UPG,TTE,15B,28,0,0,NML,4,2025
1210.,A320,PKGLX,CTV,CTV353,CTV484,10/05:08,10/05:15,10/05:57,10/06:27,0:42:00,UPG,BDJ,007,28,1,1,NML,4,2025
1211.,A320,PKBKV,BTK,BTK6594,BTK6589,09/21:21,09/21:26,10/06:07,10/06:25,8:41:00,CGK,CGK,017,28,1,1,NML,4,2025
1212.,B739,PKLSW,LNI,LNI3823,LNI882,09/20:41,09/20:46,10/06:10,10/06:29,9:24:00,LOP,UPG,15A,28,0,0,NML,4,2025
1213.,A320,PKSAE,SJV,SJV641,SJV640,09/14:44,09/14:47,10/06:17,10/06:31,15:30:00,AAP,AAP,026,28,0,0,NML,4,2025
1214.,A320,V8RBA,RBA,RBA795,RBA796,09/19:54,09/19:59,10/05:51,10/06:00,9:52:00,BWN,BWN,A06,28,1,1,NML,4,2025
1215.,B739,PKLHL,LNI,LNI3319,LNI266,09/21:50,09/21:56,10/06:02,10/06:24,8:06:00,DPS,BPN,C05,28,0,0,NML,4,2025
1216.,A320,PKAZP,AWQ,AWQ327,AWQ386,09/23:13,09/23:18,10/05:53,10/06:04,6:35:00,KUL,PEN,A03,28,1,1,NML,4,2025
1217.,A320,PKPWG,PAS,PAS212,PAS213,09/20:33,09/20:37,10/06:00,10/06:17,9:23:58,CGK,CGK,009,28,1,1,NML,4,2025
1218.,A320,PKBKY,BTK,BTK6413,BTK6412,09/21:38,09/21:42,10/06:23,10/06:35,8:41:00,DPS,DPS,022,28,0,0,NML,4,2025
1219.,A320,PKSJH,SJV,SJV727,SJV634,09/22:17,09/22:21,10/06:30,10/06:40,8:09:00,DPS,BDJ,016,28,1,1,NML,4,2025
1220.,B738MAX,PKOFM,AFE,AFE921,AFE921,10/05:26,10/05:32,10/06:19,10/06:32,0:47:00,CGK,TIM,004,28,1,1,NML,4,2025
1221.,A320,PKSTC,SJV,SJV725,SJV566,09/21:33,09/21:39,10/07:02,10/07:13,9:23:00,LBJ,PLW,020,28,0,0,NML,4,2025
1222.,B739,PKLSI,LNI,LNI311,LNI971,10/05:58,10/06:04,10/07:10,10/07:17,1:06:00,BDJ,BTH,014,28,1,1,NML,4,2025
1223.,A320,PKLAI,BTK,BTK7521,BTK6135,09/21:01,09/21:05,10/07:35,10/07:45,10:30:00,HLP,PKN,008,28,1,1,NML,4,2025
1224.,C208,PKVVO,SUS,SUS6197,PKVVO,09/11:27,09/11:32,10/09:53,10/09:58,22:21:00,BXW,BXW,C07,10,0,0,NML,4,2025
1225.,A320,PKSTD,SJV,SJV717,SJV612,10/05:55,10/06:05,10/07:05,10/07:14,1:00:00,LOP,BPN,010,28,1,1,NML,4,2025
1226.,B738,PKGMF,GIA,GIA324,GIA305,09/20:51,09/20:55,10/06:57,10/07:10,10:02:00,CGK,CGK,006,28,1,1,NML,4,2025
1227.,B738,PKGFU,GIA,GIA855,GIA854,09/20:53,09/20:58,10/06:53,10/07:06,9:55:00,SIN,SIN,A02,28,1,1,NML,4,2025
1228.,B739,PKLGY,LNI,LNI801,LNI856,10/06:44,10/06:49,10/07:50,10/07:59,1:01:00,UPG,PLM,017,28,1,1,NML,4,2025
1229.,B739,PKLHM,LNI,LNI363,LNI646,10/06:21,10/06:28,10/07:30,10/07:38,1:02:00,BPN,LOP,012,28,1,1,NML,4,2025
1230.,A320,PKLUS,BTK,BTK7511,BTK7510,10/06:38,10/06:45,10/07:31,10/07:39,0:46:00,HLP,HLP,009,28,1,1,NML,4,2025
1231.,A320,PKGLY,CTV,CTV690,CTV460,10/06:53,10/07:01,10/07:45,10/07:56,0:44:00,DPS,AAP,004,28,1,1,NML,4,2025
1232.,B739,PKLJI,LNI,LNI693,LNI693,10/06:46,10/06:51,10/07:53,10/08:08,1:02:00,KOE,CGK,015,28,1,1,NML,4,2025
1233.,B739,PKLGV,LNI,LNI885,LNI982,09/19:34,09/19:38,10/07:52,10/08:05,12:14:00,UPG,PKU,024,28,0,0,NML,4,2025
1234.,A21N,B32L3,CSN,CSN8137,CSN8138,09/21:27,09/21:39,10/07:48,10/08:01,10:09:00,CAN,CAN,A07,28,1,1,NML,4,2025
1235.,A320,PKGQM,CTV,CTV170,CTV175,10/06:58,10/07:05,10/07:58,10/08:13,0:53:00,HLP,HLP,005,28,1,1,NML,4,2025
1236.,A320,PKGLU,CTV,CTV712,CTV713,10/07:04,10/07:14,10/08:11,10/08:22,0:57:00,CGK,CGK,007,28,1,1,NML,4,2025
1237.,A333,BHLN,CPA,CPA779,CPA780,09/17:49,09/17:58,10/08:11,10/08:24,14:13:00,HKG,HKG,A08,28,1,1,NML,4,2025
1238.,A320,PKLUO,BTK,BTK6572,BTK6573,10/07:43,10/07:49,10/08:43,10/08:54,0:54:00,CGK,CGK,010,28,1,1,NML,4,2025
"1239.,DHC6,PKICP,PGT,PKICP,PKICP,08/11:06,08/11:08,10/08:32,10/08:39,""1 day, 21:24:00"",PAG,PAG,028,28,0,0,NML,4,2025"
1240.,B738,PKLDM,MXD,MXD352,MXD353,09/19:15,09/19:21,10/08:45,10/08:55,13:24:00,KUL,KUL,A04,28,1,1,NML,4,2025
1241.,B739,PKLQT,LNI,LNI315,LNI222,10/07:58,10/08:03,10/09:05,10/09:15,1:02:00,BDJ,BDJ,018,28,0,0,NML,4,2025
1242.,B738,PKLOR,LNI,LNI837,LNI748,10/08:11,10/08:16,10/09:17,10/09:29,1:01:00,PNK,MDC,014,10,1,1,NML,4,2025
1243.,A320,PKLUI,BTK,BTK6133,BTK6391,10/08:03,10/08:09,10/08:58,10/09:08,0:49:00,LOP,CGK,009,28,1,1,NML,4,2025
1244.,A320,PKGQL,CTV,CTV355,CTV171,10/07:54,10/08:01,10/08:49,10/09:00,0:48:00,UPG,HLP,006,28,1,1,NML,4,2025
1245.,B739,PKLHR,LNI,LNI683,LNI990,10/08:41,10/08:45,10/09:48,10/10:02,1:03:00,PKY,DPS,020,10,0,0,NML,4,2025
1246.,A320,PKSAF,SJV,SJV649,SJV618,10/07:48,10/07:53,10/09:00,10/09:10,1:07:00,BPN,BPN,012,28,1,1,NML,4,2025
1247.,B739,PKLFF,LNI,LNI267,LNI682,10/07:08,10/07:16,10/09:54,10/10:04,2:38:00,TRK,PKY,016,10,1,1,NML,4,2025
1248.,B738,PKGNM,GIA,GIA304,GIA342,10/08:15,10/08:25,10/09:24,10/09:36,0:59:00,CGK,DPS,007,10,1,1,NML,4,2025
1249.,A320,PKPWK,PAS,PAS200,PAS201,10/08:06,10/08:13,10/09:17,10/09:31,1:04:00,CGK,CGK,004,10,1,1,NML,4,2025
1250.,A320,PKGLX,CTV,CTV485,CTV486,10/08:57,10/09:04,10/09:41,10/09:53,0:37:00,BDJ,BDJ,005,10,1,1,NML,4,2025
1251.,A320,PKSJU,SJV,SJV611,SJV642,10/08:38,10/08:43,10/09:45,10/09:54,1:02:00,BPN,AAP,022,28,0,0,NML,4,2025
1252.,A320,PKSJF,SJV,SJV617,SJV706,09/23:09,09/23:12,10/09:37,10/09:47,10:25:00,BPN,DPS,021,10,0,0,NML,4,2025
1253.,B738,9MMXD,MAS,MAS871,MAS870,10/09:12,10/09:15,10/10:03,10/10:17,0:48:00,KUL,KUL,A07,10,1,1,NML,4,2025
1254.,B733F,PKMYV,MYU,MYU935,MYU815,10/08:51,10/08:54,10/09:31,10/09:39,0:37:00,SRG,CGK,C02,10,0,0,NML,4,2025
1255.,A320,PKGQC,CTV,CTV722,CTV723,10/09:16,10/09:23,10/10:14,10/10:25,0:51:00,CGK,CGK,006,10,1,1,NML,4,2025
1256.,A359,9VSHS,SIA,SIA922,SIA923,10/09:02,10/09:08,10/10:12,10/10:28,1:04:00,SIN,SIN,A08,10,1,1,NML,4,2025
1257.,A320,PKGLR,CTV,CTV351,CTV350,10/09:49,10/09:53,10/10:35,10/10:47,0:42:00,UPG,UPG,007,10,1,1,NML,4,2025
1258.,A320,PKSJH,SJV,SJV635,SJV632,10/09:22,10/09:31,10/10:27,10/10:39,0:56:00,BDJ,BDJ,012,10,1,1,NML,4,2025
1259.,B739,PKLHO,LNI,LNI791,LNI706,10/10:22,10/10:25,10/11:33,10/11:44,1:08:00,UPG,UPG,017,10,1,1,NML,4,2025
1260.,A20N,9VTNG,TGW,TGW296,TGW297,10/10:00,10/10:05,10/11:00,10/11:10,0:55:00,SIN,SIN,A02,10,1,1,NML,4,2025
1261.,A320,PKGTK,CTV,CTV417,CTV715,10/09:45,10/09:49,10/10:37,10/10:51,0:48:00,PNK,CGK,005,10,1,1,NML,4,2025
1262.,A320,PKPWG,PAS,PAS210,PAS211,10/09:26,10/09:33,10/10:30,10/10:42,0:57:00,CGK,CGK,004,10,1,1,NML,4,2025
1263.,B739,PKLQR,LNI,LNI970,LNI973,10/09:41,10/09:45,10/10:51,10/11:01,1:06:00,BTH,BTH,015,10,1,1,NML,4,2025
1264.,A320,PKLAI,BTK,BTK6134,BTK6346,10/10:15,10/10:20,10/11:14,10/11:26,0:54:00,PKN,BEJ,020,10,0,0,NML,4,2025
1265.,A320,PKLUK,BTK,BTK7513,BTK7516,10/10:10,10/10:14,10/10:59,10/11:07,0:45:00,HLP,HLP,009,10,1,1,NML,4,2025
1266.,EMB505,T7HKG,RJP,T7HKG,T7HKG,10/07:53,10/07:55,10/11:31,10/11:36,3:36:00,HLP,LOP,A09,10,0,0,NML,4,2025
1267.,B739,PKLHM,LNI,LNI645,LNI822,10/10:19,10/10:24,10/11:18,10/11:27,0:54:00,LOP,LOP,021,10,0,0,NML,4,2025
1268.,B739,PKLSR,LNI,LNI694,LNI694,10/10:26,10/10:30,10/11:23,10/11:34,0:53:00,CGK,KOE,016,10,1,1,NML,4,2025
1269.,A320,PKAZL,AWQ,AWQ321,AWQ322,10/10:45,10/10:50,10/11:22,10/11:30,0:32:00,KUL,KUL,A03,10,1,1,NML,4,2025
1270.,B739,PKLSO,LNI,LNI697,LNI262,10/10:36,10/10:41,10/11:50,10/12:00,1:09:00,KOE,BPN,018,10,0,0,NML,4,2025
1271.,B739,PKLHL,LNI,LNI367,LNI697,10/09:57,10/10:00,10/11:27,10/11:39,1:27:00,BPN,CGK,014,10,1,1,NML,4,2025
1272.,A320,PKLUZ,BTK,BTK7517,BTK7520,10/10:32,10/10:35,10/11:41,10/11:51,1:06:00,HLP,HLP,010,10,1,1,NML,4,2025
1273.,B738MAX,9MLRM,MXD,MXD350,MXD351,10/10:59,10/11:05,10/11:51,10/12:06,0:46:00,KUL,KUL,A04,10,1,1,NML,4,2025
1274.,A320,PKGLY,CTV,CTV461,CTV698,10/11:24,10/11:28,10/12:10,10/12:20,0:42:00,AAP,DPS,006,10,1,1,NML,4,2025
1275.,A320,PKSJL,SJV,SJV363,SJV362,10/10:52,10/10:56,10/12:02,10/12:15,1:06:00,KNO,KNO,023,10,0,0,NML,4,2025
1276.,A320,PKBLD,BTK,BTK6582,BTK6581,10/11:57,10/12:00,10/12:46,10/12:59,0:46:00,CGK,CGK,009,10,1,1,NML,4,2025
1277.,B738,PKGFP,GIA,GIA322,GIA327,10/11:29,10/11:33,10/12:37,10/12:48,1:04:00,CGK,CGK,008,10,1,1,NML,4,2025
1278.,A320,PKGQE,CTV,CTV9692,CTV9693,10/11:32,10/11:38,10/12:24,10/12:37,0:46:00,DPS,DPS,007,10,1,1,NML,4,2025
1279.,A320,PKSTC,SJV,SJV567,SJV636,10/11:41,10/11:47,10/12:36,10/12:46,0:49:00,PLW,BDJ,012,10,1,1,NML,4,2025
1280.,B739,PKLHR,LNI,LNI805,LNI780,10/12:56,10/12:59,10/13:53,10/14:03,0:54:00,DPS,UPG,012,10,1,1,NML,4,2025
1281.,B739,PKLQT,LNI,LNI223,LNI680,10/12:22,10/12:26,10/13:30,10/13:45,1:04:45,BDJ,PKY,016,10,1,1,NML,4,2025
"1282.,A339,PKLEJ,LNI,LNI105,LNI074,08/19:33,08/19:41,10/12:37,10/12:54,""1 day, 16:56:00"",JED,MED,A05,10,1,1,NML,4,2025"
1283.,A320,PKLUO,BTK,BTK6596,BTK6595,10/12:51,10/12:55,10/13:40,10/13:56,0:45:00,CGK,CGK,010,10,1,1,NML,4,2025
1284.,B738,PKLKQ,LNI,LNI869,LNI722,10/12:09,10/12:11,10/13:25,10/13:42,1:14:39,TTE,KDI,014,10,1,1,NML,4,2025
1285.,A320,PKAZP,AWQ,AWQ387,AWQ324,10/12:13,10/12:18,10/13:19,10/13:29,1:01:10,PEN,KUL,A03,10,1,1,NML,4,2025
1286.,A320,PKPWA,PAS,PAS204,PAS205,10/12:03,10/12:06,10/13:22,10/13:35,1:16:45,CGK,CGK,005,10,1,1,NML,4,2025
1287.,A320,PKGLX,CTV,CTV487,CTV668,10/12:33,10/12:37,10/13:24,10/13:38,0:47:07,BDJ,DPS,006,10,1,1,NML,4,2025
1288.,B739,PKLFY,LNI,LNI787,LNI686,10/16:05,10/16:09,10/17:43,10/17:57,1:34:15,UPG,PKY,016,28,1,1,NML,4,2025
1289.,B738,PKLKV,LNI,LNI879,LNI836,10/10:54,10/10:59,10/15:13,10/15:26,4:14:53,AMQ,PNK,022,28,0,0,NML,4,2025
1290.,A320,PKGQK,CTV,CTV431,CTV948,10/14:20,10/14:26,10/15:01,10/15:09,0:35:00,BPN,BTH,007,28,1,1,NML,4,2025
1291.,B738,PKGFF,GIA,GIA312,GIA317,10/14:33,10/14:41,10/15:37,10/15:52,0:56:07,CGK,CGK,005,28,1,1,NML,4,2025
1292.,A320,9VJSL,JSA,JSA247,JSA248,10/14:29,10/14:32,10/15:19,10/15:31,0:47:00,SIN,SIN,A06,28,1,1,NML,4,2025
1293.,B739,PKLHM,LNI,LNI823,LNI260,10/17:18,10/17:23,10/18:38,10/18:51,1:15:23,LOP,BPN,021,28,0,0,NML,4,2025
1294.,A320,PKPWE,PAS,PAS208,PAS209,10/14:24,10/14:30,10/15:05,10/15:13,0:35:00,CGK,CGK,006,28,1,1,NML,4,2025
1295.,B738,PKGNF,GIA,GIA330,GIA331,10/14:11,10/14:17,10/15:12,10/15:24,0:55:47,HLP,HLP,004,28,1,1,NML,4,2025
1296.,B739,PKLGY,LNI,LNI857,LNI886,10/12:18,10/12:22,10/17:13,10/17:27,4:51:00,PLM,UPG,020,28,0,0,NML,4,2025
1297.,A320,PKBKP,BTK,BTK6406,BTK6220,10/14:37,10/14:44,10/15:32,10/15:44,0:48:21,CGK,BPN,009,28,1,1,NML,4,2025
1298.,B738,PKLOR,LNI,LNI749,LNI581,10/15:15,10/15:20,10/18:10,10/18:27,2:50:00,MDC,CGK,012,28,1,1,NML,4,2025
1299.,A320,PKGLY,CTV,CTV699,CTV434,10/15:04,10/15:10,10/15:46,10/15:56,0:36:10,DPS,BPN,008,28,1,1,NML,4,2025
1300.,A320,PKSJH,SJV,SJV633,SJV614,10/13:39,10/13:43,10/15:33,10/15:48,1:50:00,BDJ,BPN,018,28,0,0,NML,4,2025
1301.,B738,PKLKP,LNI,LNI839,LNI3838,10/13:36,10/13:40,10/17:00,10/17:10,3:19:13,PNK,PNK,021,28,0,0,NML,4,2025
1302.,A320,PKLUQ,BTK,BTK7501,BTK7512,10/14:44,10/14:51,10/15:46,10/15:59,0:55:00,HLP,HLP,010,28,1,1,NML,4,2025
1303.,B738,9MMXQ,MAS,MAS873,MAS872,10/16:34,10/16:38,10/17:35,10/17:53,0:57:39,KUL,KUL,A06,28,1,1,NML,4,2025
1304.,B735,PKNAT,LKN,LKN1930,LKN1920,10/16:38,10/16:43,10/17:33,10/17:49,0:50:56,PKN,PKN,010,28,1,1,NML,4,2025
1305.,A320,PKLAI,BTK,BTK6347,BTK6401,10/15:28,10/15:35,10/16:26,10/16:37,0:51:00,BEJ,CGK,009,28,1,1,NML,4,2025
1306.,B739,PKLQT,LNI,LNI681,LNI316,10/16:28,10/16:33,10/18:04,10/18:17,1:31:00,PKY,BDJ,017,28,1,1,NML,4,2025
1307.,B738,PKGUF,GIA,GIA310,GIA315,10/15:32,10/15:42,10/16:40,10/16:49,0:58:00,CGK,CGK,004,28,1,1,NML,4,2025
1308.,B738MAX,9VMBL,SIA,SIA926,SIA927,10/16:09,10/16:12,10/17:06,10/17:29,0:54:00,SIN,SIN,A07,28,1,1,NML,4,2025
1309.,A320,PKGQL,CTV,CTV174,CTV418,10/15:49,10/15:56,10/16:36,10/16:45,0:40:00,HLP,PNK,006,28,1,1,NML,4,2025
1310.,B739,PKLKM,LNI,LNI692,LNI268,10/16:25,10/16:30,10/17:53,10/18:09,1:23:08,CGK,TRK,014,28,1,1,NML,4,2025
1311.,A320,PKPWI,PAS,PAS206,PAS623,10/16:00,10/16:08,10/16:58,10/17:06,0:49:59,CGK,BPN,005,28,1,1,NML,4,2025
1312.,A320,PKGTA,CTV,CTV495,CTV721,10/16:15,10/16:21,10/17:03,10/17:19,0:42:00,BDJ,CGK,008,10,1,1,NML,4,2025
1313.,B739,PKLSR,LNI,LNI695,LNI692,10/15:57,10/16:03,10/17:34,10/17:44,1:31:03,KOE,KOE,015,28,1,1,NML,4,2025
1314.,B739,PKLHO,LNI,LNI709,LNI884,10/19:45,10/19:49,10/20:43,10/20:54,0:54:00,UPG,UPG,017,10,1,1,NML,4,2025
1315.,A320,PKGLV,CTV,CTV669,CTV488,10/15:54,10/16:00,10/16:53,10/17:02,0:53:00,DPS,BDJ,007,28,1,1,NML,4,2025
1316.,B739,PKLSK,LNI,LNI707,LNI226,10/19:09,10/19:15,10/20:07,10/20:13,0:52:00,UPG,BDJ,015,10,1,1,NML,4,2025
1317.,A320,PKAZL,AWQ,AWQ323,AWQ326,10/17:25,10/17:27,10/18:02,10/18:15,0:35:09,KUL,KUL,A01,28,1,1,NML,4,2025
1318.,B739,PKLSO,LNI,LNI261,LNI3318,10/15:46,10/15:50,10/18:40,10/18:51,2:49:29,BPN,BDJ,024,28,0,0,NML,4,2025
1319.,A320,PKSAY,SJV,SJV703,SJV708,10/18:44,10/18:50,10/19:44,10/19:56,0:54:00,DPS,DPS,014,10,1,1,NML,4,2025
1320.,A320,PKPWG,PAS,PAS622,PAS207,10/17:14,10/17:20,10/18:10,10/18:22,0:50:00,BPN,CGK,007,28,1,1,NML,4,2025
1321.,B738,PKGNM,GIA,GIA349,GIA313,10/17:22,10/17:30,10/18:26,10/18:35,0:56:00,DPS,CGK,004,28,1,1,NML,4,2025
1322.,B739,PKLGV,LNI,LNI983,LNI800,10/13:53,10/13:58,10/18:48,10/18:57,4:50:00,PKU,UPG,023,28,0,0,NML,4,2025
1323.,A320,PKSTC,SJV,SJV637,SJV716,10/15:41,10/15:46,10/19:18,10/19:33,3:32:00,BDJ,LOP,018,28,0,0,NML,4,2025
1324.,B735,PKCLE,SJY,SJY567,SJY562,10/17:47,10/17:52,10/18:41,10/18:53,0:49:00,UPG,UPG,010,28,1,1,NML,4,2025
1325.,B738,PKLKQ,LNI,LNI727,LNI838,10/17:51,10/17:58,10/18:49,10/19:02,0:51:00,KDI,PNK,015,28,1,1,NML,4,2025
1326.,A320,PKLUK,BTK,BTK7503,BTK7502,10/18:24,10/18:32,10/19:22,10/19:40,0:50:00,HLP,HLP,009,28,1,1,NML,4,2025
1327.,A320,PKGQU,CTV,CTV172,CTV719,10/18:38,10/18:47,10/19:31,10/19:49,0:44:39,HLP,CGK,008,10,1,1,NML,4,2025
1328.,B738,PKGFH,GIA,GIA320,GIA325,10/17:42,10/17:48,10/18:57,10/19:06,1:09:19,CGK,CGK,005,28,1,1,NML,4,2025
1329.,B738MAX,9VMBH,SIA,SIA928,SIA929,10/18:20,10/18:24,10/19:16,10/19:37,0:52:00,SIN,SIN,A07,28,1,1,NML,4,2025
1330.,B738,PKLBW,BTK,BTK6576,BTK6575,10/18:13,10/18:18,10/19:16,10/19:31,0:58:00,CGK,CGK,012,28,1,1,NML,4,2025
1331.,A320,PKGQC,CTV,CTV718,CTV173,10/17:00,10/17:11,10/19:47,10/20:00,2:36:44,CGK,HLP,006,10,1,1,NML,4,2025
1332.,A320,PKGQG,CTV,CTV949,CTV494,10/18:47,10/18:53,10/19:42,10/19:54,0:49:00,BTH,BDJ,007,10,1,1,NML,4,2025
1333.,A320,PKGQT,CTV,CTV736,CTV352,10/18:31,10/18:45,10/19:39,10/19:51,0:54:08,CGK,UPG,010,10,1,1,NML,4,2025
1334.,B739,PKLGY,LNI,LNI885,LNI880,10/21:22,10/21:25,10/22:25,10/22:35,1:00:00,UPG,UPG,012,10,1,1,NML,4,2025
1335.,A320,PKPWK,PAS,PAS202,PAS203,10/19:07,10/19:12,10/19:46,10/19:59,0:34:58,CGK,CGK,005,10,1,1,NML,4,2025
1336.,A320,PKGQJ,CTV,CTV489,CTV693,10/18:59,10/19:05,10/19:55,10/20:06,0:50:00,BDJ,DPS,003,10,0,0,NML,4,2025
1337.,B738,PKGFF,GIA,GIA326,GIA319,10/19:22,10/19:30,10/20:08,10/20:24,0:38:00,CGK,CGK,004,10,1,1,NML,4,2025
1338.,A320,PKGLY,CTV,CTV435,CTV737,10/19:13,10/19:21,10/20:18,10/20:30,0:57:00,BPN,CGK,012,10,1,1,NML,4,2025
1339.,B738,PKLDK,BTK,BTK6586,BTK6587,10/19:26,10/19:31,10/21:02,10/21:14,1:31:00,CGK,CGK,016,10,1,1,NML,4,2025
1340.,A320,PKGQN,CTV,CTV724,CTV354,10/20:18,10/20:20,10/21:01,10/21:12,0:41:00,CGK,UPG,007,10,1,1,NML,4,2025
1341.,A320,PKBKR,BTK,BTK6137,BTK6136,10/21:56,10/21:59,10/23:00,10/23:08,1:01:00,UPG,UPG,010,10,1,1,NML,4,2025
1342.,A320,PKAZL,AWQ,AWQ327,AWQ320,10/23:41,10/23:46,11/05:00,11/05:10,5:14:00,KUL,KUL,A03,28,1,1,NML,4,2025
1343.,B738,PKLKP,LNI,LNI3839,LNI878,10/20:52,10/21:03,11/05:01,11/05:12,7:58:00,PNK,AMQ,021,28,0,0,NML,4,2025
1344.,A320,PKBKP,BTK,BTK6221,BTK7508,10/19:03,10/19:09,11/05:04,11/05:14,9:54:26,BPN,HLP,020,28,0,0,NML,4,2025
1345.,A320,PKSJU,SJV,SJV641,SJV610,10/16:22,10/16:28,11/05:07,11/05:17,12:39:00,AAP,BPN,026,28,0,0,NML,4,2025
1346.,B739,PKLSO,LNI,LNI3319,LNI786,10/21:26,10/21:30,11/05:12,11/05:20,7:42:00,BDJ,UPG,023,28,0,0,NML,4,2025
1347.,A320,PKGLP,CTV,CTV720,CTV430,10/21:52,10/21:55,11/05:00,11/05:08,7:05:00,CGK,BPN,003,28,0,0,NML,4,2025
1348.,B738,PKGMU,GIA,GIA324,GIA301,10/21:58,10/22:02,11/05:13,11/05:23,7:11:00,CGK,CGK,007,28,1,1,NML,4,2025
1349.,A320,PKBLA,BTK,BTK6588,BTK6132,10/21:51,10/21:54,11/05:16,11/05:26,7:22:00,CGK,LOP,016,28,1,1,NML,4,2025
1350.,A320,PKGTD,CTV,CTV726,CTV725,10/20:02,10/20:06,11/05:52,11/06:06,9:46:00,CGK,CGK,006,28,1,1,NML,4,2025
1351.,A320,PKGQN,CTV,CTV353,CTV670,11/05:03,11/05:09,11/05:52,11/05:59,0:43:00,UPG,LOP,003,28,0,0,NML,4,2025
1352.,A320,PKLUG,BTK,BTK6594,BTK6589,10/20:47,10/20:50,11/06:01,11/06:12,9:11:00,CGK,CGK,015,28,1,1,NML,4,2025
1353.,B738,PKLSF,LNI,LNI701,LNI868,11/00:24,11/00:30,11/06:06,11/06:15,5:36:00,UPG,TTE,017,28,1,1,NML,4,2025
1354.,A320,PKSJV,SJV,SJV727,SJV706,10/22:22,10/22:29,11/06:15,11/06:25,7:46:00,DPS,DPS,012,28,1,1,NML,4,2025
1355.,B739,PKLGV,LNI,LNI883,LNI882,10/22:29,10/22:36,11/06:06,11/06:18,7:30:00,UPG,UPG,018,28,0,0,NML,4,2025
1356.,A320,V8RBE,RBA,RBA795,RBA796,10/20:59,10/21:06,11/05:49,11/06:05,8:43:00,BWN,BWN,A06,28,1,1,NML,4,2025
1357.,A320,PKSAF,SJV,SJV617,SJV640,10/20:57,10/21:00,11/06:01,11/06:14,9:01:00,BPN,AAP,009,28,1,1,NML,4,2025
1358.,B739,PKLFY,LNI,LNI687,LNI266,10/20:35,10/20:38,11/06:08,11/06:23,9:30:00,PKY,BPN,014,28,1,1,NML,4,2025
1359.,A320,PKPWL,PAS,PAS212,PAS213,10/20:27,10/20:30,11/05:57,11/06:08,9:27:00,CGK,CGK,005,28,1,1,NML,4,2025
1360.,A320,PKBKY,BTK,BTK6413,BTK6412,10/20:07,10/20:12,11/06:35,11/06:45,10:23:00,DPS,DPS,024,28,0,0,NML,4,2025
1361.,A320,PKSTD,SJV,SJV619,SJV634,10/16:42,10/16:48,11/06:43,11/06:56,13:55:00,BPN,BDJ,C04,28,0,0,NML,4,2025
1362.,B739,PKLVF,LNI,LNI690,LNI690,11/06:09,11/06:18,11/07:22,11/07:31,1:04:00,CGK,KOE,010,28,1,1,NML,4,2025
1363.,A320,PKSAE,SJV,SJV643,SJV566,10/15:22,10/15:28,11/07:27,11/07:41,15:59:00,AAP,PLW,025,28,0,0,NML,4,2025
1364.,A320,PKLAO,BTK,BTK7521,BTK6135,10/21:18,10/21:22,11/07:03,11/07:15,9:41:00,HLP,PKN,008,28,1,1,NML,4,2025
1365.,A320,PKSJR,SJV,SJV717,SJV612,11/06:03,11/06:09,11/08:03,11/08:16,1:54:00,LOP,BPN,026,28,0,0,NML,4,2025
1366.,C208,PKVVO,SUS,PKVVO,PKVVO,10/11:48,10/11:51,11/07:07,11/07:17,19:16:00,BXW,TMC,C07,28,0,0,NML,4,2025
1367.,B739,PKLSH,LNI,LNI311,LNI971,11/05:59,11/06:06,11/07:55,11/08:07,1:49:00,BDJ,BTH,016,28,1,1,NML,4,2025
1368.,B738,PKGFU,GIA,GIA855,GIA305,10/20:15,10/23:29,11/07:10,11/07:22,10:47:00,SIN,CGK,004,28,1,1,NML,4,2025
1369.,B738,PKGNC,GIA,GIA328,GIA854,10/20:22,10/23:09,11/07:03,11/07:19,10:38:00,CGK,SIN,A02,28,1,1,NML,4,2025
1370.,B739,PKLFO,LNI,LNI363,LNI982,11/06:20,11/06:26,11/07:26,11/07:40,1:00:00,BPN,PKU,012,28,1,1,NML,4,2025
1371.,B739,PKLSI,LNI,LNI972,LNI646,10/16:31,10/16:36,11/07:22,11/07:33,14:46:00,BTH,LOP,022,28,0,0,NML,4,2025
1372.,A320,PKLUF,BTK,BTK7511,BTK7510,11/06:31,11/06:37,11/07:33,11/07:46,0:56:00,HLP,HLP,009,28,1,1,NML,4,2025
1373.,A320,PKAZP,AWQ,AWQ325,AWQ392,10/19:16,10/19:20,11/07:23,11/07:38,12:03:00,KUL,JHB,A01,28,1,1,NML,4,2025
1374.,A320,PKGQJ,CTV,CTV690,CTV460,11/06:51,11/06:58,11/07:35,11/07:50,0:37:00,DPS,AAP,006,28,1,1,NML,4,2025
1375.,B739,PKLKM,LNI,LNI267,LNI693,11/07:12,11/07:17,11/08:14,11/08:27,0:57:00,TRK,CGK,017,28,1,1,NML,4,2025
1376.,A320,PKGQC,CTV,CTV170,CTV175,11/07:07,11/07:13,11/07:55,11/08:03,0:42:00,HLP,HLP,007,28,1,1,NML,4,2025
1377.,A333,BHLV,CPA,CPA779,CPA780,10/17:54,10/18:01,11/08:09,11/08:23,14:08:00,HKG,HKG,A08,28,1,1,NML,4,2025
1378.,B739,PKLSR,LNI,LNI693,LNI990,11/06:54,11/07:00,11/08:27,11/08:39,1:27:00,KOE,DPS,014,28,1,1,NML,4,2025
1379.,A320,PKLAL,BTK,BTK6572,BTK6573,11/07:44,11/07:49,11/08:51,11/09:02,1:02:00,CGK,CGK,010,28,1,1,NML,4,2025
1380.,B738,PKLBK,MXD,MXD352,MXD353,10/19:29,10/19:32,11/08:35,11/08:46,13:03:00,KUL,KUL,A04,28,1,1,NML,4,2025
1381.,A320,PKGQO,CTV,CTV355,CTV171,11/07:35,11/07:42,11/08:41,11/08:49,0:59:00,UPG,HLP,005,28,1,1,NML,4,2025
1382.,B738,PKLKQ,LNI,LNI837,LNI748,11/08:04,11/08:10,11/08:58,11/09:07,0:48:00,PNK,MDC,021,28,0,0,NML,4,2025
1383.,B739,PKLQT,LNI,LNI315,LNI222,11/07:58,11/08:05,11/10:08,11/10:33,2:03:00,BDJ,BDJ,012,10,1,1,NML,4,2025
1384.,A320,PKBLA,BTK,BTK6133,BTK6391,11/08:24,11/08:30,11/09:29,11/09:57,0:59:00,LOP,CGK,008,10,1,1,NML,4,2025
1385.,B739,PKLGY,LNI,LNI801,LNI856,11/06:37,11/06:43,11/09:11,11/09:32,2:28:00,UPG,PLM,015,10,1,1,NML,4,2025
1386.,A320,PKSAV,SJV,SJV649,SJV618,11/07:48,11/07:54,11/08:56,11/09:04,1:02:00,BPN,BPN,009,28,1,1,NML,4,2025
1387.,B739,PKLGJ,LNI,LNI683,LNI682,11/08:01,11/08:07,11/09:17,11/09:36,1:10:00,PKY,PKY,016,10,1,1,NML,4,2025
1388.,B738,PKGFI,GIA,GIA304,GIA342,11/08:09,11/08:16,11/09:15,11/09:40,0:59:00,CGK,DPS,004,10,1,1,NML,4,2025
1389.,A320,PKPWE,PAS,PAS200,PAS201,11/08:14,11/08:19,11/09:11,11/09:29,0:52:31,CGK,CGK,006,10,1,1,NML,4,2025
1390.,A320,PKGQN,CTV,CTV671,CTV486,11/08:20,11/08:26,11/09:20,11/09:45,0:54:00,LOP,BDJ,007,10,1,1,NML,4,2025
1391.,A320,PKSJU,SJV,SJV611,SJV642,11/08:36,11/08:41,11/10:08,11/10:23,1:27:00,BPN,AAP,017,10,1,1,NML,4,2025
1392.,A320,PKSJV,SJV,SJV703,SJV702,11/08:59,11/09:06,11/10:07,11/10:22,1:01:00,DPS,DPS,010,10,1,1,NML,4,2025
1393.,B738,9MMXK,MAS,MAS871,MAS870,11/09:38,11/09:45,11/10:37,11/10:51,0:52:00,KUL,KUL,A06,10,1,1,NML,4,2025
1394.,B735,PKNAT,LKN,LKN243,LKN242,11/09:09,11/09:15,11/09:59,11/10:11,0:44:00,SMQ,SMQ,009,10,1,1,NML,4,2025
1395.,A359,9VSHT,SIA,SIA922,SIA923,11/09:44,11/09:48,11/10:49,11/11:03,1:01:00,SIN,SIN,A08,10,1,1,NML,4,2025
1396.,A320,PKGTE,CTV,CTV722,CTV723,11/09:18,11/09:28,11/10:13,11/10:28,0:45:00,CGK,CGK,007,10,1,1,NML,4,2025
1397.,A320,PKSAA,SJV,SJV705,SJV632,11/10:09,11/10:14,11/11:11,11/11:21,0:57:00,DPS,BDJ,021,10,0,0,NML,4,2025
1398.,A320,PKGTG,CTV,CTV351,CTV350,11/09:22,11/09:30,11/10:23,11/10:37,0:53:32,UPG,UPG,005,10,1,1,NML,4,2025
1399.,E135,T7JCI,AFS,T7JCI,T7JCI,11/08:42,11/08:48,11/09:12,11/09:16,0:24:00,CGK,CGK,003,28,0,0,NML,4,2025
1400.,B739,PKLFY,LNI,LNI367,LNI262,11/10:06,11/10:09,11/10:55,11/11:05,0:45:22,BPN,BPN,020,10,0,0,NML,4,2025
1401.,B739,PKLVF,LNI,LNI697,LNI706,11/12:02,11/12:05,11/13:28,11/13:41,1:23:00,KOE,UPG,010,10,1,1,NML,4,2025
1402.,A320,9VTRP,TGW,TGW296,TGW297,11/09:46,11/09:50,11/10:41,11/10:52,0:51:00,SIN,SIN,A02,10,1,1,NML,4,2025
1403.,A320,PKGQP,CTV,CTV417,CTV715,11/09:58,11/10:02,11/10:42,11/10:55,0:39:47,PNK,CGK,003,10,0,0,NML,4,2025
1404.,A320,PKSTD,SJV,SJV635,SJV704,11/10:03,11/10:07,11/11:34,11/11:47,1:26:40,BDJ,DPS,018,10,0,0,NML,4,2025
1405.,A320,PKPWL,PAS,PAS210,PAS211,11/09:34,11/09:37,11/10:34,11/10:47,0:57:26,CGK,CGK,006,10,1,1,NML,4,2025
1406.,B739,PKLQR,LNI,LNI970,LNI973,11/09:55,11/10:00,11/10:58,11/11:08,0:58:00,BTH,BTH,016,10,1,1,NML,4,2025
1407.,A320,PKLAO,BTK,BTK6134,BTK6346,11/09:52,11/09:55,11/10:59,11/11:11,1:03:06,PKN,BEJ,022,10,0,0,NML,4,2025
1408.,A320,PKLUY,BTK,BTK7513,BTK7516,11/10:14,11/10:21,11/11:13,11/11:25,0:52:00,HLP,HLP,008,10,1,1,NML,4,2025
1409.,B739,PKLSI,LNI,LNI645,LNI822,11/10:30,11/10:33,11/11:17,11/11:28,0:44:00,LOP,LOP,012,10,1,1,NML,4,2025
1410.,B739,PKLHL,LNI,LNI694,LNI694,11/10:49,11/10:52,11/11:53,11/12:04,1:01:00,CGK,KOE,017,10,1,1,NML,4,2025
1411.,A320,PKAZL,AWQ,AWQ321,AWQ322,11/10:41,11/10:46,11/11:21,11/11:31,0:35:00,KUL,KUL,A03,10,1,1,NML,4,2025
1412.,B738,PKGUG,GIA,GIA322,GIA327,11/10:17,11/10:22,11/11:36,11/11:52,1:14:00,CGK,CGK,004,10,1,1,NML,4,2025
1413.,A320,PKLUF,BTK,BTK7517,BTK7520,11/10:45,11/10:49,11/11:42,11/11:56,0:53:00,HLP,HLP,014,10,1,1,NML,4,2025
1414.,B738,PKLDM,MXD,MXD350,MXD351,11/11:19,11/11:26,11/12:12,11/12:20,0:46:00,KUL,KUL,A04,10,1,1,NML,4,2025
1415.,B739,PKLHS,LNI,LNI805,LNI697,11/10:58,11/11:06,11/12:25,11/12:34,1:19:00,DPS,CGK,023,10,0,0,NML,4,2025
1416.,A320,PKGQJ,CTV,CTV461,CTV698,11/11:14,11/11:19,11/12:00,11/12:10,0:41:00,AAP,DPS,006,10,1,1,NML,4,2025
1417.,B739,PKLVF,LNI,LNI707,LNI804,11/17:15,11/17:18,11/18:13,11/18:20,0:55:00,UPG,DPS,010,10,1,1,NML,4,2025
1418.,A320,PKGTA,CTV,CTV9692,CTV9693,11/11:23,11/11:26,11/12:21,11/12:31,0:55:00,DPS,DPS,007,10,1,1,NML,4,2025
1419.,A320,PKBLC,BTK,BTK6582,BTK6581,11/11:50,11/11:54,11/12:43,11/12:52,0:49:00,CGK,CGK,014,10,1,1,NML,4,2025
1420.,A320,PKSAE,SJV,SJV567,SJV636,11/11:45,11/11:49,11/12:43,11/12:54,0:54:56,PLW,BDJ,009,10,1,1,NML,4,2025
1421.,B739,PKLSO,LNI,LNI787,LNI680,11/12:59,11/13:01,11/14:20,11/14:30,1:19:00,UPG,PKY,014,10,1,1,NML,4,2025
1422.,B735,PKNAS,LKN,LKN193,LKN192,11/11:58,11/12:00,11/12:37,11/12:48,0:37:00,PKN,PKN,012,10,1,1,NML,4,2025
1423.,B738,PKLSF,LNI,LNI869,LNI722,11/12:46,11/12:50,11/13:44,11/13:58,0:54:00,TTE,KDI,016,10,1,1,NML,4,2025
1424.,A320,PKPWD,PAS,PAS204,PAS205,11/11:54,11/11:57,11/13:18,11/13:30,1:21:00,CGK,CGK,005,10,1,1,NML,4,2025
1425.,A320,PKAZP,AWQ,AWQ393,AWQ324,11/12:25,11/12:30,11/13:18,11/13:26,0:48:00,JHB,KUL,A01,10,1,1,NML,4,2025
1426.,A320,PKGQN,CTV,CTV487,CTV668,11/12:08,11/12:11,11/13:22,11/13:32,1:11:00,BDJ,DPS,006,10,1,1,NML,4,2025
1427.,B739,PKLFO,LNI,LNI983,LNI780,11/12:56,11/12:59,11/14:11,11/14:24,1:12:00,PKU,UPG,015,10,1,1,NML,4,2025
1428.,B739,PKLSI,LNI,LNI823,LNI686,11/14:04,11/14:07,11/15:04,11/15:17,0:57:00,LOP,PKY,016,10,1,1,NML,4,2025
1429.,A320,PKSAA,SJV,SJV633,SJV726,11/14:17,11/14:21,11/15:10,11/15:28,0:49:00,BDJ,LBJ,009,10,1,1,NML,4,2025
1430.,B738,PKLKV,LNI,LNI839,LNI836,11/16:01,11/16:05,11/17:03,11/17:13,0:58:00,PNK,PNK,016,10,1,1,NML,4,2025
1431.,A320,PKSJU,SJV,SJV641,SJV2642,11/14:21,11/14:26,11/15:12,11/15:30,0:46:00,AAP,AAP,018,10,0,0,NML,4,2025
1432.,,,LNI,-,LNI910D,--:--,--:--,--:--,--:--,None,-,DPS,None,-,-1,-,NML,4,2025
1433.,B739,PKLGY,LNI,LNI857,LNI910,11/14:00,11/14:03,11/15:02,11/15:06,0:59:00,PLM,DPS,012,10,1,1,NML,4,2025
1434.,A320,PKGLP,CTV,CTV431,CTV948,11/13:39,11/13:42,11/14:31,11/14:45,0:49:00,BPN,BTH,006,10,1,1,NML,4,2025
1435.,B738,PKGMP,GIA,GIA312,GIA317,11/13:31,11/13:35,11/14:42,11/14:54,1:07:00,CGK,CGK,004,10,1,1,NML,4,2025
1436.,C208,PKVVO,SUS,PKVVO,SUS6197,11/13:51,11/13:56,11/14:37,11/14:48,0:41:00,BXW,BXW,C06,10,0,0,NML,4,2025
1437.,B739,PKLQT,LNI,LNI223,LNI260,11/13:28,11/13:32,11/14:47,11/14:58,1:15:00,BDJ,BPN,017,10,1,1,NML,4,2025
1438.,A320,9VJSK,JSA,JSA247,JSA248,11/15:02,11/15:07,11/16:19,11/16:30,1:12:00,SIN,SIN,A07,10,1,1,NML,4,2025
1439.,A320,PKBKP,BTK,BTK7515,BTK7514,11/13:48,11/13:51,11/14:53,11/15:00,1:02:00,HLP,HLP,010,10,1,1,NML,4,2025
1440.,A320,PKPWK,PAS,PAS208,PAS209,11/13:44,11/13:48,11/14:59,11/15:14,1:11:00,CGK,CGK,005,10,1,1,NML,4,2025
1441.,B738,PKGFG,GIA,GIA330,GIA331,11/14:07,11/14:11,11/15:04,11/15:22,0:53:00,HLP,HLP,007,10,1,1,NML,4,2025
1442.,B739,PKLFY,LNI,LNI261,LNI800,11/14:43,11/14:46,11/15:49,11/16:00,1:03:00,BPN,UPG,015,10,1,1,NML,4,2025
1443.,A320,PKLUG,BTK,BTK6406,BTK6220,11/14:38,11/14:42,11/15:35,11/15:46,0:53:00,CGK,BPN,008,10,1,1,NML,4,2025
1444.,B738,PKLKQ,LNI,LNI749,LNI581,11/14:47,11/14:50,11/15:42,11/15:55,0:52:00,MDC,CGK,014,10,1,1,NML,4,2025
1445.,B739,PKLSR,LNI,LNI919,LNI642,11/18:01,11/18:07,11/18:57,11/19:07,0:50:00,DPS,LOP,012,28,1,1,NML,4,2025
1446.,A320,PKGQJ,CTV,CTV699,CTV434,11/16:26,11/16:29,11/17:04,11/17:17,0:35:00,DPS,BPN,007,10,1,1,NML,4,2025
1447.,B739,PKLGY,LNI,LNI923,LNI920,11/17:55,11/17:59,11/19:05,11/19:18,1:06:00,DPS,DPS,018,28,0,0,NML,4,2025
1448.,A320,PKLUF,BTK,BTK7501,BTK7512,11/15:23,11/15:28,11/16:13,11/16:28,0:45:00,HLP,HLP,009,10,1,1,NML,4,2025
1449.,A320,PKLAO,BTK,BTK6347,BTK6401,11/15:26,11/15:30,11/16:21,11/16:33,0:51:00,BEJ,CGK,007,10,1,1,NML,4,2025
1450.,A320,PKSAF,SJV,SJV643,SJV614,11/15:43,11/15:47,11/16:42,11/16:52,0:55:00,AAP,BPN,010,10,1,1,NML,4,2025
1451.,B739,PKLSO,LNI,LNI681,LNI316,11/17:27,11/17:31,11/18:26,11/18:39,0:55:00,PKY,BDJ,016,28,1,1,NML,4,2025
1452.,A320,PKSTR,SJV,SJV715,SJV714,11/16:31,11/16:34,11/17:39,11/17:47,1:05:00,LOP,LOP,012,28,1,1,NML,4,2025
1453.,B738,PKGUF,GIA,GIA310,GIA315,11/15:18,11/15:22,11/16:33,11/16:43,1:11:00,CGK,CGK,004,10,1,1,NML,4,2025
1454.,B738MAX,9VMBF,SIA,SIA926,SIA927,11/15:53,11/15:58,11/16:52,11/17:05,0:54:00,SIN,SIN,A08,10,1,1,NML,4,2025
1455.,A320,PKGQO,CTV,CTV174,CTV418,11/15:57,11/16:01,11/16:45,11/16:56,0:44:00,HLP,PNK,006,10,1,1,NML,4,2025
1456.,A320,PKPWH,PAS,PAS206,PAS623,11/15:32,11/15:37,11/16:37,11/16:50,1:00:00,CGK,BPN,005,10,1,1,NML,4,2025
1457.,B739,PKLHL,LNI,LNI695,LNI268,11/16:34,11/16:38,11/18:29,11/18:43,1:51:00,KOE,TRK,014,28,1,1,NML,4,2025
1458.,A320,PKGLS,CTV,CTV495,CTV721,11/16:08,11/16:12,11/16:50,11/17:03,0:38:00,BDJ,CGK,008,10,1,1,NML,4,2025
1459.,A320,PKSJU,SJV,SJV2643,SJV648,11/18:51,11/18:57,11/19:54,11/20:04,0:57:00,AAP,BPN,17A,28,0,0,NML,4,2025
1460.,B738,PKLOJ,LNI,LNI709,LNI884,11/16:59,11/17:03,11/17:44,11/17:53,0:41:00,UPG,UPG,015,28,1,1,NML,4,2025
1461.,A320,PKGQI,CTV,CTV669,CTV488,11/16:23,11/16:27,11/17:10,11/17:19,0:43:00,DPS,BDJ,009,10,1,1,NML,4,2025
1462.,B739,PKLQR,LNI,LNI972,LNI226,11/20:23,11/20:30,11/21:44,11/21:54,1:14:00,BTH,BDJ,17A,28,0,0,NML,4,2025
1463.,B739,PKLHI,LNI,LNI692,LNI692,11/16:47,11/16:50,11/17:55,11/18:07,1:05:00,CGK,KOE,017,10,1,1,NML,4,2025
1464.,B738,PKLKP,LNI,LNI879,LNI838,11/15:36,11/15:40,11/18:24,11/18:37,2:44:00,AMQ,PNK,020,28,0,0,NML,4,2025
1465.,A320,PKAZL,AWQ,AWQ323,AWQ326,11/17:40,11/17:46,11/18:18,11/18:33,0:32:00,KUL,KUL,A01,28,1,1,NML,4,2025
1466.,A320,PKGQU,CTV,CTV718,CTV719,11/17:11,11/17:14,11/17:56,11/18:05,0:42:00,CGK,CGK,007,28,1,1,NML,4,2025
1467.,B739,PKLSI,LNI,LNI687,LNI3318,11/18:18,11/18:24,11/19:18,11/19:29,0:54:00,PKY,BDJ,015,28,1,1,NML,4,2025
1468.,A320,PKSJV,SJV,SJV723,SJV708,11/19:24,11/19:30,11/20:18,11/20:42,0:48:00,DPS,DPS,012,28,1,1,NML,4,2025
1469.,A320,PKPWF,PAS,PAS622,PAS207,11/17:38,11/17:42,11/18:13,11/18:22,0:31:00,BPN,CGK,006,28,1,1,NML,4,2025
1470.,B738,PKGFI,GIA,GIA349,GIA313,11/17:33,11/17:38,11/18:32,11/18:48,0:54:00,DPS,CGK,005,28,1,1,NML,4,2025
1471.,A320,PKLUY,BTK,BTK7503,BTK7502,11/18:28,11/18:34,11/19:15,11/19:26,0:41:00,HLP,HLP,008,28,1,1,NML,4,2025
1472.,B738,PKCRH,SJY,SJY567,SJY562,11/18:31,11/18:36,11/19:30,11/19:42,0:54:00,UPG,UPG,014,28,1,1,NML,4,2025
1473.,B738,PKGUC,GIA,GIA320,GIA325,11/17:23,11/17:26,11/18:50,11/19:01,1:24:00,CGK,CGK,004,28,1,1,NML,4,2025
1474.,A320,PKGQM,CTV,CTV172,CTV173,11/18:22,11/18:29,11/19:02,11/19:11,0:33:00,HLP,HLP,007,28,1,1,NML,4,2025
1475.,B738MAX,9VMBP,SIA,SIA928,SIA929,11/18:58,11/19:04,11/20:01,11/20:22,0:57:00,SIN,SIN,A03,28,1,1,NML,4,2025
1476.,B738,PKLBW,BTK,BTK6576,BTK6575,11/19:37,11/19:43,11/20:38,11/20:48,0:55:00,CGK,CGK,016,28,1,1,NML,4,2025
1477.,A320,PKGQR,CTV,CTV736,CTV352,11/18:35,11/18:42,11/19:22,11/19:31,0:40:00,CGK,UPG,009,28,1,1,NML,4,2025
1478.,A320,PKGTD,CTV,CTV949,CTV494,11/18:46,11/18:52,11/19:32,11/19:44,0:40:00,BTH,BDJ,006,28,1,1,NML,4,2025
1479.,B788,9VOFC,TGW,TGW266,TGW267,11/18:54,11/18:58,11/20:02,11/20:18,1:04:00,SIN,SIN,A07,28,1,1,NML,4,2025
1480.,A320,PKLUF,BTK,BTK7519,BTK7518,11/19:27,11/19:33,11/20:13,11/20:34,0:40:00,HLP,HLP,010,28,1,1,NML,4,2025
1481.,B739,PKLFY,LNI,LNI885,LNI880,11/20:29,11/20:34,11/22:57,11/23:07,2:23:00,UPG,UPG,014,28,1,1,NML,4,2025
1482.,A320,PKPWA,PAS,PAS202,PAS203,11/19:04,11/19:11,11/19:50,11/19:58,0:39:00,CGK,CGK,005,28,1,1,NML,4,2025
1483.,A320,PKGQS,CTV,CTV489,CTV693,11/19:33,11/19:41,11/20:09,11/20:25,0:28:00,BDJ,DPS,007,28,1,1,NML,4,2025
1484.,B738,PKGMV,GIA,GIA326,GIA319,11/19:13,11/19:22,11/20:19,11/20:38,0:57:00,CGK,CGK,004,28,1,1,NML,4,2025
1485.,A320,PKGQJ,CTV,CTV435,CTV737,11/20:19,11/20:26,11/21:27,11/21:35,1:01:00,BPN,CGK,007,28,1,1,NML,4,2025
1486.,B738,PKLZV,BTK,BTK6586,BTK6587,11/20:43,11/20:50,11/21:37,11/21:49,0:47:00,CGK,CGK,010,28,1,1,NML,4,2025
1487.,A320,PKGQP,CTV,CTV726,CTV354,11/20:53,11/21:00,11/21:38,11/21:53,0:38:00,CGK,UPG,004,28,1,1,NML,4,2025
1488.,A320,PKBKJ,BTK,BTK6137,BTK6136,11/20:40,11/20:46,11/21:59,11/22:07,1:13:00,UPG,UPG,012,28,1,1,NML,4,2025
1489.,B738,PKLOJ,LNI,LNI883,LNI878,11/21:40,11/21:44,12/05:04,12/05:19,7:20:00,UPG,AMQ,025,28,0,0,NML,4,2025
1490.,A320,PKLUU,BTK,BTK6588,BTK7508,11/21:50,11/21:56,12/05:01,12/05:10,7:05:00,CGK,HLP,009,28,1,1,NML,4,2025
1491.,A320,PKAZP,AWQ,AWQ325,AWQ320,11/19:19,11/19:23,12/05:00,12/05:12,9:37:00,KUL,KUL,A01,28,1,1,NML,4,2025
1492.,A320,PKSAA,SJV,SJV725,SJV610,11/18:41,11/18:47,12/04:56,12/05:05,10:09:00,LBJ,BPN,17B,28,0,0,NML,4,2025
1493.,B739,PKLSR,LNI,LNI865,LNI786,11/21:47,11/21:54,12/05:06,12/05:15,7:11:59,LOP,UPG,C03,28,0,0,NML,4,2025
1494.,A320,PKGLP,CTV,CTV720,CTV430,11/21:29,11/21:35,12/05:06,12/05:17,7:31:00,CGK,BPN,007,28,1,1,NML,4,2025
1495.,B738,PKGUD,GIA,GIA328,GIA301,11/20:01,11/20:10,12/05:01,12/05:08,8:51:00,CGK,CGK,005,28,1,1,NML,4,2025
1496.,A320,PKGLS,CTV,CTV724,CTV725,11/20:16,11/20:25,12/05:43,12/05:51,9:17:55,CGK,CGK,003,28,0,0,NML,4,2025
1497.,B739,PKLFF,LNI,LNI690,LNI690,12/05:03,12/05:12,12/06:14,12/06:24,1:02:42,CGK,KOE,010,28,1,1,NML,4,2025
1498.,B738,PKLSF,LNI,LNI727,LNI868,11/18:08,11/18:14,12/06:03,12/06:15,11:49:00,KDI,TTE,021,28,0,0,NML,4,2025
1499.,A320,PKGQN,CTV,CTV353,CTV670,12/05:07,12/05:14,12/05:50,12/05:58,0:36:00,UPG,LOP,004,28,1,1,NML,4,2025
1500.,A320,V8RBD,RBA,RBA795,RBA796,11/19:55,11/19:59,12/05:47,12/05:49,9:48:00,BWN,BWN,A02,28,1,1,NML,4,2025
1501.,B739,PKLGV,LNI,LNI791,LNI882,11/09:49,11/12:20,12/06:27,12/06:41,20:34:50,UPG,UPG,026,28,0,1,NML,4,2025
1502.,B739,PKLSI,LNI,LNI3319,LNI266,11/22:17,11/22:23,12/05:58,12/06:11,7:35:00,BDJ,BPN,012,28,1,1,NML,4,2025
1503.,A320,PKLUZ,BTK,BTK7521,BTK6589,11/20:59,11/21:06,12/05:57,12/06:06,8:51:00,HLP,CGK,015,28,1,1,NML,4,2025
1504.,A320,PKSAP,SJV,SJV615,SJV706,11/21:25,11/21:31,12/06:01,12/06:13,8:30:00,BPN,DPS,016,28,1,1,NML,4,2025
1505.,A320,PKSJD,SJV,SJV619,SJV640,11/17:51,11/17:56,12/06:13,12/06:22,12:17:57,BPN,AAP,023,28,0,0,NML,4,2025
1506.,A320,PKAZL,AWQ,AWQ327,AWQ386,12/00:12,12/00:14,12/06:03,12/06:19,5:49:00,KUL,PEN,A07,28,1,1,NML,4,2025
1507.,A320,PKPWL,PAS,PAS212,PAS213,11/20:36,11/20:43,12/06:03,12/06:16,9:20:00,CGK,CGK,006,28,1,1,NML,4,2025
1508.,A320,PKBKY,BTK,BTK6413,BTK6412,11/21:58,11/22:03,12/06:17,12/06:27,8:14:37,DPS,DPS,17A,28,0,0,NML,4,2025
1509.,A320,PKSAF,SJV,SJV617,SJV634,11/20:27,11/20:31,12/06:43,12/06:55,10:12:05,BPN,BDJ,024,28,0,0,NML,4,2025
1510.,B733F,PKMYV,MYU,MYU935,MYU934,11/08:53,11/08:58,12/06:33,12/06:38,21:34:50,SRG,SIN,C02,28,0,0,NML,4,2025
1511.,B738MAX,PKOFI,AFE,AFE921,AFE921,12/06:03,12/06:12,12/07:01,12/07:05,0:49:00,CGK,TIM,005,28,1,1,NML,4,2025
1512.,B739,PKLQR,LNI,LNI311,LNI971,12/06:09,12/06:14,12/07:12,12/07:22,0:58:00,BDJ,BTH,015,28,1,1,NML,4,2025
1513.,A320,PKLUG,BTK,BTK6221,BTK6135,11/19:16,11/19:23,12/06:57,12/07:07,11:34:12,BPN,PKN,022,28,0,0,NML,4,2025
1514.,A320,PKSJV,SJV,SJV727,SJV612,11/23:26,11/23:32,12/07:03,12/07:17,7:31:00,DPS,BPN,014,28,1,1,NML,4,2025
1515.,B738,PKGNM,GIA,GIA324,GIA305,11/21:20,11/21:27,12/07:00,12/07:10,9:33:00,CGK,CGK,008,28,1,1,NML,4,2025
1516.,B738,PKGNC,GIA,GIA855,GIA854,11/20:31,11/20:35,12/07:01,12/07:14,10:26:00,SIN,SIN,A03,28,1,1,NML,4,2025
1517.,B739,PKLQT,LNI,LNI363,LNI646,12/06:30,12/06:37,12/07:46,12/08:01,1:09:43,BPN,LOP,016,28,1,1,NML,4,2025
1518.,B739,PKLGW,LNI,LNI801,LNI856,12/06:45,12/06:50,12/07:27,12/07:36,0:37:06,UPG,PLM,017,28,1,1,NML,4,2025
1519.,A320,PKLUY,BTK,BTK7511,BTK7510,12/06:42,12/06:47,12/07:30,12/07:44,0:43:00,HLP,HLP,009,28,1,1,NML,4,2025
1520.,A320,PKSAE,SJV,SJV637,SJV566,11/19:39,11/19:44,12/07:42,12/07:51,11:58:53,BDJ,PLW,020,28,0,0,NML,4,2025
1521.,A320,PKGQS,CTV,CTV690,CTV460,12/06:38,12/06:45,12/07:29,12/07:38,0:44:00,DPS,AAP,006,28,1,1,NML,4,2025
1522.,B739,PKLHI,LNI,LNI693,LNI693,12/06:49,12/06:54,12/07:53,12/08:07,0:59:00,KOE,CGK,012,28,1,1,NML,4,2025
1523.,B739,PKLGS,LNI,LNI929,LNI982,12/06:56,12/07:02,12/08:01,12/08:11,0:59:00,DPS,PKU,021,28,0,0,NML,4,2025
1524.,A21N,B327G,CSN,CSN8137,CSN8138,11/21:16,11/21:22,12/08:34,12/08:51,11:12:00,CAN,CAN,A04,28,1,1,NML,4,2025
1525.,A320,PKGQM,CTV,CTV170,CTV175,12/07:01,12/07:08,12/07:56,12/08:09,0:48:00,HLP,HLP,007,28,1,1,NML,4,2025
1526.,A320,PKGLR,CTV,CTV712,CTV713,12/07:19,12/07:26,12/08:03,12/08:13,0:37:00,CGK,CGK,008,28,1,1,NML,4,2025
1527.,A333,BLBE,CPA,CPA779,CPA780,11/17:58,11/18:02,12/08:21,12/08:36,14:19:00,HKG,HKG,A08,28,1,1,NML,4,2025
1528.,B739,PKLHL,LNI,LNI267,LNI990,12/07:05,12/07:10,12/08:20,12/08:29,1:10:00,TRK,DPS,010,28,1,1,NML,4,2025
"1529.,DHC6,PKICP,PGT,PKICP,PKICP,10/11:35,10/11:38,12/07:53,12/07:59,""1 day, 20:15:09"",PAG,PAG,028,28,0,0,NML,4,2025"
1530.,A320,PKBKU,BTK,BTK6594,BTK6573,11/21:43,11/21:49,12/09:03,12/09:18,11:14:17,CGK,CGK,018,28,0,0,NML,4,2025
1531.,A320,PKGQP,CTV,CTV355,CTV171,12/07:34,12/07:40,12/08:31,12/08:41,0:51:00,UPG,HLP,006,28,1,1,NML,4,2025
1532.,B738,PKLZZ,MXD,MXD352,MXD353,11/19:46,11/19:51,12/08:58,12/09:11,13:07:22,KUL,KUL,C01,28,0,0,NML,4,2025
1533.,B738,PKLKW,LNI,LNI837,LNI748,12/07:58,12/08:02,12/08:49,12/08:59,0:47:00,PNK,MDC,015,28,1,1,NML,4,2025
1534.,B739,PKLHH,LNI,LNI315,LNI222,12/07:55,12/08:00,12/08:50,12/09:01,0:50:31,BDJ,BDJ,012,28,1,1,NML,4,2025
1535.,A320,PKBDF,BTK,BTK6572,BTK6391,12/07:47,12/07:54,12/08:56,12/09:07,1:02:26,CGK,CGK,009,28,1,1,NML,4,2025
1536.,A320,PKSGD,SJV,SJV649,SJV618,12/07:41,12/07:47,12/09:02,12/09:15,1:15:47,BPN,BPN,014,28,1,1,NML,4,2025
1537.,A320,9VJSX,JSA,JSA249,JSA250,12/08:25,12/08:28,12/09:17,12/09:33,0:49:52,SIN,SIN,A07,10,1,1,NML,4,2025
1538.,B738,PKGMF,GIA,GIA304,GIA342,12/08:16,12/08:23,12/09:18,12/09:34,0:55:00,CGK,DPS,004,10,1,1,NML,4,2025
1539.,A320,PKGQN,CTV,CTV671,CTV486,12/08:22,12/08:30,12/09:10,12/09:16,0:40:00,LOP,BDJ,007,28,1,1,NML,4,2025
1540.,A320,PKSAA,SJV,SJV611,SJV642,12/08:39,12/08:45,12/09:30,12/09:41,0:45:00,BPN,AAP,010,10,1,1,NML,4,2025
1541.,A320,PKSAP,SJV,SJV703,SJV702,12/08:42,12/08:51,12/09:34,12/09:48,0:43:00,DPS,DPS,008,10,1,1,NML,4,2025
1542.,B739,PKLJI,LNI,LNI683,LNI682,12/08:57,12/09:02,12/09:48,12/10:01,0:46:00,PKY,PKY,017,10,1,1,NML,4,2025
1543.,B738,9MMLT,MAS,MAS871,MAS870,12/09:04,12/09:08,12/10:03,12/10:12,0:55:00,KUL,KUL,A03,10,1,1,NML,4,2025
1544.,A320,PKGTG,CTV,CTV351,CTV350,12/09:13,12/09:20,12/10:05,12/10:17,0:45:00,UPG,UPG,006,10,1,1,NML,4,2025
1545.,A359,9VSHE,SIA,SIA922,SIA923,12/09:09,12/09:12,12/10:14,12/10:28,1:02:00,SIN,SIN,A08,10,1,1,NML,4,2025
1546.,A320,PKSAF,SJV,SJV635,SJV632,12/09:38,12/09:42,12/10:20,12/10:36,0:38:00,BDJ,BDJ,009,10,1,1,NML,4,2025
1547.,A320,PKGQE,CTV,CTV417,CTV715,12/09:50,12/09:55,12/10:38,12/10:51,0:43:00,PNK,CGK,007,10,1,1,NML,4,2025
1548.,A320,9VTRM,TGW,TGW296,TGW297,12/09:46,12/09:52,12/10:40,12/10:50,0:48:00,SIN,SIN,A02,10,1,1,NML,4,2025
1549.,B739,PKLFK,LNI,LNI791,LNI706,12/10:15,12/10:19,12/11:13,12/11:25,0:54:00,UPG,UPG,017,10,1,1,NML,4,2025
1550.,B739,PKLSU,LNI,LNI970,LNI973,12/09:56,12/09:59,12/10:52,12/11:09,0:53:00,BTH,BTH,016,10,1,1,NML,4,2025
1551.,A320,PKPWL,PAS,PAS210,PAS211,12/09:43,12/09:47,12/10:32,12/10:42,0:45:37,CGK,CGK,005,10,1,1,NML,4,2025
1552.,A320,PKSJQ,SJV,SJV705,SJV704,12/10:44,12/10:49,12/11:35,12/11:46,0:46:00,DPS,DPS,012,10,1,1,NML,4,2025
1553.,A320,PKLUQ,BTK,BTK7513,BTK7516,12/10:04,12/10:09,12/10:51,12/11:06,0:42:00,HLP,HLP,010,10,1,1,NML,4,2025
1554.,A320,PKLUG,BTK,BTK6134,BTK6346,12/09:53,12/09:57,12/11:48,12/11:59,1:51:00,PKN,BEJ,008,10,1,1,NML,4,2025
1555.,B739,PKLQT,LNI,LNI645,LNI822,12/11:21,12/11:24,12/12:17,12/12:26,0:53:00,LOP,LOP,017,10,1,1,NML,4,2025
1556.,B739,PKLSK,LNI,LNI694,LNI694,12/10:48,12/10:50,12/11:53,12/12:04,1:03:52,CGK,KOE,014,10,1,1,NML,4,2025
1557.,B739,PKLSI,LNI,LNI367,LNI262,12/09:59,12/10:04,12/11:06,12/11:19,1:02:51,BPN,BPN,015,10,1,1,NML,4,2025
1558.,A320,PKAZP,AWQ,AWQ321,AWQ322,12/10:40,12/10:46,12/11:28,12/11:37,0:42:00,KUL,KUL,A01,10,1,1,NML,4,2025
1559.,B739,PKLFF,LNI,LNI697,LNI697,12/11:13,12/11:17,12/12:49,12/12:59,1:32:00,KOE,CGK,015,10,1,1,NML,4,2025
1560.,B738,PKGMI,GIA,GIA322,GIA327,12/10:10,12/10:14,12/11:27,12/11:41,1:13:51,CGK,CGK,004,10,1,1,NML,4,2025
1561.,A320,PKBKP,BTK,BTK7517,BTK7520,12/10:55,12/10:58,12/12:28,12/12:45,1:30:00,HLP,HLP,009,10,1,1,NML,4,2025
1562.,B738MAX,9MLRF,MXD,MXD350,MXD351,12/10:58,12/11:04,12/11:55,12/12:05,0:51:00,KUL,KUL,A04,10,1,1,NML,4,2025
1563.,A320,PKGQS,CTV,CTV461,CTV698,12/11:07,12/11:11,12/11:51,12/12:02,0:40:00,AAP,DPS,006,10,1,1,NML,4,2025
1564.,B739,PKLHL,LNI,LNI805,LNI804,12/11:11,12/11:15,12/11:58,12/12:11,0:43:40,DPS,DPS,016,10,1,1,NML,4,2025
1565.,A320,PKSJH,SJV,SJV363,SJV362,12/11:03,12/11:07,12/12:03,12/12:15,0:56:00,KNO,KNO,010,10,1,1,NML,4,2025
1566.,A320,PKBLD,BTK,BTK6582,BTK6581,12/11:54,12/11:58,12/12:51,12/13:02,0:53:00,CGK,CGK,008,10,1,1,NML,4,2025
1567.,B739,PKLGW,LNI,LNI857,LNI780,12/11:35,12/11:39,12/12:50,12/13:00,1:10:39,PLM,UPG,018,10,0,0,NML,4,2025
1568.,B739,PKLHH,LNI,LNI223,LNI680,12/11:48,12/11:50,12/12:44,12/12:55,0:54:00,BDJ,PKY,012,10,1,1,NML,4,2025
"1569.,A339,PKLES,LNI,LNI075,LNI074,08/14:33,08/17:12,12/14:37,12/14:49,""3 days, 23:57:00"",JED,MED,011,10,1,1,NML,4,2025"
1570.,A320,PKSAE,SJV,SJV567,SJV636,12/13:56,12/14:00,12/14:45,12/14:56,0:45:00,PLW,BDJ,009,10,1,1,NML,4,2025
1571.,A320,PKLZH,BTK,BTK6596,BTK6595,12/15:07,12/15:10,12/16:17,12/16:30,1:07:00,CGK,CGK,009,10,1,1,NML,4,2025
1572.,B738,PKLKW,LNI,LNI749,LNI722,12/14:59,12/15:03,12/16:03,12/16:11,1:00:00,MDC,KDI,022,10,0,0,NML,4,2025
1573.,A320,PKPWA,PAS,PAS204,PAS205,12/11:51,12/11:54,12/13:18,12/13:31,1:24:00,CGK,CGK,005,10,1,1,NML,4,2025
1574.,A320,PKAZL,AWQ,AWQ387,AWQ324,12/12:31,12/12:36,12/13:15,12/13:28,0:39:00,PEN,KUL,A01,10,1,1,NML,4,2025
1575.,A320,PKGQN,CTV,CTV487,CTV668,12/12:08,12/12:12,12/13:23,12/13:33,1:11:00,BDJ,DPS,007,10,1,1,NML,4,2025
1576.,B738,PKGFG,GIA,GIA290,GIA291,12/12:12,12/12:16,12/13:25,12/13:40,1:09:00,CGK,CGK,004,10,1,1,NML,4,2025
1577.,A320,PKGTE,CTV,CTV9692,CTV9693,12/12:52,12/12:56,12/13:31,12/13:45,0:35:00,DPS,DPS,006,10,1,1,NML,4,2025
1578.,B739,PKLFY,LNI,LNI787,LNI686,12/13:35,12/13:38,12/14:25,12/14:41,0:47:00,UPG,PKY,016,10,1,1,NML,4,2025
1579.,A320,PKSAF,SJV,SJV633,SJV2642,12/13:51,12/13:55,12/15:28,12/15:38,1:33:00,BDJ,AAP,010,10,1,1,NML,4,2025
1580.,B738,PKLKV,LNI,LNI839,LNI836,12/13:43,12/13:47,12/14:35,12/14:42,0:48:00,PNK,PNK,017,10,1,1,NML,4,2025
1581.,B739,PKLGS,LNI,LNI983,LNI910,12/13:47,12/13:50,12/15:12,12/15:22,1:22:00,PKU,DPS,015,10,1,1,NML,4,2025
1582.,A320,PKGLP,CTV,CTV431,CTV948,12/16:08,12/16:10,12/16:54,12/17:06,0:44:00,BPN,BTH,008,10,1,1,NML,4,2025
1583.,B738,PKGUE,GIA,GIA312,GIA317,12/13:37,12/13:41,12/14:37,12/14:51,0:56:00,CGK,CGK,004,10,1,1,NML,4,2025
1584.,B739,PKLQT,LNI,LNI823,LNI260,12/15:10,12/15:14,12/16:16,12/16:29,1:02:00,LOP,BPN,017,10,1,1,NML,4,2025
1585.,A320,PKLAF,BTK,BTK7515,BTK7514,12/14:14,12/14:18,12/15:21,12/15:33,1:03:00,HLP,HLP,008,10,1,1,NML,4,2025
1586.,B733F,PKMYV,MYU,MYU935,MYU815,12/13:53,12/13:56,12/14:29,12/14:36,0:32:57,SRG,CGK,C02,10,0,0,NML,4,2025
1587.,A320,PKPWK,PAS,PAS208,PAS209,12/13:59,12/14:02,12/14:56,12/15:09,0:54:00,CGK,CGK,006,10,1,1,NML,4,2025
1588.,B739,PKLSI,LNI,LNI261,LNI642,12/15:02,12/15:06,12/16:04,12/16:14,0:58:00,BPN,LOP,016,10,1,1,NML,4,2025
1589.,B738,PKGMY,GIA,GIA330,GIA331,12/14:04,12/14:06,12/15:06,12/15:17,1:00:00,HLP,HLP,005,10,1,1,NML,4,2025
1590.,B739,PKLGY,LNI,LNI707,LNI886,12/16:59,12/17:03,12/18:01,12/18:18,0:57:39,UPG,UPG,015,10,1,1,NML,4,2025
1591.,A320,PKBKV,BTK,BTK6406,BTK6220,12/14:39,12/14:41,12/15:35,12/15:45,0:54:00,CGK,BPN,012,10,1,1,NML,4,2025
1592.,B738,PKLOJ,LNI,LNI879,LNI581,12/11:01,12/11:08,12/16:28,12/16:43,5:20:00,AMQ,CGK,020,10,0,0,NML,4,2025
1593.,A320,PKSAA,SJV,SJV641,SJV614,12/13:41,12/13:45,12/15:53,12/16:03,2:08:00,AAP,BPN,018,10,0,0,NML,4,2025
1594.,A320,PKGQS,CTV,CTV699,CTV434,12/14:21,12/14:24,12/15:19,12/15:31,0:55:00,DPS,BPN,007,10,1,1,NML,4,2025
1595.,B739,PKLHL,LNI,LNI919,LNI920,12/14:49,12/14:52,12/15:46,12/15:59,0:54:00,DPS,DPS,014,10,1,1,NML,4,2025
1596.,A320,PKLUK,BTK,BTK7501,BTK7512,12/15:43,12/15:47,12/16:45,12/16:55,0:58:00,HLP,HLP,010,10,1,1,NML,4,2025
1597.,B738,9MMLU,MAS,MAS873,MAS872,12/14:54,12/15:01,12/15:48,12/16:01,0:47:00,KUL,KUL,A07,10,1,1,NML,4,2025
1598.,B735,PKNAT,LKN,LKN1930,LKN1920,12/15:29,12/15:32,12/16:12,12/16:23,0:40:00,PKN,PKN,011,10,1,1,NML,4,2025
1599.,A320,PKLUG,BTK,BTK6347,BTK6401,12/16:17,12/16:20,12/17:28,12/17:45,1:08:00,BEJ,CGK,009,10,1,1,NML,4,2025
1600.,A320,PKSJD,SJV,SJV643,SJV672,12/15:19,12/15:23,12/16:24,12/16:37,1:01:00,AAP,BEJ,015,10,1,1,NML,4,2025
1601.,B739,PKLHH,LNI,LNI681,LNI316,12/15:47,12/15:51,12/17:28,12/17:49,1:37:00,PKY,BDJ,014,10,1,1,NML,4,2025
1602.,B738,PKGFH,GIA,GIA310,GIA315,12/15:22,12/15:25,12/16:25,12/16:39,1:00:00,CGK,CGK,004,10,1,1,NML,4,2025
1603.,A320,PKSTD,SJV,SJV715,SJV714,12/16:05,12/16:09,12/17:03,12/17:15,0:54:00,LOP,LOP,012,10,1,1,NML,4,2025
1604.,B738MAX,PKOFI,AFE,AFE920,AFE920,12/15:59,12/16:01,12/16:44,12/16:57,0:43:00,TIM,CGK,005,10,1,1,NML,4,2025
1605.,A320,PKPWG,PAS,PAS206,PAS623,12/15:35,12/15:39,12/16:39,12/16:53,1:00:00,CGK,BPN,006,10,1,1,NML,4,2025
1606.,B739,PKLSK,LNI,LNI695,LNI268,12/16:27,12/16:30,12/17:24,12/17:40,0:53:37,KOE,TRK,016,10,1,1,NML,4,2025
1607.,B739,PKLGV,LNI,LNI692,LNI692,12/17:31,12/17:35,12/18:46,12/18:53,1:11:00,CGK,KOE,020,10,0,0,NML,4,2025
1608.,A320,PKSAF,SJV,SJV2643,SJV648,12/18:55,12/18:59,12/19:56,12/20:09,0:57:00,AAP,BPN,012,10,1,1,NML,4,2025
1609.,A320,PKGQM,CTV,CTV174,CTV418,12/15:54,12/15:57,12/16:46,12/17:01,0:49:00,HLP,PNK,007,10,1,1,NML,4,2025
1610.,A320,PKGTK,CTV,CTV495,CTV721,12/16:11,12/16:18,12/17:02,12/17:13,0:44:00,BDJ,CGK,011,10,1,1,NML,4,2025
1611.,B738,PKLKP,LNI,LNI709,LNI884,12/18:32,12/18:37,12/19:56,12/20:05,1:18:51,UPG,UPG,025,10,0,0,NML,4,2025
1612.,B739,PKLKM,LNI,LNI972,LNI226,12/17:11,12/17:14,12/18:03,12/18:13,0:49:00,BTH,BDJ,017,10,1,1,NML,4,2025
1613.,B738,PKLSF,LNI,LNI869,LNI838,12/12:21,12/12:26,12/17:35,12/17:52,5:08:41,TTE,PNK,021,10,0,0,NML,4,2025
1614.,A320,PKAZP,AWQ,AWQ323,AWQ326,12/17:36,12/17:40,12/18:13,12/18:23,0:33:00,KUL,KUL,A01,10,1,1,NML,4,2025
1615.,A320,PKGTE,CTV,CTV669,CTV488,12/16:34,12/16:42,12/17:40,12/17:54,0:58:00,DPS,BDJ,003,10,0,0,NML,4,2025
1616.,A320,PKSAP,SJV,SJV723,SJV708,12/17:34,12/17:37,12/18:25,12/18:41,0:48:00,DPS,DPS,011,10,1,1,NML,4,2025
1617.,A320,PKPWL,PAS,PAS622,PAS207,12/17:28,12/17:32,12/18:09,12/18:21,0:36:50,BPN,CGK,006,10,1,1,NML,4,2025
1618.,B738,PKGMF,GIA,GIA349,GIA313,12/17:38,12/17:42,12/18:29,12/18:43,0:47:00,DPS,CGK,005,10,1,1,NML,4,2025
1619.,B739,PKLFY,LNI,LNI687,LNI800,12/17:22,12/17:26,12/18:40,12/18:57,1:14:00,PKY,UPG,018,10,0,0,NML,4,2025
1620.,A320,PKGQO,CTV,CTV718,CTV719,12/17:18,12/17:22,12/18:26,12/18:36,1:04:00,CGK,CGK,007,10,1,1,NML,4,2025
1621.,A320,PKLUQ,BTK,BTK7503,BTK7502,12/17:46,12/17:50,12/18:34,12/18:52,0:44:00,HLP,HLP,009,10,1,1,NML,4,2025
1622.,B735,PKCLE,SJY,SJY567,SJY562,12/17:50,12/17:54,12/18:47,12/18:59,0:53:00,UPG,UPG,010,10,1,1,NML,4,2025
1623.,A320,PKSAE,SJV,SJV637,SJV716,12/18:03,12/18:07,12/19:49,12/20:04,1:42:00,BDJ,LOP,026,10,0,0,NML,4,2025
1624.,A320,PKGQC,CTV,CTV172,CTV173,12/18:38,12/18:40,12/19:17,12/19:27,0:37:00,HLP,HLP,008,10,1,1,NML,4,2025
1625.,B738,PKGFG,GIA,GIA320,GIA325,12/17:24,12/17:28,12/18:55,12/19:10,1:27:00,CGK,CGK,004,10,1,1,NML,4,2025
1626.,B738MAX,9VMBB,SIA,SIA928,SIA929,12/18:10,12/18:16,12/19:05,12/19:22,0:49:00,SIN,SIN,A07,10,1,1,NML,4,2025
1627.,B738,PKLBW,BTK,BTK6576,BTK6575,12/19:19,12/19:23,12/20:18,12/20:35,0:55:00,CGK,CGK,010,10,1,1,NML,4,2025
1628.,A320,PKGQR,CTV,CTV736,CTV352,12/18:47,12/18:52,12/19:38,12/19:57,0:45:31,CGK,UPG,005,10,1,1,NML,4,2025
1629.,A320,PKGLR,CTV,CTV949,CTV494,12/18:28,12/18:32,12/19:31,12/19:42,0:59:00,BTH,BDJ,007,10,1,1,NML,4,2025
1630.,B739,PKLGS,LNI,LNI923,LNI643,12/17:42,12/17:46,12/20:14,12/20:29,2:28:00,DPS,YIA,016,10,1,1,NML,4,2025
1631.,B739,PKLSI,LNI,LNI865,LNI880,12/18:41,12/18:44,12/20:02,12/20:14,1:17:52,LOP,UPG,011,10,1,1,NML,4,2025
1632.,A320,PKPWE,PAS,PAS202,PAS203,12/18:45,12/18:50,12/19:43,12/20:00,0:53:00,CGK,CGK,006,10,1,1,NML,4,2025
1633.,B738,PKGFP,GIA,GIA326,GIA319,12/19:02,12/19:05,12/19:54,12/20:04,0:49:00,CGK,CGK,004,10,1,1,NML,4,2025
1634.,A320,PKGQS,CTV,CTV435,CTV737,12/19:05,12/19:08,12/20:06,12/20:18,0:58:00,BPN,CGK,009,10,1,1,NML,4,2025
1635.,A320,PKGLX,CTV,CTV724,CTV354,12/19:16,12/19:20,12/20:20,12/20:32,1:00:00,CGK,UPG,003,10,0,0,NML,4,2025
1636.,A320,PKGQT,CTV,CTV489,CTV693,12/19:45,12/19:49,12/20:28,12/20:39,0:39:00,BDJ,DPS,008,10,1,1,NML,4,2025
1637.,B738,PKBGF,BTK,BTK6586,BTK6587,12/19:52,12/19:55,12/21:48,12/22:02,1:53:00,CGK,CGK,014,10,1,1,NML,4,2025
1638.,A320,PKLAW,BTK,BTK6137,BTK6136,12/21:25,12/21:29,12/22:18,12/22:29,0:49:00,UPG,UPG,011,10,1,1,NML,4,2025
1639.,B738,PKLKP,LNI,LNI883,LNI878,13/00:28,13/00:31,13/05:01,13/05:10,4:30:00,UPG,AMQ,011,28,1,1,NML,4,2025
1640.,A320,PKAZL,AWQ,AWQ325,AWQ320,12/19:12,12/19:17,13/05:00,13/05:12,9:43:00,KUL,KUL,A03,28,1,1,NML,4,2025
1641.,A320,PKSAA,SJV,SJV619,SJV610,12/19:58,12/20:02,13/05:02,13/05:17,9:00:00,BPN,BPN,020,28,0,0,NML,4,2025
1642.,A320,PKGTK,CTV,CTV726,CTV430,12/20:28,12/20:33,13/04:59,13/05:19,8:26:00,CGK,BPN,007,28,1,1,NML,4,2025
1643.,B739,PKLGV,LNI,LNI701,LNI786,12/23:10,12/23:14,13/05:08,13/05:21,5:54:00,UPG,UPG,014,28,1,1,NML,4,2025
1644.,B738,PKGMA,GIA,GIA328,GIA301,12/19:54,12/19:58,13/05:01,13/05:15,9:03:00,CGK,CGK,005,28,1,1,NML,4,2025
1645.,B739,PKLGO,LNI,LNI643D,LNI971,12/16:40,12/16:45,13/05:35,13/05:44,12:50:00,YIA,BTH,023,28,0,0,NML,4,2025
1646.,A320,PKGLG,CTV,CTV720,CTV725,12/21:05,12/21:09,13/05:41,13/05:49,8:32:00,CGK,CGK,008,28,1,1,NML,4,2025
1647.,B739,PKLGJ,LNI,LNI690,LNI690,13/05:02,13/05:08,13/07:16,13/07:24,2:08:00,CGK,KOE,010,28,1,1,NML,4,2025
1648.,A320,PKSJV,SJV,SJV615,SJV706,12/23:59,13/00:03,13/06:00,13/06:07,5:57:00,BPN,DPS,016,28,1,1,NML,4,2025
1649.,B739,PKLGY,LNI,LNI885,LNI882,12/22:26,12/22:31,13/06:22,13/06:34,7:51:00,UPG,UPG,C04,28,0,0,NML,4,2025
1650.,A320,PKGQR,CTV,CTV353,CTV484,13/05:06,13/05:12,13/05:51,13/05:58,0:39:00,UPG,BDJ,007,28,1,1,NML,4,2025
1651.,A320,PKLUY,BTK,BTK7521,BTK6589,12/20:22,12/20:25,13/06:01,13/06:09,9:36:00,HLP,CGK,012,28,1,1,NML,4,2025
1652.,A320,PKSJD,SJV,SJV673,SJV640,12/20:47,12/20:53,13/06:10,13/06:19,9:17:00,BEJ,AAP,022,28,0,0,NML,4,2025
1653.,A320,PKPWJ,PAS,PAS212,PAS213,12/20:25,12/20:29,13/05:56,13/06:04,9:27:00,CGK,CGK,006,28,1,1,NML,4,2025
1654.,A320,PKBKY,BTK,BTK6413,BTK6412,12/19:49,12/19:53,13/06:26,13/06:36,10:33:00,DPS,DPS,018,28,0,0,NML,4,2025
1655.,B738MAX,PKOFI,AFE,AFE921,AFE921,13/05:40,13/05:48,13/06:23,13/06:33,0:35:00,CGK,TIM,005,28,1,1,NML,4,2025
1656.,A320,PKSGD,SJV,SJV617,SJV634,12/22:00,12/22:04,13/08:14,13/08:24,10:10:00,BPN,BDJ,C03,28,0,0,NML,4,2025
1657.,B739,PKLJI,LNI,LNI311,LNI266,13/06:13,13/06:19,13/07:31,13/07:38,1:12:00,BDJ,BPN,008,28,1,1,NML,4,2025
1658.,A320,PKSJG,SJV,SJV717,SJV566,13/06:10,13/06:15,13/07:11,13/07:19,0:56:00,LOP,PLW,011,28,1,1,NML,4,2025
1659.,A320,PKBKV,BTK,BTK6221,BTK6135,12/19:08,12/19:12,13/07:11,13/07:21,11:59:00,BPN,PKN,017,28,1,1,NML,4,2025
1660.,B738,PKGUG,GIA,GIA324,GIA305,12/20:52,12/20:56,13/07:05,13/07:15,10:09:00,CGK,CGK,004,28,1,1,NML,4,2025
1661.,B738,PKGNC,GIA,GIA855,GIA854,12/21:20,12/21:26,13/06:52,13/07:06,9:26:00,SIN,SIN,A02,28,1,1,NML,4,2025
1662.,B739,PKLSH,LNI,LNI363,LNI646,13/06:17,13/06:23,13/07:21,13/07:28,0:58:00,BPN,LOP,014,28,1,1,NML,4,2025
1663.,B739,PKLHL,LNI,LNI929,LNI982,13/06:49,13/06:53,13/07:55,13/08:05,1:02:00,DPS,PKU,018,28,0,0,NML,4,2025
1664.,A320,PKLAY,BTK,BTK6588,BTK7510,12/22:36,12/22:40,13/07:25,13/07:32,8:45:00,CGK,HLP,009,28,1,1,NML,4,2025
1665.,A320,PKGQT,CTV,CTV690,CTV460,13/06:59,13/07:04,13/07:40,13/07:49,0:36:00,DPS,AAP,005,28,1,1,NML,4,2025
1666.,A320,PKAZP,AWQ,AWQ327,AWQ392,13/00:02,13/00:08,13/07:25,13/07:36,7:17:00,KUL,JHB,A01,28,1,1,NML,4,2025
1667.,B739,PKLFY,LNI,LNI693,LNI693,13/06:45,13/06:50,13/07:49,13/07:58,0:59:00,KOE,CGK,016,28,1,1,NML,4,2025
1668.,A320,PKGQP,CTV,CTV170,CTV175,13/07:04,13/07:11,13/08:01,13/08:08,0:50:00,HLP,HLP,007,28,1,1,NML,4,2025
1669.,A320,PKGQQ,CTV,CTV712,CTV713,13/07:12,13/07:20,13/08:07,13/08:14,0:47:00,CGK,CGK,006,28,1,1,NML,4,2025
1670.,A333,BHLU,CPA,CPA779,CPA780,12/18:15,12/18:22,13/08:08,13/08:21,13:46:00,HKG,HKG,A08,28,1,1,NML,4,2025
1671.,B739,PKLGS,LNI,LNI801,LNI990,13/06:38,13/06:43,13/08:25,13/08:34,1:42:00,UPG,DPS,012,28,1,1,NML,4,2025
1672.,B738,PKLSF,LNI,LNI837,LNI868,13/07:47,13/07:53,13/09:05,13/09:15,1:12:00,PNK,TTE,011,10,1,1,NML,4,2025
1673.,A320,PKBKM,BTK,BTK6572,BTK6573,13/07:52,13/07:58,13/08:49,13/09:00,0:51:00,CGK,CGK,009,10,1,1,NML,4,2025
1674.,B738,PKLDM,MXD,MXD352,MXD353,12/19:40,12/19:45,13/08:30,13/08:42,12:45:00,KUL,KUL,A04,28,1,1,NML,4,2025
1675.,A320,PKGQU,CTV,CTV355,CTV171,13/07:39,13/07:45,13/08:39,13/08:48,0:54:00,UPG,HLP,008,28,1,1,NML,4,2025
1676.,B739,PKLSO,LNI,LNI315,LNI222,13/07:55,13/08:01,13/08:55,13/09:07,0:54:00,BDJ,BDJ,014,10,1,1,NML,4,2025
1677.,B738,PKLKW,LNI,LNI727,LNI748,12/20:06,12/20:10,13/09:06,13/09:17,12:56:00,KDI,MDC,021,10,0,0,NML,4,2025
"1678.,A339,PKLEJ,LNI,LNI075,LNI078,11/14:13,13/06:44,13/08:53,13/09:05,""1 day, 18:32:00"",JED,MED,A07,28,1,1,NML,4,2025"
1679.,A320,PKBLD,BTK,BTK6594,BTK6391,12/21:17,12/21:21,13/08:59,13/09:09,11:38:00,CGK,CGK,015,10,1,1,NML,4,2025
1680.,A320,PKSJC,SJV,SJV649,SJV618,13/07:43,13/07:49,13/09:00,13/09:13,1:11:00,BPN,BPN,010,10,1,1,NML,4,2025
1681.,B739,PKLSK,LNI,LNI267,LNI856,13/07:07,13/07:12,13/09:10,13/09:22,1:58:00,TRK,PLM,020,10,0,0,NML,4,2025
1682.,A320,PKSAP,SJV,SJV727,SJV612,12/20:58,12/21:02,13/10:02,13/10:12,13:00:00,DPS,BPN,024,10,0,0,NML,4,2025
1683.,B738,PKGMD,GIA,GIA304,GIA342,13/08:17,13/08:23,13/09:23,13/09:38,1:00:00,CGK,DPS,004,10,1,1,NML,4,2025
1684.,A320,PKGQR,CTV,CTV485,CTV486,13/08:32,13/08:37,13/09:24,13/09:36,0:47:00,BDJ,BDJ,006,10,1,1,NML,4,2025
1685.,A320,PKSAA,SJV,SJV611,SJV642,13/08:38,13/08:44,13/09:30,13/09:41,0:46:00,BPN,AAP,012,10,1,1,NML,4,2025
1686.,A320,PKSJV,SJV,SJV703,SJV702,13/08:28,13/08:33,13/09:33,13/09:43,1:00:00,DPS,DPS,018,10,0,0,NML,4,2025
1687.,B738,9MMXO,MAS,MAS871,MAS870,13/09:11,13/09:17,13/10:14,13/10:30,0:57:00,KUL,KUL,A06,10,1,1,NML,4,2025
1688.,B739,PKLSY,LNI,LNI683,LNI682,13/09:24,13/09:27,13/10:27,13/10:41,1:00:00,PKY,PKY,016,10,1,1,NML,4,2025
1689.,B735,PKNAT,LKN,LKN243,LKN242,13/09:34,13/09:39,13/10:21,13/10:34,0:42:00,SMQ,SMQ,010,10,1,1,NML,4,2025
1690.,A359,9VSHB,SIA,SIA922,SIA923,13/09:02,13/09:07,13/10:06,13/10:20,0:59:00,SIN,SIN,A08,10,1,1,NML,4,2025
1691.,A320,PKGTA,CTV,CTV722,CTV723,13/09:20,13/09:24,13/10:24,13/10:37,1:00:00,CGK,CGK,009,10,1,1,NML,4,2025
1692.,A320,PKSGD,SJV,SJV635,SJV632,13/11:08,13/11:11,13/12:04,13/12:17,0:53:00,BDJ,BDJ,010,10,1,1,NML,4,2025
1693.,A320,PKGTG,CTV,CTV351,CTV350,13/09:27,13/09:30,13/10:16,13/10:32,0:46:00,UPG,UPG,007,10,1,1,NML,4,2025
1694.,B739,PKLGY,LNI,LNI791,LNI706,13/11:35,13/11:38,13/12:33,13/12:45,0:55:00,UPG,UPG,014,10,1,1,NML,4,2025
1695.,A320,PKGQO,CTV,CTV417,CTV715,13/11:56,13/12:01,13/12:41,13/12:54,0:40:00,PNK,CGK,004,10,1,1,NML,4,2025
1696.,A320,9VTRS,TGW,TGW296,TGW297,13/09:49,13/09:55,13/10:52,13/11:00,0:57:00,SIN,SIN,A02,10,1,1,NML,4,2025
1697.,B739,PKLQR,LNI,LNI970,LNI973,13/09:44,13/09:47,13/10:57,13/11:10,1:10:00,BTH,BTH,014,10,1,1,NML,4,2025
1698.,A320,PKPWJ,PAS,PAS210,PAS211,13/09:31,13/09:34,13/10:33,13/10:48,0:59:00,CGK,CGK,005,10,1,1,NML,4,2025
1699.,A320,PKSJV,SJV,SJV705,SJV704,13/12:23,13/12:27,13/13:42,13/13:55,1:15:00,DPS,DPS,018,10,0,0,NML,4,2025
1700.,A320,PKBKV,BTK,BTK6134,BTK6346,13/09:52,13/09:55,13/10:56,13/11:06,1:01:00,PKN,BEJ,011,10,1,1,NML,4,2025
1701.,A320,PKLUK,BTK,BTK7513,BTK7516,13/10:18,13/10:21,13/11:14,13/11:25,0:53:00,HLP,HLP,008,10,1,1,NML,4,2025
1702.,B739,PKLSH,LNI,LNI645,LNI822,13/10:22,13/10:27,13/11:16,13/11:29,0:49:00,LOP,LOP,012,10,1,1,NML,4,2025
1703.,B739,PKLHI,LNI,LNI694,LNI694,13/10:30,13/10:35,13/12:02,13/12:14,1:27:00,CGK,KOE,015,10,1,1,NML,4,2025
1704.,B739,PKLJI,LNI,LNI367,LNI262,13/11:13,13/11:15,13/12:11,13/12:22,0:56:00,BPN,BPN,011,10,1,1,NML,4,2025
1705.,A320,PKAZL,AWQ,AWQ321,AWQ322,13/10:46,13/10:51,13/11:28,13/11:38,0:37:00,KUL,KUL,A01,10,1,1,NML,4,2025
1706.,B739,PKLGJ,LNI,LNI697,LNI697,13/12:05,13/12:08,13/13:37,13/13:48,1:29:00,KOE,CGK,016,10,1,1,NML,4,2025
1707.,B738,PKGFD,GIA,GIA322,GIA327,13/10:00,13/10:04,13/11:31,13/11:43,1:27:00,CGK,CGK,004,10,1,1,NML,4,2025
1708.,A320,PKLAY,BTK,BTK7517,BTK7520,13/11:23,13/11:26,13/12:22,13/12:33,0:56:00,HLP,HLP,009,10,1,1,NML,4,2025
1709.,B738,PKLZZ,MXD,MXD350,MXD351,13/11:04,13/11:10,13/12:02,13/12:11,0:52:00,KUL,KUL,A04,10,1,1,NML,4,2025
1710.,A320,PKGQT,CTV,CTV461,CTV698,13/11:27,13/11:30,13/12:11,13/12:25,0:41:00,AAP,DPS,006,10,1,1,NML,4,2025
1711.,B739,PKLGS,LNI,LNI805,LNI804,13/11:17,13/11:22,13/12:08,13/12:19,0:46:00,DPS,DPS,012,10,1,1,NML,4,2025
1712.,A320,PKGLY,CTV,CTV9692,CTV9693,13/11:31,13/11:35,13/12:17,13/12:28,0:42:00,DPS,DPS,007,10,1,1,NML,4,2025
1713.,A320,PKSJG,SJV,SJV567,SJV636,13/11:52,13/11:56,13/13:09,13/13:19,1:13:00,PLW,BDJ,017,10,1,1,NML,4,2025
1714.,B739,PKLSO,LNI,LNI223,LNI680,13/12:09,13/12:13,13/13:13,13/13:23,1:00:00,BDJ,PKY,015,10,1,1,NML,4,2025
1715.,B735,PKNAS,LKN,LKN193,LKN192,13/12:12,13/12:16,13/13:08,13/13:22,0:52:00,PKN,PKN,010,10,1,1,NML,4,2025
1716.,A320,PKBKM,BTK,BTK6582,BTK6581,13/12:52,13/12:56,13/13:56,13/14:06,1:00:00,CGK,CGK,009,10,1,1,NML,4,2025
1717.,A320,PKPWL,PAS,PAS204,PAS205,13/11:49,13/11:52,13/13:24,13/13:39,1:32:00,CGK,CGK,005,10,1,1,NML,4,2025
1718.,A320,PKAZP,AWQ,AWQ393,AWQ324,13/12:31,13/12:36,13/13:16,13/13:24,0:40:00,JHB,KUL,A01,10,1,1,NML,4,2025
1719.,A320,PKGQR,CTV,CTV487,CTV668,13/12:01,13/12:03,13/13:19,13/13:32,1:16:00,BDJ,DPS,008,10,1,1,NML,4,2025
1720.,B739,PKLHL,LNI,LNI983,LNI780,13/13:41,13/13:44,13/15:01,13/15:13,1:17:00,PKU,UPG,015,10,1,1,NML,4,2025
1721.,B738,PKLKV,LNI,LNI839,LNI722,13/13:37,13/13:41,13/14:44,13/15:08,1:03:00,PNK,KDI,014,10,1,1,NML,4,2025
1722.,B739,PKLSR,LNI,LNI787,LNI686,13/14:46,13/14:49,13/15:49,13/16:02,1:00:00,UPG,PKY,017,10,1,1,NML,4,2025
1723.,A320,PKSGD,SJV,SJV633,SJV726,13/15:08,13/15:12,13/16:14,13/16:25,1:02:00,BDJ,LBJ,009,10,1,1,NML,4,2025
1724.,B739,PKLSK,LNI,LNI857,LNI910,13/13:33,13/13:39,13/14:46,13/14:57,1:07:00,PLM,DPS,012,10,1,1,NML,4,2025
1725.,A320,PKGTK,CTV,CTV431,CTV948,13/13:49,13/13:52,13/14:40,13/14:50,0:48:00,BPN,BTH,007,10,1,1,NML,4,2025
1726.,B738,PKGFG,GIA,GIA312,GIA317,13/13:26,13/13:30,13/14:34,13/14:48,1:04:00,CGK,CGK,004,10,1,1,NML,4,2025
1727.,A320,9VJSO,JSA,JSA247,JSA248,13/13:57,13/14:03,13/15:03,13/15:15,1:00:00,SIN,SIN,A07,10,1,1,NML,4,2025
1728.,A320,PKLUH,BTK,BTK7515,BTK7514,13/13:45,13/13:49,13/14:59,13/15:12,1:10:00,HLP,HLP,010,10,1,1,NML,4,2025
1729.,A320,PKPWE,PAS,PAS208,PAS209,13/13:53,13/13:57,13/14:53,13/15:05,0:56:00,CGK,CGK,006,10,1,1,NML,4,2025
1730.,B739,PKLSH,LNI,LNI823,LNI800,13/14:04,13/14:08,13/16:25,13/16:36,2:17:00,LOP,UPG,016,10,1,1,NML,4,2025
1731.,B739,PKLGS,LNI,LNI919,LNI642,13/16:05,13/16:09,13/16:58,13/17:07,0:49:00,DPS,LOP,011,10,1,1,NML,4,2025
1732.,B738,PKGNM,GIA,GIA330,GIA331,13/14:13,13/14:17,13/15:12,13/15:27,0:55:00,HLP,HLP,005,10,1,1,NML,4,2025
1733.,A320,PKLAL,BTK,BTK6406,BTK6220,13/16:16,13/16:20,13/17:25,13/17:37,1:05:00,CGK,BPN,021,10,0,0,NML,4,2025
1734.,B738,PKLKW,LNI,LNI749,LNI581,13/15:21,13/15:26,13/16:22,13/16:33,0:56:00,MDC,CGK,012,10,1,1,NML,4,2025
1735.,A320,PKGQT,CTV,CTV699,CTV434,13/14:40,13/14:47,13/15:28,13/15:40,0:41:00,DPS,BPN,008,10,1,1,NML,4,2025
1736.,B738,PKLSF,LNI,LNI869,LNI836,13/15:03,13/15:06,13/16:11,13/16:22,1:05:00,TTE,PNK,018,10,0,0,NML,4,2025
1737.,A320,PKSAA,SJV,SJV641,SJV614,13/13:29,13/13:32,13/15:26,13/15:37,1:54:00,AAP,BPN,011,10,1,1,NML,4,2025
1738.,B739,PKLGY,LNI,LNI707,LNI920,13/16:49,13/16:52,13/18:00,13/18:12,1:08:00,UPG,DPS,017,10,1,1,NML,4,2025
1739.,B739,PKLJI,LNI,LNI261,LNI260,13/15:51,13/15:54,13/16:46,13/17:01,0:52:00,BPN,BPN,014,10,1,1,NML,4,2025
1740.,A320,PKLAY,BTK,BTK7501,BTK7512,13/15:56,13/16:00,13/17:11,13/17:23,1:11:00,HLP,HLP,008,10,1,1,NML,4,2025
1741.,B738,9MMLO,MAS,MAS873,MAS872,13/14:59,13/15:10,13/15:52,13/16:05,0:42:00,KUL,KUL,A07,10,1,1,NML,4,2025
"1742.,CL600,PKKAS,CEO,CEO31,CEO031,11/10:27,13/10:14,13/15:42,13/15:43,""2 days, 5:11:00"",HLP,HLP,001,10,0,0,NML,4,2025"
1743.,A320,PKBKV,BTK,BTK6347,BTK6401,13/15:24,13/15:28,13/17:24,13/17:35,1:56:00,BEJ,CGK,010,10,1,1,NML,4,2025
1744.,A320,PKSTZ,SJV,SJV643,SJV672,13/16:31,13/16:35,13/17:42,13/17:53,1:07:00,AAP,BEJ,012,10,1,1,NML,4,2025
1745.,A320,PKSJG,SJV,SJV637,SJV648,13/16:27,13/16:32,13/17:15,13/17:30,0:43:00,BDJ,BPN,009,10,1,1,NML,4,2025
1746.,A320,PKSJP,SJV,SJV715,SJV714,13/16:39,13/16:43,13/17:37,13/17:47,0:54:00,LOP,LOP,022,10,0,0,NML,4,2025
1747.,B738,PKGFD,GIA,GIA310,GIA315,13/15:18,13/15:22,13/16:37,13/16:46,1:15:00,CGK,CGK,004,10,1,1,NML,4,2025
1748.,B739,PKLHI,LNI,LNI695,LNI316,13/16:43,13/16:46,13/17:46,13/17:49,1:00:00,KOE,BDJ,016,10,1,1,NML,4,2025
1749.,A320,PKPWC,PAS,PAS206,PAS623,13/15:58,13/16:02,13/16:42,13/16:56,0:40:00,CGK,BPN,005,10,1,1,NML,4,2025
1750.,B739,PKLSO,LNI,LNI681,LNI268,13/16:02,13/16:05,13/17:34,13/17:44,1:29:00,PKY,TRK,015,10,1,1,NML,4,2025
1751.,A320,PKGQU,CTV,CTV174,CTV418,13/16:20,13/16:24,13/17:01,13/17:18,0:37:00,HLP,PNK,007,10,1,1,NML,4,2025
1752.,A320,PKGTA,CTV,CTV495,CTV721,13/16:10,13/16:13,13/17:05,13/17:20,0:52:00,BDJ,CGK,006,10,1,1,NML,4,2025
1753.,B739,PKLGW,LNI,LNI692,LNI692,13/17:21,13/17:24,13/18:16,13/18:26,0:52:00,CGK,KOE,014,10,1,1,NML,4,2025
1754.,B738,PKLOP,LNI,LNI709,LNI884,13/19:06,13/19:10,13/20:18,13/20:32,1:08:00,UPG,UPG,016,10,1,1,NML,4,2025
1755.,A320,PKGLY,CTV,CTV669,CTV488,13/16:23,13/16:26,13/17:16,13/17:28,0:50:00,DPS,BDJ,003,10,0,0,NML,4,2025
1756.,B738,PKLKP,LNI,LNI879,LNI838,13/15:32,13/15:36,13/17:49,13/18:00,2:13:00,AMQ,PNK,020,10,0,0,NML,4,2025
1757.,A320,PKAZL,AWQ,AWQ323,AWQ326,13/17:25,13/17:30,13/18:06,13/18:15,0:36:00,KUL,KUL,A01,10,1,1,NML,4,2025
1758.,B739,PKLSK,LNI,LNI923,LNI3318,13/17:53,13/17:57,13/20:05,13/20:13,2:08:00,DPS,BDJ,015,10,1,1,NML,4,2025
1759.,A320,PKGLR,CTV,CTV718,CTV719,13/16:58,13/17:04,13/17:56,13/18:11,0:52:00,CGK,CGK,007,10,1,1,NML,4,2025
1760.,A320,PKSAA,SJV,SJV617,SJV708,13/19:15,13/19:18,13/20:09,13/20:19,0:51:00,BPN,DPS,012,10,1,1,NML,4,2025
1761.,A320,PKPWJ,PAS,PAS622,PAS207,13/17:32,13/17:35,13/18:20,13/18:32,0:45:00,BPN,CGK,006,10,1,1,NML,4,2025
1762.,GLF4,VPCWS,JUK,VPCWS,VPCWS,13/17:16,13/17:20,13/17:53,13/17:59,0:33:00,LBJ,HLP,002,10,0,0,NML,4,2025
1763.,B738,PKGMD,GIA,GIA349,GIA313,13/17:42,13/17:45,13/18:34,13/18:48,0:49:00,DPS,CGK,005,10,1,1,NML,4,2025
1764.,A320,PKSGD,SJV,SJV725,SJV716,13/19:53,13/19:58,13/20:46,13/20:56,0:48:00,LBJ,LOP,021,10,0,0,NML,4,2025
1765.,B735,PKCLE,SJY,SJY567,SJY562,13/17:57,13/18:00,13/18:45,13/18:58,0:45:00,UPG,UPG,011,10,1,1,NML,4,2025
1766.,A320,PKLUK,BTK,BTK7503,BTK7502,13/18:20,13/18:23,13/19:07,13/19:21,0:44:00,HLP,HLP,009,10,1,1,NML,4,2025
1767.,A320,PKGQC,CTV,CTV172,CTV173,13/18:06,13/18:10,13/18:54,13/19:05,0:44:00,HLP,HLP,007,10,1,1,NML,4,2025
1768.,B738,PKGUA,GIA,GIA320,GIA325,13/17:50,13/17:57,13/18:59,13/19:15,1:02:00,CGK,CGK,004,10,1,1,NML,4,2025
1769.,B738MAX,9VMBH,SIA,SIA928,SIA929,13/18:08,13/18:15,13/19:07,13/19:27,0:52:00,SIN,SIN,A02,10,1,1,NML,4,2025
1770.,B738,PKLBW,BTK,BTK6576,BTK6575,13/19:22,13/19:25,13/20:40,13/20:45,1:15:00,CGK,CGK,009,10,1,1,NML,4,2025
1771.,A320,PKGLG,CTV,CTV949,CTV494,13/18:39,13/18:43,13/19:26,13/19:36,0:43:00,BTH,BDJ,008,10,1,1,NML,4,2025
1772.,A320,PKGLX,CTV,CTV736,CTV352,13/19:03,13/19:07,13/19:47,13/19:59,0:40:00,CGK,UPG,007,10,1,1,NML,4,2025
1773.,B788,9VOFD,TGW,TGW266,TGW267,13/18:55,13/19:01,13/20:02,13/20:15,1:01:00,SIN,SIN,A07,10,1,1,NML,4,2025
1774.,B739,PKLSR,LNI,LNI687,LNI880,13/18:35,13/18:39,13/22:00,13/22:12,3:21:00,PKY,UPG,010,10,1,1,NML,4,2025
1775.,A320,PKLAY,BTK,BTK7519,BTK7518,13/20:33,13/20:39,13/21:35,13/21:45,0:56:00,HLP,HLP,008,10,1,1,NML,4,2025
1776.,B739,PKLSU,LNI,LNI972,LNI226,13/19:43,13/19:47,13/20:38,13/20:49,0:51:00,BTH,BDJ,017,10,1,1,NML,4,2025
1777.,A320,PKPWE,PAS,PAS202,PAS203,13/18:46,13/18:48,13/19:40,13/19:55,0:52:00,CGK,CGK,005,10,1,1,NML,4,2025
1778.,B738,PKGFR,GIA,GIA326,GIA319,13/18:59,13/19:03,13/20:03,13/20:18,1:00:00,CGK,CGK,004,10,1,1,NML,4,2025
1779.,A320,PKGQT,CTV,CTV435,CTV737,13/19:10,13/19:13,13/20:13,13/20:26,1:00:00,BPN,CGK,006,10,1,1,NML,4,2025
1780.,A320,PKGLU,CTV,CTV724,CTV354,13/19:33,13/19:36,13/20:18,13/20:33,0:42:00,CGK,UPG,003,10,0,0,NML,4,2025
1781.,A320,PKGQG,CTV,CTV489,CTV693,13/19:37,13/19:44,13/20:27,13/20:42,0:43:00,BDJ,DPS,005,10,1,1,NML,4,2025
1782.,B738,PKLZV,BTK,BTK6586,BTK6587,13/19:47,13/19:50,13/21:00,13/21:12,1:10:00,CGK,CGK,014,10,1,1,NML,4,2025
1783.,A320,PKLUU,BTK,BTK7521,BTK6136,13/21:14,13/21:18,13/22:31,13/22:42,1:13:00,HLP,UPG,009,10,1,1,NML,4,2025
1784.,A320,PKGLR,CTV,CTV720,CTV430,13/21:42,13/21:46,14/04:52,14/05:06,7:06:00,CGK,BPN,003,28,0,0,NML,4,2025
1785.,B738,PKLOR,LNI,LNI883,LNI878,14/00:17,14/00:25,14/05:00,14/05:11,4:35:00,UPG,AMQ,009,28,1,1,NML,4,2025
1786.,A320,PKLUJ,BTK,BTK6594,BTK7508,13/20:59,13/21:03,14/04:59,14/05:09,7:56:00,CGK,HLP,024,28,0,0,NML,4,2025
1787.,A320,PKSTZ,SJV,SJV673,SJV610,13/22:33,13/22:36,14/05:05,14/05:17,6:29:00,BEJ,BPN,021,28,0,0,NML,4,2025
1788.,A320,PKAZP,AWQ,AWQ325,AWQ320,13/19:12,13/19:17,14/04:58,14/05:08,9:41:00,KUL,KUL,A01,28,1,1,NML,4,2025
1789.,B733F,PKMYV,MYU,MYU935,MYU815,13/14:24,13/14:33,14/04:59,14/05:12,14:26:00,SRG,CGK,C02,28,0,0,NML,4,2025
1790.,B739,PKLFO,LNI,LNI885,LNI786,13/21:35,13/21:40,14/05:10,14/05:21,7:30:00,UPG,UPG,026,28,0,0,NML,4,2025
1791.,B738,PKGMU,GIA,GIA328,GIA301,13/20:43,13/20:47,14/05:08,14/05:19,8:21:00,CGK,CGK,004,28,1,1,NML,4,2025
1792.,A320,PKLUI,BTK,BTK6137,BTK6132,13/21:10,13/21:15,14/05:15,14/05:23,8:00:00,UPG,LOP,023,28,0,0,NML,4,2025
1793.,A320,PKGQS,CTV,CTV726,CTV725,13/20:01,13/20:05,14/05:39,14/05:49,9:34:00,CGK,CGK,007,28,1,1,NML,4,2025
1794.,B739,PKLGU,LNI,LNI690,LNI690,14/05:04,14/05:10,14/06:01,14/06:13,0:51:00,CGK,KOE,009,28,1,1,NML,4,2025
1795.,A320,PKSAP,SJV,SJV619,SJV640,13/19:18,13/19:23,14/06:06,14/06:19,10:43:00,BPN,AAP,020,28,0,0,NML,4,2025
1796.,A320,PKLAL,BTK,BTK6221,BTK6589,13/21:03,13/21:07,14/06:10,14/06:22,9:03:00,BPN,CGK,025,28,0,0,NML,4,2025
1797.,B739,PKLGS,LNI,LNI865,LNI882,13/19:25,13/19:29,14/06:18,14/06:28,10:49:00,LOP,UPG,018,28,0,0,NML,4,2025
1798.,B739,PKLHI,LNI,LNI3319,LNI266,13/20:50,13/20:55,14/06:04,14/06:15,9:09:00,BDJ,BPN,017,28,1,1,NML,4,2025
1799.,A320,PKGLU,CTV,CTV353,CTV484,14/05:01,14/05:07,14/05:53,14/06:03,0:46:00,UPG,BDJ,008,28,1,1,NML,4,2025
1800.,A320,V8RBC,RBA,RBA795,RBA796,13/20:05,13/20:15,14/05:54,14/06:10,9:39:00,BWN,BWN,A07,28,1,1,NML,4,2025
1801.,A320,PKPWG,PAS,PAS212,PAS213,13/20:29,13/20:34,14/06:01,14/06:17,9:27:00,CGK,CGK,006,28,1,1,NML,4,2025
1802.,A320,PKSJV,SJV,SJV723,SJV706,13/20:36,13/20:42,14/06:26,14/06:36,9:44:00,DPS,DPS,022,28,0,0,NML,4,2025
1803.,A320,PKBKY,BTK,BTK6413,BTK6412,13/20:46,13/20:50,14/06:16,14/06:26,9:26:00,DPS,DPS,012,28,1,1,NML,4,2025
1804.,A320,PKSJC,SJV,SJV615,SJV634,13/22:27,13/22:31,14/06:31,14/06:42,8:00:00,BPN,BDJ,015,28,1,1,NML,4,2025
1805.,A320,PKSAA,SJV,SJV727,SJV566,13/22:38,13/22:42,14/07:10,14/07:18,8:28:00,DPS,PLW,014,28,1,1,NML,4,2025
1806.,A320,PKBKJ,BTK,BTK6370,BTK6597,14/06:06,14/06:12,14/07:08,14/07:22,0:56:00,CGK,CGK,007,28,1,1,NML,4,2025
1807.,A320,PKLUP,BTK,BTK6588,BTK6135,13/22:48,13/22:51,14/06:57,14/07:08,8:06:00,CGK,PKN,010,28,1,1,NML,4,2025
1808.,B739,PKLHQ,LNI,LNI311,LNI971,14/06:09,14/06:17,14/07:16,14/07:27,0:59:00,BDJ,BTH,017,28,1,1,NML,4,2025
1809.,B738,PKGMI,GIA,GIA324,GIA305,13/21:30,13/21:33,14/07:03,14/07:14,9:30:00,CGK,CGK,005,28,1,1,NML,4,2025
1810.,B738,PKGNC,GIA,GIA855,GIA854,13/20:53,13/20:57,14/06:57,14/07:12,10:00:00,SIN,SIN,A02,28,1,1,NML,4,2025
1811.,B739,PKLSH,LNI,LNI363,LNI646,14/07:33,14/07:38,14/08:49,14/09:07,1:11:00,BPN,LOP,015,28,1,1,NML,4,2025
1812.,A320,PKLAY,BTK,BTK7511,BTK7510,14/06:32,14/06:38,14/07:31,14/07:40,0:53:00,HLP,HLP,012,28,1,1,NML,4,2025
1813.,A320,PKGQG,CTV,CTV690,CTV460,14/06:39,14/06:47,14/07:26,14/07:38,0:39:00,DPS,AAP,006,28,1,1,NML,4,2025
1814.,A320,PKAZL,AWQ,AWQ327,AWQ392,13/23:33,13/23:39,14/07:36,14/07:47,7:57:00,KUL,JHB,A06,28,1,1,NML,4,2025
1815.,B739,PKLGW,LNI,LNI693,LNI693,14/06:54,14/06:59,14/07:56,14/08:11,0:57:00,KOE,CGK,018,28,0,0,NML,4,2025
"1816.,C208,PKVVO,SUS,PKVVO,PKVVO,11/16:14,11/16:16,14/07:56,14/08:08,""2 days, 15:40:00"",BXW,BXW,C06,28,0,0,NML,4,2025"
1817.,A21N,B322A,CSN,CSN8137,CSN8138,13/21:06,13/21:14,14/07:51,14/08:06,10:37:00,CAN,CAN,A03,28,1,1,NML,4,2025
1818.,A320,PKGQP,CTV,CTV170,CTV175,14/07:10,14/07:18,14/08:04,14/08:17,0:46:00,HLP,HLP,008,28,1,1,NML,4,2025
1819.,A320,PKGTG,CTV,CTV712,CTV713,14/07:21,14/07:25,14/08:10,14/08:19,0:45:00,CGK,CGK,007,28,1,1,NML,4,2025
1820.,A333,BHLN,CPA,CPA779,CPA780,13/18:02,13/18:11,14/08:05,14/08:26,13:54:00,HKG,HKG,A08,28,1,1,NML,4,2025
1821.,B739,PKLSO,LNI,LNI267,LNI990,14/07:35,14/07:41,14/08:34,14/08:44,0:53:00,TRK,DPS,021,28,0,0,NML,4,2025
1822.,B738,PKLKP,LNI,LNI837,LNI868,14/08:04,14/08:09,14/09:04,14/09:16,0:55:00,PNK,TTE,014,28,1,1,NML,4,2025
1823.,A320,PKSJR,SJV,SJV717,SJV612,14/06:02,14/06:06,14/08:48,14/09:05,2:42:00,LOP,BPN,009,28,1,1,NML,4,2025
1824.,A320,PKGQO,CTV,CTV355,CTV171,14/07:55,14/08:01,14/08:48,14/08:57,0:47:00,UPG,HLP,006,28,1,1,NML,4,2025
1825.,B738,PKLKV,LNI,LNI727,LNI748,13/20:39,13/20:43,14/09:08,14/09:22,12:25:00,KDI,MDC,016,28,1,1,NML,4,2025
1826.,A320,PKLUI,BTK,BTK6133,BTK6391,14/07:52,14/07:57,14/08:55,14/09:11,0:58:00,LOP,CGK,012,28,1,1,NML,4,2025
1827.,B739,PKLGY,LNI,LNI929,LNI856,14/07:05,14/07:10,14/09:31,14/09:42,2:21:00,DPS,PLM,020,28,0,0,NML,4,2025
1828.,A320,PKSJG,SJV,SJV649,SJV618,14/07:44,14/07:50,14/09:04,14/09:13,1:14:00,BPN,BPN,010,28,1,1,NML,4,2025
"1829.,AW139,PKTVN,TVR,PKTVN,PKTVN,08/09:24,08/09:27,14/09:02,14/09:03,""5 days, 23:35:00"",MBH,MBH,H02,28,0,0,NML,4,2025"
1830.,B738,PKLZO,MXD,MXD352,MXD353,13/19:56,13/20:01,14/09:09,14/09:18,13:08:00,KUL,KUL,A04,28,1,1,NML,4,2025
1831.,B738,PKGNM,GIA,GIA304,GIA342,14/08:21,14/08:27,14/09:25,14/09:38,0:58:00,CGK,DPS,004,28,1,1,NML,4,2025
1832.,A320,PKPWK,PAS,PAS200,PAS201,14/08:15,14/08:21,14/09:23,14/09:31,1:02:00,CGK,CGK,005,28,1,1,NML,4,2025
1833.,A320,PKGLU,CTV,CTV485,CTV486,14/08:42,14/08:48,14/09:31,14/09:39,0:43:00,BDJ,BDJ,007,28,1,1,NML,4,2025
1834.,A320,PKSJV,SJV,SJV703,SJV702,14/09:00,14/09:08,14/10:08,14/10:20,1:00:00,DPS,DPS,009,28,1,1,NML,4,2025
1835.,B739,PKLFF,LNI,LNI683,LNI682,14/08:53,14/08:58,14/10:00,14/10:09,1:02:00,PKY,PKY,017,28,1,1,NML,4,2025
1836.,B738,9MMLP,MAS,MAS871,MAS870,14/09:09,14/09:12,14/10:17,14/10:33,1:05:00,KUL,KUL,A07,28,1,1,NML,4,2025
1837.,B735,PKNAT,LKN,LKN243,LKN242,14/09:19,14/09:25,14/10:01,14/10:12,0:36:00,SMQ,SMQ,010,28,1,1,NML,4,2025
1838.,A359,9VSHH,SIA,SIA922,SIA923,14/09:02,14/09:06,14/10:09,14/10:24,1:03:00,SIN,SIN,A08,28,1,1,NML,4,2025
1839.,A320,PKGLY,CTV,CTV722,CTV723,14/09:25,14/09:31,14/10:17,14/10:27,0:46:00,CGK,CGK,006,28,1,1,NML,4,2025
1840.,A320,PKLAL,BTK,BTK6584,BTK6585,14/10:07,14/10:13,14/11:05,14/11:17,0:52:00,CGK,CGK,012,10,1,1,NML,4,2025
1841.,A320,PKSJC,SJV,SJV635,SJV632,14/09:33,14/09:39,14/10:35,14/10:53,0:56:00,BDJ,BDJ,015,10,1,1,NML,4,2025
1842.,A320,PKGTE,CTV,CTV351,CTV350,14/09:28,14/09:35,14/10:17,14/10:30,0:42:00,UPG,UPG,005,28,1,1,NML,4,2025
1843.,B739,PKLSP,LNI,LNI367,LNI262,14/11:19,14/11:22,14/12:19,14/12:29,0:57:00,BPN,BPN,015,10,1,1,NML,4,2025
1844.,A320,PKGLP,CTV,CTV417,CTV715,14/10:10,14/10:17,14/10:52,14/11:03,0:35:00,PNK,CGK,007,10,1,1,NML,4,2025
1845.,A320,9VTRK,TGW,TGW296,TGW297,14/09:35,14/09:39,14/10:37,14/10:48,0:58:00,SIN,SIN,A02,10,1,1,NML,4,2025
1846.,B739,PKLGS,LNI,LNI791,LNI706,14/10:14,14/10:19,14/11:11,14/11:22,0:52:00,UPG,UPG,017,10,1,1,NML,4,2025
1847.,A320,PKSTZ,SJV,SJV611,SJV704,14/08:46,14/08:53,14/10:57,14/11:13,2:04:00,BPN,DPS,018,10,0,0,NML,4,2025
1848.,A320,PKLUP,BTK,BTK6134,BTK6346,14/09:43,14/09:50,14/10:57,14/11:07,1:07:00,PKN,BEJ,008,10,1,1,NML,4,2025
1849.,A320,PKLUF,BTK,BTK7513,BTK7516,14/10:36,14/10:41,14/11:28,14/11:41,0:47:00,HLP,HLP,009,10,1,1,NML,4,2025
1850.,B739,PKLSH,LNI,LNI645,LNI822,14/12:02,14/12:05,14/13:15,14/13:31,1:10:00,LOP,LOP,016,10,1,1,NML,4,2025
1851.,A320,PKSAP,SJV,SJV641,SJV642,14/09:58,14/10:03,14/10:58,14/11:14,0:55:00,AAP,AAP,014,10,1,1,NML,4,2025
1852.,B739,PKLQR,LNI,LNI970,LNI973,14/10:22,14/10:28,14/11:25,14/11:35,0:57:00,BTH,BTH,016,10,1,1,NML,4,2025
1853.,B739,PKLGW,LNI,LNI694,LNI694,14/11:50,14/11:54,14/13:12,14/13:29,1:18:00,CGK,KOE,017,10,1,1,NML,4,2025
1854.,B739,PKLGU,LNI,LNI697,LNI697,14/10:28,14/10:32,14/11:53,14/12:04,1:21:00,KOE,CGK,021,10,0,0,NML,4,2025
1855.,A320,PKAZP,AWQ,AWQ321,AWQ322,14/10:40,14/10:46,14/11:22,14/11:32,0:36:00,KUL,KUL,A01,10,1,1,NML,4,2025
1856.,B739,PKLSK,LNI,LNI315,LNI222,14/10:44,14/10:50,14/11:39,14/11:52,0:49:00,BDJ,BDJ,010,10,1,1,NML,4,2025
1857.,A320,PKLAY,BTK,BTK7517,BTK7520,14/11:05,14/11:09,14/11:58,14/12:12,0:49:00,HLP,HLP,008,10,1,1,NML,4,2025
1858.,B738,PKGMC,GIA,GIA322,GIA327,14/10:18,14/10:27,14/11:38,14/11:48,1:11:00,CGK,CGK,004,10,1,1,NML,4,2025
1859.,B738MAX,PKLDO,MXD,MXD350,MXD351,14/11:09,14/11:14,14/12:09,14/12:15,0:55:00,KUL,KUL,A04,10,1,1,NML,4,2025
1860.,A320,PKGQG,CTV,CTV461,CTV698,14/11:01,14/11:05,14/11:48,14/11:59,0:43:00,AAP,DPS,006,10,1,1,NML,4,2025
1861.,B735,PKNAS,LKN,LKN193,LKN192,14/12:05,14/12:08,14/12:42,14/12:54,0:34:00,PKN,PKN,010,10,1,1,NML,4,2025
1862.,A320,PKGQK,CTV,CTV9692,CTV9693,14/11:30,14/11:34,14/12:25,14/12:34,0:51:00,DPS,DPS,007,10,1,1,NML,4,2025
1863.,A320,PKSAA,SJV,SJV567,SJV636,14/11:39,14/11:42,14/12:32,14/12:42,0:50:00,PLW,BDJ,012,10,1,1,NML,4,2025
1864.,A320,PKBLC,BTK,BTK6582,BTK6581,14/11:56,14/12:00,14/12:47,14/12:59,0:47:00,CGK,CGK,009,10,1,1,NML,4,2025
1865.,B739,PKLSO,LNI,LNI805,LNI780,14/11:33,14/11:36,14/12:49,14/13:00,1:13:00,DPS,UPG,014,10,1,1,NML,4,2025
1866.,A320,PKPWA,PAS,PAS204,PAS205,14/11:53,14/11:56,14/13:20,14/13:35,1:24:00,CGK,CGK,005,10,1,1,NML,4,2025
1867.,B738,PKLKP,LNI,LNI869,LNI722,14/15:26,14/15:32,14/16:33,14/16:43,1:01:00,TTE,KDI,014,28,1,1,NML,4,2025
1868.,A320,PKAZL,AWQ,AWQ393,AWQ324,14/12:32,14/12:37,14/13:12,14/13:26,0:35:00,JHB,KUL,A03,10,1,1,NML,4,2025
1869.,A320,PKGLU,CTV,CTV487,CTV668,14/12:10,14/12:13,14/13:26,14/13:44,1:13:00,BDJ,DPS,006,10,1,1,NML,4,2025
1870.,B739,PKLSK,LNI,LNI223,LNI680,14/14:48,14/14:52,14/15:59,14/16:15,1:07:39,BDJ,PKY,016,28,1,1,NML,4,2025
1871.,A320,PKBKL,BTK,BTK6596,BTK6595,14/12:56,14/12:59,14/13:47,14/14:06,0:48:29,CGK,CGK,008,10,1,1,NML,4,2025
1872.,A320,PKGTK,CTV,CTV716,CTV717,14/13:32,14/13:35,14/14:17,14/14:31,0:42:00,CGK,CGK,006,28,1,1,NML,4,2025
1873.,A320,PKGLR,CTV,CTV431,CTV948,14/13:41,14/13:45,14/14:25,14/14:35,0:40:00,BPN,BTH,007,10,1,1,NML,4,2025
1874.,B739,PKLFO,LNI,LNI801,LNI686,14/16:27,14/16:31,14/17:24,14/17:35,0:53:00,UPG,PKY,016,28,1,1,NML,4,2025
1875.,B738,PKGUC,GIA,GIA312,GIA317,14/13:36,14/13:39,14/14:40,14/14:46,1:01:00,CGK,CGK,004,10,1,1,NML,4,2025
1876.,B739,PKLGY,LNI,LNI857,LNI260,14/17:00,14/17:06,14/18:10,14/18:22,1:04:00,PLM,BPN,017,28,1,1,NML,4,2025
1877.,A320,9VJSY,JSA,JSA247,JSA248,14/14:29,14/14:33,14/15:24,14/15:35,0:51:00,SIN,SIN,A07,28,1,1,NML,4,2025
1878.,A320,PKBKP,BTK,BTK7515,BTK7514,14/14:33,14/14:39,14/15:25,14/15:33,0:46:00,HLP,HLP,009,28,1,1,NML,4,2025
1879.,B739,PKLGS,LNI,LNI707,LNI804,14/15:10,14/15:15,14/16:43,14/16:55,1:28:00,UPG,DPS,017,28,1,1,NML,4,2025
1880.,A320,PKPWE,PAS,PAS208,PAS209,14/14:25,14/14:30,14/15:02,14/15:12,0:32:00,CGK,CGK,005,28,1,1,NML,4,2025
1881.,B738,PKGFW,GIA,GIA330,GIA331,14/14:36,14/14:42,14/15:38,14/15:50,0:56:00,HLP,HLP,006,28,1,1,NML,4,2025
1882.,A320,PKBKU,BTK,BTK6406,BTK6220,14/14:43,14/14:50,14/15:44,14/15:56,0:54:00,CGK,BPN,010,28,1,1,NML,4,2025
1883.,A320,PKGQG,CTV,CTV699,CTV434,14/14:40,14/14:45,14/15:26,14/15:37,0:41:00,DPS,BPN,008,28,1,1,NML,4,2025
1884.,B738,PKLKV,LNI,LNI749,LNI581,14/15:07,14/15:14,14/16:15,14/16:25,1:01:00,MDC,CGK,015,28,1,1,NML,4,2025
1885.,B739,PKLHM,LNI,LNI261,LNI642,14/18:07,14/18:16,14/19:20,14/19:35,1:04:00,BPN,LOP,015,28,1,1,NML,4,2025
1886.,A320,PKSJO,SJV,SJV705,SJV614,14/09:55,14/10:00,14/15:38,14/15:47,5:38:00,DPS,BPN,020,28,0,0,NML,4,2025
1887.,A320,PKLAY,BTK,BTK7501,BTK7512,14/16:10,14/16:16,14/17:06,14/17:15,0:50:00,HLP,HLP,009,28,1,1,NML,4,2025
1888.,A320,PKSAP,SJV,SJV643,SJV672,14/14:55,14/15:01,14/15:51,14/16:02,0:50:00,AAP,BEJ,012,28,1,1,NML,4,2025
1889.,B738,PKLOR,LNI,LNI879,LNI836,14/15:22,14/15:29,14/18:08,14/18:16,2:39:00,AMQ,PNK,023,28,0,0,NML,4,2025
1890.,A320,PKLUP,BTK,BTK6347,BTK6401,14/15:14,14/15:21,14/16:09,14/16:18,0:48:00,BEJ,CGK,007,28,1,1,NML,4,2025
1891.,B739,PKLSH,LNI,LNI823,LNI316,14/16:16,14/16:24,14/18:15,14/18:25,1:51:00,LOP,BDJ,012,28,1,1,NML,4,2025
1892.,B738MAX,9VMBD,SIA,SIA926,SIA927,14/16:00,14/16:03,14/17:08,14/17:29,1:05:00,SIN,SIN,A08,28,1,1,NML,4,2025
1893.,A320,PKSJP,SJV,SJV715,SJV714,14/15:45,14/15:51,14/16:39,14/16:51,0:48:00,LOP,LOP,010,28,1,1,NML,4,2025
1894.,B738,PKGNH,GIA,GIA310,GIA315,14/16:03,14/16:12,14/17:02,14/17:11,0:49:59,CGK,CGK,004,28,1,1,NML,4,2025
1895.,B739,PKLGW,LNI,LNI695,LNI268,14/17:51,14/18:00,14/18:50,14/19:02,0:50:27,KOE,TRK,014,28,1,1,NML,4,2025
1896.,A320,PKPWG,PAS,PAS206,PAS623,14/15:48,14/15:54,14/16:45,14/16:52,0:51:00,CGK,BPN,005,28,1,1,NML,4,2025
1897.,A320,PKGQO,CTV,CTV174,CTV418,14/16:13,14/16:20,14/17:00,14/17:10,0:40:00,HLP,PNK,007,28,1,1,NML,4,2025
1898.,A320,PKGLY,CTV,CTV495,CTV721,14/15:57,14/16:02,14/16:57,14/17:08,0:55:00,BDJ,CGK,006,28,1,1,NML,4,2025
1899.,A320,PKGQK,CTV,CTV669,CTV488,14/16:08,14/16:13,14/16:55,14/17:06,0:42:00,DPS,BDJ,008,28,1,1,NML,4,2025
1900.,B739,PKLHQ,LNI,LNI972,LNI800,14/16:41,14/16:46,14/17:58,14/18:11,1:12:11,BTH,UPG,020,28,0,0,NML,4,2025
1901.,B739,PKLHP,LNI,LNI787,LNI692,14/15:32,14/15:37,14/20:24,14/20:35,4:46:39,UPG,KOE,025,28,0,0,NML,4,2025
1902.,B739,PKLSK,LNI,LNI681,LNI226,14/19:12,14/19:16,14/20:12,14/20:26,0:56:00,PKY,BDJ,017,28,1,1,NML,4,2025
1903.,A320,PKBLC,BTK,BTK6578,BTK7579,14/16:48,14/16:54,14/17:44,14/17:56,0:50:00,CGK,CGK,010,28,1,1,NML,4,2025
1904.,B738,PKLKW,LNI,LNI839,LNI838,14/19:20,14/19:25,14/20:19,14/20:31,0:54:00,PNK,PNK,015,28,1,1,NML,4,2025
1905.,A320,PKAZP,AWQ,AWQ323,AWQ326,14/17:04,14/17:07,14/17:40,14/17:54,0:33:00,KUL,KUL,A03,28,1,1,NML,4,2025
1906.,A320,PKSTZ,SJV,SJV723,SJV708,14/19:09,14/19:15,14/20:00,14/20:11,0:45:00,DPS,DPS,010,28,1,1,NML,4,2025
1907.,B739,PKLGS,LNI,LNI919,LNI920,14/19:33,14/19:36,14/20:53,14/21:04,1:16:09,DPS,DPS,022,28,0,0,NML,4,2025
1908.,A320,PKPWL,PAS,PAS622,PAS207,14/17:19,14/17:27,14/18:03,14/18:14,0:36:00,BPN,CGK,005,28,1,1,NML,4,2025
1909.,B739,PKLFO,LNI,LNI687,LNI3318,14/20:18,14/20:24,14/22:19,14/22:28,1:55:00,PKY,BDJ,017,28,1,1,NML,4,2025
1910.,B738,PKGNM,GIA,GIA349,GIA313,14/17:26,14/17:30,14/18:26,14/18:39,0:56:00,DPS,CGK,004,28,1,1,NML,4,2025
1911.,A320,PKSAA,SJV,SJV637,SJV716,14/15:30,14/15:35,14/20:47,14/20:58,5:12:00,BDJ,LOP,021,28,0,0,NML,4,2025
1912.,A320,PKLUF,BTK,BTK7503,BTK7502,14/18:45,14/18:51,14/19:35,14/19:51,0:44:00,HLP,HLP,009,28,1,1,NML,4,2025
1913.,B738,PKCRH,SJY,SJY567,SJY562,14/19:41,14/19:46,14/20:28,14/20:42,0:42:00,UPG,UPG,014,28,1,1,NML,4,2025
1914.,A320,PKGQC,CTV,CTV172,CTV173,14/18:01,14/18:07,14/18:52,14/19:11,0:45:00,HLP,HLP,007,28,1,1,NML,4,2025
1915.,B738MAX,9VMBO,SIA,SIA928,SIA929,14/18:36,14/18:41,14/19:36,14/20:01,0:55:00,SIN,SIN,A07,28,1,1,NML,4,2025
1916.,A320,PKGLX,CTV,CTV736,CTV352,14/18:33,14/18:40,14/19:19,14/19:32,0:39:00,CGK,UPG,008,28,1,1,NML,4,2025
1917.,B738,PKLBW,BTK,BTK6576,BTK6575,14/20:56,14/21:01,14/22:06,14/22:16,1:05:00,CGK,CGK,014,28,1,1,NML,4,2025
1918.,A320,PKGQU,CTV,CTV949,CTV494,14/18:49,14/18:58,14/19:28,14/19:46,0:30:00,BTH,BDJ,007,28,1,1,NML,4,2025
1919.,A320,PKLAY,BTK,BTK7519,BTK7518,14/20:09,14/20:23,14/21:13,14/21:24,0:50:00,HLP,HLP,008,28,1,1,NML,4,2025
1920.,A320,PKGQA,CTV,CTV489,CTV693,14/18:56,14/19:03,14/19:46,14/19:56,0:43:00,BDJ,DPS,003,28,0,0,NML,4,2025
1921.,B739,PKLFK,LNI,LNI885,LNI880,14/20:32,14/20:41,14/21:50,14/21:57,1:09:00,UPG,UPG,012,28,1,1,NML,4,2025
1922.,A320,PKPWK,PAS,PAS202,PAS203,14/19:04,14/19:11,14/19:46,14/20:02,0:35:00,CGK,CGK,005,28,1,1,NML,4,2025
1923.,A320,PKGQG,CTV,CTV435,CTV737,14/19:07,14/19:11,14/20:04,14/20:16,0:52:36,BPN,CGK,018,28,0,0,NML,4,2025
1924.,B738,PKGNF,GIA,GIA326,GIA319,14/18:59,14/19:05,14/20:00,14/20:07,0:55:00,CGK,CGK,004,28,1,1,NML,4,2025
1925.,A320,PKSJO,SJV,SJV617,SJV616,14/19:17,14/19:23,14/20:25,14/20:39,1:02:00,BPN,BPN,012,28,1,1,NML,4,2025
1926.,A320,PKGQE,CTV,CTV724,CTV354,14/20:44,14/20:51,14/21:29,14/21:39,0:38:00,CGK,UPG,007,28,1,1,NML,4,2025
1927.,A320,PKLAZ,BTK,BTK6137,BTK6136,14/20:05,14/20:09,14/22:43,14/22:51,2:34:00,UPG,UPG,016,28,1,1,NML,4,2025
1928.,A320,PKLUK,BTK,BTK7521,BTK7508,14/21:46,14/21:52,15/04:57,15/05:07,7:05:00,HLP,HLP,008,28,1,1,NML,4,2025
1929.,A320,PKSTF,SJV,SJV633,SJV610,14/17:27,14/17:31,15/05:07,15/05:19,11:36:00,BDJ,BPN,026,10,0,0,NML,4,2025
1930.,A320,PKAZL,AWQ,AWQ325,AWQ320,14/19:22,14/19:25,15/05:00,15/05:13,9:35:00,KUL,KUL,A03,28,1,1,NML,4,2025
1931.,B738,PKLJQ,LNI,LNI692,LNI878,14/19:26,14/19:33,15/05:01,15/05:09,9:27:24,CGK,AMQ,024,28,0,0,NML,4,2025
1932.,B739,PKLSR,LNI,LNI883,LNI786,14/21:08,14/21:14,15/05:14,15/05:22,8:00:00,UPG,UPG,018,10,0,0,NML,4,2025
1933.,B738,PKGMC,GIA,GIA328,GIA301,14/19:53,14/20:00,15/05:04,15/05:15,9:04:00,CGK,CGK,005,28,1,1,NML,4,2025
1934.,A320,PKGLS,CTV,CTV726,CTV430,14/20:12,14/20:22,15/05:08,15/05:17,8:46:00,CGK,BPN,003,10,0,0,NML,4,2025
1935.,A320,PKBKU,BTK,BTK6221,BTK6132,14/19:37,14/19:42,15/06:16,15/06:34,10:33:01,BPN,LOP,023,10,0,0,NML,4,2025
1936.,B739,PKLVF,LNI,LNI690,LNI690,15/05:02,15/05:07,15/05:55,15/06:20,0:48:00,CGK,KOE,016,10,1,1,NML,4,2025
1937.,A320,PKGLY,CTV,CTV720,CTV725,14/20:40,14/20:48,15/05:49,15/06:02,9:01:00,CGK,CGK,009,10,1,1,NML,4,2025
1938.,A320,PKSTZ,SJV,SJV727,SJV640,14/22:36,14/22:41,15/06:02,15/06:23,7:21:00,DPS,AAP,017,10,1,1,NML,4,2025
1939.,A320,PKBLD,BTK,BTK6594,BTK6589,14/20:28,14/20:39,15/06:11,15/06:31,9:32:00,CGK,CGK,010,10,1,1,NML,4,2025
1940.,B739,PKLHM,LNI,LNI865,LNI266,14/22:33,15/04:16,15/06:26,15/06:36,7:50:00,LOP,BPN,021,10,0,0,NML,4,2025
1941.,A320,V8RBD,RBA,RBA795,RBA796,14/19:58,14/20:00,15/05:51,15/06:06,9:51:00,BWN,BWN,A07,10,1,1,NML,4,2025
1942.,A320,PKGLX,CTV,CTV353,CTV484,15/05:05,15/05:13,15/05:55,15/06:17,0:42:00,UPG,BDJ,007,10,1,1,NML,4,2025
1943.,B738,PKLKP,LNI,LNI727,LNI868,14/21:05,14/21:10,15/05:59,15/06:21,8:49:00,KDI,TTE,025,10,0,0,NML,4,2025
1944.,A320,PKSJR,SJV,SJV619,SJV706,14/19:29,14/19:33,15/06:05,15/06:25,10:31:11,BPN,DPS,020,10,0,0,NML,4,2025
1945.,B739,PKLHI,LNI,LNI363,LNI882,15/07:15,15/07:20,15/08:45,15/08:58,1:25:00,BPN,UPG,017,10,1,1,NML,4,2025
1946.,A320,PKPWC,PAS,PAS212,PAS213,14/21:00,14/21:07,15/06:03,15/06:29,8:56:00,CGK,CGK,004,10,1,1,NML,4,2025
1947.,A320,PKAZP,AWQ,AWQ327,AWQ386,14/23:25,14/23:28,15/05:56,15/06:15,6:28:00,KUL,PEN,A01,10,1,1,NML,4,2025
1948.,A320,PKBKY,BTK,BTK6413,BTK6412,14/19:48,14/19:57,15/06:23,15/06:38,10:25:52,DPS,DPS,C05,10,0,0,NML,4,2025
1949.,A320,PKSJG,SJV,SJV615,SJV634,14/22:12,14/22:19,15/06:39,15/06:50,8:20:00,BPN,BDJ,015,10,1,1,NML,4,2025
1950.,B738MAX,PKOFI,AFE,AFE921,AFE921,15/05:49,15/05:55,15/06:47,15/06:57,0:52:00,CGK,TIM,005,10,1,1,NML,4,2025
1951.,A320,PKSAP,SJV,SJV673,SJV566,14/20:23,14/20:30,15/08:03,15/08:09,11:33:00,BEJ,PLW,C04,10,0,0,NML,4,2025
1952.,C208,PKVVO,SUS,PKVVO,SUS6197,14/09:50,14/09:54,15/07:07,15/07:17,21:13:48,BXW,BXW,C06,10,0,0,NML,4,2025
1953.,B739,PKLSH,LNI,LNI311,LNI971,15/06:04,15/06:10,15/07:03,15/07:23,0:53:00,BDJ,BTH,016,10,1,1,NML,4,2025
1954.,A320,PKLUR,BTK,BTK6588,BTK6135,14/22:20,14/22:27,15/07:18,15/07:27,8:51:00,CGK,PKN,012,10,1,1,NML,4,2025
1955.,A320,PKSAZ,SJV,SJV717,SJV612,15/06:48,15/06:51,15/07:57,15/08:14,1:06:00,LOP,BPN,010,10,1,1,NML,4,2025
1956.,A320,PKBKQ,BTK,BTK6370,BTK6597,15/06:00,15/06:11,15/07:12,15/07:25,1:01:00,CGK,CGK,008,10,1,1,NML,4,2025
1957.,B738,PKGFG,GIA,GIA320,GIA305,14/17:32,14/17:39,15/06:56,15/07:15,13:17:00,CGK,CGK,006,10,1,1,NML,4,2025
1958.,B738,PKGNC,GIA,GIA855,GIA854,14/20:49,14/20:53,15/06:57,15/07:11,10:04:00,SIN,SIN,A02,10,1,1,NML,4,2025
1959.,A320,PKLAY,BTK,BTK7511,BTK7510,15/06:27,15/06:32,15/07:26,15/07:36,0:54:00,HLP,HLP,009,10,1,1,NML,4,2025
1960.,A320,PKGQA,CTV,CTV690,CTV460,15/06:52,15/06:56,15/07:35,15/07:50,0:39:00,DPS,AAP,007,10,1,1,NML,4,2025
1961.,B739,PKLHP,LNI,LNI693,LNI693,15/06:59,15/07:03,15/07:47,15/08:03,0:44:00,KOE,CGK,015,10,1,1,NML,4,2025
1962.,B739,PKLGW,LNI,LNI267,LNI982,15/07:05,15/07:08,15/08:27,15/08:32,1:18:07,TRK,PKU,018,10,0,0,NML,4,2025
1963.,LJ60,VHOLJ,SEL,VHOLJ,VHOLJ,14/15:55,14/15:59,15/07:42,15/07:47,15:42:38,XSP,UPG,030,10,0,0,NML,4,2025
1964.,A21N,B32KY,CSN,CSN8137,CSN8138,14/21:21,14/21:29,15/07:47,15/08:01,10:18:00,CAN,CAN,A04,10,1,1,NML,4,2025
1965.,A320,PKGQP,CTV,CTV170,CTV175,15/07:08,15/07:10,15/07:59,15/08:21,0:49:00,HLP,HLP,006,10,1,1,NML,4,2025
1966.,B739,PKLKM,LNI,LNI929,LNI646,15/07:12,15/07:18,15/09:09,15/09:27,1:50:50,DPS,LOP,020,10,0,0,NML,4,2025
1967.,A320,PKGQO,CTV,CTV712,CTV713,15/07:20,15/07:22,15/08:06,15/08:23,0:44:00,CGK,CGK,005,10,1,1,NML,4,2025
1968.,A333,BLBI,CPA,CPA779,CPA780,14/18:52,14/18:54,15/08:12,15/08:26,13:18:00,HKG,HKG,A08,10,1,1,NML,4,2025
"1969.,DHC6,PKICP,PGT,PKICP,PKICP,12/11:16,14/14:15,15/07:58,15/08:03,""2 days, 20:39:00"",PAG,PAG,028,10,0,0,NML,4,2025"
1970.,B738,PKLKW,LNI,LNI837,LNI748,15/08:04,15/08:07,15/08:58,15/09:21,0:51:00,PNK,MDC,010,10,1,1,NML,4,2025
1971.,A320,PKBKU,BTK,BTK6133,BTK6391,15/09:12,15/09:15,15/10:10,15/10:17,0:55:00,LOP,CGK,008,10,1,1,NML,4,2025
1972.,A320,PKGQE,CTV,CTV355,CTV171,15/07:37,15/07:40,15/08:50,15/09:10,1:10:00,UPG,HLP,008,10,1,1,NML,4,2025
1973.,B738,PKLZO,MXD,MXD352,MXD353,14/19:44,14/19:51,15/08:50,15/09:05,12:59:00,KUL,KUL,C01,10,0,0,NML,4,2025
1974.,A320,PKSJO,SJV,SJV649,SJV618,15/07:43,15/07:46,15/08:52,15/09:17,1:06:00,BPN,BPN,012,10,1,1,NML,4,2025
1975.,B739,PKLSI,LNI,LNI683,LNI682,15/07:58,15/08:02,15/09:09,15/09:24,1:07:00,PKY,PKY,016,10,1,1,NML,4,2025
1976.,B738,PKGNM,GIA,GIA304,GIA342,15/08:19,15/08:26,15/09:22,15/09:36,0:56:00,CGK,DPS,004,10,1,1,NML,4,2025
1977.,A320,PKGLX,CTV,CTV485,CTV486,15/08:55,15/09:02,15/09:33,15/09:44,0:31:00,BDJ,BDJ,006,10,1,1,NML,4,2025
1978.,A320,PKPWK,PAS,PAS200,PAS201,15/08:12,15/08:15,15/09:11,15/09:34,0:56:00,CGK,CGK,005,10,1,1,NML,4,2025
1979.,A320,PKSTF,SJV,SJV611,SJV642,15/08:47,15/08:51,15/09:44,15/09:58,0:53:00,BPN,AAP,015,10,1,1,NML,4,2025
1980.,A320,PKSJR,SJV,SJV703,SJV702,15/08:36,15/08:40,15/09:36,15/09:46,0:56:00,DPS,DPS,009,10,1,1,NML,4,2025
1981.,B739,PKLSK,LNI,LNI315,LNI222,15/09:08,15/09:11,15/10:04,15/10:10,0:53:00,BDJ,BDJ,012,10,1,1,NML,4,2025
1982.,B738,9MMXJ,MAS,MAS871,MAS870,15/09:18,15/09:24,15/10:17,15/10:30,0:53:00,KUL,KUL,A07,10,1,1,NML,4,2025
1983.,A359,9VSHW,SIA,SIA922,SIA923,15/09:01,15/09:07,15/10:04,15/10:22,0:57:00,SIN,SIN,A08,10,1,1,NML,4,2025
1984.,A320,PKGTD,CTV,CTV417,CTV715,15/09:15,15/09:18,15/10:16,15/10:31,0:58:00,PNK,CGK,007,10,1,1,NML,4,2025
1985.,A320,PKGLG,CTV,CTV351,CTV350,15/09:25,15/09:28,15/10:12,15/10:27,0:44:00,UPG,UPG,005,10,1,1,NML,4,2025
1986.,A320,PKSJG,SJV,SJV635,SJV632,15/09:29,15/09:32,15/10:26,15/10:36,0:54:00,BDJ,BDJ,010,10,1,1,NML,4,2025
1987.,A320,PKLUI,BTK,BTK6584,BTK6585,15/10:34,15/10:38,15/11:32,15/11:45,0:54:00,CGK,CGK,010,10,1,1,NML,4,2025
1988.,A320,9VTRM,TGW,TGW296,TGW297,15/09:49,15/09:55,15/10:42,15/10:52,0:47:00,SIN,SIN,A02,10,1,1,NML,4,2025
1989.,B739,PKLHM,LNI,LNI367,LNI262,15/10:04,15/10:09,15/10:55,15/11:07,0:46:00,BPN,BPN,015,10,1,1,NML,4,2025
1990.,B739,PKLHI,LNI,LNI791,LNI706,15/13:09,15/13:15,15/14:10,15/14:21,0:55:00,UPG,UPG,015,28,1,1,NML,4,2025
1991.,B739,PKLKM,LNI,LNI645,LNI973,15/12:06,15/12:10,15/13:19,15/13:43,1:09:00,LOP,BTH,020,28,0,0,NML,4,2025
1992.,A320,PKLUJ,BTK,BTK7513,BTK6346,15/10:08,15/10:12,15/11:06,15/11:19,0:54:00,HLP,BEJ,008,10,1,1,NML,4,2025
1993.,A320,PKLUR,BTK,BTK6134,BTK7516,15/09:56,15/09:59,15/11:02,15/11:17,1:03:00,PKN,HLP,009,10,1,1,NML,4,2025
1994.,B739,PKLQR,LNI,LNI970,LNI822,15/10:22,15/10:23,15/11:19,15/11:34,0:56:56,BTH,LOP,012,10,1,1,NML,4,2025
1995.,B739,PKLSV,LNI,LNI694,LNI694,15/10:25,15/10:31,15/12:09,15/12:23,1:38:24,CGK,KOE,016,10,1,1,NML,4,2025
1996.,B739,PKLVF,LNI,LNI697,LNI697,15/10:44,15/10:47,15/11:58,15/12:12,1:11:00,KOE,CGK,017,10,1,1,NML,4,2025
1997.,A320,PKAZL,AWQ,AWQ321,AWQ322,15/10:41,15/10:45,15/11:19,15/11:29,0:34:00,KUL,KUL,A01,10,1,1,NML,4,2025
1998.,B738,PKGMF,GIA,GIA322,GIA327,15/10:12,15/10:16,15/11:30,15/11:43,1:14:00,CGK,CGK,004,10,1,1,NML,4,2025
1999.,A320,PKLAY,BTK,BTK7517,BTK7520,15/10:38,15/10:41,15/11:38,15/11:49,0:57:00,HLP,HLP,007,10,1,1,NML,4,2025
2000.,B738MAX,9MLRG,MXD,MXD350,MXD351,15/10:49,15/10:55,15/11:43,15/11:54,0:48:00,KUL,KUL,A04,10,1,1,NML,4,2025
2001.,A320,PKGQA,CTV,CTV461,CTV698,15/11:27,15/11:31,15/12:06,15/12:17,0:35:00,AAP,DPS,006,10,1,1,NML,4,2025
2002.,A320,PKSAJ,SJV,SJV363,SJV362,15/11:05,15/11:11,15/12:13,15/12:26,1:02:00,KNO,KNO,015,10,1,1,NML,4,2025
2003.,B739,PKLQT,LNI,LNI3319,LNI804,14/23:21,14/23:27,15/12:20,15/12:29,12:53:00,BDJ,DPS,014,10,1,1,NML,4,2025
2004.,B738,PKLBW,BTK,BTK6582,BTK6581,15/11:31,15/11:33,15/12:31,15/12:40,0:58:00,CGK,CGK,012,10,1,1,NML,4,2025
2005.,A320,PKGLR,CTV,CTV9692,CTV9693,15/11:12,15/11:16,15/12:18,15/12:32,1:02:00,DPS,DPS,008,10,1,1,NML,4,2025
2006.,A320,PKSAP,SJV,SJV567,SJV636,15/12:16,15/12:18,15/13:18,15/13:36,1:00:00,PLW,BDJ,010,28,1,1,NML,4,2025
2007.,B739,PKLGW,LNI,LNI983,LNI780,15/13:55,15/14:00,15/15:05,15/15:15,1:05:00,PKU,UPG,017,28,1,1,NML,4,2025
2008.,A320,PKBKM,BTK,BTK6596,BTK6595,15/12:52,15/12:56,15/13:47,15/14:02,0:51:00,CGK,CGK,009,28,1,1,NML,4,2025
2009.,B739,PKLSK,LNI,LNI223,LNI680,15/12:46,15/12:50,15/13:51,15/14:06,1:01:00,BDJ,PKY,016,28,1,1,NML,4,2025
2010.,B738,PKLKP,LNI,LNI869,LNI722,15/12:13,15/12:16,15/13:48,15/13:57,1:32:00,TTE,KDI,017,28,1,1,NML,4,2025
2011.,A320,PKPWA,PAS,PAS204,PAS205,15/12:09,15/12:12,15/13:19,15/13:31,1:07:00,CGK,CGK,005,28,1,1,NML,4,2025
2012.,A320,PKAZP,AWQ,AWQ387,AWQ324,15/12:27,15/12:31,15/13:24,15/13:50,0:53:00,PEN,KUL,A03,28,1,1,NML,4,2025
2013.,A320,PKGLX,CTV,CTV487,CTV668,15/12:02,15/12:05,15/13:22,15/13:46,1:17:00,BDJ,DPS,007,28,1,1,NML,4,2025
2014.,B739,PKLFY,LNI,LNI787,LNI686,15/13:44,15/13:50,15/14:45,15/14:56,0:55:00,UPG,PKY,012,28,1,1,NML,4,2025
2015.,B738,PKLOR,LNI,LNI839,LNI836,15/13:07,15/13:13,15/14:15,15/14:23,1:02:00,PNK,PNK,014,28,1,1,NML,4,2025
2016.,A320,PKGQK,CTV,CTV716,CTV717,15/13:34,15/13:39,15/14:17,15/14:29,0:38:00,CGK,CGK,007,28,1,1,NML,4,2025
2017.,A320,PKGLS,CTV,CTV431,CTV948,15/13:48,15/13:55,15/14:35,15/14:45,0:40:00,BPN,BTH,006,28,1,1,NML,4,2025
2018.,B739,PKLQR,LNI,LNI823,LNI910,15/14:04,15/14:09,15/15:03,15/15:17,0:54:00,LOP,DPS,010,28,1,1,NML,4,2025
2019.,B738,PKGFF,GIA,GIA312,GIA317,15/13:41,15/13:46,15/14:41,15/14:51,0:55:00,CGK,CGK,005,28,1,1,NML,4,2025
2020.,A320,9VJSL,JSA,JSA247,JSA248,15/14:10,15/14:13,15/15:05,15/15:20,0:52:00,SIN,SIN,A07,28,1,1,NML,4,2025
2021.,B739,PKLHS,LNI,LNI801,LNI260,15/15:43,15/15:49,15/16:43,15/16:54,0:54:00,UPG,BPN,016,28,1,1,NML,4,2025
2022.,A320,PKLAY,BTK,BTK7515,BTK7514,15/14:54,15/15:00,15/16:08,15/16:19,1:08:00,HLP,HLP,008,28,1,1,NML,4,2025
2023.,A320,PKPWE,PAS,PAS208,PAS209,15/14:00,15/14:07,15/14:51,15/14:59,0:44:00,CGK,CGK,009,28,1,1,NML,4,2025
2024.,B738,PKGMI,GIA,GIA330,GIA331,15/14:27,15/14:33,15/15:22,15/15:34,0:49:00,HLP,HLP,007,28,1,1,NML,4,2025
2025.,B739,PKLHM,LNI,LNI261,LNI642,15/14:47,15/14:52,15/15:38,15/15:52,0:46:00,BPN,LOP,014,28,1,1,NML,4,2025
2026.,A320,PKBKJ,BTK,BTK6406,BTK6220,15/15:58,15/16:04,15/16:47,15/16:57,0:43:00,CGK,BPN,009,28,1,1,NML,4,2025
2027.,A320,PKGQA,CTV,CTV699,CTV434,15/14:31,15/14:38,15/15:16,15/15:24,0:38:00,DPS,BPN,006,28,1,1,NML,4,2025
2028.,A320,PKSTF,SJV,SJV641,SJV614,15/13:52,15/13:57,15/15:32,15/15:49,1:35:00,AAP,BPN,022,28,0,0,NML,4,2025
2029.,B739,PKLQT,LNI,LNI919,LNI920,15/15:12,15/15:18,15/16:14,15/16:23,0:56:00,DPS,DPS,015,28,1,1,NML,4,2025
2030.,A320,PKLAF,BTK,BTK7501,BTK7512,15/17:15,15/17:21,15/18:04,15/18:16,0:43:00,HLP,HLP,008,28,1,1,NML,4,2025
2031.,B738,PKLJQ,LNI,LNI879,LNI581,15/10:46,15/10:49,15/15:51,15/16:00,5:01:15,AMQ,CGK,018,28,0,0,NML,4,2025
2032.,B738,PKGMY,GIA,GIA290,GIA291,15/12:20,15/12:25,15/15:53,15/16:02,3:28:00,CGK,CGK,004,28,1,1,NML,4,2025
2033.,BK17,PKFGG,SAG,PKFGG,PKFGG,15/15:17,15/15:20,15/16:03,15/16:06,0:43:00,XXD,XXD,A01,28,0,0,NML,4,2025
2034.,A320,PKLUJ,BTK,BTK6347,BTK6401,15/15:30,15/15:35,15/16:51,15/17:01,1:16:00,BEJ,CGK,010,28,1,1,NML,4,2025
2035.,B738MAX,PKOFM,AFE,AFE920,AFE920,15/15:26,15/15:34,15/16:19,15/16:29,0:45:00,TIM,CGK,007,28,1,1,NML,4,2025
2036.,B739,PKLSH,LNI,LNI972,LNI316,15/16:10,15/16:15,15/17:30,15/17:40,1:15:00,BTH,BDJ,017,28,1,1,NML,4,2025
2037.,A320,PKSJP,SJV,SJV715,SJV714,15/15:47,15/15:52,15/16:37,15/16:49,0:45:00,LOP,LOP,012,28,1,1,NML,4,2025
2038.,B738MAX,9VMBG,SIA,SIA926,SIA927,15/15:36,15/15:39,15/16:30,15/16:48,0:51:00,SIN,SIN,A08,28,1,1,NML,4,2025
2039.,B738,PKGMF,GIA,GIA310,GIA315,15/15:32,15/15:39,15/16:32,15/16:39,0:53:00,CGK,CGK,005,28,1,1,NML,4,2025
2040.,A320,PKSAP,SJV,SJV637,SJV648,15/16:16,15/16:23,15/17:12,15/17:22,0:49:00,BDJ,BPN,014,28,1,1,NML,4,2025
2041.,B739,PKLSV,LNI,LNI695,LNI268,15/16:45,15/16:52,15/17:43,15/17:53,0:51:00,KOE,TRK,015,28,1,1,NML,4,2025
2042.,A320,PKPWC,PAS,PAS206,PAS623,15/15:40,15/15:47,15/16:39,15/16:51,0:52:00,CGK,BPN,006,28,1,1,NML,4,2025
2043.,A320,PKGQE,CTV,CTV174,CTV418,15/16:22,15/16:28,15/17:08,15/17:17,0:40:00,HLP,PNK,007,28,1,1,NML,4,2025
2044.,B739,PKLSU,LNI,LNI692,LNI692,15/17:09,15/17:15,15/18:04,15/18:19,0:49:00,CGK,KOE,016,28,1,1,NML,4,2025
2045.,A320,PKGLT,CTV,CTV495,CTV9948,15/15:50,15/15:56,15/16:54,15/17:05,0:58:00,BDJ,BTH,003,28,0,0,NML,4,2025
2046.,A320,PKGLR,CTV,CTV669,CTV488,15/15:54,15/15:59,15/16:58,15/17:08,0:59:00,DPS,BDJ,004,28,1,1,NML,4,2025
2047.,B738,PKLQZ,LNI,LNI709,LNI880,15/17:12,15/17:18,15/18:17,15/18:26,0:59:00,UPG,UPG,012,28,1,1,NML,4,2025
2048.,B739,PKLQR,LNI,LNI923,LNI226,15/17:42,15/17:48,15/18:55,15/19:13,1:07:00,DPS,BDJ,017,28,1,1,NML,4,2025
2049.,A320,PKLUO,BTK,BTK6578,BTK7579,15/17:20,15/17:26,15/18:14,15/18:24,0:48:00,CGK,CGK,009,28,1,1,NML,4,2025
2050.,B738,PKLKW,LNI,LNI749,LNI838,15/15:07,15/15:12,15/18:16,15/18:32,3:04:00,MDC,PNK,024,28,0,0,NML,4,2025
2051.,A320,PKAZL,AWQ,AWQ323,AWQ326,15/16:59,15/17:02,15/17:37,15/17:47,0:35:00,KUL,KUL,A03,28,1,1,NML,4,2025
2052.,B739,PKLFY,LNI,LNI687,LNI3318,15/17:35,15/17:41,15/18:25,15/18:34,0:44:00,PKY,BDJ,014,28,1,1,NML,4,2025
2053.,A320,PKSJR,SJV,SJV723,SJV708,15/18:29,15/18:35,15/19:34,15/19:43,0:59:00,DPS,DPS,009,28,1,1,NML,4,2025
2054.,A320,PKPWL,PAS,PAS622,PAS207,15/17:06,15/17:12,15/18:02,15/18:13,0:50:00,BPN,CGK,006,28,1,1,NML,4,2025
2055.,B738,PKGNM,GIA,GIA349,GIA313,15/17:38,15/17:45,15/18:30,15/18:41,0:45:00,DPS,CGK,005,28,1,1,NML,4,2025
2056.,B739,PKLSK,LNI,LNI681,LNI800,15/17:03,15/17:10,15/18:53,15/19:11,1:43:00,PKY,UPG,018,28,0,0,NML,4,2025
2057.,B738,PKCRH,SJY,SJY567,SJY562,15/17:45,15/17:50,15/18:38,15/18:51,0:48:00,UPG,UPG,010,28,1,1,NML,4,2025
2058.,A320,PKLUR,BTK,BTK7503,BTK7502,15/18:04,15/18:12,15/18:50,15/19:06,0:38:00,HLP,HLP,008,28,1,1,NML,4,2025
2059.,B738,PKGFD,GIA,GIA320,GIA325,15/17:31,15/17:39,15/18:49,15/18:59,1:10:00,CGK,CGK,004,28,1,1,NML,4,2025
2060.,A320,PKGQC,CTV,CTV172,CTV173,15/18:14,15/18:22,15/18:58,15/19:15,0:36:00,HLP,HLP,006,28,1,1,NML,4,2025
2061.,B738MAX,9VMBH,SIA,SIA928,SIA929,15/18:21,15/18:25,15/19:24,15/19:40,0:59:00,SIN,SIN,A02,28,1,1,NML,4,2025
2062.,B738,PKLBW,BTK,BTK6576,BTK6575,15/19:04,15/19:09,15/19:58,15/20:08,0:49:00,CGK,CGK,012,28,1,1,NML,4,2025
2063.,A320,PKGLY,CTV,CTV949,CTV494,15/18:39,15/18:47,15/19:31,15/19:38,0:44:00,BTH,BDJ,007,28,1,1,NML,4,2025
2064.,B788,9VOFA,TGW,TGW266,TGW267,15/18:53,15/18:57,15/20:03,15/20:16,1:06:00,SIN,SIN,A07,28,1,1,NML,4,2025
2065.,A320,PKGLU,CTV,CTV736,CTV352,15/18:46,15/18:53,15/19:43,15/19:53,0:50:00,CGK,UPG,003,28,0,0,NML,4,2025
2066.,A320,PKGQN,CTV,CTV489,CTV693,15/18:56,15/19:04,15/19:45,15/19:51,0:41:00,BDJ,DPS,006,28,1,1,NML,4,2025
2067.,A320,PKPWK,PAS,PAS202,PAS203,15/19:00,15/19:08,15/19:43,15/19:58,0:35:00,CGK,CGK,005,28,1,1,NML,4,2025
2068.,B738,PKGUA,GIA,GIA326,GIA319,15/19:22,15/19:28,15/20:15,15/20:25,0:47:00,CGK,CGK,004,28,1,1,NML,4,2025
2069.,A320,PKGQA,CTV,CTV435,CTV737,15/18:48,15/18:54,15/20:01,15/20:14,1:07:00,BPN,CGK,010,28,1,1,NML,4,2025
2070.,A320,PKSTF,SJV,SJV617,SJV616,15/19:08,15/19:14,15/20:10,15/20:19,0:56:00,BPN,BPN,014,28,1,1,NML,4,2025
2071.,A320,PKGQT,CTV,CTV724,CTV354,15/19:31,15/19:39,15/20:18,15/20:30,0:39:00,CGK,UPG,008,28,1,1,NML,4,2025
2072.,A320,PKLAT,BTK,BTK6137,BTK6136,15/20:27,15/20:33,15/21:54,15/22:05,1:21:00,UPG,UPG,012,10,1,1,NML,4,2025
2073.,B738,PKLKP,LNI,LNI727,LNI878,15/17:57,15/18:02,16/05:01,16/05:19,10:59:00,KDI,AMQ,026,28,0,0,NML,4,2025
2074.,A320,PKLUF,BTK,BTK7521,BTK7508,15/20:37,15/20:42,16/04:54,16/05:06,8:12:00,HLP,HLP,015,28,1,1,NML,4,2025
2075.,A320,PKAZL,AWQ,AWQ327,AWQ320,15/23:24,15/23:28,16/05:00,16/05:16,5:31:29,KUL,KUL,A03,28,1,1,NML,4,2025
2076.,A320,PKSJG,SJV,SJV633,SJV610,15/13:38,15/13:43,16/04:54,16/05:10,15:11:00,BDJ,BPN,021,28,0,0,NML,4,2025
2077.,A320,PKGLT,CTV,CTV9949,CTV430,15/21:47,15/21:50,16/05:00,16/05:15,7:10:00,BTH,BPN,008,28,1,1,NML,4,2025
2078.,B739,PKLSH,LNI,LNI707,LNI786,15/23:57,16/00:00,16/05:00,16/05:13,5:00:00,UPG,UPG,012,28,1,1,NML,4,2025
2079.,B738,PKGFW,GIA,GIA324,GIA301,15/21:40,15/21:43,16/05:02,16/05:21,7:19:00,CGK,CGK,004,28,1,1,NML,4,2025
2080.,A320,PKBLA,BTK,BTK6594,BTK6132,15/20:57,15/21:01,16/05:15,16/05:24,8:14:00,CGK,LOP,016,28,1,1,NML,4,2025
2081.,B739,PKLVF,LNI,LNI690,LNI690,16/05:04,16/05:10,16/06:02,16/06:16,0:52:00,CGK,KOE,009,28,1,1,NML,4,2025
2082.,A320,PKGTK,CTV,CTV726,CTV725,15/20:02,15/20:11,16/05:39,16/05:51,9:28:00,CGK,CGK,007,28,1,1,NML,4,2025
2083.,B738,PKLQZ,LNI,LNI883,LNI868,15/22:33,15/22:38,16/05:58,16/06:10,7:20:00,UPG,TTE,C03,28,0,0,NML,4,2025
2084.,B739,PKLHM,LNI,LNI865,LNI266,15/18:11,15/18:16,16/06:09,16/06:24,11:53:17,LOP,BPN,025,28,0,0,NML,4,2025
2085.,A320,PKBKJ,BTK,BTK6221,BTK6589,15/20:11,15/20:17,16/06:01,16/06:13,9:44:00,BPN,CGK,024,28,0,0,NML,4,2025
2086.,A320,PKGLU,CTV,CTV353,CTV670,16/05:08,16/05:13,16/05:52,16/05:59,0:39:00,UPG,LOP,008,28,1,1,NML,4,2025
2087.,B739,PKLFY,LNI,LNI3319,LNI882,15/21:04,15/21:07,16/06:07,16/06:19,9:00:54,BDJ,UPG,018,28,0,0,NML,4,2025
2088.,A320,PKSJO,SJV,SJV615,SJV640,15/20:48,15/20:54,16/06:39,16/06:50,9:45:12,BPN,AAP,17A,28,0,0,NML,4,2025
2089.,A320,PKSAZ,SJV,SJV619,SJV706,15/16:42,15/16:49,16/06:05,16/06:17,13:16:28,BPN,DPS,022,28,0,0,NML,4,2025
2090.,A320,PKPWD,PAS,PAS212,PAS213,15/20:40,15/20:46,16/05:59,16/06:12,9:13:00,CGK,CGK,006,28,1,1,NML,4,2025
2091.,A320,PKBKT,BTK,BTK6588,BTK6412,15/21:31,15/21:34,16/06:17,16/06:27,8:43:00,CGK,DPS,014,28,1,1,NML,4,2025
2092.,A320,PKSJA,SJV,SJV613,SJV634,15/22:12,15/22:19,16/06:30,16/06:40,8:11:45,BPN,BDJ,17B,28,0,0,NML,4,2025
2093.,A320,PKSTZ,SJV,SJV643,SJV566,15/15:10,15/15:13,16/06:55,16/07:03,15:42:22,AAP,PLW,023,28,0,0,NML,4,2025
2094.,A320,PKBKY,BTK,BTK6413,BTK6135,15/19:56,15/20:01,16/07:01,16/07:16,11:00:22,DPS,PKN,020,28,0,0,NML,4,2025
2095.,B739,PKLQR,LNI,LNI311,LNI971,16/06:07,16/06:14,16/07:08,16/07:20,0:54:00,BDJ,BTH,015,28,1,1,NML,4,2025
2096.,A320,PKBKR,BTK,BTK6370,BTK6597,16/06:37,16/06:44,16/07:30,16/07:39,0:46:00,CGK,CGK,008,28,1,1,NML,4,2025
2097.,A320,PKSJR,SJV,SJV727,SJV612,15/22:20,15/22:28,16/07:08,16/07:25,8:40:00,DPS,BPN,010,28,1,1,NML,4,2025
2098.,B738,PKGFJ,GIA,GIA328,GIA854,15/20:08,15/23:00,16/06:55,16/07:09,10:42:00,CGK,SIN,A02,28,1,1,NML,4,2025
2099.,B738,PKGNC,GIA,GIA855,GIA305,15/20:31,15/23:24,16/06:59,16/07:12,10:25:00,SIN,CGK,005,28,1,1,NML,4,2025
2100.,B739,PKLHS,LNI,LNI363,LNI646,16/06:21,16/06:26,16/07:14,16/07:29,0:48:48,BPN,LOP,012,28,1,1,NML,4,2025
2101.,A320,PKLUS,BTK,BTK7511,BTK7510,16/06:34,16/06:39,16/07:17,16/07:31,0:38:26,HLP,HLP,009,28,1,1,NML,4,2025
2102.,A320,PKGQN,CTV,CTV690,CTV460,16/06:46,16/06:52,16/07:36,16/07:44,0:44:55,DPS,AAP,006,28,1,1,NML,4,2025
2103.,A320,PKAZP,AWQ,AWQ325,AWQ392,15/19:16,15/19:19,16/07:19,16/07:33,12:00:00,KUL,JHB,A01,28,1,1,NML,4,2025
2104.,B739,PKLSU,LNI,LNI693,LNI693,16/06:56,16/07:02,16/07:46,16/07:55,0:44:02,KOE,CGK,014,28,1,1,NML,4,2025
2105.,A320,PKGQP,CTV,CTV170,CTV175,16/07:22,16/07:29,16/08:04,16/08:16,0:35:00,HLP,HLP,005,28,1,1,NML,4,2025
2106.,A320,PKGQE,CTV,CTV712,CTV713,16/07:18,16/07:24,16/08:08,16/08:18,0:44:00,CGK,CGK,007,28,1,1,NML,4,2025
2107.,A333,BLBE,CPA,CPA779,CPA780,15/17:49,15/17:56,16/08:16,16/08:30,14:20:00,HKG,HKG,A08,28,1,1,NML,4,2025
2108.,B739,PKLQT,LNI,LNI929,LNI990,16/07:14,16/07:20,16/08:21,16/08:32,1:01:00,DPS,DPS,010,28,1,1,NML,4,2025
2109.,B738,PKLBK,MXD,MXD352,MXD353,15/19:19,15/19:23,16/08:39,16/08:47,13:16:00,KUL,KUL,A04,10,1,1,NML,4,2025
2110.,A320,PKGQO,CTV,CTV355,CTV171,16/07:26,16/07:32,16/08:42,16/08:53,1:10:04,UPG,HLP,009,10,1,1,NML,4,2025
2111.,B738,PKLKW,LNI,LNI837,LNI748,16/08:14,16/08:19,16/09:10,16/09:23,0:51:58,PNK,MDC,015,10,1,1,NML,4,2025
2112.,B739,PKLSV,LNI,LNI267,LNI222,16/07:07,16/07:15,16/08:46,16/08:56,1:31:25,TRK,BDJ,018,10,0,0,NML,4,2025
2113.,A320,PKBLA,BTK,BTK6133,BTK6391,16/07:52,16/07:58,16/08:53,16/09:08,0:55:00,LOP,CGK,008,10,1,1,NML,4,2025
2114.,A320,PKSTA,SJV,SJV649,SJV618,16/07:40,16/07:46,16/08:52,16/09:03,1:06:00,BPN,BPN,012,10,1,1,NML,4,2025
2115.,B739,PKLHR,LNI,LNI683,LNI856,16/07:58,16/08:03,16/08:57,16/09:09,0:54:00,PKY,PLM,017,10,1,1,NML,4,2025
2116.,B738,PKGFQ,GIA,GIA304,GIA342,16/08:25,16/08:31,16/09:22,16/09:36,0:51:00,CGK,DPS,004,10,1,1,NML,4,2025
2117.,A320,PKPWK,PAS,PAS200,PAS201,16/08:05,16/08:12,16/09:07,16/09:18,0:55:00,CGK,CGK,006,10,1,1,NML,4,2025
2118.,A320,PKGLU,CTV,CTV671,CTV486,16/08:21,16/08:28,16/09:24,16/09:38,0:56:00,LOP,BDJ,007,10,1,1,NML,4,2025
2119.,A320,9VTRO,TGW,TGW296,TGW297,16/09:34,16/09:38,16/10:29,16/10:41,0:51:00,SIN,SIN,A02,10,1,1,NML,4,2025
2120.,A320,PKSJG,SJV,SJV611,SJV702,16/08:50,16/08:54,16/09:46,16/09:55,0:52:00,BPN,DPS,010,10,1,1,NML,4,2025
"2121.,AW139,PKTVN,TVR,PKTVN,PKTVN,14/09:20,14/09:22,16/09:57,16/09:59,""2 days, 0:35:00"",SUB,SUB,H02,28,0,0,TST,4,2025"
2122.,B733F,PKMYV,MYU,MYU935,MYU815,16/09:00,16/09:12,16/09:54,16/10:15,0:42:00,SRG,CGK,C02,10,0,0,NML,4,2025
2123.,B738,9MMXS,MAS,MAS871,MAS870,16/09:13,16/09:19,16/10:06,16/10:20,0:47:00,KUL,KUL,A07,10,1,1,NML,4,2025
2124.,B735,PKNAT,LKN,LKN243,LKN242,16/09:49,16/09:53,16/10:35,16/10:50,0:42:00,SMQ,SMQ,010,10,1,1,NML,4,2025
2125.,A359,9VSHB,SIA,SIA922,SIA923,16/09:00,16/09:07,16/10:04,16/10:16,0:57:00,SIN,SIN,A08,10,1,1,NML,4,2025
2126.,A320,PKBKQ,BTK,BTK6584,BTK6585,16/10:29,16/10:33,16/11:33,16/11:56,1:00:00,CGK,CGK,008,10,1,1,NML,4,2025
2127.,A320,PKGLP,CTV,CTV351,CTV350,16/09:42,16/09:46,16/10:23,16/10:33,0:37:00,UPG,UPG,005,10,1,1,NML,4,2025
2128.,A320,PKSJA,SJV,SJV635,SJV632,16/09:24,16/09:29,16/10:20,16/10:32,0:51:00,BDJ,BDJ,008,10,1,1,NML,4,2025
2129.,A320,PKGQR,CTV,CTV417,CTV715,16/09:20,16/09:23,16/10:12,16/10:25,0:49:00,PNK,CGK,006,10,1,1,NML,4,2025
2130.,B739,PKLGO,LNI,LNI791,LNI706,16/09:56,16/10:01,16/10:53,16/11:06,0:52:00,UPG,UPG,017,10,1,1,NML,4,2025
2131.,B739,PKLHM,LNI,LNI367,LNI262,16/10:00,16/10:03,16/10:52,16/11:07,0:49:00,BPN,BPN,012,10,1,1,NML,4,2025
2132.,B739,PKLHJ,LNI,LNI970,LNI973,16/09:54,16/09:59,16/11:18,16/11:35,1:19:00,BTH,BTH,014,10,1,1,NML,4,2025
2133.,A320,PKBKY,BTK,BTK6134,BTK6346,16/09:46,16/09:51,16/11:02,16/11:14,1:11:00,PKN,BEJ,007,10,1,1,NML,4,2025
2134.,A320,PKBKP,BTK,BTK7513,BTK7516,16/10:07,16/10:10,16/11:03,16/11:25,0:53:00,HLP,HLP,009,10,1,1,NML,4,2025
2135.,B739,PKLGU,LNI,LNI315,LNI682,16/10:03,16/10:07,16/11:04,16/11:20,0:57:00,BDJ,PKY,018,10,0,0,NML,4,2025
2136.,B739,PKLVF,LNI,LNI697,LNI697,16/10:35,16/10:41,16/11:35,16/12:00,0:54:00,KOE,CGK,021,10,0,0,NML,4,2025
2137.,A320,PKSJO,SJV,SJV641,SJV642,16/10:22,16/10:26,16/11:22,16/11:39,0:56:00,AAP,AAP,015,10,1,1,NML,4,2025
2138.,B739,PKLHS,LNI,LNI645,LNI822,16/10:10,16/10:15,16/11:00,16/11:12,0:45:00,LOP,LOP,016,10,1,1,NML,4,2025
2139.,A320,PKAZL,AWQ,AWQ321,AWQ322,16/10:53,16/10:58,16/11:38,16/11:54,0:40:00,KUL,KUL,A01,10,1,1,NML,4,2025
2140.,A320,PKLUS,BTK,BTK7517,BTK7520,16/10:43,16/10:46,16/11:41,16/12:03,0:55:00,HLP,HLP,010,10,1,1,NML,4,2025
2141.,B738,PKGMD,GIA,GIA322,GIA327,16/10:13,16/10:19,16/11:32,16/11:49,1:13:00,CGK,CGK,004,10,1,1,NML,4,2025
2142.,B738,PKLZO,MXD,MXD350,MXD351,16/10:39,16/10:45,16/11:33,16/11:46,0:48:00,KUL,KUL,A03,10,1,1,NML,4,2025
2143.,A320,PKGQN,CTV,CTV461,CTV698,16/11:15,16/11:19,16/11:59,16/12:13,0:40:18,AAP,DPS,006,10,1,1,NML,4,2025
2144.,B739,PKLSO,LNI,LNI694,LNI694,16/12:00,16/12:04,16/13:14,16/13:25,1:10:00,CGK,KOE,015,10,1,1,NML,4,2025
2145.,B739,PKLQT,LNI,LNI805,LNI804,16/11:02,16/11:05,16/13:19,16/13:34,2:14:00,DPS,DPS,012,10,1,1,NML,4,2025
"2146.,A339,PKLEQ,LNI,LNI079,LNI104,10/14:17,10/14:21,16/12:14,16/12:26,""5 days, 21:53:00"",JED,JED,A05,10,1,1,NML,4,2025"
2147.,A320,PKGLS,CTV,CTV9692,CTV9693,16/11:28,16/11:32,16/12:19,16/12:34,0:47:00,DPS,DPS,007,10,1,1,NML,4,2025
2148.,A320,PKBLC,BTK,BTK6582,BTK6581,16/11:47,16/11:50,16/12:39,16/12:50,0:49:12,CGK,CGK,010,10,1,1,NML,4,2025
2149.,B739,PKLSV,LNI,LNI223,LNI680,16/11:57,16/12:00,16/13:22,16/13:40,1:22:00,BDJ,PKY,016,10,1,1,NML,4,2025
2150.,A320,PKSTZ,SJV,SJV567,SJV636,16/11:33,16/11:42,16/12:31,16/12:41,0:49:00,PLW,BDJ,009,10,1,1,NML,4,2025
2151.,B739,PKLFY,LNI,LNI801,LNI780,16/11:41,16/11:45,16/12:43,16/12:55,0:58:00,UPG,UPG,017,10,1,1,NML,4,2025
2152.,B735,PKNAS,LKN,LKN193,LKN192,16/11:36,16/11:40,16/12:17,16/12:25,0:37:16,PKN,PKN,014,10,1,1,NML,4,2025
2153.,A320,PKBKM,BTK,BTK6596,BTK6595,16/12:39,16/12:42,16/13:35,16/13:50,0:53:00,CGK,CGK,009,10,1,1,NML,4,2025
2154.,A320,PKAZP,AWQ,AWQ393,AWQ324,16/12:31,16/12:37,16/13:20,16/13:28,0:43:00,JHB,KUL,A02,10,1,1,NML,4,2025
2155.,A320,PKPWM,PAS,PAS204,PAS205,16/11:52,16/11:55,16/13:21,16/13:36,1:26:00,CGK,CGK,005,10,1,1,NML,4,2025
2156.,A320,PKGLU,CTV,CTV487,CTV668,16/12:07,16/12:09,16/13:28,16/13:43,1:19:00,BDJ,DPS,008,10,1,1,NML,4,2025
2157.,B738,PKGUG,GIA,GIA290,GIA291,16/12:28,16/12:31,16/13:31,16/13:47,1:00:00,CGK,CGK,004,10,1,1,NML,4,2025
2158.,B739,PKLSK,LNI,LNI787,LNI722,16/13:35,16/13:38,16/14:32,16/14:44,0:54:00,UPG,KDI,015,10,1,1,NML,4,2025
2159.,B739,PKLHR,LNI,LNI857,LNI686,16/13:38,16/13:41,16/14:35,16/14:50,0:54:00,PLM,PKY,014,10,1,1,NML,4,2025
2160.,A320,PKSJA,SJV,SJV633,SJV726,16/13:31,16/13:34,16/14:20,16/14:31,0:46:00,BDJ,LBJ,010,10,1,1,NML,4,2025
2161.,B738,PKLOR,LNI,LNI839,LNI836,16/13:42,16/13:46,16/14:45,16/14:55,0:59:00,PNK,PNK,017,10,1,1,NML,4,2025
2162.,A320,PKGLY,CTV,CTV716,CTV717,16/12:52,16/12:55,16/14:05,16/14:16,1:10:00,CGK,CGK,007,10,1,1,NML,4,2025
2163.,A320,PKGLT,CTV,CTV431,CTV948,16/13:51,16/13:52,16/14:31,16/14:46,0:39:00,BPN,BTH,008,10,1,1,NML,4,2025
2164.,B738,PKGFD,GIA,GIA312,GIA317,16/13:45,16/13:48,16/14:49,16/15:05,1:01:00,CGK,CGK,005,10,1,1,NML,4,2025
2165.,A320,9VJSM,JSA,JSA247,JSA248,16/14:03,16/14:10,16/15:00,16/15:14,0:50:00,SIN,SIN,A07,10,1,1,NML,4,2025
2166.,B739,PKLHM,LNI,LNI261,LNI260,16/14:24,16/14:27,16/15:24,16/15:42,0:57:00,BPN,BPN,016,10,1,1,NML,4,2025
2167.,A320,PKPWE,PAS,PAS208,PAS209,16/13:49,16/13:52,16/15:53,16/16:06,2:01:00,CGK,CGK,006,10,1,1,NML,4,2025
2168.,B738,PKGFG,GIA,GIA330,GIA331,16/14:01,16/14:04,16/15:07,16/15:18,1:03:00,HLP,HLP,004,10,1,1,NML,4,2025
2169.,A320,PKLUP,BTK,BTK6406,BTK6220,16/15:02,16/15:05,16/15:51,16/16:05,0:46:00,CGK,BPN,010,10,1,1,NML,4,2025
2170.,B739,PKLQT,LNI,LNI919,LNI642,16/16:08,16/16:15,16/17:08,16/17:23,0:53:00,DPS,LOP,021,10,0,0,NML,4,2025
2171.,B738,PKLQZ,LNI,LNI869,LNI581,16/12:10,16/12:15,16/15:24,16/15:36,3:09:00,TTE,CGK,021,10,0,0,NML,4,2025
2172.,A320,PKGQN,CTV,CTV699,CTV434,16/14:48,16/14:52,16/15:23,16/15:40,0:31:00,DPS,BPN,007,10,1,1,NML,4,2025
2173.,B739,PKLHS,LNI,LNI823,LNI920,16/13:55,16/13:58,16/17:14,16/17:26,3:16:00,LOP,DPS,018,10,0,0,NML,4,2025
2174.,A320,PKLUK,BTK,BTK7501,BTK7512,16/14:41,16/14:44,16/15:36,16/15:46,0:52:00,HLP,HLP,009,10,1,1,NML,4,2025
2175.,B738,9MMXR,MAS,MAS873,MAS872,16/15:11,16/15:16,16/16:08,16/16:18,0:52:00,KUL,KUL,A08,10,1,1,NML,4,2025
2176.,A320,PKBKY,BTK,BTK6347,BTK6401,16/15:28,16/15:32,16/16:29,16/16:41,0:57:00,BEJ,CGK,014,10,1,1,NML,4,2025
2177.,A320,PKLAF,BTK,BTK7515,BTK7514,16/15:20,16/15:25,16/16:51,16/17:00,1:26:00,HLP,HLP,012,10,1,1,NML,4,2025
2178.,G150,VHPFV,PFA,VHPFV,VHPFV,16/15:24,16/15:28,16/15:51,16/16:02,0:23:00,SZB,XSP,030,10,0,0,NML,4,2025
2179.,B739,PKLSL,LNI,LNI972,LNI316,16/17:20,16/17:23,16/18:24,16/18:35,1:01:00,BTH,BDJ,015,10,1,1,NML,4,2025
2180.,B738,PKGFU,GIA,GIA310,GIA315,16/15:34,16/15:38,16/16:37,16/16:50,0:59:00,CGK,CGK,004,10,1,1,NML,4,2025
2181.,B738MAX,9VMBL,SIA,SIA926,SIA927,16/16:21,16/16:28,16/17:24,16/17:38,0:56:00,SIN,SIN,A07,10,1,1,NML,4,2025
2182.,A320,PKSTZ,SJV,SJV637,SJV648,16/15:30,16/15:34,16/16:30,16/16:41,0:56:00,BDJ,BPN,015,10,1,1,NML,4,2025
2183.,A320,PKPWC,PAS,PAS206,PAS623,16/15:38,16/15:42,16/16:42,16/16:55,1:00:00,CGK,BPN,005,10,1,1,NML,4,2025
2184.,B739,PKLGW,LNI,LNI692,LNI692,16/15:59,16/16:04,16/17:14,16/17:30,1:10:00,CGK,KOE,017,10,1,1,NML,4,2025
2185.,A320,PKGQO,CTV,CTV174,CTV418,16/16:11,16/16:16,16/16:58,16/17:10,0:42:00,HLP,PNK,006,10,1,1,NML,4,2025
2186.,A320,PKGQK,CTV,CTV495,CTV721,16/15:44,16/15:47,16/16:42,16/16:57,0:55:00,BDJ,CGK,008,10,1,1,NML,4,2025
2187.,A320,PKGLS,CTV,CTV669,CTV488,16/16:02,16/16:07,16/16:51,16/17:04,0:44:00,DPS,BDJ,007,10,1,1,NML,4,2025
2188.,B738,PKLSF,LNI,LNI709,LNI800,16/16:06,16/16:10,16/17:09,16/17:18,0:59:00,UPG,UPG,016,10,1,1,NML,4,2025
2189.,B739,PKLSO,LNI,LNI695,LNI226,16/18:01,16/18:05,16/18:54,16/19:13,0:49:00,KOE,BDJ,016,10,1,1,NML,4,2025
2190.,B738,PKLDK,BTK,BTK6578,BTK7579,16/16:29,16/16:31,16/17:21,16/17:34,0:50:00,CGK,CGK,009,10,1,1,NML,4,2025
2191.,B739,PKLSV,LNI,LNI681,LNI268,16/16:37,16/16:40,16/17:35,16/17:46,0:55:00,PKY,TRK,014,10,1,1,NML,4,2025
2192.,B738,PKLKP,LNI,LNI879,LNI838,16/14:57,16/15:02,16/17:41,16/17:52,2:39:00,AMQ,PNK,022,10,0,0,NML,4,2025
2193.,A320,PKAZL,AWQ,AWQ323,AWQ326,16/17:28,16/17:33,16/18:04,16/18:14,0:31:00,KUL,KUL,A03,10,1,1,NML,4,2025
2194.,B739,PKLHR,LNI,LNI687,LNI3318,16/17:36,16/17:39,16/18:20,16/18:32,0:41:00,PKY,BDJ,012,10,1,1,NML,4,2025
2195.,A320,PKSJA,SJV,SJV725,SJV708,16/17:43,16/17:47,16/18:58,16/19:17,1:11:00,LBJ,DPS,010,10,1,1,NML,4,2025
2196.,A320,PKPWL,PAS,PAS622,PAS207,16/17:14,16/17:17,16/18:09,16/18:20,0:52:00,BPN,CGK,006,10,1,1,NML,4,2025
2197.,B738,PKGFQ,GIA,GIA349,GIA313,16/17:31,16/17:35,16/18:35,16/18:43,1:00:00,DPS,CGK,004,10,1,1,NML,4,2025
2198.,A320,PKSGB,SJV,SJV723,SJV716,16/19:19,16/19:23,16/20:03,16/20:21,0:40:00,DPS,LOP,016,10,1,1,NML,4,2025
2199.,A320,PKBKP,BTK,BTK7503,BTK7502,16/18:39,16/18:42,16/19:34,16/19:47,0:52:00,HLP,HLP,014,10,1,1,NML,4,2025
2200.,B738,PKGUF,GIA,GIA320,GIA325,16/17:23,16/17:28,16/18:52,16/19:09,1:24:00,CGK,CGK,005,10,1,1,NML,4,2025
2201.,B738,9VMGK,SIA,SIA928,SIA929,16/18:29,16/18:36,16/19:24,16/19:39,0:48:00,SIN,SIN,A07,10,1,1,NML,4,2025
2202.,B738,PKLZV,BTK,BTK6576,BTK6575,16/18:33,16/18:36,16/19:25,16/19:34,0:49:00,CGK,CGK,009,10,1,1,NML,4,2025
2203.,A320,PKGTK,CTV,CTV949,CTV494,16/18:52,16/18:55,16/19:32,16/19:43,0:37:00,BTH,BDJ,008,10,1,1,NML,4,2025
2204.,A320,PKGQR,CTV,CTV736,CTV352,16/18:23,16/18:28,16/19:31,16/19:41,1:03:00,CGK,UPG,007,10,1,1,NML,4,2025
2205.,B739,PKLSK,LNI,LNI727,LNI880,16/18:48,16/18:51,16/21:32,16/21:41,2:41:00,KDI,UPG,015,28,1,1,NML,4,2025
2206.,B738,PKCRH,SJY,SJY567,SJY562,16/19:25,16/19:28,16/20:19,16/20:31,0:51:00,UPG,UPG,012,10,1,1,NML,4,2025
2207.,A320,PKGQI,CTV,CTV489,CTV693,16/19:10,16/19:14,16/19:52,16/20:12,0:38:00,BDJ,DPS,010,10,1,1,NML,4,2025
2208.,A320,PKPWK,PAS,PAS202,PAS203,16/18:44,16/18:47,16/19:49,16/19:58,1:02:00,CGK,CGK,006,10,1,1,NML,4,2025
2209.,A320,PKSJO,SJV,SJV643,SJV616,16/15:15,16/15:19,16/20:01,16/20:15,4:42:00,AAP,BPN,023,10,0,0,NML,4,2025
2210.,A320,PKGQN,CTV,CTV435,CTV737,16/19:04,16/19:08,16/20:00,16/20:17,0:52:00,BPN,CGK,003,10,0,0,NML,4,2025
2211.,B738,PKGUA,GIA,GIA326,GIA319,16/18:59,16/19:02,16/20:05,16/20:28,1:03:00,CGK,CGK,004,10,1,1,NML,4,2025
2212.,A320,PKGLG,CTV,CTV724,CTV354,16/19:32,16/19:37,16/20:22,16/20:37,0:45:00,CGK,UPG,007,28,1,1,NML,4,2025
2213.,A320,PKLAF,BTK,BTK7519,BTK7518,16/20:01,16/20:05,16/20:51,16/21:00,0:46:00,HLP,HLP,014,10,1,1,NML,4,2025
2214.,A320,PKLUG,BTK,BTK6137,BTK6136,16/20:07,16/20:11,16/21:50,16/21:59,1:39:00,UPG,UPG,017,28,1,1,NML,4,2025
2215.,B738,PKLSF,LNI,LNI883,LNI878,16/20:38,16/20:43,17/05:32,17/05:42,8:49:00,UPG,AMQ,016,28,1,1,NML,4,2025
2216.,A320,PKLUP,BTK,BTK6221,BTK7508,16/19:29,16/19:33,17/05:01,17/05:10,9:28:00,BPN,HLP,018,28,0,0,NML,4,2025
2217.,A320,PKSJA,SJV,SJV727,SJV610,16/21:50,16/21:55,17/04:55,17/05:04,7:00:00,DPS,BPN,015,28,1,1,NML,4,2025
2218.,A320,PKAZP,AWQ,AWQ325,AWQ320,16/19:06,16/19:12,17/05:00,17/05:13,9:48:00,KUL,KUL,A01,28,1,1,NML,4,2025
2219.,A320,PKGQK,CTV,CTV720,CTV430,16/20:14,16/20:17,17/05:01,17/05:09,8:44:00,CGK,BPN,009,28,1,1,NML,4,2025
2220.,B739,PKLHQ,LNI,LNI885,LNI786,16/19:15,16/19:18,17/05:08,17/05:19,9:50:00,UPG,UPG,021,28,0,0,NML,4,2025
2221.,B738,PKGFJ,GIA,GIA855,GIA301,16/20:30,16/23:38,17/05:07,17/05:17,8:32:00,SIN,CGK,004,28,1,1,NML,4,2025
2222.,A320,PKBKU,BTK,BTK6588,BTK6132,16/22:56,16/23:00,17/05:10,17/05:22,6:10:00,CGK,LOP,017,28,1,1,NML,4,2025
2223.,B739,PKLVF,LNI,LNI690,LNI690,17/05:01,17/05:07,17/05:48,17/05:57,0:41:00,CGK,KOE,015,28,1,1,NML,4,2025
2224.,A320,PKGQA,CTV,CTV726,CTV725,16/19:45,16/19:48,17/05:39,17/05:46,9:51:00,CGK,CGK,008,28,1,1,NML,4,2025
2225.,B739,PKLHR,LNI,LNI3319,LNI266,16/21:17,16/21:21,17/06:04,17/06:18,8:43:00,BDJ,BPN,C03,28,0,0,NML,4,2025
2226.,A320,PKGLU,CTV,CTV353,CTV484,17/05:06,17/05:14,17/05:57,17/06:10,0:43:00,UPG,BDJ,007,28,1,1,NML,4,2025
2227.,A320,PKSTZ,SJV,SJV613,SJV640,16/20:04,16/20:07,17/06:02,17/06:16,9:55:00,BPN,AAP,022,28,0,0,NML,4,2025
2228.,A320,V8RBE,RBA,RBA795,RBA796,16/20:09,16/20:15,17/05:52,17/06:08,9:37:00,BWN,BWN,A07,28,1,1,NML,4,2025
2229.,B739,PKLQT,LNI,LNI865,LNI882,16/20:18,16/20:24,17/06:10,17/06:25,9:46:00,LOP,UPG,024,28,0,0,NML,4,2025
2230.,B738,PKLKW,LNI,LNI749,LNI868,16/15:07,17/04:05,17/06:15,17/06:33,15:04:00,MDC,TTE,026,28,0,0,NML,4,2025
2231.,A320,PKBLD,BTK,BTK6594,BTK6589,16/20:25,16/20:30,17/06:07,17/06:20,9:37:00,CGK,CGK,023,28,0,0,NML,4,2025
2232.,A320,PKSAJ,SJV,SJV703,SJV706,16/08:34,16/08:40,17/06:19,17/06:34,21:39:00,DPS,DPS,020,28,0,0,NML,4,2025
2233.,A320,PKPWA,PAS,PAS212,PAS213,16/20:41,16/20:44,17/06:01,17/06:12,9:17:00,CGK,CGK,006,28,1,1,NML,4,2025
2234.,A320,PKAZG,AWQ,AWQ327,AWQ386,17/00:20,17/00:27,17/05:58,17/06:14,5:31:00,KUL,PEN,A06,28,1,1,NML,4,2025
2235.,A320,PKBKT,BTK,BTK6413,BTK6412,16/20:56,16/21:01,17/06:13,17/06:31,9:12:00,DPS,DPS,014,28,1,1,NML,4,2025
2236.,A320,PKSJR,SJV,SJV619,SJV634,16/16:32,16/16:35,17/06:46,17/07:00,14:11:00,BPN,BDJ,025,28,0,0,NML,4,2025
2237.,A320,PKSTA,SJV,SJV615,SJV566,16/20:34,16/20:37,17/07:13,17/07:22,10:36:00,BPN,PLW,012,28,1,1,NML,4,2025
2238.,A320,PKLUS,BTK,BTK7521,BTK6135,16/20:22,16/20:25,17/06:58,17/07:06,10:33:00,HLP,PKN,010,28,1,1,NML,4,2025
2239.,A320,PKSJP,SJV,SJV717,SJV612,17/06:06,17/06:13,17/07:07,17/07:17,0:54:00,LOP,BPN,016,28,1,1,NML,4,2025
2240.,C208,PKVVO,SUS,PKVVO,PKVVO,16/11:20,16/11:27,17/07:18,17/07:30,19:51:00,BXW,BXW,C06,28,0,0,NML,4,2025
2241.,A320,PKLAM,BTK,BTK6370,BTK6597,17/06:28,17/06:35,17/07:21,17/07:32,0:46:00,CGK,CGK,009,28,1,1,NML,4,2025
2242.,B739,PKLGS,LNI,LNI311,LNI971,17/06:57,17/07:02,17/07:50,17/08:00,0:48:00,BDJ,BTH,015,28,1,1,NML,4,2025
2243.,B738,PKGFW,GIA,GIA324,GIA854,16/21:34,16/23:18,17/07:06,17/07:15,9:24:00,CGK,SIN,A02,28,1,1,NML,4,2025
2244.,B738,PKGNM,GIA,GIA328,GIA305,16/19:52,16/19:56,17/07:04,17/07:13,11:08:00,CGK,CGK,005,28,1,1,NML,4,2025
2245.,B739,PKLHH,LNI,LNI363,LNI646,17/06:23,17/06:28,17/07:17,17/07:28,0:49:00,BPN,LOP,017,28,1,1,NML,4,2025
2246.,A320,PKLUK,BTK,BTK7511,BTK7510,17/06:39,17/06:44,17/07:31,17/07:43,0:47:00,HLP,HLP,008,28,1,1,NML,4,2025
2247.,A320,PKGQI,CTV,CTV690,CTV460,17/07:07,17/07:14,17/07:53,17/08:02,0:39:00,DPS,AAP,006,28,1,1,NML,4,2025
2248.,B739,PKLGW,LNI,LNI693,LNI982,17/06:54,17/07:00,17/08:47,17/08:57,1:47:00,KOE,PKU,014,28,1,1,NML,4,2025
2249.,B739,PKLHR,LNI,LNI367,LNI693,17/10:04,17/10:09,17/11:01,17/11:21,0:52:00,BPN,CGK,020,28,0,0,NML,4,2025
2250.,A21N,B32L3,CSN,CSN8137,CSN8138,16/21:26,16/21:30,17/08:00,17/08:15,10:30:00,CAN,CAN,A03,28,1,1,NML,4,2025
2251.,A320,PKGQP,CTV,CTV170,CTV175,17/07:10,17/07:17,17/07:58,17/08:06,0:41:00,HLP,HLP,007,28,1,1,NML,4,2025
2252.,A333,BLBH,CPA,CPA779,CPA780,16/17:50,16/17:57,17/08:10,17/08:25,14:13:00,HKG,HKG,A08,28,1,1,NML,4,2025
"2253.,DHC6,PKICP,PGT,PKICP,PKICP,15/11:15,15/11:18,17/08:03,17/08:11,""1 day, 20:45:00"",PAG,PAG,028,28,0,0,NML,4,2025"
2254.,B738,PKLZZ,MXD,MXD352,MXD353,16/19:36,16/19:41,17/08:41,17/08:54,13:00:00,KUL,KUL,A04,28,1,1,NML,4,2025
2255.,A320,PKGQE,CTV,CTV355,CTV171,17/07:40,17/07:46,17/08:45,17/08:55,0:59:00,UPG,HLP,005,28,1,1,NML,4,2025
2256.,B739,PKLKP,LNI,LNI837,LNI990,17/08:22,17/08:27,17/10:15,17/10:29,1:48:00,PNK,DPS,016,28,1,1,NML,4,2025
2257.,A320,PKBKU,BTK,BTK6133,BTK6391,17/07:47,17/07:52,17/08:44,17/08:52,0:52:00,LOP,CGK,009,28,1,1,NML,4,2025
2258.,A320,PKSJO,SJV,SJV649,SJV618,17/07:52,17/07:58,17/08:53,17/09:04,0:55:00,BPN,BPN,010,28,1,1,NML,4,2025
2259.,B739,PKLSR,LNI,LNI683,LNI682,17/08:13,17/08:18,17/09:06,17/09:16,0:48:00,PKY,PKY,017,28,1,1,NML,4,2025
2260.,B738,PKGFQ,GIA,GIA304,GIA342,17/08:20,17/08:26,17/09:15,17/09:27,0:49:00,CGK,DPS,004,28,1,1,NML,4,2025
2261.,A320,PKGLU,CTV,CTV485,CTV486,17/08:50,17/08:56,17/09:32,17/09:39,0:36:00,BDJ,BDJ,005,28,1,1,NML,4,2025
2262.,A320,PKSJA,SJV,SJV611,SJV642,17/08:45,17/08:50,17/09:45,17/09:59,0:55:00,BPN,AAP,012,28,1,1,NML,4,2025
2263.,A320,PKSAJ,SJV,SJV703,SJV702,17/09:12,17/09:17,17/10:07,17/10:17,0:50:00,DPS,DPS,010,28,1,1,NML,4,2025
2264.,B738,9MMXN,MAS,MAS871,MAS870,17/09:25,17/09:28,17/10:13,17/10:32,0:45:00,KUL,KUL,A07,28,1,1,NML,4,2025
2265.,B739,PKLSL,LNI,LNI315,LNI222,17/09:07,17/09:12,17/09:55,17/10:07,0:43:00,BDJ,BDJ,014,28,1,1,NML,4,2025
2266.,C208,PKVVO,SUS,PKVVO,PKVVO,17/09:10,17/09:12,17/09:48,17/10:02,0:36:00,BXW,BXW,C06,28,0,0,NML,4,2025
2267.,A359,9VSHT,SIA,SIA922,SIA923,17/09:02,17/09:05,17/10:07,17/10:27,1:02:00,SIN,SIN,A08,28,1,1,NML,4,2025
2268.,B733F,PKMYV,MYU,MYU935,MYU815,17/09:21,17/09:24,17/09:58,17/10:15,0:34:00,SRG,CGK,C02,28,0,0,NML,4,2025
2269.,A320,PKBKQ,BTK,BTK6584,BTK6585,17/10:01,17/10:06,17/11:01,17/11:14,0:55:00,CGK,CGK,017,28,1,1,NML,4,2025
2270.,A320,PKGQO,CTV,CTV351,CTV350,17/09:17,17/09:24,17/10:17,17/10:31,0:53:00,UPG,UPG,006,28,1,1,NML,4,2025
2271.,A320,PKGQS,CTV,CTV417,CTV715,17/09:14,17/09:19,17/10:13,17/10:23,0:54:00,PNK,CGK,007,28,1,1,NML,4,2025
2272.,A320,PKSJR,SJV,SJV635,SJV632,17/09:53,17/09:57,17/11:07,17/11:29,1:10:00,BDJ,BDJ,022,28,0,0,NML,4,2025
2273.,A20N,9VTNF,TGW,TGW296,TGW297,17/09:42,17/09:46,17/10:40,17/10:57,0:54:00,SIN,SIN,A02,28,1,1,NML,4,2025
2274.,B739,PKLQT,LNI,LNI791,LNI706,17/09:49,17/09:54,17/10:50,17/10:59,0:56:00,UPG,UPG,015,28,1,1,NML,4,2025
2275.,B739,PKLGO,LNI,LNI787,LNI262,17/13:33,17/13:39,17/14:26,17/14:40,0:47:00,UPG,BPN,017,28,1,1,NML,4,2025
2276.,A320,PKPWA,PAS,PAS210,PAS211,17/09:36,17/09:43,17/10:43,17/10:52,1:00:00,CGK,CGK,005,28,1,1,NML,4,2025
2277.,A320,PKGQL,CTV,CTV722,CTV723,17/09:40,17/09:45,17/10:40,17/10:50,0:55:00,CGK,CGK,009,28,1,1,NML,4,2025
2278.,B739,PKLQR,LNI,LNI970,LNI973,17/09:57,17/10:04,17/11:15,17/11:31,1:11:00,BTH,BTH,021,28,0,0,NML,4,2025
2279.,A320,PKSJV,SJV,SJV705,SJV704,17/10:34,17/10:39,17/11:56,17/12:07,1:17:00,DPS,DPS,010,28,1,1,NML,4,2025
2280.,A320,PKLUS,BTK,BTK6134,BTK6346,17/09:46,17/09:51,17/10:53,17/11:01,1:02:00,PKN,BEJ,012,28,1,1,NML,4,2025
2281.,A320,PKLUH,BTK,BTK7513,BTK7516,17/10:25,17/10:31,17/11:20,17/11:33,0:49:00,HLP,HLP,008,28,1,1,NML,4,2025
2282.,B739,PKLHH,LNI,LNI645,LNI822,17/10:08,17/10:14,17/11:07,17/11:25,0:53:00,LOP,LOP,014,28,1,1,NML,4,2025
2283.,B739,PKLSH,LNI,LNI694,LNI694,17/10:44,17/10:48,17/11:42,17/11:53,0:54:00,CGK,KOE,023,28,0,0,NML,4,2025
2284.,A320,PKAZP,AWQ,AWQ321,AWQ322,17/10:48,17/10:51,17/11:27,17/11:39,0:36:00,KUL,KUL,A01,28,1,1,NML,4,2025
2285.,B739,PKLVF,LNI,LNI697,LNI697,17/10:21,17/10:26,17/11:25,17/11:35,0:59:00,KOE,CGK,016,28,1,1,NML,4,2025
2286.,B738,PKGFU,GIA,GIA322,GIA327,17/10:12,17/10:20,17/11:31,17/11:44,1:11:00,CGK,CGK,004,28,1,1,NML,4,2025
2287.,A320,PKBKP,BTK,BTK7517,BTK7520,17/11:27,17/11:34,17/12:26,17/12:39,0:52:00,HLP,HLP,009,10,1,1,NML,4,2025
2288.,B738,9MLCP,MXD,MXD350,MXD351,17/11:23,17/11:26,17/12:23,17/12:34,0:57:00,KUL,KUL,A04,10,1,1,NML,4,2025
2289.,B738,PKLSF,LNI,LNI879,LNI748,17/11:15,17/11:20,17/13:20,17/13:38,2:00:00,AMQ,MDC,017,28,1,1,NML,4,2025
2290.,A320,PKGQI,CTV,CTV461,CTV698,17/11:19,17/11:25,17/12:00,17/12:10,0:35:00,AAP,DPS,006,10,1,1,NML,4,2025
2291.,A320,PKSAV,SJV,SJV363,SJV362,17/10:54,17/10:59,17/12:09,17/12:19,1:10:00,KNO,KNO,015,10,1,1,NML,4,2025
2292.,C208,PKVVO,SUS,PKVVO,PKVVO,17/11:50,17/11:55,17/12:20,17/12:29,0:25:00,BXW,HLP,C07,10,0,0,NML,4,2025
2293.,A320,PKBLD,BTK,BTK6582,BTK6581,17/11:57,17/12:04,17/13:20,17/13:32,1:16:00,CGK,CGK,016,28,1,1,NML,4,2025
2294.,A320,PKGLT,CTV,CTV9692,CTV9693,17/11:12,17/11:20,17/12:21,17/12:36,1:01:00,DPS,DPS,007,10,1,1,NML,4,2025
2295.,A320,PKSTA,SJV,SJV567,SJV636,17/11:41,17/11:47,17/12:40,17/12:50,0:53:00,PLW,BDJ,012,10,1,1,NML,4,2025
2296.,B739,PKLGJ,LNI,LNI801,LNI780,17/11:46,17/11:51,17/14:15,17/14:23,2:24:00,UPG,UPG,014,28,1,1,NML,4,2025
2297.,A320,PKBKL,BTK,BTK6596,BTK6595,17/12:55,17/12:58,17/13:55,17/14:04,0:56:45,CGK,CGK,010,28,1,1,NML,4,2025
2298.,A320,PKAZG,AWQ,AWQ387,AWQ324,17/12:23,17/12:29,17/13:19,17/13:28,0:50:00,PEN,KUL,A01,28,1,1,NML,4,2025
2299.,B738,PKLKP,LNI,LNI805,LNI722,17/13:29,17/13:37,17/14:30,17/14:42,0:53:00,DPS,KDI,012,28,1,1,NML,4,2025
2300.,A320,PKGLU,CTV,CTV487,CTV668,17/12:16,17/12:20,17/13:22,17/13:40,1:02:00,BDJ,DPS,008,28,1,1,NML,4,2025
2301.,B739,PKLSL,LNI,LNI223,LNI680,17/12:51,17/12:55,17/14:40,17/14:49,1:45:00,BDJ,PKY,021,28,0,0,NML,4,2025
2302.,B739,PKLGW,LNI,LNI983,LNI686,17/14:30,17/14:36,17/15:29,17/15:38,0:53:00,PKU,PKY,014,28,1,1,NML,4,2025
2303.,B738,PKLOR,LNI,LNI839,LNI836,17/12:58,17/13:05,17/14:07,17/14:16,1:02:00,PNK,PNK,015,28,1,1,NML,4,2025
2304.,A320,PKGQG,CTV,CTV716,CTV717,17/13:36,17/13:42,17/14:26,17/14:37,0:44:00,CGK,CGK,007,28,1,1,NML,4,2025
2305.,A320,PKGQK,CTV,CTV431,CTV948,17/13:45,17/13:50,17/14:50,17/14:58,1:00:00,BPN,BTH,008,28,1,1,NML,4,2025
2306.,B739,PKLHH,LNI,LNI823,LNI910,17/14:02,17/14:06,17/15:08,17/15:17,1:02:00,LOP,DPS,010,28,1,1,NML,4,2025
2307.,B738,PKGNQ,GIA,GIA312,GIA317,17/13:41,17/13:47,17/14:55,17/15:03,1:08:00,CGK,CGK,004,28,1,1,NML,4,2025
2308.,A320,9VJSN,JSA,JSA247,JSA248,17/13:56,17/13:59,17/14:47,17/14:57,0:48:00,SIN,SIN,A07,28,1,1,NML,4,2025
"2309.,A339,PKLES,LNI,LNI075,LNI074A,13/14:55,13/23:05,17/14:35,17/14:35,""3 days, 23:34:00"",JED,JED,011,28,1,1,RTA,4,2025"
2310.,A320,PKLUU,BTK,BTK7515,BTK7514,17/13:59,17/14:05,17/14:56,17/15:04,0:51:00,HLP,HLP,009,28,1,1,NML,4,2025
2311.,B739,PKLGY,LNI,LNI261,LNI260,17/14:38,17/14:42,17/15:40,17/15:47,0:58:00,BPN,BPN,016,28,1,1,NML,4,2025
2312.,A320,PKPWG,PAS,PAS208,PAS209,17/13:52,17/14:01,17/15:00,17/15:11,0:59:00,CGK,CGK,006,28,1,1,NML,4,2025
2313.,B739,PKLSV,LNI,LNI267,LNI642,17/07:02,17/07:09,17/15:50,17/15:58,8:41:00,TRK,LOP,018,28,0,0,NML,4,2025
2314.,B738,PKGMU,GIA,GIA330,GIA331,17/14:06,17/14:11,17/15:15,17/15:22,1:04:00,HLP,HLP,005,28,1,1,NML,4,2025
2315.,A320,PKGQI,CTV,CTV699,CTV434,17/14:26,17/14:33,17/15:18,17/15:28,0:45:00,DPS,BPN,007,28,1,1,NML,4,2025
2316.,A320,PKSJA,SJV,SJV641,SJV614,17/13:49,17/13:53,17/15:30,17/15:39,1:37:00,AAP,BPN,022,28,0,0,NML,4,2025
2317.,A320,PKBKP,BTK,BTK7501,BTK7512,17/15:55,17/16:01,17/17:04,17/17:14,1:03:00,HLP,HLP,008,28,1,1,NML,4,2025
2318.,B738,9MMXO,MAS,MAS873,MAS872,17/15:14,17/15:17,17/16:03,17/16:15,0:46:00,KUL,KUL,A07,28,1,1,NML,4,2025
2319.,A339,PKLEQ,LNI,LNI105,LNI074,17/12:01,17/12:05,17/16:34,17/16:51,4:29:00,JED,JED,A06,28,1,1,NML,4,2025
2320.,A320,PKLUS,BTK,BTK6347,BTK6401,17/15:09,17/15:15,17/16:09,17/16:20,0:54:00,BEJ,CGK,009,28,1,1,NML,4,2025
2321.,B739,PKLGV,LNI,LNI919,LNI920,17/16:00,17/16:06,17/16:48,17/17:00,0:42:00,DPS,DPS,016,28,1,1,NML,4,2025
2322.,A320,PKBLA,BTK,BTK6406,BTK6220,17/16:47,17/16:53,17/17:41,17/17:50,0:48:00,CGK,BPN,010,28,1,1,NML,4,2025
2323.,B738MAX,9VMBL,SIA,SIA926,SIA927,17/15:50,17/15:53,17/16:41,17/16:58,0:48:00,SIN,SIN,A08,28,1,1,NML,4,2025
2324.,A320,PKSTA,SJV,SJV637,SJV648,17/15:25,17/15:30,17/16:33,17/16:41,1:03:00,BDJ,BPN,010,28,1,1,NML,4,2025
2325.,B738,PKGFU,GIA,GIA310,GIA315,17/15:35,17/15:41,17/16:45,17/16:57,1:04:00,CGK,CGK,004,28,1,1,NML,4,2025
2326.,A320,PKPWE,PAS,PAS206,PAS623,17/15:48,17/15:56,17/16:37,17/16:50,0:41:00,CGK,BPN,005,28,1,1,NML,4,2025
2327.,B739,PKLSH,LNI,LNI695,LNI268,17/16:18,17/16:24,17/17:18,17/17:28,0:54:00,KOE,TRK,014,28,1,1,NML,4,2025
2328.,A320,PKGQE,CTV,CTV174,CTV418,17/16:31,17/16:38,17/17:22,17/17:30,0:44:00,HLP,PNK,009,28,1,1,NML,4,2025
2329.,B739,PKLSR,LNI,LNI692,LNI692,17/17:05,17/17:09,17/17:54,17/18:04,0:45:00,CGK,KOE,015,28,1,1,NML,4,2025
2330.,A320,PKGQL,CTV,CTV495,CTV721,17/16:13,17/16:20,17/16:59,17/17:09,0:39:00,BDJ,CGK,006,28,1,1,NML,4,2025
2331.,A339,PKLES,LNI,LNI074A,LNI106,17/14:50,17/14:50,17/18:26,17/18:40,3:36:00,JED,JED,011,28,1,1,NML,4,2025
2332.,A320,PKGLT,CTV,CTV669,CTV488,17/16:09,17/16:15,17/16:55,17/17:07,0:40:00,DPS,BDJ,007,28,1,1,NML,4,2025
2333.,B739,PKLKQ,LNI,LNI709,LNI800,17/16:35,17/16:41,17/17:51,17/18:02,1:10:00,UPG,UPG,012,28,1,1,NML,4,2025
2334.,B739,PKLGS,LNI,LNI972,LNI226,17/17:44,17/17:49,17/18:44,17/18:53,0:55:00,BTH,BDJ,016,28,1,1,NML,4,2025
2335.,A320,PKBLC,BTK,BTK6578,BTK7579,17/17:53,17/17:59,17/18:51,17/19:04,0:52:00,CGK,CGK,009,28,1,1,NML,4,2025
2336.,B739,PKLSL,LNI,LNI681,LNI316,17/17:59,17/18:05,17/18:58,17/19:17,0:53:00,PKY,BDJ,015,28,1,1,NML,4,2025
2337.,B738,PKLKW,LNI,LNI869,LNI838,17/12:48,17/12:52,17/18:10,17/18:27,5:18:00,TTE,PNK,020,28,0,0,NML,4,2025
2338.,A320,PKAZP,AWQ,AWQ323,AWQ326,17/17:21,17/17:24,17/18:08,17/18:25,0:44:00,KUL,KUL,A03,28,1,1,NML,4,2025
2339.,B739,PKLHH,LNI,LNI923,LNI3318,17/17:38,17/17:44,17/19:13,17/19:24,1:29:00,DPS,BDJ,014,28,1,1,NML,4,2025
2340.,B738,PKLKP,LNI,LNI727,LNI581,17/18:38,17/18:44,17/19:46,17/19:57,1:02:00,KDI,CGK,020,28,0,0,NML,4,2025
2341.,A320,PKGTK,CTV,CTV718,CTV719,17/17:11,17/17:17,17/18:04,17/18:21,0:47:00,CGK,CGK,007,28,1,1,NML,4,2025
2342.,A320,PKSJA,SJV,SJV617,SJV708,17/19:04,17/19:09,17/19:54,17/20:05,0:45:00,BPN,DPS,015,28,1,1,NML,4,2025
2343.,A320,PKPWA,PAS,PAS622,PAS207,17/17:41,17/17:47,17/18:38,17/18:46,0:51:00,BPN,CGK,006,28,1,1,NML,4,2025
2344.,B738,PKGFQ,GIA,GIA349,GIA313,17/17:18,17/17:24,17/18:31,17/18:43,1:07:00,DPS,CGK,005,28,1,1,NML,4,2025
2345.,A320,PKSJR,SJV,SJV633,SJV716,17/14:34,17/14:38,17/19:08,17/19:20,4:30:00,BDJ,LOP,023,28,0,0,NML,4,2025
2346.,B738,PKCRH,SJY,SJY567,SJY562,17/18:13,17/18:18,17/18:57,17/19:14,0:39:00,UPG,UPG,012,28,1,1,NML,4,2025
2347.,A320,PKLUU,BTK,BTK7503,BTK7502,17/18:23,17/18:29,17/19:15,17/19:26,0:46:00,HLP,HLP,010,28,1,1,NML,4,2025
2348.,B738,PKGUD,GIA,GIA320,GIA325,17/17:26,17/17:32,17/18:59,17/19:19,1:27:00,CGK,CGK,004,28,1,1,NML,4,2025
2349.,A320,PKGQC,CTV,CTV172,CTV173,17/18:19,17/18:26,17/19:11,17/19:23,0:45:00,HLP,HLP,008,28,1,1,NML,4,2025
2350.,B738MAX,9VMBG,SIA,SIA928,SIA929,17/18:33,17/18:36,17/19:26,17/19:40,0:50:00,SIN,SIN,A07,28,1,1,NML,4,2025
2351.,A320,PKGQS,CTV,CTV736,CTV352,17/18:44,17/18:53,17/19:32,17/19:44,0:39:00,CGK,UPG,007,28,1,1,NML,4,2025
2352.,B738,PKLGW,LNI,LNI687,LNI880,17/18:16,17/18:21,17/21:57,17/22:09,3:36:00,PKY,UPG,022,28,0,0,NML,4,2025
2353.,A320,PKGQT,CTV,CTV489,CTV693,17/19:09,17/19:14,17/19:56,17/20:10,0:42:00,BDJ,DPS,004,28,1,1,NML,4,2025
2354.,A320,PKLUH,BTK,BTK7519,BTK7518,17/19:00,17/19:07,17/20:04,17/20:21,0:57:00,HLP,HLP,011,28,1,1,NML,4,2025
2355.,A320,PKPWC,PAS,PAS202,PAS203,17/18:54,17/19:02,17/19:48,17/20:01,0:46:00,CGK,CGK,006,28,1,1,NML,4,2025
2356.,A320,PKGQI,CTV,CTV435,CTV737,17/18:50,17/18:56,17/19:59,17/20:15,1:03:00,BPN,CGK,003,28,0,0,NML,4,2025
2357.,B738,PKGFG,GIA,GIA326,GIA319,17/19:06,17/19:12,17/20:09,17/20:29,0:57:00,CGK,CGK,005,28,1,1,NML,4,2025
2358.,B738,PKLZV,BTK,BTK6586,BTK6587,17/19:31,17/19:38,17/20:39,17/20:51,1:01:00,CGK,CGK,010,28,1,1,NML,4,2025
2359.,A320,PKGLY,CTV,CTV949,CTV494,17/20:22,17/20:29,17/21:07,17/21:14,0:38:00,BTH,BDJ,008,28,1,1,NML,4,2025
2360.,A320,PKGQN,CTV,CTV724,CTV354,17/20:12,17/20:20,17/21:00,17/21:10,0:40:27,CGK,UPG,009,28,1,1,NML,4,2025
2361.,A320,PKLUV,BTK,BTK6137,BTK6136,17/20:16,17/20:21,17/22:04,17/22:14,1:43:00,UPG,UPG,011,28,1,1,NML,4,2025
2362.,B738,PKLSF,LNI,LNI749,LNI878,17/19:59,17/20:04,18/05:02,18/05:16,8:57:55,MDC,AMQ,024,28,0,0,NML,4,2025
2363.,A320,PKSJA,SJV,SJV723,SJV610,17/22:17,17/22:23,18/04:56,18/05:09,6:33:08,DPS,BPN,022,28,0,0,NML,4,2025
2364.,A320,PKBKQ,BTK,BTK6588,BTK7508,17/22:42,17/22:49,18/04:59,18/05:11,6:10:18,CGK,HLP,009,28,1,1,NML,4,2025
2365.,A320,PKAZG,AWQ,AWQ325,AWQ320,17/19:12,17/19:15,18/05:01,18/05:15,9:46:00,KUL,KUL,A01,28,1,1,NML,4,2025
2366.,B739,PKLGS,LNI,LNI3319,LNI786,17/22:07,17/22:12,18/05:00,18/05:13,6:48:19,BDJ,UPG,014,28,1,1,NML,4,2025
2367.,B738,PKGMC,GIA,GIA328,GIA301,17/20:18,17/20:27,18/05:08,18/05:19,8:41:12,CGK,CGK,004,28,1,1,NML,4,2025
2368.,A320,PKGQL,CTV,CTV720,CTV430,17/20:25,17/20:34,18/04:55,18/05:06,8:20:52,CGK,BPN,003,28,0,0,NML,4,2025
2369.,A320,PKBLA,BTK,BTK6221,BTK6132,17/21:03,17/21:08,18/05:16,18/05:25,8:07:24,BPN,LOP,020,28,0,0,NML,4,2025
2370.,B739,PKLVF,LNI,LNI690,LNI690,18/05:03,18/05:08,18/05:50,18/06:12,0:42:00,CGK,KOE,011,28,1,1,NML,4,2025
2371.,A320,PKGQU,CTV,CTV726,CTV725,17/20:04,17/20:10,18/05:36,18/05:43,9:26:00,CGK,CGK,007,28,1,1,NML,4,2025
2372.,A320,V8RBC,RBA,RBA795,RBA796,17/20:07,17/20:11,18/05:52,18/06:06,9:41:00,BWN,BWN,A07,28,1,1,NML,4,2025
2373.,A320,PKSAV,SJV,SJV727,SJV706,17/23:36,17/23:42,18/06:12,18/06:20,6:30:00,DPS,DPS,012,28,1,1,NML,4,2025
2374.,A320,PKSJO,SJV,SJV615,SJV640,17/21:19,17/21:25,18/06:18,18/06:26,8:53:00,BPN,AAP,010,28,1,1,NML,4,2025
2375.,A320,PKGLU,CTV,CTV353,CTV670,18/05:07,18/05:14,18/05:56,18/06:08,0:42:34,UPG,LOP,008,28,1,1,NML,4,2025
2376.,B739,PKLJI,LNI,LNI885,LNI882,17/20:48,17/20:53,18/06:05,18/06:15,9:12:00,UPG,UPG,023,28,0,0,NML,4,2025
2377.,B739,PKLSV,LNI,LNI865,LNI266,17/18:29,17/18:34,18/05:55,18/06:10,11:21:11,LOP,BPN,025,28,0,0,NML,4,2025
2378.,A320,PKBLD,BTK,BTK6594,BTK6589,17/20:31,17/20:37,18/06:03,18/06:14,9:26:00,CGK,CGK,015,28,1,1,NML,4,2025
2379.,A320,PKPWH,PAS,PAS212,PAS213,17/20:43,17/20:52,18/06:08,18/06:17,9:16:00,CGK,CGK,006,28,1,1,NML,4,2025
2380.,A320,PKBKT,BTK,BTK6413,BTK6412A,17/19:47,17/19:53,18/06:21,18/06:28,10:28:00,DPS,DPS,016,28,1,1,RTA,4,2025
2381.,A320,PKSJP,SJV,SJV619,SJV634,17/16:05,17/16:10,18/06:44,18/06:58,14:34:00,BPN,BDJ,026,28,0,0,NML,4,2025
2382.,A320,PKSAE,SJV,SJV717,SJV566,18/05:50,18/05:56,18/06:47,18/06:59,0:51:00,LOP,PLW,009,28,1,1,NML,4,2025
2383.,A320,PKLAT,BTK,BTK6370,BTK6597,18/06:04,18/06:10,18/07:02,18/07:11,0:52:00,CGK,CGK,011,28,1,1,NML,4,2025
2384.,A320,PKLUK,BTK,BTK7521,BTK6135,17/19:55,17/20:00,18/07:12,18/07:21,11:12:00,HLP,PKN,017,28,1,1,NML,4,2025
2385.,B739,PKLSL,LNI,LNI311,LNI971,18/06:01,18/06:08,18/07:05,18/07:15,0:57:00,BDJ,BTH,014,28,1,1,NML,4,2025
2386.,A320,PKSTZ,SJV,SJV643,SJV612,17/15:31,17/15:36,18/08:12,18/08:22,16:36:00,AAP,BPN,021,28,0,0,NML,4,2025
2387.,B738,PKGUG,GIA,GIA324,GIA305,17/20:57,17/21:05,18/06:58,18/07:08,9:53:00,CGK,CGK,005,28,1,1,NML,4,2025
2388.,B738,PKGFW,GIA,GIA855,GIA854,17/20:40,17/20:44,18/06:56,18/07:09,10:12:00,SIN,SIN,A02,28,1,1,NML,4,2025
2389.,B739,PKLHM,LNI,LNI363,LNI646,18/06:23,18/06:29,18/07:23,18/07:31,0:54:00,BPN,LOP,012,28,1,1,NML,4,2025
2390.,A320,PKLUH,BTK,BTK7511,BTK7510,18/06:35,18/06:41,18/07:35,18/07:50,0:54:00,HLP,HLP,008,28,1,1,NML,4,2025
2391.,A320,PKBLA,BTK,BTK6133,BTK6412,18/08:03,18/08:09,18/09:25,18/09:42,1:16:00,LOP,DPS,017,28,1,1,NML,4,2025
2392.,A320,PKAZP,AWQ,AWQ327,AWQ392,17/23:49,17/23:56,18/07:27,18/07:38,7:31:00,KUL,JHB,A03,28,1,1,NML,4,2025
2393.,A320,PKGQT,CTV,CTV690,CTV460,18/06:41,18/06:48,18/07:33,18/07:46,0:45:00,DPS,AAP,006,28,1,1,NML,4,2025
2394.,B739,PKLSR,LNI,LNI693,LNI693,18/06:53,18/06:58,18/07:50,18/08:00,0:52:00,KOE,CGK,015,28,1,1,NML,4,2025
2395.,A320,PKGQP,CTV,CTV170,CTV175,18/07:02,18/07:07,18/07:54,18/08:06,0:47:00,HLP,HLP,007,28,1,1,NML,4,2025
2396.,A333,BHLV,CPA,CPA779,CPA780,17/17:47,17/17:50,18/08:10,18/08:26,14:20:00,HKG,HKG,A08,28,1,1,NML,4,2025
2397.,B738,PKLKW,LNI,LNI837,LNI868,18/08:27,18/08:33,18/09:31,18/09:49,0:58:00,PNK,TTE,012,28,1,1,NML,4,2025
2398.,B738,PKLKQ,LNI,LNI883,LNI748,17/21:37,17/21:40,18/09:54,18/10:03,12:13:33,UPG,MDC,C03,28,0,0,NML,4,2025
"2399.,A339,PKLEJ,LNI,LNI079,LNI102,14/10:02,16/19:41,18/08:40,18/08:53,""3 days, 22:34:00"",JED,JED,A17,28,0,1,NML,4,2025"
2400.,B739,PKLGL,LNI,LNI929,LNI990,18/06:56,18/07:01,18/08:17,18/08:29,1:16:00,DPS,DPS,010,28,1,1,NML,4,2025
2401.,B738,PKLBS,MXD,MXD352,MXD353,17/19:35,17/19:38,18/08:39,18/08:59,13:01:00,KUL,KUL,A04,28,1,1,NML,4,2025
2402.,A320,PKGTK,CTV,CTV355,CTV171,18/07:43,18/07:50,18/08:40,18/08:50,0:50:00,UPG,HLP,005,28,1,1,NML,4,2025
2403.,B739,PKLSH,LNI,LNI267,LNI222,18/07:05,18/07:10,18/08:54,18/09:02,1:44:00,TRK,BDJ,018,28,0,0,NML,4,2025
2404.,A320,PKBKU,BTK,BTK6584,BTK6391,18/10:56,18/11:03,18/12:03,18/12:14,1:00:00,CGK,CGK,010,28,1,1,NML,4,2025
2405.,A320,PKSJD,SJV,SJV649,SJV618,18/07:47,18/07:53,18/08:51,18/09:01,0:58:00,BPN,BPN,009,28,1,1,NML,4,2025
2406.,B739,PKLHL,LNI,LNI683,LNI682,18/07:57,18/08:03,18/09:06,18/09:15,1:03:00,PKY,PKY,014,28,1,1,NML,4,2025
2407.,B738,PKGMF,GIA,GIA304,GIA342,18/08:23,18/08:31,18/09:23,18/09:41,0:52:00,CGK,DPS,004,28,1,1,NML,4,2025
2408.,A320,PKSJA,SJV,SJV611,SJV642,18/08:41,18/08:46,18/09:37,18/09:52,0:51:00,BPN,AAP,011,28,1,1,NML,4,2025
2409.,A320,PKGLU,CTV,CTV671,CTV486,18/08:20,18/08:26,18/09:22,18/09:34,0:56:00,LOP,BDJ,006,28,1,1,NML,4,2025
2410.,A320,PKSAV,SJV,SJV703,SJV702,18/08:47,18/08:53,18/09:40,18/09:55,0:47:00,DPS,DPS,015,28,1,1,NML,4,2025
2411.,B738,9MMXJ,MAS,MAS871,MAS870,18/09:11,18/09:15,18/10:09,18/10:23,0:54:00,KUL,KUL,A07,28,1,1,NML,4,2025
2412.,B735,PKNAT,LKN,LKN243,LKN242,18/09:39,18/09:45,18/10:20,18/10:39,0:35:00,SMQ,SMQ,010,28,1,1,NML,4,2025
2413.,A359,9VSHH,SIA,SIA922,SIA923,18/08:56,18/08:59,18/10:02,18/10:18,1:03:00,SIN,SIN,A08,28,1,1,NML,4,2025
2414.,A320,PKGQO,CTV,CTV351,CTV350,18/09:27,18/09:33,18/10:18,18/10:30,0:45:00,UPG,UPG,005,28,1,1,NML,4,2025
2415.,A320,PKSJP,SJV,SJV635,SJV632,18/09:44,18/09:49,18/10:41,18/10:49,0:52:00,BDJ,BDJ,012,28,1,1,NML,4,2025
2416.,A320,PKGTA,CTV,CTV417,CTV715,18/09:32,18/09:42,18/10:25,18/10:40,0:43:00,PNK,CGK,007,28,1,1,NML,4,2025
2417.,A320,PKGLT,CTV,CTV722,CTV723,18/09:36,18/09:44,18/10:20,18/10:33,0:36:00,CGK,CGK,006,28,1,1,NML,4,2025
2418.,A20N,9VTNG,TGW,TGW296,TGW297,18/10:31,18/10:34,18/11:28,18/11:34,0:54:00,SIN,SIN,A02,28,1,1,NML,4,2025
2419.,B739,PKLSV,LNI,LNI367,LNI262,18/09:29,18/09:34,18/10:35,18/10:43,1:01:00,BPN,BPN,014,28,1,1,NML,4,2025
2420.,B739,PKLJI,LNI,LNI791,LNI706,18/09:54,18/09:58,18/11:02,18/11:12,1:04:00,UPG,UPG,018,28,0,0,NML,4,2025
2421.,B739,PKLHH,LNI,LNI315,LNI856,18/10:00,18/10:06,18/11:01,18/11:10,0:55:00,BDJ,PLM,015,28,1,1,NML,4,2025
2422.,A320,PKPWH,PAS,PAS210,PAS211,18/09:57,18/10:04,18/10:43,18/10:53,0:39:00,CGK,CGK,004,28,1,1,NML,4,2025
2423.,A320,PKSAJ,SJV,SJV705,SJV704,18/10:16,18/10:20,18/11:27,18/11:37,1:07:00,DPS,DPS,020,28,0,0,NML,4,2025
2424.,B739,PKLQR,LNI,LNI970,LNI973,18/09:51,18/09:55,18/10:54,18/11:05,0:59:00,BTH,BTH,017,28,1,1,NML,4,2025
2425.,A320,PKLAY,BTK,BTK7513,BTK6346,18/10:28,18/10:34,18/11:33,18/11:44,0:59:00,HLP,BEJ,009,28,1,1,NML,4,2025
2426.,A320,PKLUK,BTK,BTK6134,BTK7516,18/10:11,18/10:17,18/11:35,18/11:46,1:18:00,PKN,HLP,011,28,1,1,NML,4,2025
2427.,A320,PKLAJ,BTK,BTK6582,BTK6585,18/11:51,18/11:56,18/13:16,18/13:25,1:20:00,CGK,CGK,009,28,1,1,NML,4,2025
2428.,B739,PKLVF,LNI,LNI697,LNI697,18/10:36,18/10:41,18/11:30,18/11:41,0:49:00,KOE,CGK,014,28,1,1,NML,4,2025
2429.,B739,PKLHM,LNI,LNI645,LNI822,18/10:24,18/10:28,18/11:39,18/11:50,1:11:00,LOP,LOP,021,28,0,0,NML,4,2025
2430.,A320,PKAZG,AWQ,AWQ321,AWQ322,18/10:47,18/10:50,18/11:28,18/11:43,0:38:00,KUL,KUL,A01,28,1,1,NML,4,2025
2431.,B738,PKGFI,GIA,GIA322,GIA327,18/10:19,18/10:24,18/11:29,18/11:39,1:05:00,CGK,CGK,008,28,1,1,NML,4,2025
2432.,A320,PKLUH,BTK,BTK7517,BTK7520,18/11:03,18/11:07,18/12:27,18/12:34,1:20:00,HLP,HLP,012,28,1,1,NML,4,2025
2433.,B738MAX,9MLRJ,MXD,MXD350,MXD351,18/10:59,18/11:03,18/11:49,18/12:05,0:46:00,KUL,KUL,A04,28,1,1,NML,4,2025
2434.,A320,PKGQT,CTV,CTV461,CTV698,18/11:28,18/11:36,18/12:14,18/12:24,0:38:00,AAP,DPS,005,28,1,1,NML,4,2025
2435.,B739,PKLGL,LNI,LNI805,LNI804,18/12:12,18/12:18,18/13:21,18/13:39,1:03:00,DPS,DPS,011,28,1,1,NML,4,2025
2436.,LJ60,VHAND,SEL,MEDIC78,MEDIC78,18/09:47,18/09:50,18/12:09,18/12:24,2:19:00,XSP,XSP,C01,28,0,0,NML,4,2025
2437.,B739,PKLGW,LNI,LNI694,LNI694,18/12:22,18/12:27,18/13:27,18/13:59,1:00:00,CGK,KOE,010,28,1,1,NML,4,2025
2438.,A320,PKBKM,BTK,BTK6596,BTK6581,18/14:01,18/14:07,18/15:02,18/15:12,0:55:00,CGK,CGK,010,28,1,1,NML,4,2025
2439.,B739,PKLSH,LNI,LNI223,LNI680,18/11:47,18/11:52,18/13:30,18/14:09,1:38:00,BDJ,PKY,017,28,1,1,NML,4,2025
2440.,A320,PKSAE,SJV,SJV567,SJV636,18/11:32,18/11:38,18/12:35,18/12:43,0:57:00,PLW,BDJ,014,28,1,1,NML,4,2025
2441.,B739,PKLQT,LNI,LNI801,LNI780,18/12:02,18/12:08,18/13:25,18/13:57,1:17:00,UPG,UPG,015,28,1,1,NML,4,2025
2442.,A320,PKLUS,BTK,BTK6406,BTK6595,18/14:58,18/15:04,18/16:13,18/16:23,1:09:05,CGK,CGK,022,28,0,0,NML,4,2025
2443.,A320,PKAZP,AWQ,AWQ393,AWQ324,18/12:27,18/12:30,18/13:21,18/13:51,0:51:00,JHB,KUL,A03,28,1,1,NML,4,2025
2444.,A320,PKGLU,CTV,CTV487,CTV668,18/12:07,18/12:14,18/13:23,18/13:46,1:09:00,BDJ,DPS,007,28,1,1,NML,4,2025
2445.,A320,PKGLP,CTV,CTV9692,CTV9693,18/11:18,18/11:25,18/13:28,18/14:04,2:03:00,DPS,DPS,006,28,1,1,NML,4,2025
2446.,B738,PKLOR,LNI,LNI839,LNI722,18/13:31,18/13:36,18/14:57,18/15:06,1:21:00,PNK,KDI,012,28,1,1,NML,4,2025
2447.,B739,PKLGJ,LNI,LNI787,LNI686,18/13:00,18/13:06,18/15:09,18/15:23,2:03:00,UPG,PKY,014,28,1,1,NML,4,2025
2448.,A320,PKSJA,SJV,SJV641,SJV726,18/14:32,18/14:37,18/15:45,18/15:59,1:08:00,AAP,LBJ,021,28,0,0,NML,4,2025
2449.,A320,PKGLX,CTV,CTV716,CTV717,18/13:37,18/13:43,18/14:27,18/14:38,0:44:00,CGK,CGK,008,28,1,1,NML,4,2025
2450.,A320,PKGQL,CTV,CTV431,CTV948,18/13:44,18/13:51,18/14:34,18/14:46,0:43:00,BPN,BTH,007,28,1,1,NML,4,2025
2451.,B738,PKGMY,GIA,GIA312,GIA317,18/13:41,18/13:49,18/14:35,18/14:51,0:46:00,CGK,CGK,004,28,1,1,NML,4,2025
2452.,A320,9VJSN,JSA,JSA247,JSA248,18/13:52,18/13:55,18/15:01,18/15:18,1:06:00,SIN,SIN,A07,28,1,1,NML,4,2025
2453.,B739,PKLJI,LNI,LNI707,LNI260,18/14:36,18/14:41,18/15:40,18/15:58,0:59:00,UPG,BPN,015,28,1,1,NML,4,2025
2454.,B739,PKLGS,LNI,LNI272,LNI272,18/13:48,18/13:54,18/14:43,18/14:48,0:49:00,SRG,DPS,020,28,0,0,DVT,4,2025
2455.,B738,PKLKQ,LNI,LNI749,LNI581,18/15:42,18/15:49,18/17:36,18/17:48,1:47:00,MDC,CGK,011,28,1,1,NML,4,2025
2456.,A320,PKLUK,BTK,BTK7515,BTK7514,18/14:48,18/14:54,18/15:40,18/15:50,0:46:00,HLP,HLP,009,28,1,1,NML,4,2025
2457.,A320,PKPWD,PAS,PAS208,PAS209,18/13:55,18/14:01,18/15:07,18/15:21,1:06:00,CGK,CGK,005,28,1,1,NML,4,2025
2458.,B738,PKGFF,GIA,GIA330,GIA331,18/14:08,18/14:13,18/15:02,18/15:16,0:49:00,HLP,HLP,006,28,1,1,NML,4,2025
2459.,B739,PKLSV,LNI,LNI261,LNI642,18/14:11,18/14:17,18/15:16,18/15:29,0:59:00,BPN,LOP,011,28,1,1,NML,4,2025
2460.,A320,PKLAY,BTK,BTK6347,BTK6220,18/15:52,18/15:59,18/16:49,18/16:58,0:50:22,BEJ,BPN,020,28,0,0,NML,4,2025
2461.,A320,PKGQT,CTV,CTV699,CTV434,18/15:25,18/15:30,18/16:05,18/16:17,0:35:10,DPS,BPN,007,28,1,1,NML,4,2025
2462.,B738,PKLKW,LNI,LNI869,LNI836,18/15:38,18/15:48,18/16:44,18/16:53,0:56:00,TTE,PNK,015,28,1,1,NML,4,2025
2463.,B739,PKLGL,LNI,LNI919,LNI920,18/16:29,18/16:34,18/17:27,18/17:39,0:53:00,DPS,DPS,017,28,1,1,NML,4,2025
2464.,A320,PKLUH,BTK,BTK7501,BTK7512,18/16:15,18/16:20,18/17:12,18/17:26,0:52:58,HLP,HLP,024,28,0,0,NML,4,2025
2465.,B739,PKLHH,LNI,LNI857,LNI910,18/15:14,18/15:20,18/17:59,18/18:11,2:39:00,PLM,DPS,014,28,1,1,NML,4,2025
2466.,A320,PKLAY,BTK,BTK6221,BTK6401,18/20:08,18/20:13,18/21:07,18/21:19,0:54:00,BPN,CGK,016,28,1,1,NML,4,2025
2467.,A320,PKSJO,SJV,SJV643,SJV672,18/15:34,18/15:40,18/16:28,18/16:47,0:48:00,AAP,BEJ,010,28,1,1,NML,4,2025
2468.,B739,PKLSH,LNI,LNI681,LNI316,18/17:07,18/17:12,18/18:13,18/18:23,1:00:44,PKY,BDJ,018,28,0,0,NML,4,2025
2469.,B738MAX,9VMBM,SIA,SIA926,SIA927,18/15:55,18/15:59,18/16:50,18/17:10,0:51:00,SIN,SIN,A06,28,1,1,NML,4,2025
2470.,B738,PKGNN,GIA,GIA310,GIA315,18/15:27,18/15:34,18/16:27,18/16:41,0:53:00,CGK,CGK,004,28,1,1,NML,4,2025
2471.,A320,PKPWA,PAS,PAS206,PAS623,18/15:48,18/15:54,18/16:44,18/16:55,0:50:00,CGK,BPN,005,28,1,1,NML,4,2025
2472.,B739,PKLSU,LNI,LNI692,LNI692,18/17:20,18/17:25,18/18:17,18/18:26,0:52:00,CGK,KOE,015,28,1,1,NML,4,2025
2473.,A320,PKGTK,CTV,CTV174,CTV418,18/16:12,18/16:18,18/16:55,18/17:11,0:37:00,HLP,PNK,008,28,1,1,NML,4,2025
2474.,B739,PKLOP,LNI,LNI709,LNI880,18/16:08,18/16:12,18/17:20,18/17:35,1:07:49,UPG,UPG,021,28,0,0,NML,4,2025
2475.,B739,PKLHM,LNI,LNI823,LNI226,18/14:44,18/14:50,18/17:49,18/17:59,2:59:00,LOP,BDJ,016,28,1,1,NML,4,2025
2476.,A320,PKGLP,CTV,CTV669,CTV488,18/16:32,18/16:40,18/17:18,18/17:36,0:38:00,DPS,BDJ,006,28,1,1,NML,4,2025
2477.,A320,PKBKM,BTK,BTK6578,BTK7579,18/20:03,18/20:10,18/21:10,18/21:23,1:00:00,CGK,CGK,008,28,1,1,NML,4,2025
2478.,B738,PKLSF,LNI,LNI879,LNI838,18/15:09,18/15:16,18/19:15,18/19:28,3:59:00,AMQ,PNK,012,28,1,1,NML,4,2025
2479.,B739,PKLSV,LNI,LNI865,LNI268,18/17:45,18/17:52,18/19:05,18/19:16,1:12:14,LOP,TRK,020,28,0,0,NML,4,2025
2480.,A320,PKAZG,AWQ,AWQ323,AWQ326,18/17:15,18/17:19,18/17:54,18/18:07,0:35:55,KUL,KUL,A03,28,1,1,NML,4,2025
2481.,B739,PKLGJ,LNI,LNI687,LNI3318,18/18:05,18/18:10,18/19:05,18/19:14,0:55:00,PKY,BDJ,016,28,1,1,NML,4,2025
2482.,A320,PKSTA,SJV,SJV619,SJV708,18/19:35,18/19:39,18/21:40,18/21:48,2:01:00,BPN,DPS,024,28,0,0,NML,4,2025
2483.,A320,PKPWH,PAS,PAS622,PAS207,18/17:14,18/17:22,18/18:09,18/18:22,0:47:00,BPN,CGK,007,28,1,1,NML,4,2025
2484.,B739,PKLGW,LNI,LNI695,LNI800,18/18:19,18/18:25,18/20:15,18/20:24,1:50:00,KOE,UPG,014,28,1,1,NML,4,2025
2485.,A320,PKSJA,SJV,SJV725,SJV716,18/19:06,18/19:12,18/20:09,18/20:17,0:57:00,LBJ,LOP,015,28,1,1,NML,4,2025
2486.,B738,PKCRH,SJY,SJY567,SJY562,18/17:53,18/17:58,18/18:47,18/18:58,0:49:00,UPG,UPG,011,28,1,1,NML,4,2025
2487.,B738,PKGNM,GIA,GIA320,GIA325,18/17:28,18/17:35,18/18:56,18/19:08,1:21:00,CGK,CGK,004,28,1,1,NML,4,2025
2488.,A320,PKGQC,CTV,CTV172,CTV173,18/18:08,18/18:16,18/18:54,18/19:04,0:38:00,HLP,HLP,006,28,1,1,NML,4,2025
2489.,B738MAX,9VMBO,SIA,SIA928,SIA929,18/18:50,18/18:55,18/19:46,18/19:55,0:51:00,SIN,SIN,A02,28,1,1,NML,4,2025
2490.,B738,PKLBW,BTK,BTK6576,BTK6575,18/18:41,18/18:46,18/19:46,18/19:49,1:00:00,CGK,CGK,009,28,1,1,NML,4,2025
2491.,A320,PKGQU,CTV,CTV949,CTV494,18/18:56,18/19:02,18/19:38,18/19:50,0:36:00,BTH,BDJ,007,28,1,1,NML,4,2025
2492.,A320,PKGLT,CTV,CTV736,CTV352,18/18:45,18/18:56,18/19:31,18/19:42,0:35:00,CGK,UPG,008,28,1,1,NML,4,2025
2493.,B788,9VOFG,TGW,TGW266,TGW267,18/18:52,18/18:57,18/20:01,18/20:16,1:04:00,SIN,SIN,A07,28,1,1,NML,4,2025
2494.,A320,PKGTE,CTV,CTV489,CTV693,18/19:30,18/19:41,18/20:15,18/20:26,0:34:00,BDJ,DPS,007,28,1,1,NML,4,2025
2495.,A320,PKLUU,BTK,BTK7519,BTK7518,18/19:01,18/19:06,18/19:44,18/19:54,0:38:00,HLP,HLP,011,28,1,1,NML,4,2025
2496.,A320,PKSJP,SJV,SJV633,SJV616,18/13:35,18/13:39,18/20:22,18/20:29,6:43:00,BDJ,BPN,025,28,0,0,NML,4,2025
2497.,A320,PKGQT,CTV,CTV435,CTV737,18/19:26,18/19:30,18/20:08,18/20:19,0:38:00,BPN,CGK,006,28,1,1,NML,4,2025
2498.,B738,PKGMF,GIA,GIA349,GIA319,18/17:23,18/17:30,18/19:51,18/20:01,2:21:00,DPS,CGK,005,28,1,1,NML,4,2025
2499.,A320,PKGLY,CTV,CTV724,CTV354,18/19:44,18/19:54,18/20:33,18/20:40,0:39:00,CGK,UPG,002,28,0,0,NML,4,2025
2500.,A320,PKLZH,BTK,BTK6137,BTK6136,18/21:07,18/21:14,18/22:13,18/22:26,0:59:00,UPG,UPG,011,28,1,1,NML,4,2025
2501.,B738,PKLQZ,LNI,LNI883,LNI878,18/21:35,18/21:40,19/05:01,19/05:12,7:21:00,UPG,AMQ,016,28,1,1,NML,4,2025
2502.,A320,PKLAM,BTK,BTK6588,BTK7508,19/01:10,19/01:17,19/04:59,19/05:09,3:42:00,CGK,HLP,024,28,0,0,NML,4,2025
2503.,A320,PKSAV,SJV,SJV723,SJV610,18/19:37,18/19:42,19/04:57,19/05:04,9:15:00,DPS,BPN,012,28,1,1,NML,4,2025
2504.,A320,PKAZG,AWQ,AWQ327,AWQ320,18/23:31,18/23:35,19/05:02,19/05:14,5:27:00,KUL,KUL,A03,28,1,1,NML,4,2025
2505.,B739,PKLSH,LNI,LNI3319,LNI786,18/21:00,18/21:15,19/05:11,19/05:23,7:56:00,DPS,UPG,021,28,0,0,NML,4,2025
2506.,A320,PKGQG,CTV,CTV726,CTV430,18/19:55,18/20:01,19/05:11,19/05:21,9:10:00,CGK,BPN,009,28,1,1,NML,4,2025
2507.,B738,PKGFW,GIA,GIA855,GIA301,18/21:20,18/23:30,19/05:08,19/05:19,7:43:00,SIN,CGK,005,28,1,1,NML,4,2025
2508.,A320,PKLAO,BTK,BTK6594,BTK6132,18/22:24,18/22:28,19/05:22,19/05:28,6:54:00,CGK,LOP,022,28,0,0,NML,4,2025
2509.,B739,PKLSR,LNI,LNI690,LNI690,19/05:01,19/05:08,19/05:58,19/06:19,0:50:00,CGK,KOE,008,28,1,1,NML,4,2025
2510.,A320,PKGLS,CTV,CTV495,CTV725,18/16:36,18/16:44,19/05:38,19/05:49,12:54:00,BDJ,CGK,003,28,0,0,NML,4,2025
2511.,A320,PKLAF,BTK,BTK7521,BTK6589,18/20:59,18/21:06,19/05:54,19/06:04,8:48:00,HLP,CGK,014,28,1,1,NML,4,2025
2512.,A320,V8RBB,RBA,RBA795,RBA796,18/19:51,18/19:56,19/05:45,19/05:55,9:49:00,BWN,BWN,A04,28,1,1,NML,4,2025
2513.,A320,PKGLU,CTV,CTV353,CTV670,19/05:06,19/05:13,19/05:48,19/05:58,0:35:00,UPG,LOP,006,28,1,1,NML,4,2025
2514.,A320,PKSAE,SJV,SJV637,SJV640,18/15:31,18/15:36,19/06:04,19/06:20,14:28:00,BDJ,AAP,023,28,0,0,NML,4,2025
2515.,A320,PKLAT,BTK,BTK5000,BTK6135,19/07:11,19/07:15,19/08:10,19/08:22,0:55:00,CGK,PKN,009,28,1,1,NML,4,2025
2516.,B739,PKLHP,LNI,LNI923,LNI266,18/20:50,18/20:56,19/05:59,19/06:15,9:03:00,DPS,BPN,017,28,1,1,NML,4,2025
2517.,B738,PKLOR,LNI,LNI727,LNI868,18/19:10,18/19:15,19/05:59,19/06:17,10:44:00,KDI,TTE,018,28,0,0,NML,4,2025
2518.,A320,PKAZP,AWQ,AWQ325,AWQ386,18/19:58,18/20:02,19/05:59,19/06:12,9:57:00,KUL,PEN,A01,28,1,1,NML,4,2025
2519.,A320,PKSJO,SJV,SJV673,SJV634,18/21:03,18/21:10,19/06:28,19/06:38,9:18:00,BEJ,BDJ,015,28,1,1,NML,4,2025
2520.,B733F,PKMYV,MYU,MYU935,MYU934,18/08:51,18/08:55,19/06:27,19/06:40,21:32:00,SRG,SIN,C02,28,0,0,NML,4,2025
2521.,B738MAX,PKOFM,AFE,AFE921,AFE921,19/05:47,19/05:53,19/06:41,19/07:00,0:48:00,CGK,TIM,005,28,1,1,NML,4,2025
2522.,A320,PKSJK,SJV,SJV717,SJV566,19/06:07,19/06:12,19/06:58,19/07:06,0:46:00,LOP,PLW,012,28,1,1,NML,4,2025
2523.,A320,PKLAY,BTK,BTK6370,BTK6597,19/06:02,19/06:07,19/06:57,19/07:09,0:50:00,CGK,CGK,009,28,1,1,NML,4,2025
2524.,B738,PKGNG,GIA,GIA324,GIA854,18/20:54,18/23:13,19/06:57,19/07:14,9:58:00,CGK,SIN,A02,28,1,1,NML,4,2025
2525.,B738,PKGUI,GIA,GIA326,GIA305,18/19:20,18/19:27,19/07:05,19/07:16,11:38:00,CGK,CGK,004,28,1,1,NML,4,2025
2526.,B739,PKLGO,LNI,LNI363,LNI971,19/06:23,19/06:29,19/07:26,19/07:34,0:57:00,BPN,BTH,014,28,1,1,NML,4,2025
2527.,A320,PKLAI,BTK,BTK7511,BTK7510,19/06:29,19/06:34,19/07:19,19/07:28,0:45:00,HLP,HLP,008,28,1,1,NML,4,2025
2528.,A320,PKGTE,CTV,CTV690,CTV460,19/06:52,19/06:59,19/07:36,19/07:49,0:37:00,DPS,AAP,006,28,1,1,NML,4,2025
2529.,B739,PKLSU,LNI,LNI693,LNI693,19/06:56,19/07:04,19/07:58,19/08:09,0:54:00,KOE,CGK,015,28,1,1,NML,4,2025
2530.,B739,PKLGL,LNI,LNI929,LNI982,19/07:00,19/07:04,19/07:58,19/08:12,0:54:00,DPS,PKU,017,28,1,1,NML,4,2025
2531.,A21N,B32L6,CSN,CSN8137,CSN8138,18/21:14,18/21:18,19/07:55,19/08:15,10:37:00,CAN,CAN,A07,28,1,1,NML,4,2025
2532.,A320,PKGQP,CTV,CTV170,CTV175,19/07:03,19/07:09,19/08:00,19/08:18,0:51:00,HLP,HLP,005,28,1,1,NML,4,2025
2533.,B738,PKLSF,LNI,LNI837,LNI748,19/07:31,19/07:39,19/08:25,19/08:36,0:46:00,PNK,MDC,014,28,1,1,NML,4,2025
2534.,A333,BLBF,CPA,CPA779,CPA780,18/17:56,18/18:00,19/08:10,19/08:32,14:10:00,HKG,HKG,A08,28,1,1,NML,4,2025
2535.,B739,PKLHM,LNI,LNI311,LNI990,19/06:09,19/06:16,19/08:25,19/08:38,2:09:00,BDJ,DPS,016,28,1,1,NML,4,2025
"2536.,DHC6,PKICP,PGT,PKICP,PKICP,17/11:08,17/11:14,19/07:45,19/07:54,""1 day, 20:31:00"",PAG,PAG,028,28,0,0,NML,4,2025"
2537.,B738,PKLZO,MXD,MXD352,MXD353,18/19:48,18/19:52,19/08:55,19/09:04,13:03:00,KUL,KUL,C01,28,0,0,NML,4,2025
2538.,A320,PKGQO,CTV,CTV355,CTV171,19/07:43,19/07:49,19/08:36,19/08:50,0:47:00,UPG,HLP,007,28,1,1,NML,4,2025
2539.,A320,PKLAO,BTK,BTK6133,BTK6391,19/08:01,19/08:05,19/08:58,19/09:08,0:53:32,LOP,CGK,008,28,1,1,NML,4,2025
2540.,B739,PKLSV,LNI,LNI267,LNI682,19/07:06,19/07:12,19/09:12,19/09:24,2:00:00,TRK,PKY,012,28,1,1,NML,4,2025
2541.,A320,PKSTZ,SJV,SJV615,SJV618,18/20:56,18/21:02,19/09:01,19/09:12,11:59:00,BPN,BPN,020,28,0,0,NML,4,2025
2542.,B735,PKNAQ,LKN,LKN193,LKN192,19/08:13,19/08:18,19/08:54,19/09:01,0:36:00,PKN,PKN,009,28,1,1,NML,4,2025
2543.,A320,9VJSY,JSA,JSA249,JSA250,19/08:20,19/08:23,19/09:03,19/09:17,0:40:00,SIN,SIN,A03,28,1,1,NML,4,2025
2544.,B738,PKGMF,GIA,GIA304,GIA342,19/08:04,19/08:12,19/09:12,19/09:23,1:00:00,CGK,DPS,004,28,1,1,NML,4,2025
2545.,A320,PKPWK,PAS,PAS200,PAS201,19/08:10,19/08:15,19/09:11,19/09:21,0:56:48,CGK,CGK,005,28,1,1,NML,4,2025
2546.,A320,PKGLU,CTV,CTV671,CTV486,19/08:24,19/08:30,19/09:23,19/09:32,0:53:00,LOP,BDJ,006,28,1,1,NML,4,2025
2547.,A320,PKSTA,SJV,SJV703,SJV702,19/08:28,19/08:34,19/09:34,19/09:49,1:00:00,DPS,DPS,017,28,1,1,NML,4,2025
2548.,B739,PKLGJ,LNI,LNI315,LNI222,19/08:33,19/08:38,19/09:32,19/09:41,0:53:44,BDJ,BDJ,021,28,0,0,NML,4,2025
2549.,B738,9MMXN,MAS,MAS871,MAS870,19/09:10,19/09:13,19/09:59,19/10:09,0:46:00,KUL,KUL,A07,28,1,1,NML,4,2025
2550.,A359,9VSHJ,SIA,SIA922,SIA923,19/09:06,19/09:08,19/10:09,19/10:22,1:01:00,SIN,SIN,A08,10,1,1,NML,4,2025
2551.,B739,PKLSV,LNI,LNI682,LNI682,19/09:26,19/09:30,19/10:13,19/10:26,0:43:00,SUB,TRK,012,10,1,1,NML,4,2025
2552.,A320,PKSJO,SJV,SJV635,SJV632,19/09:14,19/09:20,19/10:21,19/10:33,1:01:00,BDJ,BDJ,009,10,1,1,NML,4,2025
2553.,A320,PKGQE,CTV,CTV351,CTV350,19/09:25,19/09:31,19/10:23,19/10:30,0:52:00,UPG,UPG,006,10,1,1,NML,4,2025
2554.,A320,PKGLP,CTV,CTV417,CTV715,19/09:18,19/09:25,19/10:13,19/10:26,0:48:00,PNK,CGK,007,10,1,1,NML,4,2025
2555.,A20N,9VTNF,TGW,TGW296,TGW297,19/09:36,19/09:38,19/10:30,19/10:40,0:52:00,SIN,SIN,A02,10,1,1,NML,4,2025
2556.,B739,PKLHP,LNI,LNI367,LNI262,19/09:33,19/09:38,19/10:40,19/10:53,1:02:00,BPN,BPN,014,10,1,1,NML,4,2025
2557.,B739,PKLHH,LNI,LNI791,LNI706,19/09:29,19/09:33,19/10:35,19/10:48,1:02:00,UPG,UPG,016,10,1,1,NML,4,2025
2558.,A320,PKSTH,SJV,SJV705,SJV704,19/10:24,19/10:29,19/11:20,19/11:30,0:51:00,DPS,DPS,009,10,1,1,NML,4,2025
2559.,A320,PKLAT,BTK,BTK6134,BTK6346,19/10:50,19/10:54,19/11:46,19/11:56,0:52:00,PKN,BEJ,007,10,1,1,NML,4,2025
2560.,A320,PKLUK,BTK,BTK7513,BTK7516,19/09:47,19/09:51,19/10:43,19/10:52,0:52:00,HLP,HLP,008,10,1,1,NML,4,2025
2561.,B739,PKLGR,LNI,LNI683,LNI822,19/08:06,19/08:12,19/11:04,19/11:13,2:52:00,PKY,LOP,015,10,1,1,NML,4,2025
2562.,A320,PKSAE,SJV,SJV641,SJV642,19/09:44,19/09:47,19/11:00,19/11:08,1:12:03,AAP,AAP,018,10,0,0,NML,4,2025
2563.,B739,PKLHS,LNI,LNI694,LNI694,19/10:20,19/10:24,19/11:30,19/11:43,1:06:00,CGK,KOE,012,10,1,1,NML,4,2025
2564.,B739,PKLSR,LNI,LNI697,LNI697,19/10:35,19/10:40,19/11:34,19/11:47,0:54:00,KOE,CGK,010,10,1,1,NML,4,2025
2565.,A320,PKAZG,AWQ,AWQ321,AWQ322,19/10:32,19/10:38,19/11:15,19/11:23,0:37:00,KUL,KUL,A01,10,1,1,NML,4,2025
2566.,A320,PKLUH,BTK,BTK7517,BTK7520,19/10:46,19/10:49,19/11:42,19/11:52,0:53:00,HLP,HLP,008,10,1,1,NML,4,2025
2567.,B738,PKGUA,GIA,GIA322,GIA327,19/09:56,19/09:59,19/11:30,19/11:39,1:31:00,CGK,CGK,004,10,1,1,NML,4,2025
2568.,B738MAX,9MLRV,MXD,MXD350,MXD351,19/11:04,19/11:08,19/11:54,19/12:12,0:46:00,KUL,KUL,A04,10,1,1,NML,4,2025
2569.,A320,PKBKU,BTK,BTK6584,BTK6585,19/11:25,19/11:30,19/12:23,19/12:39,0:53:00,CGK,CGK,015,10,1,1,NML,4,2025
2570.,A320,PKGTE,CTV,CTV461,CTV698,19/11:10,19/11:14,19/11:52,19/12:07,0:38:00,AAP,DPS,005,10,1,1,NML,4,2025
2571.,A320,PKSAJ,SJV,SJV363,SJV362,19/10:58,19/11:00,19/12:03,19/12:14,1:03:00,KNO,KNO,014,10,1,1,NML,4,2025
2572.,A320,PKBLC,BTK,BTK6582,BTK6581,19/12:04,19/12:10,19/12:51,19/13:00,0:41:00,CGK,CGK,008,10,1,1,NML,4,2025
2573.,A320,PKGQL,CTV,CTV9692,CTV9693,19/11:28,19/11:33,19/12:06,19/12:19,0:33:00,DPS,DPS,006,10,1,1,NML,4,2025
2574.,B739,PKLQR,LNI,LNI970,LNI973,19/11:42,19/11:44,19/12:38,19/12:47,0:54:00,BTH,BTH,016,10,1,1,NML,4,2025
2575.,B739,PKLGJ,LNI,LNI223,LNI780,19/12:34,19/12:37,19/13:32,19/13:47,0:55:00,BDJ,UPG,015,10,1,1,NML,4,2025
2576.,B739,PKLSH,LNI,LNI801,LNI680,19/11:37,19/11:40,19/12:44,19/12:54,1:04:00,UPG,PKY,012,10,1,1,NML,4,2025
2577.,A320,PKSJK,SJV,SJV567,SJV636,19/11:20,19/11:24,19/12:49,19/12:56,1:25:00,PLW,BDJ,009,10,1,1,NML,4,2025
2578.,A320,PKBKM,BTK,BTK6596,BTK6595,19/12:36,19/12:40,19/13:27,19/13:38,0:47:00,CGK,CGK,010,10,1,1,NML,4,2025
2579.,B738,PKLOR,LNI,LNI869,LNI722,19/12:16,19/12:20,19/13:37,19/13:53,1:17:00,TTE,KDI,014,10,1,1,NML,4,2025
2580.,A320,PKAZP,AWQ,AWQ387,AWQ324,19/12:22,19/12:26,19/13:17,19/13:25,0:51:00,PEN,KUL,A03,10,1,1,NML,4,2025
2581.,A320,PKPWG,PAS,PAS204,PAS205,19/11:45,19/11:47,19/13:17,19/13:32,1:30:00,CGK,CGK,004,10,1,1,NML,4,2025
2582.,A320,PKGLU,CTV,CTV487,CTV668,19/12:10,19/12:14,19/13:17,19/13:27,1:03:00,BDJ,DPS,007,10,1,1,NML,4,2025
2583.,B739,PKLHH,LNI,LNI707,LNI686,19/14:30,19/14:35,19/15:27,19/15:39,0:51:02,UPG,PKY,018,10,0,0,NML,4,2025
2584.,B738,PKLKW,LNI,LNI839,LNI836,19/13:33,19/13:39,19/14:34,19/14:49,0:55:00,PNK,PNK,016,10,1,1,NML,4,2025
2585.,B739,PKLGL,LNI,LNI983,LNI910,19/13:42,19/13:45,19/14:43,19/14:58,0:58:15,PKU,DPS,010,10,1,1,NML,4,2025
2586.,A320,PKGQG,CTV,CTV431,CTV948,19/13:39,19/13:43,19/14:26,19/14:37,0:43:00,BPN,BTH,007,10,1,1,NML,4,2025
2587.,B738,PKGNM,GIA,GIA312,GIA317,19/13:30,19/13:34,19/14:28,19/14:40,0:54:40,CGK,CGK,005,10,1,1,NML,4,2025
2588.,B738,PKLSF,LNI,LNI749,LNI581,19/14:09,19/14:12,19/15:02,19/15:13,0:50:06,MDC,CGK,012,10,1,1,NML,4,2025
2589.,B739,PKLGR,LNI,LNI823,LNI260,19/13:45,19/13:48,19/14:55,19/15:06,1:07:40,LOP,BPN,015,10,1,1,NML,4,2025
2590.,GLF4,PKTMI,TVR,PKTMI,PKTMI,19/07:47,19/07:51,19/17:14,19/17:19,9:22:03,HLP,HLP,C07,10,0,0,NML,4,2025
2591.,B739,PKLGO,LNI,LNI972,LNI642,19/16:26,19/16:34,19/17:21,19/17:31,0:47:00,BTH,LOP,016,10,1,1,NML,4,2025
2592.,B738,PKGMW,GIA,GIA330,GIA331,19/13:51,19/13:55,19/14:58,19/15:11,1:03:00,HLP,HLP,004,10,1,1,NML,4,2025
2593.,A320,PKLUJ,BTK,BTK6406,BTK6220,19/14:46,19/14:52,19/15:37,19/15:51,0:45:00,CGK,BPN,008,10,1,1,NML,4,2025
2594.,A320,PKGTE,CTV,CTV699,CTV434,19/14:22,19/14:25,19/15:07,19/15:20,0:42:00,DPS,BPN,006,10,1,1,NML,4,2025
2595.,B739,PKLHM,LNI,LNI919,LNI920,19/15:01,19/15:06,19/16:02,19/16:14,0:56:35,DPS,DPS,016,10,1,1,NML,4,2025
2596.,A320,PKLUH,BTK,BTK7501,BTK7512,19/15:17,19/15:21,19/16:12,19/16:23,0:51:00,HLP,HLP,009,10,1,1,NML,4,2025
2597.,B738,9MMLM,MAS,MAS873,MAS872,19/14:55,19/15:01,19/15:51,19/16:04,0:50:00,KUL,KUL,A07,10,1,1,NML,4,2025
2598.,A320,PKLAT,BTK,BTK6347,BTK6401,19/16:01,19/16:04,19/16:51,19/17:08,0:47:00,BEJ,CGK,010,10,1,1,NML,4,2025
2599.,B739,PKLSH,LNI,LNI681,LNI316,19/15:37,19/15:41,19/17:41,19/18:02,2:00:00,PKY,BDJ,017,10,1,1,NML,4,2025
2600.,A320,PKSJK,SJV,SJV637,SJV648,19/15:45,19/15:47,19/16:40,19/16:52,0:53:00,BDJ,BPN,012,10,1,1,NML,4,2025
2601.,B738,PKGUC,GIA,GIA310,GIA315,19/15:09,19/15:14,19/16:19,19/16:33,1:05:00,CGK,CGK,004,10,1,1,NML,4,2025
2602.,B738MAX,PKOFM,AFE,AFE920,AFE920,19/15:50,19/15:51,19/16:26,19/16:35,0:35:00,TIM,CGK,006,10,1,1,NML,4,2025
2603.,B739,PKLHP,LNI,LNI261,LNI268,19/14:05,19/14:08,19/16:50,19/17:03,2:42:00,BPN,TRK,014,10,1,1,NML,4,2025
2604.,A320,PKPWJ,PAS,PAS206,PAS623,19/15:33,19/15:37,19/16:33,19/16:47,0:56:00,CGK,BPN,005,10,1,1,NML,4,2025
2605.,A320,PKGQO,CTV,CTV174,CTV418,19/15:40,19/15:45,19/16:45,19/16:56,1:00:00,HLP,PNK,007,10,1,1,NML,4,2025
2606.,B739,PKLGY,LNI,LNI692,LNI692,19/16:44,19/16:47,19/17:34,19/17:42,0:47:00,CGK,KOE,018,10,0,0,NML,4,2025
2607.,B739,PKLJQ,LNI,LNI709,LNI800,19/15:59,19/16:02,19/16:59,19/17:14,0:57:00,UPG,UPG,015,10,1,1,NML,4,2025
2608.,A320,PKGQL,CTV,CTV669,CTV488,19/16:06,19/16:09,19/16:55,19/17:12,0:46:00,DPS,BDJ,008,10,1,1,NML,4,2025
2609.,B739,PKLFO,LNI,LNI695,LNI226,19/17:00,19/17:04,19/17:50,19/18:04,0:46:00,KOE,BDJ,014,10,1,1,NML,4,2025
2610.,A320,PKBLC,BTK,BTK6578,BTK7579,19/16:31,19/16:36,19/17:26,19/17:36,0:50:00,CGK,CGK,009,10,1,1,NML,4,2025
2611.,B738,PKLOR,LNI,LNI727,LNI838,19/18:10,19/18:13,19/19:06,19/19:18,0:53:00,KDI,PNK,009,10,1,1,NML,4,2025
2612.,A320,PKAZG,AWQ,AWQ323,AWQ326,19/17:29,19/17:34,19/18:08,19/18:19,0:34:00,KUL,KUL,A01,10,1,1,NML,4,2025
2613.,B739,PKLHH,LNI,LNI687,LNI3318,19/18:16,19/18:20,19/19:18,19/19:34,0:58:00,PKY,BDJ,014,10,1,1,NML,4,2025
2614.,A320,PKSJP,SJV,SJV723,SJV708,19/20:18,19/20:21,19/21:10,19/21:20,0:49:00,DPS,DPS,010,10,1,1,NML,4,2025
2615.,A320,PKPWL,PAS,PAS622,PAS207,19/17:10,19/17:14,19/18:10,19/18:26,0:56:00,BPN,CGK,006,10,1,1,NML,4,2025
2616.,B738,PKGMF,GIA,GIA349,GIA313,19/17:26,19/17:31,19/18:21,19/18:34,0:50:00,DPS,CGK,005,10,1,1,NML,4,2025
2617.,A320,PKSJO,SJV,SJV633,SJV716,19/13:36,19/13:39,19/18:18,19/18:29,4:38:53,BDJ,LOP,023,10,0,0,NML,4,2025
2618.,B735,PKCLE,SJY,SJY567,SJY562,19/17:51,19/17:55,19/18:38,19/18:51,0:43:00,UPG,UPG,012,10,1,1,NML,4,2025
2619.,A320,PKLUK,BTK,BTK7503,BTK7502,19/17:34,19/17:37,19/18:33,19/18:42,0:56:00,HLP,HLP,010,10,1,1,NML,4,2025
2620.,A339,PKLEJ,LNI,LNI103,LNI3581,19/07:37,19/07:41,19/19:10,19/19:26,11:29:00,JED,CGK,A06,10,1,1,NML,4,2025
2621.,B738,PKGMP,GIA,GIA320,GIA325,19/17:15,19/17:19,19/18:54,19/19:08,1:35:00,CGK,CGK,004,10,1,1,NML,4,2025
2622.,B733F,PKMYV,MYU,MYU935,MYU815,19/13:49,19/13:52,19/14:27,19/14:34,0:34:58,SRG,CGK,C02,10,0,0,NML,4,2025
2623.,A320,PKGQC,CTV,CTV172,CTV173,19/18:07,19/18:10,19/18:57,19/19:10,0:47:00,HLP,HLP,007,10,1,1,NML,4,2025
2624.,B738MAX,9VMBA,SIA,SIA928,SIA929,19/18:49,19/18:56,19/19:43,19/19:57,0:47:00,SIN,SIN,A07,10,1,1,NML,4,2025
2625.,B738,PKLDJ,BTK,BTK6576,BTK6575,19/18:46,19/18:49,19/19:29,19/19:40,0:40:00,CGK,CGK,010,10,1,1,NML,4,2025
2626.,A320,PKGQM,CTV,CTV949,CTV494,19/18:39,19/18:43,19/19:17,19/19:32,0:34:00,BTH,BDJ,008,10,1,1,NML,4,2025
2627.,A320,PKGLR,CTV,CTV489,CTV693,19/18:43,19/18:46,19/19:21,19/19:36,0:35:46,BDJ,DPS,006,10,1,1,NML,4,2025
2628.,B739,PKLGL,LNI,LNI923,LNI880,19/17:21,19/17:24,19/19:39,19/19:49,2:14:41,DPS,UPG,020,10,0,0,NML,4,2025
2629.,A320,PKGTE,CTV,CTV435,CTV737,19/18:58,19/19:03,19/20:00,19/20:16,0:57:44,BPN,CGK,005,10,1,1,NML,4,2025
2630.,A320,PKGLY,CTV,CTV736,CTV352,19/18:55,19/19:02,19/19:55,19/20:07,0:53:13,CGK,UPG,002,10,0,0,NML,4,2025
2631.,A320,PKGQT,CTV,CTV724,CTV354,19/19:16,19/19:21,19/20:07,19/20:20,0:46:00,CGK,UPG,007,10,1,1,NML,4,2025
2632.,A320,PKLUT,BTK,BTK6137,BTK6136,19/20:48,19/20:51,19/21:56,19/22:06,1:05:00,UPG,UPG,009,10,1,1,NML,4,2025
2633.,B738,PKLJQ,LNI,LNI883,LNI878,19/20:32,19/20:36,20/05:03,20/05:13,8:27:00,UPG,AMQ,020,10,0,0,NML,4,2025
2634.,A320,PKSAV,SJV,SJV611,SJV610,19/08:30,19/08:35,20/05:02,20/05:14,20:27:00,BPN,BPN,025,10,0,0,NML,4,2025
2635.,A320,PKAZG,AWQ,AWQ327,AWQ320,20/00:13,20/00:18,20/05:00,20/05:11,4:42:00,KUL,KUL,A03,10,1,1,NML,4,2025
2636.,B739,PKLHH,LNI,LNI3319,LNI786,19/22:15,19/22:18,20/05:04,20/05:19,6:46:00,BDJ,UPG,010,10,1,1,NML,4,2025
2637.,A320,PKGQS,CTV,CTV495,CTV430,19/15:55,19/15:59,20/04:57,20/05:09,12:58:00,BDJ,BPN,003,10,0,0,NML,4,2025
2638.,B738,PKGNE,GIA,GIA328,GIA301,19/19:47,19/19:51,20/05:02,20/05:17,9:11:00,CGK,CGK,004,10,1,1,NML,4,2025
2639.,A320,PKLUG,BTK,BTK6588,BTK6132,19/21:23,19/21:29,20/05:12,20/05:22,7:43:00,CGK,LOP,012,10,1,1,NML,4,2025
2640.,A320,PKGTK,CTV,CTV726,CTV725,19/19:43,19/19:46,20/05:43,20/05:59,9:57:00,CGK,CGK,006,10,1,1,NML,4,2025
2641.,B739,PKLSK,LNI,LNI690,LNI690,20/05:02,20/05:06,20/05:53,20/06:05,0:47:00,CGK,KOE,011,10,1,1,NML,4,2025
2642.,B738,PKLQZ,LNI,LNI879,LNI868,19/19:13,19/19:17,20/05:54,20/06:10,10:36:52,AMQ,TTE,023,10,0,0,NML,4,2025
2643.,B739,PKLGO,LNI,LNI865,LNI266,19/19:51,19/19:55,20/06:34,20/06:44,10:38:00,LOP,BPN,018,10,0,0,NML,4,2025
2644.,A320,PKGLY,CTV,CTV353,CTV484,20/05:06,20/05:11,20/05:52,20/06:03,0:41:00,UPG,BDJ,008,10,1,1,NML,4,2025
2645.,A320,PKBKP,BTK,BTK7521,BTK6589,19/20:40,19/20:47,20/06:04,20/06:15,9:17:00,HLP,CGK,014,10,1,1,NML,4,2025
2646.,A320,PKSJD,SJV,SJV619,SJV640,19/17:05,19/17:09,20/05:53,20/06:07,12:43:31,BPN,AAP,021,10,0,0,NML,4,2025
2647.,A320,PKPWA,PAS,PAS212,PAS213,19/20:29,19/20:34,20/06:02,20/06:13,9:28:00,CGK,CGK,007,10,1,1,NML,4,2025
2648.,A320,PKSJR,SJV,SJV615,SJV634,19/21:13,19/21:17,20/06:28,20/06:39,9:11:00,BPN,BDJ,015,10,1,1,NML,4,2025
2649.,A320,PKSAY,SJV,SJV717,SJV566,20/07:00,20/07:00,20/07:42,20/07:54,0:42:00,LOP,PLW,011,10,1,1,NML,4,2025
2650.,B739,PKLJI,LNI,LNI311,LNI971,20/06:17,20/06:20,20/07:05,20/07:20,0:45:00,BDJ,BTH,010,10,1,1,NML,4,2025
2651.,A320,PKLUJ,BTK,BTK6221,BTK6597,19/19:29,19/19:34,20/07:08,20/07:22,11:34:00,BPN,CGK,017,10,1,1,NML,4,2025
2652.,A320,PKLAT,BTK,BTK6594,BTK6135,19/21:09,19/21:13,20/07:22,20/07:33,10:09:00,CGK,PKN,016,10,1,1,NML,4,2025
2653.,A320,PKSAE,SJV,SJV643,SJV612,19/14:52,19/14:56,20/07:25,20/07:38,16:28:11,AAP,BPN,022,10,0,0,NML,4,2025
2654.,B738,PKGMY,GIA,GIA324,GIA305,19/20:37,19/20:41,20/06:54,20/07:07,10:13:00,CGK,CGK,005,10,1,1,NML,4,2025
2655.,B738,PKGNG,GIA,GIA855,GIA854,19/21:04,19/21:09,20/06:58,20/07:10,9:49:00,SIN,SIN,A02,10,1,1,NML,4,2025
2656.,B739,PKLQS,LNI,LNI363,LNI646,20/06:24,20/06:27,20/07:12,20/07:24,0:45:00,BPN,LOP,012,10,1,1,NML,4,2025
2657.,A320,PKBKR,BTK,BTK6370,BTK7510,20/05:57,20/06:01,20/07:36,20/07:45,1:35:00,CGK,HLP,009,10,1,1,NML,4,2025
2658.,A320,PKAZP,AWQ,AWQ325,AWQ392,19/19:04,19/19:10,20/07:20,20/07:29,12:10:00,KUL,JHB,A01,10,1,1,NML,4,2025
2659.,A320,PKGLR,CTV,CTV690,CTV460,20/07:05,20/07:08,20/07:54,20/07:58,0:46:00,DPS,AAP,006,10,1,1,NML,4,2025
2660.,B739,PKLGY,LNI,LNI693,LNI693,20/07:00,20/07:04,20/08:04,20/08:13,1:00:00,KOE,CGK,008,10,1,1,NML,4,2025
2661.,B739,PKLHP,LNI,LNI267,LNI682,20/07:56,20/08:00,20/08:50,20/09:01,0:50:00,TRK,PKY,012,10,1,1,NML,4,2025
2662.,A320,PKGQP,CTV,CTV170,CTV175,20/06:49,20/06:53,20/07:59,20/08:09,1:06:00,HLP,HLP,007,10,1,1,NML,4,2025
2663.,A333,BLBH,CPA,CPA779,CPA780,19/17:48,19/17:51,20/08:07,20/08:19,14:16:00,HKG,HKG,A08,10,1,1,NML,4,2025
2664.,B739,PKLSI,LNI,LNI683,LNI990,20/07:13,20/07:18,20/09:02,20/09:19,1:44:00,PKY,DPS,010,10,1,1,NML,4,2025
2665.,A320,PKGLS,CTV,CTV355,CTV171,20/07:36,20/07:41,20/08:34,20/08:50,0:53:00,UPG,HLP,005,10,1,1,NML,4,2025
2666.,A320,PKLUG,BTK,BTK6133,BTK6391,20/07:52,20/07:56,20/08:51,20/08:59,0:55:00,LOP,CGK,017,10,1,1,NML,4,2025
2667.,B739,PKLSH,LNI,LNI315,LNI222,20/08:00,20/08:04,20/08:53,20/09:06,0:49:00,BDJ,BDJ,014,10,1,1,NML,4,2025
2668.,B738,PKLDM,MXD,MXD352,MXD353,19/19:24,19/19:29,20/08:48,20/08:56,13:19:00,KUL,KUL,A04,10,1,1,NML,4,2025
2669.,B739,PKLHM,LNI,LNI929,LNI856,20/07:18,20/07:22,20/09:02,20/09:17,1:40:00,DPS,PLM,015,10,1,1,NML,4,2025
2670.,A320,PKSJA,SJV,SJV649,SJV618,20/07:48,20/07:51,20/08:57,20/09:08,1:06:00,BPN,BPN,016,10,1,1,NML,4,2025
2671.,B738,PKLOR,LNI,LNI837,LNI748,20/08:04,20/08:07,20/09:07,20/09:21,1:00:00,PNK,MDC,011,10,1,1,NML,4,2025
2672.,B738,PKGMI,GIA,GIA304,GIA342,20/08:06,20/08:10,20/09:15,20/09:29,1:05:00,CGK,DPS,004,10,1,1,NML,4,2025
2673.,A320,PKGLY,CTV,CTV485,CTV486,20/08:44,20/08:49,20/09:22,20/09:34,0:33:00,BDJ,BDJ,007,10,1,1,NML,4,2025
2674.,A320,PKSJP,SJV,SJV703,SJV702,20/08:40,20/08:44,20/09:41,20/09:49,0:57:00,DPS,DPS,020,10,0,0,NML,4,2025
2675.,B738MAX,9MMXS,MAS,MAS871,MAS870,20/09:12,20/09:17,20/10:07,20/10:17,0:50:00,KUL,KUL,A07,10,1,1,NML,4,2025
2676.,B735,PKNAT,LKN,LKN243,LKN242,20/09:04,20/09:07,20/09:49,20/09:59,0:42:00,SMQ,SMQ,012,10,1,1,NML,4,2025
2677.,A359,9VSHW,SIA,SIA922,SIA923,20/09:13,20/09:20,20/10:23,20/10:40,1:03:00,SIN,SIN,A08,10,1,1,NML,4,2025
2678.,A320,PKBKP,BTK,BTK6584,BTK6585,20/09:54,20/09:58,20/10:48,20/10:58,0:50:00,CGK,CGK,008,10,1,1,NML,4,2025
2679.,A320,PKGQE,CTV,CTV417,CTV715,20/09:24,20/09:28,20/10:23,20/10:34,0:55:00,PNK,CGK,006,10,1,1,NML,4,2025
2680.,A320,PKGQO,CTV,CTV351,CTV350,20/09:39,20/09:42,20/10:27,20/10:43,0:45:00,UPG,UPG,005,10,1,1,NML,4,2025
2681.,A320,PKSJR,SJV,SJV635,SJV632,20/09:27,20/09:30,20/10:26,20/10:38,0:56:00,BDJ,BDJ,010,10,1,1,NML,4,2025
2682.,B739,PKLHQ,LNI,LNI791,LNI706,20/09:33,20/09:35,20/10:33,20/10:44,0:58:00,UPG,UPG,009,10,1,1,NML,4,2025
2683.,A20N,9VTNG,TGW,TGW296,TGW297,20/10:21,20/10:26,20/11:28,20/11:44,1:02:00,SIN,SIN,A02,10,1,1,NML,4,2025
2684.,A320,PKSAY,SJV,SJV567,SJV642,20/11:59,20/12:02,20/13:28,20/13:44,1:26:00,PLW,AAP,010,28,1,1,NML,4,2025
2685.,A320,PKSAV,SJV,SJV611,SJV704,20/08:36,20/08:40,20/11:31,20/11:51,2:51:00,BPN,DPS,018,10,0,0,NML,4,2025
2686.,A320,PKLUH,BTK,BTK7513,BTK7516,20/10:06,20/10:10,20/10:57,20/11:07,0:47:00,HLP,HLP,011,10,1,1,NML,4,2025
2687.,A320,PKLAT,BTK,BTK6134,BTK6346,20/10:13,20/10:16,20/11:04,20/11:15,0:48:00,PKN,BEJ,012,10,1,1,NML,4,2025
"2688.,A339,PKLEQ,LNI,LNI075,LNI078,18/16:19,19/22:58,20/10:41,20/10:45,""1 day, 18:18:00"",JED,JED,A06,10,1,1,NML,4,2025"
2689.,B739,PKLQS,LNI,LNI645,LNI822,20/10:15,20/10:18,20/11:08,20/11:18,0:50:00,LOP,LOP,014,10,1,1,NML,4,2025
2690.,B739,PKLHS,LNI,LNI694,LNI694,20/10:37,20/10:40,20/11:28,20/11:48,0:48:00,CGK,KOE,020,10,0,0,NML,4,2025
2691.,B739,PKLQR,LNI,LNI970,LNI973,20/10:29,20/10:33,20/11:34,20/11:57,1:01:00,BTH,BTH,015,10,1,1,NML,4,2025
2692.,A320,PKAZG,AWQ,AWQ321,AWQ322,20/10:47,20/10:52,20/11:33,20/11:53,0:41:00,KUL,KUL,A03,10,1,1,NML,4,2025
2693.,B739,PKLSK,LNI,LNI697,LNI697,20/10:32,20/10:36,20/13:15,20/13:27,2:39:00,KOE,CGK,016,10,1,1,NML,4,2025
2694.,B738,PKGFM,GIA,GIA322,GIA327,20/10:01,20/10:04,20/11:36,20/12:03,1:32:00,CGK,CGK,004,10,1,1,NML,4,2025
2695.,A320,PKBKR,BTK,BTK7517,BTK7520,20/11:39,20/11:43,20/13:40,20/13:51,1:57:00,HLP,HLP,008,28,1,1,NML,4,2025
2696.,B738,PKLBK,MXD,MXD350,MXD351,20/10:25,20/10:30,20/11:38,20/11:48,1:08:00,KUL,KUL,A04,10,1,1,NML,4,2025
2697.,A320,PKGLR,CTV,CTV461,CTV698,20/11:23,20/11:26,20/11:55,20/12:06,0:29:00,AAP,DPS,006,10,1,1,NML,4,2025
2698.,B739,PKLSH,LNI,LNI223,LNI804,20/12:19,20/12:26,20/13:49,20/14:00,1:23:00,BDJ,DPS,015,28,1,1,NML,4,2025
2699.,A320,PKBLD,BTK,BTK6582,BTK6581,20/11:50,20/11:54,20/12:43,20/12:52,0:49:00,CGK,CGK,009,10,1,1,NML,4,2025
2700.,B739,PKLFO,LNI,LNI367,LNI262,20/11:42,20/11:44,20/12:39,20/12:47,0:55:00,BPN,BPN,014,10,1,1,NML,4,2025
2701.,A320,PKGQG,CTV,CTV9692,CTV9693,20/11:26,20/11:29,20/12:14,20/12:23,0:45:00,DPS,DPS,007,10,1,1,NML,4,2025
"2702.,B739,PKLSL,LNI,LNI972,LNI780,18/16:39,19/10:44,20/13:15,20/13:29,""1 day, 20:30:00"",BTH,UPG,024,28,0,1,NML,4,2025"
2703.,B739,PKLSI,LNI,LNI805,LNI680,20/12:41,20/12:46,20/14:09,20/14:19,1:23:00,DPS,PKY,020,28,0,0,NML,4,2025
2704.,A320,PKSGC,SJV,SJV705,SJV636,20/13:32,20/13:37,20/15:00,20/15:09,1:23:00,DPS,BDJ,012,10,1,1,NML,4,2025
2705.,B735,PKNAS,LKN,LKN193,LKN192,20/11:46,20/11:49,20/12:36,20/12:44,0:47:00,PKN,PKN,012,10,1,1,NML,4,2025
2706.,A320,PKBKL,BTK,BTK6596,BTK6595,20/13:53,20/13:58,20/14:47,20/14:56,0:49:00,CGK,CGK,016,10,1,1,NML,4,2025
2707.,A320,PKPWD,PAS,PAS204,PAS205,20/11:55,20/11:58,20/13:22,20/13:34,1:24:00,CGK,CGK,005,28,1,1,NML,4,2025
2708.,A320,PKAZP,AWQ,AWQ393,AWQ324,20/12:37,20/12:39,20/13:19,20/13:31,0:40:00,JHB,KUL,A03,28,1,1,NML,4,2025
2709.,B738,PKLQZ,LNI,LNI869,LNI722,20/12:16,20/12:21,20/13:23,20/13:40,1:02:00,TTE,KDI,011,28,1,1,NML,4,2025
2710.,A320,PKGLY,CTV,CTV487,CTV668,20/12:11,20/12:18,20/13:28,20/13:37,1:10:00,BDJ,DPS,006,28,1,1,NML,4,2025
2711.,B739,PKLFF,LNI,LNI787,LNI686,20/15:10,20/15:14,20/16:12,20/16:24,0:58:00,UPG,PKY,014,28,1,1,NML,4,2025
2712.,B738,PKLKW,LNI,LNI839,LNI836,20/12:58,20/13:03,20/14:14,20/14:22,1:11:00,PNK,PNK,014,28,1,1,NML,4,2025
2713.,A320,PKSJR,SJV,SJV633,SJV726,20/13:46,20/13:51,20/15:06,20/15:18,1:15:00,BDJ,LBJ,011,10,1,1,NML,4,2025
2714.,A320,PKGQS,CTV,CTV431,CTV948,20/13:35,20/13:41,20/14:20,20/14:29,0:39:00,BPN,BTH,007,28,1,1,NML,4,2025
2715.,B739,PKLHM,LNI,LNI857,LNI910,20/13:38,20/13:44,20/14:37,20/14:47,0:53:00,PLM,DPS,010,10,1,1,NML,4,2025
2716.,B738,PKGUA,GIA,GIA312,GIA317,20/13:42,20/13:50,20/14:49,20/15:04,0:59:00,CGK,CGK,004,10,1,1,NML,4,2025
2717.,A320,9VJSY,JSA,JSA247,JSA248,20/14:10,20/14:13,20/14:57,20/15:07,0:44:00,SIN,SIN,A07,10,1,1,NML,4,2025
2718.,B739,PKLQS,LNI,LNI823,LNI260,20/14:07,20/14:11,20/15:20,20/15:33,1:09:00,LOP,BPN,017,10,1,1,NML,4,2025
2719.,A320,PKLAI,BTK,BTK7515,BTK7514,20/13:58,20/14:02,20/15:04,20/15:16,1:02:00,HLP,HLP,015,10,1,1,NML,4,2025
2720.,A320,PKPWE,PAS,PAS208,PAS209,20/13:49,20/13:56,20/14:48,20/15:00,0:52:00,CGK,CGK,006,10,1,1,NML,4,2025
2721.,B738,PKGNC,GIA,GIA330,GIA331,20/14:14,20/14:20,20/15:11,20/15:26,0:51:00,HLP,HLP,005,10,1,1,NML,4,2025
2722.,B739,PKLSI,LNI,LNI681,LNI642,20/16:59,20/17:04,20/17:50,20/18:03,0:46:00,PKY,LOP,010,10,1,1,NML,4,2025
2723.,A320,PKGLR,CTV,CTV699,CTV434,20/14:49,20/14:53,20/15:35,20/15:47,0:42:00,DPS,BPN,007,10,1,1,NML,4,2025
2724.,B739,PKLHQ,LNI,LNI707,LNI920,20/14:54,20/14:57,20/18:52,20/19:02,3:55:00,UPG,DPS,020,10,0,0,NML,4,2025
2725.,A320,PKLAJ,BTK,BTK6406,BTK6220,20/16:08,20/16:13,20/16:56,20/17:03,0:43:00,CGK,BPN,011,28,1,1,NML,4,2025
2726.,A320,PKLAM,BTK,BTK7501,BTK7512,20/15:02,20/15:05,20/16:04,20/16:17,0:59:00,HLP,HLP,008,28,1,1,NML,4,2025
2727.,B738,PKLOR,LNI,LNI749,LNI581,20/15:05,20/15:11,20/16:12,20/16:20,1:01:00,MDC,CGK,009,28,1,1,NML,4,2025
2728.,B738,9MMXE,MAS,MAS873,MAS872,20/14:58,20/15:06,20/15:58,20/16:10,0:52:00,KUL,KUL,A08,28,1,1,NML,4,2025
2729.,A320,PKSJD,SJV,SJV641,SJV672,20/15:13,20/15:16,20/17:11,20/17:21,1:55:00,AAP,BEJ,016,28,1,1,NML,4,2025
2730.,A320,PKLAT,BTK,BTK6347,BTK6401,20/16:12,20/16:18,20/18:01,20/18:18,1:43:00,BEJ,CGK,012,10,1,1,NML,4,2025
2731.,A320,PKSGC,SJV,SJV637,SJV648,20/17:45,20/17:52,20/18:36,20/18:47,0:44:00,BDJ,BPN,015,10,1,1,NML,4,2025
2732.,B738,PKGFQ,GIA,GIA310,GIA315,20/16:04,20/16:11,20/17:14,20/17:26,1:03:00,CGK,CGK,004,28,1,1,NML,4,2025
2733.,A320,PKSTI,SJV,SJV715,SJV714,20/18:20,20/18:25,20/19:06,20/19:22,0:41:00,LOP,LOP,023,10,0,0,NML,4,2025
2734.,B739,PKLHS,LNI,LNI695,LNI268,20/16:25,20/16:32,20/17:48,20/18:07,1:16:00,KOE,TRK,015,10,1,1,NML,4,2025
2735.,A320,PKPWA,PAS,PAS206,PAS623,20/16:34,20/16:41,20/17:26,20/17:36,0:45:00,CGK,BPN,005,10,1,1,NML,4,2025
2736.,B739,PKLGY,LNI,LNI692,LNI692,20/16:31,20/16:37,20/17:32,20/17:41,0:55:00,CGK,KOE,017,10,1,1,NML,4,2025
2737.,A320,PKGLS,CTV,CTV174,CTV418,20/16:22,20/16:28,20/17:09,20/17:17,0:41:00,HLP,PNK,007,28,1,1,NML,4,2025
2738.,A320,PKGQG,CTV,CTV669,CTV488,20/16:18,20/16:24,20/17:02,20/17:12,0:38:00,DPS,BDJ,008,28,1,1,NML,4,2025
2739.,A320,PKGQE,CTV,CTV495,CTV721,20/16:15,20/16:20,20/17:06,20/17:14,0:46:00,BDJ,CGK,006,28,1,1,NML,4,2025
2740.,B739,PKLJI,LNI,LNI972,LNI884,20/16:40,20/16:45,20/17:44,20/17:55,0:59:00,BTH,UPG,014,10,1,1,NML,4,2025
"2741.,A339,PKLES,LNI,LNI107,LNI100,18/17:32,20/14:27,20/17:02,20/17:18,""1 day, 23:25:00"",JED,JED,A06,28,1,1,NML,4,2025"
2742.,B739,PKLSH,LNI,LNI919,LNI226,20/17:23,20/17:29,20/18:41,20/18:55,1:12:00,DPS,BDJ,016,10,1,1,NML,4,2025
2743.,B738,PKLJQ,LNI,LNI879,LNI838,20/16:55,20/17:00,20/18:07,20/18:25,1:07:00,AMQ,PNK,018,10,0,0,NML,4,2025
2744.,A320,PKAZG,AWQ,AWQ323,AWQ326,20/17:15,20/17:18,20/17:50,20/17:59,0:32:00,KUL,KUL,A01,10,1,1,NML,4,2025
2745.,B739,PKLHL,LNI,LNI261,LNI316,20/18:12,20/18:16,20/19:16,20/19:26,1:00:00,BPN,BDJ,014,10,1,1,NML,4,2025
2746.,B739,PKLHM,LNI,LNI923,LNI3318,20/17:41,20/17:45,20/18:47,20/18:58,1:02:00,DPS,BDJ,022,10,0,0,NML,4,2025
2747.,A320,PKGLG,CTV,CTV718,CTV719,20/17:05,20/17:11,20/17:59,20/18:14,0:48:00,CGK,CGK,009,10,1,1,NML,4,2025
2748.,A320,PKBKU,BTK,BTK6578,BTK7579,20/18:26,20/18:33,20/19:29,20/19:45,0:56:00,CGK,CGK,010,10,1,1,NML,4,2025
2749.,A320,PKSJP,SJV,SJV723,SJV708,20/19:19,20/19:24,20/20:24,20/20:37,1:00:00,DPS,DPS,015,10,1,1,NML,4,2025
2750.,A320,PKPWL,PAS,PAS622,PAS207,20/17:09,20/17:16,20/18:12,20/18:29,0:56:00,BPN,CGK,006,10,1,1,NML,4,2025
2751.,B738,PKLSI,LNI,LNI865,LNI800,20/20:27,20/20:32,20/21:41,20/21:51,1:09:00,LOP,UPG,012,10,1,1,NML,4,2025
2752.,B738,PKGMI,GIA,GIA349,GIA313,20/18:08,20/18:11,20/19:11,20/19:24,1:00:00,DPS,CGK,004,10,1,1,NML,4,2025
2753.,A320,PKSAY,SJV,SJV643,SJV716,20/18:15,20/18:21,20/19:45,20/19:55,1:24:00,AAP,LOP,012,10,1,1,NML,4,2025
2754.,A320,PKLUH,BTK,BTK7503,BTK7502,20/18:02,20/18:07,20/18:54,20/19:06,0:47:00,HLP,HLP,011,10,1,1,NML,4,2025
2755.,B735,PKCLE,SJY,SJY567,SJY562,20/21:08,20/21:12,20/21:51,20/22:00,0:39:00,UPG,UPG,011,10,1,1,NML,4,2025
2756.,A320,PKGQC,CTV,CTV172,CTV717,20/18:05,20/18:09,20/18:56,20/19:13,0:47:00,HLP,CGK,007,10,1,1,NML,4,2025
2757.,B738,PKGUF,GIA,GIA320,GIA325,20/17:49,20/17:53,20/19:04,20/19:16,1:11:00,CGK,CGK,008,10,1,1,NML,4,2025
2758.,B738MAX,9VMBI,SIA,SIA928,SIA929,20/18:23,20/18:29,20/19:20,20/19:40,0:51:00,SIN,SIN,A06,10,1,1,NML,4,2025
2759.,A320,PKGTK,CTV,CTV949,CTV494,20/19:04,20/19:08,20/19:57,20/20:13,0:49:00,BTH,BDJ,003,10,0,0,NML,4,2025
2760.,B738,PKBKM,BTK,BTK6576,BTK6575,20/19:33,20/19:37,20/20:24,20/20:42,0:47:00,CGK,CGK,010,10,1,1,NML,4,2025
2761.,A320,PKGQK,CTV,CTV489,CTV693,20/19:08,20/19:12,20/19:51,20/20:02,0:39:00,BDJ,DPS,008,10,1,1,NML,4,2025
2762.,B788,9VOFD,TGW,TGW266,TGW267,20/18:52,20/18:59,20/20:05,20/20:19,1:06:00,SIN,SIN,A07,10,1,1,NML,4,2025
2763.,A320,PKGQU,CTV,CTV736,CTV352,20/18:37,20/18:42,20/19:39,20/19:50,0:57:00,CGK,UPG,006,10,1,1,NML,4,2025
2764.,A320,PKLAM,BTK,BTK7519,BTK7518,20/19:10,20/19:15,20/20:05,20/20:17,0:50:00,HLP,HLP,011,10,1,1,NML,4,2025
2765.,A320,PKPWK,PAS,PAS202,PAS203,20/18:50,20/18:53,20/19:53,20/20:08,1:00:00,CGK,CGK,005,10,1,1,NML,4,2025
2766.,A320,PKGLR,CTV,CTV435,CTV737,20/19:00,20/19:03,20/19:58,20/20:10,0:55:00,BPN,CGK,009,10,1,1,NML,4,2025
2767.,B738,PKGFS,GIA,GIA326,GIA319,20/18:56,20/19:02,20/20:02,20/20:15,1:00:00,CGK,CGK,007,10,1,1,NML,4,2025
2768.,A320,PKGQL,CTV,CTV724,CTV354,20/19:27,20/19:31,20/20:16,20/20:30,0:45:00,CGK,UPG,004,10,1,1,NML,4,2025
2769.,A320,PKLUI,BTK,BTK6137,BTK6136,20/20:25,20/20:29,20/22:42,20/22:55,2:13:00,UPG,UPG,009,10,1,1,NML,4,2025
2770.,A320,PKBKU,BTK,BTK6588,BTK7508,20/23:25,20/23:31,21/05:07,21/05:22,5:36:00,CGK,HLP,012,28,1,1,NML,4,2025
2771.,A320,PKSJD,SJV,SJV673,SJV610,20/21:28,20/21:33,21/05:02,21/05:11,7:29:00,BEJ,BPN,015,28,1,1,NML,4,2025
2772.,B738,PKLSF,LNI,LNI883,LNI878,20/21:25,20/21:28,21/05:07,21/05:20,7:39:00,UPG,AMQ,023,28,0,0,NML,4,2025
2773.,A320,PKAZP,AWQ,AWQ325,AWQ320,20/19:38,20/19:43,21/05:00,21/05:13,9:17:00,KUL,KUL,A01,28,1,1,NML,4,2025
2774.,B733F,PKMYV,MYU,MYU935,MYU815,20/13:01,20/13:04,21/05:08,21/05:16,16:04:00,SRG,CGK,C02,28,0,0,NML,4,2025
2775.,B739,PKLFO,LNI,LNI687,LNI786,20/22:39,20/22:44,21/05:03,21/05:15,6:19:00,PKY,UPG,014,28,1,1,NML,4,2025
2776.,B738,PKGMF,GIA,GIA328,GIA301,20/20:06,20/20:09,21/05:07,21/05:18,8:58:00,CGK,CGK,005,28,1,1,NML,4,2025
2777.,A320,PKGQI,CTV,CTV726,CTV430,20/19:35,20/19:42,21/05:11,21/05:24,9:29:00,CGK,BPN,018,28,0,0,NML,4,2025
2778.,A320,PKLAJ,BTK,BTK6221,BTK6589,20/20:22,20/20:32,21/05:46,21/05:56,9:14:00,BPN,CGK,016,28,1,1,NML,4,2025
2779.,A320,PKLAW,BTK,BTK6594,BTK6132,20/22:20,20/22:23,21/05:13,21/05:26,6:50:00,CGK,LOP,011,28,1,1,NML,4,2025
2780.,A320,PKGQE,CTV,CTV720,CTV725,20/20:35,20/20:38,21/05:43,21/05:54,9:05:00,CGK,CGK,007,28,1,1,NML,4,2025
2781.,B739,PKLGU,LNI,LNI690,LNI690,21/05:02,21/05:10,21/05:58,21/06:10,0:48:00,CGK,KOE,012,28,1,1,NML,4,2025
2782.,B738,PKLQZ,LNI,LNI727,LNI868,20/17:57,20/18:02,21/05:59,21/06:12,11:57:00,KDI,TTE,017,28,1,1,NML,4,2025
2783.,A320,PKSAE,SJV,SJV619,SJV706,20/16:28,20/16:34,21/06:02,21/06:14,13:28:00,BPN,DPS,021,28,0,0,NML,4,2025
2784.,B739,PKLHM,LNI,LNI3319,LNI882,20/21:31,20/21:37,21/05:56,21/06:04,8:19:00,BDJ,UPG,024,28,0,0,NML,4,2025
2785.,A320,V8RBE,RBA,RBA795,RBA796,20/19:59,20/20:10,21/05:52,21/06:10,9:42:00,BWN,BWN,A06,28,1,1,NML,4,2025
2786.,A320,PKGLY,CTV,CTV353,CTV484,21/05:08,21/05:17,21/05:55,21/06:02,0:38:00,UPG,BDJ,005,28,1,1,NML,4,2025
2787.,A320,PKSJA,SJV,SJV615,SJV640,20/21:18,20/21:21,21/06:10,21/06:18,8:49:00,BPN,AAP,022,28,0,0,NML,4,2025
2788.,A320,PKPWC,PAS,PAS212,PAS213,20/20:38,20/20:42,21/06:02,21/06:16,9:20:00,CGK,CGK,006,28,1,1,NML,4,2025
2789.,A320,PKBKY,BTK,BTK6413,BTK6412,20/21:12,20/21:17,21/06:20,21/06:31,9:03:00,DPS,DPS,010,28,1,1,NML,4,2025
2790.,A320,PKSJP,SJV,SJV727,SJV634,20/22:52,20/22:56,21/06:31,21/06:38,7:35:00,DPS,BDJ,009,28,1,1,NML,4,2025
2791.,A320,PKSTI,SJV,SJV717,SJV566,21/09:51,21/09:57,21/10:42,21/10:53,0:45:00,LOP,PLW,015,28,1,1,NML,4,2025
2792.,B739,PKLSH,LNI,LNI311,LNI971,21/06:06,21/06:11,21/07:07,21/07:19,0:56:00,BDJ,BTH,012,28,1,1,NML,4,2025
2793.,A320,PKLUQ,BTK,BTK7521,BTK6135,20/21:56,20/22:00,21/07:19,21/07:28,9:19:00,HLP,PKN,008,28,1,1,NML,4,2025
2794.,B738,PKGFQ,GIA,GIA324,GIA854,20/21:01,20/22:56,21/07:01,21/07:16,9:57:00,CGK,SIN,A02,28,1,1,NML,4,2025
2795.,B738,PKGNG,GIA,GIA855,GIA305,20/21:04,20/23:21,21/06:57,21/07:05,9:46:00,SIN,CGK,004,28,1,1,NML,4,2025
2796.,B739,PKLHI,LNI,LNI885,LNI646,20/20:31,20/20:34,21/07:20,21/07:30,10:46:00,UPG,LOP,020,28,0,0,NML,4,2025
2797.,A320,PKLUH,BTK,BTK7511,BTK7510,21/06:28,21/06:33,21/07:27,21/07:34,0:54:00,HLP,HLP,010,28,1,1,NML,4,2025
2798.,A320,PKAZG,AWQ,AWQ327,AWQ392,20/23:29,20/23:32,21/07:33,21/07:46,8:01:00,KUL,JHB,A07,28,1,1,NML,4,2025
2799.,A320,PKGQK,CTV,CTV690,CTV460,21/06:58,21/07:06,21/07:47,21/07:58,0:41:00,DPS,AAP,006,28,1,1,NML,4,2025
2800.,B739,PKLGY,LNI,LNI693,LNI693,21/06:53,21/06:58,21/07:44,21/07:53,0:46:00,KOE,CGK,011,28,1,1,NML,4,2025
2801.,A21N,B32KY,CSN,CSN8137,CSN8138,20/21:34,20/21:41,21/07:49,21/08:03,10:08:00,CAN,CAN,A03,28,1,1,NML,4,2025
2802.,A320,PKGQP,CTV,CTV170,CTV175,21/07:14,21/07:24,21/08:04,21/08:15,0:40:00,HLP,HLP,007,28,1,1,NML,4,2025
2803.,A333,BLBF,CPA,CPA779,CPA780,20/17:52,20/17:59,21/08:07,21/08:19,14:08:00,HKG,HKG,A08,28,1,1,NML,4,2025
2804.,B739,PKLHS,LNI,LNI267,LNI990,21/07:09,21/07:14,21/08:25,21/08:35,1:11:00,TRK,DPS,014,28,1,1,NML,4,2025
2805.,A320,PKLUI,BTK,BTK6572,BTK6573,21/07:40,21/07:48,21/08:31,21/08:42,0:43:00,CGK,CGK,009,28,1,1,NML,4,2025
2806.,B738,PKLDO,MXD,MXD352,MXD353,20/19:42,20/19:48,21/08:40,21/08:53,12:52:00,KUL,KUL,A04,28,1,1,NML,4,2025
2807.,B739,PKLHL,LNI,LNI315,LNI222,21/08:01,21/08:06,21/08:50,21/09:01,0:44:00,BDJ,BDJ,010,28,1,1,NML,4,2025
2808.,A320,PKLAW,BTK,BTK6133,BTK6391,21/08:30,21/08:37,21/09:52,21/10:03,1:15:00,LOP,CGK,011,28,1,1,NML,4,2025
2809.,A320,PKGQU,CTV,CTV355,CTV171,21/07:44,21/07:49,21/08:50,21/08:59,1:01:00,UPG,HLP,005,28,1,1,NML,4,2025
2810.,B739,PKLHQ,LNI,LNI929,LNI856,21/06:44,21/06:49,21/09:26,21/09:39,2:37:00,DPS,PLM,015,28,1,1,NML,4,2025
2811.,A320,PKSJD,SJV,SJV649,SJV618,21/08:52,21/08:56,21/09:52,21/10:01,0:56:00,BPN,BPN,016,28,1,1,NML,4,2025
2812.,B738,PKLJQ,LNI,LNI837,LNI748,21/07:55,21/08:01,21/09:11,21/09:22,1:10:00,PNK,MDC,012,28,1,1,NML,4,2025
2813.,B738,PKGUC,GIA,GIA304,GIA342,21/08:16,21/08:22,21/09:21,21/09:29,0:59:00,CGK,DPS,004,28,1,1,NML,4,2025
2814.,A320,PKGLY,CTV,CTV485,CTV486,21/08:37,21/08:44,21/09:23,21/09:31,0:39:00,BDJ,BDJ,007,28,1,1,NML,4,2025
2815.,A320,PKPWK,PAS,PAS200,PAS201,21/08:13,21/08:18,21/09:15,21/09:25,0:57:00,CGK,CGK,006,28,1,1,NML,4,2025
2816.,A320,PKSAE,SJV,SJV703,SJV612,21/08:32,21/08:37,21/09:35,21/09:43,0:58:00,DPS,BPN,014,28,1,1,NML,4,2025
2817.,A320,PKSGA,SJV,SJV611,SJV702,21/09:24,21/09:29,21/10:14,21/10:24,0:45:00,BPN,DPS,012,28,1,1,NML,4,2025
2818.,B738MAX,9MMVD,MAS,MAS871,MAS870,21/09:13,21/09:18,21/10:02,21/10:15,0:44:00,KUL,KUL,A07,28,1,1,NML,4,2025
2819.,A320,PKGLP,CTV,CTV417,CTV715,21/09:16,21/09:24,21/10:10,21/10:21,0:46:00,PNK,CGK,008,28,1,1,NML,4,2025
2820.,B735,PKNAS,LKN,LKN243,LKN242,21/08:57,21/09:02,21/09:47,21/09:59,0:45:00,SMQ,SMQ,009,28,1,1,NML,4,2025
2821.,A359,9VSHO,SIA,SIA922,SIA923,21/09:03,21/09:05,21/10:12,21/10:32,1:07:00,SIN,SIN,A08,28,1,1,NML,4,2025
2822.,A320,PKSJP,SJV,SJV635,SJV632,21/09:10,21/09:15,21/10:23,21/10:34,1:08:00,BDJ,BDJ,010,28,1,1,NML,4,2025
2823.,A320,PKGLT,CTV,CTV351,CTV350,21/09:21,21/09:27,21/10:17,21/10:28,0:49:39,UPG,UPG,005,28,1,1,NML,4,2025
2824.,B739,PKLHM,LNI,LNI791,LNI262,21/09:36,21/09:41,21/10:39,21/10:49,0:58:00,UPG,BPN,017,28,1,1,NML,4,2025
2825.,A320,9VTRS,TGW,TGW296,TGW297,21/09:40,21/09:44,21/10:32,21/10:42,0:48:00,SIN,SIN,A02,28,1,1,NML,4,2025
2826.,B739,PKLQR,LNI,LNI970,LNI973,21/09:45,21/09:50,21/10:48,21/10:58,0:58:00,BTH,BTH,014,28,1,1,NML,4,2025
2827.,A320,PKLUQ,BTK,BTK6134,BTK6346,21/09:56,21/10:02,21/11:07,21/11:18,1:05:00,PKN,BEJ,009,28,1,1,NML,4,2025
2828.,A320,PKBKR,BTK,BTK7513,BTK7516,21/10:37,21/10:42,21/11:41,21/11:52,0:59:00,HLP,HLP,010,10,1,1,NML,4,2025
2829.,A320,PKLUV,BTK,BTK6584,BTK6585,21/10:26,21/10:31,21/11:22,21/11:32,0:51:00,CGK,CGK,011,10,1,1,NML,4,2025
2830.,A320,PKSJA,SJV,SJV641,SJV642,21/10:09,21/10:14,21/11:10,21/11:15,0:56:00,AAP,AAP,018,28,0,0,NML,4,2025
2831.,B739,PKLHI,LNI,LNI645,LNI822,21/10:18,21/10:23,21/11:46,21/11:59,1:23:00,LOP,LOP,020,10,0,0,NML,4,2025
2832.,B739,PKLFF,LNI,LNI683,LNI682,21/10:30,21/10:36,21/11:20,21/11:30,0:44:00,PKY,PKY,016,10,1,1,NML,4,2025
2833.,B739,PKLGU,LNI,LNI697,LNI697,21/10:21,21/10:27,21/11:25,21/11:37,0:58:00,KOE,CGK,021,10,0,0,NML,4,2025
2834.,A320,PKAZJ,AWQ,AWQ321,AWQ322,21/10:55,21/10:59,21/11:35,21/11:43,0:36:00,KUL,KUL,A01,10,1,1,NML,4,2025
2835.,B739,PKLSV,LNI,LNI694,LNI694,21/10:43,21/10:47,21/11:52,21/12:03,1:05:00,CGK,KOE,022,10,0,0,NML,4,2025
2836.,A320,PKLUH,BTK,BTK7517,BTK7520,21/11:48,21/11:50,21/12:42,21/12:54,0:52:00,HLP,HLP,011,10,1,1,NML,4,2025
2837.,B738,PKGFI,GIA,GIA322,GIA327,21/10:20,21/10:20,21/11:37,21/11:54,1:17:00,CGK,CGK,004,10,1,1,NML,4,2025
2838.,B738,PKLBK,MXD,MXD350,MXD351,21/10:46,21/10:50,21/11:29,21/11:39,0:39:00,KUL,KUL,A04,10,1,1,NML,4,2025
2839.,A320,PKGQK,CTV,CTV461,CTV698,21/11:28,21/11:34,21/11:59,21/12:13,0:25:00,AAP,DPS,006,10,1,1,NML,4,2025
2840.,B739,PKLGS,LNI,LNI805,LNI804,21/10:51,21/10:59,21/12:00,21/12:10,1:01:00,DPS,DPS,015,10,1,1,NML,4,2025
2841.,A320,PKBLC,BTK,BTK6582,BTK6581,21/12:03,21/12:07,21/13:43,21/13:59,1:36:00,CGK,CGK,010,10,1,1,NML,4,2025
2842.,A320,PKGQS,CTV,CTV9692,CTV9693,21/11:41,21/11:45,21/12:17,21/12:30,0:32:00,DPS,DPS,007,10,1,1,NML,4,2025
2843.,B739,PKLHL,LNI,LNI223,LNI680,21/11:35,21/11:39,21/12:34,21/12:44,0:55:00,BDJ,PKY,017,10,1,1,NML,4,2025
2844.,B739,PKLFO,LNI,LNI801,LNI780,21/13:35,21/13:38,21/14:32,21/14:51,0:54:00,UPG,UPG,015,28,1,1,NML,4,2025
2845.,A320,PKSJP,SJV,SJV633,SJV636,21/13:32,21/13:36,21/14:41,21/14:54,1:05:00,BDJ,BDJ,009,28,1,1,NML,4,2025
2846.,B735,PKNAT,LKN,LKN193,LKN192,21/11:56,21/11:59,21/12:45,21/12:56,0:46:00,PKN,PKN,009,10,1,1,NML,4,2025
2847.,A320,PKBKM,BTK,BTK6596,BTK6595,21/13:38,21/13:42,21/14:43,21/15:00,1:01:00,CGK,CGK,011,28,1,1,NML,4,2025
2848.,B738,PKLQZ,LNI,LNI869,LNI722,21/12:17,21/12:20,21/14:28,21/14:40,2:08:00,TTE,KDI,012,28,1,1,NML,4,2025
2849.,A320,PKPWJ,PAS,PAS204,PAS205,21/11:50,21/11:53,21/13:19,21/13:40,1:26:00,CGK,CGK,005,10,1,1,NML,4,2025
2850.,A320,PKAZG,AWQ,AWQ393,AWQ324,21/12:38,21/12:42,21/13:15,21/13:26,0:33:00,JHB,KUL,A03,10,1,1,NML,4,2025
2851.,A320,PKGLY,CTV,CTV487,CTV668,21/12:20,21/12:25,21/13:25,21/13:46,1:00:00,BDJ,DPS,008,10,1,1,NML,4,2025
2852.,B739,PKLGS,LNI,LNI919,LNI686,21/14:46,21/14:52,21/15:50,21/16:03,0:58:00,DPS,PKY,012,28,1,1,NML,4,2025
2853.,B738,PKLKW,LNI,LNI839,LNI836,21/13:03,21/13:06,21/13:57,21/14:06,0:51:00,PNK,PNK,014,28,1,1,NML,4,2025
2854.,A320,PKGQI,CTV,CTV431,CTV948,21/13:41,21/13:44,21/14:26,21/14:36,0:42:00,BPN,BTH,007,28,1,1,NML,4,2025
2855.,B739,PKLHQ,LNI,LNI857,LNI910,21/13:56,21/14:00,21/15:28,21/15:37,1:28:00,PLM,DPS,010,28,1,1,NML,4,2025
2856.,B738,PKGMU,GIA,GIA312,GIA317,21/13:44,21/13:47,21/14:50,21/15:03,1:03:00,CGK,CGK,004,28,1,1,NML,4,2025
2857.,A320,PKGQC,CTV,CTV722,CTV723,21/13:53,21/13:56,21/14:30,21/14:44,0:34:00,CGK,CGK,006,28,1,1,NML,4,2025
2858.,A320,9VJSR,JSA,JSA247,JSA248,21/13:50,21/13:55,21/14:53,21/15:06,0:58:00,SIN,SIN,A07,28,1,1,NML,4,2025
2859.,B739,PKLHM,LNI,LNI261,LNI260,21/14:10,21/14:13,21/15:16,21/15:25,1:03:00,BPN,BPN,014,28,1,1,NML,4,2025
2860.,A320,PKLUH,BTK,BTK7515,BTK7514,21/17:14,21/17:20,21/18:16,21/18:31,0:56:00,HLP,HLP,011,28,1,1,NML,4,2025
2861.,B738,PKGMM,GIA,GIA330,GIA331,21/14:37,21/14:45,21/15:30,21/15:38,0:45:00,HLP,HLP,005,28,1,1,NML,4,2025
2862.,B739,PKLHI,LNI,LNI823,LNI642,21/14:33,21/14:39,21/15:40,21/15:50,1:01:00,LOP,LOP,015,28,1,1,NML,4,2025
2863.,A320,PKGQK,CTV,CTV699,CTV434,21/14:42,21/14:49,21/15:24,21/15:32,0:35:00,DPS,BPN,007,28,1,1,NML,4,2025
2864.,B738,PKLJQ,LNI,LNI749,LNI581,21/15:11,21/15:17,21/16:10,21/16:23,0:53:00,MDC,CGK,017,28,1,1,NML,4,2025
2865.,B739,PKLSH,LNI,LNI972,LNI920,21/16:39,21/16:45,21/18:11,21/18:25,1:26:00,BTH,DPS,017,28,1,1,NML,4,2025
2866.,A320,PKBKR,BTK,BTK7501,BTK7512,21/17:47,21/17:54,21/19:14,21/19:23,1:20:00,HLP,HLP,008,28,1,1,NML,4,2025
2867.,A320,PKSJA,SJV,SJV643,SJV672,21/14:58,21/15:03,21/15:58,21/16:08,0:55:00,AAP,BEJ,011,28,1,1,NML,4,2025
2868.,A320,PKLUQ,BTK,BTK6347,BTK6401,21/15:14,21/15:20,21/16:10,21/16:21,0:50:00,BEJ,CGK,009,28,1,1,NML,4,2025
2869.,B739,PKLHL,LNI,LNI681,LNI316,21/16:10,21/16:15,21/17:06,21/17:17,0:51:00,PKY,BDJ,015,28,1,1,NML,4,2025
2870.,A320,PKLUZ,BTK,BTK6406,BTK6220,21/16:30,21/16:36,21/17:30,21/17:44,0:54:00,CGK,BPN,009,28,1,1,NML,4,2025
2871.,B738MAX,9VMBA,SIA,SIA926,SIA927,21/15:40,21/15:43,21/16:31,21/16:49,0:48:00,SIN,SIN,A08,28,1,1,NML,4,2025
2872.,B738,PKGFP,GIA,GIA310,GIA315,21/16:19,21/16:25,21/17:19,21/17:26,0:54:00,CGK,CGK,004,28,1,1,NML,4,2025
2873.,A320,PKSJP,SJV,SJV637,SJV648,21/17:28,21/17:37,21/18:28,21/18:39,0:51:00,BDJ,BPN,009,28,1,1,NML,4,2025
2874.,A320,PKPWC,PAS,PAS206,PAS623,21/15:56,21/16:02,21/16:45,21/16:52,0:43:00,CGK,BPN,005,28,1,1,NML,4,2025
2875.,B739,PKLSV,LNI,LNI695,LNI268,21/16:27,21/16:33,21/17:15,21/17:24,0:42:00,KOE,TRK,012,28,1,1,NML,4,2025
2876.,B739,PKLGL,LNI,LNI692,LNI692,21/17:09,21/17:15,21/17:58,21/18:09,0:43:00,CGK,KOE,015,28,1,1,NML,4,2025
2877.,A320,PKGQP,CTV,CTV174,CTV418,21/16:33,21/16:39,21/17:25,21/17:36,0:46:00,HLP,PNK,007,28,1,1,NML,4,2025
2878.,A320,PKGQS,CTV,CTV669,CTV488,21/16:06,21/16:12,21/16:57,21/17:02,0:45:00,DPS,BDJ,006,28,1,1,NML,4,2025
2879.,B738,PKLSF,LNI,LNI879,LNI800,21/15:47,21/15:56,21/17:26,21/17:34,1:30:00,AMQ,UPG,014,28,1,1,NML,4,2025
2880.,B739,PKLHQ,LNI,LNI923,LNI226,21/18:13,21/18:20,21/19:14,21/19:25,0:54:00,DPS,BDJ,015,28,1,1,NML,4,2025
2881.,A320,PKBLC,BTK,BTK6578,BTK7579,21/17:50,21/17:57,21/18:54,21/19:03,0:57:00,CGK,CGK,010,28,1,1,NML,4,2025
2882.,A320,PKGLP,CTV,CTV495,CTV9949,21/16:47,21/16:53,21/17:39,21/17:49,0:46:00,BDJ,BTH,008,28,1,1,NML,4,2025
2883.,B738,PKLKP,LNI,LNI709,LNI838,21/16:01,21/16:07,21/17:33,21/17:42,1:26:00,UPG,PNK,010,28,1,1,NML,4,2025
2884.,A320,PKAZJ,AWQ,AWQ323,AWQ326,21/17:39,21/17:42,21/18:18,21/18:33,0:36:00,KUL,KUL,A03,28,1,1,NML,4,2025
2885.,B739,PKLGS,LNI,LNI687,LNI3318,21/18:52,21/18:58,21/19:44,21/19:54,0:46:00,PKY,BDJ,017,28,1,1,NML,4,2025
2886.,A320,PKSGA,SJV,SJV723,SJV708,21/18:26,21/18:32,21/19:22,21/19:30,0:50:00,DPS,DPS,014,28,1,1,NML,4,2025
2887.,A320,PKPWG,PAS,PAS622,PAS207,21/17:21,21/17:27,21/18:16,21/18:29,0:49:00,BPN,CGK,006,28,1,1,NML,4,2025
2888.,B738,PKGUC,GIA,GIA349,GIA313,21/17:17,21/17:25,21/18:24,21/18:35,0:59:00,DPS,CGK,004,28,1,1,NML,4,2025
2889.,A320,PKSTI,SJV,SJV567,SJV716,21/14:52,21/14:58,21/19:06,21/19:15,4:08:00,PLW,LOP,020,28,0,0,NML,4,2025
2890.,B738,PKCRH,SJY,SJY567,SJY562,21/19:00,21/19:07,21/20:07,21/20:19,1:00:00,UPG,UPG,011,28,1,1,NML,4,2025
2891.,A320,PKLAM,BTK,BTK7503,BTK7502,21/20:48,21/20:55,21/21:53,21/22:03,0:58:00,HLP,HLP,009,28,1,1,NML,4,2025
2892.,B738,PKGUA,GIA,GIA320,GIA325,21/17:32,21/17:38,21/18:57,21/19:06,1:19:00,CGK,CGK,005,28,1,1,NML,4,2025
2893.,B738MAX,9VMBI,SIA,SIA928,SIA929,21/18:23,21/18:27,21/19:25,21/19:42,0:58:00,SIN,SIN,A06,28,1,1,NML,4,2025
2894.,A320,PKGLR,CTV,CTV949,CTV494,21/18:42,21/18:51,21/19:28,21/19:38,0:37:00,BTH,BDJ,007,28,1,1,NML,4,2025
2895.,B738,PKLZV,BTK,BTK6576,BTK6575,21/19:36,21/19:41,21/20:24,21/20:31,0:43:00,CGK,CGK,010,28,1,1,NML,4,2025
2896.,A320,PKGLV,CTV,CTV489,CTV693,21/18:55,21/19:02,21/19:34,21/19:44,0:32:00,BDJ,DPS,006,28,1,1,NML,4,2025
2897.,B739,PKLHI,LNI,LNI865,LNI880,21/18:21,21/18:28,21/19:37,21/19:48,1:09:00,LOP,UPG,012,28,1,1,NML,4,2025
2898.,A320,PKLUW,BTK,BTK6594,BTK7518,21/21:11,21/21:17,21/22:00,21/22:07,0:43:00,CGK,HLP,008,28,1,1,NML,4,2025
2899.,A320,PKGQM,CTV,CTV736,CTV352,21/19:04,21/19:10,21/19:54,21/20:01,0:44:00,CGK,UPG,009,28,1,1,NML,4,2025
2900.,B738,PKGNN,GIA,GIA326,GIA319,21/18:47,21/18:53,21/19:55,21/20:03,1:02:00,CGK,CGK,004,28,1,1,NML,4,2025
2901.,A320,PKGQK,CTV,CTV435,CTV737,21/18:58,21/19:05,21/20:00,21/20:09,0:55:00,BPN,CGK,005,28,1,1,NML,4,2025
2902.,A320,PKGQJ,CTV,CTV724,CTV354,21/19:40,21/19:46,21/20:31,21/20:41,0:45:00,CGK,UPG,008,28,1,1,NML,4,2025
2903.,A320,PKLUO,BTK,BTK6137,BTK6136,21/19:32,21/19:36,21/23:35,21/23:43,3:59:00,UPG,UPG,014,10,1,1,NML,4,2025
2904.,B738,PKLQZ,LNI,LNI727,LNI878,21/18:37,21/18:43,22/05:00,22/05:10,10:17:00,KDI,AMQ,021,28,0,0,NML,4,2025
2905.,A320,PKSAJ,SJV,SJV619,SJV610,21/20:17,21/20:23,22/05:05,22/05:15,8:42:00,BPN,BPN,023,28,0,0,NML,4,2025
2906.,A320,PKAZG,AWQ,AWQ325,AWQ320,21/19:08,21/19:12,22/05:00,22/05:13,9:48:00,KUL,KUL,C01,28,0,0,NML,4,2025
2907.,A320,PKBKR,BTK,BTK7521,BTK7508,21/22:37,21/22:39,22/05:06,22/05:17,6:27:00,HLP,HLP,C04,28,0,0,NML,4,2025
2908.,B739,PKLHP,LNI,LNI3319,LNI786,21/20:43,21/20:47,22/05:13,22/05:22,8:25:17,BDJ,UPG,020,28,0,0,NML,4,2025
2909.,B738,PKGFP,GIA,GIA324,GIA301,21/20:51,21/20:59,22/05:11,22/05:27,8:12:00,CGK,CGK,004,28,1,1,NML,4,2025
2910.,A320,PKGLP,CTV,CTV9948,CTV430,21/22:13,21/22:19,22/05:09,22/05:24,6:50:00,BTH,BPN,008,28,1,1,NML,4,2025
2911.,A320,PKLUZ,BTK,BTK6221,BTK6132,21/21:20,21/21:26,22/05:05,22/05:19,7:39:00,BPN,LOP,012,28,1,1,NML,4,2025
2912.,A320,PKGQF,CTV,CTV726,CTV725,21/20:57,21/21:05,22/05:40,22/05:47,8:35:00,CGK,CGK,007,28,1,1,NML,4,2025
2913.,B739,PKLSO,LNI,LNI690,LNI690A,22/05:06,22/05:12,22/05:52,22/05:56,0:40:00,CGK,KOE,014,28,1,1,RTA,4,2025
2914.,B739,PKLSL,LNI,LNI787,LNI266,21/12:49,21/12:52,22/05:57,22/06:07,17:05:00,UPG,BPN,016,28,1,1,NML,4,2025
2915.,A320,PKGQM,CTV,CTV353,CTV484,22/05:02,22/05:10,22/05:50,22/06:03,0:39:21,UPG,BDJ,003,28,0,0,NML,4,2025
2916.,A320,V8RBE,RBA,RBA795,RBA796,21/19:58,21/20:02,22/05:57,22/06:08,9:55:00,BWN,BWN,A06,28,1,1,NML,4,2025
2917.,A320,PKLUF,BTK,BTK7519,BTK6589,21/21:51,21/22:00,22/06:00,22/06:10,8:00:00,HLP,CGK,010,28,1,1,NML,4,2025
2918.,A320,PKSJA,SJV,SJV673,SJV640,21/20:04,21/20:10,22/06:35,22/06:46,10:25:00,BEJ,AAP,024,28,0,0,NML,4,2025
2919.,A320,PKPWD,PAS,PAS212,PAS213,21/20:36,21/20:41,22/06:02,22/06:13,9:21:00,CGK,CGK,005,28,1,1,NML,4,2025
2920.,A320,PKAZJ,AWQ,AWQ327,AWQ386,21/23:49,21/23:55,22/05:57,22/06:14,6:02:00,KUL,PEN,A01,28,1,1,NML,4,2025
2921.,A320,PKBKY,BTK,BTK6413,BTK6412,21/20:26,21/20:30,22/06:15,22/06:25,9:45:00,DPS,DPS,018,28,0,0,NML,4,2025
"2922.,A320,PKSJR,SJV,SJV725,SJV706,20/18:45,20/18:49,22/06:30,22/06:42,""1 day, 11:41:00"",LBJ,DPS,025,28,0,0,NML,4,2025"
2923.,A320,PKSJP,SJV,SJV615,SJV634,21/22:22,21/22:25,22/06:50,22/06:59,8:25:00,BPN,BDJ,C03,28,0,0,NML,4,2025
2924.,B738MAX,PKOFM,AFE,AFE921,AFE921,22/05:40,22/05:47,22/06:43,22/06:48,0:56:00,CGK,TIM,004,28,1,1,NML,4,2025
2925.,A320,PKSTI,SJV,SJV717,SJV566,22/06:01,22/06:07,22/07:02,22/07:08,0:55:00,LOP,PLW,012,28,1,1,NML,4,2025
2926.,A320,PKLAT,BTK,BTK6588,BTK6135,21/22:32,21/22:39,22/07:04,22/07:10,8:25:00,CGK,PKN,009,28,1,1,NML,4,2025
2927.,B739,PKLGS,LNI,LNI311,LNI971,22/05:58,22/06:03,22/06:55,22/07:05,0:52:00,BDJ,BTH,014,28,1,1,NML,4,2025
2928.,B738,PKGMD,GIA,GIA328,GIA854,21/19:51,21/23:31,22/07:02,22/07:15,11:02:00,CGK,SIN,A02,28,1,1,NML,4,2025
2929.,B738,PKGFQ,GIA,GIA855,GIA305,21/21:23,21/23:33,22/09:52,22/10:05,12:26:00,SIN,CGK,006,28,1,1,NML,4,2025
2930.,B739,PKLSO,LNI,LNI690A,LNI690,22/06:09,22/06:09,22/07:17,22/07:25,1:08:00,SUB,KOE,020,28,0,0,NML,4,2025
2931.,B739,PKLGO,LNI,LNI363,LNI646,22/06:20,22/06:26,22/07:19,22/07:28,0:53:00,BPN,LOP,010,28,1,1,NML,4,2025
2932.,A320,PKLUK,BTK,BTK7511,BTK7510,22/06:30,22/06:36,22/07:23,22/07:30,0:47:00,HLP,HLP,008,28,1,1,NML,4,2025
2933.,H25B,T7HAN,AFSS,T7HAN,T7HAN,22/06:40,22/06:45,22/07:10,22/07:17,0:25:00,CGK,CGK,A09,28,0,0,NML,4,2025
2934.,B739,PKLGV,LNI,LNI929,LNI882,22/06:44,22/07:05,22/08:00,22/08:16,0:55:00,DPS,UPG,018,28,0,0,NML,4,2025
2935.,A320,PKGLV,CTV,CTV690,CTV460,22/06:40,22/06:45,22/07:39,22/07:51,0:54:00,DPS,AAP,005,28,1,1,NML,4,2025
2936.,B739,PKLGL,LNI,LNI693,LNI693,22/06:51,22/06:55,22/07:46,22/07:58,0:51:00,KOE,CGK,016,28,1,1,NML,4,2025
2937.,A21N,B32L6,CSN,CSN8137,CSN8138,21/21:37,21/21:40,22/07:50,22/08:02,10:10:00,CAN,CAN,A03,28,1,1,NML,4,2025
"2938.,C172,PKRTK,GEN,PKRTK,PKRTK,20/11:32,20/11:40,22/08:08,22/08:19,""1 day, 20:28:00"",CJN,AAP,C06,28,0,0,NML,4,2025"
2939.,A320,PKGQU,CTV,CTV170,CTV175,22/07:04,22/07:10,22/08:00,22/08:11,0:50:00,HLP,HLP,007,28,1,1,NML,4,2025
2940.,C208,PKVVM,SUS,PKVVM,PKVVM,22/08:35,22/08:38,22/08:57,22/09:02,0:19:00,BXW,BXW,C07,28,0,0,NML,4,2025
2941.,A333,BHLM,CPA,CPA779,CPA780,21/17:55,21/18:01,22/08:15,22/08:29,14:14:00,HKG,HKG,A08,28,1,1,NML,4,2025
2942.,B739,PKLSV,LNI,LNI267,LNI990,22/06:57,22/07:02,22/08:22,22/08:39,1:20:00,TRK,DPS,021,28,0,0,NML,4,2025
"2943.,DHC6,PKICP,PGT,PKICP,PKICP,19/10:53,19/10:56,22/07:58,22/08:04,""2 days, 21:02:00"",PAG,PAG,028,28,0,0,NML,4,2025"
2944.,A320,PKBKP,BTK,BTK6572,BTK6573,22/07:43,22/07:48,22/08:44,22/08:52,0:56:00,CGK,CGK,009,28,1,1,NML,4,2025
2945.,B738,PKLDM,MXD,MXD352,MXD353,21/19:27,22/04:09,22/08:44,22/08:54,13:12:00,KUL,KUL,A04,28,1,1,NML,4,2025
2946.,A320,PKGQJ,CTV,CTV355,CTV171,22/07:39,22/07:45,22/08:37,22/08:46,0:52:00,UPG,HLP,005,28,1,1,NML,4,2025
2947.,B738,PKLKP,LNI,LNI837,LNI868,22/08:00,22/08:05,22/08:59,22/09:08,0:54:00,PNK,TTE,023,28,0,0,NML,4,2025
2948.,B739,PKLHQ,LNI,LNI315,LNI222,22/07:49,22/07:55,22/08:47,22/08:56,0:52:00,BDJ,BDJ,020,28,0,0,NML,4,2025
2949.,A320,PKLUZ,BTK,BTK6133,BTK6391,22/07:52,22/07:58,22/08:48,22/08:58,0:50:00,LOP,CGK,010,28,1,1,NML,4,2025
2950.,A320,PKSGA,SJV,SJV727,SJV618,21/21:55,21/22:00,22/09:09,22/09:17,11:08:50,DPS,BPN,022,28,0,0,NML,4,2025
2951.,B738,PKLOP,LNI,LNI883,LNI748,21/21:16,21/21:21,22/09:13,22/09:21,11:52:00,UPG,MDC,015,28,1,1,NML,4,2025
2952.,B739,PKLGM,LNI,LNI683,LNI682,22/07:56,22/08:02,22/09:08,22/09:19,1:06:00,PKY,PKY,012,28,1,1,NML,4,2025
2953.,B738,PKGNM,GIA,GIA304,GIA342,22/08:14,22/08:20,22/09:15,22/09:26,0:55:00,CGK,DPS,004,28,1,1,NML,4,2025
2954.,A320,PKSAE,SJV,SJV611,SJV642,22/08:37,22/08:43,22/09:20,22/09:47,0:37:00,BPN,AAP,014,28,1,1,NML,4,2025
2955.,A320,PKGQM,CTV,CTV485,CTV486,22/08:31,22/08:38,22/09:20,22/09:33,0:42:00,BDJ,BDJ,008,28,1,1,NML,4,2025
2956.,A320,PKPWE,PAS,PAS200,PAS201,22/08:09,22/08:18,22/09:13,22/09:23,0:55:00,CGK,CGK,007,28,1,1,NML,4,2025
2957.,A320,PKSJR,SJV,SJV703,SJV702,22/09:05,22/09:11,22/09:58,22/10:10,0:47:00,DPS,DPS,010,28,1,1,NML,4,2025
2958.,B738,9MMXJ,MAS,MAS871,MAS870,22/09:00,22/09:02,22/09:58,22/10:14,0:56:00,KUL,KUL,A07,28,1,1,NML,4,2025
2959.,B429,P3201,POL,P3201,P3201,22/09:27,22/09:30,22/10:05,22/10:10,0:35:00,ZPL,ZPL,H05,28,0,0,NML,4,2025
2960.,A320,PKGQA,CTV,CTV417,CTV715,22/09:34,22/09:40,22/10:19,22/10:37,0:39:00,PNK,CGK,009,10,1,1,NML,4,2025
2961.,A359,9VSHC,SIA,SIA922,SIA923,22/09:09,22/09:11,22/10:12,22/10:33,1:01:00,SIN,SIN,A08,28,1,1,NML,4,2025
2962.,A320,PKGTE,CTV,CTV351,CTV350,22/09:15,22/09:20,22/10:24,22/10:43,1:04:00,UPG,UPG,007,10,1,1,NML,4,2025
2963.,A320,PKSJV,SJV,SJV635,SJV632,22/09:55,22/10:01,22/12:15,22/12:28,2:14:00,BDJ,BDJ,014,10,1,1,NML,4,2025
2964.,B739,PKLSH,LNI,LNI791,LNI706,22/10:03,22/10:08,22/11:02,22/11:13,0:54:00,UPG,UPG,015,10,1,1,NML,4,2025
2965.,A20N,9VTNF,TGW,TGW296,TGW297,22/10:39,22/10:46,22/11:31,22/11:44,0:45:00,SIN,SIN,A02,10,1,1,NML,4,2025
2966.,B739,PKLSL,LNI,LNI367,LNI262,22/09:31,22/09:37,22/10:31,22/10:44,0:54:00,BPN,BPN,016,10,1,1,NML,4,2025
2967.,B739,PKLHJ,LNI,LNI970,LNI973,22/10:09,22/10:16,22/11:18,22/11:30,1:02:00,BTH,BTH,021,10,0,0,NML,4,2025
2968.,A320,PKPWD,PAS,PAS210,PAS211,22/09:50,22/09:55,22/10:33,22/10:52,0:38:00,CGK,CGK,005,10,1,1,NML,4,2025
2969.,A320,PKLZH,BTK,BTK7513,BTK7516,22/10:12,22/10:17,22/10:58,22/11:09,0:41:00,HLP,HLP,008,10,1,1,NML,4,2025
2970.,A320,PKLAT,BTK,BTK6134,BTK6346,22/09:59,22/10:05,22/10:54,22/11:03,0:49:00,PKN,BEJ,012,10,1,1,NML,4,2025
2971.,B739,PKLGO,LNI,LNI645,LNI982,22/10:06,22/10:12,22/11:07,22/11:19,0:55:00,LOP,PKU,020,10,0,0,NML,4,2025
2972.,B739,PKLSO,LNI,LNI697,LNI697,22/11:41,22/11:44,22/13:07,22/13:19,1:23:00,KOE,CGK,015,10,1,1,NML,4,2025
2973.,B739,PKLFF,LNI,LNI694,LNI694,22/10:34,22/10:37,22/11:23,22/11:40,0:46:00,CGK,KOE,010,10,1,1,NML,4,2025
2974.,A320,PKAZG,AWQ,AWQ321,AWQ322,22/10:46,22/10:51,22/11:25,22/11:37,0:34:00,KUL,KUL,A03,10,1,1,NML,4,2025
2975.,A320,PKLUH,BTK,BTK7517,BTK7520,22/11:31,22/11:35,22/12:34,22/12:44,0:59:00,HLP,HLP,008,10,1,1,NML,4,2025
2976.,B738,PKGFR,GIA,GIA322,GIA327,22/10:22,22/10:30,22/11:42,22/11:54,1:12:00,CGK,CGK,004,10,1,1,NML,4,2025
2977.,B738,PKLDO,MXD,MXD350,MXD351,22/11:28,22/11:35,22/12:41,22/12:48,1:06:00,KUL,KUL,A04,10,1,1,NML,4,2025
2978.,A320,PKLUY,BTK,BTK6584,BTK5003,22/10:51,22/10:55,22/11:50,22/12:00,0:55:00,CGK,DPS,018,10,0,0,NML,4,2025
2979.,A320,PKSAO,SJV,SJV363,SJV362,22/11:08,22/11:11,22/12:21,22/12:28,1:10:00,KNO,KNO,012,10,1,1,NML,4,2025
2980.,B739,PKLSV,LNI,LNI805,LNI804,22/10:58,22/11:02,22/11:52,22/12:02,0:50:00,DPS,DPS,016,10,1,1,NML,4,2025
2981.,A320,PKGLR,CTV,CTV9692,CTV9693,22/11:23,22/11:26,22/12:30,22/12:41,1:04:00,DPS,DPS,006,10,1,1,NML,4,2025
2982.,B739,PKLHQ,LNI,LNI223,LNI680,22/11:44,22/11:49,22/13:08,22/13:21,1:19:00,BDJ,PKY,021,10,0,0,NML,4,2025
2983.,A320,PKSTI,SJV,SJV567,SJV636,22/11:20,22/11:23,22/12:27,22/12:40,1:04:00,PLW,BDJ,009,10,1,1,NML,4,2025
2984.,A320,PKBLC,BTK,BTK6582,BTK6581,22/12:06,22/12:10,22/13:24,22/13:39,1:14:00,CGK,CGK,018,10,0,0,NML,4,2025
2985.,B739,PKLHI,LNI,LNI801,LNI780,22/11:47,22/11:52,22/12:42,22/12:52,0:50:00,UPG,UPG,022,10,0,0,NML,4,2025
2986.,A320,PKBKL,BTK,BTK6596,BTK6595,22/12:38,22/12:43,22/13:38,22/13:49,0:55:28,CGK,CGK,010,10,1,1,NML,4,2025
2987.,A320,PKPWI,PAS,PAS204,PAS205,22/11:50,22/11:53,22/13:10,22/13:24,1:17:07,CGK,CGK,005,10,1,1,NML,4,2025
2988.,A320,PKAZJ,AWQ,AWQ387,AWQ324,22/12:24,22/12:29,22/13:24,22/13:39,0:55:55,PEN,KUL,A03,10,1,1,NML,4,2025
2989.,A320,PKGQM,CTV,CTV487,CTV668,22/12:11,22/12:15,22/13:29,22/13:56,1:14:00,BDJ,DPS,003,10,0,0,NML,4,2025
2990.,B738,PKGFX,GIA,GIA290,GIA291,22/12:19,22/12:24,22/13:39,22/13:54,1:15:35,CGK,CGK,004,10,1,1,NML,4,2025
2991.,B738,PKLKW,LNI,LNI839,LNI722,22/12:56,22/12:59,22/13:58,22/14:10,0:59:00,PNK,KDI,012,10,1,1,NML,4,2025
2992.,B739,PKLHP,LNI,LNI787,LNI686,22/13:26,22/13:29,22/14:25,22/14:37,0:56:00,UPG,PKY,014,10,1,1,NML,4,2025
2993.,A320,PKGLV,CTV,CTV461,CTV948,22/11:17,22/11:21,22/14:26,22/14:39,3:05:00,AAP,BTH,007,10,1,1,NML,4,2025
2994.,B738MAX,PKOFI,AFE,AFE920,AFE920,22/13:32,22/13:36,22/14:19,22/14:29,0:43:00,TIM,CGK,006,10,1,1,NML,4,2025
2995.,B738,PKGUD,GIA,GIA312,GIA317,22/13:34,22/13:39,22/14:34,22/14:50,0:55:12,CGK,CGK,005,10,1,1,NML,4,2025
2996.,A320,9VJSI,JSA,JSA247,JSA248,22/13:52,22/13:57,22/14:48,22/14:58,0:51:00,SIN,SIN,A07,10,1,1,NML,4,2025
2997.,B739,PKLHM,LNI,LNI261,LNI260,22/11:38,22/11:41,22/14:39,22/14:48,2:58:38,BPN,BPN,020,10,0,0,NML,4,2025
2998.,A320,PKGLP,CTV,CTV431,CTV434,22/13:41,22/13:45,22/14:52,22/15:03,1:07:00,BPN,BPN,008,10,1,1,NML,4,2025
2999.,B738,PKGMM,GIA,GIA330,GIA331,22/14:46,22/14:48,22/15:37,22/15:48,0:49:24,HLP,HLP,004,10,1,1,NML,4,2025
3000.,B739,PKLSV,LNI,LNI919,LNI920,22/14:35,22/14:38,22/15:26,22/15:37,0:48:45,DPS,DPS,015,10,1,1,NML,4,2025
3001.,A320,PKLUH,BTK,BTK7501,BTK7512,22/16:04,22/16:08,22/17:08,22/17:22,0:59:30,HLP,HLP,023,10,0,0,NML,4,2025
3002.,B738,PKLOP,LNI,LNI749,LNI581,22/15:28,22/15:31,22/16:31,22/16:48,1:00:37,MDC,CGK,012,10,1,1,NML,4,2025
3003.,B738,PKLKP,LNI,LNI869,LNI836,22/15:16,22/15:19,22/16:10,22/16:25,0:51:00,TTE,PNK,014,10,1,1,NML,4,2025
3004.,B738,PKLQZ,LNI,LNI879,LNI642,22/15:06,22/15:09,22/16:24,22/16:34,1:15:00,AMQ,LOP,016,10,1,1,NML,4,2025
3005.,A320,PKLAF,BTK,BTK6406,BTK6220,22/15:24,22/15:26,22/16:05,22/16:17,0:39:15,CGK,BPN,008,10,1,1,NML,4,2025
3006.,A320,PKLAI,BTK,BTK7515,BTK6401,22/16:43,22/16:47,22/17:41,22/17:54,0:54:00,HLP,CGK,008,10,1,1,NML,4,2025
3007.,A320,PKLAT,BTK,BTK6347,BTK7514,22/15:13,22/15:16,22/17:38,22/17:47,2:22:00,BEJ,HLP,009,10,1,1,NML,4,2025
3008.,B739,PKLHQ,LNI,LNI681,LNI316,22/16:14,22/16:17,22/17:18,22/17:30,1:01:00,PKY,BDJ,014,10,1,1,NML,4,2025
3009.,B738,PKGUA,GIA,GIA310,GIA315,22/15:30,22/15:33,22/16:30,22/16:45,0:57:00,CGK,CGK,005,10,1,1,NML,4,2025
3010.,B738MAX,9VMBI,SIA,SIA926,SIA927,22/16:01,22/16:08,22/16:54,22/17:07,0:46:00,SIN,SIN,A07,10,1,1,NML,4,2025
3011.,A320,PKPWA,PAS,PAS206,PAS623,22/15:49,22/15:53,22/16:40,22/16:51,0:47:25,CGK,BPN,006,10,1,1,NML,4,2025
3012.,B739,PKLFF,LNI,LNI695,LNI268,22/15:58,22/16:01,22/16:48,22/16:59,0:47:00,KOE,TRK,015,10,1,1,NML,4,2025
3013.,A320,PKGQJ,CTV,CTV174,CTV418,22/15:53,22/15:55,22/16:43,22/16:55,0:48:00,HLP,PNK,007,10,1,1,NML,4,2025
3014.,B739,PKLHH,LNI,LNI692,LNI692,22/16:07,22/16:11,22/17:03,22/17:18,0:51:40,CGK,KOE,022,10,0,0,NML,4,2025
3015.,A320,PKGLR,CTV,CTV669,CTV488,22/16:10,22/16:15,22/17:01,22/17:15,0:46:00,DPS,BDJ,004,10,1,1,NML,4,2025
3016.,B739,PKLGS,LNI,LNI972,LNI226,22/16:28,22/16:32,22/17:24,22/17:34,0:52:00,BTH,BDJ,016,10,1,1,NML,4,2025
3017.,A320,PKBLC,BTK,BTK6578,BTK7579,22/17:10,22/17:14,22/17:56,22/18:07,0:42:00,CGK,CGK,015,10,1,1,NML,4,2025
3018.,LJ60,VHAND,SEL,MEDIC78,MEDIC78,22/15:45,22/15:47,22/16:15,22/16:24,0:27:00,XSP,XSP,C01,10,0,0,NML,4,2025
3019.,B738,PKLSF,LNI,LNI709,LNI838,22/15:20,22/15:24,22/17:31,22/17:39,2:06:29,UPG,PNK,020,10,0,0,NML,4,2025
3020.,A320,PKAZG,AWQ,AWQ323,AWQ326,22/16:53,22/16:57,22/17:33,22/17:41,0:36:00,KUL,KUL,A03,10,1,1,NML,4,2025
3021.,A320,PKSGB,SJV,SJV723,SJV708,22/18:25,22/18:31,22/19:09,22/19:21,0:38:00,DPS,DPS,015,28,1,1,NML,4,2025
3022.,A320,PKPWM,PAS,PAS622,PAS207,22/17:13,22/17:17,22/18:13,22/18:20,0:56:00,BPN,CGK,006,10,1,1,NML,4,2025
3023.,B738,PKLGO,LNI,LNI983,LNI800,22/16:32,22/16:34,22/18:34,22/18:40,2:00:00,PKU,UPG,012,10,1,1,NML,4,2025
3024.,B738,PKGNM,GIA,GIA349,GIA313,22/17:20,22/17:23,22/18:19,22/18:28,0:56:12,DPS,CGK,004,10,1,1,NML,4,2025
3025.,A320,PKSTI,SJV,SJV637,SJV716,22/15:34,22/15:37,22/19:02,22/19:10,3:24:33,BDJ,LOP,021,28,0,0,NML,4,2025
3026.,B739,PKLHP,LNI,LNI687,LNI3318,22/17:16,22/17:19,22/18:26,22/18:35,1:07:22,PKY,BDJ,023,10,0,0,NML,4,2025
3027.,A320,PKBKU,BTK,BTK7503,BTK7502,22/20:00,22/20:07,22/20:58,22/21:09,0:51:00,HLP,HLP,011,10,1,1,NML,4,2025
3028.,B738,PKCRH,SJY,SJY567,SJY562,22/18:03,22/18:07,22/18:46,22/18:58,0:39:57,UPG,UPG,014,28,1,1,NML,4,2025
"3029.,A339,PKLES,LNI,LNI101,LNI3583,21/16:56,21/23:03,22/18:45,22/19:02,""1 day, 1:46:00"",JED,CGK,011,28,1,1,NML,4,2025"
3030.,B738,PKGFH,GIA,GIA320,GIA325,22/17:23,22/17:26,22/18:50,22/19:02,1:24:00,CGK,CGK,005,10,1,1,NML,4,2025
3031.,B738MAX,9VMBP,SIA,SIA928,SIA929,22/18:17,22/18:23,22/19:08,22/19:20,0:45:00,SIN,SIN,A02,28,1,1,NML,4,2025
3032.,A320,PKGQI,CTV,CTV949,CTV494,22/18:52,22/18:58,22/19:31,22/19:40,0:33:46,BTH,BDJ,007,28,1,1,NML,4,2025
"3033.,A339,PKLEQ,LNI,LNI079,LNI3581,21/12:24,22/00:10,22/19:50,22/20:13,""1 day, 7:19:00"",JED,CGK,017,10,1,1,NML,4,2025"
3034.,A320,PKGQS,CTV,CTV736,CTV352,22/18:56,22/19:03,22/19:39,22/19:47,0:36:00,CGK,UPG,008,28,1,1,NML,4,2025
3035.,B788,9VOFB,TGW,TGW266,TGW267,22/19:06,22/19:11,22/20:11,22/20:20,1:00:00,SIN,SIN,A07,10,1,1,NML,4,2025
3036.,A320,PKGLP,CTV,CTV435,CTV737,22/18:31,22/18:35,22/19:38,22/19:53,1:03:00,BPN,CGK,006,28,1,1,NML,4,2025
3037.,A320,PKGQC,CTV,CTV489,CTV693,22/19:23,22/19:31,22/20:00,22/20:18,0:29:00,BDJ,DPS,005,28,1,1,NML,4,2025
3038.,B738,PKGFM,GIA,GIA326,GIA319,22/19:13,22/19:22,22/20:14,22/20:29,0:52:00,CGK,CGK,004,10,1,1,NML,4,2025
3039.,A320,PKSJK,SJV,SJV641,SJV616,22/13:29,22/13:33,22/20:55,22/21:04,7:21:19,AAP,BPN,025,10,0,0,NML,4,2025
3040.,A320,PKGLT,CTV,CTV724,CTV354,22/19:25,22/19:36,22/20:18,22/20:32,0:42:00,CGK,UPG,009,10,1,1,NML,4,2025
3041.,B738,PKLDJ,BTK,BTK6586,BTK6587,22/20:11,22/20:15,22/21:11,22/21:19,0:56:00,CGK,CGK,008,10,1,1,NML,4,2025
3042.,A320,PKLUF,BTK,BTK6137,BTK6136,22/19:42,22/19:48,22/21:47,22/21:57,1:59:00,UPG,UPG,015,10,1,1,NML,4,2025
3043.,A320,PKSJV,SJV,SJV633,SJV610,22/14:25,22/14:29,23/05:12,23/05:20,14:42:43,BDJ,BPN,024,28,0,0,NML,4,2025
3044.,A320,PKAZJ,AWQ,AWQ325,AWQ320,22/19:19,22/19:23,23/05:01,23/05:13,9:38:00,KUL,KUL,A01,28,1,1,NML,4,2025
3045.,A320,PKLUY,BTK,BTK6413,BTK7508,22/23:16,22/23:21,23/04:58,23/05:00,5:37:00,DPS,HLP,012,28,1,1,NML,4,2025
3046.,B738,PKLKW,LNI,LNI727,LNI878,22/18:12,22/18:16,23/05:02,23/05:11,10:45:23,KDI,AMQ,022,28,0,0,NML,4,2025
3047.,B739,PKLSH,LNI,LNI885,LNI786,22/19:29,22/19:36,23/05:08,23/05:17,9:31:40,UPG,UPG,020,28,0,0,NML,4,2025
3048.,A320,PKGQE,CTV,CTV726,CTV430,22/21:37,22/21:41,23/05:05,23/05:19,7:24:00,CGK,BPN,005,28,1,1,NML,4,2025
3049.,B738,PKGMD,GIA,GIA855,GIA301,22/20:46,22/23:40,23/05:17,23/05:25,8:25:00,SIN,CGK,004,28,1,1,NML,4,2025
3050.,A320,PKLAT,BTK,BTK7521,BTK6132,22/21:30,22/21:33,23/05:07,23/05:15,7:34:00,HLP,LOP,011,28,1,1,NML,4,2025
3051.,A320,PKGQN,CTV,CTV495,CTV725,22/15:56,22/16:01,23/05:43,23/05:55,13:41:41,BDJ,CGK,003,28,0,0,NML,4,2025
3052.,B739,PKLFW,LNI,LNI690,LNI690,23/05:04,23/05:10,23/05:49,23/06:02,0:39:00,CGK,KOE,015,28,1,1,NML,4,2025
3053.,A320,PKGQM,CTV,CTV353,CTV670,23/05:09,23/05:16,23/05:49,23/05:57,0:33:00,UPG,LOP,007,28,1,1,NML,4,2025
3054.,B739,PKLGJ,LNI,LNI3319,LNI882,22/21:34,22/21:37,23/05:58,23/06:11,8:21:00,BDJ,UPG,018,28,0,0,NML,4,2025
3055.,A320,PKBLC,BTK,BTK6594,BTK6589,22/21:40,22/21:45,23/05:57,23/06:09,8:12:00,CGK,CGK,008,28,1,1,NML,4,2025
3056.,B738,PKLQZ,LNI,LNI865,LNI868,22/19:00,22/19:05,23/05:57,23/06:07,10:51:10,LOP,TTE,023,28,0,0,NML,4,2025
3057.,A320,PKLAF,BTK,BTK6221,BTK6412,22/19:32,22/19:38,23/06:19,23/06:28,10:41:00,BPN,DPS,014,28,1,1,NML,4,2025
3058.,A320,PKSAU,SJV,SJV613,SJV634,22/20:16,22/20:20,23/07:04,23/07:18,10:44:00,BPN,BDJ,021,28,0,0,NML,4,2025
3059.,A320,PKSAS,SJV,SJV643,SJV640,22/22:19,22/22:25,23/06:39,23/06:49,8:14:00,AAP,AAP,017,28,1,1,NML,4,2025
3060.,A320,PKSTI,SJV,SJV717,SJV566,23/05:52,23/05:58,23/07:03,23/07:16,1:05:00,LOP,PLW,012,28,1,1,NML,4,2025
3061.,A320,PKSAE,SJV,SJV619,SJV612,22/16:36,22/16:42,23/07:01,23/07:12,14:19:00,BPN,BPN,C03,28,0,0,NML,4,2025
3062.,B739,PKLGS,LNI,LNI311,LNI971,23/06:04,23/06:10,23/07:01,23/07:14,0:51:00,BDJ,BTH,015,28,1,1,NML,4,2025
3063.,A320,PKLUO,BTK,BTK6588,BTK6135,22/23:05,22/23:09,23/06:57,23/07:08,7:48:00,CGK,PKN,016,28,1,1,NML,4,2025
3064.,B738,PKGMW,GIA,GIA328,GIA305,22/19:50,22/19:59,23/07:05,23/07:20,11:06:00,CGK,CGK,006,28,1,1,NML,4,2025
3065.,B738,PKGMC,GIA,GIA324,GIA854,22/20:54,22/23:03,23/06:53,23/07:06,9:54:00,CGK,SIN,A02,28,1,1,NML,4,2025
3066.,A320,PKLAL,BTK,BTK6572,BTK6573,23/06:32,23/06:38,23/07:40,23/07:52,1:02:59,CGK,CGK,009,28,1,1,NML,4,2025
3067.,A320,PKLUH,BTK,BTK7511,BTK7510,23/06:47,23/06:53,23/08:15,23/08:24,1:22:00,HLP,HLP,008,28,1,1,NML,4,2025
3068.,A320,PKAZL,AWQ,AWQ327,AWQ392,22/23:26,22/23:31,23/07:24,23/07:36,7:53:00,KUL,JHB,A03,28,1,1,NML,4,2025
3069.,A320,PKGQC,CTV,CTV690,CTV460,23/06:43,23/06:49,23/07:36,23/07:47,0:47:00,DPS,AAP,005,28,1,1,NML,4,2025
3070.,B739,PKLSV,LNI,LNI929,LNI856,23/07:03,23/07:08,23/07:59,23/08:07,0:51:00,DPS,PLM,014,28,1,1,NML,4,2025
3071.,A320,PKGQU,CTV,CTV170,CTV175,23/07:10,23/07:17,23/07:59,23/08:10,0:42:48,HLP,HLP,007,28,1,1,NML,4,2025
3072.,A333,BHLT,CPA,CPA779,CPA780,22/17:58,22/18:06,23/08:20,23/08:39,14:14:00,HKG,HKG,A08,28,1,1,NML,4,2025
3073.,B739,PKLHH,LNI,LNI693,LNI990,23/07:44,23/07:49,23/08:53,23/09:04,1:04:00,KOE,DPS,011,28,1,1,NML,4,2025
3074.,B739,PKLHM,LNI,LNI363,LNI693,23/06:18,23/06:22,23/08:45,23/08:55,2:23:05,BPN,CGK,018,28,0,0,NML,4,2025
3075.,B738,PKLDO,MXD,MXD352,MXD353,22/19:40,22/19:40,23/08:40,23/08:52,13:00:00,KUL,KUL,A04,28,1,1,NML,4,2025
3076.,A320,PKGLT,CTV,CTV355,CTV171,23/07:33,23/07:40,23/08:37,23/08:44,0:57:11,UPG,HLP,006,28,1,1,NML,4,2025
3077.,B739,PKLHP,LNI,LNI315,LNI222,23/08:02,23/08:08,23/08:49,23/09:00,0:41:54,BDJ,BDJ,016,28,1,1,NML,4,2025
3078.,A320,PKLAT,BTK,BTK6133,BTK6391,23/07:55,23/08:01,23/08:48,23/08:57,0:47:00,LOP,CGK,009,28,1,1,NML,4,2025
3079.,A320,PKSJK,SJV,SJV649,SJV618,23/07:27,23/07:33,23/08:50,23/09:01,1:17:57,BPN,BPN,012,28,1,1,NML,4,2025
3080.,B738,PKLSF,LNI,LNI837,LNI748,23/07:50,23/07:56,23/09:02,23/09:09,1:06:00,PNK,MDC,015,28,1,1,NML,4,2025
3081.,B739,PKLFO,LNI,LNI683,LNI682,23/07:58,23/08:04,23/09:04,23/09:14,1:00:25,PKY,PKY,017,28,1,1,NML,4,2025
3082.,B738,PKGNM,GIA,GIA304,GIA342,23/08:34,23/08:44,23/09:31,23/09:54,0:47:00,CGK,DPS,004,28,1,1,NML,4,2025
3083.,A320,PKPWK,PAS,PAS200,PAS201,23/08:12,23/08:18,23/09:24,23/09:37,1:06:47,CGK,CGK,005,28,1,1,NML,4,2025
3084.,A320,PKGQM,CTV,CTV671,CTV486,23/08:26,23/08:34,23/09:26,23/09:39,0:52:00,LOP,BDJ,007,28,1,1,NML,4,2025
3085.,A320,PKSGB,SJV,SJV703,SJV706,23/08:32,23/08:42,23/09:32,23/09:56,0:50:00,DPS,DPS,008,28,1,1,NML,4,2025
3086.,B733F,PKMYV,MYU,MYU935,MYU815,23/09:19,23/09:23,23/10:05,23/10:15,0:42:00,SRG,CGK,C02,10,0,0,NML,4,2025
3087.,B738,9MMXL,MAS,MAS871,MAS870,23/09:25,23/09:28,23/10:25,23/10:32,0:57:00,KUL,KUL,A08,10,1,1,NML,4,2025
3088.,A320,PKGLS,CTV,CTV417,CTV715,23/09:07,23/09:12,23/09:58,23/10:12,0:46:53,PNK,CGK,009,10,1,1,NML,4,2025
3089.,B735,PKNAT,LKN,LKN243,LKN242,23/09:15,23/09:21,23/09:58,23/10:13,0:37:35,SMQ,SMQ,011,10,1,1,NML,4,2025
3090.,A359,9VSHS,SIA,SIA922,SIA923,23/09:21,23/09:25,23/10:22,23/10:34,0:57:00,SIN,SIN,A07,10,1,1,NML,4,2025
3091.,A320,PKSTC,SJV,SJV635,SJV632,23/10:20,23/10:23,23/11:06,23/11:14,0:43:00,BDJ,BDJ,011,10,1,1,NML,4,2025
3092.,A320,PKGTE,CTV,CTV351,CTV350,23/09:12,23/09:17,23/10:13,23/10:25,0:56:00,UPG,UPG,006,10,1,1,NML,4,2025
3093.,A320,PKLUQ,BTK,BTK6584,BTK6585,23/10:30,23/10:33,23/12:40,23/12:51,2:07:00,CGK,CGK,009,10,1,1,NML,4,2025
3094.,A320,9VTRK,TGW,TGW296,TGW297,23/09:54,23/10:00,23/10:56,23/11:07,0:56:59,SIN,SIN,A02,10,1,1,NML,4,2025
3095.,B739,PKLFF,LNI,LNI267,LNI262,23/07:00,23/07:05,23/11:25,23/11:39,4:19:12,TRK,BPN,020,10,0,0,NML,4,2025
3096.,A320,PKPWJ,PAS,PAS210,PAS211,23/09:49,23/09:51,23/10:38,23/10:51,0:47:03,CGK,CGK,005,10,1,1,NML,4,2025
3097.,B739,PKLHJ,LNI,LNI970,LNI973,23/09:43,23/09:46,23/10:42,23/10:49,0:56:20,BTH,BTH,014,10,1,1,NML,4,2025
3098.,A320,PKLUO,BTK,BTK6134,BTK6346,23/09:46,23/09:49,23/10:52,23/11:02,1:03:00,PKN,BEJ,012,10,1,1,NML,4,2025
3099.,A320,PKBKU,BTK,BTK7513,BTK7516,23/11:42,23/11:46,23/13:19,23/13:28,1:33:00,HLP,HLP,008,10,1,1,NML,4,2025
3100.,A333,PKLEH,LNI,LNI105,LNI078,22/11:34,22/11:42,23/10:45,23/10:56,23:03:00,JED,JED,A06,10,1,1,NML,4,2025
3101.,B739,PKLSO,LNI,LNI694,LNI694,23/10:26,23/10:29,23/11:14,23/11:24,0:45:00,CGK,KOE,015,10,1,1,NML,4,2025
3102.,B739,PKLFW,LNI,LNI697,LNI697,23/10:34,23/10:39,23/12:34,23/12:42,1:55:00,KOE,CGK,016,10,1,1,NML,4,2025
3103.,A320,PKAZJ,AWQ,AWQ321,AWQ322,23/10:55,23/11:00,23/11:35,23/11:44,0:35:00,KUL,KUL,A03,10,1,1,NML,4,2025
3104.,A320,PKSAS,SJV,SJV641,SJV642,23/10:23,23/10:26,23/11:30,23/11:47,1:03:14,AAP,AAP,018,10,0,0,NML,4,2025
3105.,B738,PKGFS,GIA,GIA322,GIA327,23/10:07,23/10:12,23/12:55,23/13:05,2:43:00,CGK,CGK,004,10,1,1,NML,4,2025
3106.,A320,PKLUH,BTK,BTK7517,BTK7520,23/12:36,23/12:41,23/13:55,23/14:08,1:14:00,HLP,HLP,023,10,0,0,NML,4,2025
3107.,B738,PKLZZ,MXD,MXD350,MXD351,23/10:47,23/10:53,23/11:40,23/11:51,0:47:00,KUL,KUL,A04,10,1,1,NML,4,2025
3108.,C208B,VHZKA,EAA,VHZKA,VHZKA,23/12:30,23/12:34,23/13:15,23/13:29,0:41:00,BME,XSP,030,10,0,0,NML,4,2025
3109.,A320,PKGQC,CTV,CTV461,CTV698,23/11:27,23/11:32,23/12:06,23/12:26,0:34:00,AAP,DPS,005,10,1,1,NML,4,2025
3110.,B739,PKLGJ,LNI,LNI791,LNI680,23/09:35,23/09:39,23/12:21,23/12:34,2:41:13,UPG,PKY,021,10,0,0,NML,4,2025
3111.,A320,PKSTI,SJV,SJV567,SJV636,23/11:32,23/11:35,23/12:33,23/12:51,0:58:00,PLW,BDJ,011,10,1,1,NML,4,2025
3112.,B739,PKLHR,LNI,LNI801,LNI780,23/12:48,23/12:52,23/13:41,23/13:56,0:49:00,UPG,UPG,015,10,1,1,NML,4,2025
3113.,A320,PKSGB,SJV,SJV705,SJV704,23/12:27,23/12:33,23/13:33,23/13:46,1:00:00,DPS,DPS,018,10,0,0,NML,4,2025
3114.,B739,PKLSV,LNI,LNI857,LNI822,23/12:16,23/12:20,23/13:22,23/13:32,1:02:00,PLM,LOP,012,10,1,1,NML,4,2025
3115.,A320,PKLUV,BTK,BTK6582,BTK6581,23/15:17,23/15:18,23/16:14,23/16:25,0:56:00,CGK,CGK,011,10,1,1,NML,4,2025
3116.,A320,PKBLD,BTK,BTK6596,BTK6595,23/15:31,23/15:32,23/16:37,23/16:47,1:05:00,CGK,CGK,009,10,1,1,NML,4,2025
3117.,A320,PKAZL,AWQ,AWQ393,AWQ324,23/12:21,23/12:26,23/13:23,23/13:34,0:57:00,JHB,KUL,A03,10,1,1,NML,4,2025
3118.,B738,PKGUD,GIA,GIA290,GIA291,23/12:43,23/12:47,23/13:37,23/13:52,0:50:00,CGK,CGK,005,10,1,1,NML,4,2025
3119.,A320,PKGQM,CTV,CTV487,CTV668,23/12:11,23/12:15,23/13:22,23/13:37,1:07:00,BDJ,DPS,006,10,1,1,NML,4,2025
3120.,B739,PKLHP,LNI,LNI223,LNI686,23/12:00,23/12:05,23/13:55,23/14:06,1:50:00,BDJ,PKY,020,10,0,0,NML,4,2025
3121.,B738,PKLQZ,LNI,LNI869,LNI836,23/12:19,23/12:23,23/14:35,23/14:50,2:12:33,TTE,PNK,014,10,1,1,NML,4,2025
3122.,A320,PKSTC,SJV,SJV633,SJV726,23/13:54,23/14:02,23/14:43,23/15:00,0:41:00,BDJ,LBJ,009,10,1,1,NML,4,2025
3123.,A320,PKGQE,CTV,CTV431,CTV948,23/13:38,23/13:42,23/14:27,23/14:38,0:45:00,BPN,BTH,008,10,1,1,NML,4,2025
3124.,B738,PKGFX,GIA,GIA312,GIA317,23/14:39,23/14:45,23/15:38,23/15:55,0:53:00,CGK,CGK,005,10,1,1,NML,4,2025
3125.,A320,9VJSV,JSA,JSA247,JSA248,23/13:44,23/13:50,23/14:42,23/14:54,0:52:00,SIN,SIN,A07,10,1,1,NML,4,2025
3126.,A320,PKPWE,PAS,PAS208,PAS209,23/13:49,23/13:53,23/14:57,23/15:08,1:04:00,CGK,CGK,007,10,1,1,NML,4,2025
3127.,B738,PKGNH,GIA,GIA330,GIA331,23/14:26,23/14:31,23/15:17,23/15:34,0:46:00,HLP,HLP,004,10,1,1,NML,4,2025
3128.,B738,PKLKQ,LNI,LNI707,LNI800,23/14:11,23/14:14,23/16:38,23/16:49,2:24:00,UPG,UPG,015,10,1,1,NML,4,2025
3129.,A320,PKGQC,CTV,CTV699,CTV434,23/15:01,23/15:05,23/15:39,23/15:57,0:34:00,DPS,BPN,006,10,1,1,NML,4,2025
3130.,A320,PKSTA,SJV,SJV611,SJV614,23/10:42,23/10:45,23/15:26,23/15:39,4:40:14,BPN,BPN,022,10,0,0,NML,4,2025
3131.,B739,PKLFY,LNI,LNI919,LNI642,23/15:22,23/15:22,23/16:20,23/16:32,0:58:00,DPS,LOP,016,10,1,1,NML,4,2025
3132.,B738,PKLSF,LNI,LNI749,LNI722,23/14:57,23/15:01,23/16:31,23/16:39,1:30:00,MDC,KDI,012,10,1,1,NML,4,2025
3133.,A320,PKBKR,BTK,BTK7501,BTK7512,23/17:00,23/17:05,23/18:10,23/18:22,1:05:00,HLP,HLP,015,10,1,1,NML,4,2025
3134.,B738,9MMXC,MAS,MAS873,MAS872,23/15:04,23/15:11,23/16:01,23/16:17,0:50:00,KUL,KUL,A06,10,1,1,NML,4,2025
3135.,A320,PKLUO,BTK,BTK6347,BTK6401,23/15:12,23/15:15,23/16:30,23/16:38,1:15:00,BEJ,CGK,008,10,1,1,NML,4,2025
3136.,A320,PKLUH,BTK,BTK7515,BTK7514,23/18:27,23/18:31,23/19:30,23/19:41,0:59:00,HLP,HLP,012,10,1,1,NML,4,2025
3137.,B739,PKLGJ,LNI,LNI681,LNI316,23/15:46,23/15:47,23/17:38,23/17:54,1:51:00,PKY,BDJ,017,10,1,1,NML,4,2025
3138.,B739,PKLGS,LNI,LNI972,LNI260,23/17:04,23/17:10,23/18:04,23/18:18,0:54:00,BTH,BPN,012,10,1,1,NML,4,2025
3139.,B738MAX,9VMBJ,SIA,SIA926,SIA927,23/16:14,23/16:21,23/17:09,23/17:24,0:48:00,SIN,SIN,A08,10,1,1,NML,4,2025
3140.,B738,PKGUI,GIA,GIA310,GIA315,23/16:33,23/16:38,23/17:45,23/18:00,1:07:00,CGK,CGK,004,10,1,1,NML,4,2025
3141.,B739,PKLFF,LNI,LNI261,LNI268,23/15:09,23/15:12,23/17:46,23/18:01,2:34:00,BPN,TRK,014,10,1,1,NML,4,2025
3142.,A320,PKPWH,PAS,PAS206,PAS623,23/15:37,23/15:38,23/16:41,23/16:53,1:03:00,CGK,BPN,007,10,1,1,NML,4,2025
3143.,B739,PKLSO,LNI,LNI695,LNI920,23/16:45,23/16:49,23/17:50,23/18:08,1:01:00,KOE,DPS,016,10,1,1,NML,4,2025
3144.,B739,PKLGL,LNI,LNI692,LNI692,23/17:58,23/18:01,23/18:43,23/18:55,0:42:00,CGK,KOE,014,10,1,1,NML,4,2025
3145.,A320,PKGTK,CTV,CTV669,CTV418,23/16:03,23/16:06,23/16:47,23/17:02,0:41:00,DPS,PNK,006,10,1,1,NML,4,2025
3146.,B739,PKLFY,LNI,LNI865,LNI226,23/19:18,23/19:21,23/20:24,23/20:36,1:03:00,LOP,BDJ,011,10,1,1,NML,4,2025
3147.,A320,PKBKL,BTK,BTK6578,BTK7579,23/18:04,23/18:07,23/18:59,23/19:12,0:52:00,CGK,CGK,011,10,1,1,NML,4,2025
3148.,B738,PKLKW,LNI,LNI879,LNI838,23/14:52,23/14:56,23/19:46,23/19:55,4:50:00,AMQ,PNK,018,10,0,0,NML,4,2025
3149.,A320,PKAZJ,AWQ,AWQ323,AWQ326,23/17:12,23/17:17,23/17:59,23/18:10,0:42:00,KUL,KUL,A01,10,1,1,NML,4,2025
3150.,A320,PKGQU,CTV,CTV174,CTV488,23/17:08,23/17:12,23/17:50,23/18:06,0:38:13,HLP,BDJ,007,10,1,1,NML,4,2025
3151.,B738,PKLKP,LNI,LNI839,LNI3318,23/13:35,23/13:40,23/18:20,23/18:29,4:40:00,PNK,BDJ,021,10,0,0,NML,4,2025
3152.,A320,PKSGB,SJV,SJV723,SJV708,23/17:30,23/17:33,23/18:55,23/19:07,1:22:00,DPS,DPS,009,10,1,1,NML,4,2025
3153.,A320,PKPWM,PAS,PAS622,PAS207,23/17:46,23/17:50,23/18:31,23/18:44,0:41:00,BPN,CGK,006,10,1,1,NML,4,2025
3154.,A320,PKSAS,SJV,SJV643,SJV716,23/15:26,23/15:27,23/19:45,23/20:00,4:18:00,AAP,LOP,020,10,0,0,NML,4,2025
3155.,A320,PKLZH,BTK,BTK7503,BTK7502,23/18:34,23/18:38,23/19:32,23/19:43,0:54:00,HLP,HLP,015,10,1,1,NML,4,2025
3156.,B738,PKCRH,SJY,SJY567,SJY562,23/18:50,23/18:58,23/19:37,23/19:49,0:39:00,UPG,UPG,014,10,1,1,NML,4,2025
3157.,B738,PKGNE,GIA,GIA320,GIA325,23/17:37,23/17:40,23/19:09,23/19:28,1:29:00,CGK,CGK,005,10,1,1,NML,4,2025
3158.,B738MAX,9VMBK,SIA,SIA928,SIA929,23/18:15,23/18:21,23/19:06,23/19:20,0:45:00,SIN,SIN,A07,10,1,1,NML,4,2025
3159.,B739,PKLSV,LNI,LNI823,LNI6015,23/16:08,23/16:12,23/19:12,23/19:22,2:59:29,LOP,MDC,024,10,0,0,NML,4,2025
3160.,A320,PKGQN,CTV,CTV949,CTV494,23/18:45,23/18:50,23/19:26,23/19:39,0:36:00,BTH,BDJ,007,10,1,1,NML,4,2025
3161.,A320,PKGQS,CTV,CTV736,CTV352,23/18:30,23/18:34,23/19:20,23/19:33,0:46:00,CGK,UPG,008,10,1,1,NML,4,2025
3162.,B738,PKGNM,GIA,GIA349,GIA313,23/19:14,23/19:17,23/20:01,23/20:13,0:44:00,DPS,CGK,004,10,1,1,NML,4,2025
3163.,A320,PKLAY,BTK,BTK6137,BTK7518,23/19:36,23/19:40,23/20:43,23/20:56,1:03:00,UPG,HLP,021,10,0,0,NML,4,2025
3164.,B739,PKLFK,LNI,LNI885,LNI880,23/20:28,23/20:31,23/21:19,23/21:30,0:48:00,UPG,UPG,014,10,1,1,NML,4,2025
3165.,A320,PKGQI,CTV,CTV489,CTV693,23/19:25,23/19:31,23/19:58,23/20:10,0:27:00,BDJ,DPS,008,10,1,1,NML,4,2025
3166.,A320,PKGQC,CTV,CTV435,CTV737,23/19:10,23/19:13,23/20:38,23/20:51,1:25:00,BPN,CGK,006,10,1,1,NML,4,2025
3167.,A320,PKSTA,SJV,SJV617,SJV616,23/19:00,23/19:05,23/20:04,23/20:15,0:59:00,BPN,BPN,009,10,1,1,NML,4,2025
3168.,B738,PKGFX,GIA,GIA326,GIA319,23/19:39,23/19:44,23/20:33,23/20:48,0:49:00,CGK,CGK,005,10,1,1,NML,4,2025
3169.,A320,PKGQL,CTV,CTV724,CTV354,23/19:30,23/19:35,23/20:09,23/20:22,0:34:00,CGK,UPG,007,10,1,1,NML,4,2025
3170.,B738,PKLBW,BTK,BTK6586,BTK6587,23/19:47,23/19:50,23/20:41,23/20:54,0:51:00,CGK,CGK,012,10,1,1,NML,4,2025
3171.,A320,PKBKR,BTK,BTK7519,BTK6136,23/22:57,23/23:00,24/00:18,24/00:29,1:18:00,HLP,UPG,011,10,1,1,NML,4,2025
3172.,A320,PKLUI,BTK,BTK6594,BTK7508,23/23:50,23/23:54,24/05:03,24/05:17,5:09:00,CGK,HLP,012,28,1,1,NML,4,2025
3173.,A320,PKSTI,SJV,SJV637,SJV610,23/15:42,23/15:43,24/04:58,24/05:10,13:15:00,BDJ,BPN,023,28,0,0,NML,4,2025
3174.,B738,PKLSF,LNI,LNI727,LNI878,23/20:40,23/20:45,24/05:04,24/05:19,8:19:00,KDI,AMQ,020,28,0,0,NML,4,2025
3175.,A320,PKAZL,AWQ,AWQ325,AWQ320,23/19:05,23/19:11,24/05:01,24/05:12,9:50:00,KUL,KUL,A01,28,1,1,NML,4,2025
3176.,A320,PKLUH,BTK,BTK7521,BTK6589,23/23:19,23/23:22,24/05:58,24/06:05,6:36:00,HLP,CGK,015,28,1,1,NML,4,2025
3177.,B738,PKLOP,LNI,LNI709,LNI786,23/18:20,23/18:23,24/05:04,24/05:14,10:41:00,UPG,UPG,025,28,0,0,NML,4,2025
3178.,B738,PKGUA,GIA,GIA324,GIA301,23/21:48,23/21:51,24/05:05,24/05:21,7:14:00,CGK,CGK,005,28,1,1,NML,4,2025
3179.,A320,PKGQO,CTV,CTV726,CTV430,23/21:01,23/21:04,24/05:09,24/05:23,8:05:00,CGK,BPN,006,28,1,1,NML,4,2025
3180.,A320,PKLAL,BTK,BTK6406,BTK6132,23/16:29,23/16:35,24/05:19,24/05:31,12:44:00,CGK,LOP,C03,28,0,0,NML,4,2025
3181.,A320,PKSJK,SJV,SJV613,SJV706,23/20:25,23/20:28,24/05:41,24/05:52,9:13:00,BPN,DPS,018,28,0,0,NML,4,2025
3182.,B739,PKLHP,LNI,LNI687,LNI690,23/16:50,24/00:38,24/05:42,24/05:56,12:45:00,PKY,KOE,016,28,1,0,NML,4,2025
3183.,A320,PKGTD,CTV,CTV495,CTV725,23/16:11,23/16:13,24/05:41,24/05:54,13:27:01,BDJ,CGK,003,28,0,0,NML,4,2025
3184.,A320,V8RBE,RBA,RBA795,RBA796,23/19:51,23/19:57,24/05:49,24/06:08,9:52:00,BWN,BWN,A06,28,1,1,NML,4,2025
3185.,A320,PKGLY,CTV,CTV353,CTV484,24/05:00,24/05:08,24/05:47,24/05:58,0:39:00,UPG,BDJ,008,28,1,1,NML,4,2025
3186.,A320,PKSAE,SJV,SJV619,SJV640,23/15:53,23/15:53,24/06:00,24/06:11,14:07:00,BPN,AAP,022,28,0,0,NML,4,2025
3187.,B738,PKLKP,LNI,LNI3319,LNI868,23/21:04,23/21:09,24/05:53,24/06:03,8:44:00,BDJ,TTE,024,28,0,0,NML,4,2025
3188.,A320,PKPWA,PAS,PAS212,PAS213,23/20:31,23/20:37,24/06:11,24/06:21,9:34:00,CGK,CGK,007,28,1,1,NML,4,2025
3189.,A320,PKAZJ,AWQ,AWQ327,AWQ386,23/23:40,23/23:46,24/05:55,24/06:09,6:09:00,KUL,PEN,A07,28,1,1,NML,4,2025
3190.,A320,PKSGB,SJV,SJV727,SJV634,23/21:32,23/21:36,24/06:33,24/06:44,8:57:00,DPS,BDJ,021,28,0,0,NML,4,2025
3191.,B739,PKLGJ,LNI,LNI311,LNI882,24/06:07,24/06:13,24/07:08,24/07:19,0:55:00,BDJ,UPG,011,28,1,1,NML,4,2025
3192.,A320,PKSAS,SJV,SJV717,SJV566,24/05:50,24/05:56,24/06:53,24/07:03,0:57:00,LOP,PLW,009,28,1,1,NML,4,2025
3193.,A320,PKLUR,BTK,BTK6588,BTK6135,24/00:27,24/00:30,24/07:01,24/07:09,6:31:00,CGK,PKN,014,28,1,1,NML,4,2025
3194.,A320,PKSTC,SJV,SJV725,SJV612,23/18:41,23/18:46,24/07:03,24/07:15,12:17:00,LBJ,BPN,017,28,1,1,NML,4,2025
3195.,C208,PKVVM,SUS,PKVVM,PKVVM,23/11:20,23/11:25,24/07:00,24/07:06,19:35:00,BXW,BXW,C07,28,0,0,NML,4,2025
3196.,B738,PKGFG,GIA,GIA328,GIA305,23/19:58,23/20:04,24/06:57,24/07:07,10:53:00,CGK,CGK,004,28,1,1,NML,4,2025
3197.,B738,PKGMC,GIA,GIA855,GIA854,23/20:18,23/20:25,24/07:06,24/07:21,10:41:00,SIN,SIN,A02,28,1,1,NML,4,2025
3198.,B739,PKLGS,LNI,LNI363,LNI971,24/06:19,24/06:24,24/07:14,24/07:23,0:50:00,BPN,BTH,016,28,1,1,NML,4,2025
3199.,B739,PKLGO,LNI,LNI6010,LNI266,24/05:28,24/05:34,24/07:16,24/07:25,1:42:00,UPG,BPN,012,28,1,1,NML,4,2025
3200.,A320,PKLAY,BTK,BTK7511,BTK7510,24/06:35,24/06:41,24/07:30,24/07:40,0:49:00,HLP,HLP,008,28,1,1,NML,4,2025
3201.,A320,PKGQI,CTV,CTV690,CTV460,24/07:01,24/07:06,24/07:46,24/07:55,0:40:00,DPS,AAP,005,28,1,1,NML,4,2025
3202.,B739,PKLGL,LNI,LNI693,LNI693,24/06:53,24/06:58,24/07:49,24/07:59,0:51:00,KOE,CGK,018,28,0,0,NML,4,2025
3203.,B739,PKLSO,LNI,LNI929,LNI982,24/06:50,24/06:56,24/07:47,24/07:57,0:51:00,DPS,PKU,015,28,1,1,NML,4,2025
3204.,A21N,B30F7,CSN,CSN8137,CSN8138,23/21:43,23/21:49,24/07:49,24/08:03,10:00:00,CAN,CAN,A03,28,1,1,NML,4,2025
3205.,A320,PKGLT,CTV,CTV170,CTV175,24/07:05,24/07:11,24/07:55,24/08:07,0:44:00,HLP,HLP,006,28,1,1,NML,4,2025
3206.,A333,BLBF,CPA,CPA779,CPA780,23/18:38,23/18:44,24/08:14,24/08:26,13:30:00,HKG,HKG,A08,10,1,1,NML,4,2025
3207.,B739,PKLFF,LNI,LNI267,LNI990,24/06:57,24/07:02,24/08:21,24/08:31,1:19:00,TRK,DPS,020,10,0,0,NML,4,2025
"3208.,DHC6,PKICP,PGT,PKICP,PKICP,22/11:11,22/11:13,24/07:36,24/07:39,""1 day, 20:23:00"",PAG,PAG,028,28,0,0,NML,4,2025"
3209.,A320,PKBKG,BTK,BTK6572,BTK6573,24/07:38,24/07:43,24/08:31,24/08:40,0:48:00,CGK,CGK,009,10,1,1,NML,4,2025
3210.,B738,PKLBK,MXD,MXD352,MXD353,23/19:22,23/19:27,24/08:41,24/08:49,13:14:00,KUL,KUL,A04,10,1,1,NML,4,2025
3211.,A320,PKGLS,CTV,CTV355,CTV171,24/07:34,24/07:40,24/08:41,24/08:53,1:01:00,UPG,HLP,007,10,1,1,NML,4,2025
3212.,B739,PKLFY,LNI,LNI315,LNI222,24/07:53,24/07:58,24/08:46,24/08:58,0:48:00,BDJ,BDJ,012,10,1,1,NML,4,2025
3213.,A320,PKLAL,BTK,BTK6133,BTK6391,24/08:05,24/08:11,24/09:02,24/09:14,0:51:00,LOP,CGK,008,10,1,1,NML,4,2025
3214.,A320,PKSJK,SJV,SJV703,SJV618,24/08:10,24/08:17,24/09:06,24/09:17,0:49:00,DPS,BPN,011,10,1,1,NML,4,2025
3215.,B738,PKLKW,LNI,LNI837,LNI748,24/07:48,24/07:55,24/08:51,24/09:04,0:56:00,PNK,MDC,014,10,1,1,NML,4,2025
3216.,C208,PKVVM,SUS,PKVVM,PKVVM,24/09:11,24/09:15,24/09:40,24/09:46,0:25:00,BXW,BXW,C07,10,0,0,NML,4,2025
3217.,B739,PKLGY,LNI,LNI683,LNI682,24/08:01,24/08:06,24/09:11,24/09:21,1:05:00,PKY,PKY,016,10,1,1,NML,4,2025
3218.,B738,PKGFS,GIA,GIA304,GIA342,24/08:21,24/08:24,24/09:20,24/09:37,0:56:00,CGK,DPS,004,10,1,1,NML,4,2025
3219.,A320,PKGLY,CTV,CTV485,CTV486,24/08:33,24/08:37,24/09:14,24/09:27,0:37:00,BDJ,BDJ,005,10,1,1,NML,4,2025
3220.,A320,PKSTI,SJV,SJV611,SJV642,24/08:42,24/08:49,24/09:32,24/09:44,0:43:00,BPN,AAP,009,10,1,1,NML,4,2025
3221.,B733F,PKMYV,MYU,MYU935,MYU815,24/08:56,24/09:01,24/09:43,24/09:54,0:42:00,SRG,CGK,C02,10,0,0,NML,4,2025
3222.,B738MAX,9MMVG,MAS,MAS871,MAS870,24/09:06,24/09:12,24/09:59,24/10:12,0:47:00,KUL,KUL,A07,10,1,1,NML,4,2025
3223.,A320,PKGQF,CTV,CTV417,CTV715,24/09:15,24/09:19,24/09:55,24/10:08,0:36:00,PNK,CGK,007,10,1,1,NML,4,2025
3224.,A359,9VSHP,SIA,SIA922,SIA923,24/08:59,24/09:05,24/10:07,24/10:20,1:02:00,SIN,SIN,A08,10,1,1,NML,4,2025
3225.,A320,PKLUH,BTK,BTK6584,BTK6585,24/10:02,24/10:06,24/11:07,24/11:25,1:01:00,CGK,CGK,009,10,1,1,NML,4,2025
3226.,A320,PKSTZ,SJV,SJV635,SJV632,24/09:38,24/09:42,24/10:22,24/10:39,0:40:00,BDJ,BDJ,011,10,1,1,NML,4,2025
3227.,A320,PKGQE,CTV,CTV351,CTV350,24/09:24,24/09:28,24/10:20,24/10:34,0:52:00,UPG,UPG,006,10,1,1,NML,4,2025
3228.,A20N,9VTNG,TGW,TGW296,TGW297,24/09:53,24/09:59,24/10:47,24/11:03,0:48:00,SIN,SIN,A02,10,1,1,NML,4,2025
3229.,A320,PKPWA,PAS,PAS210,PAS211,24/09:46,24/09:50,24/10:38,24/10:52,0:48:00,CGK,CGK,005,10,1,1,NML,4,2025
3230.,B739,PKLHJ,LNI,LNI970,LNI973,24/09:35,24/09:39,24/10:39,24/10:54,1:00:00,BTH,BTH,014,10,1,1,NML,4,2025
3231.,A320,PKLUR,BTK,BTK6134,BTK6346,24/09:43,24/09:46,24/10:42,24/10:57,0:56:00,PKN,BEJ,008,10,1,1,NML,4,2025
3232.,A320,PKLUW,BTK,BTK7513,BTK7516,24/10:16,24/10:19,24/11:00,24/11:11,0:41:00,HLP,HLP,007,10,1,1,NML,4,2025
3233.,A320,PKSJP,SJV,SJV649,SJV702,24/09:50,24/09:54,24/10:45,24/11:01,0:51:00,BPN,DPS,012,10,1,1,NML,4,2025
3234.,B739,PKLHP,LNI,LNI697,LNI822,24/10:30,24/10:33,24/11:18,24/11:36,0:45:00,KOE,LOP,015,10,1,1,NML,4,2025
3235.,B739,PKLFO,LNI,LNI694,LNI694,24/10:32,24/10:36,24/11:24,24/11:41,0:48:00,CGK,KOE,016,10,1,1,NML,4,2025
3236.,A320,PKAZL,AWQ,AWQ321,AWQ322,24/10:27,24/10:33,24/11:05,24/11:14,0:32:00,KUL,KUL,A01,10,1,1,NML,4,2025
3237.,B739,PKLGW,LNI,LNI791,LNI697,24/11:08,24/11:12,24/13:23,24/13:38,2:11:00,UPG,CGK,017,10,1,1,NML,4,2025
3238.,A320,PKLAY,BTK,BTK7517,BTK7520,24/10:54,24/10:58,24/11:45,24/11:56,0:47:00,HLP,HLP,008,10,1,1,NML,4,2025
3239.,B738,PKGMV,GIA,GIA322,GIA327,24/09:59,24/10:03,24/11:28,24/11:44,1:25:00,CGK,CGK,004,10,1,1,NML,4,2025
3240.,B738,PKLBS,MXD,MXD350,MXD351,24/10:24,24/10:30,24/11:29,24/11:43,0:59:00,KUL,KUL,A04,10,1,1,NML,4,2025
3241.,B739,PKLGO,LNI,LNI367,LNI262,24/10:49,24/10:52,24/11:50,24/11:56,0:58:00,BPN,BPN,012,10,1,1,NML,4,2025
3242.,A320,PKGQI,CTV,CTV461,CTV698,24/11:23,24/11:26,24/11:59,24/12:09,0:33:00,AAP,DPS,006,10,1,1,NML,4,2025
3243.,B739,PKLFF,LNI,LNI805,LNI804,24/10:59,24/11:05,24/11:58,24/12:08,0:53:00,DPS,DPS,014,10,1,1,NML,4,2025
3244.,A320,PKGTA,CTV,CTV722,CTV723,24/11:20,24/11:23,24/12:09,24/12:21,0:46:00,CGK,CGK,007,10,1,1,NML,4,2025
3245.,A320,PKBLD,BTK,BTK6582,BTK6581,24/12:01,24/12:05,24/13:23,24/13:37,1:18:00,CGK,CGK,016,10,1,1,NML,4,2025
3246.,A320,PKGLP,CTV,CTV9692,CTV9693,24/11:26,24/11:30,24/12:21,24/12:33,0:51:00,DPS,DPS,009,10,1,1,NML,4,2025
3247.,B739,PKLSO,LNI,LNI983,LNI680,24/13:53,24/13:57,24/14:55,24/15:07,0:58:00,PKU,PKY,016,10,1,1,NML,4,2025
3248.,A320,PKSAS,SJV,SJV567,SJV636,24/11:34,24/11:37,24/12:39,24/12:51,1:02:00,PLW,BDJ,011,10,1,1,NML,4,2025
3249.,B739,PKLFY,LNI,LNI223,LNI780,24/11:39,24/11:42,24/13:20,24/13:52,1:38:00,BDJ,UPG,015,10,1,1,NML,4,2025
3250.,A320,PKBKL,BTK,BTK6596,BTK6595,24/12:43,24/12:46,24/13:35,24/14:01,0:49:00,CGK,CGK,009,10,1,1,NML,4,2025
3251.,A320,PKPWC,PAS,PAS204,PAS205,24/12:06,24/12:09,24/13:24,24/13:49,1:15:00,CGK,CGK,005,10,1,1,NML,4,2025
3252.,A320,PKAZJ,AWQ,AWQ387,AWQ324,24/12:14,24/12:20,24/13:24,24/13:35,1:04:00,PEN,KUL,A01,10,1,1,NML,4,2025
3253.,B738,PKLKP,LNI,LNI869,LNI722,24/12:11,24/12:14,24/13:33,24/13:56,1:19:00,TTE,KDI,012,10,1,1,NML,4,2025
3254.,A320,PKGLY,CTV,CTV487,CTV668,24/11:57,24/12:01,24/13:23,24/13:46,1:22:00,BDJ,DPS,008,10,1,1,NML,4,2025
3255.,B739,PKLFF,LNI,LNI919,LNI686,24/14:30,24/14:34,24/15:34,24/15:42,1:00:00,DPS,PKY,020,10,0,0,NML,4,2025
3256.,B738,PKLQZ,LNI,LNI839,LNI836,24/12:55,24/12:59,24/14:05,24/14:15,1:06:00,PNK,PNK,014,10,1,1,NML,4,2025
3257.,A320,PKSJP,SJV,SJV705,SJV704,24/13:47,24/13:51,24/14:46,24/14:59,0:55:00,DPS,DPS,011,10,1,1,NML,4,2025
3258.,A320,PKGQO,CTV,CTV431,CTV948,24/13:50,24/13:53,24/14:43,24/14:56,0:49:54,BPN,BTH,006,10,1,1,NML,4,2025
3259.,B738,PKGUE,GIA,GIA312,GIA317,24/13:40,24/13:45,24/14:38,24/14:52,0:53:00,CGK,CGK,004,10,1,1,NML,4,2025
3260.,B739,PKLHP,LNI,LNI823,LNI260,24/14:09,24/14:12,24/15:45,24/15:51,1:33:00,LOP,BPN,015,10,1,1,NML,4,2025
3261.,A320,9VJSL,JSA,JSA247,JSA248,24/14:02,24/14:08,24/14:57,24/15:10,0:49:00,SIN,SIN,A07,10,1,1,NML,4,2025
3262.,A333,PKLEH,LNI,LNI079,LNI74,24/10:36,24/10:43,24/14:37,24/14:48,3:54:00,JED,JED,A06,10,1,1,NML,4,2025
3263.,A320,PKSTA,SJV,SJV363,SJV362,24/14:26,24/14:29,24/15:28,24/15:39,0:59:00,KNO,KNO,012,10,1,1,NML,4,2025
3264.,A320,PKBLA,BTK,BTK7515,BTK7514,24/13:59,24/14:03,24/14:58,24/15:13,0:55:00,HLP,HLP,008,10,1,1,NML,4,2025
3265.,B738,PKGNC,GIA,GIA330,GIA331,24/14:05,24/14:09,24/15:06,24/15:16,0:57:00,HLP,HLP,005,10,1,1,NML,4,2025
3266.,B739,PKLFK,LNI,LNI801,LNI642,24/14:46,24/14:50,24/15:49,24/16:00,0:59:00,UPG,LOP,017,10,1,1,NML,4,2025
3267.,A320,PKGQI,CTV,CTV699,CTV434,24/14:19,24/14:22,24/15:12,24/15:22,0:50:00,DPS,BPN,007,10,1,1,NML,4,2025
3268.,A320,PKSTI,SJV,SJV641,SJV614,24/13:44,24/13:48,24/15:30,24/15:40,1:42:00,AAP,BPN,018,10,0,0,NML,4,2025
3269.,A320,PKLAY,BTK,BTK7501,BTK7512,24/15:08,24/15:12,24/16:00,24/16:12,0:48:00,HLP,HLP,009,10,1,1,NML,4,2025
3270.,B738,PKLKW,LNI,LNI749,LNI581,24/14:42,24/14:46,24/15:52,24/16:04,1:06:00,MDC,CGK,021,10,0,0,NML,4,2025
3271.,B738,9MMXH,MAS,MAS873,MAS872,24/14:50,24/14:59,24/15:43,24/15:54,0:44:00,KUL,KUL,A08,10,1,1,NML,4,2025
3272.,A320,PKLUR,BTK,BTK6347,BTK6401,24/15:11,24/15:15,24/16:12,24/16:22,0:57:00,BEJ,CGK,011,10,1,1,NML,4,2025
3273.,B739,PKLGO,LNI,LNI261,LNI920,24/15:55,24/15:59,24/16:48,24/16:58,0:49:00,BPN,DPS,012,10,1,1,NML,4,2025
3274.,B738,PKLSF,LNI,LNI879,LNI838,24/15:05,24/15:08,24/16:29,24/16:39,1:21:00,AMQ,PNK,014,10,1,1,NML,4,2025
3275.,LJ60,VHAND,SEL,MEDIC78,MEDIC78,24/15:01,24/15:05,24/15:30,24/15:40,0:25:00,XSP,XSP,C01,10,0,0,NML,4,2025
3276.,B739,PKLSO,LNI,LNI681,LNI316,24/17:59,24/18:03,24/18:54,24/19:13,0:51:00,PKY,BDJ,016,10,1,1,NML,4,2025
3277.,A320,PKBKP,BTK,BTK6406,BTK6220,24/16:20,24/16:24,24/17:23,24/17:32,0:59:00,CGK,BPN,018,10,0,0,NML,4,2025
3278.,B738MAX,9VMBP,SIA,SIA926,SIA927,24/15:37,24/15:41,24/16:31,24/16:43,0:50:00,SIN,SIN,A07,10,1,1,NML,4,2025
3279.,A320,PKSAS,SJV,SJV637,SJV648,24/15:58,24/16:01,24/16:44,24/16:54,0:43:00,BDJ,BPN,020,10,0,0,NML,4,2025
3280.,A320,PKPWK,PAS,PAS206,PAS623,24/15:31,24/15:34,24/16:36,24/16:49,1:02:00,CGK,BPN,005,10,1,1,NML,4,2025
3281.,B739,PKLFO,LNI,LNI695,LNI268,24/16:10,24/16:14,24/17:14,24/17:28,1:00:00,KOE,TRK,016,10,1,1,NML,4,2025
3282.,A320,PKGLS,CTV,CTV174,CTV418,24/15:51,24/15:54,24/16:41,24/16:51,0:47:00,HLP,PNK,006,10,1,1,NML,4,2025
3283.,B739,PKLGW,LNI,LNI692,LNI692,24/17:22,24/17:25,24/18:08,24/18:19,0:43:00,CGK,KOE,008,10,1,1,NML,4,2025
3284.,B738,PKGUI,GIA,GIA310,GIA315,24/15:48,24/15:51,24/17:09,24/17:24,1:18:00,CGK,CGK,004,10,1,1,NML,4,2025
3285.,A320,PKGLP,CTV,CTV669,CTV488,24/16:02,24/16:07,24/16:55,24/17:07,0:48:00,DPS,BDJ,007,10,1,1,NML,4,2025
3286.,B738,PKLOP,LNI,LNI709,LNI800,24/16:12,24/16:17,24/17:10,24/17:20,0:53:00,UPG,UPG,017,10,1,1,NML,4,2025
3287.,B739,PKLGS,LNI,LNI972,LNI226,24/17:52,24/17:55,24/18:57,24/19:15,1:02:00,BTH,BDJ,014,10,1,1,NML,4,2025
3288.,A320,PKLAL,BTK,BTK6578,BTK7579,24/19:44,24/19:47,24/20:46,24/20:56,0:59:00,CGK,CGK,012,10,1,1,NML,4,2025
3289.,A320,PKAZL,AWQ,AWQ323,AWQ326,24/16:46,24/16:51,24/17:27,24/17:39,0:36:00,KUL,KUL,A03,10,1,1,NML,4,2025
3290.,B739,PKLFF,LNI,LNI687,LNI3318,24/18:15,24/18:18,24/19:11,24/19:24,0:53:00,PKY,BDJ,021,10,0,0,NML,4,2025
3291.,A320,PKSJP,SJV,SJV723,SJV708,24/17:25,24/17:28,24/18:18,24/18:27,0:50:00,DPS,DPS,012,10,1,1,NML,4,2025
3292.,A320,PKPWL,PAS,PAS622,PAS207,24/17:03,24/17:06,24/18:14,24/18:26,1:08:00,BPN,CGK,006,10,1,1,NML,4,2025
3293.,B738,PKGFS,GIA,GIA349,GIA313,24/17:30,24/17:32,24/18:29,24/18:45,0:57:00,DPS,CGK,004,10,1,1,NML,4,2025
3294.,A320,PKSTC,SJV,SJV619,SJV716,24/16:16,24/16:18,24/18:48,24/18:59,2:30:00,BPN,LOP,015,10,1,1,NML,4,2025
3295.,B738,PKCRH,SJY,SJY567,SJY562,24/17:37,24/17:40,24/18:46,24/18:55,1:06:00,UPG,UPG,011,10,1,1,NML,4,2025
3296.,A320,PKLUW,BTK,BTK7503,BTK7502,24/18:04,24/18:09,24/19:08,24/19:31,0:59:00,HLP,HLP,017,10,1,1,NML,4,2025
3297.,A320,PKGLT,CTV,CTV172,CTV173,24/18:07,24/18:12,24/19:06,24/19:19,0:54:00,HLP,HLP,007,10,1,1,NML,4,2025
3298.,B738,PKGNQ,GIA,GIA320,GIA325,24/17:16,24/17:20,24/19:13,24/19:39,1:53:00,CGK,CGK,005,10,1,1,NML,4,2025
3299.,B738MAX,9VMBC,SIA,SIA928,SIA929,24/18:12,24/18:18,24/19:17,24/19:42,0:59:00,SIN,SIN,A06,10,1,1,NML,4,2025
3300.,A320,PKGTD,CTV,CTV949,CTV494,24/19:16,24/19:19,24/19:56,24/20:11,0:37:00,BTH,BDJ,009,10,1,1,NML,4,2025
3301.,A320,PKGQF,CTV,CTV736,CTV352,24/18:44,24/18:48,24/19:30,24/19:46,0:42:00,CGK,UPG,008,10,1,1,NML,4,2025
3302.,A320,PKGQG,CTV,CTV489,CTV693,24/19:32,24/19:36,24/20:18,24/20:28,0:42:00,BDJ,DPS,007,10,1,1,NML,4,2025
3303.,A320,PKGQM,CTV,CTV495,CTV737,24/16:06,24/16:10,24/19:57,24/20:15,3:47:00,BDJ,CGK,003,10,0,0,NML,4,2025
3304.,B739,PKLGV,LNI,LNI787,LNI880,24/18:48,24/18:53,24/19:57,24/20:10,1:04:00,UPG,UPG,015,10,1,1,NML,4,2025
3305.,A320,PKLAY,BTK,BTK7519,BTK7518,24/19:28,24/19:31,24/20:09,24/20:19,0:38:00,HLP,HLP,011,10,1,1,NML,4,2025
3306.,A320,PKPWE,PAS,PAS202,PAS203,24/18:52,24/18:56,24/19:40,24/19:54,0:44:00,CGK,CGK,006,10,1,1,NML,4,2025
3307.,B738,PKGNM,GIA,GIA326,GIA319,24/19:22,24/19:26,24/20:14,24/20:25,0:48:00,CGK,CGK,004,10,1,1,NML,4,2025
3308.,A320,PKSTI,SJV,SJV617,SJV616,24/19:26,24/19:30,24/20:14,24/20:23,0:44:00,BPN,BPN,014,10,1,1,NML,4,2025
3309.,A320,PKGQS,CTV,CTV724,CTV354,24/19:37,24/19:41,24/20:23,24/20:36,0:42:00,CGK,UPG,008,10,1,1,NML,4,2025
3310.,B738,PKLDK,BTK,BTK6586,BTK6587,24/19:47,24/19:50,24/21:01,24/21:10,1:11:00,CGK,CGK,016,10,1,1,NML,4,2025
3311.,A320,PKLUQ,BTK,BTK6137,BTK6136,24/20:04,24/20:09,24/21:49,24/22:00,1:40:00,UPG,UPG,009,10,1,1,NML,4,2025
3312.,B738,PKLOJ,LNI,LNI883,LNI878,24/21:01,24/21:06,25/05:00,25/05:11,7:54:00,UPG,AMQ,016,28,1,1,NML,4,2025
3313.,A320,PKSTZ,SJV,SJV633,SJV610,24/13:57,24/14:00,25/04:59,25/05:12,14:59:00,BDJ,BPN,025,28,0,0,NML,4,2025
3314.,A320,PKAZJ,AWQ,AWQ325,AWQ320,24/19:35,24/19:40,25/05:01,25/05:15,9:21:00,KUL,KUL,A01,28,1,1,NML,4,2025
3315.,A320,PKGQP,CTV,CTV726,CTV430,24/20:21,24/20:26,25/05:01,25/05:09,8:35:00,CGK,BPN,007,28,1,1,NML,4,2025
"3316.,A320,PKBKT,BTK,BTK6412A,BTK7508,18/06:30,18/12:26,25/05:11,25/05:24,""6 days, 22:34:00"",SUB,HLP,026,28,0,1,NML,4,2025"
3317.,B739,PKLGU,LNI,LNI3319,LNI786,24/20:47,24/20:51,25/05:04,25/05:17,8:13:00,BDJ,UPG,014,28,1,1,NML,4,2025
3318.,B738,PKGMC,GIA,GIA855,GIA301,24/20:30,24/23:48,25/05:09,25/05:19,8:32:00,SIN,CGK,004,28,1,1,NML,4,2025
3319.,A320,PKLAZ,BTK,BTK6588,BTK5001,24/21:46,24/21:53,25/05:12,25/05:22,7:19:00,CGK,CGK,008,28,1,1,NML,4,2025
3320.,A320,PKGQI,CTV,CTV435,CTV725,24/19:20,24/19:23,25/05:44,25/05:56,10:21:00,BPN,CGK,018,28,0,0,NML,4,2025
3321.,B739,PKLHI,LNI,LNI690,LNI690,25/05:05,25/05:12,25/06:11,25/06:17,0:59:00,CGK,KOE,009,28,1,1,NML,4,2025
3322.,B738,PKLKP,LNI,LNI727,LNI868,24/17:55,24/17:58,25/06:04,25/06:13,12:06:00,KDI,TTE,022,28,0,0,NML,4,2025
3323.,A320,V8RBE,RBA,RBA795,RBA796,24/20:07,24/20:14,25/05:56,25/06:08,9:42:00,BWN,BWN,A06,28,1,1,NML,4,2025
3324.,A320,PKSJK,SJV,SJV615,SJV640,24/20:40,24/20:44,25/05:55,25/06:07,9:11:00,BPN,AAP,021,28,0,0,NML,4,2025
3325.,B739,PKLFK,LNI,LNI865,LNI882,24/18:24,25/03:39,25/06:00,25/06:10,11:32:00,LOP,UPG,020,28,0,0,NML,4,2025
3326.,A320,PKGQU,CTV,CTV353,CTV670,25/05:02,25/05:10,25/05:52,25/06:05,0:42:00,UPG,LOP,006,28,1,1,NML,4,2025
3327.,A320,PKBKP,BTK,BTK6221,BTK6589,24/20:58,24/21:02,25/06:15,25/06:23,9:13:00,BPN,CGK,012,28,1,1,NML,4,2025
3328.,A320,PKBKY,BTK,BTK6413,BTK6412,24/20:01,24/20:04,25/06:20,25/06:32,10:16:00,DPS,DPS,017,28,1,1,NML,4,2025
3329.,A320,PKSAS,SJV,SJV613,SJV634,24/20:17,24/20:22,25/06:33,25/06:42,10:11:00,BPN,BDJ,011,28,1,1,NML,4,2025
3330.,A320,PKSTC,SJV,SJV717,SJV566,25/05:54,25/05:59,25/06:57,25/07:09,0:58:00,LOP,PLW,008,28,1,1,NML,4,2025
3331.,B739,PKLGS,LNI,LNI311,LNI971,25/06:03,25/06:07,25/07:07,25/07:17,1:00:00,BDJ,BTH,014,28,1,1,NML,4,2025
3332.,A320,PKLUI,BTK,BTK7521,BTK6135,24/20:13,24/20:17,25/06:58,25/07:13,10:41:00,HLP,PKN,015,28,1,1,NML,4,2025
3333.,A320,PKSAE,SJV,SJV643,SJV612,24/14:57,24/15:00,25/06:57,25/07:11,15:57:00,AAP,BPN,024,28,0,0,NML,4,2025
3334.,C208,PKVVM,SUS,PKVVM,PKVVM,24/11:32,24/11:34,25/07:15,25/07:23,19:41:00,BXW,BXW,C07,28,0,0,NML,4,2025
3335.,B738,PKGMM,GIA,GIA328,GIA305,24/19:58,24/20:03,25/07:00,25/07:14,10:57:00,CGK,CGK,005,28,1,1,NML,4,2025
3336.,B738,PKGFS,GIA,GIA324,GIA854,24/22:18,24/23:27,25/06:56,25/07:07,8:34:00,CGK,SIN,A02,28,1,1,NML,4,2025
3337.,B739,PKLSU,LNI,LNI363,LNI646,25/06:27,25/06:33,25/07:19,25/07:30,0:46:00,BPN,LOP,016,10,1,1,NML,4,2025
3338.,A320,PKBKU,BTK,BTK7511,BTK7510,25/06:39,25/06:45,25/07:26,25/07:42,0:41:00,HLP,HLP,009,10,1,1,NML,4,2025
3339.,A320,PKGQG,CTV,CTV690,CTV460,25/06:46,25/06:52,25/07:30,25/07:47,0:38:00,DPS,AAP,006,10,1,1,NML,4,2025
3340.,A320,PKAZL,AWQ,AWQ327,AWQ392,24/22:58,24/23:02,25/07:29,25/07:40,8:27:00,KUL,JHB,A03,10,1,1,NML,4,2025
3341.,B739,PKLGW,LNI,LNI693,LNI266,25/06:54,25/07:00,25/07:52,25/08:04,0:52:00,KOE,BPN,012,10,1,1,NML,4,2025
3342.,B739,PKLSI,LNI,LNI929,LNI693,25/06:50,25/06:56,25/07:59,25/08:16,1:03:00,DPS,CGK,011,10,1,1,NML,4,2025
3343.,A320,PKGLT,CTV,CTV170,CTV175,25/06:58,25/07:05,25/07:59,25/08:12,0:54:00,HLP,HLP,007,10,1,1,NML,4,2025
3344.,B739,PKLFO,LNI,LNI267,LNI990,25/07:02,25/07:07,25/08:17,25/08:26,1:10:00,TRK,DPS,015,10,1,1,NML,4,2025
3345.,A333,BHLV,CPA,CPA779,CPA780,24/17:47,24/17:55,25/08:17,25/08:32,14:22:00,HKG,HKG,A08,10,1,1,NML,4,2025
3346.,A320,PKLAL,BTK,BTK6572,BTK6573,25/07:44,25/07:47,25/08:33,25/08:45,0:46:00,CGK,CGK,008,10,1,1,NML,4,2025
3347.,B738,PKLZO,MXD,MXD352,MXD353,24/19:40,24/19:46,25/08:42,25/08:52,12:56:00,KUL,KUL,A04,10,1,1,NML,4,2025
3348.,A320,PKGLS,CTV,CTV355,CTV171,25/07:48,25/07:52,25/08:43,25/09:00,0:51:00,UPG,HLP,006,10,1,1,NML,4,2025
3349.,A320,PKLUS,BTK,BTK5000,BTK6391,24/16:29,24/16:33,25/08:53,25/09:03,16:20:00,DPS,CGK,023,10,0,0,NML,4,2025
3350.,A320,PKSGC,SJV,SJV649,SJV618,25/07:38,25/07:40,25/09:13,25/09:21,1:33:00,BPN,BPN,018,10,0,0,NML,4,2025
3351.,B738,PKLJS,LNI,LNI837,LNI748,25/07:52,25/07:57,25/08:55,25/09:12,0:58:00,PNK,MDC,014,10,1,1,NML,4,2025
3352.,B739,PKLHQ,LNI,LNI683,LNI682,25/08:02,25/08:06,25/09:05,25/09:16,0:59:00,PKY,PKY,016,10,1,1,NML,4,2025
3353.,H25B,T7HAN,AFSS,T7HAN,T7HAN,25/08:49,25/08:53,25/09:04,25/09:12,0:11:00,CGK,CGK,003,10,0,0,NML,4,2025
3354.,B738,PKGUA,GIA,GIA304,GIA342,25/08:10,25/08:13,25/09:13,25/09:31,1:00:00,CGK,DPS,004,10,1,1,NML,4,2025
3355.,A320,PKSTZ,SJV,SJV611,SJV642,25/08:28,25/08:32,25/09:27,25/09:43,0:55:00,BPN,AAP,012,10,1,1,NML,4,2025
3356.,A320,PKPWD,PAS,PAS200,PAS201,25/08:14,25/08:16,25/09:26,25/09:40,1:10:00,CGK,CGK,005,10,1,1,NML,4,2025
3357.,A320,PKGQU,CTV,CTV671,CTV486,25/08:33,25/08:37,25/09:23,25/09:33,0:46:00,LOP,BDJ,007,10,1,1,NML,4,2025
3358.,B739,PKLSO,LNI,LNI315,LNI856,25/08:56,25/09:02,25/09:51,25/10:01,0:49:00,BDJ,PLM,015,10,1,1,NML,4,2025
3359.,B738,9MMSG,MAS,MAS871,MAS870,25/09:06,25/09:12,25/10:00,25/10:14,0:48:00,KUL,KUL,A07,10,1,1,NML,4,2025
3360.,B735,PKNAT,LKN,LKN243,LKN242,25/09:45,25/09:48,25/10:36,25/10:54,0:48:00,SMQ,SMQ,012,10,1,1,NML,4,2025
3361.,A320,PKGTK,CTV,CTV417,CTV715,25/09:10,25/09:13,25/10:03,25/10:20,0:50:00,PNK,CGK,009,10,1,1,NML,4,2025
3362.,A359,9VSHA,SIA,SIA922,SIA923,25/09:01,25/09:07,25/10:08,25/10:22,1:01:00,SIN,SIN,A08,10,1,1,NML,4,2025
3363.,A320,PKBKR,BTK,BTK6584,BTK6585,25/10:12,25/10:15,25/11:06,25/11:18,0:51:00,CGK,CGK,008,10,1,1,NML,4,2025
3364.,A320,PKSAS,SJV,SJV635,SJV632,25/09:18,25/09:26,25/10:09,25/10:26,0:43:00,BDJ,BDJ,011,10,1,1,NML,4,2025
3365.,A20N,9VTNF,TGW,TGW296,TGW297,25/10:03,25/10:09,25/11:00,25/11:12,0:51:00,SIN,SIN,A02,10,1,1,NML,4,2025
3366.,B739,PKLGO,LNI,LNI791,LNI262,25/09:56,25/09:58,25/10:57,25/11:10,0:59:00,UPG,BPN,014,10,1,1,NML,4,2025
3367.,B739,PKLHJ,LNI,LNI970,LNI973,25/09:41,25/09:44,25/10:41,25/10:56,0:57:00,BTH,BTH,017,10,1,1,NML,4,2025
3368.,A320,PKBKV,BTK,BTK7513,BTK7516,25/09:53,25/09:56,25/10:45,25/11:01,0:49:00,HLP,HLP,016,10,1,1,NML,4,2025
3369.,A320,PKLUI,BTK,BTK6134,BTK6346,25/09:49,25/09:53,25/10:53,25/11:03,1:00:00,PKN,BEJ,018,10,0,0,NML,4,2025
3370.,B739,PKLSU,LNI,LNI645,LNI822,25/10:18,25/10:21,25/11:03,25/11:16,0:42:00,LOP,LOP,011,10,1,1,NML,4,2025
3371.,B739,PKLGM,LNI,LNI694,LNI694,25/10:24,25/10:27,25/11:21,25/11:28,0:54:00,CGK,KOE,020,10,0,0,NML,4,2025
3372.,B739,PKLHI,LNI,LNI697,LNI697,25/10:32,25/10:36,25/11:36,25/11:48,1:00:00,KOE,CGK,015,10,1,1,NML,4,2025
3373.,A320,PKAZJ,AWQ,AWQ321,AWQ322,25/10:58,25/11:05,25/11:40,25/11:50,0:35:00,KUL,KUL,A03,10,1,1,NML,4,2025
3374.,A320,PKBKU,BTK,BTK7517,BTK7520,25/10:50,25/10:54,25/11:42,25/11:55,0:48:00,HLP,HLP,009,10,1,1,NML,4,2025
3375.,A320,PKGQC,CTV,CTV351,CTV350,25/10:38,25/10:43,25/11:26,25/11:43,0:43:00,UPG,UPG,007,10,1,1,NML,4,2025
3376.,B738,PKGMW,GIA,GIA322,GIA327,25/09:59,25/10:02,25/11:27,25/11:39,1:25:00,CGK,CGK,004,10,1,1,NML,4,2025
3377.,B738,PKLDM,MXD,MXD350,MXD351,25/10:46,25/10:53,25/11:45,25/11:56,0:52:00,KUL,KUL,A04,10,1,1,NML,4,2025
3378.,A320,PKGQG,CTV,CTV461,CTV698,25/11:07,25/11:12,25/11:54,25/12:05,0:42:00,AAP,DPS,005,10,1,1,NML,4,2025
3379.,B739,PKLGL,LNI,LNI805,LNI804,25/11:22,25/11:24,25/12:16,25/12:28,0:52:00,DPS,DPS,016,10,1,1,NML,4,2025
3380.,A320,PKBLC,BTK,BTK6582,BTK6581,25/11:45,25/11:49,25/12:32,25/12:41,0:43:00,CGK,CGK,011,10,1,1,NML,4,2025
3381.,FA8X,MPTGG,AFI,MPTGG,MPTGG,25/11:40,25/11:45,25/12:04,25/12:09,0:19:00,DHX,XSP,A01,10,0,0,NML,4,2025
3382.,A320,PKGLU,CTV,CTV722,CTV723,25/11:32,25/11:35,25/12:17,25/12:27,0:42:00,CGK,CGK,008,10,1,1,NML,4,2025
3383.,A320,PKGQO,CTV,CTV9692,CTV9693,25/11:41,25/11:44,25/12:26,25/12:37,0:42:00,DPS,DPS,007,10,1,1,NML,4,2025
3384.,A320,PKSTC,SJV,SJV567,SJV636,25/11:26,25/11:29,25/12:26,25/12:35,0:57:00,PLW,BDJ,012,10,1,1,NML,4,2025
3385.,B739,PKLGW,LNI,LNI367,LNI780,25/11:30,25/11:35,25/12:51,25/13:00,1:16:00,BPN,UPG,017,10,1,1,NML,4,2025
3386.,B739,PKLFY,LNI,LNI801,LNI680,25/13:56,25/14:00,25/14:49,25/15:02,0:49:00,UPG,PKY,017,10,1,1,NML,4,2025
3387.,A320,PKSJP,SJV,SJV705,SJV704,25/13:02,25/13:06,25/13:56,25/14:10,0:50:00,DPS,DPS,011,10,1,1,NML,4,2025
3388.,A320,PKBKM,BTK,BTK6596,BTK6595,25/12:56,25/12:58,25/13:48,25/13:58,0:50:00,CGK,CGK,008,10,1,1,NML,4,2025
3389.,B738,PKLKP,LNI,LNI869,LNI722,25/12:17,25/12:22,25/13:49,25/14:04,1:27:00,TTE,KDI,014,10,1,1,NML,4,2025
3390.,A320,PKAZL,AWQ,AWQ393,AWQ324,25/12:21,25/12:26,25/13:16,25/13:27,0:50:00,JHB,KUL,A03,10,1,1,NML,4,2025
3391.,A320,PKPWC,PAS,PAS204,PAS205,25/11:51,25/11:54,25/13:15,25/13:29,1:21:00,CGK,CGK,004,10,1,1,NML,4,2025
3392.,A320,PKGQU,CTV,CTV487,CTV668,25/12:12,25/12:17,25/13:25,25/13:38,1:08:00,BDJ,DPS,009,10,1,1,NML,4,2025
3393.,B738,PKLQZ,LNI,LNI839,LNI836,25/12:58,25/13:05,25/14:01,25/14:13,0:56:00,PNK,PNK,012,10,1,1,NML,4,2025
3394.,A320,PKSTZ,SJV,SJV641,SJV726,25/13:31,25/13:34,25/14:24,25/14:37,0:50:00,AAP,LBJ,015,10,1,1,NML,4,2025
3395.,A320,PKGQP,CTV,CTV431,CTV948,25/13:52,25/13:55,25/14:40,25/14:48,0:45:00,BPN,BTH,007,10,1,1,NML,4,2025
3396.,B739,PKLSU,LNI,LNI823,LNI686,25/14:17,25/14:20,25/15:15,25/15:28,0:55:00,LOP,PKY,012,10,1,1,NML,4,2025
3397.,B738,PKGNM,GIA,GIA312,GIA317,25/13:39,25/13:43,25/14:48,25/15:04,1:05:00,CGK,CGK,004,10,1,1,NML,4,2025
3398.,B739,PKLSO,LNI,LNI857,LNI260,25/14:14,25/14:17,25/15:12,25/15:26,0:55:00,PLM,BPN,016,10,1,1,NML,4,2025
3399.,A320,9VJSN,JSA,JSA247,JSA248,25/14:05,25/14:11,25/14:52,25/15:08,0:41:00,SIN,SIN,A07,10,1,1,NML,4,2025
3400.,A320,PKLAM,BTK,BTK7515,BTK7514,25/13:59,25/14:04,25/15:00,25/15:12,0:56:00,HLP,HLP,008,10,1,1,NML,4,2025
3401.,A320,PKPWE,PAS,PAS208,PAS209,25/14:02,25/14:06,25/15:03,25/15:16,0:57:00,CGK,CGK,009,10,1,1,NML,4,2025
3402.,B738,PKGFU,GIA,GIA330,GIA331,25/14:11,25/14:15,25/15:09,25/15:22,0:54:00,HLP,HLP,005,10,1,1,NML,4,2025
3403.,B739,PKLSR,LNI,LNI707,LNI706,25/15:14,25/15:17,25/16:06,25/16:16,0:49:00,UPG,UPG,012,10,1,1,NML,4,2025
3404.,A320,PKGQG,CTV,CTV699,CTV434,25/14:27,25/14:32,25/15:15,25/15:30,0:43:00,DPS,BPN,006,10,0,0,NML,4,2025
3405.,B739,PKLGL,LNI,LNI919,LNI642,25/15:06,25/15:10,25/16:09,25/16:22,0:59:00,DPS,LOP,014,10,1,1,NML,4,2025
3406.,B739,PKLSH,LNI,LNI261,LNI920,25/14:32,25/14:36,25/16:15,25/16:32,1:39:00,BPN,DPS,021,10,0,0,NML,4,2025
3407.,A320,PKBKU,BTK,BTK7501,BTK7512,25/14:57,25/15:00,25/15:50,25/16:01,0:50:00,HLP,HLP,011,10,1,1,NML,4,2025
3408.,A320,PKLUY,BTK,BTK6406,BTK6220,25/16:04,25/16:06,25/17:02,25/17:11,0:56:00,CGK,BPN,011,10,1,1,NML,4,2025
3409.,B738,PKLJS,LNI,LNI749,LNI581,25/15:00,25/15:04,25/16:01,25/16:12,0:57:00,MDC,CGK,015,10,1,1,NML,4,2025
3410.,A320,PKSAS,SJV,SJV633,SJV672,25/13:36,25/13:39,25/17:06,25/17:18,3:27:00,BDJ,BEJ,020,10,0,0,NML,4,2025
3411.,A320,PKLUI,BTK,BTK6347,BTK6401,25/15:24,25/15:27,25/16:10,25/16:36,0:43:00,BEJ,CGK,009,10,1,1,NML,4,2025
3412.,B739,PKLGS,LNI,LNI972,LNI316,25/16:20,25/16:23,25/18:06,25/18:21,1:43:00,BTH,BDJ,014,10,1,1,NML,4,2025
3413.,B738MAX,9VMBA,SIA,SIA926,SIA927,25/15:50,25/15:56,25/16:51,25/17:06,0:55:00,SIN,SIN,A08,10,1,1,NML,4,2025
3414.,B738,PKGMW,GIA,GIA310,GIA315,25/15:19,25/15:23,25/16:39,25/16:58,1:16:00,CGK,CGK,004,10,1,1,NML,4,2025
3415.,A320,PKPWJ,PAS,PAS206,PAS623,25/15:45,25/15:49,25/16:31,25/16:42,0:42:00,CGK,BPN,005,10,1,1,NML,4,2025
3416.,B739,PKLGM,LNI,LNI695,LNI268,25/15:59,25/16:03,25/16:51,25/17:04,0:48:00,KOE,TRK,016,10,1,1,NML,4,2025
3417.,A320,PKGLS,CTV,CTV174,CTV418,25/15:55,25/15:58,25/16:50,25/17:03,0:52:00,HLP,PNK,008,10,1,1,NML,4,2025
3418.,A320,PKGTK,CTV,CTV495,CTV721,25/16:13,25/16:16,25/16:59,25/17:16,0:43:00,BDJ,CGK,006,10,0,0,NML,4,2025
3419.,B739,PKLGU,LNI,LNI692,LNI692,25/16:51,25/16:55,25/17:46,25/17:55,0:51:00,CGK,KOE,015,10,1,1,NML,4,2025
3420.,A320,PKGQO,CTV,CTV669,CTV488,25/16:18,25/16:21,25/17:09,25/17:27,0:48:00,DPS,BDJ,007,10,1,1,NML,4,2025
3421.,A320,PKSAP,SJV,SJV637,SJV648,25/16:33,25/16:37,25/17:25,25/17:35,0:48:00,BDJ,BPN,012,10,1,1,NML,4,2025
3422.,B739,PKLOP,LNI,LNI709,LNI226,25/16:07,25/16:11,25/17:58,25/18:16,1:47:00,UPG,BDJ,022,10,0,0,NML,4,2025
3423.,A320,PKBLC,BTK,BTK6578,BTK7579,25/16:39,25/16:43,25/17:36,25/17:51,0:53:00,CGK,CGK,009,10,1,1,NML,4,2025
3424.,B738,PKLOJ,LNI,LNI879,LNI838,25/15:10,25/15:13,25/17:38,25/17:47,2:25:00,AMQ,PNK,018,10,0,0,NML,4,2025
3425.,A320,PKAZJ,AWQ,AWQ323,AWQ326,25/17:13,25/17:18,25/17:55,25/18:13,0:37:00,KUL,KUL,A01,10,1,1,NML,4,2025
3426.,B739,PKLGL,LNI,LNI865,LNI3318,25/18:53,25/18:55,25/19:54,25/20:21,0:59:00,LOP,BDJ,014,10,1,1,NML,4,2025
3427.,A320,PKSJL,SJV,SJV643,SJV708,25/17:00,25/17:03,25/20:03,25/20:31,3:00:00,AAP,DPS,021,10,0,0,NML,4,2025
3428.,A320,PKPWL,PAS,PAS622,PAS207,25/17:09,25/17:17,25/18:10,25/18:26,0:53:00,BPN,CGK,007,10,1,1,NML,4,2025
3429.,B738,PKGUA,GIA,GIA349,GIA313,25/17:40,25/17:44,25/18:58,25/19:13,1:14:00,DPS,CGK,005,10,1,1,NML,4,2025
3430.,B739,PKLSU,LNI,LNI687,LNI800,25/18:23,25/18:26,25/19:23,25/19:36,0:57:00,PKY,UPG,016,10,1,1,NML,4,2025
3431.,A320,PKSTZ,SJV,SJV725,SJV716,25/20:15,25/20:19,25/21:05,25/21:16,0:46:00,LBJ,LOP,012,10,1,1,NML,4,2025
3432.,A320,PKBKV,BTK,BTK7503,BTK7502,25/17:49,25/17:52,25/18:43,25/18:55,0:51:00,HLP,HLP,009,10,1,1,NML,4,2025
3433.,B738,PKCRH,SJY,SJY567,SJY562,25/17:53,25/17:56,25/18:38,25/18:51,0:42:00,UPG,UPG,011,10,1,1,NML,4,2025
3434.,B738,PKGNN,GIA,GIA320,GIA325,25/17:45,25/17:49,25/19:03,25/19:16,1:14:00,CGK,CGK,004,10,1,1,NML,4,2025
3435.,A320,PKGLT,CTV,CTV172,CTV173,25/20:36,25/20:40,25/21:14,25/21:25,0:34:00,HLP,HLP,007,10,1,1,NML,4,2025
3436.,B738MAX,9VMBD,SIA,SIA928,SIA929,25/18:48,25/18:54,25/19:45,25/20:00,0:51:00,SIN,SIN,A06,10,1,1,NML,4,2025
3437.,A320,PKGQI,CTV,CTV949,CTV494,25/18:44,25/18:49,25/19:21,25/19:32,0:32:00,BTH,BDJ,007,10,1,1,NML,4,2025
3438.,A320,PKGQF,CTV,CTV736,CTV352,25/19:08,25/19:11,25/19:47,25/20:07,0:36:00,CGK,UPG,008,10,1,1,NML,4,2025
3439.,B788,9VOFD,TGW,TGW266,TGW267,25/18:39,25/18:46,25/19:53,25/20:25,1:07:00,SIN,SIN,A07,10,1,1,NML,4,2025
3440.,A320,PKBKU,BTK,BTK7519,BTK7518,25/18:56,25/19:00,25/19:54,25/20:16,0:54:00,HLP,HLP,012,10,1,1,NML,4,2025
3441.,A320,PKGQL,CTV,CTV489,CTV693,25/19:33,25/19:38,25/20:15,25/20:34,0:37:42,BDJ,DPS,007,10,1,1,NML,4,2025
3442.,A320,PKPWN,PAS,PAS202,PAS203,25/19:00,25/19:03,25/19:48,25/20:09,0:45:00,CGK,CGK,005,10,1,1,NML,4,2025
3443.,A320,PKGQG,CTV,CTV435,CTV737,25/19:11,25/19:14,25/20:02,25/20:28,0:48:00,BPN,CGK,006,10,0,0,NML,4,2025
3444.,A320,PKSAU,SJV,SJV723,SJV616,25/17:36,25/17:39,25/20:05,25/20:34,2:26:00,DPS,BPN,024,10,0,0,NML,4,2025
3445.,B738,PKGUC,GIA,GIA326,GIA319,25/19:41,25/19:46,25/20:39,25/20:55,0:53:00,CGK,CGK,004,10,1,1,NML,4,2025
3446.,A320,PKGQQ,CTV,CTV724,CTV354,25/19:30,25/19:34,25/20:22,25/20:39,0:48:00,CGK,UPG,009,10,1,1,NML,4,2025
3447.,B738,PKLBW,BTK,BTK6586,BTK6587,25/19:44,25/19:47,25/20:33,25/20:51,0:46:24,CGK,CGK,011,10,1,1,NML,4,2025
3448.,A320,PKLAJ,BTK,BTK6137,BTK6136,25/21:54,25/22:00,25/22:56,25/23:04,0:56:00,UPG,UPG,012,10,1,1,NML,4,2025
3449.,A320,PKAZL,AWQ,AWQ325,AWQ320,25/19:14,25/19:19,26/05:06,26/05:16,9:47:19,KUL,KUL,A01,28,1,1,NML,4,2025
3450.,B738,PKLOP,LNI,LNI3319,LNI878,25/20:47,25/20:51,26/05:06,26/05:18,8:15:40,BDJ,AMQ,017,28,1,1,NML,4,2025
3451.,A320,PKLUP,BTK,BTK6594,BTK7508,25/21:29,25/21:32,26/04:59,26/05:12,7:27:07,CGK,HLP,014,28,1,1,NML,4,2025
3452.,A320,PKSAS,SJV,SJV673,SJV610,25/21:27,25/21:31,26/04:57,26/05:08,7:26:00,BEJ,BPN,015,28,1,1,NML,4,2025
3453.,B739,PKLFY,LNI,LNI681,LNI786,25/17:33,25/17:36,26/05:01,26/05:14,11:25:51,PKY,UPG,023,28,0,0,NML,4,2025
3454.,A320,PKGQN,CTV,CTV720,CTV430,25/21:23,25/21:26,26/05:11,26/05:20,7:45:37,CGK,BPN,007,28,1,1,NML,4,2025
3455.,B738,PKGFS,GIA,GIA855,GIA301,25/20:17,25/23:15,26/05:00,26/05:10,8:34:01,SIN,CGK,005,28,1,1,NML,4,2025
3456.,A320,PKGLU,CTV,CTV726,CTV725,25/20:02,25/20:06,26/05:45,26/05:54,9:39:00,CGK,CGK,008,28,1,1,NML,4,2025
3457.,B739,PKLGJ,LNI,LNI690,LNI690,26/05:16,26/05:21,26/06:04,26/06:14,0:43:15,CGK,KOE,012,28,1,1,NML,4,2025
3458.,A320,V8RBA,RBA,RBA795,RBA796,25/20:04,25/20:09,26/05:54,26/06:04,9:45:00,BWN,BWN,A07,28,1,1,NML,4,2025
3459.,B738,PKLKP,LNI,LNI727,LNI868,25/18:19,25/18:23,26/05:57,26/06:06,11:34:09,KDI,TTE,025,28,0,0,NML,4,2025
3460.,A320,PKSAE,SJV,SJV619,SJV640,25/16:10,25/16:14,26/06:01,26/06:10,13:47:00,BPN,AAP,026,28,0,0,NML,4,2025
3461.,A320,PKLUK,BTK,BTK6588,BTK6589,25/21:40,25/21:43,26/05:56,26/06:07,8:13:00,CGK,CGK,011,28,1,1,NML,4,2025
3462.,A320,PKGQU,CTV,CTV353,CTV670,26/05:04,26/05:12,26/05:59,26/05:59,0:47:00,UPG,LOP,006,28,1,1,NML,4,2025
3463.,A320,PKAZJ,AWQ,AWQ327,AWQ386,25/23:33,25/23:37,26/06:09,26/06:23,6:32:00,KUL,PEN,A06,28,1,1,NML,4,2025
3464.,A320,PKBKY,BTK,BTK6413,BTK6412,25/20:10,25/20:13,26/06:14,26/06:25,10:01:00,DPS,DPS,016,28,1,1,NML,4,2025
3465.,A320,PKSGC,SJV,SJV615,SJV634,25/20:22,25/20:27,26/06:28,26/06:37,10:00:20,BPN,BDJ,018,28,0,0,NML,4,2025
3466.,B733F,PKMYV,MYU,MYU935,MYU934,25/08:43,25/08:46,26/06:28,26/06:39,21:42:00,SRG,SIN,C02,28,0,0,NML,4,2025
3467.,B738MAX,PKOFI,AFE,AFE921,AFE921,26/05:50,26/05:55,26/06:40,26/06:48,0:45:00,CGK,TIM,005,28,1,1,NML,4,2025
3468.,A320,PKSJQ,SJV,SJV717,SJV566,26/06:01,26/06:06,26/06:51,26/07:01,0:45:00,LOP,PLW,011,28,1,1,NML,4,2025
3469.,A320,PKLUJ,BTK,BTK7521,BTK6135,25/22:10,25/22:16,26/06:56,26/07:06,8:40:00,HLP,PKN,009,28,1,1,NML,4,2025
3470.,B739,PKLGS,LNI,LNI311,LNI971,26/05:56,26/06:01,26/07:00,26/07:11,0:59:00,BDJ,BTH,014,28,1,1,NML,4,2025
3471.,B738,PKGFX,GIA,GIA324,GIA305,25/21:03,25/21:08,26/06:56,26/07:09,9:48:00,CGK,CGK,004,28,1,1,NML,4,2025
3472.,B738,PKGNE,GIA,GIA328,GIA854,25/19:58,25/22:52,26/07:04,26/07:16,11:03:00,CGK,SIN,A02,28,1,1,NML,4,2025
3473.,B739,PKLSO,LNI,LNI363,LNI646,26/06:19,26/06:24,26/07:17,26/07:24,0:53:00,BPN,LOP,012,28,1,1,NML,4,2025
3474.,A320,PKBKU,BTK,BTK7511,BTK7510,26/06:46,26/06:53,26/07:26,26/07:35,0:33:00,HLP,HLP,008,28,1,1,NML,4,2025
3475.,A320,PKGQL,CTV,CTV690,CTV460,26/06:43,26/06:51,26/07:32,26/07:40,0:41:00,DPS,AAP,006,28,1,1,NML,4,2025
3476.,B739,PKLGO,LNI,LNI929,LNI982,26/06:56,26/07:03,26/07:47,26/08:00,0:44:00,DPS,PKU,015,28,1,1,NML,4,2025
3477.,B739,PKLGM,LNI,LNI267,LNI693,26/06:59,26/07:04,26/08:00,26/08:11,0:56:00,TRK,CGK,017,28,1,1,NML,4,2025
3478.,B739,PKLGU,LNI,LNI693,LNI266,26/06:52,26/06:58,26/08:06,26/08:13,1:08:00,KOE,BPN,016,28,1,1,NML,4,2025
3479.,A21N,B32L3,CSN,CSN8137,CSN8138,25/21:58,25/22:03,26/07:52,26/08:04,9:49:00,CAN,CAN,A03,28,1,1,NML,4,2025
3480.,A320,PKGLT,CTV,CTV170,CTV175,26/07:04,26/07:10,26/07:49,26/08:01,0:39:00,HLP,HLP,007,28,1,1,NML,4,2025
3481.,A333,BHLT,CPA,CPA779,CPA780,25/17:57,25/18:06,26/08:09,26/08:24,14:03:00,HKG,HKG,A08,10,1,1,NML,4,2025
3482.,A320,PKBLB,BTK,BTK6572,BTK6573,26/07:38,26/07:44,26/08:25,26/08:36,0:41:00,CGK,CGK,009,28,1,1,NML,4,2025
"3483.,DHC6,PKICP,PGT,PKICP,PKICP,24/10:46,24/10:48,26/08:01,26/08:07,""1 day, 21:13:00"",PAG,PAG,028,28,0,0,NML,4,2025"
3484.,A320,PKGQE,CTV,CTV355,CTV171,26/07:46,26/07:51,26/08:42,26/08:51,0:51:00,UPG,HLP,006,28,1,1,NML,4,2025
3485.,B739,PKLHH,LNI,LNI315,LNI222,26/07:51,26/07:59,26/08:58,26/09:06,0:59:00,BDJ,BDJ,015,28,1,1,NML,4,2025
3486.,A320,PKLUY,BTK,BTK6221,BTK6391,25/20:45,25/20:50,26/08:50,26/08:59,12:00:00,BPN,CGK,020,28,0,0,NML,4,2025
3487.,A320,PKSAP,SJV,SJV613,SJV618,25/21:00,25/21:05,26/09:03,26/09:13,11:58:00,BPN,BPN,022,28,0,0,NML,4,2025
3488.,A320,9VJSX,JSA,JSA249,JSA250,26/08:15,26/08:18,26/09:15,26/09:27,0:57:00,SIN,SIN,A06,10,1,1,NML,4,2025
3489.,B738,PKLOJ,LNI,LNI837,LNI748,26/07:58,26/08:04,26/09:07,26/09:19,1:03:00,PNK,MDC,012,10,1,1,NML,4,2025
3490.,B739,PKLHM,LNI,LNI683,LNI682,26/07:54,26/08:00,26/09:09,26/09:25,1:09:00,PKY,PKY,014,10,1,1,NML,4,2025
3491.,B738,PKGFW,GIA,GIA304,GIA342,26/08:06,26/08:12,26/09:20,26/09:31,1:08:00,CGK,DPS,004,10,1,1,NML,4,2025
3492.,A320,PKPWA,PAS,PAS200,PAS201,26/10:33,26/10:36,26/11:12,26/11:26,0:36:00,CGK,CGK,006,10,1,1,NML,4,2025
3493.,A320,PKGQU,CTV,CTV671,CTV486,26/08:21,26/08:28,26/09:21,26/09:34,0:53:00,LOP,BDJ,007,10,1,1,NML,4,2025
3494.,A320,PKSAO,SJV,SJV703,SJV702,26/08:39,26/08:45,26/09:40,26/09:52,0:55:00,DPS,DPS,009,10,1,1,NML,4,2025
3495.,B739,PKLSH,LNI,LNI805,LNI990,26/08:42,26/08:48,26/09:37,26/09:49,0:49:00,DPS,DPS,011,10,1,1,NML,4,2025
3496.,B738,9MMXS,MAS,MAS871,MAS870,26/09:16,26/09:21,26/10:06,26/10:18,0:45:00,KUL,KUL,A07,10,1,1,NML,4,2025
3497.,A320,PKGLG,CTV,CTV417,CTV715,26/09:08,26/09:16,26/10:01,26/10:13,0:45:00,PNK,CGK,008,10,1,1,NML,4,2025
3498.,A359,9VSHK,SIA,SIA922,SIA923,26/09:11,26/09:13,26/10:14,26/10:23,1:01:00,SIN,SIN,A08,10,1,1,NML,4,2025
3499.,A320,PKLUS,BTK,BTK6584,BTK6585,26/09:37,26/09:40,26/10:21,26/10:31,0:41:00,CGK,CGK,012,10,1,1,NML,4,2025
3500.,A320,PKGLS,CTV,CTV351,CTV350,26/09:23,26/09:27,26/10:09,26/10:21,0:42:00,UPG,UPG,006,10,1,1,NML,4,2025
3501.,A20N,9VTNF,TGW,TGW296,TGW297,26/09:50,26/09:55,26/10:49,26/11:00,0:54:00,SIN,SIN,A02,10,1,1,NML,4,2025
3502.,B739,PKLSR,LNI,LNI885,LNI706,25/20:40,25/20:45,26/10:42,26/10:55,13:57:00,UPG,UPG,021,10,0,0,NML,4,2025
3503.,A320,PKPWD,PAS,PAS210,PAS211,26/09:47,26/09:49,26/10:38,26/10:56,0:49:00,CGK,CGK,005,10,1,1,NML,4,2025
3504.,B739,PKLHJ,LNI,LNI970,LNI973,26/10:01,26/10:04,26/11:06,26/11:20,1:02:00,BTH,BTH,016,10,1,1,NML,4,2025
3505.,A320,PKBLA,BTK,BTK7513,BTK7516,26/09:55,26/09:58,26/10:50,26/11:02,0:52:00,HLP,HLP,009,10,1,1,NML,4,2025
3506.,A320,PKLUJ,BTK,BTK6134,BTK6346,26/09:32,26/09:35,26/10:36,26/10:47,1:01:00,PKN,BEJ,014,10,1,1,NML,4,2025
3507.,A320,PKSAE,SJV,SJV641,SJV642,26/09:39,26/09:43,26/11:00,26/11:09,1:17:00,AAP,AAP,015,10,1,1,NML,4,2025
3508.,B739,PKLSO,LNI,LNI645,LNI822,26/10:06,26/10:09,26/11:00,26/11:11,0:51:00,LOP,LOP,011,10,1,1,NML,4,2025
3509.,B739,PKLHQ,LNI,LNI694,LNI694,26/10:14,26/10:18,26/11:17,26/11:28,0:59:00,CGK,KOE,017,10,1,1,NML,4,2025
3510.,A320,PKAZL,AWQ,AWQ321,AWQ322,26/10:50,26/10:54,26/11:28,26/11:35,0:34:00,KUL,KUL,A03,10,1,1,NML,4,2025
3511.,B739,PKLGJ,LNI,LNI697,LNI697,26/10:45,26/10:49,26/11:51,26/12:02,1:02:00,KOE,CGK,008,10,1,1,NML,4,2025
3512.,B738,PKGMD,GIA,GIA322,GIA327,26/10:10,26/10:13,26/11:32,26/11:49,1:19:00,CGK,CGK,004,10,1,1,NML,4,2025
3513.,A320,PKBKU,BTK,BTK7517,BTK7520,26/10:41,26/10:45,26/11:38,26/11:52,0:53:00,HLP,HLP,012,10,1,1,NML,4,2025
3514.,B738,PKLZO,MXD,MXD350,MXD351,26/10:38,26/10:44,26/11:34,26/11:43,0:50:00,KUL,KUL,A01,10,1,1,NML,4,2025
3515.,A320,PKGQL,CTV,CTV461,CTV698,26/11:21,26/11:26,26/12:03,26/12:13,0:37:00,AAP,DPS,005,10,1,1,NML,4,2025
3516.,A320,PKSAW,SJV,SJV363,SJV362,26/10:52,26/10:56,26/12:01,26/12:09,1:05:00,KNO,KNO,014,10,1,1,NML,4,2025
3517.,B739,PKLGU,LNI,LNI367,LNI804,26/11:30,26/11:34,26/12:19,26/12:32,0:45:00,BPN,DPS,015,10,1,1,NML,4,2025
3518.,A320,PKGQP,CTV,CTV9692,CTV9693,26/11:18,26/11:22,26/12:21,26/12:34,0:59:00,DPS,DPS,007,10,1,1,NML,4,2025
3519.,B739,PKLHH,LNI,LNI223,LNI680,26/11:39,26/11:43,26/12:28,26/12:37,0:45:00,BDJ,PKY,016,10,1,1,NML,4,2025
3520.,A320,PKSJQ,SJV,SJV567,SJV636,26/11:24,26/11:27,26/12:28,26/12:39,1:01:00,PLW,BDJ,011,10,1,1,NML,4,2025
3521.,A320,PKBLC,BTK,BTK6582,BTK6581,26/11:47,26/11:50,26/12:33,26/12:47,0:43:00,CGK,CGK,009,10,1,1,NML,4,2025
3522.,B739,PKLSK,LNI,LNI6003,LNI780,26/08:30,26/08:34,26/13:25,26/13:39,4:51:00,BPN,UPG,023,10,0,0,NML,4,2025
3523.,B738,PKLBK,MXD,MXD352,MXD353,26/00:07,26/00:11,26/13:11,26/13:24,13:00:00,KUL,KUL,A04,10,1,1,NML,4,2025
3524.,A320,PKBKL,BTK,BTK6596,BTK6595,26/12:52,26/12:55,26/13:47,26/13:58,0:52:00,CGK,CGK,009,10,1,1,NML,4,2025
3525.,A320,PKAZJ,AWQ,AWQ387,AWQ324,26/12:45,26/12:50,26/13:28,26/13:35,0:38:00,PEN,KUL,A03,10,1,1,NML,4,2025
3526.,A320,PKPWM,PAS,PAS204,PAS205,26/11:55,26/11:58,26/13:12,26/13:26,1:14:48,CGK,CGK,006,10,1,1,NML,4,2025
3527.,B738,PKLKP,LNI,LNI869,LNI722,26/12:24,26/12:28,26/13:20,26/13:34,0:52:00,TTE,KDI,012,10,1,1,NML,4,2025
3528.,A320,PKGQU,CTV,CTV487,CTV668,26/12:16,26/12:19,26/13:24,26/13:36,1:05:49,BDJ,DPS,008,10,1,1,NML,4,2025
3529.,B738,PKGUI,GIA,GIA290,GIA291,26/12:19,26/12:26,26/13:24,26/13:46,0:58:47,CGK,CGK,004,10,1,1,NML,4,2025
3530.,B739,PKLHP,LNI,LNI261,LNI262,26/13:28,26/13:35,26/14:16,26/14:27,0:41:00,BPN,BPN,017,10,1,1,NML,4,2025
3531.,B738,PKLQZ,LNI,LNI839,LNI836,26/12:56,26/13:00,26/13:59,26/14:11,0:59:00,PNK,PNK,016,10,1,1,NML,4,2025
3532.,A320,PKGQN,CTV,CTV431,CTV948,26/13:40,26/13:44,26/14:44,26/14:58,1:00:00,BPN,BTH,007,10,1,1,NML,4,2025
3533.,B738,PKGNN,GIA,GIA312,GIA317,26/13:32,26/13:37,26/14:33,26/14:47,0:56:00,CGK,CGK,005,10,1,1,NML,4,2025
3534.,B739,PKLSO,LNI,LNI823,LNI260,26/13:49,26/13:53,26/14:41,26/14:54,0:48:00,LOP,BPN,014,10,1,1,NML,4,2025
3535.,A320,PKLZH,BTK,BTK7515,BTK7514,26/13:44,26/13:48,26/14:47,26/15:02,0:59:47,HLP,HLP,012,10,1,1,NML,4,2025
3536.,B738,PKGNG,GIA,GIA330,GIA331,26/13:59,26/14:03,26/14:56,26/15:11,0:53:00,HLP,HLP,004,10,1,1,NML,4,2025
3537.,A320,PKGQL,CTV,CTV699,CTV434,26/14:40,26/14:41,26/15:20,26/15:29,0:39:40,DPS,BPN,005,10,1,1,NML,4,2025
3538.,A320,PKBKR,BTK,BTK6406,BTK6220,26/14:48,26/14:52,26/15:44,26/15:57,0:52:41,CGK,BPN,009,10,1,1,NML,4,2025
3539.,B739,PKLGO,LNI,LNI983,LNI920,26/13:37,26/13:42,26/16:22,26/16:30,2:40:00,PKU,DPS,020,28,0,0,NML,4,2025
3540.,A320,PKBKU,BTK,BTK7501,BTK7512,26/15:04,26/15:07,26/15:47,26/15:58,0:40:12,HLP,HLP,008,28,1,1,NML,4,2025
3541.,B738,9MMXI,MAS,MAS873,MAS872,26/14:56,26/14:57,26/15:47,26/16:00,0:50:30,KUL,KUL,A07,28,1,1,NML,4,2025
3542.,B738,PKLOJ,LNI,LNI749,LNI581,26/14:59,26/15:01,26/15:52,26/16:09,0:51:00,MDC,CGK,014,28,1,1,NML,4,2025
3543.,A320,PKLUJ,BTK,BTK6347,BTK6401,26/15:08,26/15:11,26/15:58,26/16:11,0:47:00,BEJ,CGK,012,28,1,1,NML,4,2025
3544.,B739,PKLHH,LNI,LNI681,LNI316,26/15:34,26/15:37,26/16:36,26/16:46,0:59:00,PKY,BDJ,015,10,1,1,NML,4,2025
3545.,B738,PKGFM,GIA,GIA310,GIA315,26/15:33,26/15:33,26/16:39,26/16:51,1:06:00,CGK,CGK,004,10,1,1,NML,4,2025
3546.,B738MAX,PKOFI,AFE,AFE920,AFE920,26/15:45,26/15:47,26/16:20,26/16:32,0:33:09,TIM,CGK,005,28,1,1,NML,4,2025
3547.,B739,PKLGU,LNI,LNI919,LNI268,26/15:27,26/15:27,26/16:51,26/17:02,1:24:00,DPS,TRK,016,10,1,1,NML,4,2025
3548.,A320,PKPWL,PAS,PAS206,PAS623,26/15:43,26/15:49,26/16:40,26/16:54,0:51:03,CGK,BPN,006,10,1,1,NML,4,2025
3549.,A320,PKGLG,CTV,CTV495,CTV721,26/15:54,26/16:02,26/16:49,26/17:00,0:47:06,BDJ,CGK,007,10,1,1,NML,4,2025
3550.,A320,PKGQE,CTV,CTV174,CTV418,26/16:02,26/16:07,26/16:55,26/17:08,0:48:00,HLP,PNK,008,10,1,1,NML,4,2025
3551.,B739,PKLGJ,LNI,LNI692,LNI692,26/16:32,26/16:35,26/17:22,26/17:33,0:47:00,CGK,KOE,014,10,1,1,NML,4,2025
3552.,A320,PKGQP,CTV,CTV669,CTV488,26/16:27,26/16:32,26/17:09,26/17:22,0:37:00,DPS,BDJ,005,10,1,1,NML,4,2025
3553.,B739,PKLFY,LNI,LNI787,LNI226,26/12:30,26/12:33,26/20:24,26/20:34,7:51:00,UPG,BDJ,022,10,0,0,NML,4,2025
3554.,A320,PKBLC,BTK,BTK6578,BTK7579,26/16:24,26/16:27,26/17:14,26/17:26,0:47:00,CGK,CGK,011,10,1,1,NML,4,2025
3555.,B738,PKLOP,LNI,LNI879,LNI838,26/15:30,26/15:35,26/17:25,26/17:37,1:49:51,AMQ,PNK,021,10,0,0,NML,4,2025
3556.,A320,PKAZL,AWQ,AWQ323,AWQ326,26/17:20,26/17:24,26/17:55,26/18:04,0:31:00,KUL,KUL,A01,10,1,1,NML,4,2025
3557.,A320,PKSAO,SJV,SJV723,SJV708,26/17:48,26/17:51,26/18:41,26/18:52,0:50:00,DPS,DPS,014,10,1,1,NML,4,2025
3558.,A320,PKPWD,PAS,PAS622,PAS207,26/17:24,26/17:28,26/18:17,26/18:33,0:49:00,BPN,CGK,006,10,1,1,NML,4,2025
3559.,B738,PKGMP,GIA,GIA320,GIA313,26/17:17,26/17:22,26/18:15,26/18:28,0:53:00,CGK,CGK,005,10,1,1,NML,4,2025
3560.,A320,PKSAS,SJV,SJV611,SJV716,26/08:26,26/08:31,26/18:42,26/18:50,10:11:51,BPN,LOP,018,10,0,0,NML,4,2025
3561.,A320,PKBLA,BTK,BTK7503,BTK7502,26/17:55,26/17:59,26/18:42,26/18:55,0:43:00,HLP,HLP,012,10,1,1,NML,4,2025
3562.,B738,PKCRH,SJY,SJY567,SJY562,26/17:39,26/17:41,26/18:26,26/18:36,0:45:56,UPG,UPG,011,10,1,1,NML,4,2025
3563.,B733F,PKMYV,MYU,MYU935,MYU815,26/13:52,26/13:56,26/14:36,26/14:43,0:40:00,SRG,CGK,C02,10,0,0,NML,4,2025
3564.,B738,PKGFW,GIA,GIA349,GIA325,26/17:31,26/17:36,26/18:49,26/19:07,1:13:00,DPS,CGK,004,10,1,1,NML,4,2025
3565.,B738MAX,9VMBA,SIA,SIA928,SIA929,26/18:11,26/18:16,26/19:08,26/19:20,0:52:09,SIN,SIN,A07,10,1,1,NML,4,2025
3566.,A320,PKGLU,CTV,CTV949,CTV494,26/18:30,26/18:35,26/19:20,26/19:32,0:45:00,BTH,BDJ,007,10,1,1,NML,4,2025
3567.,A320,PKGQQ,CTV,CTV736,CTV352,26/18:26,26/18:30,26/19:34,26/19:45,1:04:00,CGK,UPG,008,10,1,1,NML,4,2025
3568.,B739,PKLHQ,LNI,LNI695,LNI880,26/15:46,26/15:51,26/22:10,26/22:21,6:19:00,KOE,UPG,017,10,1,1,NML,4,2025
3569.,A320,PKGQI,CTV,CTV489,CTV693,26/19:05,26/19:09,26/20:00,26/20:11,0:51:00,BDJ,DPS,004,10,1,1,NML,4,2025
3570.,A320,PKGQL,CTV,CTV435,CTV737,26/18:53,26/18:56,26/20:10,26/20:25,1:14:00,BPN,CGK,006,10,1,1,NML,4,2025
3571.,B738,PKGUH,GIA,GIA326,GIA319,26/18:42,26/18:46,26/19:55,26/20:09,1:09:00,CGK,CGK,005,10,1,1,NML,4,2025
3572.,A320,PKSTF,SJV,SJV635,SJV616,26/09:42,26/09:45,26/19:56,26/20:06,10:11:53,BDJ,BPN,024,10,0,0,NML,4,2025
3573.,A320,PKGTA,CTV,CTV724,CTV354,26/19:35,26/19:39,26/20:15,26/20:32,0:36:00,CGK,UPG,007,10,1,1,NML,4,2025
3574.,B738,PKLDJ,BTK,BTK6586,BTK6587,26/20:58,26/21:01,26/21:52,26/22:01,0:51:00,CGK,CGK,011,10,1,1,NML,4,2025
3575.,A320,PKLAO,BTK,BTK6137,BTK6136,26/19:42,26/19:47,26/22:07,26/22:18,2:20:00,UPG,UPG,012,10,1,1,NML,4,2025
3576.,B738,PKLSF,LNI,LNI707,LNI878,26/14:35,26/14:40,27/05:20,27/05:29,14:39:55,UPG,AMQ,025,10,0,0,NML,4,2025
3577.,A320,PKAZL,AWQ,AWQ327,AWQ320,26/23:19,26/23:26,27/05:00,27/05:15,5:34:00,KUL,KUL,A03,10,1,1,NML,4,2025
3578.,A320,PKSAA,SJV,SJV613,SJV610,26/19:49,26/19:52,27/05:03,27/05:16,9:11:00,BPN,BPN,016,10,1,1,NML,4,2025
3579.,B739,PKLSU,LNI,LNI801,LNI786,26/11:33,26/11:38,27/05:12,27/05:20,17:34:00,UPG,UPG,026,10,0,0,NML,4,2025
3580.,A320,PKGQO,CTV,CTV726,CTV430,26/20:14,26/20:18,27/05:03,27/05:13,8:45:00,CGK,BPN,006,10,1,1,NML,4,2025
3581.,B738,PKGUG,GIA,GIA328,GIA301,26/20:23,26/20:28,27/05:02,27/05:19,8:34:00,CGK,CGK,004,10,1,1,NML,4,2025
3582.,A320,PKGLG,CTV,CTV720,CTV725,26/20:26,26/20:31,27/05:43,27/05:53,9:12:00,CGK,CGK,007,10,1,1,NML,4,2025
3583.,B739,PKLGM,LNI,LNI690,LNI690,27/05:11,27/05:17,27/05:58,27/06:08,0:41:00,CGK,KOE,012,10,1,1,NML,4,2025
3584.,B738,PKLKP,LNI,LNI727,LNI868,26/17:45,27/04:52,27/06:04,27/06:20,12:16:00,KDI,TTE,020,28,0,0,NML,4,2025
3585.,A320,PKSAE,SJV,SJV643,SJV640,26/14:59,26/14:59,27/06:11,27/06:22,15:11:45,AAP,AAP,023,28,0,0,NML,4,2025
3586.,B739,PKLGY,LNI,LNI885,LNI6003,26/19:30,26/19:35,27/05:56,27/05:59,10:21:00,UPG,SOC,021,10,0,0,NML,4,2025
3587.,A320,PKGTA,CTV,CTV353,CTV484,27/05:03,27/05:13,27/05:52,27/05:59,0:39:00,UPG,BDJ,003,10,0,0,NML,4,2025
3588.,A320,PKLUS,BTK,BTK6594,BTK6589,26/20:19,26/20:22,27/06:04,27/06:08,9:42:00,CGK,CGK,015,10,1,1,NML,4,2025
3589.,A320,PKSAO,SJV,SJV727,SJV706,26/21:17,26/21:22,27/06:01,27/06:10,8:39:00,DPS,DPS,022,10,0,0,NML,4,2025
3590.,A320,PKSJU,SJV,SJV619,SJV634,26/15:49,26/15:53,27/06:29,27/06:37,14:36:20,BPN,BDJ,C04,28,0,0,NML,4,2025
3591.,A320,PKSJD,SJV,SJV717,SJV566,27/06:13,27/06:18,27/07:04,27/07:11,0:46:00,LOP,PLW,012,28,1,1,NML,4,2025
3592.,A320,PKSJQ,SJV,SJV637,SJV612,26/15:36,26/15:40,27/07:00,27/07:09,15:20:13,BDJ,BPN,C03,28,0,0,NML,4,2025
3593.,B739,PKLFY,LNI,LNI311,LNI971,27/06:35,27/06:40,27/07:29,27/07:42,0:49:08,BDJ,BTH,016,28,1,1,NML,4,2025
3594.,A320,PKBKV,BTK,BTK7521,BTK6135,26/20:51,26/20:59,27/07:49,27/07:58,10:50:00,HLP,PKN,009,28,1,1,NML,4,2025
3595.,B738,PKGMM,GIA,GIA324,GIA305,26/20:53,26/20:57,27/06:57,27/07:05,10:00:00,CGK,CGK,005,28,1,1,NML,4,2025
3596.,B738,PKGNE,GIA,GIA855,GIA854,26/21:03,26/21:10,27/06:56,27/07:07,9:46:00,SIN,SIN,A02,28,1,1,NML,4,2025
3597.,B739,PKLGW,LNI,LNI363,LNI646,27/06:18,27/06:23,27/07:16,27/07:25,0:53:37,BPN,LOP,015,28,1,1,NML,4,2025
3598.,A320,PKLUZ,BTK,BTK6588,BTK7510,26/21:27,26/21:30,27/07:18,27/07:27,9:48:00,CGK,HLP,008,28,1,1,NML,4,2025
3599.,A320,PKAZJ,AWQ,AWQ325,AWQ392,26/19:10,26/19:15,27/07:28,27/07:40,12:13:00,KUL,JHB,A01,28,1,1,NML,4,2025
3600.,B739,PKLSL,LNI,LNI929,LNI266,27/07:02,27/07:07,27/08:03,27/08:14,0:56:46,DPS,BPN,017,28,1,1,NML,4,2025
3601.,A320,PKGQI,CTV,CTV690,CTV460,27/06:43,27/06:50,27/07:33,27/07:44,0:43:10,DPS,AAP,006,28,1,1,NML,4,2025
3602.,B739,PKLGM,LNI,LNI693,LNI693,27/10:53,27/10:56,27/11:41,27/11:56,0:45:00,KOE,CGK,017,10,1,1,NML,4,2025
3603.,A320,PKGLT,CTV,CTV170,CTV175,27/07:15,27/07:22,27/07:58,27/08:10,0:36:00,HLP,HLP,007,28,1,1,NML,4,2025
3604.,B738,PKLDM,MXD,MXD352,MXD353,26/19:25,26/19:30,27/08:31,27/08:41,13:01:00,KUL,KUL,A04,28,1,1,NML,4,2025
3605.,B739,PKLGU,LNI,LNI267,LNI990,27/06:56,27/07:01,27/08:23,27/08:32,1:22:00,TRK,DPS,014,28,1,1,NML,4,2025
3606.,A320,PKBKP,BTK,BTK6572,BTK6573,27/07:38,27/07:44,27/08:34,27/08:44,0:50:29,CGK,CGK,012,28,1,1,NML,4,2025
3607.,A333,BHLU,CPA,CPA779,CPA780,26/18:15,26/18:24,27/08:23,27/08:38,13:59:00,HKG,HKG,A08,28,1,1,NML,4,2025
3608.,A320,PKGLY,CTV,CTV355,CTV171,27/07:33,27/07:39,27/08:36,27/08:46,0:57:40,UPG,HLP,005,28,1,1,NML,4,2025
"3609.,A333,PKLEH,LNI,LNI075,LNI222,25/14:23,26/23:46,27/08:57,27/09:13,""1 day, 18:27:00"",JED,BDJ,011,28,1,1,NML,4,2025"
3610.,A320,PKBKR,BTK,BTK6221,BTK6391,26/19:54,26/19:58,27/09:18,27/09:25,13:20:00,BPN,CGK,018,28,0,0,NML,4,2025
3611.,B739,PKLHH,LNI,LNI315,LNI856,27/07:51,27/07:55,27/08:57,27/09:08,1:02:37,BDJ,PLM,015,28,1,1,NML,4,2025
"3612.,A333,PKLEG,LNI,LNI075,LNI3971,22/16:19,27/01:10,27/09:53,27/10:06,""4 days, 17:27:16"",JED,BTH,010,28,1,1,NML,4,2025"
3613.,B738,PKLOP,LNI,LNI837,LNI748,27/07:55,27/08:00,27/09:03,27/09:15,1:03:00,PNK,MDC,016,28,1,1,NML,4,2025
3614.,B739,PKLHM,LNI,LNI683,LNI682,27/08:08,27/08:13,27/09:13,27/09:23,1:00:13,PKY,PKY,017,28,1,1,NML,4,2025
3615.,B738,PKGUF,GIA,GIA304,GIA342,27/08:12,27/08:21,27/09:20,27/09:33,0:59:45,CGK,DPS,004,28,1,1,NML,4,2025
3616.,A320,PKGTA,CTV,CTV485,CTV486,27/08:27,27/08:35,27/09:18,27/09:29,0:43:00,BDJ,BDJ,006,28,1,1,NML,4,2025
3617.,A320,PKSAA,SJV,SJV611,SJV642,27/08:34,27/08:40,27/09:26,27/09:38,0:46:00,BPN,AAP,014,28,1,1,NML,4,2025
"3618.,GLF4,PKBON,CEO,PKBON,PKBON,25/12:06,27/09:42,27/10:06,27/10:12,""1 day, 21:56:00"",HLP,HLP,001,28,0,0,NML,4,2025"
3619.,B738MAX,9MMVJ,MAS,MAS871,MAS870,27/09:01,27/09:03,27/09:55,27/10:10,0:52:00,KUL,KUL,A07,28,1,1,NML,4,2025
3620.,A320,PKGLP,CTV,CTV417,CTV715,27/09:36,27/09:42,27/10:25,27/10:38,0:43:33,PNK,CGK,007,28,1,1,NML,4,2025
3621.,A359,9VSHM,SIA,SIA922,SIA923,27/09:04,27/09:08,27/10:08,27/10:21,1:00:22,SIN,SIN,A08,28,1,1,NML,4,2025
3622.,A320,PKSJU,SJV,SJV635,SJV632,27/09:10,27/09:16,27/10:07,27/10:15,0:51:22,BDJ,BDJ,011,28,1,1,NML,4,2025
3623.,A320,PKGLR,CTV,CTV351,CTV350,27/09:27,27/09:35,27/10:29,27/10:43,0:54:00,UPG,UPG,006,28,1,1,NML,4,2025
3624.,B739,PKLSU,LNI,LNI791,LNI706,27/09:31,27/09:37,27/10:41,27/10:52,1:04:00,UPG,UPG,012,28,1,1,NML,4,2025
3625.,A20N,9VTNG,TGW,TGW296,TGW297,27/09:45,27/09:48,27/10:52,27/11:05,1:04:00,SIN,SIN,A02,28,1,1,NML,4,2025
3626.,B739,PKLHJ,LNI,LNI970,LNI973,27/09:40,27/09:46,27/11:30,27/11:37,1:44:00,BTH,BTH,016,28,1,1,NML,4,2025
3627.,A320,PKPWD,PAS,PAS210,PAS211,27/09:50,27/09:56,27/10:48,27/10:59,0:52:00,CGK,CGK,005,28,1,1,NML,4,2025
3628.,A320,PKLAM,BTK,BTK7513,BTK7516,27/09:55,27/10:01,27/10:48,27/10:55,0:47:00,HLP,HLP,008,28,1,1,NML,4,2025
3629.,A320,PKBKV,BTK,BTK6134,BTK6346,27/10:18,27/10:24,27/11:10,27/11:25,0:46:00,PKN,BEJ,009,10,1,1,NML,4,2025
3630.,B739,PKLHS,LNI,LNI694,LNI694,27/10:24,27/10:29,27/11:20,27/11:30,0:51:00,CGK,KOE,014,10,1,1,NML,4,2025
3631.,B739,PKLGW,LNI,LNI645,LNI697,27/10:03,27/10:09,27/13:22,27/13:47,3:13:00,LOP,CGK,015,10,1,1,NML,4,2025
3632.,A320,PKAZL,AWQ,AWQ321,AWQ322,27/10:36,27/10:41,27/11:15,27/11:28,0:34:32,KUL,KUL,A03,10,1,1,NML,4,2025
3633.,A320,PKBLA,BTK,BTK7517,BTK7520,27/10:50,27/10:53,27/11:55,27/12:01,1:02:00,HLP,HLP,010,10,1,1,NML,4,2025
3634.,B738,PKGMF,GIA,GIA322,GIA327,27/09:58,27/10:06,27/11:48,27/12:00,1:42:00,CGK,CGK,004,10,1,1,NML,4,2025
3635.,A320,PKGQI,CTV,CTV461,CTV698,27/11:14,27/11:19,27/12:08,27/12:26,0:49:20,AAP,DPS,006,10,1,1,NML,4,2025
3636.,B738,9MLDG,MXD,MXD350,MXD351,27/11:18,27/11:25,27/11:48,27/12:23,0:23:00,KUL,KUL,A04,10,1,1,NML,4,2025
3637.,B739,PKLHI,LNI,LNI972,LNI804,26/20:29,27/07:04,27/12:13,27/12:28,15:40:00,BTH,DPS,026,10,0,1,NML,4,2025
3638.,B739,PKLSL,LNI,LNI367,LNI262,27/11:22,27/11:25,27/12:08,27/12:18,0:43:36,BPN,BPN,014,10,1,1,NML,4,2025
3639.,A320,PKGQN,CTV,CTV9692,CTV9693,27/11:26,27/11:29,27/12:22,27/12:35,0:53:00,DPS,DPS,007,10,1,1,NML,4,2025
3640.,A320,PKBLC,BTK,BTK6582,BTK6581,27/12:04,27/12:07,27/13:12,27/13:25,1:05:00,CGK,CGK,010,10,1,1,NML,4,2025
3641.,B739,PKLGV,LNI,LNI697,LNI680,27/12:44,27/12:47,27/13:41,27/13:56,0:54:00,KOE,PKY,014,10,1,1,NML,4,2025
3642.,B739,PKLGU,LNI,LNI805,LNI780,27/11:03,27/11:06,27/13:14,27/13:33,2:08:00,DPS,UPG,012,10,1,1,NML,4,2025
3643.,A320,PKSJD,SJV,SJV567,SJV636,27/11:32,27/11:35,27/12:43,27/12:55,1:08:00,PLW,BDJ,009,10,1,1,NML,4,2025
3644.,B735,PKNAQ,LKN,LKN193,LKN242,27/12:07,27/12:10,27/12:40,27/12:51,0:30:00,PKN,SMQ,011,10,1,1,NML,4,2025
3645.,A320,PKSAO,SJV,SJV705,SJV704,27/12:11,27/12:13,27/13:18,27/13:39,1:05:00,DPS,DPS,016,10,1,1,NML,4,2025
3646.,A320,PKBKL,BTK,BTK6596,BTK6595,27/12:33,27/12:37,27/14:00,27/14:09,1:22:20,CGK,CGK,018,10,0,0,NML,4,2025
3647.,B738,PKLKP,LNI,LNI869,LNI722,27/12:21,27/12:25,27/13:52,27/14:03,1:27:00,TTE,KDI,017,10,1,1,NML,4,2025
3648.,A320,PKPWJ,PAS,PAS204,PAS205,27/11:53,27/11:56,27/13:17,27/13:43,1:21:00,CGK,CGK,005,10,1,1,NML,4,2025
3649.,A320,PKAZJ,AWQ,AWQ393,AWQ324,27/12:24,27/12:29,27/13:16,27/13:36,0:47:00,JHB,KUL,A03,10,1,1,NML,4,2025
3650.,A320,PKGTA,CTV,CTV487,CTV668,27/12:16,27/12:20,27/13:26,27/13:51,1:06:00,BDJ,DPS,006,10,1,1,NML,4,2025
3651.,A320,PKGQP,CTV,CTV722,CTV723,27/12:50,27/12:54,27/13:40,27/13:54,0:46:00,CGK,CGK,007,10,1,1,NML,4,2025
3652.,B733F,PKMYV,MYU,MYU935,MYU815,27/12:40,27/12:44,27/13:17,27/13:19,0:32:37,SRG,CGK,C02,10,0,0,NML,4,2025
3653.,B739,PKLHP,LNI,LNI787,LNI686,27/14:49,27/14:53,27/15:37,27/15:49,0:44:00,UPG,PKY,015,10,1,1,NML,4,2025
3654.,B738,PKLQZ,LNI,LNI839,LNI836,27/12:53,27/12:56,27/14:07,27/14:16,1:10:04,PNK,PNK,020,10,0,0,NML,4,2025
3655.,A320,PKSJU,SJV,SJV633,SJV726,27/12:57,27/13:02,27/14:02,27/14:11,1:00:00,BDJ,LBJ,011,10,1,1,NML,4,2025
3656.,A320,PKGQO,CTV,CTV431,CTV948,27/13:40,27/13:45,27/14:30,27/14:45,0:45:00,BPN,BTH,006,10,1,1,NML,4,2025
3657.,B738,PKGFH,GIA,GIA312,GIA317,27/13:37,27/13:41,27/14:32,27/14:47,0:51:00,CGK,CGK,004,10,1,1,NML,4,2025
3658.,A320,9VJSU,JSA,JSA247,JSA248,27/13:49,27/13:56,27/14:49,27/14:59,0:53:00,SIN,SIN,A06,10,1,1,NML,4,2025
3659.,B739,PKLHH,LNI,LNI857,LNI260,27/13:34,27/13:38,27/14:40,27/14:52,1:02:00,PLM,BPN,012,10,1,1,NML,4,2025
3660.,A320,PKBKU,BTK,BTK7515,BTK7514,27/14:00,27/14:05,27/14:58,27/15:09,0:53:00,HLP,HLP,008,10,1,1,NML,4,2025
3661.,B738,PKGFQ,GIA,GIA330,GIA331,27/14:14,27/14:18,27/15:06,27/15:16,0:48:00,HLP,HLP,005,10,1,1,NML,4,2025
3662.,B739,PKLSU,LNI,LNI707,LNI642,27/14:17,27/14:20,27/15:24,27/15:36,1:04:00,UPG,LOP,014,10,1,1,NML,4,2025
3663.,A320,PKGQI,CTV,CTV699,CTV434,27/14:52,27/14:56,27/15:32,27/15:42,0:36:00,DPS,BPN,006,10,1,1,NML,4,2025
3664.,B739,PKLHI,LNI,LNI919,LNI920,27/15:59,27/16:03,27/16:50,27/17:02,0:47:00,DPS,DPS,016,10,1,1,NML,4,2025
3665.,A320,PKBLA,BTK,BTK7501,BTK7512,27/15:06,27/15:10,27/15:56,27/16:11,0:46:00,HLP,HLP,008,10,1,1,NML,4,2025
3666.,B738,PKLOP,LNI,LNI749,LNI581,27/15:11,27/15:13,27/16:03,27/16:13,0:50:00,MDC,CGK,011,10,1,1,NML,4,2025
3667.,B738,9MMLV,MAS,MAS873,MAS872,27/14:43,27/14:48,27/15:40,27/15:53,0:52:00,KUL,KUL,A07,10,1,1,NML,4,2025
3668.,A320,PKSAA,SJV,SJV641,SJV672,27/13:45,27/13:50,27/15:57,27/16:06,2:07:00,AAP,BEJ,021,10,0,0,NML,4,2025
3669.,A320,PKBKV,BTK,BTK6347,BTK6401,27/15:20,27/15:24,27/16:22,27/16:36,0:58:00,BEJ,CGK,009,10,1,1,NML,4,2025
3670.,B735,PKNAQ,LKN,LKN243,LKN192,27/15:33,27/15:36,27/16:16,27/16:25,0:40:00,SMQ,PKN,012,10,1,1,NML,4,2025
3671.,B739,PKLSL,LNI,LNI261,LNI316,27/15:39,27/15:44,27/16:33,27/16:48,0:49:00,BPN,BDJ,017,10,1,1,NML,4,2025
3672.,B738,PKGMF,GIA,GIA310,GIA315,27/15:51,27/15:54,27/16:46,27/16:58,0:52:00,CGK,CGK,004,10,1,1,NML,4,2025
3673.,B739,PKLHS,LNI,LNI695,LNI268,27/15:56,27/15:59,27/16:54,27/17:06,0:55:00,KOE,TRK,014,10,1,1,NML,4,2025
3674.,A320,PKPWN,PAS,PAS206,PAS623,27/15:44,27/15:47,27/16:35,27/16:46,0:48:00,CGK,BPN,005,10,1,1,NML,4,2025
3675.,A320,PKGLY,CTV,CTV174,CTV418,27/15:47,27/15:51,27/16:52,27/17:04,1:01:00,HLP,PNK,007,10,1,1,NML,4,2025
3676.,B739,PKLGM,LNI,LNI692,LNI692,27/16:53,27/16:57,27/17:52,27/18:10,0:55:00,CGK,KOE,012,10,1,1,NML,4,2025
3677.,A320,PKGQG,CTV,CTV495,CTV721,27/16:04,27/16:09,27/16:47,27/17:00,0:38:00,BDJ,CGK,008,10,1,1,NML,4,2025
3678.,A320,PKGQN,CTV,CTV669,CTV488,27/16:16,27/16:20,27/16:59,27/17:10,0:39:00,DPS,BDJ,006,10,1,1,NML,4,2025
3679.,A320,PKLAT,BTK,BTK6406,BTK6220,27/16:33,27/16:37,27/17:23,27/17:33,0:46:00,CGK,BPN,010,10,1,1,NML,4,2025
3680.,B739,PKLGV,LNI,LNI681,LNI226,27/16:38,27/16:42,27/18:44,27/18:57,2:02:00,PKY,BDJ,015,10,1,1,NML,4,2025
3681.,A320,PKBKL,BTK,BTK6578,BTK7579,27/17:48,27/17:51,27/18:51,27/19:04,1:00:00,CGK,CGK,014,10,1,1,NML,4,2025
3682.,B738,PKLSF,LNI,LNI879,LNI838,27/15:26,27/15:31,27/17:35,27/17:51,2:04:00,AMQ,PNK,020,10,0,0,NML,4,2025
3683.,A320,PKAZL,AWQ,AWQ323,AWQ326,27/16:55,27/17:00,27/17:35,27/17:44,0:35:00,KUL,KUL,A03,10,1,1,NML,4,2025
"3684.,AW139,PKTVN,TVR,PKTVN,PKTVN,16/14:58,16/15:03,27/18:32,27/18:40,""11 days, 3:29:00"",ZZZZ,ZZZZ,H02,10,0,0,NML,4,2025"
3685.,A320,PKSTI,SJV,SJV703,SJV708,27/17:18,27/17:23,27/18:13,27/18:25,0:50:00,DPS,DPS,011,10,1,1,NML,4,2025
3686.,A320,PKPWD,PAS,PAS622,PAS207,27/17:23,27/17:26,27/18:17,27/18:33,0:51:00,BPN,CGK,006,10,1,1,NML,4,2025
3687.,B738,PKGUF,GIA,GIA349,GIA313,27/17:31,27/17:36,27/18:26,27/18:39,0:50:00,DPS,CGK,005,10,1,1,NML,4,2025
3688.,A320,PKSJU,SJV,SJV725,SJV716,27/17:42,27/17:45,27/18:30,27/18:41,0:45:00,LBJ,LOP,010,10,1,1,NML,4,2025
3689.,B735,PKCLE,SJY,SJY567,SJY562,27/17:56,27/18:00,27/18:38,27/18:51,0:38:00,UPG,UPG,012,10,1,1,NML,4,2025
3690.,A320,PKLAM,BTK,BTK7503,BTK7502,27/17:35,27/17:38,27/18:34,27/18:49,0:56:00,HLP,HLP,009,10,1,1,NML,4,2025
3691.,A320,PKGLT,CTV,CTV172,CTV173,27/18:00,27/18:06,27/18:56,27/19:07,0:50:00,HLP,HLP,008,10,1,1,NML,4,2025
3692.,B738,PKGUH,GIA,GIA320,GIA325,27/17:27,27/17:30,27/18:48,27/19:01,1:18:00,CGK,CGK,004,10,1,1,NML,4,2025
3693.,B738MAX,9VMBE,SIA,SIA928,SIA929,27/18:23,27/18:29,27/19:23,27/19:35,0:54:00,SIN,SIN,A06,10,1,1,NML,4,2025
3694.,A320,PKGLG,CTV,CTV949,CTV494,27/19:31,27/19:35,27/20:13,27/20:26,0:38:00,BTH,BDJ,009,10,1,1,NML,4,2025
3695.,A320,PKGQU,CTV,CTV736,CTV352,27/19:02,27/19:06,27/19:49,27/20:09,0:43:00,CGK,UPG,007,10,1,1,NML,4,2025
3696.,AW139,PKTVN,TVR,PKTVN,PKTVN,27/19:04,27/19:08,27/19:23,27/19:30,0:15:00,ZZZZ,ZZZZ,H02,10,0,0,NML,4,2025
3697.,B788,9VOJE,TGW,TGW266,TGW267,27/18:31,27/18:37,27/19:44,27/19:58,1:07:00,SIN,SIN,A07,10,1,1,NML,4,2025
3698.,A320,PKGQF,CTV,CTV489,CTV693,27/19:13,27/19:16,27/19:54,27/20:10,0:38:00,BDJ,DPS,006,10,1,1,NML,4,2025
3699.,B739,PKLHP,LNI,LNI687,LNI880,27/18:28,27/18:34,27/19:47,27/20:04,1:13:00,PKY,UPG,016,10,1,1,NML,4,2025
3700.,A320,PKBLA,BTK,BTK7519,BTK7518,27/19:25,27/19:28,27/20:09,27/20:25,0:41:00,HLP,HLP,011,10,1,1,NML,4,2025
3701.,A320,PKPWE,PAS,PAS202,PAS203,27/18:59,27/19:02,27/19:43,27/20:03,0:41:00,CGK,CGK,005,10,1,1,NML,4,2025
3702.,B738,PKGMM,GIA,GIA326,GIA319,27/19:09,27/19:15,27/19:59,27/20:17,0:44:00,CGK,CGK,004,10,1,1,NML,4,2025
3703.,A320,PKGQI,CTV,CTV435,CTV737,27/19:21,27/19:24,27/20:09,27/20:19,0:45:00,BPN,CGK,008,10,1,1,NML,4,2025
3704.,B738,PKLBW,BTK,BTK6586,BTK6587,27/19:45,27/19:49,27/20:39,27/20:51,0:50:00,CGK,CGK,010,10,1,1,NML,4,2025
3705.,A320,PKGQE,CTV,CTV724,CTV354,27/20:34,27/20:40,27/21:26,27/21:37,0:46:00,CGK,UPG,007,10,1,1,NML,4,2025
3706.,A320,PKLUW,BTK,BTK6137,BTK6136,27/19:48,27/19:56,27/21:55,27/22:04,1:59:00,UPG,UPG,012,10,1,1,NML,4,2025
3707.,B738,PKLJQ,LNI,LNI885,LNI878,27/19:38,27/19:42,28/05:05,28/05:15,9:23:00,UPG,AMQ,018,28,0,0,NML,4,2025
3708.,A320,PKLZH,BTK,BTK7521,BTK7508,27/20:22,27/20:25,28/04:55,28/05:05,8:30:00,HLP,HLP,015,28,1,1,NML,4,2025
3709.,A320,PKAZJ,AWQ,AWQ325,AWQ320,27/19:17,27/19:23,28/05:00,28/05:12,9:37:00,KUL,KUL,A01,28,1,1,NML,4,2025
3710.,A320,PKSAA,SJV,SJV673,SJV610,27/20:06,27/20:10,28/04:59,28/05:10,8:49:00,BEJ,BPN,017,28,1,1,NML,4,2025
3711.,B739,PKLFY,LNI,LNI972,LNI786,27/17:38,27/17:42,28/05:08,28/05:18,11:26:00,BTH,UPG,021,28,0,0,NML,4,2025
3712.,B738,PKGMY,GIA,GIA328,GIA301,27/19:56,27/20:00,28/05:12,28/05:20,9:12:00,CGK,CGK,005,28,1,1,NML,4,2025
3713.,A320,PKGQG,CTV,CTV720,CTV430,27/20:44,27/20:47,28/05:04,28/05:14,8:17:00,CGK,BPN,008,28,1,1,NML,4,2025
3714.,A320,PKLAT,BTK,BTK6221,BTK6132,27/21:09,27/21:13,28/05:16,28/05:25,8:03:00,BPN,LOP,010,28,1,1,NML,4,2025
3715.,A320,PKGLP,CTV,CTV726,CTV725,27/19:41,27/19:47,28/05:43,28/05:55,9:56:00,CGK,CGK,003,28,0,0,NML,4,2025
3716.,B739,PKLQT,LNI,LNI690,LNI690,28/05:08,28/05:13,28/05:54,28/06:05,0:41:00,CGK,KOE,012,28,1,1,NML,4,2025
3717.,B738,PKLKP,LNI,LNI727,LNI868,27/18:07,27/18:10,28/05:56,28/06:07,11:46:00,KDI,TTE,022,28,0,0,NML,4,2025
3718.,A320,PKSTA,SJV,SJV619,SJV706,27/16:08,27/16:11,28/06:10,28/06:20,13:59:47,BPN,DPS,025,28,0,0,NML,4,2025
3719.,A320,PKSJD,SJV,SJV637,SJV640,27/15:30,27/15:33,28/06:05,28/06:14,14:32:00,BDJ,AAP,023,28,0,0,NML,4,2025
3720.,A320,PKLUS,BTK,BTK6588,BTK6589,27/22:18,27/22:21,28/05:54,28/06:03,7:33:00,CGK,CGK,011,28,1,1,NML,4,2025
3721.,B739,PKLSU,LNI,LNI865,LNI266,27/18:11,27/18:17,28/06:00,28/06:09,11:43:00,LOP,BPN,026,28,0,0,NML,4,2025
3722.,A320,V8RBG,RBA,RBA795,RBA796,27/20:00,27/20:07,28/05:46,28/05:58,9:39:00,BWN,BWN,A06,28,1,1,NML,4,2025
3723.,A320,PKGQU,CTV,CTV353,CTV484,28/05:01,28/05:10,28/05:51,28/05:59,0:41:00,UPG,BDJ,007,28,1,1,NML,4,2025
3724.,A320,PKPWC,PAS,PAS212,PAS213,27/20:28,27/20:32,28/06:00,28/06:13,9:28:00,CGK,CGK,006,28,1,1,NML,4,2025
3725.,A320,PKBKY,BTK,BTK6413,BTK6412,27/20:38,27/20:43,28/06:19,28/06:29,9:36:00,DPS,DPS,014,28,1,1,NML,4,2025
3726.,A320,PKSTI,SJV,SJV727,SJV634,27/20:49,27/20:53,28/06:29,28/06:39,9:36:35,DPS,BDJ,020,28,0,0,NML,4,2025
3727.,A320,PKSAE,SJV,SJV643,SJV566,27/14:57,27/15:02,28/06:56,28/07:13,15:54:25,AAP,PLW,024,28,0,0,NML,4,2025
3728.,A320,PKLAL,BTK,BTK6370,BTK6597,28/06:17,28/06:23,28/07:09,28/07:20,0:46:07,CGK,CGK,009,28,1,1,NML,4,2025
3729.,A320,PKSJI,SJV,SJV717,SJV618,28/05:56,28/06:02,28/06:57,28/07:15,0:55:00,LOP,BPN,010,28,1,1,NML,4,2025
3730.,C208,VHXA2,EAA,VHXA2,VHXA2,27/10:56,27/11:00,28/07:22,28/07:25,20:21:09,BME,KNO,C01,28,0,0,NML,4,2025
3731.,A320,PKLUU,BTK,BTK6594,BTK6135,27/20:11,27/20:16,28/06:59,28/07:16,10:43:00,CGK,PKN,016,28,1,1,NML,4,2025
3732.,B739,PKLFF,LNI,LNI311,LNI971,28/05:52,28/05:59,28/06:54,28/07:06,0:55:39,BDJ,BTH,015,28,1,1,NML,4,2025
3733.,B738,PKGFG,GIA,GIA324,GIA305,27/21:04,27/21:08,28/06:55,28/07:08,9:47:00,CGK,CGK,004,28,1,1,NML,4,2025
3734.,B738,PKGNE,GIA,GIA855,GIA854,27/20:15,27/20:20,28/07:00,28/07:18,10:40:00,SIN,SIN,A02,28,1,1,NML,4,2025
3735.,A320,PKLAM,BTK,BTK7511,BTK7510,28/06:37,28/06:41,28/07:24,28/07:35,0:43:00,HLP,HLP,011,10,1,1,NML,4,2025
3736.,A320,PKAZL,AWQ,AWQ327,AWQ392,27/23:04,27/23:09,28/07:25,28/07:37,8:16:00,KUL,JHB,A07,10,1,1,NML,4,2025
3737.,A320,PKGQF,CTV,CTV690,CTV460,28/06:46,28/06:54,28/07:43,28/07:58,0:49:52,DPS,AAP,006,10,1,1,NML,4,2025
3738.,B739,PKLGM,LNI,LNI693,LNI693,28/06:53,28/06:59,28/07:45,28/08:02,0:46:00,KOE,CGK,014,10,1,1,NML,4,2025
"3739.,C208,PKVVM,SUS,PKVVM,PKVVM,25/09:08,25/09:11,28/08:07,28/08:16,""2 days, 22:56:56"",BXW,BXW,C07,10,0,0,NML,4,2025"
3740.,A21N,B32L0,CSN,CSN8137,CSN8138,27/21:12,27/21:19,28/07:41,28/07:54,10:22:00,CAN,CAN,A03,10,1,1,NML,4,2025
3741.,A320,PKGLT,CTV,CTV170,CTV175,28/07:11,28/07:19,28/08:04,28/08:22,0:45:39,HLP,HLP,007,10,1,1,NML,4,2025
3742.,C172,PKRTK,GEN,PKRTK,PKRTK,27/15:20,27/15:29,28/08:15,28/08:25,16:46:00,AAP,CJN,C06,28,0,0,NML,4,2025
3743.,A333,BHLN,CPA,CPA779,CPA780,27/18:17,27/18:23,28/08:13,28/08:31,13:50:00,HKG,HKG,A08,10,1,1,NML,4,2025
3744.,B739,PKLHI,LNI,LNI929,LNI990,28/07:04,28/07:09,28/08:24,28/08:37,1:15:21,DPS,DPS,012,10,1,1,NML,4,2025
3745.,B738,PKLDM,MXD,MXD352,MXD353,27/19:28,27/19:35,28/08:49,28/09:04,13:14:00,KUL,KUL,A04,10,1,1,NML,4,2025
3746.,A320,PKGQE,CTV,CTV355,CTV171,28/08:00,28/08:03,28/08:45,28/09:02,0:42:00,UPG,HLP,005,10,1,1,NML,4,2025
3747.,B739,PKLHR,LNI,LNI315,LNI222,28/07:56,28/08:00,28/08:48,28/09:08,0:48:28,BDJ,BDJ,011,10,1,1,NML,4,2025
3748.,A320,PKLAT,BTK,BTK6133,BTK6391,28/08:04,28/08:08,28/08:49,28/09:12,0:41:00,LOP,CGK,008,10,1,1,NML,4,2025
3749.,B739,PKLHS,LNI,LNI267,LNI856,28/07:30,28/07:32,28/08:53,28/08:59,1:21:00,TRK,PLM,017,10,1,1,NML,4,2025
3750.,AW139,PKTVN,TVR,PKTVN,PKTVN,27/19:36,27/19:40,28/09:31,28/09:38,13:51:00,ZZZZ,ZZZZ,H02,10,0,0,NML,4,2025
3751.,B739,PKLHS,LNI,LNI856A,LNI856A,28/09:32,28/09:40,28/10:41,28/10:51,1:01:15,SUB,PLM,025,10,0,0,NML,4,2025
3752.,B738,PKLSF,LNI,LNI837,LNI748,28/07:52,28/07:56,28/08:57,28/09:33,1:01:00,PNK,MDC,010,10,1,1,NML,4,2025
3753.,B739,PKLHM,LNI,LNI683,LNI682,28/08:09,28/08:13,28/08:57,28/09:32,0:44:00,PKY,PKY,015,10,1,1,NML,4,2025
3754.,B738,PKGUF,GIA,GIA304,GIA342,28/08:14,28/08:18,28/09:16,28/09:35,0:58:00,CGK,DPS,004,10,1,1,NML,4,2025
3755.,A320,PKPWK,PAS,PAS200,PAS201,28/08:34,28/08:38,28/09:32,28/09:54,0:54:00,CGK,CGK,006,10,1,1,NML,4,2025
3756.,A320,PKGQU,CTV,CTV485,CTV486,28/08:38,28/08:42,28/09:23,28/09:40,0:41:00,BDJ,BDJ,007,10,1,1,NML,4,2025
3757.,B206,PKJTJ,APU,PKJTJ,PKJTJ,28/08:00,28/08:22,28/09:34,28/09:39,1:11:33,SUB,ZZZZ,A09,10,0,0,NML,4,2025
3758.,A320,PKSTA,SJV,SJV703,SJV702,28/09:10,28/09:14,28/09:59,28/10:14,0:45:00,DPS,DPS,011,10,1,1,NML,4,2025
3759.,B737MAX,9MMVK,MAS,MAS871,MAS870,28/08:58,28/09:04,28/09:53,28/10:05,0:49:00,KUL,KUL,A07,10,1,1,NML,4,2025
3760.,A320,PKGQL,CTV,CTV417,CTV715,28/09:06,28/09:11,28/09:55,28/10:11,0:44:00,PNK,CGK,005,10,1,1,NML,4,2025
3761.,A359,9VSHO,SIA,SIA922,SIA923,28/09:00,28/09:01,28/10:03,28/10:16,1:02:00,SIN,SIN,A08,10,1,1,NML,4,2025
3762.,A320,PKBKQ,BTK,BTK6584,BTK6585,28/09:29,28/09:35,28/10:22,28/10:33,0:47:00,CGK,CGK,009,10,1,1,NML,4,2025
3763.,A320,PKGLU,CTV,CTV351,CTV350,28/09:19,28/09:23,28/10:14,28/10:25,0:51:00,UPG,UPG,008,10,1,1,NML,4,2025
3764.,B739,PKLGL,LNI,LNI970,LNI706,28/09:37,28/09:41,28/10:31,28/10:44,0:50:00,BTH,UPG,012,10,1,1,NML,4,2025
3765.,B739,PKLSU,LNI,LNI367,LNI262,28/09:46,28/09:50,28/10:39,28/10:49,0:49:00,BPN,BPN,014,10,1,1,NML,4,2025
3766.,A320,PKPWC,PAS,PAS210,PAS211,28/09:50,28/09:56,28/10:42,28/11:02,0:46:00,CGK,CGK,006,10,1,1,NML,4,2025
3767.,B739,PKLFY,LNI,LNI791,LNI973,28/09:41,28/09:45,28/10:50,28/11:05,1:05:00,UPG,BTH,016,10,1,1,NML,4,2025
3768.,A320,PKLUU,BTK,BTK6134,BTK6346,28/09:49,28/09:53,28/10:42,28/10:53,0:49:56,PKN,BEJ,010,10,1,1,NML,4,2025
3769.,A320,PKLUT,BTK,BTK7513,BTK7516,28/10:04,28/10:06,28/10:46,28/10:59,0:40:00,HLP,HLP,017,10,1,1,NML,4,2025
3770.,B739,PKLHH,LNI,LNI363,LNI822,28/06:24,28/06:28,28/11:15,28/11:24,4:46:11,BPN,LOP,021,10,0,0,NML,4,2025
3771.,A320,PKSJD,SJV,SJV641,SJV642,28/09:55,28/09:59,28/11:54,28/12:05,1:55:08,AAP,AAP,018,10,0,0,NML,4,2025
3772.,B739,PKLQT,LNI,LNI697,LNI694,28/10:24,28/10:27,28/11:19,28/11:29,0:52:59,KOE,KOE,011,10,1,1,NML,4,2025
3773.,B739,PKLGR,LNI,LNI694,LNI697,28/10:18,28/10:22,28/11:22,28/11:32,1:00:00,CGK,CGK,015,10,1,1,NML,4,2025
3774.,A320,PKAZJ,AWQ,AWQ321,AWQ322,28/10:28,28/10:32,28/11:10,28/11:18,0:38:19,KUL,KUL,A03,10,1,1,NML,4,2025
3775.,A320,PKLAM,BTK,BTK7517,BTK7520,28/10:42,28/10:46,28/11:33,28/11:52,0:47:10,HLP,HLP,008,10,1,1,NML,4,2025
3776.,B738,PKGMX,GIA,GIA322,GIA327,28/10:08,28/10:14,28/12:36,28/12:48,2:22:00,CGK,CGK,004,10,1,1,NML,4,2025
3777.,B738,PKLZM,MXD,MXD350,MXD351,28/10:35,28/10:40,28/11:33,28/11:43,0:53:45,KUL,KUL,A04,10,1,1,NML,4,2025
3778.,A320,PKGQF,CTV,CTV461,CTV698,28/11:50,28/11:55,28/12:39,28/12:51,0:44:00,AAP,DPS,006,10,1,1,NML,4,2025
3779.,B739,PKLHI,LNI,LNI805,LNI804,28/11:16,28/11:18,28/12:07,28/12:20,0:49:00,DPS,DPS,012,10,1,1,NML,4,2025
3780.,A320,PKLUI,BTK,BTK6582,BTK6581,28/12:03,28/12:06,28/12:50,28/13:00,0:44:00,CGK,CGK,009,10,1,1,NML,4,2025
3781.,A320,PKGQM,CTV,CTV9692,CTV9693,28/11:40,28/11:45,28/12:22,28/12:39,0:37:00,DPS,DPS,007,10,1,1,NML,4,2025
3782.,B739,PKLQS,LNI,LNI801,LNI780,28/11:36,28/11:38,28/13:12,28/13:22,1:34:00,UPG,UPG,011,10,1,1,NML,4,2025
3783.,A320,PKSAE,SJV,SJV567,SJV636,28/12:08,28/12:13,28/13:26,28/13:40,1:13:00,PLW,BDJ,010,10,1,1,NML,4,2025
3784.,B739,PKLHR,LNI,LNI223,LNI680,28/11:53,28/11:57,28/13:16,28/13:28,1:19:00,BDJ,PKY,014,10,1,1,NML,4,2025
3785.,B735,PKNAT,LKN,LKN193,LKN242,28/11:57,28/11:59,28/12:34,28/12:45,0:35:00,PKN,SMQ,008,10,1,1,NML,4,2025
3786.,A320,PKBKM,BTK,BTK6596,BTK6595,28/12:25,28/12:28,28/13:28,28/13:42,1:00:00,CGK,CGK,020,10,0,0,NML,4,2025
3787.,A320,PKAZL,AWQ,AWQ393,AWQ324,28/12:33,28/12:38,28/13:25,28/13:34,0:47:00,JHB,KUL,A03,10,1,1,NML,4,2025
3788.,B738,PKLKP,LNI,LNI869,LNI722,28/12:17,28/12:21,28/13:41,28/13:51,1:20:00,TTE,KDI,021,10,0,0,NML,4,2025
3789.,A320,PKGLG,CTV,CTV722,CTV723,28/12:29,28/12:34,28/13:25,28/13:36,0:51:00,CGK,CGK,007,10,1,1,NML,4,2025
3790.,A320,PKGQU,CTV,CTV487,CTV668,28/12:21,28/12:25,28/13:28,28/13:43,1:03:00,BDJ,DPS,005,10,1,1,NML,4,2025
3791.,B738,PKLQZ,LNI,LNI839,LNI836,28/12:57,28/13:00,28/13:55,28/14:06,0:55:00,PNK,PNK,012,10,1,1,NML,4,2025
3792.,A320,PKGQG,CTV,CTV431,CTV948,28/13:32,28/13:36,28/14:23,28/14:35,0:47:00,BPN,BTH,007,10,1,1,NML,4,2025
3793.,B738,PKGUH,GIA,GIA312,GIA317,28/13:38,28/13:41,28/14:38,28/14:51,0:57:00,CGK,CGK,004,10,1,1,NML,4,2025
3794.,B739,PKLHH,LNI,LNI823,LNI260,28/14:07,28/14:11,28/15:01,28/15:16,0:50:00,LOP,BPN,014,10,1,1,NML,4,2025
3795.,A320,9VJSL,JSA,JSA247,JSA248,28/13:48,28/13:53,28/14:52,28/15:15,0:59:00,SIN,SIN,A07,10,1,1,NML,4,2025
3796.,A320,PKLZH,BTK,BTK7515,BTK7514,28/13:58,28/14:03,28/14:49,28/14:58,0:46:00,HLP,HLP,009,10,1,1,NML,4,2025
3797.,A320,PKPWE,PAS,PAS208,PAS209,28/13:44,28/13:48,28/14:50,28/15:02,1:02:00,CGK,CGK,006,10,1,1,NML,4,2025
3798.,B739,PKLSU,LNI,LNI261,LNI642,28/14:12,28/14:16,28/15:09,28/15:21,0:53:00,BPN,LOP,011,10,1,1,NML,4,2025
3799.,B738,PKGUI,GIA,GIA330,GIA331,28/14:04,28/14:08,28/15:03,28/15:19,0:55:00,HLP,HLP,005,10,1,1,NML,4,2025
3800.,A320,PKGQF,CTV,CTV699,CTV434,28/15:12,28/15:16,28/15:52,28/16:05,0:36:00,DPS,BPN,007,10,1,1,NML,4,2025
3801.,A320,PKSAA,SJV,SJV611,SJV614,28/08:29,28/08:32,28/15:26,28/15:35,6:54:00,BPN,BPN,022,10,0,0,NML,4,2025
3802.,B739,PKLHI,LNI,LNI919,LNI920,28/14:56,28/15:00,28/15:52,28/16:04,0:52:00,DPS,DPS,015,10,1,1,NML,4,2025
3803.,A320,PKLUZ,BTK,BTK7501,BTK7512,28/14:51,28/14:54,28/15:39,28/15:52,0:45:00,HLP,HLP,012,10,1,1,NML,4,2025
3804.,B738,PKLSF,LNI,LNI749,LNI581,28/15:17,28/15:21,28/16:05,28/16:19,0:44:00,MDC,CGK,014,10,1,1,NML,4,2025
3805.,A320,PKLUV,BTK,BTK6406,BTK6401,28/14:32,28/14:37,28/16:02,28/16:14,1:25:00,CGK,CGK,010,10,1,1,NML,4,2025
3806.,B739,PKLHS,LNI,LNI857,LNI316,28/14:47,28/14:51,28/16:31,28/16:38,1:40:00,PLM,BDJ,025,10,0,0,NML,4,2025
3807.,B735,PKNAT,LKN,LKN243,LKN192,28/15:27,28/15:30,28/16:10,28/16:24,0:40:00,SMQ,PKN,009,10,1,1,NML,4,2025
3808.,B738,PKGUG,GIA,GIA310,GIA315,28/15:23,28/15:26,28/16:25,28/16:34,0:59:00,CGK,CGK,004,10,1,1,NML,4,2025
3809.,B738MAX,9VMBB,SIA,SIA926,SIA927,28/15:29,28/15:34,28/16:25,28/16:33,0:51:00,SIN,SIN,A08,10,1,1,NML,4,2025
3810.,B739,PKLQT,LNI,LNI695,LNI268,28/15:49,28/15:53,28/16:46,28/17:00,0:53:00,KOE,TRK,016,10,1,1,NML,4,2025
3811.,A320,PKPWG,PAS,PAS206,PAS623,28/15:37,28/15:40,28/16:37,28/16:48,0:57:00,CGK,BPN,005,10,1,1,NML,4,2025
3812.,A320,PKGLY,CTV,CTV495,CTV721,28/15:42,28/15:47,28/16:43,28/16:56,0:56:00,BDJ,CGK,008,10,1,1,NML,4,2025
3813.,A320,PKGQE,CTV,CTV174,CTV418,28/16:02,28/16:06,28/17:00,28/17:08,0:54:00,HLP,PNK,006,10,1,1,NML,4,2025
3814.,B739,PKLGU,LNI,LNI692,LNI692,28/15:59,28/16:02,28/16:52,28/17:02,0:50:00,CGK,KOE,012,10,1,1,NML,4,2025
3815.,A320,PKGQM,CTV,CTV669,CTV488,28/16:12,28/16:20,28/16:55,28/17:04,0:35:00,DPS,BDJ,007,10,1,1,NML,4,2025
3816.,B739,PKLFF,LNI,LNI972,LNI226,28/16:58,28/17:03,28/17:43,28/17:56,0:40:00,BTH,BDJ,014,10,1,1,NML,4,2025
3817.,A320,PKLAZ,BTK,BTK6578,BTK7579,28/16:54,28/16:57,28/17:36,28/17:49,0:39:00,CGK,CGK,009,10,1,1,NML,4,2025
3818.,B738,PKLJQ,LNI,LNI879,LNI838,28/15:10,28/15:13,28/17:32,28/17:45,2:19:00,AMQ,PNK,018,10,0,0,NML,4,2025
3819.,A320,PKAZJ,AWQ,AWQ323,AWQ326,28/16:51,28/16:55,28/17:31,28/17:40,0:36:00,KUL,KUL,A03,10,1,1,NML,4,2025
3820.,A320,PKSTA,SJV,SJV723,SJV708,28/17:37,28/17:40,28/18:37,28/18:44,0:57:00,DPS,DPS,017,10,1,1,NML,4,2025
3821.,A320,PKPWC,PAS,PAS622,PAS207,28/17:27,28/17:30,28/18:13,28/18:22,0:43:00,BPN,CGK,006,10,1,1,NML,4,2025
3822.,B738,PKGUF,GIA,GIA349,GIA313,28/17:21,28/17:24,28/18:24,28/18:34,1:00:00,DPS,CGK,004,10,1,1,NML,4,2025
3823.,A320,PKSJI,SJV,SJV619,SJV716,28/16:40,28/16:45,28/18:31,28/18:41,1:46:00,BPN,LOP,010,10,1,1,NML,4,2025
3824.,A320,PKLUT,BTK,BTK7503,BTK7502,28/18:13,28/18:16,28/18:50,28/19:05,0:34:00,HLP,HLP,008,10,1,1,NML,4,2025
3825.,B738,PKCRH,SJY,SJY567,SJY562,28/17:57,28/18:00,28/18:45,28/18:59,0:45:00,UPG,UPG,011,10,1,1,NML,4,2025
3826.,B738,PKGMP,GIA,GIA320,GIA325,28/17:33,28/17:35,28/18:47,28/19:03,1:12:00,CGK,CGK,005,10,1,1,NML,4,2025
3827.,B738MAX,9VMBH,SIA,SIA928,SIA929,28/18:28,28/18:33,28/19:17,28/19:30,0:44:00,SIN,SIN,A07,10,1,1,NML,4,2025
3828.,A320,PKGTK,CTV,CTV736,CTV352,28/18:39,28/18:43,28/19:20,28/19:33,0:37:00,CGK,UPG,007,10,1,1,NML,4,2025
3829.,A320,PKGLG,CTV,CTV489,CTV693,28/19:25,28/19:28,28/20:10,28/20:21,0:42:00,BDJ,DPS,010,10,1,1,NML,4,2025
3830.,B739,PKLSU,LNI,LNI865,LNI880,28/17:46,28/17:50,28/19:41,28/19:53,1:51:00,LOP,UPG,012,10,1,1,NML,4,2025
3831.,A320,PKLUZ,BTK,BTK7519,BTK7518,28/18:48,28/18:52,28/19:34,28/19:45,0:42:00,HLP,HLP,009,10,1,1,NML,4,2025
3832.,A320,PKGLS,CTV,CTV949,CTV494,28/19:19,28/19:23,28/20:21,28/20:41,0:58:00,BTH,BDJ,006,10,1,1,NML,4,2025
3833.,A320,PKGQF,CTV,CTV435,CTV737,28/19:22,28/19:26,28/20:30,28/20:33,1:04:00,BPN,CGK,005,10,1,1,NML,4,2025
3834.,B738,PKGUA,GIA,GIA326,GIA319,28/18:57,28/19:02,28/19:57,28/20:10,0:55:00,CGK,CGK,004,10,1,1,NML,4,2025
3835.,A320,PKGQA,CTV,CTV724,CTV354,28/19:11,28/19:16,28/20:22,28/20:35,1:06:00,CGK,UPG,003,10,0,0,NML,4,2025
3836.,A320,PKLUV,BTK,BTK6594,BTK6136,28/20:11,28/20:14,28/21:42,28/21:53,1:28:00,CGK,UPG,011,10,1,1,NML,4,2025
3837.,B738,PKLOP,LNI,LNI885,LNI878,28/18:51,28/18:54,29/05:05,29/05:18,10:11:00,UPG,AMQ,017,28,1,1,NML,4,2025
3838.,A320,PKSJD,SJV,SJV643,SJV610,28/15:33,28/15:37,29/05:02,29/05:10,13:25:00,AAP,BPN,021,28,0,0,NML,4,2025
3839.,A320,PKBKR,BTK,BTK6137,BTK7508,28/19:42,28/19:47,29/05:02,29/05:11,9:15:00,UPG,HLP,015,28,1,1,NML,4,2025
3840.,A320,PKAZJ,AWQ,AWQ327,AWQ320,28/23:11,28/23:16,29/05:00,29/05:14,5:44:00,KUL,KUL,A06,28,1,1,NML,4,2025
3841.,B739,PKLHR,LNI,LNI681,LNI786,28/16:22,28/16:27,29/05:04,29/05:16,12:37:00,PKY,UPG,023,28,0,0,NML,4,2025
3842.,A320,PKGLY,CTV,CTV720,CTV430,28/20:03,28/20:06,29/04:57,29/05:10,8:51:00,CGK,BPN,009,28,1,1,NML,4,2025
3843.,B738,PKGNE,GIA,GIA855,GIA301,28/20:06,28/23:13,29/05:09,29/05:20,8:57:00,SIN,CGK,007,28,1,1,NML,4,2025
3844.,B739,PKLVF,LNI,LNI690,LNI690,29/05:05,29/05:10,29/05:53,29/06:03,0:43:00,CGK,KOE,011,28,1,1,NML,4,2025
3845.,A320,PKGQL,CTV,CTV726,CTV725,28/20:57,28/21:01,29/05:38,29/05:53,8:37:00,CGK,CGK,005,28,1,1,NML,4,2025
3846.,B739,PKLFO,LNI,LNI6003,LNI266,28/18:16,28/18:20,29/06:10,29/06:29,11:50:00,SOC,BPN,018,28,0,0,NML,4,2025
3847.,A320,V8RBB,RBA,RBA795,RBA796,28/19:56,28/20:02,29/05:52,29/06:14,9:50:00,BWN,BWN,A07,28,1,1,NML,4,2025
3848.,A320,PKSTA,SJV,SJV727,SJV706,28/21:06,28/21:09,29/06:00,29/06:21,8:51:00,DPS,DPS,014,28,1,1,NML,4,2025
3849.,A320,PKLUU,BTK,BTK6347,BTK6589,28/15:07,28/15:11,29/05:54,29/06:11,14:43:00,BEJ,CGK,020,28,0,0,NML,4,2025
3850.,A320,PKSAE,SJV,SJV637,SJV640,28/16:16,28/16:19,29/06:10,29/06:30,13:51:00,BDJ,AAP,022,28,0,0,NML,4,2025
3851.,B739,PKLGL,LNI,LNI707,LNI882,28/14:22,29/03:32,29/06:00,29/06:23,15:34:00,UPG,UPG,024,28,0,0,NML,4,2025
3852.,B738,PKLKP,LNI,LNI727,LNI868,28/17:54,28/17:57,29/06:05,29/06:25,12:08:00,KDI,TTE,025,28,0,0,NML,4,2025
3853.,A320,PKGQA,CTV,CTV353,CTV484,29/05:02,29/05:08,29/05:54,29/06:06,0:46:00,UPG,BDJ,009,28,1,1,NML,4,2025
3854.,A320,PKPWN,PAS,PAS212,PAS213,28/20:30,28/20:33,29/05:59,29/06:17,9:26:00,CGK,CGK,006,28,1,1,NML,4,2025
3855.,A320,PKAZL,AWQ,AWQ325,AWQ386,28/19:15,28/19:21,29/06:04,29/06:26,10:43:00,KUL,PEN,A01,28,1,1,NML,4,2025
3856.,B738MAX,PKOFM,AFE,AFE921,AFE921,29/06:10,29/06:16,29/07:03,29/07:20,0:47:00,CGK,TIM,007,28,1,1,NML,4,2025
3857.,A320,PKSJI,SJV,SJV717,SJV566,29/06:04,29/06:09,29/06:52,29/07:02,0:43:00,LOP,PLW,010,28,1,1,NML,4,2025
3858.,A320,PKSAA,SJV,SJV617,SJV612,28/19:01,28/19:04,29/07:07,29/07:24,12:03:00,BPN,BPN,016,28,1,1,NML,4,2025
3859.,C208,PKVVM,SUS,PKVVM,PKVVM,28/10:15,28/10:20,29/07:22,29/07:30,21:02:00,BXW,BXW,C07,28,0,0,NML,4,2025
3860.,A320,PKLAW,BTK,BTK6370,BTK6597,29/06:13,29/06:20,29/07:10,29/07:28,0:50:00,CGK,CGK,009,28,1,1,NML,4,2025
3861.,A320,PKLAM,BTK,BTK7521,BTK6135,28/19:51,28/19:53,29/07:22,29/07:35,11:29:00,HLP,PKN,008,28,1,1,NML,4,2025
3862.,B738,PKGMM,GIA,GIA328,GIA854,28/19:48,28/22:55,29/07:02,29/07:22,11:09:00,CGK,SIN,A02,28,1,1,NML,4,2025
3863.,B738,PKGFG,GIA,GIA324,GIA305,28/21:12,28/21:16,29/07:03,29/07:19,9:47:00,CGK,CGK,004,28,1,1,NML,4,2025
3864.,B739,PKLHS,LNI,LNI311,LNI971,29/06:01,29/06:06,29/06:56,29/07:05,0:50:00,BDJ,BTH,015,28,1,1,NML,4,2025
3865.,A320,PKBKT,BTK,BTK7511,BTK7510,29/06:36,29/06:42,29/07:26,29/07:39,0:44:00,HLP,HLP,011,28,1,1,NML,4,2025
3866.,A320,PKGLG,CTV,CTV690,CTV460,29/06:43,29/06:49,29/07:36,29/07:47,0:47:00,DPS,AAP,005,28,1,1,NML,4,2025
3867.,B739,PKLGU,LNI,LNI693,LNI693,29/06:56,29/07:02,29/07:56,29/08:08,0:54:00,KOE,CGK,017,10,1,1,NML,4,2025
3868.,B739,PKLHI,LNI,LNI929,LNI982,29/06:49,29/06:55,29/07:50,29/08:03,0:55:00,DPS,PKU,014,10,1,1,NML,4,2025
3869.,B739,PKLQT,LNI,LNI267,LNI646,29/07:00,29/07:05,29/08:07,29/08:18,1:02:00,TRK,LOP,018,10,0,0,NML,4,2025
3870.,A21N,B32KY,CSN,CSN8137,CSN8138,28/21:26,28/21:33,29/07:46,29/07:57,10:13:00,CAN,CAN,A03,10,1,1,NML,4,2025
3871.,A320,PKGTD,CTV,CTV170,CTV175,29/07:08,29/07:16,29/07:59,29/08:12,0:43:00,HLP,HLP,007,10,1,1,NML,4,2025
3872.,A333,BLBI,CPA,CPA779,CPA780,28/17:43,28/17:49,29/08:10,29/08:23,14:21:00,HKG,HKG,A08,10,1,1,NML,4,2025
3873.,B739,PKLSO,LNI,LNI363,LNI990,29/06:19,29/06:27,29/08:23,29/08:33,1:56:00,BPN,DPS,021,10,0,0,NML,4,2025
"3874.,DHC6,PKICP,PGT,PKICP,PKICP,26/11:13,26/11:16,29/07:59,29/08:06,""2 days, 20:43:00"",PAG,PAG,028,10,0,0,NML,4,2025"
3875.,H25B,T7HAN,AFSS,T7HAN,T7HAN,29/06:37,29/06:43,29/07:29,29/07:36,0:46:00,CGK,CGK,A09,10,0,0,NML,4,2025
3876.,AW139,PKTVN,TVR,PKTVN,PKTVN,28/14:53,28/14:57,29/08:22,29/08:35,17:25:00,ZZZZ,ZZZZ,H02,10,0,0,NML,4,2025
3877.,A320,PKGQI,CTV,CTV355,CTV171,29/08:10,29/08:14,29/08:47,29/08:59,0:33:00,UPG,HLP,006,10,1,1,NML,4,2025
3878.,B739,PKLHJ,LNI,LNI315,LNI222,29/08:06,29/08:09,29/09:07,29/09:22,0:58:00,BDJ,BDJ,012,10,1,1,NML,4,2025
3879.,B738,PKLZO,MXD,MXD352,MXD353,28/19:38,28/19:43,29/08:51,29/09:00,13:08:00,KUL,KUL,A04,10,1,1,NML,4,2025
3880.,A320,PKSAZ,SJV,SJV649,SJV618,29/07:52,29/07:54,29/08:56,29/09:06,1:02:00,BPN,BPN,010,10,1,1,NML,4,2025
3881.,B738,PKLJQ,LNI,LNI837,LNI748,29/07:48,29/07:53,29/09:01,29/09:10,1:08:00,PNK,MDC,015,10,1,1,NML,4,2025
3882.,B739,PKLHM,LNI,LNI683,LNI682,29/08:01,29/08:05,29/09:05,29/09:16,1:00:00,PKY,PKY,016,10,1,1,NML,4,2025
3883.,B738,PKGUF,GIA,GIA304,GIA342,29/08:25,29/08:29,29/09:19,29/09:33,0:50:00,CGK,DPS,004,10,1,1,NML,4,2025
3884.,A320,PKPWE,PAS,PAS200,PAS201,29/08:14,29/08:17,29/09:14,29/09:26,0:57:00,CGK,CGK,005,10,1,1,NML,4,2025
3885.,A320,PKGQA,CTV,CTV485,CTV486,29/08:35,29/08:38,29/09:15,29/09:25,0:37:00,BDJ,BDJ,007,10,1,1,NML,4,2025
3886.,A320,PKSJD,SJV,SJV611,SJV642,29/08:30,29/08:34,29/09:34,29/09:47,1:00:00,BPN,AAP,011,10,1,1,NML,4,2025
3887.,B738MAX,9MMVE,MAS,MAS871,MAS870,29/08:45,29/08:51,29/09:41,29/09:51,0:50:00,KUL,KUL,A07,10,1,1,NML,4,2025
3888.,A320,PKGLU,CTV,CTV417,CTV715,29/09:03,29/09:05,29/09:55,29/10:09,0:50:00,PNK,CGK,006,10,1,1,NML,4,2025
3889.,A359,9VSHG,SIA,SIA922,SIA923,29/08:55,29/09:00,29/09:57,29/10:16,0:57:00,SIN,SIN,A08,10,1,1,NML,4,2025
3890.,A320,PKLUU,BTK,BTK6584,BTK6585,29/09:30,29/09:33,29/10:18,29/10:29,0:45:00,CGK,CGK,009,10,1,1,NML,4,2025
3891.,A320,PKGQN,CTV,CTV351,CTV350,29/09:44,29/09:48,29/10:22,29/10:33,0:34:00,UPG,UPG,005,10,1,1,NML,4,2025
3892.,A20N,9VTNG,TGW,TGW296,TGW297,29/09:48,29/09:54,29/10:46,29/11:03,0:52:00,SIN,SIN,A03,10,1,1,NML,4,2025
3893.,A320,PKBKR,BTK,BTK7513,BTK7516,29/09:54,29/09:56,29/10:45,29/10:53,0:49:00,HLP,HLP,010,10,1,1,NML,4,2025
3894.,A320,PKLAM,BTK,BTK6134,BTK6346,29/10:11,29/10:15,29/10:56,29/11:07,0:41:00,PKN,BEJ,011,10,1,1,NML,4,2025
3895.,B739,PKLFY,LNI,LNI970,LNI822,29/10:02,29/10:06,29/11:02,29/11:14,0:56:00,BTH,LOP,012,10,1,1,NML,4,2025
3896.,B739,PKLGV,LNI,LNI694,LNI694,29/10:14,29/10:17,29/11:15,29/11:29,0:58:00,CGK,KOE,014,10,1,1,NML,4,2025
3897.,B739,PKLQT,LNI,LNI645,LNI973,29/11:09,29/11:12,29/12:09,29/12:23,0:57:00,LOP,BTH,016,10,1,1,NML,4,2025
3898.,B739,PKLVF,LNI,LNI697,LNI697,29/10:13,29/10:17,29/11:32,29/11:43,1:15:00,KOE,CGK,015,10,1,1,NML,4,2025
3899.,A320,PKAZJ,AWQ,AWQ321,AWQ322,29/10:35,29/10:40,29/11:17,29/11:34,0:37:00,KUL,KUL,A01,10,1,1,NML,4,2025
3900.,B738,PKGUG,GIA,GIA322,GIA327,29/10:07,29/10:10,29/11:32,29/11:48,1:22:00,CGK,CGK,004,10,1,1,NML,4,2025
3901.,A320,PKBKT,BTK,BTK7517,BTK7520,29/10:47,29/10:52,29/11:33,29/11:49,0:41:00,HLP,HLP,009,10,1,1,NML,4,2025
3902.,B738,PKLBK,MXD,MXD350,MXD351,29/10:26,29/10:32,29/11:24,29/11:39,0:52:00,KUL,KUL,A04,10,1,1,NML,4,2025
3903.,A320,PKGLG,CTV,CTV461,CTV698,29/11:01,29/11:04,29/11:55,29/12:06,0:51:00,AAP,DPS,006,10,1,1,NML,4,2025
3904.,B739,PKLSO,LNI,LNI805,LNI804,29/11:05,29/11:06,29/12:06,29/12:19,1:00:00,DPS,DPS,017,10,1,1,NML,4,2025
3905.,A320,PKBLC,BTK,BTK6582,BTK6581,29/11:35,29/11:39,29/12:32,29/12:45,0:53:00,CGK,CGK,011,10,1,1,NML,4,2025
3906.,A320,PKGLP,CTV,CTV9692,CTV9693,29/11:24,29/11:28,29/12:21,29/12:33,0:53:00,DPS,DPS,007,10,1,1,NML,4,2025
3907.,B739,PKLGL,LNI,LNI791,LNI680,29/09:58,29/10:01,29/12:29,29/12:39,2:28:00,UPG,PKY,018,10,0,0,NML,4,2025
3908.,B739,PKLGR,LNI,LNI801,LNI780,29/11:41,29/11:44,29/12:47,29/12:56,1:03:00,UPG,UPG,014,10,1,1,NML,4,2025
3909.,A320,PKSJI,SJV,SJV567,SJV636,29/11:29,29/11:35,29/12:29,29/12:41,0:53:16,PLW,BDJ,010,10,1,1,NML,4,2025
3910.,A320,PKSTA,SJV,SJV705,SJV704,29/12:20,29/12:23,29/13:17,29/13:35,0:54:00,DPS,DPS,009,10,1,1,NML,4,2025
3911.,A320,PKBKM,BTK,BTK6596,BTK6595,29/13:00,29/13:03,29/13:48,29/14:00,0:45:00,CGK,CGK,010,10,1,1,NML,4,2025
3912.,A320,PKPWH,PAS,PAS204,PAS205,29/11:45,29/11:49,29/13:15,29/13:26,1:26:00,CGK,CGK,005,10,1,1,NML,4,2025
3913.,A320,PKAZL,AWQ,AWQ387,AWQ324,29/12:37,29/12:42,29/13:18,29/13:31,0:36:00,PEN,KUL,A03,10,1,1,NML,4,2025
3914.,B738,PKLKP,LNI,LNI869,LNI722,29/12:24,29/12:27,29/13:43,29/13:53,1:16:00,TTE,KDI,012,10,1,1,NML,4,2025
3915.,A320,PKGQA,CTV,CTV487,CTV668,29/12:11,29/12:15,29/13:27,29/13:41,1:12:00,BDJ,DPS,006,10,1,1,NML,4,2025
3916.,B738,PKGMX,GIA,GIA290,GIA291,29/12:17,29/12:21,29/13:23,29/13:38,1:02:00,CGK,CGK,004,10,1,1,NML,4,2025
3917.,B738,PKLQZ,LNI,LNI839,LNI836,29/12:49,29/12:53,29/14:00,29/14:11,1:07:00,PNK,PNK,016,10,1,1,NML,4,2025
3918.,A320,PKGLY,CTV,CTV431,CTV948,29/13:39,29/13:43,29/14:24,29/14:36,0:41:00,BPN,BTH,007,10,1,1,NML,4,2025
3919.,B738MAX,PKOFI,AFE,AFE920,AFE920,29/13:37,29/13:41,29/14:15,29/14:26,0:34:00,TIM,CGK,008,10,1,1,NML,4,2025
3920.,B738,PKGNN,GIA,GIA312,GIA317,29/13:33,29/13:36,29/14:33,29/14:45,0:57:00,CGK,CGK,004,10,1,1,NML,4,2025
3921.,B739,PKLHJ,LNI,LNI223,LNI260,29/11:56,29/12:00,29/15:08,29/15:21,3:08:00,BDJ,BPN,020,10,0,0,NML,4,2025
3922.,A320,9VJSV,JSA,JSA247,JSA248,29/13:48,29/13:52,29/14:39,29/14:53,0:47:00,SIN,SIN,A07,10,1,1,NML,4,2025
3923.,B738,PKGMU,GIA,GIA330,GIA331,29/14:14,29/14:17,29/15:14,29/15:25,0:57:00,HLP,HLP,005,10,1,1,NML,4,2025
3924.,A320,PKGLG,CTV,CTV699,CTV434,29/14:40,29/14:43,29/15:21,29/15:32,0:38:00,DPS,BPN,006,10,1,1,NML,4,2025
3925.,B739,PKLFY,LNI,LNI823,LNI920,29/14:04,29/14:06,29/16:19,29/16:30,2:13:00,LOP,DPS,011,10,1,1,NML,4,2025
3926.,A320,PKBKT,BTK,BTK7501,BTK7512,29/15:23,29/15:27,29/16:14,29/16:26,0:47:00,HLP,HLP,008,10,1,1,NML,4,2025
3927.,B738,PKLJQ,LNI,LNI749,LNI581,29/14:49,29/14:52,29/15:52,29/16:03,1:00:00,MDC,CGK,009,10,1,1,NML,4,2025
3928.,A320,PKLAM,BTK,BTK6347,BTK6401,29/15:18,29/15:22,29/16:13,29/16:24,0:51:00,BEJ,CGK,010,10,1,1,NML,4,2025
3929.,B739,PKLGL,LNI,LNI681,LNI316,29/15:29,29/15:34,29/16:24,29/16:35,0:50:00,PKY,BDJ,016,10,1,1,NML,4,2025
3930.,B738,PKGUC,GIA,GIA310,GIA315,29/15:14,29/15:19,29/16:26,29/16:39,1:07:00,CGK,CGK,004,10,1,1,NML,4,2025
3931.,B738MAX,9VMBD,SIA,SIA926,SIA927,29/16:32,29/16:38,29/17:25,29/17:37,0:47:00,SIN,SIN,A06,10,1,1,NML,4,2025
"3932.,A320,PKSTI,SJV,SJV635,SJV648,28/09:15,28/09:20,29/16:31,29/16:46,""1 day, 7:11:00"",BDJ,BPN,026,10,0,0,NML,4,2025"
3933.,A320,PKPWC,PAS,PAS206,PAS623,29/15:36,29/15:38,29/16:38,29/16:52,1:00:00,CGK,BPN,005,10,1,1,NML,4,2025
3934.,B739,PKLGV,LNI,LNI695,LNI268,29/16:00,29/16:04,29/17:02,29/17:12,0:58:00,KOE,TRK,014,10,1,1,NML,4,2025
3935.,A320,PKGQI,CTV,CTV174,CTV418,29/15:41,29/15:44,29/16:41,29/16:53,0:57:00,HLP,PNK,007,10,1,1,NML,4,2025
3936.,B739,PKLFO,LNI,LNI261,LNI692,29/14:09,29/14:12,29/17:40,29/17:49,3:28:00,BPN,KOE,022,10,0,0,NML,4,2025
3937.,A320,PKGLP,CTV,CTV669,CTV488,29/15:52,29/15:57,29/16:54,29/17:07,0:57:00,DPS,BDJ,009,10,1,1,NML,4,2025
3938.,B739,PKLHS,LNI,LNI972,LNI226,29/16:55,29/16:59,29/19:35,29/19:44,2:36:00,BTH,BDJ,026,10,0,0,NML,4,2025
3939.,B738,PKLOP,LNI,LNI879,LNI838,29/14:56,29/14:59,29/17:29,29/17:42,2:30:00,AMQ,PNK,017,10,1,1,NML,4,2025
3940.,A320,PKAZJ,AWQ,AWQ323,AWQ326,29/16:49,29/16:55,29/17:37,29/17:45,0:42:00,KUL,KUL,A03,10,1,1,NML,4,2025
3941.,A320,PKSTA,SJV,SJV723,SJV708,29/17:40,29/17:43,29/18:30,29/18:42,0:47:00,DPS,DPS,012,10,1,1,NML,4,2025
3942.,A320,PKPWL,PAS,PAS622,PAS207,29/17:05,29/17:09,29/18:08,29/18:19,0:59:00,BPN,CGK,006,10,1,1,NML,4,2025
3943.,B738,PKGUF,GIA,GIA349,GIA313,29/17:14,29/17:18,29/18:28,29/18:38,1:10:00,DPS,CGK,005,10,1,1,NML,4,2025
3944.,A320,PKSJD,SJV,SJV641,SJV716,29/13:43,29/13:46,29/18:34,29/18:46,4:48:00,AAP,LOP,018,10,0,0,NML,4,2025
3945.,A320,PKBKR,BTK,BTK7503,BTK7502,29/18:14,29/18:17,29/19:03,29/19:14,0:46:00,HLP,HLP,009,10,1,1,NML,4,2025
3946.,B735,PKCLE,SJY,SJY567,SJY562,29/17:54,29/17:57,29/18:44,29/18:57,0:47:00,UPG,UPG,011,10,1,1,NML,4,2025
3947.,B738,PKGMI,GIA,GIA320,GIA325,29/17:25,29/17:29,29/18:56,29/19:06,1:27:00,CGK,CGK,004,10,1,1,NML,4,2025
3948.,B738MAX,9VMBH,SIA,SIA928,SIA929,29/18:08,29/18:15,29/19:42,29/19:59,1:27:00,SIN,SIN,A06,10,1,1,NML,4,2025
3949.,B738,PKBLC,BTK,BTK6578,BTK6575,29/16:44,29/16:47,29/19:15,29/19:26,2:28:00,CGK,CGK,010,10,1,1,NML,4,2025
3950.,A320,PKGLV,CTV,CTV495,CTV494,29/15:56,29/15:59,29/19:53,29/20:06,3:54:00,BDJ,BDJ,003,10,0,0,NML,4,2025
3951.,A320,PKGLU,CTV,CTV736,CTV352,29/18:40,29/18:44,29/19:32,29/19:42,0:48:00,CGK,UPG,008,10,1,1,NML,4,2025
3952.,A320,PKGQF,CTV,CTV489,CTV693,29/18:55,29/18:57,29/19:46,29/19:58,0:49:00,BDJ,DPS,011,10,1,1,NML,4,2025
3953.,B788,9VOFC,TGW,TGW266,TGW267,29/19:18,29/19:24,29/20:26,29/20:37,1:02:42,SIN,SIN,A07,10,1,1,NML,4,2025
3954.,A320,PKGQL,CTV,CTV949,CTV737,29/18:47,29/18:52,29/19:44,29/19:56,0:52:00,BTH,CGK,007,10,1,1,NML,4,2025
3955.,B739,PKLHI,LNI,LNI983,LNI880,29/13:29,29/13:33,29/19:44,29/19:54,6:11:00,PKU,UPG,021,10,0,0,NML,4,2025
3956.,A320,PKPWE,PAS,PAS202,PAS203,29/18:50,29/18:54,29/19:48,29/20:01,0:54:00,CGK,CGK,006,10,1,1,NML,4,2025
3957.,B738,PKGNE,GIA,GIA326,GIA319,29/18:44,29/18:48,29/19:58,29/20:11,1:10:00,CGK,CGK,005,10,1,1,NML,4,2025
3958.,A320,PKGTE,CTV,CTV726,CTV354,29/20:03,29/20:06,29/20:50,29/21:03,0:44:32,CGK,UPG,007,10,1,1,NML,4,2025
3959.,A320,PKBLA,BTK,BTK6137,BTK6136,29/19:38,29/19:42,29/21:57,29/22:07,2:15:00,UPG,UPG,010,10,1,1,NML,4,2025
3960.,B738,PKLKQ,LNI,LNI709,LNI878,29/16:05,29/16:10,30/05:03,30/05:15,12:53:33,UPG,AMQ,C04,28,0,0,NML,4,2025
3961.,A320,PKLUT,BTK,BTK7521,BTK7508,29/19:49,29/19:54,30/04:57,30/05:11,9:03:00,HLP,HLP,014,28,1,1,NML,4,2025
3962.,A320,PKSAZ,SJV,SJV619,SJV610,29/15:48,29/15:53,30/05:07,30/05:20,13:14:00,BPN,BPN,C03,28,0,0,NML,4,2025
3963.,A320,PKAZL,AWQ,AWQ325,AWQ320,29/19:11,29/19:17,30/05:00,30/05:13,9:43:35,KUL,KUL,A01,28,1,1,NML,4,2025
3964.,B739,PKLGU,LNI,LNI692,LNI786,29/16:41,29/16:46,30/05:04,30/05:17,12:18:22,CGK,UPG,016,28,1,1,NML,4,2025
3965.,B738,PKGNM,GIA,GIA328,GIA301,29/19:52,29/19:57,30/05:07,30/05:18,9:10:15,CGK,CGK,004,28,1,1,NML,4,2025
3966.,A320,PKGQE,CTV,CTV724,CTV430,29/19:32,29/19:36,30/05:11,30/05:23,9:35:00,CGK,BPN,008,28,1,1,NML,4,2025
3967.,A320,PKGLG,CTV,CTV435,CTV725,29/19:01,29/19:05,30/05:38,30/05:46,10:33:00,BPN,CGK,009,28,1,1,NML,4,2025
3968.,B739,PKLVF,LNI,LNI690,LNI690,30/05:09,30/05:16,30/06:41,30/06:55,1:24:59,CGK,KOE,010,28,1,1,NML,4,2025
3969.,B738,PKLKP,LNI,LNI727,LNI868,29/17:51,29/17:55,30/06:12,30/06:22,12:17:00,KDI,TTE,C05,28,0,0,NML,4,2025
3970.,A320,PKSAE,SJV,SJV643,SJV640,29/15:11,29/15:14,30/05:58,30/06:11,14:44:00,AAP,AAP,024,28,0,0,NML,4,2025
3971.,A320,PKLAM,BTK,BTK6594,BTK6589,29/20:22,29/20:25,30/05:58,30/06:09,9:33:35,CGK,CGK,017,28,1,1,NML,4,2025
3972.,B739,PKLHY,LNI,LNI919,LNI882,29/15:03,30/00:15,30/05:58,30/06:08,14:49:30,DPS,UPG,011,28,1,1,NML,4,2025
3973.,A320,PKGTE,CTV,CTV353,CTV670,30/05:00,30/05:06,30/05:52,30/06:04,0:46:59,UPG,LOP,007,28,1,1,NML,4,2025
3974.,B739,PKLJI,LNI,LNI707,LNI646,29/14:34,29/14:38,30/06:03,30/06:14,15:25:25,UPG,LOP,023,28,0,0,NML,4,2025
3975.,A320,PKSJI,SJV,SJV637,SJV634,29/15:27,29/15:31,30/06:23,30/06:33,14:52:00,BDJ,BDJ,020,28,0,0,NML,4,2025
3976.,A320,PKSJD,SJV,SJV717,SJV566,30/06:02,30/06:08,30/07:00,30/07:11,0:52:00,LOP,PLW,009,28,1,1,NML,4,2025
3977.,A320,PKLAZ,BTK,BTK6588,BTK6135,29/21:06,29/21:09,30/06:58,30/07:09,9:49:00,CGK,PKN,015,28,1,1,NML,4,2025
3978.,B739,PKLGL,LNI,LNI311,LNI971,30/06:06,30/06:12,30/07:02,30/07:18,0:50:00,BDJ,BTH,014,28,1,1,NML,4,2025
3979.,B738,PKGMM,GIA,GIA855,GIA854,29/20:41,29/20:49,30/07:00,30/07:15,10:11:00,SIN,SIN,A02,28,1,1,NML,4,2025
3980.,B738,PKGFP,GIA,GIA324,GIA305,29/21:11,29/21:15,30/07:04,30/07:21,9:49:00,CGK,CGK,005,28,1,1,NML,4,2025
3981.,B739,PKLHO,LNI,LNI363,LNI266,30/06:20,30/06:25,30/07:15,30/07:24,0:50:00,BPN,BPN,011,28,1,1,NML,4,2025
3982.,A320,PKBKR,BTK,BTK7511,BTK7510,30/06:38,30/06:46,30/07:25,30/07:35,0:39:00,HLP,HLP,008,28,1,1,NML,4,2025
3983.,A320,PKAZJ,AWQ,AWQ327,AWQ392,29/23:16,29/23:22,30/07:22,30/07:31,8:00:00,KUL,JHB,A03,28,1,1,NML,4,2025
3984.,A320,PKGQF,CTV,CTV690,CTV460,30/06:57,30/07:06,30/07:42,30/07:51,0:36:00,DPS,AAP,004,28,1,1,NML,4,2025
3985.,B739,PKLGJ,LNI,LNI693,LNI693,30/06:52,30/06:58,30/07:51,30/08:00,0:53:00,KOE,CGK,17A,28,0,0,NML,4,2025
3986.,A320,PKGTD,CTV,CTV170,CTV175,30/07:03,30/07:11,30/07:59,30/08:08,0:48:00,HLP,HLP,007,28,1,1,NML,4,2025
3987.,A320,PKGLP,CTV,CTV712,CTV713,30/07:13,30/07:20,30/08:10,30/08:18,0:50:00,CGK,CGK,006,28,1,1,NML,4,2025
3988.,A333,BLBE,CPA,CPA779,CPA780,29/17:46,29/17:52,30/08:07,30/08:21,14:15:00,HKG,HKG,A08,28,1,1,NML,4,2025
3989.,B739,PKLGV,LNI,LNI267,LNI990,30/07:07,30/07:13,30/08:22,30/08:31,1:09:00,TRK,DPS,17B,28,0,0,NML,4,2025
3990.,B738,PKLZO,MXD,MXD352,MXD353,29/19:22,29/19:28,30/08:35,30/08:47,13:07:00,KUL,KUL,A04,28,1,1,NML,4,2025
3991.,A320,PKGLS,CTV,CTV355,CTV171,30/07:58,30/08:03,30/08:45,30/08:55,0:42:00,UPG,HLP,007,28,1,1,NML,4,2025
3992.,B739,PKLGM,LNI,LNI315,LNI222,30/07:49,30/07:55,30/08:42,30/08:52,0:47:00,BDJ,BDJ,010,28,1,1,NML,4,2025
"3993.,A320,PKLUH,BTK,BTK6588,BTK6391,28/22:04,29/07:50,30/09:06,30/09:19,""1 day, 10:58:00"",CGK,CGK,025,28,0,1,NML,4,2025"
3994.,B739,PKLHQ,LNI,LNI929,LNI856,30/06:46,30/06:52,30/08:59,30/09:14,2:07:00,DPS,PLM,016,28,1,1,NML,4,2025
3995.,A320,PKSAZ,SJV,SJV649,SJV618,30/08:49,30/08:55,30/09:42,30/09:53,0:47:00,BPN,BPN,011,10,1,1,NML,4,2025
3996.,B738,PKLOP,LNI,LNI837,LNI748,30/07:54,30/07:59,30/09:02,30/09:15,1:03:00,PNK,MDC,15B,28,0,0,NML,4,2025
3997.,B739,PKLHM,LNI,LNI683,LNI682,30/08:03,30/08:08,30/09:05,30/09:17,0:57:00,PKY,PKY,012,28,1,1,NML,4,2025
3998.,B738,PKGUG,GIA,GIA304,GIA342,30/08:16,30/08:22,30/09:20,30/09:28,0:58:00,CGK,DPS,004,28,1,1,NML,4,2025
3999.,A320,PKPWE,PAS,PAS200,PAS201,30/08:10,30/08:16,30/09:12,30/09:21,0:56:00,CGK,CGK,005,28,1,1,NML,4,2025
4000.,A320,PKGTE,CTV,CTV671,CTV486,30/08:22,30/08:28,30/09:20,30/09:34,0:52:00,LOP,BDJ,006,28,1,1,NML,4,2025
4001.,A320,PKLUQ,BTK,BTK6584,BTK6585,30/08:56,30/09:02,30/09:54,30/10:03,0:52:00,CGK,CGK,009,10,1,1,NML,4,2025
4002.,B733F,PKMYV,MYU,MYU935,MYU815,30/08:44,30/08:48,30/09:37,30/09:46,0:49:00,SRG,CGK,C02,10,0,0,NML,4,2025
4003.,B738,9MMXS,MAS,MAS871,MAS870,30/09:03,30/09:08,30/09:56,30/10:06,0:48:00,KUL,KUL,A07,10,1,1,NML,4,2025
4004.,A320,PKGQI,CTV,CTV417,CTV715,30/09:10,30/09:16,30/09:59,30/10:10,0:43:00,PNK,CGK,007,10,1,1,NML,4,2025
4005.,B735,PKNAQ,LKN,LKN243,LKN242,30/10:57,30/11:01,30/11:40,30/11:55,0:39:00,SMQ,SMQ,010,10,1,1,NML,4,2025
4006.,A359,9VSHC,SIA,SIA922,SIA923,30/09:00,30/09:04,30/10:02,30/10:13,0:58:00,SIN,SIN,A08,10,1,1,NML,4,2025
4007.,A320,PKGQP,CTV,CTV351,CTV350,30/09:32,30/09:39,30/10:16,30/10:29,0:37:00,UPG,UPG,006,10,1,1,NML,4,2025
4008.,AW139,PKTVN,TVR,PKTVN,PKTVN,29/11:00,29/11:04,30/10:16,30/10:18,23:12:00,MBH,MBH,H02,10,0,0,NML,4,2025
4009.,A320,9VTRS,TGW,TGW296,TGW297,30/09:57,30/10:02,30/10:50,30/11:04,0:48:00,SIN,SIN,A02,10,1,1,NML,4,2025
4010.,B739,PKLGS,LNI,LNI970,LNI973,30/09:40,30/09:45,30/10:45,30/10:56,1:00:00,BTH,BTH,012,10,1,1,NML,4,2025
4011.,A320,PKPWG,PAS,PAS210,PAS211,30/09:36,30/09:43,30/10:46,30/11:02,1:03:00,CGK,CGK,005,10,1,1,NML,4,2025
4012.,A320,PKLAZ,BTK,BTK6134,BTK6346,30/09:54,30/09:59,30/10:39,30/10:49,0:40:00,PKN,BEJ,008,10,1,1,NML,4,2025
4013.,A320,PKLAJ,BTK,BTK7513,BTK7516,30/10:15,30/10:18,30/10:50,30/11:06,0:32:00,HLP,HLP,009,10,1,1,NML,4,2025
4014.,A320,PKSAE,SJV,SJV641,SJV642,30/09:51,30/09:54,30/10:55,30/11:08,1:01:00,AAP,AAP,010,10,1,1,NML,4,2025
4015.,B739,PKLSL,LNI,LNI694,LNI694,30/10:22,30/10:26,30/11:23,30/11:41,0:57:00,CGK,KOE,011,10,1,1,NML,4,2025
4016.,B739,PKLHY,LNI,LNI791,LNI697,30/09:24,30/09:28,30/12:49,30/12:53,3:21:00,UPG,CGK,020,10,0,0,NML,4,2025
4017.,A320,PKAZL,AWQ,AWQ321,AWQ322,30/10:39,30/10:43,30/11:15,30/11:26,0:32:00,KUL,KUL,A03,10,1,1,NML,4,2025
4018.,B738,PKGUC,GIA,GIA322,GIA327,30/10:12,30/10:16,30/11:38,30/11:53,1:22:00,CGK,CGK,004,10,1,1,NML,4,2025
4019.,A320,PKBKR,BTK,BTK7517,BTK7520,30/10:42,30/10:46,30/11:49,30/12:04,1:03:00,HLP,HLP,014,10,1,1,NML,4,2025
4020.,B738,PKLBK,MXD,MXD350,MXD351,30/10:18,30/10:23,30/11:33,30/11:47,1:10:00,KUL,KUL,A04,10,1,1,NML,4,2025
4021.,A320,PKGQF,CTV,CTV461,CTV698,30/11:16,30/11:20,30/11:59,30/12:13,0:39:00,AAP,DPS,005,10,1,1,NML,4,2025
4022.,B739,PKLGO,LNI,LNI805,LNI804,30/10:53,30/10:56,30/11:56,30/12:05,1:00:00,DPS,DPS,15A,10,0,0,NML,4,2025
4023.,A320,PKBLC,BTK,BTK6582,BTK6581,30/11:33,30/11:37,30/12:31,30/12:39,0:54:00,CGK,CGK,008,10,1,1,NML,4,2025
4024.,A320,PKGLY,CTV,CTV9692,CTV9693,30/11:24,30/11:28,30/12:24,30/12:36,0:56:00,DPS,DPS,006,10,1,1,NML,4,2025
4025.,B739,PKLFO,LNI,LNI801,LNI780,30/11:49,30/11:51,30/13:14,30/13:26,1:23:35,UPG,UPG,012,10,1,1,NML,4,2025
4026.,B739,PKLGM,LNI,LNI223,LNI680,30/11:42,30/11:44,30/12:43,30/12:51,0:59:00,BDJ,PKY,15B,10,0,0,NML,4,2025
4027.,A320,PKSJI,SJV,SJV635,SJV636,30/09:07,30/09:13,30/12:35,30/12:43,3:22:00,BDJ,BDJ,026,10,0,0,NML,4,2025
4028.,B735,PKNAS,LKN,LKN193,LKN192,30/11:45,30/11:50,30/12:31,30/12:41,0:41:00,PKN,PKN,011,10,1,1,NML,4,2025
4029.,A320,PKSTH,SJV,SJV705,SJV704,30/14:54,30/14:58,30/15:44,30/15:53,0:45:27,DPS,DPS,15B,10,0,0,NML,4,2025
4030.,A320,PKBKL,BTK,BTK6596,BTK6595,30/12:30,30/12:35,30/13:33,30/13:53,0:58:01,CGK,CGK,009,10,1,1,NML,4,2025
4031.,B738,PKLKP,LNI,LNI869,LNI722,30/12:58,30/13:01,30/14:12,30/14:26,1:11:00,TTE,KDI,15A,10,0,0,NML,4,2025
4032.,A320,PKAZJ,AWQ,AWQ393,AWQ324,30/12:06,30/12:12,30/13:14,30/13:21,1:02:00,JHB,KUL,A03,10,1,1,NML,4,2025
4033.,A320,PKGTE,CTV,CTV487,CTV668,30/12:16,30/12:19,30/13:26,30/13:43,1:07:00,BDJ,DPS,007,10,1,1,NML,4,2025
4034.,C680,N977JH,JAT,N977JH,N977JH,30/12:25,30/12:31,30/13:20,30/13:26,0:49:35,XSP,BTW,A09,10,0,0,NML,4,2025
4035.,B738,PKGNC,GIA,GIA290,GIA291,30/12:11,30/12:14,30/13:25,30/13:38,1:11:05,CGK,CGK,004,10,1,1,NML,4,2025
4036.,B738,PKLQZ,LNI,LNI839,LNI836,30/12:49,30/12:52,30/14:01,30/14:18,1:09:00,PNK,PNK,014,10,1,1,NML,4,2025
4037.,A320,PKSAA,SJV,SJV615,SJV726,29/20:26,30/07:28,30/14:04,30/14:20,17:34:00,BPN,LBJ,024,10,0,1,NML,4,2025
4038.,A320,PKGQE,CTV,CTV431,CTV948,30/13:58,30/14:02,30/14:51,30/15:04,0:49:00,BPN,BTH,008,10,1,1,NML,4,2025
4039.,B738,PKGUF,GIA,GIA312,GIA317,30/13:28,30/13:32,30/14:39,30/14:56,1:07:26,CGK,CGK,005,10,1,1,NML,4,2025
4040.,B739,PKLVF,LNI,LNI697,LNI260,30/11:20,30/11:24,30/14:36,30/14:52,3:12:00,KOE,BPN,021,10,0,0,NML,4,2025
4041.,A320,9VJSR,JSA,JSA247,JSA248,30/13:50,30/13:56,30/14:50,30/15:12,0:54:00,SIN,SIN,A06,10,1,1,NML,4,2025
4042.,A320,PKBKT,BTK,BTK7515,BTK7514,30/13:35,30/13:38,30/14:41,30/14:59,1:03:03,HLP,HLP,009,10,1,1,NML,4,2025
4043.,A320,PKPWM,PAS,PAS208,PAS209,30/13:46,30/13:50,30/14:56,30/15:09,1:06:52,CGK,CGK,006,10,1,1,NML,4,2025
4044.,B738,PKGFG,GIA,GIA330,GIA331,30/13:54,30/13:59,30/15:03,30/15:18,1:04:37,HLP,HLP,004,10,1,1,NML,4,2025
4045.,B739,PKLHQ,LNI,LNI857,LNI642,30/13:24,30/13:27,30/15:20,30/15:32,1:53:54,PLM,LOP,010,10,1,1,NML,4,2025
4046.,A320,PKLUS,BTK,BTK6406,BTK6220,30/14:28,30/14:32,30/15:13,30/15:24,0:41:44,CGK,BPN,011,10,1,1,NML,4,2025
4047.,A320,PKGQF,CTV,CTV699,CTV434,30/14:41,30/14:46,30/15:26,30/15:40,0:40:00,DPS,BPN,007,10,1,1,NML,4,2025
4048.,B739,PKLGU,LNI,LNI707,LNI920,30/14:22,30/14:26,30/15:53,30/16:02,1:27:00,UPG,DPS,014,10,1,1,NML,4,2025
4049.,A320,PKBKR,BTK,BTK7501,BTK7512,30/15:19,30/15:23,30/16:17,30/16:27,0:54:34,HLP,HLP,008,10,1,1,NML,4,2025
4050.,B738,PKLOP,LNI,LNI749,LNI581,30/15:10,30/15:12,30/16:01,30/16:14,0:49:00,MDC,CGK,012,10,1,1,NML,4,2025
4051.,B738,9MMXW,MAS,MAS873,MAS872,30/14:49,30/14:56,30/15:45,30/15:55,0:49:00,KUL,KUL,A06,10,1,1,NML,4,2025
4052.,A320,PKLAZ,BTK,BTK6347,BTK6401,30/15:15,30/15:19,30/16:06,30/16:18,0:47:00,BEJ,CGK,009,10,1,1,NML,4,2025
4053.,B739,PKLSU,LNI,LNI692,LNI316,30/16:00,30/16:06,30/17:10,30/17:23,1:04:30,CGK,BDJ,014,10,1,1,NML,4,2025
4054.,B738MAX,9VMBP,SIA,SIA926,SIA927,30/15:44,30/15:49,30/16:37,30/16:54,0:48:24,SIN,SIN,A07,10,1,1,NML,4,2025
4055.,A320,PKSJI,SJV,SJV637,SJV648,30/15:29,30/15:32,30/16:28,30/16:41,0:56:44,BDJ,BPN,016,10,0,0,NML,4,2025
4056.,B738,PKGNE,GIA,GIA310,GIA315,30/15:22,30/15:26,30/16:36,30/16:48,1:10:00,CGK,CGK,004,10,1,1,NML,4,2025
4057.,B739,PKLSL,LNI,LNI695,LNI268,30/16:12,30/16:14,30/17:05,30/17:21,0:51:27,KOE,TRK,011,10,1,1,NML,4,2025
4058.,A320,PKPWA,PAS,PAS206,PAS623,30/15:48,30/15:52,30/16:41,30/16:56,0:49:13,CGK,BPN,005,10,1,1,NML,4,2025
4059.,B739,PKLGM,LNI,LNI681,LNI692,30/15:55,30/16:00,30/17:14,30/17:29,1:14:49,PKY,KOE,020,10,0,0,NML,4,2025
4060.,A320,PKGLS,CTV,CTV174,CTV418,30/15:51,30/15:57,30/16:45,30/16:58,0:48:57,HLP,PNK,007,10,1,1,NML,4,2025
4061.,H25B,T7HAN,AFSS,T7HAN,T7HAN,30/16:50,30/16:55,30/17:06,30/17:15,0:11:30,CGK,CGK,003,10,0,0,NML,4,2025
4062.,A320,PKGLY,CTV,CTV669,CTV488,30/16:04,30/16:06,30/16:52,30/17:02,0:46:26,DPS,BDJ,006,10,1,1,NML,4,2025
4063.,A320,PKGQA,CTV,CTV495,CTV721,30/16:08,30/16:11,30/17:04,30/17:19,0:53:11,BDJ,CGK,009,10,1,1,NML,4,2025
4064.,B739,PKLSP,LNI,LNI367,LNI226,30/11:27,30/11:32,30/17:18,30/17:33,5:46:17,BPN,BDJ,025,10,0,0,NML,4,2025
4065.,A320,PKBLC,BTK,BTK6578,BTK7579,30/17:11,30/17:14,30/18:05,30/18:18,0:51:00,CGK,CGK,009,10,1,1,NML,4,2025
4066.,B738,PKLKQ,LNI,LNI879,LNI838,30/15:02,30/15:05,30/17:22,30/17:37,2:16:56,AMQ,PNK,15A,10,0,0,NML,4,2025
4067.,A320,PKAZL,AWQ,AWQ323,AWQ326,30/17:26,30/17:31,30/18:03,30/18:11,0:32:00,KUL,KUL,A03,10,1,1,NML,4,2025
4068.,A320,PKSJD,SJV,SJV567,SJV708,30/11:36,30/11:41,30/18:15,30/18:29,6:34:00,PLW,DPS,023,10,0,0,NML,4,2025
4069.,A320,PKPWF,PAS,PAS622,PAS207,30/17:16,30/17:19,30/18:10,30/18:24,0:50:59,BPN,CGK,006,10,1,1,NML,4,2025
4070.,B738,PKGUG,GIA,GIA349,GIA313,30/17:31,30/17:34,30/18:30,30/18:42,0:56:00,DPS,CGK,004,10,1,1,NML,4,2025
4071.,A320,PKSAA,SJV,SJV725,SJV716,30/17:41,30/17:45,30/18:48,30/18:58,1:03:00,LBJ,LOP,010,10,1,1,NML,4,2025
4072.,A320,PKLAJ,BTK,BTK7503,BTK7502,30/17:35,30/17:38,30/18:33,30/18:44,0:55:00,HLP,HLP,011,10,1,1,NML,4,2025
4073.,B738,PKCRH,SJY,SJY567,SJY562,30/21:12,30/21:15,30/21:58,30/22:08,0:43:00,UPG,UPG,010,10,1,1,NML,4,2025
4074.,B738,PKGNM,GIA,GIA320,GIA325,30/17:24,30/17:27,30/18:58,30/19:11,1:31:44,CGK,CGK,005,10,1,1,NML,4,2025
4075.,B738MAX,9VMBH,SIA,SIA928,SIA929,30/18:37,30/18:44,30/19:38,30/19:54,0:54:03,SIN,SIN,A07,10,1,1,NML,4,2025
4076.,B738,PKLZV,BTK,BTK6576,BTK6575,30/19:05,30/19:08,30/19:54,30/20:05,0:46:00,CGK,CGK,009,10,1,1,NML,4,2025
4077.,A320,PKGLG,CTV,CTV949,CTV494,30/18:34,30/18:38,30/19:30,30/19:40,0:52:00,BTH,BDJ,007,10,1,1,NML,4,2025
4078.,A320,PKBKR,BTK,BTK7519,BTK7518,30/19:37,30/19:40,30/20:20,30/20:32,0:40:00,HLP,HLP,012,10,1,1,NML,4,2025
4079.,B739,PKLGO,LNI,LNI919,LNI880,30/14:44,30/14:47,30/20:23,30/20:35,5:35:59,DPS,UPG,026,10,0,0,NML,4,2025
4080.,A320,PKGQJ,CTV,CTV736,CTV352,30/19:09,30/19:12,30/19:58,30/20:15,0:46:17,CGK,UPG,008,10,1,1,NML,4,2025
4081.,A320,PKGQI,CTV,CTV489,CTV173,30/19:43,30/19:47,30/20:33,30/20:45,0:46:00,BDJ,HLP,007,10,1,1,NML,4,2025
4082.,B738,PKGUF,GIA,GIA326,GIA319,30/18:47,30/18:54,30/19:57,30/20:11,1:03:00,CGK,CGK,004,10,1,1,NML,4,2025
4083.,A320,PKGQF,CTV,CTV435,CTV693,30/19:01,30/19:06,30/20:37,30/20:49,1:31:00,BPN,DPS,006,10,1,1,NML,4,2025
4084.,A320,PKGQQ,CTV,CTV724,CTV354,30/19:20,30/19:23,30/20:18,30/20:26,0:55:00,CGK,UPG,010,10,1,1,NML,4,2025
4085.,A320,PKBKP,BTK,BTK6137,BTK6136,30/19:46,30/19:49,30/22:55,30/23:06,3:06:00,UPG,UPG,011,10,1,1,NML,4,2025
