no,act_type,reg_no,opr,flight_number_origin,flight_number_dest,ata,block_on,block_off,atd,ground_time,org,des,ps,runway,avio_a,avio_d,f_stat,bulan,tahun
1,B738,PKLKP,LNI,LNI681,LNI878,31/15:51,31/15:56,01/04:59,01/05:07,13:02:08,PKY,AMQ,18,28,0,0,NML,1,2025
2,A320,PKAZQ,AWQ,AWQ327,AWQ320,01/00:03,01/00:07,01/05:03,01/05:13,4:56:00,KUL,KUL,A03,28,1,1,NML,1,2025
3,A320,PKPWD,PAS,PAS212,PAS213,31/20:31,31/20:37,01/05:40,01/05:48,9:03:00,CGK,CGK,5,28,1,1,NML,1,2025
4,A320,PKGLL,CTV,CTV695,CTV725,31/22:47,31/22:56,01/05:38,01/05:46,6:42:00,DPS,CGK,7,28,1,1,NML,1,2025
5,B739,PKLHY,LNI,LNI983,LNI882,31/13:44,31/13:48,01/06:03,01/06:09,16:14:43,PKU,UPG,23,28,0,0,NML,1,2025
6,A320,PKSJL,SJV,SJV643,SJV640,31/15:18,31/15:24,01/05:53,01/06:04,14:28:30,AAP,AAP,21,28,0,0,NML,1,2025
7,A320,PKGLX,CTV,CTV353,CTV670,01/05:05,01/05:12,01/05:53,01/06:02,0:41:00,UPG,LOP,6,28,1,1,NML,1,2025
8,A320,PKSTG,SJV,SJV725,SJV634,31/17:47,31/17:52,01/06:27,01/06:35,12:35:02,LBJ,BDJ,15B,28,0,0,NML,1,2025
9,A320,PKSJH,SJV,SJV717,SJV566,01/06:00,01/06:06,01/06:55,01/07:03,0:49:00,LOP,PLW,14,28,1,1,NML,1,2025
10,DHC6,PKICP,PGT,PKICP,PKICP,31/11:09,31/11:12,01/06:42,01/06:43,19:30:00,PAG,PAG,28,28,0,0,NML,1,2025
11,A320,PKSGB,SJV,SJV633,SJV612,31/13:33,31/13:37,01/07:01,01/07:14,17:24:18,BDJ,BPN,26,28,0,0,NML,1,2025
12,A320,PKLUF,BTK,BTK7521,BTK6135,31/20:00,31/20:05,01/06:58,01/07:07,10:53:00,HLP,PKN,12,28,1,1,NML,1,2025
13,B738,PKGFS,GIA,GIA328,GIA305,31/19:52,31/20:00,01/06:50,01/07:00,10:50:00,CGK,CGK,4,28,1,1,NML,1,2025
14,B738,PKGMD,GIA,GIA855,GIA854,31/21:05,31/21:10,01/06:54,01/07:05,9:44:00,SIN,SIN,A02,28,1,1,NML,1,2025
15,B739,PKLFY,LNI,LNI363,LNI646,01/06:27,01/06:32,01/07:18,01/07:25,0:46:00,BPN,LOP,15A,28,0,0,NML,1,2025
16,A320,PKLUJ,BTK,BTK6576,BTK7510,31/19:29,31/19:34,01/07:28,01/07:37,11:54:00,CGK,HLP,16,28,1,1,NML,1,2025
17,A320,PKAZP,AWQ,AWQ325,AWQ392,31/20:41,31/20:44,01/07:34,01/07:44,10:50:00,KUL,JHB,A01,28,1,1,NML,1,2025
18,A320,PKGLT,CTV,CTV661,CTV460,01/06:43,01/06:50,01/07:39,01/07:49,0:48:17,DPS,AAP,6,28,1,1,NML,1,2025
19,B739,PKLFK,LNI,LNI693,LNI693,01/06:58,01/07:05,01/08:00,01/08:10,0:55:00,KOE,CGK,8,28,1,1,NML,1,2025
20,B739,PKLFG,LNI,LNI972,LNI748,31/16:17,31/16:21,01/08:04,01/08:14,15:42:27,BTH,MDC,20,28,0,0,NML,1,2025
21,A333,BLBA,CPA,CPA779,CPA780,31/18:20,31/18:24,01/08:09,01/08:21,13:45:00,HKG,HKG,A08,28,1,1,NML,1,2025
22,B738,PKLGL,LNI,LNI823,LNI990,31/13:51,31/13:55,01/08:23,01/08:33,18:28:00,LOP,DPS,22,28,0,0,NML,1,2025
23,AW139,PKTVN,TVR,PKTVN,PKTVN,31/11:58,31/11:59,01/08:41,01/08:55,20:42:00,SUB,ZZZZ,H02,28,0,0,NML,1,2025
24,A320NEO,PKGTK,CTV,CTV8831,CTV430,01/07:34,01/07:38,01/08:38,01/08:51,0:59:51,KWL,BPN,A03,28,1,1,NML,1,2025
25,B738,PKLDM,MXD,MXD352,MXD353,31/19:41,31/19:47,01/08:53,01/09:03,13:06:00,KUL,KUL,A04,28,1,1,NML,1,2025
26,A320,PKGTD,CTV,CTV355,CTV177,01/07:41,01/07:48,01/08:42,01/08:52,0:54:00,UPG,HLP,7,28,1,1,NML,1,2025
27,A320,PKSAJ,SJV,SJV703,SJV618,01/08:12,01/08:18,01/09:12,01/09:22,0:54:00,DPS,BPN,16,28,1,1,NML,1,2025
28,B739,PKLGS,LNI,LNI929,LNI856,01/07:12,01/07:20,01/08:54,01/09:04,1:34:00,DPS,PLM,17A,28,0,0,NML,1,2025
29,B738,PKLQZ,LNI,LNI315,LNI222,01/07:47,01/07:53,01/08:57,01/09:07,1:04:00,BDJ,BDJ,12,28,1,1,NML,1,2025
30,A320,PKBKQ,BTK,BTK6221,BTK6581,31/19:57,01/03:46,01/09:02,01/09:14,13:00:00,BPN,CGK,9,28,1,1,NML,1,2025
31,B739,PKLGR,LNI,LNI695,LNI682,31/16:49,31/16:53,01/09:12,01/09:24,16:18:05,KOE,PKY,25,28,0,0,NML,1,2025
32,B738,PKGFU,GIA,GIA304,GIA342,01/08:16,01/08:22,01/09:14,01/09:26,0:52:00,CGK,DPS,4,28,1,1,NML,1,2025
33,A320,PKGQJ,CTV,CTV417,CTV715,01/08:52,01/08:57,01/09:37,01/09:45,0:40:00,PNK,CGK,8,28,1,1,NML,1,2025
34,A320,PKGLX,CTV,CTV671,CTV486,01/08:30,01/08:36,01/09:17,01/09:30,0:41:00,LOP,BDJ,6,28,1,1,NML,1,2025
35,A320,9VTRK,TGW,TGW264,TGW265,01/09:24,01/09:28,01/10:51,01/11:01,1:23:13,SIN,SIN,A01,28,1,1,NML,1,2025
36,C208,PKSNN,SMR,PKSNN,PKSNN,31/14:21,31/14:25,01/09:58,01/09:59,19:33:00,ZZZZ,UPG,A21,28,0,0,NML,1,2025
37,B738,9MMXY,MAS,MAS871,MAS870,01/09:07,01/09:14,01/09:57,01/10:13,0:43:00,KUL,KUL,A07,28,1,1,NML,1,2025
38,B735,PKNAQ,LKN,LKN243,LKN242,01/09:11,01/09:17,01/09:59,01/10:09,0:42:00,SMQ,SMQ,12,28,1,1,NML,1,2025
39,A320,PKGLW,CTV,CTV351,CTV350,01/09:15,01/09:23,01/10:08,01/10:15,0:45:00,UPG,UPG,7,28,1,1,NML,1,2025
40,A359,9VSHF,SIA,SIA922,SIA923,01/09:20,01/09:24,01/10:20,01/10:37,0:56:00,SIN,SIN,A08,28,1,1,NML,1,2025
41,A320,PKLUG,BTK,BTK7513,BTK6585,01/09:51,01/09:58,01/11:06,01/11:15,1:08:00,HLP,CGK,8,28,1,1,NML,1,2025
42,B38M,9MLRV,MXD,MXD350,MXD351,01/09:43,01/09:47,01/10:45,01/10:56,0:58:00,KUL,KUL,A03,28,1,1,NML,1,2025
43,A320,PKSTG,SJV,SJV635,SJV632,01/09:28,01/09:33,01/10:28,01/10:37,0:55:18,BDJ,BDJ,14,28,1,1,NML,1,2025
44,A320,PKPWD,PAS,PAS210,PAS211,01/09:34,01/09:40,01/10:27,01/10:33,0:47:00,CGK,CGK,5,28,1,1,NML,1,2025
45,B739,PKLHJ,LNI,LNI692,LNI973,31/16:08,31/16:14,01/10:35,01/10:48,18:20:36,CGK,BTH,17B,28,0,0,NML,1,2025
46,A320,PKLUF,BTK,BTK6134,BTK7516,01/09:47,01/09:53,01/10:48,01/10:58,0:55:00,PKN,HLP,9,28,1,1,NML,1,2025
47,A320,PKLUS,BTK,BTK6584,BTK6346,01/10:31,01/10:38,01/11:28,01/11:35,0:50:00,CGK,BEJ,12,28,1,1,NML,1,2025
48,A320,PKSJL,SJV,SJV641,SJV702,01/09:58,01/10:04,01/10:55,01/11:02,0:50:21,AAP,DPS,15,28,1,1,NML,1,2025
49,B739,PKLGL,LNI,LNI805,LNI822,01/11:16,01/11:20,01/12:47,01/12:56,1:27:00,DPS,LOP,9,28,1,1,NML,1,2025
50,B738,PKLJS,LNI,LNI683,LNI694,01/08:05,01/08:10,01/11:09,01/11:17,2:59:00,PKY,KOE,18,28,0,0,NML,1,2025
51,A320,PKAZG,AWQ,AWQ321,AWQ322,01/10:52,01/10:59,01/11:33,01/11:44,0:34:00,KUL,KUL,A01,28,1,1,NML,1,2025
52,B738,PKGNC,GIA,GIA322,GIA327,01/09:55,01/10:03,01/11:35,01/11:46,1:32:00,CGK,CGK,4,28,1,1,NML,1,2025
53,B739,PKLFO,LNI,LNI787,LNI804,01/12:51,01/12:55,01/13:56,01/14:04,1:01:00,UPG,DPS,14,28,1,1,NML,1,2025
54,DHC6,PKICP,PGT,PKICP,PKICP,01/10:06,01/10:09,01/11:01,01/11:04,0:51:31,PAG,PAG,28,28,0,0,NML,1,2025
55,A339,PKLEJ,LNI,LNI107,LNI104,31/17:58,31/18:02,01/12:12,01/12:27,18:10:00,JED,JED,A06,28,1,1,NML,1,2025
56,A320,PKGLT,CTV,CTV461,CTV698,01/11:42,01/11:50,01/12:25,01/12:34,0:35:00,AAP,DPS,6,28,1,1,NML,1,2025
57,A320,PKSJH,SJV,SJV567,SJV636,01/11:21,01/11:27,01/12:27,01/12:36,1:00:00,PLW,BDJ,14,28,1,1,NML,1,2025
58,B739,PKLFW,LNI,LNI694,LNI780,01/10:10,01/10:14,01/12:28,01/12:40,2:14:14,CGK,UPG,20,28,0,0,NML,1,2025
59,AW139,PKTVN,TVR,PKTVN,PKTVN,01/10:41,01/10:44,01/12:36,01/12:40,1:52:00,ZZZZ,ZZZZ,H02,28,0,0,NML,1,2025
60,B738,PKLQZ,LNI,LNI223,LNI680,01/12:01,01/12:07,01/12:50,01/12:59,0:43:00,BDJ,PKY,8,28,1,1,NML,1,2025
61,A320,PKBKM,BTK,BTK6596,BTK6595,01/12:54,01/12:59,01/14:04,01/14:17,1:05:00,CGK,CGK,12,28,1,1,NML,1,2025
62,A320,PKAZP,AWQ,AWQ393,AWQ324,01/12:41,01/12:45,01/13:23,01/13:36,0:38:00,JHB,KUL,A03,28,1,1,NML,1,2025
63,A320,PKPWF,PAS,PAS204,PAS205,01/12:05,01/12:10,01/13:14,01/13:24,1:04:00,CGK,CGK,5,28,1,1,NML,1,2025
64,A320,PKGLY,CTV,CTV252,CTV713,01/12:09,01/12:15,01/13:18,01/13:29,1:03:00,CGK,CGK,7,28,1,1,NML,1,2025
65,A320,PKGLX,CTV,CTV487,CTV668,01/12:22,01/12:28,01/13:22,01/13:32,0:54:00,BDJ,DPS,6,28,1,1,NML,1,2025
66,B738,PKGMY,GIA,GIA312,GIA317,01/12:38,01/12:44,01/13:35,01/13:46,0:51:00,CGK,CGK,4,28,1,1,NML,1,2025
67,A320,PKGQJ,CTV,CTV716,CTV717,01/13:26,01/13:33,01/14:10,01/14:49,0:37:00,CGK,CGK,8,28,1,1,NML,1,2025
68,A320,PKSTG,SJV,SJV633,SJV726,01/13:30,01/13:34,01/14:48,01/14:59,1:14:00,BDJ,LBJ,17A,28,0,0,NML,1,2025
69,B738,PKLPK,LNI,LNI839,LNI836,01/13:22,01/13:28,01/14:30,01/14:50,1:02:00,PNK,PNK,16,28,1,1,NML,1,2025
70,B739,PKLGS,LNI,LNI857,LNI910,01/13:33,01/13:39,01/14:54,01/15:01,1:15:00,PLM,DPS,15,28,1,1,NML,1,2025
71,A320,9VJSQ,JSA,JSA247,JSA248,01/15:40,01/15:42,01/16:33,01/16:46,0:51:00,SIN,SIN,A06,28,1,1,NML,1,2025
72,B739,PKLHO,LNI,LNI972,LNI260,01/16:23,01/16:28,01/17:24,01/17:32,0:56:00,BTH,BPN,12,28,1,1,NML,1,2025
73,A320,PKSJL,SJV,SJV723,SJV642,01/14:22,01/14:29,01/15:34,01/15:49,1:05:00,DPS,AAP,14,10,1,1,NML,1,2025
"74,B738,PKLOP,LNI,LNI707,LNI722,30/15:56,30/16:02,01/15:23,01/15:33,""1 day, 23:21:00"",UPG,KDI,24,28,0,0,NML,1,2025"
75,A320,PKLUU,BTK,BTK7515,BTK7514,01/13:48,01/13:52,01/15:18,01/15:31,1:26:00,HLP,HLP,9,10,1,1,NML,1,2025
76,B739,PKLGL,LNI,LNI823,LNI642,01/15:54,01/15:57,01/16:51,01/17:05,0:54:00,LOP,LOP,16,28,1,1,NML,1,2025
77,A320,PKPWE,PAS,PAS208,PAS209,01/14:15,01/14:23,01/15:03,01/15:12,0:40:00,CGK,CGK,5,28,1,1,NML,1,2025
78,A320,PKLUO,BTK,BTK6406,BTK6220,01/15:20,01/15:27,01/16:29,01/16:39,1:02:00,CGK,BPN,9,10,1,1,NML,1,2025
79,A320,PKLUS,BTK,BTK6347,BTK6401,01/16:20,01/16:24,01/17:08,01/17:28,0:44:00,BEJ,CGK,10,28,1,1,NML,1,2025
80,A320,PKSJH,SJV,SJV637,SJV614,01/15:44,01/15:48,01/16:47,01/16:59,0:59:00,BDJ,BPN,15,28,1,1,NML,1,2025
81,B738,PKGNG,GIA,GIA330,GIA331,01/14:18,01/14:25,01/15:27,01/15:39,1:02:00,HLP,HLP,4,10,1,1,NML,1,2025
82,B739,PKLHR,LNI,LNI923,LNI920,01/18:04,01/18:10,01/19:01,01/19:11,0:51:00,DPS,DPS,14,28,1,1,NML,1,2025
83,A320,PKGLT,CTV,CTV699,CTV434,01/14:56,01/15:05,01/15:50,01/16:00,0:45:00,DPS,BPN,6,10,1,1,NML,1,2025
"84,A333,PKLEG,LNI,LNI105,LNI581,30/18:40,30/22:38,01/16:07,01/16:22,""1 day, 21:22:00"",JED,CGK,10,10,1,1,NML,1,2025"
85,B738,9MMLK,MAS,MAS873,MAS872,01/15:47,01/15:54,01/16:40,01/16:51,0:46:00,KUL,KUL,A07,28,1,1,NML,1,2025
86,B735,PKNAT,LKN,LKN193,LKN192,01/15:40,01/15:44,01/16:19,01/16:29,0:35:00,PKN,PKN,12,10,1,1,NML,1,2025
87,B738,PKLOH,LNI,LNI709,LNI316,01/16:05,01/16:08,01/17:03,01/17:16,0:55:00,UPG,BDJ,14,28,1,1,NML,1,2025
88,B738,PKGFW,GIA,GIA310,GIA315,01/15:51,01/15:55,01/16:34,01/16:44,0:39:00,CGK,CGK,4,28,1,1,NML,1,2025
89,B738MAX,9VMBD,SIA,SIA926,SIA927,01/15:57,01/16:03,01/16:56,01/17:11,0:53:00,SIN,SIN,A08,28,1,1,NML,1,2025
90,A320,PKGTD,CTV,CTV174,CTV418,01/16:02,01/16:07,01/16:45,01/16:55,0:38:00,HLP,PNK,7,28,1,1,NML,1,2025
91,B739,PKLFO,LNI,LNI919,LNI268,01/17:18,01/17:23,01/18:31,01/18:45,1:08:00,DPS,TRK,16,28,1,1,NML,1,2025
92,B739,PKLFK,LNI,LNI692,LNI692,01/16:30,01/16:37,01/17:28,01/17:39,0:51:00,CGK,KOE,17B,28,0,0,NML,1,2025
93,A320,PKPWJ,PAS,PAS206,PAS623,01/16:11,01/16:14,01/17:00,01/17:09,0:46:00,CGK,BPN,5,28,1,1,NML,1,2025
94,A320,PKGQT,CTV,CTV669,CTV488,01/16:26,01/16:29,01/17:13,01/17:23,0:44:00,DPS,BDJ,6,28,1,1,NML,1,2025
95,B739,PKLGL,LNI,LNI865,LNI226,01/19:34,01/19:40,01/20:50,01/20:57,1:10:36,LOP,BDJ,15B,28,0,0,NML,1,2025
96,A320,PKLAO,BTK,BTK6578,BTK7579,01/16:52,01/16:57,01/17:45,01/17:53,0:48:00,CGK,CGK,9,28,1,1,NML,1,2025
97,A320,PKAZG,AWQ,AWQ323,AWQ326,01/17:21,01/17:24,01/17:58,01/18:08,0:34:00,KUL,KUL,A01,28,1,1,NML,1,2025
98,B738,PKLQZ,LNI,LNI681,LNI838,01/16:16,01/16:21,01/17:33,01/17:41,1:12:00,PKY,PNK,17A,28,0,0,NML,1,2025
99,A320,PKGQO,CTV,CTV176,CTV179,01/16:57,01/17:06,01/17:40,01/17:51,0:34:00,HLP,HLP,8,28,1,1,NML,1,2025
100,A320,PKSAS,SJV,SJV619,SJV638,01/18:57,01/19:03,01/19:52,01/20:04,0:49:00,BPN,BDJ,15A,28,0,0,NML,1,2025
101,A320NEO,PKGTK,CTV,CTV431,CTV948,01/17:26,01/17:31,01/18:22,01/18:32,0:51:00,BPN,BTH,6,28,1,1,NML,1,2025
102,A320,PKGQC,CTV,CTV718,CTV711,01/17:06,01/17:12,01/17:55,01/18:07,0:43:00,CGK,CGK,7,28,1,1,NML,1,2025
103,A320,PKSTI,SJV,SJV611,SJV708,01/17:00,01/17:08,01/18:13,01/18:25,1:05:00,BPN,DPS,15,28,1,1,NML,1,2025
104,A320,PKPWH,PAS,PAS622,PAS207,01/17:13,01/17:19,01/18:04,01/18:12,0:45:00,BPN,CGK,5,28,1,1,NML,1,2025
105,A320,PKLUF,BTK,BTK7503,BTK7502,01/17:59,01/18:06,01/18:48,01/19:00,0:42:00,HLP,HLP,10,28,1,1,NML,1,2025
106,B738,PKCRI,SJY,SJY567,SJY562,01/18:42,01/18:47,01/19:30,01/19:38,0:43:00,UPG,UPG,12,28,1,1,NML,1,2025
107,B738MAX,9VMBE,SIA,SIA928,SIA929,01/17:45,01/17:49,01/18:38,01/18:59,0:49:00,SIN,SIN,A07,28,1,1,NML,1,2025
108,B738,PKGFM,GIA,GIA320,GIA325,01/17:34,01/17:39,01/18:31,01/18:40,0:52:00,CGK,CGK,4,28,1,1,NML,1,2025
109,A320,PKGLP,CTV,CTV949,CTV494,01/18:38,01/18:44,01/19:23,01/19:37,0:39:00,BTH,BDJ,5,28,1,1,NML,1,2025
110,B738,PKLBW,BTK,BTK6576,BTK6575,01/18:53,01/18:59,01/19:42,01/19:52,0:43:00,CGK,CGK,9,28,1,1,NML,1,2025
111,B738,PKBBF,BBL,BBL763,BBL764,01/18:50,01/18:58,01/19:35,01/19:48,0:37:00,CGK,CGK,6,28,1,1,NML,1,2025
112,B739,PKLQR,LNI,LNI801,LNI880,01/17:37,01/17:42,01/19:49,01/20:01,2:07:00,UPG,UPG,18,28,0,0,NML,1,2025
113,B738,PKGFU,GIA,GIA349,GIA313,01/18:00,01/18:04,01/20:07,01/20:17,2:03:00,DPS,CGK,7,28,1,1,NML,1,2025
114,A320,PKGLY,CTV,CTV489,CTV662,01/19:21,01/19:28,01/20:02,01/20:13,0:34:00,BDJ,DPS,8,28,1,1,NML,1,2025
115,A320,PKGQM,CTV,CTV736,CTV352,01/19:26,01/19:32,01/20:16,01/20:26,0:44:00,CGK,UPG,4,28,1,1,NML,1,2025
116,A320,PKGLT,CTV,CTV435,CTV719,01/19:31,01/19:40,01/20:23,01/20:36,0:43:45,BPN,CGK,10,28,1,1,NML,1,2025
117,A320,PKGQT,CTV,CTV495,CTV694,01/19:58,01/20:05,01/20:44,01/20:51,0:39:11,BDJ,DPS,9,28,1,1,NML,1,2025
118,A320,PKGQG,CTV,CTV722,CTV354,01/19:45,01/19:52,01/21:01,01/21:12,1:09:30,CGK,UPG,6,28,1,1,NML,1,2025
119,A320,PKLUW,BTK,BTK6137,BTK6136,01/20:15,01/20:20,01/21:50,01/21:58,1:30:19,UPG,UPG,12,28,1,1,NML,1,2025
120,A320,PKLAO,BTK,BTK6588,BTK7508,01/21:34,01/21:40,02/05:02,02/05:17,7:22:00,CGK,HLP,8,10,1,1,NML,1,2025
121,A320,PKSTI,SJV,SJV727,SJV610,01/21:02,01/21:10,02/04:57,02/05:11,7:47:00,DPS,BPN,14,10,1,1,NML,1,2025
122,B738,PKLKP,LNI,LNI879,LNI878,01/15:16,01/15:21,02/04:58,02/05:11,13:37:01,AMQ,AMQ,20,10,0,0,NML,1,2025
123,A320,PKGQQ,CTV,CTV726,CTV430,01/21:10,01/21:17,02/04:58,02/05:13,7:41:00,CGK,BPN,7,10,1,1,NML,1,2025
124,B738,PKLOP,LNI,LNI727,LNI786,01/19:41,01/19:46,02/05:16,02/05:31,9:30:00,KDI,UPG,25,10,0,0,NML,1,2025
125,A320,PKAZG,AWQ,AWQ327,AWQ320,01/23:44,01/23:48,02/05:03,02/05:15,5:15:00,KUL,KUL,A03,10,1,1,NML,1,2025
126,A320,PKLUO,BTK,BTK6221,BTK6132,01/20:02,01/20:07,02/05:04,02/05:19,8:57:07,BPN,LOP,17B,10,0,0,NML,1,2025
127,B739,PKLHY,LNI,LNI749,LNI690,01/18:35,01/18:40,02/05:45,02/05:57,11:05:00,MDC,KOE,23,10,0,0,NML,1,2025
128,A320,PKGLY,CTV,CTV695,CTV725,01/22:33,01/22:39,02/05:39,02/05:55,6:59:13,DPS,CGK,6,10,1,1,NML,1,2025
129,A320,PKPWD,PAS,PAS212,PAS213,01/20:33,01/20:39,02/05:33,02/05:43,8:53:09,CGK,CGK,5,10,1,1,NML,1,2025
130,A320,V8RBE,RBA,RBA795,RBA796,01/20:06,01/20:08,02/05:51,02/06:05,9:43:00,BWN,BWN,A06,10,1,1,NML,1,2025
131,B738,PKLJS,LNI,LNI695,LNI868,01/16:08,01/16:12,02/05:57,02/06:12,13:45:00,KOE,TTE,22,10,0,0,NML,1,2025
132,A320,PKBKT,BTK,BTK6586,BTK6589,01/20:31,02/03:55,02/05:53,02/06:03,9:18:23,CGK,CGK,18,10,0,1,NML,1,2025
133,A320,PKGLX,CTV,CTV353,CTV484,02/05:05,02/05:10,02/05:53,02/06:10,0:43:00,UPG,BDJ,7,10,1,1,NML,1,2025
134,A320,PKSAZ,SJV,SJV639,SJV706,01/22:14,01/22:21,02/05:50,02/06:00,7:29:00,BDJ,DPS,12,10,1,1,NML,1,2025
135,A320,PKAZP,AWQ,AWQ325,AWQ386,01/19:15,01/19:19,02/06:15,02/06:29,10:56:00,KUL,PEN,A01,28,1,1,NML,1,2025
136,A320,PKBKV,BTK,BTK6413,BTK6412,01/20:24,01/20:29,02/06:17,02/06:32,9:48:00,DPS,DPS,16,28,1,1,NML,1,2025
137,A320,PKSTG,SJV,SJV725,SJV634,01/18:15,01/18:21,02/06:26,02/06:34,12:05:00,LBJ,BDJ,21,28,0,0,NML,1,2025
138,A320,PKSJH,SJV,SJV617,SJV566,01/20:27,01/20:33,02/06:50,02/07:00,10:17:00,BPN,PLW,15A,28,0,0,NML,1,2025
139,A320,PKLUV,BTK,BTK7521,BTK6135,01/20:10,01/20:16,02/06:57,02/07:07,10:41:07,HLP,PKN,17A,28,0,0,NML,1,2025
140,A320,PKSJL,SJV,SJV643,SJV612,01/19:02,01/19:07,02/07:06,02/07:15,11:59:01,AAP,BPN,24,28,0,0,NML,1,2025
141,B739,PKLGM,LNI,LNI311,LNI266,02/06:07,02/06:10,02/07:07,02/07:17,0:57:39,BDJ,BPN,10,28,1,1,NML,1,2025
142,B738,PKGMD,GIA,GIA855,GIA854,01/20:40,02/05:28,02/06:55,02/07:09,10:11:00,SIN,SIN,A02,28,1,1,NML,1,2025
143,B738,PKGFF,GIA,GIA328,GIA305,01/20:43,02/05:49,02/07:26,02/07:31,10:37:00,CGK,CGK,4,28,1,1,NML,1,2025
144,B739,PKLHO,LNI,LNI363,LNI646,02/06:22,02/06:26,02/07:14,02/07:22,0:48:00,BPN,LOP,14,28,1,1,NML,1,2025
145,A320,PKGLS,CTV,CTV170,CTV175,02/06:27,02/06:31,02/07:26,02/07:34,0:55:00,HLP,HLP,5,28,1,1,NML,1,2025
146,A320,PKGQT,CTV,CTV661,CTV460,02/07:11,02/07:17,02/07:54,02/08:04,0:36:32,DPS,AAP,7,28,1,1,NML,1,2025
147,B739,PKLHR,LNI,LNI929,LNI971,02/06:55,02/07:05,02/08:12,02/08:16,1:06:16,DPS,BTH,17B,28,0,0,NML,1,2025
148,B739,PKLFY,LNI,LNI645,LNI982,01/10:01,01/12:06,02/09:58,02/10:12,23:51:00,LOP,PKU,26,10,0,1,NML,1,2025
149,A333,BLAK,CPA,CPA779,CPA780,01/18:30,01/18:33,02/08:24,02/08:35,13:51:00,HKG,HKG,A08,10,1,1,NML,1,2025
150,B738,PKLKP,LNI,LNI879,LNI990,02/11:08,02/11:12,02/12:02,02/12:14,0:50:00,AMQ,DPS,10,10,1,1,NML,1,2025
151,DHC6,PKICP,PGT,PKICP,PKICP,01/14:11,01/14:12,02/07:52,02/07:58,17:40:00,PAG,PAG,28,10,0,0,NML,1,2025
152,A320,PKBLD,BTK,BTK6572,BTK6573,02/07:49,02/07:55,02/08:47,02/08:57,0:52:00,CGK,CGK,9,10,1,1,NML,1,2025
153,A320,PKGQL,CTV,CTV355,CTV177,02/07:29,02/07:35,02/08:43,02/08:52,1:07:31,UPG,HLP,6,10,1,1,NML,1,2025
154,B739,PKLOH,LNI,LNI315,LNI222,02/08:14,02/08:17,02/09:07,02/09:18,0:50:00,BDJ,BDJ,12,10,1,1,NML,1,2025
155,A320,PKLUO,BTK,BTK6133,BTK6581,02/08:07,02/08:13,02/08:54,02/09:03,0:40:26,LOP,CGK,10,10,1,1,NML,1,2025
156,A320,PKSJF,SJV,SJV649,SJV618,02/07:46,02/07:51,02/08:57,02/09:11,1:06:00,BPN,BPN,16,10,1,1,NML,1,2025
157,B738,PKLQZ,LNI,LNI837,LNI748,02/08:21,02/08:27,02/09:16,02/09:16,0:49:00,PNK,MDC,14,10,1,1,NML,1,2025
158,A320,PKBLA,BTK,BTK8413,BTK8412,02/08:14,02/08:19,02/09:10,02/09:41,0:51:00,DPS,DPS,15A,10,0,0,NML,1,2025
159,B739,PKLGR,LNI,LNI683,LNI693,02/08:17,02/08:25,02/09:19,02/09:23,0:54:00,PKY,CGK,8,10,1,1,NML,1,2025
160,B739,PKLSO,LNI,LNI267,LNI682,02/11:37,02/11:41,02/12:38,02/12:53,0:57:49,TRK,PKY,9,10,1,1,NML,1,2025
161,B738,PKGFU,GIA,GIA304,GIA342,02/08:33,02/08:37,02/09:27,02/09:45,0:50:00,CGK,DPS,4,10,1,1,NML,1,2025
162,A320,PKGLX,CTV,CTV485,CTV486,02/08:40,02/08:43,02/09:26,02/09:50,0:43:00,BDJ,BDJ,5,10,1,1,NML,1,2025
163,A320,PKGQI,CTV,CTV417,CTV715,02/08:27,02/08:31,02/09:31,02/09:54,1:00:00,PNK,CGK,7,10,1,1,NML,1,2025
164,B738,PKLDO,MXD,MXD352,MXD353,01/20:20,01/20:24,02/09:18,02/09:33,12:54:00,KUL,KUL,A04,10,1,1,NML,1,2025
165,A320,PKSAZ,SJV,SJV703,SJV702,02/08:36,02/08:40,02/09:33,02/10:00,0:53:00,DPS,DPS,17A,10,0,0,NML,1,2025
166,A320,PKSTI,SJV,SJV611,SJV640,02/08:45,02/08:50,02/09:47,02/10:04,0:57:00,BPN,AAP,15B,10,0,0,NML,1,2025
167,A320,9VTRM,TGW,TGW264,TGW265,02/09:12,02/09:18,02/10:10,02/10:21,0:52:00,SIN,SIN,A02,10,1,1,NML,1,2025
168,B738,9MMXT,MAS,MAS871,MAS870,02/09:30,02/09:32,02/10:29,02/10:33,0:57:00,KUL,KUL,A06,10,1,1,NML,1,2025
169,B38M,9MLRL,MXD,MXD350,MXD351,02/08:54,02/09:01,02/09:53,02/10:09,0:52:00,KUL,KUL,A03,10,1,1,NML,1,2025
170,A320,PKBKT,BTK,BTK6584,BTK6585,02/09:28,02/09:32,02/10:23,02/10:36,0:51:00,CGK,CGK,9,10,1,1,NML,1,2025
171,A359,9VSHW,SIA,SIA922,SIA923,02/09:09,02/09:15,02/10:11,02/10:28,0:56:00,SIN,SIN,A08,10,1,1,NML,1,2025
172,A320,PKSTG,SJV,SJV635,SJV632,02/09:15,02/09:20,02/10:18,02/10:34,0:58:00,BDJ,BDJ,12,10,1,1,NML,1,2025
173,A320,PKGQJ,CTV,CTV351,CTV350,02/09:45,02/09:47,02/10:26,02/10:42,0:39:00,UPG,UPG,7,10,1,1,NML,1,2025
174,A320,PKGQU,CTV,CTV710,CTV723,02/09:22,02/09:27,02/10:17,02/10:31,0:50:00,CGK,CGK,6,10,1,1,NML,1,2025
175,B739,PKLQR,LNI,LNI791,LNI706,02/09:48,02/09:51,02/10:35,02/10:49,0:44:00,UPG,UPG,10,10,1,1,NML,1,2025
176,B739,PKLHU,LNI,LNI970,LNI973,02/09:56,02/09:59,02/11:05,02/11:14,1:06:00,BTH,BTH,16,10,1,1,NML,1,2025
177,B739,PKLHO,LNI,LNI645,LNI822,02/10:07,02/10:09,02/11:00,02/11:10,0:51:00,LOP,LOP,15A,10,0,0,NML,1,2025
178,B733F,PKMYV,MYU,MYU935,MYU815,02/09:20,02/09:23,02/10:15,02/10:20,0:52:00,SRG,CGK,C02,10,0,0,NML,1,2025
179,B739,PKLSK,LNI,LNI694,LNI694,02/10:28,02/10:34,02/11:22,02/11:32,0:48:00,CGK,KOE,17A,10,0,0,NML,1,2025
180,A320,PKAZG,AWQ,AWQ321,AWQ322,02/10:56,02/11:00,02/11:43,02/11:52,0:43:00,KUL,KUL,A01,10,1,1,NML,1,2025
181,B739,PKLHY,LNI,LNI697,LNI697,02/10:52,02/10:55,02/11:39,02/11:49,0:44:00,KOE,CGK,15B,10,0,0,NML,1,2025
182,A320,PKLUF,BTK,BTK7517,BTK7520,02/10:25,02/10:33,02/11:32,02/11:42,0:59:00,HLP,HLP,8,10,1,1,NML,1,2025
183,B738,PKGFD,GIA,GIA322,GIA327,02/10:02,02/10:05,02/11:28,02/11:40,1:23:00,CGK,CGK,4,10,1,1,NML,1,2025
184,B739,PKLGM,LNI,LNI367,LNI262,02/11:02,02/11:04,02/11:56,02/12:10,0:52:00,BPN,BPN,15A,10,0,0,NML,1,2025
185,A320,PKLUU,BTK,BTK7513,BTK7516,02/10:23,02/10:26,02/11:46,02/11:58,1:20:00,HLP,HLP,12,10,1,1,NML,1,2025
186,A320,PKLUV,BTK,BTK6134,BTK6346,02/09:52,02/09:56,02/11:51,02/12:07,1:55:00,PKN,BEJ,14,10,1,1,NML,1,2025
187,A320,PKSGA,SJV,SJV363,SJV362,02/10:58,02/11:02,02/12:01,02/12:12,0:59:00,KNO,KNO,17B,10,0,0,NML,1,2025
188,A320,PKGQT,CTV,CTV461,CTV698,02/11:28,02/11:32,02/12:25,02/12:36,0:53:00,AAP,DPS,5,10,1,1,NML,1,2025
189,A320,PKSJH,SJV,SJV567,SJV636,02/11:20,02/11:25,02/12:32,02/12:43,1:07:00,PLW,BDJ,16,10,1,1,NML,1,2025
190,B739,PKLHP,LNI,LNI805,LNI780,02/11:24,02/11:28,02/12:46,02/12:58,1:18:38,DPS,UPG,18,10,0,0,NML,1,2025
"191,A339,PKLEV,LNI,LNI107,LNI074,27/16:19,01/21:59,02/12:37,02/12:46,""5 days, 20:10:00"",JED,MED,A07,10,1,1,NML,1,2025"
192,B738,PKLOH,LNI,LNI223,LNI680,02/12:02,02/12:07,02/13:13,02/13:25,1:06:00,BDJ,PKY,10,10,1,1,NML,1,2025
193,B739,PKLHI,LNI,LNI787,LNI804,02/11:59,02/12:03,02/13:11,02/13:23,1:08:00,UPG,DPS,14,10,1,1,NML,1,2025
194,A320,PKBLD,BTK,BTK6596,BTK6595,02/12:25,02/12:29,02/13:23,02/13:38,0:54:00,CGK,CGK,8,10,1,1,NML,1,2025
195,B738,PKLJS,LNI,LNI869,LNI722,02/12:21,02/12:24,02/13:27,02/13:41,1:03:00,TTE,KDI,12,10,1,1,NML,1,2025
196,A320,PKPWF,PAS,PAS204,PAS205,02/12:05,02/12:08,02/13:14,02/13:30,1:06:00,CGK,CGK,6,10,1,1,NML,1,2025
197,A320,PKAZP,AWQ,AWQ387,AWQ324,02/12:51,02/12:56,02/13:35,02/13:44,0:38:36,PEN,KUL,A01,10,1,1,NML,1,2025
198,A320,PKGTA,CTV,CTV252,CTV713,02/11:54,02/11:58,02/13:25,02/13:42,1:27:00,CGK,CGK,7,10,1,1,NML,1,2025
199,A320,PKGLX,CTV,CTV487,CTV668,02/12:34,02/12:40,02/13:24,02/13:39,0:44:00,BDJ,DPS,5,10,1,1,NML,1,2025
200,B738,PKGMF,GIA,GIA312,GIA317,02/12:30,02/12:33,02/13:32,02/13:46,0:59:00,CGK,CGK,4,10,1,1,NML,1,2025
201,A320,PKGQF,CTV,CTV716,CTV717,02/13:27,02/13:32,02/14:04,02/14:15,0:31:42,CGK,CGK,9,10,1,1,NML,1,2025
202,B738,PKLPK,LNI,LNI839,LNI836,02/13:01,02/13:06,02/13:57,02/14:08,0:51:27,PNK,PNK,16,10,1,1,NML,1,2025
203,A320,PKSTG,SJV,SJV633,SJV726,02/13:35,02/13:39,02/14:23,02/14:34,0:44:00,BDJ,LBJ,15,10,1,1,NML,1,2025
204,B739,PKLQR,LNI,LNI707,LNI910,02/14:36,02/14:39,02/15:35,02/15:47,0:56:46,UPG,DPS,14,10,1,1,NML,1,2025
205,A320,PKGQQ,CTV,CTV431,CTV948,02/13:55,02/13:57,02/14:45,02/14:58,0:48:00,BPN,BTH,6,10,1,1,NML,1,2025
206,A320,9VJSI,JSA,JSA247,JSA248,02/13:32,02/13:38,02/14:32,02/14:43,0:54:05,SIN,SIN,A07,10,1,1,NML,1,2025
207,A320,PKPWE,PAS,PAS208,PAS209,02/14:04,02/14:07,02/15:02,02/15:12,0:55:00,CGK,CGK,5,10,1,1,NML,1,2025
208,B739,PKLFY,LNI,LNI983,LNI642,02/15:23,02/15:27,02/16:21,02/16:30,0:54:00,PKU,LOP,16,10,1,1,NML,1,2025
209,A320,PKBKQ,BTK,BTK6406,BTK6220,02/15:26,02/15:29,02/16:23,02/16:32,0:54:00,CGK,BPN,10,10,1,1,NML,1,2025
210,B738,PKGNH,GIA,GIA330,GIA331,02/16:12,02/16:16,02/17:06,02/17:15,0:50:00,HLP,HLP,5,28,1,1,NML,1,2025
211,B739,PKLHI,LNI,LNI919,LNI920,02/16:20,02/16:25,02/17:37,02/17:47,1:12:00,DPS,DPS,21,10,0,0,NML,1,2025
212,A320,PKGQT,CTV,CTV699,CTV434,02/14:54,02/14:58,02/15:39,02/15:54,0:41:18,DPS,BPN,7,10,1,1,NML,1,2025
213,A320,PKLUF,BTK,BTK7501,BTK7512,02/14:45,02/14:49,02/15:35,02/15:44,0:46:34,HLP,HLP,9,10,1,1,NML,1,2025
214,B738,PKLQY,LNI,LNI709,LNI581,02/15:58,02/16:03,02/17:17,02/17:32,1:14:45,UPG,CGK,26,28,0,0,NML,1,2025
215,B738,9MMXU,MAS,MAS873,MAS872,02/15:06,02/15:12,02/15:56,02/16:07,0:44:00,KUL,KUL,A08,10,1,1,NML,1,2025
216,B738,PKLKP,LNI,LNI6005,LNI316,02/14:49,02/14:53,02/16:36,02/16:46,1:43:00,DPS,BDJ,15,10,1,1,NML,1,2025
217,B738MAX,9VMBC,SIA,SIA926,SIA927,02/15:35,02/15:42,02/16:34,02/16:49,0:52:00,SIN,SIN,A07,10,1,1,NML,1,2025
218,B738,PKGMC,GIA,GIA310,GIA315,02/15:19,02/15:23,02/16:23,02/16:37,1:00:00,CGK,CGK,4,10,1,1,NML,1,2025
219,A320,PKSJH,SJV,SJV637,SJV648,02/15:32,02/15:36,02/16:35,02/16:42,0:59:00,BDJ,BPN,17A,10,0,0,NML,1,2025
220,A320,PKGQL,CTV,CTV174,CTV418,02/15:49,02/15:52,02/16:34,02/16:51,0:41:25,HLP,PNK,6,10,1,1,NML,1,2025
221,B739,PKLHO,LNI,LNI823,LNI268,02/13:48,02/13:52,02/16:50,02/16:58,2:58:00,LOP,TRK,20,28,0,0,NML,1,2025
222,B739,PKLFW,LNI,LNI692,LNI692,02/16:37,02/16:51,02/17:47,02/18:01,0:55:38,CGK,KOE,15,10,1,1,NML,1,2025
"223,A339,PKLET,LNI,LNI075,LNI106,31/16:26,31/16:34,02/16:27,02/16:39,""1 day, 23:53:00"",JED,JED,A05,10,1,1,NML,1,2025"
224,A320,PKPWD,PAS,PAS206,PAS623,02/15:52,02/15:57,02/16:51,02/17:01,0:54:00,CGK,BPN,7,28,1,1,NML,1,2025
225,A320NEO,PKGQC,CTV,CTV669,CTV488,02/16:28,02/16:33,02/17:16,02/17:26,0:43:00,DPS,BDJ,8,28,1,1,NML,1,2025
226,A320,PKLUV,BTK,BTK6347,BTK6401,02/16:23,02/16:28,02/18:00,02/18:19,1:32:56,BEJ,CGK,9,10,1,1,NML,1,2025
227,B739,PKLSK,LNI,LNI695,LNI226,02/16:08,02/16:13,02/17:24,02/17:34,1:11:59,KOE,BDJ,17B,28,0,0,NML,1,2025
228,A320,PKLUY,BTK,BTK6578,BTK7579,02/16:44,02/16:48,02/17:39,02/17:52,0:51:00,CGK,CGK,10,10,1,1,NML,1,2025
229,A320,PKAZG,AWQ,AWQ323,AWQ326,02/17:30,02/17:33,02/18:06,02/18:15,0:33:00,KUL,KUL,A01,10,1,1,NML,1,2025
230,B738,PKLOH,LNI,LNI681,LNI838,02/16:16,02/16:19,02/17:28,02/17:39,1:09:00,PKY,PNK,14,28,1,1,NML,1,2025
231,A320,PKSJL,SJV,SJV619,SJV638,02/16:03,02/16:09,02/18:00,02/18:10,1:51:25,BPN,BDJ,18,10,0,0,NML,1,2025
232,A320,PKSJD,SJV,SJV723,SJV708,02/18:37,02/18:43,02/19:30,02/19:42,0:47:00,DPS,DPS,12,10,1,1,NML,1,2025
233,A320,PKPWH,PAS,PAS622,PAS207,02/17:24,02/17:29,02/18:11,02/18:24,0:42:00,BPN,CGK,6,10,1,1,NML,1,2025
234,A320,PKSTG,SJV,SJV725,SJV716,02/18:07,02/18:11,02/18:55,02/19:05,0:44:00,LBJ,LOP,10,10,1,1,NML,1,2025
235,B738MAX,9VMBO,SIA,SIA928,SIA929,02/17:59,02/18:05,02/18:56,02/19:11,0:51:00,SIN,SIN,A07,10,1,1,NML,1,2025
236,B738,PKGFJ,GIA,GIA320,GIA325,02/17:27,02/17:33,02/18:30,02/18:42,0:57:00,CGK,CGK,4,10,1,1,NML,1,2025
237,A320,PKGQO,CTV,CTV172,CTV173,02/18:11,02/18:15,02/18:58,02/19:09,0:42:12,HLP,HLP,7,10,1,1,NML,1,2025
238,B738,PKBBF,BBL,BBL763,BBL764,02/18:31,02/18:36,02/19:30,02/19:44,0:54:00,CGK,CGK,6,10,1,1,NML,1,2025
239,B739,PKLHR,LNI,LNI972,LNI880,02/17:53,02/17:58,02/20:13,02/20:22,2:14:45,BTH,UPG,23,10,0,0,NML,1,2025
240,A320,PKPWE,PAS,PAS202,PAS203,02/18:53,02/18:57,02/19:49,02/20:00,0:51:46,CGK,CGK,4,10,1,1,NML,1,2025
241,B738,PKCRH,SJY,SJY567,SJY562,02/19:20,02/19:24,02/20:09,02/20:19,0:45:00,UPG,UPG,10,10,1,1,NML,1,2025
242,A320,PKGQT,CTV,CTV435,CTV662,02/19:17,02/19:21,02/20:01,02/20:14,0:40:00,BPN,DPS,8,10,1,1,NML,1,2025
243,B738,PKGFU,GIA,GIA349,GIA313,02/18:03,02/18:07,02/20:00,02/20:18,1:53:00,DPS,CGK,5,10,1,1,NML,1,2025
244,A320,PKGLP,CTV,CTV489,CTV494,02/20:11,02/20:15,02/20:55,02/21:04,0:40:00,BDJ,BDJ,6,28,1,1,NML,1,2025
245,A320,PKGTD,CTV,CTV949,CTV719,02/19:02,02/19:06,02/20:59,02/21:11,1:52:15,BTH,CGK,9,28,1,1,NML,1,2025
246,A320,PKGLR,CTV,CTV736,CTV352,02/20:28,02/20:32,02/21:25,02/21:34,0:53:00,CGK,UPG,8,28,1,1,NML,1,2025
247,A320NEO,PKGQC,CTV,CTV495,CTV694,02/20:07,02/20:11,02/21:32,02/21:42,1:21:00,BDJ,DPS,7,28,1,1,NML,1,2025
248,A320,PKLUI,BTK,BTK6576,BTK6136,02/18:27,02/18:32,02/21:55,02/22:04,3:23:00,CGK,UPG,16,28,1,1,NML,1,2025
249,A320,PKGTE,CTV,CTV722,CTV354,02/21:39,02/21:46,02/22:24,02/22:36,0:38:00,CGK,UPG,6,28,1,1,NML,1,2025
250,B738,PKLJS,LNI,LNI727,LNI878,02/17:50,02/17:54,03/05:00,03/05:11,11:06:00,KDI,AMQ,22,28,0,0,NML,1,2025
251,A320,PKSJF,SJV,SJV615,SJV610,02/20:38,02/20:41,03/04:56,03/05:09,8:15:00,BPN,BPN,17B,28,0,0,NML,1,2025
252,A320,PKLUG,BTK,BTK6137,BTK7508,02/19:26,02/19:30,03/05:00,03/05:14,9:30:00,UPG,HLP,15A,28,0,0,NML,1,2025
253,A320,PKGQF,CTV,CTV726,CTV430,02/22:29,02/22:37,03/04:53,03/05:05,6:16:00,CGK,BPN,7,28,1,1,NML,1,2025
254,B739,PKLQR,LNI,LNI923,LNI786,02/18:26,02/18:31,03/05:04,03/05:16,10:32:11,DPS,UPG,21,28,0,0,NML,1,2025
255,A320,PKAZG,AWQ,AWQ327,AWQ320,02/23:56,02/23:59,03/05:00,03/05:12,5:01:00,KUL,KUL,A03,28,1,1,NML,1,2025
256,A320,PKBKQ,BTK,BTK6221,BTK6132,02/20:05,02/20:08,03/05:16,03/05:27,9:08:00,BPN,LOP,26,28,0,0,NML,1,2025
257,A320,PKPWJ,PAS,PAS212,PAS213,02/21:01,02/21:08,03/05:41,03/05:49,8:33:00,CGK,CGK,5,28,1,1,NML,1,2025
258,B739,PKLVF,LNI,LNI690,LNI690,03/05:02,03/05:08,03/05:50,03/06:00,0:42:00,CGK,KOE,11,28,1,1,NML,1,2025
259,A320,PKGQT,CTV,CTV695,CTV725,02/22:34,02/22:42,03/05:34,03/05:42,6:52:00,DPS,CGK,6,28,1,1,NML,1,2025
260,A320,V8RBC,RBA,RBA795,RBA796,02/20:15,02/20:22,03/05:54,03/06:09,9:32:00,BWN,BWN,A06,28,1,1,NML,1,2025
261,A320,PKSJL,SJV,SJV639,SJV640,02/20:46,02/20:49,03/06:04,03/06:15,9:15:00,BDJ,AAP,17A,28,0,0,NML,1,2025
262,B739,PKLFY,LNI,LNI865,LNI266,02/19:07,02/19:13,03/06:04,03/06:14,10:51:00,LOP,BPN,18,28,0,0,NML,1,2025
263,A320,PKGLR,CTV,CTV353,CTV670,03/05:06,03/05:14,03/05:47,03/05:55,0:33:00,UPG,LOP,7,28,1,1,NML,1,2025
264,A320,PKLUY,BTK,BTK6588,BTK6589,02/22:00,02/22:07,03/05:52,03/06:05,7:45:00,CGK,CGK,12,28,1,1,NML,1,2025
265,A320,PKSJD,SJV,SJV727,SJV706,02/22:09,02/22:15,03/06:09,03/06:19,7:54:00,DPS,DPS,16,28,1,1,NML,1,2025
266,A320,PKBKV,BTK,BTK6413,BTK6412,02/20:55,02/21:03,03/06:19,03/06:28,9:16:00,DPS,DPS,14,28,1,1,NML,1,2025
267,A320,PKSTI,SJV,SJV643,SJV634,02/19:39,02/19:43,03/06:33,03/06:41,10:50:31,AAP,BDJ,15B,28,0,0,NML,1,2025
268,B739,PKLGY,LNI,LNI929,LNI882,03/06:11,03/06:17,03/07:15,03/07:23,0:58:00,DPS,UPG,17A,28,0,0,NML,1,2025
269,A320,PKSTG,SJV,SJV717,SJV566,03/06:02,03/06:08,03/07:05,03/07:15,0:57:00,LOP,PLW,15A,28,0,0,NML,1,2025
270,A322,PKSAT,SJV,SJV649,SJV612,03/05:58,03/06:03,03/07:10,03/07:19,1:07:00,BPN,BPN,17B,28,0,0,NML,1,2025
271,DHC6,PKICP,PGT,PKICP,PKICP,02/11:05,02/11:07,03/06:44,03/06:50,19:37:00,PAG,PAG,28,28,0,0,NML,1,2025
272,A320,PKLUF,BTK,BTK7521,BTK6135,02/21:13,03/01:34,03/06:54,03/07:02,9:35:41,HLP,PKN,20,28,0,1,NML,1,2025
273,B739,PKLSU,LNI,LNI311,LNI971,03/06:07,03/06:13,03/06:58,03/07:10,0:45:00,BDJ,BTH,11,28,1,1,NML,1,2025
274,B738,PKGFQ,GIA,GIA855,GIA305,02/21:30,02/23:49,03/06:57,03/07:07,9:23:00,SIN,CGK,4,28,1,1,NML,1,2025
275,B738,PKGNQ,GIA,GIA328,GIA854,02/19:52,02/23:25,03/07:04,03/07:17,11:09:00,CGK,SIN,A02,28,1,1,NML,1,2025
276,B739,PKLFO,LNI,LNI363,LNI646,03/06:16,03/06:21,03/07:16,03/07:25,0:55:00,BPN,LOP,16,28,1,1,NML,1,2025
277,A320,PKGLS,CTV,CTV170,CTV175,03/06:37,03/06:44,03/07:28,03/07:35,0:44:00,HLP,HLP,6,28,1,1,NML,1,2025
278,A320,PKAZP,AWQ,AWQ325,AWQ392,02/19:23,02/19:30,03/07:33,03/07:42,12:03:00,KUL,JHB,A01,28,1,1,NML,1,2025
279,A320,PKGQC,CTV,CTV661,CTV460,03/06:51,03/07:00,03/07:38,03/07:48,0:38:00,DPS,AAP,7,28,1,1,NML,1,2025
280,B738,PKBBF,BBL,BBL761,BBL762,03/06:46,03/06:58,03/07:46,03/08:00,0:48:00,CGK,CGK,5,28,1,1,NML,1,2025
281,B739,PKLFW,LNI,LNI693,LNI693,03/07:04,03/07:10,03/07:58,03/08:11,0:48:00,KOE,CGK,10,28,1,1,NML,1,2025
282,B738,PKLKP,LNI,LNI315,LNI868,03/07:07,03/07:13,03/08:01,03/08:14,0:48:09,BDJ,TTE,12,28,1,1,NML,1,2025
283,A333,BHLN,CPA,CPA779,CPA780,02/18:22,02/18:30,03/08:03,03/08:17,13:33:00,HKG,HKG,A08,28,1,1,NML,1,2025
"284,A339,PKLER,LNI,LNI105,LNI102,30/10:43,02/23:22,03/08:10,03/08:29,""3 days, 21:22:00"",JED,JED,A05,28,1,1,NML,1,2025"
285,B739,PKLHO,LNI,LNI267,LNI990,03/07:11,03/07:17,03/08:19,03/08:36,1:02:00,TRK,DPS,11,28,1,1,NML,1,2025
286,B738,PKBGZ,BTK,BTK6572,BTK6573,03/08:54,03/09:00,03/09:47,03/09:57,0:47:00,CGK,CGK,11,28,1,1,NML,1,2025
287,B738,PKLZZ,MXD,MXD352,MXD353,02/19:36,02/19:42,03/08:40,03/08:56,12:58:00,KUL,KUL,A04,28,1,1,NML,1,2025
288,A320,PKGLL,CTV,CTV355,CTV177,03/07:44,03/07:50,03/08:34,03/08:45,0:43:43,UPG,HLP,6,28,1,1,NML,1,2025
289,A320,PKBKQ,BTK,BTK6133,BTK6581,03/08:27,03/08:33,03/09:30,03/09:48,0:57:00,LOP,CGK,12,28,1,1,NML,1,2025
290,B739,PKLFY,LNI,LNI367,LNI222,03/09:33,03/09:38,03/10:31,03/10:41,0:53:00,BPN,BDJ,14,28,1,1,NML,1,2025
291,B738,PKLOH,LNI,LNI837,LNI748,03/08:09,03/08:16,03/09:08,03/09:19,0:52:00,PNK,MDC,14,28,1,1,NML,1,2025
292,A320,PKLUI,BTK,BTK8413,BTK8412,03/08:05,03/08:09,03/09:03,03/09:14,0:54:00,DPS,DPS,9,28,1,1,NML,1,2025
293,B739,PKLSO,LNI,LNI683,LNI682,03/08:15,03/08:24,03/09:15,03/09:29,0:51:00,PKY,PKY,10,28,1,1,NML,1,2025
294,B738,PKGFI,GIA,GIA304,GIA342,03/08:12,03/08:18,03/09:11,03/09:25,0:53:00,CGK,DPS,4,28,1,1,NML,1,2025
295,A320,PKSAS,SJV,SJV7002,SJV618,03/08:53,03/08:59,03/09:50,03/10:02,0:51:00,CGK,BPN,15,28,1,1,NML,1,2025
296,A320,PKGQK,CTV,CTV417,CTV715,03/08:33,03/08:39,03/09:20,03/09:36,0:41:00,PNK,CGK,7,28,1,1,NML,1,2025
297,A320,PKGLR,CTV,CTV671,CTV486,03/08:20,03/08:26,03/09:23,03/09:46,0:57:00,LOP,BDJ,5,28,1,1,NML,1,2025
298,A320,PKSJD,SJV,SJV703,SJV702,03/08:30,03/08:35,03/09:26,03/09:43,0:51:09,DPS,DPS,16,28,1,1,NML,1,2025
299,A320,9VTRL,TGW,TGW264,TGW265,03/09:26,03/09:29,03/10:21,03/10:35,0:52:00,SIN,SIN,A02,28,1,1,NML,1,2025
300,B738MAX,9MMVD,MAS,MAS871,MAS870,03/09:22,03/09:25,03/10:17,03/10:26,0:52:00,KUL,KUL,A07,28,1,1,NML,1,2025
301,B735,PKNAQ,LKN,LKN243,LKN242,03/09:06,03/09:11,03/09:58,03/10:10,0:47:00,SMQ,SMQ,9,28,1,1,NML,1,2025
302,B38M,9MLRC,MXD,MXD350,MXD351,03/08:59,03/09:04,03/09:53,03/10:07,0:49:00,KUL,KUL,A03,28,1,1,NML,1,2025
303,B739,PKLSY,LNI,LNI694,LNI856,03/09:36,03/09:41,03/10:51,03/11:02,1:10:00,CGK,PLM,17A,10,0,0,NML,1,2025
304,A320,PKGQI,CTV,CTV351,CTV350,03/09:16,03/09:23,03/10:06,03/10:15,0:43:00,UPG,UPG,8,28,1,1,NML,1,2025
305,A359,9VSHT,SIA,SIA922,SIA923,03/09:31,03/09:34,03/10:44,03/10:58,1:10:00,SIN,SIN,A08,28,1,1,NML,1,2025
306,A320,PKSTI,SJV,SJV635,SJV632,03/09:20,03/09:28,03/10:24,03/10:30,0:56:00,BDJ,BDJ,10,28,1,1,NML,1,2025
307,B739,PKLHO,LNI,LNI805,LNI262,03/11:38,03/11:42,03/12:31,03/12:41,0:49:07,DPS,BPN,14,10,1,1,NML,1,2025
308,B739,PKLJI,LNI,LNI791,LNI706,03/10:32,03/10:39,03/11:27,03/11:41,0:48:00,UPG,UPG,10,10,1,1,NML,1,2025
309,B739,PKLHI,LNI,LNI970,LNI973,03/10:05,03/10:11,03/11:12,03/11:21,1:00:53,BTH,BTH,17B,10,0,0,NML,1,2025
310,A320,PKPWJ,PAS,PAS210,PAS211,03/09:43,03/09:50,03/10:35,03/10:43,0:45:00,CGK,CGK,5,28,1,1,NML,1,2025
311,A320,PKLUT,BTK,BTK7513,BTK7516,03/10:00,03/10:06,03/10:46,03/10:54,0:40:00,HLP,HLP,11,28,1,1,NML,1,2025
312,A320,PKLUF,BTK,BTK6134,BTK6346,03/09:39,03/09:45,03/11:00,03/11:09,1:15:00,PKN,BEJ,12,10,1,1,NML,1,2025
313,B739,PKLFO,LNI,LNI645,LNI822,03/09:54,03/10:00,03/11:04,03/11:14,1:04:00,LOP,LOP,16,10,1,1,NML,1,2025
314,B739,PKLHM,LNI,LNI801,LNI694,03/10:13,03/10:18,03/11:18,03/11:31,1:00:35,UPG,KOE,15,10,1,1,NML,1,2025
315,A320,PKAZG,AWQ,AWQ321,AWQ322,03/11:43,03/11:47,03/12:24,03/12:31,0:37:24,KUL,KUL,A01,10,1,1,NML,1,2025
316,B739,PKLVF,LNI,LNI697,LNI697,03/12:50,03/12:56,03/13:53,03/14:04,0:57:00,KOE,CGK,16,10,1,1,NML,1,2025
317,B738,PKGMA,GIA,GIA322,GIA327,03/10:17,03/10:22,03/11:25,03/11:37,1:03:00,CGK,CGK,4,10,1,1,NML,1,2025
318,B739,PKLFO,LNI,LNI823,LNI804,03/13:48,03/13:52,03/15:01,03/15:11,1:09:00,LOP,DPS,12,10,1,1,NML,1,2025
319,A320,PKGQC,CTV,CTV461,CTV698,03/11:22,03/11:26,03/12:45,03/12:57,1:19:00,AAP,DPS,6,28,1,1,NML,1,2025
320,A320,PKSTG,SJV,SJV567,SJV636,03/11:28,03/11:31,03/12:25,03/12:36,0:54:03,PLW,BDJ,12,10,1,1,NML,1,2025
321,B739,PKLFY,LNI,LNI223,LNI780,03/13:45,03/13:48,03/14:51,03/15:04,1:03:00,BDJ,UPG,11,10,1,1,NML,1,2025
322,A320,PKBKJ,BTK,BTK6596,BTK6595,03/12:55,03/13:00,03/14:08,03/14:27,1:08:00,CGK,CGK,9,10,1,1,NML,1,2025
323,A320,PKPWC,PAS,PAS204,PAS205,03/12:22,03/12:25,03/13:23,03/13:35,0:57:19,CGK,CGK,5,10,1,1,NML,1,2025
324,A320,PKAZP,AWQ,AWQ393,AWQ324,03/12:27,03/12:33,03/13:15,03/13:23,0:42:00,JHB,KUL,A02,10,1,1,NML,1,2025
325,A320,PKGLR,CTV,CTV487,CTV668,03/12:37,03/12:41,03/13:25,03/13:39,0:43:46,BDJ,DPS,7,10,1,1,NML,1,2025
326,A320,PKGLW,CTV,CTV252,CTV713,03/12:02,03/12:05,03/13:28,03/13:43,1:23:00,CGK,CGK,8,10,1,1,NML,1,2025
327,B738,PKGMY,GIA,GIA312,GIA317,03/12:18,03/12:20,03/13:38,03/13:50,1:17:09,CGK,CGK,4,10,1,1,NML,1,2025
328,A320,PKGQK,CTV,CTV716,CTV717,03/13:37,03/13:40,03/14:10,03/14:24,0:30:00,CGK,CGK,6,10,1,1,NML,1,2025
329,A320,PKSTI,SJV,SJV633,SJV726,03/13:30,03/13:34,03/14:09,03/14:19,0:35:00,BDJ,LBJ,14,10,1,1,NML,1,2025
330,B738,PKLPK,LNI,LNI839,LNI836,03/13:02,03/13:07,03/14:12,03/14:20,1:05:00,PNK,PNK,15,10,1,1,NML,1,2025
331,B739,PKLQS,LNI,LNI787,LNI680,03/13:27,03/13:30,03/14:33,03/14:45,1:03:00,UPG,PKY,10,10,1,1,NML,1,2025
332,A320,PKGQF,CTV,CTV431,CTV948,03/13:40,03/13:43,03/14:24,03/14:35,0:41:00,BPN,BTH,7,10,1,1,NML,1,2025
333,A320,9VJSO,JSA,JSA247,JSA248,03/13:33,03/13:39,03/14:41,03/14:52,1:02:00,SIN,SIN,A07,10,1,1,NML,1,2025
"334,B739,PKLFK,LNI,LNI693,LNI910,02/06:58,02/08:21,03/15:29,03/15:44,""1 day, 8:25:00"",KOE,DPS,25,10,0,0,NML,1,2025"
335,A320,PKPWE,PAS,PAS208,PAS209,03/14:12,03/14:18,03/15:04,03/15:14,0:46:00,CGK,CGK,8,10,1,1,NML,1,2025
336,B739,PKLSY,LNI,LNI857,LNI642,03/15:18,03/15:22,03/16:13,03/16:25,0:51:00,PLM,LOP,15,10,1,1,NML,1,2025
337,B739,PKLHO,LNI,LNI261,LNI260,03/16:07,03/16:11,03/17:04,03/17:14,0:53:00,BPN,BPN,14,10,1,1,NML,1,2025
338,B738,PKLKP,LNI,LNI869,LNI722,03/14:22,03/14:25,03/15:19,03/15:29,0:54:00,TTE,KDI,16,10,1,1,NML,1,2025
339,A320,PKLUY,BTK,BTK6406,BTK6220,03/14:57,03/15:01,03/15:59,03/16:14,0:58:00,CGK,BPN,10,10,1,1,NML,1,2025
340,B738,PKGFP,GIA,GIA330,GIA331,03/14:14,03/14:19,03/15:20,03/15:33,1:01:00,HLP,HLP,4,10,1,1,NML,1,2025
341,A320,PKSJF,SJV,SJV611,SJV614,03/14:29,03/14:32,03/15:25,03/15:41,0:53:00,BPN,BPN,14,10,1,1,NML,1,2025
342,B739,PKLFO,LNI,LNI919,LNI920,03/18:10,03/18:14,03/19:08,03/19:19,0:54:00,DPS,DPS,14,10,1,1,NML,1,2025
343,A320,PKLAY,BTK,BTK7501,BTK7512,03/14:37,03/14:41,03/15:59,03/16:11,1:18:00,HLP,HLP,9,10,1,1,NML,1,2025
344,B738,PKLOH,LNI,LNI749,LNI581,03/15:02,03/15:06,03/16:45,03/16:56,1:39:00,MDC,CGK,17A,10,0,0,NML,1,2025
345,A320,PKLUF,BTK,BTK6347,BTK6401,03/15:16,03/15:19,03/16:13,03/16:23,0:54:00,BEJ,CGK,12,10,1,1,NML,1,2025
346,B735,PKNAT,LKN,LKN193,LKN192,03/15:46,03/15:49,03/16:29,03/16:41,0:40:00,PKN,PKN,11,10,1,1,NML,1,2025
347,B738,PKLJS,LNI,LNI879,LNI316,03/15:11,03/15:15,03/16:25,03/16:35,1:10:00,AMQ,BDJ,17B,10,0,0,NML,1,2025
348,A320,PKSJL,SJV,SJV643,SJV672,03/15:37,03/15:42,03/16:40,03/16:50,0:58:00,AAP,BEJ,18,10,0,0,NML,1,2025
349,A320,PKGLL,CTV,CTV174,CTV434,03/15:33,03/15:38,03/16:30,03/16:44,0:52:00,HLP,BPN,6,10,1,1,NML,1,2025
350,B738MAX,9VMBJ,SIA,SIA926,SIA927,03/15:39,03/15:44,03/16:30,03/16:45,0:46:00,SIN,SIN,A08,10,1,1,NML,1,2025
351,B738,PKGMA,GIA,GIA310,GIA315,03/15:20,03/15:25,03/16:20,03/16:32,0:55:00,CGK,CGK,4,10,1,1,NML,1,2025
352,A320,PKSTG,SJV,SJV637,SJV648,03/15:30,03/15:36,03/16:38,03/16:47,1:02:00,BDJ,BPN,20,10,0,0,NML,1,2025
353,A320,PKGQC,CTV,CTV699,CTV418,03/15:42,03/15:46,03/16:34,03/16:49,0:48:00,DPS,PNK,7,10,1,1,NML,1,2025
354,B739,PKLHM,LNI,LNI695,LNI268,03/15:58,03/16:04,03/17:04,03/17:19,1:00:00,KOE,TRK,10,10,1,1,NML,1,2025
355,B739,PKLGR,LNI,LNI692,LNI692,03/16:18,03/16:22,03/17:17,03/17:30,0:55:00,CGK,KOE,15A,10,0,0,NML,1,2025
356,A320,PKGTK,CTV,CTV669,CTV488,03/17:08,03/17:11,03/17:48,03/18:02,0:37:00,DPS,BDJ,7,10,1,1,NML,1,2025
357,B739,PKLSU,LNI,LNI972,LNI226,03/17:11,03/17:18,03/18:26,03/18:36,1:08:00,BTH,BDJ,17A,10,0,0,NML,1,2025
358,B738,PKBLD,BTK,BTK6578,BTK7579,03/16:39,03/16:43,03/17:33,03/17:44,0:50:00,CGK,CGK,9,10,1,1,NML,1,2025
359,A320,PKAZG,AWQ,AWQ323,AWQ326,03/18:05,03/18:11,03/18:40,03/18:48,0:29:00,KUL,KUL,A01,10,1,1,NML,1,2025
360,B738,PKLKK,LNI,LNI709,LNI838,03/16:03,03/16:07,03/18:43,03/18:54,2:36:00,UPG,PNK,16,10,1,1,NML,1,2025
361,A320,PKSAT,SJV,SJV619,SJV638,03/16:29,03/16:32,03/18:03,03/18:12,1:31:00,BPN,BDJ,15B,10,0,0,NML,1,2025
362,A320,PKPWJ,PAS,PAS622,PAS207,03/17:32,03/17:36,03/18:24,03/18:32,0:48:00,BPN,CGK,6,10,1,1,NML,1,2025
363,A320,PKSJD,SJV,SJV723,SJV708,03/19:02,03/19:07,03/19:53,03/20:03,0:46:00,DPS,DPS,12,10,1,1,NML,1,2025
364,A320,PKSTI,SJV,SJV725,SJV716,03/18:03,03/18:07,03/18:55,03/19:04,0:48:00,LBJ,LOP,10,10,1,1,NML,1,2025
365,B738,PKGNH,GIA,GIA320,GIA325,03/17:56,03/18:00,03/18:43,03/18:57,0:43:00,CGK,CGK,4,10,1,1,NML,1,2025
366,A320,PKLUT,BTK,BTK7503,BTK7502,03/17:41,03/17:49,03/18:35,03/18:45,0:46:00,HLP,HLP,8,10,1,1,NML,1,2025
367,B738MAX,9VMBH,SIA,SIA928,SIA929,03/17:53,03/17:59,03/18:51,03/19:06,0:52:00,SIN,SIN,A03,10,1,1,NML,1,2025
368,A320,PKGQO,CTV,CTV172,CTV173,03/18:00,03/18:03,03/19:01,03/19:12,0:58:00,HLP,HLP,7,10,1,1,NML,1,2025
369,A320,PKPWF,PAS,PAS206,PAS623,03/18:34,03/18:38,03/19:20,03/19:32,0:42:00,CGK,BPN,6,10,1,1,NML,1,2025
370,A320,PKLDJ,BTK,BTK6576,BTK6575,03/18:27,03/18:30,03/19:17,03/19:26,0:47:00,CGK,CGK,9,10,1,1,NML,1,2025
371,B788,9VOFA,TGW,TGW262,TGW263,03/18:30,03/18:37,03/19:48,03/19:59,1:11:00,SIN,SIN,A07,10,1,1,NML,1,2025
372,B739,PKLQS,LNI,LNI681,LNI880,03/17:28,03/17:31,03/20:27,03/20:35,2:56:00,PKY,UPG,17B,10,0,0,NML,1,2025
373,B738,PKCRH,SJY,SJY567,SJY562,03/19:27,03/19:30,03/20:21,03/20:33,0:51:00,UPG,UPG,11,10,1,1,NML,1,2025
374,A320,PKSJF,SJV,SJV613,SJV616,03/21:31,03/21:35,03/22:28,03/22:37,0:53:19,BPN,BPN,20,10,0,0,NML,1,2025
375,B738,PKGFI,GIA,GIA349,GIA313,03/18:14,03/18:18,03/20:02,03/20:15,1:44:00,DPS,CGK,5,10,1,1,NML,1,2025
376,A320NEO,PKGTK,CTV,CTV495,CTV694,03/20:30,03/20:35,03/21:17,03/21:28,0:42:00,BDJ,DPS,3,10,0,0,NML,1,2025
377,A320,PKGQA,CTV,CTV949,CTV662,03/20:15,03/20:16,03/21:00,03/21:12,0:43:24,BTH,DPS,4,10,1,1,NML,1,2025
378,A320,PKGLG,CTV,CTV736,CTV352,03/20:08,03/20:12,03/21:00,03/21:14,0:47:59,CGK,UPG,5,10,1,1,NML,1,2025
379,A320,PKGLP,CTV,CTV489,CTV719,03/19:39,03/19:42,03/20:35,03/20:40,0:53:00,BDJ,CGK,8,10,1,1,NML,1,2025
380,A320,PKGLL,CTV,CTV435,CTV494,03/20:10,03/20:14,03/20:56,03/21:06,0:42:07,BPN,BDJ,6,10,1,1,NML,1,2025
381,A320,PKGQR,CTV,CTV722,CTV354,03/19:50,03/19:56,03/21:06,03/21:22,1:10:53,CGK,UPG,7,10,1,1,NML,1,2025
382,A320,PKLUF,BTK,BTK6586,BTK6136,03/20:27,03/20:32,03/22:08,03/22:15,1:35:11,CGK,UPG,10,10,1,1,NML,1,2025
383,A322,PKSAT,SJV,SJV639,SJV610,03/20:48,03/20:53,04/05:07,04/05:17,8:14:00,BDJ,BPN,17B,28,0,0,NML,1,2025
384,A320,PKGLW,CTV,CTV726,CTV430,03/20:53,03/20:56,04/05:02,04/05:11,8:06:00,CGK,BPN,9,28,1,1,NML,1,2025
385,B738,PKLKP,LNI,LNI727,LNI878,03/19:24,03/19:28,04/05:00,04/05:09,9:32:00,KDI,AMQ,26,28,0,0,NML,1,2025
386,A320,PKAZP,AWQ,AWQ325,AWQ320,03/19:08,03/19:14,04/05:03,04/05:12,9:49:00,KUL,KUL,A01,28,1,1,NML,1,2025
387,B739,PKLJI,LNI,LNI707,LNI786,03/15:24,03/15:28,04/05:04,04/05:15,13:36:00,UPG,UPG,23,28,0,0,NML,1,2025
388,A320,PKLUY,BTK,BTK6221,BTK6132,03/20:05,03/20:10,04/05:11,04/05:19,9:01:00,BPN,LOP,16,28,1,1,NML,1,2025
389,A320,PKLUS,BTK,BTK6137,BTK6589,03/19:56,03/19:59,04/05:38,04/05:48,9:39:00,UPG,CGK,17A,28,0,0,NML,1,2025
390,A320,PKGLU,CTV,CTV695,CTV725,03/23:31,03/23:35,04/05:41,04/05:51,6:06:00,DPS,CGK,6,28,1,1,NML,1,2025
391,B739,PKLKM,LNI,LNI690,LNI690,04/05:01,04/05:09,04/05:52,04/06:00,0:42:32,CGK,KOE,11,28,1,1,NML,1,2025
392,A320,PKPWD,PAS,PAS212,PAS213,03/20:44,03/20:48,04/05:35,04/05:49,8:47:00,CGK,CGK,8,28,1,1,NML,1,2025
393,A320,V8RBA,RBA,RBA795,RBA796,03/20:20,03/20:27,04/05:55,04/06:12,9:28:00,BWN,BWN,A07,28,1,1,NML,1,2025
394,A320,PKSAS,SJV,SJV615,SJV640,03/21:24,03/21:28,04/06:07,04/06:17,8:39:00,BPN,AAP,25,28,0,0,NML,1,2025
395,B739,PKLFO,LNI,LNI923,LNI882,03/22:29,03/22:33,04/06:03,04/06:15,7:29:44,DPS,UPG,21,28,0,0,NML,1,2025
396,A320,PKSJD,SJV,SJV727,SJV706,03/22:47,03/22:51,04/05:57,04/06:06,7:06:00,DPS,DPS,10,28,1,1,NML,1,2025
397,A320,PKGQM,CTV,CTV353,CTV670,04/05:07,04/05:13,04/05:46,04/05:54,0:32:07,UPG,LOP,7,28,1,1,NML,1,2025
"398,B738,PKLQZ,LNI,LNI749,LNI868,02/15:28,02/16:49,04/05:58,04/06:14,""1 day, 14:27:00"",MDC,TTE,24,28,0,1,NML,1,2025"
399,A320,PKAZG,AWQ,AWQ327,AWQ386,04/00:26,04/00:31,04/06:08,04/06:22,5:37:00,KUL,PEN,A03,28,1,1,NML,1,2025
400,A320,PKBKV,BTK,BTK6413,BTK6412,03/21:18,03/21:21,04/06:14,04/06:24,8:53:00,DPS,DPS,12,28,1,1,NML,1,2025
401,A320,PKSTG,SJV,SJV617,SJV634,03/20:17,03/20:22,04/06:27,04/06:36,10:04:59,BPN,BDJ,14,28,1,1,NML,1,2025
402,B733F,PKMYV,MYU,MYU935,MYU934,03/09:10,03/09:15,04/06:56,04/07:10,21:41:00,SRG,SIN,C02,10,0,0,CRG,1,2025
403,B738MAX,PKOFI,AFE,AFE921,AFE921,04/06:10,04/06:17,04/07:14,04/07:28,0:57:00,CGK,TIM,5,10,1,1,NML,1,2025
404,A320,PKSTI,SJV,SJV717,SJV566,04/05:45,04/05:50,04/06:51,04/07:02,1:01:00,LOP,PLW,16,28,1,1,NML,1,2025
405,B739,PKLSU,LNI,LNI311,LNI971,04/06:04,04/06:08,04/06:55,04/07:15,0:47:00,BDJ,BTH,11,10,1,1,NML,1,2025
406,A320,PKSJL,SJV,SJV673,SJV612,03/21:09,03/21:13,04/06:56,04/07:17,9:42:41,BEJ,BPN,18,10,0,0,NML,1,2025
407,A320,PKLAO,BTK,BTK7521,BTK6135,03/20:01,03/20:07,04/07:07,04/07:20,10:59:36,HLP,PKN,15A,10,0,0,NML,1,2025
408,B738,PKGNQ,GIA,GIA855,GIA305,03/21:15,03/23:24,04/06:53,04/07:12,9:31:00,SIN,CGK,4,10,1,1,NML,1,2025
409,B738,PKGMV,GIA,GIA328,GIA854,03/21:19,03/23:00,04/07:03,04/07:19,9:39:00,CGK,SIN,A02,10,1,1,NML,1,2025
410,B739,PKLHO,LNI,LNI363,LNI646,04/06:20,04/06:26,04/07:14,04/07:22,0:48:00,BPN,LOP,17B,10,0,0,NML,1,2025
411,A320,PKLAI,BTK,BTK6588,BTK7510,03/21:56,03/22:00,04/07:20,04/07:31,9:20:00,CGK,HLP,15B,10,0,0,NML,1,2025
412,A320NEO,PKGTK,CTV,CTV661,CTV460,04/07:03,04/07:09,04/08:00,04/08:19,0:51:00,DPS,AAP,8,10,1,1,NML,1,2025
413,B739,PKLGR,LNI,LNI693,LNI693,04/07:00,04/07:06,04/07:51,04/08:13,0:45:00,KOE,CGK,9,10,1,1,NML,1,2025
414,B739,PKLGS,LNI,LNI929,LNI982,04/06:55,04/07:01,04/07:52,04/08:06,0:51:00,DPS,PKU,12,10,1,1,NML,1,2025
415,A333,BLAP,CPA,CPA779,CPA780,03/19:05,03/19:12,04/08:15,04/08:30,13:03:00,HKG,HKG,A08,10,1,1,NML,1,2025
416,B739,PKLHM,LNI,LNI267,LNI990,04/07:37,04/07:40,04/08:20,04/08:34,0:40:00,TRK,DPS,10,10,1,1,NML,1,2025
417,DHC6,PKICP,PGT,PKICP,PKICP,03/11:31,03/11:35,04/07:28,04/07:32,19:53:00,PAG,PAG,28,10,0,0,NML,1,2025
418,A320,PKGLG,CTV,CTV355,CTV177,04/07:43,04/07:46,04/08:43,04/08:53,0:57:00,UPG,HLP,7,10,1,1,NML,1,2025
419,A320,PKSJF,SJV,SJV649,SJV618,04/07:40,04/07:44,04/09:07,04/09:19,1:23:00,BPN,BPN,16,10,1,1,NML,1,2025
420,A320,PKLUY,BTK,BTK6133,BTK6581,04/08:01,04/08:05,04/08:54,04/09:03,0:49:00,LOP,CGK,11,10,1,1,NML,1,2025
421,A320,9VJSO,JSA,JSA249,JSA250,04/08:17,04/08:23,04/09:16,04/09:30,0:53:00,SIN,SIN,A02,10,1,1,NML,1,2025
422,B738,PKLJS,LNI,LNI315,LNI222,04/08:10,04/08:13,04/09:01,04/09:15,0:48:00,BDJ,BDJ,12,10,1,1,NML,1,2025
423,B738,PKLDM,MXD,MXD352,MXD353,03/19:31,03/19:41,04/09:07,04/09:25,13:26:00,KUL,KUL,A04,10,1,1,NML,1,2025
424,B738,PKLKK,LNI,LNI837,LNI748,04/07:58,04/08:02,04/09:01,04/09:17,0:59:00,PNK,MDC,14,10,1,1,NML,1,2025
425,A320,PKLAT,BTK,BTK8413,BTK8412,04/08:24,04/08:27,04/09:28,04/09:42,1:01:00,DPS,DPS,9,10,1,1,NML,1,2025
426,B739,PKLSY,LNI,LNI865,LNI682,03/18:42,04/01:12,04/09:27,04/09:41,14:40:00,LOP,PKY,22,10,0,0,NML,1,2025
427,B738,PKGMF,GIA,GIA304,GIA342,04/08:04,04/08:08,04/09:21,04/09:37,1:13:00,CGK,DPS,4,10,1,1,NML,1,2025
428,A320,PKGQM,CTV,CTV671,CTV486,04/08:20,04/08:23,04/09:16,04/09:28,0:53:00,LOP,BDJ,5,10,1,1,NML,1,2025
429,A320,PKGLP,CTV,CTV417,CTV715,04/08:27,04/08:30,04/09:18,04/09:31,0:48:00,PNK,CGK,6,10,1,1,NML,1,2025
430,A320,PKSJD,SJV,SJV703,SJV702,04/08:38,04/08:42,04/09:30,04/09:45,0:48:00,DPS,DPS,15,10,1,1,NML,1,2025
431,A320,9VTRW,TGW,TGW264,TGW265,04/08:56,04/09:02,04/09:56,04/10:10,0:54:00,SIN,SIN,A01,10,1,1,NML,1,2025
432,B738,9MMXL,MAS,MAS871,MAS870,04/09:17,04/09:24,04/10:11,04/10:20,0:47:00,KUL,KUL,A02,10,1,1,NML,1,2025
433,B738,9MLDC,MXD,MXD350,MXD351,04/09:38,04/09:44,04/10:33,04/10:40,0:49:00,KUL,KUL,A04,10,1,1,NML,1,2025
434,A320,PKGQT,CTV,CTV351,CTV350,04/09:23,04/09:26,04/10:06,04/10:17,0:40:00,UPG,UPG,8,10,1,1,NML,1,2025
435,A359,9VSHI,SIA,SIA922,SIA923,04/09:00,04/09:06,04/10:09,04/10:24,1:03:00,SIN,SIN,A08,10,1,1,NML,1,2025
436,A320,PKBKQ,BTK,BTK6584,BTK6585,04/09:34,04/09:38,04/10:37,04/10:46,0:59:00,CGK,CGK,10,10,1,1,NML,1,2025
437,A320,PKSTG,SJV,SJV635,SJV632,04/09:20,04/09:24,04/10:22,04/10:33,0:58:00,BDJ,BDJ,17,10,1,1,NML,1,2025
438,B739,PKLGV,LNI,LNI683,LNI706,04/08:08,04/08:12,04/10:51,04/11:02,2:39:00,PKY,UPG,20,10,0,0,NML,1,2025
439,B739,PKLFO,LNI,LNI791,LNI262,04/09:53,04/09:56,04/10:46,04/10:59,0:50:00,UPG,BPN,12,10,1,1,NML,1,2025
440,B739,PKLHY,LNI,LNI970,LNI973,04/09:49,04/09:53,04/10:44,04/10:57,0:51:00,BTH,BTH,14,10,1,1,NML,1,2025
441,A320,PKLAY,BTK,BTK7513,BTK7516,04/10:08,04/10:12,04/11:09,04/11:19,0:57:00,HLP,HLP,9,10,1,1,NML,1,2025
442,A320,PKLAO,BTK,BTK6134,BTK6346,04/09:57,04/10:00,04/10:55,04/11:08,0:55:00,PKN,BEJ,11,10,1,1,NML,1,2025
443,A320,PKSAS,SJV,SJV641,SJV642,04/10:10,04/10:14,04/11:00,04/11:12,0:46:00,AAP,AAP,18,10,0,0,NML,1,2025
444,B739,PKLHO,LNI,LNI645,LNI822,04/10:23,04/10:26,04/11:35,04/11:43,1:09:00,LOP,LOP,22,10,0,0,NML,1,2025
445,A320,PKAZP,AWQ,AWQ321,AWQ322,04/11:05,04/11:11,04/11:53,04/12:02,0:42:00,KUL,KUL,A01,10,1,1,NML,1,2025
446,B739,PKLSK,LNI,LNI694,LNI694,04/10:27,04/10:30,04/11:31,04/11:41,1:01:00,CGK,KOE,16,10,1,1,NML,1,2025
447,B739,PKLKM,LNI,LNI697,LNI697,04/10:34,04/10:38,04/11:35,04/11:48,0:57:00,KOE,CGK,15,10,1,1,NML,1,2025
448,B738,PKGMA,GIA,GIA322,GIA327,04/10:01,04/10:03,04/11:28,04/11:39,1:25:00,CGK,CGK,4,10,1,1,NML,1,2025
449,A320,PKSAO,SJV,SJV363,SJV362,04/10:59,04/11:02,04/12:00,04/12:09,0:58:00,KNO,KNO,17,10,1,1,NML,1,2025
450,B739,PKLSZ,LNI,LNI787,LNI804,04/13:39,04/13:42,04/14:38,04/14:50,0:55:25,UPG,DPS,15,10,1,1,NML,1,2025
451,A320NEO,PKGTK,CTV,CTV461,CTV698,04/11:45,04/11:48,04/12:22,04/12:34,0:34:00,AAP,DPS,6,28,1,1,NML,1,2025
452,DHC6,PKICP,PGT,PKICP,PKICP,04/10:30,04/10:33,04/11:15,04/11:20,0:42:00,PAG,PAG,28,10,0,0,NML,1,2025
453,A320,PKSTI,SJV,SJV567,SJV636,04/11:32,04/11:35,04/12:41,04/12:50,1:06:00,PLW,BDJ,12,28,1,1,NML,1,2025
454,B739,PKLSP,LNI,LNI801,LNI780,04/13:29,04/13:31,04/14:32,04/14:43,1:00:43,UPG,UPG,11,10,1,1,NML,1,2025
455,A339,PKLET,LNI,LNI107,LNI074,03/17:16,03/17:24,04/12:15,04/12:46,18:51:00,JED,MED,A06,10,1,1,NML,1,2025
456,B738,PKLJS,LNI,LNI223,LNI680,04/11:50,04/11:54,04/15:20,04/15:31,3:26:00,BDJ,PKY,9,10,1,1,NML,1,2025
457,A320,PKBKM,BTK,BTK6596,BTK6595,04/12:43,04/12:49,04/14:01,04/14:12,1:12:50,CGK,CGK,10,10,1,1,NML,1,2025
458,A320,PKPWJ,PAS,PAS204,PAS205,04/11:59,04/12:02,04/13:30,04/13:34,1:28:00,CGK,CGK,5,10,1,1,NML,1,2025
459,B738,PKLKP,LNI,LNI879,LNI722,04/11:09,04/11:13,04/15:12,04/15:19,3:59:00,AMQ,KDI,21,10,0,0,NML,1,2025
460,A320,PKAZG,AWQ,AWQ387,AWQ324,04/12:53,04/12:56,04/13:28,04/13:38,0:32:30,PEN,KUL,A01,10,1,1,NML,1,2025
461,B738,PKGFI,GIA,GIA312,GIA317,04/12:36,04/12:44,04/13:35,04/13:45,0:51:24,CGK,CGK,4,10,1,1,NML,1,2025
462,A320,PKGQM,CTV,CTV487,CTV668,04/13:36,04/13:40,04/14:15,04/14:31,0:35:00,BDJ,DPS,6,10,1,1,NML,1,2025
463,A320,PKSTG,SJV,SJV633,SJV726,04/13:26,04/13:31,04/14:15,04/14:27,0:44:37,BDJ,LBJ,17,10,1,1,NML,1,2025
464,B738,PKLPK,LNI,LNI839,LNI836,04/13:21,04/13:26,04/15:12,04/15:27,1:45:37,PNK,PNK,16,10,1,1,NML,1,2025
465,A339,PKLEV,LNI,LNI075,LNI106,03/15:26,03/15:34,04/14:19,04/14:30,22:45:00,JED,JED,A05,10,1,1,NML,1,2025
466,B739,PKLGS,LNI,LNI983,LNI910,04/13:32,04/13:35,04/14:41,04/15:00,1:06:18,PKU,DPS,14,10,1,1,NML,1,2025
467,A320,PKGLW,CTV,CTV431,CTV948,04/13:42,04/13:46,04/14:41,04/14:57,0:55:00,BPN,BTH,7,10,1,1,NML,1,2025
468,B739,PKLHO,LNI,LNI823,LNI260,04/14:09,04/14:14,04/15:14,04/15:30,1:00:00,LOP,BPN,10,10,1,1,NML,1,2025
469,A320,PKLUU,BTK,BTK7515,BTK7514,04/13:50,04/13:56,04/14:53,04/15:03,0:56:54,HLP,HLP,12,10,1,1,NML,1,2025
470,A320,PKGQQ,CTV,CTV716,CTV717,04/14:25,04/14:28,04/15:26,04/15:37,0:58:00,CGK,CGK,8,10,1,1,NML,1,2025
471,B739,PKLFO,LNI,LNI261,LNI642,04/14:21,04/14:24,04/15:16,04/15:26,0:52:00,BPN,LOP,17,10,1,1,NML,1,2025
472,A320,PKPWE,PAS,PAS208,PAS209,04/14:03,04/14:05,04/14:59,04/15:12,0:54:00,CGK,CGK,5,10,1,1,NML,1,2025
473,A320,PKBKQ,BTK,BTK6406,BTK6220,04/14:48,04/14:51,04/16:02,04/16:14,1:10:14,CGK,BPN,11,10,1,1,NML,1,2025
474,B738,PKGNC,GIA,GIA330,GIA331,04/14:16,04/14:20,04/15:21,04/15:36,1:01:00,HLP,HLP,4,10,1,1,NML,1,2025
475,B733F,PKMYV,MYU,MYU935,MYU815,04/14:52,04/14:57,04/15:34,04/15:44,0:36:49,SRG,CGK,C02,10,0,0,NML,1,2025
476,B739,PKLGM,LNI,LNI919,LNI920,04/14:57,04/15:02,04/16:07,04/16:19,1:05:00,DPS,DPS,15,10,1,1,NML,1,2025
477,A320,PKLZH,BTK,BTK7501,BTK7512,04/14:45,04/14:49,04/15:50,04/16:00,1:00:01,HLP,HLP,22,10,0,0,NML,1,2025
478,A320NEO,PKGTK,CTV,CTV699,CTV434,04/15:17,04/15:21,04/16:00,04/16:16,0:39:00,DPS,BPN,6,10,1,1,NML,1,2025
479,B738,PKLQZ,LNI,LNI869,LNI581,04/12:19,04/12:23,04/16:01,04/16:12,3:38:00,TTE,CGK,20,10,0,0,NML,1,2025
480,B738,9MMLL,MAS,MAS873,MAS872,04/15:00,04/15:06,04/15:51,04/16:05,0:45:00,KUL,KUL,A08,10,1,1,NML,1,2025
481,A320,PKLAO,BTK,BTK6347,BTK6401,04/15:24,04/15:29,04/16:12,04/16:23,0:43:00,BEJ,CGK,9,10,1,1,NML,1,2025
482,B738,PKLKK,LNI,LNI749,LNI316,04/15:20,04/15:24,04/16:23,04/16:33,0:59:00,MDC,BDJ,14,10,1,1,NML,1,2025
483,B738,PKGUE,GIA,GIA310,GIA315,04/15:33,04/15:39,04/16:30,04/16:44,0:51:00,CGK,CGK,4,10,1,1,NML,1,2025
484,A320,PKGLG,CTV,CTV174,CTV418,04/16:10,04/16:14,04/16:55,04/17:09,0:41:00,HLP,PNK,7,10,1,1,NML,1,2025
485,B738MAX,PKOFI,AFE,AFE920,AFE920,04/16:28,04/16:32,04/17:13,04/17:23,0:40:41,TIM,CGK,6,10,1,1,NML,1,2025
486,B739,PKLHM,LNI,LNI805,LNI268,04/14:41,04/14:45,04/16:40,04/16:52,1:55:00,DPS,TRK,18,10,0,0,NML,1,2025
487,B739,PKLKM,LNI,LNI692,LNI692,04/15:53,04/15:57,04/17:10,04/17:24,1:13:00,CGK,KOE,16,10,1,1,NML,1,2025
488,A320,PKPWD,PAS,PAS206,PAS623,04/16:21,04/16:24,04/17:00,04/17:13,0:35:34,CGK,BPN,5,10,1,1,NML,1,2025
489,A320,PKGQS,CTV,CTV669,CTV488,04/16:42,04/16:46,04/17:19,04/17:30,0:33:00,DPS,BDJ,9,10,1,1,NML,1,2025
490,B739,PKLFO,LNI,LNI865,LNI226,04/17:49,04/17:54,04/19:31,04/19:35,1:36:23,LOP,BDJ,21,10,0,0,NML,1,2025
491,A320,PKBKF,BTK,BTK6578,BTK7579,04/16:46,04/16:50,04/17:42,04/17:45,0:52:00,CGK,CGK,11,10,1,1,NML,1,2025
492,B738,PKLZV,BTK,BTK6576,BTK7579A,04/18:35,04/18:39,04/19:41,04/19:52,1:02:00,CGK,CGK,10,10,1,1,NML,1,2025
493,A320,PKAZP,AWQ,AWQ323,AWQ326,04/17:36,04/17:42,04/18:16,04/18:26,0:33:56,KUL,KUL,A01,10,1,1,NML,1,2025
494,B738,PKLQY,LNI,LNI709,LNI838,04/16:16,04/16:20,04/18:52,04/19:03,2:32:00,UPG,PNK,23,10,0,0,NML,1,2025
495,A320,PKGQO,CTV,CTV176,CTV179,04/16:38,04/16:42,04/17:33,04/17:43,0:50:43,HLP,HLP,8,10,1,1,NML,1,2025
496,A320,PKSJL,SJV,SJV619,SJV638,04/16:02,04/16:08,04/18:05,04/18:14,1:57:00,BPN,BDJ,17B,10,0,0,NML,1,2025
497,A320,PKSJD,SJV,SJV723,SJV708,04/18:11,04/18:14,04/18:58,04/19:07,0:44:00,DPS,DPS,16,10,1,1,NML,1,2025
498,A320,PKPWG,PAS,PAS622,PAS207,04/17:15,04/17:19,04/18:13,04/18:24,0:53:41,BPN,CGK,5,10,1,1,NML,1,2025
499,B738MAX,9VMBE,SIA,SIA928,SIA929,04/18:01,04/18:09,04/19:02,04/19:15,0:52:18,SIN,SIN,A07,10,1,1,NML,1,2025
500,B738,PKGUA,GIA,GIA320,GIA325,04/17:22,04/17:27,04/18:28,04/18:41,1:01:00,CGK,CGK,4,10,1,1,NML,1,2025
501,A320,PKBKQ,BTK,BTK6221,BTK6575,04/19:26,04/19:33,04/20:42,04/20:53,1:08:53,BPN,CGK,17B,10,0,0,NML,1,2025
502,B738,PKCRI,SJY,SJY567,SJY562,04/19:01,04/19:06,04/19:54,04/20:01,0:47:07,UPG,UPG,11,28,1,1,NML,1,2025
503,B739,PKLSK,LNI,LNI695,LNI880,04/17:11,04/17:15,04/19:55,04/20:04,2:40:00,KOE,UPG,12,10,1,1,NML,1,2025
504,A320,PKPWE,PAS,PAS202,PAS203,04/18:55,04/19:01,04/19:44,04/19:53,0:43:00,CGK,CGK,5,10,1,1,NML,1,2025
505,A320,PKSTG,SJV,SJV725,SJV616,04/17:54,04/17:58,04/20:02,04/20:12,2:04:00,LBJ,BPN,15B,10,0,0,NML,1,2025
506,B738,PKGMA,GIA,GIA326,GIA313,04/19:06,04/19:11,04/19:56,04/20:08,0:45:00,CGK,CGK,4,10,1,1,NML,1,2025
507,A320NEO,PKGTK,CTV,CTV435,CTV662,04/19:29,04/19:37,04/20:05,04/20:16,0:28:00,BPN,DPS,7,10,1,1,NML,1,2025
508,A320,PKGLR,CTV,CTV489,CTV719,04/20:10,04/20:16,04/20:47,04/20:54,0:31:00,BDJ,CGK,5,10,1,1,NML,1,2025
509,A320,PKGQT,CTV,CTV949,CTV494,04/20:28,04/20:33,04/21:06,04/21:15,0:33:00,BTH,BDJ,4,10,1,1,NML,1,2025
510,A320,PKGQS,CTV,CTV495,CTV694,04/19:58,04/20:05,04/20:48,04/20:58,0:43:00,BDJ,DPS,8,10,1,1,NML,1,2025
511,A320,PKGQG,CTV,CTV722,CTV352,04/20:50,04/20:58,04/21:37,04/21:46,0:39:00,CGK,UPG,7,10,1,1,NML,1,2025
512,A320,PKGQJ,CTV,CTV736,CTV354,04/21:03,04/21:10,04/21:51,04/22:00,0:41:00,CGK,UPG,8,10,1,1,NML,1,2025
513,A320,PKBKU,BTK,BTK6137,BTK6136,04/19:23,04/19:28,04/21:57,04/22:06,2:29:00,UPG,UPG,9,10,1,1,NML,1,2025
514,A320,PKLUW,BTK,BTK6588,BTK7508,04/21:55,04/22:00,05/05:07,05/05:17,7:07:00,CGK,HLP,10,28,1,1,NML,1,2025
515,A322,PKSAT,SJV,SJV611,SJV610,04/14:29,04/14:33,05/05:00,05/05:10,14:27:00,BPN,BPN,24,28,0,0,NML,1,2025
516,A320NEO,PKGTK,CTV,CTV695,CTV430,04/22:40,04/22:50,05/05:04,05/05:14,6:14:00,DPS,BPN,8,28,1,1,NML,1,2025
517,B738,PKLKP,LNI,LNI727,LNI878,04/19:33,04/19:38,05/05:10,05/05:20,9:31:00,KDI,AMQ,15A,28,0,0,NML,1,2025
518,A320,PKAZE,AWQ,AWQ327,AWQ320,04/23:54,04/23:55,05/05:02,05/05:12,5:07:00,KUL,KUL,A03,28,1,1,NML,1,2025
519,B739,PKLGS,LNI,LNI923,LNI786,04/17:44,04/17:51,05/05:06,05/05:16,11:14:58,DPS,UPG,18,28,0,0,NML,1,2025
520,A320,PKLAY,BTK,BTK7521,BTK6132,04/20:05,04/20:12,05/05:16,05/05:25,9:04:00,HLP,LOP,12,28,1,1,NML,1,2025
521,B739,PKLGP,LNI,LNI690,LNI690,05/05:03,05/05:08,05/05:59,05/06:12,0:51:00,CGK,KOE,18,28,0,0,NML,1,2025
522,A320,PKGLY,CTV,CTV726,CTV725,04/21:53,04/21:55,05/05:37,05/05:46,7:42:00,CGK,CGK,7,28,1,1,NML,1,2025
523,A320,PKPWF,PAS,PAS212,PAS213,04/21:17,04/21:24,05/05:38,05/05:44,8:14:00,CGK,CGK,5,28,1,1,NML,1,2025
524,A320,PKSJD,SJV,SJV727,SJV706,04/21:42,04/21:48,05/05:56,05/06:10,8:08:00,DPS,DPS,17B,28,0,0,NML,1,2025
525,A320,PKGLL,CTV,CTV353,CTV484,05/05:08,05/05:15,05/05:57,05/06:04,0:42:00,UPG,BDJ,6,28,1,1,NML,1,2025
526,B738,PKLJS,LNI,LNI681,LNI868,04/18:15,04/18:20,05/06:03,05/06:14,11:42:22,PKY,TTE,22,28,0,0,NML,1,2025
527,A320,PKSAS,SJV,SJV643,SJV640,04/15:14,04/15:18,05/06:38,05/06:49,15:20:00,AAP,AAP,26,10,0,0,NML,1,2025
528,B739,PKLGV,LNI,LNI707,LNI882,04/15:10,04/15:16,05/06:13,05/06:23,14:57:00,UPG,UPG,25,28,0,0,NML,1,2025
529,A320,PKBKV,BTK,BTK6413,BTK6412,04/19:49,04/19:54,05/06:21,05/06:30,10:27:00,DPS,DPS,16,28,1,1,NML,1,2025
530,A320,PKSTI,SJV,SJV637,SJV566,04/15:43,04/15:47,05/06:37,05/06:47,14:50:00,BDJ,PLW,17A,28,0,0,NML,1,2025
531,A320,PKSJF,SJV,SJV613,SJV634,04/20:22,04/20:26,05/06:44,05/06:55,10:18:00,BPN,BDJ,23,28,0,0,NML,1,2025
532,A320,PKSJL,SJV,SJV639,SJV612,04/20:41,04/20:46,05/07:05,05/07:14,10:19:00,BDJ,BPN,15B,28,0,0,NML,1,2025
533,A320,PKLUP,BTK,BTK6586,BTK6135,04/20:56,04/21:01,05/07:00,05/07:15,9:59:00,CGK,PKN,11,28,1,1,NML,1,2025
534,B739,PKLFK,LNI,LNI929,LNI971,05/07:17,05/07:22,05/08:30,05/08:45,1:08:00,DPS,BTH,16,10,1,1,NML,1,2025
535,B738,PKGMF,GIA,GIA349,GIA854,04/18:20,04/22:29,05/06:52,05/07:09,12:28:00,DPS,SIN,A02,28,1,1,NML,1,2025
536,B738,PKGMV,GIA,GIA855,GIA305,04/21:23,04/22:52,05/07:07,05/07:19,9:39:00,SIN,CGK,4,28,1,1,NML,1,2025
537,B739,PKLFY,LNI,LNI363,LNI646,05/06:18,05/06:24,05/07:18,05/07:29,0:54:00,BPN,LOP,15A,28,0,0,NML,1,2025
538,A320,PKGQO,CTV,CTV170,CTV175,05/06:25,05/06:30,05/07:22,05/07:31,0:52:41,HLP,HLP,7,28,1,1,NML,1,2025
539,A320,PKAZG,AWQ,AWQ325,AWQ392,04/19:19,04/19:23,05/07:34,05/07:50,12:11:00,KUL,JHB,A01,28,1,1,NML,1,2025
540,B739,PKBBK,BBL,BBL761,BBL762,05/06:52,05/07:00,05/07:45,05/07:57,0:45:00,CGK,CGK,5,28,1,1,NML,1,2025
541,A320,PKGQS,CTV,CTV661,CTV460,05/06:41,05/06:49,05/07:33,05/07:45,0:44:49,DPS,AAP,8,28,1,1,NML,1,2025
542,B739,PKLKM,LNI,LNI693,LNI693,05/07:05,05/07:09,05/08:04,05/08:16,0:55:42,KOE,CGK,9,28,1,1,NML,1,2025
543,B739,PKLFO,LNI,LNI311,LNI982,05/06:07,05/06:13,05/07:59,05/08:10,1:45:36,BDJ,PKU,12,28,1,1,NML,1,2025
544,B737-200,PKMBA,TMG,TMG318,TMG319,04/15:05,04/15:09,05/08:45,05/08:55,17:36:00,BPN,KAZ,C03,10,0,0,NML,1,2025
545,A333,BLBG,CPA,CPA779,CPA780,04/18:31,04/18:39,05/08:06,05/08:24,13:27:00,HKG,HKG,A08,28,1,1,NML,1,2025
546,B739,PKLHM,LNI,LNI267,LNI990,05/07:15,05/07:17,05/08:23,05/08:32,1:06:49,TRK,DPS,11,28,1,1,NML,1,2025
547,A320,PKBKM,BTK,BTK6572,BTK6589,05/07:34,05/07:40,05/08:45,05/08:52,1:05:00,CGK,CGK,10,10,1,1,NML,1,2025
548,B738,PKLZO,MXD,MXD352,MXD353,04/19:59,04/20:03,05/08:44,05/08:55,12:41:00,KUL,KUL,A04,10,1,1,NML,1,2025
549,A320,PKGQJ,CTV,CTV355,CTV177,05/07:48,05/07:55,05/08:52,05/08:57,0:57:00,UPG,HLP,7,10,1,1,NML,1,2025
"550,A339,PKLER,LNI,LNI103,LNI078,04/08:14,04/16:12,05/08:55,05/09:00,""1 day, 0:35:00"",JED,MED,A05,10,1,1,NML,1,2025"
551,A320,PKLAY,BTK,BTK6133,BTK6581,05/08:01,05/08:07,05/09:04,05/09:15,0:57:50,LOP,CGK,8,10,1,1,NML,1,2025
552,A320,PKSTG,SJV,SJV649,SJV618,05/07:51,05/07:56,05/08:58,05/09:05,1:02:00,BPN,BPN,15,10,1,1,NML,1,2025
553,B738,PKLKK,LNI,LNI315,LNI222,05/07:54,05/07:59,05/08:58,05/09:09,0:59:54,BDJ,BDJ,14,10,1,1,NML,1,2025
554,B738,PKLQY,LNI,LNI837,LNI748,05/08:04,05/08:09,05/09:10,05/09:22,1:01:24,PNK,MDC,17,10,1,1,NML,1,2025
555,A320,PKLUF,BTK,BTK8413,BTK8412,05/08:17,05/08:23,05/09:21,05/09:29,0:58:00,DPS,DPS,18,10,0,0,NML,1,2025
556,B739,PKLSR,LNI,LNI683,LNI682,05/08:13,05/08:19,05/09:18,05/09:33,0:59:00,PKY,PKY,9,10,1,1,NML,1,2025
557,B738,PKGFI,GIA,GIA304,GIA342,05/08:08,05/08:13,05/09:12,05/09:27,0:59:42,CGK,DPS,4,10,1,1,NML,1,2025
558,A320,PKGQH,CTV,CTV417,CTV715,05/08:28,05/08:33,05/09:20,05/09:35,0:46:33,PNK,CGK,5,10,1,1,NML,1,2025
559,A320,PKSJD,SJV,SJV703,SJV702,05/08:36,05/08:42,05/09:40,05/09:46,0:58:00,DPS,DPS,21,10,0,0,NML,1,2025
560,A320,PKGLL,CTV,CTV485,CTV486,05/08:42,05/08:49,05/09:30,05/09:37,0:41:00,BDJ,BDJ,6,10,1,1,NML,1,2025
561,A320,9VTRX,TGW,TGW264,TGW265,05/09:11,05/09:12,05/10:12,05/10:21,1:00:00,SIN,SIN,A02,10,1,1,NML,1,2025
562,B738,9MMXV,MAS,MAS871,MAS870,05/08:53,05/09:00,05/09:48,05/09:59,0:48:00,KUL,KUL,A07,10,1,1,NML,1,2025
563,A320,PKLUP,BTK,BTK6134,BTK6573,05/09:50,05/09:53,05/11:18,05/11:31,1:25:00,PKN,CGK,11,10,1,1,NML,1,2025
564,B38M,9MLRU,MXD,MXD350,MXD351,05/08:48,05/08:54,05/09:56,05/10:08,1:02:45,KUL,KUL,A03,10,1,1,NML,1,2025
565,B735,PKNAQ,LKN,LKN243,LKN242,05/09:20,05/09:22,05/10:05,05/10:16,0:42:19,SMQ,SMQ,12,10,1,1,NML,1,2025
566,A320,PKGQL,CTV,CTV351,CTV350,05/09:45,05/09:46,05/10:24,05/10:36,0:38:00,UPG,UPG,7,10,1,1,NML,1,2025
567,A359,9VSHG,SIA,SIA922,SIA923,05/09:05,05/09:08,05/10:10,05/10:27,1:02:00,SIN,SIN,A08,10,1,1,NML,1,2025
568,A320,PKSJF,SJV,SJV635,SJV632,05/09:24,05/09:27,05/10:21,05/10:28,0:53:24,BDJ,BDJ,10,10,1,1,NML,1,2025
569,B739,PKLGV,LNI,LNI791,LNI262,05/10:14,05/10:20,05/11:08,05/11:19,0:47:50,UPG,BPN,15,10,1,1,NML,1,2025
570,B739,PKLHU,LNI,LNI970,LNI973,05/09:40,05/09:42,05/10:50,05/11:05,1:08:00,BTH,BTH,14,10,1,1,NML,1,2025
571,A320,PKPWF,PAS,PAS210,PAS211,05/09:30,05/09:34,05/10:35,05/10:43,1:00:37,CGK,CGK,5,10,1,1,NML,1,2025
572,A320,PKLUT,BTK,BTK7513,BTK6346,05/10:10,05/10:15,05/11:15,05/11:24,1:00:00,HLP,BEJ,8,10,1,1,NML,1,2025
573,A320,PKBLD,BTK,BTK6584,BTK7516,05/11:40,05/11:41,05/12:43,05/12:51,1:02:27,CGK,HLP,10,28,1,1,NML,1,2025
574,B739,PKLFY,LNI,LNI645,LNI822,05/10:24,05/10:28,05/11:28,05/11:42,0:59:17,LOP,LOP,16,10,1,1,NML,1,2025
575,A320,PKAZE,AWQ,AWQ321,AWQ322,05/11:07,05/11:07,05/11:45,05/12:02,0:38:00,KUL,KUL,A01,10,1,1,NML,1,2025
576,GLF4,VPCWS,CAK,VPCWS,VPCWS,05/11:00,05/11:04,05/11:51,05/11:55,0:47:00,HLP,XSP,30,10,0,0,NML,1,2025
577,B739,PKLHI,LNI,LNI694,LNI694,05/10:33,05/10:37,05/11:40,05/11:51,1:03:00,CGK,KOE,17,10,1,1,NML,1,2025
578,B739,PKLGP,LNI,LNI697,LNI856,05/10:52,05/10:57,05/11:45,05/12:06,0:47:59,KOE,PLM,18,10,0,0,NML,1,2025
579,B738,PKGFR,GIA,GIA322,GIA327,05/10:05,05/10:08,05/11:22,05/11:36,1:14:00,CGK,CGK,4,10,1,1,NML,1,2025
580,A320,PKSTI,SJV,SJV567,SJV636,05/11:06,05/11:11,05/12:10,05/12:20,0:59:03,PLW,BDJ,12,10,1,1,NML,1,2025
581,B739,PKLHM,LNI,LNI805,LNI804,05/11:15,05/11:20,05/12:15,05/12:28,0:54:55,DPS,DPS,14,10,1,1,NML,1,2025
582,A320,PKGQS,CTV,CTV461,CTV698,05/11:27,05/11:32,05/12:15,05/12:23,0:43:51,AAP,DPS,6,10,1,1,NML,1,2025
583,A320,PKBKM,BTK,BTK6596,BTK6585,05/12:58,05/13:03,05/14:12,05/14:21,1:09:00,CGK,CGK,12,28,1,1,NML,1,2025
584,B739,PKLSZ,LNI,LNI801,LNI780,05/11:43,05/11:46,05/12:46,05/13:00,1:00:00,UPG,UPG,11,10,1,1,NML,1,2025
585,B738,PKLKK,LNI,LNI223,LNI680,05/12:25,05/12:31,05/13:21,05/13:40,0:50:00,BDJ,PKY,9,28,1,1,NML,1,2025
586,A320,PKBKF,BTK,BTK7579,BTK6595,04/17:56,04/18:00,05/15:32,05/15:45,21:31:06,CGK,CGK,20,28,0,0,NML,1,2025
587,A320,PKAZG,AWQ,AWQ393,AWQ324,05/12:40,05/12:44,05/13:18,05/13:28,0:34:00,JHB,KUL,A01,28,1,1,NML,1,2025
588,B738,PKLJS,LNI,LNI869,LNI722,05/12:35,05/12:41,05/13:34,05/13:50,0:53:00,TTE,KDI,15,28,1,1,NML,1,2025
589,A320,PKPWJ,PAS,PAS204,PAS205,05/12:29,05/12:36,05/13:29,05/13:46,0:53:00,CGK,CGK,5,28,1,1,NML,1,2025
590,A320,PKGLL,CTV,CTV487,CTV668,05/12:33,05/12:39,05/13:16,05/13:37,0:37:00,BDJ,DPS,7,28,1,1,NML,1,2025
591,B739,PKLQS,LNI,LNI787,LNI706,05/14:01,05/14:06,05/15:06,05/15:15,1:00:00,UPG,UPG,10,28,1,1,NML,1,2025
592,A320,PKGQH,CTV,CTV716,CTV717,05/13:02,05/13:08,05/13:51,05/14:04,0:43:00,CGK,CGK,6,28,1,1,NML,1,2025
593,A320,9VJSI,JSA,JSA247,JSA248,05/14:10,05/14:14,05/15:08,05/15:25,0:54:00,SIN,SIN,A08,28,1,1,NML,1,2025
594,A320,PKSJF,SJV,SJV633,SJV726,05/13:52,05/13:57,05/14:36,05/14:48,0:39:00,BDJ,LBJ,17,28,1,1,NML,1,2025
595,B738,PKLPK,LNI,LNI839,LNI836,05/15:43,05/15:47,05/16:45,05/16:52,0:58:00,PNK,PNK,16,28,1,1,NML,1,2025
596,B739,PKLFY,LNI,LNI823,LNI910,05/14:14,05/14:19,05/15:15,05/15:34,0:56:00,LOP,DPS,16,28,1,1,NML,1,2025
597,B739,PKLFO,LNI,LNI983,LNI697,05/13:56,05/14:03,05/14:55,05/15:04,0:52:00,PKU,CGK,14,28,1,1,NML,1,2025
598,A320NEO,PKGTK,CTV,CTV431,CTV948,05/14:07,05/14:15,05/14:52,05/15:01,0:37:00,BPN,BTH,7,28,1,1,NML,1,2025
599,A320,PKLUW,BTK,BTK7515,BTK7514,05/13:59,05/14:04,05/14:57,05/15:08,0:53:00,HLP,HLP,9,28,1,1,NML,1,2025
600,B738,PKGFQ,GIA,GIA312,GIA317,05/13:48,05/13:54,05/15:03,05/15:13,1:09:00,CGK,CGK,4,28,1,1,NML,1,2025
601,B739,PKLGV,LNI,LNI261,LNI642,05/14:48,05/14:55,05/15:52,05/16:03,0:57:00,BPN,LOP,15,28,1,1,NML,1,2025
602,A320,PKPWE,PAS,PAS208,PAS209,05/14:19,05/14:25,05/15:13,05/15:30,0:48:00,CGK,CGK,6,28,1,1,NML,1,2025
603,A320,PKBKQ,BTK,BTK6406,BTK6220,05/15:21,05/15:27,05/16:33,05/16:48,1:06:00,CGK,BPN,7,28,1,1,NML,1,2025
604,A322,PKSAT,SJV,SJV611,SJV614,05/14:24,05/14:28,05/15:28,05/15:38,1:00:00,BPN,BPN,12,28,1,1,NML,1,2025
605,B738,PKGMD,GIA,GIA330,GIA331,05/14:28,05/14:34,05/15:27,05/15:36,0:53:00,HLP,HLP,5,28,1,1,NML,1,2025
606,A320,PKLUG,BTK,BTK7501,BTK7512,05/14:45,05/14:51,05/15:40,05/15:49,0:49:00,HLP,HLP,11,28,1,1,NML,1,2025
607,A320,PKGQS,CTV,CTV699,CTV434,05/14:41,05/14:48,05/15:32,05/15:42,0:44:00,DPS,BPN,8,28,1,1,NML,1,2025
608,A320,PKSTI,SJV,SJV637,SJV672,05/15:10,05/15:16,05/16:06,05/16:16,0:50:00,BDJ,BEJ,9,28,1,1,NML,1,2025
609,B738,PKLQY,LNI,LNI749,LNI581,05/15:06,05/15:12,05/16:10,05/16:20,0:58:00,MDC,CGK,10,28,1,1,NML,1,2025
610,B738,9MMLU,MAS,MAS873,MAS872,05/14:57,05/15:01,05/15:51,05/16:07,0:50:00,KUL,KUL,A07,28,1,1,NML,1,2025
611,A320,PKLUT,BTK,BTK6347,BTK6401,05/15:28,05/15:36,05/16:24,05/16:33,0:48:00,BEJ,CGK,12,28,1,1,NML,1,2025
612,B738,PKLKP,LNI,LNI879,LNI316,05/15:23,05/15:28,05/16:33,05/16:42,1:05:00,AMQ,BDJ,14,28,1,1,NML,1,2025
613,B738,PKGFR,GIA,GIA310,GIA315,05/15:32,05/15:39,05/16:34,05/17:02,0:55:00,CGK,CGK,4,28,1,1,NML,1,2025
614,A320,PKGQJ,CTV,CTV174,CTV418,05/16:46,05/16:52,05/17:30,05/17:37,0:38:00,HLP,PNK,5,28,1,1,NML,1,2025
615,B739,PKLHM,LNI,LNI919,LNI268,05/15:18,05/15:23,05/16:54,05/17:04,1:31:00,DPS,TRK,23,28,0,0,NML,1,2025
616,B739,PKLHI,LNI,LNI695,LNI260,05/16:18,05/16:23,05/17:29,05/17:43,1:06:00,KOE,BPN,15,28,1,1,NML,1,2025
617,B739,PKLSY,LNI,LNI692,LNI692,05/17:00,05/17:05,05/17:59,05/18:11,0:54:00,CGK,KOE,17B,28,0,0,NML,1,2025
618,A320,PKGLO,CTV,CTV669,CTV488,05/15:51,05/15:57,05/16:53,05/17:06,0:56:00,DPS,BDJ,6,28,1,1,NML,1,2025
619,A339,PKLET,LNI,LNI075,LNI100,05/15:39,05/15:44,05/17:39,05/17:57,1:55:00,JED,JED,A06,28,1,1,NML,1,2025
620,B739,PKLGP,LNI,LNI857,LNI226,05/16:22,05/16:28,05/17:55,05/18:06,1:27:00,PLM,BDJ,17A,28,0,0,NML,1,2025
621,A320,PKBKM,BTK,BTK6578,BTK7579,05/18:42,05/18:48,05/19:40,05/19:51,0:52:00,CGK,CGK,10,28,1,1,NML,1,2025
622,A320,PKAZE,AWQ,AWQ323,AWQ326,05/17:54,05/17:58,05/18:29,05/18:46,0:31:00,KUL,KUL,A01,28,1,1,NML,1,2025
623,B738,PKLKK,LNI,LNI681,LNI838,05/16:39,05/16:45,05/17:40,05/17:50,0:55:00,PKY,PNK,14,28,1,1,NML,1,2025
624,A320,PKPWI,PAS,PAS206,PAS623,05/17:17,05/17:22,05/18:08,05/18:16,0:46:00,CGK,BPN,6,28,1,1,NML,1,2025
625,B739,PKLFY,LNI,LNI923,LNI920,05/18:20,05/18:27,05/19:20,05/19:30,0:53:00,DPS,DPS,16,28,1,1,NML,1,2025
626,A320,PKPWF,PAS,PAS622,PAS207,05/17:25,05/17:32,05/18:16,05/18:26,0:44:00,BPN,CGK,7,28,1,1,NML,1,2025
627,A320,PKSTG,SJV,SJV619,SJV708,05/16:43,05/16:48,05/19:09,05/19:20,2:21:00,BPN,DPS,20,28,0,0,NML,1,2025
628,B738,PKCRH,SJY,SJY567,SJY562,05/18:23,05/18:28,05/19:14,05/19:24,0:46:00,UPG,UPG,11,28,1,1,NML,1,2025
629,A320,PKLUU,BTK,BTK7503,BTK7502,05/17:41,05/17:47,05/18:49,05/19:00,1:02:00,HLP,HLP,8,28,1,1,NML,1,2025
630,B738,PKGMU,GIA,GIA320,GIA325,05/17:33,05/17:38,05/18:33,05/18:44,0:55:00,CGK,CGK,4,28,1,1,NML,1,2025
631,B738MAX,9VMBO,SIA,SIA928,SIA929,05/17:50,05/17:53,05/18:54,05/19:09,1:01:00,SIN,SIN,A07,28,1,1,NML,1,2025
632,A320,PKGLS,CTV,CTV172,CTV173,05/18:03,05/18:10,05/18:55,05/19:05,0:45:00,HLP,HLP,9,28,1,1,NML,1,2025
633,B738,PKLBW,BTK,BTK6576,BTK6575,05/19:18,05/19:25,05/20:18,05/20:27,0:53:00,CGK,CGK,9,28,1,1,NML,1,2025
634,A320,PKGLW,CTV,CTV718,CTV711,05/19:14,05/19:20,05/20:00,05/20:11,0:40:00,CGK,CGK,7,28,1,1,NML,1,2025
635,B789,9VOJC,TGW,TGW262,TGW263,05/21:10,05/21:14,05/22:18,05/22:30,1:04:00,SIN,SIN,A07,28,1,1,NML,1,2025
636,A320,PKLUW,BTK,BTK7519,BTK7518,05/18:50,05/18:58,05/19:46,05/19:58,0:48:00,HLP,HLP,12,28,1,1,NML,1,2025
637,B739,PKLGV,LNI,LNI865,LNI880,05/18:34,05/18:38,05/21:56,05/22:05,3:18:00,LOP,UPG,24,28,0,0,NML,1,2025
638,A320,PKPWE,PAS,PAS202,PAS203,05/19:22,05/19:29,05/20:13,05/20:21,0:44:00,CGK,CGK,4,28,1,1,NML,1,2025
639,A322,PKSAT,SJV,SJV617,SJV616,05/18:55,05/19:01,05/20:02,05/20:13,1:01:00,BPN,BPN,14,28,1,1,NML,1,2025
640,A320,PKGQS,CTV,CTV435,CTV662,05/19:03,05/19:11,05/19:54,05/20:03,0:43:00,BPN,DPS,6,28,1,1,NML,1,2025
641,A320,PKGQT,CTV,CTV489,CTV719,05/19:36,05/19:44,05/20:22,05/20:31,0:38:00,BDJ,CGK,8,28,1,1,NML,1,2025
642,A320,PKGLR,CTV,CTV949,CTV494,05/20:29,05/20:35,05/21:11,05/21:20,0:36:00,BTH,BDJ,7,28,1,1,NML,1,2025
643,A320,PKGQP,CTV,CTV736,CTV352,05/20:27,05/20:32,05/21:16,05/21:28,0:44:00,CGK,UPG,8,28,1,1,NML,1,2025
644,A320,PKGLO,CTV,CTV495,CTV694,05/19:46,05/19:53,05/20:56,05/21:03,1:03:00,BDJ,DPS,10,28,1,1,NML,1,2025
645,B738,PKGFJ,GIA,GIA324,GIA329,05/20:00,05/20:09,05/20:57,05/21:06,0:48:00,CGK,CGK,6,28,1,1,NML,1,2025
646,A320,PKGQF,CTV,CTV722,CTV354,05/21:00,05/21:11,05/21:43,05/21:54,0:31:57,CGK,UPG,6,28,1,1,NML,1,2025
647,A320,PKBKQ,BTK,BTK6221,BTK6136,05/20:09,05/20:15,05/21:58,05/22:07,1:43:00,BPN,UPG,12,28,1,1,NML,1,2025
648,B738,PKLOH,LNI,LNI709,LNI878,05/16:30,05/16:35,06/05:02,06/05:17,12:27:00,UPG,AMQ,21,28,0,0,NML,1,2025
649,A320,PKGLP,CTV,CTV726,CTV430,05/22:15,05/22:20,06/05:00,06/05:13,6:40:00,CGK,BPN,8,28,1,1,NML,1,2025
650,B733F,PKMYV,MYU,MYU935,MYU815,05/13:44,05/13:49,06/04:59,06/05:08,15:10:00,SRG,CGK,C02,28,0,0,NML,1,2025
651,A320,PKLUJ,BTK,BTK7521,BTK7508,05/19:55,05/20:01,06/04:55,06/05:04,8:54:09,HLP,HLP,15A,28,0,0,NML,1,2025
652,A320,PKSJD,SJV,SJV723,SJV610,05/19:27,05/19:32,06/04:57,06/05:07,9:25:56,DPS,BPN,17B,28,0,0,NML,1,2025
653,B739,PKLHR,LNI,LNI883,LNI786,05/21:45,05/21:51,06/05:06,06/05:20,7:15:06,UPG,UPG,15B,28,0,0,NML,1,2025
654,A320,PKAZE,AWQ,AWQ327,AWQ320,06/00:24,06/00:29,06/05:01,06/05:18,4:32:00,KUL,KUL,A03,28,1,1,NML,1,2025
655,A320,PKSTU,SJV,SJV727,SJV706,05/23:14,05/23:20,06/05:43,06/05:52,6:23:00,DPS,DPS,11,28,1,1,NML,1,2025
656,B739,PKLHS,LNI,LNI690,LNI690,06/05:05,06/05:10,06/05:52,06/06:01,0:42:00,CGK,KOE,10,28,1,1,NML,1,2025
657,A320,PKGQS,CTV,CTV695,CTV725,05/23:17,05/23:23,06/05:40,06/05:50,6:17:00,DPS,CGK,7,28,1,1,NML,1,2025
658,A320,PKPWD,PAS,PAS212,PAS213,05/20:44,05/20:50,06/05:34,06/05:42,8:43:07,CGK,CGK,4,28,1,1,NML,1,2025
659,A320,V8RBB,RBA,RBA795,RBA796,05/20:36,05/20:40,06/05:45,06/05:56,9:04:13,BWN,BWN,A06,28,1,1,NML,1,2025
660,B739,PKLHU,LNI,LNI972,LNI266,05/20:54,05/21:00,06/06:10,06/06:20,9:10:06,BTH,BPN,26,10,0,0,NML,1,2025
661,B738,PKLJS,LNI,LNI727,LNI868,05/17:44,05/17:49,06/06:03,06/06:13,12:14:22,KDI,TTE,23,28,0,0,NML,1,2025
662,A320,PKGQU,CTV,CTV353,CTV484,06/05:14,06/05:21,06/05:58,06/06:06,0:37:00,UPG,BDJ,6,28,1,1,NML,1,2025
663,A320,PKBLA,BTK,BTK6588,BTK6589,05/22:52,05/22:58,06/05:54,06/06:07,6:56:00,CGK,CGK,12,28,1,1,NML,1,2025
664,A320,PKSTI,SJV,SJV673,SJV640,05/20:32,05/20:37,06/05:54,06/06:04,9:16:01,BEJ,AAP,20,28,0,0,NML,1,2025
665,B739,PKLSK,LNI,LNI6000,LNI882,06/05:11,06/05:18,06/06:13,06/06:21,0:55:15,UPG,UPG,9,28,1,1,NML,1,2025
666,A320,PKBKV,BTK,BTK6413,BTK6412,05/23:50,05/23:55,06/06:25,06/06:33,6:30:00,DPS,DPS,14,28,1,1,NML,1,2025
667,A320,PKSAS,SJV,SJV643,SJV566,05/15:57,05/16:03,06/06:53,06/07:02,14:50:00,AAP,PLW,18,28,0,0,NML,1,2025
668,A320,PKSAG,SJV,SJV613,SJV634,05/21:37,05/21:43,06/06:31,06/06:44,8:48:00,BPN,BDJ,16,28,1,1,NML,1,2025
669,A320,PKLUK,BTK,BTK6137,BTK6135,05/19:31,05/19:36,06/06:56,06/07:07,11:20:00,UPG,PKN,17A,28,0,0,NML,1,2025
670,A320,PKSJF,SJV,SJV725,SJV612,05/18:08,05/18:14,06/07:03,06/07:14,12:49:00,LBJ,BPN,22,28,0,0,NML,1,2025
671,B739,PKLSP,LNI,LNI311,LNI971,06/06:09,06/06:15,06/07:04,06/07:12,0:49:00,BDJ,BTH,11,28,1,1,NML,1,2025
672,B738,PKGFI,GIA,GIA349,GIA305,05/17:48,05/17:54,06/06:57,06/07:05,13:03:00,DPS,CGK,5,28,1,1,NML,1,2025
673,B738,PKGMF,GIA,GIA855,GIA854,05/20:49,05/20:55,06/06:57,06/07:11,10:01:45,SIN,SIN,A02,28,1,1,NML,1,2025
674,B739,PKLSO,LNI,LNI363,LNI646,06/06:26,06/06:31,06/07:23,06/07:31,0:52:00,BPN,LOP,15,28,1,1,NML,1,2025
675,A320,PKGQO,CTV,CTV170,CTV175,06/06:37,06/06:44,06/07:20,06/07:27,0:36:00,HLP,HLP,6,28,1,1,NML,1,2025
676,A320,PKLUW,BTK,BTK7511,BTK7510,06/06:42,06/06:47,06/07:27,06/07:36,0:40:00,HLP,HLP,10,28,1,1,NML,1,2025
677,A320,PKAZG,AWQ,AWQ325,AWQ392,05/19:11,05/19:14,06/07:27,06/07:40,12:13:00,KUL,JHB,A01,28,1,1,NML,1,2025
678,A320,PKGLO,CTV,CTV661,CTV460,06/06:52,06/06:59,06/07:37,06/07:49,0:38:00,DPS,AAP,7,28,1,1,NML,1,2025
679,B739,PKLSY,LNI,LNI693,LNI693,06/06:58,06/07:01,06/07:49,06/08:00,0:48:00,KOE,CGK,9,28,1,1,NML,1,2025
680,A333,BLAD,CPA,CPA779,CPA780,05/19:06,05/19:09,06/08:57,06/09:12,13:48:00,HKG,HKG,A08,10,1,1,NML,1,2025
681,B739,PKLHM,LNI,LNI267,LNI990,06/07:09,06/07:13,06/08:16,06/08:21,1:03:00,TRK,DPS,12,10,1,1,NML,1,2025
"682,B739,PKLSU,LNI,LNI972,LNI990,04/17:41,05/07:30,06/09:58,06/10:05,""1 day, 16:12:00"",BTH,DPS,25,10,0,1,NML,1,2025"
683,B738,PKLZZ,MXD,MXD352,MXD353,05/19:42,05/19:46,06/08:43,06/08:52,12:57:00,KUL,KUL,A04,10,1,1,NML,1,2025
684,A320,PKGQP,CTV,CTV355,CTV177,06/07:40,06/07:46,06/08:38,06/08:50,0:52:00,UPG,HLP,6,10,1,1,NML,1,2025
685,A320,PKLAY,BTK,BTK6572,BTK6581,06/07:42,06/07:48,06/09:05,06/09:17,1:17:00,CGK,CGK,8,10,1,1,NML,1,2025
686,B738,PKLKP,LNI,LNI315,LNI222,06/07:50,06/07:57,06/08:52,06/09:04,0:55:00,BDJ,BDJ,14,10,1,1,NML,1,2025
687,A320,PKSJL,SJV,SJV649,SJV618,06/07:46,06/07:53,06/08:53,06/09:09,1:00:00,BPN,BPN,17,10,1,1,NML,1,2025
688,B739,PKLFK,LNI,LNI929,LNI856,06/07:16,06/07:20,06/09:10,06/09:32,1:50:00,DPS,PLM,16,10,1,1,NML,1,2025
689,B738,PKLKK,LNI,LNI837,LNI748,06/08:08,06/08:10,06/09:02,06/09:16,0:52:00,PNK,MDC,11,10,1,1,NML,1,2025
690,B739,PKLFO,LNI,LNI683,LNI682,06/08:11,06/08:14,06/09:14,06/09:34,1:00:00,PKY,PKY,10,10,1,1,NML,1,2025
691,A320,PKPWE,PAS,PAS200,PAS201,06/08:27,06/08:30,06/09:34,06/09:53,1:04:00,CGK,CGK,5,10,1,1,NML,1,2025
692,B738,PKGMU,GIA,GIA304,GIA342,06/08:20,06/08:23,06/09:08,06/09:27,0:45:00,CGK,DPS,4,10,1,1,NML,1,2025
693,A320,PKGTD,CTV,CTV417,CTV715,06/08:23,06/08:26,06/09:18,06/09:36,0:52:00,PNK,CGK,7,10,1,1,NML,1,2025
694,A320,PKSTU,SJV,SJV703,SJV702,06/08:30,06/08:35,06/09:30,06/09:45,0:55:00,DPS,DPS,15,10,1,1,NML,1,2025
695,A320,PKGQU,CTV,CTV485,CTV486,06/08:43,06/08:46,06/09:25,06/09:41,0:39:00,BDJ,BDJ,6,10,1,1,NML,1,2025
696,A320,9VTRK,TGW,TGW264,TGW265,06/09:10,06/09:16,06/10:12,06/10:25,0:56:00,SIN,SIN,A02,10,1,1,NML,1,2025
697,B738,9MMXY,MAS,MAS871,MAS870,06/09:02,06/09:08,06/09:52,06/10:08,0:44:00,KUL,KUL,A07,10,1,1,NML,1,2025
698,B735,PKNAQ,LKN,LKN243,LKN242,06/09:50,06/09:52,06/10:28,06/10:39,0:36:00,SMQ,SMQ,11,10,1,1,NML,1,2025
699,B38M,9MLRS,MXD,MXD350,MXD351,06/08:47,06/08:52,06/09:49,06/09:56,0:57:00,KUL,KUL,A03,10,1,1,NML,1,2025
700,A320,PKGQQ,CTV,CTV351,CTV350,06/09:26,06/09:28,06/10:08,06/10:23,0:40:00,UPG,UPG,8,10,1,1,NML,1,2025
701,A359,9VSHL,SIA,SIA922,SIA923,06/09:07,06/09:12,06/10:13,06/10:31,1:01:00,SIN,SIN,A08,10,1,1,NML,1,2025
702,A320,PKBLA,BTK,BTK6584,BTK6585,06/09:29,06/09:34,06/10:17,06/10:33,0:43:00,CGK,CGK,9,10,1,1,NML,1,2025
703,A320,PKSAG,SJV,SJV635,SJV632,06/09:21,06/09:25,06/10:38,06/10:48,1:13:00,BDJ,BDJ,17,10,1,1,NML,1,2025
704,B739,PKLVF,LNI,LNI791,LNI706,06/10:04,06/10:08,06/10:57,06/11:07,0:49:00,UPG,UPG,21,10,0,0,NML,1,2025
705,A320,PKPWD,PAS,PAS210,PAS211,06/09:34,06/09:37,06/10:29,06/10:43,0:52:00,CGK,CGK,5,10,1,1,NML,1,2025
706,B739,PKLKM,LNI,LNI970,LNI262,06/09:48,06/09:50,06/11:03,06/11:12,1:13:00,BTH,BPN,10,10,1,1,NML,1,2025
707,B739,PKLHU,LNI,LNI367,LNI973,06/09:39,06/09:43,06/10:47,06/10:59,1:04:00,BPN,BTH,14,10,1,1,NML,1,2025
708,A320,PKLAF,BTK,BTK7513,BTK7516,06/09:57,06/10:01,06/10:47,06/10:56,0:46:00,HLP,HLP,7,10,1,1,NML,1,2025
709,A320,PKLUK,BTK,BTK6134,BTK6346,06/09:54,06/09:57,06/10:52,06/11:02,0:55:00,PKN,BEJ,12,10,1,1,NML,1,2025
710,B739,PKLSO,LNI,LNI645,LNI822,06/10:18,06/10:23,06/11:14,06/11:22,0:51:00,LOP,LOP,20,10,0,0,NML,1,2025
711,A320,PKSTI,SJV,SJV641,SJV642,06/09:43,06/09:48,06/11:02,06/11:15,1:14:00,AAP,AAP,18,10,0,0,NML,1,2025
712,B739,PKLGR,LNI,LNI694,LNI694,06/10:12,06/10:16,06/11:23,06/11:33,1:07:00,CGK,KOE,16,10,1,1,NML,1,2025
713,A320,PKAZE,AWQ,AWQ321,AWQ322,06/11:13,06/11:18,06/11:50,06/12:01,0:32:00,KUL,KUL,A01,10,1,1,NML,1,2025
714,B739,PKLHS,LNI,LNI697,LNI697,06/10:29,06/10:34,06/11:41,06/11:51,1:07:00,KOE,CGK,15,10,1,1,NML,1,2025
715,B738,PKGMX,GIA,GIA322,GIA327,06/10:09,06/10:11,06/11:26,06/11:42,1:15:00,CGK,CGK,4,10,1,1,NML,1,2025
716,A320,PKLUW,BTK,BTK7517,BTK7520,06/10:46,06/10:49,06/11:26,06/11:40,0:37:00,HLP,HLP,8,10,1,1,NML,1,2025
717,B739,PKLSU,LNI,LNI805,LNI804,06/13:47,06/13:54,06/14:42,06/14:56,0:48:00,DPS,DPS,14,28,1,1,NML,1,2025
718,A320,PKGLO,CTV,CTV461,CTV698,06/11:31,06/11:35,06/12:17,06/12:28,0:42:00,AAP,DPS,6,10,1,1,NML,1,2025
719,A320,PKSAS,SJV,SJV567,SJV636,06/11:36,06/11:40,06/12:36,06/12:47,0:56:00,PLW,BDJ,11,10,1,1,NML,1,2025
720,B739,PKLHR,LNI,LNI801,LNI780,06/11:34,06/11:37,06/14:23,06/14:31,2:46:00,UPG,UPG,10,28,1,1,NML,1,2025
721,A339,PKLEV,LNI,LNI107,LNI074,05/17:58,05/18:03,06/12:36,06/12:49,18:33:00,JED,MED,A05,10,1,1,NML,1,2025
722,B738,PKLKP,LNI,LNI223,LNI680,06/11:56,06/12:00,06/14:15,06/14:23,2:15:00,BDJ,PKY,9,28,1,1,NML,1,2025
723,A320,PKBKO,BTK,BTK6596,BTK6595,06/13:59,06/14:04,06/14:52,06/15:07,0:48:00,CGK,CGK,11,28,1,1,NML,1,2025
724,B738,PKLJS,LNI,LNI869,LNI722,06/12:21,06/12:25,06/14:47,06/15:02,2:22:00,TTE,KDI,12,28,1,1,NML,1,2025
725,A320,PKPWC,PAS,PAS204,PAS205,06/12:06,06/12:08,06/13:16,06/13:44,1:08:00,CGK,CGK,5,28,1,1,NML,1,2025
726,A320,PKAZG,AWQ,AWQ393,AWQ324,06/12:34,06/12:39,06/13:12,06/13:42,0:33:00,JHB,KUL,A01,28,1,1,NML,1,2025
727,A320,PKGQU,CTV,CTV487,CTV668,06/12:16,06/12:21,06/13:19,06/13:45,0:58:00,BDJ,DPS,7,10,1,1,NML,1,2025
728,A320,PKGLU,CTV,CTV716,CTV717,06/14:02,06/14:08,06/14:52,06/15:11,0:44:00,CGK,CGK,8,28,1,1,NML,1,2025
729,B738,PKLOH,LNI,LNI879,LNI836,06/14:57,06/15:03,06/16:20,06/16:42,1:17:00,AMQ,PNK,14,28,1,1,NML,1,2025
730,B738,PKGFH,GIA,GIA312,GIA317,06/14:09,06/14:14,06/15:11,06/15:22,0:57:00,CGK,CGK,4,28,1,1,NML,1,2025
731,A339,PKLER,LNI,LNI6011,LNI104,06/20:19,06/20:24,06/21:52,06/22:05,1:28:00,KNO,JED,A06,28,1,1,NML,1,2025
732,B739,PKLHP,LNI,LNI919,LNI910,06/14:35,06/14:40,06/15:59,06/16:16,1:19:41,DPS,DPS,17,28,1,1,NML,1,2025
733,A320,PKGLP,CTV,CTV431,CTV948,06/13:51,06/13:57,06/14:39,06/14:46,0:41:42,BPN,BTH,6,28,1,1,NML,1,2025
734,B739,PKLSZ,LNI,LNI787,LNI260,06/14:05,06/14:11,06/15:01,06/15:14,0:50:00,UPG,BPN,15,28,1,1,NML,1,2025
735,A320,PKPWK,PAS,PAS208,PAS209,06/14:15,06/14:23,06/15:03,06/15:17,0:40:00,CGK,CGK,5,28,1,1,NML,1,2025
736,B739,PKLSO,LNI,LNI823,LNI642,06/15:12,06/15:18,06/17:35,06/17:51,2:17:22,LOP,LOP,15A,28,0,0,NML,1,2025
737,A320,PKBKT,BTK,BTK6406,BTK6220,06/14:51,06/15:00,06/16:02,06/16:25,1:02:00,CGK,BPN,9,28,1,1,NML,1,2025
738,A320,PKSJD,SJV,SJV611,SJV614,06/14:19,06/14:24,06/15:28,06/15:58,1:04:10,BPN,BPN,16,28,1,1,NML,1,2025
739,B738,PKGNN,GIA,GIA330,GIA331,06/14:39,06/14:47,06/15:31,06/16:01,0:44:00,HLP,HLP,7,28,1,1,NML,1,2025
740,A320,9VJSQ,JSA,JSA247,JSA248,06/14:44,06/14:47,06/15:59,06/16:22,1:12:00,SIN,SIN,A07,28,1,1,NML,1,2025
741,A320,PKLUU,BTK,BTK7501,BTK7512,06/15:00,06/15:06,06/16:08,06/16:29,1:02:00,HLP,HLP,10,28,1,1,NML,1,2025
742,A320,PKGLO,CTV,CTV699,CTV434,06/14:47,06/14:55,06/15:33,06/16:03,0:38:00,DPS,BPN,6,28,1,1,NML,1,2025
743,A320,PKSAG,SJV,SJV633,SJV672,06/13:55,06/14:01,06/16:10,06/16:36,2:09:00,BDJ,BEJ,18,28,0,0,NML,1,2025
744,B738,PKLKK,LNI,LNI749,LNI581,06/14:53,06/15:00,06/16:09,06/16:20,1:09:00,MDC,CGK,12,28,1,1,NML,1,2025
745,A320,PKSAS,SJV,SJV637,SJV765,06/15:30,06/15:34,06/17:20,06/17:28,1:46:00,BDJ,CGK,26,28,0,0,NML,1,2025
746,A320,PKLUK,BTK,BTK6347,BTK6401,06/15:09,06/15:15,06/16:17,06/16:38,1:02:00,BEJ,CGK,11,28,1,1,NML,1,2025
747,B738,PKLPK,LNI,LNI839,LNI316,06/16:12,06/16:18,06/17:21,06/17:30,1:03:00,PNK,BDJ,15B,28,0,0,NML,1,2025
748,B738,PKGMW,GIA,GIA310,GIA315,06/15:23,06/15:28,06/16:27,06/16:45,0:59:00,CGK,CGK,4,28,1,1,NML,1,2025
749,B738MAX,9VMBD,SIA,SIA926,SIA927,06/16:05,06/16:10,06/16:59,06/17:15,0:49:00,SIN,SIN,A08,28,1,1,NML,1,2025
750,A320,PKGQP,CTV,CTV174,CTV418,06/16:11,06/16:21,06/17:02,06/17:11,0:41:00,HLP,PNK,6,28,1,1,NML,1,2025
751,B739,PKLGR,LNI,LNI695,LNI268,06/16:23,06/16:29,06/17:40,06/17:53,1:11:32,KOE,TRK,9,28,1,1,NML,1,2025
752,B739,PKLGW,LNI,LNI692,LNI692,06/16:20,06/16:26,06/17:24,06/17:36,0:58:00,CGK,KOE,16,28,1,1,NML,1,2025
753,A320,PKGQA,CTV,CTV669,CTV488,06/16:10,06/16:14,06/16:53,06/17:00,0:39:00,DPS,BDJ,7,28,1,1,NML,1,2025
754,B739,PKLHI,LNI,LNI261,LNI800,06/15:06,06/15:11,06/17:34,06/17:49,2:23:49,BPN,UPG,20,28,0,0,NML,1,2025
755,B739,PKLGY,LNI,LNI707,LNI226,06/16:33,06/16:39,06/17:46,06/17:56,1:07:59,UPG,BDJ,17A,28,0,0,NML,1,2025
756,A320,PKBKL,BTK,BTK6578,BTK7579,06/16:39,06/16:46,06/17:33,06/17:42,0:47:04,CGK,CGK,10,28,1,1,NML,1,2025
757,A320,PKAZE,AWQ,AWQ323,AWQ326,06/17:46,06/17:49,06/18:23,06/18:36,0:34:00,KUL,KUL,A01,28,1,1,NML,1,2025
758,B738,PKLKP,LNI,LNI681,LNI838,06/16:58,06/17:03,06/17:56,06/18:09,0:53:13,PKY,PNK,12,28,1,1,NML,1,2025
759,A320,PKPWJ,PAS,PAS206,PAS623,06/17:19,06/17:25,06/18:10,06/18:18,0:45:00,CGK,BPN,6,28,1,1,NML,1,2025
760,A320,PKSJF,SJV,SJV619,SJV638,06/16:34,06/16:41,06/17:55,06/18:05,1:14:17,BPN,BDJ,17B,28,0,0,NML,1,2025
761,A320,PKSTP,SJV,SJV723,SJV708,06/17:40,06/17:45,06/18:37,06/18:50,0:52:00,DPS,DPS,14,28,1,1,NML,1,2025
762,A320,PKPWD,PAS,PAS622,PAS207,06/17:16,06/17:21,06/18:07,06/18:15,0:46:03,BPN,CGK,5,28,1,1,NML,1,2025
763,A320,PKSTI,SJV,SJV643,SJV716,06/15:15,06/15:20,06/18:30,06/18:41,3:10:00,AAP,LOP,21,28,0,0,NML,1,2025
764,A320,PKLAF,BTK,BTK7503,BTK7502,06/18:07,06/18:13,06/18:48,06/18:58,0:35:00,HLP,HLP,10,28,1,1,NML,1,2025
765,B738,PKGFI,GIA,GIA320,GIA325,06/17:33,06/17:40,06/18:31,06/18:45,0:51:00,CGK,CGK,4,28,1,1,NML,1,2025
766,B738MAX,9VMBM,SIA,SIA928,SIA929,06/17:43,06/17:47,06/18:38,06/18:53,0:51:00,SIN,SIN,A07,28,1,1,NML,1,2025
767,B738,PKCRH,SJY,SJY567,SJY562,06/18:03,06/18:11,06/19:06,06/19:18,0:55:00,UPG,UPG,11,28,1,1,NML,1,2025
768,A339,PKLET,LNI,LNI101,LNI106,06/19:52,06/19:56,07/01:04,07/01:18,5:08:00,JED,JED,A07,10,1,1,NML,1,2025
769,B738,PKLDJ,BTK,BTK6576,BTK6575,06/18:33,06/18:37,06/20:57,06/21:06,2:20:00,CGK,CGK,12,28,1,1,NML,1,2025
770,A320,PKGQS,CTV,CTV949,CTV494,06/18:42,06/18:50,06/19:29,06/19:42,0:39:00,BTH,BDJ,8,28,1,1,NML,1,2025
771,B738,PKBBF,BBL,BBL763,BBL764,06/18:34,06/18:44,06/19:25,06/19:41,0:41:00,CGK,CGK,6,28,1,1,NML,1,2025
772,B739,PKLHO,LNI,LNI885,LNI880,06/19:00,06/19:10,06/20:04,06/20:10,0:54:00,UPG,UPG,15B,28,0,0,NML,1,2025
773,A320,PKPWK,PAS,PAS202,PAS203,06/18:47,06/18:55,06/19:43,06/19:54,0:48:00,CGK,CGK,5,28,1,1,NML,1,2025
774,B738,PKGMY,GIA,GIA349,GIA313,06/17:59,06/18:06,06/20:06,06/20:14,2:00:00,DPS,CGK,7,28,1,1,NML,1,2025
775,A320,PKGQF,CTV,CTV736,CTV352,06/19:28,06/19:35,06/20:19,06/20:24,0:44:00,CGK,UPG,8,28,1,1,NML,1,2025
776,A320,PKGQM,CTV,CTV489,CTV662,06/19:46,06/19:56,06/20:34,06/20:43,0:38:00,BDJ,DPS,6,28,1,1,NML,1,2025
777,A320,PKGLO,CTV,CTV435,CTV719,06/19:16,06/19:21,06/20:36,06/20:54,1:15:00,BPN,CGK,9,28,1,1,NML,1,2025
778,A320,PKGQA,CTV,CTV495,CTV694,06/19:56,06/20:01,06/20:50,06/20:56,0:49:00,BDJ,DPS,10,28,1,1,NML,1,2025
779,A320,PKGLW,CTV,CTV722,CTV354,06/19:24,06/19:31,06/20:52,06/21:00,1:21:00,CGK,UPG,4,28,1,1,NML,1,2025
780,A320,PKBKR,BTK,BTK6137,BTK6136,06/19:35,06/19:42,06/22:41,06/22:51,2:59:00,UPG,UPG,14,28,1,1,NML,1,2025
781,A320,PKBKF,BTK,BTK6588,BTK7508,06/21:43,06/21:49,07/05:06,07/05:18,7:17:00,CGK,HLP,8,28,1,1,NML,1,2025
782,A320,PKGQL,CTV,CTV726,CTV430,06/20:44,06/20:52,07/05:02,07/05:14,8:10:00,CGK,BPN,6,28,1,1,NML,1,2025
783,A320,PKSJD,SJV,SJV617,SJV610,06/19:08,06/19:13,07/04:58,07/05:08,9:45:00,BPN,BPN,20,28,0,0,NML,1,2025
784,B738,PKLQY,LNI,LNI709,LNI878,06/16:18,06/16:24,07/05:02,07/05:16,12:38:00,UPG,AMQ,25,28,0,0,NML,1,2025
785,A320,PKAZE,AWQ,AWQ327,AWQ320,07/00:12,07/00:15,07/04:59,07/05:12,4:44:00,KUL,KUL,A03,28,1,1,NML,1,2025
786,B739,PKLSO,LNI,LNI865,LNI786,06/20:22,06/20:24,07/05:07,07/05:20,8:43:00,LOP,UPG,18,28,0,0,NML,1,2025
787,B739,PKLGO,LNI,LNI972,LNI3971,06/18:39,06/18:44,07/05:07,07/05:22,10:23:00,BTH,BTH,15A,28,0,0,NML,1,2025
788,B739,PKLFF,LNI,LNI690,LNI690,07/05:06,07/05:13,07/05:48,07/06:00,0:35:00,CGK,KOE,14,28,1,1,NML,1,2025
789,A320,PKPWA,PAS,PAS212,PAS213,06/20:35,06/20:45,07/05:42,07/05:50,8:57:00,CGK,CGK,7,28,1,1,NML,1,2025
790,A320,V8RBD,RBA,RBA795,RBA796,06/20:51,06/20:55,07/05:45,07/06:01,8:50:00,BWN,BWN,A04,28,1,1,NML,1,2025
791,A320,PKGQM,CTV,CTV695,CTV725,06/23:00,06/23:08,07/05:50,07/06:03,6:42:00,DPS,CGK,5,28,1,1,NML,1,2025
792,A320,PKLUU,BTK,BTK7521,BTK6589,06/20:05,06/20:11,07/06:11,07/06:23,10:00:00,HLP,CGK,16,28,1,1,NML,1,2025
793,B738,PKLJS,LNI,LNI727,LNI868,06/18:56,06/19:00,07/05:53,07/06:05,10:53:00,KDI,TTE,26,28,0,0,NML,1,2025
794,A320,PKGQF,CTV,CTV353,CTV484,07/05:10,07/05:19,07/05:55,07/06:11,0:36:00,UPG,BDJ,6,28,1,1,NML,1,2025
795,A320,PKSTP,SJV,SJV727,SJV640,06/21:38,06/21:45,07/06:03,07/06:13,8:18:00,DPS,AAP,15B,28,0,0,NML,1,2025
796,A320,PKSAA,SJV,SJV639,SJV706,06/21:30,06/21:36,07/05:54,07/06:07,8:18:00,BDJ,DPS,11,28,1,1,NML,1,2025
797,A320,PKAZG,AWQ,AWQ325,AWQ386,06/19:38,06/19:42,07/06:11,07/06:25,10:29:00,KUL,PEN,A01,28,1,1,NML,1,2025
798,A320,PKBKV,BTK,BTK6413,BTK6412,06/21:36,06/21:43,07/06:20,07/06:27,8:37:00,DPS,DPS,12,28,1,1,NML,1,2025
799,A320,PKSAG,SJV,SJV673,SJV634,06/20:48,06/20:52,07/06:27,07/06:40,9:35:00,BEJ,BDJ,17B,28,0,0,NML,1,2025
800,B738MAX,PKOFI,AFE,AFE921,AFE921,07/05:47,07/05:55,07/06:41,07/06:52,0:46:00,CGK,TIM,7,28,1,1,NML,1,2025
801,A320,PKSTG,SJV,SJV717,SJV566,07/05:57,07/06:02,07/06:52,07/07:00,0:49:59,LOP,PLW,14,28,1,1,NML,1,2025
802,A320,PKBKT,BTK,BTK6221,BTK6135,06/19:33,06/19:38,07/06:56,07/07:10,11:18:00,BPN,PKN,17A,28,0,0,NML,1,2025
"803,C208,PKVVO,SUS,PKVVO,SUS6197,30/13:39,30/13:42,07/07:45,07/07:51,""7 days, 18:03:00"",BXW,BXW,29,28,0,0,NML,1,2025"
804,B738,PKGFR,GIA,GIA328,GIA854,06/19:59,06/22:47,07/06:52,07/07:05,10:48:00,CGK,SIN,A02,28,1,1,NML,1,2025
805,B738,PKGMF,GIA,GIA855,GIA305,06/20:41,06/23:15,07/06:56,07/07:07,10:12:00,SIN,CGK,4,28,1,1,NML,1,2025
806,B739,PKLSU,LNI,LNI311,LNI646,07/06:08,07/06:19,07/07:09,07/07:17,0:50:00,BDJ,LOP,15A,28,0,0,NML,1,2025
807,A320,PKLAZ,BTK,BTK7511,BTK7510,07/06:30,07/06:37,07/07:24,07/07:34,0:47:00,HLP,HLP,8,28,1,1,NML,1,2025
808,A320,PKGQA,CTV,CTV661,CTV460,07/06:35,07/06:41,07/07:31,07/07:39,0:49:34,DPS,AAP,9,28,1,1,NML,1,2025
809,B739,PKLGV,LNI,LNI923,LNI693,06/19:04,06/19:12,07/07:55,07/08:05,12:43:00,DPS,CGK,21,28,0,0,NML,1,2025
810,B739,PKLGW,LNI,LNI693,LNI982,07/06:52,07/06:59,07/07:55,07/08:08,0:56:00,KOE,PKU,11,28,1,1,NML,1,2025
811,EC135,PKFGJ,SAG,PKFGJ,PKFGJ,07/08:00,07/08:03,07/08:06,07/08:11,0:03:00,XXD,XXD,A01,28,0,0,NML,1,2025
812,A333,BHLM,CPA,CPA779,CPA780,06/18:13,06/18:17,07/08:06,07/08:20,13:49:00,HKG,HKG,A08,28,1,1,NML,1,2025
813,B739,PKLGR,LNI,LNI267,LNI990,07/07:08,07/07:13,07/08:21,07/08:30,1:08:00,TRK,DPS,12,28,1,1,NML,1,2025
814,A320,PKLAQ,BTK,BTK6572,BTK6573,07/07:49,07/07:55,07/08:42,07/08:50,0:47:00,CGK,CGK,10,28,1,1,NML,1,2025
"815,DHC6,PKICP,PGT,PKICP,PKICP,04/14:54,06/15:15,07/07:56,07/08:08,""2 days, 16:56:00"",PAG,PAG,28,28,0,0,NML,1,2025"
816,B738,PKLBK,MXD,MXD352,MXD353,06/19:50,07/00:11,07/09:06,07/09:24,13:12:00,KUL,KUL,A06,28,1,0,NML,1,2025
817,A320,PKGLW,CTV,CTV355,CTV177,07/07:29,07/07:37,07/08:33,07/08:44,0:56:00,UPG,HLP,7,28,1,1,NML,1,2025
818,A320,PKSJR,SJV,SJV7010,SJV618,07/08:02,07/08:08,07/09:20,07/09:40,1:11:56,CGK,BPN,16,28,1,1,NML,1,2025
819,B738,PKLOP,LNI,LNI315,LNI748,07/08:08,07/08:14,07/09:06,07/09:21,0:52:36,BDJ,MDC,14,28,1,1,NML,1,2025
820,B739,PKLHS,LNI,LNI683,LNI682,07/08:12,07/08:17,07/09:08,07/09:28,0:51:00,PKY,PKY,11,28,1,1,NML,1,2025
821,B738,PKGNR,GIA,GIA304,GIA342,07/08:22,07/08:29,07/09:21,07/09:42,0:52:00,CGK,DPS,4,28,1,1,NML,1,2025
822,A320,PKPWE,PAS,PAS200,PAS201,07/08:25,07/08:30,07/09:17,07/09:32,0:47:00,CGK,CGK,5,28,1,1,NML,1,2025
823,A320,PKGQC,CTV,CTV417,CTV715,07/08:46,07/08:55,07/09:34,07/09:53,0:39:00,PNK,CGK,6,28,1,1,NML,1,2025
824,A320,PKGQF,CTV,CTV485,CTV486,07/08:43,07/08:50,07/09:25,07/09:49,0:35:00,BDJ,BDJ,7,28,1,1,NML,1,2025
825,A320,PKSAA,SJV,SJV703,SJV702,07/08:18,07/08:22,07/09:25,07/09:48,1:03:00,DPS,DPS,15,28,1,1,NML,1,2025
826,A320,9VTRW,TGW,TGW264,TGW265,07/09:02,07/09:05,07/10:20,07/10:33,1:14:33,SIN,SIN,A03,10,1,1,NML,1,2025
827,GLF4,PKBON,CEO,CEO54,CEO54,06/15:20,06/15:26,07/10:04,07/10:10,18:38:26,SOQ,HLP,2,10,0,0,NML,1,2025
828,B738,9MMXT,MAS,MAS871,MAS870,07/08:59,07/09:02,07/09:56,07/10:09,0:53:48,KUL,KUL,A07,10,1,1,NML,1,2025
829,B38M,9MLRP,MXD,MXD350,MXD351,07/09:26,07/09:30,07/10:19,07/10:32,0:49:00,KUL,KUL,A04,10,1,1,NML,1,2025
830,A320,PKGLU,CTV,CTV351,CTV350,07/09:14,07/09:20,07/10:08,07/10:19,0:48:00,UPG,UPG,8,10,1,1,NML,1,2025
831,A359,9VSHF,SIA,SIA922,SIA923,07/09:07,07/09:11,07/10:12,07/10:27,1:01:00,SIN,SIN,A08,10,1,1,NML,1,2025
832,A320,PKLUU,BTK,BTK6584,BTK6585,07/09:55,07/10:00,07/10:50,07/11:04,0:49:26,CGK,CGK,9,10,1,1,NML,1,2025
833,A320,PKSAG,SJV,SJV635,SJV632,07/09:22,07/09:28,07/10:18,07/10:30,0:50:00,BDJ,BDJ,10,10,1,1,NML,1,2025
834,B739,PKLGM,LNI,LNI791,LNI706,07/09:31,07/09:36,07/10:44,07/11:00,1:08:00,UPG,UPG,11,10,1,1,NML,1,2025
835,B739,PKLFK,LNI,LNI857,LNI262,06/16:28,06/16:34,07/10:44,07/10:54,18:10:00,PLM,BPN,22,10,0,0,NML,1,2025
836,A320,PKPWA,PAS,PAS210,PAS211,07/09:38,07/09:44,07/10:29,07/10:41,0:45:00,CGK,CGK,5,10,1,1,NML,1,2025
837,B739,PKLSP,LNI,LNI970,LNI973,07/09:44,07/09:48,07/10:41,07/10:47,0:53:00,BTH,BTH,16,10,1,1,NML,1,2025
838,A320,PKBKT,BTK,BTK6134,BTK6346,07/09:51,07/09:56,07/10:55,07/11:10,0:59:00,PKN,BEJ,12,10,1,1,NML,1,2025
839,B739,PKLSU,LNI,LNI645,LNI822,07/10:08,07/10:13,07/10:54,07/11:12,0:41:00,LOP,LOP,14,10,1,1,NML,1,2025
840,B739,PKLSY,LNI,LNI694,LNI694,07/10:19,07/10:22,07/11:14,07/11:24,0:52:00,CGK,KOE,15A,10,0,0,NML,1,2025
841,A320,PKAZE,AWQ,AWQ321,AWQ322,07/10:52,07/10:57,07/11:31,07/11:42,0:34:00,KUL,KUL,A01,10,1,1,NML,1,2025
842,B739,PKLHR,LNI,LNI787,LNI697,07/13:33,07/13:36,07/14:25,07/14:42,0:49:00,UPG,CGK,16,10,1,1,NML,1,2025
843,B738,PKGMW,GIA,GIA322,GIA327,07/10:05,07/10:09,07/11:32,07/11:45,1:23:00,CGK,CGK,4,10,1,1,NML,1,2025
844,A320,PKLAZ,BTK,BTK7517,BTK7520,07/11:05,07/11:10,07/11:55,07/12:04,0:45:57,HLP,HLP,10,10,1,1,NML,1,2025
845,A320,PKSJZ,SJV,SJV363,SJV362,07/10:56,07/11:00,07/12:06,07/12:14,1:06:12,KNO,KNO,17,10,1,1,NML,1,2025
846,B739,PKLHP,LNI,LNI805,LNI804,07/11:16,07/11:19,07/12:06,07/12:21,0:47:16,DPS,DPS,12,10,1,1,NML,1,2025
847,DHC6,PKICP,PGT,PKICP,PKICP,07/11:05,07/11:09,07/12:05,07/12:16,0:56:39,PAG,PAG,28,10,0,0,NML,1,2025
848,A320,PKGQA,CTV,CTV461,CTV698,07/11:25,07/11:28,07/12:17,07/12:31,0:49:47,AAP,DPS,5,10,1,1,NML,1,2025
849,A320,PKSTG,SJV,SJV567,SJV636,07/11:21,07/11:23,07/12:19,07/12:35,0:56:23,PLW,BDJ,11,10,1,1,NML,1,2025
850,B739,PKLSZ,LNI,LNI363,LNI780,07/06:20,07/06:25,07/12:31,07/12:40,6:06:00,BPN,UPG,18,10,0,0,NML,1,2025
851,B738,PKLQY,LNI,LNI879,LNI680,07/11:01,07/11:06,07/12:43,07/12:54,1:36:47,AMQ,PKY,20,10,0,0,NML,1,2025
852,C680,N977JH,SEA,N977JH,N977JH,06/17:14,06/17:19,07/16:47,07/17:00,23:28:00,HLP,HLP,1,10,0,0,NML,1,2025
853,A320,PKBKM,BTK,BTK6596,BTK6595,07/12:33,07/12:36,07/13:47,07/13:58,1:11:00,CGK,CGK,9,10,1,1,NML,1,2025
854,B738,PKLJS,LNI,LNI869,LNI722,07/12:18,07/12:22,07/13:33,07/13:45,1:11:00,TTE,KDI,14,10,1,1,NML,1,2025
855,A320,PKAZG,AWQ,AWQ387,AWQ324,07/12:37,07/12:43,07/13:17,07/13:32,0:34:00,PEN,KUL,A01,10,1,1,NML,1,2025
856,A320,PKGQF,CTV,CTV487,CTV668,07/12:29,07/12:32,07/14:05,07/14:16,1:33:00,BDJ,DPS,6,10,1,1,NML,1,2025
857,B738,PKGNA,GIA,GIA312,GIA317,07/12:24,07/12:28,07/13:32,07/13:43,1:04:00,CGK,CGK,4,10,1,1,NML,1,2025
858,A320,9VJSQ,JSA,JSA247,JSA248,07/13:26,07/13:31,07/14:19,07/14:32,0:48:00,SIN,SIN,A07,10,1,1,NML,1,2025
859,A320,PKGQU,CTV,CTV716,CTV717,07/13:30,07/13:33,07/14:09,07/14:20,0:36:00,CGK,CGK,7,10,1,1,NML,1,2025
860,B738,PKLKP,LNI,LNI837,LNI836,07/08:05,07/08:10,07/14:22,07/14:38,6:11:23,PNK,PNK,25,10,0,0,NML,1,2025
861,A320,PKSAG,SJV,SJV633,SJV726,07/13:36,07/13:40,07/14:18,07/14:29,0:38:00,BDJ,LBJ,15,10,1,1,NML,1,2025
862,ATR42,PKYRE,TGN,TGN1013,TGN1013,07/09:18,07/09:23,07/14:41,07/14:48,5:18:00,HLP,HLP,3,10,0,0,NML,1,2025
863,E135,T7JCI,AFS,T7JCI,T7JCI,07/13:48,07/13:51,07/14:25,07/14:38,0:34:00,CGK,CGK,A09,10,0,0,NML,1,2025
864,A320,PKGQL,CTV,CTV431,CTV948,07/13:54,07/13:57,07/14:40,07/14:51,0:43:00,BPN,BTH,9,10,1,1,NML,1,2025
865,B739,PKLSU,LNI,LNI823,LNI260,07/13:43,07/13:49,07/14:47,07/14:58,0:58:00,LOP,BPN,10,10,1,1,NML,1,2025
866,A320,PKBKQ,BTK,BTK7515,BTK7514,07/13:47,07/13:52,07/14:54,07/15:05,1:02:00,HLP,HLP,8,10,1,1,NML,1,2025
867,B739,PKLFK,LNI,LNI261,LNI642,07/14:09,07/14:12,07/15:06,07/15:16,0:54:00,BPN,LOP,14,10,1,1,NML,1,2025
868,A320,PKPWK,PAS,PAS208,PAS209,07/13:59,07/14:02,07/14:55,07/15:07,0:53:00,CGK,CGK,5,10,1,1,NML,1,2025
869,A320,PKLAO,BTK,BTK6406,BTK6220,07/14:34,07/14:38,07/15:23,07/15:37,0:45:00,CGK,BPN,11,10,1,1,NML,1,2025
870,B738,PKGNE,GIA,GIA330,GIA331,07/14:19,07/14:22,07/15:25,07/15:41,1:03:00,HLP,HLP,4,10,1,1,NML,1,2025
871,A320,PKSJD,SJV,SJV611,SJV614,07/14:23,07/14:27,07/15:26,07/15:39,0:59:00,BPN,BPN,12,10,1,1,NML,1,2025
872,A320,PKGQA,CTV,CTV699,CTV434,07/14:54,07/14:59,07/15:39,07/15:51,0:40:00,DPS,BPN,7,10,1,1,NML,1,2025
873,B738,PKLOH,LNI,LNI839,LNI581,07/13:23,07/13:26,07/16:12,07/16:22,2:46:00,PNK,CGK,18,10,0,0,NML,1,2025
874,A320,PKBKT,BTK,BTK6347,BTK6401,07/15:33,07/15:36,07/16:31,07/16:40,0:55:00,BEJ,CGK,9,10,1,1,NML,1,2025
875,B738,PKLOP,LNI,LNI749,LNI316,07/15:14,07/15:19,07/16:21,07/16:32,1:02:00,MDC,BDJ,15,10,1,1,NML,1,2025
876,B738,PKGMD,GIA,GIA310,GIA315,07/15:18,07/15:22,07/16:31,07/16:44,1:09:00,CGK,CGK,5,10,1,1,NML,1,2025
877,B738MAX,9VMBP,SIA,SIA926,SIA927,07/15:29,07/15:34,07/16:24,07/16:35,0:50:00,SIN,SIN,A08,10,1,1,NML,1,2025
878,A320,PKGLW,CTV,CTV174,CTV418,07/15:46,07/15:49,07/16:37,07/16:53,0:48:00,HLP,PNK,8,10,1,1,NML,1,2025
879,B738MAX,PKOFI,AFE,AFE920,AFE920,07/15:54,07/15:57,07/16:36,07/16:49,0:39:00,TIM,CGK,6,10,1,1,NML,1,2025
880,B739,PKLGW,LNI,LNI983,LNI268,07/13:39,07/13:42,07/16:43,07/16:56,3:01:00,PKU,TRK,21,10,0,0,NML,1,2025
881,B739,PKLGV,LNI,LNI692,LNI692,07/15:49,07/15:53,07/16:46,07/16:59,0:53:00,CGK,KOE,14,10,1,1,NML,1,2025
882,A320,PKPWG,PAS,PAS206,PAS623,07/16:06,07/16:09,07/16:48,07/17:02,0:39:00,CGK,BPN,4,10,1,1,NML,1,2025
883,B739,PKLHJ,LNI,LNI972,LNI226,07/16:28,07/16:31,07/17:15,07/17:24,0:44:00,BTH,BDJ,16,28,1,1,NML,1,2025
884,A320,PKBKO,BTK,BTK6578,BTK7579,07/17:32,07/17:38,07/18:21,07/18:29,0:43:00,CGK,CGK,9,28,1,1,NML,1,2025
885,A320,PKAZE,AWQ,AWQ323,AWQ326,07/17:44,07/17:48,07/18:22,07/18:36,0:34:00,KUL,KUL,A01,28,1,1,NML,1,2025
886,B738,PKLQY,LNI,LNI681,LNI838,07/15:56,07/15:59,07/17:21,07/17:30,1:22:00,PKY,PNK,17B,28,0,0,NML,1,2025
887,A320,PKSJL,SJV,SJV619,SJV708,07/16:02,07/16:07,07/19:20,07/19:31,3:13:00,BPN,DPS,12,28,1,1,NML,1,2025
888,A320,PKPWA,PAS,PAS622,PAS207,07/17:15,07/17:21,07/18:10,07/18:19,0:49:00,BPN,CGK,6,28,1,1,NML,1,2025
889,B738,PKGUE,GIA,GIA320,GIA325,07/17:27,07/17:34,07/18:31,07/18:39,0:57:00,CGK,CGK,4,28,1,1,NML,1,2025
890,B738,9VMGK,SIA,SIA928,SIA929,07/18:23,07/18:27,07/19:12,07/19:27,0:45:00,SIN,SIN,A07,28,1,1,NML,1,2025
891,C680,N45AY,RJP,N45AY,N45AY,07/09:35,07/09:38,07/18:41,07/18:52,9:02:19,HLP,HLP,A10,28,0,0,NML,1,2025
892,B738,PKCRH,SJY,SJY567,SJY562,07/17:47,07/17:52,07/19:55,07/20:08,2:03:00,UPG,UPG,11,28,1,1,NML,1,2025
893,A320,PKGQO,CTV,CTV172,CTV173,07/18:05,07/18:11,07/18:59,07/19:08,0:48:00,HLP,HLP,8,28,1,1,NML,1,2025
894,B738,PKBGZ,BTK,BTK6576,BTK6575,07/20:48,07/20:54,07/21:39,07/21:48,0:45:17,CGK,CGK,10,28,1,1,NML,1,2025
895,A320,PKGLT,CTV,CTV949,CTV494,07/18:53,07/19:02,07/19:43,07/19:53,0:41:00,BTH,BDJ,7,28,1,1,NML,1,2025
896,B788,9VOFN,TGW,TGW262,TGW263,07/18:33,07/18:37,07/19:37,07/19:57,1:00:00,SIN,SIN,A06,28,1,1,NML,1,2025
897,B739,PKLSY,LNI,LNI695,LNI880,07/15:59,07/16:03,07/19:47,07/20:05,3:44:00,KOE,UPG,17A,28,0,0,NML,1,2025
898,A320,PKPWK,PAS,PAS202,PAS203,07/18:42,07/18:49,07/19:44,07/20:00,0:55:00,CGK,CGK,4,28,1,1,NML,1,2025
899,A320,PKSJD,SJV,SJV617,SJV616,07/18:57,07/19:03,07/20:03,07/20:16,1:00:00,BPN,BPN,14,28,1,1,NML,1,2025
900,B738,PKGMX,GIA,GIA349,GIA313,07/17:53,07/17:59,07/19:56,07/20:10,1:57:00,DPS,CGK,5,28,1,1,NML,1,2025
901,A320,PKGLP,CTV,CTV669,CTV662,07/16:24,07/16:28,07/20:08,07/20:18,3:40:00,DPS,DPS,3,28,0,0,NML,1,2025
902,A320,PKGQT,CTV,CTV736,CTV352,07/19:16,07/19:24,07/20:09,07/20:20,0:45:00,CGK,UPG,6,28,1,1,NML,1,2025
903,A320,PKGQM,CTV,CTV489,CTV719,07/19:55,07/20:02,07/20:36,07/20:47,0:34:00,BDJ,CGK,7,28,1,1,NML,1,2025
904,A320,PKGQA,CTV,CTV435,CTV694,07/19:05,07/19:14,07/20:35,07/20:43,1:21:32,BPN,DPS,8,28,1,1,NML,1,2025
905,A320,PKGLG,CTV,CTV722,CTV354,07/20:59,07/21:05,07/21:42,07/21:52,0:37:00,CGK,UPG,7,28,1,1,NML,1,2025
906,A320,PKLAW,BTK,BTK6137,BTK6136,07/19:48,07/19:55,07/22:01,07/22:10,2:06:00,UPG,UPG,9,28,1,1,NML,1,2025
907,A320,PKGQH,CTV,CTV726,CTV430,07/20:53,07/21:00,08/04:55,08/05:03,7:55:00,CGK,BPN,6,28,1,1,NML,1,2025
908,B738,PKLQZ,LNI,LNI709,LNI878,07/16:10,07/16:14,08/05:22,08/05:30,13:08:41,UPG,AMQ,C03,28,0,0,NML,1,2025
909,A320,PKAZG,AWQ,AWQ325,AWQ320,07/19:25,07/19:29,08/05:01,08/05:12,9:32:00,KUL,KUL,A01,28,1,1,NML,1,2025
910,B739,PKLFK,LNI,LNI865,LNI786,07/17:57,07/18:03,08/05:20,08/05:32,11:17:30,LOP,UPG,15B,28,0,0,NML,1,2025
911,A320,PKLAO,BTK,BTK6221,BTK7508,07/18:50,07/18:55,08/05:20,08/05:34,10:25:00,BPN,HLP,16,28,1,1,NML,1,2025
912,A320,PKSJL,SJV,SJV727,SJV610,07/22:07,07/22:12,08/05:14,08/05:25,7:02:00,DPS,BPN,14,28,1,1,NML,1,2025
913,B739,PKLGO,LNI,LNI690,LNI690,08/05:16,08/05:22,08/06:07,08/06:16,0:45:00,CGK,KOE,9,28,1,1,NML,1,2025
914,A320,PKPWH,PAS,PAS212,PAS213,07/20:41,07/20:47,08/05:28,08/05:37,8:41:00,CGK,CGK,5,28,1,1,NML,1,2025
915,A320,PKGLP,CTV,CTV695,CTV725,07/22:39,07/22:45,08/05:36,08/05:43,6:51:00,DPS,CGK,8,28,1,1,NML,1,2025
916,A320,PKGQT,CTV,CTV353,CTV670,08/05:01,08/05:08,08/05:46,08/05:53,0:37:20,UPG,LOP,7,28,1,1,NML,1,2025
917,A320,PKSTG,SJV,SJV637,SJV706,07/15:22,07/15:25,08/05:57,08/06:09,14:32:00,BDJ,DPS,25,28,0,0,NML,1,2025
918,A320,PKBKY,BTK,BTK7521,BTK6589,07/20:12,07/20:17,08/05:54,08/06:03,9:37:18,HLP,CGK,12,28,1,1,NML,1,2025
919,A320,PKSAK,SJV,SJV643,SJV640,07/17:50,07/17:56,08/06:03,08/06:11,12:07:00,AAP,AAP,21,28,0,0,NML,1,2025
920,B738,PKLJS,LNI,LNI727,LNI868,07/17:36,07/17:41,08/06:04,08/06:13,12:23:00,KDI,TTE,18,28,0,0,NML,1,2025
921,B739,PKLFF,LNI,LNI697,LNI882,07/10:49,07/12:18,08/06:27,08/06:27,19:34:00,KOE,UPG,26,28,0,0,NML,1,2025
922,B739,PKLGM,LNI,LNI707,LNI266,07/14:27,07/14:30,08/06:22,08/06:30,15:52:00,UPG,BPN,22,28,0,0,NML,1,2025
923,A320,PKLUQ,BTK,BTK6588,BTK6412,07/21:16,08/01:47,08/06:18,08/06:25,8:55:00,CGK,DPS,11,28,1,0,NML,1,2025
924,A320,PKSAH,SJV,SJV615,SJV634,07/20:33,07/20:40,08/06:30,08/06:39,9:50:00,BPN,BDJ,17A,28,0,0,NML,1,2025
925,A322,PKSAG,SJV,SJV725,SJV566,07/17:40,07/17:46,08/06:55,08/07:01,13:09:00,LBJ,PLW,17B,28,0,0,NML,1,2025
926,A320,PKSAA,SJV,SJV723,SJV612,07/18:21,07/18:28,08/07:05,08/07:21,12:37:00,DPS,BPN,15A,28,0,0,NML,1,2025
927,DHC6,PKICP,PGT,PKICP,PKICP,07/15:36,07/15:38,08/06:48,08/06:52,15:10:00,PAG,PAG,28,28,0,0,NML,1,2025
928,B739,PKLHJ,LNI,LNI311,LNI971,08/05:58,08/06:04,08/07:01,08/07:10,0:57:00,BDJ,BTH,14,28,1,1,NML,1,2025
929,A320,PKLAF,BTK,BTK6413,BTK6135,07/19:51,07/19:56,08/07:11,08/07:25,11:15:00,DPS,PKN,C04,28,0,0,NML,1,2025
930,B738,PKGFU,GIA,GIA328,GIA854,07/20:02,07/20:30,08/07:07,08/07:27,10:58:00,CGK,SIN,A02,28,1,1,NML,1,2025
931,B738,PKGFR,GIA,GIA855,GIA305,07/20:45,07/22:40,08/07:04,08/07:15,10:15:00,SIN,CGK,4,28,1,1,NML,1,2025
932,B739,PKLSU,LNI,LNI363,LNI646,08/06:20,08/06:27,08/07:13,08/07:29,0:46:00,BPN,LOP,16,28,1,1,NML,1,2025
933,A320,PKLAZ,BTK,BTK7511,BTK7510,08/06:36,08/06:42,08/07:23,08/07:32,0:41:00,HLP,HLP,11,28,1,1,NML,1,2025
934,A320,PKAZE,AWQ,AWQ327,AWQ392,08/00:11,08/00:14,08/07:35,08/07:54,7:21:00,KUL,JHB,A03,28,1,1,NML,1,2025
935,A320,PKGQA,CTV,CTV661,CTV460,08/06:45,08/06:52,08/07:37,08/07:46,0:45:00,DPS,AAP,7,28,1,1,NML,1,2025
936,B739,PKLGV,LNI,LNI693,LNI693,08/07:01,08/07:05,08/08:00,08/08:09,0:55:00,KOE,CGK,9,28,1,1,NML,1,2025
937,BK17,PKFGS,SAG,PKFGS,PKFGS,08/07:13,08/07:14,08/07:56,08/08:03,0:42:00,ZKD,JBB,1,28,0,0,NML,1,2025
938,A333,BLBH,CPA,CPA779,CPA780,07/18:45,07/18:49,08/08:18,08/08:34,13:29:00,HKG,HKG,A08,28,1,1,NML,1,2025
939,B739,PKLGW,LNI,LNI267,LNI990,08/07:18,08/07:23,08/08:19,08/08:30,0:56:00,TRK,DPS,12,28,1,1,NML,1,2025
940,A320,PKBKM,BTK,BTK6572,BTK6573,08/08:16,08/08:23,08/09:22,08/09:33,0:59:00,CGK,CGK,8,28,1,1,NML,1,2025
941,B735,PKNAT,LKN,LKN170,LKN170,08/07:52,08/07:58,08/09:00,08/09:13,1:02:00,CGK,SMQ,14,28,1,1,NML,1,2025
942,B735,PKNAT,LKN,LKN243,LKN242,08/11:46,08/11:53,08/12:33,08/12:43,0:40:00,SMQ,SMQ,11,28,1,1,NML,1,2025
943,B738,PKLZZ,MXD,MXD352,MXD353,07/20:07,07/20:11,08/09:18,08/09:32,13:07:00,KUL,KUL,A04,28,1,1,NML,1,2025
944,B739,PKLSH,LNI,LNI919,LNI856,07/15:02,07/15:07,08/08:57,08/09:07,17:50:00,DPS,PLM,20,28,0,0,NML,1,2025
945,B738,PKLQY,LNI,LNI837,LNI222,08/08:02,08/08:08,08/09:03,08/09:17,0:55:00,PNK,BDJ,11,28,1,1,NML,1,2025
946,B738,PKLOP,LNI,LNI315,LNI748,08/07:48,08/07:54,08/09:05,08/09:21,1:11:00,BDJ,MDC,15,28,1,1,NML,1,2025
947,B739,PKLHS,LNI,LNI683,LNI682,08/08:13,08/08:18,08/09:05,08/09:28,0:47:00,PKY,PKY,9,28,1,1,NML,1,2025
948,B738,PKGFG,GIA,GIA304,GIA342,08/08:24,08/08:30,08/09:24,08/09:39,0:54:00,CGK,DPS,4,28,1,1,NML,1,2025
949,A320,PKPWK,PAS,PAS200,PAS201,08/08:32,08/08:38,08/09:20,08/09:30,0:42:00,CGK,CGK,5,28,1,1,NML,1,2025
950,A320,PKGQQ,CTV,CTV417,CTV715,08/08:38,08/08:45,08/09:29,08/09:45,0:44:00,PNK,CGK,7,28,1,1,NML,1,2025
951,A320,PKGQT,CTV,CTV671,CTV486,08/08:19,08/08:26,08/09:28,08/09:41,1:02:00,LOP,BDJ,6,28,1,1,NML,1,2025
952,A320,PKSTG,SJV,SJV703,SJV702,08/08:28,08/08:34,08/09:30,08/09:43,0:56:00,DPS,DPS,16,28,1,1,NML,1,2025
953,A320,9VTRL,TGW,TGW264,TGW265,08/09:19,08/09:26,08/10:23,08/10:35,0:57:00,SIN,SIN,A02,28,1,1,NML,1,2025
954,A320,PKSJL,SJV,SJV649,SJV618,08/08:59,08/09:05,08/09:50,08/10:00,0:45:00,BPN,BPN,17,28,1,1,NML,1,2025
955,B733F,PKMYV,MYU,MYU935,MYU815,08/09:11,08/09:15,08/09:58,08/10:12,0:43:00,SRG,CGK,C02,28,0,0,NML,1,2025
956,B738,9MMXI,MAS,MAS871,MAS870,08/09:05,08/09:08,08/09:50,08/10:04,0:42:00,KUL,KUL,A06,28,1,1,NML,1,2025
957,B738,9MLDK,MXD,MXD350,MXD351,08/08:53,08/08:57,08/09:57,08/10:12,1:00:00,KUL,KUL,A03,28,1,1,NML,1,2025
958,A320,PKGQG,CTV,CTV351,CTV350,08/09:15,08/09:20,08/10:09,08/10:24,0:49:00,UPG,UPG,9,28,1,1,NML,1,2025
959,A359,9VSHC,SIA,SIA922,SIA923,08/09:23,08/09:26,08/10:22,08/10:38,0:56:00,SIN,SIN,A08,28,1,1,NML,1,2025
960,A320,PKBLA,BTK,BTK6584,BTK6585,08/10:33,08/10:38,08/11:41,08/11:52,1:03:00,CGK,CGK,8,28,1,1,NML,1,2025
961,A320,PKGQF,CTV,CTV355,CTV177,08/10:55,08/11:01,08/11:36,08/11:48,0:35:00,UPG,HLP,7,28,1,1,NML,1,2025
962,B739,PKLSR,LNI,LNI970,LNI706,08/10:02,08/10:07,08/11:00,08/11:08,0:53:00,BTH,UPG,18,28,0,0,NML,1,2025
963,A320,PKPWH,PAS,PAS210,PAS211,08/09:37,08/09:42,08/10:28,08/10:42,0:46:00,CGK,CGK,5,28,1,1,NML,1,2025
964,B739,PKLGU,LNI,LNI791,LNI973,08/10:22,08/10:28,08/11:34,08/11:42,1:06:00,UPG,BTH,15,28,1,1,NML,1,2025
965,A320,PKBKP,BTK,BTK7513,BTK7516,08/10:36,08/10:41,08/11:23,08/11:31,0:42:00,HLP,HLP,11,28,1,1,NML,1,2025
966,A320,PKLAF,BTK,BTK6134,BTK6346,08/10:27,08/10:33,08/11:21,08/11:29,0:48:00,PKN,BEJ,14,28,1,1,NML,1,2025
967,A320,PKSAK,SJV,SJV641,SJV642,08/09:54,08/09:59,08/11:00,08/11:07,1:01:00,AAP,AAP,12,28,1,1,NML,1,2025
968,B739,PKLSU,LNI,LNI645,LNI822,08/10:17,08/10:21,08/11:09,08/11:22,0:48:00,LOP,LOP,16,28,1,1,NML,1,2025
"969,B739,PKLHM,LNI,LNI990A,LNI694,06/08:25,06/09:31,08/11:47,08/11:56,""2 days, 3:14:00"",SUB,KOE,24,28,0,1,NML,1,2025"
970,A320,PKAZG,AWQ,AWQ321,AWQ322,08/10:52,08/10:55,08/11:31,08/11:41,0:36:00,KUL,KUL,A01,28,1,1,NML,1,2025
971,B739,PKLGO,LNI,LNI697,LNI697,08/10:47,08/10:54,08/11:43,08/11:53,0:49:00,KOE,CGK,17,28,1,1,NML,1,2025
972,B738,PKGMM,GIA,GIA322,GIA327,08/10:40,08/10:45,08/11:43,08/11:55,0:58:00,CGK,CGK,4,28,1,1,NML,1,2025
973,DHC6,PKICP,PGT,PKICP,PKICP,08/10:19,08/10:22,08/12:10,08/12:18,1:48:00,PAG,PAG,28,28,0,0,NML,1,2025
974,B739,PKLGW,LNI,LNI805,LNI804,08/11:15,08/11:20,08/12:15,08/12:25,0:55:00,DPS,DPS,12,28,1,1,NML,1,2025
975,A339,PKLEV,LNI,LNI075,LNI104,07/14:30,07/14:37,08/12:08,08/12:27,21:31:00,JED,JED,A05,28,1,1,NML,1,2025
976,A320,PKGQA,CTV,CTV461,CTV698,08/11:19,08/11:25,08/12:11,08/12:24,0:46:00,AAP,DPS,6,28,1,1,NML,1,2025
977,B739,PKLHO,LNI,LNI801,LNI780,08/11:36,08/11:43,08/12:33,08/12:41,0:50:00,UPG,UPG,9,28,1,1,NML,1,2025
978,A320,PKSAG,SJV,SJV567,SJV636,08/11:26,08/11:32,08/12:26,08/12:34,0:54:00,PLW,BDJ,14,28,1,1,NML,1,2025
979,BK17,PKFGS,SAG,PKFGS,PKFGS,08/13:34,08/13:36,08/15:00,08/15:03,1:24:00,JBB,ZWR,1,28,0,0,NML,1,2025
980,B738,PKLQY,LNI,LNI223,LNI680,08/12:02,08/12:07,08/13:16,08/13:27,1:09:00,BDJ,PKY,16,28,1,1,NML,1,2025
981,A320,PKBKM,BTK,BTK6596,BTK6595,08/13:03,08/13:09,08/14:04,08/14:14,0:55:00,CGK,CGK,9,28,1,1,NML,1,2025
982,A320,PKAZE,AWQ,AWQ393,AWQ324,08/12:57,08/12:59,08/13:31,08/13:44,0:32:00,JHB,KUL,A01,28,1,1,NML,1,2025
983,A320,PKPWJ,PAS,PAS204,PAS205,08/12:21,08/12:27,08/13:15,08/13:25,0:48:15,CGK,CGK,5,28,1,1,NML,1,2025
984,B738,PKLJS,LNI,LNI869,LNI722,08/12:17,08/12:23,08/13:23,08/13:34,1:00:46,TTE,KDI,12,28,1,1,NML,1,2025
985,A320,PKGQT,CTV,CTV487,CTV668,08/12:14,08/12:21,08/13:17,08/13:29,0:56:00,BDJ,DPS,7,28,1,1,NML,1,2025
986,B738,PKGMU,GIA,GIA312,GIA317,08/12:37,08/12:43,08/13:50,08/14:01,1:07:00,CGK,CGK,4,28,1,1,NML,1,2025
987,A320,PKSAY,SJV,SJV635,SJV726,08/09:57,08/10:02,08/14:02,08/14:12,4:00:00,BDJ,LBJ,21,28,0,0,NML,1,2025
988,B738,PKLKP,LNI,LNI839,LNI836,08/13:00,08/13:05,08/14:06,08/14:16,1:00:05,PNK,PNK,15,28,1,1,NML,1,2025
989,A320,PKGQQ,CTV,CTV716,CTV717,08/13:43,08/13:48,08/14:28,08/14:35,0:40:00,CGK,CGK,6,28,1,1,NML,1,2025
990,A320,9VJSI,JSA,JSA247,JSA248,08/13:31,08/13:35,08/14:29,08/14:41,0:54:00,SIN,SIN,A06,28,1,1,NML,1,2025
991,A320,PKGQH,CTV,CTV431,CTV948,08/13:39,08/13:45,08/14:30,08/14:38,0:45:00,BPN,BTH,7,28,1,1,NML,1,2025
992,B739,PKLGM,LNI,LNI367,LNI260,08/10:07,08/10:13,08/14:38,08/14:47,4:25:00,BPN,BPN,20,28,0,0,NML,1,2025
993,A320,PKLUG,BTK,BTK7515,BTK7514,08/13:59,08/14:05,08/14:55,08/15:08,0:49:21,HLP,HLP,8,28,1,1,NML,1,2025
994,A320,PKPWE,PAS,PAS208,PAS209,08/14:10,08/14:16,08/15:00,08/15:12,0:44:38,CGK,CGK,5,28,1,1,NML,1,2025
995,B739,PKLFK,LNI,LNI787,LNI642,08/15:21,08/15:27,08/16:22,08/16:31,0:55:38,UPG,LOP,14,28,1,1,NML,1,2025
996,B738,PKGFQ,GIA,GIA330,GIA331,08/14:32,08/14:39,08/15:29,08/15:38,0:49:56,HLP,HLP,7,28,1,1,NML,1,2025
997,A320,PKGQA,CTV,CTV699,CTV434,08/14:52,08/14:58,08/15:36,08/15:47,0:38:00,DPS,BPN,6,28,1,1,NML,1,2025
998,B738,PKLQZ,LNI,LNI879,LNI581,08/14:56,08/15:02,08/16:19,08/16:28,1:17:00,AMQ,CGK,12,28,1,1,NML,1,2025
999,B738,9MMXE,MAS,MAS873,MAS872,08/15:31,08/15:34,08/16:20,08/16:30,0:46:00,KUL,KUL,A06,28,1,1,NML,1,2025
1000,A320,PKLAF,BTK,BTK6347,BTK6220,08/15:42,08/15:46,08/16:34,08/16:44,0:47:13,BEJ,BPN,15,28,1,1,NML,1,2025
1001,B738,PKLOP,LNI,LNI749,LNI316,08/15:05,08/15:10,08/16:14,08/16:22,1:04:00,MDC,BDJ,11,28,1,1,NML,1,2025
1002,B738MAX,9VMBA,SIA,SIA926,SIA927,08/15:49,08/15:52,08/16:43,08/16:57,0:51:00,SIN,SIN,A08,28,1,1,NML,1,2025
1003,A320,PKGQO,CTV,CTV174,CTV418,08/15:45,08/15:51,08/16:30,08/16:36,0:39:00,HLP,PNK,7,28,1,1,NML,1,2025
1004,B739,PKLSH,LNI,LNI857,LNI268,08/13:35,08/13:40,08/16:57,08/17:07,3:16:31,PLM,TRK,18,28,0,0,NML,1,2025
1005,B739,PKLGO,LNI,LNI692,LNI692,08/16:26,08/16:33,08/17:15,08/17:25,0:42:00,CGK,KOE,16,28,1,1,NML,1,2025
1006,A320,PKPWG,PAS,PAS206,PAS623,08/16:01,08/16:06,08/16:51,08/16:59,0:45:00,CGK,BPN,5,28,1,1,NML,1,2025
1007,A320,PKGLM,CTV,CTV669,CTV488,08/16:23,08/16:30,08/17:02,08/17:18,0:32:00,DPS,BDJ,6,28,1,1,NML,1,2025
1008,B739,PKLSU,LNI,LNI823,LNI226,08/13:55,08/14:00,08/17:56,08/18:06,3:56:09,LOP,BDJ,22,28,0,0,NML,1,2025
1009,A320,PKBKO,BTK,BTK6578,BTK7579,08/17:00,08/17:06,08/18:09,08/18:18,1:03:00,CGK,CGK,9,28,0,0,NML,1,2025
1010,A320,PKAZG,AWQ,AWQ323,AWQ326,08/17:03,08/17:06,08/17:40,08/17:51,0:34:00,KUL,KUL,A01,28,1,1,NML,1,2025
1011,B738,PKLQY,LNI,LNI681,LNI838,08/16:19,08/16:25,08/17:27,08/17:42,1:02:00,PKY,PNK,12,28,1,1,NML,1,2025
1012,A320,PKSJQ,SJV,SJV723,SJV708,08/17:12,08/17:18,08/18:09,08/18:17,0:51:00,DPS,DPS,11,28,1,1,NML,1,2025
1013,A320,PKPWH,PAS,PAS622,PAS207,08/17:28,08/17:34,08/18:19,08/18:24,0:45:00,BPN,CGK,5,28,1,1,NML,1,2025
1014,A320,PKSAY,SJV,SJV725,SJV716,08/17:36,08/17:42,08/18:38,08/18:48,0:55:18,LBJ,LOP,15A,28,0,0,NML,1,2025
1015,B738,PKCRH,SJY,SJY567,SJY562,08/17:47,08/17:53,08/18:44,08/18:55,0:51:00,UPG,UPG,14,28,1,1,NML,1,2025
1016,B738MAX,9VMBP,SIA,SIA928,SIA929,08/17:42,08/17:46,08/18:36,08/18:48,0:50:00,SIN,SIN,A06,28,1,1,NML,1,2025
1017,A320,PKBKP,BTK,BTK7503,BTK7502,08/18:29,08/18:33,08/19:34,08/19:44,1:01:00,HLP,HLP,8,28,1,1,NML,1,2025
1018,B738,PKGFG,GIA,GIA349,GIA325,08/17:58,08/18:08,08/19:04,08/19:14,0:56:23,DPS,CGK,4,28,1,1,NML,1,2025
1019,A320,PKLUY,BTK,BTK6576,BTK6575,08/19:37,08/19:43,08/20:29,08/20:39,0:46:00,CGK,CGK,12,28,1,1,NML,1,2025
1020,A320,PKGLL,CTV,CTV949,CTV494,08/18:34,08/18:39,08/19:21,08/19:30,0:42:00,BTH,BDJ,9,28,1,1,NML,1,2025
1021,B738,PKBBF,BBL,BBL763,BBL764,08/18:44,08/18:50,08/19:37,08/19:48,0:47:00,CGK,CGK,6,28,1,1,NML,1,2025
1022,A320,PKGQF,CTV,CTV176,CTV179,08/18:39,08/18:45,08/19:29,08/19:39,0:43:29,HLP,HLP,7,28,1,1,NML,1,2025
1023,B739,PKLFK,LNI,LNI865,LNI880,08/18:52,08/18:57,08/20:50,08/21:00,1:52:00,LOP,UPG,16,28,1,1,NML,1,2025
1024,A320,PKSJC,SJV,SJV611,SJV616,08/14:25,08/14:30,08/20:13,08/20:23,5:43:00,BPN,BPN,26,28,0,0,NML,1,2025
1025,A320,PKGQI,CTV,CTV489,CTV719,08/19:28,08/19:34,08/20:09,08/20:21,0:35:00,BDJ,CGK,9,28,1,1,NML,1,2025
1026,A320,PKGQA,CTV,CTV435,CTV662,08/19:19,08/19:28,08/20:03,08/20:14,0:35:00,BPN,DPS,4,28,1,1,NML,1,2025
1027,A320,PKGLW,CTV,CTV736,CTV352,08/19:32,08/19:41,08/20:20,08/20:29,0:38:59,CGK,UPG,6,28,1,1,NML,1,2025
1028,A320,PKGLM,CTV,CTV495,CTV694,08/19:56,08/20:00,08/20:35,08/20:45,0:34:19,BDJ,DPS,3,28,0,0,NML,1,2025
1029,B738,PKGMA,GIA,GIA326,GIA319,08/19:00,08/19:06,08/20:49,08/20:56,1:43:00,CGK,CGK,5,28,1,1,NML,1,2025
1030,A320,PKGTE,CTV,CTV722,CTV354,08/19:50,08/19:56,08/20:48,08/20:58,0:52:00,CGK,UPG,8,28,1,1,NML,1,2025
1031,A320,PKLUP,BTK,BTK6137,BTK6136,08/19:46,08/19:51,08/21:52,08/22:00,2:01:00,UPG,UPG,11,28,1,1,NML,1,2025
1032,B738,PKLJS,LNI,LNI727,LNI878,08/17:39,08/17:44,09/05:01,09/05:13,11:16:09,KDI,AMQ,18,28,0,0,NML,1,2025
1033,A320,PKSJQ,SJV,SJV727,SJV610,08/21:22,08/21:27,09/04:50,09/05:00,7:23:00,DPS,BPN,12,28,1,1,NML,1,2025
1034,A320,PKLAJ,BTK,BTK6586,BTK7508,08/20:26,08/20:32,09/04:59,09/05:11,8:27:00,CGK,HLP,15A,28,0,0,NML,1,2025
1035,A320,PKGQA,CTV,CTV695,CTV430,08/22:42,08/22:50,09/04:52,09/05:02,6:02:00,DPS,BPN,8,28,1,1,NML,1,2025
1036,A320,PKAZE,AWQ,AWQ325,AWQ320,08/19:22,08/19:26,09/05:01,09/05:15,9:35:00,KUL,KUL,A01,28,1,1,NML,1,2025
1037,B739,PKLHM,LNI,LNI695,LNI786,08/16:41,08/16:45,09/05:04,09/05:17,12:18:10,KOE,UPG,C03,28,0,0,NML,1,2025
1038,A320,PKLAO,BTK,BTK6588,BTK6132,08/21:50,08/21:56,09/05:06,09/05:19,7:10:00,CGK,LOP,16,28,1,1,NML,1,2025
1039,A320,PKGLU,CTV,CTV726,CTV725,08/20:43,08/20:51,09/05:42,09/05:51,8:51:00,CGK,CGK,9,28,1,1,NML,1,2025
1040,B738,PKLSF,LNI,LNI690,LNI690,09/05:02,09/05:07,09/05:49,09/05:56,0:42:00,CGK,KOE,11,28,1,1,NML,1,2025
1041,A320,PKPWC,PAS,PAS212,PAS213,08/20:36,08/20:42,09/05:31,09/05:39,8:49:00,CGK,CGK,6,28,1,1,NML,1,2025
1042,A320,V8RBC,RBA,RBA795,RBA796,08/20:12,08/20:15,09/05:53,09/06:05,9:38:00,BWN,BWN,A06,28,1,1,NML,1,2025
1043,A320,PKGTE,CTV,CTV353,CTV484,09/05:09,09/05:16,09/05:55,09/06:04,0:39:00,UPG,BDJ,7,28,1,1,NML,1,2025
1044,A320,PKSAG,SJV,SJV637,SJV640,08/15:24,08/15:30,09/05:57,09/06:09,14:27:00,BDJ,AAP,C05,28,0,0,NML,1,2025
1045,A320,PKBKF,BTK,BTK7521,BTK6589,08/20:19,08/20:25,09/05:59,09/06:07,9:34:00,HLP,CGK,15B,28,0,0,NML,1,2025
1046,B738,PKLOJ,LNI,LNI709,LNI868,08/15:58,08/16:01,09/06:09,09/06:20,14:07:08,UPG,TTE,C06,28,0,0,NML,1,2025
1047,A320,PKSAA,SJV,SJV619,SJV706,08/16:09,08/16:13,09/06:47,09/06:58,14:33:25,BPN,DPS,C04,28,0,0,NML,1,2025
1048,A320,PKAZG,AWQ,AWQ327,AWQ386,08/23:17,08/23:23,09/06:05,09/06:15,6:42:00,KUL,PEN,A03,28,1,1,NML,1,2025
1049,A320,PKSAY,SJV,SJV717,SJV634,09/05:49,09/05:55,09/06:45,09/06:56,0:50:00,LOP,BDJ,12,28,1,1,NML,1,2025
1050,A320,PKSJL,SJV,SJV649,SJV566,09/07:50,09/07:55,09/08:41,09/08:58,0:45:11,BPN,PLW,12,28,1,1,NML,1,2025
1051,A320,PKLAF,BTK,BTK6221,BTK6135,08/20:08,08/20:13,09/06:56,09/07:08,10:43:00,BPN,PKN,14,28,1,1,NML,1,2025
1052,C208,PKVVO,SUS,PKVVO,PKVVO,08/12:05,08/12:08,09/07:05,09/07:13,18:57:00,BXW,BXW,29,28,0,0,NML,1,2025
1053,A320,PKSTH,SJV,SJV613,SJV612,08/20:00,08/20:05,09/07:04,09/07:17,10:58:44,BPN,BPN,17B,28,0,0,NML,1,2025
1054,B739,PKLHR,LNI,LNI707,LNI971,08/15:13,08/15:19,09/07:04,09/07:13,15:45:00,UPG,BTH,21,28,0,0,NML,1,2025
1055,B738,PKGFM,GIA,GIA328,GIA854,08/20:08,08/22:59,09/06:52,09/07:06,10:43:00,CGK,SIN,A02,28,1,1,NML,1,2025
1056,B738,PKGFU,GIA,GIA855,GIA305,08/20:51,08/23:16,09/07:05,09/07:15,10:10:00,SIN,CGK,4,28,1,1,NML,1,2025
1057,A320,PKGLS,CTV,CTV170,CTV175,09/06:42,09/06:48,09/07:30,09/07:37,0:42:00,HLP,HLP,8,28,1,1,NML,1,2025
1058,A320,PKGLM,CTV,CTV661,CTV460,09/06:51,09/07:00,09/07:38,09/07:52,0:38:00,DPS,AAP,7,28,1,1,NML,1,2025
1059,B739,PKLGO,LNI,LNI693,LNI693,09/06:54,09/07:00,09/07:53,09/08:06,0:53:00,KOE,CGK,9,28,1,1,NML,1,2025
1060,B739,PKLSU,LNI,LNI311,LNI982,09/06:02,09/06:07,09/07:47,09/08:03,1:40:00,BDJ,PKU,10,28,1,1,NML,1,2025
1061,DHC6,PKICP,PGT,PKICP,PKICP,08/15:29,08/15:31,09/07:43,09/07:57,16:11:34,PAG,PAG,28,28,0,0,NML,1,2025
1062,A333,BLAE,CPA,CPA779,CPA780,08/18:03,08/18:09,09/08:05,09/08:17,13:56:00,HKG,HKG,A08,28,1,1,NML,1,2025
1063,B739,PKLSH,LNI,LNI267,LNI990,09/07:27,09/07:33,09/08:20,09/08:30,0:46:32,TRK,DPS,11,28,1,1,NML,1,2025
1064,A320,PKBKM,BTK,BTK6572,BTK6573,09/07:53,09/07:58,09/08:53,09/09:08,0:54:08,CGK,CGK,17B,28,0,0,NML,1,2025
1065,B738,PKLDO,MXD,MXD352,MXD353,08/19:41,08/19:46,09/08:40,09/08:56,12:54:00,KUL,KUL,A04,28,1,1,NML,1,2025
1066,A320,PKGLR,CTV,CTV355,CTV177,09/07:53,09/08:08,09/08:38,09/08:47,0:30:00,UPG,HLP,7,28,1,1,NML,1,2025
1067,A320,PKSAY,SJV,SJV635,SJV618,09/09:46,09/09:54,09/10:45,09/10:58,0:51:00,BDJ,BPN,16,28,1,1,NML,1,2025
"1068,AW139,PKTVN,TVR,PKTVN,PKTVN,01/14:48,01/14:55,09/10:10,09/10:13,""7 days, 19:15:00"",ZZZZ,ZZZZ,H02,28,0,0,NML,1,2025"
1069,A320,PKLAO,BTK,BTK6133,BTK6581,09/07:47,09/07:54,09/08:50,09/09:04,0:55:42,LOP,CGK,8,28,1,1,NML,1,2025
1070,B738,PKLQY,LNI,LNI837,LNI748,09/08:46,09/08:51,09/09:47,09/10:01,0:56:00,PNK,MDC,17A,28,0,0,NML,1,2025
1071,B739,PKLHS,LNI,LNI683,LNI682,09/08:10,09/08:15,09/09:09,09/09:24,0:54:00,PKY,PKY,10,28,1,1,NML,1,2025
1072,B738,PKGNG,GIA,GIA304,GIA342,09/08:15,09/08:20,09/09:19,09/09:28,0:59:00,CGK,DPS,4,28,1,1,NML,1,2025
1073,A320,PKPWE,PAS,PAS200,PAS201,09/08:42,09/08:48,09/09:30,09/09:39,0:41:55,CGK,CGK,5,28,1,1,NML,1,2025
1074,A320,PKGTE,CTV,CTV485,CTV486,09/08:49,09/08:56,09/09:33,09/09:41,0:37:00,BDJ,BDJ,6,28,1,1,NML,1,2025
1075,A320,PKGQI,CTV,CTV417,CTV715,09/10:13,09/10:19,09/10:53,09/11:07,0:34:00,PNK,CGK,6,28,1,1,NML,1,2025
1076,A320,PKSAA,SJV,SJV703,SJV702,09/09:10,09/09:15,09/09:58,09/10:09,0:43:00,DPS,DPS,15,28,1,1,NML,1,2025
1077,A320,9VTRK,TGW,TGW264,TGW265,09/09:22,09/09:25,09/10:19,09/10:29,0:54:00,SIN,SIN,A02,28,1,1,NML,1,2025
1078,B738,9MMLS,MAS,MAS871,MAS870,09/09:13,09/09:17,09/10:00,09/10:21,0:43:00,KUL,KUL,A06,28,1,1,NML,1,2025
1079,B38M,9MLRV,MXD,MXD350,MXD351,09/09:02,09/09:06,09/10:06,09/10:25,1:00:19,KUL,KUL,A03,28,1,1,NML,1,2025
1080,A320,PKGQL,CTV,CTV351,CTV350,09/09:19,09/09:25,09/10:00,09/10:11,0:35:00,UPG,UPG,8,28,1,1,NML,1,2025
1081,A359,9VSHI,SIA,SIA922,SIA923,09/09:06,09/09:09,09/10:07,09/10:22,0:57:45,SIN,SIN,A08,28,1,1,NML,1,2025
1082,B733F,PKMYV,MYU,MYU935,MYU815,09/09:16,09/09:20,09/10:01,09/10:09,0:41:00,SRG,CGK,C02,28,0,0,NML,1,2025
1083,A320,PKGQH,CTV,CTV710,CTV723,09/09:26,09/09:32,09/10:21,09/10:31,0:49:00,CGK,CGK,7,28,1,1,NML,1,2025
1084,B739,PKLSK,LNI,LNI791,LNI706,09/09:42,09/09:48,09/10:58,09/11:02,1:10:00,UPG,UPG,9,28,1,1,NML,1,2025
1085,A320,PKPWC,PAS,PAS210,PAS211,09/09:35,09/09:42,09/10:35,09/10:46,0:52:40,CGK,CGK,5,28,1,1,NML,1,2025
1086,B739,PKLHJ,LNI,LNI972,LNI973,08/16:53,09/07:19,09/11:00,09/11:09,18:00:00,BTH,BTH,18,28,0,0,NML,1,2025
1087,A320,PKSAE,SJV,SJV363,SJV632,09/11:04,09/11:12,09/12:07,09/12:16,0:54:55,KNO,BDJ,14,28,1,1,NML,1,2025
1088,A320,PKLAF,BTK,BTK6134,BTK7516,09/09:48,09/09:56,09/11:05,09/11:18,1:09:00,PKN,HLP,10,28,1,1,NML,1,2025
1089,A320,PKLUJ,BTK,BTK7513,BTK6346,09/10:18,09/10:23,09/11:08,09/11:20,0:45:40,HLP,BEJ,11,28,1,1,NML,1,2025
1090,B739,PKLHL,LNI,LNI363,LNI822,09/06:18,09/06:22,09/11:06,09/11:19,4:44:02,BPN,LOP,22,28,0,0,NML,1,2025
1091,B739,PKLHU,LNI,LNI694,LNI694,09/10:27,09/10:33,09/11:20,09/11:31,0:47:00,CGK,KOE,17,28,1,1,NML,1,2025
1092,A320,PKAZE,AWQ,AWQ321,AWQ322,09/10:44,09/10:47,09/11:24,09/11:34,0:36:14,KUL,KUL,A01,28,1,1,NML,1,2025
1093,B738,PKLSF,LNI,LNI697,LNI697,09/10:49,09/10:55,09/12:00,09/12:10,1:05:00,KOE,CGK,15,28,1,1,NML,1,2025
1094,B738,PKGMI,GIA,GIA322,GIA327,09/10:07,09/10:14,09/11:33,09/11:42,1:19:00,CGK,CGK,4,28,1,1,NML,1,2025
"1095,A339,PKLER,LNI,LNI105,LNI074,08/00:06,08/22:48,09/11:43,09/11:59,""1 day, 11:33:00"",JED,MED,A05,28,1,1,NML,1,2025"
1096,A320,PKSJL,SJV,SJV567,SJV362,09/13:42,09/13:48,09/14:46,09/14:58,0:58:00,PLW,KNO,16,28,1,1,NML,1,2025
1097,B739,PKLQR,LNI,LNI919,LNI804,08/15:09,08/15:14,09/12:05,09/12:23,20:51:00,DPS,DPS,20,28,0,0,NML,1,2025
1098,A320,PKGLM,CTV,CTV461,CTV698,09/11:29,09/11:38,09/12:12,09/12:20,0:34:00,AAP,DPS,5,28,1,1,NML,1,2025
1099,B739,PKLGU,LNI,LNI970,LNI780,09/09:55,09/09:59,09/12:30,09/12:48,2:31:00,BTH,UPG,C03,28,0,0,NML,1,2025
1100,A320,PKSAS,SJV,SJV611,SJV636,09/14:37,09/14:43,09/15:48,09/15:56,1:05:00,BPN,BDJ,11,28,1,1,NML,1,2025
1101,B735,PKNAT,LKN,LKN1921,LKN1920,09/12:48,09/12:52,09/13:34,09/13:45,0:42:00,PKN,PKN,11,28,1,1,NML,1,2025
1102,B738,PKLJS,LNI,LNI879,LNI680,09/10:56,09/11:01,09/12:41,09/12:53,1:39:16,AMQ,PKY,12,28,1,1,NML,1,2025
1103,A320,PKBKM,BTK,BTK6596,BTK6595,09/12:50,09/12:57,09/13:54,09/14:01,0:57:00,CGK,CGK,10,28,1,1,NML,1,2025
1104,B738,PKLOJ,LNI,LNI869,LNI722,09/12:13,09/12:18,09/13:24,09/13:34,1:05:02,TTE,KDI,15,28,1,1,NML,1,2025
1105,A320,PKAZG,AWQ,AWQ387,AWQ324,09/12:54,09/12:59,09/13:40,09/13:49,0:40:19,PEN,KUL,A01,28,1,1,NML,1,2025
1106,A320,PKGTE,CTV,CTV487,CTV668,09/12:04,09/12:10,09/13:23,09/13:37,1:13:00,BDJ,DPS,6,28,1,1,NML,1,2025
1107,B738,PKGMD,GIA,GIA312,GIA317,09/12:38,09/12:47,09/13:44,09/13:54,0:56:59,CGK,CGK,7,28,1,1,NML,1,2025
1108,B738,PKLKV,LNI,LNI315,LNI836,09/08:05,09/08:08,09/14:50,09/15:06,6:41:01,BDJ,PNK,21,28,0,0,NML,1,2025
1109,A320,9VJSV,JSA,JSA247,JSA248,09/13:38,09/13:42,09/14:30,09/14:43,0:48:00,SIN,SIN,A06,28,1,1,NML,1,2025
1110,A320,PKGQA,CTV,CTV431,CTV948,09/13:52,09/13:57,09/14:33,09/14:42,0:36:00,BPN,BTH,5,28,1,1,NML,1,2025
1111,B739,PKLHM,LNI,LNI787,LNI260,09/13:31,09/13:38,09/14:37,09/14:48,0:59:00,UPG,BPN,9,28,1,1,NML,1,2025
1112,A320,PKPWK,PAS,PAS208,PAS209,09/14:27,09/14:33,09/15:13,09/15:21,0:40:00,CGK,CGK,4,28,1,1,NML,1,2025
1113,A320,PKLUH,BTK,BTK6406,BTK6220,09/14:59,09/15:05,09/15:58,09/16:13,0:53:00,CGK,BPN,10,28,1,1,NML,1,2025
1114,A320,PKGQI,CTV,CTV716,CTV717,09/14:32,09/14:39,09/15:19,09/15:27,0:40:00,CGK,CGK,6,28,1,1,NML,1,2025
1115,B738,PKGNQ,GIA,GIA330,GIA331,09/14:50,09/14:56,09/15:38,09/15:53,0:42:00,HLP,HLP,7,28,1,1,NML,1,2025
1116,A320,PKLAF,BTK,BTK7501,BTK7512,09/15:04,09/15:08,09/15:48,09/16:00,0:40:00,HLP,HLP,9,28,1,1,NML,1,2025
1117,A320,PKGLM,CTV,CTV699,CTV434,09/14:40,09/14:46,09/15:37,09/15:46,0:51:00,DPS,BPN,8,28,1,1,NML,1,2025
1118,B738,9MMXT,MAS,MAS873,MAS872,09/15:10,09/15:14,09/15:53,09/16:07,0:39:00,KUL,KUL,A06,28,1,1,NML,1,2025
1119,B738,PKLKP,LNI,LNI839,LNI581,09/13:35,09/13:40,09/16:34,09/16:41,2:54:00,PNK,CGK,20,28,0,0,NML,1,2025
1120,A320,PKLUJ,BTK,BTK6347,BTK6401,09/15:24,09/15:31,09/16:37,09/16:45,1:06:00,BEJ,CGK,14,28,1,1,NML,1,2025
1121,B738,PKLKQ,LNI,LNI709,LNI316,09/16:15,09/16:21,09/17:21,09/17:26,1:00:00,UPG,BDJ,11,28,1,1,NML,1,2025
1122,B738,PKGMF,GIA,GIA310,GIA315,09/15:31,09/15:39,09/16:27,09/16:36,0:48:00,CGK,CGK,4,28,1,1,NML,1,2025
1123,B738MAX,9VMBF,SIA,SIA926,SIA927,09/15:39,09/15:43,09/16:28,09/16:44,0:45:00,SIN,SIN,A08,28,1,1,NML,1,2025
1124,A320,PKSTH,SJV,SJV619,SJV648,09/16:08,09/16:14,09/17:22,09/17:31,1:08:00,BPN,BPN,9,28,1,1,NML,1,2025
1125,A320,PKGLS,CTV,CTV174,CTV418,09/17:06,09/17:12,09/17:45,09/17:50,0:33:00,HLP,PNK,6,28,1,1,NML,1,2025
1126,B739,PKLSU,LNI,LNI983,LNI268,09/13:56,09/14:00,09/17:00,09/17:15,3:00:00,PKU,TRK,C03,28,0,0,NML,1,2025
1127,A339,PKLEV,LNI,LNI105,LNI106,09/11:56,09/12:03,09/16:40,09/16:54,4:37:00,JED,JED,A05,28,1,1,NML,1,2025
1128,B739,PKLGY,LNI,LNI692,LNI692,09/15:58,09/16:03,09/16:50,09/17:00,0:47:00,CGK,KOE,16,28,1,1,NML,1,2025
1129,A320,PKPWJ,PAS,PAS206,PAS623,09/16:02,09/16:07,09/16:56,09/17:08,0:49:00,CGK,BPN,5,28,1,1,NML,1,2025
1130,A320,PKGQE,CTV,CTV669,CTV488,09/16:11,09/16:18,09/16:52,09/17:04,0:34:00,DPS,BDJ,6,28,1,1,NML,1,2025
1131,A320,PKAZE,AWQ,AWQ323,AWQ326,09/17:13,09/17:16,09/17:45,09/17:58,0:29:00,KUL,KUL,A01,28,1,1,NML,1,2025
1132,B738,PKLJS,LNI,LNI681,LNI838,09/15:50,09/15:56,09/17:30,09/17:39,1:34:00,PKY,PNK,15,28,1,1,NML,1,2025
1133,A320,PKSAG,SJV,SJV643,SJV708,09/15:17,09/15:21,09/18:22,09/18:30,3:01:00,AAP,DPS,17,28,1,1,NML,1,2025
1134,A320,PKPWC,PAS,PAS622,PAS207,09/17:10,09/17:16,09/18:08,09/18:21,0:52:00,BPN,CGK,5,28,1,1,NML,1,2025
1135,A320,PKSAV,SJV,SJV723,SJV716,09/18:00,09/18:06,09/19:00,09/19:03,0:54:00,DPS,LOP,10,28,1,1,NML,1,2025
1136,B738,PKCRH,SJY,SJY567,SJY562,09/18:05,09/18:12,09/19:13,09/19:20,1:01:00,UPG,UPG,11,28,1,1,NML,1,2025
1137,B738MAX,9VMBG,SIA,SIA928,SIA929,09/17:43,09/17:46,09/18:34,09/18:50,0:48:00,SIN,SIN,A06,28,1,1,NML,1,2025
1138,A320,PKLAZ,BTK,BTK7503,BTK7502,09/18:18,09/18:25,09/19:10,09/19:18,0:45:00,HLP,HLP,9,28,1,1,NML,1,2025
1139,B738,PKLZT,BTK,BTK6576,BTK6575,09/18:56,09/19:02,09/19:50,09/20:02,0:48:00,CGK,CGK,14,28,1,1,NML,1,2025
1140,B738,PKBBH,BBL,BBL763,BBL764,09/18:44,09/18:51,09/19:37,09/19:48,0:46:00,CGK,CGK,6,28,1,1,NML,1,2025
1141,B739,PKLHL,LNI,LNI823,LNI880,09/14:08,09/14:12,09/19:55,09/20:07,5:43:00,LOP,UPG,18,28,0,0,NML,1,2025
1142,A320,PKGQU,CTV,CTV489,CTV719,09/20:26,09/20:31,09/21:12,09/21:20,0:40:39,BDJ,CGK,11,28,1,1,NML,1,2025
1143,B738,PKGNN,GIA,GIA349,GIA313,09/17:56,09/18:03,09/20:04,09/20:15,2:01:00,DPS,CGK,4,28,1,1,NML,1,2025
1144,A320,PKGLM,CTV,CTV435,CTV662,09/19:16,09/19:23,09/20:05,09/20:19,0:42:00,BPN,DPS,7,28,1,1,NML,1,2025
1145,A320,PKGQQ,CTV,CTV736,CTV352,09/19:59,09/20:06,09/20:44,09/20:53,0:37:43,CGK,UPG,8,28,1,1,NML,1,2025
1146,A320,PKGLR,CTV,CTV172,CTV173,09/20:21,09/20:26,09/21:16,09/21:26,0:50:00,HLP,HLP,9,28,1,1,NML,1,2025
1147,A320,PKGQE,CTV,CTV495,CTV694,09/19:50,09/19:58,09/20:58,09/21:08,1:00:00,BDJ,DPS,3,28,0,0,NML,1,2025
1148,A320,PKGQR,CTV,CTV949,CTV494,09/20:29,09/20:36,09/21:09,09/21:23,0:33:00,BTH,BDJ,7,28,1,1,NML,1,2025
1149,B738,PKGFR,GIA,GIA326,GIA319,09/19:40,09/19:48,09/20:50,09/20:58,1:02:00,CGK,CGK,5,28,1,1,NML,1,2025
1150,A320,PKGLP,CTV,CTV722,CTV354,09/20:55,09/21:04,09/21:40,09/21:52,0:36:00,CGK,UPG,8,28,1,1,NML,1,2025
1151,A320,PKLUS,BTK,BTK6137,BTK6136,09/20:34,09/20:39,09/22:03,09/22:12,1:23:06,UPG,UPG,10,28,1,1,NML,1,2025
1152,A320,PKSAS,SJV,SJV637,SJV610,09/18:40,09/18:45,10/05:01,10/05:12,10:16:00,BDJ,BPN,21,28,0,0,NML,1,2025
1153,A320,PKLAM,BTK,BTK7521,BTK7508,09/20:05,09/20:09,10/04:54,10/05:05,8:44:11,HLP,HLP,17,28,1,1,NML,1,2025
1154,B738,PKLOJ,LNI,LNI727,LNI878,09/17:36,09/17:40,10/05:06,10/05:16,11:26:00,KDI,AMQ,20,28,0,0,NML,1,2025
1155,A320,PKGLM,CTV,CTV695,CTV430,09/22:40,09/22:46,10/04:55,10/05:10,6:09:00,DPS,BPN,5,28,1,1,NML,1,2025
1156,A320,PKAZG,AWQ,AWQ325,AWQ320,09/19:24,09/19:28,10/05:01,10/05:14,9:33:00,KUL,KUL,A01,28,1,1,NML,1,2025
1157,A320,PKLUH,BTK,BTK6221,BTK6132,09/19:30,09/19:36,10/05:13,10/05:25,9:37:00,BPN,LOP,16,28,1,1,NML,1,2025
1158,A320,PKPWH,PAS,PAS212,PAS213,09/20:40,09/20:48,10/05:47,10/05:58,8:59:00,CGK,CGK,4,28,1,1,NML,1,2025
1159,B739,PKLHM,LNI,LNI690,LNI690,10/05:03,10/05:10,10/05:54,10/06:04,0:44:00,CGK,KOE,9,28,1,1,NML,1,2025
1160,A320,PKGLG,CTV,CTV726,CTV725,09/21:31,09/21:37,10/05:49,10/06:00,8:12:00,CGK,CGK,7,28,1,1,NML,1,2025
1161,A320,V8RBC,RBA,RBA795,RBA796,09/20:09,09/20:12,10/05:55,10/06:07,9:42:14,BWN,BWN,A06,28,1,1,NML,1,2025
1162,A320,PKLUV,BTK,BTK6586,BTK6589,09/21:05,09/21:12,10/05:59,10/06:09,8:47:00,CGK,CGK,14,28,1,1,NML,1,2025
1163,A320,PKGTE,CTV,CTV353,CTV670,10/05:07,10/05:13,10/05:58,10/06:02,0:45:00,UPG,LOP,8,28,1,1,NML,1,2025
1164,A320,PKSJR,SJV,SJV615,SJV640,09/20:13,09/20:16,10/06:11,10/06:21,9:54:19,BPN,AAP,18,28,0,0,NML,1,2025
1165,A320,PKSAG,SJV,SJV727,SJV706,09/20:51,09/20:57,10/06:05,10/06:13,9:08:00,DPS,DPS,15,28,1,1,NML,1,2025
1166,B738,PKLQY,LNI,LNI749,LNI868,09/15:54,09/15:58,10/05:57,10/06:06,13:59:00,MDC,TTE,C05,28,0,0,NML,1,2025
1167,B739,PKLHO,LNI,LNI707,LNI266,09/14:45,09/14:56,10/06:05,10/06:16,15:09:00,UPG,BPN,C04,28,0,0,NML,1,2025
"1168,B739,PKLHH,LNI,LNI694,LNI882,08/10:44,08/10:48,10/06:11,10/06:22,""1 day, 19:23:00"",CGK,UPG,25,28,0,0,NML,1,2025"
1169,A320,PKSAV,SJV,SJV717,SJV634,10/05:56,10/06:00,10/06:49,10/06:57,0:49:00,LOP,BDJ,16,28,1,1,NML,1,2025
1170,A320,PKSAE,SJV,SJV633,SJV566,09/14:56,09/15:02,10/06:54,10/07:04,15:52:00,BDJ,PLW,12,28,1,1,NML,1,2025
1171,A320,PKLUT,BTK,BTK6588,BTK6135,09/21:17,09/21:24,10/08:20,10/08:37,10:56:00,CGK,PKN,11,10,1,1,NML,1,2025
1172,DHC6,PKICP,PGT,PKICP,PKICP,09/10:56,09/11:02,10/06:39,10/06:45,19:37:00,PAG,PAG,28,28,0,0,NML,1,2025
1173,B739,PKLHU,LNI,LNI695,LNI971,09/16:04,09/16:09,10/06:50,10/06:59,14:41:00,KOE,BTH,C06,28,0,0,NML,1,2025
1174,C208,PKVVO,SUS,PKVVO,PKVVO,09/08:52,09/08:55,10/07:00,10/07:14,22:05:00,BXW,BXW,29,28,0,0,NML,1,2025
1175,B738,PKGFM,GIA,GIA855,GIA854,09/21:01,09/21:06,10/06:58,10/07:14,9:52:00,SIN,SIN,A02,28,1,1,NML,1,2025
1176,B738,PKGMP,GIA,GIA328,GIA305,09/19:58,09/20:03,10/06:50,10/07:01,10:47:00,CGK,CGK,6,28,1,1,NML,1,2025
1177,A320,PKGLR,CTV,CTV170,CTV175,10/06:35,10/06:41,10/07:25,10/07:32,0:44:00,HLP,HLP,5,28,1,1,NML,1,2025
1178,A320,PKAZO,AWQ,AWQ327,AWQ392,09/23:54,09/23:59,10/07:35,10/07:46,7:36:00,KUL,JHB,A03,28,1,1,NML,1,2025
1179,A320,PKGQE,CTV,CTV661,CTV460,10/06:42,10/06:48,10/07:40,10/07:48,0:52:00,DPS,AAP,7,28,1,1,NML,1,2025
1180,B739,PKBBK,BBL,BBL761,BBL762,10/07:09,10/07:19,10/07:50,10/08:02,0:31:00,CGK,CGK,4,28,1,1,NML,1,2025
1181,B739,PKLGY,LNI,LNI693,LNI693,10/07:02,10/07:08,10/07:55,10/08:11,0:47:00,KOE,CGK,9,10,1,1,NML,1,2025
1182,A333,BLBG,CPA,CPA779,CPA780,09/18:35,09/18:39,10/08:17,10/08:34,13:38:00,HKG,HKG,A08,10,1,1,NML,1,2025
"1183,A339,PKLET,LNI,LNI107,LNI102,08/02:24,08/02:31,10/08:35,10/08:45,""2 days, 6:04:00"",JED,JED,A07,10,1,1,NML,1,2025"
1184,B739,PKLSU,LNI,LNI267,LNI990,10/07:34,10/07:39,10/08:32,10/08:48,0:53:00,TRK,DPS,10,10,1,1,NML,1,2025
1185,B738,PKLBK,MXD,MXD352,MXD353,09/20:17,09/20:20,10/09:17,10/09:34,12:56:08,KUL,KUL,A04,10,1,1,NML,1,2025
1186,A320,PKGLU,CTV,CTV355,CTV177,10/07:37,10/07:45,10/08:38,10/08:52,0:53:00,UPG,HLP,8,10,1,1,NML,1,2025
1187,A320,PKLUH,BTK,BTK6133,BTK6581,10/07:53,10/07:59,10/08:59,10/09:09,1:00:00,LOP,CGK,12,10,1,1,NML,1,2025
1188,B738,PKLKQ,LNI,LNI315,LNI748,10/07:52,10/07:56,10/08:59,10/09:12,1:03:00,BDJ,MDC,14,10,1,1,NML,1,2025
1189,B739,PKLHR,LNI,LNI972,LNI682,09/17:02,10/04:07,10/09:11,10/09:25,16:04:00,BTH,PKY,C07,10,0,1,NML,1,2025
1190,B739,PKLGO,LNI,LNI683,LNI856,10/08:08,10/08:13,10/09:11,10/09:20,0:58:00,PKY,PLM,15,10,1,1,NML,1,2025
1191,B738,PKGFG,GIA,GIA304,GIA342,10/08:02,10/08:10,10/09:15,10/09:37,1:05:00,CGK,DPS,4,10,1,1,NML,1,2025
1192,A320,PKPWE,PAS,PAS200,PAS201,10/08:29,10/08:32,10/09:21,10/09:39,0:49:00,CGK,CGK,5,10,1,1,NML,1,2025
1193,A320,PKGQJ,CTV,CTV417,CTV715,10/09:01,10/09:06,10/09:45,10/10:04,0:39:00,PNK,CGK,7,10,1,1,NML,1,2025
1194,E135,T7JCI,AFS,T7JCI,T7JCI,10/08:40,10/08:46,10/09:23,10/09:28,0:37:00,CGK,CGK,3,10,0,0,NML,1,2025
1195,A320,PKGTE,CTV,CTV671,CTV486,10/08:26,10/08:29,10/09:13,10/09:29,0:44:00,LOP,BDJ,6,10,1,1,NML,1,2025
1196,A320,PKSAQ,SJV,SJV7011,SJV702,09/20:47,09/20:50,10/09:39,10/09:52,12:49:14,LOP,DPS,C03,10,0,0,NML,1,2025
1197,A320,PKSAG,SJV,SJV703,SJV642,10/08:36,10/08:38,10/09:43,10/09:59,1:05:00,DPS,AAP,11,10,1,1,NML,1,2025
1198,A320,9VTRN,TGW,TGW264,TGW265,10/09:06,10/09:12,10/10:04,10/10:19,0:52:00,SIN,SIN,A02,10,1,1,NML,1,2025
1199,BK17,PKFGG,SAG,PKFGG,PKFGG,10/09:14,10/09:19,10/09:48,10/09:58,0:29:00,ZZZZ,ZZZZ,A01,10,0,0,NML,1,2025
1200,B738MAX,9MMVB,MAS,MAS871,MAS870,10/09:17,10/09:25,10/10:10,10/10:23,0:45:00,KUL,KUL,A06,10,1,1,NML,1,2025
1201,B735,PKNAT,LKN,LKN243,LKN242,10/09:04,10/09:07,10/09:57,10/10:12,0:50:00,SMQ,SMQ,10,10,1,1,NML,1,2025
1202,B38M,9MLRC,MXD,MXD350,MXD351,10/09:09,10/09:15,10/10:09,10/10:21,0:54:00,KUL,KUL,A03,10,1,1,NML,1,2025
1203,A320,PKGQI,CTV,CTV351,CTV350,10/09:26,10/09:31,10/10:12,10/10:25,0:41:00,UPG,UPG,8,10,1,1,NML,1,2025
1204,A320,PKBKF,BTK,BTK6584,BTK6585,10/09:23,10/09:28,10/10:17,10/10:28,0:49:00,CGK,CGK,9,10,1,1,NML,1,2025
1205,A359,9VSHM,SIA,SIA922,SIA923,10/09:13,10/09:19,10/10:23,10/10:26,1:04:00,SIN,SIN,A08,10,1,1,NML,1,2025
1206,A320,PKSAV,SJV,SJV635,SJV632,10/09:56,10/10:00,10/10:51,10/11:10,0:51:00,BDJ,BDJ,12,10,1,1,NML,1,2025
1207,A320,PKGLT,CTV,CTV710,CTV723,10/09:21,10/09:27,10/10:20,10/10:33,0:53:00,CGK,CGK,6,10,1,1,NML,1,2025
1208,B739,PKLHO,LNI,LNI367,LNI262,10/09:46,10/09:49,10/10:38,10/10:49,0:49:00,BPN,BPN,14,10,1,1,NML,1,2025
1209,B739,PKLHH,LNI,LNI791,LNI706,10/10:00,10/10:03,10/10:55,10/11:15,0:52:00,UPG,UPG,10,10,1,1,NML,1,2025
1210,B739,PKLQR,LNI,LNI919,LNI973,09/14:53,09/14:58,10/10:55,10/10:59,19:57:00,DPS,BTH,26,10,0,0,NML,1,2025
1211,A320,PKPWH,PAS,PAS210,PAS211,10/09:30,10/09:33,10/10:26,10/10:40,0:53:00,CGK,CGK,5,10,1,1,NML,1,2025
1212,A320,PKLAM,BTK,BTK7513,BTK7516,10/10:09,10/10:10,10/10:50,10/11:03,0:40:00,HLP,HLP,11,10,1,1,NML,1,2025
1213,A320,PKLUT,BTK,BTK6134,BTK6346,10/11:08,10/11:13,10/12:03,10/12:08,0:50:00,PKN,BEJ,9,28,1,1,NML,1,2025
1214,B739,PKLGM,LNI,LNI363,LNI822,10/06:31,10/06:37,10/12:03,10/12:15,5:26:00,BPN,LOP,20,28,0,0,NML,1,2025
1215,B739,PKLHM,LNI,LNI697,LNI694,10/10:30,10/10:34,10/12:00,10/12:14,1:26:00,KOE,KOE,15,28,1,1,NML,1,2025
1216,A320,PKAZG,AWQ,AWQ321,AWQ322,10/11:01,10/11:06,10/11:46,10/11:54,0:40:00,KUL,KUL,A01,28,1,1,NML,1,2025
1217,B738,PKLQZ,LNI,LNI694,LNI697,10/11:05,10/11:09,10/12:03,10/12:17,0:54:00,CGK,CGK,16,28,1,1,NML,1,2025
1218,A320,PKBKP,BTK,BTK7517,BTK7520,10/11:31,10/11:35,10/12:17,10/12:28,0:42:00,HLP,HLP,8,10,1,1,NML,1,2025
1219,B738,PKGMY,GIA,GIA322,GIA327,10/10:12,10/10:13,10/11:30,10/11:41,1:16:34,CGK,CGK,4,10,1,1,NML,1,2025
1220,B739,PKLSU,LNI,LNI805,LNI804,10/11:21,10/11:26,10/12:09,10/12:21,0:43:00,DPS,DPS,12,10,1,1,NML,1,2025
1221,DHC6,PKICP,PGT,PKICP,PKICP,10/10:50,10/10:59,10/11:39,10/11:43,0:40:00,PAG,PAG,28,10,0,0,NML,1,2025
1222,A320,PKGQE,CTV,CTV461,CTV698,10/11:24,10/11:29,10/12:17,10/12:33,0:48:00,AAP,DPS,7,10,1,1,NML,1,2025
1223,A320,PKSAE,SJV,SJV567,SJV636,10/13:22,10/13:27,10/14:25,10/14:43,0:58:00,PLW,BDJ,15,10,1,1,NML,1,2025
1224,B739,PKLSP,LNI,LNI970,LNI780,10/09:49,10/09:54,10/12:37,10/12:53,2:43:00,BTH,UPG,21,10,0,0,NML,1,2025
1225,B738,PKLOP,LNI,LNI837,LNI680,10/11:27,10/11:31,10/12:47,10/12:58,1:16:00,PNK,PKY,18,10,0,0,NML,1,2025
1226,A320,PKGTE,CTV,CTV487,CTV713,10/12:02,10/12:04,10/13:17,10/13:35,1:13:00,BDJ,CGK,6,10,1,1,NML,1,2025
1227,B738,PKBGF,BTK,BTK6596,BTK6595,10/12:31,10/12:34,10/13:34,10/13:43,1:00:00,CGK,CGK,9,10,1,1,NML,1,2025
1228,A320,PKPWC,PAS,PAS204,PAS205,10/12:05,10/12:08,10/13:14,10/13:24,1:06:00,CGK,CGK,5,10,1,1,NML,1,2025
1229,B738,PKLQY,LNI,LNI869,LNI722,10/12:11,10/12:15,10/13:24,10/13:38,1:09:00,TTE,KDI,16,10,1,1,NML,1,2025
1230,A320,PKAZO,AWQ,AWQ393,AWQ324,10/12:50,10/12:56,10/13:30,10/13:40,0:34:37,JHB,KUL,A01,10,1,1,NML,1,2025
1231,A320,PKGQC,CTV,CTV252,CTV668,10/11:58,10/12:02,10/13:17,10/13:31,1:15:13,CGK,DPS,10,10,1,1,NML,1,2025
1232,E135,PKTFS,IAT,PKTFS,PKTFS,10/10:00,10/10:20,10/13:50,10/13:56,3:30:00,HLP,HLP,A09,10,0,0,NML,1,2025
1233,B738,PKGFP,GIA,GIA312,GIA317,10/12:18,10/12:24,10/13:36,10/13:48,1:12:00,CGK,CGK,4,10,1,1,NML,1,2025
1234,CL60,VPBKM,CAV,VPBKM,VPBKM,10/11:40,10/11:41,10/14:25,10/14:31,2:44:02,XSP,XSP,A10,10,0,0,NML,1,2025
1235,B738,PKLOJ,LNI,LNI879,LNI836,10/15:08,10/15:11,10/16:01,10/16:12,0:50:00,AMQ,PNK,17,28,1,1,NML,1,2025
1236,A320,PKGLM,CTV,CTV431,CTV948,10/13:33,10/13:37,10/14:21,10/14:33,0:44:00,BPN,BTH,7,10,1,1,NML,1,2025
1237,A320,9VJSL,JSA,JSA247,JSA248,10/13:24,10/13:31,10/15:05,10/15:16,1:34:00,SIN,SIN,A06,28,1,1,NML,1,2025
1238,A320,PKSAV,SJV,SJV633,SJV726,10/14:01,10/14:05,10/14:57,10/15:06,0:52:00,BDJ,LBJ,16,10,1,1,NML,1,2025
1239,A320,PKGQJ,CTV,CTV716,CTV717,10/13:41,10/13:45,10/14:34,10/14:46,0:49:27,CGK,CGK,6,10,1,1,NML,1,2025
1240,A320,PKPWK,PAS,PAS208,PAS209,10/13:54,10/13:57,10/14:57,10/15:10,1:00:00,CGK,CGK,5,10,1,1,NML,1,2025
1241,B739,PKLGM,LNI,LNI823,LNI642,10/14:52,10/14:56,10/15:41,10/15:53,0:45:00,LOP,LOP,12,28,1,1,NML,1,2025
1242,A320,PKLUW,BTK,BTK6406,BTK6220,10/14:41,10/14:44,10/15:42,10/15:54,0:58:00,CGK,BPN,10,28,1,1,NML,1,2025
1243,B738,PKGNQ,GIA,GIA330,GIA331,10/14:13,10/14:17,10/15:26,10/15:35,1:09:11,HLP,HLP,4,28,1,1,NML,1,2025
1244,B739,PKLGO,LNI,LNI857,LNI920,10/13:28,10/13:33,10/16:20,10/16:29,2:47:00,PLM,DPS,21,10,0,0,NML,1,2025
1245,A320,PKLAM,BTK,BTK7501,BTK7512,10/14:44,10/14:47,10/15:46,10/15:56,0:59:00,HLP,HLP,8,28,1,1,NML,1,2025
1246,A320,PKGQE,CTV,CTV699,CTV434,10/15:13,10/15:17,10/15:54,10/16:06,0:36:03,DPS,BPN,6,28,1,1,NML,1,2025
1247,A320,PKSAG,SJV,SJV641,SJV672,10/13:44,10/13:47,10/15:48,10/15:59,2:01:00,AAP,BEJ,18,28,0,0,NML,1,2025
1248,A320,PKLUT,BTK,BTK6347,BTK6401,10/16:17,10/16:24,10/17:18,10/17:32,0:54:00,BEJ,CGK,10,10,1,1,NML,1,2025
1249,B738,PKLKQ,LNI,LNI749,LNI581,10/15:02,10/15:06,10/16:09,10/16:16,1:03:00,MDC,CGK,11,28,1,1,NML,1,2025
1250,B738,PKLKV,LNI,LNI839,LNI316,10/18:00,10/18:03,10/18:56,10/19:09,0:53:00,PNK,BDJ,12,10,1,1,NML,1,2025
1251,B738MAX,9VMBA,SIA,SIA926,SIA927,10/15:33,10/15:36,10/16:31,10/16:47,0:55:00,SIN,SIN,A07,10,1,1,NML,1,2025
1252,B738,PKGMY,GIA,GIA310,GIA315,10/15:28,10/15:33,10/16:34,10/16:45,1:01:00,CGK,CGK,5,10,1,1,NML,1,2025
1253,A320,PKGLU,CTV,CTV174,CTV418,10/15:51,10/15:57,10/16:38,10/16:52,0:41:00,HLP,PNK,7,10,1,1,NML,1,2025
1254,B739,PKLSK,LNI,LNI787,LNI268,10/13:36,10/13:40,10/16:44,10/16:54,3:04:00,UPG,TRK,20,10,0,0,NML,1,2025
1255,B739,PKLGY,LNI,LNI692,LNI692,10/18:05,10/18:09,10/18:53,10/19:05,0:44:00,CGK,KOE,14,10,1,1,NML,1,2025
1256,A320,PKPWF,PAS,PAS206,PAS623,10/15:48,10/15:54,10/16:51,10/16:59,0:57:00,CGK,BPN,4,10,1,1,NML,1,2025
1257,A320,PKGQH,CTV,CTV669,CTV488,10/16:10,10/16:16,10/16:52,10/17:03,0:36:00,DPS,BDJ,6,10,1,1,NML,1,2025
1258,A320,PKBKL,BTK,BTK6578,BTK7579,10/17:17,10/17:20,10/18:11,10/18:25,0:51:00,CGK,CGK,11,10,1,1,NML,1,2025
1259,A320,PKAZG,AWQ,AWQ323,AWQ326,10/17:13,10/17:19,10/17:51,10/17:59,0:32:00,KUL,KUL,A01,10,1,1,NML,1,2025
1260,B738,PKLOP,LNI,LNI681,LNI838,10/16:07,10/16:13,10/17:40,10/17:50,1:27:00,PKY,PNK,12,10,1,1,NML,1,2025
1261,A320,PKSAS,SJV,SJV619,SJV708,10/16:05,10/16:10,10/18:42,10/18:51,2:32:00,BPN,DPS,C06,10,0,0,NML,1,2025
1262,A320,PKPWH,PAS,PAS622,PAS207,10/17:20,10/17:23,10/18:16,10/18:26,0:53:00,BPN,CGK,5,10,1,1,NML,1,2025
1263,A320,PKSAV,SJV,SJV725,SJV716,10/18:40,10/18:45,10/19:29,10/19:42,0:44:00,LBJ,LOP,9,10,1,1,NML,1,2025
1264,B738,PKCRH,SJY,SJY567,SJY562,10/17:56,10/17:59,10/18:45,10/18:56,0:46:00,UPG,UPG,10,10,1,1,NML,1,2025
1265,B738,PKGMI,GIA,GIA320,GIA325,10/17:10,10/17:14,10/18:34,10/18:48,1:20:00,CGK,CGK,4,10,1,1,NML,1,2025
1266,B738MAX,9VMBE,SIA,SIA928,SIA929,10/17:52,10/17:57,10/18:45,10/18:57,0:48:00,SIN,SIN,A04,10,1,1,NML,1,2025
1267,A320,PKGLX,CTV,CTV172,CTV173,10/18:12,10/18:16,10/18:57,10/19:11,0:41:00,HLP,HLP,7,10,1,1,NML,1,2025
1268,B738,PKLZT,BTK,BTK6576,BTK6575,10/18:22,10/18:25,10/19:24,10/19:34,0:59:00,CGK,CGK,11,10,1,1,NML,1,2025
1269,A320,PKGQK,CTV,CTV949,CTV494,10/19:03,10/19:06,10/19:36,10/19:48,0:30:00,BTH,BDJ,8,10,1,1,NML,1,2025
1270,B788,9VOFC,TGW,TGW262,TGW263,10/19:43,10/19:50,10/20:53,10/21:10,1:03:00,SIN,SIN,A07,10,1,1,NML,1,2025
1271,B739,PKLFO,LNI,LNI919,LNI880,10/15:24,10/15:30,10/20:32,10/20:43,5:02:00,DPS,UPG,25,10,0,0,NML,1,2025
1272,A320,PKLUY,BTK,BTK7519,BTK7518,10/18:46,10/18:49,10/19:41,10/19:54,0:52:00,HLP,HLP,15,10,1,1,NML,1,2025
1273,A320,PKPWK,PAS,PAS202,PAS203,10/18:59,10/19:07,10/19:49,10/20:01,0:42:00,CGK,CGK,5,10,1,1,NML,1,2025
1274,A320,PKSAJ,SJV,SJV723,SJV616,10/19:52,10/19:55,10/20:45,10/20:58,0:50:00,DPS,BPN,12,10,1,1,NML,1,2025
1275,A320,PKGTE,CTV,CTV489,CTV719,10/20:14,10/20:17,10/20:51,10/21:05,0:34:00,BDJ,CGK,8,10,1,1,NML,1,2025
1276,B738,PKGUC,GIA,GIA326,GIA313,10/19:06,10/19:09,10/20:10,10/20:24,1:01:00,CGK,CGK,4,10,1,1,NML,1,2025
1277,A320,PKGQE,CTV,CTV435,CTV662,10/19:48,10/19:53,10/20:29,10/20:41,0:36:00,BPN,DPS,7,10,1,1,NML,1,2025
1278,A320,PKGLT,CTV,CTV736,CTV352,10/19:40,10/19:43,10/20:24,10/20:35,0:41:00,CGK,UPG,10,10,1,1,NML,1,2025
1279,A320,PKGQH,CTV,CTV495,CTV694,10/20:03,10/20:06,10/20:45,10/20:57,0:39:00,BDJ,DPS,9,10,1,1,NML,1,2025
1280,A320,PKGQS,CTV,CTV722,CTV354,10/21:07,10/21:11,10/21:38,10/21:47,0:27:00,CGK,UPG,7,10,1,1,NML,1,2025
1281,A320,PKLUK,BTK,BTK6137,BTK6136,10/19:37,10/19:41,10/22:00,10/22:10,2:19:00,UPG,UPG,11,10,1,1,NML,1,2025
1282,B739,PKLQY,LNI,LNI727,LNI878,10/17:42,10/17:46,11/05:04,11/05:13,11:18:00,KDI,AMQ,18,28,0,0,NML,1,2025
1283,A320,PKBKJ,BTK,BTK6586,BTK7508,10/21:03,10/21:06,11/04:58,11/05:10,7:52:00,CGK,HLP,10,28,1,1,NML,1,2025
"1284,A320,PKSAK,SJV,SJV643,SJV610,08/15:35,08/15:39,11/05:00,11/05:11,""2 days, 13:20:16"",AAP,BPN,24,28,0,0,NML,1,2025"
1285,A320,PKGQL,CTV,CTV726,CTV430,10/20:54,10/20:58,11/04:58,11/05:07,8:00:00,CGK,BPN,4,28,1,1,NML,1,2025
1286,B739,PKLHM,LNI,LNI695,LNI786,10/16:37,10/16:42,11/05:02,11/05:15,12:20:00,KOE,UPG,C05,28,0,0,NML,1,2025
1287,A320,PKAZG,AWQ,AWQ327,AWQ320,10/23:45,10/23:48,11/05:02,11/05:16,5:14:00,KUL,KUL,A07,28,1,1,NML,1,2025
1288,A320,PKGQE,CTV,CTV695,CTV725,10/22:52,10/22:59,11/05:53,11/06:05,6:54:00,DPS,CGK,7,28,1,1,NML,1,2025
1289,A320,PKBKM,BTK,BTK6572,BTK6573,11/05:00,11/05:06,11/05:55,11/06:15,0:49:00,CGK,CGK,11,28,1,1,NML,1,2025
1290,A320,PKPWL,PAS,PAS212,PAS213,10/20:32,10/20:38,11/05:42,11/05:54,9:04:00,CGK,CGK,5,28,1,1,NML,1,2025
1291,B739,PKLGU,LNI,LNI709,LNI690,10/16:14,10/16:16,11/06:01,11/06:07,13:45:00,UPG,KOE,C04,10,0,0,NML,1,2025
1292,B739,PKLSH,LNI,-,LNI266,--:--,--:--,12/05:59,--:--,None,-,BPN,22,28,0,-,NML,1,2025
1293,A320,V8RBA,RBA,RBA795,RBA796,10/20:25,10/20:31,11/05:47,11/05:58,9:16:00,BWN,BWN,A04,28,1,1,NML,1,2025
1294,A320,PKSJR,SJV,SJV643,SJV706,10/15:57,10/16:05,11/06:04,11/06:18,13:59:00,AAP,DPS,C03,10,0,0,NML,1,2025
1295,A320,PKGQC,CTV,CTV353,CTV670,11/05:05,11/05:13,11/05:49,11/06:02,0:36:00,UPG,LOP,8,28,1,1,NML,1,2025
1296,A320,PKSAG,SJV,SJV673,SJV640,10/20:28,10/20:34,11/06:05,11/06:23,9:31:00,BEJ,AAP,15,10,1,1,NML,1,2025
1297,A320,PKLAF,BTK,BTK7521,BTK6589,10/20:19,10/20:23,11/06:03,11/06:16,9:40:00,HLP,CGK,17,10,1,1,NML,1,2025
1298,B739,PKLHH,LNI,LNI707,LNI882,10/14:48,10/14:53,11/05:58,11/06:09,15:05:00,UPG,UPG,26,10,0,0,NML,1,2025
1299,A320,PKAZO,AWQ,AWQ325,AWQ386,10/20:05,10/20:11,11/06:01,11/06:10,9:50:00,KUL,PEN,A01,10,1,1,NML,1,2025
1300,A320,PKBKR,BTK,BTK6413,BTK6412,10/20:09,10/20:13,11/06:14,11/06:24,10:01:00,DPS,DPS,14,10,1,1,NML,1,2025
1301,A320,PKSAE,SJV,SJV637,SJV634,10/17:29,10/17:32,11/06:36,11/06:42,13:04:00,BDJ,BDJ,20,10,0,0,NML,1,2025
1302,B733F,PKMYV,MYU,MYU935,MYU934,10/08:59,10/09:03,11/07:31,11/07:41,22:28:00,SRG,SIN,C02,10,0,0,NML,1,2025
1303,B738MAX,PKOFI,AFE,AFE921,AFE921,11/06:13,11/06:18,11/07:05,11/07:18,0:46:50,CGK,TIM,5,10,1,1,NML,1,2025
1304,A320,PKSAV,SJV,SJV717,SJV612,11/05:51,11/05:57,11/07:09,11/07:18,1:12:00,LOP,BPN,18,10,0,0,NML,1,2025
1305,B739,PKLHU,LNI,LNI972,LNI971,10/17:03,10/17:07,11/06:57,11/07:11,13:50:00,BTH,BTH,16,10,1,1,NML,1,2025
1306,A320,PKLUW,BTK,BTK6221,BTK6135,10/19:25,10/19:28,11/06:56,11/07:07,11:28:00,BPN,PKN,21,10,0,0,NML,1,2025
1307,B738,PKGFM,GIA,GIA855,GIA854,10/21:28,10/21:36,11/06:57,11/07:09,9:21:00,SIN,SIN,A02,10,1,1,NML,1,2025
1308,B738,PKGMW,GIA,GIA349,GIA305,10/18:08,10/18:14,11/07:00,11/07:14,12:46:00,DPS,CGK,6,10,1,1,NML,1,2025
1309,B739,PKLGS,LNI,LNI363,LNI646,11/06:20,11/06:23,11/07:21,11/07:28,0:57:15,BPN,LOP,15,10,1,1,NML,1,2025
1310,C208,PKVVO,SUS,PKVVO,PKVVO,10/09:17,10/09:20,11/07:23,11/07:33,22:03:00,BXW,LOP,29,10,0,0,NML,1,2025
1311,A320,PKGQH,CTV,CTV661,CTV460,11/06:46,11/06:52,11/07:36,11/07:51,0:44:00,DPS,AAP,7,10,1,1,NML,1,2025
1312,A339,PKLER,LNI,LNI075,LNI106,10/11:20,10/11:29,11/07:42,11/07:56,20:13:00,MED,JED,A05,10,1,1,NML,1,2025
1313,B739,PKLVF,LNI,LNI929,LNI693,11/07:15,11/07:19,11/08:09,11/08:21,0:50:00,DPS,CGK,10,10,1,1,NML,1,2025
1314,B738,PKLKV,LNI,LNI315,LNI982,11/07:05,11/07:08,11/07:55,11/08:04,0:47:00,BDJ,PKU,11,10,1,1,NML,1,2025
1315,A333,BLBJ,CPA,CPA779,CPA780,10/18:32,10/18:40,11/08:06,11/08:16,13:26:00,HKG,HKG,A08,10,1,1,NML,1,2025
1316,B739,PKLSK,LNI,LNI267,LNI990,11/07:11,11/07:14,11/08:15,11/08:27,1:01:00,TRK,DPS,14,10,1,1,NML,1,2025
1317,DHC6,PKICP,PGT,PKICP,PKICP,10/14:36,10/14:40,11/07:40,11/07:46,16:59:50,PAG,PAG,28,10,0,0,NML,1,2025
1318,A320,PKGLG,CTV,CTV355,CTV177,11/07:49,11/07:52,11/08:41,11/08:54,0:49:00,UPG,HLP,6,10,1,1,NML,1,2025
1319,A320,9VJSM,JSA,JSA249,JSA250,11/08:01,11/08:09,11/08:54,11/09:04,0:45:00,SIN,SIN,A07,10,1,1,NML,1,2025
1320,A320,PKLAJ,BTK,BTK6588,BTK6581,10/21:20,10/21:26,11/09:00,11/09:11,11:34:00,CGK,CGK,12,10,1,1,NML,1,2025
1321,B738,PKLJS,LNI,LNI837,LNI748,11/08:13,11/08:17,11/09:25,11/09:39,1:08:00,PNK,MDC,15,10,1,1,NML,1,2025
1322,B738,PKLBS,MXD,MXD352,MXD353,10/19:58,10/20:04,11/09:09,11/09:20,13:05:00,KUL,KUL,A03,10,1,1,NML,1,2025
1323,B739,PKLGY,LNI,LNI693,LNI682,11/06:59,11/07:04,11/09:12,11/09:22,2:08:00,KOE,PKY,20,10,0,0,NML,1,2025
1324,B738,PKGMV,GIA,GIA304,GIA342,11/08:06,11/08:08,11/09:23,11/09:37,1:15:00,CGK,DPS,4,10,1,1,NML,1,2025
1325,A320,PKPWE,PAS,PAS200,PAS201,11/08:19,11/08:23,11/09:17,11/09:30,0:54:00,CGK,CGK,5,10,1,1,NML,1,2025
1326,A320,PKGQC,CTV,CTV671,CTV486,11/08:24,11/08:28,11/09:17,11/09:32,0:49:00,LOP,BDJ,7,10,1,1,NML,1,2025
1327,A320,PKSJR,SJV,SJV703,SJV702,11/08:28,11/08:32,11/09:29,11/09:42,0:57:00,DPS,DPS,14,10,1,1,NML,1,2025
1328,A320,9VTRK,TGW,TGW264,TGW265,11/09:24,11/09:30,11/10:23,11/10:35,0:53:00,SIN,SIN,A02,10,1,1,NML,1,2025
1329,A320,PKGQM,CTV,CTV417,CTV715,11/09:06,11/09:10,11/09:48,11/10:02,0:38:00,PNK,CGK,6,10,1,1,NML,1,2025
1330,B738,9MMXT,MAS,MAS871,MAS870,11/09:14,11/09:19,11/10:02,11/10:17,0:43:00,KUL,KUL,A07,10,1,1,NML,1,2025
1331,B738,9MLDG,MXD,MXD350,MXD351,11/08:58,11/09:03,11/10:02,11/10:11,0:59:00,KUL,KUL,A04,10,1,1,NML,1,2025
1332,A320,PKGQJ,CTV,CTV351,CTV350,11/09:18,11/09:20,11/10:04,11/10:20,0:44:00,UPG,UPG,8,10,1,1,NML,1,2025
1333,A359,9VSHF,SIA,SIA922,SIA923,11/09:35,11/09:41,11/10:38,11/10:51,0:57:00,SIN,SIN,A08,10,1,1,NML,1,2025
1334,A320,PKLAF,BTK,BTK6584,BTK6585,11/10:00,11/10:03,11/11:14,11/11:27,1:11:00,CGK,CGK,12,10,1,1,NML,1,2025
1335,A320,PKSAO,SJV,SJV635,SJV632,11/10:31,11/10:35,11/11:21,11/11:33,0:46:00,BDJ,BDJ,8,10,1,1,NML,1,2025
1336,B739,PKLHH,LNI,LNI791,LNI706,11/09:52,11/09:56,11/10:59,11/11:08,1:03:00,UPG,UPG,20,10,0,0,NML,1,2025
1337,B739,PKLHR,LNI,LNI683,LNI262,11/08:09,11/08:12,11/11:12,11/11:22,3:00:00,PKY,BPN,18,10,0,0,NML,1,2025
1338,A320,PKPWL,PAS,PAS210,PAS211,11/09:28,11/09:31,11/10:38,11/10:49,1:07:00,CGK,CGK,5,10,1,1,NML,1,2025
1339,B739,PKLGL,LNI,LNI970,LNI973,11/10:11,11/10:14,11/11:16,11/11:29,1:02:00,BTH,BTH,16,10,1,1,NML,1,2025
1340,A320,PKLUW,BTK,BTK6134,BTK7516,11/09:39,11/09:43,11/10:45,11/10:55,1:02:00,PKN,HLP,11,10,1,1,NML,1,2025
1341,A320,PKLAM,BTK,BTK7513,BTK6346,11/09:49,11/09:51,11/10:59,11/11:05,1:08:00,HLP,BEJ,9,10,1,1,NML,1,2025
1342,A320,PKSAG,SJV,SJV641,SJV642,11/09:45,11/09:50,11/11:00,11/11:10,1:10:00,AAP,AAP,24,10,0,0,NML,1,2025
1343,B739,PKLGS,LNI,LNI645,LNI822,11/10:18,11/10:21,11/11:22,11/11:31,1:01:00,LOP,LOP,15,10,1,1,NML,1,2025
1344,B739,PKLFY,LNI,LNI694,LNI694,11/10:08,11/10:12,11/11:25,11/11:37,1:13:00,CGK,KOE,17,10,1,1,NML,1,2025
1345,A320,PKAZG,AWQ,AWQ321,AWQ322,11/10:53,11/10:58,11/11:36,11/11:42,0:38:00,KUL,KUL,A01,10,1,1,NML,1,2025
1346,A320,PKLAY,BTK,BTK7517,BTK7520,11/11:24,11/11:28,11/12:45,11/12:52,1:17:00,HLP,HLP,10,28,1,1,NML,1,2025
1347,B738,PKGFF,GIA,GIA322,GIA327,11/10:14,11/10:20,11/11:34,11/11:55,1:14:00,CGK,CGK,4,10,1,1,NML,1,2025
1348,A339,PKLEV,LNI,LNI107,LNI074,10/16:43,10/16:51,11/11:28,11/11:44,18:37:00,JED,MED,A06,10,1,1,NML,1,2025
1349,A320,PKSGC,SJV,SJV363,SJV362,11/11:11,11/11:17,11/12:10,11/12:18,0:53:00,KNO,KNO,12,28,1,1,NML,1,2025
1350,B739,PKLSK,LNI,LNI805,LNI804,11/11:18,11/11:23,11/12:12,11/12:24,0:49:00,DPS,DPS,11,28,1,1,NML,1,2025
1351,A320,PKGQH,CTV,CTV461,CTV698,11/11:39,11/11:42,11/12:26,11/12:35,0:44:00,AAP,DPS,6,28,1,1,NML,1,2025
1352,B739,PKLGU,LNI,LNI697,LNI780,11/10:27,11/10:31,11/12:30,11/12:40,1:59:28,KOE,UPG,14,28,1,1,NML,1,2025
1353,B735,PKNAT,LKN,LKN1930,LKN1920,11/11:35,11/11:37,11/12:21,11/12:31,0:44:00,PKN,PKN,9,28,1,1,NML,1,2025
1354,A320,PKSAS,SJV,SJV727,SJV7000,10/21:25,10/21:27,11/12:30,11/12:40,15:03:00,DPS,DPS,25,28,0,0,NML,1,2025
1355,B738,PKBGZ,BTK,BTK6596,BTK6595,11/12:37,11/12:43,11/14:24,11/14:37,1:41:00,CGK,CGK,11,28,1,1,NML,1,2025
1356,A320,PKAZO,AWQ,AWQ387,AWQ324,11/12:32,11/12:35,11/13:19,11/13:28,0:44:00,PEN,KUL,A01,10,1,1,NML,1,2025
1357,A320,PKGTE,CTV,CTV252,CTV713,11/11:52,11/11:56,11/13:32,11/13:45,1:36:00,CGK,CGK,7,10,1,1,NML,1,2025
1358,A320,PKGQC,CTV,CTV487,CTV668,11/12:22,11/12:30,11/13:28,11/13:43,0:58:00,BDJ,DPS,8,10,1,1,NML,1,2025
1359,B738,PKGMM,GIA,GIA312,GIA317,11/12:29,11/12:34,11/13:40,11/14:10,1:06:00,CGK,CGK,4,10,1,1,NML,1,2025
1360,A320,PKGQS,CTV,CTV716,CTV717,11/13:25,11/13:30,11/14:17,11/14:24,0:47:00,CGK,CGK,6,28,1,1,NML,1,2025
1361,B738,PKLOP,LNI,LNI839,LNI836,11/13:29,11/13:32,11/14:41,11/14:52,1:09:00,PNK,PNK,16,28,1,1,NML,1,2025
1362,A320,PKGQL,CTV,CTV431,CTV948,11/16:18,11/16:24,11/17:08,11/17:16,0:44:00,BPN,BTH,11,28,1,1,NML,1,2025
1363,A320,PKPWC,PAS,PAS208,PAS209,11/14:30,11/14:38,11/15:24,11/15:33,0:46:00,CGK,CGK,5,28,1,1,NML,1,2025
1364,A320,PKLAJ,BTK,BTK6406,BTK6220,11/14:41,11/14:47,11/15:43,11/15:51,0:56:00,CGK,BPN,9,28,1,1,NML,1,2025
1365,C208,PKVVO,SUS,PKVVO,PKVVO,11/14:22,11/14:25,11/15:15,11/15:20,0:50:00,LOP,CJN,29,28,0,0,NML,1,2025
1366,B738,PKGMP,GIA,GIA330,GIA331,11/14:34,11/14:40,11/15:26,11/15:37,0:46:00,HLP,HLP,4,28,1,1,NML,1,2025
1367,B739,PKLGM,LNI,LNI865,LNI920,10/18:16,11/02:58,11/16:07,11/16:16,21:46:00,LOP,DPS,C06,28,0,0,NML,1,2025
1368,A320,PKLUY,BTK,BTK7501,BTK7512,11/14:46,11/14:52,11/15:43,11/15:56,0:51:00,HLP,HLP,10,28,1,1,NML,1,2025
1369,A320,PKGLM,CTV,CTV669,CTV434,11/15:49,11/15:55,11/16:36,11/16:48,0:41:00,DPS,BPN,8,28,1,1,NML,1,2025
1370,B738,PKLJS,LNI,LNI749,LNI581,11/15:23,11/15:28,11/16:27,11/16:37,0:59:00,MDC,CGK,12,28,1,1,NML,1,2025
1371,B738,9MMLR,MAS,MAS873,MAS872,11/15:05,11/15:11,11/15:52,11/16:04,0:41:00,KUL,KUL,A06,28,1,1,NML,1,2025
1372,A320,PKLAM,BTK,BTK6347,BTK6401,11/15:18,11/15:24,11/16:12,11/16:22,0:48:00,BEJ,CGK,11,28,1,1,NML,1,2025
1373,B738,PKLSF,LNI,LNI801,LNI316,11/12:01,11/12:04,11/16:32,11/16:45,4:28:00,UPG,BDJ,20,28,0,0,NML,1,2025
1374,B738,PKGFR,GIA,GIA310,GIA315,11/15:26,11/15:32,11/16:29,11/16:41,0:57:00,CGK,CGK,5,28,1,1,NML,1,2025
1375,A320,PKSTI,SJV,SJV611,SJV648,11/14:39,11/14:45,11/16:30,11/16:43,1:45:00,BPN,BPN,17,28,1,1,NML,1,2025
1376,A320,PKGLG,CTV,CTV174,CTV418,11/15:35,11/15:45,11/16:29,11/16:38,0:44:00,HLP,PNK,6,28,1,1,NML,1,2025
1377,B738MAX,PKOFI,AFE,AFE920,AFE920,11/16:07,11/16:13,11/17:06,11/17:26,0:53:00,TIM,CGK,9,28,1,1,NML,1,2025
1378,B739,PKLFY,LNI,LNI695,LNI268,11/15:58,11/16:05,11/17:02,11/17:14,0:57:00,KOE,TRK,10,28,1,1,NML,1,2025
1379,B739,PKLFF,LNI,LNI692,LNI692,11/16:12,11/16:18,11/17:16,11/17:32,0:58:00,CGK,KOE,15,28,1,1,NML,1,2025
1380,A320,PKPWJ,PAS,PAS206,PAS623,11/15:53,11/15:59,11/16:51,11/16:58,0:52:00,CGK,BPN,4,28,1,1,NML,1,2025
1381,B739,PKLGJ,LNI,LNI787,LNI6005,11/13:37,11/13:42,11/17:13,11/17:28,3:31:00,UPG,LOP,C03,28,0,0,NML,1,2025
1382,A320,PKAZG,AWQ,AWQ323,AWQ326,11/17:24,11/17:28,11/18:04,11/18:16,0:36:00,KUL,KUL,A01,28,1,1,NML,1,2025
1383,B738,PKLKV,LNI,LNI983,LNI838,11/13:31,11/13:34,11/17:30,11/17:42,3:56:00,PKU,PNK,18,28,0,0,NML,1,2025
1384,A320,PKGLX,CTV,CTV176,CTV488,11/16:56,11/17:02,11/17:41,11/17:50,0:39:00,HLP,BDJ,6,28,1,1,NML,1,2025
1385,A320,PKGLR,CTV,CTV722,CTV179,11/20:00,11/20:06,11/20:51,11/21:00,0:45:00,CGK,HLP,11,28,1,1,NML,1,2025
1386,B733F,PKMYV,MYU,MYU935,MYU815,11/16:51,11/16:57,11/17:39,11/17:47,0:42:00,SRG,CGK,C02,28,0,0,NML,1,2025
1387,A320,PKSAS,SJV,SJV723,SJV708,11/17:12,11/17:18,11/18:11,11/18:21,0:53:00,DPS,DPS,12,28,1,1,NML,1,2025
1388,A320,PKPWL,PAS,PAS622,PAS207,11/17:22,11/17:27,11/18:12,11/18:23,0:45:00,BPN,CGK,5,28,1,1,NML,1,2025
1389,A320,PKSAU,SJV,SJV649,SJV716,11/07:48,11/07:52,11/18:40,11/18:49,10:48:00,BPN,LOP,21,28,0,0,NML,1,2025
1390,B738MAX,9VMBF,SIA,SIA928,SIA929,11/17:55,11/17:59,11/18:48,11/19:04,0:49:00,SIN,SIN,A06,28,1,1,NML,1,2025
1391,A320,PKLUW,BTK,BTK7503,BTK7502,11/18:18,11/18:25,11/19:10,11/19:18,0:45:00,HLP,HLP,9,28,1,1,NML,1,2025
1392,B738,PKGUC,GIA,GIA320,GIA325,11/17:59,11/18:05,11/18:51,11/19:02,0:46:00,CGK,CGK,4,28,1,1,NML,1,2025
1393,B738,PKBGZ,BTK,BTK6576,BTK6575,11/18:59,11/19:06,11/20:05,11/20:15,0:59:00,CGK,CGK,12,28,1,1,NML,1,2025
1394,B738,PKCRH,SJY,SJY567,SJY562,11/20:31,11/20:37,11/21:31,11/21:40,0:54:00,UPG,UPG,12,28,1,1,NML,1,2025
1395,A320,PKGQE,CTV,CTV949,CTV494,11/18:27,11/18:33,11/19:17,11/19:29,0:44:00,BTH,BDJ,7,28,1,1,NML,1,2025
1396,B739,PKLSK,LNI,LNI919,LNI880,11/14:56,11/15:01,11/19:45,11/19:58,4:44:00,DPS,UPG,16,28,1,1,NML,1,2025
1397,A320,PKPWK,PAS,PAS202,PAS203,11/19:52,11/20:00,11/20:29,11/20:42,0:29:57,CGK,CGK,5,28,1,1,NML,1,2025
1398,B738,PKGFD,GIA,GIA326,GIA313,11/19:35,11/19:44,11/20:28,11/20:37,0:44:26,CGK,CGK,4,28,1,1,NML,1,2025
1399,A320,PKGQH,CTV,CTV699,CTV719,11/14:53,11/16:30,11/20:58,11/21:06,5:59:00,DPS,CGK,3,28,0,1,NML,1,2025
1400,A320,PKGLX,CTV,CTV495,CTV662,11/20:25,11/20:32,11/21:01,11/21:12,0:28:46,BDJ,DPS,7,28,1,1,NML,1,2025
1401,A320,PKGLT,CTV,CTV736,CTV352,11/19:26,11/19:33,11/20:15,11/20:23,0:42:49,CGK,UPG,7,28,1,1,NML,1,2025
1402,A320,PKGLM,CTV,CTV435,CTV694,11/20:03,11/20:10,11/20:47,11/20:56,0:37:00,BPN,DPS,9,28,1,1,NML,1,2025
1403,A320,PKGQG,CTV,CTV726,CTV354,11/21:10,11/21:17,11/22:05,11/22:16,0:47:14,CGK,UPG,9,28,1,1,NML,1,2025
1404,A320,PKLUS,BTK,BTK6137,BTK6136,11/19:42,11/19:48,11/22:10,11/22:19,2:22:00,UPG,UPG,10,28,1,1,NML,1,2025
1405,A320,PKLAJ,BTK,BTK6221,BTK7508,11/19:07,11/19:12,12/04:57,12/05:09,9:45:00,BPN,HLP,15,28,1,1,NML,1,2025
1406,B738,PKLQY,LNI,LNI879,LNI878,11/10:44,11/10:49,12/05:04,12/05:13,18:15:00,AMQ,AMQ,C05,28,0,0,NML,1,2025
1407,A320,PKGLX,CTV,CTV695,CTV430,11/23:15,11/23:24,12/04:56,12/05:05,5:32:00,DPS,BPN,7,28,1,1,NML,1,2025
1408,B739,PKLSU,LNI,LNI972,LNI786,11/17:40,11/17:47,12/05:06,12/05:17,11:19:47,BTH,UPG,20,28,0,0,NML,1,2025
1409,A320,PKAZO,AWQ,AWQ325,AWQ320,11/19:12,11/19:15,12/05:28,12/05:36,10:13:00,KUL,KUL,A01,28,1,1,NML,1,2025
1410,A320,PKPWC,PAS,PAS212,PAS213,11/20:34,11/20:40,12/05:35,12/05:44,8:55:00,CGK,CGK,5,28,1,1,NML,1,2025
1411,A320,PKGTE,CTV,CTV489,CTV725,11/19:55,11/20:00,12/05:36,12/05:47,9:36:00,BDJ,CGK,C03,28,0,0,NML,1,2025
1412,B739,PKLJI,LNI,LNI690,LNI690,12/05:03,12/05:08,12/05:43,12/05:54,0:35:00,CGK,KOE,11,28,1,1,NML,1,2025
1413,A320,PKGLT,CTV,CTV353,CTV484,12/05:07,12/05:15,12/05:53,12/06:03,0:38:00,UPG,BDJ,7,28,1,1,NML,1,2025
1414,B738,PKLKP,LNI,LNI885,LNI868,11/18:38,12/00:22,12/06:05,12/06:15,11:18:00,UPG,TTE,12,28,1,1,NML,1,2025
1415,A320,PKSAS,SJV,SJV727,SJV706,11/20:41,11/20:45,12/06:01,12/06:11,9:16:00,DPS,DPS,16,28,1,1,NML,1,2025
1416,A320,PKSAG,SJV,SJV643,SJV640,11/15:30,11/15:37,12/06:12,12/06:18,14:35:00,AAP,AAP,25,28,0,0,NML,1,2025
1417,B739,PKLHH,LNI,LNI707,LNI882,11/14:49,11/14:55,12/06:05,12/06:13,15:10:00,UPG,UPG,C04,28,0,0,NML,1,2025
"1418,B739,PKLSH,LNI,LNI805,LNI266,09/11:11,09/11:16,12/05:59,12/06:09,""2 days, 18:42:58"",DPS,BPN,22,28,0,0,NML,1,2025"
1419,A320,PKBLA,BTK,BTK6588,BTK6589,11/21:32,11/21:38,12/05:57,12/06:06,8:19:00,CGK,CGK,14,28,1,1,NML,1,2025
1420,A320,PKSAV,SJV,SJV615,SJV634,11/20:12,11/20:17,12/06:29,12/06:38,10:11:47,BPN,BDJ,18,28,0,0,NML,1,2025
1421,A320,PKSAU,SJV,SJV717,SJV566,12/05:50,12/05:55,12/06:47,12/07:01,0:52:00,LOP,PLW,15,28,1,1,NML,1,2025
1422,B739,PKLGJ,LNI,LNI823,LNI971,11/19:49,11/19:54,12/06:55,12/07:05,11:01:00,LOP,BTH,17,28,1,1,NML,1,2025
1423,A320,PKBKP,BTK,BTK7521,BTK6135,11/20:09,11/20:15,12/07:00,12/07:14,10:45:00,HLP,PKN,8,28,1,1,NML,1,2025
1424,B738,PKGFM,GIA,GIA855,GIA305,11/21:15,11/23:03,12/07:08,12/07:18,9:49:00,SIN,CGK,4,28,1,1,NML,1,2025
1425,B738,PKGMV,GIA,GIA349,GIA854,11/17:51,11/22:45,12/06:58,12/07:09,13:01:00,DPS,SIN,A02,28,1,1,NML,1,2025
1426,B739,PKLHO,LNI,LNI363,LNI646,12/06:21,12/06:27,12/07:17,12/07:26,0:50:00,BPN,LOP,14,28,1,1,NML,1,2025
1427,A320,PKGLL,CTV,CTV170,CTV175,12/07:16,12/07:23,12/07:57,12/08:08,0:34:00,HLP,HLP,6,28,1,1,NML,1,2025
1428,A320,PKAZG,AWQ,AWQ327,AWQ392,11/23:54,11/23:56,12/07:30,12/07:43,7:34:00,KUL,JHB,A03,28,1,1,NML,1,2025
1429,A320,PKGLM,CTV,CTV661,CTV460,12/06:58,12/07:05,12/07:37,12/07:45,0:32:00,DPS,AAP,7,28,1,1,NML,1,2025
1430,B738,PKBBH,BBL,BBL761,BBL762,12/08:00,12/08:08,12/08:42,12/08:49,0:34:00,CGK,CGK,5,28,1,1,NML,1,2025
1431,A339,PKLET,LNI,LNI103,LNI078,11/07:58,11/08:05,12/07:46,12/08:02,23:41:00,JED,MED,A05,28,1,1,NML,1,2025
1432,B739,PKLFF,LNI,LNI693,LNI693,12/07:02,12/07:07,12/08:02,12/08:11,0:55:00,KOE,CGK,9,28,1,1,NML,1,2025
1433,A333,BHWM,CPA,CPA779,CPA780,11/18:14,11/18:20,12/08:05,12/08:16,13:45:00,HKG,HKG,A08,28,1,1,NML,1,2025
1434,B739,PKLFY,LNI,LNI267,LNI990,12/07:07,12/07:13,12/08:19,12/08:26,1:06:00,TRK,DPS,11,28,1,1,NML,1,2025
1435,B738,PKLZM,MXD,MXD352,MXD353,11/19:39,11/19:42,12/08:39,12/08:51,12:57:00,KUL,KUL,A04,28,1,1,NML,1,2025
1436,A320,PKGQI,CTV,CTV355,CTV177,12/07:34,12/07:41,12/08:45,12/08:53,1:04:00,UPG,HLP,8,28,1,1,NML,1,2025
1437,A320,PKLAM,BTK,BTK6586,BTK6581,11/20:44,11/20:50,12/08:59,12/09:07,12:08:50,CGK,CGK,21,28,0,0,NML,1,2025
"1438,A320,PKSAY,SJV,SJV613,SJV618,10/21:34,11/07:28,12/09:01,12/09:16,""1 day, 11:24:00"",BPN,BPN,26,28,0,1,NML,1,2025"
1439,B738,PKLKQ,LNI,LNI837,LNI222,12/07:57,12/08:03,12/09:06,12/09:23,1:03:00,PNK,BDJ,12,28,1,1,NML,1,2025
1440,B739,PKLGO,LNI,LNI929,LNI856,12/07:11,12/07:17,12/09:05,12/09:18,1:48:00,DPS,PLM,16,28,1,1,NML,1,2025
1441,B738,PKLSF,LNI,LNI315,LNI748,12/07:53,12/08:00,12/09:00,12/09:13,1:00:00,BDJ,MDC,14,28,1,1,NML,1,2025
1442,B739,PKLGY,LNI,LNI683,LNI682,12/08:05,12/08:11,12/09:10,12/09:25,0:59:00,PKY,PKY,10,28,1,1,NML,1,2025
1443,A320,PKPWE,PAS,PAS200,PAS201,12/08:32,12/08:37,12/09:20,12/09:34,0:43:00,CGK,CGK,6,28,1,1,NML,1,2025
1444,B738,PKGMU,GIA,GIA304,GIA342,12/08:18,12/08:24,12/09:14,12/09:30,0:50:00,CGK,DPS,4,28,1,1,NML,1,2025
1445,A320,PKSAO,SJV,SJV633,SJV642,11/16:33,11/16:40,12/09:42,12/09:53,17:02:00,BDJ,AAP,24,28,0,0,NML,1,2025
1446,A320,PKSAS,SJV,SJV703,SJV702,12/08:29,12/08:34,12/09:38,12/09:50,1:04:00,DPS,DPS,17,28,1,1,NML,1,2025
1447,A320,PKGLT,CTV,CTV485,CTV486,12/08:39,12/08:43,12/09:31,12/09:42,0:48:00,BDJ,BDJ,7,28,1,1,NML,1,2025
1448,A320,9VTRU,TGW,TGW264,TGW265,12/09:14,12/09:18,12/10:08,12/10:19,0:50:00,SIN,SIN,A02,28,1,1,NML,1,2025
1449,A320,PKGQO,CTV,CTV417,CTV715,12/09:03,12/09:11,12/09:53,12/10:04,0:42:00,PNK,CGK,5,28,1,1,NML,1,2025
1450,B738,9MMXD,MAS,MAS871,MAS870,12/09:07,12/09:11,12/10:03,12/10:15,0:52:00,KUL,KUL,A07,28,1,1,NML,1,2025
1451,B735,PKNAT,LKN,LKN243,LKN242,12/08:59,12/09:04,12/09:47,12/09:57,0:43:00,SMQ,SMQ,11,28,1,1,NML,1,2025
1452,B738,9MLNQ,MXD,MXD350,MXD351,12/08:56,12/09:00,12/09:56,12/10:11,0:56:00,KUL,KUL,A03,28,1,1,NML,1,2025
1453,A320,PKGLO,CTV,CTV351,CTV350,12/09:20,12/09:26,12/10:12,12/10:24,0:46:00,UPG,UPG,6,28,1,1,NML,1,2025
1454,A359,9VSHC,SIA,SIA922,SIA923,12/09:36,12/09:40,12/10:35,12/10:48,0:55:00,SIN,SIN,A08,28,1,1,NML,1,2025
1455,A320,PKBLA,BTK,BTK6584,BTK6585,12/09:48,12/09:54,12/10:54,12/11:07,1:00:00,CGK,CGK,9,10,1,1,NML,1,2025
1456,A320,PKGQJ,CTV,CTV710,CTV723,12/09:30,12/09:37,12/10:27,12/10:36,0:50:00,CGK,CGK,7,10,1,1,NML,1,2025
1457,B739,PKLSH,LNI,LNI367,LNI262,12/09:39,12/09:45,12/10:38,12/10:51,0:53:00,BPN,BPN,15,10,1,1,NML,1,2025
1458,B739,PKLHH,LNI,LNI791,LNI973,12/09:33,12/09:38,12/11:13,12/11:25,1:35:00,UPG,BTH,16,10,1,1,NML,1,2025
1459,B739,PKLHU,LNI,LNI970,LNI706,12/10:11,12/10:15,12/11:20,12/11:31,1:05:00,BTH,UPG,10,10,1,1,NML,1,2025
1460,A320,PKLUI,BTK,BTK7513,BTK7516,12/09:51,12/09:57,12/10:48,12/10:59,0:51:00,HLP,HLP,8,10,1,1,NML,1,2025
1461,A339,PKLER,LNI,LNI107,LNI104,12/07:40,12/07:46,12/10:43,12/10:56,2:57:00,JED,JED,A06,10,1,1,NML,1,2025
1462,A320,PKBKP,BTK,BTK6134,BTK6346,12/09:55,12/10:00,12/12:36,12/12:46,2:36:00,PKN,BEJ,12,10,1,1,NML,1,2025
1463,B739,PKLHO,LNI,LNI645,LNI822,12/10:01,12/10:07,12/10:56,12/11:08,0:49:00,LOP,LOP,14,10,1,1,NML,1,2025
1464,B739,PKLKM,LNI,LNI694,LNI694,12/11:09,12/11:12,12/12:10,12/12:21,0:58:00,CGK,KOE,15,28,1,1,NML,1,2025
1465,A320,PKAZO,AWQ,AWQ321,AWQ322,12/11:12,12/11:16,12/11:57,12/12:05,0:41:00,KUL,KUL,A01,28,1,1,NML,1,2025
"1466,DHC6,PKICP,PGT,PKICP,PKICP,11/10:42,11/10:48,12/11:50,12/11:53,""1 day, 1:02:00"",PAG,PAG,28,28,0,0,NML,1,2025"
1467,B739,PKLJI,LNI,LNI697,LNI697,12/10:17,12/10:22,12/12:05,12/12:19,1:43:00,KOE,CGK,17,28,1,1,NML,1,2025
1468,B738,PKGFU,GIA,GIA322,GIA327,12/10:22,12/10:28,12/11:32,12/11:41,1:04:00,CGK,CGK,4,10,1,1,NML,1,2025
1469,B739,PKLSP,LNI,LNI805,LNI804,12/11:32,12/11:34,12/12:28,12/12:38,0:54:00,DPS,DPS,11,10,1,1,NML,1,2025
1470,A320,PKGLM,CTV,CTV461,CTV698,12/11:19,12/11:23,12/12:10,12/12:25,0:47:00,AAP,DPS,6,28,1,1,NML,1,2025
1471,A320,PKSAU,SJV,SJV567,SJV636,12/11:35,12/11:39,12/12:33,12/12:42,0:54:00,PLW,BDJ,14,10,1,1,NML,1,2025
1472,B738,PKLKQ,LNI,LNI223,LNI680,12/12:19,12/12:22,12/13:17,12/13:29,0:55:00,BDJ,PKY,9,10,1,1,NML,1,2025
1473,A320,PKLAM,BTK,BTK6596,BTK6595,12/12:40,12/12:43,12/13:32,12/13:42,0:49:00,CGK,CGK,10,10,1,1,NML,1,2025
1474,A320,PKPWA,PAS,PAS204,PAS205,12/12:09,12/12:15,12/13:16,12/13:36,1:01:00,CGK,CGK,5,10,1,1,NML,1,2025
1475,B738,PKLKP,LNI,LNI869,LNI722,12/12:19,12/12:24,12/13:21,12/13:32,0:57:00,TTE,KDI,15,10,1,1,NML,1,2025
1476,A320,PKAZG,AWQ,AWQ393,AWQ324,12/12:35,12/12:41,12/13:54,12/14:03,1:13:00,JHB,KUL,A01,10,1,1,NML,1,2025
1477,A320,PKGLT,CTV,CTV487,CTV668,12/12:23,12/12:29,12/13:23,12/13:40,0:54:00,BDJ,DPS,6,10,1,1,NML,1,2025
1478,A320,PKGQS,CTV,CTV252,CTV713,12/13:20,12/13:24,12/14:03,12/14:16,0:38:13,CGK,CGK,7,10,1,1,NML,1,2025
1479,A320,9VJSJ,JSA,JSA247,JSA248,12/13:30,12/13:36,12/14:23,12/14:35,0:47:00,SIN,SIN,A06,10,1,1,NML,1,2025
1480,A320,PKGLS,CTV,CTV716,CTV717,12/15:47,12/15:51,12/16:26,12/16:35,0:35:00,CGK,CGK,5,10,1,1,NML,1,2025
1481,A320,PKSJC,SJV,SJV635,SJV726,12/10:28,12/10:34,12/14:01,12/14:09,3:27:00,BDJ,LBJ,20,10,0,0,NML,1,2025
1482,B738,PKLOP,LNI,LNI839,LNI836,12/13:18,12/13:24,12/14:27,12/14:37,1:03:00,PNK,PNK,17,10,1,1,NML,1,2025
1483,A320,PKGLX,CTV,CTV431,CTV948,12/13:34,12/13:39,12/14:18,12/14:28,0:38:31,BPN,BTH,8,10,1,1,NML,1,2025
1484,A320,PKBKJ,BTK,BTK7515,BTK7514,12/13:50,12/13:54,12/14:52,12/15:04,0:57:22,HLP,HLP,9,10,1,1,NML,1,2025
1485,B738,PKGFP,GIA,GIA312,GIA317,12/13:27,12/13:31,12/14:51,12/15:07,1:19:47,CGK,CGK,4,10,1,1,NML,1,2025
1486,B739,PKLHO,LNI,LNI823,LNI642,12/13:38,12/13:41,12/15:01,12/15:13,1:19:54,LOP,LOP,12,10,1,1,NML,1,2025
1487,A320,PKLUG,BTK,BTK6406,BTK6220,12/15:18,12/15:22,12/16:20,12/16:33,0:57:58,CGK,BPN,8,10,1,1,NML,1,2025
1488,B738,PKGMF,GIA,GIA330,GIA331,12/14:20,12/14:26,12/15:34,12/15:47,1:08:14,HLP,HLP,6,10,1,1,NML,1,2025
1489,A320,PKSAO,SJV,SJV641,SJV614,12/13:47,12/13:50,12/15:22,12/15:31,1:32:52,AAP,BPN,11,10,1,1,NML,1,2025
1490,A320,PKBKV,BTK,BTK7501,BTK7512,12/15:01,12/15:04,12/15:50,12/16:01,0:46:00,HLP,HLP,9,10,1,1,NML,1,2025
1491,A320,PKGLM,CTV,CTV699,CTV434,12/14:54,12/14:57,12/16:15,12/16:30,1:18:00,DPS,BPN,7,10,1,1,NML,1,2025
1492,B738,9MMSG,MAS,MAS873,MAS872,12/15:04,12/15:11,12/15:56,12/16:08,0:45:00,KUL,KUL,A08,10,1,1,NML,1,2025
1493,B739,PKLGO,LNI,LNI857,LNI920,12/13:24,12/13:27,12/16:44,12/16:53,3:16:37,PLM,DPS,16,10,1,1,NML,1,2025
1494,A320,PKBKP,BTK,BTK6347,BTK6401,12/17:10,12/17:19,12/18:12,12/18:22,0:53:29,BEJ,CGK,11,28,1,1,NML,1,2025
1495,B738,PKLSF,LNI,LNI749,LNI581,12/15:10,12/15:13,12/16:13,12/16:24,1:00:34,MDC,CGK,10,10,1,1,NML,1,2025
1496,B738,PKLQY,LNI,LNI879,LNI316,12/15:14,12/15:17,12/16:14,12/16:28,0:57:21,AMQ,BDJ,14,10,1,1,NML,1,2025
1497,A320,PKSAG,SJV,SJV643,SJV672,12/15:37,12/15:39,12/16:45,12/16:54,1:06:00,AAP,BEJ,12,10,1,1,NML,1,2025
1498,B738,PKGFU,GIA,GIA310,GIA315,12/15:28,12/15:32,12/16:36,12/16:44,1:04:00,CGK,CGK,4,10,1,1,NML,1,2025
1499,A320,PKGQI,CTV,CTV174,CTV418,12/15:43,12/15:47,12/16:32,12/16:42,0:45:06,HLP,PNK,6,10,1,1,NML,1,2025
1500,B739,PKLHM,LNI,LNI801,LNI268,12/11:15,12/11:33,12/16:58,12/17:08,5:25:26,UPG,TRK,25,10,0,0,NML,1,2025
1501,B739,PKLJI,LNI,LNI692,LNI692,12/15:59,12/16:03,12/16:58,12/17:05,0:55:12,CGK,KOE,17,10,1,1,NML,1,2025
1502,A320,PKPWC,PAS,PAS206,PAS623,12/16:21,12/16:25,12/17:05,12/17:19,0:39:29,CGK,BPN,7,10,1,1,NML,1,2025
1503,B738,PKLKW,LNI,LNI709,LNI800,12/16:16,12/16:21,12/17:20,12/17:31,0:58:46,UPG,UPG,21,10,0,0,NML,1,2025
1504,A320,PKGQK,CTV,CTV669,CTV488,12/16:25,12/16:29,12/17:01,12/17:15,0:32:00,DPS,BDJ,8,28,1,1,NML,1,2025
1505,A320,PKLAY,BTK,BTK7559,BTK7559,12/16:11,12/16:14,12/17:15,12/17:25,1:01:42,SRG,SRG,22,10,0,0,DVT,1,2025
1506,A339,PKLEV,LNI,LNI075,LNI100,12/13:57,12/14:05,12/17:14,12/17:25,3:09:00,JED,JED,A05,28,1,1,NML,1,2025
1507,B739,PKLHU,LNI,LNI707,LNI226,12/15:07,12/15:10,12/18:53,12/18:55,3:42:24,UPG,BDJ,18,28,0,0,NML,1,2025
1508,A320,PKBKM,BTK,BTK6578,BTK7579,12/17:16,12/17:24,12/18:19,12/18:30,0:55:00,CGK,CGK,10,28,1,1,NML,1,2025
1509,A320,PKAZO,AWQ,AWQ323,AWQ326,12/18:23,12/18:27,12/19:11,12/19:23,0:44:00,KUL,KUL,A01,28,1,1,NML,1,2025
1510,B738,PKLKQ,LNI,LNI681,LNI838,12/16:13,12/16:21,12/17:36,12/17:48,1:15:00,PKY,PNK,15,10,1,1,NML,1,2025
1511,A320,PKSJI,SJV,SJV619,SJV632,12/18:52,12/18:58,12/19:45,12/19:54,0:47:00,BPN,BDJ,11,28,1,1,NML,1,2025
1512,A320,PKSAO,SJV,SJV617,SJV708,12/19:01,12/19:07,12/19:49,12/20:03,0:42:00,BPN,DPS,10,28,1,1,NML,1,2025
1513,A320,PKPWH,PAS,PAS622,PAS207,12/17:13,12/17:19,12/18:12,12/18:19,0:53:24,BPN,CGK,5,28,1,1,NML,1,2025
1514,A320,PKSAU,SJV,SJV637,SJV716,12/15:30,12/15:36,12/18:50,12/18:57,3:13:25,BDJ,LOP,20,28,0,0,NML,1,2025
1515,A320,PKGQS,CTV,CTV718,CTV711,12/17:48,12/17:51,12/18:29,12/18:37,0:37:04,CGK,CGK,7,28,1,1,NML,1,2025
1516,B738,PKGFS,GIA,GIA320,GIA325,12/17:56,12/17:57,12/18:50,12/19:04,0:52:57,CGK,CGK,4,28,1,1,NML,1,2025
1517,B738MAX,9VMBH,SIA,SIA928,SIA929,12/18:03,12/18:10,12/19:04,12/19:12,0:54:00,SIN,SIN,A06,28,1,1,NML,1,2025
1518,B738,PKCRH,SJY,SJY567,SJY562,12/17:58,12/18:00,12/18:55,12/19:06,0:54:09,UPG,UPG,12,10,1,1,NML,1,2025
1519,A320,PKGLL,CTV,CTV172,CTV173,12/21:03,12/21:10,12/21:53,12/22:01,0:43:00,HLP,HLP,5,28,1,1,NML,1,2025
1520,B788,9VOFD,TGW,TGW262,TGW263,12/19:29,12/19:34,12/21:13,12/21:27,1:39:40,SIN,SIN,A07,28,1,1,NML,1,2025
1521,A320,PKBKV,BTK,BTK7519,BTK7518,12/19:14,12/19:20,12/20:00,12/20:10,0:39:33,HLP,HLP,9,28,1,1,NML,1,2025
1522,B739,PKLKM,LNI,LNI695,LNI880,12/16:48,12/16:54,12/19:50,12/20:07,2:56:00,KOE,UPG,14,28,1,1,NML,1,2025
1523,A320,PKGQT,CTV,CTV949,CTV494,12/19:52,12/19:59,12/20:33,12/20:41,0:34:00,BTH,BDJ,5,28,1,1,NML,1,2025
1524,A320,PKGLM,CTV,CTV435,CTV662,12/19:42,12/19:47,12/20:24,12/20:36,0:37:00,BPN,DPS,3,28,0,0,NML,1,2025
1525,A320,PKLUK,BTK,BTK6588,BTK6587,12/19:34,12/19:40,12/20:29,12/20:38,0:49:00,CGK,CGK,12,28,1,1,NML,1,2025
1526,A320,PKGQK,CTV,CTV495,CTV694,12/19:59,12/20:06,12/20:47,12/20:57,0:41:00,BDJ,DPS,8,28,1,1,NML,1,2025
1527,A320,PKGQU,CTV,CTV489,CTV352,12/19:49,12/19:57,12/21:00,12/21:13,1:02:44,BDJ,UPG,7,28,1,1,NML,1,2025
1528,A320,PKGQM,CTV,CTV736,CTV719,12/20:05,12/20:12,12/20:52,12/21:09,0:40:00,CGK,CGK,11,28,1,1,NML,1,2025
1529,A320,PKGQJ,CTV,CTV722,CTV354,12/20:51,12/20:58,12/21:43,12/21:53,0:45:02,CGK,UPG,10,28,1,1,NML,1,2025
1530,B738,PKGFP,GIA,GIA324,GIA329,12/20:14,12/20:21,12/21:09,12/21:18,0:48:00,CGK,CGK,4,28,1,1,NML,1,2025
1531,A320,PKLUF,BTK,BTK6137,BTK6136,12/19:20,12/19:26,12/22:26,12/22:38,3:00:19,UPG,UPG,15,28,1,1,NML,1,2025
1532,B739,PKLGJ,LNI,LNI972,LNI878,12/17:42,12/17:46,13/04:58,13/05:11,11:11:39,BTH,AMQ,21,28,0,0,NML,1,2025
1533,A320,PKLAM,BTK,BTK6586,BTK7508,12/21:15,12/21:20,13/05:01,13/05:15,7:41:00,CGK,HLP,8,28,1,1,NML,1,2025
1534,A320,PKGQN,CTV,CTV726,CTV430,12/21:11,12/21:17,13/04:56,13/05:13,7:39:00,CGK,BPN,7,28,1,1,NML,1,2025
1535,A320,PKSAO,SJV,SJV727,SJV610,12/22:30,12/22:36,13/04:54,13/05:07,6:18:00,DPS,BPN,14,28,1,1,NML,1,2025
1536,B733F,PKMYV,MYU,MYU935,MYU815,12/13:54,12/13:57,13/04:57,13/05:00,14:59:46,SRG,CGK,C02,10,0,0,NML,1,2025
1537,B739,PKLHR,LNI,LNI919,LNI786,12/15:39,12/15:44,13/05:10,13/05:19,13:26:00,DPS,UPG,24,28,0,0,NML,1,2025
1538,A320,PKAZG,AWQ,AWQ325,AWQ320,12/20:08,12/20:12,13/05:00,13/05:16,8:48:00,KUL,KUL,A01,28,1,1,NML,1,2025
1539,A320,PKPWD,PAS,PAS212,PAS213,12/20:26,12/20:32,13/05:40,13/05:49,9:08:00,CGK,CGK,9,28,1,1,NML,1,2025
1540,A320,PKGLM,CTV,CTV695,CTV725,12/22:58,12/23:07,13/05:40,13/05:48,6:33:00,DPS,CGK,5,28,1,1,NML,1,2025
1541,B739,PKLGY,LNI,LNI690,LNI690,13/05:02,13/05:08,13/05:49,13/05:58,0:40:34,CGK,KOE,15,28,1,1,NML,1,2025
1542,A320,V8RBB,RBA,RBA795,RBA796,12/20:54,12/20:58,13/05:45,13/05:57,8:47:00,BWN,BWN,A06,28,1,1,NML,1,2025
1543,A320,PKSAG,SJV,SJV673,SJV640,12/21:01,12/21:06,13/06:01,13/06:13,8:54:57,BEJ,AAP,C03,10,0,0,NML,1,2025
1544,A320,PKSJC,SJV,SJV725,SJV706,12/17:45,12/17:49,13/05:59,13/06:15,12:09:47,LBJ,DPS,22,10,0,0,NML,1,2025
1545,A320,PKGLT,CTV,CTV353,CTV484,13/05:09,13/05:16,13/05:53,13/06:01,0:36:51,UPG,BDJ,6,28,1,1,NML,1,2025
1546,A320,PKLUW,BTK,BTK7521,BTK6589,12/20:18,12/20:22,13/05:54,13/06:03,9:32:46,HLP,CGK,16,28,1,1,NML,1,2025
1547,B739,PKLHO,LNI,LNI865,LNI882,12/17:49,12/18:00,13/06:04,13/06:18,12:04:00,LOP,UPG,17,28,1,1,NML,1,2025
1548,A320,PKLAI,BTK,BTK6413,BTK6412,12/21:55,12/22:04,13/06:16,13/06:25,8:12:00,DPS,DPS,11,28,1,1,NML,1,2025
1549,A320,PKSJP,SJV,SJV723,SJV634,12/20:34,12/20:38,13/06:35,13/06:42,9:57:00,DPS,BDJ,26,10,0,0,NML,1,2025
1550,A320,PKSAY,SJV,SJV633,SJV566,12/22:35,12/22:42,13/06:59,13/07:13,8:17:00,BDJ,PLW,12,10,1,1,NML,1,2025
1551,A320,PKLUG,BTK,BTK6221,BTK6135,12/20:22,12/20:27,13/07:00,13/07:11,10:32:01,BPN,PKN,18,28,0,0,NML,1,2025
1552,DHC6,PKICP,PGT,PKICP,PKICP,12/14:43,12/14:45,13/07:18,13/07:28,16:33:00,PAG,PAG,28,10,0,0,NML,1,2025
1553,B739,PKLGP,LNI,LNI311,LNI971,13/06:06,13/06:12,13/06:55,13/07:09,0:43:07,BDJ,BTH,14,10,1,1,NML,1,2025
1554,B738,PKGFQ,GIA,GIA349,GIA854,12/18:11,12/23:12,13/06:52,13/07:03,12:40:00,DPS,SIN,A02,10,1,1,NML,1,2025
1555,B738,PKGMV,GIA,GIA855,GIA305,12/21:51,12/23:37,13/07:03,13/07:17,9:08:00,SIN,CGK,4,10,1,1,NML,1,2025
1556,B739,PKLGV,LNI,LNI363,LNI646,13/06:22,13/06:25,13/07:17,13/07:27,0:52:00,BPN,LOP,15,10,1,1,NML,1,2025
1557,A320,PKLUS,BTK,BTK7511,BTK7510,13/06:28,13/06:31,13/07:24,13/07:34,0:53:00,HLP,HLP,10,10,1,1,NML,1,2025
1558,A320,PKGLR,CTV,CTV170,CTV175,13/06:25,13/06:29,13/07:18,13/07:33,0:48:02,HLP,HLP,6,10,1,1,NML,1,2025
1559,A320,PKAZI,AWQ,AWQ327P,AWQ392,13/05:05,13/05:08,13/07:33,13/07:40,2:25:00,KUL,JHB,A03,10,1,1,NML,1,2025
1560,A320,PKGQK,CTV,CTV661,CTV460,13/06:39,13/06:42,13/07:31,13/07:42,0:49:00,DPS,AAP,5,10,1,1,NML,1,2025
1561,B738,PKLKP,LNI,LNI727,LNI693,12/17:33,12/17:37,13/07:54,13/08:08,14:16:50,KDI,CGK,25,10,0,0,NML,1,2025
1562,A333,BLAD,CPA,CPA779,CPA780,12/18:27,12/18:31,13/08:10,13/08:22,13:39:00,HKG,HKG,A08,10,1,1,NML,1,2025
1563,B739,PKLHM,LNI,LNI267,LNI990,13/07:10,13/07:13,13/08:18,13/08:32,1:05:00,TRK,DPS,11,10,1,1,NML,1,2025
1564,A320,PKBKM,BTK,BTK6572,BTK6573,13/07:31,13/07:34,13/08:32,13/08:41,0:57:23,CGK,CGK,9,10,1,1,NML,1,2025
1565,A320,PKGLY,CTV,CTV355,CTV177,13/07:45,13/07:49,13/08:41,13/08:53,0:51:15,UPG,HLP,7,10,1,1,NML,1,2025
1566,A320,PKLAT,BTK,BTK6576,BTK6581,12/22:21,12/22:26,13/09:08,13/09:16,10:41:56,CGK,CGK,C04,10,0,0,NML,1,2025
1567,B739,PKLGO,LNI,LNI929,LNI856,13/06:59,13/07:03,13/08:55,13/09:00,1:51:11,DPS,PLM,16,10,1,1,NML,1,2025
1568,A320,PKSAU,SJV,SJV717,SJV618,13/05:53,13/05:58,13/09:01,13/09:13,3:02:33,LOP,BPN,21,10,0,0,NML,1,2025
1569,B738,PKLKQ,LNI,LNI837,LNI748,13/08:00,13/08:03,13/08:58,13/09:10,0:55:00,PNK,MDC,12,10,1,1,NML,1,2025
1570,B738,PKLZM,MXD,MXD352,MXD353,12/20:01,12/20:04,13/09:13,13/09:25,13:09:00,KUL,KUL,A04,10,1,1,NML,1,2025
1571,C208,PKVVF,SUS,PKVVF,PKVVF,13/08:00,13/08:00,13/09:05,13/09:12,1:05:00,CJN,BXW,29,10,0,0,NML,1,2025
1572,B739,PKLFW,LNI,LNI683,LNI682,13/08:15,13/08:17,13/09:05,13/09:19,0:47:24,PKY,PKY,10,10,1,1,NML,1,2025
1573,B738,PKGMP,GIA,GIA304,GIA342,13/08:06,13/08:10,13/09:19,13/09:37,1:08:12,CGK,DPS,4,10,1,1,NML,1,2025
1574,A320,PKGLT,CTV,CTV485,CTV486,13/08:29,13/08:32,13/09:13,13/09:30,0:40:22,BDJ,BDJ,5,10,1,1,NML,1,2025
1575,A320,PKSJC,SJV,SJV703,SJV702,13/08:33,13/08:36,13/09:31,13/09:42,0:54:52,DPS,DPS,15,10,1,1,NML,1,2025
1576,A320,9VTRO,TGW,TGW264,TGW265,13/09:07,13/09:12,13/10:12,13/10:22,0:59:03,SIN,SIN,A02,10,1,1,NML,1,2025
1577,A320,PKGQA,CTV,CTV417,CTV715,13/08:53,13/08:58,13/09:46,13/09:57,0:48:00,PNK,CGK,6,10,1,1,NML,1,2025
1578,B738,9MMXF,MAS,MAS871,MAS870,13/08:50,13/08:59,13/09:48,13/10:03,0:49:06,KUL,KUL,A06,10,1,1,NML,1,2025
1579,B735,PKNAT,LKN,LKN243,LKN242,13/09:31,13/09:33,13/10:18,13/10:31,0:45:47,SMQ,SMQ,11,10,1,1,NML,1,2025
1580,B38M,9MLRK,MXD,MXD350,MXD351,13/08:58,13/09:04,13/10:34,13/10:47,1:30:00,KUL,KUL,A03,10,1,1,NML,1,2025
1581,A320,PKGQL,CTV,CTV351,CTV350,13/09:22,13/09:26,13/10:11,13/10:20,0:45:00,UPG,UPG,8,10,1,1,NML,1,2025
1582,A359,9VSHA,SIA,SIA922,SIA923,13/09:24,13/09:25,13/10:21,13/10:35,0:56:00,SIN,SIN,A08,10,1,1,NML,1,2025
1583,A320,PKSJP,SJV,SJV635,SJV632,13/09:27,13/09:30,13/10:24,13/10:29,0:54:00,BDJ,BDJ,14,10,1,1,NML,1,2025
1584,B739,PKLHO,LNI,LNI791,LNI706,13/09:54,13/09:58,13/10:48,13/11:00,0:50:00,UPG,UPG,9,10,1,1,NML,1,2025
1585,A320,PKPWD,PAS,PAS210,PAS211,13/09:34,13/09:37,13/10:31,13/10:44,0:54:13,CGK,CGK,5,10,1,1,NML,1,2025
1586,B739,PKLHM,LNI,LNI805,LNI973,13/11:17,13/11:20,13/12:05,13/12:15,0:45:00,DPS,BTH,17,10,1,1,NML,1,2025
1587,A320,PKLUG,BTK,BTK6134,BTK7516,13/09:51,13/09:55,13/11:09,13/11:21,1:14:00,PKN,HLP,10,10,1,1,NML,1,2025
1588,A320,PKLUY,BTK,BTK7513,BTK6346,13/10:13,13/10:18,13/11:12,13/11:29,0:54:00,HLP,BEJ,12,10,1,1,NML,1,2025
1589,B739,PKLGV,LNI,LNI645,LNI822,13/10:17,13/10:22,13/11:09,13/11:19,0:47:00,LOP,LOP,15,10,1,1,NML,1,2025
1590,B739,PKLHY,LNI,LNI694,LNI694,13/10:32,13/10:36,13/11:35,13/11:46,0:59:00,CGK,KOE,16,10,1,1,NML,1,2025
1591,A320,PKAZG,AWQ,AWQ321,AWQ322,13/10:57,13/11:02,13/11:33,13/11:42,0:31:00,KUL,KUL,A01,10,1,1,NML,1,2025
1592,B739,PKLJI,LNI,LNI693,LNI697,13/06:55,13/06:58,13/11:33,13/11:40,4:34:16,KOE,CGK,24,10,0,0,NML,1,2025
1593,C208,PKVVF,SUS,PKVVF,PKVVF,13/10:53,13/10:55,13/11:17,13/11:22,0:21:39,BXW,BXW,29,10,0,0,NML,1,2025
1594,B738,PKGNE,GIA,GIA322,GIA327,13/10:01,13/10:05,13/11:32,13/11:44,1:26:59,CGK,CGK,4,10,1,1,NML,1,2025
1595,A320,PKLUS,BTK,BTK7517,BTK7520,13/10:45,13/10:47,13/11:45,13/11:53,0:57:17,HLP,HLP,8,10,1,1,NML,1,2025
1596,B739,PKLGY,LNI,LNI697,LNI804,13/10:23,13/10:27,13/12:38,13/12:49,2:11:00,KOE,DPS,21,10,0,0,NML,1,2025
1597,A320,PKBLC,BTK,BTK6582,BTK6585,13/12:22,13/12:26,13/13:18,13/13:35,0:52:00,CGK,CGK,9,10,1,1,NML,1,2025
1598,A320,PKGQK,CTV,CTV461,CTV698,13/11:12,13/11:16,13/12:11,13/12:24,0:54:39,AAP,DPS,6,10,1,1,NML,1,2025
1599,A320,PKSAY,SJV,SJV567,SJV636,13/11:26,13/11:30,13/12:23,13/12:34,0:53:00,PLW,BDJ,11,10,1,1,NML,1,2025
1600,B739,PKLGU,LNI,LNI801,LNI780,13/11:49,13/11:52,13/12:47,13/12:59,0:55:00,UPG,UPG,10,10,1,1,NML,1,2025
1601,A339,PKLER,LNI,LNI105,LNI074,13/10:42,13/10:52,13/13:14,13/13:26,2:21:21,JED,MED,A06,10,1,1,NML,1,2025
1602,A320,PKGLT,CTV,CTV487,CTV668,13/11:57,13/12:00,13/12:46,13/12:55,0:46:19,BDJ,DPS,7,10,1,1,NML,1,2025
1603,A320,PKBKM,BTK,BTK6596,BTK6595,13/12:26,13/12:30,13/13:17,13/13:31,0:46:04,CGK,CGK,12,10,1,1,NML,1,2025
1604,A320,PKAZI,AWQ,AWQ393,AWQ324,13/12:41,13/12:46,13/13:25,13/13:41,0:39:00,JHB,KUL,A01,10,1,1,NML,1,2025
1605,A320,PKPWI,PAS,PAS204,PAS205,13/12:09,13/12:13,13/13:15,13/13:24,1:02:00,CGK,CGK,5,10,1,1,NML,1,2025
1606,B738,PKLQY,LNI,LNI315,LNI722,13/07:54,13/07:59,13/13:32,13/13:48,5:32:17,BDJ,KDI,22,10,0,0,NML,1,2025
1607,A320,PKSAG,SJV,SJV641,SJV726,13/09:47,13/09:50,13/14:00,13/14:10,4:09:50,AAP,LBJ,25,10,0,0,NML,1,2025
1608,B738,PKLOP,LNI,LNI839,LNI836,13/13:29,13/13:32,13/14:38,13/15:01,1:06:00,PNK,PNK,16,28,1,1,NML,1,2025
1609,B738,PKGUA,GIA,GIA312,GIA317,13/13:42,13/13:44,13/14:35,13/14:48,0:51:00,CGK,CGK,4,10,1,1,NML,1,2025
1610,A339,PKLET,LNI,LNI079,LNI106,13/09:58,13/10:06,13/19:36,13/19:55,9:30:00,JED,JED,A05,28,1,1,NML,1,2025
1611,B739,PKLGO,LNI,LNI857,LNI910,13/13:33,13/13:36,13/14:29,13/14:42,0:53:00,PLM,DPS,14,10,1,1,NML,1,2025
1612,A320,PKGQN,CTV,CTV431,CTV948,13/13:46,13/13:51,13/14:24,13/14:35,0:33:00,BPN,BTH,6,10,1,1,NML,1,2025
1613,B739,PKLFK,LNI,LNI787,LNI260,13/13:36,13/13:39,13/14:42,13/14:55,1:03:00,UPG,BPN,15,28,1,1,NML,1,2025
1614,A320,PKPWK,PAS,PAS208,PAS209,13/14:01,13/14:06,13/15:06,13/15:12,1:00:00,CGK,CGK,7,28,1,1,NML,1,2025
1615,B739,PKLHO,LNI,LNI707,LNI642,13/14:32,13/14:36,13/15:30,13/15:38,0:54:00,UPG,LOP,12,28,1,1,NML,1,2025
1616,A320,PKBKP,BTK,BTK6406,BTK6220,13/14:27,13/14:31,13/15:11,13/15:18,0:40:00,CGK,BPN,9,28,1,1,NML,1,2025
1617,B738,PKGFI,GIA,GIA330,GIA331,13/14:12,13/14:16,13/15:21,13/15:33,1:05:00,HLP,HLP,5,28,1,1,NML,1,2025
1618,A320,PKLUS,BTK,BTK7501,BTK7512,13/15:03,13/15:09,13/15:59,13/16:09,0:50:00,HLP,HLP,8,28,1,1,NML,1,2025
1619,A320,PKGQK,CTV,CTV699,CTV434,13/14:58,13/15:05,13/15:39,13/15:47,0:33:42,DPS,BPN,6,28,1,1,NML,1,2025
1620,A320,PKSAO,SJV,SJV611,SJV672,13/14:39,13/14:43,13/15:49,13/15:58,1:06:00,BPN,BEJ,10,28,1,1,NML,1,2025
1621,B738,PKLKQ,LNI,LNI749,LNI581,13/14:45,13/14:48,13/15:45,13/15:55,0:57:00,MDC,CGK,11,28,1,1,NML,1,2025
1622,A320,9VJSM,JSA,JSA247,JSA248,13/14:29,13/14:35,13/15:27,13/15:40,0:52:00,SIN,SIN,A07,28,1,1,NML,1,2025
1623,A320,PKLUY,BTK,BTK6347,BTK6401,13/16:07,13/16:12,13/17:08,13/17:15,0:56:00,BEJ,CGK,11,28,1,1,NML,1,2025
1624,B738,PKLKV,LNI,LNI883,LNI316,12/21:06,12/21:12,13/16:18,13/16:30,19:06:00,UPG,BDJ,20,28,0,0,NML,1,2025
1625,B738MAX,9VMBN,SIA,SIA926,SIA927,13/16:31,13/16:35,13/17:28,13/17:45,0:53:00,SIN,SIN,A07,28,1,1,NML,1,2025
1626,A320,PKSAY,SJV,SJV637,SJV648,13/15:16,13/15:21,13/16:33,13/16:46,1:12:00,BDJ,BPN,14,28,1,1,NML,1,2025
1627,B738,PKGNE,GIA,GIA310,GIA315,13/15:31,13/15:38,13/16:31,13/16:42,0:53:00,CGK,CGK,4,28,1,1,NML,1,2025
1628,A320,PKGLR,CTV,CTV174,CTV418,13/15:36,13/15:42,13/16:29,13/16:38,0:47:00,HLP,PNK,7,28,1,1,NML,1,2025
1629,B739,PKLHY,LNI,LNI695,LNI268,13/16:02,13/16:09,13/17:00,13/17:09,0:51:00,KOE,TRK,10,28,1,1,NML,1,2025
1630,B739,PKLGY,LNI,LNI919,LNI692,13/15:29,13/15:34,13/17:29,13/17:40,1:55:00,DPS,KOE,16,28,1,1,NML,1,2025
1631,A320,PKPWJ,PAS,PAS206,PAS623,13/16:27,13/16:36,13/17:22,13/17:28,0:46:00,CGK,BPN,5,28,1,1,NML,1,2025
1632,A320,PKGQF,CTV,CTV669,CTV488,13/15:52,13/15:59,13/16:48,13/16:58,0:49:00,DPS,BDJ,6,28,1,1,NML,1,2025
1633,B739,PKLFO,LNI,LNI970,LNI226,13/12:46,13/12:50,13/17:57,13/18:07,5:06:36,BTH,BDJ,24,28,0,0,NML,1,2025
1634,A320,PKAZG,AWQ,AWQ323,AWQ326,13/17:16,13/17:19,13/17:56,13/18:11,0:37:00,KUL,KUL,A01,28,1,1,NML,1,2025
1635,B738,PKLJS,LNI,LNI692,LNI838,13/16:17,13/16:24,13/17:25,13/17:33,1:01:00,CGK,PNK,12,28,1,1,NML,1,2025
1636,A320,PKGLY,CTV,CTV176,CTV179,13/16:40,13/16:46,13/17:31,13/17:42,0:45:00,HLP,HLP,9,28,1,1,NML,1,2025
1637,A320,PKSTA,SJV,SJV619,SJV708,13/16:44,13/16:51,13/18:08,13/18:20,1:17:00,BPN,DPS,14,28,1,1,NML,1,2025
1638,A320,PKGQA,CTV,CTV718,CTV711,13/17:20,13/17:29,13/18:18,13/18:27,0:49:00,CGK,CGK,7,28,1,1,NML,1,2025
1639,A320,PKPWD,PAS,PAS622,PAS207,13/17:13,13/17:20,13/18:08,13/18:18,0:48:00,BPN,CGK,6,28,1,1,NML,1,2025
1640,B739,PKLGJ,LNI,LNI879,LNI800,13/15:07,13/15:12,13/18:28,13/18:37,3:16:00,AMQ,UPG,18,28,0,0,NML,1,2025
1641,A320,PKLAY,BTK,BTK7503,BTK7502,13/18:04,13/18:11,13/18:55,13/19:02,0:44:00,HLP,HLP,8,28,1,1,NML,1,2025
1642,B738MAX,9VMBE,SIA,SIA928,SIA929,13/18:08,13/18:12,13/18:59,13/19:13,0:47:00,SIN,SIN,A07,28,1,1,NML,1,2025
1643,B738,PKGNC,GIA,GIA320,GIA325,13/17:30,13/17:38,13/18:31,13/18:43,0:53:00,CGK,CGK,4,28,1,1,NML,1,2025
1644,B738,PKCRH,SJY,SJY567,SJY562,13/18:01,13/18:06,13/18:55,13/19:05,0:49:00,UPG,UPG,11,28,1,1,NML,1,2025
1645,A339,PKLEV,LNI,LNI101,LNI104,13/16:35,13/16:40,13/19:14,13/19:30,2:34:00,JED,JED,A06,28,1,1,NML,1,2025
1646,A320,PKLUU,BTK,BTK6576,BTK6575,13/18:32,13/18:39,13/19:35,13/19:47,0:56:00,CGK,CGK,12,28,1,1,NML,1,2025
1647,A320,PKGLM,CTV,CTV949,CTV494,13/18:41,13/18:46,13/19:19,13/19:25,0:32:38,BTH,BDJ,9,28,1,1,NML,1,2025
1648,B739,PKBBK,BBL,BBL763,BBL764,13/19:52,13/19:59,13/20:37,13/20:48,0:38:00,CGK,CGK,4,28,1,1,NML,1,2025
1649,A320,PKGQT,CTV,CTV489,CTV662,13/19:31,13/19:38,13/20:18,13/20:28,0:40:00,BDJ,DPS,9,28,1,1,NML,1,2025
1650,A320,PKPWK,PAS,PAS202,PAS203,13/18:52,13/18:58,13/19:41,13/19:51,0:42:34,CGK,CGK,6,28,1,1,NML,1,2025
1651,B738,PKGMP,GIA,GIA349,GIA313,13/17:55,13/18:01,13/20:04,13/20:14,2:03:00,DPS,CGK,5,28,1,1,NML,1,2025
1652,A320,PKGQK,CTV,CTV435,CTV719,13/19:10,13/19:18,13/20:12,13/20:23,0:53:44,BPN,CGK,7,28,1,1,NML,1,2025
1653,A320,PKGLS,CTV,CTV736,CTV352,13/19:33,13/19:41,13/20:19,13/20:30,0:38:20,CGK,UPG,8,28,1,1,NML,1,2025
1654,A320,PKGQG,CTV,CTV722,CTV354,13/20:05,13/20:11,13/20:47,13/20:56,0:36:17,CGK,UPG,6,28,1,1,NML,1,2025
1655,A320,PKGQF,CTV,CTV495,CTV721,13/20:21,13/20:28,13/21:25,13/21:34,0:57:00,BDJ,CGK,7,28,1,1,NML,1,2025
1656,A320,PKSGB,SJV,SJV723,SJV610,13/19:37,13/19:43,14/04:53,14/05:06,9:10:00,DPS,BPN,16,10,1,1,NML,1,2025
1657,A320,PKGQR,CTV,CTV726,CTV430,13/20:35,13/20:42,14/04:53,14/05:08,8:11:00,CGK,BPN,9,10,1,1,NML,1,2025
1658,A320,PKLUW,BTK,BTK6586,BTK7508,13/20:25,13/20:31,14/04:58,14/05:11,8:27:00,CGK,HLP,14,10,1,1,NML,1,2025
1659,B738,PKLOR,LNI,LNI885,LNI878,13/19:44,13/19:50,14/04:54,14/05:04,9:04:00,UPG,AMQ,24,10,0,0,NML,1,2025
1660,A320,PKAZI,AWQ,AWQ325,AWQ320,13/19:40,13/19:44,14/05:02,14/05:14,9:18:00,KUL,KUL,A01,10,1,1,NML,1,2025
1661,B739,PKLHO,LNI,LNI865,LNI786,13/17:57,13/23:15,14/05:01,14/05:16,11:01:00,LOP,UPG,11,10,1,0,NML,1,2025
1662,A320,PKSAO,SJV,SJV673,SJV706,13/20:00,13/20:05,14/05:29,14/05:38,9:24:00,BEJ,DPS,17,10,1,1,NML,1,2025
1663,A320,PKGLW,CTV,CTV720,CTV725,13/21:16,13/21:21,14/05:37,14/05:47,8:15:40,CGK,CGK,8,10,1,1,NML,1,2025
1664,A320,PKPWA,PAS,PAS212,PAS213,13/20:53,13/21:02,14/05:39,14/05:51,8:37:00,CGK,CGK,4,10,1,1,NML,1,2025
1665,B739,PKLQS,LNI,LNI690,LNI690,14/05:01,14/05:05,14/05:46,14/05:57,0:40:47,CGK,KOE,14,10,1,1,NML,1,2025
1666,A320,V8RBD,RBA,RBA795,RBA796,13/20:08,13/20:12,14/05:51,14/05:59,9:39:00,BWN,BWN,A07,10,1,1,NML,1,2025
1667,A320,PKLAJ,BTK,BTK7521,BTK6589,13/19:57,13/20:03,14/05:57,14/06:08,9:54:00,HLP,CGK,10,10,1,1,NML,1,2025
1668,B739,PKLGV,LNI,LNI823,LNI882,13/13:52,13/13:56,14/06:00,14/06:15,16:04:00,LOP,UPG,21,10,0,0,NML,1,2025
1669,A320,PKGLT,CTV,CTV353,CTV484,14/05:12,14/05:12,14/05:52,14/06:03,0:40:00,UPG,BDJ,6,10,1,1,NML,1,2025
1670,A320,PKAZG,AWQ,AWQ327,AWQ386,13/23:50,13/23:53,14/06:00,14/06:11,6:07:00,KUL,PEN,A03,10,1,1,NML,1,2025
1671,A320,PKSJP,SJV,SJV633,SJV634,13/13:39,13/13:42,14/06:19,14/06:28,16:37:00,BDJ,BDJ,C03,10,0,0,NML,1,2025
1672,B739,PKLFO,LNI,LNI311,LNI971,14/06:09,14/06:12,14/06:56,14/07:15,0:44:00,BDJ,BTH,11,10,1,1,NML,1,2025
1673,A320,PKBKP,BTK,BTK6221,BTK6135,13/18:45,13/18:52,14/07:12,14/07:26,12:20:00,BPN,PKN,18,10,0,0,NML,1,2025
1674,B738MAX,PKOFM,AFE,AFE921,AFE921,14/06:13,14/06:17,14/07:07,14/07:12,0:50:00,CGK,TIM,4,10,1,1,NML,1,2025
1675,A320,PKSTA,SJV,SJV727,SJV612,13/20:41,13/20:46,14/06:57,14/07:16,10:11:00,DPS,BPN,15,10,1,1,NML,1,2025
1676,A320,PKBKM,BTK,BTK6370,BTK6597,14/06:05,14/06:08,14/07:00,14/07:20,0:52:00,CGK,CGK,9,10,1,1,NML,1,2025
1677,B738,PKGFP,GIA,GIA328,GIA305,13/20:12,13/20:18,14/06:56,14/07:10,10:38:00,CGK,CGK,5,10,1,1,NML,1,2025
1678,B738,PKGFQ,GIA,GIA855,GIA854,13/20:46,13/20:49,14/06:59,14/07:00,10:10:00,SIN,SIN,A02,10,1,1,NML,1,2025
1679,B739,PKLSH,LNI,LNI363,LNI646,14/06:19,14/06:23,14/07:17,14/07:30,0:54:00,BPN,LOP,14,10,1,1,NML,1,2025
1680,A320,PKLUP,BTK,BTK6588,BTK7510,13/21:24,13/21:30,14/07:26,14/07:36,9:56:00,CGK,HLP,12,10,1,1,NML,1,2025
1681,C208,PKVVF,SUS,PKVVF,SUS6196,13/12:28,13/13:00,14/07:10,14/07:15,18:10:00,BXW,BXW,29,10,0,0,NML,1,2025
1682,A320,PKGQT,CTV,CTV661,CTV460,14/06:52,14/06:56,14/07:53,14/08:07,0:57:00,DPS,AAP,6,10,1,1,NML,1,2025
1683,B739,PKLGY,LNI,LNI693,LNI693,14/07:02,14/07:05,14/07:55,14/08:10,0:50:00,KOE,CGK,10,10,1,1,NML,1,2025
1684,B739,PKLGO,LNI,LNI929,LNI982,14/07:05,14/07:08,14/08:08,14/08:19,1:00:00,DPS,PKU,16,10,1,1,NML,1,2025
1685,A320,PKSAG,SJV,SJV725,SJV640,13/17:26,13/17:32,14/07:46,14/07:59,14:14:00,LBJ,AAP,22,10,0,0,NML,1,2025
1686,A320,PKGTA,CTV,CTV252,CTV713,14/07:08,14/07:12,14/08:06,14/08:22,0:54:00,CGK,CGK,7,10,1,1,NML,1,2025
1687,A333,BHLT,CPA,CPA779,CPA780,13/18:16,13/18:19,14/08:08,14/08:24,13:49:00,HKG,HKG,A08,10,1,1,NML,1,2025
1688,B739,PKLHY,LNI,LNI267,LNI990,14/07:12,14/07:15,14/08:12,14/08:27,0:57:00,TRK,DPS,11,10,1,1,NML,1,2025
1689,DHC6,PKICP,PGT,PKICP,PKICP,13/12:00,13/12:05,14/07:45,14/07:49,19:39:31,PAG,PAG,28,10,0,0,NML,1,2025
1690,B738,PKLDM,MXD,MXD352,MXD353,13/19:48,13/19:53,14/09:04,14/09:18,13:11:00,KUL,KUL,A04,10,1,1,NML,1,2025
1691,A320,PKGQJ,CTV,CTV355,CTV177,14/07:49,14/07:52,14/08:39,14/08:51,0:47:00,UPG,HLP,5,10,1,1,NML,1,2025
1692,A320,PKLAY,BTK,BTK7511,BTK6581,14/06:31,14/06:36,14/09:01,14/09:13,2:25:00,HLP,CGK,17,10,1,1,NML,1,2025
1693,B738,PKLJS,LNI,LNI837,LNI748,14/08:12,14/08:18,14/09:08,14/09:22,0:50:00,PNK,MDC,12,10,1,1,NML,1,2025
1694,B739,PKLGP,LNI,LNI972,LNI682,13/16:56,13/17:00,14/09:12,14/09:26,16:12:00,BTH,PKY,25,10,0,0,NML,1,2025
1695,A320,PKPWE,PAS,PAS200,PAS201,14/08:24,14/08:27,14/09:16,14/09:29,0:49:00,CGK,CGK,6,10,1,1,NML,1,2025
1696,B738,PKGNM,GIA,GIA304,GIA342,14/08:08,14/08:12,14/09:13,14/09:27,1:01:00,CGK,DPS,4,10,1,1,NML,1,2025
1697,A320,PKGLT,CTV,CTV485,CTV486,14/08:40,14/08:43,14/09:20,14/09:32,0:37:00,BDJ,BDJ,7,10,1,1,NML,1,2025
1698,A320,PKSAY,SJV,SJV649,SJV702,14/07:55,14/07:58,14/09:28,14/09:38,1:30:00,BPN,DPS,15,10,1,1,NML,1,2025
1699,A320,9VTRT,TGW,TGW264,TGW265,14/08:48,14/08:55,14/09:52,14/10:03,0:57:00,SIN,SIN,A02,10,1,1,NML,1,2025
1700,A320,PKGQF,CTV,CTV417,CTV715,14/08:54,14/08:57,14/09:44,14/09:55,0:47:00,PNK,CGK,5,10,1,1,NML,1,2025
1701,B738,9MMLK,MAS,MAS871,MAS870,14/09:09,14/09:15,14/10:10,14/10:20,0:55:00,KUL,KUL,A07,10,1,1,NML,1,2025
1702,B38M,9MLRW,MXD,MXD350,MXD351,14/09:00,14/09:11,14/10:22,14/10:33,1:11:00,KUL,KUL,A03,10,1,1,NML,1,2025
1703,A320,PKGQL,CTV,CTV351,CTV350,14/09:20,14/09:25,14/10:04,14/10:16,0:39:00,UPG,UPG,6,10,1,1,NML,1,2025
1704,A320,PKBLA,BTK,BTK6584,BTK6585,14/10:06,14/10:11,14/11:01,14/11:11,0:50:00,CGK,CGK,9,10,1,1,NML,1,2025
1705,A359,9VSHC,SIA,SIA922,SIA923,14/09:05,14/09:12,14/10:17,14/10:26,1:05:00,SIN,SIN,A08,10,1,1,NML,1,2025
1706,B739,PKLHR,LNI,LNI791,LNI262,14/09:47,14/09:49,14/10:38,14/10:51,0:49:00,UPG,BPN,12,10,1,1,NML,1,2025
1707,B739,PKLHM,LNI,LNI970,LNI973,14/09:41,14/09:45,14/10:35,14/10:48,0:50:00,BTH,BTH,14,10,1,1,NML,1,2025
1708,A320,PKBKP,BTK,BTK6134,BTK6346,14/09:57,14/10:00,14/10:55,14/11:07,0:55:00,PKN,BEJ,10,10,1,1,NML,1,2025
1709,A320,PKLUW,BTK,BTK7513,BTK7516,14/10:13,14/10:17,14/11:31,14/11:41,1:14:00,HLP,HLP,8,10,1,1,NML,1,2025
1710,B739,PKLFW,LNI,LNI683,LNI822,14/08:20,14/08:25,14/11:03,14/11:14,2:38:00,PKY,LOP,21,10,0,0,NML,1,2025
1711,B739,PKLHI,LNI,LNI694,LNI694,14/10:17,14/10:21,14/11:11,14/11:22,0:50:00,CGK,KOE,16,10,1,1,NML,1,2025
1712,A320,PKAZI,AWQ,AWQ321,AWQ322,14/10:52,14/10:59,14/12:10,14/12:18,1:11:00,KUL,KUL,A01,10,1,1,NML,1,2025
1713,B739,PKLQS,LNI,LNI697,LNI697,14/10:30,14/10:33,14/11:26,14/11:36,0:53:00,KOE,CGK,15,10,1,1,NML,1,2025
1714,B738,PKGMW,GIA,GIA322,GIA327,14/10:08,14/10:12,14/11:34,14/11:48,1:22:00,CGK,CGK,4,10,1,1,NML,1,2025
1715,A320,PKSGD,SJV,SJV363,SJV362,14/10:57,14/11:00,14/11:54,14/12:06,0:54:00,KNO,KNO,14,10,1,1,NML,1,2025
1716,A320,PKGQT,CTV,CTV461,CTV698,14/11:33,14/11:37,14/12:19,14/12:29,0:42:00,AAP,DPS,6,10,1,1,NML,1,2025
1717,A320,PKSJP,SJV,SJV635,SJV636,14/09:15,14/09:18,14/12:26,14/12:35,3:08:56,BDJ,BDJ,18,10,0,0,NML,1,2025
1718,B739,PKLSH,LNI,LNI645,LNI780,14/10:00,14/10:04,14/12:30,14/12:41,2:26:39,LOP,UPG,17,10,1,1,NML,1,2025
1719,B735,PKNAT,LKN,LKN1930,LKN1920,14/12:03,14/12:06,14/12:40,14/12:51,0:34:56,PKN,PKN,11,10,1,1,NML,1,2025
1720,B739,PKLKV,LNI,LNI315,LNI680,14/08:16,14/08:22,14/12:41,14/12:48,4:19:35,BDJ,PKY,22,10,0,0,NML,1,2025
1721,A320,PKGLT,CTV,CTV487,CTV668,14/11:53,14/11:56,14/12:46,14/12:57,0:50:00,BDJ,DPS,7,10,1,1,NML,1,2025
1722,A320,PKBLC,BTK,BTK6596,BTK6595,14/12:27,14/12:30,14/13:26,14/13:38,0:55:14,CGK,CGK,10,10,1,1,NML,1,2025
1723,A320,PKAZG,AWQ,AWQ387,AWQ324,14/12:32,14/12:39,14/13:18,14/13:34,0:39:00,PEN,KUL,A01,10,1,1,NML,1,2025
1724,A320,PKPWA,PAS,PAS204,PAS205,14/12:09,14/12:12,14/13:19,14/13:30,1:07:00,CGK,CGK,5,10,1,1,NML,1,2025
1725,B738,PKGFU,GIA,GIA312,GIA317,14/12:38,14/12:42,14/13:37,14/14:02,0:55:00,CGK,CGK,4,28,1,1,NML,1,2025
1726,A320,9VJSM,JSA,JSA247,JSA248,14/13:59,14/14:02,14/15:17,14/15:30,1:15:00,SIN,SIN,A07,28,1,1,NML,1,2025
1727,B738,PKLOP,LNI,LNI839,LNI836,14/13:31,14/13:35,14/14:59,14/15:11,1:23:33,PNK,PNK,15,28,1,1,NML,1,2025
1728,B739,PKLGO,LNI,LNI983,LNI910,14/14:07,14/14:14,14/15:17,14/15:29,1:03:00,PKU,DPS,12,28,1,1,NML,1,2025
1729,A320,PKGQR,CTV,CTV431,CTV948,14/16:14,14/16:19,14/16:59,14/17:12,0:40:00,BPN,BTH,6,28,1,1,NML,1,2025
1730,A320,PKLUI,BTK,BTK7515,BTK7514,14/14:04,14/14:09,14/15:21,14/15:32,1:12:00,HLP,HLP,9,28,1,1,NML,1,2025
1731,A320,PKPWK,PAS,PAS208,PAS209,14/14:55,14/15:01,14/15:41,14/15:51,0:40:00,CGK,CGK,5,28,1,1,NML,1,2025
1732,A320,PKBKQ,BTK,BTK6406,BTK6220,14/15:11,14/15:17,14/16:09,14/16:21,0:52:00,CGK,BPN,10,28,1,1,NML,1,2025
1733,B738,PKGFD,GIA,GIA330,GIA331,14/17:10,14/17:15,14/17:57,14/18:07,0:42:00,HLP,HLP,7,28,1,1,NML,1,2025
1734,B739,PKLHP,LNI,LNI805,LNI920,14/11:00,14/11:05,14/17:43,14/17:55,6:38:00,DPS,DPS,C03,28,0,0,NML,1,2025
1735,A320,PKGQT,CTV,CTV699,CTV434,14/15:19,14/15:27,14/16:08,14/16:19,0:41:00,DPS,BPN,6,28,1,1,NML,1,2025
1736,B738,PKLOR,LNI,LNI879,LNI581,14/10:49,14/10:55,14/15:53,14/16:02,4:58:00,AMQ,CGK,25,28,0,0,NML,1,2025
1737,A320,PKBKP,BTK,BTK6347,BTK6401,14/15:26,14/15:32,14/16:28,14/16:35,0:56:00,BEJ,CGK,11,28,1,1,NML,1,2025
1738,B738,PKLJS,LNI,LNI749,LNI316,14/15:15,14/15:20,14/17:25,14/17:35,2:05:00,MDC,BDJ,14,28,1,1,NML,1,2025
1739,B738,PKGMW,GIA,GIA310,GIA315,14/15:44,14/15:48,14/16:49,14/17:01,1:01:00,CGK,CGK,4,28,1,1,NML,1,2025
1740,A320,PKSJP,SJV,SJV637,SJV648,14/15:22,14/15:28,14/16:22,14/16:31,0:54:00,BDJ,BPN,12,28,1,1,NML,1,2025
1741,B738MAX,9VMBH,SIA,SIA926,SIA927,14/15:52,14/15:56,14/16:45,14/17:02,0:49:00,SIN,SIN,A08,28,1,1,NML,1,2025
1742,A320,PKGLL,CTV,CTV174,CTV418,14/15:38,14/15:48,14/16:23,14/16:33,0:35:00,HLP,PNK,7,28,1,1,NML,1,2025
1743,B739,PKLHI,LNI,LNI695,LNI268,14/15:48,14/15:54,14/16:57,14/17:05,1:03:00,KOE,TRK,16,28,1,1,NML,1,2025
1744,B739,PKLGU,LNI,LNI692,LNI692,14/16:27,14/16:32,14/17:19,14/17:28,0:47:00,CGK,KOE,17,28,1,1,NML,1,2025
1745,A320,PKPWF,PAS,PAS206,PAS623,14/15:56,14/16:03,14/16:44,14/16:53,0:41:00,CGK,BPN,5,28,1,1,NML,1,2025
1746,B738MAX,PKOFM,AFE,AFE920,AFE920,14/16:40,14/16:45,14/17:22,14/17:27,0:37:00,TIM,CGK,9,28,1,1,NML,1,2025
1747,A320,PKGQM,CTV,CTV669,CTV488,14/15:59,14/16:07,14/16:57,14/17:07,0:50:00,DPS,BDJ,8,28,1,1,NML,1,2025
1748,A320,PKAZI,AWQ,AWQ323,AWQ326,14/18:36,14/18:42,14/19:24,14/19:35,0:42:23,KUL,KUL,A01,10,1,1,NML,1,2025
1749,B738,PKLKV,LNI,LNI681,LNI838,14/15:42,14/15:47,14/17:23,14/17:30,1:36:00,PKY,PNK,15,28,1,1,NML,1,2025
1750,A320,PKGLO,CTV,CTV718,CTV711,14/17:57,14/18:03,14/18:43,14/18:56,0:40:00,CGK,CGK,9,10,1,1,NML,1,2025
1751,A320,PKPWM,PAS,PAS622,PAS207,14/17:49,14/17:57,14/18:36,14/18:50,0:39:00,BPN,CGK,5,10,1,1,NML,1,2025
1752,A320,PKSTA,SJV,SJV611,SJV716,14/16:17,14/16:20,14/18:52,14/19:10,2:32:00,BPN,LOP,18,28,0,0,NML,1,2025
1753,B738,PKCRH,SJY,SJY567,SJY562,14/17:53,14/17:58,14/18:48,14/19:02,0:50:00,UPG,UPG,10,10,1,1,NML,1,2025
1754,B738,PKGMA,GIA,GIA320,GIA325,14/17:16,14/17:22,14/18:37,14/18:58,1:15:00,CGK,CGK,4,10,1,1,NML,1,2025
1755,A320,PKLUW,BTK,BTK7503,BTK7502,14/19:05,14/19:08,14/19:51,14/20:07,0:42:22,HLP,HLP,8,10,1,1,NML,1,2025
1756,B738MAX,9VMBO,SIA,SIA928,SIA929,14/18:00,14/18:04,14/18:56,14/19:12,0:52:00,SIN,SIN,A03,10,1,1,NML,1,2025
1757,B738,PKLDJ,BTK,BTK6576,BTK6575,14/19:00,14/19:05,14/19:50,14/20:00,0:45:01,CGK,CGK,12,10,1,1,NML,1,2025
1758,A320,PKGLY,CTV,CTV172,CTV173,14/18:41,14/18:47,14/19:21,14/19:32,0:34:39,HLP,HLP,7,10,1,1,NML,1,2025
1759,A320,PKGQS,CTV,CTV722,CTV354,14/19:56,14/20:00,14/20:43,14/20:52,0:43:00,CGK,UPG,7,28,1,1,NML,1,2025
1760,B789,9VOJH,TGW,TGW262,TGW263,14/18:53,14/19:00,14/20:14,14/20:28,1:14:00,SIN,SIN,A07,28,1,1,NML,1,2025
1761,B739,PKLSR,LNI,LNI972,LNI880,14/16:58,14/17:03,14/19:51,14/20:12,2:48:00,BTH,UPG,22,10,0,0,NML,1,2025
1762,A320,PKPWK,PAS,PAS202,PAS203,14/19:07,14/19:12,14/19:55,14/20:20,0:42:42,CGK,CGK,5,28,1,1,NML,1,2025
1763,B738,PKGFG,GIA,GIA326,GIA313,14/19:21,14/19:25,14/20:10,14/20:18,0:44:54,CGK,CGK,4,28,1,1,NML,1,2025
1764,A320,PKGQN,CTV,CTV489,CTV662,14/20:22,14/20:30,14/21:10,14/21:21,0:40:00,BDJ,DPS,8,28,1,1,NML,1,2025
1765,A320,PKGQF,CTV,CTV949,CTV494,14/20:29,14/20:36,14/21:13,14/21:23,0:37:00,BTH,BDJ,4,28,1,1,NML,1,2025
1766,A320,PKGQT,CTV,CTV435,CTV352,14/19:46,14/19:49,14/21:16,14/21:25,1:26:10,BPN,UPG,9,28,1,1,NML,1,2025
1767,A320,PKGQM,CTV,CTV495,CTV721,14/20:05,14/20:08,14/21:52,14/22:00,1:44:00,BDJ,CGK,3,28,0,0,NML,1,2025
1768,A320,PKBKQ,BTK,BTK6221,BTK6136,14/20:08,14/20:13,14/22:15,14/22:24,2:02:00,BPN,UPG,10,28,1,1,NML,1,2025
1769,A320,PKGQK,CTV,CTV726,CTV430,14/22:11,14/22:18,15/04:56,15/05:10,6:38:00,CGK,BPN,4,28,1,1,NML,1,2025
1770,A320,PKLUY,BTK,BTK6137,BTK7508,14/19:17,14/19:21,15/04:55,15/05:05,9:33:31,UPG,HLP,18,28,0,0,NML,1,2025
1771,A320,PKSTH,SJV,SJV727,SJV610,14/21:41,14/21:46,15/05:01,15/05:13,7:15:00,DPS,BPN,15,28,1,1,NML,1,2025
1772,B738,PKLFW,LNI,LNI823,LNI878,14/14:10,14/14:15,15/04:58,15/05:12,14:43:00,LOP,AMQ,C04,28,0,0,NML,1,2025
1773,B739,PKLGV,LNI,LNI707,LNI786,14/16:41,14/16:46,15/05:04,15/05:17,12:18:00,UPG,UPG,C05,28,0,0,NML,1,2025
1774,A320,PKAZG,AWQ,AWQ325,AWQ320,14/20:01,14/20:07,15/05:00,15/05:15,8:53:00,KUL,KUL,A01,28,1,1,NML,1,2025
1775,A320,PKPWJ,PAS,PAS212,PAS213,14/20:32,14/20:39,15/05:44,15/05:53,9:05:00,CGK,CGK,5,28,1,1,NML,1,2025
1776,B739,PKLHM,LNI,LNI690,LNI690,15/05:03,15/05:09,15/05:50,15/06:00,0:41:00,CGK,KOE,10,28,1,1,NML,1,2025
1777,A320,PKGTE,CTV,CTV720,CTV725,14/22:59,14/23:10,15/05:34,15/05:42,6:24:00,CGK,CGK,7,28,1,1,NML,1,2025
1778,A320,PKSAO,SJV,SJV703,SJV640,14/08:05,14/08:09,15/05:53,15/06:05,21:44:00,DPS,AAP,24,28,0,0,NML,1,2025
1779,A320,PKGQS,CTV,CTV353,CTV670,15/05:07,15/05:14,15/05:48,15/05:55,0:34:00,UPG,LOP,8,28,1,1,NML,1,2025
"1780,A320,PKSTI,SJV,SJV615,SJV706,13/21:31,13/21:37,15/05:58,15/06:11,""1 day, 8:21:00"",BPN,DPS,26,28,0,0,NML,1,2025"
"1781,B738,PKLQY,LNI,LNI727,LNI868,13/17:38,13/17:42,15/05:58,15/06:08,""1 day, 12:16:00"",KDI,TTE,20,28,0,0,NML,1,2025"
1782,B739,PKLGO,LNI,LNI923,LNI6011,14/18:04,14/18:11,15/07:13,15/07:25,13:02:00,DPS,SRG,16,28,1,1,NML,1,2025
1783,A320,PKTLD,AFE,AFE9722,AFE9932,15/05:44,15/05:52,15/06:18,15/06:28,0:26:00,CGK,TIM,4,28,1,1,NML,1,2025
1784,A320,PKBLC,BTK,BTK6370,BTK6597,15/06:03,15/06:10,15/06:57,15/07:11,0:47:00,CGK,CGK,9,28,1,1,NML,1,2025
1785,A320,PKSTA,SJV,SJV717,SJV566,15/05:58,15/06:06,15/06:51,15/07:00,0:45:00,LOP,PLW,15,28,1,1,NML,1,2025
1786,B739,PKLHS,LNI,LNI883,LNI971,14/21:56,14/22:00,15/06:57,15/07:05,8:57:00,UPG,BTH,12,28,1,1,NML,1,2025
1787,A320,PKSAG,SJV,SJV643,SJV612,14/13:54,14/13:59,15/06:59,15/07:12,17:00:21,AAP,BPN,21,28,0,0,NML,1,2025
1788,DHC6,PKICP,PGT,PKICP,PKICP,14/10:45,14/10:47,15/06:44,15/06:50,19:57:00,PAG,PAG,28,28,0,0,NML,1,2025
1789,A320,PKLUZ,BTK,BTK7521,BTK6135,14/19:58,14/20:08,15/07:07,15/07:16,10:59:00,HLP,PKN,17,28,1,1,NML,1,2025
1790,B738,PKGNM,GIA,GIA349,GIA305,14/17:44,14/17:51,15/07:07,15/07:18,13:16:00,DPS,CGK,6,28,1,1,NML,1,2025
1791,B738,PKGFQ,GIA,GIA855,GIA854,14/20:49,14/20:54,15/06:59,15/07:14,10:05:00,SIN,SIN,A02,28,1,1,NML,1,2025
1792,A320,PKLUU,BTK,BTK7511,BTK7510,15/06:42,15/06:47,15/07:31,15/07:43,0:44:00,HLP,HLP,10,28,1,1,NML,1,2025
1793,A320,PKAZO,AWQ,AWQ327,AWQ392,14/23:38,14/23:39,15/07:35,15/07:49,7:56:00,KUL,JHB,A03,28,1,1,NML,1,2025
1794,A320,PKGQN,CTV,CTV661,CTV460,15/06:47,15/06:53,15/07:38,15/07:47,0:45:00,DPS,AAP,7,28,1,1,NML,1,2025
1795,B739,PKLGU,LNI,LNI693,LNI693,15/07:03,15/07:10,15/08:00,15/08:12,0:50:11,KOE,CGK,8,28,1,1,NML,1,2025
1796,B739,PKLHP,LNI,LNI929,LNI646,15/06:37,15/06:42,15/07:48,15/07:59,1:06:00,DPS,LOP,18,28,0,0,NML,1,2025
1797,A333,BLBG,CPA,CPA779,CPA780,14/18:30,14/18:38,15/08:08,15/08:24,13:30:00,HKG,HKG,A08,28,1,1,NML,1,2025
1798,B739,PKLHI,LNI,LNI267,LNI990,15/07:09,15/07:14,15/08:26,15/08:34,1:12:00,TRK,DPS,20,28,0,0,NML,1,2025
1799,B735,PKNAT,LKN,LKN243,LKN242,15/09:06,15/09:09,15/10:02,15/10:16,0:53:00,SMQ,SMQ,12,10,1,1,NML,1,2025
1800,A320,PKGQC,CTV,CTV355,CTV177,15/07:37,15/07:43,15/08:38,15/08:48,0:55:00,UPG,HLP,6,10,1,1,NML,1,2025
1801,A320,PKBKP,BTK,BTK6588,BTK6581,14/21:47,14/21:56,15/09:06,15/09:17,11:10:00,CGK,CGK,14,10,1,1,NML,1,2025
1802,B738,PKLKW,LNI,LNI787,LNI222,14/16:06,14/16:11,15/09:08,15/09:20,16:57:18,UPG,BDJ,25,10,0,0,NML,1,2025
"1803,AW139,PKTVN,TVR,PKTVN,PKTVN,09/14:20,09/14:22,15/09:30,15/09:35,""5 days, 19:08:00"",ZZZZ,ZZZZ,H02,10,0,0,NML,1,2025"
1804,B738,PKLKV,LNI,LNI837,LNI748,15/08:26,15/08:31,15/09:22,15/09:53,0:51:00,PNK,MDC,10,10,1,1,NML,1,2025
1805,B739,PKLGP,LNI,LNI683,LNI682,15/08:19,15/08:25,15/09:11,15/09:24,0:46:00,PKY,PKY,9,10,1,1,NML,1,2025
1806,B738,PKGMW,GIA,GIA304,GIA342,15/08:22,15/08:28,15/09:30,15/09:56,1:02:00,CGK,DPS,4,10,1,1,NML,1,2025
1807,A320,PKPWE,PAS,PAS200,PAS201,15/08:29,15/08:30,15/09:18,15/09:38,0:48:00,CGK,CGK,5,10,1,1,NML,1,2025
1808,A320,PKGQS,CTV,CTV671,CTV486,15/08:14,15/08:21,15/09:10,15/09:26,0:48:39,LOP,BDJ,7,10,1,1,NML,1,2025
1809,A320,9VTRO,TGW,TGW264,TGW265,15/09:14,15/09:21,15/10:10,15/10:25,0:49:00,SIN,SIN,A02,10,1,1,NML,1,2025
1810,A320,PKGLR,CTV,CTV417,CTV715,15/09:00,15/09:05,15/09:51,15/10:02,0:46:00,PNK,CGK,6,10,1,1,NML,1,2025
1811,B733F,PKMYV,MYU,MYU935,MYU815,15/08:50,15/08:55,15/09:42,15/09:52,0:47:00,SRG,CGK,C02,10,0,0,NML,1,2025
1812,B738,9MMXF,MAS,MAS871,MAS870,15/09:08,15/09:15,15/10:01,15/10:13,0:46:00,KUL,KUL,A07,10,1,1,NML,1,2025
1813,B38M,9MLRW,MXD,MXD350,MXD351,15/08:57,15/09:03,15/10:02,15/10:19,0:59:23,KUL,KUL,A03,10,1,1,NML,1,2025
1814,A320,PKGLU,CTV,CTV351,CTV350,15/09:32,15/09:36,15/10:14,15/10:33,0:38:00,UPG,UPG,7,10,1,1,NML,1,2025
1815,A320,PKBKQ,BTK,BTK6584,BTK6585,15/10:14,15/10:17,15/11:08,15/11:22,0:51:00,CGK,CGK,8,10,1,1,NML,1,2025
1816,A359,9VSHL,SIA,SIA922,SIA923,15/09:02,15/09:07,15/10:13,15/10:29,1:06:00,SIN,SIN,A08,10,1,1,NML,1,2025
1817,A320,PKSAZ,SJV,SJV649,SJV632,15/07:41,15/07:46,15/10:22,15/10:35,2:36:00,BPN,BDJ,15,10,1,1,NML,1,2025
1818,B738,PKLJS,LNI,LNI315,LNI856,15/08:02,15/08:07,15/10:27,15/10:39,2:19:44,BDJ,PLM,17,10,1,1,NML,1,2025
1819,B739,PKLFF,LNI,LNI791,LNI706,15/09:50,15/09:53,15/10:48,15/11:00,0:54:21,UPG,UPG,18,10,0,0,NML,1,2025
1820,A320,PKPWJ,PAS,PAS210,PAS211,15/09:36,15/09:39,15/10:40,15/10:48,1:01:00,CGK,CGK,5,10,1,1,NML,1,2025
1821,A320,PKLAM,BTK,BTK7513,BTK7516,15/09:54,15/09:57,15/10:49,15/11:03,0:52:00,HLP,HLP,10,10,1,1,NML,1,2025
1822,B739,PKLFK,LNI,LNI367,LNI262,15/09:41,15/09:44,15/10:49,15/11:01,1:05:00,BPN,BPN,14,10,1,1,NML,1,2025
1823,A320,PKLUZ,BTK,BTK6134,BTK6346,15/09:45,15/09:48,15/10:45,15/10:57,0:57:00,PKN,BEJ,9,10,1,1,NML,1,2025
1824,A320,PKSAO,SJV,SJV641,SJV642,15/09:47,15/09:50,15/10:55,15/11:06,1:05:00,AAP,AAP,16,10,1,1,NML,1,2025
1825,B738,PKLDO,MXD,MXD352,MXD353,14/21:56,14/22:03,15/11:00,15/11:16,12:57:00,KUL,KUL,A04,10,1,1,NML,1,2025
1826,A320,PKAZG,AWQ,AWQ321,AWQ322,15/11:20,15/11:24,15/12:01,15/12:12,0:37:00,KUL,KUL,A01,10,1,1,NML,1,2025
1827,B739,PKLHM,LNI,LNI697,LNI697,15/10:28,15/10:33,15/11:30,15/11:39,0:57:00,KOE,CGK,20,10,0,0,NML,1,2025
1828,B738,PKGFP,GIA,GIA322,GIA327,15/10:22,15/10:26,15/11:37,15/11:51,1:11:00,CGK,CGK,4,10,1,1,NML,1,2025
1829,B739,PKLHP,LNI,LNI645,LNI822,15/10:50,15/10:54,15/11:44,15/11:54,0:50:00,LOP,LOP,15,10,1,1,NML,1,2025
1830,A320,PKLUU,BTK,BTK7517,BTK7520,15/10:43,15/10:46,15/11:40,15/11:53,0:54:00,HLP,HLP,12,10,1,1,NML,1,2025
1831,B739,PKLHI,LNI,LNI805,LNI804,15/11:15,15/11:20,15/12:06,15/12:19,0:46:00,DPS,DPS,10,10,1,1,NML,1,2025
1832,A320,PKGQN,CTV,CTV461,CTV698,15/11:13,15/11:18,15/12:11,15/12:23,0:53:00,AAP,DPS,6,10,1,1,NML,1,2025
1833,B739,PKLGW,LNI,LNI694,LNI680,15/10:15,15/10:19,15/13:07,15/13:22,2:48:00,CGK,PKY,21,10,0,0,NML,1,2025
1834,A320,PKGQS,CTV,CTV487,CTV668,15/12:09,15/12:13,15/12:50,15/12:58,0:37:00,BDJ,DPS,7,10,1,1,NML,1,2025
1835,A320,PKBKM,BTK,BTK6596,BTK6595,15/13:50,15/13:53,15/14:53,15/15:06,1:00:00,CGK,CGK,10,10,1,1,NML,1,2025
1836,A320,PKAZO,AWQ,AWQ393,AWQ324,15/12:40,15/12:45,15/13:25,15/13:34,0:40:00,JHB,KUL,A03,10,1,1,NML,1,2025
1837,B738,PKLQY,LNI,LNI869,LNI722,15/12:16,15/12:19,15/13:13,15/13:25,0:54:00,TTE,KDI,14,10,1,1,NML,1,2025
1838,B738,PKGNM,GIA,GIA312,GIA317,15/12:25,15/12:29,15/13:34,15/13:47,1:05:00,CGK,CGK,4,10,1,1,NML,1,2025
1839,A320,PKSAZ,SJV,SJV633,SJV726,15/13:31,15/13:35,15/14:34,15/14:48,0:59:00,BDJ,LBJ,14,10,1,1,NML,1,2025
1840,B738,PKLOP,LNI,LNI839,LNI836,15/12:56,15/12:58,15/14:06,15/14:16,1:08:00,PNK,PNK,15,10,1,1,NML,1,2025
1841,A320,PKGQU,CTV,CTV716,CTV717,15/13:56,15/13:59,15/14:38,15/14:51,0:39:00,CGK,CGK,7,10,1,1,NML,1,2025
1842,A320,PKGQK,CTV,CTV431,CTV948,15/13:40,15/13:43,15/14:33,15/14:45,0:50:00,BPN,BTH,6,10,1,1,NML,1,2025
1843,A320,9VJSR,JSA,JSA247,JSA248,15/13:28,15/13:32,15/14:28,15/14:40,0:56:00,SIN,SIN,A08,10,1,1,NML,1,2025
1844,B739,PKLFF,LNI,LNI707,LNI880,15/15:08,15/15:11,15/16:09,15/16:17,0:58:00,UPG,UPG,18,28,0,0,NML,1,2025
1845,A320,PKPWK,PAS,PAS208,PAS209,15/14:02,15/14:04,15/14:55,15/15:10,0:51:00,CGK,CGK,5,10,1,1,NML,1,2025
1846,A320,PKBLA,BTK,BTK6406,BTK6220,15/14:48,15/14:51,15/15:43,15/15:56,0:52:00,CGK,BPN,9,28,1,1,NML,1,2025
1847,B738,PKGMC,GIA,GIA330,GIA331,15/14:19,15/14:47,15/15:30,15/15:41,1:06:00,HLP,HLP,8,28,1,0,NML,1,2025
1848,A320,PKLUU,BTK,BTK7501,BTK7512,15/15:01,15/15:04,15/15:50,15/15:59,0:46:00,HLP,HLP,10,28,1,1,NML,1,2025
1849,A320,PKGQN,CTV,CTV699,CTV434,15/14:51,15/14:55,15/15:34,15/15:46,0:39:00,DPS,BPN,7,28,1,1,NML,1,2025
1850,B738,PKLKW,LNI,LNI223,LNI581,15/14:10,15/14:14,15/16:43,15/16:54,2:29:00,BDJ,CGK,25,28,0,0,NML,1,2025
1851,B738,9MMLL,MAS,MAS873,MAS872,15/14:55,15/15:02,15/15:48,15/16:02,0:46:00,KUL,KUL,A07,28,1,1,NML,1,2025
1852,A320,PKLUZ,BTK,BTK6347,BTK6401,15/15:11,15/15:14,15/16:02,15/16:11,0:48:00,BEJ,CGK,14,28,1,1,NML,1,2025
1853,B738,PKLJS,LNI,LNI857,LNI316,15/14:38,15/14:41,15/17:47,15/17:59,3:06:00,PLM,BDJ,12,28,1,1,NML,1,2025
1854,B738,PKGFP,GIA,GIA310,GIA315,15/15:35,15/15:43,15/16:43,15/16:52,1:00:00,CGK,CGK,4,28,1,1,NML,1,2025
1855,B738MAX,9VMBH,SIA,SIA926,SIA927,15/15:39,15/15:43,15/16:32,15/16:47,0:49:00,SIN,SIN,A08,28,1,1,NML,1,2025
1856,A320,PKSTA,SJV,SJV567,SJV648,15/11:30,15/11:32,15/16:28,15/16:39,4:56:00,PLW,BPN,24,28,0,0,NML,1,2025
1857,A320,PKGQC,CTV,CTV174,CTV418,15/15:44,15/15:50,15/16:30,15/16:45,0:40:00,HLP,PNK,6,28,1,1,NML,1,2025
1858,AW139,PKTVN,TVR,PKTVN,PKTVN,15/11:28,15/11:31,15/16:33,15/16:34,5:02:00,ZZZZ,SUB,H02,28,0,0,TST,1,2025
1859,B739,PKLGW,LNI,LNI681,LNI268,15/16:04,15/16:10,15/17:38,15/17:47,1:28:00,PKY,TRK,10,28,1,1,NML,1,2025
1860,B739,PKLHM,LNI,LNI692,LNI692,15/16:01,15/16:06,15/17:01,15/17:11,0:55:00,CGK,KOE,16,28,1,1,NML,1,2025
1861,A320,PKPWA,PAS,PAS206,PAS623,15/16:08,15/16:15,15/17:01,15/17:08,0:46:00,CGK,BPN,5,28,1,1,NML,1,2025
1862,A320,PKGLM,CTV,CTV669,CTV488,15/15:57,15/16:03,15/16:49,15/16:57,0:46:00,DPS,BDJ,7,28,1,1,NML,1,2025
1863,A320,PKBKM,BTK,BTK6578,BTK7579,15/18:57,15/19:04,15/19:59,15/20:07,0:55:00,CGK,CGK,9,28,1,1,NML,1,2025
1864,A320,PKAZG,AWQ,AWQ323,AWQ326,15/17:48,15/17:52,15/18:29,15/18:41,0:37:00,KUL,KUL,A01,28,1,1,NML,1,2025
1865,B738,PKLSF,LNI,LNI709,LNI838,15/15:52,15/15:58,15/17:35,15/17:46,1:37:00,UPG,PNK,15,28,1,1,NML,1,2025
1866,A320,PKGQJ,CTV,CTV176,CTV179,15/16:42,15/16:48,15/17:29,15/17:37,0:41:00,HLP,HLP,6,28,1,1,NML,1,2025
1867,A320,PKPWJ,PAS,PAS622,PAS207,15/17:44,15/17:50,15/18:27,15/18:39,0:37:00,BPN,CGK,6,28,1,1,NML,1,2025
1868,B739,PKLFW,LNI,LNI879,LNI800,15/15:04,15/15:08,15/18:29,15/18:43,3:21:00,AMQ,UPG,17,28,1,1,NML,1,2025
1869,B739,PKLHS,LNI,LNI972,LNI920,15/16:37,15/16:46,15/18:23,15/18:32,1:37:00,BTH,DPS,14,28,1,1,NML,1,2025
1870,A320,PKSAZ,SJV,SJV725,SJV716,15/17:56,15/18:03,15/19:38,15/19:47,1:35:00,LBJ,LOP,10,28,1,1,NML,1,2025
1871,B738,PKGFG,GIA,GIA320,GIA325,15/17:15,15/17:24,15/18:32,15/18:46,1:08:00,CGK,CGK,4,28,1,1,NML,1,2025
1872,B738MAX,9VMBE,SIA,SIA928,SIA929,15/18:14,15/18:18,15/19:14,15/19:29,0:56:00,SIN,SIN,A07,28,1,1,NML,1,2025
1873,A320,PKGLG,CTV,CTV949,CTV494,15/18:50,15/19:00,15/19:33,15/19:42,0:33:00,BTH,BDJ,7,28,1,1,NML,1,2025
1874,B739,PKBBK,BBL,BBL763,BBL764,15/18:55,15/19:03,15/19:48,15/20:02,0:45:00,CGK,CGK,4,28,1,1,NML,1,2025
1875,A320,PKLUG,BTK,BTK6576,BTK7518,15/19:01,15/19:08,15/20:12,15/20:27,1:04:00,CGK,HLP,12,28,1,1,NML,1,2025
1876,A320,PKPWK,PAS,PAS202,PAS203,15/18:37,15/18:44,15/19:50,15/20:03,1:06:00,CGK,CGK,6,28,1,1,NML,1,2025
1877,B738,PKGMW,GIA,GIA349,GIA313,15/18:00,15/18:07,15/20:00,15/20:09,1:53:00,DPS,CGK,5,28,1,1,NML,1,2025
1878,A320,PKGQN,CTV,CTV435,CTV719,15/19:09,15/19:18,15/20:16,15/20:25,0:58:00,BPN,CGK,8,28,1,1,NML,1,2025
1879,A320,PKGQG,CTV,CTV736,CTV352,15/20:30,15/20:36,15/21:12,15/21:21,0:36:00,CGK,UPG,8,28,1,1,NML,1,2025
1880,A320,PKGLX,CTV,CTV489,CTV662,15/19:38,15/19:45,15/20:25,15/20:33,0:40:00,BDJ,DPS,3,28,0,0,NML,1,2025
1881,A320,PKGQH,CTV,CTV722,CTV354,15/20:23,15/20:28,15/21:07,15/21:15,0:39:00,CGK,UPG,6,28,1,1,NML,1,2025
1882,A320,PKGLM,CTV,CTV495,CTV721,15/19:44,15/19:51,15/21:21,15/21:29,1:30:00,BDJ,CGK,7,28,1,1,NML,1,2025
1883,A320,PKLUO,BTK,BTK6137,BTK6136,15/20:00,15/20:05,15/21:48,15/21:57,1:43:00,UPG,UPG,10,28,1,1,NML,1,2025
1884,B738,PKCRI,SJY,SJY567,SJY562,15/22:19,15/22:25,15/23:04,15/23:11,0:39:00,UPG,UPG,9,28,1,1,NML,1,2025
1885,A320,PKBLA,BTK,BTK6221,BTK7508,15/19:49,15/19:53,16/05:05,16/05:14,9:12:00,BPN,HLP,17,28,1,1,NML,1,2025
1886,A320,PKGLU,CTV,CTV720,CTV430,15/21:35,15/21:40,16/04:56,16/05:06,7:16:00,CGK,BPN,3,28,0,0,NML,1,2025
1887,B738,PKLQY,LNI,LNI727,LNI878,15/17:41,15/17:46,16/04:59,16/05:08,11:13:00,KDI,AMQ,24,28,0,0,NML,1,2025
1888,A320,PKSAO,SJV,SJV643,SJV610,15/15:23,15/23:13,16/04:55,16/05:04,13:25:00,AAP,BPN,12,28,1,1,NML,1,2025
1889,B739,PKLSW,LNI,LNI885,LNI786,15/21:19,15/21:25,16/05:11,16/05:22,7:46:00,UPG,UPG,18,28,0,0,NML,1,2025
1890,A320,PKAZG,AWQ,AWQ327,AWQ320,16/00:11,16/00:14,16/05:01,16/05:12,4:47:00,KUL,KUL,A03,28,1,1,NML,1,2025
1891,A320,PKLUU,BTK,BTK7519,BTK6132,15/19:05,15/19:11,16/05:18,16/05:27,10:07:00,HLP,LOP,16,28,1,1,NML,1,2025
1892,A320,V8RBE,RBA,RBA795,RBA796,15/19:52,15/19:56,16/05:46,16/05:56,9:50:00,BWN,BWN,A07,28,1,1,NML,1,2025
1893,A320,PKGLY,CTV,CTV726,CTV484,15/20:47,15/20:56,16/05:53,16/06:02,8:57:00,CGK,BDJ,5,28,1,1,NML,1,2025
1894,A320,PKBKJ,BTK,BTK7521,BTK6589,15/20:19,15/20:24,16/05:54,16/06:04,9:30:00,HLP,CGK,15,28,1,1,NML,1,2025
1895,A320,PKSGB,SJV,SJV615,SJV706,15/20:16,15/20:22,16/05:58,16/06:08,9:36:00,BPN,DPS,14,28,1,1,NML,1,2025
1896,A320,PKGQL,CTV,CTV353,CTV725,16/05:00,16/05:08,16/06:06,16/06:14,0:58:00,UPG,CGK,7,28,1,1,NML,1,2025
1897,A320,PKAZO,AWQ,AWQ325,AWQ386,15/19:56,15/19:59,16/06:20,16/06:40,10:21:00,KUL,PEN,A01,28,1,1,NML,1,2025
"1898,A320,PKSAU,SJV,SJV615,SJV634,14/20:41,14/20:46,16/06:25,16/06:39,""1 day, 9:39:00"",BPN,BDJ,22,28,0,0,NML,1,2025"
1899,B739,PKLHI,LNI,LNI919,LNI971,15/14:45,15/14:49,16/06:50,16/06:58,16:01:00,DPS,BTH,20,28,0,0,NML,1,2025
1900,A320,PKLAJ,BTK,BTK6588,BTK6135,15/21:53,15/21:59,16/07:06,16/07:14,9:07:00,CGK,PKN,10,28,1,1,NML,1,2025
1901,,,SUS,-,SUS6197,--:--,--:--,--:--,--:--,None,-,BXW,None,-,-1,-,NML,1,2025
1902,B738,PKGFH,GIA,GIA328,GIA854,15/20:05,15/22:51,16/07:01,16/07:12,10:47:00,CGK,SIN,A02,28,1,1,NML,1,2025
1903,B738,PKGFQ,GIA,GIA855,GIA305,15/21:03,15/23:14,16/07:00,16/07:10,9:51:00,SIN,CGK,4,28,1,1,NML,1,2025
1904,C208,PKVVF,SUS,PKVVF,PKVVF,15/11:48,15/11:52,16/07:10,16/07:16,19:18:00,BXW,BXW,29,28,0,0,NML,1,2025
1905,A320,PKBLD,BTK,BTK6572,BTK6573,16/06:32,16/06:38,16/07:29,16/07:36,0:51:00,CGK,CGK,8,28,1,1,NML,1,2025
1906,A320,PKLUG,BTK,BTK7511,BTK7510,16/06:36,16/06:42,16/07:25,16/07:34,0:43:00,HLP,HLP,9,28,1,1,NML,1,2025
1907,A320,PKGQJ,CTV,CTV170,CTV175,16/06:43,16/06:51,16/07:36,16/07:48,0:45:00,HLP,HLP,6,28,1,1,NML,1,2025
1908,A320,PKGLX,CTV,CTV661,CTV460,16/06:50,16/06:58,16/07:43,16/07:54,0:45:00,DPS,AAP,7,28,1,1,NML,1,2025
1909,B739,PKLSH,LNI,LNI929,LNI693,16/06:52,16/06:58,16/07:59,16/08:10,1:01:00,DPS,CGK,12,28,1,1,NML,1,2025
1910,A320,PKSJF,SJV,SJV611,SJV640,15/14:42,15/14:46,16/07:58,16/08:07,17:12:00,BPN,AAP,21,28,0,0,NML,1,2025
1911,B739,PKLHM,LNI,LNI693,LNI982,16/07:03,16/07:09,16/07:59,16/08:12,0:50:00,KOE,PKU,15,28,1,1,NML,1,2025
1912,A333,BLAK,CPA,CPA779,CPA780,15/18:19,15/18:23,16/08:31,16/08:41,14:08:00,HKG,HKG,A08,28,1,1,NML,1,2025
1913,B739,PKLGW,LNI,LNI267,LNI990,16/07:08,16/07:14,16/08:11,16/08:20,0:57:00,TRK,DPS,14,28,1,1,NML,1,2025
1914,DHC6,PKICP,PGT,PKICP,PKICP,15/12:07,15/12:11,16/07:56,16/08:01,19:45:00,PAG,PAG,28,28,0,0,NML,1,2025
1915,A320,PKGLR,CTV,CTV355,CTV177,16/07:46,16/07:52,16/08:39,16/08:47,0:47:00,UPG,HLP,8,28,1,1,NML,1,2025
1916,A320,PKLUU,BTK,BTK6133,BTK6581,16/08:08,16/08:12,16/09:04,16/09:11,0:52:00,LOP,CGK,12,28,1,1,NML,1,2025
1917,A320,PKSTA,SJV,SJV649,SJV618,16/07:42,16/07:49,16/08:49,16/08:58,1:00:00,BPN,BPN,16,28,1,1,NML,1,2025
1918,B738,PKLSF,LNI,LNI837,LNI748,16/08:00,16/08:06,16/09:04,16/09:15,0:58:00,PNK,MDC,10,28,1,1,NML,1,2025
1919,B739,PKLGP,LNI,LNI683,LNI682,16/08:04,16/08:10,16/09:13,16/09:22,1:03:00,PKY,PKY,9,28,1,1,NML,1,2025
1920,A320,PKPWE,PAS,PAS200,PAS201,16/08:23,16/08:29,16/09:20,16/09:28,0:51:00,CGK,CGK,5,28,1,1,NML,1,2025
1921,B738,PKGNM,GIA,GIA304,GIA342,16/08:21,16/08:25,16/09:29,16/09:40,1:04:00,CGK,DPS,4,28,1,1,NML,1,2025
1922,A320,PKGLW,CTV,CTV417,CTV715,16/08:38,16/08:45,16/09:26,16/09:34,0:41:00,PNK,CGK,7,28,1,1,NML,1,2025
1923,A320,PKGLY,CTV,CTV485,CTV486,16/08:34,16/08:41,16/09:20,16/09:30,0:39:00,BDJ,BDJ,6,28,1,1,NML,1,2025
1924,A320,PKSGB,SJV,SJV703,SJV702,16/08:31,16/08:37,16/09:28,16/09:37,0:51:00,DPS,DPS,14,28,1,1,NML,1,2025
1925,A320,9VTRX,TGW,TGW264,TGW265,16/08:49,16/08:53,16/09:46,16/09:57,0:53:00,SIN,SIN,A02,28,1,1,NML,1,2025
1926,B733F,PKMYV,MYU,MYU935,MYU815,16/09:05,16/09:09,16/09:49,16/09:55,0:40:00,SRG,CGK,C02,28,0,0,NML,1,2025
1927,B738,9MMXE,MAS,MAS871,MAS870,16/09:12,16/09:19,16/10:00,16/10:15,0:41:00,KUL,KUL,A07,28,1,1,NML,1,2025
1928,B38M,9MLRP,MXD,MXD350,MXD351,16/09:01,16/09:04,16/10:05,16/10:19,1:01:00,KUL,KUL,A03,28,1,1,NML,1,2025
1929,A320,PKGTA,CTV,CTV351,CTV350,16/09:25,16/09:29,16/10:15,16/10:26,0:46:00,UPG,UPG,8,28,1,1,NML,1,2025
1930,A359,9VSHH,SIA,SIA922,SIA923,16/09:09,16/09:12,16/10:08,16/10:24,0:56:00,SIN,SIN,A08,28,1,1,NML,1,2025
1931,A320,PKSAU,SJV,SJV635,SJV632,16/09:26,16/09:33,16/10:50,16/10:59,1:17:00,BDJ,BDJ,12,28,1,1,NML,1,2025
1932,B738,PKLJS,LNI,LNI315,LNI706,16/07:48,16/07:56,16/10:28,16/10:37,2:32:00,BDJ,UPG,20,28,0,0,NML,1,2025
1933,A320,PKLUI,BTK,BTK7513,BTK7516,16/09:50,16/09:56,16/10:51,16/11:01,0:55:00,HLP,HLP,9,28,1,1,NML,1,2025
1934,A320,PKLAJ,BTK,BTK6134,BTK6346,16/10:03,16/10:10,16/10:59,16/11:09,0:49:00,PKN,BEJ,10,28,1,1,NML,1,2025
1935,B739,PKLSP,LNI,LNI363,LNI822,16/06:18,16/06:23,16/10:57,16/11:05,4:34:00,BPN,LOP,17,28,1,1,NML,1,2025
1936,B739,PKLHH,LNI,LNI694,LNI694,16/10:21,16/10:25,16/11:25,16/11:35,1:00:00,CGK,KOE,15,28,1,1,NML,1,2025
1937,A320,PKAZG,AWQ,AWQ321,AWQ322,16/11:11,16/11:17,16/11:54,16/12:04,0:37:00,KUL,KUL,A01,28,1,1,NML,1,2025
1938,A320,PKGLM,CTV,CTV710,CTV723,16/11:02,16/11:10,16/11:48,16/11:59,0:38:00,CGK,CGK,7,28,1,1,NML,1,2025
1939,B738,PKLDM,MXD,MXD352,MXD353,15/22:25,15/22:28,16/11:09,16/11:18,12:41:00,KUL,KUL,A04,28,1,1,NML,1,2025
1940,A320,PKLUG,BTK,BTK7517,BTK7520,16/11:07,16/11:13,16/12:06,16/12:15,0:53:00,HLP,HLP,8,28,1,1,NML,1,2025
1941,B738,PKGNH,GIA,GIA322,GIA327,16/10:10,16/10:16,16/11:33,16/11:41,1:17:00,CGK,CGK,4,28,1,1,NML,1,2025
1942,A320,PKSAA,SJV,SJV363,SJV362,16/11:20,16/11:25,16/12:12,16/12:22,0:47:00,KNO,KNO,14,28,1,1,NML,1,2025
1943,A320,PKLAQ,BTK,BTK6582,BTK6585,16/11:57,16/12:03,16/13:20,16/13:29,1:17:00,CGK,CGK,9,28,1,1,NML,1,2025
1944,A320,PKGLX,CTV,CTV461,CTV698,16/11:26,16/11:33,16/12:17,16/12:26,0:44:00,AAP,DPS,6,28,1,1,NML,1,2025
1945,A320,PKSJP,SJV,SJV717,SJV636,16/05:59,16/06:04,16/12:28,16/12:37,6:24:00,LOP,BDJ,18,28,0,0,NML,1,2025
1946,B739,PKLHO,LNI,LNI801,LNI780,16/11:32,16/11:39,16/12:32,16/12:39,0:53:00,UPG,UPG,10,28,1,1,NML,1,2025
1947,B735,PKNAT,LKN,LKN1930,LKN1920,16/11:30,16/11:34,16/12:26,16/12:33,0:52:00,PKN,PKN,12,28,1,1,NML,1,2025
"1948,A339,PKLET,LNI,LNI107,LNI074,14/19:49,14/19:57,16/12:35,16/12:49,""1 day, 16:38:00"",JED,MED,A06,28,1,1,NML,1,2025"
1949,A320,PKGLY,CTV,CTV487,CTV668,16/12:02,16/12:08,16/12:49,16/12:59,0:41:00,BDJ,DPS,7,28,1,1,NML,1,2025
1950,A320,PKPWM,PAS,PAS204,PAS205,16/12:08,16/12:14,16/13:20,16/13:31,1:06:00,CGK,CGK,5,28,1,1,NML,1,2025
1951,A320,PKAZO,AWQ,AWQ387,AWQ324,16/12:55,16/12:59,16/13:37,16/13:49,0:38:00,PEN,KUL,A01,28,1,1,NML,1,2025
1952,B738,PKGMX,GIA,GIA312,GIA317,16/12:30,16/12:37,16/13:38,16/13:53,1:01:00,CGK,CGK,4,28,1,1,NML,1,2025
1953,B738,PKLOP,LNI,LNI839,LNI836,16/12:53,16/12:57,16/13:52,16/14:12,0:55:00,PNK,PNK,16,28,1,1,NML,1,2025
1954,A320,PKGLW,CTV,CTV716,CTV717,16/13:34,16/13:40,16/14:19,16/14:26,0:39:00,CGK,CGK,6,28,1,1,NML,1,2025
1955,A320,9VJSI,JSA,JSA247,JSA248,16/13:44,16/13:48,16/14:40,16/14:53,0:52:00,SIN,SIN,A07,28,1,1,NML,1,2025
1956,B739,PKLSP,LNI,LNI823,LNI260,16/13:51,16/13:56,16/14:47,16/15:05,0:51:00,LOP,BPN,10,28,1,1,NML,1,2025
1957,B739,PKLHM,LNI,LNI983,LNI910,16/14:03,16/14:09,16/14:51,16/15:11,0:42:00,PKU,DPS,12,28,1,1,NML,1,2025
1958,B738,PKLQY,LNI,LNI879,LNI800,16/10:35,16/10:40,16/15:10,16/15:19,4:30:00,AMQ,UPG,21,28,0,0,NML,1,2025
1959,A320,PKPWK,PAS,PAS208,PAS209,16/14:18,16/14:26,16/15:05,16/15:15,0:39:00,CGK,CGK,5,28,1,1,NML,1,2025
1960,A320,PKLAI,BTK,BTK6406,BTK6220,16/15:02,16/15:08,16/15:49,16/16:04,0:41:00,CGK,BPN,9,28,1,1,NML,1,2025
1961,B738,PKGMP,GIA,GIA330,GIA331,16/14:29,16/14:36,16/15:39,16/15:55,1:03:00,HLP,HLP,4,28,1,1,NML,1,2025
1962,A320,PKBKV,BTK,BTK7501,BTK7512,16/15:06,16/15:12,16/16:11,16/16:20,0:59:00,HLP,HLP,8,28,1,1,NML,1,2025
1963,A320,PKGLU,CTV,CTV431,CTV434,16/14:07,16/14:12,16/16:01,16/16:14,1:49:00,BPN,BPN,7,28,1,1,NML,1,2025
1964,B738,9MMXG,MAS,MAS873,MAS872,16/14:57,16/15:00,16/15:46,16/16:08,0:46:00,KUL,KUL,A08,28,1,1,NML,1,2025
1965,B738,PKLOJ,LNI,LNI707,LNI581,16/14:36,16/14:42,16/15:45,16/16:00,1:03:00,UPG,CGK,14,28,1,1,NML,1,2025
1966,A320,PKGLX,CTV,CTV699,CTV948,16/15:10,16/15:16,16/15:55,16/16:11,0:39:00,DPS,BTH,6,28,1,1,NML,1,2025
1967,A320,PKLAJ,BTK,BTK6347,BTK6401,16/15:25,16/15:32,16/16:20,16/16:28,0:48:17,BEJ,CGK,10,28,1,1,NML,1,2025
1968,B738MAX,9VMBI,SIA,SIA926,SIA927,16/15:42,16/15:46,16/16:37,16/16:50,0:51:00,SIN,SIN,A07,28,1,1,NML,1,2025
1969,B738,PKGFU,GIA,GIA310,GIA315,16/15:38,16/15:46,16/16:47,16/16:55,1:01:00,CGK,CGK,5,28,1,1,NML,1,2025
1970,A320,PKSJP,SJV,SJV637,SJV648,16/15:31,16/15:36,16/16:22,16/16:32,0:46:25,BDJ,BPN,12,28,1,1,NML,1,2025
1971,A320,PKGQJ,CTV,CTV174,CTV418,16/15:52,16/16:00,16/16:41,16/16:52,0:40:36,HLP,PNK,6,28,1,1,NML,1,2025
1972,B739,PKLGW,LNI,LNI805,LNI268,16/11:23,16/11:28,16/16:49,16/16:59,5:21:00,DPS,TRK,20,28,0,0,NML,1,2025
"1973,A339,PKLEV,LNI,LNI105,LNI106,14/19:38,14/19:47,16/16:46,16/17:05,""1 day, 20:58:51"",JED,JED,A05,28,1,1,NML,1,2025"
1974,B739,PKLGL,LNI,LNI787,LNI692,16/13:59,16/14:04,16/18:08,16/18:20,4:04:32,UPG,KOE,17,28,1,1,NML,1,2025
1975,B739,PKLHM,LNI,LNI923,LNI692A,16/17:43,16/17:47,16/19:43,16/19:48,1:55:23,DPS,KOE,25,28,0,0,NML,1,2025
1976,A320,PKPWJ,PAS,PAS206,PAS623,16/15:57,16/16:05,16/16:50,16/16:57,0:45:00,CGK,BPN,4,28,1,1,NML,1,2025
1977,B738,PKLKQ,LNI,LNI709,LNI316,16/16:10,16/16:13,16/17:15,16/17:26,1:02:00,UPG,BDJ,15,28,1,1,NML,1,2025
1978,A320,PKGQC,CTV,CTV669,CTV488,16/16:01,16/16:08,16/16:53,16/17:07,0:45:00,DPS,BDJ,9,28,1,1,NML,1,2025
1979,A320,PKBKL,BTK,BTK6578,BTK7579,16/16:40,16/16:46,16/17:49,16/18:00,1:03:00,CGK,CGK,10,28,1,1,NML,1,2025
1980,A320,PKAZG,AWQ,AWQ323,AWQ326,16/17:57,16/18:01,16/18:36,16/18:50,0:35:00,KUL,KUL,A01,28,1,1,NML,1,2025
"1981,B738,PKLKV,LNI,LNI749,LNI838,15/17:05,15/17:11,16/17:31,16/17:44,""1 day, 0:20:00"",MDC,PNK,25,28,0,0,NML,1,2025"
1982,A320,PKPWF,PAS,PAS622,PAS207,16/17:23,16/17:32,16/18:18,16/18:30,0:46:00,BPN,CGK,6,28,1,1,NML,1,2025
1983,A320,PKSTA,SJV,SJV619,SJV716,16/16:05,16/16:10,16/18:28,16/18:40,2:18:00,BPN,LOP,16,28,1,1,NML,1,2025
1984,B738MAX,9VMBO,SIA,SIA928,SIA929,16/18:02,16/18:05,16/19:03,16/19:19,0:57:25,SIN,SIN,A07,28,1,1,NML,1,2025
1985,B738,PKGFW,GIA,GIA320,GIA325,16/17:19,16/17:25,16/18:33,16/18:44,1:08:00,CGK,CGK,4,28,1,1,NML,1,2025
1986,A320,PKBLA,BTK,BTK7503,BTK7502,16/17:47,16/17:52,16/18:50,16/18:58,0:57:09,HLP,HLP,9,28,1,1,NML,1,2025
1987,B738,PKCRH,SJY,SJY567,SJY562,16/19:13,16/19:19,16/20:06,16/20:13,0:47:00,UPG,UPG,10,28,1,1,NML,1,2025
1988,A320,PKGLS,CTV,CTV718,CTV711,16/18:27,16/18:37,16/19:15,16/19:28,0:38:00,CGK,CGK,7,28,1,1,NML,1,2025
1989,A320,PKGLM,CTV,CTV949,CTV494,16/18:41,16/18:48,16/19:27,16/19:35,0:39:00,BTH,BDJ,8,28,1,1,NML,1,2025
1990,B739,PKLHI,LNI,LNI972,LNI880,16/16:36,16/16:42,16/20:17,16/20:32,3:35:00,BTH,UPG,14,28,1,1,NML,1,2025
1991,B739,PKLSR,LNI,LNI692,LNI920,16/17:02,16/17:09,16/19:55,16/20:03,2:46:00,CGK,DPS,20,28,0,0,NML,1,2025
1992,A320,PKPWK,PAS,PAS202,PAS203,16/18:37,16/18:45,16/19:50,16/19:59,1:05:00,CGK,CGK,6,28,1,1,NML,1,2025
1993,B738,PKGUC,GIA,GIA326,GIA313,16/19:30,16/19:37,16/20:33,16/20:44,0:56:00,CGK,CGK,4,28,1,1,NML,1,2025
1994,A320,PKGLU,CTV,CTV435,CTV719,16/19:26,16/19:34,16/20:35,16/20:56,1:01:00,BPN,CGK,7,28,1,1,NML,1,2025
1995,A320,PKGQN,CTV,CTV489,CTV662,16/19:44,16/19:50,16/20:41,16/20:49,0:50:51,BDJ,DPS,3,28,0,0,NML,1,2025
1996,A320,PKGLT,CTV,CTV722,CTV352,16/19:57,16/20:04,16/20:40,16/20:54,0:36:00,CGK,UPG,8,28,1,1,NML,1,2025
1997,A320,PKGQS,CTV,CTV172,CTV173,16/19:39,16/19:46,16/20:28,16/20:36,0:42:00,HLP,HLP,9,28,1,1,NML,1,2025
1998,A320,PKGQO,CTV,CTV736,CTV354,16/20:41,16/20:55,16/21:29,16/21:37,0:34:00,CGK,UPG,7,28,1,1,NML,1,2025
1999,A320,PKSJF,SJV,SJV643,SJV610,16/13:38,16/13:42,17/05:03,17/05:17,15:21:00,AAP,BPN,24,28,0,0,NML,1,2025
2000,B738,PKLSF,LNI,LNI749,LNI878,16/15:13,16/15:17,17/04:55,17/05:06,13:38:00,MDC,AMQ,18,28,0,0,NML,1,2025
2001,A320,PKGQC,CTV,CTV495,CTV430,16/20:20,16/20:28,17/04:56,17/05:10,8:28:00,BDJ,BPN,6,28,1,1,NML,1,2025
2002,A320,PKBKJ,BTK,BTK6588,BTK7508,16/21:42,16/21:48,17/04:57,17/05:12,7:09:00,CGK,HLP,14,28,1,1,NML,1,2025
2003,A320,PKAZG,AWQ,AWQ327,AWQ320,17/00:31,17/00:35,17/05:00,17/05:15,4:25:00,KUL,KUL,A03,28,1,1,NML,1,2025
"2004,B739,PKLHP,LNI,LNI823,LNI786,15/14:28,15/14:32,17/04:58,17/05:13,""1 day, 14:26:00"",LOP,UPG,26,28,0,0,NML,1,2025"
2005,A320,PKPWH,PAS,PAS212,PAS213,16/20:33,16/20:39,17/05:43,17/05:54,9:04:00,CGK,CGK,4,28,1,1,NML,1,2025
2006,B739,PKLGU,LNI,LNI690,LNI690,17/05:03,17/05:09,17/05:49,17/05:55,0:40:00,CGK,KOE,11,28,1,1,NML,1,2025
2007,A320,V8RBD,RBA,RBA795,RBA796,16/20:14,16/20:18,17/05:39,17/05:57,9:21:00,BWN,BWN,A06,28,1,1,NML,1,2025
2008,A320,PKGLG,CTV,CTV726,CTV725,16/21:01,16/21:07,17/05:44,17/05:49,8:37:00,CGK,CGK,9,28,1,1,NML,1,2025
2009,A320,PKSAW,SJV,SJV727,SJV706,16/20:45,16/20:52,17/05:57,17/06:06,9:05:00,DPS,DPS,12,28,1,1,NML,1,2025
2010,A320,PKLAQ,BTK,BTK6576,BTK6589,16/19:17,16/23:50,17/06:03,17/06:13,10:42:00,CGK,CGK,8,28,1,0,NML,1,2025
2011,A320,PKSAL,SJV,SJV615,SJV640,16/20:29,16/20:35,17/05:57,17/06:05,9:22:00,BPN,AAP,20,28,0,0,NML,1,2025
2012,B738,PKLQY,LNI,LNI885,LNI868,16/18:47,16/23:49,17/05:59,17/06:08,11:04:00,UPG,TTE,10,28,1,0,NML,1,2025
2013,A320,PKGLY,CTV,CTV353,CTV670,17/05:07,17/05:14,17/05:51,17/05:59,0:37:00,UPG,LOP,7,28,1,1,NML,1,2025
2014,A320,PKSAU,SJV,SJV633,SJV634,16/13:56,16/14:01,17/06:29,17/06:38,16:28:11,BDJ,BDJ,22,28,0,0,NML,1,2025
2015,A320,PKSTA,SJV,SJV717,SJV566,17/05:51,17/05:57,17/06:51,17/07:02,0:54:14,LOP,PLW,14,28,1,1,NML,1,2025
2016,B739,PKLHH,LNI,LNI695,LNI971,16/15:50,16/15:54,17/07:07,17/07:17,15:13:35,KOE,BTH,21,28,0,0,NML,1,2025
2017,A320,PKLAI,BTK,BTK6221,BTK6135,16/19:21,16/19:25,17/07:01,17/07:12,11:36:00,BPN,PKN,16,28,1,1,NML,1,2025
2018,DHC6,PKICP,PGT,PKICP,PKICP,16/11:15,16/11:18,17/07:50,17/07:57,20:32:00,PAG,PAG,28,28,0,0,NML,1,2025
2019,B738,PKGFH,GIA,GIA855,GIA854,16/20:52,16/20:57,17/06:55,17/07:08,9:58:43,SIN,SIN,A02,28,1,1,NML,1,2025
2020,B738,PKGNM,GIA,GIA349,GIA305,16/17:53,16/17:59,17/07:00,17/07:10,13:01:00,DPS,CGK,5,28,1,1,NML,1,2025
2021,B739,PKLSP,LNI,LNI363,LNI646,17/06:21,17/06:27,17/07:26,17/07:30,0:59:46,BPN,LOP,12,28,1,1,NML,1,2025
2022,C208,PKVVF,SUS,PKVVF,PKVVF,16/09:32,16/09:37,17/07:11,17/07:16,21:34:00,BXW,BXW,29,28,0,0,NML,1,2025
2023,A320,PKGLR,CTV,CTV170,CTV175,17/06:33,17/06:39,17/07:26,17/07:34,0:46:25,HLP,HLP,8,28,1,1,NML,1,2025
2024,A320,PKAZO,AWQ,AWQ325,AWQ392,16/20:26,16/20:29,17/07:28,17/07:44,10:59:00,KUL,JHB,A01,28,1,1,NML,1,2025
2025,A320,PKGQN,CTV,CTV661,CTV460,17/06:45,17/06:54,17/07:28,17/07:36,0:34:28,DPS,AAP,6,28,1,1,NML,1,2025
2026,B739,PKLHM,LNI,LNI693,LNI693,17/06:57,17/07:02,17/07:48,17/08:00,0:45:27,KOE,CGK,9,28,1,1,NML,1,2025
2027,A333,BLAB,CPA,CPA779,CPA780,16/18:17,16/18:20,17/08:12,17/08:32,13:52:00,HKG,HKG,A08,28,1,1,NML,1,2025
"2028,A339,PKLER,LNI,LNI075,LNI102,14/15:07,16/22:45,17/08:07,17/08:28,""2 days, 16:56:00"",JED,JED,A05,10,1,1,NML,1,2025"
2029,B739,PKLGW,LNI,LNI267,LNI990,17/07:05,17/07:12,17/08:16,17/08:30,1:04:35,TRK,DPS,11,28,1,1,NML,1,2025
2030,A320,PKGLT,CTV,CTV355,CTV177,17/07:41,17/07:48,17/08:48,17/08:59,1:00:00,UPG,HLP,8,28,1,1,NML,1,2025
2031,B739,PKLHR,LNI,LNI929,LNI856,17/07:00,17/07:07,17/08:56,17/09:13,1:49:14,DPS,PLM,14,28,1,1,NML,1,2025
2032,A320,PKLUS,BTK,BTK7521,BTK6581,16/20:23,16/20:29,17/09:07,17/09:33,12:38:00,HLP,CGK,15,28,1,1,NML,1,2025
2033,B738,PKLKV,LNI,LNI837,LNI748,17/08:12,17/08:19,17/09:07,17/09:31,0:48:26,PNK,MDC,12,28,1,1,NML,1,2025
2034,B739,PKLGP,LNI,LNI683,LNI682,17/08:09,17/08:14,17/09:07,17/09:29,0:53:06,PKY,PKY,10,28,1,1,NML,1,2025
2035,B738,PKGNH,GIA,GIA304,GIA342,17/08:23,17/08:30,17/09:28,17/09:44,0:58:00,CGK,DPS,4,28,1,1,NML,1,2025
2036,A320,PKPWE,PAS,PAS200,PAS201,17/08:33,17/08:39,17/09:22,17/09:41,0:42:37,CGK,CGK,5,28,1,1,NML,1,2025
2037,A320,PKGLY,CTV,CTV671,CTV486,17/08:20,17/08:27,17/09:14,17/09:40,0:47:00,LOP,BDJ,7,28,1,1,NML,1,2025
2038,B738,PKLDO,MXD,MXD352,MXD353,16/20:11,16/20:14,17/09:25,17/09:50,13:11:00,KUL,KUL,A04,28,1,1,NML,1,2025
2039,A320,PKSAW,SJV,SJV703,SJV618,17/08:37,17/08:43,17/09:31,17/09:46,0:48:30,DPS,BPN,16,28,1,1,NML,1,2025
2040,A320,PKSJF,SJV,SJV611,SJV642,17/09:07,17/09:14,17/09:53,17/10:03,0:39:00,BPN,AAP,9,28,1,1,NML,1,2025
2041,A320,9VTRP,TGW,TGW264,TGW265,17/09:14,17/09:14,17/10:07,17/10:27,0:53:00,SIN,SIN,A02,28,1,1,NML,1,2025
2042,B738,9MLDD,MXD,MXD350,MXD351,17/08:57,17/09:01,17/09:57,17/10:10,0:56:00,KUL,KUL,A03,28,1,1,NML,1,2025
2043,A320,PKGLO,CTV,CTV417,CTV715,17/09:00,17/09:08,17/09:48,17/09:58,0:40:18,PNK,CGK,6,28,1,1,NML,1,2025
2044,B738MAX,9MMVA,MAS,MAS871,MAS870,17/09:19,17/09:24,17/10:09,17/10:28,0:45:00,KUL,KUL,A07,28,1,1,NML,1,2025
2045,B735,PKNAT,LKN,LKN243,LKN242,17/09:16,17/09:22,17/10:02,17/10:11,0:39:39,SMQ,SMQ,11,28,1,1,NML,1,2025
2046,A320,PKGQI,CTV,CTV351,CTV350,17/09:14,17/09:18,17/10:09,17/10:22,0:51:00,UPG,UPG,8,28,1,1,NML,1,2025
2047,A359,9VSHN,SIA,SIA922,SIA923,17/09:31,17/09:31,17/10:29,17/10:50,0:58:00,SIN,SIN,A08,28,1,1,NML,1,2025
2048,A320,PKLUO,BTK,BTK6584,BTK6585,17/10:01,17/10:09,17/10:56,17/11:09,0:47:29,CGK,CGK,9,28,1,1,NML,1,2025
2049,A320,PKSAU,SJV,SJV635,SJV632,17/09:22,17/09:28,17/10:14,17/10:33,0:46:00,BDJ,BDJ,14,28,1,1,NML,1,2025
2050,A320,PKGQG,CTV,CTV710,CTV723,17/09:35,17/09:40,17/10:19,17/10:35,0:39:00,CGK,CGK,7,28,1,1,NML,1,2025
2051,B739,PKLGL,LNI,LNI692A,LNI262,16/18:23,17/07:41,17/10:29,17/10:39,16:02:31,SUB,BPN,25,28,0,1,NML,1,2025
2052,A320,PKPWH,PAS,PAS210,PAS211,17/09:38,17/09:43,17/10:35,17/10:46,0:52:00,CGK,CGK,5,28,1,1,NML,1,2025
2053,A320,PKBKV,BTK,BTK7513,BTK7516,17/10:07,17/10:15,17/11:34,17/11:44,1:19:00,HLP,HLP,10,28,1,1,NML,1,2025
2054,A320,PKLAI,BTK,BTK6134,BTK6346,17/09:48,17/09:53,17/10:47,17/10:55,0:54:01,PKN,BEJ,12,28,1,1,NML,1,2025
2055,B739,PKLSV,LNI,LNI694,LNI694,17/10:24,17/10:29,17/11:23,17/11:30,0:54:29,CGK,KOE,15,28,1,1,NML,1,2025
2056,A320,PKAZG,AWQ,AWQ321,AWQ322,17/10:48,17/10:51,17/11:31,17/11:40,0:39:36,KUL,KUL,A01,28,1,1,NML,1,2025
2057,B739,PKLSP,LNI,LNI645,LNI697,17/09:52,17/09:56,17/11:31,17/11:42,1:35:08,LOP,CGK,17,28,1,1,NML,1,2025
2058,B738,PKGMA,GIA,GIA322,GIA327,17/10:17,17/10:24,17/11:28,17/11:39,1:04:34,CGK,CGK,4,28,1,1,NML,1,2025
2059,A320,PKBLA,BTK,BTK7517,BTK7520,17/10:52,17/11:01,17/11:59,17/12:08,0:58:00,HLP,HLP,8,28,1,1,NML,1,2025
2060,B739,PKLGW,LNI,LNI805,LNI804,17/11:19,17/11:24,17/12:19,17/12:27,0:55:27,DPS,DPS,12,28,1,1,NML,1,2025
2061,A320,PKGQN,CTV,CTV461,CTV698,17/11:06,17/11:13,17/12:15,17/12:17,1:02:00,AAP,DPS,6,28,1,1,NML,1,2025
2062,A320,PKSTA,SJV,SJV567,SJV636,17/11:45,17/11:51,17/12:34,17/12:43,0:42:21,PLW,BDJ,14,28,1,1,NML,1,2025
2063,B739,PKLGR,LNI,LNI801,LNI780,17/11:36,17/11:42,17/12:39,17/12:51,0:56:57,UPG,UPG,11,28,1,1,NML,1,2025
2064,A320,PKGLY,CTV,CTV487,CTV668,17/12:00,17/12:05,17/12:48,17/12:56,0:43:32,BDJ,DPS,7,28,1,1,NML,1,2025
2065,A320,PKLUS,BTK,BTK6596,BTK6595,17/13:28,17/13:32,17/14:29,17/14:36,0:57:00,CGK,CGK,10,28,1,1,NML,1,2025
2066,A320,PKAZO,AWQ,AWQ393,AWQ324,17/12:48,17/12:52,17/13:31,17/13:45,0:39:00,JHB,KUL,A01,28,1,1,NML,1,2025
2067,A320,PKPWD,PAS,PAS204,PAS205,17/12:11,17/12:19,17/13:18,17/13:25,0:59:00,CGK,CGK,5,28,1,1,NML,1,2025
2068,B738,PKLQY,LNI,LNI869,LNI722,17/12:38,17/12:44,17/13:34,17/13:50,0:50:00,TTE,KDI,15,28,1,1,NML,1,2025
2069,B738,PKGFG,GIA,GIA312,GIA317,17/12:41,17/12:47,17/14:01,17/14:08,1:14:00,CGK,CGK,4,28,1,1,NML,1,2025
2070,A320,PKSAU,SJV,SJV633,SJV726,17/13:47,17/13:52,17/14:48,17/15:07,0:56:00,BDJ,LBJ,17,28,1,1,NML,1,2025
2071,A320,PKSJF,SJV,SJV641,SJV702,17/13:43,17/13:49,17/14:38,17/14:47,0:49:00,AAP,DPS,16,28,1,1,NML,1,2025
2072,A320,9VJSO,JSA,JSA247,JSA248,17/13:32,17/13:35,17/14:22,17/14:33,0:47:00,SIN,SIN,A07,28,1,1,NML,1,2025
2073,A320,PKGQC,CTV,CTV431,CTV948,17/13:38,17/13:44,17/14:29,17/14:38,0:45:00,BPN,BTH,6,28,1,1,NML,1,2025
2074,A320,PKBKJ,BTK,BTK7515,BTK7514,17/15:13,17/15:20,17/16:18,17/16:29,0:58:00,HLP,HLP,8,28,1,1,NML,1,2025
2075,B739,PKLHR,LNI,LNI857,LNI642,17/13:35,17/13:41,17/14:57,17/15:10,1:16:00,PLM,LOP,12,28,1,1,NML,1,2025
2076,A320,PKPWK,PAS,PAS208,PAS209,17/14:03,17/14:09,17/15:03,17/15:15,0:54:00,CGK,CGK,5,28,1,1,NML,1,2025
2077,A320,PKLAY,BTK,BTK6406,BTK6220,17/14:56,17/15:03,17/16:02,17/16:15,0:59:00,CGK,BPN,9,28,1,1,NML,1,2025
2078,B738,PKGNF,GIA,GIA330,GIA331,17/14:23,17/14:29,17/15:24,17/15:34,0:55:00,HLP,HLP,4,28,1,1,NML,1,2025
2079,B739,PKLGO,LNI,LNI919,LNI920,17/14:50,17/14:56,17/15:39,17/15:51,0:42:45,DPS,DPS,15,28,1,1,NML,1,2025
2080,A320,PKBLA,BTK,BTK7501,BTK7512,17/15:32,17/15:36,17/16:32,17/16:42,0:56:00,HLP,HLP,14,28,1,1,NML,1,2025
2081,A320,PKGQN,CTV,CTV699,CTV434,17/14:59,17/15:06,17/15:36,17/15:44,0:30:00,DPS,BPN,7,28,1,1,NML,1,2025
2082,B738,PKLKV,LNI,LNI749,LNI581,17/15:04,17/15:11,17/16:09,17/16:19,0:58:00,MDC,CGK,11,28,1,1,NML,1,2025
2083,A320,PKLAI,BTK,BTK6347,BTK6401,17/15:08,17/15:14,17/16:12,17/16:22,0:58:00,BEJ,CGK,10,28,1,1,NML,1,2025
2084,B738,PKLKQ,LNI,LNI315,LNI316,17/07:57,17/08:03,17/16:18,17/16:31,8:14:08,BDJ,BDJ,24,28,0,0,NML,1,2025
2085,A320,PKSAL,SJV,SJV643,SJV614,17/15:17,17/15:22,17/16:30,17/16:44,1:07:01,AAP,BPN,12,28,1,1,NML,1,2025
2086,A320,PKSTA,SJV,SJV637,SJV672,17/15:28,17/15:34,17/16:47,17/16:55,1:13:00,BDJ,BEJ,16,28,1,1,NML,1,2025
2087,B738,PKGMA,GIA,GIA310,GIA315,17/15:20,17/15:28,17/16:32,17/16:40,1:04:00,CGK,CGK,5,28,1,1,NML,1,2025
2088,B738MAX,9VMBC,SIA,SIA926,SIA927,17/16:05,17/16:08,17/17:06,17/17:21,0:58:00,SIN,SIN,A08,28,1,1,NML,1,2025
2089,A320,PKGLT,CTV,CTV174,CTV418,17/15:36,17/15:44,17/16:24,17/16:35,0:40:00,HLP,PNK,6,28,1,1,NML,1,2025
2090,B739,PKLGU,LNI,LNI697,LNI692,17/10:20,17/10:25,17/17:22,17/17:32,6:56:56,KOE,KOE,26,28,0,0,NML,1,2025
2091,A320,PKPWA,PAS,PAS206,PAS623,17/15:49,17/15:56,17/16:48,17/16:57,0:52:00,CGK,BPN,4,28,1,1,NML,1,2025
2092,A320,PKGQA,CTV,CTV669,CTV488,17/16:13,17/16:18,17/16:59,17/17:07,0:41:00,DPS,BDJ,7,28,1,1,NML,1,2025
2093,A320,PKBKM,BTK,BTK6578,BTK7579,17/16:48,17/16:55,17/17:50,17/17:59,0:55:00,CGK,CGK,8,28,1,1,NML,1,2025
2094,A320,PKAZG,AWQ,AWQ323,AWQ326,17/17:52,17/17:55,17/18:27,17/18:40,0:32:00,KUL,KUL,A01,28,1,1,NML,1,2025
2095,B738,PKLSF,LNI,LNI879,LNI838,17/14:53,17/14:58,17/17:34,17/17:41,2:36:00,AMQ,PNK,18,28,0,0,NML,1,2025
2096,A320,PKSTS,SJV,SJV619,SJV708,17/15:57,17/16:05,17/18:48,17/18:57,2:43:00,BPN,DPS,20,28,0,0,NML,1,2025
2097,A320,PKPWH,PAS,PAS622,PAS207,17/17:18,17/17:27,17/18:17,17/18:32,0:50:00,BPN,CGK,6,28,1,1,NML,1,2025
2098,B739,PKLSV,LNI,LNI695,LNI800,17/16:02,17/16:07,17/18:30,17/18:37,2:23:00,KOE,UPG,17,28,1,1,NML,1,2025
2099,B738,PKGNC,GIA,GIA320,GIA325,17/17:34,17/17:42,17/18:42,17/18:55,1:00:00,CGK,CGK,4,28,1,1,NML,1,2025
2100,B738MAX,9VMBP,SIA,SIA928,SIA929,17/17:44,17/17:49,17/18:43,17/18:59,0:54:00,SIN,SIN,A03,28,1,1,NML,1,2025
2101,A320,PKBKV,BTK,BTK7503,BTK7502,17/19:01,17/19:08,17/19:52,17/20:05,0:44:00,HLP,HLP,10,28,1,1,NML,1,2025
2102,A320,PKGQS,CTV,CTV172,CTV173,17/18:10,17/18:16,17/19:03,17/19:11,0:47:00,HLP,HLP,7,28,1,1,NML,1,2025
2103,A320,PKGLM,CTV,CTV718,CTV711,17/18:52,17/19:00,17/19:48,17/19:59,0:48:00,CGK,CGK,6,28,1,1,NML,1,2025
2104,B788,9VOFJ,TGW,TGW262,TGW263,17/19:07,17/19:11,17/20:21,17/20:37,1:09:47,SIN,SIN,A07,28,1,1,NML,1,2025
2105,A320,PKBLA,BTK,BTK7519,BTK7518,17/20:29,17/20:35,17/21:23,17/21:31,0:48:00,HLP,HLP,8,28,1,1,NML,1,2025
2106,A320,PKGLW,CTV,CTV949,CTV494,17/19:52,17/19:59,17/20:35,17/20:49,0:36:00,BTH,BDJ,6,28,1,1,NML,1,2025
2107,A320,PKGLX,CTV,CTV489,CTV662,17/19:42,17/19:51,17/20:41,17/20:51,0:50:42,BDJ,DPS,7,28,1,1,NML,1,2025
2108,B738,PKGFW,GIA,GIA326,GIA313,17/19:28,17/19:36,17/20:37,17/20:49,1:01:00,CGK,CGK,4,28,1,1,NML,1,2025
2109,A320,PKGQN,CTV,CTV435,CTV719,17/19:22,17/19:30,17/20:13,17/20:27,0:43:00,BPN,CGK,9,28,1,1,NML,1,2025
2110,A320,PKBLB,BTK,BTK6588,BTK6587,17/19:57,17/20:03,17/20:54,17/21:05,0:51:00,CGK,CGK,14,28,1,1,NML,1,2025
2111,B738,PKCLE,SJY,SJY567,SJY562,17/19:45,17/19:51,17/20:55,17/21:07,1:04:00,UPG,UPG,12,28,1,1,NML,1,2025
2112,A320,PKGQR,CTV,CTV736,CTV352,17/20:39,17/20:45,17/21:29,17/21:38,0:44:42,CGK,UPG,7,28,1,1,NML,1,2025
2113,B738,PKGUF,GIA,GIA349,GIA319,17/18:06,17/18:15,17/20:55,17/21:09,2:40:00,DPS,CGK,5,28,1,1,NML,1,2025
2114,A320,PKGQG,CTV,CTV722,CTV354,17/21:15,17/21:21,17/21:56,17/22:02,0:35:00,CGK,UPG,4,28,1,1,NML,1,2025
2115,A320,PKGQA,CTV,CTV495,CTV721,17/20:16,17/20:22,17/21:27,17/21:36,1:05:00,BDJ,CGK,10,28,1,1,NML,1,2025
2116,A320,PKLUJ,BTK,BTK6137,BTK6136,17/19:35,17/19:42,17/22:03,17/22:11,2:21:00,UPG,UPG,11,28,1,1,NML,1,2025
2117,A320,PKLUQ,BTK,BTK6576,BTK7508,17/21:53,17/21:59,18/04:58,18/05:09,6:59:00,CGK,HLP,10,28,1,1,NML,1,2025
2118,B738,PKLQZ,LNI,LNI883,LNI878,17/20:24,17/20:29,18/04:55,18/05:05,8:26:00,UPG,AMQ,17,28,1,1,NML,1,2025
2119,A320,PKSTH,SJV,SJV613,SJV610,17/20:35,17/20:41,18/05:01,18/05:11,8:20:00,BPN,BPN,16,28,1,1,NML,1,2025
2120,A320,PKGLU,CTV,CTV726,CTV430,17/21:39,17/21:46,18/05:02,18/05:08,7:16:08,CGK,BPN,6,28,1,1,NML,1,2025
2121,B738,PKLQY,LNI,LNI727,LNI786,17/17:56,17/18:01,18/05:03,18/05:17,11:02:46,KDI,UPG,C04,28,0,0,NML,1,2025
2122,A320,PKAZO,AWQ,AWQ325,AWQ320,17/20:06,17/20:10,18/05:01,18/05:19,8:51:00,KUL,KUL,A01,28,1,1,NML,1,2025
2123,A320,PKGQH,CTV,CTV720,CTV725,17/22:50,17/23:01,18/05:37,18/05:46,6:36:00,CGK,CGK,7,28,1,1,NML,1,2025
2124,A320,PKPWL,PAS,PAS212,PAS213,17/20:54,17/21:01,18/05:33,18/05:43,8:32:00,CGK,CGK,5,28,1,1,NML,1,2025
2125,A320,V8RBF,RBA,RBA795,RBA796,18/05:02,18/05:05,18/05:55,18/06:07,0:49:08,BWN,BWN,A07,28,1,1,NML,1,2025
2126,A320,PKGQR,CTV,CTV353,CTV670,18/05:14,18/05:20,18/05:56,18/06:03,0:36:00,UPG,LOP,6,28,1,1,NML,1,2025
2127,A320,PKBKP,BTK,BTK6586,BTK6589,17/21:03,17/21:08,18/05:58,18/06:08,8:50:00,CGK,CGK,14,28,1,1,NML,1,2025
2128,A320,PKAZG,AWQ,AWQ327,AWQ386,18/00:05,18/00:09,18/06:07,18/06:22,5:58:00,KUL,PEN,A03,28,1,1,NML,1,2025
2129,A320,PKBKR,BTK,BTK6413,BTK6412,17/20:02,17/20:07,18/06:20,18/06:30,10:12:05,DPS,DPS,20,28,0,0,NML,1,2025
2130,A320,PKSAU,SJV,SJV725,SJV634,17/18:29,17/18:36,18/06:20,18/06:31,11:44:00,LBJ,BDJ,26,28,0,0,NML,1,2025
"2131,CL600,PKKAS,CEO,CEO31,CEO31,16/13:42,16/14:05,18/08:00,18/08:15,""1 day, 18:11:00"",HLP,SAI,30,28,0,0,NML,1,2025"
2132,B733F,PKMYV,MYU,MYU935,MYU934,17/09:05,17/09:10,18/06:36,18/06:39,21:26:00,SRG,SIN,C02,28,0,0,NML,1,2025
2133,B738MAX,PKOFI,AFE,AFE921,AFE921,18/06:20,18/06:27,18/07:27,18/07:29,1:00:00,CGK,TIM,5,28,1,1,NML,1,2025
2134,B739,PKLHR,LNI,LNI865,LNI971,17/17:38,17/17:42,18/07:01,18/07:11,13:19:00,LOP,BTH,C03,28,0,0,NML,1,2025
2135,A320,PKBLC,BTK,BTK6370,BTK6597,18/06:13,18/06:19,18/07:04,18/07:13,0:45:00,CGK,CGK,9,28,1,1,NML,1,2025
2136,A320,PKLUK,BTK,BTK7521,BTK6135,17/20:46,17/20:53,18/06:49,18/06:59,9:56:00,HLP,PKN,15,28,1,1,NML,1,2025
2137,B738,PKGFH,GIA,GIA855,GIA854,17/20:42,17/20:46,18/06:55,18/07:04,10:09:00,SIN,SIN,A02,28,1,1,NML,1,2025
2138,B738,PKGMP,GIA,GIA328,GIA305,17/20:20,17/22:50,18/07:00,18/07:08,10:34:00,CGK,CGK,4,28,1,1,NML,1,2025
2139,B739,PKLHH,LNI,LNI972,LNI646,17/16:27,17/16:31,18/07:17,18/07:26,14:46:00,BTH,LOP,21,28,0,0,NML,1,2025
2140,A320,PKBLA,BTK,BTK7511,BTK7510,18/06:54,18/06:59,18/07:41,18/07:50,0:42:00,HLP,HLP,11,28,1,1,NML,1,2025
2141,A320,PKGLX,CTV,CTV661,CTV460,18/06:39,18/06:48,18/07:32,18/07:43,0:44:00,DPS,AAP,6,28,1,1,NML,1,2025
2142,B739,PKLGU,LNI,LNI693,LNI693,18/06:56,18/07:03,18/07:50,18/07:57,0:47:00,KOE,CGK,10,28,1,1,NML,1,2025
2143,B739,PKLHY,LNI,LNI929,LNI982,18/06:44,18/06:54,18/07:48,18/08:06,0:54:00,DPS,PKU,14,28,1,1,NML,1,2025
2144,A339,PKLEV,LNI,LNI107,LNI106,17/17:27,17/17:31,18/08:15,18/08:30,14:44:00,JED,JED,A06,28,1,1,NML,1,2025
2145,A333,BLAF,CPA,CPA779,CPA780,17/18:03,17/18:07,18/08:11,18/08:21,14:04:00,HKG,HKG,A08,28,1,1,NML,1,2025
2146,B739,PKLHJ,LNI,LNI692,LNI990,17/16:09,17/16:14,18/08:23,18/08:37,16:09:00,CGK,DPS,25,28,0,0,NML,1,2025
2147,DHC6,PKICP,PGT,PKICP,PKICP,17/12:54,17/12:57,18/08:25,18/08:28,19:28:00,PAG,PAG,28,28,0,0,NML,1,2025
2148,A320,PKGQG,CTV,CTV355,CTV177,18/07:40,18/07:45,18/08:36,18/08:44,0:51:00,UPG,HLP,7,28,1,1,NML,1,2025
2149,A320,PKLAY,BTK,BTK6221,BTK6581,17/19:38,17/19:43,18/08:55,18/09:00,13:12:00,BPN,CGK,18,28,0,0,NML,1,2025
2150,A320,9VJSY,JSA,JSA249,JSA250,18/08:09,18/08:12,18/09:04,18/09:15,0:52:00,SIN,SIN,A03,28,1,1,NML,1,2025
"2151,A320,PKSJC,SJV,SJV727,SJV618,15/20:56,17/23:32,18/09:20,18/09:29,""2 days, 12:18:00"",DPS,BPN,C06,28,0,1,NML,1,2025"
2152,B739,PKLKM,LNI,LNI683,LNI682,18/08:04,18/08:10,18/09:07,18/09:25,0:57:00,PKY,PKY,9,28,1,1,NML,1,2025
2153,A320,PKPWE,PAS,PAS200,PAS201,18/08:23,18/08:29,18/09:18,18/09:31,0:49:00,CGK,CGK,5,28,1,1,NML,1,2025
2154,B738,PKGNM,GIA,GIA304,GIA342,18/08:18,18/08:25,18/09:17,18/09:33,0:52:00,CGK,DPS,4,28,1,1,NML,1,2025
2155,A320,PKGQR,CTV,CTV671,CTV486,18/08:27,18/08:33,18/09:23,18/09:35,0:50:00,LOP,BDJ,6,28,1,1,NML,1,2025
2156,A320,PKSJF,SJV,SJV723,SJV706,17/17:13,17/17:17,18/09:42,18/09:50,16:25:00,DPS,DPS,24,28,0,0,NML,1,2025
2157,A320,9VTRK,TGW,TGW264,TGW265,18/09:20,18/09:26,18/10:19,18/10:30,0:53:00,SIN,SIN,A02,28,1,1,NML,1,2025
2158,A320,PKGLS,CTV,CTV417,CTV715,18/08:57,18/09:04,18/09:47,18/09:54,0:43:00,PNK,CGK,8,28,1,1,NML,1,2025
2159,B738,9MMXK,MAS,MAS871,MAS870,18/08:53,18/08:57,18/09:47,18/09:49,0:50:00,KUL,KUL,A07,28,1,1,NML,1,2025
2160,B38M,9MLCP,MXD,MXD350,MXD351,18/09:19,18/09:23,18/10:15,18/10:25,0:52:00,KUL,KUL,A03,28,1,1,NML,1,2025
2161,A320,PKGLG,CTV,CTV351,CTV350,18/09:12,18/09:21,18/10:06,18/10:16,0:45:00,UPG,UPG,5,28,1,1,NML,1,2025
2162,A359,9VSHO,SIA,SIA922,SIA923,18/09:28,18/09:31,18/10:29,18/10:44,0:58:00,SIN,SIN,A08,28,1,1,NML,1,2025
2163,A320,PKSAU,SJV,SJV635,SJV632,18/09:16,18/09:23,18/10:20,18/10:28,0:57:00,BDJ,BDJ,12,28,1,1,NML,1,2025
2164,B739,PKLKQ,LNI,LNI315,LNI706,18/07:58,18/08:03,18/10:32,18/10:42,2:29:00,BDJ,UPG,17,28,1,1,NML,1,2025
2165,A320,PKLUW,BTK,BTK7513,BTK7516,18/10:02,18/10:09,18/10:43,18/10:52,0:34:00,HLP,HLP,9,28,1,1,NML,1,2025
2166,A320,PKLUK,BTK,BTK6134,BTK6346,18/09:38,18/09:41,18/10:38,18/10:47,0:57:00,PKN,BEJ,11,28,1,1,NML,1,2025
2167,A320,PKSTA,SJV,SJV673,SJV642,17/21:00,18/06:28,18/11:10,18/11:18,14:04:00,BEJ,AAP,20,28,0,1,NML,1,2025
"2168,A320,PKSJV,SJV,SJV765,SJV7001,06/15:44,06/15:48,18/11:43,18/11:53,""11 days, 19:55:00"",LOP,CGK,23,28,0,0,NML,1,2025"
2169,B739,PKLGP,LNI,LNI694,LNI694,18/10:13,18/10:19,18/11:21,18/11:28,1:02:00,CGK,KOE,15,28,1,1,NML,1,2025
2170,B739,PKLHJ,LNI,LNI805,LNI694A,18/11:09,18/11:13,18/13:39,18/13:49,2:26:00,DPS,KOE,25,28,0,0,NML,1,2025
2171,A320,PKAZO,AWQ,AWQ321,AWQ322,18/13:35,18/13:39,18/14:15,18/14:26,0:36:00,KUL,KUL,A01,28,1,1,NML,1,2025
2172,B738,PKLDM,MXD,MXD352,MXD353,17/22:19,17/22:24,18/11:00,18/11:14,12:36:00,KUL,KUL,A04,28,1,1,NML,1,2025
2173,B738,PKGNQ,GIA,GIA322,GIA327,18/10:08,18/10:15,18/11:25,18/11:34,1:10:00,CGK,CGK,4,28,1,1,NML,1,2025
2174,A320,PKBLA,BTK,BTK7517,BTK7520,18/10:55,18/11:01,18/11:50,18/12:02,0:49:00,HLP,HLP,11,28,1,1,NML,1,2025
2175,DHC6,PKICP,PGT,PKICP,PKICP,18/11:35,18/11:40,18/11:53,18/11:58,0:13:00,PAG,ZZZZ,28,28,0,0,NML,1,2025
2176,B739,PKLHH,LNI,LNI645,LNI804,18/09:57,18/10:03,18/12:13,18/12:24,2:10:00,LOP,DPS,14,28,1,1,NML,1,2025
2177,A320,PKSTS,SJV,SJV727,SJV362,17/21:42,17/21:45,18/12:03,18/12:14,14:17:07,DPS,KNO,C05,28,0,0,NML,1,2025
2178,A320,PKLUO,BTK,BTK6582,BTK6585,18/11:41,18/11:47,18/12:44,18/12:51,0:57:00,CGK,CGK,9,28,1,1,NML,1,2025
2179,A320,PKGLX,CTV,CTV461,CTV698,18/11:12,18/11:23,18/12:21,18/12:27,0:58:00,AAP,DPS,6,28,1,1,NML,1,2025
2180,B738,PKGMP,GIA,GIA3024,GIA3034,18/11:23,18/11:30,18/12:25,18/12:32,0:55:00,CGK,CGK,5,28,1,1,NML,1,2025
2181,A320,PKSTI,SJV,SJV363,SJV636,18/10:59,18/11:05,18/12:22,18/12:31,1:17:00,KNO,BDJ,12,28,1,1,NML,1,2025
2182,B739,PKLGR,LNI,LNI791,LNI780,18/09:42,18/09:48,18/12:34,18/12:52,2:46:00,UPG,UPG,10,28,1,1,NML,1,2025
2183,B735,PKNAT,LKN,LKN1930,LKN1920,18/11:45,18/11:48,18/12:30,18/12:42,0:42:00,PKN,PKN,8,28,1,1,NML,1,2025
2184,A339,PKLET,LNI,LNI075,LNI074,17/15:01,17/15:05,18/12:32,18/12:47,21:27:00,JED,MED,A05,28,1,1,NML,1,2025
2185,B738,PKLSF,LNI,LNI837,LNI680,18/08:01,18/08:05,18/12:48,18/13:00,4:43:00,PNK,PKY,21,28,0,0,NML,1,2025
2186,A320,PKGQR,CTV,CTV487,CTV668,18/12:21,18/12:30,18/13:04,18/13:20,0:34:00,BDJ,DPS,6,28,1,1,NML,1,2025
2187,A320,PKBKM,BTK,BTK6596,BTK6595,18/13:45,18/13:51,18/14:57,18/15:10,1:06:25,CGK,CGK,10,28,1,1,NML,1,2025
2188,A320,PKAZG,AWQ,AWQ387,AWQ324,18/13:38,18/13:41,18/14:19,18/14:31,0:38:00,PEN,KUL,A03,28,1,1,NML,1,2025
2189,A320,PKPWF,PAS,PAS204,PAS205,18/12:11,18/12:19,18/13:12,18/13:22,0:53:00,CGK,CGK,7,28,1,1,NML,1,2025
2190,B738,PKGNR,GIA,GIA312,GIA317,18/12:40,18/12:46,18/13:42,18/13:55,0:56:00,CGK,CGK,4,28,1,1,NML,1,2025
2191,B738,PKLOP,LNI,LNI839,LNI836,18/12:58,18/13:02,18/14:04,18/14:16,1:02:00,PNK,PNK,17,28,1,1,NML,1,2025
2192,A320,PKGQG,CTV,CTV174,CTV948,18/15:38,18/15:42,18/16:37,18/16:54,0:55:00,HLP,BTH,8,28,1,1,NML,1,2025
2193,B739,PKLHH,LNI,LNI919,LNI260,18/14:52,18/14:57,18/15:56,18/16:06,0:58:03,DPS,BPN,14,28,1,1,NML,1,2025
2194,A320,PKLUQ,BTK,BTK7515,BTK7514,18/13:50,18/13:56,18/15:00,18/15:09,1:04:13,HLP,HLP,9,28,1,1,NML,1,2025
2195,B739,PKLGL,LNI,LNI261,LNI642,18/14:08,18/14:13,18/15:10,18/15:19,0:57:00,BPN,LOP,12,28,1,1,NML,1,2025
2196,B733F,PKMYV,MYU,MYU935,MYU815,18/13:52,18/13:56,18/14:35,18/14:45,0:38:48,SRG,CGK,C02,28,0,0,NML,1,2025
2197,A320,PKBKQ,BTK,BTK6406,BTK6220,18/14:35,18/14:39,18/15:39,18/15:48,1:00:54,CGK,BPN,11,28,1,1,NML,1,2025
2198,B738,PKGFR,GIA,GIA330,GIA331,18/14:29,18/14:36,18/15:31,18/15:41,0:55:00,HLP,HLP,7,28,1,1,NML,1,2025
2199,A320,PKTLD,AFE,AFE9931,AFE9791,18/14:44,18/14:49,18/15:22,18/15:28,0:33:00,TIM,CGK,5,28,1,1,NML,1,2025
2200,A320,PKGLX,CTV,CTV699,CTV434,18/15:03,18/15:10,18/15:45,18/15:58,0:35:00,DPS,BPN,6,28,1,1,NML,1,2025
2201,B738,PKLQZ,LNI,LNI879,LNI581,18/10:40,18/10:45,18/15:51,18/16:01,5:06:00,AMQ,CGK,18,28,0,0,NML,1,2025
2202,B738,9MMLO,MAS,MAS873,MAS872,18/15:06,18/15:10,18/15:54,18/16:03,0:44:00,KUL,KUL,A07,28,1,1,NML,1,2025
2203,A320,PKLUK,BTK,BTK6347,BTK6401,18/15:00,18/15:06,18/16:05,18/16:14,0:58:57,BEJ,CGK,10,28,1,1,NML,1,2025
2204,B738,PKLQY,LNI,LNI787,LNI316,18/13:31,18/13:35,18/16:14,18/16:24,2:38:13,UPG,BDJ,23,28,0,0,NML,1,2025
2205,B738,PKGMC,GIA,GIA310,GIA315,18/15:33,18/15:41,18/16:39,18/16:50,0:57:25,CGK,CGK,4,28,1,1,NML,1,2025
2206,A320,PKGQI,CTV,CTV669,CTV418,18/16:12,18/16:17,18/17:10,18/17:20,0:53:00,DPS,PNK,6,28,1,1,NML,1,2025
2207,B739,PKLHY,LNI,LNI983,LNI268,18/13:41,18/13:48,18/16:43,18/16:52,2:55:00,PKU,TRK,21,28,0,0,NML,1,2025
2208,B739,PKLSP,LNI,LNI692,LNI692,18/16:37,18/16:43,18/17:28,18/17:38,0:45:00,CGK,KOE,14,28,1,1,NML,1,2025
2209,A320,PKPWL,PAS,PAS206,PAS623,18/15:55,18/16:02,18/16:51,18/16:56,0:49:00,CGK,BPN,5,28,1,1,NML,1,2025
2210,A320,PKGLU,CTV,CTV431,CTV488,18/16:22,18/16:28,18/17:17,18/17:30,0:49:00,BPN,BDJ,7,28,1,1,NML,1,2025
2211,A320,PKAZG,AWQ,AWQ325,AWQ326,18/20:09,18/20:12,18/20:48,18/20:59,0:36:00,KUL,KUL,A01,28,1,1,NML,1,2025
2212,B738,PKLKW,LNI,LNI707,LNI838,18/14:13,18/14:19,18/18:39,18/18:50,4:20:00,UPG,PNK,25,28,0,0,NML,1,2025
2213,A320,PKGLW,CTV,CTV176,CTV179,18/16:48,18/16:53,18/17:37,18/17:44,0:44:00,HLP,HLP,8,28,1,1,NML,1,2025
2214,A320,PKSAV,SJV,SJV703,SJV708,18/18:03,18/18:09,18/19:04,18/19:12,0:55:00,DPS,DPS,11,28,1,1,NML,1,2025
2215,A320,PKPWJ,PAS,PAS622,PAS207,18/17:17,18/17:24,18/18:14,18/18:21,0:50:00,BPN,CGK,5,28,1,1,NML,1,2025
2216,B738,PKGUD,GIA,GIA320,GIA325,18/17:27,18/17:34,18/18:30,18/18:39,0:56:03,CGK,CGK,4,28,1,1,NML,1,2025
2217,B738,PKCRH,SJY,SJY567,SJY562,18/18:06,18/18:13,18/19:08,18/19:25,0:55:00,UPG,UPG,10,28,1,1,NML,1,2025
2218,A320,PKLUW,BTK,BTK7503,BTK7502,18/17:56,18/18:03,18/18:44,18/18:53,0:40:35,HLP,HLP,9,28,1,1,NML,1,2025
2219,B738MAX,9VMBP,SIA,SIA928,SIA929,18/17:59,18/18:03,18/18:54,18/19:10,0:51:00,SIN,SIN,A07,28,1,1,NML,1,2025
2220,B738,PKLZT,BTK,BTK6576,BTK6575,18/18:42,18/18:49,18/19:44,18/19:52,0:55:00,CGK,CGK,12,28,1,1,NML,1,2025
2221,B739,PKLHM,LNI,LNI972,LNI880,18/17:13,18/17:18,18/19:45,18/19:55,2:27:22,BTH,UPG,18,28,0,0,NML,1,2025
2222,A320,PKPWK,PAS,PAS202,PAS203,18/18:47,18/18:55,18/19:51,18/20:01,0:56:00,CGK,CGK,5,28,1,1,NML,1,2025
2223,B738,PKGNM,GIA,GIA349,GIA313,18/17:51,18/17:58,18/20:09,18/20:17,2:10:46,DPS,CGK,6,28,1,1,NML,1,2025
2224,A320,PKGQK,CTV,CTV489,CTV662,18/21:13,18/21:20,18/21:54,18/22:03,0:34:00,BDJ,DPS,6,28,1,1,NML,1,2025
2225,A320,PKGLX,CTV,CTV435,CTV494,18/19:40,18/19:47,18/20:29,18/20:39,0:42:00,BPN,BDJ,8,28,1,1,NML,1,2025
2226,A320,PKGLR,CTV,CTV495,CTV719,18/20:07,18/20:14,18/20:50,18/21:04,0:36:00,BDJ,CGK,9,28,1,1,NML,1,2025
2227,A320,PKGLM,CTV,CTV736,CTV352,18/19:31,18/19:38,18/20:19,18/20:29,0:40:40,CGK,UPG,7,28,1,1,NML,1,2025
2228,A320,PKGQL,CTV,CTV949,CTV354,18/19:08,18/19:14,18/21:58,18/22:07,2:44:00,BTH,UPG,3,28,0,0,NML,1,2025
2229,A320,PKGQA,CTV,CTV722,CTV721,18/21:01,18/21:08,18/21:48,18/22:01,0:40:00,CGK,CGK,7,28,1,1,NML,1,2025
2230,A320,PKBKU,BTK,BTK6137,BTK6136,18/20:03,18/20:10,18/21:56,18/22:05,1:46:00,UPG,UPG,11,28,1,1,NML,1,2025
2231,B738,PKLSF,LNI,LNI681,LNI878,18/15:43,18/15:50,19/05:00,19/05:14,13:10:00,PKY,AMQ,C03,28,0,0,NML,1,2025
2232,A320,PKSAV,SJV,SJV727,SJV610,18/21:39,18/21:45,19/04:53,19/05:02,7:08:00,DPS,BPN,12,28,1,1,NML,1,2025
2233,A320,PKBKQ,BTK,BTK6221,BTK6132,18/19:14,18/19:19,19/05:05,19/05:17,9:46:00,BPN,LOP,25,28,0,0,NML,1,2025
2234,A320,PKLUS,BTK,BTK6586,BTK7508,18/20:20,18/20:28,19/04:58,19/05:10,8:30:00,CGK,HLP,14,28,1,1,NML,1,2025
2235,A320,PKGQI,CTV,CTV720,CTV430,18/22:50,18/22:57,19/04:53,19/05:06,5:56:00,CGK,BPN,7,28,1,1,NML,1,2025
"2236,B739,PKLSR,LNI,LNI709,LNI786,17/16:17,17/16:22,19/05:11,19/05:20,""1 day, 12:49:00"",UPG,UPG,22,28,0,0,NML,1,2025"
2237,A320,PKPWG,PAS,PAS212,PAS213,18/20:47,18/20:55,19/05:34,19/05:42,8:39:00,CGK,CGK,5,28,1,1,NML,1,2025
2238,B739,PKLFG,LNI,LNI690,LNI690,19/05:04,19/05:09,19/05:51,19/06:00,0:42:00,CGK,KOE,11,28,1,1,NML,1,2025
2239,A320,PKGQH,CTV,CTV726,CTV725,18/21:43,18/21:50,19/05:37,19/05:46,7:47:00,CGK,CGK,8,28,1,1,NML,1,2025
2240,A320,PKAZG,AWQ,AWQ327P,AWQ320,19/05:11,19/05:16,19/05:52,19/06:02,0:36:00,KUL,KUL,A01,28,1,1,NML,1,2025
2241,A320,PKSAJ,SJV,SJV649,SJV706,18/07:53,18/07:57,19/06:04,19/06:12,22:07:22,BPN,DPS,C04,28,0,0,NML,1,2025
2242,B738,PKLKP,LNI,LNI883,LNI868,18/20:32,18/20:38,19/06:00,19/06:10,9:22:00,UPG,TTE,18,28,0,0,NML,1,2025
2243,A320,PKBKJ,BTK,BTK7521,BTK6589,18/19:59,18/20:04,19/05:55,19/06:06,9:51:00,HLP,CGK,15,28,1,1,NML,1,2025
2244,A320,PKGLM,CTV,CTV353,CTV484,19/05:08,19/05:14,19/05:53,19/06:04,0:39:00,UPG,BDJ,6,28,1,1,NML,1,2025
2245,A320,PKSTA,SJV,SJV643,SJV640,18/15:23,18/15:29,19/06:05,19/06:14,14:36:00,AAP,AAP,17,28,1,1,NML,1,2025
2246,A320,PKSAU,SJV,SJV633,SJV634,18/13:27,18/13:31,19/06:21,19/06:31,16:50:00,BDJ,BDJ,24,28,0,0,NML,1,2025
2247,A320,PKSTI,SJV,SJV637,SJV566,18/15:17,18/15:21,19/06:54,19/07:02,15:32:23,BDJ,PLW,26,28,0,0,NML,1,2025
2248,A320,PKLAI,BTK,BTK6588,BTK6135,18/21:22,18/21:28,19/06:57,19/07:06,9:29:00,CGK,PKN,10,28,1,1,NML,1,2025
2249,B739,PKLGL,LNI,LNI865,LNI971,18/17:48,18/17:53,19/07:00,19/07:09,13:07:00,LOP,BTH,23,28,0,0,NML,1,2025
2250,B738,PKGMU,GIA,GIA326,GIA854,18/19:01,18/22:37,19/06:56,19/07:08,11:43:17,CGK,SIN,A02,28,1,1,NML,1,2025
2251,B738,PKGFH,GIA,GIA855,GIA305,18/20:56,18/23:03,19/07:08,19/07:15,10:07:00,SIN,CGK,4,28,1,1,NML,1,2025
2252,A320,PKGLW,CTV,CTV170,CTV175,19/06:35,19/06:41,19/07:18,19/07:26,0:37:00,HLP,HLP,5,28,1,1,NML,1,2025
2253,A320,PKAZO,AWQ,AWQ323,AWQ392,18/20:23,18/20:27,19/07:35,19/07:47,11:08:00,KUL,JHB,A03,28,1,1,NML,1,2025
2254,A320,PKGQK,CTV,CTV661,CTV460,19/06:58,19/07:04,19/07:39,19/07:52,0:35:00,DPS,AAP,7,28,1,1,NML,1,2025
2255,B739,PKLHJ,LNI,LNI695,LNI693,18/18:11,18/18:17,19/07:51,19/08:01,13:33:47,KOE,CGK,21,28,0,0,NML,1,2025
2256,A339,PKLER,LNI,LNI103,LNI078,18/08:33,18/08:38,19/08:02,19/08:18,23:24:00,JED,MED,A06,28,1,1,NML,1,2025
2257,A333,BLBE,CPA,CPA779,CPA780,18/18:58,18/19:08,19/08:29,19/08:44,13:21:00,HKG,HKG,A08,28,1,1,NML,1,2025
2258,B739,PKLHY,LNI,LNI267,LNI990,19/07:20,19/07:26,19/08:23,19/08:33,0:57:31,TRK,DPS,9,28,1,1,NML,1,2025
2259,B738,PKLBS,MXD,MXD352,MXD353,18/19:34,18/19:38,19/08:36,19/08:48,12:57:12,KUL,KUL,A04,28,1,1,NML,1,2025
2260,A320,PKGQJ,CTV,CTV355,CTV177,19/07:49,19/07:56,19/08:46,19/08:55,0:50:00,UPG,HLP,6,28,1,1,NML,1,2025
2261,B738,PKLQY,LNI,LNI315,LNI856,19/07:54,19/08:00,19/08:53,19/09:03,0:53:00,BDJ,PLM,14,28,1,1,NML,1,2025
2262,A320,PKBKQ,BTK,BTK6133,BTK6581,19/07:45,19/07:51,19/08:52,19/08:59,1:01:00,LOP,CGK,10,28,1,1,NML,1,2025
2263,B738,PKLKW,LNI,LNI837,LNI748,19/07:58,19/08:05,19/08:59,19/09:07,0:54:00,PNK,MDC,12,28,1,1,NML,1,2025
2264,B738,PKGUC,GIA,GIA304,GIA342,19/08:15,19/08:22,19/09:20,19/09:28,0:58:00,CGK,DPS,4,28,1,1,NML,1,2025
2265,A320,PKSJC,SJV,SJV619,SJV618,18/19:37,18/19:43,19/09:30,19/09:44,13:47:00,BPN,BPN,16,28,1,1,NML,1,2025
2266,A320,PKSAV,SJV,SJV611,SJV642,19/08:28,19/08:33,19/09:30,19/09:42,0:57:00,BPN,AAP,11,28,1,1,NML,1,2025
2267,A320,PKSAJ,SJV,SJV703,SJV702,19/08:31,19/08:36,19/09:37,19/09:46,1:01:00,DPS,DPS,17,28,1,1,NML,1,2025
2268,A320,PKGLM,CTV,CTV485,CTV486,19/08:35,19/08:40,19/09:17,19/09:27,0:37:00,BDJ,BDJ,5,28,1,1,NML,1,2025
2269,A320,9VTRP,TGW,TGW264,TGW265,19/08:49,19/08:52,19/09:46,19/09:59,0:54:00,SIN,SIN,A02,28,1,1,NML,1,2025
2270,B38M,9MLRM,MXD,MXD350,MXD351,19/08:53,19/08:56,19/09:59,19/10:11,1:03:00,KUL,KUL,A03,28,1,1,NML,1,2025
2271,A320,PKGLY,CTV,CTV417,CTV715,19/09:01,19/09:07,19/09:48,19/10:03,0:41:00,PNK,CGK,6,28,1,1,NML,1,2025
2272,B738,9MMXW,MAS,MAS871,MAS870,19/09:15,19/09:19,19/10:07,19/10:24,0:48:00,KUL,KUL,A07,28,1,1,NML,1,2025
2273,B735,PKNAQ,LKN,LKN243,LKN242,19/08:56,19/09:03,19/09:51,19/10:05,0:48:00,SMQ,SMQ,9,28,1,1,NML,1,2025
2274,A320,PKGLG,CTV,CTV351,CTV350,19/09:12,19/09:17,19/10:00,19/10:09,0:43:00,UPG,UPG,8,28,1,1,NML,1,2025
2275,A359,9VSHH,SIA,SIA922,SIA923,19/09:24,19/09:28,19/10:26,19/10:40,0:58:00,SIN,SIN,A08,28,1,1,NML,1,2025
2276,A320,PKSAU,SJV,SJV635,SJV632,19/09:05,19/09:10,19/10:11,19/10:26,1:01:00,BDJ,BDJ,12,28,1,1,NML,1,2025
2277,A339,PKLEV,LNI,LNI107,LNI104,19/08:12,19/08:16,19/10:37,19/10:53,2:21:00,JED,JED,A06,28,1,1,NML,1,2025
2278,A320,PKGQN,CTV,CTV710,CTV723,19/10:00,19/10:06,19/10:53,19/11:01,0:47:00,CGK,CGK,7,28,1,1,NML,1,2025
2279,B739,PKLSP,LNI,LNI693,LNI262,19/06:54,19/06:59,19/10:56,19/11:06,3:57:00,KOE,BPN,22,28,0,0,NML,1,2025
2280,A320,PKPWG,PAS,PAS210,PAS211,19/09:40,19/09:47,19/10:47,19/10:55,0:59:06,CGK,CGK,5,28,1,1,NML,1,2025
2281,B739,PKLHU,LNI,LNI970,LNI973,19/09:48,19/09:54,19/10:47,19/10:57,0:53:00,BTH,BTH,14,28,1,1,NML,1,2025
2282,A320,PKLAI,BTK,BTK6134,BTK7516,19/09:52,19/09:58,19/11:08,19/11:16,1:10:00,PKN,HLP,9,28,1,1,NML,1,2025
2283,A320,PKLUW,BTK,BTK7513,BTK6346,19/09:57,19/10:02,19/10:49,19/11:00,0:47:00,HLP,BEJ,11,28,1,1,NML,1,2025
2284,B739,PKLHH,LNI,LNI363,LNI822,19/06:21,19/06:27,19/11:05,19/11:13,4:37:44,BPN,LOP,18,28,0,0,NML,1,2025
2285,B739,PKLFY,LNI,LNI694,LNI694,19/10:27,19/10:32,19/11:22,19/11:34,0:50:00,CGK,KOE,16,28,1,1,NML,1,2025
2286,A320,PKAZG,AWQ,AWQ321,AWQ322,19/11:29,19/11:32,19/12:08,19/12:18,0:36:00,KUL,KUL,A01,28,1,1,NML,1,2025
2287,B739,PKLFG,LNI,LNI697,LNI697,19/10:20,19/10:26,19/11:26,19/11:36,1:00:00,KOE,CGK,15,28,1,1,NML,1,2025
2288,A320,PKLAO,BTK,BTK7517,BTK7520,19/10:39,19/10:43,19/11:27,19/11:41,0:44:00,HLP,HLP,10,28,1,1,NML,1,2025
2289,B738,PKGFW,GIA,GIA322,GIA327,19/10:22,19/10:27,19/11:33,19/11:43,1:06:00,CGK,CGK,4,28,1,1,NML,1,2025
2290,B739,PKLHY,LNI,LNI805,LNI804,19/11:13,19/11:19,19/12:04,19/12:12,0:45:00,DPS,DPS,12,28,1,1,NML,1,2025
2291,A320,PKGQK,CTV,CTV461,CTV698,19/11:09,19/11:16,19/12:13,19/12:20,0:57:00,AAP,DPS,6,28,1,1,NML,1,2025
2292,A320,PKSTI,SJV,SJV567,SJV7013,19/11:34,19/11:38,19/12:09,19/12:21,0:31:00,PLW,AAP,21,28,0,0,NML,1,2025
2293,B738,PKGNG,GIA,GIA3024,GIA3034,19/11:39,19/11:47,19/12:38,19/12:45,0:51:00,CGK,CGK,4,28,1,1,NML,1,2025
2294,B739,PKLSV,LNI,LNI801,LNI780,19/11:47,19/11:51,19/12:47,19/12:58,0:56:00,UPG,UPG,10,28,1,1,NML,1,2025
2295,A320,PKGLM,CTV,CTV487,CTV668,19/11:58,19/12:04,19/12:43,19/12:52,0:38:30,BDJ,DPS,7,28,1,1,NML,1,2025
2296,CL600,PKKAS,JUK,CEO31,PKKAS,18/18:37,19/10:52,19/11:44,19/11:50,17:02:00,BKK,HLP,1,28,0,0,NML,1,2025
2297,A320,PKBKM,BTK,BTK6596,BTK6595,19/13:28,19/13:34,19/14:33,19/14:41,0:59:00,CGK,CGK,11,28,1,1,NML,1,2025
2298,B739,PKLHM,LNI,LNI787,LNI680,19/12:28,19/12:33,19/13:24,19/13:36,0:51:00,UPG,PKY,9,28,1,1,NML,1,2025
2299,A320,PKPWA,PAS,PAS204,PAS205,19/12:06,19/12:12,19/13:20,19/13:33,1:08:00,CGK,CGK,5,28,1,1,NML,1,2025
2300,A320,PKAZO,AWQ,AWQ393,AWQ324,19/12:48,19/12:52,19/13:28,19/13:40,0:36:00,JHB,KUL,A03,28,1,1,NML,1,2025
2301,A320,9VJSO,JSA,JSA247,JSA248,19/13:42,19/13:45,19/14:27,19/14:37,0:42:00,SIN,SIN,A07,28,1,1,NML,1,2025
2302,B738,PKLOP,LNI,LNI839,LNI836,19/12:55,19/13:00,19/13:58,19/14:07,0:58:00,PNK,PNK,16,28,1,1,NML,1,2025
2303,A320,PKSTI,SJV,SJV641,SJV726,19/15:45,19/15:50,19/16:28,19/16:36,0:38:00,AAP,LBJ,16,28,1,1,NML,1,2025
2304,A320,PKSAU,SJV,SJV633,SJV636,19/13:38,19/13:44,19/14:33,19/14:42,0:49:00,BDJ,BDJ,12,28,1,1,NML,1,2025
2305,A320,PKGQI,CTV,CTV431,CTV948,19/13:34,19/13:41,19/14:26,19/14:35,0:45:00,BPN,BTH,6,28,1,1,NML,1,2025
2306,B738,PKLQY,LNI,LNI857,LNI722,19/13:30,19/13:34,19/14:24,19/14:33,0:50:00,PLM,KDI,14,28,1,1,NML,1,2025
2307,B739,PKLHH,LNI,LNI823,LNI910,19/13:50,19/13:55,19/14:44,19/14:51,0:49:00,LOP,DPS,10,28,1,1,NML,1,2025
2308,A320,PKLUI,BTK,BTK7515,BTK7514,19/14:44,19/14:50,19/15:39,19/15:48,0:49:00,HLP,HLP,9,28,1,1,NML,1,2025
2309,B738,PKGUF,GIA,GIA312,GIA317,19/13:46,19/13:51,19/14:58,19/15:09,1:07:00,CGK,CGK,4,28,1,1,NML,1,2025
2310,B738,PKLKP,LNI,LNI869,LNI642,19/13:01,19/13:06,19/15:09,19/15:18,2:03:00,TTE,LOP,18,28,0,0,NML,1,2025
2311,A320,PKPWE,PAS,PAS208,PAS209,19/14:26,19/14:33,19/15:12,19/15:21,0:39:00,CGK,CGK,6,28,1,1,NML,1,2025
2312,A320,PKBLB,BTK,BTK6406,BTK6220,19/14:47,19/14:53,19/15:47,19/15:55,0:54:00,CGK,BPN,11,28,1,1,NML,1,2025
2313,B738,PKGMW,GIA,GIA330,GIA331,19/14:19,19/14:27,19/15:17,19/15:25,0:50:00,HLP,HLP,5,28,1,1,NML,1,2025
2314,A320,PKLAO,BTK,BTK7501,BTK7512,19/14:54,19/15:00,19/16:02,19/16:12,1:02:00,HLP,HLP,10,28,1,1,NML,1,2025
2315,A320,PKGQK,CTV,CTV699,CTV434,19/15:06,19/15:12,19/15:52,19/15:59,0:40:00,DPS,BPN,7,28,1,1,NML,1,2025
2316,B738,9MMXF,MAS,MAS873,MAS872,19/15:30,19/15:36,19/16:28,19/16:42,0:52:00,KUL,KUL,A07,28,1,1,NML,1,2025
2317,A320,PKSAU,SJV,SJV637,SJV672,19/17:43,19/17:51,19/18:39,19/18:50,0:48:00,BDJ,BEJ,8,10,1,1,NML,1,2025
2318,A320,PKLUW,BTK,BTK6347,BTK6401,19/15:15,19/15:21,19/16:07,19/16:20,0:46:00,BEJ,CGK,12,28,1,1,NML,1,2025
2319,B738,PKLKW,LNI,LNI749,LNI316,19/14:39,19/14:45,19/16:12,19/16:22,1:27:00,MDC,BDJ,15,28,1,1,NML,1,2025
2320,B738,PKLSF,LNI,LNI879,LNI581,19/14:59,19/15:05,19/16:13,19/16:25,1:08:00,AMQ,CGK,14,28,1,1,NML,1,2025
2321,B738,PKGFW,GIA,GIA310,GIA315,19/15:34,19/15:42,19/16:33,19/16:44,0:51:00,CGK,CGK,4,28,1,1,NML,1,2025
2322,A339,PKLET,LNI,LNI075,LNI100,19/14:11,19/14:18,19/16:34,19/16:47,2:16:00,JED,JED,A06,28,1,1,NML,1,2025
2323,A320,PKGQJ,CTV,CTV174,CTV418,19/15:42,19/15:48,19/16:31,19/16:39,0:43:00,HLP,PNK,6,28,1,1,NML,1,2025
2324,B429,P3201,POL,P3201,P3201,19/16:13,19/16:17,19/16:50,19/16:52,0:33:00,SUB,ZZZZ,C05,28,0,0,NML,1,2025
2325,B739,PKLFY,LNI,LNI695,LNI268,19/16:08,19/16:15,19/17:21,19/17:29,1:06:00,KOE,TRK,9,28,1,1,NML,1,2025
2326,B739,PKLFG,LNI,LNI692,LNI692,19/16:27,19/16:35,19/17:31,19/17:44,0:56:00,CGK,KOE,15,28,1,1,NML,1,2025
2327,A320,PKPWJ,PAS,PAS206,PAS623,19/16:15,19/16:21,19/17:05,19/17:16,0:44:00,CGK,BPN,5,28,1,1,NML,1,2025
"2328,B739,PKLGP,LNI,LNI694A,LNI706,18/11:30,18/11:34,19/17:31,19/17:46,""1 day, 5:57:00"",SUB,UPG,20,28,0,0,NML,1,2025"
2329,A320,PKGQG,CTV,CTV669,CTV488,19/16:01,19/16:08,19/16:53,19/17:00,0:45:00,DPS,BDJ,7,28,1,1,NML,1,2025
2330,A320,PKAZG,AWQ,AWQ323,AWQ326,19/18:03,19/18:09,19/18:45,19/18:53,0:36:00,KUL,KUL,A01,10,1,1,NML,1,2025
2331,B738,PKLOR,LNI,LNI709,LNI838,19/16:05,19/16:12,19/17:30,19/17:41,1:18:00,UPG,PNK,11,28,1,1,NML,1,2025
2332,A320,PKSAV,SJV,SJV643,SJV614,19/18:27,19/18:31,19/19:35,19/19:46,1:04:00,AAP,BPN,12,28,1,1,NML,1,2025
2333,A320,PKBKM,BTK,BTK6578,BTK7579,19/18:23,19/18:27,19/19:40,19/19:48,1:13:00,CGK,CGK,11,28,1,1,NML,1,2025
2334,A320,PKSGD,SJV,SJV723,SJV708,19/20:34,19/20:39,19/21:43,19/21:51,1:03:11,DPS,DPS,14,28,1,1,NML,1,2025
2335,A320,PKPWG,PAS,PAS622,PAS207,19/17:36,19/17:43,19/18:26,19/18:41,0:43:00,BPN,CGK,6,10,1,1,NML,1,2025
2336,B739,PKLHH,LNI,LNI923,LNI800,19/17:14,19/17:19,19/18:30,19/18:47,1:11:00,DPS,UPG,10,10,1,1,NML,1,2025
2337,A320,PKSJP,SJV,SJV619,SJV716,19/20:46,19/20:53,19/21:37,19/21:50,0:43:00,BPN,LOP,12,28,1,1,NML,1,2025
2338,B738,PKGUE,GIA,GIA320,GIA325,19/17:24,19/17:31,19/18:28,19/18:45,0:57:00,CGK,CGK,4,10,1,1,NML,1,2025
2339,A320,PKLAI,BTK,BTK7503,BTK7502,19/18:10,19/18:14,19/18:49,19/18:59,0:35:00,HLP,HLP,9,10,1,1,NML,1,2025
2340,B738MAX,9VMBE,SIA,SIA928,SIA929,19/17:38,19/17:43,19/18:29,19/18:48,0:46:00,SIN,SIN,A06,10,1,1,NML,1,2025
2341,A320,PKGQH,CTV,CTV949,CTV494,19/18:39,19/18:44,19/19:20,19/19:30,0:36:00,BTH,BDJ,7,28,1,1,NML,1,2025
2342,B788,9VOFB,TGW,TGW262,TGW263,19/18:32,19/18:38,19/19:44,19/20:01,1:06:00,SIN,SIN,A07,28,1,1,NML,1,2025
2343,A320,PKLAO,BTK,BTK7519,BTK7518,19/19:05,19/19:10,19/19:58,19/20:08,0:48:00,HLP,HLP,10,28,1,1,NML,1,2025
2344,A320,PKGLL,CTV,CTV489,CTV662,19/19:59,19/20:06,19/20:46,19/20:55,0:40:00,BDJ,DPS,8,28,1,1,NML,1,2025
2345,B738,PKGUC,GIA,GIA349,GIA313,19/17:51,19/18:01,19/20:02,19/20:14,2:01:00,DPS,CGK,5,28,1,1,NML,1,2025
2346,A320,PKGQS,CTV,CTV172,CTV719,19/18:07,19/18:11,19/20:15,19/20:23,2:04:00,HLP,CGK,3,28,0,0,NML,1,2025
2347,A320,PKGQG,CTV,CTV495,CTV173,19/20:12,19/20:18,19/21:06,19/21:17,0:48:00,BDJ,HLP,9,28,1,1,NML,1,2025
2348,A320,PKGLY,CTV,CTV736,CTV352,19/19:31,19/19:45,19/20:29,19/20:43,0:44:00,CGK,UPG,6,28,1,1,NML,1,2025
2349,A320,PKGQU,CTV,CTV722,CTV354,19/20:02,19/20:11,19/20:52,19/21:04,0:40:41,CGK,UPG,7,28,1,1,NML,1,2025
2350,A320,PKBKQ,BTK,BTK6588,BTK6587,19/19:40,19/19:48,19/20:42,19/20:53,0:54:00,CGK,CGK,16,28,1,1,NML,1,2025
2351,B738,PKGNQ,GIA,GIA324,GIA329,19/20:40,19/20:49,19/21:32,19/21:40,0:43:17,CGK,CGK,6,28,1,1,NML,1,2025
2352,A320,PKLAM,BTK,BTK6137,BTK6136,19/19:43,19/19:50,19/21:51,19/22:01,2:01:35,UPG,UPG,11,28,1,1,NML,1,2025
2353,A320,PKSAU,SJV,SJV673,SJV610,19/22:52,19/22:58,20/04:59,20/05:14,6:01:00,BEJ,BPN,14,28,1,1,NML,1,2025
2354,A320,PKGQR,CTV,CTV726,CTV430,19/21:01,19/21:08,20/05:01,20/05:17,7:53:00,CGK,BPN,7,28,1,1,NML,1,2025
2355,B733F,PKMYV,MYU,MYU935,MYU815,19/13:54,19/13:58,20/05:11,20/05:21,15:13:00,SRG,CGK,C02,28,0,0,NML,1,2025
2356,A320,PKLZH,BTK,BTK6586,BTK7508,19/20:26,19/20:33,20/04:56,20/05:11,8:23:00,CGK,HLP,18,28,0,0,NML,1,2025
2357,B738,PKLKP,LNI,LNI865,LNI878,19/17:48,19/17:52,20/04:58,20/05:13,11:06:00,LOP,AMQ,23,28,0,0,NML,1,2025
2358,B739,PKLHM,LNI,LNI681,LNI786,19/16:18,19/16:21,20/05:08,20/05:20,12:47:00,PKY,UPG,24,28,0,0,NML,1,2025
2359,A320,PKAZO,AWQ,AWQ325,AWQ320,19/19:16,19/19:22,20/05:20,20/05:25,9:58:00,KUL,KUL,A01,28,1,1,NML,1,2025
2360,A320,PKPWL,PAS,PAS212,PAS213,19/20:50,19/20:58,20/05:38,20/05:46,8:40:00,CGK,CGK,8,28,1,1,NML,1,2025
2361,B739,PKLSO,LNI,LNI690,LNI690,20/05:05,20/05:12,20/05:51,20/06:03,0:38:58,CGK,KOE,11,28,1,1,NML,1,2025
2362,A320,V8RBB,RBA,RBA795,RBA796,19/20:38,19/20:43,20/05:55,20/06:10,9:12:00,BWN,BWN,A06,28,1,1,NML,1,2025
2363,A320,PKGQF,CTV,CTV435,CTV725,19/20:21,19/20:28,20/05:48,20/05:59,9:20:00,BPN,CGK,5,28,1,1,NML,1,2025
2364,B739,PKLGP,LNI,LNI883,LNI882,19/22:33,19/22:38,20/05:49,20/06:01,7:11:00,UPG,UPG,12,28,1,1,NML,1,2025
2365,A320,PKLUT,BTK,BTK6576,BTK6589,19/22:13,19/22:20,20/05:56,20/06:07,7:36:00,CGK,CGK,9,28,1,1,NML,1,2025
2366,A320,PKGQU,CTV,CTV353,CTV484,20/05:08,20/05:16,20/05:53,20/06:05,0:37:00,UPG,BDJ,6,28,1,1,NML,1,2025
2367,A320,PKSGD,SJV,SJV727,SJV640,20/00:17,20/00:22,20/05:56,20/06:08,5:34:00,DPS,AAP,15,28,1,1,NML,1,2025
2368,A320,PKBKV,BTK,BTK6413,BTK6412,19/20:15,19/20:20,20/06:24,20/06:35,10:04:00,DPS,DPS,20,28,0,0,NML,1,2025
2369,A320,PKSTI,SJV,SJV725,SJV634,19/20:06,19/20:12,20/06:21,20/06:29,10:09:00,LBJ,BDJ,21,28,0,0,NML,1,2025
2370,A320,PKBKM,BTK,BTK6370,BTK6597,20/06:13,20/06:19,20/07:19,20/07:26,1:00:00,CGK,CGK,14,28,1,1,NML,1,2025
2371,A320,PKLUQ,BTK,BTK7521,BTK6135,19/21:47,19/21:54,20/06:55,20/07:03,9:01:00,HLP,PKN,10,28,1,1,NML,1,2025
"2372,DHC6,PKICP,PGT,PKICP,PKICP,18/12:09,18/12:13,20/06:52,20/06:56,""1 day, 18:39:00"",ZZZZ,PAG,28,28,0,0,NML,1,2025"
2373,B738,PKGMU,GIA,GIA855,GIA854,19/21:23,19/21:28,20/07:01,20/07:14,9:33:00,SIN,SIN,A02,28,1,1,NML,1,2025
2374,B738,PKGFJ,GIA,GIA326,GIA305,19/18:51,19/18:55,20/07:00,20/07:09,12:05:00,CGK,CGK,4,28,1,1,NML,1,2025
2375,B739,PKLGM,LNI,LNI363,LNI646,20/06:18,20/06:23,20/07:21,20/07:31,0:58:00,BPN,LOP,18,28,0,0,NML,1,2025
2376,A320,PKGQG,CTV,CTV170,CTV175,20/06:44,20/06:53,20/07:34,20/07:43,0:41:00,HLP,HLP,6,28,1,1,NML,1,2025
2377,A320,PKLAY,BTK,BTK7511,BTK7510,20/06:33,20/06:39,20/07:29,20/07:41,0:50:00,HLP,HLP,9,28,1,1,NML,1,2025
2378,A320,PKAZG,AWQ,AWQ327,AWQ392,20/00:21,20/00:25,20/07:33,20/07:46,7:08:00,KUL,JHB,A03,28,1,1,NML,1,2025
2379,A320,PKGLL,CTV,CTV661,CTV460,20/06:54,20/07:04,20/07:38,20/07:49,0:34:00,DPS,AAP,7,28,1,1,NML,1,2025
2380,B739,PKLFG,LNI,LNI693,LNI693,20/07:07,20/07:12,20/07:56,20/08:08,0:44:00,KOE,CGK,11,28,1,1,NML,1,2025
"2381,C208,PKVVF,SUS,PKVVF,PKVVF,17/09:42,17/09:44,20/08:10,20/08:18,""2 days, 22:25:41"",BXW,BXW,29,28,0,0,NML,1,2025"
2382,A333,BLAF,CPA,CPA779,CPA780,19/18:15,19/18:22,20/08:05,20/08:22,13:43:00,HKG,HKG,A08,28,1,1,NML,1,2025
2383,A320,PKSAZ,SJV,SJV717,SJV566,20/07:28,20/07:34,20/08:21,20/08:31,0:47:00,LOP,PLW,15,28,1,1,NML,1,2025
2384,B739,PKLFY,LNI,LNI267,LNI990,20/07:11,20/07:16,20/08:18,20/08:26,1:02:00,TRK,DPS,12,28,1,1,NML,1,2025
2385,A320,PKSAV,SJV,SJV617,SJV706,19/23:16,19/23:25,20/08:32,20/08:40,9:07:00,BPN,DPS,16,28,1,1,NML,1,2025
2386,B738,PKLBS,MXD,MXD352,MXD353,19/19:55,19/19:59,20/09:01,20/09:25,13:02:00,KUL,KUL,A04,28,1,1,NML,1,2025
2387,A320,PKGLY,CTV,CTV355,CTV177,20/07:52,20/08:00,20/08:40,20/08:47,0:40:00,UPG,HLP,7,28,1,1,NML,1,2025
2388,A320,PKBLB,BTK,BTK6221,BTK6581,19/19:19,19/19:23,20/09:06,20/09:26,13:43:00,BPN,CGK,17,28,1,1,NML,1,2025
2389,B739,PKLGL,LNI,LNI972,LNI856,19/16:40,19/16:46,20/09:01,20/09:20,16:15:00,BTH,PLM,25,28,0,0,NML,1,2025
2390,A320,PKSJF,SJV,SJV7005,SJV618,20/08:02,20/08:07,20/08:58,20/09:18,0:51:00,CGK,BPN,11,28,1,1,NML,1,2025
2391,B738,PKLOR,LNI,LNI837,LNI748,20/08:05,20/08:11,20/09:12,20/09:34,1:01:00,PNK,MDC,14,28,1,1,NML,1,2025
2392,B739,PKLKM,LNI,LNI683,LNI682,20/08:13,20/08:19,20/09:08,20/09:29,0:49:00,PKY,PKY,10,28,1,1,NML,1,2025
2393,A320,PKPWE,PAS,PAS200,PAS201,20/08:29,20/08:35,20/09:25,20/09:47,0:50:00,CGK,CGK,5,28,1,1,NML,1,2025
2394,B738,PKGNR,GIA,GIA304,GIA342,20/08:16,20/08:22,20/09:19,20/09:43,0:57:00,CGK,DPS,4,28,1,1,NML,1,2025
2395,A320,PKGQU,CTV,CTV485,CTV486,20/08:34,20/08:42,20/09:18,20/09:38,0:36:00,BDJ,BDJ,6,28,1,1,NML,1,2025
2396,A320,9VTRK,TGW,TGW264,TGW265,20/09:08,20/09:12,20/10:04,20/10:20,0:52:00,SIN,SIN,A02,28,1,1,NML,1,2025
2397,A320,PKGQS,CTV,CTV417,CTV715,20/08:58,20/09:04,20/09:47,20/09:54,0:43:00,PNK,CGK,7,28,1,1,NML,1,2025
2398,B738,9MMLQ,MAS,MAS871,MAS870,20/09:04,20/09:08,20/09:54,20/10:08,0:46:00,KUL,KUL,A06,28,1,1,NML,1,2025
2399,E135,T7JCI,AFS,T7JCI,T7JCI,20/09:01,20/09:03,20/09:40,20/09:48,0:37:00,CGK,CGK,A09,28,0,0,NML,1,2025
2400,B735,PKNAT,LKN,LKN243,LKN242,20/09:22,20/09:27,20/10:00,20/10:12,0:33:00,SMQ,SMQ,11,28,1,1,NML,1,2025
2401,B38M,9MLRU,MXD,MXD350,MXD351,20/10:14,20/10:19,20/11:08,20/11:25,0:49:00,KUL,KUL,A03,28,1,1,NML,1,2025
2402,A359,9VSHT,SIA,SIA922,SIA923,20/09:36,20/09:40,20/10:39,20/10:57,0:59:00,SIN,SIN,A08,28,1,1,NML,1,2025
2403,A320,PKSTI,SJV,SJV635,SJV632,20/09:11,20/09:16,20/10:26,20/10:37,1:10:00,BDJ,BDJ,15,28,1,1,NML,1,2025
2404,A320,PKGQE,CTV,CTV351,CTV350,20/09:16,20/09:21,20/10:11,20/10:22,0:50:00,UPG,UPG,8,28,1,1,NML,1,2025
2405,A320,PKGQI,CTV,CTV710,CTV723,20/09:27,20/09:33,20/10:20,20/10:31,0:47:00,CGK,CGK,6,28,1,1,NML,1,2025
2406,B739,PKLGP,LNI,LNI791,LNI262,20/09:40,20/09:47,20/10:40,20/10:48,0:53:00,UPG,BPN,16,28,1,1,NML,1,2025
2407,A320,PKPWL,PAS,PAS210,PAS211,20/09:31,20/09:39,20/10:34,20/10:45,0:55:00,CGK,CGK,5,28,1,1,NML,1,2025
2408,B739,PKLSZ,LNI,LNI919,LNI973,19/15:11,19/15:17,20/10:40,20/10:53,19:23:00,DPS,BTH,26,28,0,0,NML,1,2025
2409,A320,PKLUS,BTK,BTK7513,BTK7516,20/10:09,20/10:15,20/11:01,20/11:14,0:46:00,HLP,HLP,9,28,1,1,NML,1,2025
2410,A320,PKLUQ,BTK,BTK6134,BTK6346,20/09:44,20/09:50,20/10:46,20/11:00,0:56:00,PKN,BEJ,12,28,1,1,NML,1,2025
2411,A320,PKSGD,SJV,SJV641,SJV642,20/09:56,20/10:04,20/10:55,20/11:04,0:51:00,AAP,AAP,10,28,1,1,NML,1,2025
2412,DHC6,PKICP,PGT,PKICP,PKICP,20/09:51,20/09:52,20/10:43,20/10:50,0:51:00,PAG,PAG,28,28,0,0,NML,1,2025
2413,B739,PKLGM,LNI,LNI645,LNI822,20/10:00,20/10:06,20/10:58,20/11:10,0:52:00,LOP,LOP,14,28,1,1,NML,1,2025
2414,B739,PKLGU,LNI,LNI694,LNI694,20/10:40,20/10:45,20/11:26,20/11:34,0:41:00,CGK,KOE,15,28,1,1,NML,1,2025
2415,A320,PKAZO,AWQ,AWQ321,AWQ322,20/11:11,20/11:19,20/11:59,20/12:13,0:40:00,KUL,KUL,A01,28,1,1,NML,1,2025
2416,B739,PKLSO,LNI,LNI697,LNI697,20/10:28,20/10:35,20/11:37,20/11:50,1:02:00,KOE,CGK,17,28,1,1,NML,1,2025
2417,A320,PKLAY,BTK,BTK7517,BTK7520,20/12:29,20/12:35,20/13:18,20/13:26,0:43:00,HLP,HLP,9,28,1,1,NML,1,2025
2418,B738,PKGFW,GIA,GIA322,GIA327,20/10:06,20/10:12,20/11:32,20/11:44,1:20:00,CGK,CGK,4,28,1,1,NML,1,2025
2419,A320,PKSAV,SJV,SJV703,SJV702,20/11:16,20/11:21,20/12:05,20/12:14,0:44:00,DPS,DPS,16,28,1,1,NML,1,2025
2420,A320,PKGLL,CTV,CTV461,CTV698,20/11:23,20/11:32,20/12:10,20/12:17,0:38:00,AAP,DPS,7,28,1,1,NML,1,2025
2421,B739,PKLSR,LNI,LNI801,LNI780,20/11:41,20/11:47,20/12:37,20/12:47,0:50:00,UPG,UPG,12,28,1,1,NML,1,2025
2422,A339,PKLER,LNI,LNI079,LNI074,20/10:34,20/10:39,20/12:44,20/12:57,2:05:00,JED,MED,A06,28,1,1,NML,1,2025
2423,A320,PKGQU,CTV,CTV487,CTV668,20/12:10,20/12:16,20/12:49,20/12:59,0:33:00,BDJ,DPS,6,28,1,1,NML,1,2025
2424,A320,PKBLC,BTK,BTK6596,BTK6595,20/12:51,20/12:58,20/13:47,20/13:58,0:49:00,CGK,CGK,10,28,1,1,NML,1,2025
2425,B738,PKLQY,LNI,LNI727,LNI722,19/18:43,19/18:47,20/13:25,20/13:38,18:38:00,KDI,KDI,22,28,0,0,NML,1,2025
2426,A320,PKAZG,AWQ,AWQ393,AWQ324,20/12:42,20/12:46,20/13:21,20/13:35,0:35:00,JHB,KUL,A01,28,1,1,NML,1,2025
2427,A339,PKLEV,LNI,LNI105,LNI106,20/10:54,20/10:59,20/14:00,20/14:20,3:01:00,JED,JED,A07,28,1,1,NML,1,2025
2428,B738,PKLOP,LNI,LNI839,LNI836,20/13:33,20/13:37,20/14:26,20/14:37,0:48:26,PNK,PNK,16,28,1,1,NML,1,2025
2429,A320,PKSTI,SJV,SJV633,SJV726,20/13:36,20/13:42,20/14:32,20/14:43,0:50:00,BDJ,LBJ,17,28,1,1,NML,1,2025
2430,B738,PKGFF,GIA,GIA312,GIA317,20/14:02,20/14:08,20/14:56,20/15:06,0:48:00,CGK,CGK,4,28,1,1,NML,1,2025
2431,B739,PKLGL,LNI,LNI857,LNI910,20/13:40,20/13:46,20/14:28,20/14:39,0:41:44,PLM,DPS,14,28,1,1,NML,1,2025
2432,A320,PKGQR,CTV,CTV431,CTV948,20/13:44,20/13:51,20/14:27,20/14:35,0:36:00,BPN,BTH,6,28,1,1,NML,1,2025
2433,B739,PKLGM,LNI,LNI823,LNI260,20/13:47,20/13:53,20/14:49,20/14:59,0:55:40,LOP,BPN,9,28,1,1,NML,1,2025
2434,A320,PKLUS,BTK,BTK7515,BTK7514,20/14:46,20/14:54,20/15:51,20/16:02,0:57:24,HLP,HLP,8,28,1,1,NML,1,2025
2435,A320,PKPWK,PAS,PAS208,PAS209,20/14:16,20/14:23,20/15:10,20/15:20,0:46:19,CGK,CGK,5,28,1,1,NML,1,2025
2436,A320,PKBKQ,BTK,BTK6406,BTK6220,20/16:11,20/16:18,20/17:42,20/17:55,1:24:15,CGK,BPN,9,10,1,1,NML,1,2025
2437,B738,PKGMW,GIA,GIA330,GIA331,20/15:04,20/15:10,20/16:40,20/16:46,1:30:41,HLP,HLP,4,10,1,1,NML,1,2025
2438,A320,PKGLL,CTV,CTV699,CTV434,20/15:09,20/15:16,20/15:47,20/16:00,0:31:00,DPS,BPN,7,28,1,1,NML,1,2025
2439,B739,PKLFY,LNI,LNI805,LNI920,20/11:08,20/11:14,20/15:36,20/15:45,4:22:00,DPS,DPS,20,28,0,0,NML,1,2025
2440,A320,9VJSM,JSA,JSA247,JSA248,20/14:41,20/14:44,20/15:37,20/15:53,0:53:00,SIN,SIN,A06,28,1,1,NML,1,2025
2441,B738,PKLKP,LNI,LNI879,LNI581,20/15:14,20/15:20,20/16:40,20/16:49,1:19:42,AMQ,CGK,11,10,1,1,NML,1,2025
2442,A320,PKLUQ,BTK,BTK6347,BTK6401,20/15:18,20/15:25,20/16:12,20/16:27,0:47:01,BEJ,CGK,10,10,1,1,NML,1,2025
2443,B739,PKLGP,LNI,LNI261,LNI316,20/14:10,20/14:16,20/16:08,20/16:23,1:52:00,BPN,BDJ,21,10,0,0,NML,1,2025
2444,B738,PKGNM,GIA,GIA310,GIA315,20/15:25,20/15:32,20/16:27,20/16:40,0:54:43,CGK,CGK,5,10,1,1,NML,1,2025
2445,B738MAX,9VMBF,SIA,SIA926,SIA927,20/15:48,20/15:51,20/16:47,20/16:59,0:56:06,SIN,SIN,A08,10,1,1,NML,1,2025
2446,B739,PKLSO,LNI,LNI692,LNI692,20/16:14,20/16:19,20/17:11,20/17:21,0:52:00,CGK,KOE,16,10,1,1,NML,1,2025
2447,A320,PKGQG,CTV,CTV174,CTV418,20/16:20,20/16:24,20/17:02,20/17:10,0:38:00,HLP,PNK,7,10,1,1,NML,1,2025
2448,A320,PKPWL,PAS,PAS206,PAS623,20/16:24,20/16:29,20/17:10,20/17:25,0:41:00,CGK,BPN,6,10,1,1,NML,1,2025
2449,B739,PKLFW,LNI,LNI709,LNI226,20/16:17,20/16:24,20/17:31,20/17:42,1:07:00,UPG,BDJ,17,10,1,1,NML,1,2025
2450,A320,PKGQA,CTV,CTV669,CTV488,20/17:23,20/17:27,20/18:07,20/18:17,0:40:00,DPS,BDJ,7,10,1,1,NML,1,2025
2451,A320,PKAZO,AWQ,AWQ323,AWQ326,20/18:38,20/18:43,20/19:25,20/19:36,0:41:04,KUL,KUL,A01,10,1,1,NML,1,2025
2452,B738,PKLKW,LNI,LNI315,LNI838,20/07:57,20/08:01,20/17:25,20/17:34,9:24:00,BDJ,PNK,18,10,0,0,NML,1,2025
2453,A320,PKGLY,CTV,CTV176,CTV179,20/16:51,20/16:54,20/17:36,20/17:47,0:42:00,HLP,HLP,8,10,1,1,NML,1,2025
2454,B738,PKLOR,LNI,LNI749,LNI3318,20/18:47,20/18:51,20/19:35,20/19:51,0:44:00,MDC,BDJ,14,10,1,1,NML,1,2025
2455,A320,PKPWA,PAS,PAS622,PAS207,20/17:37,20/17:40,20/18:25,20/18:35,0:44:09,BPN,CGK,6,10,1,1,NML,1,2025
2456,A320,PKSAU,SJV,SJV611,SJV716,20/14:22,20/14:28,20/18:45,20/18:51,4:17:00,BPN,LOP,26,10,0,0,NML,1,2025
2457,B738MAX,9VMBE,SIA,SIA928,SIA929,20/17:40,20/17:46,20/18:37,20/18:54,0:50:24,SIN,SIN,A06,10,1,1,NML,1,2025
2458,B738,PKGMI,GIA,GIA320,GIA325,20/17:29,20/17:34,20/18:37,20/18:49,1:03:00,CGK,CGK,4,10,1,1,NML,1,2025
2459,A339,PKLET,LNI,LNI101,LNI104,20/17:06,20/17:14,20/19:21,20/19:33,2:07:38,JED,JED,A07,10,1,1,NML,1,2025
2460,B738,PKLBW,BTK,BTK6576,BTK6575,20/19:24,20/19:28,20/20:15,20/20:25,0:47:00,CGK,CGK,11,28,1,1,NML,1,2025
2461,A320,PKLZH,BTK,BTK7519,BTK7518,20/19:02,20/19:07,20/19:44,20/19:56,0:36:30,HLP,HLP,10,28,1,1,NML,1,2025
2462,B739,PKLQS,LNI,LNI972,LNI880,20/16:27,20/16:30,20/20:20,20/20:30,3:50:00,BTH,UPG,22,28,0,0,NML,1,2025
2463,A320,PKPWK,PAS,PAS202,PAS203,20/18:42,20/18:45,20/19:43,20/19:54,0:58:00,CGK,CGK,4,28,1,1,NML,1,2025
2464,B738,PKGNR,GIA,GIA349,GIA313,20/18:19,20/18:23,20/20:06,20/20:16,1:43:00,DPS,CGK,5,28,1,1,NML,1,2025
2465,A320,PKGQH,CTV,CTV489,CTV662,20/19:38,20/19:41,20/20:16,20/20:32,0:35:00,BDJ,DPS,6,28,1,1,NML,1,2025
2466,A320,PKGQL,CTV,CTV736,CTV352,20/21:08,20/21:18,20/21:56,20/22:07,0:38:00,CGK,UPG,6,28,1,1,NML,1,2025
2467,A320,PKGLX,CTV,CTV949,CTV494,20/19:49,20/19:53,20/20:23,20/20:33,0:30:00,BTH,BDJ,7,28,1,1,NML,1,2025
2468,A320,PKGQO,CTV,CTV722,CTV354,20/20:22,20/20:28,20/21:05,20/21:20,0:37:00,CGK,UPG,8,28,1,1,NML,1,2025
2469,A320,PKGQA,CTV,CTV495,CTV721,20/20:47,20/20:55,20/21:32,20/21:40,0:37:00,BDJ,CGK,7,28,1,1,NML,1,2025
2470,A320,PKLUI,BTK,BTK7521,BTK5005,20/20:43,20/20:49,20/21:34,20/21:36,0:45:00,HLP,MDC,14,28,1,1,NML,1,2025
2471,A320,PKLAT,BTK,BTK6137,BTK6136,20/19:27,20/19:31,20/21:51,20/22:00,2:20:00,UPG,UPG,9,28,1,1,NML,1,2025
2472,B738,PKLOR,LNI,LNI3319,LNI878,20/22:19,20/22:25,21/04:52,21/05:00,6:27:00,BDJ,AMQ,14,28,1,1,NML,1,2025
2473,A320NEO,PKGTK,CTV,CTV720,CTV430,20/22:37,20/22:43,21/04:57,21/05:16,6:14:00,CGK,BPN,6,28,1,1,NML,1,2025
2474,A320,PKLUT,BTK,BTK6588,BTK7508,20/23:01,20/23:07,21/04:57,21/05:10,5:50:00,CGK,HLP,9,28,1,1,NML,1,2025
2475,A320,PKSTI,SJV,SJV725,SJV610,20/21:11,20/21:18,21/04:52,21/05:06,7:34:00,LBJ,BPN,12,28,1,1,NML,1,2025
2476,B738,PKLQY,LNI,LNI727,LNI786,20/17:48,20/17:53,21/04:58,21/05:14,11:05:00,KDI,UPG,15,28,1,1,NML,1,2025
2477,A320,PKAZG,AWQ,AWQ325,AWQ320,20/19:07,20/19:13,21/05:01,21/05:18,9:48:00,KUL,KUL,A03,28,1,1,NML,1,2025
2478,A320,PKGLL,CTV,CTV435,CTV725,20/19:30,20/19:33,21/05:43,21/05:52,10:09:07,BPN,CGK,3,28,0,0,NML,1,2025
2479,B739,PKLGJ,LNI,LNI690,LNI690,21/05:03,21/05:10,21/05:53,21/06:06,0:43:00,CGK,KOE,12,28,1,1,NML,1,2025
2480,A320,V8RBD,RBA,RBA795,RBA796,20/20:07,20/20:11,21/05:47,21/06:05,9:36:00,BWN,BWN,A06,28,1,1,NML,1,2025
2481,A320,PKBKQ,BTK,BTK6221,BTK6589,20/21:14,20/21:22,21/05:58,21/06:08,8:36:00,BPN,CGK,10,28,1,1,NML,1,2025
2482,A320,PKSGA,SJV,SJV727,SJV706,20/21:04,20/21:11,21/05:52,21/06:00,8:41:00,DPS,DPS,11,28,1,1,NML,1,2025
2483,A320,PKGQU,CTV,CTV353,CTV484,21/05:12,21/05:18,21/05:51,21/05:59,0:33:00,UPG,BDJ,6,28,1,1,NML,1,2025
2484,A320,PKAZO,AWQ,AWQ327P,AWQ386,21/05:08,21/05:12,21/06:15,21/06:30,1:03:51,KUL,PEN,A01,28,1,1,NML,1,2025
2485,B738MAX,PKOFI,AFE,AFE921,AFE921,21/05:58,21/06:04,21/06:47,21/06:55,0:43:00,CGK,TIM,7,28,1,1,NML,1,2025
2486,B739,PKLFW,LNI,LNI311,LNI971,21/06:28,21/06:33,21/07:21,21/07:31,0:47:07,BDJ,BTH,11,28,1,1,NML,1,2025
2487,C208,PKVVF,SUS,PKVVF,PKVVF,20/10:15,20/10:19,21/07:01,21/07:12,20:42:00,BXW,BXW,29,28,0,0,NML,1,2025
2488,A320,PKLUW,BTK,BTK6586,BTK6135,20/20:36,20/20:43,21/06:53,21/07:03,10:10:00,CGK,PKN,17,28,1,1,NML,1,2025
2489,B738,PKGFD,GIA,GIA328,GIA305,20/21:18,20/21:27,21/07:00,21/07:09,9:33:00,CGK,CGK,4,28,1,1,NML,1,2025
2490,B738,PKGMU,GIA,GIA855,GIA854,20/20:56,20/21:00,21/11:33,21/11:44,14:33:00,SIN,SIN,A02,28,1,1,NML,1,2025
2491,A320,PKBLA,BTK,BTK7511,BTK7510,21/06:40,21/06:46,21/07:40,21/07:49,0:54:00,HLP,HLP,10,28,1,1,NML,1,2025
"2492,AW139,PKTVN,TVR,PKTVN,PKTVN,15/17:09,15/17:10,21/07:42,21/07:44,""5 days, 14:32:00"",SUB,ZZZZ,H02,28,0,0,NML,1,2025"
2493,A320,PKGQH,CTV,CTV661,CTV460,21/06:36,21/06:41,21/07:31,21/07:47,0:50:00,DPS,AAP,6,28,1,1,NML,1,2025
2494,B739,PKLSO,LNI,LNI693,LNI693,21/06:56,21/07:02,21/07:55,21/08:04,0:53:00,KOE,CGK,9,28,1,1,NML,1,2025
2495,B739,PKLGU,LNI,LNI695,LNI982,20/16:07,20/16:11,21/07:50,21/07:58,15:38:47,KOE,PKU,24,28,0,0,NML,1,2025
2496,A320,PKSJF,SJV,SJV619,SJV640,20/16:54,20/16:57,21/07:58,21/08:08,15:00:54,BPN,AAP,21,28,0,0,NML,1,2025
2497,A333,BLBE,CPA,CPA779,CPA780,20/18:24,20/18:32,21/08:20,21/08:26,13:48:00,HKG,HKG,A08,28,1,1,NML,1,2025
2498,B739,PKLGL,LNI,LNI923,LNI990,20/17:32,20/17:36,21/08:28,21/08:34,14:51:00,DPS,DPS,20,28,0,0,NML,1,2025
2499,DHC6,PKICP,PGT,PKICP,PKICP,20/13:50,20/13:59,21/08:05,21/08:12,18:06:00,PAG,PAG,28,28,0,0,NML,1,2025
2500,A320,PKBKM,BTK,BTK6572,BTK6573,21/07:45,21/07:50,21/08:41,21/08:50,0:50:54,CGK,CGK,10,28,1,1,NML,1,2025
2501,B738,PKLBS,MXD,MXD352,MXD353,20/19:21,20/19:29,21/08:42,21/08:52,13:13:00,KUL,KUL,A04,28,1,1,NML,1,2025
2502,A320,PKGQL,CTV,CTV355,CTV177,21/07:36,21/07:45,21/08:43,21/08:57,0:57:18,UPG,HLP,7,28,1,1,NML,1,2025
2503,A320,PKSJC,SJV,SJV649,SJV618,21/07:39,21/07:46,21/09:01,21/09:12,1:14:13,BPN,BPN,18,10,0,0,NML,1,2025
2504,B738,PKLJS,LNI,LNI883,LNI222,20/20:27,20/20:35,21/08:57,21/09:06,12:22:00,UPG,BDJ,16,28,1,1,NML,1,2025
2505,A320,PKLUI,BTK,BTK5004,BTK6581,21/10:12,21/10:19,21/11:06,21/11:15,0:47:03,CGK,CGK,9,28,1,1,NML,1,2025
2506,B738,PKLKW,LNI,LNI837,LNI748,21/08:06,21/08:12,21/09:06,21/09:15,0:54:00,PNK,MDC,12,28,1,1,NML,1,2025
2507,B739,PKLKM,LNI,LNI683,LNI682,21/08:20,21/08:25,21/09:19,21/09:28,0:54:00,PKY,PKY,14,28,1,1,NML,1,2025
2508,B738,PKGUG,GIA,GIA304,GIA342,21/08:23,21/08:29,21/09:20,21/09:30,0:50:20,CGK,DPS,4,28,1,1,NML,1,2025
2509,A320,PKGQU,CTV,CTV485,CTV486,21/08:29,21/08:35,21/09:17,21/09:26,0:42:00,BDJ,BDJ,5,28,1,1,NML,1,2025
2510,A320,9VTRX,TGW,TGW264,TGW265,21/08:46,21/08:50,21/09:40,21/09:52,0:49:59,SIN,SIN,A03,28,1,1,NML,1,2025
2511,A320,PKGQI,CTV,CTV417,CTV715,21/08:54,21/09:01,21/09:48,21/09:58,0:47:00,PNK,CGK,6,28,1,1,NML,1,2025
2512,B738,9MMXT,MAS,MAS871,MAS870,21/09:10,21/09:19,21/10:10,21/10:22,0:51:00,KUL,KUL,A07,28,1,1,NML,1,2025
2513,B735,PKNAS,LKN,LKN2430,LKN2420,21/09:05,21/09:11,21/09:52,21/10:03,0:41:00,SMQ,SMQ,11,28,1,1,NML,1,2025
2514,A359,9VSHL,SIA,SIA922,SIA923,21/08:57,21/09:04,21/10:17,21/10:33,1:13:00,SIN,SIN,A08,28,1,1,NML,1,2025
2515,A320,PKSAZ,SJV,SJV567,SJV632,20/12:33,20/12:37,21/10:20,21/10:28,21:43:00,PLW,BDJ,23,28,0,0,NML,1,2025
2516,A320,PKGLU,CTV,CTV351,CTV350,21/09:33,21/09:39,21/10:22,21/10:36,0:42:45,UPG,UPG,7,28,1,1,NML,1,2025
2517,B739,PKLHM,LNI,LNI791,LNI706,21/09:24,21/09:29,21/10:37,21/10:47,1:07:00,UPG,UPG,10,28,1,1,NML,1,2025
2518,A320,PKLUP,BTK,BTK7513,BTK6346,21/10:25,21/10:30,21/11:13,21/11:23,0:43:00,HLP,BEJ,11,28,1,1,NML,1,2025
2519,A320,PKLUW,BTK,BTK6134,BTK7516,21/09:40,21/09:45,21/11:19,21/11:29,1:33:37,PKN,HLP,12,28,1,1,NML,1,2025
2520,B739,PKLSU,LNI,LNI315,LNI822,21/07:58,21/08:05,21/11:10,21/11:24,3:05:05,BDJ,LOP,26,28,0,0,NML,1,2025
2521,A320,PKAZG,AWQ,AWQ321,AWQ322,21/10:41,21/10:44,21/11:25,21/11:36,0:41:00,KUL,KUL,A03,28,1,1,NML,1,2025
2522,B739,PKLGJ,LNI,LNI697,LNI697,21/10:34,21/10:41,21/11:43,21/11:52,1:02:00,KOE,CGK,14,28,1,1,NML,1,2025
2523,B738,PKGNR,GIA,GIA322,GIA327,21/10:04,21/10:10,21/11:33,21/11:40,1:23:00,CGK,CGK,4,28,1,1,NML,1,2025
2524,A320,PKBLA,BTK,BTK7517,BTK7520,21/11:13,21/11:17,21/12:38,21/12:46,1:21:00,HLP,HLP,8,28,1,1,NML,1,2025
2525,A320,PKSAY,SJV,SJV363,SJV362,21/10:58,21/11:04,21/12:07,21/12:16,1:03:49,KNO,KNO,10,28,1,1,NML,1,2025
2526,B739,PKLHH,LNI,LNI929,LNI804,21/06:46,21/06:50,21/12:03,21/12:14,5:12:17,DPS,DPS,25,28,0,0,NML,1,2025
2527,A320,PKGQH,CTV,CTV461,CTV698,21/11:17,21/11:22,21/12:03,21/12:10,0:41:00,AAP,DPS,6,28,1,1,NML,1,2025
2528,A320,PKLAM,BTK,BTK6582,BTK6585,21/14:39,21/14:47,21/15:32,21/15:41,0:45:00,CGK,CGK,9,28,1,1,NML,1,2025
2529,A320,PKSAU,SJV,SJV717,SJV636,21/06:03,21/06:07,21/12:33,21/12:43,6:25:37,LOP,BDJ,22,28,0,0,NML,1,2025
2530,B739,PKLHO,LNI,LNI694,LNI780,21/10:18,21/10:22,21/12:30,21/12:38,2:08:00,CGK,UPG,20,28,0,0,NML,1,2025
2531,B735,PKNAT,LKN,LKN1930,LKN1920,21/11:54,21/11:58,21/12:32,21/12:41,0:34:00,PKN,PKN,11,28,1,1,NML,1,2025
2532,A320,PKGQU,CTV,CTV487,CTV668,21/12:01,21/12:08,21/12:48,21/13:03,0:40:52,BDJ,DPS,7,28,1,1,NML,1,2025
2533,A320,PKPWD,PAS,PAS204,PAS205,21/12:05,21/12:11,21/13:38,21/13:45,1:27:00,CGK,CGK,5,28,1,1,NML,1,2025
2534,A320,PKAZO,AWQ,AWQ387,AWQ324,21/13:37,21/13:41,21/14:21,21/14:28,0:40:00,PEN,KUL,A01,28,1,1,NML,1,2025
2535,B738,PKGNC,GIA,GIA312,GIA317,21/12:34,21/12:39,21/13:38,21/13:53,0:59:00,CGK,CGK,4,28,1,1,NML,1,2025
2536,A320,9VJSQ,JSA,JSA247,JSA248,21/13:40,21/13:42,21/14:34,21/14:52,0:52:00,SIN,SIN,A07,28,1,1,NML,1,2025
2537,A320NEO,PKGTK,CTV,CTV431,CTV948,21/13:47,21/13:54,21/14:34,21/14:47,0:40:00,BPN,BTH,6,28,1,1,NML,1,2025
2538,B739,PKLGV,LNI,LNI805,LNI260,21/10:54,21/10:59,21/14:44,21/14:54,3:45:00,DPS,BPN,15,28,1,1,NML,1,2025
2539,A320,PKPWE,PAS,PAS208,PAS209,21/14:12,21/14:19,21/15:07,21/15:14,0:48:00,CGK,CGK,5,28,1,1,NML,1,2025
2540,A320,PKLUU,BTK,BTK6406,BTK6220,21/15:04,21/15:10,21/15:55,21/16:08,0:45:00,CGK,BPN,10,28,1,1,NML,1,2025
2541,B738,PKGNF,GIA,GIA330,GIA331,21/14:45,21/14:53,21/15:42,21/15:53,0:49:00,HLP,HLP,4,28,1,1,NML,1,2025
2542,B739,PKLGU,LNI,LNI983,LNI920,21/13:44,21/13:49,21/15:37,21/15:45,1:48:00,PKU,DPS,16,28,1,1,NML,1,2025
2543,A320,PKGQH,CTV,CTV699,CTV434,21/14:33,21/14:41,21/15:22,21/15:30,0:41:00,DPS,BPN,7,28,1,1,NML,1,2025
2544,A320,PKBLA,BTK,BTK7501,BTK7512,21/16:11,21/16:16,21/17:05,21/17:15,0:49:00,HLP,HLP,9,28,1,1,NML,1,2025
2545,B738,PKLSF,LNI,LNI707,LNI581,21/14:42,21/14:49,21/15:48,21/16:01,0:59:00,UPG,CGK,11,28,1,1,NML,1,2025
2546,A320,PKLUP,BTK,BTK6347,BTK6401,21/15:32,21/15:38,21/16:24,21/16:33,0:46:00,BEJ,CGK,12,28,1,1,NML,1,2025
2547,B738,PKLKW,LNI,LNI749,LNI316,21/15:01,21/15:07,21/17:23,21/17:39,2:16:00,MDC,BDJ,14,28,1,1,NML,1,2025
2548,B738MAX,9VMBC,SIA,SIA926,SIA927,21/15:38,21/15:40,21/16:25,21/16:39,0:45:00,SIN,SIN,A07,28,1,1,NML,1,2025
2549,A320,PKSAU,SJV,SJV637,SJV648,21/15:28,21/15:33,21/16:29,21/16:41,0:56:00,BDJ,BPN,15,28,1,1,NML,1,2025
2550,B738,PKGFI,GIA,GIA310,GIA315,21/15:19,21/15:27,21/16:33,21/16:43,1:06:00,CGK,CGK,5,28,1,1,NML,1,2025
2551,A320,PKGQL,CTV,CTV174,CTV418,21/16:03,21/16:09,21/17:04,21/17:13,0:55:00,HLP,PNK,6,28,1,1,NML,1,2025
2552,B738MAX,PKOFI,AFE,AFE920,AFE920,21/15:56,21/16:02,21/16:42,21/16:49,0:40:00,TIM,CGK,7,28,1,1,NML,1,2025
2553,B739,PKLSV,LNI,LNI692,LNI692,21/15:51,21/15:56,21/16:44,21/16:53,0:48:00,CGK,KOE,17,28,1,1,NML,1,2025
2554,A320,PKPWJ,PAS,PAS206,PAS623,21/16:28,21/16:36,21/17:17,21/17:26,0:41:00,CGK,BPN,4,28,1,1,NML,1,2025
2555,A320,PKAZG,AWQ,AWQ323,AWQ326,21/17:17,21/17:20,21/17:56,21/18:06,0:36:00,KUL,KUL,A01,28,1,1,NML,1,2025
2556,B738,PKLKQ,LNI,LNI787,LNI838,21/13:50,21/13:56,21/17:32,21/17:42,3:36:00,UPG,PNK,22,28,0,0,NML,1,2025
2557,A320,PKPWG,PAS,PAS622,PAS207,21/17:11,21/17:19,21/18:08,21/18:16,0:49:00,BPN,CGK,6,28,1,1,NML,1,2025
2558,B738,PKCRH,SJY,SJY567,SJY562,21/17:36,21/17:42,21/18:40,21/18:53,0:58:00,UPG,UPG,12,28,1,1,NML,1,2025
2559,A320,PKSAZ,SJV,SJV633,SJV716,21/12:58,21/13:04,21/18:36,21/18:45,5:31:13,BDJ,LOP,18,28,0,0,NML,1,2025
2560,B738,PKGFU,GIA,GIA320,GIA325,21/17:23,21/17:29,21/18:35,21/18:47,1:06:00,CGK,CGK,5,28,1,1,NML,1,2025
2561,A320,PKLAY,BTK,BTK7503,BTK7502,21/18:03,21/18:11,21/19:11,21/19:18,1:00:00,HLP,HLP,9,28,1,1,NML,1,2025
2562,B738MAX,9VMBE,SIA,SIA928,SIA929,21/18:13,21/18:17,21/19:13,21/19:31,0:56:00,SIN,SIN,A03,28,1,1,NML,1,2025
2563,A320,PKGLW,CTV,CTV172,CTV173,21/18:21,21/18:29,21/19:15,21/19:24,0:46:00,HLP,HLP,8,28,1,1,NML,1,2025
2564,B738,PKLDJ,BTK,BTK6576,BTK6575,21/22:02,21/22:09,21/22:46,21/22:55,0:37:00,CGK,CGK,12,28,1,1,NML,1,2025
2565,B788,9VOFI,TGW,TGW262,TGW263,21/18:36,21/18:40,21/19:49,21/20:02,1:09:00,SIN,SIN,A07,28,1,1,NML,1,2025
2566,B739,PKLSW,LNI,LNI261,LNI880,21/14:01,21/14:06,21/19:51,21/20:03,5:45:00,BPN,UPG,21,28,0,0,NML,1,2025
2567,A320,PKPWE,PAS,PAS202,PAS203,21/18:50,21/18:58,21/19:51,21/20:01,0:53:00,CGK,CGK,6,28,1,1,NML,1,2025
2568,B738,PKGUG,GIA,GIA349,GIA313,21/17:56,21/18:04,21/19:57,21/20:08,1:53:00,DPS,CGK,4,28,1,1,NML,1,2025
2569,A320,PKGQT,CTV,CTV489,CTV662,21/19:29,21/19:38,21/20:21,21/20:36,0:43:00,BDJ,DPS,5,28,1,1,NML,1,2025
2570,A320,PKGLM,CTV,CTV949,CTV494,21/19:58,21/20:06,21/20:42,21/20:53,0:36:56,BTH,BDJ,6,28,1,1,NML,1,2025
2571,A320,PKGQK,CTV,CTV722,CTV354,21/19:33,21/19:42,21/20:18,21/20:32,0:36:00,CGK,UPG,10,28,1,1,NML,1,2025
2572,A320,PKGQR,CTV,CTV669,CTV721,21/15:59,21/16:07,21/21:25,21/21:32,5:18:00,DPS,CGK,3,28,0,0,NML,1,2025
2573,A320,PKGTE,CTV,CTV736,CTV352,21/20:43,21/20:49,21/21:30,21/21:40,0:41:00,CGK,UPG,9,28,1,1,NML,1,2025
2574,A320,PKLUU,BTK,BTK6221,BTK7508,21/19:22,21/19:28,22/05:01,22/05:13,9:33:00,BPN,HLP,16,28,1,1,NML,1,2025
2575,A320,PKSTI,SJV,SJV619,SJV610,21/16:06,21/16:12,22/04:57,22/05:09,12:45:45,BPN,BPN,C04,28,0,0,NML,1,2025
2576,A320,PKGQN,CTV,CTV720,CTV430,21/22:15,21/22:22,22/04:54,22/05:04,6:32:00,CGK,BPN,6,28,1,1,NML,1,2025
2577,B738,PKLOR,LNI,LNI879,LNI878,21/10:31,21/10:36,22/04:58,22/05:11,18:21:42,AMQ,AMQ,24,28,0,0,NML,1,2025
2578,A320,PKAZG,AWQ,AWQ327,AWQ320,21/23:41,21/23:45,22/05:00,22/05:15,5:15:00,KUL,KUL,A03,28,1,1,NML,1,2025
2579,A320,PKGQH,CTV,CTV435,CTV725,21/19:01,21/19:08,22/05:36,22/05:45,10:28:00,BPN,CGK,7,28,1,1,NML,1,2025
2580,A320,PKPWL,PAS,PAS212,PAS213,21/20:23,21/20:29,22/05:49,22/05:58,9:20:00,CGK,CGK,5,28,1,1,NML,1,2025
2581,A320,PKSTA,SJV,SJV643,SJV640,21/16:37,21/16:42,22/06:00,22/06:11,13:18:00,AAP,AAP,C05,28,0,0,NML,1,2025
2582,A320,PKGQU,CTV,CTV353,CTV670,22/05:02,22/05:09,22/05:48,22/05:56,0:39:00,UPG,LOP,6,28,1,1,NML,1,2025
2583,A320,PKSGA,SJV,SJV727,SJV706,21/20:51,21/20:56,22/05:52,22/06:03,8:56:00,DPS,DPS,15,28,1,1,NML,1,2025
2584,B739,PKLSU,LNI,LNI823,LNI882,21/13:54,21/13:59,22/05:57,22/06:09,15:58:00,LOP,UPG,25,28,0,0,NML,1,2025
2585,A320,PKLUJ,BTK,BTK6586,BTK6589,21/20:29,21/20:35,22/05:56,22/06:07,9:21:00,CGK,CGK,14,28,1,1,NML,1,2025
2586,B739,PKLGR,LNI,LNI885,LNI266,21/18:43,21/18:50,22/05:46,22/05:54,10:56:00,UPG,BPN,17,28,1,1,NML,1,2025
2587,B738,PKLJS,LNI,LNI223,LNI868,21/12:19,21/12:24,22/06:04,22/06:13,17:40:00,BDJ,TTE,26,28,0,0,NML,1,2025
2588,A320,PKSJC,SJV,SJV615,SJV634,21/20:21,21/20:28,22/06:27,22/06:34,9:59:00,BPN,BDJ,18,28,0,0,NML,1,2025
2589,A320,PKSAZ,SJV,SJV717,SJV566,22/06:02,22/06:08,22/06:55,22/07:05,0:47:00,LOP,PLW,14,28,1,1,NML,1,2025
2590,B739,PKLHH,LNI,LNI919,LNI971,21/14:35,21/14:40,22/06:53,22/07:01,16:13:00,DPS,BTH,C03,28,0,0,NML,1,2025
2591,A320,PKBKY,BTK,BTK6588,BTK6135,21/21:56,21/22:03,22/06:52,22/07:03,8:49:00,CGK,PKN,10,28,1,1,NML,1,2025
2592,DHC6,PKICP,PGT,PKICP,PKICP,21/11:04,21/11:06,22/06:50,22/06:59,19:44:00,PAG,PAG,28,28,0,0,NML,1,2025
2593,A320,PKBLC,BTK,BTK6370,BTK6597,22/06:05,22/06:10,22/06:57,22/07:10,0:47:00,CGK,CGK,9,28,1,1,NML,1,2025
2594,B738,PKGUA,GIA,GIA328,GIA305,21/20:40,21/20:49,22/06:59,22/07:13,10:10:00,CGK,CGK,4,28,1,1,NML,1,2025
2595,B738,PKGMV,GIA,GIA855,GIA854,21/20:46,21/20:50,22/07:02,22/07:15,10:12:00,SIN,SIN,A02,28,1,1,NML,1,2025
2596,B739,PKLSP,LNI,LNI363,LNI646,22/06:31,22/06:36,22/07:25,22/07:33,0:49:00,BPN,LOP,15,28,1,1,NML,1,2025
2597,A320,PKLAY,BTK,BTK7511,BTK7510,22/06:37,22/06:43,22/07:29,22/07:38,0:46:00,HLP,HLP,12,28,1,1,NML,1,2025
2598,AW139,PKTVN,TVR,PKTVN,PKTVN,21/14:44,21/14:49,22/07:37,22/07:39,16:48:00,ZZZZ,ZZZZ,H02,28,0,0,NML,1,2025
2599,A320,PKAZO,AWQ,AWQ325,AWQ392,21/20:10,21/20:14,22/07:38,22/07:47,11:24:00,KUL,JHB,A01,28,1,1,NML,1,2025
2600,A320,PKGQT,CTV,CTV661,CTV460,22/06:56,22/07:04,22/07:58,22/08:08,0:54:00,DPS,AAP,6,28,1,1,NML,1,2025
2601,A333,BLBK,CPA,CPA779,CPA780,21/18:09,21/18:14,22/08:21,22/08:32,14:07:00,HKG,HKG,A08,28,1,1,NML,1,2025
2602,B739,PKLFW,LNI,LNI972,LNI693,21/17:02,21/17:05,22/08:26,22/08:33,15:21:00,BTH,CGK,C06,28,0,0,NML,1,2025
2603,B738,PKLDO,MXD,MXD352,MXD353,21/20:34,21/20:37,22/09:42,22/09:53,13:05:00,KUL,KUL,A04,28,1,1,NML,1,2025
2604,BK17,PKFGG,SAG,PKFGG,PKFGG,22/07:30,22/07:30,22/07:34,22/07:39,0:04:00,MBH,MBH,3,28,0,0,NML,1,2025
2605,A320,PKGLG,CTV,CTV355,CTV177,22/07:43,22/07:52,22/08:40,22/08:50,0:48:00,UPG,HLP,7,28,1,1,NML,1,2025
2606,A320,PKLAQ,BTK,BTK7521,BTK6581,21/20:59,21/21:07,22/09:07,22/09:19,12:00:00,HLP,CGK,8,28,1,1,NML,1,2025
2607,B738,PKLKW,LNI,LNI315,LNI856,22/07:57,22/08:03,22/08:56,22/09:08,0:53:00,BDJ,PLM,15,28,1,1,NML,1,2025
2608,B738,PKLKQ,LNI,LNI837,LNI748,22/08:00,22/08:07,22/09:00,22/09:10,0:53:00,PNK,MDC,12,28,1,1,NML,1,2025
2609,B739,PKLKM,LNI,LNI683,LNI682,22/08:19,22/08:25,22/09:20,22/09:23,0:55:00,PKY,PKY,9,28,1,1,NML,1,2025
2610,B738,PKGNM,GIA,GIA304,GIA342,22/08:36,22/08:41,22/09:31,22/09:44,0:50:00,CGK,DPS,4,28,1,1,NML,1,2025
2611,A320,PKPWE,PAS,PAS200,PAS201,22/08:30,22/08:36,22/09:21,22/09:34,0:45:00,CGK,CGK,5,28,1,1,NML,1,2025
2612,A320,PKGQU,CTV,CTV671,CTV486,22/08:16,22/08:23,22/09:21,22/09:31,0:58:00,LOP,BDJ,6,28,1,1,NML,1,2025
2613,A320,PKSGA,SJV,SJV703,SJV702,22/08:25,22/08:28,22/09:30,22/09:40,1:02:00,DPS,DPS,16,28,1,1,NML,1,2025
2614,A320,9VTRU,TGW,TGW264,TGW265,22/09:21,22/09:25,22/10:15,22/10:31,0:50:00,SIN,SIN,A02,28,1,1,NML,1,2025
2615,A320,PKGLU,CTV,CTV417,CTV715,22/09:06,22/09:14,22/09:53,22/10:05,0:39:00,PNK,CGK,7,28,1,1,NML,1,2025
2616,B733F,PKMYV,MYU,MYU935,MYU815,22/09:18,22/09:21,22/09:51,22/09:55,0:30:00,SRG,CGK,C02,28,0,0,NML,1,2025
2617,B738,9MMLS,MAS,MAS871,MAS870,22/09:29,22/09:32,22/10:20,22/10:32,0:48:00,KUL,KUL,A07,28,1,1,NML,1,2025
2618,B735,PKNAT,LKN,LKN243,LKN242,22/09:32,22/09:37,22/10:10,22/10:18,0:33:00,SMQ,SMQ,10,28,1,1,NML,1,2025
2619,B38M,9MLRU,MXD,MXD350,MXD351,22/09:02,22/09:05,22/10:03,22/10:17,0:58:00,KUL,KUL,A03,28,1,1,NML,1,2025
2620,A320,PKGQI,CTV,CTV351,CTV350,22/09:13,22/09:18,22/10:04,22/10:13,0:46:00,UPG,UPG,8,28,1,1,NML,1,2025
2621,A359,9VSHH,SIA,SIA922,SIA923,22/09:26,22/09:29,22/10:29,22/10:43,1:00:00,SIN,SIN,A08,28,1,1,NML,1,2025
2622,A320,PKSJC,SJV,SJV635,SJV632,22/09:15,22/09:20,22/10:13,22/10:26,0:53:00,BDJ,BDJ,15,28,1,1,NML,1,2025
2623,B739,PKLGR,LNI,LNI367,LNI262,22/09:23,22/09:29,22/10:28,22/10:40,0:59:00,BPN,BPN,12,28,1,1,NML,1,2025
2624,B739,PKLGP,LNI,LNI6000,LNI706,22/08:38,22/08:44,22/10:39,22/10:47,1:55:00,SRG,UPG,24,28,0,0,NML,1,2025
2625,A320,PKPWL,PAS,PAS210,PAS211,22/09:41,22/09:49,22/10:41,22/10:48,0:52:00,CGK,CGK,5,28,1,1,NML,1,2025
2626,B739,PKLGS,LNI,LNI970,LNI973,22/09:53,22/09:59,22/10:50,22/10:57,0:51:00,BTH,BTH,14,28,1,1,NML,1,2025
2627,A320,PKBKY,BTK,BTK6134,BTK6346,22/09:38,22/09:45,22/10:38,22/10:51,0:53:00,PKN,BEJ,9,28,1,1,NML,1,2025
2628,A320,PKBLA,BTK,BTK7513,BTK7516,22/10:00,22/10:07,22/10:57,22/11:03,0:50:00,HLP,HLP,7,28,1,1,NML,1,2025
2629,A320,PKSTA,SJV,SJV641,SJV642,22/09:44,22/09:50,22/11:00,22/11:07,1:10:00,AAP,AAP,18,28,0,0,NML,1,2025
2630,B739,PKLSP,LNI,LNI645,LNI822,22/10:11,22/10:16,22/11:07,22/11:17,0:51:00,LOP,LOP,16,10,1,1,NML,1,2025
2631,B739,PKLHL,LNI,LNI694,LNI694,22/10:22,22/10:28,22/11:23,22/11:37,0:55:00,CGK,KOE,15,10,1,1,NML,1,2025
2632,A320,PKAZG,AWQ,AWQ321,AWQ322,22/10:38,22/10:45,22/11:17,22/11:32,0:32:00,KUL,KUL,A01,10,1,1,NML,1,2025
2633,A339,PKLEV,LNI,LNI107,LNI104,21/14:49,21/14:54,22/11:06,22/11:25,20:12:00,JED,JED,A06,28,1,1,NML,1,2025
2634,B739,PKLGU,LNI,LNI805,LNI697,22/11:30,22/11:33,22/12:27,22/12:42,0:54:00,DPS,CGK,17,28,1,1,NML,1,2025
2635,A320,PKLAY,BTK,BTK7517,BTK7520,22/11:01,22/11:04,22/12:01,22/12:10,0:57:00,HLP,HLP,8,28,1,1,NML,1,2025
2636,B738,PKGMP,GIA,GIA322,GIA327,22/10:24,22/10:32,22/11:37,22/11:48,1:05:00,CGK,CGK,4,10,1,1,NML,1,2025
2637,B739,PKLFV,LNI,LNI690,LNI804,22/05:07,22/05:13,22/12:36,22/12:46,7:23:00,CGK,DPS,22,28,0,0,NML,1,2025
2638,A320,PKGQT,CTV,CTV461,CTV698,22/11:40,22/11:44,22/12:24,22/12:31,0:40:00,AAP,DPS,6,28,1,1,NML,1,2025
2639,B739,PKLSO,LNI,LNI801,LNI780,22/11:21,22/11:26,22/12:26,22/12:38,1:00:00,UPG,UPG,10,28,1,1,NML,1,2025
2640,A320,PKGQU,CTV,CTV487,CTV668,22/12:03,22/12:09,22/12:49,22/12:57,0:40:00,BDJ,DPS,7,28,1,1,NML,1,2025
2641,A320,PKBLD,BTK,BTK6596,BTK6595,22/12:36,22/12:42,22/13:39,22/13:49,0:57:00,CGK,CGK,9,10,1,1,NML,1,2025
2642,A320,PKAZO,AWQ,AWQ393,AWQ324,22/12:39,22/12:43,22/13:25,22/13:39,0:42:00,JHB,KUL,A01,28,1,1,NML,1,2025
2643,B738,PKLJS,LNI,LNI869,LNI722,22/12:07,22/12:13,22/13:23,22/13:35,1:10:00,TTE,KDI,15,28,1,1,NML,1,2025
2644,B738,PKGNN,GIA,GIA312,GIA317,22/12:44,22/12:50,22/13:44,22/13:53,0:54:00,CGK,CGK,4,10,1,1,NML,1,2025
2645,B738,PKLOP,LNI,LNI839,LNI836,22/13:47,22/13:51,22/14:42,22/14:52,0:50:52,PNK,PNK,17,10,1,1,NML,1,2025
2646,A320,9VJSV,JSA,JSA247,JSA248,22/13:36,22/13:43,22/14:36,22/14:47,0:53:00,SIN,SIN,A07,10,1,1,NML,1,2025
2647,A320,PKGQN,CTV,CTV431,CTV948,22/13:50,22/13:54,22/14:35,22/14:44,0:41:00,BPN,BTH,8,10,1,1,NML,1,2025
2648,A320,PKGLU,CTV,CTV716,CTV717,22/13:43,22/13:47,22/14:29,22/14:43,0:41:59,CGK,CGK,6,10,1,1,NML,1,2025
2649,A320,PKLUW,BTK,BTK7515,BTK7514,22/13:55,22/13:58,22/15:04,22/15:18,1:05:59,HLP,HLP,10,10,1,1,NML,1,2025
2650,A320,PKPWK,PAS,PAS208,PAS209,22/14:01,22/14:04,22/14:58,22/15:09,0:54:00,CGK,CGK,5,10,1,1,NML,1,2025
2651,B739,PKLHH,LNI,LNI972,LNI642,22/16:25,22/16:30,22/17:41,22/17:53,1:11:00,BTH,LOP,C05,10,0,0,NML,1,2025
2652,A320,PKLUH,BTK,BTK6406,BTK6220,22/14:40,22/14:44,22/15:50,22/16:00,1:06:00,CGK,BPN,9,10,1,1,NML,1,2025
2653,A320,PKSTI,SJV,SJV611,SJV614,22/14:30,22/14:34,22/15:26,22/15:34,0:52:00,BPN,BPN,12,10,1,1,NML,1,2025
2654,B738,PKGFF,GIA,GIA330,GIA331,22/14:34,22/14:39,22/15:25,22/15:39,0:46:00,HLP,HLP,4,10,1,1,NML,1,2025
2655,B739,PKLGP,LNI,LNI707,LNI920,22/14:58,22/15:02,22/17:09,22/17:19,2:07:00,UPG,DPS,15,10,1,1,NML,1,2025
2656,A320,PKLAY,BTK,BTK7501,BTK7512,22/15:14,22/15:19,22/16:10,22/16:22,0:51:00,HLP,HLP,8,10,1,1,NML,1,2025
2657,A320,PKGQT,CTV,CTV699,CTV434,22/14:54,22/14:58,22/15:36,22/15:47,0:38:00,DPS,BPN,6,10,1,1,NML,1,2025
2658,B738,PKLKQ,LNI,LNI749,LNI581,22/14:50,22/14:54,22/16:07,22/16:18,1:13:00,MDC,CGK,14,10,1,1,NML,1,2025
2659,B738,9MMXX,MAS,MAS873,MAS872,22/15:01,22/15:08,22/16:08,22/16:20,1:00:00,KUL,KUL,A07,10,1,1,NML,1,2025
2660,A320,PKBKY,BTK,BTK6347,BTK6401,22/15:19,22/15:24,22/16:20,22/16:30,0:56:00,BEJ,CGK,10,10,1,1,NML,1,2025
2661,B738,PKLKV,LNI,LNI787,LNI316,22/13:39,22/13:43,22/16:16,22/16:27,2:32:21,UPG,BDJ,18,10,0,0,NML,1,2025
2662,B738,PKGMP,GIA,GIA310,GIA315,22/15:46,22/15:50,22/16:56,22/17:09,1:06:00,CGK,CGK,4,10,1,1,NML,1,2025
2663,B738MAX,9VMBA,SIA,SIA926,SIA927,22/15:31,22/15:36,22/16:36,22/16:51,1:00:00,SIN,SIN,A08,10,1,1,NML,1,2025
2664,A320,PKGLG,CTV,CTV174,CTV418,22/16:05,22/16:10,22/16:55,22/17:08,0:45:00,HLP,PNK,6,10,1,1,NML,1,2025
2665,B739,PKLSP,LNI,LNI823,LNI268,22/13:58,22/14:02,22/16:56,22/17:05,2:54:00,LOP,TRK,21,10,0,0,NML,1,2025
2666,B739,PKLSR,LNI,LNI692,LNI692,22/16:02,22/16:05,22/17:23,22/17:34,1:18:00,CGK,KOE,16,10,1,1,NML,1,2025
2667,A320,PKPWM,PAS,PAS206,PAS623,22/15:56,22/15:59,22/16:45,22/16:55,0:46:00,CGK,BPN,5,10,1,1,NML,1,2025
2668,A320,PKGQO,CTV,CTV669,CTV488,22/16:13,22/16:18,22/16:58,22/17:12,0:40:00,DPS,BDJ,7,10,1,1,NML,1,2025
2669,A320,PKBKO,BTK,BTK6578,BTK7579,22/16:46,22/16:49,22/17:54,22/18:05,1:05:00,CGK,CGK,10,10,1,1,NML,1,2025
2670,A320,PKAZG,AWQ,AWQ323,AWQ326,22/16:59,22/17:06,22/17:41,22/17:50,0:35:00,KUL,KUL,A01,10,1,1,NML,1,2025
2671,B738,PKLKW,LNI,LNI857,LNI838,22/14:26,22/14:29,22/18:40,22/18:52,4:11:00,PLM,PNK,20,10,0,0,NML,1,2025
2672,A320,PKGLY,CTV,CTV176,CTV179,22/16:36,22/16:41,22/17:35,22/17:47,0:54:00,HLP,HLP,9,10,1,1,NML,1,2025
2673,A320,PKPWL,PAS,PAS622,PAS207,22/17:35,22/17:39,22/18:26,22/18:39,0:47:00,BPN,CGK,5,10,1,1,NML,1,2025
2674,AW139,PKTVN,TVR,PKTVN,PKTVN,22/09:35,22/09:39,22/18:32,22/18:37,8:53:00,ZZZZ,SUB,H02,10,0,0,NML,1,2025
2675,B739,PKLFF,LNI,LNI709,LNI800,22/18:07,22/18:12,22/19:07,22/19:20,0:55:00,UPG,UPG,14,10,1,1,NML,1,2025
2676,B738,PKGFS,GIA,GIA320,GIA325,22/17:28,22/17:32,22/18:39,22/18:48,1:07:00,CGK,CGK,8,10,1,1,NML,1,2025
2677,B735,PKNAQ,LKN,LKN7567,LKN7562,22/18:25,22/18:31,22/19:17,22/19:32,0:46:00,UPG,UPG,15,10,1,1,NML,1,2025
2678,B738MAX,9VMBE,SIA,SIA928,SIA929,22/17:43,22/17:50,22/18:47,22/18:57,0:57:00,SIN,SIN,A07,10,1,1,NML,1,2025
2679,A320,PKLAW,BTK,BTK6576,BTK7518,22/18:41,22/18:46,22/21:20,22/21:30,2:34:00,CGK,HLP,10,28,1,1,NML,1,2025
2680,A320,PKPWK,PAS,PAS202,PAS203,22/18:36,22/18:42,22/19:40,22/19:53,0:58:46,CGK,CGK,7,10,1,1,NML,1,2025
2681,B738,PKGNM,GIA,GIA349,GIA313,22/17:51,22/17:56,22/20:06,22/20:23,2:10:00,DPS,CGK,4,10,1,1,NML,1,2025
2682,A320,PKGQT,CTV,CTV435,CTV494,22/19:17,22/19:20,22/20:00,22/20:21,0:40:00,BPN,BDJ,6,10,1,1,NML,1,2025
2683,A320,PKGQK,CTV,CTV736,CTV352,22/19:29,22/19:33,22/20:16,22/20:29,0:43:00,CGK,UPG,8,10,1,1,NML,1,2025
2684,A320,PKGLS,CTV,CTV489,CTV662,22/20:08,22/20:12,22/20:47,22/20:56,0:35:00,BDJ,DPS,7,28,1,1,NML,1,2025
2685,A320,PKGQR,CTV,CTV722,CTV354,22/20:31,22/20:35,22/21:16,22/21:26,0:41:00,CGK,UPG,6,28,1,1,NML,1,2025
2686,A320,PKGQO,CTV,CTV495,CTV721,22/19:50,22/19:55,22/21:26,22/21:35,1:31:00,BDJ,CGK,9,28,1,1,NML,1,2025
2687,A320,PKLAY,BTK,BTK7519,BTK6136,22/19:41,22/19:46,22/22:09,22/22:19,2:23:00,HLP,UPG,14,28,1,1,NML,1,2025
2688,A320,PKGLO,CTV,CTV949,CTV430,22/18:51,22/18:56,23/05:00,23/05:11,10:04:00,BTH,BPN,3,28,0,0,NML,1,2025
2689,A320,PKLUZ,BTK,BTK6137,BTK7508,22/22:03,22/22:10,23/04:54,23/05:07,6:44:00,UPG,HLP,10,28,1,1,NML,1,2025
"2690,A320,PKSJV,SJV,SJV7001,SJV610,21/11:22,21/11:26,23/05:11,23/05:20,""1 day, 17:45:00"",BPN,BPN,23,28,0,0,NML,1,2025"
2691,B739,PKLHH,LNI,LNI865,LNI786,22/20:26,22/20:31,23/05:06,23/05:18,8:35:00,LOP,UPG,20,28,0,0,NML,1,2025
2692,A320,PKAZA,AWQ,AWQ327,AWQ320,22/23:28,22/23:34,23/05:04,23/05:15,5:30:00,KUL,KUL,A03,28,1,1,NML,1,2025
2693,A320,PKBLB,BTK,BTK6588,BTK6132,22/22:11,22/22:17,23/05:11,23/05:23,6:54:00,CGK,LOP,14,28,1,1,NML,1,2025
2694,A320,PKPWF,PAS,PAS212,PAS213,22/21:44,22/21:51,23/05:52,23/06:01,8:01:00,CGK,CGK,4,28,1,1,NML,1,2025
2695,A320,PKGLM,CTV,CTV720,CTV725,22/22:35,22/22:42,23/05:46,23/05:55,7:04:00,CGK,CGK,7,28,1,1,NML,1,2025
2696,A320,V8RBE,RBA,RBA795,RBA796,22/20:12,22/20:19,23/05:53,23/06:05,9:34:00,BWN,BWN,A07,28,1,1,NML,1,2025
2697,A320,PKSJP,SJV,SJV617,SJV706,22/19:08,22/19:13,23/06:01,23/06:11,10:48:00,BPN,DPS,17,28,1,1,NML,1,2025
2698,A320,PKSTA,SJV,SJV643,SJV640,22/15:24,22/15:30,23/05:58,23/06:09,14:28:00,AAP,AAP,C04,28,0,0,NML,1,2025
2699,B738,PKLQY,LNI,LNI690,LNI266,23/05:01,23/05:09,23/06:06,23/06:13,0:57:00,CGK,BPN,9,28,1,1,NML,1,2025
2700,A320,PKLZH,BTK,BTK7521,BTK6589,22/20:06,22/20:12,23/05:49,23/05:59,9:37:00,HLP,CGK,15,28,1,1,NML,1,2025
2701,A320,PKGQK,CTV,CTV353,CTV484,23/05:04,23/05:12,23/05:53,23/06:03,0:41:00,UPG,BDJ,6,28,1,1,NML,1,2025
2702,A320,PKAZO,AWQ,AWQ325,AWQ386,22/19:34,22/19:39,23/06:16,23/06:28,10:37:00,KUL,PEN,A01,28,1,1,NML,1,2025
2703,A320,PKSJC,SJV,SJV633,SJV634,22/13:30,22/13:33,23/06:16,23/06:24,16:43:00,BDJ,BDJ,25,28,0,0,NML,1,2025
2704,A320,PKLUH,BTK,BTK6221,BTK6135,22/19:27,22/19:32,23/07:01,23/07:11,11:29:00,BPN,PKN,16,28,1,1,NML,1,2025
2705,B739,PKLHL,LNI,LNI695,LNI971,22/16:09,22/16:14,23/06:56,23/07:10,14:42:00,KOE,BTH,22,28,0,0,NML,1,2025
2706,C208,PKVVF,SUS,PKVVF,PKVVF,22/11:41,22/11:45,23/07:10,23/07:16,19:25:00,BXW,BXW,29,28,0,0,NML,1,2025
2707,B738,PKGFG,GIA,GIA855,GIA854,22/20:43,22/20:48,23/06:59,23/07:16,10:11:00,SIN,SIN,A02,28,1,1,NML,1,2025
2708,B738,PKGNC,GIA,GIA328,GIA305,22/19:55,22/19:58,23/06:52,23/07:07,10:54:00,CGK,CGK,5,28,1,1,NML,1,2025
2709,A320,PKBLA,BTK,BTK7511,BTK7510,23/07:05,23/07:10,23/07:58,23/08:05,0:48:00,HLP,HLP,10,28,1,1,NML,1,2025
2710,A320,PKGLW,CTV,CTV170,CTV175,23/06:39,23/06:46,23/07:30,23/07:38,0:44:00,HLP,HLP,6,28,1,1,NML,1,2025
2711,B738,PKGFG,GIA,GIA854A,GIA854D,23/07:18,23/07:22,23/08:04,23/08:16,0:42:00,SIN,SIN,A02,28,1,1,NML,1,2025
2712,A320,PKGLS,CTV,CTV661,CTV460,23/06:35,23/06:42,23/07:41,23/07:53,0:59:00,DPS,AAP,8,28,1,1,NML,1,2025
2713,B739,PKLSR,LNI,LNI693,LNI693,23/06:57,23/07:03,23/08:10,23/08:22,1:07:00,KOE,CGK,9,28,1,1,NML,1,2025
2714,B738,PKLJS,LNI,LNI727,LNI982,22/18:03,22/18:08,23/07:46,23/07:56,13:37:28,KDI,PKU,21,28,0,0,NML,1,2025
2715,A333,BLBJ,CPA,CPA779,CPA780,22/18:52,22/19:00,23/08:24,23/08:38,13:24:00,HKG,HKG,A08,28,1,1,NML,1,2025
2716,DHC6,PKICP,PGT,PKICP,PKICP,22/11:25,22/11:25,23/07:43,23/07:49,20:18:00,PAG,PAG,28,28,0,0,NML,1,2025
2717,B738,PKLZM,MXD,MXD352,MXD353,22/19:24,22/19:31,23/08:38,23/08:50,13:07:00,KUL,KUL,A04,28,1,1,NML,1,2025
2718,A320,PKGLG,CTV,CTV355,CTV177,23/08:02,23/08:11,23/08:51,23/09:05,0:40:00,UPG,HLP,7,28,1,1,NML,1,2025
2719,A320,PKBLB,BTK,BTK6133,BTK6581,23/07:58,23/08:03,23/08:58,23/09:12,0:55:00,LOP,CGK,12,28,1,1,NML,1,2025
2720,B738,PKLKV,LNI,LNI315,LNI222,23/07:53,23/07:58,23/08:51,23/09:08,0:53:00,BDJ,BDJ,14,28,1,1,NML,1,2025
2721,A320,PKSAZ,SJV,SJV567,SJV618,22/11:59,22/12:04,23/09:11,23/09:24,21:07:00,PLW,BPN,24,28,0,0,NML,1,2025
2722,B739,PKLSP,LNI,LNI267,LNI682,23/07:24,23/07:28,23/09:19,23/09:29,1:51:00,TRK,PKY,17,28,1,1,NML,1,2025
2723,B738,PKGMY,GIA,GIA304,GIA342,23/08:28,23/08:34,23/09:46,23/09:58,1:12:00,CGK,DPS,4,28,1,1,NML,1,2025
2724,A320,PKPWE,PAS,PAS200,PAS201,23/08:20,23/08:26,23/09:25,23/09:33,0:59:00,CGK,CGK,5,28,1,1,NML,1,2025
2725,A320,PKGQK,CTV,CTV485,CTV486,23/08:36,23/08:43,23/09:20,23/09:31,0:37:00,BDJ,BDJ,6,28,1,1,NML,1,2025
2726,B739,PKLHQ,LNI,LNI919,LNI6011,22/15:48,23/07:25,23/09:45,23/09:53,17:53:00,DPS,SRG,25,28,0,1,NML,1,2025
2727,A320,PKSJZ,SJV,SJV727,SJV702,22/21:49,22/21:55,23/10:31,23/10:37,12:36:00,DPS,DPS,18,28,0,0,NML,1,2025
2728,A320,9VTRX,TGW,TGW264,TGW265,23/09:06,23/09:10,23/10:11,23/10:27,1:01:00,SIN,SIN,A01,28,1,1,NML,1,2025
2729,A320,PKGQI,CTV,CTV417,CTV715,23/09:16,23/09:21,23/09:59,23/10:07,0:38:00,PNK,CGK,7,28,1,1,NML,1,2025
2730,B738,9MMXT,MAS,MAS871,MAS870,23/09:13,23/09:16,23/10:00,23/10:12,0:44:00,KUL,KUL,A07,28,1,1,NML,1,2025
2731,B38M,9MLRU,MXD,MXD350,MXD351,23/09:02,23/09:06,23/10:03,23/10:16,0:57:00,KUL,KUL,A03,28,1,1,NML,1,2025
2732,A320,PKGLU,CTV,CTV351,CTV350,23/09:19,23/09:26,23/10:09,23/10:21,0:43:00,UPG,UPG,8,28,1,1,NML,1,2025
2733,A359,9VSHW,SIA,SIA922,SIA923,23/09:22,23/09:25,23/10:20,23/10:31,0:55:00,SIN,SIN,A08,28,1,1,NML,1,2025
2734,B733F,PKMYV,MYU,MYU935,MYU815,23/09:10,23/09:13,23/09:53,23/10:04,0:40:51,SRG,CGK,C02,28,0,0,NML,1,2025
2735,A320,PKLZH,BTK,BTK6584,BTK6585,23/09:55,23/10:01,23/10:51,23/11:01,0:50:00,CGK,CGK,9,28,1,1,NML,1,2025
2736,A320,PKSJC,SJV,SJV635,SJV632,23/09:26,23/09:32,23/10:22,23/10:32,0:50:00,BDJ,BDJ,12,28,1,1,NML,1,2025
2737,B739,PKLFW,LNI,LNI683,LNI706,23/08:12,23/08:18,23/10:57,23/11:08,2:39:00,PKY,UPG,21,28,0,0,NML,1,2025
2738,A320,PKLUH,BTK,BTK6134,BTK6346,23/09:52,23/09:58,23/10:47,23/10:56,0:49:00,PKN,BEJ,14,28,1,1,NML,1,2025
2739,A320,PKLAO,BTK,BTK7513,BTK7516,23/10:03,23/10:08,23/10:57,23/11:05,0:49:00,HLP,HLP,10,28,1,1,NML,1,2025
2740,B739,PKLGU,LNI,LNI363,LNI822,23/06:17,23/06:22,23/11:14,23/11:25,4:52:00,BPN,LOP,20,28,0,0,NML,1,2025
"2741,A320,PKSGD,SJV,SJV643,SJV7011,20/15:21,22/22:34,23/11:26,23/11:36,""2 days, 19:58:43"",AAP,LOP,C05,28,0,0,NML,1,2025"
2742,B739,PKLHI,LNI,LNI694,LNI694,23/10:30,23/10:35,23/11:34,23/11:43,0:59:00,CGK,KOE,16,28,1,1,NML,1,2025
2743,A320,PKAZA,AWQ,AWQ321,AWQ322,23/11:02,23/11:06,23/11:46,23/11:58,0:40:00,KUL,KUL,A01,28,1,1,NML,1,2025
2744,B739,PKLOR,LNI,LNI879,LNI697,22/15:11,22/15:15,23/11:41,23/11:52,20:26:00,AMQ,CGK,C03,28,0,0,NML,1,2025
2745,B738,PKGFU,GIA,GIA322,GIA327,23/10:19,23/10:26,23/11:32,23/11:40,1:06:00,CGK,CGK,4,28,1,1,NML,1,2025
2746,A320,PKBLA,BTK,BTK7517,BTK7520,23/11:34,23/11:39,23/12:36,23/12:46,0:57:00,HLP,HLP,10,28,1,1,NML,1,2025
2747,B739,PKLHH,LNI,LNI791,LNI804,23/09:42,23/09:47,23/11:58,23/12:07,2:11:00,UPG,DPS,17,28,1,1,NML,1,2025
"2748,A339,PKLET,LNI,LNI105,LNI074,21/19:38,21/19:42,23/11:43,23/11:55,""1 day, 16:01:00"",JED,MED,A05,28,1,1,NML,1,2025"
2749,A320,PKSTI,SJV,SJV649,SJV362,23/07:50,23/07:56,23/11:53,23/12:02,3:57:00,BPN,KNO,22,28,0,0,NML,1,2025
2750,A320,PKGLS,CTV,CTV461,CTV698,23/11:23,23/11:29,23/12:12,23/12:18,0:43:00,AAP,DPS,6,28,1,1,NML,1,2025
2751,B739,PKLGP,LNI,LNI805,LNI780,23/10:49,23/10:56,23/12:28,23/12:37,1:32:00,DPS,UPG,12,28,1,1,NML,1,2025
2752,A320,PKSAV,SJV,SJV363,SJV636,23/11:27,23/11:34,23/12:33,23/12:43,0:59:00,KNO,BDJ,14,28,1,1,NML,1,2025
2753,B735,PKNAT,LKN,LKN1930,LKN1920,23/11:45,23/11:50,23/12:30,23/12:41,0:40:00,PKN,PKN,9,28,1,1,NML,1,2025
2754,A320,PKGQK,CTV,CTV487,CTV668,23/12:20,23/12:25,23/13:14,23/13:25,0:49:00,BDJ,DPS,7,28,1,1,NML,1,2025
2755,A320,PKBKM,BTK,BTK6596,BTK6595,23/12:39,23/12:45,23/13:40,23/13:50,0:55:00,CGK,CGK,10,28,1,1,NML,1,2025
2756,A320,PKPWH,PAS,PAS204,PAS205,23/12:16,23/12:22,23/13:17,23/13:28,0:55:00,CGK,CGK,5,28,1,1,NML,1,2025
2757,A320,PKAZO,AWQ,AWQ387,AWQ324,23/12:55,23/12:58,23/13:40,23/13:52,0:42:00,PEN,KUL,A01,28,1,1,NML,1,2025
2758,B738,PKGNE,GIA,GIA312,GIA317,23/12:30,23/12:37,23/13:42,23/13:55,1:05:00,CGK,CGK,4,28,1,1,NML,1,2025
2759,B738,PKLOP,LNI,LNI839,LNI836,23/12:58,23/13:02,23/14:02,23/14:17,1:00:00,PNK,PNK,16,28,1,1,NML,1,2025
2760,B739,PKLGV,LNI,LNI801,LNI910,23/11:18,23/11:24,23/14:34,23/14:44,3:10:00,UPG,DPS,15,28,1,1,NML,1,2025
2761,A320,PKGLO,CTV,CTV431,CTV948,23/13:43,23/13:50,23/14:34,23/14:49,0:44:00,BPN,BTH,6,28,1,1,NML,1,2025
2762,A320,9VJSU,JSA,JSA247,JSA248,23/13:38,23/13:41,23/14:34,23/14:51,0:53:00,SIN,SIN,A07,28,1,1,NML,1,2025
2763,B739,PKLGU,LNI,LNI823,LNI260,23/14:11,23/14:17,23/15:09,23/15:23,0:52:00,LOP,BPN,10,28,1,1,NML,1,2025
2764,A320,PKLAW,BTK,BTK7515,BTK7514,23/14:08,23/14:15,23/15:03,23/15:12,0:48:00,HLP,HLP,9,28,1,1,NML,1,2025
2765,A320,PKPWK,PAS,PAS208,PAS209,23/14:04,23/14:10,23/15:04,23/15:14,0:54:00,CGK,CGK,5,28,1,1,NML,1,2025
2766,A320,PKBKQ,BTK,BTK6406,BTK6220,23/15:41,23/15:51,23/16:48,23/17:03,0:57:00,CGK,BPN,9,28,1,1,NML,1,2025
2767,B738,PKGMD,GIA,GIA330,GIA331,23/14:42,23/14:50,23/15:45,23/16:02,0:55:00,HLP,HLP,8,28,1,1,NML,1,2025
2768,A320,PKBLA,BTK,BTK7501,BTK7512,23/16:13,23/16:19,23/17:11,23/17:22,0:52:00,HLP,HLP,16,10,1,1,NML,1,2025
2769,A320,PKGLS,CTV,CTV699,CTV434,23/14:45,23/14:51,23/15:36,23/15:44,0:45:00,DPS,BPN,7,28,1,1,NML,1,2025
2770,B738,9MMXG,MAS,MAS873,MAS872,23/14:53,23/14:55,23/15:42,23/15:58,0:47:00,KUL,KUL,A07,28,1,1,NML,1,2025
2771,B738,PKLKW,LNI,LNI837,LNI581,23/08:15,23/08:19,23/15:49,23/16:06,7:30:00,PNK,CGK,23,28,0,0,NML,1,2025
2772,A339,PKLEV,LNI,LNI105,LNI106,23/12:51,23/12:55,23/15:51,23/16:10,2:55:27,JED,JED,A06,28,1,1,NML,1,2025
2773,A320,PKLUH,BTK,BTK6347,BTK6401,23/15:20,23/15:26,23/16:17,23/16:27,0:51:00,BEJ,CGK,10,28,1,1,NML,1,2025
2774,B738,PKLQY,LNI,LNI367,LNI316,23/09:39,23/09:44,23/16:18,23/16:29,6:34:00,BPN,BDJ,24,28,0,0,NML,1,2025
2775,B738,PKGMF,GIA,GIA310,GIA315,23/15:33,23/15:39,23/16:38,23/16:46,0:59:00,CGK,CGK,4,28,1,1,NML,1,2025
2776,B738,9VMGN,SIA,SIA926,SIA927,23/15:46,23/15:51,23/16:45,23/17:00,0:54:00,SIN,SIN,A08,28,1,1,NML,1,2025
2777,A320,PKGLG,CTV,CTV174,CTV418,23/16:16,23/16:23,23/17:15,23/17:27,0:52:00,HLP,PNK,6,10,1,1,NML,1,2025
2778,B739,PKLGY,LNI,LNI919,LNI268,23/14:39,23/14:46,23/16:46,23/16:54,2:00:00,DPS,TRK,12,28,1,1,NML,1,2025
2779,B739,PKLKM,LNI,LNI692,LNI692,23/16:00,23/16:06,23/17:05,23/17:20,0:59:00,CGK,KOE,15,10,1,1,NML,1,2025
2780,A320,PKPWF,PAS,PAS206,PAS623,23/16:08,23/16:15,23/16:57,23/17:07,0:42:00,CGK,BPN,5,28,1,1,NML,1,2025
2781,A320,PKGQM,CTV,CTV669,CTV488,23/15:55,23/16:02,23/16:56,23/17:05,0:54:00,DPS,BDJ,7,28,1,1,NML,1,2025
2782,B739,PKLFW,LNI,LNI707,LNI226,23/14:49,23/14:54,23/18:04,23/18:16,3:10:00,UPG,BDJ,14,10,1,1,NML,1,2025
2783,A320,PKAZA,AWQ,AWQ323,AWQ326,23/17:49,23/17:55,23/18:27,23/18:39,0:32:00,KUL,KUL,A01,28,1,1,NML,1,2025
2784,B738,PKLKV,LNI,LNI223,LNI838,23/11:48,23/11:56,23/17:40,23/17:52,5:44:00,BDJ,PNK,18,10,0,0,NML,1,2025
2785,A320,PKGQR,CTV,CTV718,CTV711,23/17:27,23/17:32,23/18:15,23/18:29,0:43:00,CGK,CGK,7,10,1,1,NML,1,2025
2786,A320,PKSJH,SJV,SJV723,SJV708,23/17:24,23/17:28,23/18:15,23/18:30,0:47:00,DPS,DPS,12,10,1,1,NML,1,2025
2787,A320,PKPWA,PAS,PAS622,PAS207,23/17:11,23/17:18,23/18:13,23/18:24,0:55:00,BPN,CGK,5,10,1,1,NML,1,2025
2788,A320,PKSTA,SJV,SJV643,SJV716,23/15:26,23/15:30,23/18:38,23/18:51,3:08:00,AAP,LOP,17,28,1,1,NML,1,2025
2789,B738MAX,9VMBE,SIA,SIA928,SIA929,23/17:41,23/17:46,23/18:41,23/18:59,0:55:00,SIN,SIN,A07,28,1,1,NML,1,2025
2790,A320,PKLUT,BTK,BTK7503,BTK7502,23/17:37,23/17:40,23/18:35,23/18:43,0:55:00,HLP,HLP,9,28,1,1,NML,1,2025
2791,B738,PKGMY,GIA,GIA349,GIA325,23/17:57,23/18:00,23/19:18,23/19:28,1:18:00,DPS,CGK,4,28,1,1,NML,1,2025
2792,B735,PKNAQ,LKN,LKN7567,LKN7562,23/19:17,23/19:26,23/20:26,23/20:37,1:00:00,UPG,UPG,12,28,1,1,NML,1,2025
2793,A320,PKGLY,CTV,CTV172,CTV173,23/18:57,23/19:04,23/19:46,23/19:58,0:42:00,HLP,HLP,7,28,1,1,NML,1,2025
2794,B738,PKLZV,BTK,BTK6576,BTK6575,23/19:01,23/19:07,23/20:03,23/20:15,0:56:00,CGK,CGK,10,28,1,1,NML,1,2025
2795,A320,PKGQA,CTV,CTV949,CTV494,23/19:30,23/19:36,23/20:13,23/20:20,0:37:00,BTH,BDJ,8,28,1,1,NML,1,2025
2796,B739,PKLHI,LNI,LNI695,LNI880,23/16:24,23/16:30,23/19:50,23/20:02,3:20:00,KOE,UPG,23,28,0,0,NML,1,2025
2797,A320,PKGQT,CTV,CTV489,CTV662,23/19:45,23/19:53,23/20:37,23/20:47,0:44:00,BDJ,DPS,3,28,0,0,NML,1,2025
2798,A320,PKPWK,PAS,PAS202,PAS203,23/18:49,23/18:56,23/19:42,23/19:50,0:46:00,CGK,CGK,6,28,1,1,NML,1,2025
2799,A320,PKSAV,SJV,SJV637,SJV616,23/15:28,23/15:34,23/19:54,23/20:04,4:20:00,BDJ,BPN,21,28,0,0,NML,1,2025
2800,B738,PKGNQ,GIA,GIA320,GIA313,23/19:14,23/19:23,23/20:24,23/20:34,1:01:00,CGK,CGK,5,28,1,1,NML,1,2025
2801,A320,PKGLS,CTV,CTV435,CTV719,23/19:10,23/19:15,23/20:08,23/20:18,0:53:00,BPN,CGK,9,28,1,1,NML,1,2025
2802,A320,PKGQU,CTV,CTV736,CTV352,23/19:55,23/20:05,23/20:42,23/20:52,0:37:00,CGK,UPG,8,28,1,1,NML,1,2025
2803,A320,PKGLL,CTV,CTV722,CTV354,23/20:53,23/21:01,23/21:38,23/21:50,0:37:00,CGK,UPG,8,28,1,1,NML,1,2025
2804,A320,PKGQM,CTV,CTV495,CTV721,23/19:48,23/19:56,23/21:25,23/21:33,1:29:00,BDJ,CGK,7,28,1,1,NML,1,2025
2805,A320,PKSAG,SJV,SJV619,SJV610,23/16:04,23/16:10,24/05:00,24/05:11,12:50:00,BPN,BPN,20,10,0,0,NML,1,2025
2806,A320,PKBKR,BTK,BTK6588,BTK7508,23/21:22,23/21:29,24/05:07,24/05:20,7:38:00,CGK,HLP,14,10,1,1,NML,1,2025
2807,A320,PKGQF,CTV,CTV720,CTV430,23/22:18,23/22:25,24/04:55,24/05:10,6:30:00,CGK,BPN,8,10,1,1,NML,1,2025
2808,A320,PKSJH,SJV,SJV727,SJV640,23/20:32,23/20:37,24/05:00,24/05:13,8:23:00,DPS,AAP,15,10,1,1,NML,1,2025
2809,B738,PKLJS,LNI,LNI983,LNI878,23/13:30,23/13:34,24/05:22,24/05:32,15:48:00,PKU,AMQ,C04,10,0,0,NML,1,2025
2810,A320,PKAZA,AWQ,AWQ327,AWQ320,24/00:10,24/00:17,24/05:01,24/05:15,4:44:00,KUL,KUL,A03,10,1,1,NML,1,2025
"2811,B738,PKLSV,LNI,LNI693,LNI786,22/06:52,22/10:49,24/05:00,24/05:17,""1 day, 22:03:00"",KOE,UPG,26,10,0,1,NML,1,2025"
2812,B739,PKLSO,LNI,LNI690,LNI690,24/05:04,24/05:06,24/05:52,24/06:02,0:46:00,CGK,KOE,11,10,1,1,NML,1,2025
2813,A320,PKGQS,CTV,CTV726,CTV725,23/21:47,23/21:55,24/05:37,24/05:51,7:42:00,CGK,CGK,7,10,1,1,NML,1,2025
2814,A320,V8RBF,RBA,RBA795,RBA796,23/20:13,23/20:19,24/05:46,24/05:57,9:27:00,BWN,BWN,A07,10,1,1,NML,1,2025
2815,A320,PKGLT,CTV,CTV353,CTV670,24/05:07,24/05:12,24/05:48,24/05:59,0:36:00,UPG,LOP,5,10,1,1,NML,1,2025
2816,A320,PKSJP,SJV,SJV703,SJV706,23/08:48,23/10:42,24/06:10,24/06:23,21:16:00,DPS,DPS,25,28,0,1,NML,1,2025
2817,A320,PKBKQ,BTK,BTK6221,BTK6589,23/20:44,23/20:51,24/06:07,24/06:16,9:16:00,BPN,CGK,9,28,1,1,NML,1,2025
2818,B739,PKLGV,LNI,LNI923,LNI882,23/16:51,23/16:56,24/06:04,24/06:12,13:08:00,DPS,UPG,C03,28,0,0,NML,1,2025
2819,B738,PKLOH,LNI,LNI885,LNI868,23/18:54,23/18:58,24/06:01,24/06:10,11:03:00,UPG,TTE,18,28,0,0,NML,1,2025
2820,A320,PKBKV,BTK,BTK6413,BTK6412,23/19:52,23/19:58,24/06:24,24/06:34,10:26:00,DPS,DPS,17,28,1,1,NML,1,2025
2821,A320,PKSJI,SJV,SJV613,SJV634,23/20:00,23/20:06,24/06:27,24/06:36,10:21:00,BPN,BDJ,16,28,1,1,NML,1,2025
2822,A320,PKSTA,SJV,SJV717,SJV566,24/05:48,24/05:51,24/06:43,24/06:50,0:52:00,LOP,PLW,14,28,1,1,NML,1,2025
2823,B739,PKLSH,LNI,LNI311,LNI971,24/06:04,24/06:08,24/06:58,24/07:16,0:50:00,BDJ,BTH,10,28,1,1,NML,1,2025
2824,B739,PKLHL,LNI,LNI972,LNI856,23/16:58,23/17:04,24/06:59,24/07:18,13:55:00,BTH,PLM,24,28,0,0,NML,1,2025
2825,DHC6,PKICP,PGT,PKICP,PKICP,23/10:58,23/11:02,24/06:46,24/06:56,19:44:00,PAG,PAG,28,28,0,0,NML,1,2025
2826,A320,PKLAM,BTK,BTK6586,BTK6135,23/21:09,23/21:14,24/06:55,24/07:05,9:41:00,CGK,PKN,12,28,1,1,NML,1,2025
2827,C208,PKVVF,SUS,PKVVF,PKVVF,23/09:00,23/09:03,24/07:12,24/07:22,22:09:00,BXW,BXW,29,28,0,0,NML,1,2025
2828,B738,PKGMC,GIA,GIA328,GIA854,23/20:05,23/23:03,24/06:54,24/07:14,10:41:00,CGK,SIN,A02,28,1,1,NML,1,2025
2829,B738,PKGFG,GIA,GIA855,GIA305,23/21:28,23/23:26,24/07:01,24/07:20,9:29:00,SIN,CGK,4,28,1,1,NML,1,2025
2830,B739,PKLGU,LNI,LNI363,LNI646,24/06:21,24/06:27,24/07:22,24/07:31,0:55:00,BPN,LOP,15,28,1,1,NML,1,2025
2831,A320,PKGLW,CTV,CTV170,CTV175,24/06:39,24/06:45,24/07:23,24/07:33,0:38:00,HLP,HLP,5,28,1,1,NML,1,2025
2832,A320,PKLUT,BTK,BTK7511,BTK7510,24/06:31,24/06:37,24/07:21,24/07:29,0:44:00,HLP,HLP,9,28,1,1,NML,1,2025
2833,A320,PKAZO,AWQ,AWQ325,AWQ392,23/19:34,23/19:38,24/07:29,24/07:40,11:51:00,KUL,JHB,A01,28,1,1,NML,1,2025
2834,A320,PKGQT,CTV,CTV661,CTV460,24/07:07,24/07:14,24/07:47,24/07:57,0:33:00,DPS,AAP,7,28,1,1,NML,1,2025
2835,B739,PKLKM,LNI,LNI693,LNI693,24/06:55,24/07:03,24/07:51,24/08:00,0:48:00,KOE,CGK,11,28,1,1,NML,1,2025
2836,A333,BHLN,CPA,CPA779,CPA780,23/18:26,23/18:34,24/08:14,24/08:28,13:40:00,HKG,HKG,A08,28,1,1,NML,1,2025
"2837,A339,PKLER,LNI,LNI075,LNI102,21/15:10,23/23:40,24/08:05,24/08:19,""2 days, 16:49:00"",JED,JED,A06,28,1,1,NML,1,2025"
2838,B739,PKLGY,LNI,LNI267,LNI990,24/07:02,24/07:08,24/08:17,24/08:31,1:09:00,TRK,DPS,12,28,1,1,NML,1,2025
2839,B738,PKLZZ,MXD,MXD352,MXD353,23/19:25,23/19:30,24/08:38,24/08:47,13:08:00,KUL,KUL,A04,28,1,1,NML,1,2025
2840,A320,PKGQU,CTV,CTV355,CTV177,24/07:50,24/07:58,24/08:38,24/08:45,0:40:00,UPG,HLP,8,28,1,1,NML,1,2025
2841,B738,PKLQY,LNI,LNI315,LNI222,24/08:11,24/08:16,24/09:06,24/09:21,0:50:00,BDJ,BDJ,10,28,1,1,NML,1,2025
2842,A320,PKLUS,BTK,BTK7521,BTK6581,23/23:07,23/23:16,24/09:06,24/09:17,9:50:00,HLP,CGK,6,28,1,1,NML,1,2025
2843,A320,PKSAV,SJV,SJV649,SJV618,24/07:45,24/07:52,24/09:04,24/09:13,1:12:00,BPN,BPN,16,28,1,1,NML,1,2025
2844,B738,PKLKV,LNI,LNI837,LNI748,24/08:13,24/08:19,24/09:12,24/09:26,0:53:00,PNK,MDC,14,28,1,1,NML,1,2025
2845,B739,PKLSP,LNI,LNI683,LNI682,24/08:05,24/08:12,24/09:11,24/09:24,0:59:00,PKY,PKY,9,28,1,1,NML,1,2025
2846,A320,PKPWE,PAS,PAS200,PAS201,24/08:43,24/08:49,24/09:33,24/09:47,0:44:00,CGK,CGK,5,28,1,1,NML,1,2025
2847,B738,PKGNH,GIA,GIA304,GIA342,24/08:39,24/08:48,24/09:45,24/09:56,0:57:00,CGK,DPS,4,10,1,1,NML,1,2025
2848,A320,PKGLT,CTV,CTV671,CTV486,24/08:08,24/08:14,24/09:18,24/09:30,1:04:00,LOP,BDJ,7,10,1,1,NML,1,2025
2849,C208,PKVVF,SUS,PKVVF,PKVVF,24/09:06,24/09:10,24/10:16,24/10:27,1:06:00,BXW,CJN,29,10,0,0,NML,1,2025
2850,A320,PKSJP,SJV,SJV703,SJV702,24/08:35,24/08:41,24/09:32,24/09:44,0:51:00,DPS,DPS,15,10,1,1,NML,1,2025
2851,A320,9VTRL,TGW,TGW264,TGW265,24/09:03,24/09:06,24/09:59,24/10:09,0:53:00,SIN,SIN,A02,10,1,1,NML,1,2025
2852,A320,PKGQL,CTV,CTV417,CTV715,24/08:57,24/09:03,24/09:51,24/10:04,0:48:00,PNK,CGK,8,10,1,1,NML,1,2025
2853,B738,9MMXN,MAS,MAS871,MAS870,24/09:11,24/09:14,24/10:04,24/10:14,0:50:00,KUL,KUL,A06,10,1,1,NML,1,2025
2854,B735,PKNAS,LKN,LKN243,LKN242,24/09:08,24/09:12,24/10:02,24/10:11,0:50:00,SMQ,SMQ,11,10,1,1,NML,1,2025
2855,B38M,9MLRW,MXD,MXD350,MXD351,24/09:18,24/09:22,24/10:30,24/10:39,1:08:00,KUL,KUL,A03,10,1,1,NML,1,2025
2856,A320,PKGQI,CTV,CTV351,CTV350,24/09:41,24/09:45,24/10:31,24/10:43,0:46:00,UPG,UPG,7,10,1,1,NML,1,2025
2857,A359,9VSHY,SIA,SIA922,SIA923,24/09:49,24/09:53,24/10:51,24/11:07,0:58:00,SIN,SIN,A08,10,1,1,NML,1,2025
2858,A320,PKBKQ,BTK,BTK6584,BTK6585,24/10:01,24/10:05,24/11:12,24/11:23,1:07:00,CGK,CGK,9,10,1,1,NML,1,2025
2859,A320,PKSJI,SJV,SJV635,SJV632,24/09:14,24/09:21,24/10:10,24/10:23,0:49:00,BDJ,BDJ,10,10,1,1,NML,1,2025
2860,B739,PKLHO,LNI,LNI970,LNI973,24/09:54,24/09:58,24/10:50,24/10:58,0:52:00,BTH,BTH,15,10,1,1,NML,1,2025
2861,A320,PKPWD,PAS,PAS210,PAS211,24/09:45,24/09:48,24/10:35,24/10:49,0:47:00,CGK,CGK,5,10,1,1,NML,1,2025
2862,A320,PKLAM,BTK,BTK6134,BTK6346,24/09:38,24/09:42,24/10:39,24/10:53,0:57:00,PKN,BEJ,12,10,1,1,NML,1,2025
2863,A320,PKLUK,BTK,BTK7513,BTK7516,24/09:58,24/10:02,24/10:42,24/10:54,0:40:00,HLP,HLP,8,10,1,1,NML,1,2025
2864,B739,PKLGU,LNI,LNI645,LNI822,24/10:21,24/10:23,24/11:06,24/11:15,0:43:00,LOP,LOP,14,10,1,1,NML,1,2025
2865,B739,PKLSI,LNI,LNI791,LNI706,24/10:51,24/10:54,24/11:52,24/12:04,0:58:00,UPG,UPG,10,10,1,1,NML,1,2025
2866,B739,PKLGP,LNI,LNI694,LNI694,24/12:20,24/12:24,24/13:14,24/13:24,0:50:00,CGK,KOE,16,10,1,1,NML,1,2025
2867,A320,PKAZA,AWQ,AWQ321,AWQ322,24/11:45,24/11:50,24/12:23,24/12:33,0:33:00,KUL,KUL,A01,10,1,1,NML,1,2025
2868,B739,PKLSO,LNI,LNI697,LNI697,24/10:25,24/10:28,24/11:30,24/11:41,1:02:00,KOE,CGK,16,10,1,1,NML,1,2025
2869,A320,PKLUT,BTK,BTK7517,BTK7520,24/10:35,24/10:39,24/11:48,24/11:59,1:09:00,HLP,HLP,11,10,1,1,NML,1,2025
2870,B738,PKGMI,GIA,GIA322,GIA327,24/10:16,24/10:20,24/11:24,24/11:39,1:04:00,CGK,CGK,4,10,1,1,NML,1,2025
2871,B739,PKLGY,LNI,LNI805,LNI804,24/11:18,24/11:21,24/12:06,24/12:19,0:45:00,DPS,DPS,12,10,1,1,NML,1,2025
2872,A320,PKGQT,CTV,CTV461,CTV698,24/11:33,24/11:37,24/12:15,24/12:29,0:38:00,AAP,DPS,6,10,1,1,NML,1,2025
2873,B739,PKLHL,LNI,LNI857,LNI262,24/11:14,24/11:18,24/12:21,24/12:31,1:03:00,PLM,BPN,15,10,1,1,NML,1,2025
2874,A320,PKSTA,SJV,SJV567,SJV636,24/11:37,24/11:41,24/12:27,24/12:35,0:46:00,PLW,BDJ,14,10,1,1,NML,1,2025
2875,A320,PKBKM,BTK,BTK6596,BTK6595,24/12:27,24/12:32,24/13:33,24/13:47,1:01:00,CGK,CGK,10,10,1,1,NML,1,2025
2876,B738,PKLQY,LNI,LNI223,LNI722,24/12:12,24/12:15,24/13:18,24/13:30,1:03:00,BDJ,KDI,11,10,1,1,NML,1,2025
2877,A320,PKPWM,PAS,PAS204,PAS205,24/12:02,24/12:07,24/13:22,24/13:39,1:15:00,CGK,CGK,5,10,1,1,NML,1,2025
2878,A320,PKAZO,AWQ,AWQ393,AWQ324,24/13:33,24/13:39,24/14:17,24/14:25,0:38:00,JHB,KUL,A01,10,1,1,NML,1,2025
2879,A320,PKGLT,CTV,CTV487,CTV668,24/12:05,24/12:08,24/13:21,24/13:36,1:13:00,BDJ,DPS,7,10,1,1,NML,1,2025
2880,B738,PKGNQ,GIA,GIA312,GIA317,24/12:43,24/12:47,24/14:03,24/14:15,1:16:00,CGK,CGK,4,10,1,1,NML,1,2025
2881,CN95,P4501,POL,P4501,P4501,24/12:53,24/12:59,24/13:42,24/13:51,0:43:00,BWX,PCB,C07,10,0,0,NML,1,2025
2882,B738,PKLOP,LNI,LNI839,LNI836,24/13:37,24/13:41,24/14:38,24/14:54,0:57:00,PNK,PNK,14,10,1,1,NML,1,2025
2883,A320,PKGQF,CTV,CTV431,CTV948,24/13:40,24/13:44,24/14:27,24/14:39,0:43:00,BPN,BTH,6,10,1,1,NML,1,2025
2884,B739,PKLSV,LNI,LNI787,LNI910,24/13:43,24/13:47,24/14:37,24/14:48,0:50:00,UPG,DPS,15,10,1,1,NML,1,2025
2885,A320,9VJSN,JSA,JSA247,JSA248,24/13:31,24/13:36,24/14:34,24/14:44,0:58:00,SIN,SIN,A07,10,1,1,NML,1,2025
2886,A320,PKGQL,CTV,CTV716,CTV717,24/13:56,24/14:00,24/14:47,24/15:05,0:47:00,CGK,CGK,7,10,1,1,NML,1,2025
2887,B739,PKLGU,LNI,LNI823,LNI260,24/13:56,24/14:00,24/14:45,24/15:03,0:45:00,LOP,BPN,10,10,1,1,NML,1,2025
2888,A320,PKBLA,BTK,BTK7515,BTK7514,24/14:09,24/14:11,24/15:15,24/15:26,1:03:14,HLP,HLP,11,10,1,1,NML,1,2025
2889,B739,PKLHQ,LNI,LNI261,LNI642,24/15:01,24/15:06,24/16:01,24/16:14,0:55:00,BPN,LOP,12,10,1,1,NML,1,2025
2890,B739,PKLFK,LNI,LNI707,LNI886,24/16:04,24/16:08,24/17:07,24/17:17,0:59:00,UPG,UPG,23,10,0,0,NML,1,2025
2891,A320,PKPWK,PAS,PAS208,PAS209,24/14:11,24/14:15,24/15:04,24/15:16,0:49:00,CGK,CGK,5,10,1,1,NML,1,2025
2892,A320,PKLZH,BTK,BTK6406,BTK6220,24/16:39,24/16:42,24/17:29,24/17:40,0:47:00,CGK,BPN,8,10,1,1,NML,1,2025
"2893,A320,PKSJC,SJV,SJV633,SJV726,23/13:35,23/13:40,24/16:01,24/16:19,""1 day, 2:21:00"",BDJ,LBJ,22,10,0,0,NML,1,2025"
2894,B738,PKGNF,GIA,GIA330,GIA331,24/14:23,24/14:28,24/15:26,24/15:41,0:58:00,HLP,HLP,4,10,1,1,NML,1,2025
2895,B739,PKLGY,LNI,LNI919,LNI920,24/14:52,24/14:58,24/15:56,24/16:07,0:58:00,DPS,DPS,16,10,1,1,NML,1,2025
2896,A320,PKLUT,BTK,BTK7501,BTK7512,24/15:23,24/15:27,24/16:28,24/16:37,1:01:00,HLP,HLP,8,10,1,1,NML,1,2025
2897,A320,PKGQT,CTV,CTV669,CTV434,24/15:06,24/15:10,24/15:45,24/15:55,0:35:00,DPS,BPN,6,10,1,1,NML,1,2025
2898,B738,PKLKV,LNI,LNI749,LNI581,24/15:45,24/15:49,24/16:52,24/17:04,1:03:00,MDC,CGK,17,10,1,1,NML,1,2025
2899,A320,PKSJI,SJV,SJV633,SJV672,24/13:28,24/13:31,24/18:07,24/18:18,4:36:00,BDJ,BEJ,9,10,1,1,NML,1,2025
2900,A320,PKLAM,BTK,BTK6347,BTK6401,24/15:19,24/15:23,24/16:20,24/16:29,0:57:00,BEJ,CGK,10,10,1,1,NML,1,2025
2901,B738,PKLOH,LNI,LNI869,LNI316,24/12:17,24/12:21,24/16:18,24/16:28,3:57:00,TTE,BDJ,18,10,0,0,NML,1,2025
2902,A320,PKSTA,SJV,SJV637,SJV648,24/15:38,24/15:42,24/16:25,24/16:34,0:43:00,BDJ,BPN,21,10,0,0,NML,1,2025
2903,B738MAX,9VMBG,SIA,SIA926,SIA927,24/16:12,24/16:18,24/17:08,24/17:22,0:50:00,SIN,SIN,A08,10,1,1,NML,1,2025
2904,B738,PKGMI,GIA,GIA310,GIA315,24/15:37,24/15:39,24/16:39,24/16:51,1:00:00,CGK,CGK,4,10,1,1,NML,1,2025
2905,A320,PKGLW,CTV,CTV174,CTV418,24/15:42,24/15:47,24/16:31,24/16:45,0:44:00,HLP,PNK,7,10,1,1,NML,1,2025
2906,B739,PKLSH,LNI,LNI972,LNI268,24/16:42,24/16:45,24/17:34,24/17:46,0:49:00,BTH,TRK,10,10,1,1,NML,1,2025
2907,B739,PKLSO,LNI,LNI692,LNI692,24/16:08,24/16:11,24/17:13,24/17:25,1:02:00,CGK,KOE,15,10,1,1,NML,1,2025
2908,A320,PKPWJ,PAS,PAS206,PAS623,24/15:58,24/16:01,24/16:49,24/16:59,0:48:00,CGK,BPN,5,10,1,1,NML,1,2025
2909,B738,PKLSF,LNI,LNI709,LNI880,24/16:11,24/16:14,24/17:04,24/17:13,0:50:00,UPG,UPG,12,10,1,1,NML,1,2025
2910,A320,PKGLO,CTV,CTV699,CTV488,24/16:17,24/16:21,24/17:15,24/17:27,0:54:00,DPS,BDJ,6,10,1,1,NML,1,2025
2911,B739,PKLSV,LNI,LNI923,LNI226,24/17:21,24/17:25,24/18:25,24/18:35,1:00:00,DPS,BDJ,16,10,1,1,NML,1,2025
2912,A320,PKAZA,AWQ,AWQ323,AWQ326,24/18:02,24/18:09,24/18:46,24/18:55,0:37:00,KUL,KUL,A01,28,1,1,NML,1,2025
2913,B738,PKLJS,LNI,LNI879,LNI838,24/15:49,24/15:53,24/18:30,24/18:40,2:37:00,AMQ,PNK,20,10,0,0,NML,1,2025
2914,A320,PKBKM,BTK,BTK6578,BTK7579,24/20:20,24/20:26,24/21:23,24/21:44,0:57:00,CGK,CGK,14,28,1,1,NML,1,2025
2915,A320,PKSAZ,SJV,SJV619,SJV638,24/17:37,24/17:40,24/18:26,24/18:38,0:46:00,BPN,BDJ,11,10,1,1,NML,1,2025
2916,A320,PKSJT,SJV,SJV723,SJV708,24/17:44,24/17:47,24/18:57,24/19:06,1:10:00,DPS,DPS,12,10,1,1,NML,1,2025
2917,A320,PKGLG,CTV,CTV718,CTV711,24/17:28,24/17:34,24/18:15,24/18:25,0:41:00,CGK,CGK,7,10,1,1,NML,1,2025
2918,A320,PKPWD,PAS,PAS622,PAS207,24/17:33,24/17:37,24/18:25,24/18:33,0:48:12,BPN,CGK,6,10,1,1,NML,1,2025
2919,B739,PKLGP,LNI,LNI695,LNI800,24/18:07,24/18:11,24/19:07,24/19:18,0:56:00,KOE,UPG,18,28,0,0,NML,1,2025
2920,B738,PKGFP,GIA,GIA320,GIA325,24/17:39,24/17:42,24/18:48,24/18:58,1:06:00,CGK,CGK,4,10,1,1,NML,1,2025
2921,B735,PKNAQ,LKN,LKN7567,LKN7562,24/18:12,24/18:15,24/18:53,24/19:02,0:38:00,UPG,UPG,10,10,1,1,NML,1,2025
2922,B738MAX,9VMBK,SIA,SIA928,SIA929,24/18:15,24/18:22,24/19:16,24/19:32,0:54:00,SIN,SIN,A03,28,1,1,NML,1,2025
2923,A320,PKLUK,BTK,BTK7503,BTK7502,24/18:22,24/18:26,24/19:34,24/19:45,1:08:36,HLP,HLP,8,28,1,1,NML,1,2025
2924,A320,PKGLY,CTV,CTV172,CTV173,24/19:12,24/19:18,24/19:56,24/20:07,0:38:00,HLP,HLP,7,28,1,1,NML,1,2025
2925,B788,9VOFC,TGW,TGW262,TGW263,24/18:41,24/18:46,24/19:51,24/19:56,1:05:00,SIN,SIN,A07,28,1,1,NML,1,2025
2926,A320,PKLUT,BTK,BTK7519,BTK7518,24/19:56,24/20:01,24/20:53,24/21:04,0:52:00,HLP,HLP,10,28,1,1,NML,1,2025
2927,A320,PKPWK,PAS,PAS202,PAS203,24/18:47,24/18:55,24/19:46,24/20:00,0:50:43,CGK,CGK,6,28,1,1,NML,1,2025
2928,A320,PKGQN,CTV,CTV489,CTV662,24/19:58,24/20:03,24/20:38,24/20:50,0:35:00,BDJ,DPS,6,28,1,1,NML,1,2025
2929,B738,PKGNG,GIA,GIA326,GIA313,24/19:43,24/19:49,24/20:36,24/20:47,0:47:00,CGK,CGK,4,28,1,1,NML,1,2025
2930,A320,PKGQT,CTV,CTV435,CTV719,24/19:15,24/19:20,24/20:32,24/20:41,1:12:00,BPN,CGK,9,28,1,1,NML,1,2025
2931,A320,PKGLM,CTV,CTV736,CTV352,24/19:39,24/19:47,24/20:25,24/20:36,0:38:00,CGK,UPG,8,28,1,1,NML,1,2025
2932,A320,PKGQS,CTV,CTV949,CTV494,24/20:34,24/20:42,24/21:21,24/21:31,0:39:00,BTH,BDJ,8,28,1,1,NML,1,2025
2933,A320,PKLAJ,BTK,BTK6588,BTK6587,24/20:44,24/20:52,24/21:50,24/21:56,0:58:00,CGK,CGK,12,28,1,1,NML,1,2025
2934,B738,PKGNH,GIA,GIA349,GIA319,24/17:57,24/18:00,24/20:45,24/20:54,2:45:00,DPS,CGK,5,28,1,1,NML,1,2025
2935,A320,PKGLO,CTV,CTV495,CTV721,24/20:04,24/20:12,24/21:26,24/21:36,1:14:00,BDJ,CGK,7,28,1,1,NML,1,2025
2936,A320,PKGLL,CTV,CTV722,CTV354,24/21:11,24/21:18,24/21:56,24/22:06,0:38:00,CGK,UPG,5,28,1,1,NML,1,2025
2937,A320,PKLUI,BTK,BTK6137,BTK6136,24/21:25,24/21:34,24/22:24,24/22:35,0:50:00,UPG,UPG,10,28,1,1,NML,1,2025
2938,A320,PKGLX,CTV,CTV726,CTV9665,24/21:29,24/21:37,24/22:13,24/22:22,0:36:00,CGK,DPS,9,28,1,1,NML,1,2025
2939,A320,PKSAV,SJV,SJV615,SJV610,24/20:30,24/20:35,25/04:52,25/05:02,8:17:00,BPN,BPN,18,28,0,0,NML,1,2025
2940,A320,PKGLG,CTV,CTV720,CTV430,24/22:03,24/22:10,25/04:56,25/05:18,6:46:00,CGK,BPN,7,28,1,1,NML,1,2025
2941,A320,PKLUO,BTK,BTK6576,BTK7508,24/23:33,24/23:40,25/04:54,25/04:59,5:14:00,CGK,HLP,10,28,1,1,NML,1,2025
2942,B738,PKLSF,LNI,LNI883,LNI878,24/20:52,24/20:56,25/05:01,25/05:14,8:05:00,UPG,AMQ,20,28,0,0,NML,1,2025
2943,B738,PKLQY,LNI,LNI727,LNI786,24/17:48,24/17:52,25/05:01,25/05:12,11:09:00,KDI,UPG,25,28,0,0,NML,1,2025
2944,A320,PKAZN,AWQ,AWQ327,AWQ320,25/00:33,25/00:36,25/05:01,25/05:16,4:25:00,KUL,KUL,A03,28,1,1,NML,1,2025
2945,A320,PKLZH,BTK,BTK6221,BTK6132,24/20:56,24/21:00,25/05:10,25/05:20,8:10:00,BPN,LOP,16,28,1,1,NML,1,2025
2946,A320,PKLAY,BTK,BTK6586,BTK6589,24/22:32,24/22:39,25/05:45,25/05:54,7:06:00,CGK,CGK,15,28,1,1,NML,1,2025
2947,B739,PKLHI,LNI,LNI690,LNI690,25/05:00,25/05:10,25/05:56,25/06:07,0:46:00,CGK,KOE,9,28,1,1,NML,1,2025
2948,A320,V8RBA,RBA,RBA795,RBA796,24/20:26,24/20:29,25/05:50,25/06:00,9:21:00,BWN,BWN,A07,28,1,1,NML,1,2025
2949,A320,PKGQN,CTV,CTV9664,CTV725,24/23:00,24/23:07,25/05:41,25/05:50,6:34:00,DPS,CGK,8,28,1,1,NML,1,2025
2950,B739,PKLFK,LNI,LNI885,LNI882,24/20:49,24/20:54,25/05:57,25/06:09,9:03:00,UPG,UPG,21,28,0,0,NML,1,2025
2951,A320,PKGLL,CTV,CTV353,CTV670,25/05:10,25/05:17,25/05:56,25/06:05,0:39:00,UPG,LOP,5,28,1,1,NML,1,2025
2952,A320,PKPWI,PAS,PAS212,PAS213,24/21:01,24/21:09,25/05:59,25/06:11,8:50:00,CGK,CGK,6,28,1,1,NML,1,2025
2953,B739,PKLHQ,LNI,LNI865,LNI266,24/18:36,24/18:41,25/06:12,25/06:19,11:31:00,LOP,BPN,24,28,0,0,NML,1,2025
2954,A320,PKSJC,SJV,SJV725,SJV706,24/19:36,24/19:41,25/06:05,25/06:14,10:24:00,LBJ,DPS,23,28,0,0,NML,1,2025
2955,A320,PKSJH,SJV,SJV641,SJV640,24/15:27,24/15:30,25/06:10,25/06:17,14:40:00,AAP,AAP,26,28,0,0,NML,1,2025
2956,A320,PKAZO,AWQ,AWQ325,AWQ386,24/20:10,24/20:13,25/05:58,25/06:13,9:45:00,KUL,PEN,A01,28,1,1,NML,1,2025
2957,A320,PKBKV,BTK,BTK6413,BTK6412,24/19:52,24/19:58,25/06:15,25/06:23,10:17:00,DPS,DPS,11,28,1,1,NML,1,2025
2958,A320,PKSJT,SJV,SJV727,SJV634,24/22:00,24/22:07,25/07:25,25/07:34,9:18:00,DPS,BDJ,14,28,1,1,NML,1,2025
2959,B733F,PKMYV,MYU,MYU935,MYU934,24/09:33,24/09:38,25/06:43,25/06:55,21:05:00,SRG,SIN,C02,28,0,0,NML,1,2025
2960,B738MAX,PKOFM,AFE,AFE921,AFE921,25/06:07,25/06:07,25/06:53,25/07:02,0:46:00,CGK,TIM,7,28,1,1,NML,1,2025
2961,A320,PKLUZ,BTK,BTK7521,BTK6135,24/20:16,24/20:22,25/07:07,25/07:17,10:45:00,HLP,PKN,17,28,1,1,NML,1,2025
2962,B739,PKLSV,LNI,LNI311,LNI971,25/06:02,25/06:10,25/07:01,25/07:15,0:51:59,BDJ,BTH,9,28,1,1,NML,1,2025
2963,A320,PKSTI,SJV,SJV639,SJV612,24/22:59,24/23:04,25/07:02,25/07:18,7:58:00,BDJ,BPN,12,28,1,1,NML,1,2025
2964,B738,PKGMM,GIA,GIA328,GIA305,24/21:19,24/21:24,25/07:00,25/07:12,9:36:00,CGK,CGK,4,28,1,1,NML,1,2025
2965,B738,PKGMC,GIA,GIA855,GIA854,24/21:05,24/21:09,25/06:56,25/07:09,9:47:00,SIN,SIN,A02,28,1,1,NML,1,2025
2966,B739,PKLGV,LNI,LNI363,LNI646,25/06:15,25/06:23,25/07:20,25/07:29,0:57:00,BPN,LOP,15,28,1,1,NML,1,2025
2967,A320,PKLAW,BTK,BTK7511,BTK7510,25/06:33,25/06:39,25/07:22,25/07:32,0:42:40,HLP,HLP,11,28,1,1,NML,1,2025
2968,A320,PKLUO,BTK,BTK7508A,BTK7508A,25/05:04,25/05:08,25/07:41,25/07:52,2:33:00,HLP,HLP,10,28,1,1,NML,1,2025
2969,A320,PKGLX,CTV,CTV661,CTV460,25/06:44,25/06:52,25/07:41,25/07:52,0:48:59,DPS,AAP,6,28,1,1,NML,1,2025
2970,B739,PKLSO,LNI,LNI693,LNI693,25/06:51,25/07:01,25/07:54,25/08:10,0:53:00,KOE,CGK,8,28,1,1,NML,1,2025
2971,B739,PKLSZ,LNI,LNI929,LNI982,25/06:46,25/06:53,25/07:57,25/08:13,1:04:00,DPS,PKU,16,10,1,1,NML,1,2025
2972,A333,BLAF,CPA,CPA779,CPA780,24/18:10,24/18:15,25/08:04,25/08:14,13:49:00,HKG,HKG,A08,10,1,1,NML,1,2025
2973,B739,PKLSH,LNI,LNI267,LNI990,25/07:07,25/07:13,25/08:20,25/08:32,1:06:53,TRK,DPS,12,10,1,1,NML,1,2025
2974,DHC6,PKICP,PGT,PKICP,PKICP,24/09:50,24/09:53,25/08:00,25/08:10,22:07:00,PAG,PAG,28,10,0,0,NML,1,2025
2975,A320,PKBKM,BTK,BTK6572,BTK6573,25/08:04,25/08:07,25/09:10,25/09:24,1:03:56,CGK,CGK,9,10,1,1,NML,1,2025
2976,A339,PKLET,LNI,LNI075,LNI106,24/14:27,24/14:35,25/08:39,25/08:53,18:04:00,JED,JED,A06,10,1,1,NML,1,2025
2977,B738,PKLZM,MXD,MXD352,MXD353,24/19:47,24/19:51,25/08:59,25/09:04,13:08:00,KUL,KUL,A04,10,1,1,NML,1,2025
2978,A320,PKGLM,CTV,CTV355,CTV177,25/07:43,25/07:49,25/08:41,25/08:51,0:52:00,UPG,HLP,7,10,1,1,NML,1,2025
2979,A320,9VJSR,JSA,JSA249,JSA250,25/08:08,25/08:12,25/08:42,25/09:14,0:30:00,SIN,SIN,A08,10,1,1,NML,1,2025
2980,A320,PKLZH,BTK,BTK6133,BTK6581,25/07:47,25/07:52,25/08:56,25/09:06,1:04:00,LOP,CGK,11,10,1,1,NML,1,2025
2981,B738,PKLOH,LNI,LNI315,LNI222,25/07:56,25/08:00,25/08:49,25/09:02,0:49:00,BDJ,BDJ,14,10,1,1,NML,1,2025
2982,A320,PKSTA,SJV,SJV649,SJV618,25/07:53,25/07:59,25/10:29,25/10:44,2:30:00,BPN,BPN,17,10,1,1,NML,1,2025
2983,B738,PKLJS,LNI,LNI837,LNI748,25/08:11,25/08:14,25/09:08,25/09:18,0:54:00,PNK,MDC,10,10,1,1,NML,1,2025
2984,B739,PKLSP,LNI,LNI683,LNI682,25/08:17,25/08:21,25/09:16,25/09:22,0:55:00,PKY,PKY,15,10,1,1,NML,1,2025
2985,B738,PKGNQ,GIA,GIA304,GIA342,25/08:26,25/08:30,25/09:27,25/09:41,0:57:00,CGK,DPS,4,10,1,1,NML,1,2025
2986,A320,PKPWE,PAS,PAS200,PAS201,25/08:22,25/08:26,25/09:18,25/09:31,0:52:27,CGK,CGK,5,10,1,1,NML,1,2025
2987,A320,PKGLL,CTV,CTV671,CTV486,25/08:32,25/08:33,25/09:18,25/09:28,0:44:22,LOP,BDJ,6,10,1,1,NML,1,2025
2988,A320,PKSJC,SJV,SJV703,SJV702,25/08:34,25/08:38,25/09:40,25/09:50,1:02:00,DPS,DPS,16,10,1,1,NML,1,2025
2989,A320,9VTRP,TGW,TGW264,TGW265,25/08:55,25/08:55,25/09:48,25/09:59,0:53:00,SIN,SIN,A02,10,1,1,NML,1,2025
2990,A320,PKGQJ,CTV,CTV417,CTV715,25/09:34,25/09:38,25/10:18,25/10:30,0:40:00,PNK,CGK,7,10,1,1,NML,1,2025
2991,B738,9MMXK,MAS,MAS871,MAS870,25/09:12,25/09:19,25/10:12,25/10:22,0:53:00,KUL,KUL,A06,10,1,1,NML,1,2025
2992,B38M,9MLRK,MXD,MXD350,MXD351,25/08:57,25/09:01,25/10:04,25/10:15,1:03:36,KUL,KUL,A03,10,1,1,NML,1,2025
2993,A320,PKGLO,CTV,CTV351,CTV350,25/09:36,25/09:36,25/10:22,25/10:38,0:46:00,UPG,UPG,6,10,1,1,NML,1,2025
2994,A320,PKBKY,BTK,BTK6584,BTK6585,25/11:06,25/11:09,25/12:00,25/12:09,0:51:00,CGK,CGK,9,10,1,1,NML,1,2025
2995,A359,9VSHL,SIA,SIA922,SIA923,25/09:08,25/09:14,25/10:21,25/10:34,1:06:40,SIN,SIN,A08,10,1,1,NML,1,2025
2996,A320,PKSJT,SJV,SJV635,SJV632,25/10:32,25/10:35,25/11:24,25/11:35,0:48:11,BDJ,BDJ,16,10,1,1,NML,1,2025
2997,B739,PKLKM,LNI,LNI791,LNI973,25/09:48,25/09:51,25/11:03,25/11:13,1:12:00,UPG,BTH,14,10,1,1,NML,1,2025
2998,E135,T7JCI,AFS,T7JCI,T7JCI,25/10:08,25/10:12,25/10:40,25/10:45,0:28:00,CGK,CGK,3,10,0,0,NML,1,2025
2999,A320,PKLUF,BTK,BTK7513,BTK7516,25/10:39,25/10:42,25/11:33,25/11:43,0:51:00,HLP,HLP,8,10,1,1,NML,1,2025
3000,B739,PKLHO,LNI,LNI970,LNI706,25/10:06,25/10:09,25/11:12,25/11:22,1:03:00,BTH,UPG,12,10,1,1,NML,1,2025
3001,A320,PKLUZ,BTK,BTK6134,BTK6346,25/09:43,25/09:47,25/10:56,25/11:09,1:09:00,PKN,BEJ,11,10,1,1,NML,1,2025
3002,A320,PKBKP,BTK,BTK8413,BTK8412,25/10:02,25/10:05,25/11:14,25/11:26,1:09:36,DPS,DPS,10,10,1,1,NML,1,2025
3003,B739,PKLGU,LNI,LNI645,LNI822,25/09:56,25/10:01,25/11:08,25/11:15,1:06:55,LOP,LOP,20,10,0,0,NML,1,2025
3004,A320,PKSGA,SJV,SJV641,SJV642,25/09:38,25/09:42,25/11:00,25/11:12,1:18:00,AAP,AAP,9,10,1,1,NML,1,2025
3005,B739,PKLHQ,LNI,LNI367,LNI780,25/09:54,25/10:00,25/11:48,25/11:55,1:47:40,BPN,UPG,18,10,0,0,NML,1,2025
3006,A320,PKAZN,AWQ,AWQ321,AWQ322,25/10:41,25/10:47,25/11:25,25/11:34,0:38:00,KUL,KUL,A01,10,1,1,NML,1,2025
3007,B739,PKLHR,LNI,LNI694,LNI694,25/10:46,25/10:51,25/11:44,25/11:57,0:52:43,CGK,KOE,17,10,1,1,NML,1,2025
3008,B739,PKLHI,LNI,LNI697,LNI697,25/10:28,25/10:32,25/11:37,25/11:53,1:04:04,KOE,CGK,15,10,1,1,NML,1,2025
3009,A320,PKLAW,BTK,BTK7517,BTK7520,25/10:36,25/10:40,25/11:40,25/11:46,0:59:50,HLP,HLP,21,10,0,0,NML,1,2025
3010,B738,PKGFD,GIA,GIA322,GIA327,25/10:23,25/10:26,25/11:33,25/11:48,1:07:00,CGK,CGK,4,10,1,1,NML,1,2025
3011,A339,PKLEV,LNI,LNI107,LNI074,24/16:01,24/16:07,25/11:48,25/12:01,19:41:00,JED,MED,A05,10,1,1,NML,1,2025
3012,B739,PKLSH,LNI,LNI805,LNI804,25/11:19,25/11:22,25/12:22,25/12:32,1:00:00,DPS,DPS,11,10,1,1,NML,1,2025
3013,A320,PKGLX,CTV,CTV461,CTV698,25/11:23,25/11:27,25/12:18,25/12:30,0:51:00,AAP,DPS,6,10,1,1,NML,1,2025
3014,A320,PKSAV,SJV,SJV611,SJV636,25/11:50,25/11:54,25/12:44,25/12:55,0:50:00,BPN,BDJ,12,10,1,1,NML,1,2025
3015,B738,PKLOH,LNI,LNI223,LNI680,25/11:57,25/12:02,25/12:49,25/12:59,0:46:59,BDJ,PKY,10,10,1,1,NML,1,2025
3016,A320,PKGLL,CTV,CTV487,CTV668,25/12:05,25/12:09,25/12:50,25/13:01,0:41:00,BDJ,DPS,7,10,1,1,NML,1,2025
3017,A320,PKBKM,BTK,BTK6596,BTK6595,25/13:39,25/13:43,25/14:43,25/14:57,1:00:00,CGK,CGK,10,10,1,1,NML,1,2025
3018,A320,PKAZO,AWQ,AWQ387,AWQ324,25/12:44,25/12:48,25/13:33,25/13:42,0:45:00,PEN,KUL,A01,10,1,1,NML,1,2025
3019,A320,PKSGC,SJV,SJV363,SJV362,25/12:23,25/12:29,25/13:37,25/13:37,1:07:41,KNO,KNO,16,10,1,1,NML,1,2025
3020,A320,PKPWD,PAS,PAS204,PAS205,25/12:37,25/12:40,25/13:42,25/13:55,1:02:00,CGK,CGK,5,10,1,1,NML,1,2025
3021,B738,PKGUA,GIA,GIA312,GIA317,25/12:56,25/13:00,25/13:56,25/14:08,0:56:00,CGK,CGK,4,10,1,1,NML,1,2025
3022,A320,PKSJT,SJV,SJV633,SJV726,25/14:10,25/14:14,25/15:03,25/15:14,0:49:00,BDJ,LBJ,16,10,1,1,NML,1,2025
3023,B738,PKLOP,LNI,LNI839,LNI836,25/13:27,25/13:33,25/14:26,25/14:37,0:53:00,PNK,PNK,15,10,1,1,NML,1,2025
3024,A320,PKGLG,CTV,CTV431,CTV948,25/13:37,25/13:41,25/14:26,25/14:39,0:45:00,BPN,BTH,6,10,1,1,NML,1,2025
3025,B739,PKLSZ,LNI,LNI983,LNI910,25/13:33,25/13:36,25/14:30,25/14:41,0:54:00,PKU,DPS,14,10,1,1,NML,1,2025
3026,A320,PKLUK,BTK,BTK7515,BTK7514,25/13:44,25/13:48,25/14:49,25/15:00,1:01:00,HLP,HLP,9,10,1,1,NML,1,2025
3027,B739,PKLGU,LNI,LNI823,LNI642,25/13:52,25/13:55,25/16:22,25/16:36,2:27:00,LOP,LOP,17,10,1,1,NML,1,2025
3028,B733F,PKMYV,MYU,MYU935,MYU815,25/14:06,25/14:12,25/14:49,25/14:55,0:37:00,SRG,CGK,C02,10,0,0,NML,1,2025
3029,A320,PKLAM,BTK,BTK6406,BTK6220,25/16:44,25/16:49,25/17:39,25/17:49,0:50:00,CGK,BPN,11,10,1,1,NML,1,2025
3030,B738,PKLHO,LNI,LNI707,LNI800,25/14:45,25/14:48,25/15:42,25/15:53,0:54:00,UPG,UPG,15,10,1,1,NML,1,2025
3031,B738,PKGFS,GIA,GIA330,GIA331,25/14:20,25/14:24,25/15:24,25/15:38,1:00:00,HLP,HLP,4,10,1,1,NML,1,2025
3032,B739,PKLSH,LNI,LNI919,LNI920,25/16:01,25/16:08,25/16:50,25/17:00,0:42:00,DPS,DPS,16,10,1,1,NML,1,2025
3033,B739,PKLQS,LNI,LNI801,LNI262,25/17:12,25/17:16,25/18:01,25/18:12,0:45:00,UPG,BPN,17,10,1,1,NML,1,2025
3034,A320,PKLAO,BTK,BTK7501,BTK7512,25/15:11,25/15:14,25/16:04,25/16:13,0:50:00,HLP,HLP,11,10,1,1,NML,1,2025
3035,A320,PKGLX,CTV,CTV699,CTV434,25/15:02,25/15:06,25/15:44,25/15:56,0:38:00,DPS,BPN,7,10,1,1,NML,1,2025
3036,B738,9MMXD,MAS,MAS873,MAS872,25/15:39,25/15:46,25/16:37,25/16:49,0:51:00,KUL,KUL,A06,10,1,1,NML,1,2025
3037,B738,PKLJS,LNI,LNI749,LNI581,25/14:49,25/14:52,25/17:35,25/17:47,2:43:00,MDC,CGK,12,10,1,1,NML,1,2025
3038,A320,PKLUZ,BTK,BTK6347,BTK6401,25/15:21,25/15:25,25/16:14,25/16:24,0:49:00,BEJ,CGK,10,10,1,1,NML,1,2025
3039,B738,PKLQY,LNI,LNI787,LNI316,25/13:29,25/13:35,25/17:08,25/17:18,3:33:00,UPG,BDJ,18,10,0,0,NML,1,2025
3040,B738,PKGFD,GIA,GIA310,GIA315,25/15:30,25/15:32,25/16:35,25/16:52,1:03:00,CGK,CGK,5,10,1,1,NML,1,2025
3041,A320,PKGLM,CTV,CTV174,CTV418,25/15:31,25/15:36,25/16:27,25/16:38,0:51:00,HLP,PNK,8,10,1,1,NML,1,2025
3042,B738MAX,PKOFM,AFE,AFE920,AFE920,25/15:55,25/16:00,25/16:50,25/16:53,0:50:00,TIM,CGK,7,10,1,1,NML,1,2025
3043,A320,PKSGA,SJV,SJV643,SJV614,25/15:24,25/15:28,25/16:47,25/16:55,1:19:00,AAP,BPN,20,10,0,0,NML,1,2025
3044,B739,PKLHR,LNI,LNI695,LNI268,25/16:33,25/16:37,25/17:29,25/17:40,0:52:00,KOE,TRK,9,10,1,1,NML,1,2025
3045,B739,PKLFY,LNI,LNI692,LNI692,25/17:27,25/17:34,25/18:15,25/18:26,0:41:00,CGK,KOE,15,10,1,1,NML,1,2025
3046,A320,PKPWI,PAS,PAS206,PAS623,25/16:05,25/16:09,25/16:57,25/17:08,0:48:00,CGK,BPN,6,10,1,1,NML,1,2025
3047,A320,PKGQF,CTV,CTV669,CTV488,25/16:39,25/16:45,25/17:20,25/17:36,0:35:00,DPS,BDJ,4,10,1,1,NML,1,2025
3048,B739,PKLSV,LNI,LNI972,LNI226,25/17:02,25/17:08,25/17:47,25/18:00,0:39:00,BTH,BDJ,16,10,1,1,NML,1,2025
3049,A320,PKAZN,AWQ,AWQ323,AWQ326,25/17:05,25/17:10,25/17:44,25/17:54,0:34:00,KUL,KUL,A01,10,1,1,NML,1,2025
3050,B738,PKLOH,LNI,LNI681,LNI838,25/16:08,25/16:13,25/19:02,25/19:16,2:49:00,PKY,PNK,14,28,1,1,NML,1,2025
3051,A320,PKGLY,CTV,CTV176,CTV179,25/16:41,25/16:47,25/17:33,25/17:45,0:46:00,HLP,HLP,8,10,1,1,NML,1,2025
3052,A320,PKBKM,BTK,BTK6578,BTK7579,25/18:34,25/18:37,25/19:29,25/19:42,0:52:00,CGK,CGK,9,10,1,1,NML,1,2025
3053,A320,PKSAV,SJV,SJV637,SJV638,25/15:44,25/15:49,25/18:25,25/18:32,2:36:00,BDJ,BDJ,21,10,0,0,NML,1,2025
3054,A320,PKSJC,SJV,SJV723,SJV708,25/17:58,25/18:01,25/18:46,25/18:59,0:45:00,DPS,DPS,11,10,1,1,NML,1,2025
3055,A320,PKPWM,PAS,PAS622,PAS207,25/17:30,25/17:33,25/18:06,25/18:29,0:33:00,BPN,CGK,6,10,1,1,NML,1,2025
3056,A320,PKSJT,SJV,SJV725,SJV716,25/18:49,25/18:54,25/20:00,25/20:14,1:06:00,LBJ,LOP,15,28,1,1,NML,1,2025
3057,B738MAX,9VMBH,SIA,SIA928,SIA929,25/17:33,25/17:39,25/18:32,25/18:45,0:53:00,SIN,SIN,A06,10,1,1,NML,1,2025
3058,B738,PKGFM,GIA,GIA320,GIA325,25/17:48,25/17:52,25/18:40,25/18:58,0:48:00,CGK,CGK,4,10,1,1,NML,1,2025
3059,B735,PKNAQ,LKN,LKN7567,LKN7562,25/17:52,25/17:56,25/19:01,25/19:14,1:05:00,UPG,UPG,10,10,1,1,NML,1,2025
3060,A320,PKLUF,BTK,BTK7503,BTK7502,25/18:46,25/18:50,25/19:29,25/19:39,0:39:00,HLP,HLP,12,10,1,1,NML,1,2025
3061,A320,PKGQR,CTV,CTV718,CTV711,25/18:05,25/18:10,25/19:07,25/19:18,0:57:00,CGK,CGK,7,10,1,1,NML,1,2025
3062,A320,PKGQN,CTV,CTV949,CTV494,25/18:35,25/18:36,25/19:16,25/19:34,0:40:00,BTH,BDJ,6,10,1,1,NML,1,2025
3063,A320,PKLAO,BTK,BTK7519,BTK7518,25/19:11,25/19:15,25/19:54,25/20:02,0:39:00,HLP,HLP,8,28,1,1,NML,1,2025
3064,A320,PKLBW,BTK,BTK6576,BTK6575,25/22:09,25/22:16,25/23:04,25/23:14,0:48:00,CGK,CGK,11,28,1,1,NML,1,2025
3065,A320,PKPWK,PAS,PAS202,PAS203,25/18:55,25/19:00,25/19:25,25/19:53,0:25:00,CGK,CGK,4,10,1,1,NML,1,2025
3066,B739,PKLHO,LNI,LNI885,LNI880,25/21:06,25/21:13,25/21:59,25/22:08,0:46:00,UPG,UPG,9,28,1,1,NML,1,2025
3067,A320,PKGLR,CTV,CTV736,CTV352,25/19:20,25/19:25,25/20:06,25/20:19,0:41:00,CGK,UPG,6,28,1,1,NML,1,2025
3068,A320,PKGLX,CTV,CTV435,CTV719,25/19:24,25/19:30,25/20:12,25/20:21,0:42:00,BPN,CGK,7,28,1,1,NML,1,2025
3069,B738,PKGNQ,GIA,GIA349,GIA313,25/18:10,25/18:14,25/20:11,25/20:23,1:57:40,DPS,CGK,5,28,1,1,NML,1,2025
3070,A320,PKGQS,CTV,CTV489,CTV662,25/20:00,25/20:08,25/20:45,25/20:53,0:37:00,BDJ,DPS,4,28,1,1,NML,1,2025
3071,A320,PKGQA,CTV,CTV722,CTV354,25/19:46,25/19:52,25/20:28,25/20:35,0:36:00,CGK,UPG,9,28,1,1,NML,1,2025
3072,A320,PKGQF,CTV,CTV495,CTV694,25/20:08,25/20:16,25/20:57,25/21:09,0:41:05,BDJ,DPS,6,28,1,1,NML,1,2025
3073,A320,PKLAF,BTK,BTK6137,BTK6136,25/19:31,25/19:38,25/22:25,25/22:33,2:47:00,UPG,UPG,10,28,1,1,NML,1,2025
3074,A320,PKGQF,CTV,CTV695,CTV430,26/00:01,26/00:09,26/04:46,26/05:00,4:37:00,DPS,BPN,8,28,1,1,NML,1,2025
3075,A320,PKLAW,BTK,BTK7521,BTK7508,25/20:16,25/20:22,26/04:52,26/05:04,8:30:00,HLP,HLP,12,28,1,1,NML,1,2025
3076,A320,PKSTA,SJV,SJV615,SJV610,25/22:05,25/22:10,26/04:56,26/05:08,6:46:00,BPN,BPN,9,28,1,1,NML,1,2025
3077,B738,PKLOR,LNI,LNI709,LNI878,25/16:31,25/16:36,26/05:02,26/05:12,12:26:42,UPG,AMQ,C04,28,0,0,NML,1,2025
3078,B739,PKLGU,LNI,LNI865,LNI786,25/19:01,25/19:06,26/04:58,26/05:10,9:52:00,LOP,UPG,16,28,1,1,NML,1,2025
3079,A320,PKAZN,AWQ,AWQ327,AWQ320,25/23:26,25/23:30,26/05:00,26/05:14,5:30:00,KUL,KUL,A03,28,1,1,NML,1,2025
3080,A320,PKLAM,BTK,BTK6221,BTK6132,25/21:10,25/21:15,26/05:17,26/05:25,8:02:00,BPN,LOP,14,28,1,1,NML,1,2025
3081,A320,PKGLS,CTV,CTV726,CTV725,25/21:40,25/21:47,26/05:38,26/05:47,7:51:00,CGK,CGK,6,28,1,1,NML,1,2025
3082,B739,PKLVF,LNI,LNI690,LNI690,26/05:01,26/05:07,26/05:45,26/05:57,0:37:21,CGK,KOE,11,28,1,1,NML,1,2025
3083,A320,PKPWA,PAS,PAS212,PAS213,25/20:48,25/20:56,26/05:51,26/06:00,8:55:00,CGK,CGK,7,28,1,1,NML,1,2025
3084,A320,PKSAE,SJV,SJV619,SJV706,25/17:33,25/17:42,26/05:53,26/06:04,12:11:00,BPN,DPS,20,28,0,0,NML,1,2025
3085,A320,PKSJC,SJV,SJV727,SJV640,25/21:17,25/21:22,26/06:03,26/06:11,8:41:00,DPS,AAP,25,28,0,0,NML,1,2025
3086,A320,PKGLL,CTV,CTV353,CTV484,26/05:05,26/05:12,26/05:57,26/06:06,0:45:00,UPG,BDJ,5,28,1,1,NML,1,2025
3087,A320,PKLUV,BTK,BTK6586,BTK6589,25/22:00,25/22:07,26/05:53,26/06:02,7:46:00,CGK,CGK,17,28,1,1,NML,1,2025
3088,B739,PKLSZ,LNI,LNI923,LNI882,25/17:16,25/17:19,26/05:51,26/05:59,12:32:00,DPS,UPG,23,28,0,0,NML,1,2025
3089,B738,PKLSF,LNI,LNI879,LNI868,25/10:49,25/10:57,26/06:00,26/06:09,19:02:04,AMQ,TTE,24,28,0,0,NML,1,2025
3090,A320,PKBKV,BTK,BTK6413,BTK6412,25/20:05,25/20:10,26/06:21,26/06:30,10:11:00,DPS,DPS,21,28,0,0,NML,1,2025
3091,A320,PKSAV,SJV,SJV639,SJV634,25/21:03,25/21:08,26/06:27,26/06:35,9:19:00,BDJ,BDJ,15,28,1,1,NML,1,2025
"3092,A320,PKSJI,SJV,SJV673,SJV566,24/22:36,24/22:40,26/06:56,26/07:03,""1 day, 8:16:00"",BEJ,PLW,22,28,0,0,NML,1,2025"
3093,B739,PKLSV,LNI,LNI311,LNI971,26/06:07,26/06:12,26/07:03,26/07:10,0:51:00,BDJ,BTH,11,28,1,1,NML,1,2025
3094,A320,PKLUH,BTK,BTK6588,BTK6135,25/23:08,25/23:14,26/06:52,26/07:00,7:38:00,CGK,PKN,10,28,1,1,NML,1,2025
3095,A320,PKSJP,SJV,SJV717,SJV612,26/05:54,26/06:02,26/07:08,26/07:17,1:06:00,LOP,BPN,9,28,1,1,NML,1,2025
3096,B738,PKGNC,GIA,GIA326,GIA854,25/20:28,25/23:13,26/07:08,26/07:21,10:33:00,CGK,SIN,A02,28,1,1,NML,1,2025
3097,B738,PKGMC,GIA,GIA855,GIA305,25/20:58,25/23:43,26/07:05,26/07:15,10:04:00,SIN,CGK,4,28,1,1,NML,1,2025
3098,B739,PKLQS,LNI,LNI363,LNI646,26/06:19,26/06:26,26/07:13,26/07:24,0:47:00,BPN,LOP,14,28,1,1,NML,1,2025
3099,A320,PKLUU,BTK,BTK7511,BTK7510,26/06:45,26/06:52,26/07:33,26/07:41,0:41:00,HLP,HLP,12,28,1,1,NML,1,2025
3100,A320,PKGLY,CTV,CTV170,CTV175,26/06:45,26/06:50,26/07:22,26/07:31,0:32:00,HLP,HLP,5,28,1,1,NML,1,2025
3101,A320,PKAZO,AWQ,AWQ325,AWQ392,25/19:51,25/19:55,26/07:26,26/07:35,11:31:00,KUL,JHB,A01,28,1,1,NML,1,2025
3102,A320,PKGQR,CTV,CTV661,CTV460,26/06:33,26/06:41,26/07:35,26/07:43,0:54:00,DPS,AAP,7,28,1,1,NML,1,2025
3103,B739,PKLFY,LNI,LNI693,LNI693,26/06:51,26/06:58,26/07:55,26/08:05,0:57:00,KOE,CGK,8,28,1,1,NML,1,2025
"3104,A339,PKLER,LNI,LNI103,LNI078,25/07:50,25/07:56,26/08:08,26/08:27,""1 day, 0:12:00"",JED,MED,A07,28,1,1,NML,1,2025"
3105,A333,BHLT,CPA,CPA779,CPA780,25/18:16,25/18:22,26/08:06,26/08:23,13:44:00,HKG,HKG,A08,28,1,1,NML,1,2025
3106,B739,PKLHR,LNI,LNI267,LNI990,26/07:12,26/07:20,26/08:18,26/08:35,0:58:00,TRK,DPS,11,28,1,1,NML,1,2025
3107,A320,PKBKM,BTK,BTK6572,BTK6573,26/07:38,26/07:44,26/08:31,26/08:39,0:47:00,CGK,CGK,9,28,1,1,NML,1,2025
3108,A320,PKGLR,CTV,CTV355,CTV177,26/07:46,26/07:53,26/08:36,26/08:45,0:43:00,UPG,HLP,6,28,1,1,NML,1,2025
3109,A320,PKSGA,SJV,SJV649,SJV618,26/07:51,26/07:57,26/08:58,26/09:09,1:00:59,BPN,BPN,14,28,1,1,NML,1,2025
3110,B738,PKLQY,LNI,LNI315,LNI222,26/07:55,26/08:01,26/08:52,26/09:01,0:51:00,BDJ,BDJ,12,28,1,1,NML,1,2025
3111,A320,PKLAM,BTK,BTK6133,BTK6581,26/08:00,26/08:06,26/08:54,26/09:04,0:48:00,LOP,CGK,8,28,1,1,NML,1,2025
3112,B738,PKLOH,LNI,LNI837,LNI748,26/08:03,26/08:08,26/09:02,26/09:12,0:54:00,PNK,MDC,15,28,1,1,NML,1,2025
3113,B739,PKLGL,LNI,LNI929,LNI682,26/06:56,26/07:02,26/09:32,26/09:44,2:30:00,DPS,PKY,10,28,1,1,NML,1,2025
3114,B739,PKLSI,LNI,LNI683,LNI856,26/08:29,26/08:34,26/09:26,26/09:37,0:52:00,PKY,PLM,16,28,1,1,NML,1,2025
3115,B738,PKLDO,MXD,MXD352,MXD353,25/20:12,25/20:16,26/09:20,26/09:34,13:04:00,KUL,KUL,A04,28,1,1,NML,1,2025
3116,B738,PKGNQ,GIA,GIA304,GIA342,26/08:24,26/08:32,26/09:35,26/09:51,1:03:00,CGK,DPS,4,28,1,1,NML,1,2025
3117,A320,PKGLL,CTV,CTV485,CTV486,26/08:32,26/08:38,26/09:16,26/09:21,0:37:47,BDJ,BDJ,7,28,1,1,NML,1,2025
3118,A320,PKSTA,SJV,SJV611,SJV702,26/08:37,26/08:42,26/09:34,26/09:49,0:52:00,BPN,DPS,17,28,1,1,NML,1,2025
3119,A320,9VTRU,TGW,TGW264,TGW265,26/08:49,26/08:53,26/09:41,26/09:55,0:48:00,SIN,SIN,A02,28,1,1,NML,1,2025
3120,A320,PKGQI,CTV,CTV417,CTV715,26/09:17,26/09:25,26/10:08,26/10:13,0:43:00,PNK,CGK,6,28,1,1,NML,1,2025
3121,B738MAX,9MMVA,MAS,MAS871,MAS870,26/08:58,26/09:02,26/09:56,26/10:09,0:54:00,KUL,KUL,A06,28,1,1,NML,1,2025
3122,B735,PKNAT,LKN,LKN243,LKN242,26/09:07,26/09:13,26/09:57,26/10:07,0:44:00,SMQ,SMQ,11,28,1,1,NML,1,2025
3123,A359,9VSHM,SIA,SIA922,SIA923,26/09:10,26/09:13,26/10:11,26/10:26,0:58:00,SIN,SIN,A08,28,1,1,NML,1,2025
3124,A320,PKLUV,BTK,BTK6584,BTK6585,26/09:35,26/09:42,26/10:34,26/10:42,0:52:00,CGK,CGK,10,28,1,1,NML,1,2025
3125,A320,PKSAV,SJV,SJV635,SJV632,26/09:13,26/09:19,26/10:15,26/10:31,0:56:00,BDJ,BDJ,14,28,1,1,NML,1,2025
3126,A320,PKGQJ,CTV,CTV351,CTV350,26/09:40,26/09:45,26/10:28,26/10:37,0:43:00,UPG,UPG,3,28,0,0,NML,1,2025
3127,A320,PKGLT,CTV,CTV710,CTV723,26/09:29,26/09:36,26/10:15,26/10:29,0:39:00,CGK,CGK,8,28,1,1,NML,1,2025
3128,B739,PKLSZ,LNI,LNI791,LNI706,26/09:25,26/09:30,26/10:29,26/10:35,0:59:00,UPG,UPG,9,28,1,1,NML,1,2025
3129,A320,PKPWA,PAS,PAS210,PAS211,26/09:41,26/09:48,26/10:36,26/10:48,0:48:00,CGK,CGK,5,28,1,1,NML,1,2025
3130,B739,PKLFF,LNI,LNI970,LNI973,26/09:44,26/09:50,26/10:42,26/10:50,0:52:00,BTH,BTH,15,28,1,1,NML,1,2025
3131,A320,PKLUT,BTK,BTK7513,BTK7516,26/09:58,26/10:04,26/10:52,26/10:59,0:48:00,HLP,HLP,20,28,0,0,NML,1,2025
3132,A320,PKLUH,BTK,BTK6134,BTK6346,26/09:47,26/09:53,26/10:46,26/10:56,0:53:00,PKN,BEJ,12,28,1,1,NML,1,2025
3133,A320,PKBKQ,BTK,BTK8413,BTK8412,26/09:31,26/09:40,26/10:53,26/11:01,1:13:00,DPS,DPS,7,28,1,1,NML,1,2025
3134,B739,PKLQS,LNI,LNI645,LNI822,26/09:54,26/10:00,26/10:59,26/11:08,0:59:00,LOP,LOP,16,28,1,1,NML,1,2025
3135,A320,PKAZN,AWQ,AWQ321,AWQ322,26/11:26,26/11:29,26/12:03,26/12:17,0:34:00,KUL,KUL,A01,28,1,1,NML,1,2025
3136,B739,PKLVF,LNI,LNI697,LNI697,26/10:19,26/10:24,26/11:31,26/11:40,1:07:00,KOE,CGK,17,28,1,1,NML,1,2025
3137,A320,PKLUU,BTK,BTK7517,BTK7520,26/10:54,26/11:00,26/11:49,26/12:00,0:48:06,HLP,HLP,8,28,1,1,NML,1,2025
3138,B738,PKGFG,GIA,GIA322,GIA327,26/10:24,26/10:31,26/11:33,26/11:42,1:02:00,CGK,CGK,4,28,1,1,NML,1,2025
3139,B739,PKLHR,LNI,LNI805,LNI804,26/11:23,26/11:29,26/13:26,26/13:49,1:57:00,DPS,DPS,11,28,1,1,NML,1,2025
3140,A320,PKGQF,CTV,CTV431,CTV698,26/14:06,26/14:12,26/15:07,26/15:18,0:55:00,BPN,DPS,7,28,1,1,NML,1,2025
3141,B739,PKLGM,LNI,LNI694,LNI694,26/11:37,26/11:43,26/12:39,26/12:46,0:56:00,CGK,KOE,16,28,1,1,NML,1,2025
3142,A320,PKSAE,SJV,SJV703,SJV636,26/08:20,26/08:25,26/12:27,26/12:36,4:02:00,DPS,BDJ,18,28,0,0,NML,1,2025
3143,B738,PKLQY,LNI,LNI223,LNI680,26/11:58,26/12:06,26/14:05,26/14:14,1:59:00,BDJ,PKY,8,28,1,1,NML,1,2025
3144,B739,PKLGJ,LNI,LNI787,LNI262,26/12:03,26/12:09,26/14:31,26/14:43,2:22:00,UPG,BPN,10,28,1,1,NML,1,2025
3145,A320,PKGLL,CTV,CTV487,CTV668,26/11:54,26/12:00,26/13:19,26/13:51,1:19:00,BDJ,DPS,6,28,1,1,NML,1,2025
3146,A320,PKBLC,BTK,BTK6596,BTK6595,26/12:43,26/12:46,26/13:45,26/13:54,0:59:00,CGK,CGK,9,28,1,1,NML,1,2025
3147,A320,PKAZO,AWQ,AWQ393,AWQ324,26/12:15,26/12:18,26/13:13,26/13:18,0:55:00,JHB,KUL,A02,10,1,1,NML,1,2025
3148,B738,PKLSF,LNI,LNI869,LNI722,26/12:12,26/12:18,26/13:20,26/13:32,1:02:44,TTE,KDI,14,10,1,1,NML,1,2025
3149,A320,PKPWD,PAS,PAS204,PAS205,26/12:06,26/12:11,26/13:15,26/13:29,1:04:00,CGK,CGK,5,10,1,1,NML,1,2025
3150,B739,PKLGU,LNI,LNI801,LNI780,26/13:30,26/13:36,26/14:30,26/14:41,0:54:00,UPG,UPG,15,28,1,1,NML,1,2025
3151,A320,9VJSM,JSA,JSA247,JSA248,26/13:26,26/13:32,26/14:27,26/14:39,0:55:00,SIN,SIN,A07,28,1,1,NML,1,2025
3152,A320,PKSAV,SJV,SJV633,SJV726,26/13:28,26/13:31,26/14:23,26/14:32,0:52:00,BDJ,LBJ,16,28,1,1,NML,1,2025
3153,B738,PKLOP,LNI,LNI839,LNI836,26/13:23,26/13:27,26/14:21,26/14:30,0:54:00,PNK,PNK,17,28,1,1,NML,1,2025
3154,A320,PKGQR,CTV,CTV461,CTV948,26/16:03,26/16:09,26/17:04,26/17:14,0:55:00,AAP,BTH,8,28,1,1,NML,1,2025
3155,B739,PKLQS,LNI,LNI823,LNI260,26/16:23,26/16:28,26/17:15,26/17:30,0:47:00,LOP,BPN,10,28,1,1,NML,1,2025
3156,B739,PKLSI,LNI,LNI857,LNI910,26/13:56,26/14:02,26/15:00,26/15:07,0:58:04,PLM,DPS,12,28,1,1,NML,1,2025
3157,A320,PKBLA,BTK,BTK7515,BTK7514,26/14:00,26/14:06,26/15:00,26/15:09,0:54:40,HLP,HLP,11,28,1,1,NML,1,2025
3158,B738,PKGFX,GIA,GIA312,GIA317,26/14:03,26/14:09,26/15:09,26/15:21,1:00:00,CGK,CGK,4,28,1,1,NML,1,2025
3159,A320,PKPWE,PAS,PAS208,PAS209,26/14:57,26/15:03,26/15:49,26/15:59,0:46:01,CGK,CGK,6,28,1,1,NML,1,2025
3160,A320,PKLAQ,BTK,BTK6406,BTK6220,26/15:51,26/15:57,26/16:47,26/16:55,0:50:00,CGK,BPN,11,28,1,1,NML,1,2025
3161,B738,PKGMY,GIA,GIA330,GIA331,26/14:52,26/14:57,26/15:47,26/15:56,0:50:00,HLP,HLP,5,28,1,1,NML,1,2025
3162,A320,PKSJI,SJV,SJV567,SJV614,26/11:32,26/11:38,26/15:27,26/15:37,3:49:29,PLW,BPN,21,28,0,0,NML,1,2025
3163,A320,PKGQF,CTV,CTV699,CTV434,26/18:11,26/18:15,26/18:53,26/19:04,0:38:00,DPS,BPN,8,10,1,1,NML,1,2025
3164,A320,PKLUU,BTK,BTK7501,BTK7512,26/15:30,26/15:37,26/16:20,26/16:27,0:43:00,HLP,HLP,9,28,1,1,NML,1,2025
3165,B738,9MMLS,MAS,MAS873,MAS872,26/14:59,26/15:02,26/15:54,26/16:09,0:52:00,KUL,KUL,A07,28,1,1,NML,1,2025
3166,B738,PKLOH,LNI,LNI749,LNI581,26/14:48,26/14:54,26/15:51,26/16:00,0:57:00,MDC,CGK,14,28,1,1,NML,1,2025
3167,A320,PKLUH,BTK,BTK6347,BTK6401,26/15:10,26/15:15,26/16:09,26/16:20,0:54:00,BEJ,CGK,10,28,1,1,NML,1,2025
3168,B738,PKLOR,LNI,LNI879,LNI316,26/15:16,26/15:21,26/16:58,26/17:05,1:37:00,AMQ,BDJ,15,28,1,1,NML,1,2025
3169,B738,PKGNE,GIA,GIA310,GIA315,26/15:25,26/15:30,26/16:21,26/16:31,0:51:00,CGK,CGK,4,28,1,1,NML,1,2025
3170,A320,PKGLR,CTV,CTV174,CTV418,26/15:35,26/15:43,26/16:37,26/16:46,0:54:00,HLP,PNK,7,28,1,1,NML,1,2025
3171,B739,PKLGM,LNI,LNI695,LNI692,26/17:09,26/17:14,26/18:03,26/18:17,0:49:00,KOE,KOE,15,10,1,1,NML,1,2025
3172,A320,PKPWJ,PAS,PAS206,PAS623,26/16:10,26/16:16,26/17:09,26/17:23,0:53:00,CGK,BPN,5,28,1,1,NML,1,2025
3173,A320,PKGLG,CTV,CTV669,CTV694,26/16:13,26/16:18,26/17:00,26/17:11,0:42:00,DPS,DPS,6,28,1,1,NML,1,2025
3174,B738,PKLQZ,LNI,LNI709,LNI800,26/16:18,26/16:22,26/17:14,26/17:27,0:52:00,UPG,UPG,17,28,1,1,NML,1,2025
3175,B739,PKLHH,LNI,LNI919,LNI920,26/16:07,26/16:12,26/17:06,26/17:20,0:54:00,DPS,DPS,16,28,1,1,NML,1,2025
3176,A339,PKLET,LNI,LNI107,LNI100,26/11:18,26/11:29,26/18:00,26/18:12,6:31:00,JED,JED,A06,10,1,1,NML,1,2025
3177,B739,PKLSV,LNI,LNI972,LNI642,26/16:37,26/16:42,26/17:44,26/17:56,1:02:00,BTH,LOP,12,10,1,1,NML,1,2025
3178,A320,PKBLC,BTK,BTK6578,BTK7579,26/17:41,26/17:48,26/18:42,26/18:54,0:54:00,CGK,CGK,9,10,1,1,NML,1,2025
3179,A320,PKAZN,AWQ,AWQ323,AWQ326,26/18:15,26/18:21,26/18:56,26/19:07,0:35:00,KUL,KUL,A01,10,1,1,NML,1,2025
3180,B738,PKLQY,LNI,LNI681,LNI838,26/17:17,26/17:23,26/19:01,26/19:14,1:38:00,PKY,PNK,14,10,1,1,NML,1,2025
3181,B739,PKLSZ,LNI,LNI707,LNI268,26/14:12,26/14:17,26/18:22,26/18:36,4:04:40,UPG,TRK,18,10,0,0,NML,1,2025
3182,A320,PKSGD,SJV,SJV723,SJV708,26/18:25,26/18:28,26/19:19,26/19:30,0:51:00,DPS,DPS,15,10,1,1,NML,1,2025
3183,A320,PKPWA,PAS,PAS622,PAS207,26/17:45,26/17:53,26/18:29,26/18:41,0:36:00,BPN,CGK,6,10,1,1,NML,1,2025
3184,A320,PKSAV,SJV,SJV725,SJV716,26/18:18,26/18:21,26/19:05,26/19:17,0:44:00,LBJ,LOP,11,10,1,1,NML,1,2025
3185,B738MAX,9VMBE,SIA,SIA928,SIA929,26/17:58,26/18:06,26/18:57,26/19:11,0:51:00,SIN,SIN,A07,10,1,1,NML,1,2025
3186,B738,PKGUA,GIA,GIA320,GIA325,26/17:24,26/17:33,26/18:37,26/18:52,1:04:00,CGK,CGK,4,10,1,1,NML,1,2025
3187,B735,PKNAQ,LKN,LKN7567,LKN7562,26/18:02,26/18:10,26/18:49,26/19:00,0:39:00,UPG,UPG,12,10,1,1,NML,1,2025
3188,A320,PKLUT,BTK,BTK7503,BTK7502,26/17:54,26/18:00,26/18:38,26/18:48,0:38:00,HLP,HLP,10,10,1,1,NML,1,2025
3189,A320,PKGQU,CTV,CTV172,CTV173,26/18:33,26/18:37,26/19:12,26/19:24,0:35:00,HLP,HLP,7,10,1,1,NML,1,2025
3190,A320,PKBKM,BTK,BTK6576,BTK6575,26/19:27,26/19:31,26/20:21,26/20:29,0:50:00,CGK,CGK,10,28,1,1,NML,1,2025
3191,B788,9VOFJ,TGW,TGW262,TGW263,26/18:57,26/19:05,26/20:35,26/20:49,1:30:00,SIN,SIN,A06,28,1,1,NML,1,2025
3192,B739,PKLGJ,LNI,LNI261,LNI880,26/18:44,26/18:44,26/19:51,26/20:09,1:07:00,BPN,UPG,17,28,1,1,NML,1,2025
3193,A320,PKGLT,CTV,CTV736,CTV352,26/19:15,26/19:21,26/19:54,26/20:03,0:33:00,CGK,UPG,6,28,1,1,NML,1,2025
3194,B738,PKGNQ,GIA,GIA349,GIA313,26/18:20,26/18:25,26/20:04,26/20:15,1:39:00,DPS,CGK,5,28,1,1,NML,1,2025
3195,A320,PKGQC,CTV,CTV722,CTV354,26/20:00,26/20:09,26/20:40,26/20:50,0:31:00,CGK,UPG,7,28,1,1,NML,1,2025
3196,A320,PKGQS,CTV,CTV489,CTV662,26/20:21,26/20:28,26/21:01,26/21:08,0:33:00,BDJ,DPS,6,28,1,1,NML,1,2025
3197,A320,PKGLV,CTV,CTV949,CTV494,26/20:05,26/20:14,26/20:49,26/20:58,0:35:00,BTH,BDJ,8,28,1,1,NML,1,2025
3198,A320,PKGLG,CTV,CTV695,CTV721,26/19:44,26/19:47,26/21:27,26/21:36,1:40:00,DPS,CGK,4,28,1,1,NML,1,2025
3199,B738,PKLSF,LNI,LNI727,LNI878,26/17:49,26/17:53,27/05:00,27/05:16,11:06:06,KDI,AMQ,22,28,0,0,NML,1,2025
3200,A320,PKGQL,CTV,CTV720,CTV430,26/23:19,26/23:27,27/05:01,27/05:14,5:34:00,CGK,BPN,7,28,1,1,NML,1,2025
3201,A320,PKLUW,BTK,BTK6586,BTK7508,26/20:46,26/20:52,27/04:54,27/05:06,8:02:00,CGK,HLP,15,28,1,1,NML,1,2025
3202,A320,PKSJP,SJV,SJV619,SJV610,26/16:53,26/16:58,27/05:04,27/05:18,12:06:00,BPN,BPN,21,28,0,0,NML,1,2025
3203,A320,PKAZO,AWQ,AWQ325,AWQ320,26/19:12,26/19:16,27/05:03,27/05:20,9:47:00,KUL,KUL,A01,28,1,1,NML,1,2025
3204,B739,PKLSV,LNI,LNI865,LNI786,26/20:41,26/20:48,27/04:59,27/05:13,8:11:00,LOP,UPG,14,28,1,1,NML,1,2025
3205,B733F,PKMYV,MYU,MYU935,MYU815,26/14:09,26/14:15,27/04:57,27/05:07,14:42:00,SRG,CGK,C02,28,0,0,NML,1,2025
3206,A320,PKLAQ,BTK,BTK6221,BTK6132,26/20:31,26/20:36,27/05:22,27/05:31,8:46:00,BPN,LOP,17,28,1,1,NML,1,2025
3207,B427,PKSDH,SHA,PKSDH,PKSDH,26/07:48,26/07:49,27/05:34,27/05:40,21:45:00,MBH,DPS,H05,28,0,0,NML,1,2025
3208,A320,V8RBB,RBA,RBA795,RBA796,26/20:34,26/20:38,27/05:44,27/05:56,9:06:00,BWN,BWN,A07,28,1,1,NML,1,2025
3209,A320,PKGQF,CTV,CTV435,CTV725,26/22:24,26/22:30,27/05:49,27/06:03,7:19:00,BPN,CGK,6,28,1,1,NML,1,2025
3210,A320,PKBKR,BTK,BTK7521,BTK6589,26/20:12,26/20:18,27/05:52,27/06:05,9:34:00,HLP,CGK,16,28,1,1,NML,1,2025
3211,A320,PKSJI,SJV,SJV617,SJV640,26/19:08,26/19:13,27/05:58,27/06:07,10:45:00,BPN,AAP,20,28,0,0,NML,1,2025
3212,A320,PKGQC,CTV,CTV353,CTV484,27/05:08,27/05:16,27/05:50,27/06:01,0:34:00,UPG,BDJ,7,28,1,1,NML,1,2025
3213,A320,PKSAE,SJV,SJV637,SJV634,26/15:39,26/15:43,27/06:18,27/06:27,14:34:55,BDJ,BDJ,26,28,0,0,NML,1,2025
3214,A320,PKSAV,SJV,SJV717,SJV566,27/05:59,27/06:05,27/06:53,27/07:01,0:47:34,LOP,PLW,14,28,1,1,NML,1,2025
3215,B739,PKLSI,LNI,LNI923,LNI971,26/17:39,26/17:44,27/07:06,27/07:16,13:21:31,DPS,BTH,24,28,0,0,NML,1,2025
3216,A320,PKBKY,BTK,BTK6588,BTK6135,26/22:02,26/22:08,27/07:16,27/07:24,9:08:00,CGK,PKN,12,28,1,1,NML,1,2025
"3217,DHC6,PKICP,PGT,PKICP,PKICP,25/11:10,25/11:10,27/07:04,27/07:10,""1 day, 19:54:00"",PAG,PAG,28,28,0,0,NML,1,2025"
3218,B738,PKGNG,GIA,GIA324,GIA305,26/20:24,26/20:31,27/07:04,27/07:18,10:33:31,CGK,CGK,5,28,1,1,NML,1,2025
3219,B738,PKGNC,GIA,GIA855,GIA854,26/21:29,26/21:34,27/06:56,27/07:07,9:22:00,SIN,SIN,A02,28,1,1,NML,1,2025
3220,A320,PKLUT,BTK,BTK7511,BTK7510,27/06:39,27/06:44,27/07:25,27/07:33,0:41:00,HLP,HLP,10,28,1,1,NML,1,2025
3221,A320,PKAZN,AWQ,AWQ327,AWQ392,27/00:30,27/00:33,27/07:33,27/07:45,7:00:00,KUL,JHB,A03,28,1,1,NML,1,2025
3222,A320,PKGQS,CTV,CTV661,CTV460,27/06:47,27/06:54,27/07:37,27/07:47,0:43:00,DPS,AAP,7,28,1,1,NML,1,2025
3223,B739,PKLGS,LNI,LNI692,LNI693,26/16:35,26/16:40,27/07:57,27/08:06,15:17:00,CGK,CGK,25,28,0,0,NML,1,2025
"3224,C208,PKVVO,SUS,PKVVO,SUS6197,24/17:15,24/17:17,27/08:36,27/08:48,""2 days, 15:19:43"",CJN,BXW,29,28,0,0,NML,1,2025"
3225,A320,PKGLY,CTV,CTV170,CTV175,27/06:32,27/06:38,27/07:17,27/07:25,0:39:00,HLP,HLP,6,28,1,1,NML,1,2025
3226,A333,BLAL,CPA,CPA779,CPA780,26/18:29,26/18:37,27/08:04,27/08:17,13:27:00,HKG,HKG,A08,28,1,1,NML,1,2025
3227,B739,PKLHL,LNI,LNI929,LNI990,27/07:04,27/07:09,27/08:32,27/08:42,1:23:26,DPS,DPS,14,28,1,1,NML,1,2025
3228,A320,PKBKM,BTK,BTK6572,BTK6573,27/07:41,27/07:45,27/08:40,27/08:51,0:55:38,CGK,CGK,9,28,1,1,NML,1,2025
3229,B738,PKLBK,MXD,MXD352,MXD353,26/19:35,26/19:41,27/08:32,27/08:47,12:51:00,KUL,KUL,A04,28,1,1,NML,1,2025
3230,FA8X,MPTGG,AFI,MPTGG,MPTGG,27/08:08,27/08:13,27/08:45,27/08:53,0:32:00,XSP,DHX,A01,28,0,0,NML,1,2025
3231,A320,PKGLL,CTV,CTV355,CTV177,27/07:57,27/08:04,27/08:36,27/08:49,0:32:26,UPG,HLP,6,28,1,1,NML,1,2025
3232,A320,PKLAQ,BTK,BTK6133,BTK6581,27/08:22,27/08:28,27/09:18,27/09:28,0:50:00,LOP,CGK,10,28,1,1,NML,1,2025
3233,B739,PKLGM,LNI,LNI693,LNI856,27/06:53,27/06:59,27/09:05,27/09:14,2:06:00,KOE,PLM,15,28,1,1,NML,1,2025
3234,H25B,T7727,T7,T7727,T7727,27/08:26,27/08:33,27/08:56,27/09:01,0:22:13,CGK,DPS,1,28,0,0,NML,1,2025
3235,B738,PKLOR,LNI,LNI315,LNI748,27/07:53,27/07:59,27/09:09,27/09:24,1:10:55,BDJ,MDC,12,28,1,1,NML,1,2025
3236,B739,PKLSZ,LNI,LNI267,LNI682,27/07:11,27/07:15,27/09:28,27/09:37,2:13:00,TRK,PKY,11,28,1,1,NML,1,2025
3237,B738,PKGFG,GIA,GIA304,GIA342,27/08:19,27/08:26,27/09:13,27/09:26,0:47:12,CGK,DPS,4,28,1,1,NML,1,2025
3238,A320,PKPWE,PAS,PAS200,PAS201,27/08:39,27/08:45,27/09:29,27/09:42,0:44:54,CGK,CGK,5,28,1,1,NML,1,2025
3239,A320,PKGQC,CTV,CTV485,CTV486,27/08:45,27/08:51,27/09:27,27/09:34,0:36:00,BDJ,BDJ,7,28,1,1,NML,1,2025
3240,A320,PKSJP,SJV,SJV649,SJV618,27/08:56,27/09:02,27/10:01,27/10:10,0:59:00,BPN,BPN,17,28,1,1,NML,1,2025
3241,A320,PKSAA,SJV,SJV703,SJV702,27/08:31,27/08:38,27/09:35,27/09:45,0:56:59,DPS,DPS,16,28,1,1,NML,1,2025
3242,A320,9VTRW,TGW,TGW264,TGW265,27/09:05,27/09:09,27/10:01,27/10:17,0:52:00,SIN,SIN,A03,28,1,1,NML,1,2025
3243,A320,PKGQJ,CTV,CTV417,CTV715,27/09:54,27/10:00,27/10:37,27/10:49,0:36:25,PNK,CGK,6,28,1,1,NML,1,2025
3244,LJ60,VHAND,SEL,MEDIC78,MEDIC78,26/17:21,26/17:26,27/11:32,27/11:41,18:06:33,PEN,KNO,30,10,0,0,NML,1,2025
3245,B738,9MMLK,MAS,MAS871,MAS870,27/09:19,27/09:22,27/10:16,27/10:28,0:54:00,KUL,KUL,A07,28,1,1,NML,1,2025
3246,B735,PKNAT,LKN,LKN243,LKN242,27/09:22,27/09:27,27/10:05,27/10:21,0:38:00,SMQ,SMQ,12,28,1,1,NML,1,2025
3247,B38M,9MLRM,MXD,MXD350,MXD351,27/09:09,27/09:13,27/10:14,27/10:31,1:01:00,KUL,KUL,A04,28,1,1,NML,1,2025
3248,A359,9VSHI,SIA,SIA922,SIA923,27/09:12,27/09:15,27/10:19,27/10:32,1:04:00,SIN,SIN,A08,28,1,1,NML,1,2025
3249,A320,PKSAE,SJV,SJV635,SJV632,27/09:16,27/09:21,27/10:12,27/10:25,0:50:10,BDJ,BDJ,14,28,1,1,NML,1,2025
3250,B739,PKLGL,LNI,LNI683,LNI706,27/08:15,27/08:20,27/11:10,27/11:22,2:49:54,PKY,UPG,22,10,0,0,NML,1,2025
3251,B739,PKLSU,LNI,LNI367,LNI973,27/09:50,27/09:56,27/11:16,27/11:29,1:20:00,BPN,BTH,15,10,1,1,NML,1,2025
3252,A320,PKLUU,BTK,BTK7513,BTK7516,27/10:13,27/10:19,27/11:03,27/11:12,0:43:00,HLP,HLP,8,28,1,1,NML,1,2025
3253,A320,PKBKY,BTK,BTK6134,BTK6346,27/09:58,27/10:04,27/10:55,27/11:07,0:51:58,PKN,BEJ,9,28,1,1,NML,1,2025
3254,A320,PKSJI,SJV,SJV641,SJV642,27/09:40,27/09:46,27/10:51,27/11:06,1:05:18,AAP,AAP,10,28,1,1,NML,1,2025
3255,B739,PKLSV,LNI,LNI791,LNI822,27/09:47,27/09:52,27/10:50,27/11:02,0:58:52,UPG,LOP,11,28,1,1,NML,1,2025
3256,B739,PKLGV,LNI,LNI694,LNI694,27/10:27,27/10:31,27/11:24,27/11:35,0:53:00,CGK,KOE,16,10,1,1,NML,1,2025
3257,FA8X,MPTGG,AFI,MPTGG,MPTGG,27/10:25,27/10:29,27/10:52,27/11:00,0:23:58,DHX,XSP,A09,28,0,0,NML,1,2025
3258,A320,PKAZO,AWQ,AWQ321,AWQ322,27/11:09,27/11:12,27/11:51,27/11:58,0:39:00,KUL,KUL,A01,10,1,1,NML,1,2025
3259,B739,PKLVF,LNI,LNI690,LNI697,27/05:03,27/05:10,27/11:36,27/11:45,6:26:00,CGK,CGK,21,10,0,0,NML,1,2025
3260,B738,PKGNH,GIA,GIA322,GIA327,27/10:19,27/10:25,27/11:28,27/11:40,1:03:43,CGK,CGK,4,10,1,1,NML,1,2025
3261,A320,PKLUT,BTK,BTK7517,BTK7520,27/10:40,27/10:46,27/11:31,27/11:42,0:44:59,HLP,HLP,12,10,1,1,NML,1,2025
3262,A339,PKLEV,LNI,LNI075,LNI104,26/16:29,26/16:34,27/11:32,27/11:48,18:58:00,JED,JED,A05,10,1,1,NML,1,2025
3263,A320,PKGQS,CTV,CTV461,CTV698,27/11:20,27/11:27,27/12:15,27/12:24,0:48:51,AAP,DPS,6,28,1,1,NML,1,2025
3264,B739,PKLFY,LNI,LNI801,LNI780,27/11:51,27/11:54,27/13:31,27/13:44,1:36:55,UPG,UPG,10,28,1,1,NML,1,2025
3265,A320,PKSAV,SJV,SJV567,SJV636,27/11:27,27/11:32,27/12:25,27/12:32,0:53:00,PLW,BDJ,14,28,1,1,NML,1,2025
3266,A339,PKLER,LNI,LNI079,LNI074,27/10:33,27/10:38,27/12:45,27/13:01,2:07:00,JED,MED,A06,28,1,1,NML,1,2025
3267,A320,PKBKM,BTK,BTK6596,BTK6595,27/12:41,27/12:46,27/13:35,27/13:46,0:48:50,CGK,CGK,11,28,1,1,NML,1,2025
3268,B738,PKLQY,LNI,LNI837,LNI722,27/08:04,27/08:10,27/13:15,27/13:25,5:05:00,PNK,KDI,20,28,0,0,NML,1,2025
3269,A320,PKGQC,CTV,CTV487,CTV668,27/12:06,27/12:08,27/13:26,27/13:33,1:18:00,BDJ,DPS,8,28,1,1,NML,1,2025
3270,A320,PKPWD,PAS,PAS204,PAS205,27/12:01,27/12:04,27/13:20,27/13:30,1:16:00,CGK,CGK,7,28,1,1,NML,1,2025
3271,A320,PKAZN,AWQ,AWQ393,AWQ324,27/12:34,27/12:38,27/13:16,27/13:27,0:38:00,JHB,KUL,A01,28,1,1,NML,1,2025
3272,A320,PKSAK,SJV,SJV643,SJV726,26/17:31,26/17:35,27/14:22,27/14:40,20:47:00,AAP,LBJ,23,28,0,0,NML,1,2025
3273,B738,PKLOP,LNI,LNI839,LNI836,27/12:57,27/13:03,27/14:21,27/14:35,1:18:00,PNK,PNK,15,28,1,1,NML,1,2025
3274,B738,PKGFQ,GIA,GIA312,GIA317,27/13:35,27/13:41,27/14:40,27/14:52,0:59:00,CGK,CGK,6,28,1,1,NML,1,2025
3275,B739,PKLGM,LNI,LNI857,LNI910,27/13:30,27/13:38,27/14:45,27/14:57,1:07:00,PLM,DPS,12,28,1,1,NML,1,2025
3276,A320,PKGQL,CTV,CTV431,CTV948,27/13:38,27/13:44,27/14:31,27/14:41,0:47:00,BPN,BTH,7,28,1,1,NML,1,2025
3277,B739,PKLSV,LNI,LNI823,LNI260,27/14:24,27/14:31,27/15:29,27/15:47,0:58:00,LOP,BPN,10,28,1,1,NML,1,2025
3278,A320,PKLUO,BTK,BTK7515,BTK7514,27/13:41,27/13:47,27/14:55,27/15:04,1:08:00,HLP,HLP,9,28,1,1,NML,1,2025
3279,B739,PKLJI,LNI,LNI970,LNI642,27/10:02,27/10:06,27/15:26,27/15:38,5:19:41,BTH,LOP,26,28,0,0,NML,1,2025
3280,A320,PKLUS,BTK,BTK6406,BTK6220,27/14:55,27/15:01,27/15:50,27/15:58,0:49:00,CGK,BPN,14,28,1,1,NML,1,2025
3281,B738,PKGMY,GIA,GIA330,GIA331,27/14:32,27/14:39,27/15:39,27/15:51,1:00:00,HLP,HLP,7,28,1,1,NML,1,2025
3282,A320,9VJSX,JSA,JSA247,JSA248,27/14:37,27/14:41,27/15:44,27/15:56,1:03:00,SIN,SIN,A06,28,1,1,NML,1,2025
3283,A320,PKGQS,CTV,CTV699,CTV434,27/14:50,27/14:55,27/15:28,27/15:43,0:33:00,DPS,BPN,8,28,1,1,NML,1,2025
3284,A320,PKLUT,BTK,BTK7501,BTK7512,27/15:13,27/15:19,27/16:11,27/16:20,0:52:00,HLP,HLP,12,28,1,1,NML,1,2025
3285,A320,PKSTZ,SJV,SJV633,SJV672,27/14:27,27/14:35,27/16:07,27/16:15,1:32:00,BDJ,BEJ,11,28,1,1,NML,1,2025
3286,B738,PKLOR,LNI,LNI749,LNI581,27/15:01,27/15:08,27/16:05,27/16:05,0:57:00,MDC,CGK,15,28,1,1,NML,1,2025
3287,B738,PKLKW,LNI,LNI883,LNI581R,26/20:27,26/20:31,27/17:55,27/18:11,21:24:00,UPG,CGK,18,28,0,0,NML,1,2025
3288,A320,PKBKY,BTK,BTK6347,BTK6401,27/15:20,27/15:23,27/16:17,27/16:29,0:54:00,BEJ,CGK,17,28,1,1,NML,1,2025
3289,B738,PKLSF,LNI,LNI879,LNI316,27/15:07,27/15:12,27/16:25,27/16:34,1:13:00,AMQ,BDJ,16,28,1,1,NML,1,2025
3290,B738,PKGNM,GIA,GIA310,GIA315,27/15:36,27/15:44,27/16:40,27/16:51,0:56:00,CGK,CGK,6,28,1,1,NML,1,2025
3291,B738MAX,9VMBG,SIA,SIA926,SIA927,27/15:48,27/15:52,27/16:41,27/16:54,0:49:00,SIN,SIN,A07,28,1,1,NML,1,2025
3292,A320,PKGLY,CTV,CTV174,CTV418,27/15:45,27/15:51,27/16:39,27/16:48,0:48:00,HLP,PNK,8,28,1,1,NML,1,2025
3293,B739,PKLSO,LNI,LNI692,LNI692,27/16:27,27/16:33,27/17:23,27/17:31,0:50:00,CGK,KOE,14,28,1,1,NML,1,2025
3294,A320,PKPWJ,PAS,PAS206,PAS623,27/16:06,27/16:12,27/16:59,27/17:08,0:47:00,CGK,BPN,7,28,1,1,NML,1,2025
3295,A320,PKGQR,CTV,CTV669,CTV488,27/16:00,27/16:07,27/16:55,27/17:06,0:48:00,DPS,BDJ,9,28,1,1,NML,1,2025
3296,B739,PKLGM,LNI,LNI923,LNI800,27/17:25,27/17:31,27/18:40,27/18:52,1:09:00,DPS,UPG,17,28,1,1,NML,1,2025
3297,B739,PKLSI,LNI,LNI972,LNI920,27/16:45,27/16:51,27/17:48,27/18:04,0:57:00,BTH,DPS,16,28,1,1,NML,1,2025
3298,A320,PKAZO,AWQ,AWQ323,AWQ326,27/17:39,27/17:43,27/18:19,27/18:31,0:36:00,KUL,KUL,A01,28,1,1,NML,1,2025
3299,B738,PKLKP,LNI,LNI709,LNI838,27/15:53,27/15:58,27/17:27,27/17:35,1:29:00,UPG,PNK,10,28,1,1,NML,1,2025
3300,A320,PKGLL,CTV,CTV176,CTV179,27/16:39,27/16:46,27/17:29,27/17:42,0:43:00,HLP,HLP,8,28,1,1,NML,1,2025
3301,B735,PKNAT,LKN,LKN193,LKN192,27/17:03,27/17:10,27/17:39,27/17:48,0:29:00,PKN,PKN,12,28,1,1,NML,1,2025
3302,A320,PKSAA,SJV,SJV723,SJV708,27/17:17,27/17:22,27/18:09,27/18:20,0:47:00,DPS,DPS,11,28,1,1,NML,1,2025
3303,A320,PKPWM,PAS,PAS622,PAS207,27/17:20,27/17:27,27/18:09,27/18:24,0:42:00,BPN,CGK,7,28,1,1,NML,1,2025
3304,A320,PKSAV,SJV,SJV637,SJV648,27/15:16,27/15:19,27/18:19,27/18:29,3:00:00,BDJ,BPN,20,28,0,0,NML,1,2025
3305,B738MAX,9VMBB,SIA,SIA928,SIA929,27/17:54,27/17:57,27/18:43,27/18:58,0:46:00,SIN,SIN,A07,28,1,1,NML,1,2025
3306,B738,PKGUF,GIA,GIA320,GIA325,27/17:50,27/17:57,27/18:41,27/18:49,0:44:00,CGK,CGK,6,28,1,1,NML,1,2025
3307,A320,PKLUU,BTK,BTK7503,BTK7502,27/18:22,27/18:28,27/19:18,27/19:29,0:50:00,HLP,HLP,12,28,1,1,NML,1,2025
3308,A339,PKLET,LNI,LNI101,LNI106,27/18:02,27/18:06,27/20:07,27/20:17,2:01:00,JED,JED,A06,28,1,1,NML,1,2025
3309,A320,PKLAI,BTK,BTK6576,BTK6575,27/19:19,27/19:25,27/21:20,27/21:27,1:55:07,CGK,CGK,14,28,1,1,NML,1,2025
3310,A320,PKGLS,CTV,CTV949,CTV494,27/18:27,27/18:33,27/19:08,27/19:17,0:35:00,BTH,BDJ,7,28,1,1,NML,1,2025
3311,B735,PKCLE,SJY,SJY567,SJY562,27/18:41,27/18:48,27/19:30,27/19:40,0:42:00,UPG,UPG,11,28,1,1,NML,1,2025
3312,A320,PKGLX,CTV,CTV736,CTV352,27/19:02,27/19:08,27/19:48,27/19:56,0:40:00,CGK,UPG,10,28,1,1,NML,1,2025
3313,A320,PKGQS,CTV,CTV435,CTV719,27/18:54,27/19:00,27/19:59,27/20:10,0:59:00,BPN,CGK,9,28,1,1,NML,1,2025
3314,B738,PKGFG,GIA,GIA349,GIA313,27/17:58,27/18:07,27/20:07,27/20:19,2:00:00,DPS,CGK,8,28,1,1,NML,1,2025
3315,A320,PKGQH,CTV,CTV489,CTV662,27/19:30,27/19:38,27/20:15,27/20:29,0:37:00,BDJ,DPS,11,28,1,1,NML,1,2025
3316,A320,PKGQG,CTV,CTV722,CTV354,27/19:26,27/19:33,27/20:19,27/20:31,0:46:00,CGK,UPG,7,28,1,1,NML,1,2025
3317,A320,PKGQR,CTV,CTV495,CTV721,27/19:48,27/19:55,27/21:23,27/21:33,1:28:14,BDJ,CGK,10,28,1,1,NML,1,2025
3318,A320,PKLUI,BTK,BTK6137,BTK6136,27/19:42,27/19:48,27/21:44,27/21:54,1:56:00,UPG,UPG,16,28,1,1,NML,1,2025
3319,A320,PKSAA,SJV,SJV727,SJV610,27/20:49,27/21:00,28/05:13,28/05:20,8:12:28,DPS,BPN,C05,28,0,0,NML,1,2025
3320,A320,PKLUR,BTK,BTK6588,BTK7508,27/21:30,27/21:35,28/05:02,28/05:12,7:27:18,CGK,HLP,C04,28,0,0,NML,1,2025
3321,A320,PKGQJ,CTV,CTV720,CTV430,27/22:10,27/22:18,28/04:55,28/05:07,6:37:00,CGK,BPN,7,28,1,1,NML,1,2025
3322,B739,PKLGL,LNI,LNI707,LNI786,27/15:41,27/15:45,28/05:03,28/05:16,13:18:48,UPG,UPG,21,28,0,0,NML,1,2025
3323,A320,PKAZO,AWQ,AWQ327,AWQ320,28/00:09,28/00:15,28/04:59,28/05:10,4:44:00,KUL,KUL,A03,28,1,1,NML,1,2025
3324,A320,PKLUT,BTK,BTK7521,BTK6132,27/20:04,27/20:09,28/05:04,28/05:14,8:55:00,HLP,LOP,15B,28,0,0,NML,1,2025
3325,A320,PKGQF,CTV,CTV726,CTV725,27/20:17,27/20:25,28/05:31,28/05:40,9:06:00,CGK,CGK,8,28,1,1,NML,1,2025
3326,A320,V8RBE,RBA,RBA795,RBA796,27/19:58,27/20:02,28/05:44,28/05:57,9:42:30,BWN,BWN,A07,28,1,1,NML,1,2025
3327,A320,PKSGA,SJV,SJV615,SJV706,27/21:19,27/21:26,28/05:55,28/06:03,8:29:00,BPN,DPS,14,28,1,1,NML,1,2025
3328,A320,PKGLX,CTV,CTV353,CTV484,28/05:08,28/05:17,28/05:51,28/06:01,0:34:36,UPG,BDJ,7,28,1,1,NML,1,2025
3329,A320,PKLUS,BTK,BTK6221,BTK6589,27/19:15,27/19:22,28/06:06,28/06:13,10:44:00,BPN,CGK,22,28,0,0,NML,1,2025
3330,B738,PKLQY,LNI,LNI727,LNI882,27/19:38,27/19:42,28/06:01,28/06:10,10:19:00,KDI,UPG,20,28,0,0,NML,1,2025
3331,A320,PKAZN,AWQ,AWQ325,AWQ386,27/19:07,27/19:11,28/06:07,28/06:17,10:56:00,KUL,PEN,A01,28,1,1,NML,1,2025
3332,A320,PKBKV,BTK,BTK6413,BTK6412,27/19:45,27/19:50,28/06:15,28/06:24,10:25:00,DPS,DPS,18,28,0,0,NML,1,2025
3333,A320,PKSTZ,SJV,SJV673,SJV634,27/20:26,27/20:32,28/06:23,28/06:34,9:51:00,BEJ,BDJ,17B,28,0,0,NML,1,2025
3334,B738MAX,PKOFM,AFE,AFE921,AFE921,28/05:48,28/05:54,28/06:35,28/06:49,0:41:00,CGK,TIM,8,28,1,1,NML,1,2025
3335,B739,PKLJI,LNI,LNI865,LNI971,27/18:09,27/18:14,28/06:58,28/07:08,12:44:00,LOP,BTH,24,28,0,0,NML,1,2025
3336,A320,PKLUP,BTK,BTK6586,BTK6135,27/20:20,27/20:26,28/07:14,28/07:24,10:48:00,CGK,PKN,17A,28,0,0,NML,1,2025
3337,C208,PKVVO,SUS,PKVVO,PKVVO,27/10:47,27/10:50,28/07:07,28/07:11,20:17:00,BXW,BXW,29,28,0,0,NML,1,2025
3338,B738,PKGNQ,GIA,GIA328,GIA305,27/20:07,27/20:16,28/07:10,28/07:22,10:54:00,CGK,CGK,6,28,1,1,NML,1,2025
3339,B738,PKGNC,GIA,GIA855,GIA854,27/20:55,27/21:00,28/06:50,28/07:04,9:50:00,SIN,SIN,A02,28,1,1,NML,1,2025
3340,A320,PKLAO,BTK,BTK7511,BTK7510,28/06:32,28/06:36,28/07:19,28/07:26,0:43:00,HLP,HLP,10,28,1,1,NML,1,2025
3341,A320,PKGQH,CTV,CTV661,CTV460,28/06:47,28/06:54,28/07:34,28/07:42,0:40:00,DPS,AAP,7,28,1,1,NML,1,2025
3342,B739,PKLHP,LNI,LNI919,LNI982,27/14:19,27/14:26,28/07:59,28/08:08,17:33:00,DPS,PKU,25,28,0,0,NML,1,2025
3343,A333,BHLT,CPA,CPA779,CPA780,27/18:17,27/18:22,28/08:01,28/08:18,13:39:00,HKG,HKG,A08,28,1,1,NML,1,2025
3344,B739,PKLGV,LNI,LNI695,LNI990,27/20:40,27/20:46,28/08:19,28/08:31,11:33:00,KOE,DPS,12,28,1,1,NML,1,2025
3345,DHC6,PKICP,PGT,PKICP,PKICP,27/10:15,27/10:19,28/07:41,28/07:47,21:21:16,PAG,PAG,28,28,0,0,NML,1,2025
3346,B739,PKLSO,LNI,LNI693,LNI693,28/06:59,28/07:05,28/08:26,28/08:37,1:21:00,KOE,CGK,9,28,1,1,NML,1,2025
3347,B738,PKLDM,MXD,MXD352,MXD353,27/19:51,27/19:54,28/08:54,28/09:07,13:00:00,KUL,KUL,A04,28,1,1,NML,1,2025
3348,A320,PKGQG,CTV,CTV355,CTV177,28/07:39,28/07:46,28/08:41,28/08:49,0:55:00,UPG,HLP,8,28,1,1,NML,1,2025
3349,A320,PKLUT,BTK,BTK6133,BTK6581,28/07:46,28/07:51,28/08:51,28/08:59,1:00:00,LOP,CGK,11,28,1,1,NML,1,2025
3350,B739,PKLSZ,LNI,LNI683,LNI682,28/08:13,28/08:19,28/09:12,28/09:34,0:53:00,PKY,PKY,10,10,1,1,NML,1,2025
3351,B738,PKGNE,GIA,GIA304,GIA342,28/08:03,28/08:09,28/09:11,28/09:36,1:02:00,CGK,DPS,6,10,1,1,NML,1,2025
3352,A320,PKGLX,CTV,CTV485,CTV486,28/08:35,28/08:43,28/09:20,28/09:39,0:37:00,BDJ,BDJ,7,10,1,1,NML,1,2025
3353,C208,PKTVX,TVR,PKTVX,PKTVX,28/09:25,28/09:29,28/10:12,28/10:16,0:43:00,XXD,HLP,C07,10,0,0,NML,1,2025
3354,A320,PKSGA,SJV,SJV703,SJV702,28/08:16,28/08:21,28/09:27,28/09:41,1:06:00,DPS,DPS,16,10,1,1,NML,1,2025
3355,A320,PKSAW,SJV,SJV649,SJV618,28/08:57,28/09:02,28/09:48,28/09:59,0:46:00,BPN,BPN,17,10,1,1,NML,1,2025
3356,B427,PKSDH,SHA,PKSDH,PKSDH,27/16:08,27/16:09,28/09:32,28/09:34,17:23:00,DPS,ZZZZ,H05,10,0,0,NML,1,2025
3357,A320,9VTRI,TGW,TGW264,TGW265,28/08:43,28/08:47,28/09:40,28/09:51,0:53:00,SIN,SIN,A02,10,1,1,NML,1,2025
3358,A320,PKGLV,CTV,CTV417,CTV715,28/09:28,28/09:32,28/10:04,28/10:15,0:32:00,PNK,CGK,8,10,1,1,NML,1,2025
3359,B738,9MMXK,MAS,MAS871,MAS870,28/09:05,28/09:08,28/09:55,28/10:06,0:47:00,KUL,KUL,A07,10,1,1,NML,1,2025
3360,B735,PKNAQ,LKN,LKN2430,LKN2420,28/09:01,28/09:07,28/09:45,28/09:57,0:38:00,SMQ,SMQ,12,10,1,1,NML,1,2025
3361,B38M,9MLRM,MXD,MXD350,MXD351,28/09:09,28/09:13,28/10:13,28/10:23,1:00:00,KUL,KUL,A03,10,1,1,NML,1,2025
3362,A359,9VSHY,SIA,SIA922,SIA923,28/09:22,28/09:29,28/10:23,28/10:35,0:54:00,SIN,SIN,A08,10,1,1,NML,1,2025
3363,A320,PKSTZ,SJV,SJV635,SJV632,28/09:20,28/09:23,28/10:36,28/10:46,1:13:00,BDJ,BDJ,14,10,1,1,NML,1,2025
3364,A320,PKPWA,PAS,PAS210,PAS211,28/09:31,28/09:34,28/10:30,28/10:40,0:56:00,CGK,CGK,6,10,1,1,NML,1,2025
3365,A320,PKLUP,BTK,BTK6134,BTK6346,28/09:48,28/09:53,28/10:42,28/10:51,0:49:00,PKN,BEJ,11,10,1,1,NML,1,2025
3366,B739,PKLGY,LNI,LNI929,LNI822,28/07:02,28/07:08,28/10:58,28/11:07,3:50:00,DPS,LOP,20,10,0,0,NML,1,2025
3367,B739,PKLSH,LNI,LNI694,LNI694,28/10:09,28/10:12,28/11:09,28/11:21,0:57:00,CGK,KOE,15,10,1,1,NML,1,2025
3368,A320,PKAZO,AWQ,AWQ321,AWQ322,28/10:34,28/10:40,28/11:13,28/11:22,0:33:00,KUL,KUL,A01,10,1,1,NML,1,2025
3369,B739,PKLVF,LNI,LNI690,LNI697,28/05:05,28/05:09,28/11:55,28/12:06,6:45:03,CGK,CGK,21,10,0,0,NML,1,2025
3370,A320,PKBKT,BTK,BTK6584,BTK7520,28/10:12,28/10:16,28/11:28,28/11:39,1:12:00,CGK,HLP,9,10,1,1,NML,1,2025
3371,A320,PKLAW,BTK,BTK7517,BTK6585,28/10:32,28/10:35,28/11:29,28/11:42,0:54:00,HLP,CGK,10,10,1,1,NML,1,2025
3372,B739,PKLGV,LNI,LNI805,LNI804,28/11:18,28/11:21,28/12:11,28/12:21,0:50:00,DPS,DPS,14,10,1,1,NML,1,2025
3373,A320,PKSTI,SJV,SJV363,SJV362,28/11:05,28/11:10,28/12:00,28/12:11,0:50:00,KNO,KNO,12,10,1,1,NML,1,2025
3374,A320,PKGQH,CTV,CTV461,CTV698,28/11:15,28/11:19,28/12:15,28/12:26,0:56:00,AAP,DPS,7,10,1,1,NML,1,2025
"3375,B739,PKLQR,LNI,LNI6015,LNI780,27/12:28,27/12:32,28/12:37,28/12:48,""1 day, 0:05:00"",YIA,UPG,C03,10,0,0,NML,1,2025"
3376,A320,PKBLC,BTK,BTK6596,BTK6595,28/12:09,28/12:13,28/13:18,28/13:31,1:05:00,CGK,CGK,10,28,1,1,NML,1,2025
3377,A320,PKSAK,SJV,SJV725,SJV636,27/18:05,27/18:10,28/12:37,28/12:51,18:27:00,LBJ,BDJ,26,10,0,0,NML,1,2025
3378,DHC6,PKICP,PGT,PKICP,PKICP,28/10:48,28/10:51,28/11:32,28/11:37,0:41:00,PAG,PAG,28,10,0,0,NML,1,2025
3379,B735,PKNAT,LKN,LKN1930,LKN1920,28/11:35,28/11:37,28/12:26,28/12:34,0:49:00,PKN,PKN,11,10,1,1,NML,1,2025
3380,A320,PKPWD,PAS,PAS204,PAS205,28/12:02,28/12:06,28/13:20,28/13:37,1:14:00,CGK,CGK,8,28,1,1,NML,1,2025
3381,A320,PKAZN,AWQ,AWQ387,AWQ324,28/12:45,28/12:51,28/13:29,28/13:45,0:38:00,PEN,KUL,A01,28,1,1,NML,1,2025
3382,A320,PKGLX,CTV,CTV487,CTV668,28/12:22,28/12:26,28/13:24,28/13:38,0:58:00,BDJ,DPS,9,28,1,1,NML,1,2025
3383,B738,PKGNM,GIA,GIA322,GIA327,28/12:40,28/12:45,28/13:39,28/13:52,0:54:00,CGK,CGK,7,28,1,1,NML,1,2025
3384,B738,PKGMV,GIA,GIA312,GIA317,28/12:19,28/12:22,28/13:45,28/13:59,1:23:00,CGK,CGK,6,28,1,1,NML,1,2025
3385,A320,9VJSQ,JSA,JSA247,JSA248,28/13:28,28/13:31,28/14:12,28/14:24,0:41:00,SIN,SIN,A07,28,1,1,NML,1,2025
3386,B738,PKLOP,LNI,LNI839,LNI836,28/13:00,28/13:05,28/14:24,28/14:33,1:19:00,PNK,PNK,15,28,1,1,NML,1,2025
3387,A320,PKSTZ,SJV,SJV633,SJV726,28/13:40,28/13:45,28/14:32,28/14:43,0:46:16,BDJ,LBJ,16,28,1,1,NML,1,2025
3388,B739,PKLHP,LNI,LNI983,LNI910,28/13:31,28/13:37,28/14:28,28/14:41,0:50:10,PKU,DPS,14,28,1,1,NML,1,2025
3389,A320,PKGQJ,CTV,CTV431,CTV948,28/13:50,28/13:55,28/14:40,28/14:47,0:44:06,BPN,BTH,8,28,1,1,NML,1,2025
3390,B739,PKLGY,LNI,LNI823,LNI260,28/13:35,28/13:39,28/14:35,28/14:46,0:56:00,LOP,BPN,11,28,1,1,NML,1,2025
3391,A320,PKLUU,BTK,BTK7515,BTK7514,28/13:56,28/14:02,28/14:55,28/14:59,0:52:09,HLP,HLP,9,28,1,1,NML,1,2025
3392,A320,PKPWK,PAS,PAS208,PAS209,28/14:10,28/14:15,28/15:02,28/15:10,0:46:07,CGK,CGK,7,28,1,1,NML,1,2025
3393,B739,PKLSI,LNI,LNI919,LNI642,28/14:12,28/14:18,28/15:09,28/15:19,0:51:38,DPS,LOP,12,28,1,1,NML,1,2025
3394,A320,PKLUV,BTK,BTK6406,BTK6220,28/14:39,28/14:45,28/15:45,28/15:56,1:00:00,CGK,BPN,10,28,1,1,NML,1,2025
3395,B738,PKGFM,GIA,GIA330,GIA331,28/14:17,28/14:23,28/15:23,28/15:32,0:59:37,HLP,HLP,6,28,1,1,NML,1,2025
3396,A320,PKGQH,CTV,CTV699,CTV434,28/14:43,28/14:49,28/15:39,28/15:49,0:50:00,DPS,BPN,8,28,1,1,NML,1,2025
3397,B738,PKLKP,LNI,LNI837,LNI581,28/08:29,28/08:33,28/17:01,28/17:10,8:28:00,PNK,CGK,25,28,0,0,NML,1,2025
3398,A320,PKLUP,BTK,BTK6347,BTK6401,28/15:07,28/15:13,28/16:02,28/16:12,0:48:37,BEJ,CGK,9,28,1,1,NML,1,2025
3399,B738,PKLJS,LNI,LNI707,LNI316,28/16:00,28/16:07,28/16:55,28/17:03,0:48:00,UPG,BDJ,14,28,1,1,NML,1,2025
3400,B738,PKGFG,GIA,GIA310,GIA315,28/15:23,28/15:30,28/16:29,28/16:37,0:59:00,CGK,CGK,7,28,1,1,NML,1,2025
3401,B738MAX,9VMBI,SIA,SIA926,SIA927,28/15:54,28/15:58,28/16:37,28/16:50,0:39:00,SIN,SIN,A08,28,1,1,NML,1,2025
3402,A320,PKGQG,CTV,CTV174,CTV418,28/15:47,28/15:53,28/16:43,28/16:53,0:50:00,HLP,PNK,15B,28,0,0,NML,1,2025
3403,B738MAX,PKOFM,AFE,AFE920,AFE920,28/15:41,28/15:48,28/16:24,28/16:35,0:36:00,TIM,CGK,12,28,1,1,NML,1,2025
3404,B739,PKLSV,LNI,LNI692,LNI692,28/16:09,28/16:14,28/16:59,28/17:09,0:45:00,CGK,KOE,16,28,1,1,NML,1,2025
3405,A320,PKPWG,PAS,PAS206,PAS623,28/16:04,28/16:10,28/16:46,28/16:58,0:36:00,CGK,BPN,6,28,1,1,NML,1,2025
3406,A320,PKGQL,CTV,CTV669,CTV488,28/15:50,28/15:57,28/16:45,28/16:57,0:48:00,DPS,BDJ,8,28,1,1,NML,1,2025
3407,B739,PKLJI,LNI,LNI972,LNI920,28/16:33,28/16:39,28/17:33,28/17:41,0:54:00,BTH,DPS,12,28,1,1,NML,1,2025
3408,A320,PKAZO,AWQ,AWQ323,AWQ326,28/17:16,28/17:19,28/17:58,28/18:08,0:39:00,KUL,KUL,A01,28,1,1,NML,1,2025
3409,B738,PKLSF,LNI,LNI315,LNI838,28/07:51,28/07:56,28/17:25,28/17:34,9:29:00,BDJ,PNK,18,28,0,0,NML,1,2025
3410,A320,PKSJZ,SJV,SJV723,SJV708,28/17:53,28/18:00,28/18:56,28/19:06,0:56:00,DPS,DPS,10,28,1,1,NML,1,2025
3411,A320,PKPWA,PAS,PAS622,PAS207,28/17:21,28/17:28,28/18:14,28/18:24,0:46:00,BPN,CGK,6,28,1,1,NML,1,2025
3412,B738MAX,9VMBO,SIA,SIA928,SIA929,28/18:00,28/18:05,28/18:49,28/18:59,0:44:00,SIN,SIN,A03,28,1,1,NML,1,2025
3413,A320,PKSAK,SJV,SJV637,SJV648,28/15:36,28/15:42,28/18:59,28/19:11,3:17:00,BDJ,BPN,17B,28,0,0,NML,1,2025
3414,A320,PKLUJ,BTK,BTK7503,BTK7502,28/17:57,28/18:03,28/18:43,28/18:53,0:40:00,HLP,HLP,9,28,1,1,NML,1,2025
3415,A320,PKGQU,CTV,CTV172,CTV173,28/18:09,28/18:16,28/19:04,28/19:14,0:48:00,HLP,HLP,8,28,1,1,NML,1,2025
3416,A320,PKBKQ,BTK,BTK6576,BTK6575,28/18:51,28/18:58,28/21:47,28/21:49,2:49:00,CGK,CGK,12,28,1,1,NML,1,2025
3417,A320,PKGQF,CTV,CTV949,CTV494,28/18:47,28/18:53,28/19:35,28/19:40,0:42:00,BTH,BDJ,15A,28,0,0,NML,1,2025
3418,B788,9VOFE,TGW,TGW262,TGW263,28/18:33,28/18:36,28/20:00,28/20:13,1:24:00,SIN,SIN,A07,28,1,1,NML,1,2025
3419,B739,PKLGR,LNI,LNI261,LNI880,28/14:04,28/14:09,28/19:35,28/19:44,5:25:55,BPN,UPG,21,28,0,0,NML,1,2025
3420,A320,PKPWK,PAS,PAS202,PAS203,28/18:40,28/18:46,28/19:54,28/20:02,1:08:00,CGK,CGK,6,28,1,1,NML,1,2025
3421,A320,PKGQO,CTV,CTV736,CTV352,28/18:57,28/19:03,28/19:57,28/20:05,0:54:00,CGK,UPG,9,28,1,1,NML,1,2025
3422,B738,PKGNE,GIA,GIA349,GIA313,28/17:50,28/17:56,28/20:16,28/20:26,2:20:00,DPS,CGK,7,28,1,1,NML,1,2025
3423,A320,PKGQA,CTV,CTV489,CTV662,28/19:30,28/19:37,28/20:14,28/20:22,0:37:00,BDJ,DPS,14,28,1,1,NML,1,2025
3424,A320,PKGLM,CTV,CTV722,CTV354,28/19:20,28/19:26,28/20:20,28/20:30,0:54:00,CGK,UPG,8,28,1,1,NML,1,2025
3425,B735,PKCLE,SJY,SJY567,SJY562,28/22:58,28/23:01,28/23:51,29/00:01,0:50:00,UPG,UPG,12,28,1,1,NML,1,2025
3426,B739,PKLSH,LNI,LNI695,LNI226,28/15:44,28/15:50,28/21:03,28/21:11,5:13:00,KOE,BDJ,17A,28,0,0,NML,1,2025
3427,A320,PKGQL,CTV,CTV495,CTV721,28/19:50,28/19:56,28/21:26,28/21:36,1:29:33,BDJ,CGK,21,28,0,0,NML,1,2025
3428,A320,PKGLS,CTV,CTV726,CTV694,28/22:39,28/22:47,28/23:17,28/23:21,0:30:00,CGK,DPS,8,28,1,1,NML,1,2025
3429,A320,PKSJI,SJV,SJV643,SJV640,28/15:25,28/15:30,29/05:54,29/06:04,14:24:00,AAP,AAP,C04,28,0,0,NML,1,2025
3430,A320,PKSAA,SJV,SJV619,SJV610,28/15:58,28/16:04,29/05:00,29/05:15,12:56:00,BPN,BPN,C05,28,0,0,NML,1,2025
3431,A320,PKLUV,BTK,BTK6221,BTK7508,28/19:23,28/19:28,29/05:21,29/05:31,9:53:00,BPN,HLP,17B,28,0,0,NML,1,2025
3432,B738,PKLQZ,LNI,LNI885,LNI878,28/18:44,28/18:50,29/04:57,29/05:10,10:07:00,UPG,AMQ,15B,28,0,0,NML,1,2025
3433,A320,PKGQH,CTV,CTV435,CTV430,28/19:09,28/19:15,29/04:58,29/05:13,9:43:00,BPN,BPN,10,28,1,1,NML,1,2025
3434,B739,PKLHP,LNI,LNI923,LNI786,28/16:55,28/16:58,29/05:08,29/05:21,12:10:00,DPS,UPG,C06,28,0,0,NML,1,2025
3435,A320,PKAZO,AWQ,AWQ327,AWQ320,29/00:00,29/00:02,29/05:00,29/05:17,4:58:00,KUL,KUL,A03,28,1,1,NML,1,2025
3436,A320,PKLUS,BTK,BTK6588,BTK6132,28/23:36,28/23:43,29/05:08,29/05:19,5:25:00,CGK,LOP,8,28,1,1,NML,1,2025
3437,B739,PKLHQ,LNI,LNI787,LNI6002,28/13:46,28/13:50,29/05:28,29/05:35,15:38:00,UPG,SRG,20,28,0,0,NML,1,2025
3438,B739,PKLSO,LNI,LNI690,LNI690,29/04:59,29/05:08,29/05:47,29/05:52,0:39:00,CGK,KOE,12,28,1,1,NML,1,2025
3439,A320,PKGQA,CTV,CTV695,CTV725,28/22:47,28/22:56,29/05:46,29/05:56,6:50:00,DPS,CGK,21,28,0,0,NML,1,2025
3440,A320,PKBKP,BTK,BTK6586,BTK6589,28/21:15,28/21:26,29/06:05,29/06:12,8:39:00,CGK,CGK,14,28,1,1,NML,1,2025
3441,A320,PKPWJ,PAS,PAS212,PAS213,28/22:35,28/22:39,29/06:00,29/06:05,7:21:00,CGK,CGK,7,28,1,1,NML,1,2025
3442,A320,PKSJP,SJV,SJV7050,SJV706,28/07:18,28/07:20,29/05:58,29/06:07,22:38:00,BPN,DPS,24,28,0,0,NML,1,2025
3443,A320,PKGQO,CTV,CTV353,CTV670,29/05:06,29/05:15,29/05:54,29/06:02,0:39:00,UPG,LOP,10,28,1,1,NML,1,2025
"3444,B738,PKLOR,LNI,LNI581A,LNI868,27/16:24,28/07:36,29/06:06,29/06:14,""1 day, 13:42:00"",SUB,TTE,22,28,0,0,NML,1,2025"
3445,A320,PKLAZ,BTK,BTK6413,BTK6412,28/21:15,28/21:22,29/06:13,29/06:21,8:51:00,DPS,DPS,9,28,1,1,NML,1,2025
3446,A320,PKSJZ,SJV,SJV727,SJV566,28/21:35,28/21:45,29/06:50,29/07:01,9:05:00,DPS,PLW,17A,28,0,0,NML,1,2025
3447,B739,PKLSI,LNI,LNI865,LNI971,28/17:46,28/17:52,29/07:15,29/07:23,13:23:00,LOP,BTH,25,28,0,0,NML,1,2025
3448,DHC6,PKICP,PGT,PKICP,PKICP,28/14:33,28/14:36,29/06:40,29/06:50,16:04:00,PAG,PAG,28,28,0,0,NML,1,2025
3449,A320,PKLUK,BTK,BTK7521,BTK6135,28/19:48,28/19:53,29/06:50,29/07:03,10:57:00,HLP,PKN,15A,28,0,0,NML,1,2025
3450,B738,PKGNC,GIA,GIA855,GIA854,28/20:45,28/20:50,29/06:55,29/07:07,10:05:00,SIN,SIN,A02,28,1,1,NML,1,2025
3451,B738,PKGMA,GIA,GIA328,GIA305,28/22:28,28/22:36,29/07:00,29/07:09,8:24:00,CGK,CGK,6,28,1,1,NML,1,2025
3452,B739,PKLGV,LNI,LNI929,LNI646,29/06:56,29/07:03,29/08:03,29/08:14,0:59:45,DPS,LOP,14,28,1,1,NML,1,2025
3453,A320,PKLUG,BTK,BTK7511,BTK7510,29/06:40,29/06:46,29/07:26,29/07:35,0:40:00,HLP,HLP,10,28,1,1,NML,1,2025
3454,A320,PKAZN,AWQ,AWQ325,AWQ392,28/19:26,28/19:30,29/07:26,29/07:42,11:56:00,KUL,JHB,A01,28,1,1,NML,1,2025
3455,A320,PKGLS,CTV,CTV661,CTV460,29/06:50,29/06:59,29/07:40,29/07:52,0:41:00,DPS,AAP,7,28,1,1,NML,1,2025
3456,B739,PKLSV,LNI,LNI693,LNI693,29/06:59,29/07:05,29/09:29,29/09:39,2:23:38,KOE,CGK,9,28,1,1,NML,1,2025
3457,B739,PKLFF,LNI,LNI970,LNI693A,29/09:49,29/09:55,29/11:25,29/11:35,1:30:00,BTH,CGK,17,28,1,1,NML,1,2025
3458,A333,BLBH,CPA,CPA779,CPA780,28/18:14,28/18:18,29/07:57,29/08:09,13:39:00,HKG,HKG,A08,28,1,1,NML,1,2025
3459,A320,PKGLX,CTV,CTV355,CTV177,29/07:39,29/07:47,29/08:40,29/08:49,0:53:00,UPG,HLP,8,28,1,1,NML,1,2025
3460,B738,PKLZZ,MXD,MXD352,MXD353,28/19:37,28/19:41,29/08:34,29/08:44,12:53:00,KUL,KUL,A04,28,1,1,NML,1,2025
3461,B739,PKLGL,LNI,LNI791,LNI856,28/13:43,28/13:48,29/09:07,29/09:20,19:18:49,UPG,PLM,26,28,0,0,NML,1,2025
3462,A320,PKSTZ,SJV,SJV725,SJV618,28/18:10,28/18:16,29/08:59,29/09:07,14:43:00,LBJ,BPN,18,28,0,0,NML,1,2025
3463,A320,PKLUS,BTK,BTK6133,BTK6581,29/07:56,29/08:04,29/09:03,29/09:12,0:59:00,LOP,CGK,10,28,1,1,NML,1,2025
3464,B738,PKLSF,LNI,LNI837,LNI222,29/08:06,29/08:12,29/09:45,29/09:58,1:33:00,PNK,BDJ,15,28,1,1,NML,1,2025
3465,B738,PKLJS,LNI,LNI315,LNI748,29/08:17,29/08:28,29/09:37,29/09:51,1:08:59,BDJ,MDC,20,28,0,0,NML,1,2025
3466,A320,PKGQO,CTV,CTV671,CTV486,29/08:24,29/08:31,29/09:11,29/09:24,0:40:00,LOP,BDJ,7,28,1,1,NML,1,2025
3467,B739,PKLGY,LNI,LNI363,LNI682,29/06:19,29/06:24,29/09:18,29/09:27,2:54:00,BPN,PKY,12,28,1,1,NML,1,2025
3468,B738,PKGMC,GIA,GIA304,GIA342,29/08:21,29/08:27,29/09:21,29/09:35,0:54:00,CGK,DPS,6,28,1,1,NML,1,2025
3469,B739,PKLSZ,LNI,LNI683,LNI990,29/08:11,29/08:17,29/09:36,29/09:46,1:19:00,PKY,DPS,14,28,1,1,NML,1,2025
3470,A320,PKSJP,SJV,SJV703,SJV702,29/08:29,29/08:34,29/09:43,29/09:53,1:08:28,DPS,DPS,21,28,0,0,NML,1,2025
3471,A320,9VTRK,TGW,TGW264,TGW265,29/09:05,29/09:05,29/09:52,29/10:03,0:47:00,SIN,SIN,A02,28,1,1,NML,1,2025
3472,B738,9MMLM,MAS,MAS871,MAS870,29/09:21,29/09:25,29/10:15,29/10:31,0:50:00,KUL,KUL,A07,28,1,1,NML,1,2025
3473,B38M,9MLCV,MXD,MXD350,MXD351,29/08:57,29/09:01,29/09:56,29/10:07,0:55:00,KUL,KUL,A03,28,1,1,NML,1,2025
3474,B735,PKNAS,LKN,LKN243,LKN242,29/10:29,29/10:34,29/11:19,29/11:32,0:45:00,SMQ,SMQ,12,28,1,1,NML,1,2025
3475,A320,PKGLG,CTV,CTV351,CTV350,29/09:18,29/09:25,29/10:00,29/10:21,0:35:00,UPG,UPG,7,28,1,1,NML,1,2025
3476,A359,9VSHR,SIA,SIA922,SIA923,29/09:13,29/09:13,29/10:05,29/10:27,0:52:00,SIN,SIN,A08,28,1,1,NML,1,2025
3477,A320,PKLAY,BTK,BTK6584,BTK6585,29/10:33,29/10:38,29/11:29,29/11:36,0:51:48,CGK,CGK,10,28,1,1,NML,1,2025
3478,A320,PKSJI,SJV,SJV641,SJV632,29/09:39,29/09:44,29/10:50,29/11:01,1:05:13,AAP,BDJ,18,28,0,0,NML,1,2025
3479,DHC6,PKICP,PGT,PKICP,PKICP,29/09:30,29/09:35,29/10:03,29/10:08,0:28:56,PAG,PAG,28,28,0,0,NML,1,2025
3480,A320,PKGQC,CTV,CTV417,CTV715,29/09:14,29/09:19,29/10:21,29/10:35,1:02:00,PNK,CGK,10,28,1,1,NML,1,2025
3481,B739,PKLHP,LNI,LNI791,LNI706,29/09:56,29/10:02,29/11:12,29/11:19,1:10:00,UPG,UPG,14,28,1,1,NML,1,2025
3482,B739,PKLSZ,LNI,LNI805,LNI262,29/12:36,29/12:41,29/13:36,29/13:46,0:55:00,DPS,BPN,15,28,1,1,NML,1,2025
3483,A320,PKPWJ,PAS,PAS210,PAS211,29/10:24,29/10:31,29/11:17,29/11:25,0:46:00,CGK,CGK,7,28,1,1,NML,1,2025
3484,A320NEO,PKGTK,CTV,CTV710,CTV723,29/10:19,29/10:24,29/11:02,29/11:13,0:37:18,CGK,CGK,20,28,0,0,NML,1,2025
3485,A320,PKLAO,BTK,BTK7513,BTK8412,29/10:01,29/10:07,29/13:13,29/13:20,3:06:00,HLP,DPS,9,28,1,1,NML,1,2025
3486,A320,PKLUK,BTK,BTK6134,BTK7516,29/09:44,29/09:50,29/11:14,29/11:21,1:24:00,PKN,HLP,8,28,1,1,NML,1,2025
3487,A320,PKSAW,SJV,SJV615,SJV642,28/20:36,28/20:42,29/11:40,29/11:55,14:58:00,BPN,AAP,16,28,1,1,NML,1,2025
3488,B739,PKLGV,LNI,LNI645,LNI822,29/10:46,29/10:51,29/11:51,29/12:00,1:00:15,LOP,LOP,21,28,0,0,NML,1,2025
3489,B739,PKLFG,LNI,LNI694,LNI694,29/10:54,29/10:58,29/11:45,29/11:56,0:47:00,CGK,KOE,24,28,0,0,NML,1,2025
3490,A320,PKAZO,AWQ,AWQ321,AWQ322,29/11:06,29/11:10,29/11:47,29/12:04,0:37:00,KUL,KUL,A01,28,1,1,NML,1,2025
3491,B739,PKLSO,LNI,LNI697,LNI697,29/10:16,29/10:20,29/11:46,29/11:58,1:26:00,KOE,CGK,15,28,1,1,NML,1,2025
3492,B738,PKGFW,GIA,GIA322,GIA327,29/10:39,29/10:45,29/11:37,29/11:49,0:52:00,CGK,CGK,6,28,1,1,NML,1,2025
3493,A320,PKLUO,BTK,BTK7517,BTK7520,29/10:58,29/11:03,29/12:01,29/12:13,0:57:02,HLP,HLP,25,28,0,0,NML,1,2025
3494,A339,PKLEV,LNI,LNI105,LNI104,28/11:27,28/11:35,29/11:26,29/11:46,23:51:00,JED,JED,A06,28,1,1,NML,1,2025
3495,A320,PKLUR,BTK,BTK7515,BTK6346,29/14:24,29/14:29,29/16:11,29/16:24,1:42:00,HLP,BEJ,9,28,1,1,NML,1,2025
3496,A320,PKGLS,CTV,CTV461,CTV698,29/11:29,29/11:37,29/12:18,29/12:26,0:41:00,AAP,DPS,7,28,1,1,NML,1,2025
3497,B738,PKGFM,GIA,GIA3024,GIA3034,29/11:43,29/11:49,29/12:41,29/12:50,0:52:00,CGK,CGK,6,28,1,1,NML,1,2025
3498,B739,PKLGW,LNI,LNI801,LNI780,29/11:40,29/11:47,29/12:50,29/12:58,1:03:00,UPG,UPG,12,28,1,1,NML,1,2025
3499,A320,PKSJI,SJV,SJV633,SJV636,29/13:54,29/14:00,29/15:11,29/15:20,1:11:00,BDJ,BDJ,15,28,1,1,NML,1,2025
3500,B735,PKNAT,LKN,LKN193,LKN192,29/12:23,29/12:30,29/13:30,29/13:41,1:00:00,PKN,PKN,10,28,1,1,NML,1,2025
3501,B739,PKLGL,LNI,LNI857,LNI973,29/13:26,29/13:31,29/14:43,29/14:53,1:12:00,PLM,BTH,18,28,0,0,NML,1,2025
3502,B738,PKLSF,LNI,LNI223,LNI680,29/13:34,29/13:40,29/14:34,29/14:39,0:54:00,BDJ,PKY,17,28,1,1,NML,1,2025
3503,A320,PKBKM,BTK,BTK6596,BTK6595,29/13:58,29/14:05,29/15:11,29/15:19,1:06:00,CGK,CGK,10,28,1,1,NML,1,2025
3504,A320,PKAZN,AWQ,AWQ393,AWQ324,29/12:44,29/12:50,29/13:22,29/13:36,0:32:00,JHB,KUL,A01,28,1,1,NML,1,2025
3505,B738,PKLOR,LNI,LNI869,LNI722,29/12:10,29/12:16,29/13:26,29/13:40,1:10:00,TTE,KDI,14,28,1,1,NML,1,2025
3506,A320,PKGQO,CTV,CTV487,CTV668,29/12:02,29/12:08,29/13:16,29/13:23,1:08:00,BDJ,DPS,8,28,1,1,NML,1,2025
3507,A320,PKPWI,PAS,PAS204,PAS205,29/12:41,29/12:47,29/13:35,29/13:43,0:48:00,CGK,CGK,6,28,1,1,NML,1,2025
3508,B738,PKGFR,GIA,GIA312,GIA317,29/12:33,29/12:41,29/13:44,29/13:57,1:03:00,CGK,CGK,7,28,1,1,NML,1,2025
3509,B738,PKLOP,LNI,LNI839,LNI836,29/12:56,29/13:06,29/14:06,29/14:15,1:00:00,PNK,PNK,16,28,1,1,NML,1,2025
3510,A320,PKSJZ,SJV,SJV567,SJV726,29/14:02,29/14:06,29/15:12,29/15:24,1:06:00,PLW,LBJ,20,28,0,0,NML,1,2025
3511,B739,PKLHP,LNI,LNI707,LNI910,29/15:01,29/15:08,29/16:28,29/16:38,1:20:00,UPG,DPS,16,28,1,1,NML,1,2025
3512,B739,PKLSV,LNI,LNI693A,LNI804,29/09:42,29/09:48,29/16:00,29/16:11,6:12:00,SUB,DPS,22,28,0,0,NML,1,2025
3513,A320,9VJSL,JSA,JSA247,JSA248,29/13:30,29/13:32,29/14:23,29/14:37,0:51:00,SIN,SIN,A07,28,1,1,NML,1,2025
3514,B739,PKLGV,LNI,LNI823,LNI260,29/14:34,29/14:40,29/15:52,29/16:06,1:12:00,LOP,BPN,14,28,1,1,NML,1,2025
3515,A320,PKGQH,CTV,CTV431,CTV948,29/13:37,29/13:45,29/14:43,29/14:51,0:58:00,BPN,BTH,8,28,1,1,NML,1,2025
"3516,RJ85,PKPJJ,PAS,PKPJJ,PKPJJ,27/14:12,27/14:22,29/15:08,29/15:14,""2 days, 0:46:00"",HLP,HLP,1,28,0,0,NML,1,2025"
3517,A320,PKBKV,BTK,BTK8413,BTK7514,29/15:27,29/15:31,29/16:32,29/16:43,1:01:00,DPS,HLP,15,28,1,1,NML,1,2025
3518,A320,PKPWE,PAS,PAS208,PAS209,29/14:39,29/14:44,29/15:30,29/15:40,0:46:00,CGK,CGK,6,28,1,1,NML,1,2025
3519,B739,PKLSI,LNI,LNI972,LNI642,29/16:36,29/16:41,29/17:48,29/17:58,1:07:00,BTH,LOP,16,28,1,1,NML,1,2025
3520,A320,PKLUQ,BTK,BTK6406,BTK6220,29/15:38,29/15:42,29/16:48,29/16:56,1:06:00,CGK,BPN,12,28,1,1,NML,1,2025
3521,A320,PKSAA,SJV,SJV611,SJV614,29/14:31,29/14:36,29/15:28,29/15:36,0:52:00,BPN,BPN,12,28,1,1,NML,1,2025
3522,B738,PKGFX,GIA,GIA330,GIA331,29/14:43,29/14:49,29/15:37,29/15:45,0:48:00,HLP,HLP,7,28,1,1,NML,1,2025
3523,A320,PKLUO,BTK,BTK7501,BTK7512,29/15:32,29/15:39,29/16:39,29/16:47,1:00:00,HLP,HLP,10,28,1,1,NML,1,2025
3524,A320,PKGQJ,CTV,CTV669,CTV434,29/16:08,29/16:15,29/17:19,29/17:30,1:04:00,DPS,BPN,6,28,1,1,NML,1,2025
3525,B738,9MMSG,MAS,MAS873,MAS872,29/15:05,29/15:08,29/15:45,29/16:01,0:37:00,KUL,KUL,A07,28,1,1,NML,1,2025
3526,B738,PKLJS,LNI,LNI749,LNI581,29/15:53,29/15:57,29/18:15,29/18:30,2:18:00,MDC,CGK,21,28,0,0,NML,1,2025
3527,B738,PKLQZ,LNI,LNI879,LNI882,29/14:58,29/15:06,29/16:32,29/16:41,1:26:00,AMQ,UPG,17,28,1,1,NML,1,2025
3528,B738,PKGFW,GIA,GIA310,GIA315,29/15:47,29/15:55,29/16:44,29/16:54,0:49:00,CGK,CGK,4,28,1,1,NML,1,2025
3529,B738MAX,9VMBI,SIA,SIA926,SIA927,29/15:58,29/16:02,29/16:45,29/16:59,0:43:00,SIN,SIN,A08,28,1,1,NML,1,2025
3530,B739,PKLFG,LNI,LNI695,LNI268,29/16:22,29/16:28,29/17:28,29/17:37,1:00:00,KOE,TRK,14,28,1,1,NML,1,2025
3531,A320,PKGQU,CTV,CTV176,CTV418,29/17:10,29/17:18,29/18:15,29/18:28,0:57:00,HLP,PNK,7,28,1,1,NML,1,2025
3532,B739,PKLSZ,LNI,LNI261,LNI692,29/17:05,29/17:10,29/18:24,29/18:34,1:14:00,BPN,KOE,17,28,1,1,NML,1,2025
3533,A320,PKPWF,PAS,PAS206,PAS623,29/16:17,29/16:23,29/17:09,29/17:18,0:46:00,CGK,BPN,5,28,1,1,NML,1,2025
3534,A320,PKLUR,BTK,BTK6347,BTK6401,29/21:04,29/21:11,29/22:35,29/22:45,1:24:58,BEJ,CGK,10,28,1,1,NML,1,2025
3535,B739,PKLHO,LNI,LNI692,LNI226,29/19:16,29/19:24,29/20:21,29/20:30,0:57:00,CGK,BDJ,15,28,1,1,NML,1,2025
3536,A320,PKAZO,AWQ,AWQ323,AWQ326,29/17:48,29/17:51,29/18:26,29/18:35,0:35:00,KUL,KUL,A01,28,1,1,NML,1,2025
3537,B738,PKLSF,LNI,LNI681,LNI838,29/17:23,29/17:29,29/18:28,29/18:37,0:59:00,PKY,PNK,10,28,1,1,NML,1,2025
3538,A320,PKGQT,CTV,CTV722,CTV179,29/19:58,29/20:03,29/20:50,29/20:58,0:47:06,CGK,HLP,9,28,1,1,NML,1,2025
3539,A320,PKBLD,BTK,BTK6578,BTK7579,29/18:25,29/18:32,29/19:44,29/19:59,1:12:00,CGK,CGK,14,28,1,1,NML,1,2025
3540,A320,PKSAK,SJV,SJV619,SJV638,29/16:04,29/16:10,29/18:05,29/18:13,1:55:00,BPN,BDJ,18,28,0,0,NML,1,2025
3541,A320,PKPWJ,PAS,PAS622,PAS207,29/18:15,29/18:24,29/19:09,29/19:20,0:45:00,BPN,CGK,7,28,1,1,NML,1,2025
3542,A320,PKGLL,CTV,CTV174,CTV488,29/17:19,29/17:28,29/18:22,29/18:31,0:54:00,HLP,BDJ,9,28,1,1,NML,1,2025
3543,A320,PKSJI,SJV,SJV637,SJV708,29/18:11,29/18:18,29/19:39,29/19:52,1:21:00,BDJ,DPS,25,28,0,0,NML,1,2025
3544,B739,PKLHP,LNI,LNI923,LNI800,29/19:46,29/19:56,29/21:15,29/21:30,1:19:21,DPS,UPG,17,28,1,1,NML,1,2025
3545,A320,PKGQC,CTV,CTV718,CTV711,29/18:00,29/18:08,29/18:51,29/19:01,0:43:00,CGK,CGK,6,28,1,1,NML,1,2025
3546,B738,PKGNQ,GIA,GIA320,GIA325,29/17:27,29/17:34,29/18:35,29/18:43,1:01:00,CGK,CGK,4,28,1,1,NML,1,2025
3547,B738MAX,9VMBE,SIA,SIA928,SIA929,29/17:52,29/17:56,29/18:54,29/19:05,0:58:00,SIN,SIN,A07,28,1,1,NML,1,2025
3548,A320,PKLUK,BTK,BTK7503,BTK7502,29/18:05,29/18:13,29/19:34,29/19:48,1:21:00,HLP,HLP,8,28,1,1,NML,1,2025
3549,B738,PKLOR,LNI,LNI727,LNI316,29/17:45,29/17:52,29/19:04,29/19:18,1:12:00,KDI,BDJ,12,28,1,1,NML,1,2025
3550,B738,PKLZV,BTK,BTK6576,BTK6575,29/19:09,29/19:16,29/20:13,29/20:16,0:57:00,CGK,CGK,10,28,1,1,NML,1,2025
3551,A320,PKGLU,CTV,CTV949,CTV494,29/18:51,29/18:57,29/19:44,29/20:01,0:47:00,BTH,BDJ,9,28,1,1,NML,1,2025
3552,A320,PKBKV,BTK,BTK7519,BTK7518,29/19:54,29/20:03,29/20:55,29/21:07,0:52:00,HLP,HLP,8,28,1,1,NML,1,2025
3553,A320,PKGLV,CTV,CTV489,CTV662,29/19:42,29/19:49,29/20:30,29/20:43,0:41:00,BDJ,DPS,7,28,1,1,NML,1,2025
3554,A320,PKSAA,SJV,SJV617,SJV616,29/19:30,29/19:36,29/20:23,29/20:32,0:47:00,BPN,BPN,12,28,1,1,NML,1,2025
3555,A320,PKGQS,CTV,CTV736,CTV352,29/19:49,29/19:56,29/20:34,29/20:54,0:38:00,CGK,UPG,6,28,1,1,NML,1,2025
3556,B738,PKGFF,GIA,GIA326,GIA313,29/19:34,29/19:42,29/20:25,29/20:38,0:43:00,CGK,CGK,4,28,1,1,NML,1,2025
3557,A320NEO,PKGTK,CTV,CTV720,CTV719,29/21:58,29/22:04,29/22:51,29/23:01,0:47:00,CGK,CGK,7,28,1,1,NML,1,2025
3558,A320,PKGQJ,CTV,CTV435,CTV354,29/21:00,29/21:06,29/21:51,29/22:00,0:44:18,BPN,UPG,7,28,1,1,NML,1,2025
3559,B738,PKBBG,SJY,SJY567,SJY562,29/20:03,29/20:12,29/20:58,29/21:10,0:46:00,UPG,UPG,14,28,1,1,NML,1,2025
3560,B738,PKGMC,GIA,GIA349,GIA319,29/17:55,29/18:01,29/20:52,29/21:02,2:51:01,DPS,CGK,5,28,1,1,NML,1,2025
3561,A320,PKGLL,CTV,CTV495,CTV721,29/21:24,29/21:29,29/22:18,29/22:24,0:49:00,BDJ,CGK,8,28,1,1,NML,1,2025
3562,A320,PKGLO,CTV,CTV726,CTV9665,29/21:27,29/21:33,29/22:13,29/22:21,0:40:00,CGK,DPS,9,28,1,1,NML,1,2025
3563,A320,PKSJZ,SJV,SJV725,SJV610,29/18:45,29/18:55,30/05:02,30/05:13,10:07:01,LBJ,BPN,26,28,0,0,NML,1,2025
3564,A320,PKSAW,SJV,SJV643,SJV706,29/15:42,29/15:49,30/04:57,30/05:09,13:08:37,AAP,DPS,24,28,0,0,NML,1,2025
3565,A320,PKLUQ,BTK,BTK6221,BTK7508,29/20:14,30/03:10,30/04:59,30/05:11,8:38:00,BPN,HLP,8,28,1,0,NML,1,2025
3566,B738,PKLOJ,LNI,LNI883,LNI878,29/20:36,29/20:42,30/04:52,30/05:02,8:10:00,UPG,AMQ,15,28,1,1,NML,1,2025
3567,A320,PKGLV,CTV,CTV9664,CTV430,29/23:07,29/23:14,30/04:54,30/05:07,5:40:00,DPS,BPN,6,28,1,1,NML,1,2025
3568,B739,PKLQS,LNI,LNI6011,LNI786,29/20:46,29/20:50,30/05:08,30/05:18,8:18:24,SRG,UPG,C03,28,0,0,NML,1,2025
3569,A320,PKAZN,AWQ,AWQ325,AWQ320,29/19:26,29/19:30,30/05:01,30/05:14,9:31:00,KUL,KUL,A01,28,1,1,NML,1,2025
3570,A320,PKBKQ,BTK,BTK6588,BTK6132,29/23:17,29/23:24,30/05:22,30/05:32,5:58:00,CGK,LOP,9,28,1,1,NML,1,2025
3571,A320,V8RBC,RBA,RBA795,RBA796,29/20:05,29/20:09,30/05:52,30/06:10,9:43:00,BWN,BWN,A07,28,1,1,NML,1,2025
3572,A320,PKSAK,SJV,SJV639,SJV640,29/21:16,29/21:20,30/06:26,30/06:36,9:05:35,BDJ,AAP,C05,28,0,0,NML,1,2025
3573,A320,PKGLS,CTV,CTV699,CTV484,29/15:22,29/17:28,30/06:13,30/06:22,14:46:00,DPS,BDJ,3,28,0,1,NML,1,2025
3574,B739,PKLGU,LNI,LNI690,LNI266,30/05:05,30/05:11,30/05:52,30/05:59,0:41:00,CGK,BPN,10,28,1,1,NML,1,2025
3575,B739,PKLSI,LNI,LNI865,LNI882,29/20:41,29/20:46,30/05:55,30/06:08,9:09:07,LOP,UPG,25,28,0,0,NML,1,2025
3576,A320,PKLUF,BTK,BTK6586,BTK6589,29/21:08,29/21:11,30/06:05,30/06:14,8:53:11,CGK,CGK,C04,28,0,0,NML,1,2025
3577,A320,PKPWD,PAS,PAS212,PAS213,29/20:56,29/21:03,30/05:52,30/06:07,8:49:00,CGK,CGK,4,28,1,1,NML,1,2025
3578,A320NEO,PKGTK,CTV,CTV716,CTV725,30/05:26,30/05:33,30/06:10,30/06:28,0:37:00,CGK,CGK,7,28,1,1,NML,1,2025
3579,A320,PKAZL,AWQ,AWQ327,AWQ386,30/00:08,30/00:11,30/06:09,30/06:19,5:58:00,KUL,PEN,A03,28,1,1,NML,1,2025
3580,A320,PKBKT,BTK,BTK7521,BTK6412,29/20:49,29/20:55,30/07:12,30/07:21,10:17:00,HLP,DPS,12,28,1,1,NML,1,2025
3581,A320,PKSJI,SJV,SJV727,SJV634,29/22:31,29/22:36,30/06:31,30/06:39,7:54:15,DPS,BDJ,17,28,1,1,NML,1,2025
3582,A320,PKLAZ,BTK,BTK6413,BTK6135,29/20:09,29/20:19,30/06:56,30/07:09,10:37:00,DPS,PKN,20,28,0,0,NML,1,2025
3583,B739,PKLHO,LNI,LNI311,LNI971,30/06:02,30/06:09,30/06:57,30/07:07,0:48:00,BDJ,BTH,11,28,1,1,NML,1,2025
3584,B738,PKGNC,GIA,GIA855,GIA854,29/20:52,29/20:56,30/06:56,30/07:11,9:59:26,SIN,SIN,A02,28,1,1,NML,1,2025
3585,B738,PKGMV,GIA,GIA328,GIA305,29/21:12,29/21:19,30/07:02,30/07:13,9:42:29,CGK,CGK,5,28,1,1,NML,1,2025
3586,B739,PKLJI,LNI,LNI363,LNI646,30/06:25,30/06:31,30/07:15,30/07:24,0:44:00,BPN,LOP,15,28,1,1,NML,1,2025
3587,A320,PKLUJ,BTK,BTK7511,BTK7510,30/07:00,30/07:07,30/07:48,30/08:01,0:41:00,HLP,HLP,10,28,1,1,NML,1,2025
3588,A320,PKGQT,CTV,CTV170,CTV175,30/06:36,30/06:42,30/07:22,30/07:31,0:40:00,HLP,HLP,6,28,1,1,NML,1,2025
3589,A320,PKGQN,CTV,CTV661,CTV460,30/07:19,30/07:26,30/07:57,30/08:08,0:31:00,DPS,AAP,7,28,1,1,NML,1,2025
3590,B739,PKLSZ,LNI,LNI693,LNI693,30/06:50,30/06:55,30/08:04,30/08:22,1:09:00,KOE,CGK,9,28,1,1,NML,1,2025
3591,B738,PKLQZ,LNI,LNI709,LNI982,29/20:20,29/20:26,30/07:45,30/08:03,11:19:00,UPG,PKU,22,28,0,0,NML,1,2025
3592,A333,BLAK,CPA,CPA779,CPA780,29/18:21,29/18:24,30/08:09,30/08:25,13:45:00,HKG,HKG,A08,28,1,1,NML,1,2025
3593,B739,PKLFG,LNI,LNI267,LNI990,30/07:05,30/07:11,30/08:19,30/08:28,1:08:00,TRK,DPS,11,28,1,1,NML,1,2025
3594,DHC6,PKICP,PGT,PKICP,PKICP,29/13:01,29/13:04,30/08:26,30/08:29,19:22:00,PAG,PAG,28,28,0,0,NML,1,2025
3595,A320,PKBKM,BTK,BTK6572,BTK6573,30/07:50,30/07:57,30/08:55,30/09:12,0:58:00,CGK,CGK,8,28,1,1,NML,1,2025
3596,B733F,PKMYV,MYU,MYU935DVT,MYU935,30/08:18,30/08:23,30/09:36,30/09:39,1:13:00,SIN,SRG,C02,28,0,0,NML,1,2025
3597,A320,PKGQO,CTV,CTV355,CTV177,30/07:44,30/07:52,30/08:38,30/08:46,0:46:00,UPG,HLP,6,28,1,1,NML,1,2025
3598,A320,PKSAG,SJV,SJV613,SJV618,29/21:19,29/21:24,30/09:02,30/09:17,11:37:09,BPN,BPN,14,28,1,1,NML,1,2025
3599,A320,PKBKQ,BTK,BTK6133,BTK6581,30/08:05,30/08:10,30/09:14,30/09:30,1:04:00,LOP,CGK,10,28,1,1,NML,1,2025
3600,B738,PKLSF,LNI,LNI837,LNI748,30/08:10,30/08:16,30/08:58,30/09:13,0:42:00,PNK,MDC,12,28,1,1,NML,1,2025
3601,B739,PKLHI,LNI,LNI683,LNI682,30/08:14,30/08:19,30/10:06,30/10:17,1:47:00,PKY,PKY,9,28,1,1,NML,1,2025
3602,A320,PKPWE,PAS,PAS200,PAS201,30/08:33,30/08:39,30/09:34,30/09:39,0:55:00,CGK,CGK,5,28,1,1,NML,1,2025
3603,B738,PKGFV,GIA,GIA304,GIA342,30/08:23,30/08:31,30/09:30,30/09:36,0:59:00,CGK,DPS,4,28,1,1,NML,1,2025
3604,B738,PKLBS,MXD,MXD352,MXD353,30/19:20,30/19:24,30/20:21,30/20:25,0:56:43,KUL,KUL,A03,28,1,1,NML,1,2025
3605,A320,PKGLS,CTV,CTV485,CTV486,30/08:58,30/09:04,30/09:37,30/09:53,0:33:00,BDJ,BDJ,7,28,1,1,NML,1,2025
"3606,AW139,PKTVN,TVR,PKTVN,PKTVN,22/19:02,22/19:06,30/09:21,30/09:28,""7 days, 14:15:00"",ZZZZ,ZZZZ,H02,28,0,0,NML,1,2025"
3607,A320,PKSAW,SJV,SJV703,SJV702,30/09:23,30/09:29,30/10:16,30/10:29,0:47:00,DPS,DPS,14,28,1,1,NML,1,2025
3608,A320,9VTRI,TGW,TGW264,TGW265,30/08:50,30/08:54,30/09:49,30/10:00,0:55:00,SIN,SIN,A03,28,1,1,NML,1,2025
3609,A320,PKGLO,CTV,CTV417,CTV715,30/09:01,30/09:09,30/10:04,30/10:13,0:55:00,PNK,CGK,6,28,1,1,NML,1,2025
3610,B738,9MMXT,MAS,MAS871,MAS870,30/09:06,30/09:10,30/09:58,30/10:10,0:48:00,KUL,KUL,A07,28,1,1,NML,1,2025
3611,B738,9MLRP,MXD,MXD350,MXD351,30/09:15,30/09:25,30/10:28,30/10:33,1:03:00,KUL,KUL,A02,28,1,1,NML,1,2025
3612,A359,9VSHM,SIA,SIA922,SIA923,30/09:09,30/09:13,30/10:06,30/10:23,0:53:00,SIN,SIN,A08,28,1,1,NML,1,2025
3613,A320,PKSJI,SJV,SJV635,SJV632,30/09:20,30/09:25,30/10:11,30/10:27,0:46:00,BDJ,BDJ,12,28,1,1,NML,1,2025
3614,A320,PKGLG,CTV,CTV351,CTV350,30/09:27,30/09:34,30/10:18,30/10:39,0:44:00,UPG,UPG,8,28,1,1,NML,1,2025
3615,B739,PKLSI,LNI,LNI791,LNI973,30/09:38,30/09:43,30/10:47,30/10:55,1:04:00,UPG,BTH,15,28,1,1,NML,1,2025
3616,A320,PKPWD,PAS,PAS210,PAS211,30/09:45,30/09:52,30/10:37,30/10:46,0:45:00,CGK,CGK,5,28,1,1,NML,1,2025
3617,A320,PKBKV,BTK,BTK7513,BTK7516,30/10:25,30/10:32,30/11:18,30/11:32,0:46:00,HLP,HLP,9,28,1,1,NML,1,2025
3618,A320,PKLAZ,BTK,BTK6134,BTK6346,30/09:57,30/10:03,30/10:51,30/10:59,0:48:00,PKN,BEJ,11,28,1,1,NML,1,2025
3619,B739,PKLSR,LNI,LNI694,LNI694,30/10:20,30/10:25,30/11:14,30/11:27,0:49:00,CGK,KOE,16,28,1,1,NML,1,2025
3620,A320,PKAZN,AWQ,AWQ321,AWQ322,30/10:36,30/10:40,30/11:15,30/11:34,0:35:00,KUL,KUL,A01,28,1,1,NML,1,2025
3621,B739,PKLSV,LNI,LNI919,LNI697,29/19:13,30/07:18,30/11:55,30/12:03,16:36:00,DPS,CGK,24,28,0,1,NML,1,2025
3622,B738,PKGFW,GIA,GIA322,GIA327,30/10:15,30/10:21,30/11:27,30/11:46,1:06:00,CGK,CGK,4,28,1,1,NML,1,2025
3623,A320,PKLUJ,BTK,BTK7517,BTK7520,30/11:24,30/11:32,30/12:30,30/12:36,0:58:00,HLP,HLP,8,28,1,1,NML,1,2025
3624,B739,PKLGU,LNI,LNI367,LNI804,30/09:42,30/09:46,30/12:50,30/13:03,3:04:00,BPN,DPS,20,28,0,0,NML,1,2025
3625,A320,PKSAE,SJV,SJV363,SJV362,30/11:10,30/11:15,30/12:11,30/12:24,0:56:00,KNO,KNO,14,28,1,1,NML,1,2025
"3626,A339,PKLER,LNI,LNI075,LNI074,28/15:29,29/23:25,30/11:51,30/12:00,""1 day, 20:16:00"",JED,MED,A06,28,1,1,NML,1,2025"
3627,B739,PKLGL,LNI,LNI970,LNI6002,30/09:51,30/09:56,30/12:08,30/12:15,2:12:00,BTH,LOP,17,28,1,1,NML,1,2025
3628,A320,PKGQN,CTV,CTV461,CTV698,30/11:43,30/11:48,30/12:30,30/12:38,0:42:00,AAP,DPS,6,28,1,1,NML,1,2025
3629,B739,PKLFG,LNI,LNI805,LNI780,30/11:20,30/11:26,30/12:34,30/12:45,1:08:00,DPS,UPG,12,28,1,1,NML,1,2025
3630,A320,PKSJL,SJV,SJV723,SJV636,29/19:22,29/19:29,30/12:34,30/12:43,17:05:00,DPS,BDJ,18,28,0,0,NML,1,2025
3631,A320,PKBKM,BTK,BTK6596,BTK6595,30/12:57,30/13:05,30/13:58,30/14:09,0:53:00,CGK,CGK,10,28,1,1,NML,1,2025
3632,A320,PKGLS,CTV,CTV487,CTV668,30/12:21,30/12:27,30/13:19,30/13:30,0:52:50,BDJ,DPS,7,28,1,1,NML,1,2025
3633,A320,PKAZL,AWQ,AWQ387,AWQ324,30/13:01,30/13:03,30/13:43,30/13:54,0:40:00,PEN,KUL,A01,28,1,1,NML,1,2025
3634,B738,PKGFU,GIA,GIA312,GIA317,30/12:41,30/12:48,30/13:49,30/13:58,1:01:00,CGK,CGK,4,28,1,1,NML,1,2025
3635,B733F,PKMYV,MYU,MYU935,MYU815,30/13:46,30/13:50,30/14:26,30/14:36,0:36:11,SRG,CGK,C02,28,0,0,NML,1,2025
3636,B738,PKLKK,LNI,LNI839,LNI836,30/13:32,30/13:37,30/15:24,30/15:43,1:47:14,PNK,PNK,17,28,1,1,NML,1,2025
3637,B739,PKLGL,LNI,LNI645,LNI910,30/14:51,30/14:56,30/15:57,30/16:07,1:01:00,LOP,DPS,16,28,1,1,NML,1,2025
3638,A320,PKGLV,CTV,CTV431,CTV948,30/13:37,30/13:43,30/14:27,30/14:38,0:44:00,BPN,BTH,6,28,1,1,NML,1,2025
3639,C208,PKVVO,SUS,PKVVO,PKVVO,30/14:31,30/14:35,30/15:15,30/15:21,0:40:00,BXW,BXW,29,28,0,0,NML,1,2025
3640,A320,9VJSI,JSA,JSA247,JSA248,30/13:27,30/13:30,30/14:30,30/14:49,1:00:00,SIN,SIN,A07,28,1,1,NML,1,2025
3641,B739,PKLQS,LNI,LNI787,LNI260,30/14:12,30/14:17,30/15:20,30/15:32,1:03:00,UPG,BPN,12,28,1,1,NML,1,2025
3642,A320,PKBLA,BTK,BTK7515,BTK7514,30/14:01,30/14:09,30/15:07,30/15:22,0:58:00,HLP,HLP,9,28,1,1,NML,1,2025
3643,A320,PKPWK,PAS,PAS208,PAS209,30/14:41,30/14:47,30/15:32,30/15:49,0:45:00,CGK,CGK,5,28,1,1,NML,1,2025
3644,B739,PKLGM,LNI,LNI707,LNI642,30/14:36,30/14:42,30/15:37,30/15:53,0:55:00,UPG,LOP,14,28,1,1,NML,1,2025
3645,A320,PKLAJ,BTK,BTK6406,BTK6220,30/14:27,30/14:33,30/15:25,30/15:39,0:52:00,CGK,BPN,10,28,1,1,NML,1,2025
3646,B738,PKGFI,GIA,GIA330,GIA331,30/14:47,30/14:52,30/15:38,30/15:57,0:46:00,HLP,HLP,4,28,1,1,NML,1,2025
3647,A320,PKSGC,SJV,SJV611,SJV614,30/14:30,30/14:37,30/15:30,30/15:44,0:53:00,BPN,BPN,11,28,1,1,NML,1,2025
3648,A320,PKGQN,CTV,CTV699,CTV434,30/15:11,30/15:18,30/15:50,30/15:59,0:32:00,DPS,BPN,6,28,1,1,NML,1,2025
3649,A320,PKLUJ,BTK,BTK7501,BTK7512,30/15:49,30/15:54,30/16:38,30/16:46,0:44:00,HLP,HLP,8,28,1,1,NML,1,2025
3650,B738,PKLSF,LNI,LNI749,LNI581,30/14:57,30/15:02,30/17:12,30/17:25,2:10:00,MDC,CGK,15,28,1,1,NML,1,2025
3651,B738,9MMXQ,MAS,MAS873,MAS872,30/15:01,30/15:05,30/15:52,30/16:04,0:47:00,KUL,KUL,A07,28,1,1,NML,1,2025
"3652,A339,PKLET,LNI,LNI107,LNI106,28/19:32,28/19:36,30/15:45,30/16:00,""1 day, 20:09:00"",JED,MED,A05,28,1,1,NML,1,2025"
3653,A320,PKLAZ,BTK,BTK6347,BTK6401,30/15:16,30/15:22,30/16:19,30/16:27,0:57:00,BEJ,CGK,9,28,1,1,NML,1,2025
3654,B738,PKLOR,LNI,LNI315,LNI316,30/07:54,30/08:01,30/16:25,30/16:30,8:24:00,BDJ,BDJ,25,28,0,0,NML,1,2025
3655,B738,PKGUA,GIA,GIA310,GIA315,30/15:30,30/15:37,30/16:28,30/16:36,0:51:00,CGK,CGK,5,28,1,1,NML,1,2025
3656,B738MAX,9VMBM,SIA,SIA926,SIA927,30/15:40,30/15:43,30/16:36,30/16:52,0:53:00,SIN,SIN,A08,28,1,1,NML,1,2025
3657,A320,PKGQT,CTV,CTV174,CTV418,30/15:35,30/15:43,30/16:35,30/16:42,0:52:00,HLP,PNK,7,28,1,1,NML,1,2025
3658,B739,PKLSR,LNI,LNI695,LNI268,30/15:46,30/15:50,30/16:38,30/16:48,0:48:00,KOE,TRK,10,28,1,1,NML,1,2025
3659,B739,PKLGU,LNI,LNI919,LNI692,30/15:55,30/16:02,30/17:09,30/17:20,1:07:00,DPS,KOE,17,28,1,1,NML,1,2025
3660,A320,PKPWJ,PAS,PAS206,PAS623,30/16:25,30/16:31,30/17:18,30/17:26,0:47:00,CGK,BPN,4,28,1,1,NML,1,2025
3661,A320,PKGLS,CTV,CTV669,CTV488,30/16:19,30/16:22,30/17:01,30/17:09,0:39:39,DPS,BDJ,6,28,1,1,NML,1,2025
3662,B739,PKLHO,LNI,LNI972,LNI226,30/16:35,30/16:38,30/17:25,30/17:34,0:47:00,BTH,BDJ,16,28,1,1,NML,1,2025
3663,A320,PKAZN,AWQ,AWQ323,AWQ326,30/17:18,30/17:21,30/17:59,30/18:09,0:38:26,KUL,KUL,A01,28,1,1,NML,1,2025
3664,B738,PKLOJ,LNI,LNI879,LNI838,30/10:33,30/10:38,30/17:31,30/17:39,6:53:00,AMQ,PNK,21,28,0,0,NML,1,2025
3665,A320,PKPWD,PAS,PAS622,PAS207,30/17:11,30/17:17,30/18:22,30/18:29,1:05:00,BPN,CGK,6,28,1,1,NML,1,2025
3666,A320,PKSAU,SJV,SJV723,SJV708,30/17:28,30/17:33,30/18:14,30/18:22,0:41:00,DPS,DPS,11,28,1,1,NML,1,2025
3667,B738MAX,9VMBE,SIA,SIA928,SIA929,30/17:41,30/17:44,30/18:35,30/18:51,0:51:00,SIN,SIN,A07,28,1,1,NML,1,2025
3668,B738,PKGFX,GIA,GIA320,GIA325,30/17:22,30/17:29,30/18:33,30/18:46,1:04:00,CGK,CGK,5,28,1,1,NML,1,2025
3669,A320,PKGLX,CTV,CTV172,CTV173,30/18:02,30/18:09,30/18:57,30/19:07,0:48:00,HLP,HLP,7,28,1,1,NML,1,2025
3670,B738,PKBGZ,BTK,BTK6576,BTK6575,30/18:55,30/19:02,30/19:55,30/20:07,0:53:00,CGK,CGK,12,28,1,1,NML,1,2025
3671,B738,PKBBF,SJY,SJY567,SJY562,30/18:43,30/18:51,30/19:48,30/20:01,0:57:00,UPG,UPG,14,28,1,1,NML,1,2025
3672,A320,PKBKV,BTK,BTK7519,BTK7518,30/19:00,30/19:06,30/20:08,30/20:17,1:02:00,HLP,HLP,10,28,1,1,NML,1,2025
3673,B739,PKLGM,LNI,LNI865,LNI880,30/19:05,30/19:10,30/20:03,30/20:12,0:53:00,LOP,UPG,11,28,1,1,NML,1,2025
3674,A320,PKPWK,PAS,PAS202,PAS203,30/19:09,30/19:16,30/19:54,30/20:05,0:38:00,CGK,CGK,5,28,1,1,NML,1,2025
3675,A320,PKGQN,CTV,CTV435,CTV719,30/19:17,30/19:24,30/19:59,30/20:08,0:34:57,BPN,CGK,6,28,1,1,NML,1,2025
3676,B738,PKGFV,GIA,GIA349,GIA313,30/17:58,30/18:05,30/20:00,30/20:10,1:55:00,DPS,CGK,4,28,1,1,NML,1,2025
3677,A320,PKGQA,CTV,CTV736,CTV352,30/19:33,30/19:40,30/20:12,30/20:23,0:32:00,CGK,UPG,7,28,1,1,NML,1,2025
3678,A320,PKGQR,CTV,CTV949,CTV494,30/20:20,30/20:28,30/21:10,30/21:22,0:42:00,BTH,BDJ,6,28,1,1,NML,1,2025
3679,A320,PKGLU,CTV,CTV489,CTV662,30/19:54,30/19:59,30/20:34,30/20:46,0:35:00,BDJ,DPS,9,28,1,1,NML,1,2025
3680,A320,PKGLS,CTV,CTV495,CTV721,30/19:38,30/19:43,30/21:16,30/21:24,1:33:00,BDJ,CGK,8,28,1,1,NML,1,2025
3681,A320,PKGQS,CTV,CTV722,CTV354,30/20:40,30/20:48,30/21:28,30/21:37,0:40:00,CGK,UPG,7,28,1,1,NML,1,2025
3682,A320,PKLAW,BTK,BTK6137,BTK6136,30/20:36,30/20:43,30/21:50,30/22:01,1:07:00,UPG,UPG,10,28,1,1,NML,1,2025
3683,A320,PKSJI,SJV,SJV633,SJV610,30/13:04,30/13:09,31/05:06,31/05:17,15:57:00,BDJ,BPN,22,28,0,0,NML,1,2025
3684,A320,PKLUR,BTK,BTK6588,BTK7508,30/21:19,30/21:25,31/05:02,31/05:13,7:37:00,CGK,HLP,9,28,1,1,NML,1,2025
3685,A320,PKGLO,CTV,CTV720,CTV430,30/22:14,30/22:21,31/04:58,31/05:10,6:37:00,CGK,BPN,7,28,1,1,NML,1,2025
3686,B739,PKLOH,LNI,LNI885,LNI878,30/18:37,30/18:43,31/04:54,31/05:07,10:10:11,UPG,AMQ,21,28,0,0,NML,1,2025
3687,A320,PKAZG,AWQ,AWQ327,AWQ320,31/00:03,31/00:07,31/05:00,31/05:15,4:53:00,KUL,KUL,A03,28,1,1,NML,1,2025
3688,B739,PKLSV,LNI,LNI692,LNI786,30/16:09,30/16:13,31/05:01,31/05:12,12:47:40,CGK,UPG,18,28,0,0,NML,1,2025
3689,A320,PKBKQ,BTK,BTK6586,BTK6132,30/20:26,30/20:32,31/05:10,31/05:21,8:38:00,CGK,LOP,11,28,1,1,NML,1,2025
3690,B739,PKLVF,LNI,LNI690,LNI690,31/05:04,31/05:10,31/05:51,31/06:00,0:41:00,CGK,KOE,10,28,1,1,NML,1,2025
3691,A320,PKGQL,CTV,CTV726,CTV725,30/21:01,30/21:09,31/05:59,31/06:13,8:50:00,CGK,CGK,3,28,0,0,NML,1,2025
3692,A320,V8RBC,RBA,RBA795,RBA796,30/20:02,30/20:06,31/05:44,31/05:54,9:38:00,BWN,BWN,A07,28,1,1,NML,1,2025
3693,B738,PKLQZ,LNI,LNI983,LNI868,30/13:41,30/13:46,31/05:56,31/06:07,16:09:07,PKU,TTE,24,28,0,0,NML,1,2025
3694,A320,PKSAU,SJV,SJV727,SJV706,30/20:47,30/20:53,31/06:04,31/06:15,9:11:00,DPS,DPS,12,28,1,1,NML,1,2025
3695,A320,PKGQH,CTV,CTV353,CTV670,31/05:08,31/05:15,31/05:49,31/05:57,0:34:00,UPG,LOP,6,28,1,1,NML,1,2025
3696,A320,PKLUK,BTK,BTK7521,BTK6589,30/20:43,30/20:50,31/05:53,31/06:02,9:03:00,HLP,CGK,14,28,1,1,NML,1,2025
3697,A320,PKPWG,PAS,PAS212,PAS213,30/20:32,30/20:42,31/05:57,31/06:05,9:15:00,CGK,CGK,4,28,1,1,NML,1,2025
3698,A320,PKBKT,BTK,BTK6413,BTK6412,30/19:42,30/19:48,31/06:13,31/06:22,10:25:00,DPS,DPS,15,28,1,1,NML,1,2025
3699,A320,PKSGC,SJV,SJV617,SJV634,30/19:47,30/19:53,31/06:27,31/06:35,10:34:00,BPN,BDJ,16,28,1,1,NML,1,2025
3700,A320,PKSAK,SJV,SJV643,SJV566,30/15:23,30/15:29,31/06:54,31/07:04,15:25:31,AAP,PLW,26,28,0,0,NML,1,2025
3701,A320,PKSJL,SJV,SJV637,SJV640,30/15:19,30/15:22,31/07:16,31/07:28,15:53:14,BDJ,AAP,C03,28,0,0,NML,1,2025
3702,B739,PKLGV,LNI,LNI311,LNI971,31/06:10,31/06:15,31/06:59,31/07:12,0:44:00,BDJ,BTH,11,28,1,1,NML,1,2025
3703,A320,PKLAJ,BTK,BTK6221,BTK6135,30/19:29,30/19:35,31/06:53,31/07:02,11:18:00,BPN,PKN,17,28,1,1,NML,1,2025
3704,DHC6,PKICP,PGT,PKICP,PKICP,30/11:38,30/11:40,31/06:47,31/06:53,19:07:00,PAG,PAG,28,28,0,0,NML,1,2025
3705,C208,PKVVO,SUS,PKVVO,PKVVO,30/17:05,30/17:09,31/07:21,31/07:25,14:12:00,BXW,BXW,29,28,0,0,NML,1,2025
3706,B738,PKGFJ,GIA,GIA328,GIA854,30/19:59,30/22:46,31/06:55,31/07:09,10:45:00,CGK,SIN,A02,28,1,1,NML,1,2025
3707,B738,PKGNC,GIA,GIA855,GIA305,30/20:50,30/23:00,31/06:58,31/07:10,10:02:56,SIN,CGK,5,28,1,1,NML,1,2025
3708,B739,PKLHP,LNI,LNI923,LNI646,30/19:50,30/19:55,31/07:11,31/07:22,11:15:17,DPS,LOP,20,28,0,0,NML,1,2025
3709,A320,PKGQO,CTV,CTV170,CTV175,31/06:32,31/06:39,31/07:23,31/07:31,0:44:00,HLP,HLP,4,28,1,1,NML,1,2025
3710,A320,PKLUU,BTK,BTK7511,BTK7510,31/06:39,31/06:45,31/07:30,31/07:37,0:45:00,HLP,HLP,9,28,1,1,NML,1,2025
3711,A320,PKAZL,AWQ,AWQ325,AWQ392,30/20:15,30/20:18,31/07:37,31/07:51,11:19:26,KUL,JHB,A01,28,1,1,NML,1,2025
3712,A320,PKGLU,CTV,CTV661,CTV460,31/06:50,31/06:56,31/07:34,31/07:50,0:38:00,DPS,AAP,6,28,1,1,NML,1,2025
3713,B739,PKLSO,LNI,LNI363,LNI693,31/06:24,31/06:30,31/07:48,31/07:58,1:18:00,BPN,CGK,21,28,0,0,NML,1,2025
3714,A339,PKLEV,LNI,LNI105,LNI102,30/12:27,30/12:33,31/08:13,31/08:32,19:40:00,JED,JED,A06,28,1,1,NML,1,2025
3715,A333,BHLV,CPA,CPA779,CPA780,30/18:11,30/18:14,31/08:06,31/08:19,13:52:00,HKG,HKG,A08,28,1,1,NML,1,2025
3716,B739,PKLSR,LNI,LNI267,LNI990,31/07:06,31/07:11,31/08:21,31/08:34,1:10:00,TRK,DPS,10,28,1,1,NML,1,2025
3717,A320,PKGQS,CTV,CTV355,CTV177,31/07:45,31/07:51,31/08:30,31/08:39,0:39:00,UPG,HLP,7,28,1,1,NML,1,2025
3718,B739,PKLGS,LNI,LNI6005,LNI856,31/08:07,31/08:13,31/09:00,31/09:15,0:47:00,BDJ,PLM,14,28,1,1,NML,1,2025
3719,A320,PKBKQ,BTK,BTK6133,BTK6581,31/08:01,31/08:06,31/09:02,31/09:26,0:56:00,LOP,CGK,11,28,1,1,NML,1,2025
3720,A320,PKSJZ,SJV,SJV619,SJV618,30/18:48,30/18:54,31/09:00,31/09:22,14:06:00,BPN,BPN,25,28,0,0,NML,1,2025
3721,E155,PKFGT,SAG,PKFGT,PKFGT,31/08:30,31/08:33,31/09:11,31/09:16,0:38:00,DHX,DHX,A01,28,0,0,NML,1,2025
3722,B738,PKLOJ,LNI,LNI837,LNI748,31/08:04,31/08:09,31/08:57,31/09:08,0:48:00,PNK,MDC,12,28,1,1,NML,1,2025
3723,B738,PKGNQ,GIA,GIA304,GIA342,31/08:29,31/08:34,31/09:29,31/09:42,0:55:00,CGK,DPS,4,28,1,1,NML,1,2025
3724,A320,PKGQH,CTV,CTV671,CTV486,31/08:17,31/08:22,31/09:14,31/09:32,0:52:30,LOP,BDJ,5,28,1,1,NML,1,2025
3725,C208,PKSNN,SMR,PKSNN,PKSNN,31/07:47,31/07:50,31/09:51,31/09:56,2:01:00,SRG,SUB,A21,28,0,0,NML,1,2025
3726,A320,PKSTI,SJV,SJV611,SJV642,31/09:04,31/09:09,31/09:55,31/10:14,0:46:00,BPN,AAP,9,28,1,1,NML,1,2025
3727,A320,PKSAU,SJV,SJV703,SJV702,31/08:26,31/08:31,31/09:29,31/09:49,0:58:00,DPS,DPS,15,28,1,1,NML,1,2025
3728,A320,9VTRW,TGW,TGW264,TGW265,31/09:06,31/09:11,31/10:01,31/10:18,0:50:00,SIN,SIN,A03,28,1,1,NML,1,2025
3729,A320,PKGLM,CTV,CTV417,CTV715,31/09:16,31/09:24,31/09:57,31/10:16,0:33:05,PNK,CGK,6,28,1,1,NML,1,2025
3730,B738,9MMLR,MAS,MAS871,MAS870,31/09:24,31/09:27,31/10:21,31/10:44,0:54:00,KUL,KUL,A07,28,1,1,NML,1,2025
3731,B735,PKNAS,LKN,LKN243,LKN242,31/08:55,31/09:00,31/09:49,31/10:12,0:49:49,SMQ,SMQ,10,28,1,1,NML,1,2025
3732,B738,9MLCP,MXD,MXD350,MXD351,31/09:20,31/09:25,31/10:25,31/10:46,1:00:00,KUL,KUL,A06,28,1,1,NML,1,2025
3733,A359,9VSHD,SIA,SIA922,SIA923,31/09:12,31/09:15,31/10:14,31/10:36,0:59:00,SIN,SIN,A08,28,1,1,NML,1,2025
3734,A320,PKLUK,BTK,BTK6584,BTK6585,31/09:51,31/09:56,31/10:46,31/10:57,0:50:00,CGK,CGK,11,28,1,1,NML,1,2025
3735,A320,PKGQG,CTV,CTV351,CTV350,31/09:37,31/09:43,31/10:21,31/10:38,0:38:00,UPG,UPG,7,28,1,1,NML,1,2025
3736,A320,PKSGC,SJV,SJV635,SJV632,31/09:29,31/09:35,31/10:18,31/10:34,0:43:00,BDJ,BDJ,12,28,1,1,NML,1,2025
3737,B739,PKLGR,LNI,LNI791,LNI262,31/09:40,31/09:45,31/10:34,31/10:48,0:49:00,UPG,BPN,14,28,1,1,NML,1,2025
3738,A320,PKPWG,PAS,PAS210,PAS211,31/09:44,31/09:52,31/10:39,31/10:53,0:47:00,CGK,CGK,5,28,1,1,NML,1,2025
3739,A320,PKLAJ,BTK,BTK6134,BTK7516,31/10:02,31/10:05,31/11:10,31/11:24,1:04:01,PKN,HLP,10,28,1,1,NML,1,2025
3740,A320,PKBKV,BTK,BTK7513,BTK6346,31/10:06,31/10:12,31/11:05,31/11:21,0:53:00,HLP,BEJ,15,28,1,1,NML,1,2025
3741,B739,PKLHP,LNI,LNI645,LNI822,31/09:58,31/10:03,31/11:00,31/11:11,0:57:00,LOP,LOP,16,28,1,1,NML,1,2025
3742,A320,PKAZG,AWQ,AWQ321,AWQ322,31/11:08,31/11:11,31/11:47,31/12:00,0:36:00,KUL,KUL,A01,28,1,1,NML,1,2025
3743,B739,PKLSZ,LNI,LNI694,LNI694,31/10:54,31/11:00,31/11:38,31/11:48,0:38:00,CGK,KOE,14,28,1,1,NML,1,2025
3744,B739,PKLVF,LNI,LNI697,LNI697,31/10:29,31/10:34,31/11:26,31/11:36,0:52:00,KOE,CGK,12,28,1,1,NML,1,2025
3745,B738,PKGNE,GIA,GIA322,GIA327,31/10:24,31/10:30,31/11:37,31/11:46,1:06:59,CGK,CGK,4,28,1,1,NML,1,2025
3746,A320,PKLUU,BTK,BTK7517,BTK7520,31/10:41,31/10:48,31/11:30,31/11:38,0:42:32,HLP,HLP,9,28,1,1,NML,1,2025
3747,B739,PKLSR,LNI,LNI805,LNI804,31/11:04,31/11:09,31/11:59,31/12:08,0:50:00,DPS,DPS,11,28,1,1,NML,1,2025
3748,A320,PKGLU,CTV,CTV461,CTV698,31/11:15,31/11:21,31/11:59,31/12:06,0:38:00,AAP,DPS,6,28,1,1,NML,1,2025
3749,B739,PKLGU,LNI,LNI693,LNI780,31/09:33,31/09:37,31/12:28,31/12:38,2:51:00,KOE,UPG,18,28,0,0,NML,1,2025
3750,A320,PKSAK,SJV,SJV567,SJV636,31/11:18,31/11:21,31/12:24,31/12:33,1:03:00,PLW,BDJ,17,28,1,1,NML,1,2025
3751,B735,PKNAT,LKN,LKN193,LKN192,31/11:34,31/11:39,31/12:23,31/12:31,0:44:24,PKN,PKN,10,28,1,1,NML,1,2025
3752,B738,PKLOR,LNI,LNI315,LNI680,31/07:54,31/07:58,31/12:53,31/13:02,4:55:17,BDJ,PKY,20,28,0,0,NML,1,2025
3753,A320,PKGQH,CTV,CTV487,CTV668,31/12:16,31/12:23,31/13:20,31/13:25,0:57:00,BDJ,DPS,7,28,1,1,NML,1,2025
3754,A320,PKBLC,BTK,BTK6596,BTK6595,31/12:54,31/13:00,31/14:03,31/14:13,1:03:00,CGK,CGK,9,28,1,1,NML,1,2025
3755,B738,PKLQZ,LNI,LNI869,LNI722,31/12:12,31/12:17,31/13:21,31/13:33,1:04:00,TTE,KDI,12,28,1,1,NML,1,2025
3756,A320,PKPWA,PAS,PAS204,PAS205,31/11:58,31/12:04,31/13:19,31/13:29,1:15:00,CGK,CGK,5,28,1,1,NML,1,2025
3757,A320,PKAZL,AWQ,AWQ393,AWQ324,31/12:50,31/12:54,31/13:31,31/13:41,0:37:00,JHB,KUL,A01,28,1,1,NML,1,2025
3758,B738,PKGFF,GIA,GIA312,GIA317,31/12:36,31/12:42,31/13:39,31/13:50,0:57:00,CGK,CGK,8,28,1,1,NML,1,2025
3759,A320,PKSGC,SJV,SJV633,SJV726,31/13:05,31/13:10,31/14:05,31/14:15,0:55:00,BDJ,LBJ,14,28,1,1,NML,1,2025
3760,B738,PKLKK,LNI,LNI839,LNI836,31/13:00,31/13:05,31/13:54,31/14:05,0:49:00,PNK,PNK,16,28,1,1,NML,1,2025
3761,B739,PKLGS,LNI,LNI857,LNI910,31/13:31,31/13:36,31/14:26,31/14:38,0:50:00,PLM,DPS,11,28,1,1,NML,1,2025
3762,A320,PKGLO,CTV,CTV431,CTV948,31/13:35,31/13:41,31/14:23,31/14:32,0:42:00,BPN,BTH,6,28,1,1,NML,1,2025
3763,A320,9VJSN,JSA,JSA247,JSA248,31/13:27,31/13:29,31/14:25,31/14:42,0:56:00,SIN,SIN,A07,28,1,1,NML,1,2025
3764,B739,PKLHP,LNI,LNI823,LNI642,31/13:43,31/13:49,31/14:55,31/15:04,1:06:00,LOP,LOP,15,28,1,1,NML,1,2025
3765,B739,PKLFO,LNI,LNI787,LNI800,31/12:47,31/12:52,31/15:05,31/15:13,2:12:57,UPG,UPG,22,28,0,0,NML,1,2025
3766,A320,PKLUS,BTK,BTK6406,BTK6220,31/15:24,31/15:28,31/16:28,31/16:36,1:00:00,CGK,BPN,8,28,1,1,NML,1,2025
3767,C208,PKSNN,SMR,PKSNN,PKSNN,31/11:54,31/11:57,31/15:20,31/15:25,3:23:00,SUB,SUB,A21,28,0,0,NML,1,2025
3768,B738,PKGUF,GIA,GIA330,GIA331,31/14:35,31/14:40,31/15:34,31/15:46,0:54:00,HLP,HLP,4,28,1,1,NML,1,2025
3769,B739,PKLSR,LNI,LNI919,LNI920,31/14:49,31/14:55,31/15:42,31/15:54,0:47:00,DPS,DPS,16,28,1,1,NML,1,2025
3770,A320,PKGLU,CTV,CTV699,CTV434,31/14:24,31/14:31,31/15:22,31/15:30,0:51:00,DPS,BPN,6,28,1,1,NML,1,2025
3771,A320,PKLUU,BTK,BTK7501,BTK7512,31/14:55,31/15:04,31/15:55,31/16:30,0:51:00,HLP,HLP,9,28,1,1,NML,1,2025
3772,B738,PKLOJ,LNI,LNI749,LNI581,31/14:40,31/14:46,31/16:24,31/16:32,1:38:00,MDC,CGK,12,28,1,1,NML,1,2025
3773,A320,PKBKV,BTK,BTK6347,BTK6401,31/15:33,31/15:39,31/16:38,31/16:48,0:59:00,BEJ,CGK,10,28,1,1,NML,1,2025
3774,B738,PKLOH,LNI,LNI879,LNI316,31/15:08,31/15:13,31/16:05,31/16:13,0:52:00,AMQ,BDJ,14,28,1,1,NML,1,2025
3775,A320,PKSAK,SJV,SJV637,SJV672,31/15:21,31/15:25,31/16:20,31/16:30,0:55:00,BDJ,BEJ,11,28,1,1,NML,1,2025
3776,B738,PKGFD,GIA,GIA310,GIA315,31/15:28,31/15:34,31/16:34,31/16:42,1:00:00,CGK,CGK,5,28,1,1,NML,1,2025
3777,B738MAX,9VMBC,SIA,SIA926,SIA927,31/15:39,31/15:42,31/16:27,31/16:40,0:45:00,SIN,SIN,A08,28,1,1,NML,1,2025
3778,A320,PKGQS,CTV,CTV174,CTV418,31/15:43,31/15:51,31/16:28,31/16:38,0:37:00,HLP,PNK,6,28,1,1,NML,1,2025
3779,B739,PKLSO,LNI,LNI692,LNI692,31/16:45,31/16:51,31/17:27,31/17:36,0:36:00,CGK,KOE,16,28,1,1,NML,1,2025
3780,A320,PKPWD,PAS,PAS206,PAS623,31/15:58,31/16:04,31/16:42,31/16:50,0:38:00,CGK,BPN,4,28,1,1,NML,1,2025
3781,A320,PKGQU,CTV,CTV669,CTV488,31/16:21,31/16:27,31/17:01,31/17:09,0:34:00,DPS,BDJ,7,28,1,1,NML,1,2025
3782,A320,PKBLD,BTK,BTK6578,BTK7579,31/17:18,31/17:23,31/18:11,31/18:23,0:48:00,CGK,CGK,9,28,1,1,NML,1,2025
3783,A320,PKAZG,AWQ,AWQ323,AWQ326,31/17:32,31/17:36,31/18:16,31/18:31,0:40:00,KUL,KUL,A01,28,1,1,NML,1,2025
3784,B738,PKLOR,LNI,LNI681,LNI838,31/15:51,31/15:57,31/17:20,31/17:32,1:23:00,PKY,PNK,15,28,1,1,NML,1,2025
3785,A320,PKSJP,SJV,SJV723,SJV708,31/17:16,31/17:20,31/18:18,31/18:29,0:58:00,DPS,DPS,11,28,1,1,NML,1,2025
3786,A320,PKPWM,PAS,PAS622,PAS207,31/17:05,31/17:12,31/18:18,31/18:34,1:06:00,BPN,CGK,5,28,1,1,NML,1,2025
3787,A320,PKSGC,SJV,SJV725,SJV716,31/17:29,31/17:35,31/18:39,31/18:46,1:04:00,LBJ,LOP,10,28,1,1,NML,1,2025
3788,B738MAX,9VMBE,SIA,SIA928,SIA929,31/17:53,31/17:56,31/18:45,31/19:02,0:49:00,SIN,SIN,A07,28,1,1,NML,1,2025
3789,B738,PKGUA,GIA,GIA320,GIA325,31/17:24,31/17:34,31/18:42,31/18:54,1:08:00,CGK,CGK,4,28,1,1,NML,1,2025
3790,A320,PKLAJ,BTK,BTK7503,BTK7502,31/18:21,31/18:27,31/19:11,31/19:19,0:44:00,HLP,HLP,9,28,1,1,NML,1,2025
3791,A320,PKGLX,CTV,CTV172,CTV173,31/18:07,31/18:15,31/18:56,31/19:05,0:41:00,HLP,HLP,7,28,1,1,NML,1,2025
3792,A320,PKBGZ,BTK,BTK6576,BTK6575,31/18:26,31/18:32,31/19:32,31/19:42,1:00:00,CGK,CGK,11,28,1,1,NML,1,2025
3793,B738,PKBBG,SJY,SJY567,SJY562,31/19:09,31/19:12,31/20:10,31/20:16,0:58:00,UPG,UPG,12,28,1,1,NML,1,2025
3794,B788,9VOFI,TGW,TGW262,TGW263,31/19:03,31/19:06,31/20:10,31/20:24,1:04:42,SIN,SIN,A07,28,1,1,NML,1,2025
3795,B739,PKLGS,LNI,LNI923,LNI880,31/16:57,31/17:03,31/21:38,31/21:46,4:35:25,DPS,UPG,18,28,0,0,NML,1,2025
3796,A320,PKPWK,PAS,PAS202,PAS203,31/19:12,31/19:18,31/19:51,31/19:59,0:33:00,CGK,CGK,7,28,1,1,NML,1,2025
3797,A320,PKSTQ,SJV,SJV619,SJV616,31/16:01,31/16:05,31/19:49,31/20:01,3:44:00,BPN,BPN,24,28,0,0,NML,1,2025
3798,A320,PKGLU,CTV,CTV435,CTV719,31/18:52,31/18:58,31/20:02,31/20:12,1:04:00,BPN,CGK,6,28,1,1,NML,1,2025
3799,B738,PKGFW,GIA,GIA326,GIA313,31/18:55,31/19:02,31/20:05,31/20:22,1:03:00,CGK,CGK,4,28,1,1,NML,1,2025
3800,A320,PKGQR,CTV,CTV722,CTV354,31/19:44,31/19:51,31/20:29,31/20:42,0:38:40,CGK,UPG,10,28,1,1,NML,1,2025
3801,A320,PKGQM,CTV,CTV489,CTV662,31/19:53,31/20:00,31/20:40,31/20:50,0:40:00,BDJ,DPS,7,28,1,1,NML,1,2025
3802,A320,PKGQC,CTV,CTV736,CTV352,31/20:13,31/20:19,31/20:53,31/20:59,0:34:00,CGK,UPG,6,28,1,1,NML,1,2025
3803,B738,PKGFR,GIA,GIA349,GIA319,31/18:16,31/18:21,31/20:43,31/20:55,2:22:53,DPS,CGK,5,28,1,1,NML,1,2025
3804,A320,PKGLS,CTV,CTV949,CTV494,31/20:34,31/20:49,31/21:31,31/21:39,0:42:00,BTH,BDJ,10,28,1,1,NML,1,2025
3805,A320,PKGLV,CTV,CTV495,CTV721,31/19:40,31/19:45,31/21:27,31/21:35,1:42:00,BDJ,CGK,9,28,1,1,NML,1,2025
3806,B738,PKLDO,MXD,MXD352,MXD353,31/21:29,31/21:32,31/22:15,31/22:32,0:43:00,KUL,KUL,A07,28,1,1,NML,1,2025
