no,act_type,reg_no,opr,flight_number_origin,flight_number_dest,ata,block_on,block_off,atd,ground_time,org,des,ps,runway,avio_a,avio_d,f_stat,bulan,tahun
1.,A320,PKGQS,CTV,CTV720,CTV430,31/22:29,31/22:38,01/04:58,01/05:11,6:20:00,CGK,BPN,006,28,1,1,NML,2,2025
2.,A320,PKLUO,BTK,BTK7521,BTK7508,31/20:19,31/20:25,01/05:07,01/05:17,8:42:00,HLP,HLP,008,28,1,1,NML,2,2025
3.,A320,PKSJL,SJV,SJV641,SJV610,31/12:19,01/00:40,01/05:01,01/05:13,16:37:24,AAP,BPN,011,28,1,0,NML,2,2025
4.,B739,PKLQR,LNI,LNI972,LNI786,31/18:42,31/23:57,01/05:03,01/05:15,10:17:00,BTH,UPG,012,28,1,0,NML,2,2025
5.,A320,PKAZG,AWQ,AWQ327,AWQ320,31/23:59,01/00:04,01/05:10,01/05:20,5:06:00,KUL,KUL,A07,28,1,1,NML,2,2025
6.,A320,PKGLM,CTV,CTV726,CTV725,31/21:16,31/21:22,01/05:38,01/05:47,8:16:00,CGK,CGK,007,28,1,1,NML,2,2025
7.,A320,V8RBA,RBA,RBA795,RBA796,31/20:02,31/20:06,01/05:44,01/05:55,9:38:00,BWN,BWN,A03,28,1,1,NML,2,2025
8.,A320,PKGQR,CTV,CTV353,CTV670,01/05:08,01/05:16,01/05:53,01/06:02,0:37:00,UPG,LOP,006,28,1,1,NML,2,2025
9.,A320,PKPWG,PAS,PAS212,PAS213,31/20:26,31/20:32,01/05:57,01/06:05,9:24:01,CGK,CGK,003,28,0,0,NML,2,2025
10.,A320,PKSGD,SJV,SJV615,SJV640,31/20:31,01/00:10,01/06:08,01/06:18,9:32:35,BPN,AAP,017,28,1,0,NML,2,2025
11.,A320,PKAZL,AWQ,AWQ325,AWQ386,31/19:14,31/19:17,01/06:12,01/06:20,10:55:00,KUL,PEN,A01,28,1,1,NML,2,2025
12.,A320,PKBKT,BTK,BTK6413,BTK6412,31/20:10,31/20:17,01/06:17,01/06:26,10:00:00,DPS,DPS,015,28,1,1,NML,2,2025
13.,B738MAX,PKOFM,AFE,AFE921,AFE921,01/05:45,01/05:51,01/06:34,01/06:45,0:43:00,CGK,TIM,005,28,1,1,NML,2,2025
14.,A320,PKSAK,SJV,SJV673,SJV634,31/20:56,31/21:03,01/06:22,01/06:30,9:19:00,BEJ,BDJ,014,28,1,1,NML,2,2025
15.,B733F,PKMYV,MYU,MYU935,MYU934,31/09:09,31/09:13,01/06:17,01/06:28,21:03:35,SRG,SIN,C02,28,0,0,NML,2,2025
16.,B739,PKLHP,LNI,LNI865,LNI971,31/17:48,31/17:53,01/07:04,01/07:18,13:11:00,LOP,BTH,022,28,0,0,NML,2,2025
17.,A320,PKBKL,BTK,BTK6370,BTK6597,01/06:09,01/06:17,01/07:15,01/07:22,0:58:00,CGK,CGK,009,28,1,1,NML,2,2025
18.,A320,PKSGC,SJV,SJV717,SJV612,01/06:00,01/06:06,01/06:54,01/07:07,0:48:00,LOP,BPN,012,28,1,1,NML,2,2025
19.,B738,PKGNG,GIA,GIA328,GIA854,31/20:06,31/22:18,01/07:00,01/07:13,10:46:00,CGK,SIN,A02,28,1,1,NML,2,2025
20.,B738,PKGFJ,GIA,GIA855,GIA305,31/20:52,31/22:42,01/07:05,01/07:15,10:09:00,SIN,CGK,004,28,1,1,NML,2,2025
21.,B739,PKLSZ,LNI,LNI695,LNI646,31/16:28,31/16:34,01/07:18,01/07:31,14:44:00,KOE,LOP,025,28,0,0,NML,2,2025
22.,A320,PKLAJ,BTK,BTK7511,BTK7510,01/06:33,01/06:39,01/07:35,01/07:39,0:56:00,HLP,HLP,010,28,1,1,NML,2,2025
23.,A320,PKGQM,CTV,CTV661,CTV460,01/06:54,01/07:00,01/07:37,01/07:44,0:37:00,DPS,AAP,007,28,1,1,NML,2,2025
24.,B739,PKLGL,LNI,LNI709,LNI693,31/18:38,31/18:44,01/08:01,01/08:19,13:17:00,UPG,CGK,020,28,0,0,NML,2,2025
25.,B739,PKLHY,LNI,LNI929,LNI982,01/07:05,01/07:11,01/08:01,01/08:15,0:50:00,DPS,PKU,014,28,1,1,NML,2,2025
26.,A320,PKGLX,CTV,CTV170,CTV175,01/07:10,01/07:17,01/07:55,01/08:04,0:38:00,HLP,HLP,006,28,1,1,NML,2,2025
27.,A333,BLAD,CPA,CPA779,CPA780,31/18:02,31/18:05,01/08:04,01/08:23,13:59:00,HKG,HKG,A08,28,1,1,NML,2,2025
28.,A339,PKLER,LNI,LNI075,LNI106,31/14:59,31/15:04,01/08:15,01/08:36,17:11:00,JED,JED,A05,28,1,1,NML,2,2025
29.,A320,PKGQL,CTV,CTV355,CTV177,01/07:28,01/07:36,01/08:20,01/08:32,0:44:00,UPG,HLP,008,28,1,1,NML,2,2025
30.,B739,PKLSO,LNI,LNI693,LNI990,01/06:58,01/07:03,01/08:20,01/08:34,1:17:00,KOE,DPS,011,28,1,1,NML,2,2025
31.,DHC6,PKICP,PGT,PKICP,PKICP,31/11:28,31/11:32,01/07:40,01/07:48,20:08:00,PAG,PAG,028,28,0,0,NML,2,2025
32.,C208,PKSNN,SMR,PKSNN,PKSNN,31/17:07,31/17:09,01/08:20,01/08:28,15:11:00,SUB,SUB,A21,28,0,0,NML,2,2025
33.,A320,9VJSJ,JSA,JSA249,JSA250,01/08:12,01/08:16,01/09:09,01/09:22,0:53:00,SIN,SIN,A03,28,1,1,NML,2,2025
34.,A320,PKLUS,BTK,BTK6221,BTK6581,31/20:18,31/20:31,01/09:03,01/09:11,12:32:00,BPN,CGK,016,28,1,1,NML,2,2025
35.,B739,PKLGW,LNI,LNI683,LNI682,01/08:09,01/08:15,01/09:15,01/09:24,1:00:00,PKY,PKY,009,28,1,1,NML,2,2025
36.,A320,PKPWE,PAS,PAS200,PAS201,01/08:21,01/08:27,01/09:14,01/09:26,0:47:00,CGK,CGK,005,28,1,1,NML,2,2025
37.,B738,PKGFM,GIA,GIA304,GIA342,01/08:29,01/08:35,01/09:30,01/09:39,0:55:00,CGK,DPS,004,28,1,1,NML,2,2025
38.,A320,PKGQR,CTV,CTV671,CTV486,01/08:24,01/08:31,01/09:10,01/09:20,0:39:00,LOP,BDJ,007,28,1,1,NML,2,2025
39.,A320,PKSTQ,SJV,SJV649,SJV706,01/07:47,01/07:53,01/09:32,01/09:41,1:39:00,BPN,DPS,017,28,1,1,NML,2,2025
40.,A320,9VTRL,TGW,TGW264,TGW265,01/08:54,01/08:58,01/09:52,01/10:02,0:54:00,SIN,SIN,A02,28,1,1,NML,2,2025
41.,B738,9MMSB,MAS,MAS871,MAS870,01/09:08,01/09:11,01/09:58,01/10:08,0:47:00,KUL,KUL,A07,28,1,1,NML,2,2025
42.,B38M,9MLRR,MXD,MXD350,MXD351,01/08:50,01/08:54,01/10:02,01/10:13,1:08:00,KUL,KUL,A01,28,1,1,NML,2,2025
43.,A359,9VSHT,SIA,SIA922,SIA923,01/09:17,01/09:21,01/10:18,01/10:35,0:57:00,SIN,SIN,A08,28,1,1,NML,2,2025
44.,A320,PKSJC,SJV,SJV611,SJV632,01/08:46,01/08:51,01/10:18,01/10:29,1:27:00,BPN,BDJ,010,28,1,1,NML,2,2025
45.,A320,PKGQN,CTV,CTV417,CTV418,01/08:59,01/09:05,01/10:15,01/10:27,1:10:00,PNK,PNK,008,28,1,1,NML,2,2025
46.,B739,PKLQR,LNI,LNI791,LNI706,01/09:55,01/10:00,01/11:17,01/11:26,1:17:00,UPG,UPG,009,28,1,1,NML,2,2025
47.,A320,PKPWG,PAS,PAS210,PAS211,01/09:32,01/09:38,01/10:26,01/10:37,0:48:00,CGK,CGK,005,28,1,1,NML,2,2025
48.,A320,PKLUU,BTK,BTK7513,BTK7516,01/10:16,01/10:25,01/11:20,01/11:28,0:55:00,HLP,HLP,011,28,1,1,NML,2,2025
49.,A320,PKLAZ,BTK,BTK6588,BTK6346,31/21:19,01/00:34,01/11:00,01/11:14,13:34:00,CGK,BEJ,021,28,0,1,NML,2,2025
50.,A320,PKSGD,SJV,SJV641,SJV642,01/09:55,01/10:02,01/11:00,01/11:09,0:58:00,AAP,AAP,012,28,1,1,NML,2,2025
51.,B739,PKLSZ,LNI,LNI645,LNI694,01/10:10,01/10:15,01/11:32,01/11:41,1:17:00,LOP,KOE,017,28,1,1,NML,2,2025
52.,A320,PKAZG,AWQ,AWQ321,AWQ322,01/11:02,01/11:05,01/11:38,01/11:50,0:33:00,KUL,KUL,A01,28,1,1,NML,2,2025
53.,B739,PKLVF,LNI,LNI690,LNI697,01/05:05,01/05:11,01/11:27,01/11:37,6:16:00,CGK,CGK,018,28,0,0,NML,2,2025
54.,B738,PKGMC,GIA,GIA322,GIA327,01/10:32,01/10:38,01/11:38,01/11:48,1:00:00,CGK,CGK,004,28,1,1,NML,2,2025
55.,A320,PKLAJ,BTK,BTK7517,BTK7520,01/10:52,01/10:58,01/11:47,01/11:58,0:49:00,HLP,HLP,010,28,1,1,NML,2,2025
56.,B739,PKLSO,LNI,LNI805,LNI804,01/11:35,01/11:40,01/12:30,01/12:44,0:50:00,DPS,DPS,012,28,1,1,NML,2,2025
57.,A339,PKLEV,LNI,LNI103,LNI074,01/08:16,01/08:21,01/12:00,01/12:13,3:39:00,JED,MED,A05,28,1,1,NML,2,2025
58.,A320,PKSAK,SJV,SJV635,SJV362,01/09:13,01/09:19,01/12:04,01/12:16,2:45:00,BDJ,KNO,015,28,1,1,NML,2,2025
59.,A320,PKGQM,CTV,CTV461,CTV698,01/11:12,01/11:19,01/12:10,01/12:18,0:51:00,AAP,DPS,007,28,1,1,NML,2,2025
60.,A320,PKSAY,SJV,SJV363,SJV636,01/11:07,01/11:13,01/12:28,01/12:37,1:15:00,KNO,BDJ,014,28,1,1,NML,2,2025
61.,B739,PKLSW,LNI,LNI801,LNI780,01/11:31,01/11:37,01/12:48,01/12:56,1:11:00,UPG,UPG,011,28,1,1,NML,2,2025
62.,A320,PKBLD,BTK,BTK6582,BTK6573,01/11:56,01/12:02,01/13:29,01/13:42,1:27:00,CGK,CGK,009,28,1,1,NML,2,2025
63.,A320,PKGQR,CTV,CTV487,CTV668,01/12:04,01/12:11,01/12:51,01/13:02,0:40:00,BDJ,DPS,008,28,1,1,NML,2,2025
64.,A320,PKAZL,AWQ,AWQ387,AWQ324,01/12:41,01/12:44,01/13:25,01/13:38,0:41:29,PEN,KUL,A01,28,1,1,NML,2,2025
65.,A320,PKPWH,PAS,PAS204,PAS205,01/12:07,01/12:15,01/13:15,01/13:30,1:00:11,CGK,CGK,005,28,1,1,NML,2,2025
66.,C208,PKSNN,SMR,PKSNN,PKSNN,01/10:27,01/10:30,01/12:46,01/12:55,2:16:00,SUB,SUB,A20,28,0,0,NML,2,2025
67.,B738,PKGNF,GIA,GIA312,GIA317,01/12:30,01/12:38,01/13:37,01/13:46,0:59:00,CGK,CGK,004,28,1,1,NML,2,2025
"68.,B738,PKLZZ,MXD,MXD352,MXD353,29/19:38,29/19:44,01/13:51,01/14:01,""2 days, 18:07:00"",KUL,KUL,A04,28,1,1,NML,2,2025"
69.,A320,PKSTI,SJV,SJV643,SJV726,31/19:00,31/19:05,01/15:30,01/15:38,20:25:00,AAP,LBJ,C04,28,0,0,NML,2,2025
70.,B738,PKLKK,LNI,LNI839,LNI836,01/13:00,01/13:06,01/14:10,01/14:16,1:04:00,PNK,PNK,016,28,1,1,NML,2,2025
71.,A320,PKGQS,CTV,CTV431,CTV948,01/13:40,01/13:46,01/14:24,01/14:37,0:38:00,BPN,BTH,006,28,1,1,NML,2,2025
72.,B733F,PKMYV,MYU,MYU935,MYU815,01/13:44,01/13:47,01/14:20,01/14:35,0:32:05,SRG,CGK,C01,28,0,0,NML,2,2025
73.,B739,PKLHY,LNI,LNI983,LNI260,01/13:49,01/13:54,01/14:51,01/15:05,0:57:00,PKU,BPN,010,28,1,1,NML,2,2025
74.,B739,PKLGR,LNI,LNI261,LNI642,01/14:03,01/14:10,01/15:02,01/15:12,0:52:00,BPN,LOP,012,28,1,1,NML,2,2025
75.,A320,PKLAI,BTK,BTK6406,BTK6220,01/15:39,01/15:45,01/16:49,01/17:00,1:04:00,CGK,BPN,011,28,1,1,NML,2,2025
76.,B738,PKGMP,GIA,GIA330,GIA331,01/14:35,01/14:42,01/15:35,01/15:48,0:53:00,HLP,HLP,004,28,1,1,NML,2,2025
77.,B739,PKLSO,LNI,LNI919,LNI920,01/15:27,01/15:32,01/16:13,01/16:21,0:41:00,DPS,DPS,014,28,1,1,NML,2,2025
78.,A320,PKLAJ,BTK,BTK7501,BTK7512,01/15:09,01/15:15,01/16:11,01/16:26,0:56:00,HLP,HLP,009,28,1,1,NML,2,2025
79.,A320,PKGQA,CTV,CTV699,CTV434,01/14:58,01/15:05,01/15:49,01/16:00,0:44:00,DPS,BPN,005,28,1,1,NML,2,2025
80.,B738,9MMXS,MAS,MAS873,MAS872,01/15:03,01/15:07,01/15:55,01/16:08,0:48:00,KUL,KUL,A07,28,1,1,NML,2,2025
81.,B738,PKLQY,LNI,LNI885,LNI581,31/20:34,01/00:16,01/15:50,01/16:05,19:06:00,UPG,CGK,024,28,0,1,NML,2,2025
82.,A320,PKLAZ,BTK,BTK6347,BTK6401,01/15:35,01/15:42,01/16:25,01/16:34,0:43:29,BEJ,CGK,012,28,1,1,NML,2,2025
83.,B739,PKLQZ,LNI,LNI727,LNI316,31/17:43,31/17:47,01/16:41,01/16:48,22:54:00,KDI,BDJ,026,28,0,0,NML,2,2025
84.,A320,PKGLX,CTV,CTV174,CTV715,01/15:19,01/15:22,01/16:14,01/16:28,0:52:00,HLP,CGK,006,28,1,1,NML,2,2025
85.,B738,PKGMC,GIA,GIA310,GIA315,01/15:46,01/15:53,01/16:50,01/17:04,0:57:00,CGK,CGK,004,28,1,1,NML,2,2025
86.,B738MAX,PKOFM,AFE,AFE920,AFE920,01/15:50,01/15:58,01/16:36,01/16:45,0:38:00,TIM,CGK,010,28,1,1,NML,2,2025
87.,B739,PKLFY,LNI,LNI707,LNI268,01/14:54,01/14:58,01/16:48,01/16:59,1:49:33,UPG,TRK,018,28,0,0,NML,2,2025
88.,B739,PKLFW,LNI,LNI692,LNI692,01/16:22,01/16:29,01/17:16,01/17:26,0:47:00,CGK,KOE,016,28,1,1,NML,2,2025
89.,A320,PKPWL,PAS,PAS206,PAS623,01/15:58,01/16:04,01/16:53,01/17:05,0:49:00,CGK,BPN,005,28,1,1,NML,2,2025
90.,B738,PKLSZ,LNI,LNI695,LNI226,01/16:03,01/16:08,01/17:42,01/17:52,1:34:00,KOE,BDJ,015,28,1,1,NML,2,2025
91.,A320,PKGQT,CTV,CTV716,CTV717,01/17:09,01/17:19,01/17:50,01/18:00,0:31:00,CGK,CGK,007,28,1,1,NML,2,2025
92.,A320,PKAZG,AWQ,AWQ323,AWQ326,01/17:28,01/17:31,01/18:04,01/18:15,0:33:00,KUL,KUL,A01,28,1,1,NML,2,2025
93.,B738,PKLOR,LNI,LNI837,LNI838,01/08:02,01/08:06,01/17:40,01/17:48,9:34:00,PNK,PNK,022,28,0,0,NML,2,2025
94.,A320,PKGQL,CTV,CTV176,CTV179,01/16:52,01/17:00,01/17:38,01/17:50,0:38:38,HLP,HLP,008,28,1,1,NML,2,2025
95.,A320,PKGQF,CTV,CTV669,CTV488,01/17:02,01/17:09,01/17:52,01/18:03,0:43:00,DPS,BDJ,006,28,1,1,NML,2,2025
96.,A320,PKSJR,SJV,SJV703,SJV708,01/17:15,01/17:25,01/18:35,01/18:46,1:10:00,DPS,DPS,011,28,1,1,NML,2,2025
97.,A320,PKPWG,PAS,PAS622,PAS207,01/17:19,01/17:29,01/18:09,01/18:16,0:40:00,BPN,CGK,005,28,1,1,NML,2,2025
98.,B739,PKLHS,LNI,LNI694,LNI800,01/10:19,01/10:24,01/18:33,01/18:39,8:09:37,CGK,UPG,020,28,0,0,NML,2,2025
99.,B738MAX,9VMBF,SIA,SIA928,SIA929,01/17:46,01/17:49,01/18:38,01/18:56,0:49:00,SIN,SIN,A07,28,1,1,NML,2,2025
100.,A320,PKLUU,BTK,BTK7503,BTK7502,01/17:57,01/18:02,01/18:47,01/18:57,0:45:00,HLP,HLP,009,28,1,1,NML,2,2025
101.,B738,PKGMW,GIA,GIA320,GIA325,01/17:35,01/17:40,01/18:40,01/18:48,1:00:00,CGK,CGK,004,28,1,1,NML,2,2025
102.,A320,PKLAW,BTK,BTK6576,BTK6575,01/19:59,01/20:05,01/20:42,01/20:55,0:37:00,CGK,CGK,012,28,1,1,NML,2,2025
103.,A320,PKGLM,CTV,CTV949,CTV494,01/18:28,01/18:34,01/19:08,01/19:15,0:34:00,BTH,BDJ,008,28,1,1,NML,2,2025
104.,B738,PKBBG,SJY,SJY567,SJY562,01/18:53,01/18:59,01/20:02,01/20:12,1:03:00,UPG,UPG,011,28,1,1,NML,2,2025
105.,A320,PKPWK,PAS,PAS202,PAS203,01/18:43,01/18:50,01/19:38,01/19:45,0:48:00,CGK,CGK,006,28,1,1,NML,2,2025
106.,A320,PKGQC,CTV,CTV736,CTV352,01/19:13,01/19:20,01/20:07,01/20:21,0:47:00,CGK,UPG,005,28,1,1,NML,2,2025
107.,A320,PKSTI,SJV,SJV725,SJV616,01/19:02,01/19:08,01/20:00,01/20:05,0:52:00,LBJ,BPN,010,28,1,1,NML,2,2025
108.,A320,PKGQA,CTV,CTV435,CTV662,01/19:23,01/19:30,01/20:16,01/20:25,0:46:00,BPN,DPS,008,28,1,1,NML,2,2025
109.,B738,PKGFM,GIA,GIA349,GIA313,01/17:54,01/18:00,01/20:07,01/20:17,2:07:00,DPS,CGK,007,28,1,1,NML,2,2025
110.,B738,PKBGZ,BTK,BTK6588,BTK6587,01/20:19,01/20:26,01/21:11,01/21:19,0:45:00,CGK,CGK,009,28,1,1,NML,2,2025
111.,A320,PKGQF,CTV,CTV495,CTV354,01/20:34,01/20:40,01/21:21,01/21:28,0:41:00,BDJ,UPG,007,28,1,1,NML,2,2025
112.,A320,PKBKU,BTK,BTK6137,BTK6136,01/20:15,01/20:21,01/22:02,01/22:11,1:41:00,UPG,UPG,010,28,1,1,NML,2,2025
113.,A320,PKGQU,CTV,CTV489,CTV719,01/21:35,01/21:41,01/22:14,01/22:22,0:33:00,BDJ,CGK,008,28,1,1,NML,2,2025
114.,B733F,,MYU,-,MYU815,--:--,--:--,03/05:01,03/05:15,None,-,CGK,C02,28,0,-,NML,2,2025
115.,A320,PKGQT,CTV,CTV720,CTV430,01/21:48,01/21:55,02/04:54,02/05:06,6:59:00,CGK,BPN,007,28,1,1,NML,2,2025
116.,A320,PKSAV,SJV,SJV613,SJV610,01/20:02,01/20:05,02/04:57,02/05:12,8:52:00,BPN,BPN,020,28,0,0,NML,2,2025
117.,B738,PKLHL,LNI,LNI709,LNI878,01/16:19,01/16:22,02/05:05,02/05:16,12:43:00,UPG,AMQ,024,28,0,0,NML,2,2025
118.,A320,PKBKY,BTK,BTK6578,BTK7508,01/21:23,01/21:30,02/05:03,02/05:18,7:33:00,CGK,HLP,012,28,1,1,NML,2,2025
119.,B739,PKLGR,LNI,LNI865,LNI786,01/17:41,01/17:47,02/05:09,02/05:22,11:22:00,LOP,UPG,018,28,0,0,NML,2,2025
120.,A320,PKAZG,AWQ,AWQ327,AWQ320,01/23:41,01/23:44,02/05:00,02/05:14,5:16:00,KUL,KUL,A03,28,1,1,NML,2,2025
121.,A320,PKLAI,BTK,BTK6221,BTK6132,01/20:22,01/20:28,02/05:24,02/05:33,8:56:00,BPN,LOP,016,28,1,1,NML,2,2025
122.,A320,PKGLP,CTV,CTV726,CTV725,01/20:43,01/20:52,02/05:38,02/05:47,8:46:00,CGK,CGK,006,28,1,1,NML,2,2025
123.,B739,PKLFG,LNI,LNI690,LNI690,02/05:10,02/05:15,02/06:00,02/06:12,0:45:00,CGK,KOE,011,28,1,1,NML,2,2025
124.,A320,PKGQC,CTV,CTV353,CTV484,02/05:04,02/05:12,02/05:52,02/05:59,0:40:00,UPG,BDJ,008,28,1,1,NML,2,2025
125.,A320,PKSGD,SJV,SJV643,SJV640,01/15:22,01/15:28,02/06:03,02/06:15,14:35:00,AAP,AAP,C05,28,0,0,NML,2,2025
126.,B739,PKLGM,LNI,LNI972,LNI882,01/16:40,01/16:45,02/06:10,02/06:22,13:25:00,BTH,UPG,017,28,1,1,NML,2,2025
127.,B738,PKLOH,LNI,LNI315,LNI868,01/10:23,01/10:28,02/05:58,02/06:07,19:30:00,BDJ,TTE,025,28,0,0,NML,2,2025
128.,A320,PKPWA,PAS,PAS212,PAS213,01/20:30,01/20:37,02/05:52,02/06:01,9:15:00,CGK,CGK,005,28,1,1,NML,2,2025
129.,A320,PKBKT,BTK,BTK6413,BTK6412,01/19:47,01/19:53,02/06:17,02/06:24,10:24:00,DPS,DPS,015,28,1,1,NML,2,2025
130.,A320,PKSAY,SJV,SJV637,SJV566,01/15:55,01/16:00,02/06:50,02/06:58,14:50:17,BDJ,PLW,C04,28,0,0,NML,2,2025
131.,B739,PKLSZ,LNI,LNI311,LNI971,02/06:04,02/06:10,02/06:57,02/07:09,0:47:00,BDJ,BTH,012,28,1,1,NML,2,2025
132.,A320,PKLUR,BTK,BTK7521,BTK6135,01/19:54,01/19:59,02/06:52,02/07:03,10:53:00,HLP,PKN,014,28,1,1,NML,2,2025
133.,B738,PKGFX,GIA,GIA326,GIA854,01/19:05,01/22:59,02/07:01,02/07:14,11:49:00,CGK,SIN,A02,28,1,1,NML,2,2025
134.,B738,PKGNG,GIA,GIA855,GIA305,01/20:57,01/23:16,02/06:56,02/07:07,9:55:00,SIN,CGK,004,28,1,1,NML,2,2025
135.,B739,PKLGL,LNI,LNI363,LNI646,02/06:19,02/06:25,02/07:13,02/07:24,0:48:20,BPN,LOP,016,28,1,1,NML,2,2025
136.,A320,PKAZL,AWQ,AWQ325,AWQ392,01/19:18,01/19:22,02/07:22,02/07:32,12:00:00,KUL,JHB,A01,28,1,1,NML,2,2025
137.,A320,PKGQA,CTV,CTV661,CTV460,02/06:56,02/07:05,02/07:42,02/07:52,0:37:00,DPS,AAP,007,28,1,1,NML,2,2025
138.,B739,PKLFW,LNI,LNI693,LNI693,02/06:47,02/06:53,02/07:49,02/07:56,0:56:00,KOE,CGK,009,28,1,1,NML,2,2025
139.,A320,PKGQJ,CTV,CTV252,CTV713,02/06:51,02/06:57,02/07:45,02/07:54,0:48:00,CGK,CGK,005,28,1,1,NML,2,2025
140.,A320,PKGQL,CTV,CTV170,CTV175,02/07:21,02/07:28,02/08:02,02/08:10,0:34:00,HLP,HLP,006,28,1,1,NML,2,2025
141.,A333,BLAQ,CPA,CPA779,CPA780,01/18:05,01/18:10,02/08:03,02/08:15,13:53:00,HKG,HKG,A08,28,1,1,NML,2,2025
142.,B739,PKLFY,LNI,LNI267,LNI990,02/07:11,02/07:17,02/08:24,02/08:38,1:07:00,TRK,DPS,011,28,1,1,NML,2,2025
143.,A320,PKBKL,BTK,BTK6572,BTK6573,02/07:26,02/07:30,02/08:31,02/08:42,1:01:00,CGK,CGK,010,28,1,1,NML,2,2025
144.,A320,PKGQN,CTV,CTV355,CTV177,02/07:35,02/07:43,02/08:27,02/08:40,0:44:17,UPG,HLP,004,28,1,1,NML,2,2025
"145.,A339,PKLET,LNI,LNI107,LNI078,31/17:39,31/17:44,02/09:00,02/09:18,""1 day, 15:16:00"",JED,MED,A06,28,1,1,NML,2,2025"
146.,A320,PKSJR,SJV,SJV727,SJV618,01/20:53,01/20:58,02/09:01,02/09:16,12:03:00,DPS,BPN,022,28,0,0,NML,2,2025
147.,B738,PKLOJ,LNI,LNI315,LNI222,02/07:45,02/07:51,02/08:59,02/09:13,1:08:00,BDJ,BDJ,012,28,1,1,NML,2,2025
148.,A320,PKLAI,BTK,BTK6133,BTK6581,02/08:18,02/08:24,02/09:16,02/09:26,0:52:11,LOP,CGK,009,28,1,1,NML,2,2025
149.,B738,PKLOR,LNI,LNI837,LNI748,02/08:21,02/08:26,02/09:27,02/09:40,1:01:31,PNK,MDC,014,28,1,1,NML,2,2025
150.,B739,PKLGW,LNI,LNI683,LNI856,02/08:12,02/08:15,02/09:20,02/09:32,1:05:58,PKY,PLM,015,28,1,1,NML,2,2025
151.,B739,PKLSO,LNI,LNI929,LNI682,02/07:01,02/07:07,02/09:21,02/09:39,2:13:59,DPS,PKY,017,28,1,1,NML,2,2025
152.,A320,PKPWE,PAS,PAS200,PAS201,02/08:32,02/08:37,02/09:23,02/09:28,0:46:11,CGK,CGK,005,28,1,1,NML,2,2025
153.,B738,PKGMD,GIA,GIA304,GIA342,02/08:25,02/08:31,02/09:28,02/09:42,0:57:00,CGK,DPS,008,28,1,1,NML,2,2025
154.,A320,PKGQC,CTV,CTV485,CTV486,02/08:28,02/08:35,02/09:22,02/09:30,0:47:12,BDJ,BDJ,007,28,1,1,NML,2,2025
"155.,A320,PKSJP,SJV,SJV727,SJV706,31/20:48,31/23:44,02/09:55,02/10:08,""1 day, 13:02:10"",DPS,DPS,C03,28,0,1,NML,2,2025"
156.,B738,PKLZZ,MXD,MXD352,MXD353,01/20:38,01/20:44,02/09:44,02/09:58,13:00:00,KUL,KUL,A04,28,1,1,NML,2,2025
157.,C208,PKSNN,SMR,PKSNN,PKSNN,01/15:02,01/15:08,02/09:45,02/09:52,18:37:00,ZZZZ,ZZZZ,A21,28,0,0,NML,2,2025
158.,B738,9MMLT,MAS,MAS871,MAS870,02/09:24,02/09:27,02/10:20,02/10:30,0:53:45,KUL,KUL,A07,28,1,1,NML,2,2025
159.,B738MAX,9MLRR,MXD,MXD350,MXD351,02/09:07,02/09:12,02/10:05,02/10:22,0:53:00,KUL,KUL,A03,28,1,1,NML,2,2025
160.,B735,PKNAS,LKN,LKN243,LKN242,02/09:03,02/09:07,02/09:52,02/10:05,0:45:22,SMQ,SMQ,011,28,1,1,NML,2,2025
161.,A359,9VSHP,SIA,SIA922,SIA923,02/09:10,02/09:14,02/10:13,02/10:26,0:59:00,SIN,SIN,A08,28,1,1,NML,2,2025
162.,A320,PKSJC,SJV,SJV633,SJV632,01/13:36,01/15:00,02/10:27,02/10:36,20:46:45,BDJ,BDJ,021,28,0,1,NML,2,2025
163.,A320,PKGQH,CTV,CTV417,CTV418,02/09:13,02/09:18,02/10:21,02/10:28,1:03:00,PNK,PNK,006,28,1,1,NML,2,2025
164.,B739,PKLGM,LNI,LNI791,LNI706,02/10:00,02/10:06,02/11:00,02/11:11,0:54:00,UPG,UPG,009,28,1,1,NML,2,2025
165.,A339,PKLER,LNI,LNI107,LNI104,02/08:36,02/08:40,02/10:46,02/11:03,2:06:03,JED,JED,A05,28,1,1,NML,2,2025
166.,B739,PKLGO,LNI,LNI970,LNI973,02/09:47,02/09:53,02/10:52,02/11:07,0:59:00,BTH,BTH,014,28,1,1,NML,2,2025
167.,A320,PKLUQ,BTK,BTK7513,BTK7516,02/10:02,02/10:09,02/10:51,02/11:05,0:42:27,HLP,HLP,010,28,1,1,NML,2,2025
168.,A320,PKLUR,BTK,BTK6134,BTK6346,02/09:35,02/09:41,02/10:48,02/10:56,1:07:00,PKN,BEJ,012,28,1,1,NML,2,2025
169.,B739,PKLGL,LNI,LNI645,LNI822,02/09:55,02/10:00,02/11:00,02/11:09,1:00:00,LOP,LOP,015,28,1,1,NML,2,2025
170.,B739,PKLGU,LNI,LNI694,LNI262,02/10:19,02/10:24,02/11:24,02/11:34,1:00:00,CGK,BPN,011,28,1,1,NML,2,2025
171.,B738,PKLKP,LNI,LNI787,LNI694,02/09:00,02/09:05,02/11:28,02/11:38,2:23:00,UPG,KOE,016,28,1,1,NML,2,2025
172.,A320,PKAZG,AWQ,AWQ321,AWQ322,02/11:00,02/11:03,02/11:42,02/11:55,0:39:00,KUL,KUL,A03,28,1,1,NML,2,2025
173.,B739,PKLFG,LNI,LNI697,LNI697,02/10:42,02/10:49,02/11:44,02/11:58,0:55:00,KOE,CGK,017,28,1,1,NML,2,2025
174.,A320,PKBLA,BTK,BTK7517,BTK7520,02/10:46,02/10:53,02/11:48,02/12:04,0:55:00,HLP,HLP,007,28,1,1,NML,2,2025
175.,B738,PKGMI,GIA,GIA322,GIA327,02/10:01,02/10:11,02/11:23,02/11:32,1:12:00,CGK,CGK,004,28,1,1,NML,2,2025
176.,B739,PKLFY,LNI,LNI805,LNI804,02/11:15,02/11:20,02/12:06,02/12:17,0:46:31,DPS,DPS,012,28,1,1,NML,2,2025
177.,A320,PKBLD,BTK,BTK6582,BTK6585,02/11:49,02/11:54,02/12:44,02/12:55,0:50:00,CGK,CGK,010,28,1,1,NML,2,2025
178.,A320,PKGQA,CTV,CTV461,CTV698,02/11:23,02/11:30,02/12:13,02/12:21,0:43:51,AAP,DPS,005,28,1,1,NML,2,2025
179.,B739,PKLHM,LNI,LNI801,LNI780,02/13:47,02/13:53,02/14:59,02/15:14,1:06:00,UPG,UPG,010,28,1,1,NML,2,2025
180.,A320,PKSTA,SJV,SJV567,SJV636,02/11:29,02/11:35,02/12:31,02/12:39,0:56:16,PLW,BDJ,014,28,1,1,NML,2,2025
181.,B735,PKNAT,LKN,LKN193,LKN192,02/11:56,02/12:00,02/12:38,02/12:48,0:38:00,PKN,PKN,009,28,1,1,NML,2,2025
182.,B738,PKLOJ,LNI,LNI223,LNI680,02/12:11,02/12:17,02/13:15,02/13:28,0:58:00,BDJ,PKY,008,28,1,1,NML,2,2025
183.,A320,PKBKL,BTK,BTK6596,BTK6595,02/12:28,02/12:33,02/13:29,02/13:45,0:56:00,CGK,CGK,012,28,1,1,NML,2,2025
184.,A320,PKAZL,AWQ,AWQ393,AWQ324,02/12:46,02/12:49,02/13:31,02/13:50,0:42:00,JHB,KUL,A03,28,1,1,NML,2,2025
185.,A320,PKPWJ,PAS,PAS204,PAS205,02/12:14,02/12:21,02/13:17,02/13:33,0:56:00,CGK,CGK,004,28,1,1,NML,2,2025
186.,B738,PKLOH,LNI,LNI869,LNI722,02/12:02,02/12:06,02/13:22,02/13:37,1:16:00,TTE,KDI,011,28,1,1,NML,2,2025
187.,A320,PKGQC,CTV,CTV487,CTV668,02/12:06,02/12:12,02/13:24,02/13:41,1:12:00,BDJ,DPS,007,28,1,1,NML,2,2025
188.,C208,PKSNN,SMR,PKSNN,PKSNN,02/11:52,02/11:58,02/13:53,02/14:03,1:55:00,ZZZZ,SUB,A21,28,0,0,NML,2,2025
189.,A320,9VJSN,JSA,JSA247,JSA248,02/13:52,02/13:55,02/14:36,02/14:50,0:41:00,SIN,SIN,A07,28,1,1,NML,2,2025
190.,A320,PKSJC,SJV,SJV633,SJV726,02/13:27,02/13:31,02/14:35,02/14:43,1:04:00,BDJ,LBJ,015,28,1,1,NML,2,2025
191.,B738,PKLKK,LNI,LNI839,LNI836,02/14:00,02/14:05,02/14:47,02/14:58,0:42:00,PNK,PNK,016,28,1,1,NML,2,2025
192.,A320,PKGQG,CTV,CTV716,CTV717,02/13:43,02/13:50,02/14:28,02/14:40,0:38:00,CGK,CGK,007,28,1,1,NML,2,2025
193.,A320,PKGQT,CTV,CTV431,CTV948,02/13:39,02/13:45,02/14:33,02/14:42,0:48:00,BPN,BTH,006,28,1,1,NML,2,2025
194.,A320,PKLUW,BTK,BTK7515,BTK7514,02/14:04,02/14:10,02/15:04,02/15:24,0:54:00,HLP,HLP,009,28,1,1,NML,2,2025
195.,B738,PKGUF,GIA,GIA312,GIA317,02/13:29,02/13:38,02/14:57,02/15:10,1:19:00,CGK,CGK,004,28,1,1,NML,2,2025
196.,B739,PKLGM,LNI,LNI707,LNI642,02/14:52,02/14:58,02/15:57,02/16:07,0:59:00,UPG,LOP,017,28,1,1,NML,2,2025
197.,A320,PKPWK,PAS,PAS208,PAS209,02/14:08,02/14:14,02/15:03,02/15:18,0:49:00,CGK,CGK,005,28,1,1,NML,2,2025
198.,A320,PKBKQ,BTK,BTK6406,BTK6220,02/15:20,02/15:27,02/16:28,02/16:36,1:01:00,CGK,BPN,008,28,1,1,NML,2,2025
199.,B738,PKGFU,GIA,GIA330,GIA331,02/14:33,02/14:40,02/15:27,02/15:39,0:47:00,HLP,HLP,006,28,1,1,NML,2,2025
200.,B739,PKLGL,LNI,LNI823,LNI920,02/13:35,02/13:40,02/15:55,02/16:03,2:15:00,LOP,DPS,011,28,1,1,NML,2,2025
201.,A320,PKBLA,BTK,BTK7501,BTK7512,02/15:40,02/15:48,02/16:41,02/16:47,0:53:00,HLP,HLP,009,28,1,1,NML,2,2025
202.,A320,PKGQA,CTV,CTV699,CTV434,02/15:01,02/15:10,02/15:52,02/16:01,0:42:00,DPS,BPN,007,28,1,1,NML,2,2025
203.,B738,PKLOR,LNI,LNI749,LNI581,02/15:34,02/15:40,02/16:41,02/16:53,1:01:00,MDC,CGK,012,28,1,1,NML,2,2025
204.,B738,9MMLM,MAS,MAS873,MAS872,02/15:49,02/15:53,02/16:35,02/16:49,0:42:00,KUL,KUL,A07,28,1,1,NML,2,2025
205.,A320,PKSJI,SJV,SJV611,SJV672,02/14:38,02/14:43,02/15:57,02/16:04,1:14:00,BPN,BEJ,014,28,1,1,NML,2,2025
206.,A320,PKLUR,BTK,BTK6347,BTK6401,02/15:08,02/15:13,02/16:10,02/16:20,0:57:00,BEJ,CGK,010,28,1,1,NML,2,2025
207.,C208,PKSNN,SMR,PKSNN,PKSNN,02/15:40,02/15:41,02/16:15,02/16:25,0:34:00,SUB,SUB,A21,28,0,0,NML,2,2025
208.,A320,PKGQN,CTV,CTV174,CTV715,02/15:45,02/15:51,02/16:30,02/16:38,0:39:00,HLP,CGK,005,28,1,1,NML,2,2025
209.,CL600,PKIDR,RJP,PKIDR,PKIDR,01/16:52,01/16:58,02/16:27,02/16:37,23:28:05,HLP,HLP,A09,28,0,0,NML,2,2025
210.,B738,PKGMI,GIA,GIA310,GIA315,02/15:30,02/15:38,02/16:39,02/16:51,1:01:00,CGK,CGK,004,28,1,1,NML,2,2025
211.,B739,PKLFY,LNI,LNI919,LNI268,02/14:48,02/14:53,02/16:50,02/16:57,1:57:00,DPS,TRK,020,28,0,0,NML,2,2025
212.,B739,PKLFF,LNI,LNI692,LNI692,02/17:57,02/18:03,02/18:34,02/18:52,0:31:00,CGK,KOE,014,28,1,1,NML,2,2025
213.,A320,PKPWA,PAS,PAS206,PAS623,02/15:59,02/16:05,02/16:52,02/17:00,0:47:00,CGK,BPN,006,28,1,1,NML,2,2025
214.,B739,PKLGW,LNI,LNI857,LNI316,02/13:56,02/14:00,02/17:15,02/17:23,3:15:00,PLM,BDJ,018,28,0,0,NML,2,2025
215.,A339,PKLEV,LNI,LNI075,LNI100,02/14:56,02/15:02,02/17:13,02/17:29,2:11:00,JED,JED,A06,28,1,1,NML,2,2025
216.,B738,PKLOH,LNI,LNI727,LNI226,02/17:51,02/17:56,02/19:00,02/19:06,1:04:00,KDI,BDJ,012,28,1,1,NML,2,2025
217.,A320,PKBKM,BTK,BTK6578,BTK7579,02/17:05,02/17:12,02/18:02,02/18:20,0:50:00,CGK,CGK,009,28,1,1,NML,2,2025
218.,A320,PKAZG,AWQ,AWQ323,AWQ326,02/17:55,02/17:58,02/18:34,02/18:47,0:36:00,KUL,KUL,A01,28,1,1,NML,2,2025
219.,B738,PKLOJ,LNI,LNI681,LNI838,02/16:29,02/16:36,02/17:32,02/17:41,0:56:00,PKY,PNK,010,28,1,1,NML,2,2025
220.,A320,PKGQS,CTV,CTV669,CTV488,02/16:54,02/17:01,02/17:38,02/17:48,0:37:00,DPS,BDJ,007,28,1,1,NML,2,2025
221.,A320,PKPWG,PAS,PAS622,PAS207,02/17:13,02/17:19,02/18:16,02/18:25,0:57:00,BPN,CGK,005,28,1,1,NML,2,2025
222.,A320,PKSGD,SJV,SJV643,SJV708,02/15:16,02/15:25,02/19:27,02/19:37,4:02:00,AAP,DPS,024,28,0,0,NML,2,2025
223.,A320,PKSAS,SJV,SJV619,SJV716,02/16:24,02/16:29,02/18:50,02/18:57,2:21:00,BPN,LOP,022,28,0,0,NML,2,2025
224.,A320,PKLUO,BTK,BTK7503,BTK7502,02/18:03,02/18:09,02/19:03,02/19:09,0:54:00,HLP,HLP,011,28,1,1,NML,2,2025
225.,B738,PKGFJ,GIA,GIA320,GIA325,02/18:00,02/18:06,02/18:53,02/19:02,0:47:00,CGK,CGK,004,28,1,1,NML,2,2025
226.,B738MAX,9VMBE,SIA,SIA928,SIA929,02/18:07,02/18:11,02/19:07,02/19:09,0:56:00,SIN,SIN,A06,28,1,1,NML,2,2025
227.,A320,PKGQM,CTV,CTV718,CTV711,02/18:18,02/18:26,02/19:08,02/19:19,0:42:00,CGK,CGK,007,28,1,1,NML,2,2025
228.,B738,PKBBG,SJY,SJY567,SJY562,02/18:51,02/18:58,02/19:52,02/20:09,0:54:00,UPG,UPG,009,28,1,1,NML,2,2025
229.,A320,PKGLP,CTV,CTV949,CTV494,02/18:59,02/19:05,02/19:40,02/19:49,0:35:00,BTH,BDJ,006,28,1,1,NML,2,2025
230.,B789,9VOJI,TGW,TGW262,TGW263,02/18:34,02/18:38,02/19:55,02/20:03,1:17:00,SIN,SIN,A07,28,1,1,NML,2,2025
231.,B739,PKLHL,LNI,LNI879,LNI880,02/15:11,02/15:17,02/19:46,02/19:58,4:29:00,AMQ,UPG,025,28,0,0,NML,2,2025
232.,A320,PKBLA,BTK,BTK7519,BTK7518,02/20:00,02/20:07,02/20:49,02/20:58,0:42:00,HLP,HLP,010,28,1,1,NML,2,2025
233.,A320,PKPWK,PAS,PAS202,PAS203,02/18:55,02/19:02,02/19:46,02/19:59,0:44:00,CGK,CGK,005,28,1,1,NML,2,2025
234.,A320,PKSTI,SJV,SJV703,SJV616,02/19:13,02/19:18,02/20:07,02/20:21,0:49:54,DPS,BPN,012,28,1,1,NML,2,2025
235.,B738,PKGMU,GIA,GIA349,GIA313,02/18:11,02/18:19,02/20:07,02/20:19,1:48:00,DPS,CGK,008,28,1,1,NML,2,2025
236.,A320,PKGQA,CTV,CTV435,CTV662,02/19:17,02/19:24,02/20:02,02/20:13,0:38:00,BPN,DPS,007,28,1,1,NML,2,2025
237.,A320,PKGQR,CTV,CTV736,CTV352,02/19:25,02/19:32,02/20:15,02/20:23,0:43:23,CGK,UPG,004,28,1,1,NML,2,2025
238.,B738,PKLZV,BTK,BTK6588,BTK6587,02/19:22,02/19:27,02/20:26,02/20:37,0:59:00,CGK,CGK,014,28,1,1,NML,2,2025
239.,A320,PKGQS,CTV,CTV495,CTV354,02/20:11,02/20:18,02/20:57,02/21:05,0:39:00,BDJ,UPG,009,28,1,1,NML,2,2025
240.,A320,PKLUS,BTK,BTK6137,BTK6136,02/19:47,02/19:55,02/22:00,02/22:06,2:05:00,UPG,UPG,016,28,1,1,NML,2,2025
241.,A320,PKGLG,CTV,CTV489,CTV719,02/21:37,02/21:45,02/22:13,02/22:22,0:27:18,BDJ,CGK,007,28,1,1,NML,2,2025
242.,B739,PKLGM,LNI,LNI865,LNI786,02/18:45,02/18:51,03/05:03,03/05:18,10:12:00,LOP,UPG,017,28,1,1,NML,2,2025
243.,A320,PKSAY,SJV,SJV637,SJV610,02/15:27,02/15:32,03/04:58,03/05:08,13:26:15,BDJ,BPN,021,28,0,0,NML,2,2025
244.,A320,PKLAM,BTK,BTK6576,BTK7508,02/22:11,02/22:18,03/05:01,03/05:15,6:42:27,CGK,HLP,012,28,1,1,NML,2,2025
245.,A320,PKGQJ,CTV,CTV726,CTV430,02/21:03,02/21:09,03/04:52,03/05:04,7:43:00,CGK,BPN,006,28,1,1,NML,2,2025
246.,B733F,PKMYV,MYU,MYU935,MYU815,02/12:33,02/12:37,03/05:01,03/05:15,16:23:31,SRG,CGK,C02,28,0,0,NML,2,2025
247.,B738,PKLKP,LNI,LNI695,LNI878,02/15:53,02/15:58,03/05:09,03/05:20,13:11:49,KOE,AMQ,C03,28,0,0,NML,2,2025
248.,A320,PKAZL,AWQ,AWQ325,AWQ320,02/19:35,02/19:38,03/05:01,03/05:12,9:23:00,KUL,KUL,A01,28,1,1,NML,2,2025
249.,A320,PKLAJ,BTK,BTK7521,BTK6132,02/20:14,02/20:20,03/05:14,03/05:23,8:54:00,HLP,LOP,011,28,1,1,NML,2,2025
250.,A320,PKGLS,CTV,CTV720,CTV725,02/22:18,02/22:23,03/05:41,03/05:50,7:18:00,CGK,CGK,008,28,1,1,NML,2,2025
251.,A320,V8RBB,RBA,RBA795,RBA796,02/20:35,02/20:39,03/05:42,03/05:54,9:03:00,BWN,BWN,A07,28,1,1,NML,2,2025
252.,A320,PKGQR,CTV,CTV353,CTV484,03/05:06,03/05:14,03/05:54,03/06:08,0:40:00,UPG,BDJ,007,28,1,1,NML,2,2025
253.,A320,PKPWF,PAS,PAS212,PAS213,02/20:44,02/20:51,03/05:59,03/06:09,9:07:48,CGK,CGK,004,28,1,1,NML,2,2025
254.,A320,PKBKT,BTK,BTK6413,BTK6589,02/19:55,02/20:00,03/06:08,03/06:17,10:08:00,DPS,CGK,020,28,0,0,NML,2,2025
255.,A320,PKSJC,SJV,SJV725,SJV640,02/18:14,02/18:20,03/05:54,03/06:04,11:34:00,LBJ,AAP,015,28,1,1,NML,2,2025
256.,A320,PKSGD,SJV,SJV727,SJV706,02/22:08,02/22:13,03/06:01,03/06:11,7:47:14,DPS,DPS,010,28,1,1,NML,2,2025
257.,A320,PKBKQ,BTK,BTK6221,BTK6412,02/20:06,02/20:10,03/06:21,03/06:31,10:10:15,BPN,DPS,022,28,0,0,NML,2,2025
258.,A320,PKSGB,SJV,SJV717,SJV566,03/05:58,03/06:03,03/06:49,03/06:58,0:46:00,LOP,PLW,012,28,1,1,NML,2,2025
259.,A320,PKBKU,BTK,BTK6586,BTK6135,02/20:39,02/20:45,03/06:54,03/07:01,10:09:00,CGK,PKN,014,28,1,1,NML,2,2025
260.,A320,PKBLC,BTK,BTK6370,BTK6597,03/06:06,03/06:12,03/07:14,03/07:24,1:02:00,CGK,CGK,016,28,1,1,NML,2,2025
"261.,DHC6,PKICP,PGT,PKICP,PKICP,01/10:47,01/10:48,03/06:45,03/06:49,""1 day, 19:57:00"",PAG,PAG,028,28,0,0,NML,2,2025"
262.,B739,PKLHP,LNI,LNI311,LNI971,03/06:02,03/06:07,03/07:22,03/07:30,1:15:00,BDJ,BTH,011,28,1,1,NML,2,2025
263.,B738,PKGFX,GIA,GIA855,GIA854,02/20:56,02/20:59,03/07:00,03/07:14,10:00:06,SIN,SIN,A02,28,1,1,NML,2,2025
264.,B738,PKGMW,GIA,GIA324,GIA305,02/19:51,02/19:57,03/06:55,03/07:05,10:58:00,CGK,CGK,005,28,1,1,NML,2,2025
265.,A320,PKLZH,BTK,BTK7511,BTK7510,03/06:42,03/06:49,03/07:31,03/07:47,0:42:00,HLP,HLP,010,28,1,1,NML,2,2025
266.,A320,PKAZG,AWQ,AWQ327,AWQ392,03/00:12,03/00:16,03/07:39,03/07:50,7:23:00,KUL,JHB,A03,28,1,1,NML,2,2025
267.,EC135,PKFGJ,SAG,PKFGJ,PKFGJ,03/07:19,03/07:21,03/07:26,03/07:29,0:05:00,DHX,DHX,A01,28,0,0,NML,2,2025
268.,A320,PKGQA,CTV,CTV661,CTV460,03/06:40,03/06:46,03/07:30,03/07:42,0:44:00,DPS,AAP,006,28,1,1,NML,2,2025
269.,B739,PKLFF,LNI,LNI693,LNI693,03/06:50,03/06:57,03/07:43,03/07:56,0:46:00,KOE,CGK,009,28,1,1,NML,2,2025
"270.,C208,PKVVO,SUS,PKVVO,SUS6197,31/09:18,31/09:21,03/08:21,03/08:29,""2 days, 23:00:00"",BXW,BXW,029,28,0,0,NML,2,2025"
271.,C208,PKSNN,SMR,PKSNN,PKSNN,02/17:45,02/17:48,03/08:29,03/08:32,14:41:00,SUB,UPG,A21,28,0,0,NML,2,2025
272.,A320,PKGQL,CTV,CTV170,CTV175,03/07:21,03/07:27,03/08:08,03/08:17,0:41:00,HLP,HLP,005,28,1,1,NML,2,2025
273.,A333,BLAK,CPA,CPA779,CPA780,02/18:22,02/18:26,03/08:04,03/08:16,13:38:00,HKG,HKG,A08,28,1,1,NML,2,2025
274.,B739,PKLFY,LNI,LNI267,LNI990,03/07:12,03/07:20,03/08:55,03/09:10,1:35:00,TRK,DPS,012,28,1,1,NML,2,2025
275.,A320,PKGQC,CTV,CTV355,CTV177,03/07:39,03/07:46,03/08:29,03/08:42,0:43:00,UPG,HLP,007,28,1,1,NML,2,2025
276.,A320,PKLAJ,BTK,BTK6133,BTK6581,03/07:53,03/07:58,03/08:48,03/08:59,0:50:00,LOP,CGK,010,28,1,1,NML,2,2025
277.,A320,PKSJI,SJV,SJV673,SJV618,02/20:17,02/20:22,03/08:57,03/09:12,12:35:00,BEJ,BPN,025,28,0,0,NML,2,2025
278.,B739,PKLGO,LNI,LNI972,LNI856,02/20:26,02/20:31,03/08:50,03/09:04,12:18:50,BTH,PLM,024,28,0,0,NML,2,2025
279.,B739,PKLFO,LNI,LNI929,LNI748,03/06:53,03/06:59,03/09:15,03/09:32,2:16:00,DPS,MDC,020,28,0,0,NML,2,2025
"280.,AW139,PKTVN,TVR,PKTVN,PKTVN,30/13:46,30/13:50,03/09:21,03/09:31,""3 days, 19:31:00"",ZZZZ,ZZZZ,H02,28,0,0,NML,2,2025"
281.,A320,PKPWE,PAS,PAS200,PAS201,03/08:23,03/08:30,03/09:15,03/09:30,0:45:00,CGK,CGK,005,28,1,1,NML,2,2025
282.,A320,PKSJR,SJV,SJV613,SJV632,02/22:04,02/22:08,03/09:23,03/09:43,11:14:37,BPN,BDJ,026,28,0,0,NML,2,2025
283.,B738,PKGNR,GIA,GIA304,GIA342,03/08:20,03/08:28,03/09:24,03/09:45,0:56:00,CGK,DPS,004,28,1,1,NML,2,2025
284.,A320,PKGQR,CTV,CTV485,CTV486,03/08:38,03/08:44,03/09:22,03/09:39,0:38:00,BDJ,BDJ,006,28,1,1,NML,2,2025
285.,A320,9VTRK,TGW,TGW264,TGW265,03/09:02,03/09:06,03/10:00,03/10:18,0:54:00,SIN,SIN,A02,28,1,1,NML,2,2025
286.,B738MAX,9MLRM,MXD,MXD352,MXD353,02/20:30,02/20:34,03/09:52,03/10:03,13:18:00,KUL,KUL,A04,28,1,1,NML,2,2025
287.,B738,9MMLK,MAS,MAS871,MAS870,03/09:14,03/09:17,03/10:01,03/10:13,0:44:00,KUL,KUL,A07,28,1,1,NML,2,2025
288.,B738MAX,9MLRV,MXD,MXD350,MXD351,03/08:56,03/09:00,03/10:08,03/10:21,1:08:00,KUL,KUL,A03,28,1,1,NML,2,2025
289.,B735,PKNAS,LKN,LKN243,LKN242,03/09:18,03/09:24,03/10:05,03/10:16,0:41:00,SMQ,SMQ,011,28,1,1,NML,2,2025
290.,A359,9VSHI,SIA,SIA922,SIA923,03/09:08,03/09:11,03/10:13,03/10:30,1:02:00,SIN,SIN,A08,28,1,1,NML,2,2025
291.,A320,PKGLO,CTV,CTV351,CTV350,03/09:28,03/09:35,03/10:22,03/10:33,0:47:00,UPG,UPG,007,28,1,1,NML,2,2025
292.,B739,PKLHQ,LNI,LNI690,LNI262,03/05:02,03/05:07,03/10:28,03/10:39,5:20:10,CGK,BPN,021,28,0,0,NML,2,2025
293.,B739,PKLGM,LNI,LNI791,LNI706,03/09:23,03/09:29,03/10:33,03/10:54,1:04:00,UPG,UPG,009,28,1,1,NML,2,2025
294.,A320,PKPWF,PAS,PAS210,PAS211,03/09:41,03/09:50,03/10:31,03/10:41,0:41:00,CGK,CGK,005,28,1,1,NML,2,2025
295.,B739,PKLGP,LNI,LNI970,LNI973,03/09:57,03/10:03,03/11:24,03/11:39,1:21:00,BTH,BTH,014,28,1,1,NML,2,2025
296.,A320,PKBKU,BTK,BTK6134,BTK7516,03/09:34,03/09:36,03/13:35,03/13:44,3:59:00,PKN,HLP,024,28,0,0,NML,2,2025
297.,A320,PKAZL,AWQ,AWQ321,AWQ322,03/10:44,03/10:47,03/11:27,03/11:40,0:40:00,KUL,KUL,A01,28,1,1,NML,2,2025
298.,B739,PKLSH,LNI,LNI694,LNI694,03/11:07,03/11:12,03/11:56,03/12:05,0:44:00,CGK,KOE,015,28,1,1,NML,2,2025
299.,B738,PKLOJ,LNI,LNI837,LNI697,03/08:04,03/08:08,03/11:30,03/11:44,3:22:00,PNK,CGK,C05,28,0,0,NML,2,2025
300.,DHC6,PKICP,PGT,PKICP,PKICP,03/09:54,03/09:57,03/10:40,03/10:50,0:43:00,PAG,PAG,028,28,0,0,NML,2,2025
301.,A320,PKLZH,BTK,BTK7517,BTK7520,03/11:03,03/11:09,03/11:59,03/12:07,0:50:00,HLP,HLP,008,28,1,1,NML,2,2025
302.,B738,PKGFR,GIA,GIA322,GIA327,03/10:28,03/10:35,03/11:34,03/11:46,0:59:00,CGK,CGK,004,28,1,1,NML,2,2025
303.,A320,PKBLC,BTK,BTK6582,BTK6585,03/11:36,03/11:43,03/12:38,03/12:46,0:55:00,CGK,CGK,014,28,1,1,NML,2,2025
304.,A320,PKGQA,CTV,CTV461,CTV698,03/11:17,03/11:24,03/12:03,03/12:15,0:39:00,AAP,DPS,006,28,1,1,NML,2,2025
305.,B739,PKLHM,LNI,LNI801,LNI780,03/11:24,03/11:30,03/12:49,03/12:57,1:19:00,UPG,UPG,009,28,1,1,NML,2,2025
306.,A320,PKSGB,SJV,SJV567,SJV636,03/11:33,03/11:40,03/12:31,03/12:43,0:51:00,PLW,BDJ,012,28,1,1,NML,2,2025
307.,B735,PKNAT,LKN,LKN193,LKN192,03/11:42,03/11:47,03/12:26,03/12:37,0:39:00,PKN,PKN,011,28,1,1,NML,2,2025
308.,A339,PKLET,LNI,LNI079,LNI074,03/10:56,03/11:01,03/12:47,03/13:00,1:46:00,JED,MED,A06,28,1,1,NML,2,2025
309.,B738,PKLOH,LNI,LNI315,LNI680,03/07:58,03/08:03,03/12:53,03/13:00,4:50:00,BDJ,PKY,C04,28,0,0,NML,2,2025
310.,A320,PKGQR,CTV,CTV487,CTV668,03/12:09,03/12:16,03/12:53,03/13:02,0:37:00,BDJ,DPS,007,28,1,1,NML,2,2025
311.,B738,PKLQY,LNI,LNI709,LNI722,02/19:32,02/19:38,03/13:46,03/13:55,18:08:00,UPG,KDI,018,28,0,0,NML,2,2025
312.,A320,PKPWJ,PAS,PAS204,PAS205,03/12:03,03/12:08,03/13:18,03/13:25,1:10:00,CGK,CGK,005,28,1,1,NML,2,2025
313.,A320,PKAZG,AWQ,AWQ393,AWQ324,03/12:41,03/12:44,03/13:27,03/13:39,0:43:00,JHB,KUL,A01,28,1,1,NML,2,2025
314.,A339,PKLER,LNI,LNI105,LNI106,03/11:20,03/11:25,03/13:58,03/14:15,2:33:00,JED,JED,A07,28,1,1,NML,2,2025
315.,A320,PKGQH,CTV,CTV716,CTV717,03/13:34,03/13:40,03/14:19,03/14:29,0:39:01,CGK,CGK,006,28,1,1,NML,2,2025
316.,B738,PKGFG,GIA,GIA312,GIA317,03/13:41,03/13:46,03/14:25,03/14:33,0:39:00,CGK,CGK,004,28,1,1,NML,2,2025
317.,B739,PKLGO,LNI,LNI857,LNI910,03/13:37,03/13:42,03/14:35,03/14:45,0:53:00,PLM,DPS,015,28,1,1,NML,2,2025
318.,B739,PKLFY,LNI,LNI805,LNI260,03/11:51,03/11:56,03/14:44,03/14:53,2:48:23,DPS,BPN,020,28,0,0,NML,2,2025
319.,A320,PKLUU,BTK,BTK7515,BTK7514,03/14:04,03/14:10,03/15:10,03/15:19,1:00:00,HLP,HLP,009,28,1,1,NML,2,2025
320.,B739,PKLHQ,LNI,LNI261,LNI642,03/14:12,03/14:16,03/15:10,03/15:23,0:54:00,BPN,LOP,012,28,1,1,NML,2,2025
321.,A320,PKPWK,PAS,PAS208,PAS209,03/14:21,03/14:27,03/15:03,03/15:12,0:36:59,CGK,CGK,006,28,1,1,NML,2,2025
322.,A320,PKBLA,BTK,BTK7513,BTK6220,03/11:12,03/11:18,03/15:54,03/16:02,4:36:00,HLP,BPN,010,28,1,1,NML,2,2025
323.,B738,PKGFD,GIA,GIA330,GIA331,03/14:26,03/14:33,03/15:21,03/15:32,0:48:00,HLP,HLP,005,28,1,1,NML,2,2025
324.,B739,PKLGU,LNI,LNI363,LNI920,03/06:24,03/06:30,03/15:30,03/15:44,9:00:00,BPN,DPS,C03,28,0,0,NML,2,2025
325.,A320,9VJSY,JSA,JSA247,JSA248,03/14:43,03/14:46,03/15:33,03/15:46,0:47:00,SIN,SIN,A06,28,1,1,NML,2,2025
326.,A320,PKLUW,BTK,BTK7501,BTK7512,03/15:42,03/15:48,03/17:14,03/17:24,1:26:00,HLP,HLP,008,28,1,1,NML,2,2025
327.,A320,PKGLX,CTV,CTV699,CTV434,03/15:00,03/15:07,03/15:42,03/15:58,0:35:00,DPS,BPN,007,28,1,1,NML,2,2025
328.,A320,PKSJR,SJV,SJV633,SJV672,03/13:29,03/13:35,03/15:58,03/16:07,2:23:00,BDJ,BEJ,017,28,1,1,NML,2,2025
329.,B739,PKLGL,LNI,LNI707,LNI581,03/14:31,03/14:36,03/15:42,03/15:53,1:06:00,UPG,CGK,011,28,1,1,NML,2,2025
330.,A320,PKLAW,BTK,BTK6406,BTK6401,03/15:17,03/15:22,03/16:13,03/16:23,0:51:00,CGK,CGK,009,28,1,1,NML,2,2025
331.,B739,PKLKP,LNI,LNI879,LNI316,03/16:21,03/16:27,03/17:20,03/17:29,0:53:00,AMQ,BDJ,010,28,1,1,NML,2,2025
332.,A320,PKGQC,CTV,CTV174,CTV715,03/15:55,03/16:01,03/16:35,03/16:45,0:34:00,HLP,CGK,006,28,1,1,NML,2,2025
333.,B738MAX,9VMBB,SIA,SIA926,SIA927,03/15:36,03/15:40,03/16:35,03/16:58,0:55:00,SIN,SIN,A07,28,1,1,NML,2,2025
334.,B738,PKGUF,GIA,GIA310,GIA315,03/15:29,03/15:36,03/16:37,03/16:49,1:01:00,CGK,CGK,004,28,1,1,NML,2,2025
335.,A320,PKGLG,CTV,CTV431,CTV948,03/15:51,03/15:59,03/16:42,03/16:53,0:43:00,BPN,BTH,007,28,1,1,NML,2,2025
336.,B739,PKLHY,LNI,LNI692,LNI692,03/16:27,03/16:33,03/17:22,03/17:34,0:49:00,CGK,KOE,014,28,1,1,NML,2,2025
337.,A320,PKPWA,PAS,PAS206,PAS623,03/15:59,03/16:07,03/16:55,03/17:08,0:48:00,CGK,BPN,005,28,1,1,NML,2,2025
338.,A320,PKBKL,BTK,BTK6578,BTK7579,03/16:51,03/16:57,03/17:39,03/17:50,0:42:00,CGK,CGK,011,28,1,1,NML,2,2025
339.,A320,PKSGB,SJV,SJV637,SJV7002,03/15:21,03/15:25,03/17:16,03/17:28,1:51:00,BDJ,UPG,026,28,0,0,NML,2,2025
340.,A320,PKAZL,AWQ,AWQ323,AWQ326,03/18:16,03/18:19,03/18:59,03/19:11,0:40:00,KUL,KUL,A01,28,1,1,NML,2,2025
341.,B738,PKLOH,LNI,LNI681,LNI838,03/15:48,03/15:53,03/17:31,03/17:39,1:38:00,PKY,PNK,012,28,1,1,NML,2,2025
342.,A320,PKGQJ,CTV,CTV176,CTV179,03/16:35,03/16:40,03/17:34,03/17:42,0:54:46,HLP,HLP,009,28,1,1,NML,2,2025
343.,A320,PKGQS,CTV,CTV669,CTV488,03/16:55,03/17:02,03/17:39,03/17:58,0:37:00,DPS,BDJ,006,28,1,1,NML,2,2025
344.,A320,PKPWF,PAS,PAS622,PAS207,03/17:09,03/17:15,03/18:09,03/18:19,0:54:00,BPN,CGK,005,28,1,1,NML,2,2025
345.,B739,PKLFO,LNI,LNI749,LNI800,03/15:10,03/15:16,03/18:24,03/18:33,3:08:39,MDC,UPG,018,28,0,0,NML,2,2025
346.,B738MAX,9VMBE,SIA,SIA928,SIA929,03/17:49,03/17:53,03/18:40,03/18:59,0:47:00,SIN,SIN,A07,28,1,1,NML,2,2025
347.,B738,PKGMW,GIA,GIA320,GIA325,03/17:21,03/17:27,03/18:34,03/18:46,1:07:59,CGK,CGK,004,28,1,1,NML,2,2025
348.,A339,PKLEV,LNI,LNI101,LNI104,03/17:13,03/17:18,03/19:35,03/19:55,2:17:00,JED,JED,A06,28,1,1,NML,2,2025
349.,A320,PKGQN,CTV,CTV736,CTV494,03/19:43,03/19:49,03/20:29,03/20:38,0:40:00,CGK,BDJ,009,28,1,1,NML,2,2025
350.,B738,PKBBF,SJY,SJY567,SJY562,03/18:35,03/18:42,03/19:28,03/19:42,0:46:36,UPG,UPG,011,28,1,1,NML,2,2025
351.,A320,PKBLA,BTK,BTK6221,BTK7518,03/19:28,03/19:34,03/20:25,03/20:33,0:51:00,BPN,HLP,010,28,1,1,NML,2,2025
352.,A320,PKPWK,PAS,PAS202,PAS203,03/18:41,03/18:48,03/19:51,03/20:02,1:03:15,CGK,CGK,005,28,1,1,NML,2,2025
353.,B738,PKGNR,GIA,GIA349,GIA313,03/17:56,03/18:02,03/19:56,03/20:07,1:54:28,DPS,CGK,007,28,1,1,NML,2,2025
354.,A320,PKGLX,CTV,CTV435,CTV662A,03/19:14,03/19:20,03/20:02,03/20:03,0:42:00,BPN,DPS,008,28,1,1,RTA,2,2025
355.,B738,PKLBW,BTK,BTK6588,BTK6587,03/19:35,03/19:41,03/20:31,03/20:40,0:50:00,CGK,CGK,014,28,1,1,NML,2,2025
356.,A320,PKGQL,CTV,CTV949,CTV352,03/19:03,03/19:10,03/20:35,03/20:43,1:25:00,BTH,UPG,006,28,1,1,NML,2,2025
357.,A320,PKGQS,CTV,CTV495,CTV354,03/20:18,03/20:25,03/21:02,03/21:09,0:37:00,BDJ,UPG,007,28,1,1,NML,2,2025
358.,A320,PKGLX,CTV,CTV662A,CTV662,03/20:08,03/20:12,03/20:40,03/20:54,0:28:00,SUB,DPS,008,28,1,1,NML,2,2025
359.,A320,PKBKT,BTK,BTK6137,BTK6136,03/19:57,03/20:03,03/21:56,03/22:06,1:53:00,UPG,UPG,011,28,1,1,NML,2,2025
360.,A320,PKBKY,BTK,BTK7519,BTK7508,03/20:12,03/20:18,04/04:56,04/05:12,8:38:00,HLP,HLP,017,28,1,1,NML,2,2025
361.,B739,PKLHQ,LNI,LNI865,LNI786,03/18:00,03/18:04,04/04:53,04/05:07,10:48:18,LOP,UPG,026,28,0,0,NML,2,2025
362.,A320,PKSTD,SJV,SJV619,SJV610,03/16:04,03/16:08,04/05:00,04/05:13,12:52:00,BPN,BPN,024,28,0,0,NML,2,2025
363.,A320,PKGQE,CTV,CTV726,CTV430,03/20:49,03/20:56,04/04:51,04/05:01,7:55:00,CGK,BPN,006,28,1,1,NML,2,2025
364.,B738,PKLKV,LNI,LNI885,LNI878,03/21:12,03/21:19,04/05:01,04/05:15,7:42:00,UPG,AMQ,014,28,1,1,NML,2,2025
365.,A320,PKAZL,AWQ,AWQ327,AWQ320,04/00:38,04/00:41,04/05:00,04/05:17,4:19:00,KUL,KUL,A01,28,1,1,NML,2,2025
366.,A320,PKGLT,CTV,CTV489,CTV725,03/21:19,03/21:26,04/05:38,04/05:46,8:12:00,BDJ,CGK,007,28,1,1,NML,2,2025
367.,A320,V8RBD,RBA,RBA795,RBA796,03/20:00,03/20:03,04/05:51,04/06:04,9:48:00,BWN,BWN,A07,28,1,1,NML,2,2025
368.,A320,PKGLP,CTV,CTV353,CTV484,04/05:09,04/05:16,04/05:53,04/06:01,0:37:00,UPG,BDJ,006,28,1,1,NML,2,2025
369.,A320,PKPWD,PAS,PAS212,PAS213,03/20:35,03/20:44,04/05:54,04/06:03,9:10:00,CGK,CGK,005,28,1,1,NML,2,2025
370.,A320,PKSJR,SJV,SJV673,SJV640,03/20:23,03/20:30,04/05:56,04/06:06,9:26:00,BEJ,AAP,018,28,0,0,NML,2,2025
371.,A320,PKAZG,AWQ,AWQ325,AWQ386,03/19:31,03/19:34,04/06:09,04/06:19,10:35:10,KUL,PEN,A03,28,1,1,NML,2,2025
372.,A320,PKSGD,SJV,SJV703,SJV634,03/22:31,03/22:38,04/06:53,04/07:02,8:15:00,DPS,BDJ,015,28,1,1,NML,2,2025
373.,B738MAX,PKOFM,AFE,AFE921,AFE921,04/06:09,04/06:14,04/06:50,04/07:01,0:36:00,CGK,TIM,005,28,1,1,NML,2,2025
374.,A320,PKLAI,BTK,BTK6370,BTK6597,04/06:12,04/06:17,04/07:08,04/07:16,0:51:00,CGK,CGK,009,28,1,1,NML,2,2025
375.,B739,PKLGW,LNI,LNI923,LNI971,03/17:32,03/17:36,04/06:58,04/07:08,13:22:00,DPS,BTH,C03,28,0,0,NML,2,2025
376.,A320,PKLUT,BTK,BTK6576,BTK6135,03/21:27,03/21:35,04/06:58,04/07:07,9:23:00,CGK,PKN,012,28,1,1,NML,2,2025
377.,C208,PKVVO,SUS,PKVVO,PKVVO,03/10:15,03/10:17,04/07:09,04/07:15,20:52:00,BXW,BXW,029,28,0,0,NML,2,2025
378.,E135,T7JCI,AFS,T7JCI,T7JCI,04/06:21,04/06:23,04/06:42,04/06:52,0:18:11,CGK,CGK,A09,28,0,0,NML,2,2025
379.,B738,PKGFX,GIA,GIA855,GIA854,03/20:53,03/20:58,04/07:09,04/07:22,10:11:00,SIN,SIN,A02,28,1,1,NML,2,2025
380.,B738,PKGNM,GIA,GIA328,GIA305,03/19:47,03/19:54,04/07:00,04/07:10,11:06:00,CGK,CGK,004,28,1,1,NML,2,2025
381.,B739,PKLGR,LNI,LNI363,LNI646,04/06:17,04/06:23,04/08:05,04/08:20,1:42:00,BPN,LOP,014,28,1,1,NML,2,2025
382.,A320,PKBLA,BTK,BTK7511,BTK7510,04/06:39,04/06:48,04/07:34,04/07:41,0:46:00,HLP,HLP,008,28,1,1,NML,2,2025
383.,A320,PKGLX,CTV,CTV661,CTV460,04/06:48,04/06:54,04/07:40,04/07:51,0:46:00,DPS,AAP,007,28,1,1,NML,2,2025
384.,B739,PKLHY,LNI,LNI693,LNI693,04/06:53,04/07:00,04/07:50,04/08:01,0:50:00,KOE,CGK,010,28,1,1,NML,2,2025
385.,B739,PKLGL,LNI,LNI690,LNI982,04/05:04,04/05:10,04/08:00,04/08:12,2:50:00,CGK,PKU,011,28,1,1,NML,2,2025
386.,DHC6,PKICP,PGT,PKICP,PKICP,03/13:57,03/14:01,04/07:50,04/07:56,17:48:37,PAG,PAG,028,28,0,0,NML,2,2025
387.,A320,PKGQJ,CTV,CTV170,CTV175,04/07:12,04/07:18,04/08:03,04/08:13,0:45:00,HLP,HLP,006,28,1,1,NML,2,2025
388.,A333,BHLM,CPA,CPA779,CPA780,03/18:11,03/18:15,04/08:07,04/08:22,13:52:00,HKG,HKG,A08,28,1,1,NML,2,2025
389.,B739,PKLGU,LNI,LNI929,LNI990,04/06:56,04/07:00,04/08:26,04/08:36,1:26:00,DPS,DPS,017,28,1,1,NML,2,2025
390.,A320,PKGQL,CTV,CTV355,CTV177,04/08:03,04/08:09,04/08:46,04/08:52,0:37:00,UPG,HLP,007,28,1,1,NML,2,2025
391.,B738,PKLDM,MXD,MXD352,MXD353,03/19:52,03/19:56,04/08:55,04/09:06,12:59:00,KUL,KUL,A04,28,1,1,NML,2,2025
"392.,A320,PKSJL,SJV,SJV649,SJV618,03/07:44,03/07:49,04/09:03,04/09:11,""1 day, 1:14:00"",BPN,BPN,022,28,0,0,NML,2,2025"
393.,A320,PKLUW,BTK,BTK7521,BTK6581,03/20:30,03/20:37,04/09:00,04/09:11,12:23:00,HLP,CGK,016,28,1,1,NML,2,2025
394.,B739,PKLSO,LNI,LNI683,LNI682,04/08:09,04/08:15,04/09:06,04/09:18,0:51:00,PKY,PKY,009,28,1,1,NML,2,2025
395.,A320,PKPWE,PAS,PAS200,PAS201,04/08:18,04/08:24,04/09:10,04/09:19,0:46:24,CGK,CGK,005,28,1,1,NML,2,2025
396.,B738,PKGMD,GIA,GIA304,GIA342,04/08:16,04/08:21,04/09:17,04/09:27,0:56:57,CGK,DPS,004,28,1,1,NML,2,2025
397.,A320,PKGLP,CTV,CTV485,CTV486,04/08:30,04/08:36,04/09:18,04/09:29,0:42:00,BDJ,BDJ,006,28,1,1,NML,2,2025
398.,A320,PKSTD,SJV,SJV611,SJV706,04/08:33,04/08:36,04/09:34,04/09:45,0:58:00,BPN,DPS,015,28,1,1,NML,2,2025
399.,,,TGW,-,TGW265,--:--,--:--,--:--,--:--,None,-,SIN,None,28,-1,-,NML,2,2025
400.,B738,9MMLQ,MAS,MAS871,MAS870,04/09:24,04/09:27,04/10:10,04/10:23,0:43:00,KUL,KUL,A07,28,1,1,NML,2,2025
401.,B738MAX,9MLRT,MXD,MXD350,MXD351,04/09:08,04/09:12,04/10:13,04/10:27,1:01:00,KUL,KUL,A03,28,1,1,NML,2,2025
402.,A359,9VSHO,SIA,SIA922,SIA923,04/09:03,04/09:06,04/10:01,04/10:15,0:55:00,SIN,SIN,A08,28,1,1,NML,2,2025
403.,A320,PKGLM,CTV,CTV351,CTV350,04/09:15,04/09:20,04/10:08,04/10:18,0:48:00,UPG,UPG,008,28,1,1,NML,2,2025
404.,A320,PKSAZ,SJV,SJV635,SJV632,04/09:55,04/10:00,04/10:53,04/11:06,0:53:00,BDJ,BDJ,014,28,1,1,NML,2,2025
405.,B738,PKLKP,LNI,LNI315,LNI262,04/07:49,04/07:53,04/10:39,04/10:59,2:45:36,BDJ,BPN,018,28,0,0,NML,2,2025
406.,B739,PKLSH,LNI,LNI695,LNI706,03/16:25,03/16:30,04/10:38,04/10:49,18:08:00,KOE,UPG,021,28,0,0,NML,2,2025
407.,A320,PKPWD,PAS,PAS210,PAS211,04/09:34,04/09:39,04/10:34,04/10:42,0:55:34,CGK,CGK,005,28,1,1,NML,2,2025
408.,A320,PKLZH,BTK,BTK7513,BTK7516,04/09:59,04/10:04,04/10:41,04/11:01,0:37:00,HLP,HLP,010,28,1,1,NML,2,2025
409.,A320,PKLUT,BTK,BTK6134,BTK6346,04/09:43,04/09:48,04/10:47,04/11:04,0:59:00,PKN,BEJ,011,28,1,1,NML,2,2025
410.,B739,PKLGR,LNI,LNI645,LNI822,04/10:57,04/11:03,04/11:46,04/12:02,0:43:00,LOP,LOP,011,28,1,1,NML,2,2025
411.,B739,PKLGJ,LNI,LNI694,LNI694,04/10:44,04/10:50,04/11:37,04/11:45,0:47:00,CGK,KOE,015,28,1,1,NML,2,2025
412.,A320,PKAZL,AWQ,AWQ321,AWQ322,04/11:08,04/11:11,04/11:48,04/12:06,0:37:24,KUL,KUL,A01,28,1,1,NML,2,2025
413.,B738,PKLQY,LNI,LNI727,LNI697,03/17:53,03/17:57,04/11:40,04/11:50,17:42:44,KDI,CGK,C04,28,0,0,NML,2,2025
414.,B738,PKGFQ,GIA,GIA322,GIA327,04/10:15,04/10:20,04/11:30,04/11:42,1:10:00,CGK,CGK,004,28,1,1,NML,2,2025
415.,A320,PKBLA,BTK,BTK7517,BTK7520,04/10:47,04/10:51,04/11:32,04/11:40,0:41:00,HLP,HLP,009,28,1,1,NML,2,2025
416.,A320,PKSJV,SJV,SJV363,SJV362,04/11:35,04/11:41,04/12:47,04/12:54,1:06:00,KNO,KNO,016,28,1,1,NML,2,2025
417.,DHC6,PKICP,PGT,PKICP,PKICP,04/11:00,04/11:05,04/11:47,04/11:57,0:42:00,PAG,PAG,028,28,0,0,NML,2,2025
418.,B739,PKLHM,LNI,LNI791,LNI804,04/09:31,04/09:36,04/12:16,04/12:24,2:40:00,UPG,DPS,017,28,1,1,NML,2,2025
419.,A320,PKGLX,CTV,CTV461,CTV698,04/11:16,04/11:22,04/12:02,04/12:11,0:40:00,AAP,DPS,006,28,1,1,NML,2,2025
420.,A320,PKBKF,BTK,BTK6582,BTK6585,04/12:13,04/12:19,04/13:25,04/13:33,1:06:00,CGK,CGK,009,28,1,1,NML,2,2025
421.,B739,PKLHQ,LNI,LNI801,LNI780,04/11:25,04/11:30,04/12:37,04/12:45,1:07:00,UPG,UPG,010,28,1,1,NML,2,2025
422.,A320,PKGLP,CTV,CTV487,CTV668,04/11:56,04/12:03,04/12:49,04/12:57,0:46:00,BDJ,DPS,007,28,1,1,NML,2,2025
423.,A320,PKPWG,PAS,PAS204,PAS205,04/12:04,04/12:10,04/13:25,04/13:40,1:15:00,CGK,CGK,005,28,1,1,NML,2,2025
424.,A320,PKAZG,AWQ,AWQ387,AWQ324,04/12:37,04/12:41,04/13:28,04/13:39,0:47:00,PEN,KUL,A01,28,1,1,NML,2,2025
425.,B738,PKGMU,GIA,GIA312,GIA317,04/12:21,04/12:26,04/13:40,04/13:51,1:14:00,CGK,CGK,004,28,1,1,NML,2,2025
426.,A320,9VJSO,JSA,JSA247,JSA248,04/13:29,04/13:32,04/14:20,04/14:35,0:48:00,SIN,SIN,A07,28,1,1,NML,2,2025
427.,B738,PKLKQ,LNI,LNI839,LNI836,04/13:03,04/13:09,04/13:59,04/14:07,0:50:00,PNK,PNK,015,28,1,1,NML,2,2025
428.,A320,PKGTK,CTV,CTV716,CTV717,04/13:37,04/13:42,04/14:16,04/14:31,0:34:00,CGK,CGK,007,28,1,1,NML,2,2025
429.,A320,PKGQE,CTV,CTV431,CTV948,04/13:33,04/13:40,04/14:24,04/14:33,0:44:00,BPN,BTH,006,28,1,1,NML,2,2025
430.,B739,PKLGR,LNI,LNI823,LNI260,04/14:37,04/14:42,04/15:33,04/15:43,0:51:00,LOP,BPN,009,28,1,1,NML,2,2025
431.,B739,PKLGO,LNI,LNI805,LNI642,04/11:12,04/11:16,04/15:26,04/15:39,4:10:00,DPS,LOP,C03,28,0,0,NML,2,2025
432.,A320,PKPWK,PAS,PAS208,PAS209,04/14:02,04/14:09,04/14:57,04/15:05,0:48:00,CGK,CGK,005,28,1,1,NML,2,2025
433.,B738,PKGNC,GIA,GIA330,GIA331,04/14:22,04/14:31,04/15:22,04/15:37,0:51:00,HLP,HLP,004,28,1,1,NML,2,2025
434.,A320,PKSAZ,SJV,SJV633,SJV614,04/13:45,04/13:51,04/15:22,04/15:35,1:31:00,BDJ,BPN,011,28,1,1,NML,2,2025
435.,B739,PKLGL,LNI,LNI983,LNI920,04/13:41,04/13:47,04/16:30,04/16:43,2:43:00,PKU,DPS,021,28,0,0,NML,2,2025
436.,A320,PKGTD,CTV,CTV699,CTV434,04/14:46,04/14:53,04/15:36,04/15:48,0:43:00,DPS,BPN,006,28,1,1,NML,2,2025
437.,A320,PKLUW,BTK,BTK6406,BTK7512,04/14:42,04/14:50,04/15:42,04/15:53,0:52:00,CGK,HLP,008,28,1,1,NML,2,2025
438.,B738,PKLKP,LNI,LNI261,LNI581,04/14:27,04/14:32,04/15:59,04/16:07,1:27:00,BPN,CGK,012,28,1,1,NML,2,2025
439.,A320,PKBKU,BTK,BTK7501,BTK6401,04/14:54,04/15:00,04/16:07,04/16:15,1:07:00,HLP,CGK,010,28,1,1,NML,2,2025
440.,B739,PKLGW,LNI,LNI972,LNI316,04/16:25,04/16:29,04/17:27,04/17:40,0:58:00,BTH,BDJ,014,28,1,1,NML,2,2025
441.,A320,PKGQL,CTV,CTV174,CTV715,04/15:45,04/15:53,04/16:30,04/16:39,0:37:00,HLP,CGK,007,28,1,1,NML,2,2025
442.,B738,PKGUC,GIA,GIA310,GIA315,04/15:28,04/15:35,04/16:31,04/16:47,0:56:00,CGK,CGK,005,28,1,1,NML,2,2025
443.,B738MAX,9VMBL,SIA,SIA926,SIA927,04/15:33,04/15:36,04/16:25,04/16:45,0:49:00,SIN,SIN,A08,28,1,1,NML,2,2025
444.,B738MAX,PKOFM,AFE,AFE920,AFE920,04/15:50,04/15:58,04/16:44,04/16:57,0:46:00,TIM,CGK,006,28,1,1,NML,2,2025
445.,B739,PKLSP,LNI,LNI692,LNI692,04/16:02,04/16:06,04/16:46,04/16:53,0:40:00,CGK,KOE,015,28,1,1,NML,2,2025
446.,A320,PKPWL,PAS,PAS206,PAS623,04/15:58,04/16:04,04/16:49,04/17:02,0:45:00,CGK,BPN,004,28,1,1,NML,2,2025
447.,B738,PKLGU,LNI,LNI919,LNI226,04/15:13,04/15:19,04/18:44,04/18:58,3:25:00,DPS,BDJ,017,28,1,1,NML,2,2025
448.,B738,PKLZT,BTK,BTK6578,BTK7579,04/16:37,04/16:42,04/17:42,04/17:51,1:00:00,CGK,CGK,009,28,1,1,NML,2,2025
449.,A320,PKAZL,AWQ,AWQ323,AWQ326,04/17:41,04/17:44,04/18:19,04/18:29,0:35:00,KUL,KUL,A01,28,1,1,NML,2,2025
450.,B738,PKLKV,LNI,LNI879,LNI838,04/10:51,04/10:56,04/17:33,04/17:44,6:37:00,AMQ,PNK,022,28,0,0,NML,2,2025
451.,A320,PKGQJ,CTV,CTV176,CTV179,04/16:40,04/16:46,04/17:36,04/17:46,0:50:00,HLP,HLP,007,28,1,1,NML,2,2025
452.,A320,PKPWM,PAS,PAS622,PAS207,04/17:28,04/17:36,04/18:14,04/18:23,0:38:00,BPN,CGK,005,28,1,1,NML,2,2025
453.,B738,PKGNM,GIA,GIA320,GIA325,04/17:18,04/17:24,04/18:30,04/18:42,1:06:00,CGK,CGK,008,28,1,1,NML,2,2025
454.,A320,PKLZH,BTK,BTK7503,BTK7502,04/18:19,04/18:24,04/19:09,04/19:16,0:45:00,HLP,HLP,010,28,1,1,NML,2,2025
455.,B738MAX,9VMBE,SIA,SIA928,SIA929,04/17:37,04/17:40,04/18:27,04/18:40,0:47:00,SIN,SIN,A07,28,1,1,NML,2,2025
456.,B738,PKBBF,SJY,SJY567,SJY562,04/18:46,04/18:54,04/19:43,04/19:53,0:49:00,UPG,UPG,012,28,1,1,NML,2,2025
457.,B788,9VOFA,TGW,TGW262,TGW263,04/18:51,04/18:54,04/19:56,04/20:12,1:02:00,SIN,SIN,A07,28,1,1,NML,2,2025
458.,B739,PKLGJ,LNI,LNI695,LNI880,04/16:10,04/16:15,04/19:38,04/19:47,3:23:00,KOE,UPG,016,28,1,1,NML,2,2025
459.,A320,PKPWK,PAS,PAS202,PAS203,04/18:55,04/19:02,04/19:43,04/19:57,0:41:00,CGK,CGK,005,28,1,1,NML,2,2025
460.,A320,PKGLG,CTV,CTV736,CTV352,04/19:13,04/19:21,04/19:59,04/20:10,0:38:00,CGK,UPG,006,28,1,1,NML,2,2025
461.,A320,PKGTD,CTV,CTV435,CTV662,04/19:29,04/19:36,04/20:11,04/20:23,0:35:00,BPN,DPS,007,28,1,1,NML,2,2025
462.,A320,PKGQS,CTV,CTV949,CTV494,04/20:25,04/20:31,04/21:09,04/21:19,0:38:00,BTH,BDJ,006,28,1,1,NML,2,2025
463.,B738,PKGMD,GIA,GIA349,GIA319,04/17:49,04/17:55,04/20:50,04/21:02,2:55:00,DPS,CGK,004,28,1,1,NML,2,2025
464.,A320,PKGQU,CTV,CTV669,CTV354,04/16:28,04/16:35,04/20:46,04/20:54,4:11:27,DPS,UPG,003,28,0,0,NML,2,2025
465.,A320,PKGTE,CTV,CTV489,CTV719,04/21:54,04/22:00,04/22:30,04/22:40,0:30:00,BDJ,CGK,009,28,1,1,NML,2,2025
466.,A320,PKGQL,CTV,CTV720,CTV430,04/21:58,04/22:05,05/05:00,05/05:11,6:55:00,CGK,BPN,006,28,1,1,NML,2,2025
467.,A320,PKLAW,BTK,BTK6588,BTK7508,04/20:05,04/20:10,05/04:55,05/05:09,8:45:00,CGK,HLP,014,28,1,1,NML,2,2025
468.,B738,PKLOH,LNI,LNI837,LNI878,04/07:59,04/08:02,05/04:54,05/05:05,20:51:09,PNK,AMQ,024,28,0,0,NML,2,2025
469.,A320,PKSJZ,SJV,SJV615,SJV610,04/20:34,04/20:41,05/05:02,05/05:15,8:21:00,BPN,BPN,016,28,1,1,NML,2,2025
470.,A320,PKAZG,AWQ,AWQ325,AWQ320,04/21:43,04/21:46,05/05:00,05/05:13,7:14:00,KUL,KUL,A01,28,1,1,NML,2,2025
471.,A320,PKLUU,BTK,BTK7521,BTK6132,04/19:59,04/20:05,05/05:14,05/05:23,9:09:00,HLP,LOP,008,28,1,1,NML,2,2025
472.,A320,PKGQK,CTV,CTV726,CTV725,04/21:17,04/21:24,05/05:39,05/05:47,8:15:00,CGK,CGK,007,28,1,1,NML,2,2025
473.,A320,PKGQU,CTV,CTV353,CTV670,05/05:06,05/05:13,05/05:50,05/05:58,0:37:00,UPG,LOP,009,28,1,1,NML,2,2025
474.,B739,PKLGO,LNI,LNI865,LNI882,04/18:00,05/00:52,05/06:02,05/06:11,11:48:00,LOP,UPG,010,28,1,0,NML,2,2025
475.,B738,PKLOR,LNI,LNI885,LNI868,04/18:59,04/19:05,05/06:00,05/06:09,10:55:00,UPG,TTE,017,28,1,1,NML,2,2025
476.,A320,PKSAG,SJV,SJV703,SJV706,04/22:45,04/22:50,05/05:55,05/06:05,7:05:00,DPS,DPS,015,28,1,1,NML,2,2025
477.,A320,PKPWA,PAS,PAS212,PAS213,04/20:47,04/20:57,05/05:50,05/06:04,8:53:00,CGK,CGK,004,28,1,1,NML,2,2025
478.,A320,PKSAF,SJV,SJV619,SJV634,04/15:55,04/15:59,05/06:32,05/06:43,14:33:00,BPN,BDJ,C03,28,0,0,NML,2,2025
479.,A320,PKSJR,SJV,SJV643,SJV566,04/15:21,04/15:27,05/07:04,05/07:14,15:37:00,AAP,PLW,026,28,0,0,NML,2,2025
480.,B739,PKLFW,LNI,LNI311,LNI971,05/06:02,05/06:08,05/07:01,05/07:10,0:53:00,BDJ,BTH,014,28,1,1,NML,2,2025
481.,A320,PKLUV,BTK,BTK6576,BTK6135,04/21:38,04/21:43,05/06:53,05/07:03,9:10:00,CGK,PKN,012,28,1,1,NML,2,2025
482.,DHC6,PKICP,PGT,PKICP,PKICP,04/14:58,04/15:00,05/06:55,05/06:57,15:55:00,PAG,PAG,028,28,0,0,NML,2,2025
483.,A320,PKBKM,BTK,BTK6370,BTK6597,05/06:06,05/06:14,05/07:02,05/07:12,0:48:00,CGK,CGK,008,28,1,1,NML,2,2025
484.,B738,PKGNE,GIA,GIA855,GIA854,04/20:43,04/20:47,05/06:50,05/07:00,10:03:00,SIN,SIN,A02,28,1,1,NML,2,2025
485.,B738,PKGFP,GIA,GIA328,GIA305,04/20:20,04/20:27,05/06:59,05/07:07,10:32:00,CGK,CGK,005,28,1,1,NML,2,2025
486.,A320,PKLUW,BTK,BTK7511,BTK7510,05/06:40,05/06:45,05/07:23,05/07:32,0:38:00,HLP,HLP,010,28,1,1,NML,2,2025
487.,A320,PKAZO,AWQ,AWQ327,AWQ392,05/00:07,05/00:15,05/07:26,05/07:37,7:11:00,KUL,JHB,A03,28,1,1,NML,2,2025
488.,B739,PKLSP,LNI,LNI693,LNI693,05/06:55,05/07:02,05/07:47,05/07:56,0:45:00,KOE,CGK,009,28,1,1,NML,2,2025
489.,A320,PKGQJ,CTV,CTV170,CTV175,05/07:27,05/07:36,05/08:12,05/08:26,0:36:00,HLP,HLP,006,28,1,1,NML,2,2025
490.,A333,BLAD,CPA,CPA779,CPA780,04/18:15,04/18:21,05/07:57,05/08:12,13:36:00,HKG,HKG,A08,28,1,1,NML,2,2025
491.,B739,PKLSV,LNI,LNI707,LNI990,04/15:17,04/15:20,05/08:39,05/08:49,17:19:00,UPG,DPS,C04,28,0,0,NML,2,2025
492.,A320,PKBKP,BTK,BTK6572,BTK6573,05/07:44,05/07:52,05/08:38,05/08:44,0:46:00,CGK,CGK,008,28,1,1,NML,2,2025
493.,A320,PKGTD,CTV,CTV661,CTV177,05/06:49,05/06:56,05/08:32,05/08:42,1:36:00,DPS,HLP,007,28,1,1,NML,2,2025
494.,A320,PKGLP,CTV,CTV355,CTV460,05/07:34,05/07:40,05/08:39,05/08:47,0:59:00,UPG,AAP,005,28,1,1,NML,2,2025
495.,A320,PKLUU,BTK,BTK6133,BTK6581,05/08:02,05/08:08,05/09:02,05/09:12,0:54:00,LOP,CGK,010,28,1,1,NML,2,2025
496.,B738,PKLKV,LNI,LNI837,LNI856,05/08:51,05/08:57,05/09:46,05/10:03,0:49:00,PNK,PLM,014,28,1,1,NML,2,2025
"497.,A320,PKSAI,SJV,SJV619,SJV7001,27/16:12,27/16:17,05/09:11,05/09:34,""8 days, 16:54:00"",BPN,CGK,023,28,0,0,NML,2,2025"
498.,B739,PKLGU,LNI,LNI315,LNI748,05/07:48,05/07:54,05/09:09,05/09:22,1:15:00,BDJ,MDC,012,28,1,1,NML,2,2025
499.,B738,PKGNM,GIA,GIA304,GIA342,05/08:10,05/08:15,05/09:13,05/09:31,0:58:00,CGK,DPS,004,28,1,1,NML,2,2025
500.,A320,PKPWE,PAS,PAS200,PAS201,05/08:29,05/08:36,05/09:32,05/09:46,0:56:00,CGK,CGK,007,28,1,1,NML,2,2025
501.,A320,PKGQU,CTV,CTV671,CTV486,05/08:24,05/08:29,05/09:19,05/09:39,0:50:00,LOP,BDJ,006,28,1,1,NML,2,2025
502.,A320,PKSJG,SJV,SJV649,SJV702,05/08:16,05/08:20,05/09:34,05/09:50,1:14:00,BPN,DPS,016,28,1,1,NML,2,2025
503.,A320,9VTRU,TGW,TGW264,TGW265,05/08:59,05/09:04,05/09:48,05/10:05,0:44:00,SIN,SIN,A02,28,1,1,NML,2,2025
504.,B738,9MMSB,MAS,MAS871,MAS870,05/09:32,05/09:36,05/10:24,05/10:40,0:48:00,KUL,KUL,A07,28,1,1,NML,2,2025
505.,B733F,PKMYV,MYU,MYU937,MYU815,05/08:55,05/08:59,05/09:33,05/09:54,0:34:00,SRG,CGK,C02,28,0,0,NML,2,2025
506.,B735,PKNAS,LKN,LKN243,LKN242,05/09:41,05/09:46,05/10:36,05/10:47,0:50:00,SMQ,SMQ,010,28,1,1,NML,2,2025
507.,A359,9VSHH,SIA,SIA922,SIA923,05/09:18,05/09:22,05/10:18,05/10:38,0:56:00,SIN,SIN,A08,28,1,1,NML,2,2025
508.,A320,PKSAF,SJV,SJV635,SJV632,05/09:37,05/09:43,05/10:34,05/10:45,0:51:00,BDJ,BDJ,015,28,1,1,NML,2,2025
509.,A320,PKGQI,CTV,CTV351,CTV350,05/09:24,05/09:30,05/10:23,05/10:35,0:53:00,UPG,UPG,008,28,1,1,NML,2,2025
510.,B738MAX,9MLRR,MXD,MXD350,MXD351,05/09:14,05/09:18,05/10:35,05/10:50,1:17:00,KUL,KUL,A03,28,1,1,NML,2,2025
511.,B739,PKLGM,LNI,LNI929,LNI262,05/07:05,05/07:12,05/10:48,05/11:04,3:36:00,DPS,BPN,021,28,0,0,NML,2,2025
512.,B739,PKLJI,LNI,LNI787,LNI706,05/09:27,05/09:33,05/10:31,05/10:44,0:58:00,UPG,UPG,009,28,1,1,NML,2,2025
513.,B739,PKLGP,LNI,LNI970,LNI973,05/09:48,05/09:53,05/10:48,05/11:02,0:55:00,BTH,BTH,016,28,1,1,NML,2,2025
514.,A320,PKBKY,BTK,BTK7513,BTK7516,05/09:53,05/09:57,05/10:43,05/10:58,0:46:00,HLP,HLP,012,28,1,1,NML,2,2025
515.,A320,PKLUV,BTK,BTK6134,BTK6346,05/09:58,05/10:05,05/10:51,05/11:06,0:46:00,PKN,BEJ,014,28,1,1,NML,2,2025
516.,B739,PKLGY,LNI,LNI363,LNI822,05/06:23,05/06:28,05/11:15,05/11:27,4:47:00,BPN,LOP,024,28,0,0,NML,2,2025
517.,A320,PKSAG,SJV,SJV703,SJV642,05/08:21,05/08:26,05/11:07,05/11:16,2:41:00,DPS,AAP,017,28,1,1,NML,2,2025
518.,B739,PKLFF,LNI,LNI694,LNI694,05/10:30,05/10:36,05/11:34,05/11:47,0:58:00,CGK,KOE,023,28,0,0,NML,2,2025
519.,A320,PKAZG,AWQ,AWQ321,AWQ322,05/11:00,05/11:03,05/11:40,05/11:55,0:37:00,KUL,KUL,A01,28,1,1,NML,2,2025
520.,DHC6,PKICP,PGT,PKICP,PKICP,05/11:35,05/11:38,05/12:10,05/12:14,0:32:00,PAG,PAG,028,28,0,0,NML,2,2025
521.,B738,PKLVF,LNI,LNI690,LNI697,05/05:03,05/05:09,05/11:27,05/11:45,6:17:46,CGK,CGK,022,28,0,0,NML,2,2025
522.,A320,PKLUW,BTK,BTK7517,BTK7520,05/10:52,05/10:59,05/11:42,05/11:58,0:43:00,HLP,HLP,008,28,1,1,NML,2,2025
523.,B738,PKGUF,GIA,GIA322,GIA327,05/10:14,05/10:20,05/11:29,05/11:40,1:09:00,CGK,CGK,004,28,1,1,NML,2,2025
524.,A320,PKBLC,BTK,BTK6582,BTK6585,05/11:48,05/11:54,05/12:42,05/12:52,0:48:00,CGK,CGK,008,28,1,1,NML,2,2025
525.,B739,PKLGR,LNI,LNI801,LNI780,05/11:23,05/11:30,05/12:32,05/12:41,1:02:00,UPG,UPG,010,28,1,1,NML,2,2025
526.,B735,PKNAT,LKN,LKN193,LKN192,05/11:53,05/11:58,05/12:38,05/12:50,0:40:00,PKN,PKN,014,28,1,1,NML,2,2025
527.,B738,PKLBS,MXD,MXD352,MXD353,04/23:40,04/23:44,05/12:43,05/12:54,12:59:00,KUL,KUL,A04,28,1,1,NML,2,2025
528.,A320,PKGQU,CTV,CTV487,CTV698,05/12:13,05/12:20,05/13:07,05/13:19,0:47:00,BDJ,DPS,006,28,1,1,NML,2,2025
529.,A320,PKPWJ,PAS,PAS204,PAS205,05/12:17,05/12:23,05/13:18,05/13:26,0:55:00,CGK,CGK,005,28,1,1,NML,2,2025
530.,A320,PKAZO,AWQ,AWQ393,AWQ324,05/12:47,05/12:51,05/13:23,05/13:34,0:32:00,JHB,KUL,A01,28,1,1,NML,2,2025
531.,B739,PKLSV,LNI,LNI805,LNI680,05/11:11,05/11:16,05/13:19,05/13:28,2:03:00,DPS,PKY,012,28,1,1,NML,2,2025
532.,B738,PKLOR,LNI,LNI869,LNI722,05/12:44,05/12:48,05/14:15,05/14:24,1:27:00,TTE,KDI,015,28,1,1,NML,2,2025
533.,A320,PKGLP,CTV,CTV461,CTV668,05/12:22,05/12:29,05/13:28,05/13:32,0:59:00,AAP,DPS,007,28,1,1,NML,2,2025
534.,B738,PKGNH,GIA,GIA312,GIA317,05/12:35,05/12:42,05/13:44,05/13:55,1:02:00,CGK,CGK,004,28,1,1,NML,2,2025
535.,A320,PKSJR,SJV,SJV567,SJV726,05/11:42,05/11:48,05/14:26,05/14:35,2:38:11,PLW,LBJ,026,28,0,0,NML,2,2025
536.,A320,PKGQL,CTV,CTV431,CTV948,05/13:23,05/13:30,05/14:28,05/14:37,0:58:00,BPN,BTH,006,28,1,1,NML,2,2025
537.,A320,9VJSU,JSA,JSA247,JSA248,05/13:17,05/13:20,05/14:29,05/14:48,1:09:00,SIN,SIN,A07,28,1,1,NML,2,2025
538.,B739,PKLGY,LNI,LNI823,LNI260,05/14:12,05/14:22,05/15:22,05/15:30,1:00:00,LOP,BPN,010,28,1,1,NML,2,2025
539.,B738,PKLKV,LNI,LNI857,LNI642,05/14:04,05/14:09,05/15:18,05/15:27,1:09:07,PLM,LOP,014,28,1,1,NML,2,2025
540.,B739,PKLJI,LNI,LNI707,LNI910,05/15:13,05/15:18,05/16:22,05/16:31,1:04:00,UPG,DPS,016,28,1,1,NML,2,2025
541.,A320,PKPWK,PAS,PAS208,PAS209,05/14:08,05/14:14,05/14:54,05/15:01,0:40:58,CGK,CGK,005,28,1,1,NML,2,2025
542.,A320,PKLAQ,BTK,BTK6406,BTK6220,05/15:47,05/15:52,05/17:21,05/17:31,1:29:00,CGK,BPN,014,28,1,1,NML,2,2025
543.,A320,PKGQA,CTV,CTV716,CTV717,05/14:46,05/14:53,05/15:29,05/15:45,0:36:00,CGK,CGK,007,28,1,1,NML,2,2025
544.,B738,PKGMC,GIA,GIA330,GIA331,05/14:44,05/14:52,05/15:40,05/15:50,0:48:00,HLP,HLP,004,28,1,1,NML,2,2025
545.,B739,PKLQR,LNI,LNI923,LNI920A,05/17:20,05/17:26,05/18:17,05/18:25,0:51:00,DPS,DPS,015,28,1,1,NML,2,2025
"546.,B739,PKLHP,LNI,LNI972,LNI920,03/16:46,03/16:52,05/15:52,05/15:59,""1 day, 23:00:00"",BTH,DPS,020,28,0,0,NML,2,2025"
547.,A320,PKLUY,BTK,BTK7501,BTK7512,05/14:50,05/14:57,05/15:47,05/15:55,0:50:00,HLP,HLP,009,28,1,1,NML,2,2025
548.,B738,9MMLU,MAS,MAS873,MAS872,05/15:35,05/15:39,05/16:25,05/17:10,0:46:00,KUL,KUL,A08,28,1,1,NML,2,2025
549.,B739,PKLGU,LNI,LNI749,LNI581,05/15:09,05/15:15,05/16:09,05/16:52,0:54:00,MDC,CGK,012,28,1,1,NML,2,2025
550.,A320,PKLUV,BTK,BTK6347,BTK6401,05/15:33,05/15:40,05/16:31,05/17:02,0:51:00,BEJ,CGK,010,28,1,1,NML,2,2025
551.,B738,PKLOH,LNI,LNI879,LNI316,05/14:56,05/15:00,05/17:00,05/17:29,2:00:00,AMQ,BDJ,015,28,1,1,NML,2,2025
552.,A320,PKGTD,CTV,CTV174,CTV715,05/16:06,05/16:12,05/17:15,05/17:28,1:03:00,HLP,CGK,007,28,1,1,NML,2,2025
553.,B738MAX,9VMBF,SIA,SIA926,SIA927,05/15:43,05/15:48,05/16:57,05/17:19,1:09:00,SIN,SIN,A07,28,1,1,NML,2,2025
554.,B738,PKGFH,GIA,GIA310,GIA315,05/15:28,05/15:33,05/16:33,05/17:06,1:00:00,CGK,CGK,005,28,1,1,NML,2,2025
555.,B739,PKLFF,LNI,LNI695,LNI268,05/16:22,05/16:29,05/17:45,05/17:56,1:16:00,KOE,TRK,020,28,0,0,NML,2,2025
556.,B739,PKLSV,LNI,LNI681,LNI692,05/17:00,05/17:06,05/18:48,05/18:58,1:42:00,PKY,KOE,016,28,1,1,NML,2,2025
557.,A320,PKGLP,CTV,CTV699,CTV434,05/16:02,05/16:09,05/16:58,05/17:14,0:49:00,DPS,BPN,009,28,1,1,NML,2,2025
558.,B738,PKLOR,LNI,LNI727,LNI226,05/18:19,05/18:24,05/19:56,05/20:03,1:31:34,KDI,BDJ,023,28,0,0,NML,2,2025
559.,A320,PKLZT,BTK,BTK6578,BTK7579,05/17:08,05/17:13,05/18:04,05/18:14,0:51:00,CGK,CGK,010,28,1,1,NML,2,2025
560.,B738,PKGNR,GIA,GIA3224,GIA3274,05/17:04,05/17:10,05/18:07,05/18:17,0:57:00,CGK,CGK,008,28,1,1,NML,2,2025
561.,A320,PKGTK,CTV,CTV669,CTV488,05/17:16,05/17:22,05/17:53,05/18:07,0:31:00,DPS,BDJ,007,28,1,1,NML,2,2025
562.,A320,PKAZG,AWQ,AWQ323,AWQ326,05/17:35,05/17:39,05/18:12,05/18:23,0:33:00,KUL,KUL,A01,28,1,1,NML,2,2025
563.,B738,PKLOJ,LNI,LNI709,LNI838,05/15:53,05/15:59,05/18:03,05/18:15,2:04:00,UPG,PNK,017,28,1,1,NML,2,2025
564.,A320,PKGQJ,CTV,CTV176,CTV179,05/17:11,05/17:17,05/18:00,05/18:12,0:43:00,HLP,HLP,009,28,1,1,NML,2,2025
565.,A320,PKPWD,PAS,PAS622,PAS623,05/17:23,05/17:30,05/18:09,05/18:21,0:39:00,BPN,BPN,005,28,1,1,NML,2,2025
566.,A320,PKPWA,PAS,PAS206,PAS207,05/16:14,05/16:20,05/18:14,05/18:25,1:54:00,CGK,CGK,006,28,1,1,NML,2,2025
567.,B739,PKLSU,LNI,LNI261,LNI800,05/14:39,05/14:44,05/18:46,05/18:54,4:01:41,BPN,UPG,024,28,0,0,NML,2,2025
568.,B738MAX,9VMBE,SIA,SIA928,SIA929,05/17:50,05/17:54,05/18:45,05/19:00,0:51:00,SIN,SIN,A07,28,1,1,NML,2,2025
569.,B738,PKGMA,GIA,GIA320,GIA325,05/17:42,05/17:48,05/18:47,05/18:57,0:59:00,CGK,CGK,004,28,1,1,NML,2,2025
570.,B735,PKCLE,SJY,SJY567,SJY562,05/18:09,05/18:13,05/18:51,05/19:01,0:38:00,UPG,UPG,012,28,1,1,NML,2,2025
571.,A320,PKGQK,CTV,CTV949,CTV494,05/19:08,05/19:15,05/19:57,05/20:07,0:42:00,BTH,BDJ,008,28,1,1,NML,2,2025
572.,A320,PKLUY,BTK,BTK7519,BTK7518,05/19:03,05/19:08,05/19:59,05/20:13,0:51:00,HLP,HLP,010,28,1,1,NML,2,2025
573.,A320,PKPWK,PAS,PAS202,PAS203,05/18:45,05/18:52,05/19:41,05/19:47,0:49:00,CGK,CGK,005,28,1,1,NML,2,2025
574.,B738,PKGNM,GIA,GIA349,GIA313,05/17:54,05/17:59,05/20:08,05/20:17,2:09:00,DPS,CGK,007,28,1,1,NML,2,2025
575.,A320,PKGLG,CTV,CTV736,CTV352,05/19:26,05/19:32,05/20:13,05/20:25,0:41:00,CGK,UPG,006,28,1,1,NML,2,2025
576.,A320,PKGTK,CTV,CTV495,CTV354,05/20:29,05/20:36,05/21:08,05/21:20,0:32:00,BDJ,UPG,007,28,1,1,NML,2,2025
577.,A320,PKGLP,CTV,CTV435,CTV662,05/20:22,05/20:30,05/21:18,05/21:26,0:48:00,BPN,DPS,008,28,1,1,NML,2,2025
578.,A320,PKGQM,CTV,CTV489,CTV719,05/21:03,05/21:09,05/21:50,05/21:59,0:41:00,BDJ,CGK,006,28,1,1,NML,2,2025
579.,A320,PKLUQ,BTK,BTK7521,BTK6136,05/20:01,05/20:09,05/21:51,05/22:01,1:42:00,HLP,UPG,012,28,1,1,NML,2,2025
580.,B738,PKLKV,LNI,LNI865,LNI878,05/17:58,05/18:03,06/04:50,06/04:59,10:47:00,LOP,AMQ,C04,28,0,0,NML,2,2025
581.,A320,PKSAG,SJV,SJV643,SJV610,05/15:24,05/15:30,06/04:53,06/05:04,13:22:52,AAP,BPN,026,28,0,0,NML,2,2025
582.,A320,PKGLT,CTV,CTV720,CTV430,05/22:44,05/22:49,06/04:50,06/05:01,6:01:00,CGK,BPN,007,28,1,1,NML,2,2025
583.,A320,PKLUR,BTK,BTK6137,BTK7508,05/19:43,05/19:49,06/04:58,06/05:12,9:09:00,UPG,HLP,017,28,1,1,NML,2,2025
584.,A320,PKAZG,AWQ,AWQ327,AWQ320,05/23:52,05/23:55,06/04:59,06/05:15,5:04:00,KUL,KUL,A03,28,1,1,NML,2,2025
585.,A320,PKLUZ,BTK,BTK6576,BTK6132,05/21:37,05/21:42,06/05:08,06/05:16,7:26:00,CGK,LOP,016,28,1,1,NML,2,2025
586.,A320,PKGQT,CTV,CTV726,CTV725,05/21:16,05/21:23,06/05:40,06/05:49,8:17:00,CGK,CGK,009,28,1,1,NML,2,2025
587.,A320,V8RBB,RBA,RBA795,RBA796,05/20:05,05/20:12,06/05:48,06/06:01,9:36:00,BWN,BWN,A07,28,1,1,NML,2,2025
588.,A320,PKSTD,SJV,SJV727,SJV706,05/20:50,05/20:55,06/06:14,06/06:21,9:18:49,DPS,DPS,022,28,0,0,NML,2,2025
589.,A320,PKSJR,SJV,SJV725,SJV640,05/18:05,05/18:11,06/06:00,06/06:12,11:48:35,LBJ,AAP,C03,28,0,0,NML,2,2025
590.,A320,PKPWH,PAS,PAS212,PAS213,05/20:36,05/20:44,06/05:48,06/06:06,9:04:00,CGK,CGK,005,28,1,1,NML,2,2025
591.,A320,PKGLG,CTV,CTV353,CTV484,06/05:10,06/05:17,06/05:56,06/06:10,0:39:00,UPG,BDJ,007,28,1,1,NML,2,2025
592.,B739,PKLGO,LNI,LNI972,LNI882,05/20:32,05/20:38,06/05:50,06/05:59,9:12:00,BTH,UPG,015,28,1,1,NML,2,2025
593.,A320,PKAZO,AWQ,AWQ325,AWQ386,05/19:58,05/20:01,06/06:15,06/06:24,10:14:00,KUL,PEN,A01,28,1,1,NML,2,2025
594.,C208,PKVVO,SUS,PKVVO,SUS6197,05/11:38,05/11:40,06/07:04,06/07:14,19:24:00,BXW,BXW,029,28,0,0,NML,2,2025
595.,A320,PKBKL,BTK,BTK6370,BTK6597,06/06:08,06/06:15,06/07:16,06/07:26,1:01:00,CGK,CGK,016,28,1,1,NML,2,2025
596.,B739,PKLGY,LNI,LNI690,LNI971,06/05:06,06/05:10,06/07:02,06/07:21,1:52:00,CGK,BTH,012,28,1,1,NML,2,2025
597.,B738,PKGFW,GIA,GIA328,GIA305,05/20:11,05/20:18,06/07:00,06/07:09,10:42:00,CGK,CGK,004,28,1,1,NML,2,2025
598.,B738,PKGNE,GIA,GIA855,GIA854,05/21:23,05/21:27,06/06:56,06/07:11,9:29:00,SIN,SIN,A02,28,1,1,NML,2,2025
599.,B738,PKLGM,LNI,LNI363,LNI646,06/06:39,06/06:45,06/08:01,06/08:07,1:16:00,BPN,LOP,015,28,1,1,NML,2,2025
600.,A320,PKLUY,BTK,BTK7511,BTK7510,06/06:42,06/06:49,06/07:33,06/07:43,0:44:00,HLP,HLP,009,28,1,1,NML,2,2025
601.,A320,PKGLP,CTV,CTV661,CTV460,06/06:35,06/06:42,06/07:33,06/07:41,0:51:00,DPS,AAP,006,28,1,1,NML,2,2025
602.,B739,PKLHP,LNI,LNI920A,LNI693,05/17:00,06/01:00,06/07:47,06/07:57,14:46:00,SUB,CGK,021,28,0,0,NML,2,2025
603.,B739,PKLQS,LNI,LNI929,LNI982,06/06:54,06/07:01,06/07:54,06/08:04,0:53:00,DPS,PKU,014,28,1,1,NML,2,2025
604.,A320,PKGQJ,CTV,CTV170,CTV175,06/07:18,06/07:25,06/08:07,06/08:17,0:41:59,HLP,HLP,012,28,1,1,NML,2,2025
605.,A333,BLAK,CPA,CPA779,CPA780,05/18:01,05/18:07,06/08:06,06/08:19,13:59:00,HKG,HKG,A08,28,1,1,NML,2,2025
606.,A320,PKGQU,CTV,CTV355,CTV177,06/07:50,06/07:56,06/08:28,06/08:40,0:32:00,UPG,HLP,007,28,1,1,NML,2,2025
607.,B739,PKLFF,LNI,LNI267,LNI990,06/07:13,06/07:19,06/08:19,06/08:31,1:00:00,TRK,DPS,017,28,1,1,NML,2,2025
608.,DHC6,PKICP,PGT,PKICP,PKICP,05/15:32,05/15:36,06/07:43,06/07:55,16:07:00,PAG,PAG,028,28,0,0,NML,2,2025
609.,B738,PKLZM,MXD,MXD352,MXD353,05/19:56,05/20:01,06/08:45,06/08:56,12:44:00,KUL,KUL,A04,28,1,1,NML,2,2025
610.,A320,PKSAS,SJV,SJV649,SJV618,06/08:01,06/08:07,06/09:08,06/09:15,1:01:00,BPN,BPN,016,28,1,1,NML,2,2025
611.,A320,PKLUZ,BTK,BTK6133,BTK6581,06/07:54,06/08:00,06/08:51,06/09:02,0:51:00,LOP,CGK,009,28,1,1,NML,2,2025
612.,AN12,UR82009,ADB,ADB3934,ADB334F,05/09:10,05/09:13,06/09:03,06/09:13,23:50:00,DWC,DWC,A12,28,0,0,NML,2,2025
613.,B739,PKLSV,LNI,LNI693,LNI682,06/06:46,06/06:51,06/10:38,06/10:54,3:47:00,KOE,PKY,022,28,0,0,NML,2,2025
614.,A320,PKPWE,PAS,PAS200,PAS201,06/08:33,06/08:39,06/09:26,06/09:40,0:47:00,CGK,CGK,005,28,1,1,NML,2,2025
615.,B738,PKGNM,GIA,GIA304,GIA342,06/08:24,06/08:30,06/09:33,06/09:42,1:03:00,CGK,DPS,004,28,1,1,NML,2,2025
616.,A320,PKGLG,CTV,CTV485,CTV486,06/08:37,06/08:42,06/09:20,06/09:31,0:38:00,BDJ,BDJ,006,28,1,1,NML,2,2025
617.,A320,PKSTD,SJV,SJV703,SJV702,06/08:28,06/08:34,06/09:33,06/09:46,0:59:00,DPS,DPS,017,28,1,1,NML,2,2025
"618.,AW139,PKTVN,TVR,PKTVN,PKTVN,03/11:50,03/11:54,06/09:41,06/09:50,""2 days, 21:47:00"",ZZZZ,ZZZZ,H02,28,0,0,NML,2,2025"
619.,B733F,PKMYV,MYU,MYU935,MYU815,06/08:47,06/08:51,06/09:30,06/09:40,0:39:00,SRG,CGK,C02,28,0,0,NML,2,2025
620.,B738,9MMXB,MAS,MAS871,MAS870,06/09:12,06/09:17,06/10:14,06/10:28,0:57:07,KUL,KUL,A03,28,1,1,NML,2,2025
621.,B738,PKLDO,MXD,MXD350,MXD351,06/09:30,06/09:33,06/10:21,06/10:32,0:48:00,KUL,KUL,A04,28,1,1,NML,2,2025
622.,A359,9VSHN,SIA,SIA922,SIA923,06/09:22,06/09:27,06/10:17,06/10:34,0:50:00,SIN,SIN,A08,28,1,1,NML,2,2025
623.,A320,PKSAF,SJV,SJV633,SJV632,05/13:30,05/13:36,06/10:27,06/10:41,20:51:32,BDJ,BDJ,C05,28,0,0,NML,2,2025
624.,A320,PKGQL,CTV,CTV417,CTV350,06/08:42,06/08:50,06/10:11,06/10:23,1:21:00,PNK,UPG,007,28,1,1,NML,2,2025
625.,B739,PKLSH,LNI,LNI787,LNI706,06/09:18,06/09:24,06/10:26,06/10:39,1:02:00,UPG,UPG,011,28,1,1,NML,2,2025
626.,A320,PKPWH,PAS,PAS210,PAS211,06/09:38,06/09:44,06/10:34,06/10:50,0:50:00,CGK,CGK,005,28,1,1,NML,2,2025
627.,A320,PKLAQ,BTK,BTK6221,BTK7516,05/21:13,05/21:19,06/11:24,06/11:32,14:05:00,BPN,HLP,020,28,0,0,NML,2,2025
628.,A320,PKLZH,BTK,BTK7513,BTK6346,06/10:08,06/10:15,06/11:02,06/11:14,0:47:00,HLP,BEJ,008,28,1,1,NML,2,2025
629.,B739,PKLGM,LNI,LNI645,LNI822,06/10:51,06/10:56,06/11:47,06/12:08,0:51:00,LOP,LOP,012,28,1,1,NML,2,2025
630.,B739,PKLHQ,LNI,LNI694,LNI694,06/10:26,06/10:31,06/11:22,06/11:28,0:51:00,CGK,KOE,015,28,1,1,NML,2,2025
631.,A320,PKAZG,AWQ,AWQ321,AWQ322,06/10:47,06/10:50,06/11:24,06/11:34,0:34:00,KUL,KUL,A01,28,1,1,NML,2,2025
632.,B739,PKLOJ,LNI,LNI837,LNI697,06/08:05,06/08:11,06/11:28,06/11:38,3:17:00,PNK,CGK,026,28,0,0,NML,2,2025
633.,B738,PKGMP,GIA,GIA322,GIA327,06/10:20,06/10:27,06/11:36,06/11:53,1:09:00,CGK,CGK,004,28,1,1,NML,2,2025
634.,A320,PKLUY,BTK,BTK7517,BTK7520,06/10:57,06/11:04,06/11:46,06/11:55,0:42:00,HLP,HLP,009,28,1,1,NML,2,2025
"635.,A339,PKLET,LNI,LNI075,LNI074,04/15:41,06/07:37,06/11:50,06/12:05,""1 day, 20:05:00"",JED,MED,A07,28,1,1,NML,2,2025"
636.,A320,PKSJG,SJV,SJV363,SJV362,06/11:04,06/11:09,06/12:10,06/12:22,1:01:00,KNO,KNO,016,28,1,1,NML,2,2025
637.,DHC6,PKICP,PGT,PKICP,PKICP,06/10:42,06/10:46,06/11:18,06/11:28,0:32:00,PAG,PAG,028,28,0,0,NML,2,2025
638.,A320,PKGLP,CTV,CTV461,CTV698,06/11:24,06/11:30,06/12:12,06/12:19,0:42:00,AAP,DPS,006,28,1,1,NML,2,2025
639.,B739,PKLFG,LNI,LNI801,LNI804,06/11:48,06/11:53,06/12:52,06/13:01,0:59:23,UPG,DPS,014,28,1,1,NML,2,2025
640.,B739,PKLFF,LNI,LNI805,LNI780,06/11:11,06/11:17,06/11:18,06/12:26,0:01:00,DPS,UPG,011,28,1,1,NML,2,2025
641.,A320,PKBLC,BTK,BTK6582,BTK6585,06/12:10,06/12:16,06/13:26,06/13:39,1:10:00,CGK,CGK,008,28,1,1,NML,2,2025
642.,A320,PKGLG,CTV,CTV487,CTV668,06/12:03,06/12:09,06/12:47,06/12:55,0:38:00,BDJ,DPS,007,28,1,1,NML,2,2025
643.,A320,PKAZO,AWQ,AWQ387,AWQ324,06/12:49,06/12:53,06/13:32,06/13:47,0:39:00,PEN,KUL,A01,28,1,1,NML,2,2025
644.,B738,PKGFQ,GIA,GIA312,GIA317,06/12:45,06/12:53,06/13:52,06/14:02,0:59:00,CGK,CGK,004,28,1,1,NML,2,2025
645.,B738,PKLKK,LNI,LNI839,LNI836,06/13:30,06/13:36,06/14:29,06/14:44,0:53:00,PNK,PNK,016,28,1,1,NML,2,2025
646.,A320,PKGQM,CTV,CTV716,CTV717,06/15:09,06/15:18,06/16:02,06/16:12,0:44:00,CGK,CGK,007,28,1,1,NML,2,2025
647.,A320,PKGLT,CTV,CTV431,CTV948,06/13:33,06/13:40,06/14:20,06/14:34,0:40:00,BPN,BTH,007,28,1,1,NML,2,2025
648.,A320,9VJSJ,JSA,JSA247,JSA248,06/13:44,06/13:47,06/14:40,06/14:53,0:53:00,SIN,SIN,A07,28,1,1,NML,2,2025
649.,B739,PKLQS,LNI,LNI983,LNI260,06/13:41,06/13:46,06/16:15,06/16:24,2:29:00,PKU,BPN,011,28,1,1,NML,2,2025
650.,A320,PKLAQ,BTK,BTK7515,BTK7514,06/15:05,06/15:11,06/16:05,06/16:21,0:54:00,HLP,HLP,009,28,1,1,NML,2,2025
651.,A320,PKPWK,PAS,PAS208,PAS209,06/14:06,06/14:13,06/15:03,06/15:19,0:50:00,CGK,CGK,005,28,1,1,NML,2,2025
652.,A320,PKBKP,BTK,BTK6406,BTK6220,06/14:51,06/14:57,06/15:54,06/16:09,0:57:00,CGK,BPN,008,28,1,1,NML,2,2025
653.,B738,PKGMF,GIA,GIA330,GIA331,06/14:32,06/14:40,06/15:42,06/15:52,1:02:00,HLP,HLP,004,28,1,1,NML,2,2025
654.,A320,PKBKY,BTK,BTK7501,BTK7512,06/16:07,06/16:14,06/17:12,06/17:23,0:58:00,HLP,HLP,009,28,1,1,NML,2,2025
655.,A320,PKGLS,CTV,CTV699,CTV434,06/15:01,06/15:08,06/15:50,06/16:01,0:42:00,DPS,BPN,006,28,1,1,NML,2,2025
656.,B738,9MMLL,MAS,MAS873,MAS872,06/14:58,06/14:59,06/15:48,06/16:04,0:49:00,KUL,KUL,A08,28,1,1,NML,2,2025
657.,B739,PKLSV,LNI,LNI683,LNI581,06/14:30,06/14:35,06/15:43,06/15:54,1:08:00,PKY,CGK,012,28,1,1,NML,2,2025
"658.,A339,PKLER,LNI,LNI107,LNI106,04/16:13,04/16:19,06/15:51,06/16:18,""1 day, 23:32:00"",JED,JED,A06,28,1,1,NML,2,2025"
659.,B739,PKLGM,LNI,LNI823,LNI920,06/14:26,06/14:32,06/17:08,06/17:19,2:36:00,LOP,DPS,015,28,1,1,NML,2,2025
660.,A320,PKLZH,BTK,BTK6347,BTK6401,06/15:13,06/15:18,06/16:27,06/16:34,1:09:00,BEJ,CGK,016,28,1,1,NML,2,2025
661.,B739,PKLFO,LNI,LNI707,LNI316,06/14:41,06/14:47,06/16:32,06/16:43,1:45:00,UPG,BDJ,014,28,1,1,NML,2,2025
662.,A320,PKGQJ,CTV,CTV174,CTV418,06/15:36,06/15:41,06/16:28,06/16:37,0:47:00,HLP,PNK,003,28,0,0,NML,2,2025
663.,B738MAX,9VMBI,SIA,SIA926,SIA927,06/15:45,06/15:48,06/16:44,06/16:49,0:56:00,SIN,SIN,A07,28,1,1,NML,2,2025
664.,B738,PKGNR,GIA,GIA310,GIA315,06/15:28,06/15:35,06/16:37,06/16:48,1:02:00,CGK,CGK,005,28,1,1,NML,2,2025
665.,B739,PKLHQ,LNI,LNI695,LNI268,06/15:58,06/16:05,06/17:00,06/17:11,0:55:00,KOE,TRK,008,28,1,1,NML,2,2025
666.,B739,PKLGL,LNI,LNI692,LNI692,06/16:40,06/16:45,06/17:30,06/17:39,0:45:00,CGK,KOE,012,28,1,1,NML,2,2025
667.,A320,PKPWJ,PAS,PAS206,PAS623,06/16:14,06/16:19,06/17:01,06/17:15,0:42:00,CGK,BPN,004,28,1,1,NML,2,2025
668.,A320,PKBLD,BTK,BTK6578,BTK7579,06/17:13,06/17:19,06/18:03,06/18:16,0:44:00,CGK,CGK,009,28,1,1,NML,2,2025
669.,A320,PKGQH,CTV,CTV669,CTV488,06/16:56,06/17:02,06/17:38,06/17:48,0:36:00,DPS,BDJ,006,28,1,1,NML,2,2025
670.,A320,PKAZG,AWQ,AWQ323,AWQ326,06/17:16,06/17:20,06/17:51,06/17:59,0:31:00,KUL,KUL,A01,28,1,1,NML,2,2025
671.,B738,PKLOR,LNI,LNI311,LNI838,06/06:04,06/06:08,06/18:11,06/18:21,12:03:00,BDJ,PNK,024,28,0,0,NML,2,2025
672.,G100,N24ZD,AR7,N24ZD,N24ZD,06/17:10,06/17:13,06/18:00,06/18:05,0:47:00,HKT,XSP,C01,28,0,0,NML,2,2025
673.,A320,PKGQL,CTV,CTV718,CTV711,06/17:21,06/17:26,06/18:08,06/18:18,0:42:00,CGK,CGK,007,28,1,1,NML,2,2025
674.,A320,PKPWH,PAS,PAS622,PAS207,06/17:26,06/17:33,06/18:15,06/18:24,0:42:00,BPN,CGK,004,28,1,1,NML,2,2025
675.,A320,PKSAS,SJV,SJV619,SJV716,06/16:02,06/16:10,06/18:34,06/18:43,2:24:00,BPN,LOP,021,28,0,0,NML,2,2025
676.,B738,PKGUE,GIA,GIA320,GIA325,06/17:31,06/17:38,06/18:36,06/18:45,0:58:00,CGK,CGK,005,28,1,1,NML,2,2025
677.,B738MAX,9VMBP,SIA,SIA928,SIA929,06/17:45,06/17:49,06/18:41,06/19:01,0:52:00,SIN,SIN,A07,28,1,1,NML,2,2025
678.,B735,PKCLE,SJY,SJY567,SJY562,06/18:59,06/19:05,06/19:40,06/19:51,0:35:00,UPG,UPG,011,28,1,1,NML,2,2025
679.,B739,PKLSR,LNI,LNI919,LNI880,06/15:50,06/15:59,06/19:38,06/19:49,3:39:00,DPS,UPG,020,28,0,0,NML,2,2025
680.,A320,PKLAQ,BTK,BTK7519,BTK7518,06/19:47,06/19:52,06/20:48,06/21:02,0:56:00,HLP,HLP,009,28,1,1,NML,2,2025
681.,A320,PKPWK,PAS,PAS202,PAS203,06/18:56,06/19:02,06/19:45,06/19:57,0:43:00,CGK,CGK,005,28,1,1,NML,2,2025
682.,A320,PKGLS,CTV,CTV435,CTV662,06/19:20,06/19:26,06/20:08,06/20:20,0:42:00,BPN,DPS,008,28,1,1,NML,2,2025
683.,A320,PKGTD,CTV,CTV736,CTV352,06/20:18,06/20:23,06/21:00,06/21:08,0:37:00,CGK,UPG,005,28,1,1,NML,2,2025
684.,B738,PKGFG,GIA,GIA326,GIA313,06/19:03,06/19:12,06/20:03,06/20:16,0:51:00,CGK,CGK,004,28,1,1,NML,2,2025
685.,A320,PKGQA,CTV,CTV949,CTV494,06/19:35,06/19:43,06/20:21,06/20:31,0:38:00,BTH,BDJ,007,28,1,1,NML,2,2025
686.,A320,PKBKG,BTK,BTK6588,BTK6587,06/19:26,06/19:31,06/20:31,06/20:39,1:00:10,CGK,CGK,014,28,1,1,NML,2,2025
687.,A320,PKGQH,CTV,CTV495,CTV354,06/20:23,06/20:29,06/21:07,06/21:15,0:38:00,BDJ,UPG,008,28,1,1,NML,2,2025
688.,B738,PKGFH,GIA,GIA349,GIA319,06/18:06,06/18:13,06/20:50,06/21:04,2:37:00,DPS,CGK,006,28,1,1,NML,2,2025
689.,A320,PKGQS,CTV,CTV489,CTV719,06/21:44,06/21:50,06/22:24,06/22:33,0:33:34,BDJ,CGK,008,28,1,1,NML,2,2025
690.,A320,PKSTD,SJV,SJV727,SJV610,06/22:38,06/22:45,07/05:02,07/05:17,6:17:00,DPS,BPN,012,28,1,1,NML,2,2025
"691.,A320,PKLUT,BTK,BTK6347,BTK7508,04/15:25,04/15:31,07/04:58,07/05:12,""2 days, 13:27:00"",BEJ,HLP,018,28,0,0,NML,2,2025"
692.,A320,PKGLU,CTV,CTV726,CTV430,06/20:48,06/20:57,07/04:55,07/05:10,7:58:00,CGK,BPN,006,28,1,1,NML,2,2025
693.,B738,PKLOH,LNI,LNI315,LNI878,06/07:58,07/00:33,07/04:55,07/05:06,20:50:00,BDJ,AMQ,011,28,1,0,NML,2,2025
694.,A320,PKSAF,SJV,SJV633,SJV706,06/13:37,06/13:44,07/05:02,07/05:14,15:18:00,BDJ,DPS,026,28,0,0,NML,2,2025
695.,B739,PKLGY,LNI,LNI972,LNI786,06/17:04,07/00:30,07/05:04,07/05:20,11:56:00,BTH,UPG,010,28,1,0,NML,2,2025
696.,A320,PKAZG,AWQ,AWQ327,AWQ320,06/23:23,06/23:26,07/05:00,07/05:15,5:34:00,KUL,KUL,A03,28,1,1,NML,2,2025
697.,B739,PKLQS,LNI,LNI690,LNI690,07/05:08,07/05:14,07/06:02,07/06:09,0:48:00,CGK,KOE,012,28,1,1,NML,2,2025
698.,A320,PKGLX,CTV,CTV720,CTV725,06/22:04,06/22:12,07/05:43,07/05:55,7:30:23,CGK,CGK,005,28,1,1,NML,2,2025
699.,A320,V8RBC,RBA,RBA795,RBA796,06/20:32,06/20:35,07/05:50,07/06:04,9:15:00,BWN,BWN,A07,28,1,1,NML,2,2025
700.,B738,PKLKV,LNI,LNI879,LNI868,06/10:30,06/10:40,07/06:02,07/06:12,19:21:38,AMQ,TTE,C03,28,0,0,NML,2,2025
701.,A320,PKGLG,CTV,CTV353,CTV670,07/05:04,07/05:11,07/05:57,07/06:07,0:46:00,UPG,LOP,008,28,1,1,NML,2,2025
702.,A320,PKPWL,PAS,PAS212,PAS213,06/20:28,06/20:36,07/05:52,07/06:02,9:16:00,CGK,CGK,007,28,1,1,NML,2,2025
703.,A320,PKSJR,SJV,SJV643,SJV640,06/15:17,06/15:22,07/05:54,07/06:05,14:32:48,AAP,AAP,022,28,0,0,NML,2,2025
704.,A320,PKLUY,BTK,BTK7521,BTK6412,06/20:07,06/20:13,07/06:25,07/06:37,10:12:00,HLP,DPS,015,28,1,1,NML,2,2025
705.,DHC6,PKICP,PGT,PKICP,PKICP,06/14:15,06/14:18,07/06:40,07/06:49,16:22:00,PAG,PAG,028,28,0,0,NML,2,2025
706.,A320,PKSJD,SJV,SJV717,SJV566,07/05:52,07/05:57,07/06:48,07/06:56,0:51:00,LOP,PLW,011,28,1,1,NML,2,2025
707.,A320,PKLAJ,BTK,BTK6413,BTK6135,06/20:58,06/21:04,07/06:56,07/07:09,9:52:00,DPS,PKN,017,28,1,1,NML,2,2025
708.,B739,PKLFO,LNI,LNI311,LNI971,07/05:59,07/06:06,07/06:55,07/07:05,0:49:00,BDJ,BTH,010,28,1,1,NML,2,2025
709.,A320,PKBKQ,BTK,BTK6370,BTK6597,07/06:16,07/06:23,07/07:10,07/07:22,0:47:00,CGK,CGK,009,28,1,1,NML,2,2025
710.,B738,PKGUC,GIA,GIA328,GIA305,06/20:13,06/20:20,07/06:58,07/07:07,10:38:00,CGK,CGK,004,28,1,1,NML,2,2025
711.,B738,PKGNE,GIA,GIA855,GIA854,06/20:54,06/20:58,07/07:06,07/07:20,10:08:00,SIN,SIN,A02,28,1,1,NML,2,2025
712.,C208,PKVVO,SUS,PKVVO,PKVVO,06/09:01,06/09:06,07/07:17,07/07:19,22:11:00,BXW,BXW,029,28,0,0,NML,2,2025
713.,B738,PKLSF,LNI,LNI885,LNI646,06/18:50,06/18:55,07/07:14,07/07:27,12:19:00,UPG,LOP,024,28,0,0,NML,2,2025
714.,A320,PKLAM,BTK,BTK7511,BTK7510,07/06:39,07/06:45,07/07:30,07/07:39,0:45:00,HLP,HLP,012,28,1,1,NML,2,2025
715.,A320,PKAZO,AWQ,AWQ325,AWQ392,06/19:40,06/19:43,07/07:26,07/07:50,11:43:00,KUL,JHB,A01,28,1,1,NML,2,2025
716.,A320,PKGLS,CTV,CTV661,CTV460,07/06:34,07/06:44,07/07:35,07/07:44,0:51:00,DPS,AAP,005,28,1,1,NML,2,2025
717.,B739,PKLGL,LNI,LNI693,LNI693,07/06:49,07/06:55,07/07:49,07/08:00,0:54:00,KOE,CGK,008,28,1,1,NML,2,2025
718.,A320,PKGQU,CTV,CTV170,CTV175,07/07:18,07/07:24,07/08:02,07/08:16,0:38:00,HLP,HLP,006,28,1,1,NML,2,2025
"719.,A339,PKLEV,LNI,LNI105,LNI102,04/20:16,06/23:02,07/08:10,07/08:29,""2 days, 11:50:00"",JED,JED,A06,28,1,1,NML,2,2025"
720.,A333,BLBH,CPA,CPA779,CPA780,06/18:13,06/18:17,07/08:08,07/08:22,13:51:00,HKG,HKG,A08,28,1,1,NML,2,2025
721.,B739,PKLHQ,LNI,LNI267,LNI990,07/07:02,07/07:07,07/08:11,07/08:26,1:04:00,TRK,DPS,011,28,1,1,NML,2,2025
722.,A320,PKSAF,SJV,SJV703,SJV634,07/07:32,07/07:38,07/08:30,07/08:37,0:52:00,DPS,BDJ,009,28,1,1,NML,2,2025
723.,A320,PKGTD,CTV,CTV355,CTV177,07/07:41,07/07:47,07/08:33,07/08:47,0:46:00,UPG,HLP,007,28,1,1,NML,2,2025
724.,B738,PKLZO,MXD,MXD352,MXD353,06/19:54,06/19:59,07/08:54,07/08:59,12:55:00,KUL,KUL,A04,28,1,1,NML,2,2025
725.,EC135,PKFGJ,SAG,PKFGJ,PKFGJ,07/08:12,07/08:14,07/08:17,07/08:19,0:03:00,DHX,DHX,A01,28,0,0,NML,2,2025
726.,A320,PKLUV,BTK,BTK6576,BTK6581,06/21:38,06/21:44,07/09:00,07/09:13,11:16:00,CGK,CGK,014,28,1,1,NML,2,2025
727.,B739,PKLQR,LNI,LNI929,LNI856,07/06:44,07/06:51,07/09:12,07/09:25,2:21:00,DPS,PLM,015,28,1,1,NML,2,2025
728.,B738,PKLOR,LNI,LNI837,LNI748,07/08:14,07/08:20,07/09:17,07/09:34,0:57:00,PNK,MDC,012,28,1,1,NML,2,2025
729.,B739,PKLSP,LNI,LNI683,LNI682,07/08:09,07/08:15,07/09:12,07/09:18,0:57:00,PKY,PKY,010,28,1,1,NML,2,2025
730.,B738,PKGMA,GIA,GIA304,GIA342,07/08:18,07/08:25,07/09:20,07/09:36,0:55:00,CGK,DPS,004,28,1,1,NML,2,2025
731.,A320,PKGLG,CTV,CTV671,CTV486,07/08:24,07/08:32,07/09:12,07/09:20,0:40:00,LOP,BDJ,006,28,1,1,NML,2,2025
732.,A320,PKSTD,SJV,SJV611,SJV618,07/08:40,07/08:48,07/09:45,07/09:57,0:57:00,BPN,BPN,016,28,1,1,NML,2,2025
733.,A320,9VTRN,TGW,TGW264,TGW265,07/09:10,07/09:15,07/10:10,07/10:22,0:55:00,SIN,SIN,A02,28,1,1,NML,2,2025
734.,B738MAX,9MMVG,MAS,MAS871,MAS870,07/09:04,07/09:07,07/09:55,07/10:14,0:48:00,KUL,KUL,A06,28,1,1,NML,2,2025
735.,B735,PKNAS,LKN,LKN243,LKN242,07/09:14,07/09:20,07/10:00,07/10:10,0:40:00,SMQ,SMQ,011,28,1,1,NML,2,2025
736.,B738,9MLCV,MXD,MXD350,MXD351,07/08:59,07/09:04,07/09:58,07/10:17,0:54:00,KUL,KUL,A03,28,1,1,NML,2,2025
737.,A359,9VSHP,SIA,SIA922,SIA923,07/09:25,07/09:29,07/10:26,07/10:45,0:57:00,SIN,SIN,A08,28,1,1,NML,2,2025
738.,A320,PKGQJ,CTV,CTV351,CTV350,07/09:29,07/09:35,07/10:17,07/10:30,0:42:00,UPG,UPG,007,28,1,1,NML,2,2025
739.,B738,PKLQZ,LNI,LNI315,LNI706,07/07:54,07/07:59,07/10:36,07/10:46,2:37:00,BDJ,UPG,024,28,0,0,NML,2,2025
740.,B739,PKLGV,LNI,LNI970,LNI973,07/09:54,07/10:00,07/10:27,07/11:01,0:27:00,BTH,BTH,014,28,1,1,NML,2,2025
741.,A320,PKLUQ,BTK,BTK7513,BTK7516,07/09:59,07/10:07,07/10:55,07/11:06,0:48:00,HLP,HLP,008,28,1,1,NML,2,2025
742.,A320,PKPWL,PAS,PAS210,PAS211,07/09:42,07/09:47,07/10:37,07/10:48,0:50:00,CGK,CGK,005,28,1,1,NML,2,2025
743.,DHC6,PKICP,PGT,PKICP,PKICP,07/09:56,07/10:00,07/10:25,07/10:29,0:25:00,PAG,PAG,028,28,0,0,NML,2,2025
744.,B739,PKLSH,LNI,LNI791,LNI822,07/10:02,07/10:09,07/11:10,07/11:19,1:01:00,UPG,LOP,012,28,1,1,NML,2,2025
745.,A320,PKAZU,AWQ,AWQ321,AWQ322,07/16:07,07/16:11,07/16:45,07/16:56,0:34:00,KUL,KUL,A01,10,1,1,NML,2,2025
746.,B739,PKLQS,LNI,LNI697,LNI697,07/10:51,07/10:57,07/11:48,07/11:57,0:51:00,KOE,CGK,015,28,1,1,NML,2,2025
747.,H850XP,T7TUN,AGV,T7TUN,T7TUN,07/07:50,07/07:53,07/10:23,07/10:26,2:30:00,HLP,HLP,001,28,0,0,NML,2,2025
748.,A320,PKLAQ,BTK,BTK7517,BTK7520,07/11:03,07/11:09,07/12:31,07/12:37,1:22:00,HLP,HLP,009,28,1,1,NML,2,2025
749.,B738,PKGFJ,GIA,GIA322,GIA327,07/10:20,07/10:26,07/11:31,07/11:40,1:05:00,CGK,CGK,004,28,1,1,NML,2,2025
750.,A320,PKGLS,CTV,CTV461,CTV698,07/11:22,07/11:32,07/12:12,07/12:20,0:40:00,AAP,DPS,006,28,1,1,NML,2,2025
"751.,A320,PKSJC,SJV,SJV643,SJV632,03/12:35,03/12:39,07/12:29,07/12:35,""3 days, 23:50:00"",AAP,BDJ,025,28,0,0,NML,2,2025"
752.,A320,PKSAF,SJV,SJV635,SJV702,07/11:26,07/11:33,07/12:23,07/12:28,0:50:00,BDJ,DPS,014,28,1,1,NML,2,2025
753.,A320,PKBLD,BTK,BTK6582,BTK6585,07/12:00,07/12:05,07/12:54,07/13:00,0:49:00,CGK,CGK,008,28,1,1,NML,2,2025
754.,B739,PKLKM,LNI,LNI694,LNI780,07/10:27,07/10:32,07/12:25,07/12:33,1:53:00,CGK,UPG,010,28,1,1,NML,2,2025
755.,B735,PKNAT,LKN,LKN193,LKN192,07/17:06,07/17:11,07/17:50,07/18:14,0:39:00,PKN,PKN,010,28,1,1,NML,2,2025
756.,A320,PKGLG,CTV,CTV487,CTV668,07/11:53,07/12:00,07/12:48,07/12:58,0:48:00,BDJ,DPS,007,28,1,1,NML,2,2025
757.,A320,PKAZO,AWQ,AWQ393,AWQ324,07/12:43,07/12:47,07/13:31,07/13:42,0:44:00,JHB,KUL,A01,28,1,1,NML,2,2025
758.,B738,PKLKV,LNI,LNI869,LNI722,07/12:15,07/12:21,07/13:24,07/13:39,1:03:00,TTE,KDI,012,28,1,1,NML,2,2025
759.,A320,PKPWD,PAS,PAS204,PAS205,07/12:07,07/12:14,07/13:20,07/13:29,1:06:00,CGK,CGK,005,28,1,1,NML,2,2025
760.,B738,PKGFD,GIA,GIA312,GIA317,07/12:56,07/13:01,07/13:59,07/14:10,0:58:00,CGK,CGK,004,28,1,1,NML,2,2025
761.,B738,PKLKQ,LNI,LNI839,LNI836,07/13:27,07/13:32,07/14:16,07/14:23,0:44:00,PNK,PNK,014,28,1,1,NML,2,2025
762.,A320,PKGQH,CTV,CTV716,CTV717,07/13:44,07/13:50,07/14:32,07/14:41,0:42:00,CGK,CGK,006,28,1,1,NML,2,2025
763.,A320,PKLAJ,BTK,BTK6134,BTK7514,07/09:51,07/09:55,07/14:32,07/14:51,4:37:00,PKN,HLP,017,28,1,1,NML,2,2025
764.,A320,PKGLU,CTV,CTV431,CTV948,07/13:40,07/13:47,07/14:25,07/14:40,0:38:00,BPN,BTH,007,28,1,1,NML,2,2025
765.,B739,PKLGY,LNI,LNI801,LNI910,07/12:05,07/12:10,07/14:38,07/14:54,2:28:00,UPG,DPS,015,28,1,1,NML,2,2025
766.,A320,9VJSI,JSA,JSA247,JSA248,07/13:36,07/13:39,07/14:29,07/14:43,0:50:00,SIN,SIN,A06,28,1,1,NML,2,2025
767.,B739,PKLQR,LNI,LNI857,LNI642,07/13:48,07/13:54,07/15:20,07/15:29,1:26:00,PLM,LOP,011,28,1,1,NML,2,2025
768.,A320,PKPWE,PAS,PAS208,PAS209,07/14:08,07/14:14,07/15:07,07/15:16,0:53:00,CGK,CGK,005,28,1,1,NML,2,2025
769.,B738,PKGFG,GIA,GIA330,GIA331,07/15:04,07/15:10,07/16:02,07/16:10,0:52:00,HLP,HLP,004,28,1,1,NML,2,2025
770.,A320,PKGLS,CTV,CTV699,CTV434,07/14:46,07/14:53,07/15:34,07/15:42,0:41:00,DPS,BPN,007,28,1,1,NML,2,2025
771.,B739,PKLGU,LNI,LNI919,LNI920,07/14:37,07/14:42,07/15:39,07/15:47,0:57:00,DPS,DPS,014,28,1,1,NML,2,2025
772.,A320,PKLAQ,BTK,BTK7501,BTK7512,07/16:04,07/16:11,07/17:06,07/17:20,0:55:00,HLP,HLP,009,10,1,1,NML,2,2025
773.,B738,PKLQZ,LNI,LNI707,LNI581,07/14:32,07/14:40,07/16:59,07/17:25,2:19:35,UPG,CGK,016,10,1,1,NML,2,2025
774.,A320,PKSJD,SJV,SJV567,SJV726,07/11:14,07/11:20,07/15:54,07/16:03,4:34:38,PLW,LBJ,018,28,0,0,NML,2,2025
775.,A320,PKBKY,BTK,BTK7515,BTK6401,07/13:56,07/14:02,07/16:04,07/16:15,2:02:00,HLP,CGK,010,28,1,1,NML,2,2025
776.,A320,PKLZH,BTK,BTK6406,BTK6220,07/17:00,07/17:05,07/18:14,07/18:29,1:09:05,CGK,BPN,007,28,1,1,NML,2,2025
777.,B738,PKLOH,LNI,LNI879,LNI316,07/15:00,07/15:06,07/18:05,07/18:24,2:59:00,AMQ,BDJ,012,28,1,1,NML,2,2025
778.,A320,PKSJR,SJV,SJV643,SJV672,07/15:20,07/15:27,07/18:18,07/18:38,2:51:00,AAP,BEJ,015,28,1,1,NML,2,2025
779.,A320,PKGTD,CTV,CTV174,CTV715,07/15:56,07/16:01,07/16:50,07/17:04,0:49:00,HLP,CGK,008,10,1,1,NML,2,2025
780.,B738,PKGFW,GIA,GIA310,GIA315,07/15:25,07/15:34,07/16:31,07/16:45,0:57:00,CGK,CGK,005,28,1,1,NML,2,2025
781.,B738MAX,9VMBL,SIA,SIA926,SIA927,07/15:37,07/15:40,07/16:32,07/16:48,0:52:00,SIN,SIN,A07,28,1,1,NML,2,2025
782.,B739,PKLQS,LNI,LNI692,LNI692,07/16:01,07/16:06,07/17:25,07/17:51,1:19:00,CGK,KOE,011,10,1,1,NML,2,2025
783.,A320,PKPWA,PAS,PAS206,PAS623,07/16:42,07/16:45,07/17:30,07/17:53,0:45:00,CGK,BPN,006,28,1,1,NML,2,2025
784.,A320,PKSTD,SJV,SJV619,SJV648,07/15:58,07/16:04,07/17:09,07/17:18,1:05:00,BPN,BPN,014,10,1,1,NML,2,2025
785.,A320,PKBLD,BTK,BTK6578,BTK7579,07/17:22,07/17:25,07/18:14,07/18:33,0:49:00,CGK,CGK,009,28,1,1,NML,2,2025
786.,A320,PKGQS,CTV,CTV669,CTV488,07/16:54,07/16:59,07/17:51,07/18:05,0:52:00,DPS,BDJ,005,28,1,1,NML,2,2025
787.,A320,PKAZO,AWQ,AWQ325,AWQ326,07/19:45,07/19:49,07/20:24,07/20:36,0:35:00,KUL,KUL,A01,28,1,1,NML,2,2025
788.,B738,PKLSF,LNI,LNI645,LNI838,07/10:05,07/10:13,07/18:02,07/18:21,7:49:00,LOP,PNK,022,28,0,0,NML,2,2025
789.,A320,PKPWL,PAS,PAS622,PAS207,07/18:05,07/18:12,07/18:58,07/19:08,0:46:00,BPN,CGK,006,28,1,1,NML,2,2025
790.,B739,PKLGY,LNI,LNI923,LNI800,07/17:59,07/18:04,07/18:59,07/19:10,0:55:00,DPS,UPG,016,28,1,1,NML,2,2025
791.,B735,PKCLE,SJY,SJY567,SJY562,07/18:19,07/18:24,07/19:15,07/19:21,0:51:00,UPG,UPG,011,28,1,1,NML,2,2025
792.,B738,PKGFM,GIA,GIA320,GIA325,07/18:02,07/18:10,07/19:21,07/19:31,1:11:00,CGK,CGK,004,28,1,1,NML,2,2025
793.,A320,PKGQL,CTV,CTV718,CTV711,07/18:12,07/18:19,07/19:08,07/19:16,0:49:00,CGK,CGK,008,28,1,1,NML,2,2025
794.,B738MAX,9VMBE,SIA,SIA928,SIA929,07/18:09,07/18:12,07/19:01,07/19:18,0:49:00,SIN,SIN,A03,28,1,1,NML,2,2025
795.,A320,PKLAZ,BTK,BTK7503,BTK7502,07/17:55,07/18:00,07/19:06,07/19:13,1:06:00,HLP,HLP,014,28,1,1,NML,2,2025
796.,GL7T,VPCTC,RJP,VPCTC,VPCTC,07/09:20,07/09:27,07/17:25,07/17:35,7:58:36,HLP,HLP,002,10,0,0,NML,2,2025
797.,B788,9VOFG,TGW,TGW262,TGW263,07/18:30,07/18:33,07/20:08,07/20:20,1:35:00,SIN,SIN,A07,28,2,2,NML,2,2025
798.,A320,PKLAM,BTK,BTK7519,BTK7518,07/21:25,07/21:31,07/22:14,07/22:23,0:43:00,HLP,HLP,011,28,1,1,NML,2,2025
799.,A320,PKGQR,CTV,CTV949,CTV494,07/19:05,07/19:14,07/19:51,07/19:59,0:37:13,BTH,BDJ,006,28,1,1,NML,2,2025
800.,A320,PKPWE,PAS,PAS202,PAS203,07/18:58,07/19:06,07/19:57,07/20:06,0:51:00,CGK,CGK,007,28,1,1,NML,2,2025
801.,A320,PKGLS,CTV,CTV435,CTV662,07/19:23,07/19:31,07/20:04,07/20:15,0:33:00,BPN,DPS,008,28,1,1,NML,2,2025
802.,B738,PKGMA,GIA,GIA349,GIA313,07/18:26,07/18:34,07/20:03,07/20:13,1:29:00,DPS,CGK,005,28,1,1,NML,2,2025
803.,B738,PKLZT,BTK,BTK6588,BTK6587,07/19:38,07/19:44,07/20:38,07/20:48,0:54:00,CGK,CGK,015,28,1,1,NML,2,2025
804.,A320,PKGQS,CTV,CTV495,CTV354,07/20:34,07/20:41,07/21:26,07/21:37,0:45:00,BDJ,UPG,008,28,1,1,NML,2,2025
805.,B738,PKGNN,GIA,GIA326,GIA319,07/19:49,07/19:56,07/20:54,07/21:03,0:58:00,CGK,CGK,004,28,1,1,NML,2,2025
806.,A320,PKGQM,CTV,CTV736,CTV352,07/20:31,07/20:39,07/21:13,07/21:28,0:34:00,CGK,UPG,007,28,1,1,NML,2,2025
807.,A320,PKLUS,BTK,BTK6137,BTK6136,07/22:18,07/22:26,07/23:25,07/23:33,0:59:00,UPG,UPG,009,28,1,1,NML,2,2025
808.,A320,PKGQE,CTV,CTV489,CTV719,07/21:49,07/21:55,07/22:36,07/22:44,0:41:00,BDJ,CGK,004,28,1,1,NML,2,2025
809.,A320,PKGQO,CTV,CTV726,CTV430,07/21:16,07/21:26,08/04:56,08/05:12,7:30:00,CGK,BPN,007,28,1,1,NML,2,2025
810.,A320,PKSJU,SJV,SJV615,SJV610,07/22:52,07/22:59,08/04:50,08/05:04,5:51:00,BPN,BPN,012,28,1,1,NML,2,2025
811.,A320,PKLAJ,BTK,BTK7521,BTK7508,07/21:44,07/21:52,08/04:55,08/05:08,7:03:00,HLP,HLP,014,28,1,1,NML,2,2025
812.,B738,PKLKV,LNI,LNI727,LNI786,07/18:16,07/18:24,08/04:56,08/05:09,10:31:15,KDI,UPG,021,28,0,0,NML,2,2025
813.,A320,PKAZU,AWQ,AWQ323,AWQ320,07/22:40,07/22:44,08/05:00,08/05:14,6:16:00,KUL,KUL,A01,28,1,1,NML,2,2025
814.,A320,PKGQK,CTV,CTV720,CTV725,07/22:01,07/22:08,08/05:41,08/05:51,7:33:00,CGK,CGK,008,28,1,1,NML,2,2025
815.,A320,V8RBA,RBA,RBA795,RBA796,07/20:10,07/20:15,08/05:56,08/06:08,9:41:00,BWN,BWN,A03,28,1,1,NML,2,2025
816.,B739,PKLSH,LNI,LNI823,LNI882,07/13:53,07/13:58,08/05:55,08/06:06,15:57:00,LOP,UPG,024,28,0,0,NML,2,2025
817.,A320,PKSAJ,SJV,SJV727,SJV706,07/20:46,07/20:53,08/06:01,08/06:11,9:08:00,DPS,DPS,016,28,1,1,NML,2,2025
818.,A320,PKGQM,CTV,CTV353,CTV670,08/05:01,08/05:09,08/05:47,08/05:54,0:38:00,UPG,LOP,006,28,1,1,NML,2,2025
819.,A320,PKPWM,PAS,PAS212,PAS213,07/20:38,07/20:45,08/05:51,08/06:02,9:06:00,CGK,CGK,005,28,1,1,NML,2,2025
820.,A320,PKSJR,SJV,SJV673,SJV640,07/22:57,07/23:04,08/05:56,08/06:04,6:52:00,BEJ,AAP,011,28,1,1,NML,2,2025
821.,A320,PKAZO,AWQ,AWQ327P,AWQ386,08/05:05,08/05:08,08/06:06,08/06:14,0:58:00,KUL,PEN,A01,28,1,1,NML,2,2025
822.,A320,PKSJD,SJV,SJV725,SJV634,07/22:48,07/22:53,08/06:49,08/07:03,7:56:06,LBJ,BDJ,C03,28,0,0,NML,2,2025
823.,B733F,PKMYV,MYU,MYU935,MYU934,07/08:44,07/08:48,08/06:23,08/06:35,21:35:09,SRGX,SIN,C02,28,0,0,NML,2,2025
824.,B738MAX,PKOFI,AFE,AFE921,AFE921,08/06:00,08/06:06,08/06:46,08/06:56,0:40:00,CGK,TIM,005,28,1,1,NML,2,2025
825.,A320,PKLUJ,BTK,BTK6370,BTK6597,08/06:25,08/06:30,08/07:16,08/07:24,0:46:00,CGK,CGK,011,28,1,1,NML,2,2025
826.,B739,PKLQR,LNI,LNI865,LNI971,07/18:22,07/18:28,08/07:01,08/07:12,12:32:54,LOP,BTH,018,28,0,0,NML,2,2025
827.,B738,PKGMI,GIA,GIA328,GIA854,07/20:04,07/23:41,08/07:04,08/07:13,10:51:00,CGK,SIN,A02,28,1,1,NML,2,2025
828.,B738,PKGNF,GIA,GIA855,GIA305,07/21:20,08/00:01,08/06:55,08/07:04,9:31:00,SIN,CGK,004,28,1,1,NML,2,2025
"829.,B739,PKLHY,LNI,LNI692,LNI646,05/17:55,06/06:02,08/07:15,08/07:22,""2 days, 13:15:00"",CGK,LOP,023,28,0,1,NML,2,2025"
830.,A320,PKLAQ,BTK,BTK7511,BTK7510,08/06:59,08/07:06,08/07:48,08/07:59,0:42:00,HLP,HLP,008,28,1,1,NML,2,2025
831.,A320,PKGLS,CTV,CTV661,CTV460,08/06:48,08/06:54,08/07:37,08/07:47,0:43:00,DPS,AAP,006,28,1,1,NML,2,2025
832.,B739,PKLQS,LNI,LNI693,LNI693,08/07:09,08/07:14,08/08:06,08/08:20,0:52:00,KOE,CGK,014,28,1,1,NML,2,2025
833.,B739,PKLGU,LNI,LNI929,LNI982,08/06:54,08/07:00,08/07:55,08/08:04,0:55:00,DPS,PKU,012,28,1,1,NML,2,2025
834.,A333,BLAK,CPA,CPA779,CPA780,07/18:35,07/18:38,08/08:09,08/08:31,13:31:00,HKG,HKG,A08,28,1,1,NML,2,2025
835.,A339,PKLER,LNI,LNI107,LNI106,07/17:15,07/17:19,08/08:19,08/08:39,15:00:00,JED,JED,A06,28,1,1,NML,2,2025
836.,B739,PKLGP,LNI,LNI972,LNI990,07/16:16,07/16:21,08/08:20,08/08:35,15:59:00,BTH,DPS,025,28,0,0,NML,2,2025
837.,DHC6,PKICP,PGT,PKICP,PKICP,07/13:29,07/13:33,08/07:48,08/07:55,18:14:25,PAG,PAG,028,28,0,0,NML,2,2025
838.,A320,PKGQL,CTV,CTV355,CTV177,08/07:43,08/07:50,08/08:30,08/08:42,0:40:00,UPG,HLP,009,28,1,1,NML,2,2025
839.,B738,PKLZO,MXD,MXD352,MXD353,07/19:42,07/19:45,08/08:57,08/09:10,13:12:00,KUL,KUL,A04,28,1,1,NML,2,2025
840.,A320,PKLZH,BTK,BTK6221,BTK6581,07/21:56,07/22:03,08/09:02,08/09:13,10:59:00,BPN,CGK,010,28,1,1,NML,2,2025
841.,A320,9VJSM,JSA,JSA249,JSA250,08/08:17,08/08:21,08/09:12,08/09:27,0:51:00,SIN,SIN,A02,28,1,1,NML,2,2025
842.,A320,PKSJA,SJV,SJV649,SJV618,08/07:49,08/07:54,08/08:55,08/09:04,1:00:44,BPN,BPN,016,28,1,1,NML,2,2025
843.,B738,PKLSF,LNI,LNI837,LNI748,08/08:09,08/08:15,08/09:19,08/09:30,1:04:00,PNK,MDC,012,28,1,1,NML,2,2025
844.,B739,PKLSP,LNI,LNI683,LNI682,08/08:13,08/08:18,08/09:09,08/09:17,0:51:00,PKY,PKY,011,28,1,1,NML,2,2025
845.,B738,PKGNE,GIA,GIA304,GIA342,08/08:20,08/08:27,08/09:24,08/09:34,0:57:00,CGK,DPS,004,28,1,1,NML,2,2025
846.,A320,PKPWE,PAS,PAS200,PAS201,08/08:33,08/08:39,08/09:24,08/09:32,0:45:00,CGK,CGK,005,28,1,1,NML,2,2025
847.,A320,PKGQM,CTV,CTV671,CTV486,08/08:26,08/08:32,08/09:13,08/09:21,0:41:00,LOP,BDJ,007,28,1,1,NML,2,2025
848.,A320,9VTRU,TGW,TGW264,TGW265,08/09:02,08/09:05,08/09:53,08/10:10,0:48:00,SIN,SIN,A03,28,1,1,NML,2,2025
849.,A320,PKGQU,CTV,CTV170,CTV175,08/08:37,08/08:43,08/09:51,08/10:03,1:08:00,HLP,HLP,006,28,1,1,NML,2,2025
850.,B738,9MMXW,MAS,MAS871,MAS870,08/09:25,08/09:32,08/10:14,08/10:26,0:42:00,KUL,KUL,A06,28,1,1,NML,2,2025
851.,B738,PKLBK,MXD,MXD350,MXD351,08/08:51,08/08:54,08/09:58,08/10:14,1:04:00,KUL,KUL,A01,28,1,1,NML,2,2025
852.,A359,9VSHF,SIA,SIA922,SIA923,08/09:07,08/09:11,08/10:20,08/10:35,1:09:00,SIN,SIN,A08,28,1,1,NML,2,2025
853.,A320,PKGQE,CTV,CTV351,CTV350,08/09:45,08/09:51,08/10:26,08/10:38,0:35:00,UPG,UPG,008,28,1,1,NML,2,2025
854.,B739,PKLGV,LNI,LNI970,LNI973,08/09:40,08/09:45,08/10:35,08/10:42,0:50:00,BTH,BTH,014,28,1,1,NML,2,2025
855.,A320,PKLUQ,BTK,BTK7513,BTK7516,08/10:11,08/10:17,08/10:59,08/11:12,0:42:00,HLP,HLP,010,28,1,1,NML,2,2025
"856.,A320,PKBKP,BTK,BTK6221,BTK6346,06/19:32,07/01:35,08/10:57,08/11:04,""1 day, 15:19:00"",BPN,BEJ,020,28,0,1,NML,2,2025"
857.,B739,PKLGM,LNI,LNI791,LNI822,08/10:04,08/10:10,08/11:13,08/11:20,1:03:00,UPG,LOP,012,28,1,1,NML,2,2025
858.,B739,PKLFF,LNI,LNI694,LNI694,08/11:28,08/11:33,08/12:31,08/12:40,0:58:00,CGK,KOE,016,28,1,1,NML,2,2025
859.,A320,PKAZU,AWQ,AWQ321,AWQ322,08/10:55,08/10:57,08/11:39,08/11:49,0:42:00,KUL,KUL,A01,28,1,1,NML,2,2025
860.,B739,PKLVF,LNI,LNI690,LNI697,08/05:10,08/05:15,08/11:35,08/11:44,6:20:00,CGK,CGK,021,28,0,0,NML,2,2025
861.,B429,P3201,POL,P3201,P3201,08/10:35,08/10:41,08/11:25,08/11:35,0:44:00,SUB,SUB,H05,28,0,0,NML,2,2025
862.,B738,PKGMC,GIA,GIA322,GIA327,08/10:36,08/10:45,08/11:46,08/11:54,1:01:00,CGK,CGK,004,28,1,1,NML,2,2025
863.,A320,PKLUT,BTK,BTK7517,BTK7520,08/10:41,08/10:47,08/11:35,08/11:42,0:48:00,HLP,HLP,009,28,1,1,NML,2,2025
864.,A320,PKSGC,SJV,SJV363,SJV362,08/11:12,08/11:19,08/12:13,08/12:27,0:54:00,KNO,KNO,015,28,1,1,NML,2,2025
865.,A320,PKGLS,CTV,CTV461,CTV698,08/11:33,08/11:39,08/12:22,08/12:29,0:43:00,AAP,DPS,006,28,1,1,NML,2,2025
866.,B739,PKLHI,LNI,LNI805,LNI780,08/11:09,08/11:15,08/12:34,08/12:43,1:19:00,DPS,UPG,011,28,1,1,NML,2,2025
867.,A320,PKBLD,BTK,BTK6582,BTK6585,08/12:24,08/12:30,08/13:37,08/13:48,1:07:00,CGK,CGK,009,28,1,1,NML,2,2025
868.,A320,PKSJR,SJV,SJV641,SJV636,08/10:07,08/10:12,08/12:36,08/12:44,2:24:00,AAP,BDJ,017,28,1,1,NML,2,2025
869.,A339,PKLEV,LNI,LNI103,LNI074,08/07:57,08/08:01,08/12:08,08/12:20,4:07:00,JED,MED,A07,28,1,1,NML,2,2025
870.,A320,PKGQM,CTV,CTV487,CTV668,08/11:58,08/12:04,08/12:49,08/12:55,0:45:00,BDJ,DPS,007,28,1,1,NML,2,2025
871.,A320,PKPWG,PAS,PAS204,PAS205,08/12:15,08/12:21,08/13:20,08/13:26,0:59:00,CGK,CGK,005,28,1,1,NML,2,2025
872.,A320,PKAZO,AWQ,AWQ387,AWQ324,08/12:37,08/12:40,08/13:37,08/13:53,0:57:00,PEN,KUL,A01,28,1,1,NML,2,2025
873.,B738,PKGNH,GIA,GIA312,GIA317,08/12:32,08/12:38,08/13:49,08/13:58,1:11:00,CGK,CGK,004,28,1,1,NML,2,2025
874.,B738,PKLKQ,LNI,LNI839,LNI836,08/13:36,08/13:41,08/14:36,08/14:45,0:55:00,PNK,PNK,015,28,1,1,NML,2,2025
875.,B733F,PKMYV,MYU,MYU935,MYU815,08/13:39,08/13:43,08/14:13,08/14:23,0:30:00,SRG,CGK,C02,28,0,0,NML,2,2025
876.,A320,PKGTD,CTV,CTV716,CTV717,08/13:42,08/13:49,08/14:28,08/14:38,0:39:00,CGK,CGK,007,28,1,1,NML,2,2025
877.,B739,PKLGU,LNI,LNI983,LNI910,08/13:46,08/13:52,08/14:40,08/14:49,0:48:00,PKU,DPS,012,28,1,1,NML,2,2025
878.,A320,PKGQO,CTV,CTV431,CTV948,08/14:00,08/14:07,08/14:46,08/14:53,0:39:00,BPN,BTH,006,28,1,1,NML,2,2025
879.,B739,PKLGM,LNI,LNI823,LNI260,08/13:55,08/13:59,08/15:01,08/15:11,1:02:00,LOP,BPN,011,28,1,1,NML,2,2025
880.,A320,PKLAJ,BTK,BTK7515,BTK7514,08/13:51,08/13:57,08/14:47,08/14:55,0:50:00,HLP,HLP,010,28,1,1,NML,2,2025
881.,B738,PKGFU,GIA,GIA330,GIA331,08/14:35,08/14:41,08/15:30,08/15:41,0:49:00,HLP,HLP,004,28,1,1,NML,2,2025
882.,B739,PKLGL,LNI,LNI707,LNI920,08/14:41,08/14:46,08/15:45,08/15:56,0:59:00,UPG,DPS,016,28,1,1,NML,2,2025
883.,A320,PKLAI,BTK,BTK6406,BTK7512,08/15:38,08/15:44,08/17:16,08/17:27,1:32:00,CGK,HLP,009,28,1,1,NML,2,2025
884.,A320,PKGLS,CTV,CTV699,CTV434,08/14:47,08/14:54,08/15:39,08/15:45,0:45:00,DPS,BPN,007,28,1,1,NML,2,2025
885.,B738,PKLKV,LNI,LNI787,LNI581,08/13:33,08/13:38,08/16:04,08/16:13,2:26:00,UPG,CGK,020,28,0,0,NML,2,2025
886.,B738,9MMXM,MAS,MAS873,MAS872,08/15:06,08/15:09,08/15:57,08/16:08,0:48:00,KUL,KUL,A07,28,1,1,NML,2,2025
887.,A320,PKLUT,BTK,BTK7501,BTK6401,08/15:01,08/15:07,08/16:12,08/16:20,1:05:00,HLP,CGK,008,28,1,1,NML,2,2025
888.,B739,PKLOH,LNI,LNI315,LNI316,08/08:59,08/09:03,08/16:16,08/16:26,7:13:00,BDJ,BDJ,018,28,0,0,NML,2,2025
889.,A320,PKSJR,SJV,SJV637,SJV614,08/15:26,08/15:31,08/16:21,08/16:31,0:50:00,BDJ,BPN,011,28,1,1,NML,2,2025
890.,B738,PKGMC,GIA,GIA310,GIA315,08/15:34,08/15:43,08/16:33,08/16:41,0:50:00,CGK,CGK,005,28,1,1,NML,2,2025
891.,B738MAX,PKOFI,AFE,AFE920,AFE920,08/15:50,08/15:56,08/16:32,08/16:48,0:36:00,TIM,CGK,006,28,1,1,NML,2,2025
892.,B738,PKLHR,LNI,LNI261,LNI268,08/14:15,08/14:21,08/16:47,08/16:58,2:26:00,BPN,TRK,017,28,1,1,NML,2,2025
893.,B739,PKLGR,LNI,LNI692,LNI692,08/16:06,08/16:11,08/16:47,08/17:20,0:36:00,CGK,KOE,015,28,1,1,NML,2,2025
894.,A320,PKPWM,PAS,PAS206,PAS623,08/15:53,08/15:59,08/16:40,08/16:50,0:41:00,CGK,BPN,004,28,1,1,NML,2,2025
895.,B738,PKBLD,BTK,BTK6578,BTK7579,08/20:58,08/21:05,08/22:20,08/22:24,1:15:00,CGK,CGK,010,28,1,1,NML,2,2025
896.,A320,PKGLT,CTV,CTV669,CTV488,08/17:40,08/17:46,08/19:10,08/19:18,1:24:00,DPS,BDJ,006,28,1,1,NML,2,2025
897.,A320,PKAZO,AWQ,AWQ325,AWQ326,08/19:53,08/19:57,08/20:35,08/20:49,0:38:00,KUL,KUL,A01,28,1,1,NML,2,2025
898.,B738,PKLOJ,LNI,LNI709,LNI838,08/16:01,08/16:06,08/18:02,08/18:40,1:56:00,UPG,PNK,012,28,1,1,NML,2,2025
899.,A320,PKGQU,CTV,CTV176,CTV715,08/16:46,08/16:53,08/17:43,08/18:01,0:50:00,HLP,CGK,007,28,1,1,NML,2,2025
900.,A320,PKPWJ,PAS,PAS622,PAS207,08/20:55,08/21:02,08/21:52,08/22:03,0:50:00,BPN,CGK,005,28,1,1,NML,2,2025
901.,A320,PKSJU,SJV,SJV619,SJV716,08/15:58,08/16:03,08/19:40,08/19:49,3:37:00,BPN,LOP,016,28,1,1,NML,2,2025
902.,A320,PKGQA,CTV,CTV718,CTV711,08/20:36,08/20:42,08/21:12,08/21:26,0:30:00,CGK,CGK,007,28,1,1,NML,2,2025
903.,B738MAX,9VMBI,SIA,SIA928,SIA929,08/21:29,08/21:35,08/23:24,08/23:41,1:49:00,DPS,SIN,A07,28,1,1,NML,2,2025
904.,A320,PKBKP,BTK,BTK6347,BTK7502,08/15:16,08/15:22,08/20:26,08/20:37,5:04:00,BEJ,HLP,021,28,0,0,NML,2,2025
905.,B738,PKGFD,GIA,GIA320,GIA325,08/17:49,08/17:56,08/19:31,08/19:40,1:35:00,CGK,CGK,004,28,1,1,NML,2,2025
906.,A320,PKGQK,CTV,CTV949,CTV494,08/19:12,08/19:18,08/19:53,08/20:01,0:35:00,BTH,BDJ,007,28,1,1,NML,2,2025
907.,B738,PKBBG,SJY,SJY567,SJY562,08/19:17,08/19:22,08/20:21,08/20:30,0:59:00,UPG,UPG,011,28,1,1,NML,2,2025
908.,B739,PKLSI,LNI,LNI972,LNI880,08/16:23,08/16:28,08/19:58,08/20:07,3:30:00,BTH,UPG,020,28,0,0,NML,2,2025
909.,A320,PKPWK,PAS,PAS202,PAS203,08/19:21,08/19:28,08/20:10,08/20:18,0:42:00,CGK,CGK,005,28,1,1,NML,2,2025
910.,B738,PKGFI,GIA,GIA326,GIA313,08/19:25,08/19:34,08/20:13,08/20:20,0:39:00,CGK,CGK,006,28,1,1,NML,2,2025
911.,A320,PKGLY,CTV,CTV736,CTV352,08/19:38,08/19:45,08/20:24,08/20:32,0:39:00,CGK,UPG,009,28,1,1,NML,2,2025
912.,A320,PKGLS,CTV,CTV435,CTV662,08/19:28,08/19:35,08/20:18,08/20:28,0:43:00,BPN,DPS,008,28,1,1,NML,2,2025
913.,B738,PKLZT,BTK,BTK6588,BTK6587,08/19:43,08/19:48,08/20:31,08/20:41,0:43:00,CGK,CGK,010,28,1,1,NML,2,2025
914.,A320,PKGLT,CTV,CTV495,CTV354,08/21:47,08/21:54,08/22:23,08/22:33,0:29:00,BDJ,UPG,007,28,1,1,NML,2,2025
915.,A320,PKLUJ,BTK,BTK6137,BTK6136,08/19:51,08/19:58,08/22:04,08/22:16,2:06:09,UPG,UPG,014,28,1,1,NML,2,2025
916.,A320,PKGLG,CTV,CTV489,CTV719,08/22:00,08/22:06,08/22:35,08/22:41,0:29:20,BDJ,CGK,009,28,1,1,NML,2,2025
"917.,B739,PKLGJ,LNI,LNI885,LNI878,07/19:01,08/02:19,09/05:04,09/05:20,""1 day, 9:58:00"",UPG,AMQ,022,28,0,0,NML,2,2025"
918.,A320,PKGQL,CTV,CTV174,CTV430,08/15:42,08/15:48,09/04:56,09/05:09,13:08:00,HLP,BPN,003,28,0,0,NML,2,2025
919.,A320,PKBKQ,BTK,BTK7503,BTK7508,08/20:52,08/20:57,09/04:52,09/05:07,7:55:00,HLP,HLP,012,28,1,1,NML,2,2025
920.,A320,PKSJZ,SJV,SJV617,SJV610,08/20:30,08/20:35,09/04:59,09/05:16,8:24:00,BPN,BPN,016,28,1,1,NML,2,2025
921.,A320,PKAZU,AWQ,AWQ323,AWQ320,08/21:51,08/21:55,09/05:15,09/05:28,7:20:00,KUL,KUL,A06,28,1,1,NML,2,2025
922.,B739,PKLHY,LNI,LNI645,LNI786,08/10:01,09/00:07,09/04:58,09/05:11,18:54:00,LOP,UPG,021,28,0,0,NML,2,2025
923.,B739,PKLVF,LNI,LNI690,LNI690,09/05:04,09/05:08,09/05:52,09/06:04,0:44:00,CGK,KOE,010,28,1,1,NML,2,2025
924.,A320,PKGLV,CTV,CTV726,CTV725,08/21:08,08/21:16,09/05:40,09/05:50,8:24:00,CGK,CGK,008,28,1,1,NML,2,2025
925.,B738,PKLSF,LNI,LNI749,LNI868,08/15:32,09/00:10,09/05:49,09/05:59,14:14:00,MDC,TTE,020,28,0,0,NML,2,2025
926.,A320,PKGLT,CTV,CTV353,CTV484,09/05:13,09/05:20,09/05:55,09/06:11,0:35:00,UPG,BDJ,007,28,1,1,NML,2,2025
927.,A320,PKPWD,PAS,PAS212,PAS213,08/20:44,08/20:50,09/05:44,09/05:56,8:54:00,CGK,CGK,006,28,1,1,NML,2,2025
928.,A320,PKSGB,SJV,SJV727,SJV640,08/23:00,08/23:06,09/05:55,09/06:06,6:49:00,DPS,AAP,014,28,1,1,NML,2,2025
929.,A320,PKSAJ,SJV,SJV703,SJV706,08/08:29,08/08:32,09/06:04,09/06:13,21:32:00,DPS,DPS,C03,28,0,0,NML,2,2025
930.,A320,PKSJU,SJV,SJV717,SJV566,09/06:01,09/06:07,09/06:56,09/07:05,0:49:00,LOP,PLW,012,28,1,1,NML,2,2025
931.,A320,PKBLD,BTK,BTK6370,BTK6597,09/06:08,09/06:16,09/07:04,09/07:14,0:48:00,CGK,CGK,009,28,1,1,NML,2,2025
932.,B738,PKLFF,LNI,LNI695,LNI971,08/17:36,09/01:35,09/07:08,09/07:22,13:26:00,KOE,BTH,017,28,1,1,NML,2,2025
933.,A320,PKLUR,BTK,BTK7521,BTK6135,08/21:05,08/21:12,09/07:03,09/07:12,9:51:00,HLP,PKN,015,28,1,1,NML,2,2025
934.,B738,PKGNE,GIA,GIA349,GIA305,08/21:17,08/21:23,09/07:07,09/07:18,9:44:00,DPS,CGK,004,28,1,1,NML,2,2025
935.,B738,PKGNF,GIA,GIA855,GIA854,08/21:01,08/21:05,09/07:03,09/07:16,9:58:00,SIN,SIN,A08,28,1,1,NML,2,2025
936.,B739,PKLSO,LNI,LNI363,LNI646,09/06:21,09/06:27,09/07:24,09/07:35,0:57:00,BPN,LOP,016,28,1,1,NML,2,2025
937.,A320,PKAZO,AWQ,AWQ327P,AWQ392,09/05:18,09/05:21,09/07:43,09/07:57,2:22:00,KUL,JHB,A07,28,1,1,NML,2,2025
938.,A320,PKGLS,CTV,CTV661,CTV460,09/06:38,09/06:48,09/07:30,09/07:40,0:42:00,DPS,AAP,008,28,1,1,NML,2,2025
939.,B739,PKLGR,LNI,LNI693,LNI693,09/06:54,09/06:59,09/07:52,09/08:01,0:53:00,KOE,CGK,010,28,1,1,NML,2,2025
940.,B739,PKLFK,LNI,LNI923,LNI990,08/17:44,08/17:50,09/08:22,09/08:34,14:32:00,DPS,DPS,018,28,0,0,NML,2,2025
941.,A320,PKGQT,CTV,CTV355,CTV177,09/07:55,09/08:03,09/08:39,09/08:51,0:36:00,UPG,HLP,007,28,1,1,NML,2,2025
942.,B738,PKLZZ,MXD,MXD352,MXD353,08/19:34,08/19:37,09/08:48,09/08:59,13:11:00,KUL,KUL,A04,28,1,1,NML,2,2025
943.,B744,N756CA,NCR,NCR582,NCR583,09/05:52,09/05:58,09/08:24,09/08:43,2:26:00,IST,HKG,A12,28,0,0,NML,2,2025
"944.,A339,PKLET,LNI,LNI075,LNI078,07/14:48,09/06:49,09/08:39,09/08:53,""1 day, 17:44:00"",JED,MED,A06,28,1,1,NML,2,2025"
"945.,A320,PKBKV,BTK,BTK6586,BTK6581,07/21:29,08/09:40,09/09:06,09/09:18,""1 day, 11:31:00"",CGK,CGK,023,28,0,1,NML,2,2025"
"946.,A320,PKSJC,SJV,SJV633,SJV618,07/15:07,07/15:12,09/08:59,09/09:09,""1 day, 17:47:00"",BDJ,BPN,026,28,0,0,NML,2,2025"
947.,B739,PKLGU,LNI,LNI929,LNI856,09/07:01,09/07:06,09/08:51,09/09:00,1:45:00,DPS,PLM,021,28,0,0,NML,2,2025
948.,B738,PKLOJ,LNI,LNI837,LNI748,09/08:03,09/08:08,09/09:08,09/09:21,1:00:00,PNK,MDC,015,28,1,1,NML,2,2025
949.,B739,PKLSP,LNI,LNI683,LNI682,09/08:12,09/08:17,09/09:19,09/09:27,1:02:00,PKY,PKY,009,28,1,1,NML,2,2025
950.,B738,PKGFV,GIA,GIA304,GIA342,09/08:28,09/08:35,09/09:27,09/09:39,0:52:00,CGK,DPS,004,28,1,1,NML,2,2025
951.,A320,PKGLT,CTV,CTV485,CTV486,09/08:42,09/08:47,09/09:26,09/09:32,0:39:00,BDJ,BDJ,006,28,1,1,NML,2,2025
952.,A320,PKSAJ,SJV,SJV703,SJV702,09/08:38,09/08:43,09/09:43,09/09:52,1:00:00,DPS,DPS,016,28,1,1,NML,2,2025
953.,A320,9VTRT,TGW,TGW264,TGW265,09/09:08,09/09:10,09/10:04,09/10:14,0:54:00,SIN,SIN,A01,28,1,1,NML,2,2025
954.,B738,9MMXL,MAS,MAS871,MAS870,09/09:11,09/09:15,09/10:11,09/10:23,0:56:00,KUL,KUL,A03,28,1,1,NML,2,2025
955.,B738,PKLBS,MXD,MXD350,MXD351,09/09:03,09/09:07,09/10:40,09/10:52,1:33:00,KUL,KUL,A04,28,1,1,NML,2,2025
956.,B735,PKNAS,LKN,LKN243,LKN242,09/10:01,09/10:07,09/10:40,09/10:50,0:33:00,SMQ,SMQ,011,28,1,1,NML,2,2025
957.,A359,9VSHE,SIA,SIA922,SIA923,09/09:15,09/09:19,09/10:22,09/10:38,1:03:00,SIN,SIN,A07,28,1,1,NML,2,2025
958.,A320,PKGQU,CTV,CTV417,CTV418,09/08:48,09/08:55,09/10:18,09/10:28,1:23:00,PNK,PNK,005,28,1,1,NML,2,2025
959.,A320,PKSJZ,SJV,SJV611,SJV632,09/08:46,09/08:51,09/10:15,09/10:25,1:24:00,BPN,BDJ,014,28,1,1,NML,2,2025
960.,B739,PKLSO,LNI,LNI645,LNI706,09/10:31,09/10:37,09/13:28,09/13:45,2:51:00,LOP,UPG,017,28,1,1,NML,2,2025
961.,B739,PKLHR,LNI,LNI267,LNI262,09/07:10,09/07:16,09/10:33,09/10:41,3:17:00,TRK,BPN,020,28,0,0,NML,2,2025
962.,B739,PKLHM,LNI,LNI970,LNI973,09/09:49,09/09:55,09/11:04,09/11:14,1:09:00,BTH,BTH,015,28,1,1,NML,2,2025
963.,A320,PKPWD,PAS,PAS210,PAS211,09/09:36,09/09:43,09/10:35,09/10:48,0:52:00,CGK,CGK,006,28,1,1,NML,2,2025
964.,A320,PKLAZ,BTK,BTK7513,BTK7516,09/10:06,09/10:10,09/10:56,09/11:05,0:46:00,HLP,HLP,010,28,1,1,NML,2,2025
965.,B739,PKLSH,LNI,LNI694,LNI694,09/12:04,09/12:12,09/13:37,09/13:55,1:25:00,CGK,KOE,016,28,1,1,NML,2,2025
966.,A320,PKAZU,AWQ,AWQ321,AWQ322,09/10:45,09/10:50,09/11:21,09/11:32,0:31:00,KUL,KUL,A01,28,1,1,NML,2,2025
"967.,A339,PKLEJ,LNI,LNI105,LNI104,02/12:18,09/09:50,09/12:34,09/12:48,""38 days, 0:09:00"",JED,JED,A06,28,1,1,NML,2,2025"
968.,B739,PKLVF,LNI,LNI697,LNI697,09/10:55,09/11:01,09/11:57,09/12:07,0:56:00,KOE,CGK,014,28,1,1,NML,2,2025
969.,B738,PKGFW,GIA,GIA322,GIA327,09/10:09,09/10:18,09/11:31,09/11:39,1:13:00,CGK,CGK,004,28,1,1,NML,2,2025
970.,B739,PKLFK,LNI,LNI805,LNI804,09/11:57,09/12:03,09/12:51,09/12:59,0:48:00,DPS,DPS,015,28,1,1,NML,2,2025
"971.,E135,VPCLL,TAB,VPCLL,VPCLL,07/11:00,07/11:03,09/12:04,09/12:14,""2 days, 1:01:00"",HLP,HLP,A10,28,0,0,NML,2,2025"
972.,A320,PKGLS,CTV,CTV461,CTV698,09/11:20,09/11:31,09/12:07,09/12:16,0:36:00,AAP,DPS,005,28,1,1,NML,2,2025
973.,B739,PKLJI,LNI,LNI801,LNI780,09/11:48,09/11:53,09/13:22,09/13:36,1:29:00,UPG,UPG,011,28,1,1,NML,2,2025
974.,A320,PKSJU,SJV,SJV567,SJV636,09/11:42,09/11:47,09/13:21,09/13:33,1:34:00,PLW,BDJ,012,28,1,1,NML,2,2025
975.,A320,PKLUR,BTK,BTK6134,BTK7514,09/09:56,09/10:05,09/12:26,09/12:34,2:21:00,PKN,HLP,009,28,1,1,NML,2,2025
976.,B735,PKNAT,LKN,LKN193,LKN192,09/12:19,09/12:25,09/13:16,09/13:25,0:51:00,PKN,PKN,014,28,1,1,NML,2,2025
977.,A333,BLAQ,CPA,CPA779P,CPA780,09/11:53,09/11:56,09/13:27,09/13:52,1:31:00,DPS,HKG,A08,28,1,1,NML,2,2025
978.,A320,PKGLT,CTV,CTV487,CTV668,09/12:09,09/12:15,09/12:52,09/13:03,0:37:00,BDJ,DPS,006,28,1,1,NML,2,2025
979.,A320,PKBKM,BTK,BTK6582,BTK6585,09/13:01,09/13:07,09/14:07,09/14:16,1:00:00,CGK,CGK,009,28,1,1,NML,2,2025
980.,A320,PKAZO,AWQ,AWQ393,AWQ324,09/12:53,09/12:56,09/13:28,09/13:48,0:32:00,JHB,KUL,A01,28,1,1,NML,2,2025
981.,B739,PKLGU,LNI,LNI857,LNI722,09/13:34,09/13:40,09/14:40,09/14:50,1:00:00,PLM,KDI,015,28,1,1,NML,2,2025
982.,A320,PKPWI,PAS,PAS204,PAS205,09/13:42,09/13:50,09/14:38,09/14:53,0:48:40,CGK,CGK,005,28,1,1,NML,2,2025
983.,A320,9VJSR,JSA,JSA247,JSA248,09/13:47,09/13:52,09/14:48,09/14:58,0:56:00,SIN,SIN,A07,28,1,1,NML,2,2025
984.,A320,PKSJZ,SJV,SJV633,SJV726,09/13:39,09/13:45,09/14:28,09/14:41,0:43:00,BDJ,LBJ,014,28,1,1,NML,2,2025
985.,B738,PKLOH,LNI,LNI315,LNI836,09/10:35,09/10:40,09/14:44,09/14:55,4:04:00,BDJ,PNK,018,28,0,0,NML,2,2025
986.,A320,PKGTA,CTV,CTV716,CTV717,09/13:53,09/13:59,09/14:40,09/14:59,0:41:00,CGK,CGK,007,10,1,1,NML,2,2025
987.,B739,PKLFK,LNI,LNI919,LNI910,09/16:31,09/16:36,09/17:24,09/17:39,0:48:00,DPS,DPS,015,28,1,1,NML,2,2025
988.,A320,PKGQL,CTV,CTV431,CTV948,09/13:57,09/14:04,09/14:51,09/15:06,0:47:00,BPN,BTH,006,10,1,1,NML,2,2025
989.,B738,PKGFM,GIA,GIA312,GIA317,09/13:49,09/13:55,09/14:57,09/15:12,1:02:25,CGK,CGK,004,10,1,1,NML,2,2025
990.,B739,PKLSO,LNI,LNI707,LNI800,09/17:22,09/17:27,09/18:32,09/18:43,1:05:00,UPG,UPG,017,28,0,0,NML,2,2025
991.,A320,PKPWE,PAS,PAS208,PAS209,09/14:14,09/14:21,09/15:11,09/15:24,0:50:45,CGK,CGK,009,10,1,1,NML,2,2025
992.,A320,PKBLA,BTK,BTK6406,BTK6220,09/16:48,09/16:54,09/17:57,09/18:05,1:03:00,CGK,BPN,008,28,1,1,NML,2,2025
"993.,A320,PKSJD,SJV,SJV635,SJV614,08/09:49,08/09:53,09/18:03,09/18:16,""1 day, 8:10:00"",BDJ,BPN,025,28,0,0,NML,2,2025"
994.,B738,PKGFF,GIA,GIA330,GIA331,09/14:48,09/14:51,09/15:42,09/15:59,0:51:00,HLP,HLP,005,10,1,1,NML,2,2025
995.,A320,PKGLS,CTV,CTV699,CTV434,09/15:09,09/15:15,09/16:03,09/16:12,0:48:05,DPS,BPN,007,28,1,1,NML,2,2025
996.,B739,PKLQR,LNI,LNI972,LNI642,09/16:41,09/16:50,09/17:45,09/17:53,0:55:00,BTH,LOP,014,28,1,1,NML,2,2025
997.,A320,PKBKQ,BTK,BTK7501,BTK7512,09/14:51,09/14:55,09/15:49,09/16:02,0:54:00,HLP,HLP,010,10,1,1,NML,2,2025
998.,B738,PKLOJ,LNI,LNI749,LNI581,09/15:42,09/15:44,09/16:46,09/16:54,1:02:00,MDC,CGK,011,28,1,1,NML,2,2025
999.,B738,9MMXJ,MAS,MAS873,MAS872,09/15:03,09/15:07,09/16:06,09/16:18,0:59:00,KUL,KUL,A08,28,1,1,NML,2,2025
1000.,A320,PKBKP,BTK,BTK7515,BTK6401,09/14:01,09/14:07,09/15:57,09/16:10,1:50:00,HLP,CGK,008,10,1,1,NML,2,2025
1001.,B739,PKLSH,LNI,LNI695,LNI316,09/18:14,09/18:20,09/19:24,09/19:34,1:04:00,KOE,BDJ,014,28,1,1,NML,2,2025
1002.,A320,PKSGB,SJV,SJV643,SJV672,09/15:32,09/15:36,09/17:24,09/17:34,1:48:00,AAP,BEJ,016,28,1,1,NML,2,2025
1003.,A320,PKGQT,CTV,CTV174,CTV715,09/15:36,09/15:42,09/16:20,09/16:33,0:38:24,HLP,CGK,006,28,1,1,NML,2,2025
1004.,B738,PKGMD,GIA,GIA310,GIA315,09/15:57,09/16:00,09/16:54,09/17:07,0:54:00,CGK,CGK,004,10,1,1,NML,2,2025
1005.,B738,PKLSF,LNI,LNI869,LNI268,09/12:02,09/12:06,09/17:17,09/17:29,5:11:00,TTE,TRK,020,28,0,0,NML,2,2025
1006.,B739,PKLGV,LNI,LNI692,LNI692,09/17:27,09/17:32,09/18:21,09/18:31,0:49:00,CGK,KOE,010,28,1,1,NML,2,2025
1007.,A320,PKPWJ,PAS,PAS206,PAS623,09/16:35,09/16:40,09/17:38,09/17:49,0:58:00,CGK,BPN,005,28,1,1,NML,2,2025
1008.,A339,PKLEV,LNI,LNI075,LNI100,09/15:00,09/15:05,09/17:28,09/17:45,2:23:00,JED,JED,A06,28,1,1,NML,2,2025
1009.,B739,PKLGU,LNI,LNI727,LNI226,09/19:35,09/19:41,09/20:51,09/21:01,1:10:00,KDI,BDJ,016,28,1,1,NML,2,2025
1010.,A320,PKLZY,BTK,BTK6578,BTK7579,09/18:07,09/18:13,09/19:14,09/19:24,1:01:00,CGK,CGK,011,28,1,1,NML,2,2025
1011.,A320,PKGTK,CTV,CTV669,CTV488,09/17:11,09/17:17,09/17:49,09/18:03,0:32:00,DPS,BDJ,007,28,1,1,NML,2,2025
1012.,A320,PKAZU,AWQ,AWQ323,AWQ326,09/17:04,09/17:07,09/17:45,09/17:58,0:38:00,KUL,KUL,A04,28,1,1,NML,2,2025
1013.,B738,PKLQZ,LNI,LNI885,LNI838,09/20:35,09/20:40,09/21:34,09/21:43,0:54:00,UPG,PNK,011,28,1,1,NML,2,2025
1014.,A320,PKSAE,SJV,SJV619,SJV708,09/16:08,09/16:11,09/18:10,09/18:18,1:59:00,BPN,DPS,012,28,1,1,NML,2,2025
1015.,A320,PKPWD,PAS,PAS622,PAS207,09/17:42,09/17:48,09/18:28,09/18:39,0:40:00,BPN,CGK,006,28,1,1,NML,2,2025
1016.,A320,PKSJU,SJV,SJV637,SJV716,09/16:24,09/16:29,09/19:15,09/19:30,2:46:00,BDJ,LOP,009,28,1,1,NML,2,2025
1017.,B738MAX,9VMBD,SIA,SIA928,SIA929,09/19:18,09/19:21,09/20:13,09/20:32,0:52:00,SIN,SIN,A06,28,1,1,NML,2,2025
1018.,B738,PKGNM,GIA,GIA320,GIA325,09/17:31,09/17:37,09/18:41,09/18:52,1:04:00,CGK,CGK,004,28,1,1,NML,2,2025
1019.,A320,PKLAQ,BTK,BTK7503,BTK7502,09/18:20,09/18:25,09/19:31,09/19:45,1:06:00,HLP,HLP,015,28,1,1,NML,2,2025
1020.,B738,PKBBG,SJY,SJY567,SJY562,09/18:41,09/18:47,09/19:31,09/19:41,0:44:00,UPG,UPG,012,28,1,1,NML,2,2025
1021.,A320,PKGLV,CTV,CTV949,CTV494,09/19:08,09/19:14,09/19:50,09/19:56,0:36:00,BTH,BDJ,007,28,1,1,NML,2,2025
1022.,B788,9VOFA,TGW,TGW262,TGW263,09/18:37,09/18:40,09/19:55,09/20:03,1:15:00,SIN,SIN,A07,28,1,1,NML,2,2025
1023.,B739,PKLHS,LNI,LNI709,LNI880,09/16:51,09/16:56,09/21:40,09/21:48,4:43:45,UPG,UPG,018,28,0,0,NML,2,2025
1024.,A320,PKBKQ,BTK,BTK7519,BTK7518,09/19:15,09/19:21,09/20:03,09/20:13,0:42:00,HLP,HLP,008,28,1,1,NML,2,2025
1025.,A320,PKPWE,PAS,PAS202,PAS203,09/19:03,09/19:11,09/19:57,09/20:05,0:46:00,CGK,CGK,004,28,1,1,NML,2,2025
1026.,A320,PKGLS,CTV,CTV435,CTV662,09/19:38,09/19:39,09/20:17,09/20:30,0:38:00,BPN,DPS,006,28,1,1,NML,2,2025
1027.,A320,PKGQM,CTV,CTV736,CTV352,09/19:24,09/19:30,09/20:09,09/20:23,0:39:00,CGK,UPG,009,28,1,1,NML,2,2025
1028.,A320,PKBKF,BTK,BTK6588,BTK6587,09/19:47,09/19:52,09/21:09,09/21:14,1:17:00,CGK,CGK,010,28,1,1,NML,2,2025
1029.,A320,PKGTK,CTV,CTV495,CTV354,09/20:25,09/20:31,09/21:01,09/21:10,0:30:00,BDJ,UPG,006,28,1,1,NML,2,2025
1030.,B738,PKGFQ,GIA,GIA324,GIA329,09/19:42,09/19:52,09/21:07,09/21:16,1:15:00,CGK,CGK,007,28,1,1,NML,2,2025
1031.,A320,PKGLY,CTV,CTV489,CTV719,09/20:49,09/20:59,09/21:34,09/21:46,0:35:00,BDJ,CGK,008,28,1,1,NML,2,2025
1032.,B739,PKLFK,LNI,LNI923,LNI878,09/20:21,09/20:26,10/05:01,10/05:12,8:35:00,DPS,AMQ,017,28,1,1,NML,2,2025
1033.,A320,PKGLR,CTV,CTV726,CTV430,09/20:45,09/20:52,10/04:58,10/05:09,8:06:00,CGK,BPN,009,28,1,1,NML,2,2025
1034.,B733F,PKMYV,MYU,MYU935,MYU815,09/12:49,09/12:52,10/04:55,10/05:03,16:03:00,SRG,CGK,C02,28,0,0,NML,2,2025
1035.,A320,PKSAE,SJV,SJV727,SJV610,09/21:03,09/21:09,10/04:47,10/05:07,7:38:00,DPS,BPN,012,28,1,1,NML,2,2025
1036.,A320,PKBLA,BTK,BTK6221,BTK7508,09/21:32,09/21:39,10/05:08,10/05:15,7:29:00,BPN,HLP,010,28,1,1,NML,2,2025
1037.,B739,PKLQR,LNI,LNI865,LNI786,09/20:09,09/20:16,10/05:10,10/05:19,8:54:00,LOP,UPG,025,28,0,0,NML,2,2025
1038.,A320,PKAZO,AWQ,AWQ325,AWQ320,09/19:21,09/19:24,10/05:03,10/05:14,9:39:00,KUL,KUL,A01,28,1,1,NML,2,2025
"1039.,A320,PKLUF,BTK,BTK6586,BTK6132,08/21:23,09/07:56,10/05:19,10/05:29,""1 day, 7:50:00"",CGK,LOP,022,28,0,1,NML,2,2025"
1040.,A320,PKGQA,CTV,CTV720,CTV725,09/22:13,09/22:20,10/05:41,10/05:51,7:21:00,CGK,CGK,006,28,1,1,NML,2,2025
1041.,A320,V8RBB,RBA,RBA795,RBA796,09/20:27,09/20:31,10/05:46,10/06:00,9:15:00,BWN,BWN,A07,28,1,1,NML,2,2025
1042.,A320,PKSGB,SJV,SJV673,SJV640,09/21:36,09/21:43,10/05:57,10/06:07,8:14:00,BEJ,AAP,014,28,1,1,NML,2,2025
1043.,A320,PKPWG,PAS,PAS212,PAS213,09/20:42,09/20:50,10/05:55,10/06:05,9:05:00,CGK,CGK,004,28,1,1,NML,2,2025
1044.,B739,PKLHY,LNI,LNI883,LNI882,09/22:23,09/22:27,10/06:04,10/06:11,7:37:00,UPG,UPG,018,28,0,0,NML,2,2025
1045.,A320,PKGQM,CTV,CTV353,CTV484,10/05:05,10/05:13,10/05:53,10/06:02,0:40:00,UPG,BDJ,007,28,1,1,NML,2,2025
1046.,A320,PKSJG,SJV,SJV617,SJV706,09/21:40,09/21:46,10/06:35,10/06:40,8:49:00,BPN,DPS,021,28,0,0,NML,2,2025
1047.,A320,PKBLB,BTK,BTK6413,BTK6412,09/21:56,09/22:03,10/06:17,10/06:27,8:14:00,DPS,DPS,016,28,1,1,NML,2,2025
1048.,A320,PKSAA,SJV,SJV723,SJV634,09/19:27,09/19:32,10/06:28,10/06:29,10:56:00,DPS,BDJ,020,28,0,0,NML,2,2025
1049.,A320,PKSJU,SJV,SJV717,SJV566,10/06:09,10/06:14,10/07:03,10/07:10,0:48:17,LOP,PLW,012,28,1,1,NML,2,2025
"1050.,DHC6,PKICP,PGT,PKICP,PKICP,08/10:42,08/10:48,10/06:45,10/06:59,""1 day, 19:57:00"",PAG,PAG,028,28,0,0,NML,2,2025"
1051.,B739,PKLKQ,LNI,LNI839,LNI971,09/13:31,09/13:37,10/07:02,10/07:16,17:25:00,PNK,BTH,026,28,0,0,NML,2,2025
1052.,A320,PKLAJ,BTK,BTK7521,BTK6135,09/20:39,09/20:44,10/07:09,10/07:20,10:25:00,HLP,PKN,015,28,1,1,NML,2,2025
1053.,B738,PKGMI,GIA,GIA855,GIA305,09/21:50,09/23:40,10/07:03,10/07:14,9:09:00,SIN,CGK,005,28,1,1,NML,2,2025
1054.,B738,PKGNN,GIA,GIA349,GIA854,09/17:56,09/23:16,10/07:05,10/07:10,13:04:00,DPS,SIN,A02,28,1,1,NML,2,2025
1055.,B739,PKLSR,LNI,LNI363,LNI646,10/06:22,10/06:27,10/07:24,10/07:29,0:57:00,BPN,LOP,017,28,1,1,NML,2,2025
1056.,A320,PKLAQ,BTK,BTK7511,BTK7510,10/06:38,10/06:44,10/07:35,10/07:39,0:51:11,HLP,HLP,014,28,1,1,NML,2,2025
1057.,A320,PKAZG,AWQ,AWQ327,AWQ392,09/23:35,09/23:39,10/07:28,10/07:33,7:49:00,KUL,JHB,A03,28,1,1,NML,2,2025
1058.,A320,PKGLS,CTV,CTV661,CTV460,10/06:53,10/07:00,10/07:48,10/07:53,0:48:00,DPS,AAP,006,28,1,1,NML,2,2025
1059.,B739,PKLGV,LNI,LNI693,LNI693,10/06:50,10/06:57,10/07:55,10/08:00,0:58:03,KOE,CGK,009,28,1,1,NML,2,2025
"1060.,C208,PKVVO,SUS,PKVVO,SUS6197,07/09:02,07/09:07,10/09:10,10/09:13,""3 days, 0:03:00"",BXW,BXW,029,28,0,0,NML,2,2025"
1061.,E135,T7JCI,AFS,T7JCI,T7JCI,10/06:56,10/07:00,10/07:55,10/08:01,0:55:54,CGK,CGK,A09,28,0,0,NML,2,2025
1062.,A333,BLAE,CPA,CPA779,CPA780,09/18:33,09/18:39,10/08:01,10/08:15,13:22:00,HKG,HKG,A08,28,1,1,NML,2,2025
1063.,B739,PKLHR,LNI,LNI311,LNI990,10/05:57,10/06:02,10/08:24,10/08:30,2:22:00,BDJ,DPS,025,28,0,0,NML,2,2025
1064.,A320,PKLAO,BTK,BTK6572,BTK6573,10/07:43,10/07:53,10/09:04,10/09:10,1:11:00,CGK,CGK,010,28,1,1,NML,2,2025
1065.,A320,PKGTK,CTV,CTV355,CTV177,10/07:13,10/07:19,10/08:32,10/08:41,1:13:14,UPG,HLP,007,28,1,1,NML,2,2025
1066.,B738,PKLZZ,MXD,MXD352,MXD353,09/19:31,09/19:36,10/08:51,10/09:04,13:15:00,KUL,KUL,A04,28,1,1,NML,2,2025
1067.,A320,PKLUF,BTK,BTK6133,BTK6581,10/08:27,10/08:37,10/09:30,10/09:49,0:52:51,LOP,CGK,016,28,1,1,NML,2,2025
1068.,B738,PKLQZ,LNI,LNI837,LNI748,10/08:16,10/08:26,10/09:17,10/09:32,0:51:00,PNK,MDC,012,28,1,1,NML,2,2025
1069.,B739,PKLSP,LNI,LNI683,LNI682,10/08:02,10/08:12,10/09:20,10/09:36,1:07:59,PKY,PKY,011,28,1,1,NML,2,2025
1070.,A320,PKPWE,PAS,PAS200,PAS201,10/08:08,10/08:18,10/09:16,10/09:27,0:58:00,CGK,CGK,008,28,1,1,NML,2,2025
1071.,B738,PKGUG,GIA,GIA304,GIA342,10/09:14,10/09:19,10/10:05,10/10:22,0:46:00,CGK,DPS,006,28,1,1,NML,2,2025
1072.,A320,PKGQM,CTV,CTV485,CTV486,10/08:35,10/08:41,10/09:24,10/09:44,0:42:27,BDJ,BDJ,009,28,1,1,NML,2,2025
1073.,B739,PKLGR,LNI,LNI690,LNI697,10/05:00,10/05:07,10/09:46,10/09:58,4:39:00,CGK,CGK,C03,28,0,0,NML,2,2025
1074.,B735,PKNAT,LKN,LKN193,LKN192,10/08:50,10/08:56,10/09:22,10/09:51,0:25:04,PKN,PKN,014,28,1,1,NML,2,2025
1075.,A320,PKSJD,SJV,SJV703,SJV618,10/09:08,10/09:13,10/10:02,10/10:18,0:49:00,DPS,BPN,017,28,1,1,NML,2,2025
1076.,A320,PKSAE,SJV,SJV611,SJV702,10/08:18,10/08:28,10/10:14,10/10:26,1:46:00,BPN,DPS,015,28,1,1,NML,2,2025
1077.,A320,9VTRX,TGW,TGW264,TGW265,10/08:55,10/08:59,10/09:42,10/09:56,0:43:00,SIN,SIN,A02,28,1,1,NML,2,2025
1078.,B738,9MMXU,MAS,MAS871,MAS870,10/09:11,10/09:15,10/10:00,10/10:15,0:44:14,KUL,KUL,A07,28,1,1,NML,2,2025
1079.,B735,PKNAS,LKN,LKN243,LKN242,10/09:29,10/09:34,10/10:23,10/10:42,0:49:00,SMQ,SMQ,010,28,1,1,NML,2,2025
1080.,B738,9MLDG,MXD,MXD350,MXD351,10/09:01,10/09:06,10/10:02,10/10:16,0:56:00,KUL,KUL,A03,28,1,1,NML,2,2025
1081.,A359,9VSHO,SIA,SIA922,SIA923,10/09:07,10/09:10,10/10:11,10/10:34,1:01:00,SIN,SIN,A08,28,1,1,NML,2,2025
1082.,B738,PKLAY,BTK,BTK6584,BTK6585,10/10:06,10/10:10,10/11:26,10/11:37,1:16:00,CGK,CGK,009,28,1,1,NML,2,2025
1083.,A320,PKGTD,CTV,CTV351,CTV350,10/09:34,10/09:40,10/10:32,10/10:47,0:52:00,UPG,UPG,007,28,1,1,NML,2,2025
1084.,A320,PKSAA,SJV,SJV635,SJV632,10/09:26,10/09:30,10/10:28,10/10:48,0:58:00,BDJ,BDJ,018,28,0,0,NML,2,2025
1085.,B739,PKLGJ,LNI,LNI879P,LNI856,10/09:19,10/09:25,10/10:28,10/10:49,1:03:00,AMQ,PLM,012,28,1,1,NML,2,2025
1086.,B739,PKLGP,LNI,LNI791,LNI262,10/10:20,10/10:25,10/11:12,10/11:21,0:46:35,UPG,BPN,016,28,1,1,NML,2,2025
1087.,B739,PKLHO,LNI,LNI970,LNI973,10/09:41,10/09:46,10/10:36,10/10:51,0:50:00,BTH,BTH,014,28,1,1,NML,2,2025
1088.,A320,PKLUQ,BTK,BTK7513,BTK7516,10/10:24,10/10:30,10/11:36,10/11:46,1:06:00,HLP,HLP,011,28,1,1,NML,2,2025
1089.,A320,PKSGB,SJV,SJV641,SJV642,10/09:38,10/09:42,10/11:13,10/11:26,1:31:00,AAP,AAP,020,28,0,0,NML,2,2025
1090.,DHC6,PKICP,PGT,PKICP,PKICP,10/10:32,10/10:36,10/11:18,10/11:23,0:42:00,PAG,PAG,028,28,0,0,NML,2,2025
1091.,A320,PKAZO,AWQ,AWQ321,AWQ322,10/10:44,10/10:47,10/11:50,10/12:03,1:03:00,KUL,KUL,A01,28,1,1,NML,2,2025
1092.,B739,PKLSR,LNI,LNI645,LNI822,10/10:27,10/10:33,10/11:36,10/11:48,1:03:00,LOP,LOP,015,28,1,1,NML,2,2025
1093.,B738,PKGNQ,GIA,GIA322,GIA327,10/10:37,10/10:44,10/11:41,10/11:50,0:57:00,CGK,CGK,006,28,1,1,NML,2,2025
1094.,CL60,VPBKM,CAV,VPBKM,VPBKM,10/14:40,10/14:42,10/15:16,10/15:23,0:34:00,XSP,XSP,A09,28,0,0,NML,2,2025
1095.,A320,PKGLS,CTV,CTV461,CTV698,10/11:19,10/11:26,10/12:13,10/12:23,0:46:36,AAP,DPS,007,28,1,1,NML,2,2025
1096.,B739,PKLSH,LNI,LNI694,LNI694,10/11:24,10/11:30,10/12:18,10/12:30,0:48:32,CGK,KOE,014,28,1,1,NML,2,2025
1097.,B739,PKLHR,LNI,LNI805,LNI804,10/11:35,10/11:35,10/12:27,10/12:38,0:52:00,DPS,DPS,012,28,1,1,NML,2,2025
1098.,B739,PKLGU,LNI,LNI315,LNI780,10/10:03,10/10:09,10/12:18,10/12:48,2:08:56,BDJ,UPG,026,28,0,0,NML,2,2025
1099.,A339,PKLET,LNI,LNI079,LNI074,10/11:29,10/11:33,10/13:33,10/13:49,1:59:05,JED,MED,A06,28,1,1,NML,2,2025
1100.,A320,PKAZG,AWQ,AWQ393,AWQ324,10/12:39,10/12:42,10/13:26,10/13:36,0:44:00,JHB,KUL,A01,28,1,1,NML,2,2025
1101.,A320,PKPWL,PAS,PAS204,PAS205,10/12:01,10/12:07,10/13:29,10/13:39,1:22:00,CGK,CGK,006,28,1,1,NML,2,2025
1102.,A320,PKGQM,CTV,CTV487,CTV668,10/12:10,10/12:17,10/13:50,10/14:01,1:33:00,BDJ,DPS,008,28,1,1,NML,2,2025
1103.,A339,PKLEJ,LNI,LNI105,LNI106,10/12:27,10/12:32,10/14:44,10/15:05,2:12:00,JED,JED,A07,28,1,1,NML,2,2025
1104.,A320,PKLAO,BTK,BTK6596,BTK6595,10/13:43,10/13:50,10/14:49,10/15:03,0:59:00,CGK,CGK,010,28,1,1,NML,2,2025
1105.,B739,PKLSO,LNI,LNI787,LNI722,10/13:47,10/13:53,10/14:46,10/15:01,0:53:00,UPG,KDI,012,28,1,1,NML,2,2025
1106.,B738,PKLOH,LNI,LNI839,LNI836,10/13:01,10/13:06,10/14:46,10/14:50,1:40:00,PNK,PNK,015,28,1,1,NML,2,2025
1107.,B738,PKGNM,GIA,GIA312,GIA317,10/13:55,10/14:00,10/14:55,10/15:14,0:55:00,CGK,CGK,006,28,1,1,NML,2,2025
1108.,A320,PKGLS,CTV,CTV699,CTV948,10/15:24,10/15:30,10/16:07,10/16:14,0:37:00,DPS,BTH,008,28,1,1,NML,2,2025
1109.,A320,PKGLV,CTV,CTV716,CTV717,10/13:59,10/14:06,10/14:57,10/15:10,0:51:00,CGK,CGK,007,28,1,1,NML,2,2025
1110.,A320,PKLAZ,BTK,BTK7515,BTK7514,10/14:52,10/14:58,10/17:02,10/17:10,2:04:00,HLP,HLP,009,28,1,1,NML,2,2025
1111.,A320,PKLAJ,BTK,BTK6134,BTK6220,10/09:54,10/09:59,10/16:03,10/16:12,6:03:32,PKN,BPN,025,28,0,0,NML,2,2025
1112.,B739,PKLSR,LNI,LNI823,LNI642,10/14:35,10/14:41,10/15:35,10/15:43,0:54:00,LOP,LOP,014,28,1,1,NML,2,2025
1113.,B738,PKGFF,GIA,GIA330,GIA331,10/15:12,10/15:18,10/17:04,10/17:17,1:46:00,HLP,HLP,006,28,1,1,NML,2,2025
1114.,A320,9VJSQ,JSA,JSA247,JSA248,10/15:16,10/15:20,10/16:03,10/16:16,0:43:00,SIN,SIN,A06,28,1,1,NML,2,2025
1115.,B739,PKLGJ,LNI,LNI857,LNI910,10/14:55,10/15:02,10/15:54,10/16:02,0:52:00,PLM,DPS,011,28,1,1,NML,2,2025
1116.,A320,PKSJU,SJV,SJV567,SJV672,10/11:40,10/11:44,10/17:04,10/17:21,5:20:00,PLW,BEJ,018,28,0,0,NML,2,2025
1117.,B738,PKLSF,LNI,LNI267,LNI316,10/07:07,10/07:13,10/17:09,10/17:28,9:55:40,TRK,BDJ,021,28,0,0,NML,2,2025
1118.,B738,PKLKQ,LNI,LNI972,LNI581,10/16:24,10/16:29,10/17:23,10/17:37,0:54:00,BTH,CGK,011,28,1,1,NML,2,2025
1119.,A320,PKLAY,BTK,BTK6406,BTK6401,10/15:21,10/15:26,10/17:06,10/17:23,1:40:00,CGK,CGK,010,28,1,1,NML,2,2025
1120.,A320,PKGQR,CTV,CTV431,CTV434,10/17:12,10/17:19,10/18:01,10/18:11,0:42:00,BPN,BPN,009,28,1,1,NML,2,2025
1121.,B738MAX,9VMBI,SIA,SIA926,SIA927,10/15:34,10/15:37,10/17:06,10/17:32,1:29:00,SIN,SIN,A08,28,1,1,NML,2,2025
1122.,B738,PKGNQ,GIA,GIA310,GIA315,10/15:31,10/15:37,10/17:09,10/17:27,1:32:00,CGK,CGK,007,28,1,1,NML,2,2025
1123.,B737,PKGRD,GIA,PKGRD,PKGRD,10/13:16,10/13:22,10/16:36,10/16:48,3:14:00,HLP,HLP,001,28,0,0,NML,2,2025
1124.,B739,PKLFK,LNI,LNI879,LNI268,10/15:51,10/15:58,10/17:32,10/17:47,1:34:00,AMQ,TRK,012,28,1,1,NML,2,2025
1125.,B739,PKLHR,LNI,LNI919,LNI692,10/17:08,10/17:15,10/18:29,10/18:44,1:14:00,DPS,KOE,014,28,1,1,NML,2,2025
1126.,A320,PKPWG,PAS,PAS206,PAS623,10/17:15,10/17:21,10/17:59,10/18:09,0:38:00,CGK,BPN,006,28,1,1,NML,2,2025
1127.,RJ85,PKPJJ,PAS,PAS02,PAS02,10/11:01,10/12:11,10/16:55,10/16:59,5:44:00,HLP,HLP,004,28,1,0,NML,2,2025
1128.,A320,PKAZO,AWQ,AWQ323,AWQ326,10/17:43,10/17:46,10/18:22,10/18:34,0:36:00,KUL,KUL,A01,28,1,1,NML,2,2025
1129.,B738,PKLQZ,LNI,LNI749,LNI838,10/16:10,10/16:15,10/17:44,10/17:52,1:29:00,MDC,PNK,015,28,1,1,NML,2,2025
"1130.,B739,PKLFG,LNI,LNI791,LNI6011,09/11:11,09/13:17,10/17:45,10/17:48,""1 day, 6:27:00"",UPG,YIA,023,28,0,1,NML,2,2025"
1131.,A320,PKSAE,SJV,SJV723,SJV708,10/17:35,10/17:40,10/18:20,10/18:29,0:40:00,DPS,DPS,016,28,1,1,NML,2,2025
1132.,A320,PKPWM,PAS,PAS622,PAS207,10/17:40,10/17:46,10/18:20,10/18:31,0:34:00,BPN,CGK,008,28,1,1,NML,2,2025
1133.,B738,PKGFG,GIA,GIA320,GIA325,10/17:54,10/18:01,10/18:50,10/19:04,0:49:00,CGK,CGK,007,28,1,1,NML,2,2025
1134.,B738MAX,9VMBM,SIA,SIA928,SIA929,10/19:02,10/19:06,10/19:54,10/20:10,0:48:00,SIN,SIN,A07,28,1,1,NML,2,2025
1135.,A320,PKLUQ,BTK,BTK7503,BTK7502,10/19:34,10/19:40,10/20:23,10/20:37,0:43:00,HLP,HLP,008,28,1,1,NML,2,2025
1136.,A339,PKLEV,LNI,LNI101,LNI104,10/17:50,10/17:55,10/20:09,10/20:24,2:14:00,JED,JED,A06,28,1,1,NML,2,2025
1137.,B738,PKLBW,BTK,BTK6576,BTK6575,10/18:17,10/18:23,10/19:10,10/19:22,0:47:00,CGK,CGK,011,28,1,1,NML,2,2025
1138.,B738,PKBBG,SJY,SJY567,SJY562,10/19:10,10/19:18,10/19:56,10/20:11,0:38:00,UPG,UPG,010,28,1,1,NML,2,2025
1139.,A320,PKLAZ,BTK,BTK7519,BTK7518,10/20:57,10/21:02,10/21:34,10/21:41,0:32:00,HLP,HLP,010,28,1,1,NML,2,2025
1140.,B739,PKLHS,LNI,LNI707,LNI880,10/14:06,10/14:10,10/20:22,10/20:33,6:12:00,UPG,UPG,020,28,0,0,NML,2,2025
1141.,A320,PKPWK,PAS,PAS202,PAS203,10/18:55,10/19:03,10/19:52,10/20:00,0:49:00,CGK,CGK,005,28,1,1,NML,2,2025
1142.,A320,PKGTK,CTV,CTV174,CTV715,10/19:58,10/20:03,10/20:38,10/20:51,0:35:00,HLP,CGK,006,28,1,1,NML,2,2025
1143.,A320,PKGQA,CTV,CTV736,CTV352,10/19:37,10/19:43,10/20:17,10/20:28,0:34:00,CGK,UPG,007,28,1,1,NML,2,2025
1144.,B738,PKGUG,GIA,GIA349,GIA313,10/18:42,10/18:48,10/20:03,10/20:13,1:15:00,DPS,CGK,004,28,1,1,NML,2,2025
1145.,A320,PKGQN,CTV,CTV949,CTV494,10/20:21,10/20:29,10/21:04,10/21:15,0:35:00,BTH,BDJ,007,28,1,1,NML,2,2025
1146.,A320,PKGQR,CTV,CTV435,CTV662,10/21:31,10/21:37,10/22:09,10/22:19,0:32:00,BPN,DPS,008,28,1,1,NML,2,2025
1147.,A320,PKGQL,CTV,CTV669,CTV354,10/17:25,10/17:30,10/20:54,10/21:06,3:24:00,DPS,UPG,018,28,0,0,NML,2,2025
1148.,A320,PKGQU,CTV,CTV489,CTV719,10/22:08,10/22:16,10/22:50,10/22:58,0:34:00,BDJ,CGK,006,28,1,1,NML,2,2025
1149.,A320,PKLAT,BTK,BTK6586,BTK7508,10/20:31,10/20:37,11/04:59,11/05:10,8:22:00,CGK,HLP,015,28,1,1,NML,2,2025
1150.,A320,PKSJI,SJV,SJV619,SJV7001,10/15:56,10/16:00,11/05:05,11/05:09,13:05:00,BPN,LOP,C05,28,0,0,NML,2,2025
1151.,A320,PKSAE,SJV,SJV727,SJV610,10/20:49,10/20:54,11/04:55,11/05:20,8:01:00,DPS,BPN,020,28,0,0,NML,2,2025
1152.,B738,PKLSR,LNI,LNI865,LNI878,10/18:07,10/18:10,11/04:59,11/05:08,10:49:00,LOP,AMQ,023,28,0,0,NML,2,2025
1153.,A320,PKGLT,CTV,CTV726,CTV430,10/20:35,10/20:41,11/04:55,11/05:03,8:14:00,CGK,BPN,009,28,1,1,NML,2,2025
1154.,B739,PKLSO,LNI,LNI727,LNI786,10/19:20,11/00:42,11/05:02,11/05:15,9:36:00,KDI,UPG,017,28,1,1,NML,2,2025
1155.,A320,PKAZO,AWQ,AWQ327,AWQ320,10/23:56,11/00:01,11/05:03,11/05:16,5:02:00,KUL,KUL,A03,28,1,1,NML,2,2025
1156.,A320,PKLAY,BTK,BTK6578,BTK6132,10/21:11,10/21:17,11/05:13,11/05:23,7:56:00,CGK,LOP,014,28,1,1,NML,2,2025
1157.,A320,V8RBF,RBA,RBA795,RBA796,10/20:06,10/20:10,11/05:48,11/06:00,9:38:00,BWN,BWN,A07,28,1,1,Nml,2,2025
1158.,A320,PKGQT,CTV,CTV720,CTV725,10/21:59,10/22:05,11/05:48,11/05:57,7:43:00,CGK,CGK,007,28,1,1,NML,2,2025
1159.,A320,PKLAJ,BTK,BTK6221,BTK6589,10/19:29,10/19:35,11/05:55,11/06:05,10:20:00,BPN,CGK,016,28,1,1,NML,2,2025
1160.,A320,PKPWI,PAS,PAS212,PAS213,10/20:26,10/20:31,11/05:50,11/06:03,9:19:00,CGK,CGK,004,28,1,1,NML,2,2025
1161.,A320,PKSGB,SJV,SJV643,SJV706,10/15:38,10/15:41,11/06:04,11/06:15,14:23:00,AAP,DPS,C06,28,0,0,NML,2,2025
1162.,A320,PKGQM,CTV,CTV353,CTV484,11/05:12,11/05:21,11/05:52,11/06:01,0:31:00,UPG,BDJ,008,28,1,1,NML,2,2025
1163.,A320,PKAZG,AWQ,AWQ325,AWQ386,10/19:14,10/19:17,11/06:03,11/06:17,10:46:00,KUL,PEN,A01,28,1,1,NML,2,2025
1164.,A320,PKSAA,SJV,SJV633,SJV634,10/13:52,10/13:56,11/06:29,11/06:38,16:32:25,BDJ,BDJ,026,28,0,0,NML,2,2025
1165.,B738MAX,PKOFI,AFE,PKOFI,AFE921,11/05:39,11/05:46,11/06:30,11/06:35,0:44:00,CGK,TIM,006,28,1,1,NML,2,2025
1166.,B739,PKLSH,LNI,LNI695,LNI971,10/17:19,10/17:25,11/06:58,11/07:11,13:33:00,KOE,BTH,021,28,0,0,NML,2,2025
"1167.,A320,PKLUZ,BTK,BTK6586,BTK6135,09/22:00,10/07:46,11/07:02,11/07:14,""1 day, 8:56:00"",CGK,PKN,022,28,0,1,NML,2,2025"
1168.,A320,PKLUF,BTK,BTK6572,BTK6573,11/06:12,11/06:20,11/07:07,11/07:16,0:47:00,CGK,CGK,009,28,1,1,NML,2,2025
1169.,B738,PKGNN,GIA,GIA855,GIA854,10/21:03,10/21:08,11/07:06,11/07:18,9:58:00,SIN,SIN,A02,28,1,1,NML,2,2025
1170.,B738,PKGNG,GIA,GIA328,GIA305,10/20:02,10/20:12,11/07:00,11/07:12,10:48:00,CGK,CGK,005,28,1,1,Nml,2,2025
1171.,B739,PKLGJ,LNI,LNI923,LNI646,10/18:59,10/19:03,11/07:24,11/07:32,12:21:00,DPS,LOP,C04,28,0,0,NML,2,2025
1172.,A320,PKLAZ,BTK,BTK7511,BTK7510,11/06:34,11/06:40,11/07:27,11/07:35,0:47:00,HLP,HLP,008,28,1,1,NML,2,2025
1173.,A320,PKGQR,CTV,CTV661,CTV460,11/06:40,11/06:47,11/07:31,11/07:38,0:44:00,DPS,AAP,007,28,1,1,NML,2,2025
1174.,B739,PKLHR,LNI,LNI693,LNI693,11/06:48,11/06:53,11/07:59,11/08:13,1:06:00,KOE,CGK,014,28,1,1,NML,2,2025
1175.,B739,PKLFF,LNI,LNI690,LNI982,11/05:06,11/05:13,11/07:54,11/08:04,2:41:00,CGK,PKU,012,28,1,1,NML,2,2025
1176.,A320,PKSGB,SJV,SJV703,SJV640,11/09:24,11/09:28,11/10:30,11/10:38,1:02:00,DPS,AAP,009,28,1,1,NML,2,2025
1177.,C208,PKVVO,SUS,PKVVO,SUS6197,10/11:12,10/11:16,11/07:18,11/07:23,20:02:00,BXW,BXW,029,28,0,0,NML,2,2025
1178.,A320,PKGQA,CTV,CTV355,CTV177,11/07:08,11/07:15,11/08:00,11/08:15,0:45:00,UPG,HLP,006,28,1,1,NML,2,2025
1179.,A333,BHLN,CPA,CPA779,CPA780,10/18:23,10/18:26,11/08:07,11/08:20,13:41:00,HKG,HKG,A08,28,1,1,NML,2,2025
1180.,B739,PKLFK,LNI,LNI267,LNI990,11/07:01,11/07:07,11/08:18,11/08:27,1:11:00,TRK,DPS,015,28,1,1,NML,2,2025
1181.,DHC6,PKICP,PGT,PKICP,PKICP,10/14:36,10/14:50,11/08:08,11/08:12,17:18:00,PAG,PAG,028,28,0,0,NML,2,2025
1182.,B738,PKLDO,MXD,MXD352,MXD353,10/19:41,10/19:45,11/08:58,11/09:12,13:13:00,KUL,KUL,A04,28,1,1,NML,2,2025
1183.,A320,PKLAY,BTK,BTK6133,BTK6581,11/08:06,11/08:12,11/09:06,11/09:16,0:54:00,LOP,CGK,012,28,1,1,NML,2,2025
1184.,B738,PKLQZ,LNI,LNI837,LNI748,11/08:02,11/08:06,11/08:52,11/09:00,0:46:00,PNK,MDC,016,28,1,1,NML,2,2025
1185.,B739,PKLSP,LNI,LNI683,LNI682,11/08:09,11/08:14,11/09:05,11/09:22,0:51:00,PKY,PKY,009,28,1,1,NML,2,2025
1186.,A320,PKPWK,PAS,PAS200,PAS201,11/08:22,11/08:29,11/09:21,11/09:39,0:52:00,CGK,CGK,005,28,1,1,NML,2,2025
1187.,B738,PKGMV,GIA,GIA304,GIA342,11/08:18,11/08:24,11/09:13,11/09:26,0:49:00,CGK,DPS,004,28,1,1,NML,2,2025
1188.,A320,PKGQM,CTV,CTV485,CTV486,11/08:38,11/08:46,11/09:15,11/09:33,0:29:00,BDJ,BDJ,006,28,1,1,NML,2,2025
1189.,A320,PKSAE,SJV,SJV611,SJV618,11/08:30,11/08:37,11/09:26,11/09:51,0:49:00,BPN,BPN,014,28,1,1,NML,2,2025
1190.,A320,PKSJU,SJV,SJV673,SJV702,10/21:27,10/21:34,11/10:53,11/11:04,13:19:00,BEJ,DPS,011,28,1,1,NML,2,2025
1191.,A320,9VTRL,TGW,TGW264,TGW265,11/09:17,11/09:21,11/10:29,11/10:39,1:08:00,SIN,SIN,A02,28,1,1,NML,2,2025
1192.,B739,PKLSI,LNI,LNI270,LNI270D,11/08:44,11/08:49,11/09:46,11/09:56,0:57:00,SRG,DPS,023,28,0,0,NML,2,2025
1193.,B738,9MMXM,MAS,MAS871,MAS870,11/09:10,11/09:13,11/10:06,11/10:22,0:53:00,KUL,KUL,A07,28,1,1,NML,2,2025
1194.,B738,P7301,POL,P7301,P7301,10/11:44,10/11:47,11/09:55,11/10:05,22:08:00,HLP,SUB,BO,28,0,0,NML,2,2025
1195.,A359,9VSHO,SIA,SIA922,SIA923,11/09:02,11/09:08,11/10:08,11/10:12,1:00:00,SIN,SIN,A08,28,1,1,NML,2,2025
1196.,A320,PKLZV,BTK,BTK6584,BTK6585,11/09:49,11/09:54,11/10:35,11/10:48,0:41:00,CGK,CGK,012,28,1,1,NML,2,2025
1197.,A320,PKSAA,SJV,SJV635,SJV632,11/09:14,11/09:20,11/10:21,11/10:30,1:01:00,BDJ,BDJ,015,28,1,1,NML,2,2025
1198.,A320,PKGQI,CTV,CTV351,CTV350,11/13:23,11/13:28,11/14:09,11/14:20,0:41:00,UPG,UPG,008,28,1,1,NML,2,2025
1199.,B738MAX,9MLRT,MXD,MXD350,MXD351,11/08:56,11/09:00,11/09:54,11/10:16,0:54:00,KUL,KUL,A03,28,1,1,NML,2,2025
1200.,B739,PKLGU,LNI,LNI791,LNI262,11/10:10,11/10:14,11/11:21,11/11:32,1:07:00,UPG,BPN,021,28,0,0,NML,2,2025
1201.,B739,PKLHQ,LNI,LNI363,LNI706,11/06:24,11/06:28,11/11:15,11/11:26,4:47:00,BPN,UPG,020,28,0,0,NML,2,2025
1202.,A320,PKPWI,PAS,PAS210,PAS211,11/09:37,11/09:43,11/10:25,11/10:33,0:42:00,CGK,CGK,005,28,1,1,NML,2,2025
1203.,B739,PKLGO,LNI,LNI692,LNI973,10/17:30,10/17:35,11/10:35,11/10:53,17:00:00,CGK,BTH,025,28,0,0,NML,2,2025
1204.,A320,PKLUK,BTK,BTK7513,BTK7516,11/10:08,11/10:14,11/11:13,11/11:22,0:59:00,HLP,HLP,008,28,1,1,NML,2,2025
1205.,A320,PKLUZ,BTK,BTK6134,BTK6346,11/10:04,11/10:09,11/10:58,11/11:08,0:49:00,PKN,BEJ,014,28,1,1,NML,2,2025
1206.,B739,PKLGJ,LNI,LNI645,LNI822,11/10:14,11/10:15,11/11:07,11/11:14,0:52:00,LOP,LOP,022,28,0,0,NML,2,2025
1207.,B739,PKLJI,LNI,LNI970,LNI694,11/09:42,11/09:46,11/12:03,11/12:12,2:17:00,BTH,KOE,016,28,1,1,NML,2,2025
1208.,A320,PKAZO,AWQ,AWQ321,AWQ322,11/11:00,11/11:03,11/11:47,11/11:58,0:44:00,KUL,KUL,A03,28,1,1,NML,2,2025
1209.,B739,PKLFY,LNI,LNI694,LNI697,11/10:41,11/10:46,11/12:15,11/12:21,1:29:00,CGK,CGK,023,28,0,0,NML,2,2025
1210.,A320,PKLAZ,BTK,BTK7517,BTK7520,11/10:56,11/11:02,11/11:46,11/11:54,0:44:00,HLP,HLP,009,28,1,1,NML,2,2025
1211.,B738,PKGFV,GIA,GIA322,GIA327,11/10:17,11/10:24,11/11:36,11/11:47,1:12:00,CGK,CGK,004,28,1,1,NML,2,2025
1212.,B739,PKLGS,LNI,LNI805,LNI804,11/11:36,11/11:41,11/12:32,11/12:44,0:51:00,DPS,DPS,011,28,1,1,NML,2,2025
1213.,A320,PKSAI,SJV,SJV363,SJV362,11/10:46,11/10:52,11/11:56,11/12:02,1:04:00,KNO,KNO,015,28,1,1,NML,2,2025
1214.,A320,PKGQR,CTV,CTV461,CTV698,11/11:17,11/11:25,11/12:06,11/12:14,0:41:00,AAP,DPS,006,28,1,1,NML,2,2025
1215.,FA8X,MPTGG,AFI,MPTGG,MPTGG,11/11:23,11/11:27,11/11:47,11/11:57,0:20:00,DHX,XSP,A01,28,0,0,NML,2,2025
1216.,B739,PKLGY,LNI,LNI801,LNI780,11/11:40,11/11:45,11/12:38,11/12:50,0:53:00,UPG,UPG,008,28,1,1,NML,2,2025
1217.,A320,PKGQM,CTV,CTV487,CTV668,11/12:19,11/12:27,11/13:00,11/13:09,0:33:00,BDJ,DPS,007,28,1,1,NML,2,2025
1218.,B738,PKLZV,BTK,BTK6596,BTK6595,11/14:10,11/14:15,11/15:03,11/15:17,0:48:00,CGK,CGK,011,28,1,1,NML,2,2025
1219.,A320,PKAZG,AWQ,AWQ387,AWQ324,11/12:48,11/12:50,11/13:29,11/13:39,0:39:00,PEN,KUL,A03,28,1,1,NML,2,2025
1220.,A320,PKPWJ,PAS,PAS204,PAS205,11/12:04,11/12:13,11/13:16,11/13:18,1:03:00,CGK,CGK,005,28,1,1,NML,2,2025
1221.,B738,PKGNR,GIA,GIA312,GIA317,11/12:36,11/12:44,11/13:40,11/13:52,0:56:00,CGK,CGK,004,28,1,1,NML,2,2025
1222.,B738MAX,PKOFM,AFE,PKOFM,PKOFM,11/12:50,11/12:50,11/13:24,11/13:35,0:34:00,TIM,CGK,006,28,1,1,NML,2,2025
1223.,A320,9VJSI,JSA,JSA247,JSA248,11/13:44,11/13:48,11/14:34,11/14:52,0:46:00,SIN,SIN,A07,28,1,1,NML,2,2025
1224.,B738,PKLKK,LNI,LNI885,LNI836,10/19:49,10/19:53,11/14:03,11/14:13,18:10:00,UPG,PNK,C03,28,0,0,NML,2,2025
1225.,A320,PKGLT,CTV,CTV431,CTV948,11/13:27,11/13:33,11/14:14,11/14:27,0:41:00,BPN,BTH,007,28,1,1,NML,2,2025
1226.,A320,PKGLV,CTV,CTV716,CTV717,11/14:05,11/14:11,11/14:49,11/14:59,0:38:00,CGK,CGK,006,28,1,1,NML,2,2025
1227.,A320,PKLUR,BTK,BTK7515,BTK7514,11/13:57,11/14:03,11/14:55,11/15:03,0:52:00,HLP,HLP,012,28,1,1,NML,2,2025
1228.,A320,PKPWE,PAS,PAS208,PAS209,11/14:02,11/14:09,11/14:57,11/15:15,0:48:00,CGK,CGK,005,28,1,1,NML,2,2025
1229.,B739,PKLSR,LNI,LNI879,LNI642,11/10:50,11/10:55,11/15:13,11/15:26,4:18:00,AMQ,LOP,025,28,0,0,NML,2,2025
1230.,B738,PKGMF,GIA,GIA330,GIA331,11/15:01,11/15:07,11/15:48,11/16:01,0:41:00,HLP,HLP,004,28,1,1,NML,2,2025
1231.,A320,PKGQR,CTV,CTV699,CTV434,11/14:57,11/15:03,11/15:37,11/15:43,0:34:00,DPS,BPN,007,28,1,1,NML,2,2025
1232.,A320,PKLUU,BTK,BTK7501,BTK7512,11/15:13,11/15:19,11/15:54,11/16:08,0:35:00,HLP,HLP,008,28,1,1,NML,2,2025
1233.,B738,PKLFF,LNI,LNI983,LNI581,11/13:37,11/13:43,11/16:02,11/16:10,2:19:00,PKU,CGK,009,28,1,1,NML,2,2025
1234.,EC135,PKFGJ,SAG,PKFGJ,PKFGJ,11/15:28,11/15:31,11/16:20,11/16:30,0:49:00,DHX,DHX,A01,28,0,0,NML,2,2025
1235.,A320,PKLAW,BTK,BTK6406,BTK6401,11/16:03,11/16:09,11/17:01,11/17:08,0:52:00,CGK,CGK,012,28,1,1,NML,2,2025
1236.,B738,PKLOH,LNI,LNI839,LNI316,11/13:16,11/13:20,11/16:20,11/16:32,3:00:00,PNK,BDJ,020,28,0,0,NML,2,2025
1237.,B738MAX,9VMBI,SIA,SIA926,SIA927,11/15:49,11/15:53,11/16:44,11/17:01,0:51:00,SIN,SIN,A08,28,1,1,NML,2,2025
1238.,B738,PKGMW,GIA,GIA310,GIA315,11/15:25,11/15:30,11/16:51,11/17:03,1:21:00,CGK,CGK,005,28,1,1,NML,2,2025
1239.,A320,PKSGB,SJV,SJV643,SJV648,11/14:18,11/14:22,11/16:37,11/16:46,2:15:00,AAP,BPN,014,28,1,1,NML,2,2025
1240.,B739,PKLHO,LNI,LNI972,LNI268,11/16:06,11/16:11,11/16:56,11/17:06,0:45:00,BTH,TRK,015,28,1,1,NML,2,2025
1241.,B739,PKLGJ,LNI,LNI823,LNI692,11/13:50,11/13:57,11/18:02,11/18:13,4:05:00,LOP,KOE,017,28,1,1,NML,2,2025
1242.,A320,PKPWA,PAS,PAS206,PAS623,11/16:00,11/16:07,11/16:51,11/16:59,0:44:00,CGK,BPN,006,28,1,1,NML,2,2025
1243.,A320,PKGQA,CTV,CTV174,CTV715,11/18:51,11/18:59,11/19:33,11/19:42,0:34:00,HLP,CGK,007,28,1,1,NML,2,2025
1244.,B739,PKLJI,LNI,LNI695,LNI226,11/16:27,11/16:33,11/17:40,11/17:48,1:07:00,KOE,BDJ,020,28,0,0,NML,2,2025
1245.,A320,PKAZO,AWQ,AWQ323,AWQ326,11/17:52,11/17:56,11/18:35,11/18:57,0:39:00,KUL,KUL,A01,28,1,1,NML,2,2025
1246.,B738,PKLQZ,LNI,LNI749,LNI838,11/15:10,11/15:19,11/17:32,11/17:41,2:13:00,MDC,PNK,016,28,1,1,NML,2,2025
1247.,A320,PKSGD,SJV,SJV723,SJV708,11/17:11,11/17:18,11/19:03,11/19:10,1:45:00,DPS,DPS,014,28,1,1,NML,2,2025
1248.,A320,PKPWI,PAS,PAS622,PAS207,11/17:18,11/17:24,11/18:08,11/18:16,0:44:00,BPN,CGK,006,28,1,1,NML,2,2025
1249.,B738,PKGNR,GIA,GIA320,GIA325,11/17:37,11/17:44,11/18:38,11/18:53,0:54:00,CGK,CGK,004,28,1,1,NML,2,2025
1250.,B738MAX,9VMBE,SIA,SIA928,SIA929,11/17:49,11/17:53,11/18:47,11/19:02,0:54:00,SIN,SIN,A03,28,1,1,NML,2,2025
1251.,A320,PKLUK,BTK,BTK7503,BTK7502,11/18:28,11/18:36,11/19:20,11/19:33,0:44:00,HLP,HLP,009,28,1,1,NML,2,2025
1252.,B738,PKLBW,BTK,BTK6576,BTK6575,11/18:32,11/18:37,11/19:28,11/19:39,0:51:00,CGK,CGK,012,28,1,1,NML,2,2025
1253.,B738,PKBBG,SJY,SJY567,SJY562,11/19:19,11/19:27,11/20:11,11/20:26,0:44:00,UPG,UPG,014,28,1,1,NML,2,2025
1254.,A320,PKGQT,CTV,CTV949,CTV494,11/18:55,11/19:02,11/19:40,11/19:49,0:38:00,BTH,BDJ,008,28,1,1,NML,2,2025
1255.,B788,9VOFD,TGW,TGW262,TGW263,11/18:47,11/18:52,11/20:00,11/20:13,1:08:00,SIN,SIN,A07,28,1,1,NML,2,2025
1256.,A320,PKPWE,PAS,PAS202,PAS203,11/18:58,11/19:07,11/19:46,11/20:00,0:39:00,CGK,CGK,004,28,1,1,NML,2,2025
1257.,A320,PKGLS,CTV,CTV736,CTV352,11/19:24,11/19:31,11/20:08,11/20:22,0:37:00,CGK,UPG,009,28,1,1,NML,2,2025
1258.,A320,PKGQR,CTV,CTV435,CTV662,11/19:03,11/19:09,11/20:00,11/20:07,0:51:00,BPN,DPS,006,28,1,1,NML,2,2025
1259.,B738,PKGMV,GIA,GIA349,GIA313,11/18:02,11/18:17,11/20:05,11/20:17,1:48:00,DPS,CGK,005,28,1,1,NML,2,2025
1260.,A320,PKGLR,CTV,CTV669,CTV354,11/16:29,11/16:35,11/20:48,11/20:51,4:13:00,DPS,UPG,003,28,0,0,NML,2,2025
1261.,A320,PKGTE,CTV,CTV489,CTV719,11/20:39,11/20:43,11/21:16,11/21:26,0:33:00,BDJ,CGK,008,28,1,1,NML,2,2025
1262.,A320,PKLAF,BTK,BTK6578,BTK6136,11/22:04,11/22:10,11/22:59,11/23:09,0:49:00,CGK,UPG,012,28,1,1,NML,2,2025
1263.,B739,PKLSR,LNI,LNI865,LNI878,11/18:00,11/18:06,12/04:59,12/05:13,10:53:00,LOP,AMQ,C02,28,0,0,NML,2,2025
1264.,A320,PKGQO,CTV,CTV726,CTV430,11/20:44,11/20:51,12/04:56,12/05:04,8:05:00,CGK,BPN,007,28,1,1,NML,2,2025
1265.,A320,PKBKO,BTK,BTK6586,BTK7508,11/20:15,11/20:21,12/04:54,12/05:08,8:33:00,CGK,HLP,017,28,1,1,NML,2,2025
1266.,A320,PKSGD,SJV,SJV727,SJV610,11/21:44,11/21:49,12/04:56,12/05:10,7:07:00,DPS,BPN,014,28,1,1,NML,2,2025
1267.,A320,PKAZO,AWQ,AWQ327,AWQ320,12/00:29,12/00:33,12/05:01,12/05:14,4:28:00,KUL,KUL,A03,28,1,1,NML,2,2025
1268.,A320,PKLUZ,BTK,BTK6347,BTK6132,11/15:29,11/15:37,12/05:18,12/05:35,13:41:00,BEJ,LOP,023,28,0,0,NML,2,2025
1269.,A320,PKGQN,CTV,CTV720,CTV725,11/22:00,11/22:06,12/05:41,12/05:50,7:35:00,CGK,CGK,006,28,1,1,NML,2,2025
1270.,B738,PKLJS,LNI,LNI707,LNI882,11/18:45,11/18:51,12/06:16,12/06:26,11:25:00,UPG,UPG,016,28,1,1,NML,2,2025
1271.,A320,PKSGB,SJV,SJV615,SJV706,11/20:41,11/20:47,12/05:56,12/06:06,9:09:00,BPN,DPS,020,28,0,0,NML,2,2025
1272.,A320,PKGLR,CTV,CTV353,CTV670,12/05:05,12/05:12,12/05:46,12/05:53,0:34:00,UPG,LOP,007,28,1,1,NML,2,2025
1273.,A320,PKPWH,PAS,PAS212,PAS213,11/20:47,11/20:53,12/05:52,12/06:01,8:59:00,CGK,CGK,005,28,1,1,NML,2,2025
1274.,B738,PKLSF,LNI,LNI315,LNI868,11/07:46,11/07:50,12/05:53,12/05:59,22:03:00,BDJ,TTE,018,28,0,0,NML,2,2025
1275.,A320,PKBKR,BTK,BTK6137,BTK6589,11/22:57,11/23:04,12/05:54,12/06:03,6:50:00,UPG,CGK,009,28,1,1,NML,2,2025
"1276.,A320,PKSJZ,SJV,SJV725,SJV566,09/18:00,12/00:26,12/06:53,12/07:02,""2 days, 12:47:00"",LBJ,PLW,025,28,0,0,NML,2,2025"
1277.,A320,PKLAI,BTK,BTK7521,BTK6135,11/20:19,11/20:25,12/06:55,12/07:11,10:30:00,HLP,PKN,015,28,1,1,NML,2,2025
1278.,DHC6,PKICP,PGT,PKICP,PKICP,11/11:10,11/11:14,12/06:47,12/06:57,19:33:00,PAG,PAG,028,28,0,0,NML,2,2025
1279.,B739,PKLJI,LNI,LNI311,LNI971,12/05:56,12/06:01,12/06:53,12/06:59,0:52:00,BDJ,BTH,012,28,1,1,NML,2,2025
1280.,B738,PKGNN,GIA,GIA855,GIA305,11/21:03,11/23:22,12/06:58,12/07:07,9:51:00,SIN,CGK,004,28,1,1,NML,2,2025
1281.,B738,PKGNF,GIA,GIA328,GIA854,11/20:23,11/23:02,12/07:00,12/07:16,10:29:00,CGK,SIN,A02,28,1,1,NML,2,2025
"1282.,AW139,PKTVN,TVR,PKTVN,PKTVN,06/13:52,06/13:56,12/07:18,12/07:30,""5 days, 17:22:00"",ZZZZ,ZTB,H02,28,0,0,NML,2,2025"
1283.,B739,PKLSV,LNI,LNI363,LNI646,12/06:31,12/06:35,12/07:26,12/07:35,0:51:00,BPN,LOP,016,28,1,1,NML,2,2025
1284.,A320,PKLUI,BTK,BTK7511,BTK7510,12/06:50,12/06:56,12/07:36,12/07:46,0:40:00,HLP,HLP,009,28,1,1,NML,2,2025
1285.,A320,PKAZG,AWQ,AWQ325,AWQ392,11/19:08,11/19:11,12/07:38,12/07:50,12:27:00,KUL,JHB,A01,28,1,1,NML,2,2025
1286.,A320,PKGQR,CTV,CTV661,CTV460,12/07:04,12/07:11,12/07:44,12/07:57,0:33:00,DPS,AAP,006,28,1,1,NML,2,2025
1287.,B739,PKLVF,LNI,LNI690,LNI693,12/05:02,12/05:10,12/07:57,12/08:12,2:47:00,CGK,CGK,017,28,1,1,NML,2,2025
1288.,B739,PKLGM,LNI,LNI692,LNI262,11/16:57,11/17:02,12/08:11,12/08:24,15:09:00,CGK,BPN,026,28,0,0,NML,2,2025
1289.,A320,PKGQM,CTV,CTV355,CTV177,12/07:13,12/07:17,12/07:55,12/08:07,0:38:00,UPG,HLP,008,28,1,1,NML,2,2025
1290.,A333,BLAK,CPA,CPA779,CPA780,11/18:37,11/18:40,12/08:17,12/08:30,13:37:00,HKG,HKG,A08,28,1,1,NML,2,2025
1291.,B739,PKLHO,LNI,LNI267,LNI990,12/07:13,12/07:20,12/08:24,12/08:34,1:04:00,TRK,DPS,012,28,1,1,NML,2,2025
1292.,A320,PKLUF,BTK,BTK6572,BTK6573,12/07:48,12/07:54,12/08:45,12/08:53,0:51:00,CGK,CGK,009,28,1,1,NML,2,2025
1293.,A320,PKGQE,CTV,CTV170,CTV175,12/08:12,12/08:18,12/08:49,12/09:02,0:31:00,HLP,HLP,006,28,1,1,NML,2,2025
1294.,B738,PKLZM,MXD,MXD352,MXD353,11/19:30,11/19:35,12/08:43,12/09:00,13:08:00,KUL,KUL,A04,28,1,1,NML,2,2025
1295.,A320,PKSTZ,SJV,SJV649,SJV618,12/07:44,12/07:49,12/08:57,12/09:06,1:08:00,BPN,BPN,016,28,1,1,NML,2,2025
1296.,B739,PKLGJ,LNI,LNI693,LNI856,12/06:57,12/07:03,12/08:57,12/09:05,1:54:00,KOE,PLM,018,28,0,0,NML,2,2025
1297.,A320,PKLUZ,BTK,BTK6133,BTK6581,12/07:54,12/08:00,12/08:55,12/09:03,0:55:00,LOP,CGK,014,28,1,1,NML,2,2025
1298.,B739,PKLFK,LNI,LNI919,LNI222,11/15:07,12/08:09,12/09:02,12/09:11,17:42:00,DPS,BDJ,021,28,0,0,NML,2,2025
1299.,B738,PKLQZ,LNI,LNI837,LNI748,12/08:17,12/08:23,12/09:13,12/09:23,0:50:00,PNK,MDC,015,28,1,1,NML,2,2025
1300.,B739,PKLSP,LNI,LNI683,LNI682,12/08:02,12/08:07,12/09:07,12/09:15,1:00:00,PKY,PKY,020,28,0,0,NML,2,2025
1301.,B738,PKGFQ,GIA,GIA304,GIA342,12/08:27,12/08:34,12/09:28,12/09:35,0:54:00,CGK,DPS,004,28,1,1,NML,2,2025
1302.,A320,PKGLR,CTV,CTV671,CTV486,12/08:10,12/08:16,12/09:16,12/09:21,1:00:00,LOP,BDJ,005,28,1,1,NML,2,2025
1303.,A320,PKSGB,SJV,SJV703,SJV702,12/08:22,12/08:27,12/09:38,12/09:46,1:11:00,DPS,DPS,017,28,1,1,NML,2,2025
1304.,A320,9VTRX,TGW,TGW264,TGW265,12/08:51,12/08:55,12/09:46,12/09:57,0:51:00,SIN,SIN,A02,28,1,1,NML,2,2025
"1305.,B738,PKLOR,LNI,LNI749,LNI6004,07/15:33,08/08:48,12/10:13,12/10:25,""4 days, 18:34:00"",MDC,SUB,024,28,0,1,NML,2,2025"
1306.,B738,9MMXF,MAS,MAS871,MAS870,12/09:09,12/09:12,12/10:09,12/10:21,0:57:00,KUL,KUL,A07,28,1,1,NML,2,2025
1307.,A320,PKBKR,BTK,BTK6584,BTK6585,12/09:48,12/09:54,12/10:36,12/10:45,0:42:00,CGK,CGK,009,28,1,1,NML,2,2025
1308.,B733F,PKMYV,MYU,MYU935,MYU815,12/08:58,12/09:01,12/09:42,12/09:54,0:41:00,SRG,CGK,C02,28,0,0,NML,2,2025
1309.,A359,9VSHY,SIA,SIA922,SIA923,12/09:17,12/09:23,12/10:18,12/10:35,0:55:00,SIN,SIN,A08,28,1,1,NML,2,2025
1310.,A320,PKSAA,SJV,SJV633,SJV632,11/13:20,11/13:24,12/10:24,12/10:33,20:59:54,BDJ,BDJ,022,28,0,0,NML,2,2025
1311.,A320,PKGQU,CTV,CTV351,CTV350,12/09:29,12/09:36,12/10:19,12/10:27,0:43:00,UPG,UPG,006,28,1,1,NML,2,2025
1312.,A320,PKPWH,PAS,PAS210,PAS211,12/09:40,12/09:50,12/10:39,12/10:52,0:49:00,CGK,CGK,005,28,1,1,NML,2,2025
1313.,A320,PKLAZ,BTK,BTK7513,BTK7516,12/10:13,12/10:19,12/11:00,12/11:15,0:41:00,HLP,HLP,012,10,1,1,NML,2,2025
1314.,A320,PKLAI,BTK,BTK6134,BTK6346,12/09:59,12/10:04,12/10:51,12/11:01,0:47:00,PKN,BEJ,014,28,1,1,NML,2,2025
1315.,B739,PKLSV,LNI,LNI645,LNI822,12/10:16,12/10:22,12/11:05,12/11:18,0:43:00,LOP,LOP,015,10,1,1,NML,2,2025
1316.,DHC6,PKICP,PGT,PKICP,PKICP,12/10:03,12/10:10,12/10:39,12/10:50,0:29:00,PAG,PAG,028,28,0,0,NML,2,2025
1317.,B739,PKLGR,LNI,LNI694,LNI694,12/10:22,12/10:29,12/11:26,12/11:38,0:57:00,CGK,KOE,016,10,1,1,NML,2,2025
1318.,A320,PKAZO,AWQ,AWQ321,AWQ322,12/10:50,12/10:54,12/11:33,12/11:42,0:39:00,KUL,KUL,A01,10,1,1,NML,2,2025
1319.,A339,PKLET,LNI,LNI075,LNI104,11/15:22,11/22:37,12/10:54,12/11:08,19:28:00,JED,JED,A06,28,1,1,NML,2,2025
1320.,B738,PKLOH,LNI,LNI315,LNI697,12/07:58,12/08:04,12/11:40,12/11:47,3:36:00,BDJ,CGK,023,10,0,0,NML,2,2025
1321.,B738,PKGNE,GIA,GIA322,GIA327,12/10:31,12/10:37,12/11:38,12/11:53,1:01:00,CGK,CGK,004,10,1,1,NML,2,2025
1322.,A320,PKLUI,BTK,BTK7517,BTK7520,12/11:06,12/11:11,12/11:50,12/12:00,0:39:00,HLP,HLP,009,10,1,1,NML,2,2025
1323.,A320,PKGQR,CTV,CTV461,CTV698,12/11:28,12/11:33,12/12:13,12/12:24,0:40:00,AAP,DPS,006,10,1,1,NML,2,2025
1324.,A320,PKSJZ,SJV,SJV567,SJV642,12/11:33,12/11:38,12/12:32,12/12:42,0:54:00,PLW,AAP,014,10,1,1,NML,2,2025
1325.,B739,PKLHO,LNI,LNI805,LNI780,12/11:20,12/11:23,12/12:24,12/12:37,1:01:00,DPS,UPG,012,10,1,1,NML,2,2025
1326.,A320,PKGLR,CTV,CTV487,CTV668,12/11:51,12/11:53,12/12:44,12/12:53,0:50:15,BDJ,DPS,007,10,1,1,NML,2,2025
1327.,A320,PKLUZ,BTK,BTK6596,BTK6595,12/12:37,12/12:42,12/13:29,12/13:41,0:47:00,CGK,CGK,009,10,1,1,NML,2,2025
1328.,A320,PKPWM,PAS,PAS204,PAS205,12/12:05,12/12:10,12/13:19,12/13:33,1:09:00,CGK,CGK,005,10,1,1,NML,2,2025
1329.,A320,PKAZG,AWQ,AWQ393,AWQ324,12/12:33,12/12:38,12/13:16,12/13:27,0:38:00,JHB,KUL,A01,10,1,1,NML,2,2025
1330.,B739,PKLFK,LNI,LNI223,LNI722,12/11:57,12/12:00,12/13:17,12/13:29,1:17:00,BDJ,KDI,015,10,1,1,NML,2,2025
1331.,B738,PKGFM,GIA,GIA312,GIA317,12/12:26,12/12:30,12/13:33,12/13:51,1:03:00,CGK,CGK,004,10,1,1,NML,2,2025
1332.,B735,PKNAT,LKN,LKN193,LKN242,12/13:35,12/13:38,12/14:14,12/14:24,0:36:00,PKN,SMQ,012,10,1,1,NML,2,2025
1333.,B738,PKLKK,LNI,LNI839,LNI836,12/13:42,12/13:46,12/15:00,12/15:12,1:14:00,PNK,PNK,016,10,1,1,NML,2,2025
1334.,A320,PKSAA,SJV,SJV633,SJV726,12/13:52,12/13:55,12/14:41,12/14:51,0:46:00,BDJ,LBJ,017,10,1,1,NML,2,2025
1335.,A320,PKGTD,CTV,CTV716,CTV717,12/13:54,12/13:58,12/14:39,12/14:54,0:41:00,CGK,CGK,006,10,1,1,NML,2,2025
1336.,A320,PKGQO,CTV,CTV431,CTV948,12/13:49,12/13:52,12/14:31,12/14:42,0:39:00,BPN,BTH,007,10,1,1,NML,2,2025
1337.,B739,PKLSV,LNI,LNI823,LNI910,12/13:58,12/14:02,12/14:55,12/15:06,0:53:00,LOP,DPS,015,10,1,1,NML,2,2025
1338.,A320,9VJSK,JSA,JSA247,JSA248,12/13:38,12/13:44,12/14:35,12/14:48,0:51:00,SIN,SIN,A06,10,1,1,NML,2,2025
1339.,A320,PKLUU,BTK,BTK7515,BTK7514,12/14:56,12/15:00,12/15:59,12/16:11,0:59:00,HLP,HLP,009,10,1,1,NML,2,2025
1340.,GL5T,N970NX,RJP,N970NX,N970NX,11/15:56,11/16:00,12/14:32,12/14:35,22:32:00,BDO,HLP,A10,10,0,0,NML,2,2025
1341.,B739,PKLGJ,LNI,LNI857,LNI642,12/13:44,12/13:47,12/15:21,12/15:32,1:34:00,PLM,LOP,014,10,1,1,NML,2,2025
1342.,A320,PKPWE,PAS,PAS208,PAS209,12/14:04,12/14:07,12/15:02,12/15:14,0:55:00,CGK,CGK,005,10,1,1,NML,2,2025
1343.,A320,PKBLA,BTK,BTK6406,BTK6220,12/15:08,12/15:12,12/16:16,12/16:28,1:04:00,CGK,BPN,016,10,1,1,NML,2,2025
1344.,B738,PKGFD,GIA,GIA330,GIA331,12/14:59,12/15:02,12/15:46,12/15:55,0:44:00,HLP,HLP,004,10,1,1,NML,2,2025
1345.,B739,PKLHY,LNI,LNI801,LNI920,12/11:24,12/11:29,12/15:38,12/15:49,4:09:00,UPG,DPS,018,10,0,0,NML,2,2025
1346.,A320,PKLUI,BTK,BTK7501,BTK7512,12/15:04,12/15:08,12/16:14,12/16:24,1:06:00,HLP,HLP,008,10,1,1,NML,2,2025
1347.,A320,PKGQR,CTV,CTV699,CTV434,12/14:46,12/14:48,12/15:43,12/15:54,0:55:00,DPS,BPN,006,10,1,1,NML,2,2025
1348.,B738,9MMXT,MAS,MAS873,MAS872,12/14:52,12/14:59,12/15:46,12/15:59,0:47:00,KUL,KUL,A06,10,1,1,NML,2,2025
1349.,B738,PKLKV,LNI,LNI787,LNI581,12/14:20,12/14:23,12/16:03,12/16:13,1:40:00,UPG,CGK,012,10,1,1,NML,2,2025
1350.,A320,PKLAI,BTK,BTK6347,BTK6401,12/15:16,12/15:20,12/16:12,12/16:22,0:52:00,BEJ,CGK,015,10,1,1,NML,2,2025
1351.,B738,PKLSF,LNI,LNI869,LNI316,12/12:01,12/12:05,12/16:23,12/16:31,4:18:00,TTE,BDJ,020,10,0,0,NML,2,2025
1352.,B738MAX,9VMBG,SIA,SIA926,SIA927,12/15:50,12/15:57,12/17:07,12/17:15,1:10:00,SIN,SIN,A08,10,1,1,NML,2,2025
1353.,B738,PKGFV,GIA,GIA310,GIA315,12/15:29,12/15:32,12/16:31,12/16:53,0:59:00,CGK,CGK,005,10,1,1,NML,2,2025
1354.,A320,PKGQE,CTV,CTV174,CTV715,12/15:36,12/15:40,12/16:31,12/16:44,0:51:00,HLP,CGK,007,10,1,1,NML,2,2025
1355.,B739,PKLGR,LNI,LNI695,LNI268,12/16:09,12/16:13,12/16:55,12/17:06,0:42:00,KOE,TRK,009,10,1,1,NML,2,2025
1356.,B739,PKLSR,LNI,LNI879,LNI692,12/15:25,12/15:34,12/17:52,12/18:04,2:18:00,AMQ,KOE,017,10,1,1,NML,2,2025
1357.,A320,PKPWD,PAS,PAS206,PAS623,12/16:26,12/16:29,12/17:12,12/17:24,0:43:00,CGK,BPN,004,10,1,1,NML,2,2025
1358.,B735,PKNAT,LKN,LKN243,LKN192,12/16:44,12/16:48,12/17:16,12/17:27,0:28:00,SMQ,PKN,012,10,1,1,NML,2,2025
1359.,A320,PKGTK,CTV,CTV669,CTV488,12/17:03,12/17:07,12/17:36,12/17:50,0:29:00,DPS,BDJ,007,10,1,1,NML,2,2025
1360.,A320,PKAZO,AWQ,AWQ323,AWQ326,12/17:24,12/17:30,12/18:08,12/18:16,0:38:00,KUL,KUL,A01,10,1,1,NML,2,2025
1361.,B738,PKLQZ,LNI,LNI749,LNI838,12/15:46,12/15:50,12/17:31,12/17:42,1:41:00,MDC,PNK,014,10,1,1,NML,2,2025
1362.,A320,PKPWH,PAS,PAS622,PAS207,12/17:22,12/17:25,12/18:11,12/18:22,0:46:00,BPN,CGK,006,10,1,1,NML,2,2025
1363.,B738MAX,9VMBE,SIA,SIA928,SIA929,12/17:36,12/17:42,12/18:39,12/18:53,0:57:00,SIN,SIN,A06,10,1,1,NML,2,2025
1364.,A320,PKLAZ,BTK,BTK7503,BTK7502,12/17:39,12/17:43,12/18:30,12/18:41,0:47:00,HLP,HLP,009,10,1,1,NML,2,2025
1365.,B738,PKGFX,GIA,GIA320,GIA325,12/17:19,12/17:22,12/18:37,12/18:51,1:15:00,CGK,CGK,005,10,1,1,NML,2,2025
1366.,B738,PKLBW,BTK,BTK6576,BTK6575,12/19:42,12/19:46,12/21:13,12/21:24,1:27:24,CGK,CGK,014,10,1,1,NML,2,2025
1367.,A320,PKGQN,CTV,CTV949,CTV494,12/19:05,12/19:09,12/19:42,12/19:55,0:33:00,BTH,BDJ,007,10,1,1,NML,2,2025
1368.,B738,PKBBF,SJY,SJY567,SJY562,12/19:14,12/19:18,12/20:01,12/20:14,0:43:00,UPG,UPG,012,10,1,1,NML,2,2025
1369.,A320,PKLUI,BTK,BTK7519,BTK7518,12/20:20,12/20:22,12/21:09,12/21:19,0:47:00,HLP,HLP,012,10,1,1,NML,2,2025
1370.,B739,PKLFK,LNI,LNI727,LNI880,12/17:46,12/17:50,12/19:43,12/19:56,1:53:00,KDI,UPG,016,10,1,1,NML,2,2025
1371.,A320,PKPWE,PAS,PAS202,PAS203,12/18:48,12/18:51,12/19:49,12/20:03,0:58:00,CGK,CGK,005,10,1,1,NML,2,2025
1372.,A320,PKGLT,CTV,CTV736,CTV352,12/19:11,12/19:15,12/19:58,12/20:09,0:43:00,CGK,UPG,006,10,1,1,NML,2,2025
1373.,A320,PKGQR,CTV,CTV435,CTV662,12/19:19,12/19:21,12/20:11,12/20:23,0:50:10,BPN,DPS,009,10,1,1,NML,2,2025
1374.,B738,PKGFQ,GIA,GIA349,GIA319,12/17:56,12/18:00,12/20:45,12/20:51,2:45:00,DPS,CGK,004,10,1,1,NML,2,2025
1375.,A320,PKGTK,CTV,CTV495,CTV354,12/20:24,12/20:28,12/21:02,12/21:09,0:33:55,BDJ,UPG,007,10,1,1,NML,2,2025
"1376.,E135,PKVCS,CEO,PKVCS,PKVCS,11/18:43,11/18:49,12/20:24,12/20:28,""1 day, 1:35:00"",HLP,HLP,001,10,0,0,NML,2,2025"
1377.,A320,PKGTE,CTV,CTV489,CTV719,12/20:43,12/20:53,12/21:30,12/21:44,0:37:59,BDJ,CGK,004,10,1,1,NML,2,2025
1378.,A320,PKBKY,BTK,BTK6137,BTK6136,12/20:32,12/20:35,12/21:50,12/22:02,1:15:00,UPG,UPG,015,10,1,1,NML,2,2025
1379.,A320,PKSGD,SJV,SJV619,SJV610,12/16:14,12/16:18,13/05:13,13/05:22,12:55:12,BPN,BPN,023,28,0,0,NML,2,2025
1380.,A320,PKGQS,CTV,CTV726,CTV430,12/20:38,12/20:42,13/04:55,13/05:05,8:13:00,CGK,BPN,009,28,1,1,NML,2,2025
"1381.,A320,PKLAQ,BTK,BTK7521,BTK7508,10/21:17,13/00:08,13/04:59,13/05:08,""2 days, 7:37:00"",HLP,HLP,011,28,1,1,NML,2,2025"
1382.,B738,PKLOP,LNI,LNI709,LNI786,12/19:08,12/19:13,13/05:01,13/05:12,9:48:35,UPG,UPG,C03,28,0,0,NML,2,2025
1383.,A320,PKAZO,AWQ,AWQ327,AWQ320,12/23:44,12/23:50,13/05:00,13/05:10,5:10:00,KUL,KUL,A03,28,1,1,NML,2,2025
1384.,A320,PKLAW,BTK,BTK6578,BTK6132,12/21:21,12/21:27,13/05:10,13/05:20,7:43:00,CGK,LOP,014,28,1,1,NML,2,2025
1385.,A320,PKGLG,CTV,CTV720,CTV725,12/22:15,12/22:18,13/05:39,13/05:48,7:21:00,CGK,CGK,007,28,1,1,NML,2,2025
1386.,A320,V8RBG,RBA,RBA795,RBA796,12/19:58,12/20:04,13/05:43,13/05:57,9:39:00,BWN,BWN,A07,28,1,1,NML,2,2025
1387.,A320,PKGTK,CTV,CTV353,CTV484,13/05:03,13/05:09,13/05:44,13/05:53,0:35:00,UPG,BDJ,005,28,1,1,NML,2,2025
1388.,A320,PKBLA,BTK,BTK6221,BTK6589,12/19:52,12/19:57,13/07:52,13/08:11,11:55:00,BPN,CGK,017,28,1,1,NML,2,2025
1389.,A320,PKSJZ,SJV,SJV643,SJV640,12/16:18,12/16:22,13/05:55,13/06:05,13:33:00,AAP,AAP,025,28,0,0,NML,2,2025
1390.,A320,PKPWG,PAS,PAS212,PAS213,12/20:18,12/20:21,13/05:55,13/06:03,9:34:00,CGK,CGK,006,28,1,1,NML,2,2025
1391.,A320,PKSTC,SJV,SJV727,SJV706,12/20:46,12/20:50,13/06:00,13/06:13,9:10:00,DPS,DPS,016,28,1,1,NML,2,2025
1392.,A320,PKAZG,AWQ,AWQ325,AWQ386,12/19:01,12/19:06,13/06:16,13/06:27,11:10:00,KUL,PEN,A01,28,1,1,NML,2,2025
1393.,A320,PKSAA,SJV,SJV725,SJV634,12/18:07,12/18:12,13/06:21,13/06:30,12:09:00,LBJ,BDJ,021,28,0,0,NML,2,2025
1394.,A320,PKLUK,BTK,BTK7521,BTK6135,12/21:41,12/21:45,13/07:03,13/07:15,9:18:00,HLP,PKN,008,28,1,1,NML,2,2025
1395.,B739,PKLSV,LNI,LNI923,LNI971,12/17:29,13/00:06,13/07:03,13/07:12,13:29:00,DPS,BTH,012,28,1,0,NML,2,2025
1396.,C208,PKVVO,SUS,PKVVO,PKVVO,12/11:36,12/11:43,13/07:09,13/07:18,19:26:00,BXW,BXW,029,28,0,0,NML,2,2025
1397.,B738,PKGMP,GIA,GIA328,GIA854,12/20:12,12/22:17,13/06:58,13/07:05,10:42:00,CGK,SIN,A02,28,1,1,NML,2,2025
1398.,B738,PKGNF,GIA,GIA855,GIA305,12/20:42,12/22:35,13/07:03,13/07:17,10:15:00,SIN,CGK,004,28,1,1,NML,2,2025
1399.,A320,PKLUI,BTK,BTK7511,BTK7510,13/06:34,13/06:40,13/07:25,13/07:34,0:45:00,HLP,HLP,009,28,1,1,NML,2,2025
1400.,A320,PKGQR,CTV,CTV661,CTV460,13/06:47,13/06:52,13/07:36,13/07:44,0:44:00,DPS,AAP,007,28,1,1,NML,2,2025
1401.,B739,PKLSR,LNI,LNI693,LNI693,13/06:53,13/06:59,13/07:52,13/08:06,0:53:00,KOE,CGK,011,28,1,1,NML,2,2025
1402.,B739,PKLSI,LNI,LNI929,LNI982,13/06:43,13/06:48,13/07:46,13/07:59,0:58:00,DPS,PKU,014,28,1,1,NML,2,2025
1403.,A320,PKGLU,CTV,CTV355,CTV177,13/07:01,13/07:08,13/07:58,13/08:13,0:50:00,UPG,HLP,006,28,1,1,NML,2,2025
1404.,A333,BLAQ,CPA,CPA779,CPA780,12/18:30,12/18:36,13/08:00,13/08:17,13:24:00,HKG,HKG,A08,28,1,1,NML,2,2025
1405.,B739,PKLGU,LNI,LNI692,LNI990,12/16:52,12/16:56,13/08:25,13/08:35,15:29:00,CGK,DPS,018,28,0,0,NML,2,2025
1406.,A320,PKBKG,BTK,BTK6572,BTK6573,13/07:47,13/07:52,13/08:50,13/08:57,0:58:00,CGK,CGK,008,28,1,1,NML,2,2025
1407.,DHC6,PKICP,PGT,PKICP,PKICP,12/13:45,12/13:49,13/07:47,13/07:50,17:58:00,PAG,PAG,028,28,0,0,NML,2,2025
1408.,B738,PKLBS,MXD,MXD352,MXD353,12/19:46,12/19:52,13/08:55,13/09:08,13:03:00,KUL,KUL,A04,28,1,1,NML,2,2025
1409.,A320,PKLAW,BTK,BTK6133,BTK6581,13/08:01,13/08:06,13/09:07,13/09:20,1:01:00,LOP,CGK,012,28,1,1,NML,2,2025
"1410.,AW139,PKTVN,TVR,PKTVN,PKTVN,12/09:18,12/09:21,13/09:22,13/09:24,""1 day, 0:01:00"",ZTB,MBH,H02,28,0,0,NML,2,2025"
1411.,B739,PKLSP,LNI,LNI683,LNI682,13/08:08,13/08:13,13/09:11,13/09:28,0:58:00,PKY,PKY,011,28,1,1,NML,2,2025
1412.,A320,PKPWE,PAS,PAS200,PAS201,13/08:20,13/08:26,13/09:13,13/09:31,0:47:00,CGK,CGK,005,28,1,1,NML,2,2025
1413.,B738,PKGMW,GIA,GIA304,GIA342,13/08:15,13/08:21,13/09:18,13/09:35,0:57:00,CGK,DPS,004,28,1,1,NML,2,2025
1414.,A320,PKGTK,CTV,CTV485,CTV486,13/08:31,13/08:37,13/09:19,13/09:35,0:42:00,BDJ,BDJ,006,28,1,1,NML,2,2025
1415.,A320,PKSTC,SJV,SJV703,SJV702,13/08:24,13/08:29,13/09:29,13/09:41,1:00:00,DPS,DPS,015,28,1,1,NML,2,2025
1416.,A320,PKSGD,SJV,SJV611,SJV618,13/08:51,13/08:57,13/09:58,13/09:59,1:01:00,BPN,BPN,014,28,1,1,NML,2,2025
1417.,A320,9VTRN,TGW,TGW264,TGW265,13/09:25,13/09:29,13/10:25,13/10:38,0:56:00,SIN,SIN,A02,28,1,1,NML,2,2025
1418.,B738,9MMXQ,MAS,MAS871,MAS870,13/09:06,13/09:10,13/10:06,13/10:18,0:56:00,KUL,KUL,A07,28,1,1,NML,2,2025
1419.,B733F,PKMYV,MYU,MYU935,MYU815,13/12:02,13/12:06,13/13:17,13/13:25,1:11:00,SRG,CGK,C02,28,0,0,NML,2,2025
1420.,B738,9MLDF,MXD,MXD350,MXD351,13/09:13,13/09:17,13/10:09,13/10:21,0:52:00,KUL,KUL,A04,28,1,1,NML,2,2025
1421.,A359,9VSHP,SIA,SIA922,SIA923,13/09:18,13/09:22,13/10:19,13/10:33,0:57:00,SIN,SIN,A08,28,1,1,NML,2,2025
1422.,A320,PKGLV,CTV,CTV351,CTV350,13/09:55,13/10:03,13/10:40,13/10:56,0:37:00,UPG,UPG,007,28,1,1,NML,2,2025
1423.,B739,PKLGR,LNI,LNI267,LNI262,13/07:10,13/07:16,13/10:29,13/10:41,3:13:00,TRK,BPN,016,28,1,1,NML,2,2025
1424.,B739,PKLQS,LNI,LNI690,LNI706,13/06:39,13/06:45,13/10:55,13/11:06,4:10:00,CGK,UPG,023,28,0,0,NML,2,2025
1425.,A320,PKPWG,PAS,PAS210,PAS211,13/09:37,13/09:45,13/10:33,13/10:47,0:48:00,CGK,CGK,005,28,1,1,NML,2,2025
1426.,B739,PKLHP,LNI,LNI970,LNI973,13/09:40,13/09:47,13/10:46,13/10:58,0:59:00,BTH,BTH,015,28,1,1,NML,2,2025
1427.,A320,PKLUK,BTK,BTK6134,BTK7516,13/09:47,13/09:53,13/10:51,13/11:00,0:58:00,PKN,HLP,009,28,1,1,NML,2,2025
1428.,A320,PKLAT,BTK,BTK7513,BTK6346,13/09:51,13/09:57,13/10:55,13/11:04,0:58:00,HLP,BEJ,012,28,1,1,NML,2,2025
1429.,AW139,PKTVN,TVR,PKTVN,PKTVN,13/10:00,13/10:03,13/11:04,13/11:09,1:01:00,MBH,MBH,H02,28,0,0,NML,2,2025
1430.,B739,PKLGM,LNI,LNI363,LNI822,13/06:25,13/06:31,13/11:05,13/11:18,4:34:00,BPN,LOP,022,28,0,0,NML,2,2025
1431.,B739,PKLHO,LNI,LNI791,LNI694,13/09:58,13/10:04,13/11:43,13/11:53,1:39:00,UPG,KOE,018,28,0,0,NML,2,2025
1432.,A320,PKAZO,AWQ,AWQ321,AWQ322,13/10:35,13/10:39,13/11:15,13/11:25,0:36:00,KUL,KUL,A01,28,1,1,NML,2,2025
1433.,B738,PKLSF,LNI,LNI315,LNI697,13/07:56,13/08:01,13/11:32,13/11:41,3:31:00,BDJ,CGK,025,28,0,0,NML,2,2025
1434.,B738,PKGFS,GIA,GIA322,GIA327,13/10:09,13/10:14,13/11:37,13/11:46,1:23:00,CGK,CGK,004,28,1,1,NML,2,2025
1435.,A320,PKLAQ,BTK,BTK7517,BTK7520,13/10:49,13/10:57,13/12:03,13/12:16,1:06:00,HLP,HLP,008,28,1,1,NML,2,2025
"1436.,A339,PKLEJ,LNI,LNI107,LNI074,11/15:00,12/23:12,13/11:51,13/12:07,""1 day, 20:42:00"",JED,MED,A06,28,1,1,NML,2,2025"
1437.,B739,PKLGS,LNI,LNI805,LNI804,13/10:54,13/10:58,13/11:54,13/12:05,0:56:00,DPS,DPS,014,28,1,1,NML,2,2025
1438.,B738,PKLQZ,LNI,LNI837,LNI581,13/08:37,13/08:43,13/11:59,13/12:09,3:16:00,PNK,CGK,017,28,1,1,NML,2,2025
1439.,DHC6,PKICP,PGT,PKICP,PKICP,13/10:44,13/10:46,13/11:16,13/11:22,0:30:00,PAG,PAG,028,28,0,0,NML,2,2025
1440.,A320,PKGQR,CTV,CTV461,CTV698,13/11:16,13/11:21,13/12:13,13/12:22,0:52:00,AAP,DPS,006,28,1,1,NML,2,2025
1441.,B739,PKLHI,LNI,LNI801,LNI780,13/11:32,13/11:37,13/12:49,13/12:56,1:12:00,UPG,UPG,009,10,1,1,NML,2,2025
1442.,A320,PKSAA,SJV,SJV635,SJV636,13/09:09,13/09:15,13/12:37,13/12:45,3:22:00,BDJ,BDJ,021,10,0,0,NML,2,2025
1443.,A320,PKGTK,CTV,CTV487,CTV668,13/12:46,13/12:49,13/13:29,13/13:45,0:40:41,BDJ,DPS,007,10,1,1,NML,2,2025
1444.,A320,PKBKG,BTK,BTK6596,BTK6595,13/12:52,13/12:57,13/13:49,13/14:03,0:52:41,CGK,CGK,011,10,1,1,NML,2,2025
1445.,A320,PKAZG,AWQ,AWQ387,AWQ324,13/12:38,13/12:44,13/13:32,13/13:35,0:48:00,PEN,KUL,A01,10,1,1,NML,2,2025
1446.,A320,PKPWA,PAS,PAS204,PAS205,13/12:42,13/12:45,13/13:37,13/13:49,0:52:00,CGK,CGK,005,10,1,1,NML,2,2025
1447.,B738,PKGUG,GIA,GIA312,GIA317,13/12:48,13/12:52,13/13:51,13/14:20,0:59:58,CGK,CGK,004,10,1,1,NML,2,2025
1448.,A320,PKGTD,CTV,CTV716,CTV717,13/13:36,13/13:39,13/14:41,13/14:55,1:02:44,CGK,CGK,007,10,1,1,NML,2,2025
1449.,B738,PKLKK,LNI,LNI839,LNI836,13/13:00,13/13:00,13/14:40,13/14:49,1:40:00,PNK,PNK,016,10,1,1,NML,2,2025
1450.,A320,PKGQS,CTV,CTV431,CTV948,13/13:39,13/13:41,13/14:41,13/14:58,0:59:16,BPN,BTH,006,10,1,1,NML,2,2025
1451.,A320,9VJSK,JSA,JSA247,JSA248,13/13:30,13/13:36,13/14:41,13/14:51,1:05:32,SIN,SIN,A08,10,1,1,NML,2,2025
1452.,A320,PKLUQ,BTK,BTK7515,BTK7514,13/13:46,13/13:50,13/14:51,13/15:02,1:01:45,HLP,HLP,009,10,1,1,NML,2,2025
1453.,A320,PKPWK,PAS,PAS208,PAS209,13/13:57,13/13:59,13/15:10,13/15:21,1:10:19,CGK,CGK,005,10,1,1,NML,2,2025
1454.,B739,PKLHM,LNI,LNI694,LNI642,13/10:27,13/10:31,13/15:56,13/16:03,5:25:38,CGK,LOP,C03,28,0,0,NML,2,2025
1455.,A320,PKLUH,BTK,BTK6406,BTK6220,13/15:50,13/15:55,13/16:55,13/17:04,1:00:00,CGK,BPN,009,28,1,1,NML,2,2025
"1456.,B739,PKLJI,LNI,LNI972,LNI800,12/16:04,12/16:08,13/16:13,13/16:19,""1 day, 0:05:00"",BTH,UPG,026,28,0,0,NML,2,2025"
1457.,B738,PKGNM,GIA,GIA330,GIA331,13/16:40,13/16:46,13/17:37,13/17:49,0:51:00,HLP,HLP,005,28,1,1,NML,2,2025
1458.,A320,PKLAY,BTK,BTK7501,BTK7512,13/16:28,13/16:33,13/17:20,13/17:32,0:47:00,HLP,HLP,008,28,1,1,NML,2,2025
1459.,A320,PKGQR,CTV,CTV699,CTV434,13/15:16,13/15:19,13/15:56,13/16:06,0:37:00,DPS,BPN,006,28,1,1,NML,2,2025
1460.,B738,9MMLO,MAS,MAS873,MAS872,13/15:07,13/15:14,13/16:04,13/16:09,0:50:00,KUL,KUL,A08,28,1,1,NML,2,2025
"1461.,A339,PKLEV,LNI,LNI105,LNI106,11/19:35,13/13:29,13/16:12,13/16:33,""1 day, 20:34:00"",JED,JED,A06,28,1,1,NML,2,2025"
1462.,A320,PKLAT,BTK,BTK6347,BTK6401,13/15:43,13/15:49,13/16:39,13/16:49,0:50:36,BEJ,CGK,011,28,1,1,NML,2,2025
1463.,B739,PKLFY,LNI,LNI972,LNI316,13/16:23,13/16:30,13/17:35,13/17:44,1:05:00,BTH,BDJ,016,28,1,1,NML,2,2025
1464.,B738,PKGNR,GIA,GIA310,GIA315,13/15:57,13/16:04,13/17:01,13/17:10,0:56:56,CGK,CGK,004,28,1,1,NML,2,2025
1465.,B738MAX,9VMBL,SIA,SIA926,SIA927,13/15:36,13/15:40,13/16:29,13/16:45,0:49:00,SIN,SIN,A07,28,1,1,NML,2,2025
1466.,B739,PKLHO,LNI,LNI695,LNI268,13/16:16,13/16:23,13/17:17,13/17:30,0:54:00,KOE,TRK,012,28,1,1,NML,2,2025
1467.,B739,PKLSI,LNI,LNI983,LNI692,13/13:30,13/13:33,13/17:16,13/17:28,3:43:00,PKU,KOE,018,28,0,0,NML,2,2025
1468.,A320,PKPWL,PAS,PAS206,PAS623,13/16:01,13/16:08,13/16:51,13/17:02,0:42:53,CGK,BPN,007,28,1,1,NML,2,2025
1469.,A320,PKAZO,AWQ,AWQ323,AWQ326,13/17:13,13/17:16,13/17:56,13/18:08,0:40:00,KUL,KUL,A06,28,1,1,NML,2,2025
1470.,A320,PKGQO,CTV,CTV669,CTV715,13/16:35,13/16:43,13/17:28,13/17:37,0:45:00,DPS,CGK,006,28,1,1,NML,2,2025
1471.,B738,PKLKV,LNI,LNI709,LNI838,13/16:08,13/16:14,13/17:43,13/17:51,1:29:00,UPG,PNK,014,28,1,1,NML,2,2025
1472.,A320,PKGQE,CTV,CTV718,CTV711,13/17:21,13/17:29,13/18:06,13/18:15,0:36:42,CGK,CGK,007,28,1,1,NML,2,2025
1473.,A320,PKSJG,SJV,SJV723,SJV708,13/17:17,13/17:26,13/18:35,13/18:46,1:09:01,DPS,DPS,011,28,1,1,NML,2,2025
1474.,A320,PKPWG,PAS,PAS622,PAS207,13/17:55,13/18:01,13/18:40,13/18:52,0:39:00,BPN,CGK,006,28,1,1,NML,2,2025
1475.,A320,PKSAA,SJV,SJV637,SJV716,13/15:40,13/15:45,13/18:35,13/18:44,2:50:00,BDJ,LOP,017,28,1,1,NML,2,2025
1476.,B738MAX,9VMBN,SIA,SIA928,SIA929,13/17:53,13/17:56,13/18:50,13/19:06,0:54:32,SIN,SIN,A07,28,1,1,NML,2,2025
1477.,B738,PKGNE,GIA,GIA320,GIA325,13/17:26,13/17:33,13/18:38,13/18:48,1:05:18,CGK,CGK,004,28,1,1,NML,2,2025
1478.,B738,PKLZT,BTK,BTK6576,BTK6575,13/21:28,13/21:35,13/22:27,13/22:37,0:52:00,CGK,CGK,009,28,1,1,NML,2,2025
1479.,A320,PKGLG,CTV,CTV949,CTV494,13/18:42,13/18:52,13/19:24,13/19:33,0:32:06,BTH,BDJ,006,28,1,1,NML,2,2025
1480.,B735,PKBBG,SJY,SJY567,SJY562,13/18:49,13/18:58,13/19:40,13/19:46,0:42:00,UPG,UPG,012,28,1,1,NML,2,2025
1481.,B739,PKLGM,LNI,LNI823,LNI880,13/16:32,13/16:37,13/19:53,13/20:02,3:16:42,LOP,UPG,015,28,1,1,NML,2,2025
1482.,A320,PKLUH,BTK,BTK6221,BTK7518,13/20:23,13/20:28,13/22:14,13/22:24,1:46:00,BPN,HLP,011,28,1,1,NML,2,2025
1483.,A320,PKPWK,PAS,PAS202,PAS203,13/19:00,13/19:06,13/19:49,13/19:59,0:43:05,CGK,CGK,004,28,1,1,NML,2,2025
1484.,B738,PKGMW,GIA,GIA349,GIA313,13/17:48,13/17:53,13/20:04,13/20:14,2:11:55,DPS,CGK,005,28,1,1,NML,2,2025
1485.,A320,PKGQR,CTV,CTV435,CTV662,13/19:30,13/19:36,13/20:14,13/20:26,0:38:00,BPN,DPS,008,28,1,1,NML,2,2025
1486.,A320,PKGLR,CTV,CTV736,CTV352,13/19:20,13/19:26,13/20:01,13/20:12,0:35:26,CGK,UPG,007,28,1,1,NML,2,2025
1487.,A320,PKGQM,CTV,CTV174,CTV354,13/16:19,13/16:29,13/20:45,13/20:55,4:16:00,HLP,UPG,003,28,0,0,NML,2,2025
1488.,A320,PKGLY,CTV,CTV489,CTV719,13/20:59,13/21:07,13/21:40,13/21:50,0:33:00,BDJ,CGK,007,28,1,1,NML,2,2025
1489.,A320,PKLZH,BTK,BTK6586,BTK7508,13/20:39,13/20:46,14/04:56,14/05:09,8:10:00,CGK,HLP,012,28,1,1,NML,2,2025
1490.,A320,PKSJV,SJV,SJV619,SJV610,13/16:55,13/16:59,14/04:58,14/05:11,11:58:24,BPN,BPN,026,28,0,0,NML,2,2025
1491.,A320,PKGQL,CTV,CTV726,CTV430,13/21:02,13/21:09,14/04:53,14/05:02,7:44:00,CGK,BPN,008,28,1,1,NML,2,2025
1492.,B739,PKLJI,LNI,LNI885,LNI878,13/19:57,13/20:03,14/05:03,14/05:15,9:00:00,UPG,AMQ,014,28,1,1,NML,2,2025
1493.,A320,PKAZG,AWQ,AWQ325,AWQ320,13/19:03,13/19:06,14/05:01,14/05:13,9:55:00,KUL,KUL,A01,28,1,0,NML,2,2025
1494.,A320,PKLUO,BTK,BTK7519,BTK6132,13/21:06,13/21:12,14/05:15,14/05:24,8:03:00,HLP,LOP,017,28,1,1,NML,2,2025
1495.,A320,PKBKO,BTK,BTK7521,BTK6589,13/21:18,13/21:24,14/05:50,14/06:01,8:26:00,HLP,CGK,018,28,0,0,NML,2,2025
1496.,A320,PKGQA,CTV,CTV720,CTV725,13/22:42,13/22:48,14/05:39,14/05:51,6:51:00,CGK,CGK,006,28,1,1,NML,2,2025
1497.,B739,PKLSO,LNI,LNI690,LNI690,14/05:04,14/05:09,14/05:51,14/06:04,0:42:00,CGK,KOE,011,28,1,1,NML,2,2025
1498.,A320,PKBKY,BTK,BTK6413,BTK6412,13/20:10,13/20:16,14/05:54,14/06:05,9:38:00,DPS,DPS,015,28,1,1,NML,2,2025
1499.,A320,V8RBC,RBA,RBA795,RBA796,13/20:04,13/20:08,14/05:57,14/06:09,9:49:00,BWN,BWN,A07,28,1,1,NML,2,2025
1500.,B738,PKLQZ,LNI,LNI692,LNI868,13/16:12,14/04:29,14/06:05,14/06:18,13:45:00,CGK,TTE,C05,28,0,0,NML,2,2025
1501.,A320,PKSJG,SJV,SJV727,SJV706,13/21:33,13/21:37,14/06:10,14/06:20,8:33:47,DPS,DPS,C03,28,0,0,NML,2,2025
1502.,B739,PKLHM,LNI,LNI865,LNI882,13/18:30,13/18:36,14/06:08,14/06:16,11:32:00,LOP,UPG,016,28,1,1,NML,2,2025
1503.,A320,PKGTK,CTV,CTV353,CTV670,14/05:07,14/05:14,14/05:54,14/06:07,0:40:00,UPG,LOP,007,28,1,1,NML,2,2025
1504.,A320,PKSTA,SJV,SJV643,SJV640,13/17:00,13/17:05,14/06:33,14/06:43,13:27:45,AAP,AAP,021,28,0,0,NML,2,2025
1505.,A320,PKPWH,PAS,PAS212,PAS213,13/20:53,13/21:00,14/05:51,14/05:59,8:51:00,CGK,CGK,005,28,1,1,NML,2,2025
1506.,A320,PKSAA,SJV,SJV717,SJV566,14/05:52,14/06:00,14/06:47,14/06:58,0:47:00,LOP,PLW,012,28,1,1,NML,2,2025
1507.,C208,PKVVO,SUS,PKVVO,SUS6197,13/08:59,13/09:01,14/07:07,14/07:17,22:06:00,BXW,BXW,029,28,0,0,NML,2,2025
1508.,DHC6,PKICP,PGT,PKICP,PKICP,13/15:20,13/15:21,14/06:28,14/06:33,15:06:01,PAG,PAG,028,28,0,0,NML,2,2025
1509.,A320,PKLUJ,BTK,BTK6578,BTK6135,13/22:34,13/22:40,14/06:52,14/07:06,8:12:00,CGK,PKN,009,28,1,1,NML,2,2025
1510.,B739,PKLHS,LNI,LNI707,LNI971,13/15:48,13/15:53,14/07:00,14/07:09,15:06:41,UPG,BTH,023,28,0,0,NML,2,2025
1511.,B738,PKGMP,GIA,GIA855,GIA854,13/20:48,13/20:53,14/07:09,14/07:20,10:16:00,SIN,SIN,A06,28,1,1,NML,2,2025
1512.,B738,PKGFX,GIA,GIA328,GIA305,13/20:20,13/20:27,14/06:58,14/07:08,10:31:00,CGK,CGK,004,28,1,1,NML,2,2025
1513.,A320,PKLUK,BTK,BTK7511,BTK7510,14/06:35,14/06:42,14/07:26,14/07:38,0:44:29,HLP,HLP,011,28,1,1,NML,2,2025
1514.,A320,PKAZL,AWQ,AWQ327,AWQ392,14/00:05,14/00:09,14/07:41,14/08:01,7:32:00,KUL,JHB,A03,28,0,0,NML,2,2025
1515.,A320,PKGQR,CTV,CTV661,CTV460,14/07:01,14/07:10,14/07:43,14/07:52,0:33:00,DPS,AAP,006,28,1,1,NML,2,2025
1516.,B739,PKLQR,LNI,LNI919,LNI693,13/15:09,13/15:12,14/08:10,14/08:20,16:58:00,DPS,CGK,025,28,0,0,NML,2,2025
1517.,A333,BLBI,CPA,CPA779,CPA780,13/18:34,13/18:37,14/08:08,14/08:22,13:31:00,HKG,HKG,A08,28,1,1,NML,2,2025
1518.,A339,PKLET,LNI,LNI105,LNI102,13/11:57,14/06:58,14/08:24,14/08:38,20:23:00,JED,JED,A07,28,1,1,NML,2,2025
1519.,B739,PKLSI,LNI,LNI693,LNI990,14/06:53,14/06:58,14/08:18,14/08:25,1:20:30,KOE,DPS,014,28,1,1,NML,2,2025
1520.,A320,PKLAO,BTK,BTK6572,BTK6573,14/07:44,14/07:51,14/09:06,14/09:15,1:15:00,CGK,CGK,009,28,1,1,NML,2,2025
1521.,A320,PKGLV,CTV,CTV355,CTV177,14/07:36,14/07:41,14/08:25,14/08:33,0:44:00,UPG,HLP,007,28,1,1,NML,2,2025
1522.,B744,N919CA,NCR,NCR584,NCR585,14/05:50,14/05:56,14/08:30,14/08:40,2:34:00,IST,HKG,A12,28,0,0,NML,2,2025
1523.,A320,PKLUO,BTK,BTK6133,BTK6581,14/07:55,14/08:02,14/08:51,14/09:01,0:49:24,LOP,CGK,008,28,1,1,NML,2,2025
1524.,B739,PKLHO,LNI,LNI267,LNI856,14/07:04,14/07:08,14/08:58,14/09:13,1:50:14,TRK,PLM,016,28,1,1,NML,2,2025
"1525.,A320,PKSAE,SJV,SJV619,SJV618,11/16:21,13/23:54,14/09:09,14/09:19,""2 days, 16:45:00"",BPN,BPN,C04,28,0,0,NML,2,2025"
1526.,B739,PKLHL,LNI,LNI315,LNI222,14/07:59,14/08:03,14/08:59,14/09:08,0:56:00,BDJ,BDJ,011,28,1,1,NML,2,2025
1527.,B738,PKLKV,LNI,LNI837,LNI748,14/08:02,14/08:08,14/09:04,14/09:17,0:55:58,PNK,MDC,012,28,1,1,NML,2,2025
1528.,B738,PKGMD,GIA,GIA304,GIA342,14/08:12,14/08:18,14/09:16,14/09:27,0:58:07,CGK,DPS,004,28,1,1,NML,2,2025
1529.,A320,PKGTK,CTV,CTV671,CTV486,14/08:29,14/08:35,14/09:16,14/09:34,0:41:00,LOP,BDJ,006,28,1,1,NML,2,2025
1530.,E135,T7JCI,AFS,T7JCI,T7JCI,14/08:50,14/08:55,14/09:14,14/09:25,0:19:22,CGK,CGK,003,28,0,0,NML,2,2025
1531.,A320,PKSJG,SJV,SJV703,SJV702,14/08:45,14/08:51,14/09:39,14/09:51,0:48:06,DPS,DPS,017,28,1,1,NML,2,2025
1532.,B738,PKLZO,MXD,MXD352,MXD353,13/20:29,13/20:34,14/09:32,14/09:46,12:58:00,KUL,KUL,A04,28,1,0,NML,2,2025
1533.,B738,9MMXC,MAS,MAS871,MAS870,14/09:11,14/09:15,14/10:08,14/10:20,0:53:00,KUL,KUL,A06,28,1,1,NML,2,2025
1534.,B735,PKNAS,LKN,LKN243,LKN242,14/08:57,14/09:06,14/09:53,14/10:00,0:47:20,SMQ,SMQ,014,28,1,1,NML,2,2025
1535.,B738,9MLDG,MXD,MXD350,MXD351,14/09:30,14/09:34,14/10:35,14/10:50,1:01:00,KUL,KUL,A03,28,1,1,NML,2,2025
1536.,A359,9VSHL,SIA,SIA922,SIA923,14/09:00,14/09:10,14/10:13,14/10:29,1:02:57,SIN,SIN,A08,28,1,1,NML,2,2025
1537.,A320,PKBLA,BTK,BTK6584,BTK6585,14/10:16,14/10:21,14/11:07,14/11:15,0:46:11,CGK,CGK,009,28,1,1,NML,2,2025
1538.,A320,PKGTD,CTV,CTV351,CTV350,14/09:22,14/09:33,14/10:13,14/10:25,0:40:00,UPG,UPG,007,28,1,1,NML,2,2025
1539.,A320,PKSAW,SJV,SJV611,SJV632,14/10:13,14/10:19,14/11:01,14/11:10,0:42:00,BPN,BDJ,016,28,1,1,NML,2,2025
1540.,B739,PKLGR,LNI,LNI367,LNI262,14/09:35,14/09:40,14/10:27,14/10:37,0:47:47,BPN,BPN,012,28,1,1,NML,2,2025
1541.,A320,PKPWH,PAS,PAS210,PAS211,14/09:39,14/09:47,14/10:35,14/10:49,0:47:59,CGK,CGK,005,28,1,1,NML,2,2025
1542.,B739,PKLHP,LNI,LNI970,LNI973,14/09:44,14/09:48,14/10:42,14/10:52,0:54:33,BTH,BTH,015,28,1,1,NML,2,2025
1543.,A320,PKLAQ,BTK,BTK7513,BTK7516,14/10:39,14/10:46,14/12:19,14/12:29,1:33:04,HLP,HLP,008,28,1,1,NML,2,2025
1544.,DHC6,PKICP,PGT,PKICP,PKICP,14/09:31,14/09:34,14/10:15,14/10:21,0:40:27,PAG,PAG,028,28,0,0,NML,2,2025
1545.,B739,PKLFW,LNI,LNI694,LNI822,14/10:30,14/10:34,14/11:35,14/11:47,1:01:56,CGK,LOP,011,28,1,1,NML,2,2025
1546.,A320,PKAZG,AWQ,AWQ321,AWQ322,14/10:46,14/10:49,14/11:27,14/11:37,0:38:00,KUL,KUL,A01,28,1,1,NML,2,2025
1547.,B738,PKLSO,LNI,LNI697,LNI697,14/10:27,14/10:32,14/11:40,14/11:50,1:08:00,KOE,CGK,017,28,1,1,NML,2,2025
1548.,B738,PKGNR,GIA,GIA322,GIA327,14/10:33,14/10:39,14/11:35,14/11:45,0:56:49,CGK,CGK,004,28,1,1,NML,2,2025
1549.,A320,PKLUK,BTK,BTK7517,BTK7520,14/11:05,14/11:14,14/12:01,14/12:12,0:47:00,HLP,HLP,007,28,1,1,NML,2,2025
1550.,A320,PKGQR,CTV,CTV461,CTV698,14/11:21,14/11:29,14/12:15,14/12:22,0:46:41,AAP,DPS,006,28,1,1,NML,2,2025
1551.,B739,PKLGY,LNI,LNI801,LNI780,14/11:26,14/11:31,14/12:32,14/12:40,1:01:00,UPG,UPG,018,28,0,0,NML,2,2025
1552.,B735,PKNAT,LKN,LKN193,LKN192,14/12:13,14/12:17,14/13:15,14/13:36,0:58:22,PKN,PKN,011,28,1,1,NML,2,2025
"1553.,B739,PKLGJ,LNI,LNI865,LNI680,12/18:02,12/18:05,14/13:17,14/13:38,""1 day, 19:12:43"",LOP,PKY,020,28,0,0,NML,2,2025"
1554.,A320,PKGTK,CTV,CTV487,CTV668,14/12:05,14/12:13,14/12:51,14/13:02,0:38:52,BDJ,DPS,007,28,1,1,NML,2,2025
1555.,A320,PKLAJ,BTK,BTK6596,BTK6595,14/13:00,14/13:06,14/13:58,14/14:06,0:52:04,CGK,CGK,009,28,1,1,NML,2,2025
1556.,A320,PKPWA,PAS,PAS204,PAS205,14/12:09,14/12:15,14/13:23,14/13:50,1:08:41,CGK,CGK,005,28,1,1,NML,2,2025
1557.,B738,PKLQZ,LNI,LNI869,LNI722,14/12:26,14/12:31,14/13:28,14/13:54,0:57:00,TTE,KDI,016,28,1,1,NML,2,2025
1558.,A320,PKAZL,AWQ,AWQ393,AWQ324,14/13:46,14/13:49,14/14:25,14/14:34,0:36:50,JHB,KUL,A01,28,1,1,NML,2,2025
1559.,B738,PKGFG,GIA,GIA312,GIA317,14/12:34,14/12:41,14/13:39,14/13:58,0:57:41,CGK,CGK,004,28,1,1,NML,2,2025
1560.,A320,PKGLY,CTV,CTV716,CTV717,14/13:49,14/13:55,14/14:29,14/14:37,0:33:34,CGK,CGK,006,28,1,1,NML,2,2025
1561.,B738,PKLKK,LNI,LNI839,LNI836,14/13:39,14/13:44,14/14:32,14/14:41,0:48:00,PNK,PNK,017,28,1,1,NML,2,2025
1562.,A320,PKGQL,CTV,CTV431,CTV948,14/13:52,14/13:58,14/14:39,14/14:50,0:40:19,BPN,BTH,007,28,1,1,NML,2,2025
1563.,B739,PKLHO,LNI,LNI857,LNI910,14/13:56,14/14:02,14/14:49,14/14:59,0:47:00,PLM,DPS,012,28,1,1,NML,2,2025
1564.,A320,9VJSU,JSA,JSA247,JSA248,14/13:43,14/13:46,14/14:35,14/14:48,0:49:23,SIN,SIN,A07,28,1,1,NML,2,2025
1565.,A320,PKLUQ,BTK,BTK7515,BTK7514,14/13:59,14/14:05,14/14:57,14/15:06,0:52:43,HLP,HLP,011,28,1,1,NML,2,2025
1566.,B739,PKLHM,LNI,LNI787,LNI642,14/12:55,14/13:00,14/15:08,14/15:19,2:08:58,UPG,LOP,015,28,1,1,NML,2,2025
1567.,A320,PKPWK,PAS,PAS208,PAS209,14/14:08,14/14:14,14/15:06,14/15:16,0:51:21,CGK,CGK,005,28,1,1,NML,2,2025
1568.,B739,PKLFW,LNI,LNI823,LNI706,14/14:27,14/14:32,14/15:24,14/15:32,0:52:00,LOP,UPG,014,28,0,0,NML,2,2025
1569.,A320,PKLUJ,BTK,BTK6134,BTK6220,14/09:48,14/09:53,14/15:18,14/15:27,5:25:36,PKN,BPN,025,28,0,0,NML,2,2025
1570.,B738,PKGMF,GIA,GIA330,GIA331,14/14:30,14/14:39,14/15:32,14/15:43,0:53:14,HLP,HLP,004,28,1,1,NML,2,2025
1571.,B739,PKLSI,LNI,LNI919,LNI920,14/15:00,14/15:04,14/16:04,14/16:12,1:00:27,DPS,DPS,009,28,1,1,NML,2,2025
1572.,A320,PKLUK,BTK,BTK7501,BTK7512,14/15:10,14/15:16,14/16:16,14/16:25,1:00:00,HLP,HLP,008,28,1,1,NML,2,2025
1573.,A320,PKGQR,CTV,CTV434A,CTV434A,14/15:50,14/15:58,14/17:07,14/17:20,1:09:00,SUB,BPN,007,28,1,1,NML,2,2025
1574.,A320,PKGQR,CTV,CTV699,CTV434,14/14:57,14/15:03,14/15:44,14/15:48,0:41:00,DPS,BPN,007,28,1,1,NML,2,2025
1575.,A320,PKSAW,SJV,SJV633,SJV672,14/14:03,14/14:09,14/15:54,14/16:03,1:45:40,BDJ,BEJ,018,28,0,0,NML,2,2025
1576.,B738,PKLKV,LNI,LNI749,LNI581,14/15:03,14/15:08,14/16:05,14/16:15,0:57:30,MDC,CGK,012,28,1,1,NML,2,2025
1577.,B739,PKLHL,LNI,LNI223,LNI316,14/11:58,14/12:03,14/16:13,14/16:22,4:10:00,BDJ,BDJ,022,28,0,0,NML,2,2025
1578.,A320,PKGLV,CTV,CTV174,CTV715,14/15:50,14/15:57,14/16:40,14/16:48,0:43:00,HLP,CGK,006,28,1,1,NML,2,2025
1579.,B738MAX,9VMBN,SIA,SIA926,SIA927,14/15:33,14/15:37,14/16:25,14/16:42,0:48:00,SIN,SIN,A08,28,1,1,NML,2,2025
1580.,B738,PKGNR,GIA,GIA310,GIA315,14/15:40,14/15:47,14/16:48,14/16:58,1:00:15,CGK,CGK,004,28,1,1,NML,2,2025
1581.,A320,PKSAA,SJV,SJV567,SJV648,14/11:29,14/11:34,14/16:30,14/16:40,4:55:33,PLW,BPN,021,28,0,0,NML,2,2025
1582.,A320,PKPWL,PAS,PAS206,PAS623,14/16:34,14/16:40,14/17:13,14/17:25,0:33:00,CGK,BPN,005,28,1,1,NML,2,2025
1583.,B739,PKLGJ,LNI,LNI681,LNI268,14/16:30,14/16:37,14/17:31,14/17:40,0:54:00,PKY,TRK,009,28,1,1,NML,2,2025
1584.,A320,PKLAO,BTK,BTK6406,BTK6401,14/17:23,14/17:29,14/18:23,14/18:32,0:54:00,CGK,CGK,011,28,1,1,NML,2,2025
1585.,A320,PKAZG,AWQ,AWQ323,AWQ326,14/17:20,14/17:22,14/17:58,14/18:11,0:36:00,KUL,KUL,A01,28,1,1,NML,2,2025
1586.,B738,PKLSF,LNI,LNI709,LNI838,14/15:59,14/16:08,14/17:34,14/17:43,1:25:35,UPG,PNK,015,28,1,1,NML,2,2025
1587.,B739,PKLSR,LNI,LNI692,LNI226,14/17:12,14/17:18,14/19:12,14/19:21,1:54:00,CGK,BDJ,016,28,1,1,NML,2,2025
1588.,A320,PKGQM,CTV,CTV669,CTV488,14/17:16,14/17:22,14/17:54,14/18:02,0:32:00,DPS,BDJ,008,28,1,1,NML,2,2025
1589.,B739,PKLHO,LNI,LNI923,LNI692,14/17:32,14/17:38,14/18:25,14/18:35,0:47:00,DPS,KOE,017,28,1,1,NML,2,2025
1590.,A320,PKGLG,CTV,CTV718,CTV711,14/17:07,14/17:12,14/18:03,14/18:14,0:51:00,CGK,CGK,006,28,1,1,NML,2,2025
1591.,A320,PKSJG,SJV,SJV723,SJV708,14/17:29,14/17:34,14/18:31,14/18:38,0:57:00,DPS,DPS,012,28,1,1,NML,2,2025
1592.,A320,PKPWH,PAS,PAS622,PAS207,14/17:26,14/17:33,14/18:19,14/18:27,0:46:00,BPN,CGK,007,28,1,1,NML,2,2025
1593.,B738MAX,9VMBP,SIA,SIA928,SIA929,14/17:55,14/18:00,14/18:55,14/19:08,0:55:00,SIN,SIN,A03,28,1,1,NML,2,2025
1594.,A320,PKLAY,BTK,BTK7503,BTK7502,14/18:23,14/18:29,14/19:19,14/19:25,0:50:00,HLP,HLP,011,28,1,1,NML,2,2025
1595.,B738,PKGNG,GIA,GIA320,GIA325,14/17:35,14/17:45,14/18:41,14/18:52,0:56:00,CGK,CGK,004,28,1,1,NML,2,2025
1596.,B735,PKCLE,SJY,SJY567,SJY562,14/22:52,14/22:59,14/23:37,14/23:46,0:38:00,UPG,UPG,009,28,1,1,NML,2,2025
1597.,A320,PKGTE,CTV,CTV949,CTV494,14/18:53,14/19:00,14/19:33,14/19:43,0:33:00,BTH,BDJ,008,28,1,1,NML,2,2025
1598.,B789,9VOJG,TGW,TGW262,TGW263,14/18:46,14/18:50,14/20:11,14/20:30,1:21:00,SIN,SIN,A07,28,1,1,NML,2,2025
1599.,B739,PKLSV,LNI,LNI972,LNI880,14/18:59,14/19:05,14/21:25,14/21:31,2:20:00,BTH,UPG,015,28,1,1,NML,2,2025
1600.,A320,PKLUK,BTK,BTK7519,BTK7518,14/19:30,14/19:39,14/20:31,14/20:41,0:52:00,HLP,HLP,009,28,1,1,NML,2,2025
1601.,B738,PKBGZ,BTK,BTK6576,BTK6575,14/21:49,14/21:55,14/22:47,14/22:56,0:52:00,CGK,CGK,015,28,1,1,NML,2,2025
1602.,A320,PKPWK,PAS,PAS202,PAS203,14/18:43,14/18:52,14/19:44,14/19:56,0:52:00,CGK,CGK,007,28,1,1,NML,2,2025
1603.,B738,PKGMV,GIA,GIA326,GIA313,14/18:56,14/19:03,14/19:58,14/20:10,0:55:00,CGK,CGK,004,28,1,1,NML,2,2025
1604.,A320,PKGQR,CTV,CTV435,CTV662,14/20:25,14/20:32,14/21:07,14/21:14,0:35:00,BPN,DPS,007,28,1,1,NML,2,2025
1605.,A320,PKGQH,CTV,CTV736,CTV352,14/19:15,14/19:21,14/20:00,14/20:14,0:39:00,CGK,UPG,006,28,1,1,NML,2,2025
1606.,B739,PKLHM,LNI,LNI865,LNI6013,14/17:50,14/17:56,14/20:23,14/20:33,2:27:00,LOP,YIA,022,28,0,0,NML,2,2025
1607.,B738,PKGMD,GIA,GIA349,GIA319,14/18:07,14/18:16,14/20:56,14/21:03,2:40:00,DPS,CGK,005,28,1,1,NML,2,2025
1608.,A320,PKGQM,CTV,CTV495,CTV354,14/20:39,14/20:45,14/21:22,14/21:29,0:37:00,BDJ,UPG,008,28,1,1,NML,2,2025
1609.,B739,PKLGM,LNI,LNI747,LNI747,14/21:01,14/21:13,14/21:44,14/21:56,0:31:00,UPG,DPS,012,28,1,1,NML,2,2025
1610.,B738,PKGFP,GIA,GIA426,GIA426D,14/21:09,14/21:18,14/22:12,14/22:13,0:54:00,CGK,DPS,009,28,1,1,DVT,2,2025
1611.,A320,PKGQU,CTV,CTV489,CTV719,14/21:34,14/21:42,14/22:17,14/22:27,0:35:00,BDJ,CGK,007,28,1,1,NML,2,2025
1612.,A320,PKGLS,CTV,CTV720,CTV430,14/22:11,14/22:19,15/04:56,15/05:05,6:37:00,CGK,BPN,008,28,1,1,NML,2,2025
1613.,A320,PKLUF,BTK,BTK6578,BTK7508,14/22:42,14/22:47,15/05:05,15/05:08,6:18:00,CGK,HLP,011,28,1,1,NML,2,2025
1614.,B738,PKLQZ,LNI,LNI727,LNI878,14/17:46,14/17:50,15/04:55,15/05:07,11:05:00,KDI,AMQ,021,28,0,0,NML,2,2025
1615.,A320,PKAZG,AWQ,AWQ327,AWQ320,14/23:34,14/23:37,15/05:00,15/05:16,5:23:00,KUL,KUL,A07,28,1,1,NML,2,2025
1616.,A320,PKLAO,BTK,BTK6586,BTK6132,14/22:21,14/22:27,15/05:15,15/05:25,6:48:00,CGK,LOP,012,28,1,1,NML,2,2025
1617.,A320,V8RBA,RBA,RBA795,RBA796,14/20:08,14/20:12,15/05:48,15/06:02,9:36:00,BWN,BWN,A01,28,1,1,NML,2,2025
1618.,A320,PKGQO,CTV,CTV726,CTV725,14/21:40,14/21:48,15/05:53,15/06:04,8:05:00,CGK,CGK,005,28,1,1,NML,2,2025
1619.,A320,PKSTA,SJV,SJV643,SJV640,14/15:30,14/15:35,15/06:01,15/06:14,14:26:00,AAP,AAP,023,28,0,0,NML,2,2025
1620.,A320,PKPWF,PAS,PAS212,PAS213,14/20:36,14/20:43,15/05:51,15/05:53,9:08:00,CGK,CGK,006,28,1,1,NML,2,2025
1621.,A320,PKGQT,CTV,CTV353,CTV670,15/05:03,15/05:12,15/05:55,15/06:06,0:43:00,UPG,LOP,007,28,1,1,NML,2,2025
"1622.,A320,PKLUZ,BTK,BTK6586,BTK6589,12/20:15,15/00:35,15/06:01,15/06:09,""2 days, 9:39:20"",CGK,CGK,020,28,0,0,NML,2,2025"
1623.,B739,PKLFF,LNI,LNI879,LNI882,14/20:48,14/20:54,15/08:16,15/08:27,11:22:00,AMQ,UPG,014,28,1,1,NML,2,2025
1624.,A320,PKAZL,AWQ,AWQ325,AWQ386,14/20:12,14/20:16,15/06:13,15/06:23,9:57:00,KUL,PEN,A03,28,1,1,NML,2,2025
1625.,A320,PKBKY,BTK,BTK6413,BTK6412,14/20:22,14/20:28,15/06:21,15/06:29,9:53:00,DPS,DPS,016,28,1,1,NML,2,2025
1626.,A320,PKSJQ,SJV,SJV613,SJV634,14/20:20,14/20:27,15/06:30,15/06:40,10:03:00,BPN,BDJ,017,28,1,1,NML,2,2025
1627.,B733F,PKMYV,MYU,MYU935,MYU934,14/08:53,14/08:57,15/06:31,15/06:35,21:33:15,SRG,SIN,C02,28,0,0,NML,2,2025
1628.,B738MAX,PKOFI,AFE,AFE921,AFE921,15/06:00,15/06:00,15/06:36,15/06:45,0:36:00,CGK,TIM,009,28,1,1,NML,2,2025
1629.,A320,PKSJV,SJV,SJV619,SJV612,14/16:53,14/16:59,15/07:04,15/07:17,14:05:00,BPN,BPN,025,28,0,0,NML,2,2025
1630.,B739,PKLHL,LNI,LNI311,LNI971,15/05:58,15/06:03,15/06:57,15/07:06,0:54:00,BDJ,BTH,011,28,1,1,NML,2,2025
1631.,A320,PKLUQ,BTK,BTK7521,BTK6135,14/23:17,14/23:24,15/06:52,15/07:01,7:28:00,HLP,PKN,015,28,1,1,NML,2,2025
1632.,B738,PKGNN,GIA,GIA328,GIA305,14/20:04,14/20:10,15/07:02,15/07:15,10:52:00,CGK,CGK,004,28,1,1,NML,2,2025
1633.,B738,PKGMP,GIA,GIA855,GIA854,14/20:43,14/20:49,15/06:58,15/07:13,10:09:00,SIN,SIN,A02,28,1,1,NML,2,2025
1634.,A320,PKLAQ,BTK,BTK7511,BTK7510,15/06:37,15/06:42,15/07:33,15/07:41,0:51:00,HLP,HLP,008,28,1,1,NML,2,2025
1635.,B739,PKLHM,LNI,LNI929,LNI693,15/06:32,15/06:39,15/08:06,15/08:16,1:27:00,DPS,CGK,020,28,0,0,NML,2,2025
1636.,B739,PKLHO,LNI,LNI693,LNI982,15/06:56,15/07:02,15/07:57,15/08:08,0:55:00,KOE,PKU,012,28,1,1,NML,2,2025
1637.,A333,BLAD,CPA,CPA779,CPA780,14/18:11,14/18:17,15/08:10,15/08:24,13:53:00,HKG,HKG,A08,28,1,1,NML,2,2025
1638.,B739,PKLGJ,LNI,LNI267,LNI990,15/07:10,15/07:15,15/08:23,15/08:31,1:08:00,TRK,DPS,011,28,1,1,NML,2,2025
1639.,DHC6,PKICP,PGT,PKICP,PKICP,14/13:36,14/13:36,15/08:00,15/08:10,18:23:24,PAG,PAG,028,28,0,0,NML,2,2025
1640.,A320,PKLUU,BTK,BTK6572,BTK6573,15/07:44,15/07:50,15/08:43,15/08:53,0:53:00,CGK,CGK,009,28,1,1,NML,2,2025
1641.,A320,PKGTK,CTV,CTV355,CTV177,15/07:33,15/07:39,15/08:29,15/08:40,0:50:00,UPG,HLP,007,28,1,1,NML,2,2025
1642.,A320,PKGQH,CTV,CTV661,CTV460,15/07:38,15/07:47,15/08:25,15/08:33,0:38:00,DPS,AAP,006,28,1,1,NML,2,2025
1643.,A320,9VJSL,JSA,JSA249,JSA250,15/08:05,15/08:08,15/09:09,15/09:29,1:01:00,SIN,SIN,A07,28,1,1,NML,2,2025
1644.,A320,PKLAO,BTK,BTK6133,BTK6581,15/08:18,15/08:25,15/09:27,15/09:37,1:02:00,LOP,CGK,008,28,1,1,NML,2,2025
1645.,A320,PKSAW,SJV,SJV673,SJV618,14/20:28,14/20:36,15/08:58,15/09:06,12:22:00,BEJ,BPN,026,28,0,0,NML,2,2025
1646.,B738,PKLOP,LNI,LNI690,LNI748,15/07:03,15/07:10,15/09:30,15/09:35,2:20:00,CGK,MDC,023,28,0,0,NML,2,2025
1647.,B738,PKLQZ,LNI,LNI879,LNI748A,15/10:37,15/10:44,15/11:44,15/11:48,1:00:00,AMQ,MDC,015,28,1,1,NML,2,2025
1648.,B739,PKLQS,LNI,LNI885,LNI682,14/20:02,14/20:10,15/09:16,15/09:25,13:06:00,UPG,PKY,018,28,0,0,NML,2,2025
1649.,A320,PKPWE,PAS,PAS200,PAS201,15/08:14,15/08:20,15/09:10,15/09:19,0:50:00,CGK,CGK,005,28,1,1,NML,2,2025
1650.,B738,PKGMV,GIA,GIA304,GIA342,15/08:25,15/08:31,15/09:31,15/09:42,1:00:00,CGK,DPS,004,28,1,1,NML,2,2025
1651.,A320,PKGQT,CTV,CTV671,CTV486,15/08:22,15/08:29,15/09:17,15/09:33,0:48:00,LOP,BDJ,006,28,1,1,NML,2,2025
1652.,B738,PKLBS,MXD,MXD352,MXD353,14/20:32,14/20:36,15/09:35,15/09:45,12:59:00,KUL,KUL,A04,28,1,1,NML,2,2025
1653.,A320,9VTRP,TGW,TGW264,TGW265,15/09:27,15/09:30,15/10:38,15/10:49,1:08:00,SIN,SIN,A02,28,1,1,NML,2,2025
1654.,A320,PKGLU,CTV,CTV170,CTV175,15/08:38,15/08:44,15/09:43,15/09:53,0:59:00,HLP,HLP,007,28,1,1,NML,2,2025
1655.,B738,9MMXV,MAS,MAS871,MAS870,15/09:16,15/09:21,15/10:13,15/10:24,0:52:00,KUL,KUL,A01,28,1,1,NML,2,2025
1656.,B738MAX,9MLRD,MXD,MXD350,MXD351,15/08:46,15/08:51,15/10:04,15/10:10,1:13:00,KUL,KUL,A03,28,1,1,NML,2,2025
1657.,A320,PKLUO,BTK,BTK6584,BTK6585,15/09:34,15/09:40,15/10:29,15/10:39,0:49:00,CGK,CGK,009,28,1,1,NML,2,2025
1658.,A359,9VSHR,SIA,SIA922,SIA923,15/09:20,15/09:25,15/10:32,15/10:47,1:07:00,SIN,SIN,A08,28,1,1,NML,2,2025
1659.,A320,PKSAE,SJV,SJV611,SJV632,15/08:28,15/08:35,15/10:17,15/10:26,1:42:00,BPN,BDJ,025,28,0,0,NML,2,2025
1660.,A320,PKGTD,CTV,CTV351,CTV350,15/09:23,15/09:29,15/10:09,15/10:21,0:40:00,UPG,UPG,006,28,1,1,NML,2,2025
1661.,B739,PKLHY,LNI,LNI791,LNI706,15/09:31,15/09:36,15/10:47,15/10:59,1:11:00,UPG,UPG,014,28,1,1,NML,2,2025
1662.,A320,PKPWF,PAS,PAS210,PAS211,15/09:39,15/09:45,15/10:35,15/10:43,0:50:00,CGK,CGK,005,28,1,1,NML,2,2025
1663.,A320,PKLAZ,BTK,BTK7513,BTK7516,15/10:15,15/10:21,15/11:07,15/11:18,0:46:00,HLP,HLP,007,28,1,1,NML,2,2025
1664.,A320,PKLUQ,BTK,BTK6134,BTK6346,15/09:44,15/09:49,15/10:48,15/11:03,0:59:00,PKN,BEJ,011,28,1,1,NML,2,2025
1665.,A320,PKSTA,SJV,SJV641,SJV642,15/09:47,15/09:53,15/10:58,15/11:12,1:05:00,AAP,AAP,008,28,1,1,NML,2,2025
1666.,B739,PKLSR,LNI,LNI315,LNI822,15/07:55,15/08:02,15/11:00,15/11:08,2:58:00,BDJ,LOP,021,28,0,0,NML,2,2025
1667.,E135,PKTFS,IAT,PKTFS,PKTFS,15/11:02,15/11:07,15/11:27,15/11:28,0:20:00,HLP,TMC,001,28,0,0,NML,2,2025
1668.,A320,PKAZG,AWQ,AWQ321,AWQ322,15/10:56,15/11:00,15/11:36,15/11:47,0:36:00,KUL,KUL,A01,28,1,1,NML,2,2025
1669.,B739,PKLGR,LNI,LNI694,LNI694,15/10:19,15/10:26,15/11:21,15/11:30,0:55:00,CGK,KOE,016,28,1,1,NML,2,2025
1670.,B738,PKLSF,LNI,LNI837,LNI697,15/10:03,15/10:09,15/11:26,15/11:35,1:17:00,PNK,CGK,012,28,1,1,NML,2,2025
1671.,A320,PKLAQ,BTK,BTK7517,BTK7520,15/11:05,15/11:12,15/12:00,15/12:10,0:48:00,HLP,HLP,009,28,1,1,NML,2,2025
1672.,B738,PKGUC,GIA,GIA322,GIA327,15/10:07,15/10:14,15/11:34,15/11:43,1:20:00,CGK,CGK,004,28,1,1,NML,2,2025
1673.,A320,PKSTC,SJV,SJV363,SJV362,15/11:24,15/11:29,15/12:39,15/12:48,1:10:00,KNO,KNO,017,28,1,1,NML,2,2025
1674.,B739,PKLGJ,LNI,LNI805,LNI804,15/11:15,15/11:20,15/12:14,15/12:24,0:54:00,DPS,DPS,011,28,1,1,NML,2,2025
1675.,A339,PKLES,LNI,LNI075,LNI074,14/12:19,15/09:24,15/12:02,15/12:20,23:37:00,JED,MED,A07,28,1,1,NML,2,2025
1676.,A320,PKSJQ,SJV,SJV635,SJV636,15/09:50,15/09:56,15/12:28,15/12:36,2:32:00,BDJ,BDJ,018,28,0,0,NML,2,2025
1677.,B739,PKLSP,LNI,LNI683,LNI780,15/08:11,15/08:15,15/12:32,15/12:43,4:17:00,PKY,UPG,022,28,0,0,NML,2,2025
1678.,A320,PKGQT,CTV,CTV487,CTV668,15/12:07,15/12:12,15/13:17,15/13:26,1:05:00,BDJ,DPS,008,28,1,1,NML,2,2025
1679.,A339,PKLEV,LNI,LNI107,LNI106,14/16:38,14/16:43,15/13:16,15/13:30,20:33:00,JED,JED,A06,28,1,1,NML,2,2025
1680.,A320,PKLAO,BTK,BTK6596,BTK6595,15/13:43,15/13:49,15/14:58,15/15:03,1:09:00,CGK,CGK,009,28,1,1,NML,2,2025
1681.,A320,PKPWJ,PAS,PAS204,PAS205,15/12:13,15/12:18,15/13:25,15/13:41,1:07:00,CGK,CGK,005,28,1,1,NML,2,2025
1682.,A320,PKGQH,CTV,CTV461,CTV698,15/12:18,15/12:26,15/13:22,15/13:30,0:56:00,AAP,DPS,006,28,1,1,NML,2,2025
1683.,A320,PKAZL,AWQ,AWQ387,AWQ324,15/13:39,15/13:42,15/14:23,15/14:34,0:41:00,PEN,KUL,A01,28,1,1,NML,2,2025
1684.,B738,PKGMD,GIA,GIA312,GIA317,15/13:32,15/13:40,15/14:31,15/14:39,0:51:00,CGK,CGK,004,28,1,1,NML,2,2025
1685.,B738,PKLKK,LNI,LNI839,LNI836,15/12:59,15/13:05,15/14:00,15/14:13,0:55:00,PNK,PNK,016,28,1,1,NML,2,2025
1686.,A320,PKGLS,CTV,CTV431,CTV948,15/13:36,15/13:41,15/14:42,15/14:53,1:01:00,BPN,BTH,007,28,1,1,NML,2,2025
1687.,B739,PKLHO,LNI,LNI983,LNI260,15/13:46,15/13:51,15/14:35,15/14:48,0:44:00,PKU,BPN,011,28,1,1,NML,2,2025
1688.,A320,PKLZH,BTK,BTK7515,BTK7514,15/14:00,15/14:06,15/15:06,15/15:19,1:00:00,HLP,HLP,008,28,1,1,NML,2,2025
1689.,A320,PKGQO,CTV,CTV716,CTV717,15/14:09,15/14:16,15/15:08,15/15:15,0:52:00,CGK,CGK,006,28,1,1,NML,2,2025
1690.,B739,PKLSR,LNI,LNI823,LNI642,15/13:49,15/13:54,15/15:00,15/15:11,1:06:00,LOP,LOP,012,28,1,1,NML,2,2025
1691.,B733F,PKMYV,MYU,MYU935,MYU815,15/13:53,15/13:57,15/14:33,15/14:44,0:36:00,SRG,CGK,C02,28,0,0,NML,2,2025
1692.,B738,PKGNE,GIA,GIA330,GIA331,15/14:20,15/14:29,15/15:27,15/15:38,0:58:00,HLP,HLP,005,28,1,1,NML,2,2025
1693.,B739,PKLGM,LNI,LNI919,LNI920,15/15:09,15/15:14,15/16:11,15/16:22,0:57:00,DPS,DPS,015,28,1,1,NML,2,2025
1694.,A320,PKLAQ,BTK,BTK7501,BTK7512,15/15:17,15/15:23,15/16:08,15/16:18,0:45:00,HLP,HLP,009,28,1,1,NML,2,2025
1695.,A320,PKGQH,CTV,CTV699,CTV434,15/16:10,15/16:18,15/16:56,15/17:05,0:38:00,DPS,BPN,006,28,1,1,NML,2,2025
1696.,B738,9MMSG,MAS,MAS873,MAS872,15/14:56,15/15:00,15/16:01,15/16:12,1:01:00,KUL,KUL,A06,28,1,1,NML,2,2025
1697.,B739,PKLSU,LNI,LNI801,LNI581,15/11:20,15/11:27,15/15:55,15/16:04,4:28:00,UPG,CGK,025,28,0,0,NML,2,2025
1698.,A320,PKLUV,BTK,BTK6406,BTK6401,15/15:13,15/15:19,15/16:18,15/16:26,0:59:00,CGK,CGK,011,28,1,1,NML,2,2025
1699.,B739,PKLHL,LNI,LNI972,LNI316,15/16:14,15/16:21,15/17:20,15/17:27,0:59:00,BTH,BDJ,014,28,1,1,NML,2,2025
1700.,A320,PKGTK,CTV,CTV174,CTV715,15/15:35,15/15:41,15/16:32,15/16:39,0:51:00,HLP,CGK,007,28,1,1,NML,2,2025
1701.,A320,PKSJQ,SJV,SJV637,SJV648,15/15:28,15/15:35,15/16:34,15/16:43,0:59:00,BDJ,BPN,012,28,1,1,NML,2,2025
1702.,B738,PKGUC,GIA,GIA310,GIA315,15/15:44,15/15:54,15/16:48,15/16:56,0:54:00,CGK,CGK,004,28,1,1,NML,2,2025
1703.,B738MAX,PKOFI,AFE,AFE920,AFE920,15/15:33,15/15:38,15/16:18,15/16:30,0:40:00,TIM,CGK,008,28,1,1,NML,2,2025
1704.,B739,PKLGR,LNI,LNI695,LNI268,15/15:50,15/15:55,15/16:56,15/16:58,1:01:00,KOE,TRK,016,28,1,1,NML,2,2025
1705.,B739,PKLSH,LNI,LNI261,LNI692,15/14:04,15/14:10,15/17:25,15/17:35,3:15:00,BPN,KOE,018,28,0,0,NML,2,2025
1706.,A320,PKPWL,PAS,PAS206,PAS623,15/16:35,15/16:41,15/17:11,15/17:20,0:30:00,CGK,BPN,005,28,1,1,NML,2,2025
1707.,A320,PKAZG,AWQ,AWQ323,AWQ326,15/17:40,15/17:43,15/18:20,15/18:33,0:37:00,KUL,KUL,A01,28,1,1,NML,2,2025
1708.,B738,PKLKQ,LNI,LNI709,LNI838,15/15:57,15/16:02,15/17:29,15/17:38,1:27:00,UPG,PNK,017,28,1,1,NML,2,2025
1709.,A320,PKGLR,CTV,CTV669,CTV488,15/17:17,15/17:23,15/18:02,15/18:10,0:39:00,DPS,BDJ,006,28,1,1,NML,2,2025
1710.,A320,PKSJG,SJV,SJV723,SJV708,15/17:22,15/17:27,15/18:26,15/18:39,0:59:00,DPS,DPS,012,28,1,1,NML,2,2025
1711.,A320,PKPWF,PAS,PAS622,PAS207,15/17:29,15/17:36,15/18:13,15/18:23,0:37:00,BPN,CGK,005,28,1,1,NML,2,2025
1712.,A320,PKGQN,CTV,CTV718,CTV711,15/17:25,15/17:32,15/18:12,15/18:21,0:40:00,CGK,CGK,007,28,1,1,NML,2,2025
1713.,A320,PKSJA,SJV,SJV619,SJV716,15/16:49,15/16:56,15/18:21,15/18:31,1:25:00,BPN,LOP,011,28,1,1,NML,2,2025
1714.,A320,PKLAY,BTK,BTK7503,BTK7502,15/17:46,15/17:52,15/18:40,15/18:51,0:48:00,HLP,HLP,014,28,1,1,NML,2,2025
1715.,B738,PKGNG,GIA,GIA320,GIA325,15/17:32,15/17:40,15/18:27,15/18:43,0:47:00,CGK,CGK,004,28,1,1,NML,2,2025
1716.,B738MAX,9VMBP,SIA,SIA928,SIA929,15/17:57,15/18:01,15/18:52,15/19:08,0:51:00,SIN,SIN,A07,28,1,1,NML,2,2025
1717.,B738,PKLZV,BTK,BTK6576,BTK6575,15/18:40,15/18:47,15/19:39,15/19:47,0:52:00,CGK,CGK,012,28,1,1,NML,2,2025
1718.,A320,PKGLT,CTV,CTV949,CTV494,15/18:54,15/19:02,15/19:38,15/19:45,0:36:00,BTH,BDJ,007,28,1,1,NML,2,2025
1719.,B738,PKBBG,SJY,SJY567,SJY562,15/21:56,15/22:04,15/22:35,15/22:47,0:31:00,UPG,UPG,011,28,1,1,NML,2,2025
1720.,B739,PKLGL,LNI,LNI692,LNI880,15/16:29,15/16:34,15/19:33,15/19:40,2:59:00,CGK,UPG,015,28,1,1,NML,2,2025
1721.,A320,PKPWK,PAS,PAS202,PAS203,15/18:48,15/18:55,15/19:40,15/19:50,0:45:00,CGK,CGK,005,28,1,1,NML,2,2025
1722.,B738,PKGMC,GIA,GIA326,GIA313,15/19:05,15/19:13,15/20:04,15/20:12,0:51:00,CGK,CGK,004,28,1,1,NML,2,2025
1723.,A320,PKGLY,CTV,CTV736,CTV352,15/19:21,15/19:28,15/20:06,15/20:14,0:38:00,CGK,UPG,008,28,1,1,NML,2,2025
1724.,A320,PKGQH,CTV,CTV435,CTV662,15/20:31,15/20:37,15/21:10,15/21:19,0:33:00,BPN,DPS,008,28,1,1,NML,2,2025
1725.,A320,PKGQU,CTV,CTV489,CTV719,15/21:31,15/21:37,15/22:18,15/22:28,0:41:00,BDJ,CGK,008,28,1,1,NML,2,2025
1726.,GL5T,MJGVJ,EJS,MJGVJ,MJGVJ,15/12:23,15/12:29,15/21:35,15/21:41,9:06:00,YIA,HLP,002,28,0,0,NML,2,2025
1727.,A320,PKGLR,CTV,CTV495,CTV354,15/20:43,15/20:49,15/21:26,15/21:35,0:37:00,BDJ,UPG,007,28,1,1,NML,2,2025
1728.,E135,PKTFS,IAT,PKTFS,PKTFS,15/14:49,15/14:52,15/21:58,15/22:03,7:06:00,TMC,HLP,001,28,0,0,NML,2,2025
1729.,A320,PKBLA,BTK,BTK6137,BTK6136,15/21:02,15/21:08,15/22:06,15/22:13,0:58:00,UPG,UPG,009,28,1,1,NML,2,2025
1730.,A320,PKLUQ,BTK,BTK6347,BTK6589,15/15:21,15/15:26,16/05:00,16/05:10,13:34:00,BEJ,CGK,022,28,0,0,NML,2,2025
1731.,B738,PKLSR,LNI,LNI865,LNI878,15/17:50,15/17:55,16/05:02,16/05:14,11:07:00,LOP,AMQ,016,28,1,1,NML,2,2025
1732.,A320,PKLZH,BTK,BTK7521,BTK7508,15/20:00,15/20:04,16/06:43,16/06:56,10:39:00,HLP,HLP,014,28,1,1,NML,2,2025
1733.,B739,PKLHI,LNI,LNI707,LNI266,15/14:42,15/14:46,16/04:55,16/05:07,14:09:00,UPG,BPN,021,28,0,0,NML,2,2025
1734.,A320,PKGQK,CTV,CTV726,CTV430,15/21:15,15/21:21,16/04:52,16/05:05,7:31:00,CGK,BPN,005,28,1,1,NML,2,2025
1735.,A320,PKAZG,AWQ,AWQ327,AWQ320,16/00:22,16/00:29,16/05:01,16/05:12,4:32:00,KUL,KUL,A03,28,1,1,NML,2,2025
1736.,A320,PKLUO,BTK,BTK6586,BTK6132,15/20:23,15/20:29,16/05:10,16/05:20,8:41:00,CGK,LOP,012,28,1,1,NML,2,2025
1737.,B738,PKLQZ,LNI,LNI749,LNI868,15/17:53,15/18:01,16/05:49,16/06:00,11:48:00,MDC,TTE,025,28,0,0,NML,2,2025
1738.,A320,PKSTA,SJV,SJV643,SJV640,15/15:24,15/15:30,16/06:06,16/06:18,14:36:00,AAP,AAP,020,28,0,0,NML,2,2025
1739.,B739,PKLVF,LNI,LNI690,LNI690,16/05:02,16/05:08,16/05:49,16/05:56,0:41:00,CGK,KOE,011,28,1,1,NML,2,2025
1740.,A320,PKGLV,CTV,CTV720,CTV725,15/22:44,15/22:52,16/05:49,16/05:58,6:57:00,CGK,CGK,007,28,1,1,NML,2,2025
1741.,A320,PKPWH,PAS,PAS212,PAS213,15/20:28,15/20:33,16/05:52,16/06:01,9:19:00,CGK,CGK,004,28,1,1,NML,2,2025
1742.,A320,PKGLR,CTV,CTV353,CTV484,16/05:08,16/05:14,16/05:54,16/06:04,0:40:00,UPG,BDJ,005,28,1,1,NML,2,2025
1743.,A320,PKSJG,SJV,SJV727,SJV706,15/22:10,15/22:17,16/06:08,16/06:13,7:51:00,DPS,DPS,015,28,1,1,NML,2,2025
1744.,A320,PKSAE,SJV,SJV633,SJV634,15/14:24,15/14:29,16/06:33,16/06:40,16:04:00,BDJ,BDJ,026,28,0,0,NML,2,2025
1745.,A320,PKSJA,SJV,SJV717,SJV566,16/05:50,16/05:56,16/07:04,16/07:15,1:08:00,LOP,PLW,012,28,1,1,NML,2,2025
1746.,A320,PKLUO,BTK,BTK6133,BTK6135,16/07:56,16/08:00,16/08:54,16/09:06,0:54:00,LOP,PKN,016,28,1,1,NML,2,2025
1747.,B739,PKLFO,LNI,LNI929,LNI971,16/07:12,16/07:16,16/08:23,16/08:34,1:07:00,DPS,BTH,012,28,1,1,NML,2,2025
1748.,B738,PKGMP,GIA,GIA855,GIA854,15/20:39,15/20:43,16/06:59,16/07:10,10:16:00,SIN,SIN,A02,28,1,1,NML,2,2025
1749.,B738,PKGFD,GIA,GIA349,GIA305,15/18:06,15/18:12,16/07:05,16/07:16,12:53:00,DPS,CGK,006,28,1,1,NML,2,2025
1750.,B739,PKLGU,LNI,LNI363,LNI646,16/06:16,16/06:21,16/07:14,16/07:24,0:53:43,BPN,LOP,016,28,1,1,NML,2,2025
1751.,A320,PKAZL,AWQ,AWQ325,AWQ392,15/20:17,15/20:21,16/07:33,16/07:43,11:12:00,KUL,JHB,A01,28,1,1,NML,2,2025
1752.,A320,PKGQH,CTV,CTV661,CTV460,16/06:49,16/06:58,16/07:32,16/07:45,0:34:00,DPS,AAP,007,28,1,1,NML,2,2025
1753.,B739,PKLSH,LNI,LNI693,LNI693,16/06:58,16/07:05,16/08:05,16/08:14,0:59:58,KOE,CGK,009,28,1,1,NML,2,2025
1754.,A333,BLAQ,CPA,CPA779,CPA780,15/18:28,15/18:34,16/08:08,16/08:21,13:34:00,HKG,HKG,A08,28,1,1,NML,2,2025
1755.,B739,PKLHQ,LNI,LNI6005,LNI882,16/07:46,16/07:54,16/08:59,16/09:10,1:05:00,YIA,UPG,014,28,1,1,NML,2,2025
1756.,B739,PKLGR,LNI,LNI267,LNI990,16/07:08,16/07:13,16/08:21,16/08:30,1:07:03,TRK,DPS,011,28,1,1,NML,2,2025
1757.,A320,PKLAO,BTK,BTK6572,BTK6573,16/07:40,16/07:47,16/08:43,16/08:54,0:56:00,CGK,CGK,008,28,1,1,NML,2,2025
1758.,DHC6,PKICP,PGT,PKICP,PKICP,15/11:10,15/11:12,16/07:10,16/07:20,19:58:00,PAG,PAG,028,28,0,0,NML,2,2025
1759.,A320,PKGQT,CTV,CTV355,CTV177,16/07:31,16/07:38,16/08:27,16/08:38,0:49:00,UPG,HLP,006,28,1,1,NML,2,2025
1760.,B429,PKJBE,JLT,PKJBE,PKJBE,16/08:08,16/08:12,16/08:48,16/08:59,0:36:00,BDJ,BWX,H05,28,0,0,NML,2,2025
1761.,A339,PKLET,LNI,LNI103,LNI078,15/18:36,15/18:41,16/08:40,16/08:56,13:59:00,JED,MED,A06,28,1,1,NML,2,2025
1762.,A320,PKSAA,SJV,SJV615,SJV618,15/20:36,15/20:43,16/09:07,16/09:15,12:24:00,BPN,BPN,018,28,0,0,NML,2,2025
1763.,B739,PKLGV,LNI,LNI315,LNI856,16/07:58,16/08:05,16/09:14,16/09:24,1:09:00,BDJ,PLM,015,28,1,1,NML,2,2025
1764.,A320,PKBKU,BTK,BTK6578,BTK6581,15/22:25,15/22:31,16/09:19,16/09:34,10:48:00,CGK,CGK,017,28,1,1,NML,2,2025
1765.,B738,PKLKQ,LNI,LNI837,LNI748,16/08:03,16/08:08,16/09:23,16/09:42,1:15:00,PNK,MDC,020,28,0,0,NML,2,2025
1766.,B739,PKLQS,LNI,LNI683,LNI682,16/08:06,16/08:11,16/09:18,16/09:30,1:07:00,PKY,PKY,009,28,1,1,NML,2,2025
1767.,B738,PKGFQ,GIA,GIA304,GIA342,16/08:11,16/08:19,16/09:17,16/09:28,0:58:00,CGK,DPS,004,28,1,1,NML,2,2025
1768.,A320,PKPWE,PAS,PAS200,PAS201,16/08:40,16/08:49,16/09:27,16/09:46,0:38:00,CGK,CGK,005,28,1,1,NML,2,2025
1769.,A320,PKGLR,CTV,CTV485,CTV486,16/08:32,16/08:38,16/09:20,16/09:26,0:42:00,BDJ,BDJ,006,28,1,1,NML,2,2025
1770.,A320,PKSJG,SJV,SJV703,SJV702,16/08:35,16/08:43,16/09:40,16/09:48,0:57:00,DPS,DPS,021,28,0,0,NML,2,2025
1771.,A320,9VTRO,TGW,TGW264,TGW265,16/09:31,16/09:35,16/10:38,16/10:56,1:03:00,SIN,SIN,A02,28,1,1,NML,2,2025
1772.,B738MAX,9MLRP,MXD,MXD352,MXD353,15/20:04,15/20:08,16/10:13,16/10:26,14:05:00,KUL,KUL,A04,28,1,1,NML,2,2025
1773.,A320,PKGLU,CTV,CTV170,CTV175,16/08:44,16/08:49,16/09:43,16/09:52,0:54:00,HLP,HLP,007,28,1,1,NML,2,2025
1774.,B738,9MMXF,MAS,MAS871,MAS870,16/09:08,16/09:11,16/09:59,16/10:11,0:48:00,KUL,KUL,A07,28,1,1,NML,2,2025
1775.,B735,PKNAS,LKN,LKN243,LKN242,16/09:03,16/09:08,16/09:50,16/10:00,0:42:00,SMQ,SMQ,011,28,1,1,NML,2,2025
1776.,B738MAX,9MLRQ,MXD,MXD350,MXD351,16/09:13,16/09:17,16/11:04,16/11:19,1:47:00,KUL,KUL,A03,28,1,1,NML,2,2025
1777.,A359,9VSHG,SIA,SIA922,SIA923,16/09:00,16/09:03,16/10:13,16/10:23,1:10:00,SIN,SIN,A08,28,1,1,NML,2,2025
1778.,A320,PKGQJ,CTV,CTV351,CTV350,16/09:36,16/09:42,16/10:24,16/10:31,0:42:00,UPG,UPG,006,28,1,1,NML,2,2025
1779.,A320,PKSJH,SJV,SJV635,SJV632,16/10:08,16/10:14,16/11:05,16/11:12,0:51:00,BDJ,BDJ,016,28,1,1,NML,2,2025
"1780.,B738,PKLOR,LNI,LNI6004,LNI6014,12/11:13,16/01:17,16/10:23,16/10:34,""3 days, 23:05:00"",SUB,SUB,024,28,0,0,NML,2,2025"
1781.,B739,PKLHI,LNI,LNI367,LNI262,16/09:22,16/09:28,16/10:27,16/10:39,0:59:43,BPN,BPN,012,28,1,1,NML,2,2025
1782.,B739,PKLGM,LNI,LNI791,LNI706,16/10:53,16/11:01,16/12:05,16/12:15,1:04:00,UPG,UPG,011,28,1,1,NML,2,2025
1783.,A320,PKPWH,PAS,PAS210,PAS211,16/09:39,16/09:45,16/10:27,16/10:34,0:42:25,CGK,CGK,005,28,1,1,NML,2,2025
1784.,B739,PKLHS,LNI,LNI970,LNI973,16/09:45,16/09:50,16/10:47,16/11:00,0:57:00,BTH,BTH,014,28,1,1,NML,2,2025
1785.,A320,PKLAY,BTK,BTK7513,BTK7516,16/10:03,16/10:10,16/11:02,16/11:09,0:52:00,HLP,HLP,009,28,1,1,NML,2,2025
1786.,B739,PKLGU,LNI,LNI645,LNI822,16/09:55,16/09:59,16/11:27,16/11:38,1:28:00,LOP,LOP,015,28,1,1,NML,2,2025
1787.,A320,PKAZG,AWQ,AWQ321,AWQ322,16/11:30,16/11:33,16/12:13,16/12:24,0:40:00,KUL,KUL,A01,28,1,1,NML,2,2025
1788.,B739,PKLSO,LNI,LNI694,LNI694,16/10:47,16/10:52,16/11:48,16/11:54,0:56:00,CGK,KOE,018,28,0,0,NML,2,2025
1789.,B739,PKLVF,LNI,LNI697,LNI697,16/10:21,16/10:25,16/11:34,16/11:42,1:08:24,KOE,CGK,017,28,1,1,NML,2,2025
1790.,B738,PKGUA,GIA,GIA322,GIA327,16/10:16,16/10:22,16/11:33,16/11:40,1:11:00,CGK,CGK,004,28,1,1,NML,2,2025
1791.,A320,PKBKV,BTK,BTK7517,BTK7520,16/10:50,16/10:57,16/11:42,16/11:51,0:45:00,HLP,HLP,008,28,1,1,NML,2,2025
1792.,B739,PKLGR,LNI,LNI805,LNI804,16/10:57,16/11:03,16/12:00,16/12:08,0:57:00,DPS,DPS,012,28,1,1,NML,2,2025
1793.,A320,PKGQH,CTV,CTV461,CTV698,16/11:17,16/11:26,16/12:01,16/12:12,0:35:00,AAP,DPS,006,28,1,1,NML,2,2025
1794.,A320,PKSJA,SJV,SJV567,SJV636,16/11:27,16/11:33,16/12:21,16/12:30,0:48:00,PLW,BDJ,014,28,1,1,NML,2,2025
1795.,B739,PKLSV,LNI,LNI801,LNI780,16/12:09,16/12:16,16/13:23,16/13:35,1:07:00,UPG,UPG,008,28,1,1,NML,2,2025
1796.,B735,PKNAT,LKN,LKN193,LKN192,16/12:26,16/12:34,16/13:26,16/13:38,0:52:00,PKN,PKN,012,28,1,1,NML,2,2025
1797.,A320,PKGLR,CTV,CTV487,CTV668,16/12:02,16/12:09,16/12:52,16/12:57,0:43:00,BDJ,DPS,007,28,1,1,NML,2,2025
1798.,B738,PKLQZ,LNI,LNI869,LNI581,16/12:06,16/12:12,16/13:15,16/13:24,1:03:00,TTE,CGK,009,28,1,1,NML,2,2025
1799.,A320,PKAZL,AWQ,AWQ393,AWQ324,16/12:39,16/12:42,16/13:25,16/13:42,0:43:00,JHB,KUL,A01,28,1,1,NML,2,2025
1800.,A320,9VJSY,JSA,JSA247,JSA248,16/15:12,16/15:15,16/16:03,16/16:14,0:48:00,SIN,SIN,A07,28,1,1,NML,2,2025
1801.,B738,PKLKV,LNI,LNI839,LNI836,16/13:58,16/14:03,16/15:38,16/15:47,1:35:00,PNK,PNK,016,28,1,1,NML,2,2025
1802.,A320,PKSJH,SJV,SJV633,SJV726,16/13:51,16/13:56,16/14:45,16/14:53,0:49:00,BDJ,LBJ,015,28,1,1,NML,2,2025
1803.,A320,PKGQR,CTV,CTV716,CTV717,16/13:29,16/13:35,16/14:16,16/14:24,0:41:00,CGK,CGK,007,28,1,1,NML,2,2025
1804.,A320,PKGQK,CTV,CTV431,CTV948,16/13:33,16/13:40,16/14:24,16/14:32,0:44:00,BPN,BTH,006,28,1,1,NML,2,2025
1805.,B739,PKLGV,LNI,LNI857,LNI910,16/13:36,16/13:41,16/14:35,16/14:44,0:54:00,PLM,DPS,014,28,1,1,NML,2,2025
1806.,A320,PKLZH,BTK,BTK7515,BTK7514,16/13:55,16/14:00,16/14:58,16/15:10,0:58:00,HLP,HLP,009,28,1,1,NML,2,2025
1807.,B738,PKGFV,GIA,GIA312,GIA317,16/13:40,16/13:47,16/15:01,16/15:17,1:14:00,CGK,CGK,004,28,1,1,NML,2,2025
1808.,B739,PKLGU,LNI,LNI823,LNI642,16/14:10,16/14:14,16/15:27,16/15:38,1:13:00,LOP,LOP,017,28,1,1,NML,2,2025
1809.,A320,PKPWK,PAS,PAS208,PAS209,16/14:13,16/14:22,16/15:09,16/15:24,0:47:00,CGK,CGK,005,28,1,1,NML,2,2025
1810.,A320,PKBLB,BTK,BTK6406,BTK6220,16/18:00,16/18:06,16/18:56,16/19:09,0:50:00,CGK,BPN,009,28,1,1,NML,2,2025
1811.,B738,PKGFW,GIA,GIA330,GIA331,16/14:34,16/14:40,16/15:34,16/15:45,0:54:00,HLP,HLP,006,28,1,1,NML,2,2025
1812.,B739,PKLGR,LNI,LNI919,LNI722,16/15:15,16/15:21,16/18:36,16/18:51,3:15:00,DPS,KDI,014,28,1,1,NML,2,2025
1813.,A320,PKGQH,CTV,CTV699,CTV434,16/15:08,16/15:13,16/15:54,16/16:01,0:41:00,DPS,BPN,005,28,1,1,NML,2,2025
1814.,A320,PKLAT,BTK,BTK6596,BTK7512,16/16:24,16/16:31,16/17:16,16/17:24,0:45:00,CGK,HLP,008,28,1,1,NML,2,2025
1815.,B738,9MMXD,MAS,MAS873,MAS872,16/14:51,16/14:55,16/15:53,16/16:07,0:58:00,KUL,KUL,A03,28,1,1,NML,2,2025
1816.,A320,PKSTA,SJV,SJV643,SJV672,16/14:56,16/15:01,16/16:20,16/16:28,1:19:00,AAP,BEJ,011,28,1,1,NML,2,2025
1817.,A320,PKBKV,BTK,BTK7501,BTK6401,16/15:43,16/15:50,16/16:45,16/16:58,0:55:00,HLP,CGK,009,28,1,1,NML,2,2025
1818.,B738,PKLGY,LNI,LNI707,LNI316,16/15:22,16/15:27,16/16:36,16/16:44,1:09:00,UPG,BDJ,015,28,1,1,NML,2,2025
1819.,A320,PKLUO,BTK,BTK6134,BTK6595,16/11:46,16/11:53,16/17:24,16/17:37,5:31:00,PKN,CGK,020,28,0,0,NML,2,2025
1820.,A320,PKSJA,SJV,SJV637,SJV614,16/15:19,16/15:26,16/18:54,16/19:05,3:28:00,BDJ,BPN,012,28,1,1,NML,2,2025
1821.,A320,PKGQT,CTV,CTV174,CTV715,16/15:32,16/15:39,16/16:22,16/16:33,0:43:00,HLP,CGK,007,28,1,1,NML,2,2025
1822.,B738,PKGUA,GIA,GIA310,GIA315,16/15:28,16/15:34,16/16:27,16/16:36,0:53:00,CGK,CGK,004,28,1,1,NML,2,2025
1823.,B739,PKLFW,LNI,LNI692,LNI692,16/16:31,16/16:36,16/17:23,16/17:36,0:47:00,CGK,KOE,016,28,1,1,NML,2,2025
1824.,B739,PKLSO,LNI,LNI695,LNI268,16/16:19,16/16:24,16/17:11,16/17:22,0:47:00,KOE,TRK,017,28,1,1,NML,2,2025
1825.,A320,PKPWJ,PAS,PAS206,PAS623,16/16:55,16/17:03,16/17:47,16/17:59,0:44:00,CGK,BPN,005,28,1,1,NML,2,2025
1826.,A339,PKLES,LNI,LNI075,LNI100,16/14:17,16/14:23,16/17:02,16/17:22,2:39:00,JED,JED,A06,28,1,1,NML,2,2025
1827.,B739,PKLGU,LNI,LNI865,LNI226,16/18:23,16/18:30,16/19:24,16/19:38,0:54:00,LOP,BDJ,016,28,1,1,NML,2,2025
1828.,A320,PKAZG,AWQ,AWQ323,AWQ326,16/18:03,16/18:08,16/18:49,16/19:03,0:41:00,KUL,KUL,A01,28,1,1,NML,2,2025
1829.,B738,PKLJS,LNI,LNI709,LNI838,16/17:39,16/17:45,16/18:42,16/18:58,0:57:00,UPG,PNK,011,28,1,1,NML,2,2025
1830.,A320,PKGQI,CTV,CTV669,CTV488,16/18:11,16/18:17,16/19:02,16/19:13,0:45:00,DPS,BDJ,008,28,1,1,NML,2,2025
1831.,A320,PKPWH,PAS,PAS622,PAS207,16/17:48,16/17:55,16/18:39,16/18:54,0:44:00,BPN,CGK,006,28,1,1,NML,2,2025
1832.,A320,PKSJG,SJV,SJV723,SJV708,16/20:18,16/20:23,16/21:12,16/21:20,0:49:34,DPS,DPS,014,28,1,1,NML,2,2025
1833.,B738,PKGMM,GIA,GIA320,GIA325,16/17:46,16/17:51,16/18:44,16/19:03,0:53:00,CGK,CGK,004,28,1,1,NML,2,2025
1834.,B738MAX,9VMBE,SIA,SIA928,SIA929,16/17:52,16/17:55,16/18:53,16/19:11,0:58:00,SIN,SIN,A07,28,1,1,NML,2,2025
1835.,A320,PKLAY,BTK,BTK7503,BTK7502,16/19:25,16/19:33,16/20:14,16/20:22,0:41:47,HLP,HLP,009,28,1,1,NML,2,2025
1836.,A320,PKGQE,CTV,CTV949,CTV494,16/18:56,16/19:03,16/19:37,16/19:45,0:34:00,BTH,BDJ,007,28,1,1,NML,2,2025
1837.,B738,PKLZV,BTK,BTK6576,BTK6575,16/19:22,16/19:27,16/20:26,16/20:34,0:59:28,CGK,CGK,012,28,1,1,NML,2,2025
1838.,B738,PKBBG,SJY,SJY567,SJY562,16/18:52,16/18:58,16/19:36,16/19:47,0:38:00,UPG,UPG,011,28,1,1,NML,2,2025
1839.,B788,9VOFH,TGW,TGW262,TGW263,16/18:48,16/18:52,16/19:53,16/20:07,1:01:00,SIN,SIN,A06,28,1,1,NML,2,2025
1840.,A320,PKLAT,BTK,BTK7519,BTK7518,16/20:28,16/20:34,16/21:18,16/21:27,0:43:30,HLP,HLP,011,28,1,1,NML,2,2025
1841.,B739,PKLSR,LNI,LNI879,LNI880,16/15:36,16/15:41,16/19:51,16/20:03,4:10:00,AMQ,UPG,018,28,0,0,NML,2,2025
1842.,B739,PKLGV,LNI,LNI923,LNI920,16/17:17,16/17:23,16/18:28,16/18:38,1:05:00,DPS,DPS,015,28,1,1,NML,2,2025
1843.,A320,PKPWK,PAS,PAS202,PAS203,16/18:59,16/19:06,16/19:49,16/20:01,0:43:00,CGK,CGK,004,28,1,1,NML,2,2025
1844.,A320,PKGLS,CTV,CTV736,CTV352,16/19:17,16/19:24,16/20:02,16/20:10,0:38:00,CGK,UPG,006,28,1,1,NML,2,2025
1845.,A320,PKGQH,CTV,CTV435,CTV662,16/19:07,16/19:13,16/19:57,16/20:05,0:44:00,BPN,DPS,008,28,1,1,NML,2,2025
1846.,,,MYU,-,MYU815,--:--,--:--,--:--,--:--,None,-,CGK,None,-,-1,-,NML,2,2025
1847.,B738,PKGMA,GIA,GIA324,GIA329,16/20:12,16/20:17,16/21:11,16/21:19,0:54:03,CGK,CGK,004,28,1,1,NML,2,2025
1848.,A320,PKGQI,CTV,CTV495,CTV354,16/21:56,16/22:02,16/22:41,16/22:51,0:39:14,BDJ,UPG,008,28,1,1,NML,2,2025
1849.,A320,PKLUF,BTK,BTK6586,BTK6136,16/21:43,16/21:50,16/23:01,16/23:10,1:11:20,CGK,UPG,012,28,1,1,NML,2,2025
1850.,A320,PKGTD,CTV,CTV489,CTV719,16/22:04,16/22:10,16/22:49,16/23:00,0:39:00,BDJ,CGK,009,28,1,1,NML,2,2025
1851.,A320,PKSTA,SJV,SJV673,SJV610,16/20:39,16/20:44,17/04:53,17/05:05,8:09:29,BEJ,BPN,022,28,0,0,NML,2,2025
1852.,A320,PKGLX,CTV,CTV726,CTV430,16/21:22,16/21:29,17/04:50,17/05:01,7:21:00,CGK,BPN,007,28,1,1,NML,2,2025
1853.,A320,PKBLB,BTK,BTK6221,BTK7508,16/22:31,16/22:36,17/04:56,17/05:10,6:20:00,BPN,HLP,014,28,1,1,NML,2,2025
1854.,A320,PKAZL,AWQ,AWQ325,AWQ320,16/19:35,16/19:39,17/05:00,17/05:12,9:21:00,KUL,KUL,A01,28,1,1,NML,2,2025
1855.,A320,PKGLP,CTV,CTV720,CTV725,16/22:07,16/22:15,17/05:42,17/05:52,7:27:00,CGK,CGK,004,28,1,1,NML,2,2025
1856.,A320,V8RBB,RBA,RBA795,RBA796,16/20:31,16/20:34,17/05:50,17/06:03,9:16:00,BWN,BWN,A07,28,1,1,NML,2,2025
1857.,A320,PKPWI,PAS,PAS212,PAS213,16/20:56,16/21:02,17/05:59,17/06:10,8:57:50,CGK,CGK,006,28,1,1,NML,2,2025
"1858.,A320,PKLUJ,BTK,BTK6221,BTK6589,14/18:49,16/23:11,17/06:08,17/06:17,""2 days, 11:15:00"",BPN,CGK,012,28,1,0,NML,2,2025"
1859.,A320,PKSJG,SJV,SJV727,SJV706,16/23:39,16/23:46,17/05:59,17/06:13,6:13:00,DPS,DPS,008,28,1,1,NML,2,2025
1860.,A320,PKGLR,CTV,CTV353,CTV484,17/05:07,17/05:15,17/05:54,17/06:08,0:39:54,UPG,BDJ,007,28,1,1,NML,2,2025
1861.,B739,PKLGR,LNI,LNI727,LNI882,16/22:46,16/22:53,17/06:10,17/06:18,7:17:00,KDI,UPG,011,28,1,1,NML,2,2025
1862.,A320,PKSJA,SJV,SJV617,SJV640,16/22:26,16/22:32,17/06:04,17/06:14,7:32:00,BPN,AAP,016,28,1,1,NML,2,2025
1863.,A320,PKBKY,BTK,BTK6413,BTK6412,16/19:58,16/20:04,17/06:24,17/06:34,10:20:00,DPS,DPS,017,28,1,1,NML,2,2025
1864.,A320,PKLAJ,BTK,BTK6370,BTK6597,17/06:01,17/06:08,17/06:58,17/07:07,0:50:00,CGK,CGK,016,28,1,1,NML,2,2025
1865.,A320,PKSJH,SJV,SJV725,SJV566,16/18:45,16/18:50,17/07:00,17/07:19,12:10:00,LBJ,PLW,025,28,0,0,NML,2,2025
1866.,B739,PKLHL,LNI,LNI311,LNI971,17/06:06,17/06:12,17/07:04,17/07:21,0:52:00,BDJ,BTH,014,28,1,1,NML,2,2025
1867.,A320,PKLAT,BTK,BTK7521,BTK6135,17/00:23,17/00:29,17/06:58,17/07:15,6:29:00,HLP,PKN,009,28,1,1,NML,2,2025
1868.,B738,PKGMP,GIA,GIA855,GIA305,16/20:50,16/23:14,17/07:01,17/07:17,10:08:00,SIN,CGK,005,28,1,1,NML,2,2025
1869.,B738,PKGFQ,GIA,GIA349,GIA854,16/17:56,16/22:45,17/06:55,17/07:14,12:53:00,DPS,SIN,A02,28,1,1,NML,2,2025
1870.,B739,PKLHI,LNI,LNI363,LNI878,17/06:31,17/06:37,17/07:24,17/07:32,0:47:00,BPN,AMQ,012,28,1,1,NML,2,2025
1871.,B739,PKLFO,LNI,LNI972,LNI646,16/17:33,16/17:40,17/07:34,17/07:48,13:54:00,BTH,LOP,026,28,0,0,NML,2,2025
1872.,A320,PKLAQ,BTK,BTK7511,BTK7510,17/06:42,17/06:47,17/07:31,17/07:37,0:44:00,HLP,HLP,011,28,1,1,NML,2,2025
1873.,B429,PKJBE,JLT,PKJBE,PKJBE,16/16:32,16/16:35,17/07:39,17/07:41,15:04:00,BWX,BDJ,H05,28,0,0,NML,2,2025
1874.,A320,PKAZG,AWQ,AWQ327,AWQ392,17/00:34,17/00:38,17/07:37,17/07:50,6:59:00,KUL,JHB,A03,28,1,1,NML,2,2025
1875.,A320,PKGQH,CTV,CTV661,CTV460,17/06:48,17/06:55,17/07:38,17/07:45,0:43:00,DPS,AAP,006,28,1,1,NML,2,2025
1876.,B739,PKLFW,LNI,LNI693,LNI693,17/06:54,17/07:01,17/08:02,17/08:11,1:01:00,KOE,CGK,008,28,1,1,NML,2,2025
"1877.,C208,PKVVO,SUS,PKVVO,SUS6197,14/08:57,14/09:00,17/08:21,17/08:26,""2 days, 23:21:00"",BXW,BXW,029,28,0,0,NML,2,2025"
1878.,A333,BLAF,CPA,CPA779,CPA780,16/18:14,16/18:18,17/08:04,17/08:19,13:46:00,HKG,HKG,A08,28,1,1,NML,2,2025
1879.,A320,PKGQI,CTV,CTV355,CTV177,17/07:29,17/07:36,17/08:22,17/08:29,0:46:00,UPG,HLP,007,28,1,1,NML,2,2025
1880.,A320,PKSJC,SJV,SJV619,SJV634,16/20:43,16/20:48,17/08:26,17/08:34,11:37:22,BPN,BDJ,018,28,0,0,NML,2,2025
1881.,B738,PKLKQ,LNI,LNI749,LNI748,16/20:26,16/20:30,17/09:06,17/09:19,12:35:40,MDC,MDC,020,28,0,0,NML,2,2025
1882.,B739,PKLQS,LNI,LNI683,LNI682,17/08:15,17/08:19,17/09:11,17/09:20,0:52:00,PKY,PKY,009,28,1,1,NML,2,2025
1883.,B738,PKGFI,GIA,GIA304,GIA342,17/08:16,17/08:25,17/09:20,17/09:29,0:55:00,CGK,DPS,004,28,1,1,NML,2,2025
1884.,A320,PKPWE,PAS,PAS200,PAS201,17/08:22,17/08:27,17/09:14,17/09:22,0:47:00,CGK,CGK,005,28,1,1,NML,2,2025
1885.,A320,PKGLR,CTV,CTV485,CTV486,17/08:44,17/08:49,17/09:22,17/09:30,0:33:00,BDJ,BDJ,006,28,1,1,NML,2,2025
1886.,A320,PKSJG,SJV,SJV703,SJV702,17/08:32,17/08:37,17/09:30,17/09:41,0:53:00,DPS,DPS,016,10,1,1,NML,2,2025
1887.,A320,PKSTA,SJV,SJV611,SJV618,17/08:39,17/08:45,17/09:35,17/09:45,0:50:00,BPN,BPN,017,10,1,1,NML,2,2025
1888.,A320,9VTRP,TGW,TGW264,TGW265,17/09:04,17/09:08,17/10:00,17/10:15,0:52:00,SIN,SIN,A02,10,1,1,NML,2,2025
1889.,B738,9MMLO,MAS,MAS871,MAS870,17/09:12,17/09:17,17/10:10,17/10:21,0:53:00,KUL,KUL,A01,10,1,1,NML,2,2025
1890.,B735,PKNAS,LKN,LKN243,LKN242,17/09:08,17/09:13,17/09:48,17/10:00,0:35:00,SMQ,SMQ,011,10,1,1,NML,2,2025
1891.,B738,PKLZM,MXD,MXD350,MXD351,17/08:51,17/08:55,17/10:04,17/10:13,1:09:00,KUL,KUL,A03,10,1,1,NML,2,2025
1892.,A359,9VSHL,SIA,SIA922,SIA923,17/09:16,17/09:19,17/11:02,17/11:14,1:43:00,SIN,SIN,A08,10,1,1,NML,2,2025
1893.,A320,PKGQL,CTV,CTV351,CTV350,17/09:32,17/09:39,17/10:22,17/10:34,0:43:00,UPG,UPG,007,10,1,1,NML,2,2025
1894.,B739,PKLGR,LNI,LNI791,LNI706,17/10:16,17/10:20,17/11:20,17/11:32,1:00:00,UPG,UPG,018,10,0,0,NML,2,2025
1895.,B739,PKLHS,LNI,LNI970,LNI973,17/09:49,17/09:54,17/10:44,17/10:53,0:50:00,BTH,BTH,017,10,1,1,NML,2,2025
1896.,A320,PKLAF,BTK,BTK7513,BTK7516,17/10:00,17/10:04,17/10:49,17/11:01,0:45:00,HLP,HLP,009,10,1,1,NML,2,2025
1897.,A320,PKLAT,BTK,BTK6134,BTK6581,17/09:57,17/10:01,17/12:48,17/12:55,2:47:00,PKN,CGK,020,10,0,0,NML,2,2025
1898.,A320,PKSJA,SJV,SJV641,SJV642,17/09:53,17/09:56,17/10:52,17/11:03,0:56:00,AAP,AAP,011,10,1,1,NML,2,2025
1899.,B739,PKLFO,LNI,LNI645,LNI822,17/10:36,17/10:39,17/11:45,17/11:59,1:06:00,LOP,LOP,012,10,1,1,NML,2,2025
1900.,A320,PKBKU,BTK,BTK6137,BTK6581A,16/21:39,16/21:45,17/11:12,17/11:12,13:27:00,UPG,CGK,015,10,1,1,NML,2,2025
1901.,B739,PKLGY,LNI,LNI315,LNI262,17/10:03,17/10:07,17/11:35,17/11:46,1:28:00,BDJ,BPN,014,10,1,1,NML,2,2025
1902.,B739,PKLSO,LNI,LNI267,LNI694,17/07:11,17/07:17,17/11:02,17/11:17,3:45:00,TRK,KOE,025,10,0,0,NML,2,2025
1903.,A320,PKAZL,AWQ,AWQ321,AWQ322,17/10:57,17/11:02,17/11:47,17/11:56,0:45:00,KUL,KUL,A01,10,1,1,NML,2,2025
1904.,B738MAX,9MLRF,MXD,MXD352,MXD353,16/22:01,16/22:05,17/11:29,17/11:39,13:24:00,KUL,KUL,A04,10,1,1,NML,2,2025
1905.,B739,PKLVF,LNI,LNI690,LNI697,17/05:03,17/05:08,17/11:35,17/11:44,6:27:00,CGK,CGK,022,10,0,0,NML,2,2025
1906.,A320,PKLAQ,BTK,BTK7517,BTK7520,17/10:41,17/10:45,17/11:44,17/11:54,0:59:00,HLP,HLP,008,10,1,1,NML,2,2025
1907.,B738,PKGUF,GIA,GIA322,GIA327,17/10:11,17/10:15,17/11:40,17/11:52,1:25:00,CGK,CGK,004,10,1,1,NML,2,2025
1908.,B739,PKLGM,LNI,LNI694,LNI804,17/12:43,17/12:46,17/13:40,17/13:51,0:54:00,CGK,DPS,011,10,1,1,NML,2,2025
1909.,A320,PKGQH,CTV,CTV461,CTV698,17/11:24,17/11:29,17/12:06,17/12:19,0:37:00,AAP,DPS,006,10,1,1,NML,2,2025
1910.,A320,PKSJC,SJV,SJV635,SJV632,17/11:28,17/11:31,17/12:25,17/12:36,0:54:00,BDJ,BDJ,011,10,1,1,NML,2,2025
1911.,B738,PKLJS,LNI,LNI837,LNI680,17/08:08,17/08:14,17/13:50,17/14:00,5:36:00,PNK,PKY,026,10,0,0,NML,2,2025
1912.,A339,PKLEV,LNI,LNI107,LNI104,16/15:39,17/07:58,17/12:13,17/12:27,20:31:00,JED,JED,A06,10,1,1,NML,2,2025
1913.,B739,PKLSP,LNI,LNI801,LNI780,17/11:48,17/11:53,17/13:48,17/13:57,1:55:00,UPG,UPG,009,10,1,1,NML,2,2025
1914.,A320,PKSJH,SJV,SJV567,SJV636,17/11:36,17/11:41,17/12:34,17/12:45,0:53:00,PLW,BDJ,016,10,1,1,NML,2,2025
1915.,A320,PKBKL,BTK,BTK6582,BTK6585,17/15:16,17/15:22,17/16:14,17/16:21,0:52:00,CGK,CGK,008,28,1,1,NML,2,2025
1916.,A339,PKLET,LNI,LNI079,LNI074,17/09:47,17/09:54,17/12:41,17/12:52,2:47:00,JED,MED,A07,10,1,1,NML,2,2025
1917.,A320,PKGLR,CTV,CTV487,CTV668,17/12:07,17/12:11,17/12:49,17/13:01,0:38:00,BDJ,DPS,007,10,1,1,NML,2,2025
1918.,A320,PKAZG,AWQ,AWQ393,AWQ324,17/12:47,17/12:53,17/13:36,17/13:50,0:43:00,JHB,KUL,A01,10,1,1,NML,2,2025
1919.,A320,PKPWM,PAS,PAS204,PAS205,17/12:10,17/12:13,17/13:27,17/13:40,1:14:47,CGK,CGK,005,10,1,1,NML,2,2025
1920.,B738,PKLKV,LNI,LNI839,LNI836,17/12:59,17/13:02,17/14:00,17/14:08,0:58:08,PNK,PNK,017,10,1,1,NML,2,2025
1921.,B738,PKGNH,GIA,GIA312,GIA317,17/13:54,17/14:04,17/15:00,17/15:11,0:56:00,CGK,CGK,004,28,1,1,NML,2,2025
1922.,A320,PKGLX,CTV,CTV431,CTV948,17/13:33,17/13:37,17/14:22,17/14:30,0:45:00,BPN,BTH,006,10,1,1,NML,2,2025
1923.,B739,PKLFO,LNI,LNI823,LNI910,17/15:09,17/15:16,17/16:21,17/16:32,1:05:00,LOP,DPS,016,28,1,1,NML,2,2025
1924.,A320,PKBLB,BTK,BTK7515,BTK7514,17/13:47,17/13:53,17/14:50,17/15:00,0:57:00,HLP,HLP,012,28,1,1,NML,2,2025
1925.,A320NEO,PKGLV,CTV,CTV716,CTV717,17/14:27,17/14:33,17/15:17,17/15:29,0:44:00,CGK,CGK,007,28,1,1,NML,2,2025
1926.,B739,PKLGR,LNI,LNI707,LNI722,17/14:48,17/14:54,17/15:51,17/15:59,0:57:00,UPG,KDI,011,28,1,1,NML,2,2025
1927.,A320,PKLAW,BTK,BTK6578,BTK6220,16/23:43,16/23:49,17/15:41,17/15:56,15:51:16,CGK,BPN,021,28,0,0,NML,2,2025
1928.,B738,PKGFW,GIA,GIA330,GIA331,17/14:36,17/14:43,17/15:35,17/15:41,0:52:00,HLP,HLP,005,28,1,1,NML,2,2025
1929.,A320,9VJSX,JSA,JSA247,JSA248,17/14:57,17/15:01,17/15:50,17/16:02,0:49:00,SIN,SIN,A07,28,1,1,NML,2,2025
1930.,A320,PKLAQ,BTK,BTK7501,BTK7512,17/15:44,17/15:50,17/17:13,17/17:20,1:23:00,HLP,HLP,012,28,1,1,NML,2,2025
1931.,A320,PKGTE,CTV,CTV699,CTV434,17/15:02,17/15:09,17/15:46,17/15:57,0:37:00,DPS,BPN,006,28,1,1,NML,2,2025
1932.,B738,PKLKQ,LNI,LNI749,LNI581,17/14:55,17/15:02,17/16:17,17/16:26,1:15:00,MDC,CGK,014,28,1,1,NML,2,2025
1933.,A320,PKLAJ,BTK,BTK6406,BTK6401,17/15:05,17/15:11,17/16:02,17/16:11,0:51:00,CGK,CGK,009,28,1,1,NML,2,2025
1934.,A320,PKSJC,SJV,SJV633,SJV672,17/15:20,17/15:25,17/16:56,17/17:07,1:31:00,BDJ,BEJ,017,28,1,1,NML,2,2025
1935.,B739,PKLGL,LNI,LNI919,LNI642,17/14:52,17/14:58,17/16:27,17/16:36,1:28:10,DPS,LOP,015,28,1,1,NML,2,2025
"1936.,B738,PKLOP,LNI,LNI748A,LNI316,15/09:57,15/10:03,17/16:23,17/16:34,""2 days, 6:20:00"",SUB,BDJ,023,28,0,0,NML,2,2025"
1937.,A320,PKGQI,CTV,CTV174,CTV715,17/15:27,17/15:33,17/16:19,17/16:27,0:46:00,HLP,CGK,007,28,1,1,NML,2,2025
1938.,B738MAX,9VMBN,SIA,SIA926,SIA927,17/15:52,17/15:56,17/16:45,17/16:57,0:49:00,SIN,SIN,A08,28,1,1,NML,2,2025
1939.,B738,PKGFX,GIA,GIA310,GIA315,17/15:39,17/15:46,17/16:37,17/16:49,0:51:00,CGK,CGK,004,28,1,1,NML,2,2025
1940.,B738,PKLJS,LNI,LNI681,LNI838,17/16:54,17/17:01,17/17:58,17/18:06,0:57:00,PKY,PNK,014,28,1,1,NML,2,2025
1941.,B739,PKLSO,LNI,LNI695,LNI268,17/15:34,17/15:38,17/16:41,17/16:52,1:03:00,KOE,TRK,018,28,0,0,NML,2,2025
1942.,B739,PKLHQ,LNI,LNI692,LNI692,17/17:05,17/17:11,17/18:02,17/18:13,0:51:00,CGK,KOE,015,28,1,1,NML,2,2025
1943.,A320,PKPWI,PAS,PAS206,PAS623,17/16:06,17/16:12,17/16:52,17/17:04,0:40:00,CGK,BPN,005,28,1,1,NML,2,2025
"1944.,B733F,PKMYV,MYU,MYU935,MYU934,16/12:36,16/12:40,17/17:01,17/17:11,""1 day, 4:21:00"",SRG,QPG,C02,28,0,0,NML,2,2025"
1945.,A320,PKBLA,BTK,BTK6578,BTK7579,17/18:44,17/18:51,17/19:40,17/19:52,0:49:00,CGK,CGK,009,28,1,1,NML,2,2025
1946.,A320,PKAZL,AWQ,AWQ323,AWQ326,17/17:52,17/17:55,17/18:33,17/18:47,0:38:00,KUL,KUL,A01,28,1,1,NML,2,2025
1947.,A320,PKGTK,CTV,CTV669,CTV488,17/16:50,17/16:57,17/17:35,17/17:46,0:38:00,DPS,BDJ,006,28,1,1,NML,2,2025
1948.,B739,PKLHI,LNI,LNI879,LNI920,17/17:01,17/17:06,17/18:02,17/18:11,0:56:00,AMQ,DPS,016,28,1,1,NML,2,2025
1949.,A320,PKGLS,CTV,CTV718,CTV711,17/17:30,17/17:37,17/18:10,17/18:21,0:33:00,CGK,CGK,007,28,1,1,NML,2,2025
1950.,A320,PKPWA,PAS,PAS622,PAS207,17/17:25,17/17:31,17/18:26,17/18:34,0:55:00,BPN,CGK,005,28,1,1,NML,2,2025
1951.,B738,PKGMA,GIA,GIA320,GIA325,17/17:48,17/17:53,17/18:42,17/18:52,0:49:00,CGK,CGK,004,28,1,1,NML,2,2025
1952.,A320,PKLUR,BTK,BTK7503,BTK7502,17/18:23,17/18:30,17/19:15,17/19:25,0:45:00,HLP,HLP,011,28,1,1,NML,2,2025
1953.,B738MAX,9VMBH,SIA,SIA928,SIA929,17/19:12,17/19:15,17/20:09,17/20:25,0:53:50,SIN,SIN,A07,28,1,1,NML,2,2025
1954.,A339,PKLES,LNI,LNI075,LNI106,17/17:47,17/17:50,17/20:00,17/20:05,2:10:00,JED,JED,A06,28,1,1,NML,2,2025
1955.,B738,PKBBG,SJY,SJY567,SJY562,17/18:39,17/18:46,17/19:28,17/19:39,0:42:00,UPG,UPG,012,28,1,1,NML,2,2025
1956.,B739,PKLHL,LNI,LNI972,LNI880,17/16:30,17/16:35,17/20:21,17/20:29,3:46:00,BTH,UPG,020,28,0,0,NML,2,2025
1957.,A320,PKBLB,BTK,BTK7519,BTK7518,17/18:48,17/18:54,17/19:45,17/19:57,0:51:00,HLP,HLP,014,28,1,1,NML,2,2025
1958.,A320,PKPWK,PAS,PAS202,PAS203,17/19:02,17/19:11,17/19:53,17/20:01,0:41:58,CGK,CGK,005,28,1,1,NML,2,2025
1959.,B738,PKGFI,GIA,GIA349,GIA313,17/17:57,17/18:04,17/20:04,17/20:11,2:00:00,DPS,CGK,006,28,1,1,NML,2,2025
1960.,A320,PKGQM,CTV,CTV736,CTV352,17/19:55,17/20:02,17/20:45,17/20:54,0:43:00,CGK,UPG,009,28,1,1,NML,2,2025
1961.,A320,PKGQR,CTV,CTV435,CTV662,17/19:22,17/19:29,17/20:08,17/20:18,0:39:00,BPN,DPS,007,28,1,1,NML,2,2025
1962.,A320,PKGQU,CTV,CTV949,CTV494,17/19:29,17/19:36,17/20:23,17/20:34,0:47:00,BTH,BDJ,008,28,1,1,NML,2,2025
1963.,B738,PKLZV,BTK,BTK6588,BTK6587,17/20:13,17/20:19,17/21:06,17/21:16,0:47:00,CGK,CGK,014,28,1,1,NML,2,2025
1964.,A320,PKGTK,CTV,CTV495,CTV354,17/20:06,17/20:12,17/20:50,17/21:00,0:38:00,BDJ,UPG,005,28,1,1,NML,2,2025
1965.,A320,PKGQS,CTV,CTV489,CTV719,17/21:52,17/21:58,17/22:35,17/22:44,0:37:00,BDJ,CGK,008,28,1,1,NML,2,2025
1966.,A320,PKLUK,BTK,BTK7521,BTK7508,17/20:31,17/20:37,18/04:56,18/05:04,8:19:00,HLP,HLP,020,28,0,0,NML,2,2025
1967.,A320,PKGQL,CTV,CTV726,CTV430,17/21:18,17/21:25,18/04:57,18/05:06,7:32:00,CGK,BPN,006,28,1,1,NML,2,2025
1968.,A320,PKSJU,SJV,SJV727,SJV610,17/20:58,17/21:04,18/05:02,18/05:14,7:58:00,DPS,BPN,016,28,1,1,NML,2,2025
1969.,B738,PKLOJ,LNI,LNI883,LNI878,17/23:26,17/23:32,18/04:52,18/05:02,5:20:00,UPG,AMQ,012,28,1,1,NML,2,2025
1970.,A320,PKAZG,AWQ,AWQ325,AWQ320,17/19:49,17/19:52,18/05:01,18/05:15,9:09:00,KUL,KUL,A01,28,1,1,NML,2,2025
1971.,A320,PKGLG,CTV,CTV720,CTV725,17/22:07,17/22:14,18/05:50,18/06:00,7:35:59,CGK,CGK,005,28,1,1,NML,2,2025
1972.,A320,V8RBD,RBA,RBA795,RBA796,17/20:16,17/20:20,18/05:46,18/05:54,9:26:00,BWN,BWN,A06,28,1,1,NML,2,2025
1973.,A320,PKPWF,PAS,PAS212,PAS213,17/20:27,17/20:34,18/05:55,18/06:03,9:21:00,CGK,CGK,007,28,1,1,NML,2,2025
1974.,A320,PKSJH,SJV,SJV637,SJV706,17/15:37,17/15:42,18/05:57,18/06:08,14:15:00,BDJ,DPS,025,28,0,0,NML,2,2025
1975.,A320,PKGLT,CTV,CTV353,CTV484,18/05:12,18/05:21,18/06:04,18/06:14,0:43:00,UPG,BDJ,006,28,1,1,NML,2,2025
1976.,B739,PKLFO,LNI,LNI923,LNI882,17/19:35,17/19:40,18/05:57,18/06:10,10:17:00,DPS,UPG,017,28,1,1,NML,2,2025
1977.,A320,PKAZL,AWQ,AWQ327,AWQ386,18/00:11,18/00:14,18/06:09,18/06:20,5:55:00,KUL,PEN,A03,28,1,1,NML,2,2025
1978.,A320,PKSTR,SJV,SJV619,SJV640,17/16:47,17/16:52,18/06:01,18/06:12,13:09:00,BPN,AAP,021,28,0,0,NML,2,2025
1979.,A320,PKSJA,SJV,SJV643,SJV634,17/15:13,17/15:20,18/06:33,18/06:43,15:13:00,AAP,BDJ,026,28,0,0,NML,2,2025
1980.,B738MAX,PKOFM,AFE,AFE921,AFE921,18/05:50,18/05:54,18/06:49,18/06:55,0:55:38,CGK,TIM,008,28,1,1,NML,2,2025
1981.,A320,PKBKF,BTK,BTK6370,BTK6597,18/06:06,18/06:12,18/07:09,18/07:21,0:57:00,CGK,CGK,014,28,1,1,NML,2,2025
1982.,C208,PKVVO,SUS,PKVVO,SUS6197,17/10:18,17/10:21,18/07:13,18/07:19,20:52:00,BXW,BXW,029,28,0,0,NML,2,2025
1983.,B739,PKLGL,LNI,LNI865,LNI971,17/18:58,17/19:03,18/06:54,18/07:04,11:51:00,LOP,BTH,023,28,0,0,NML,2,2025
1984.,A320,PKLAW,BTK,BTK6221,BTK6135,17/19:16,17/19:21,18/07:01,18/07:11,11:40:00,BPN,PKN,C05,28,0,0,NML,2,2025
1985.,B738,PKGFQ,GIA,GIA855,GIA854,17/20:50,17/20:54,18/06:52,18/07:06,9:58:00,SIN,SIN,A02,28,1,1,NML,2,2025
1986.,B738,PKGFM,GIA,GIA328,GIA305,17/20:23,17/20:31,18/07:02,18/07:13,10:31:00,CGK,CGK,004,28,1,1,NML,2,2025
1987.,B739,PKLGO,LNI,LNI363,LNI646,18/06:24,18/06:30,18/07:20,18/07:28,0:50:00,BPN,LOP,015,28,1,1,NML,2,2025
1988.,A320,PKBLB,BTK,BTK7511,BTK7510,18/06:41,18/06:46,18/07:28,18/07:40,0:42:34,HLP,HLP,007,28,1,1,NML,2,2025
1989.,E135,T7JCI,AFS,T7JCI,T7JCI,18/06:27,18/06:30,18/07:12,18/07:18,0:42:29,CGK,CGK,A09,28,0,0,NML,2,2025
1990.,A320,PKGTE,CTV,CTV661,CTV460,18/06:36,18/06:44,18/07:39,18/07:48,0:55:20,DPS,AAP,006,28,1,1,NML,2,2025
1991.,B739,PKLHQ,LNI,LNI693,LNI693,18/06:59,18/07:04,18/07:56,18/08:07,0:52:35,KOE,CGK,011,28,1,1,NML,2,2025
1992.,B739,PKLGS,LNI,LNI929,LNI982,18/06:53,18/06:58,18/07:51,18/08:01,0:53:59,DPS,PKU,012,28,1,1,NML,2,2025
1993.,A333,BLBI,CPA,CPA779,CPA780,17/18:18,17/18:23,18/08:08,18/08:22,13:45:00,HKG,HKG,A08,28,1,1,NML,2,2025
1994.,B739,PKLSO,LNI,LNI267,LNI990,18/07:09,18/07:16,18/08:22,18/08:32,1:06:21,TRK,DPS,014,28,1,1,NML,2,2025
1995.,A320,PKGLS,CTV,CTV355,CTV177,18/07:38,18/07:44,18/08:31,18/08:40,0:47:00,UPG,HLP,008,28,1,1,NML,2,2025
1996.,B738,PKLZZ,MXD,MXD352,MXD353,17/19:41,17/19:45,18/08:54,18/09:08,13:09:00,KUL,KUL,A04,28,1,1,NML,2,2025
1997.,A320,PKSJD,SJV,SJV649,SJV618,18/07:44,18/07:49,18/08:53,18/09:05,1:04:00,BPN,BPN,016,28,1,1,NML,2,2025
1998.,A320,PKBKV,BTK,BTK6586,BTK6581,17/23:30,17/23:36,18/08:59,18/09:14,9:23:00,CGK,CGK,009,28,1,1,NML,2,2025
1999.,B738,PKLKQ,LNI,LNI837,LNI748,18/08:24,18/08:29,18/09:46,18/09:55,1:17:00,PNK,MDC,012,28,1,1,NML,2,2025
2000.,B739,PKLGR,LNI,LNI727,LNI682,17/20:03,17/20:08,18/10:11,18/10:27,14:03:00,KDI,PKY,018,10,0,0,NML,2,2025
2001.,B738,PKGUG,GIA,GIA304,GIA342,18/08:05,18/08:11,18/09:14,18/09:24,1:03:00,CGK,DPS,004,28,1,1,NML,2,2025
2002.,A320,PKPWK,PAS,PAS200,PAS201,18/08:19,18/08:26,18/09:20,18/09:29,0:54:54,CGK,CGK,005,28,1,1,NML,2,2025
2003.,A320,PKGLT,CTV,CTV485,CTV486,18/08:38,18/08:45,18/09:24,18/09:34,0:38:32,BDJ,BDJ,006,28,1,1,NML,2,2025
2004.,A320,9VTRN,TGW,TGW264,TGW265,18/08:49,18/08:52,18/09:51,18/10:04,0:59:01,SIN,SIN,A02,28,1,1,NML,2,2025
2005.,B738,9MMXF,MAS,MAS871,MAS870,18/08:56,18/08:58,18/09:57,18/10:06,0:59:00,KUL,KUL,A07,28,1,1,NML,2,2025
2006.,B735,PKNAT,LKN,LKN2430,LKN2420,18/09:11,18/09:16,18/09:56,18/10:08,0:40:00,SMQ,SMQ,011,28,1,1,NML,2,2025
2007.,A320,PKGQS,CTV,CTV417,CTV418,18/08:46,18/08:54,18/09:49,18/10:01,0:55:34,PNK,PNK,007,28,1,1,NML,2,2025
2008.,B738MAX,9MLRF,MXD,MXD350,MXD351,18/08:33,18/08:37,18/09:47,18/10:03,1:10:00,KUL,KUL,A03,28,1,1,NML,2,2025
2009.,A359,9VSHI,SIA,SIA922,SIA923,18/09:06,18/09:06,18/10:10,18/10:25,1:04:00,SIN,SIN,A08,10,1,1,NML,2,2025
2010.,A320,PKSJA,SJV,SJV635,SJV632,18/09:22,18/09:27,18/10:19,18/10:28,0:52:00,BDJ,BDJ,015,10,1,1,NML,2,2025
2011.,B739,PKLHH,LNI,LNI683,LNI706,18/09:06,18/09:12,18/11:11,18/11:27,1:59:00,PKY,UPG,009,10,1,1,NML,2,2025
2012.,B739,PKLSW,LNI,LNI690,LNI697,18/08:17,18/08:21,18/10:56,18/11:05,2:34:35,CGK,CGK,025,10,0,0,NML,2,2025
2013.,B739,PKLFO,LNI,LNI791,LNI262,18/09:57,18/10:04,18/11:06,18/11:19,1:02:00,UPG,BPN,016,10,1,1,NML,2,2025
2014.,A320,PKPWF,PAS,PAS210,PAS211,18/09:40,18/09:46,18/10:40,18/10:52,0:54:00,CGK,CGK,005,10,1,1,NML,2,2025
2015.,B739,PKLSV,LNI,LNI970,LNI973,18/09:46,18/09:52,18/10:41,18/10:55,0:49:00,BTH,BTH,014,10,1,1,NML,2,2025
2016.,A320,PKLUR,BTK,BTK7513,BTK7516,18/10:11,18/10:17,18/11:03,18/11:11,0:46:00,HLP,HLP,012,10,1,1,NML,2,2025
2017.,A320,PKLAW,BTK,BTK6134,BTK6346,18/09:52,18/09:59,18/10:53,18/11:02,0:54:00,PKN,BEJ,008,10,1,1,NML,2,2025
2018.,B739,PKLGO,LNI,LNI645,LNI822,18/09:54,18/10:04,18/11:12,18/11:24,1:08:00,LOP,LOP,017,10,1,1,NML,2,2025
2019.,B739,PKLQS,LNI,LNI694,LNI694,18/10:30,18/10:33,18/12:02,18/12:16,1:29:00,CGK,KOE,015,10,1,1,NML,2,2025
2020.,A320,PKAZG,AWQ,AWQ321,AWQ322,18/10:59,18/11:04,18/11:42,18/11:52,0:38:00,KUL,KUL,A01,10,1,1,NML,2,2025
2021.,B738,PKGNN,GIA,GIA322,GIA327,18/10:15,18/10:22,18/11:28,18/11:38,1:06:00,CGK,CGK,004,10,1,1,NML,2,2025
2022.,A320,PKBLB,BTK,BTK7517,BTK7520,18/12:10,18/12:13,18/13:17,18/13:28,1:04:42,HLP,HLP,009,10,1,1,NML,2,2025
2023.,B739,PKLSO,LNI,LNI805,LNI804,18/11:17,18/11:20,18/12:13,18/12:25,0:53:40,DPS,DPS,008,10,1,1,NML,2,2025
2024.,A320,PKGTE,CTV,CTV461,CTV698,18/11:22,18/11:27,18/12:07,18/12:19,0:40:06,AAP,DPS,006,10,1,1,NML,2,2025
2025.,B739,PKLGM,LNI,LNI801,LNI780,18/12:22,18/12:25,18/13:25,18/13:42,1:00:00,UPG,UPG,012,10,1,1,NML,2,2025
2026.,A320,PKBKV,BTK,BTK6582,BTK6585,18/12:58,18/13:01,18/13:50,18/14:03,0:48:42,CGK,CGK,011,10,1,1,NML,2,2025
2027.,B735,PKNAS,LKN,LKN1930,LKN1920,18/11:48,18/11:51,18/12:25,18/12:34,0:34:24,PKN,PKN,011,10,1,1,NML,2,2025
2028.,A320,PKGLT,CTV,CTV487,CTV668,18/12:13,18/12:19,18/12:51,18/13:03,0:32:23,BDJ,DPS,007,10,1,1,NML,2,2025
2029.,A320,PKPWM,PAS,PAS204,PAS205,18/12:03,18/12:06,18/13:22,18/13:31,1:16:17,CGK,CGK,005,10,1,1,NML,2,2025
2030.,A320,PKAZL,AWQ,AWQ387,AWQ324,18/12:42,18/12:46,18/13:24,18/13:34,0:38:00,PEN,KUL,A01,10,1,1,NML,2,2025
2031.,B738,PKGNG,GIA,GIA312,GIA317,18/12:36,18/12:38,18/13:52,18/14:05,1:14:37,CGK,CGK,004,10,1,1,NML,2,2025
2032.,B738MAX,PKOFI,AFE,PKOFI,AFE920,18/13:00,18/13:06,18/13:44,18/13:48,0:38:45,TIM,CGK,006,10,1,1,NML,2,2025
2033.,A320,9VJSV,JSA,JSA247,JSA248,18/13:06,18/13:12,18/14:09,18/14:23,0:57:00,SIN,SIN,A07,10,1,1,NML,2,2025
2034.,B738,PKLKV,LNI,LNI839,LNI836,18/13:04,18/13:08,18/14:03,18/14:13,0:55:00,PNK,PNK,015,10,1,1,NML,2,2025
2035.,A320,PKGTK,CTV,CTV716,CTV717,18/14:28,18/14:32,18/15:13,18/15:33,0:41:00,CGK,CGK,006,28,1,1,NML,2,2025
2036.,A320,PKGQO,CTV,CTV431,CTV948,18/13:40,18/13:43,18/14:23,18/14:34,0:39:19,BPN,BTH,007,10,1,1,NML,2,2025
2037.,A320,PKLAQ,BTK,BTK7515,BTK7514,18/13:59,18/14:02,18/15:03,18/15:11,1:01:00,HLP,HLP,009,10,1,1,NML,2,2025
2038.,B739,PKLGO,LNI,LNI823,LNI642,18/13:50,18/13:57,18/15:03,18/15:13,1:05:33,LOP,LOP,012,10,1,1,NML,2,2025
2039.,BK17,PKFGG,SAG,PKFGG,PKFGG,18/14:40,18/14:46,18/15:11,18/15:19,0:25:00,MBH,DHX,003,10,0,0,NML,2,2025
2040.,A320,PKPWH,PAS,PAS208,PAS209,18/14:25,18/14:28,18/15:20,18/15:26,0:51:50,CGK,CGK,005,28,1,1,NML,2,2025
2041.,B738,PKGFP,GIA,GIA330,GIA331,18/14:21,18/14:24,18/15:30,18/15:41,1:05:05,HLP,HLP,004,28,1,1,NML,2,2025
2042.,B739,PKLGS,LNI,LNI983,LNI920,18/13:36,18/13:40,18/16:35,18/16:43,2:54:45,PKU,DPS,014,28,1,1,NML,2,2025
2043.,A320,PKLUK,BTK,BTK7501,BTK7512,18/17:06,18/17:15,18/18:02,18/18:11,0:47:00,HLP,HLP,009,28,1,1,NML,2,2025
2044.,A320,PKGTE,CTV,CTV699,CTV434,18/14:42,18/14:46,18/15:32,18/15:42,0:45:34,DPS,BPN,007,28,1,1,NML,2,2025
2045.,B738,PKLKQ,LNI,LNI749,LNI581,18/15:39,18/15:44,18/16:44,18/16:57,1:00:00,MDC,CGK,012,28,1,1,NML,2,2025
2046.,E135,T7MPI,AGV,T7MPI,T7MPI,18/14:39,18/14:45,18/15:53,18/15:59,1:07:44,HLP,HLP,C07,28,0,0,NML,2,2025
2047.,A320,PKLAW,BTK,BTK6347,BTK6401,18/15:22,18/15:28,18/16:39,18/16:49,1:11:00,BEJ,CGK,009,28,1,1,NML,2,2025
2048.,B738,PKLOJ,LNI,LNI879,LNI316,18/10:48,18/10:55,18/16:32,18/16:40,5:37:00,AMQ,BDJ,023,28,0,0,NML,2,2025
2049.,B738,PKGNN,GIA,GIA310,GIA315,18/15:24,18/15:31,18/16:29,18/16:38,0:58:00,CGK,CGK,005,28,1,1,NML,2,2025
2050.,A320,PKSTR,SJV,SJV643,SJV648,18/15:28,18/15:33,18/16:44,18/16:53,1:11:00,AAP,BPN,011,28,1,1,NML,2,2025
2051.,B738MAX,9VMBF,SIA,SIA926,SIA927,18/16:09,18/16:13,18/17:01,18/17:18,0:48:00,SIN,SIN,A08,28,1,1,NML,2,2025
2052.,A320,PKGLS,CTV,CTV174,CTV715,18/15:57,18/16:04,18/16:40,18/16:51,0:36:00,HLP,CGK,006,28,1,1,NML,2,2025
2053.,B739,PKLQS,LNI,LNI695,LNI268,18/16:36,18/16:44,18/17:34,18/17:44,0:50:00,KOE,TRK,008,28,1,1,NML,2,2025
2054.,B739,PKLSH,LNI,LNI692,LNI692,18/16:02,18/16:08,18/17:04,18/17:16,0:56:00,CGK,KOE,015,28,1,1,NML,2,2025
2055.,A320,PKPWJ,PAS,PAS206,PAS623,18/16:06,18/16:13,18/16:54,18/17:02,0:41:00,CGK,BPN,004,28,1,1,NML,2,2025
2056.,B739,PKLQR,LNI,LNI707,LNI226,18/15:31,18/15:36,18/17:47,18/17:57,2:11:00,UPG,BDJ,017,28,1,1,NML,2,2025
2057.,A320,PKBLD,BTK,BTK6578,BTK7579,18/17:13,18/17:19,18/19:56,18/20:07,2:37:00,CGK,CGK,011,28,1,1,NML,2,2025
2058.,A320,PKAZG,AWQ,AWQ323,AWQ326,18/17:34,18/17:37,18/18:22,18/18:33,0:45:00,KUL,KUL,A01,28,1,1,NML,2,2025
2059.,A320,PKGQK,CTV,CTV669,CTV488,18/16:54,18/17:01,18/17:30,18/17:38,0:29:00,DPS,BDJ,007,28,1,1,NML,2,2025
2060.,B738,PKLOP,LNI,LNI315,LNI838,18/08:00,18/08:02,18/17:33,18/17:48,9:30:22,BDJ,PNK,026,28,0,0,NML,2,2025
2061.,A320,PKSJU,SJV,SJV619,SJV708,18/16:12,18/16:17,18/18:13,18/18:22,1:56:00,BPN,DPS,016,28,1,1,NML,2,2025
2062.,A320,PKPWF,PAS,PAS622,PAS207,18/17:31,18/17:40,18/18:30,18/18:39,0:50:00,BPN,CGK,006,28,1,1,NML,2,2025
2063.,B738MAX,9VMBJ,SIA,SIA928,SIA929,18/17:46,18/17:49,18/18:37,18/18:52,0:48:00,SIN,SIN,A04,28,1,1,NML,2,2025
2064.,A320,PKLUR,BTK,BTK7503,BTK7502,18/18:00,18/18:10,18/19:48,18/19:59,1:38:00,HLP,HLP,008,28,1,1,NML,2,2025
2065.,B738,PKGNG,GIA,GIA320,GIA325,18/17:50,18/17:56,18/18:52,18/19:00,0:56:00,CGK,CGK,004,28,1,1,NML,2,2025
2066.,B738,PKBBG,SJY,SJY567,SJY562,18/18:28,18/18:36,18/19:22,18/19:32,0:46:00,UPG,UPG,009,28,1,1,NML,2,2025
2067.,B789,9VOJC,TGW,TGW262,TGW263,18/18:49,18/18:53,18/20:03,18/20:21,1:10:00,SIN,SIN,A07,28,1,1,NML,2,2025
2068.,B739,PKLHS,LNI,LNI972,LNI880,18/16:25,18/16:29,18/19:40,18/19:54,3:11:00,BTH,UPG,C04,28,0,0,NML,2,2025
2069.,A320,PKPWH,PAS,PAS202,PAS203,18/18:53,18/18:59,18/19:49,18/20:01,0:50:00,CGK,CGK,004,28,1,1,NML,2,2025
2070.,A320,PKGLX,CTV,CTV736,CTV352,18/19:14,18/19:21,18/19:57,18/20:09,0:36:00,CGK,UPG,006,28,1,1,NML,2,2025
2071.,B738,PKGUG,GIA,GIA349,GIA313,18/17:55,18/18:03,18/20:05,18/20:15,2:02:00,DPS,CGK,005,28,1,1,NML,2,2025
2072.,A320,PKGTE,CTV,CTV435,CTV662,18/19:19,18/19:25,18/20:08,18/20:18,0:43:00,BPN,DPS,007,28,1,1,NML,2,2025
2073.,A320,PKGQU,CTV,CTV949,CTV494,18/19:42,18/19:48,18/20:21,18/20:33,0:33:00,BTH,BDJ,009,28,1,1,NML,2,2025
2074.,B738,PKLAZ,BTK,BTK7521,BTK6587,18/19:57,18/20:03,18/22:06,18/22:19,2:03:00,HLP,CGK,014,28,1,1,NML,2,2025
2075.,A320,PKGQK,CTV,CTV495,CTV354,18/20:13,18/20:19,18/20:56,18/21:06,0:37:00,BDJ,UPG,006,28,1,1,NML,2,2025
2076.,A320,PKLUH,BTK,BTK6137,BTK6136,18/20:04,18/20:10,18/21:55,18/22:06,1:45:00,UPG,UPG,012,10,1,1,NML,2,2025
2077.,A320,PKGLR,CTV,CTV489,CTV719,18/21:37,18/21:42,18/22:16,18/22:23,0:34:00,BDJ,CGK,006,28,1,1,NML,2,2025
2078.,A320,PKSJH,SJV,SJV703,SJV610,18/18:25,18/18:31,19/05:24,19/05:34,10:53:00,DPS,BPN,026,28,0,0,NML,2,2025
2079.,A320,PKBLA,BTK,BTK6406,BTK7508,18/14:32,18/14:37,19/05:05,19/05:16,14:27:39,CGK,HLP,021,28,0,0,Nml,2,2025
2080.,A320,PKGLP,CTV,CTV726,CTV430,18/21:03,18/21:09,19/04:55,19/05:04,7:46:00,CGK,BPN,009,28,1,1,NML,2,2025
2081.,B739,PKLGJ,LNI,LNI919,LNI878,18/15:18,18/15:23,19/04:59,19/05:11,13:36:00,DPS,AMQ,018,28,0,0,NML,2,2025
2082.,A320,PKAZG,AWQ,AWQ327,AWQ320,19/00:10,19/00:13,19/05:01,19/05:13,4:48:00,KUL,KUL,A03,28,1,1,NML,2,2025
2083.,A320,PKGLS,CTV,CTV720,CTV725,18/22:17,18/22:25,19/05:50,19/06:01,7:25:00,CGK,CGK,007,28,1,1,NML,2,2025
2084.,B739,PKLGO,LNI,LNI865,LNI882,18/17:42,19/00:14,19/06:02,19/06:12,12:14:00,LOP,UPG,014,28,1,0,NML,2,2025
2085.,A320,PKPWI,PAS,PAS212,PAS213,18/20:48,18/20:53,19/05:54,19/06:07,9:01:00,CGK,CGK,005,28,1,1,NML,2,2025
2086.,A320,PKGQK,CTV,CTV353,CTV670,19/05:06,19/05:14,19/05:56,19/06:09,0:42:00,UPG,LOP,006,28,1,1,NML,2,2025
"2087.,A320,PKSAP,SJV,SJV7001,SJV640,18/05:52,18/05:56,19/06:10,19/06:19,""1 day, 0:13:57"",DPS,AAP,020,28,0,0,NML,2,2025"
2088.,B738,PKLSF,LNI,LNI709,LNI868,18/19:11,18/19:16,19/06:07,19/06:18,10:51:00,UPG,TTE,017,28,1,1,NML,2,2025
"2089.,B738,PKLOR,LNI,LNI6014,LNI6000,16/11:37,16/11:41,19/05:47,19/05:55,""2 days, 18:06:50"",SUB,CGK,024,28,0,0,NML,2,2025"
"2090.,A320,PKSJC,SJV,SJV673,SJV634,17/21:14,18/23:27,19/06:35,19/06:44,""1 day, 9:16:00"",BEJ,BDJ,008,28,1,1,NML,2,2025"
2091.,A320,PKSJA,SJV,SJV633,SJV566,18/13:32,18/13:35,19/06:50,19/07:00,17:14:08,BDJ,PLW,025,28,0,0,NML,2,2025
2092.,A320,PKLAT,BTK,BTK6370,BTK6597,19/06:05,19/06:12,19/07:08,19/07:23,0:56:00,CGK,CGK,014,28,1,1,NML,2,2025
2093.,B739,PKLQR,LNI,LNI311,LNI971,19/05:59,19/06:03,19/07:05,19/07:19,1:01:00,BDJ,BTH,011,28,1,1,NML,2,2025
2094.,A320,PKSJD,SJV,SJV615,SJV612,18/20:45,18/20:49,19/06:59,19/07:09,10:10:00,BPN,BPN,016,28,1,1,NML,2,2025
2095.,A320,PKLUW,BTK,BTK6586,BTK6135,18/21:31,18/21:35,19/07:03,19/07:18,9:28:00,CGK,PKN,015,28,1,1,NML,2,2025
2096.,B738,PKGFI,GIA,GIA328,GIA305,18/20:30,18/20:38,19/07:02,19/07:13,10:23:03,CGK,CGK,004,28,1,1,NML,2,2025
2097.,B738,PKGFS,GIA,GIA855,GIA854,18/20:42,18/20:46,19/06:53,19/06:59,10:07:00,SIN,SIN,A02,28,1,1,NML,2,2025
2098.,B739,PKLFG,LNI,LNI690,LNI646,19/05:02,19/05:06,19/07:17,19/07:27,2:10:44,CGK,LOP,023,28,0,0,NML,2,2025
2099.,A320,PKLUR,BTK,BTK7511,BTK7510,19/06:39,19/06:45,19/07:33,19/07:46,0:48:00,HLP,HLP,009,28,1,1,NML,2,2025
"2100.,AW139,PKTVN,TVR,PKTVN,PKTVN,13/11:35,13/11:37,19/07:39,19/07:46,""5 days, 20:02:00"",MBH,ZZZZ,H02,28,0,0,NML,2,2025"
2101.,A320,PKAZE,AWQ,AWQ88,AWQ392,19/07:18,19/07:23,19/08:00,19/08:14,0:37:00,DPS,JHB,A03,28,1,1,NML,2,2025
2102.,A320,PKGTE,CTV,CTV661,CTV460,19/06:48,19/06:55,19/07:37,19/07:48,0:42:00,DPS,AAP,005,28,1,1,NML,2,2025
2103.,B739,PKLSH,LNI,LNI693,LNI693,19/06:52,19/06:58,19/07:54,19/08:03,0:56:00,KOE,CGK,017,28,1,1,NML,2,2025
2104.,A320,PKGLX,CTV,CTV355,CTV177,19/07:14,19/07:17,19/07:58,19/08:11,0:41:00,UPG,HLP,006,28,1,1,NML,2,2025
2105.,A333,BLBJ,CPA,CPA779,CPA780,18/18:03,18/18:09,19/08:04,19/08:16,13:55:00,HKG,HKG,A08,28,1,1,NML,2,2025
2106.,B739,PKLQS,LNI,LNI267,LNI990,19/07:07,19/07:13,19/08:46,19/08:55,1:33:00,TRK,DPS,015,28,1,1,NML,2,2025
2107.,B738,PKLBK,MXD,MXD352,MXD353,18/20:39,18/20:43,19/09:56,19/10:04,13:13:00,KUL,KUL,A04,10,1,1,NML,2,2025
2108.,A320,PKGLU,CTV,CTV170,CTV175,19/07:56,19/08:02,19/08:55,19/09:02,0:53:00,HLP,HLP,007,28,1,1,NML,2,2025
2109.,B739,PKLGM,LNI,LNI929,LNI856,19/07:16,19/07:20,19/09:10,19/09:20,1:50:00,DPS,PLM,018,28,0,0,NML,2,2025
2110.,B738,PKLOJ,LNI,LNI315,LNI222,19/07:52,19/07:58,19/08:56,19/09:07,0:58:00,BDJ,BDJ,011,28,1,1,NML,2,2025
2111.,A320,PKLUO,BTK,BTK6588,BTK6581,18/20:35,19/05:16,19/09:07,19/09:18,12:27:00,CGK,CGK,012,28,1,1,NML,2,2025
2112.,B738,PKLOP,LNI,LNI837,LNI748,19/08:01,19/08:06,19/09:01,19/09:11,0:55:00,PNK,MDC,014,28,1,1,NML,2,2025
2113.,B739,PKLGR,LNI,LNI683,LNI682,19/08:09,19/08:14,19/09:20,19/09:31,1:06:00,PKY,PKY,009,28,1,1,NML,2,2025
2114.,A320,PKPWK,PAS,PAS200,PAS201,19/08:21,19/08:30,19/09:16,19/09:30,0:46:00,CGK,CGK,005,10,1,1,NML,2,2025
2115.,B738,PKGUA,GIA,GIA304,GIA342,19/08:32,19/08:40,19/09:35,19/09:48,0:55:00,CGK,DPS,004,10,1,1,NML,2,2025
2116.,A320,PKGQK,CTV,CTV671,CTV486,19/08:28,19/08:35,19/09:27,19/09:39,0:52:00,LOP,BDJ,008,10,1,1,NML,2,2025
2117.,A320,PKSJF,SJV,SJV649,SJV702,19/07:44,19/07:54,19/09:31,19/09:41,1:37:00,BPN,DPS,016,10,1,1,NML,2,2025
2118.,A320,PKGQR,CTV,CTV417,CTV418,19/08:41,19/08:46,19/09:40,19/09:52,0:54:00,PNK,PNK,006,10,1,1,NML,2,2025
2119.,B738,9MMXJ,MAS,MAS871,MAS870,19/08:56,19/09:00,19/09:51,19/10:06,0:51:00,KUL,KUL,A07,10,1,1,NML,2,2025
2120.,B733F,PKMYV,MYU,MYU935,MYU815,19/08:57,19/09:02,19/09:50,19/09:55,0:48:00,SRG,CGK,C02,28,0,0,SCH,2,2025
2121.,B738,9MLDD,MXD,MXD350,MXD351,19/08:53,19/08:59,19/10:10,19/10:15,1:11:00,KUL,KUL,A03,10,1,1,NML,2,2025
2122.,B735,PKNAS,LKN,LKN243,LKN242,19/09:00,19/09:04,19/09:46,19/09:58,0:42:00,SMQ,SMQ,011,10,1,1,NML,2,2025
2123.,A359,9VSHR,SIA,SIA922,SIA923,19/09:09,19/09:13,19/10:11,19/10:25,0:58:00,SIN,SIN,A08,10,1,1,NML,2,2025
2124.,A320,PKSJC,SJV,SJV635,SJV632,19/09:33,19/09:36,19/10:25,19/10:35,0:49:00,BDJ,BDJ,012,10,1,1,NML,2,2025
2125.,B739,PKLGO,LNI,LNI791,LNI706,19/09:53,19/09:56,19/10:49,19/11:00,0:53:00,UPG,UPG,008,28,1,1,NML,2,2025
2126.,B739,PKLGV,LNI,LNI363,LNI973,19/08:10,19/08:17,19/10:51,19/11:05,2:34:00,BPN,BTH,017,28,1,1,NML,2,2025
2127.,A320,PKLAF,BTK,BTK7513,BTK7516,19/10:19,19/10:22,19/11:06,19/11:14,0:44:00,HLP,HLP,018,28,0,0,NML,2,2025
2128.,A320,PKLUW,BTK,BTK6134,BTK6346,19/09:56,19/10:02,19/10:49,19/11:02,0:47:00,PKN,BEJ,014,28,1,1,NML,2,2025
2129.,A320,PKSAP,SJV,SJV641,SJV642,19/10:15,19/10:19,19/11:13,19/11:22,0:54:00,AAP,AAP,011,28,1,1,NML,2,2025
2130.,B739,PKLFG,LNI,LNI645,LNI822,19/10:02,19/10:07,19/11:02,19/11:10,0:55:00,LOP,LOP,016,28,1,1,NML,2,2025
2131.,B739,PKLSV,LNI,LNI970,LNI694,19/09:37,19/09:40,19/11:53,19/12:06,2:13:00,BTH,KOE,015,28,1,1,NML,2,2025
2132.,A320,PKAZG,AWQ,AWQ321,AWQ322,19/11:03,19/11:06,19/11:39,19/11:49,0:33:00,KUL,KUL,A03,28,1,1,NML,2,2025
2133.,A339,PKLET,LNI,LNI075,LNI104,18/14:18,18/14:26,19/11:19,19/11:46,20:53:00,JED,JED,A06,28,1,1,NML,2,2025
2134.,B738,PKGNH,GIA,GIA322,GIA327,19/10:29,19/10:33,19/11:38,19/11:51,1:05:00,CGK,CGK,004,28,1,1,NML,2,2025
2135.,A320,PKLUR,BTK,BTK7517,BTK7520,19/10:58,19/11:04,19/12:09,19/12:20,1:05:00,HLP,HLP,009,28,1,1,NML,2,2025
2136.,B739,PKLFK,LNI,LNI694,LNI697,19/10:32,19/10:35,19/11:40,19/11:54,1:05:00,CGK,CGK,012,28,1,1,NML,2,2025
"2137.,DHC6,PKICP,PGT,PKICP,PKICP,16/09:55,19/10:10,19/12:39,19/12:50,""3 days, 2:40:00"",PAG,PAG,028,28,0,0,NML,2,2025"
2138.,A320,PKGTE,CTV,CTV461,CTV698,19/11:08,19/11:13,19/11:59,19/12:14,0:46:00,AAP,DPS,006,28,1,1,NML,2,2025
2139.,A320,PKBLD,BTK,BTK6582,BTK6585,19/11:42,19/11:51,19/12:46,19/12:54,0:55:00,CGK,CGK,008,28,1,1,NML,2,2025
2140.,B739,PKLQS,LNI,LNI805,LNI262,19/11:36,19/11:41,19/12:40,19/12:50,0:59:00,DPS,BPN,016,28,1,1,NML,2,2025
2141.,B739,PKLHI,LNI,LNI801,LNI780,19/11:32,19/11:38,19/12:46,19/13:00,1:08:00,UPG,UPG,011,28,1,1,NML,2,2025
2142.,A320,PKPWG,PAS,PAS204,PAS205,19/13:42,19/13:45,19/14:41,19/14:55,0:56:00,CGK,CGK,005,10,1,1,NML,2,2025
2143.,A320,PKAZE,AWQ,AWQ393,AWQ324,19/13:32,19/13:37,19/14:10,19/14:17,0:33:00,JHB,KUL,A03,10,1,1,NML,2,2025
2144.,B738,PKLSF,LNI,LNI869,LNI722,19/12:23,19/12:26,19/13:22,19/13:34,0:56:05,TTE,KDI,015,10,1,1,NML,2,2025
2145.,A320,PKGQK,CTV,CTV487,CTV668,19/15:28,19/15:34,19/16:19,19/16:29,0:45:00,BDJ,DPS,007,28,1,1,NML,2,2025
2146.,B738,PKGMF,GIA,GIA312,GIA317,19/12:29,19/12:32,19/13:43,19/14:02,1:11:00,CGK,CGK,004,10,1,1,NML,2,2025
2147.,A320,PKGQJ,CTV,CTV716,CTV717,19/13:29,19/13:32,19/14:16,19/14:28,0:44:00,CGK,CGK,006,10,1,1,NML,2,2025
2148.,B738,PKLKV,LNI,LNI839,LNI836,19/12:46,19/12:50,19/14:03,19/14:14,1:13:00,PNK,PNK,017,10,1,1,NML,2,2025
2149.,A320,PKSJC,SJV,SJV633,SJV726,19/13:40,19/13:44,19/14:21,19/14:31,0:37:00,BDJ,LBJ,015,10,1,1,NML,2,2025
2150.,A320,9VJSL,JSA,JSA247,JSA248,19/13:36,19/13:42,19/14:31,19/14:51,0:49:00,SIN,SIN,A07,10,1,1,NML,2,2025
2151.,A320,PKGLP,CTV,CTV431,CTV948,19/13:49,19/13:53,19/14:36,19/14:44,0:43:00,BPN,BTH,007,10,1,1,NML,2,2025
2152.,A320,PKLUK,BTK,BTK7515,BTK7514,19/13:53,19/13:57,19/14:52,19/15:02,0:55:00,HLP,HLP,009,28,1,1,NML,2,2025
2153.,A320,PKPWE,PAS,PAS208,PAS209,19/14:12,19/14:20,19/15:09,19/15:24,0:49:00,CGK,CGK,006,28,1,1,NML,2,2025
2154.,B739,PKLFG,LNI,LNI823,LNI804,19/14:07,19/14:09,19/16:08,19/16:22,1:59:00,LOP,DPS,011,28,1,1,NML,2,2025
2155.,B739,PKLGM,LNI,LNI857,LNI642,19/14:00,19/14:02,19/15:06,19/15:17,1:04:00,PLM,LOP,012,28,1,1,NML,2,2025
2156.,A320,PKLUW,BTK,BTK6347,BTK6220,19/15:25,19/15:32,19/16:21,19/16:31,0:49:00,BEJ,BPN,009,28,1,1,NML,2,2025
2157.,B738,PKGMU,GIA,GIA330,GIA331,19/14:24,19/14:27,19/15:24,19/15:39,0:57:00,HLP,HLP,004,28,1,1,NML,2,2025
2158.,A320,PKGTK,CTV,CTV699,CTV434,19/14:42,19/14:48,19/15:39,19/15:52,0:51:00,DPS,BPN,008,28,1,1,NML,2,2025
2159.,A320,PKLUR,BTK,BTK7501,BTK7512,19/15:54,19/15:59,19/16:59,19/17:06,1:00:00,HLP,HLP,015,28,1,1,NML,2,2025
2160.,B738,PKLOP,LNI,LNI749,LNI581,19/15:13,19/15:19,19/16:16,19/16:27,0:57:00,MDC,CGK,014,28,1,1,NML,2,2025
2161.,B738,9MMLO,MAS,MAS873,MAS872,19/14:53,19/14:57,19/15:50,19/16:02,0:53:00,KUL,KUL,A07,28,1,1,NML,2,2025
2162.,A320,PKBKQ,BTK,BTK6406,BTK6401,19/16:10,19/16:16,19/17:16,19/17:27,1:00:00,CGK,CGK,011,28,1,1,NML,2,2025
2163.,B739,PKLOJ,LNI,LNI223,LNI316,19/12:12,19/12:18,19/17:11,19/17:19,4:53:00,BDJ,BDJ,018,28,0,0,NML,2,2025
2164.,A320,PKSAP,SJV,SJV643,SJV648,19/15:21,19/15:27,19/16:30,19/16:36,1:03:00,AAP,BPN,012,28,1,1,NML,2,2025
2165.,B738MAX,9VMBJ,SIA,SIA926,SIA927,19/15:49,19/15:53,19/16:45,19/17:04,0:52:00,SIN,SIN,A08,28,1,1,NML,2,2025
2166.,B738,PKGNR,GIA,GIA310,GIA315,19/15:41,19/15:47,19/16:45,19/17:00,0:58:00,CGK,CGK,004,28,1,1,NML,2,2025
2167.,B739,PKLGJ,LNI,LNI879,LNI268,19/15:19,19/15:24,19/18:24,19/18:40,3:00:00,AMQ,TRK,026,28,0,0,NML,2,2025
2168.,B739,PKLSP,LNI,LNI692,LNI692,19/16:24,19/16:29,19/17:20,19/17:29,0:51:00,CGK,KOE,017,28,1,1,NML,2,2025
2169.,A320,PKPWI,PAS,PAS206,PAS623,19/16:04,19/16:09,19/16:49,19/17:02,0:40:00,CGK,BPN,005,28,1,1,NML,2,2025
2170.,A320,PKGLU,CTV,CTV174,CTV715,19/16:20,19/16:25,19/17:05,19/17:15,0:40:00,HLP,CGK,006,28,1,1,NML,2,2025
2171.,A320,PKBLD,BTK,BTK6578,BTK7579,19/17:13,19/17:18,19/18:18,19/18:26,1:00:00,CGK,CGK,012,28,1,1,NML,2,2025
2172.,A320,PKAZG,AWQ,AWQ323,AWQ326,19/17:25,19/17:28,19/18:01,19/18:12,0:33:00,KUL,KUL,A03,28,1,1,NML,2,2025
2173.,A320,PKGQH,CTV,CTV669,CTV488,19/17:42,19/17:48,19/18:20,19/18:28,0:32:00,DPS,BDJ,006,28,1,1,NML,2,2025
2174.,B738,PKLQZ,LNI,LNI709,LNI838,19/16:13,19/16:19,19/17:34,19/17:47,1:15:00,UPG,PNK,016,28,1,1,NML,2,2025
2175.,B739,PKLGO,LNI,LNI919,LNI920,19/16:54,19/16:59,19/17:43,19/17:50,0:44:00,DPS,DPS,014,28,1,1,NML,2,2025
2176.,A320,PKPWM,PAS,PAS622,PAS207,19/17:21,19/17:28,19/18:18,19/18:23,0:50:00,BPN,CGK,005,28,1,1,NML,2,2025
2177.,A320,PKSJG,SJV,SJV723,SJV708,19/17:53,19/17:58,19/19:34,19/19:43,1:36:57,DPS,DPS,015,28,1,1,NML,2,2025
2178.,B738MAX,9VMBP,SIA,SIA928,SIA929,19/17:48,19/17:52,19/18:46,19/19:00,0:54:00,SIN,SIN,A07,28,1,1,NML,2,2025
2179.,B738,PKGFI,GIA,GIA320,GIA325,19/17:38,19/17:45,19/18:42,19/18:53,0:57:00,CGK,CGK,004,28,1,1,NML,2,2025
2180.,A320,PKBLA,BTK,BTK7503,BTK7502,19/18:29,19/18:34,19/19:31,19/19:38,0:57:00,HLP,HLP,011,28,1,1,NML,2,2025
2181.,A320,PKGLS,CTV,CTV949,CTV494,19/18:51,19/18:57,19/19:34,19/19:40,0:37:00,BTH,BDJ,007,28,1,1,NML,2,2025
2182.,B738,PKBBG,SJY,SJY567,SJY562,19/18:55,19/19:01,19/19:43,19/19:55,0:42:00,UPG,UPG,012,28,1,1,NML,2,2025
2183.,A320,PKLUR,BTK,BTK7519,BTK7518,19/20:02,19/20:08,19/20:50,19/20:58,0:42:00,HLP,HLP,011,28,1,1,NML,2,2025
2184.,B739,PKLSK,LNI,LNI707,LNI880,19/14:59,19/15:04,19/19:36,19/19:45,4:32:00,UPG,UPG,020,28,0,0,NML,2,2025
2185.,A320,PKPWE,PAS,PAS202,PAS203,19/18:46,19/18:52,19/19:47,19/19:57,0:54:16,CGK,CGK,005,28,1,1,NML,2,2025
2186.,A320,PKGQO,CTV,CTV736,CTV352,19/20:08,19/20:16,19/20:50,19/21:00,0:34:00,CGK,UPG,005,28,1,1,NML,2,2025
2187.,A320,PKGTK,CTV,CTV435,CTV662,19/19:20,19/19:27,19/20:04,19/20:16,0:37:00,BPN,DPS,006,28,1,1,NML,2,2025
2188.,B738,PKBGF,BTK,BTK6588,BTK6587,19/21:22,19/21:28,19/22:36,19/22:44,1:08:00,CGK,CGK,012,28,1,1,NML,2,2025
2189.,B738,PKGUA,GIA,GIA349,GIA319,19/18:07,19/18:14,19/20:40,19/20:48,2:26:00,DPS,CGK,008,28,1,1,NML,2,2025
2190.,A320,PKGQH,CTV,CTV495,CTV354,19/21:06,19/21:13,19/21:51,19/22:02,0:38:00,BDJ,UPG,007,28,1,1,NML,2,2025
2191.,LJ60,VHRDI,ZXX,VHRDI,VHRDI,19/20:22,19/20:26,19/21:01,19/21:08,0:35:00,XSP,XSP,C01,28,0,0,NML,2,2025
2192.,A320,PKLUW,BTK,BTK6221,BTK6136,19/19:59,19/20:05,19/22:45,19/22:54,2:40:00,BPN,UPG,014,28,1,1,NML,2,2025
2193.,A320,PKGQU,CTV,CTV489,CTV719,19/21:28,19/21:38,19/22:13,19/22:24,0:35:00,BDJ,CGK,008,28,1,1,NML,2,2025
"2194.,A320,PKSJU,SJV,SJV727,SJV610,18/20:52,19/23:50,20/05:00,20/05:12,""1 day, 8:03:00"",DPS,BPN,012,28,1,1,NML,2,2025"
2195.,A320,PKLAT,BTK,BTK6586,BTK7508,19/21:59,19/22:05,20/05:05,20/05:17,7:00:00,CGK,HLP,011,28,1,1,NML,2,2025
2196.,A320,PKGQM,CTV,CTV726,CTV430,19/20:46,19/20:52,20/04:52,20/05:05,8:00:00,CGK,BPN,006,28,1,1,NML,2,2025
2197.,B738,PKLSF,LNI,LNI727,LNI878,19/17:45,19/17:49,20/04:58,20/05:10,11:09:00,KDI,AMQ,021,28,0,0,NML,2,2025
2198.,A320,PKAZE,AWQ,AWQ325,AWQ320,19/20:05,19/20:09,20/05:00,20/05:15,8:51:00,KUL,KUL,A03,28,1,1,NML,2,2025
2199.,B739,PKLSV,LNI,LNI695,LNI6002,19/16:58,19/17:04,20/05:02,20/05:12,11:58:00,KOE,SRG,009,28,1,1,NML,2,2025
2200.,A320,PKGQA,CTV,CTV720,CTV725,19/22:52,19/23:01,20/05:43,20/05:52,6:42:00,CGK,CGK,007,28,1,1,NML,2,2025
2201.,A320,V8RBD,RBA,RBA795,RBA796,19/20:14,19/20:17,20/05:50,20/06:03,9:33:00,BWN,BWN,A07,28,1,1,NML,2,2025
2202.,A320,PKSJG,SJV,SJV727,SJV706,19/22:20,19/22:26,20/05:59,20/06:08,7:33:00,DPS,DPS,015,28,1,1,NML,2,2025
2203.,B739,PKLGM,LNI,LNI865,LNI882,19/17:57,19/18:03,20/05:55,20/06:07,11:52:00,LOP,UPG,018,28,0,0,NML,2,2025
2204.,A320,PKGQK,CTV,CTV353,CTV484,20/05:07,20/05:16,20/05:51,20/06:01,0:35:00,UPG,BDJ,006,28,1,1,NML,2,2025
2205.,A320,PKPWJ,PAS,PAS212,PAS213,19/21:34,19/21:40,20/05:54,20/06:05,8:14:00,CGK,CGK,005,28,1,1,NML,2,2025
2206.,A320,PKAZP,AWQ,AWQ327,AWQ386,20/00:04,20/00:06,20/06:01,20/06:11,5:55:00,KUL,PEN,A06,28,1,1,NML,2,2025
2207.,A320,PKSJC,SJV,SJV725,SJV634,19/18:00,19/18:04,20/06:29,20/06:41,12:25:00,LBJ,BDJ,017,28,1,1,NML,2,2025
2208.,A320,PKLAO,BTK,BTK6370,BTK6597,20/06:15,20/06:21,20/07:27,20/07:42,1:05:28,CGK,CGK,012,28,1,1,NML,2,2025
2209.,C208,PKVVO,SUS,PKVVO,PKVVO,19/11:35,19/11:43,20/07:16,20/07:29,19:33:00,BXW,BXW,C07,28,0,0,NML,2,2025
2210.,B739,PKLFY,LNI,LNI690,LNI971,20/05:02,20/05:09,20/07:00,20/07:10,1:51:00,CGK,BTH,014,28,1,1,NML,2,2025
2211.,A320,PKLUQ,BTK,BTK6137,BTK6135,19/20:12,19/20:17,20/07:16,20/07:27,10:59:00,UPG,PKN,016,28,1,1,NML,2,2025
2212.,B738,PKGFU,GIA,GIA328,GIA305,19/20:17,19/20:25,20/07:06,20/07:16,10:41:00,CGK,CGK,004,28,1,1,NML,2,2025
2213.,B738,PKGFS,GIA,GIA855,GIA854,19/20:40,19/20:45,20/06:58,20/07:11,10:13:00,SIN,SIN,A02,28,1,1,NML,2,2025
2214.,A320,PKSJA,SJV,SJV567,SJV640,19/11:25,19/11:30,20/07:18,20/07:28,19:48:00,PLW,AAP,023,28,0,0,NML,2,2025
2215.,B739,PKLGJ,LNI,LNI267,LNI646,20/07:01,20/07:06,20/08:33,20/08:44,1:27:00,TRK,LOP,018,28,0,0,NML,2,2025
2216.,A320,PKLUR,BTK,BTK7511,BTK7510,20/06:59,20/07:04,20/07:53,20/08:04,0:49:09,HLP,HLP,011,28,1,1,NML,2,2025
2217.,A320,PKGTK,CTV,CTV661,CTV460,20/06:38,20/06:46,20/07:25,20/07:43,0:39:00,DPS,AAP,006,28,1,1,NML,2,2025
2218.,B739,PKLSP,LNI,LNI693,LNI693,20/06:51,20/06:57,20/08:01,20/08:11,1:04:00,KOE,CGK,009,28,1,1,NML,2,2025
2219.,B739,PKLFG,LNI,LNI929,LNI982,20/06:55,20/07:00,20/07:58,20/08:08,0:58:00,DPS,PKU,017,28,1,1,NML,2,2025
2220.,A333,BLAD,CPA,CPA779,CPA780,19/18:03,19/18:07,20/08:04,20/08:18,13:57:00,HKG,HKG,A08,28,1,1,NML,2,2025
2221.,B739,PKLQR,LNI,LNI972,LNI990,19/16:16,19/16:23,20/08:18,20/08:28,15:55:00,BTH,DPS,024,28,0,0,NML,2,2025
2222.,DHC6,PKICP,PGT,PKICP,PKICP,19/15:37,19/15:41,20/07:48,20/07:59,16:07:49,PAG,PAG,028,28,0,0,NML,2,2025
2223.,A320,PKGQI,CTV,CTV355,CTV177,20/07:48,20/07:54,20/08:35,20/08:47,0:41:00,UPG,HLP,007,28,1,1,NML,2,2025
2224.,B738,PKLBS,MXD,MXD352,MXD353,19/19:27,19/19:30,20/08:40,20/08:52,13:10:00,KUL,KUL,A04,28,1,1,NML,2,2025
2225.,A320,PKSGA,SJV,SJV649,SJV618,20/07:37,20/07:45,20/08:55,20/09:03,1:10:00,BPN,BPN,014,28,1,1,NML,2,2025
2226.,A320,PKLUK,BTK,BTK7521,BTK6581,19/20:26,20/03:33,20/09:08,20/09:18,12:39:00,HLP,CGK,025,28,0,0,NML,2,2025
2227.,B738,PKLOJ,LNI,LNI315,LNI748,20/07:45,20/07:50,20/09:11,20/09:20,1:21:00,BDJ,MDC,012,28,1,1,NML,2,2025
2228.,B739,PKLGR,LNI,LNI683,LNI682,20/08:08,20/08:13,20/09:04,20/09:16,0:50:38,PKY,PKY,009,28,1,1,NML,2,2025
2229.,B738,PKGNM,GIA,GIA304,GIA342,20/08:25,20/08:31,20/09:23,20/09:35,0:52:00,CGK,DPS,004,28,1,1,NML,2,2025
2230.,B733F,PKMYV,MYU,MYU935,MYU815,20/09:01,20/09:04,20/09:41,20/09:50,0:36:56,SRG,CGK,C02,28,0,0,NML,2,2025
2231.,A320,PKSJG,SJV,SJV703,SJV702,20/08:29,20/08:35,20/09:36,20/09:47,1:01:00,DPS,DPS,015,28,1,1,NML,2,2025
2232.,A320,PKGQK,CTV,CTV485,CTV486,20/08:39,20/08:47,20/09:29,20/09:45,0:42:00,BDJ,BDJ,006,28,1,1,NML,2,2025
2233.,A320,9VTRS,TGW,TGW264,TGW265,20/08:57,20/09:01,20/09:48,20/10:02,0:46:19,SIN,SIN,A02,28,1,1,NML,2,2025
2234.,B738,9MMLK,MAS,MAS871,MAS870,20/08:48,20/08:52,20/09:57,20/10:10,1:04:34,KUL,KUL,A07,28,1,1,NML,2,2025
2235.,B738MAX,9MLRV,MXD,MXD350,MXD351,20/08:44,20/08:48,20/10:00,20/10:14,1:12:00,KUL,KUL,A03,28,1,1,NML,2,2025
2236.,A320,PKGLU,CTV,CTV351,CTV350,20/09:09,20/09:14,20/10:00,20/10:08,0:45:35,UPG,UPG,009,28,1,1,NML,2,2025
2237.,A359,9VSHP,SIA,SIA922,SIA923,20/09:05,20/09:09,20/10:13,20/10:29,1:04:00,SIN,SIN,A08,28,1,1,NML,2,2025
2238.,A320,PKSAF,SJV,SJV635,SJV632,20/09:57,20/10:02,20/10:54,20/11:05,0:51:26,BDJ,BDJ,012,28,1,1,NML,2,2025
2239.,A320,PKGLP,CTV,CTV710,CTV723,20/09:13,20/09:19,20/10:13,20/10:20,0:53:34,CGK,CGK,005,28,1,1,NML,2,2025
2240.,B739,PKLQZ,LNI,LNI837,LNI706,20/08:05,20/08:09,20/11:30,20/11:41,3:20:13,PNK,UPG,021,28,0,0,NML,2,2025
2241.,B739,PKLGM,LNI,LNI791,LNI973,20/11:00,20/11:06,20/12:18,20/12:29,1:12:00,UPG,BTH,016,10,1,1,NML,2,2025
2242.,A320,PKPWJ,PAS,PAS210,PAS211,20/09:37,20/09:43,20/10:33,20/10:42,0:50:00,CGK,CGK,004,28,1,1,NML,2,2025
2243.,A320,PKLAF,BTK,BTK7513,BTK7516,20/10:04,20/10:10,20/11:01,20/11:10,0:50:55,HLP,HLP,007,28,1,1,NML,2,2025
2244.,A320,PKLUQ,BTK,BTK6134,BTK6346,20/09:52,20/09:59,20/11:35,20/11:46,1:36:00,PKN,BEJ,011,28,1,1,NML,2,2025
2245.,B739,PKLGJ,LNI,LNI645,LNI822,20/11:38,20/11:43,20/12:45,20/12:53,1:01:25,LOP,LOP,025,10,0,0,NML,2,2025
2246.,B739,PKLGL,LNI,LNI694,LNI694,20/10:32,20/10:39,20/11:39,20/11:53,1:00:00,CGK,KOE,017,28,1,1,NML,2,2025
2247.,A320,PKAZE,AWQ,AWQ321,AWQ322,20/11:03,20/11:06,20/11:37,20/11:47,0:31:00,KUL,KUL,A03,28,1,1,NML,2,2025
2248.,B739,PKLGV,LNI,LNI970,LNI697,20/09:43,20/09:49,20/11:39,20/11:51,1:50:00,BTH,CGK,014,28,1,1,NML,2,2025
2249.,B738,PKGMW,GIA,GIA322,GIA327,20/10:12,20/10:19,20/11:33,20/11:44,1:13:59,CGK,CGK,008,28,1,1,NML,2,2025
2250.,A320,PKLUR,BTK,BTK7517,BTK7520,20/11:20,20/11:25,20/12:15,20/12:34,0:49:15,HLP,HLP,009,10,1,1,NML,2,2025
2251.,B739,PKLQR,LNI,LNI805,LNI804,20/10:50,20/10:55,20/11:59,20/12:11,1:04:00,DPS,DPS,018,28,0,0,NML,2,2025
2252.,A320,PKSJJ,SJV,SJV363,SJV362,20/10:57,20/11:02,20/11:55,20/12:08,0:53:00,KNO,KNO,015,28,1,1,NML,2,2025
"2253.,A339,PKLES,LNI,LNI107,LNI074,18/19:51,20/08:31,20/11:47,20/12:07,""1 day, 15:37:00"",JED,MED,A06,28,1,1,NML,2,2025"
2254.,A320,PKGTK,CTV,CTV461,CTV698,20/11:29,20/11:39,20/12:15,20/12:30,0:36:00,AAP,DPS,006,10,1,1,NML,2,2025
2255.,A320,PKBLD,BTK,BTK6582,BTK6585,20/12:22,20/12:25,20/13:28,20/13:38,1:03:00,CGK,CGK,009,10,1,1,NML,2,2025
2256.,B739,PKLJI,LNI,LNI801,LNI780,20/11:24,20/11:28,20/12:36,20/12:47,1:07:50,UPG,UPG,024,10,0,0,NML,2,2025
2257.,B735,PKNAT,LKN,LKN1930,LKN1920,20/12:01,20/12:07,20/12:43,20/12:56,0:36:00,PKN,PKN,011,10,1,1,NML,2,2025
2258.,A320,PKPWA,PAS,PAS204,PAS205,20/12:06,20/12:09,20/13:14,20/13:27,1:05:00,CGK,CGK,005,10,1,1,NML,2,2025
2259.,A320,PKAZP,AWQ,AWQ387,AWQ324,20/13:32,20/13:37,20/14:13,20/14:23,0:36:00,PEN,KUL,A01,10,1,1,NML,2,2025
2260.,A320,PKGQK,CTV,CTV487,CTV668,20/12:37,20/12:41,20/13:23,20/13:34,0:42:00,BDJ,DPS,007,10,1,1,NML,2,2025
2261.,B738,PKGUC,GIA,GIA312,GIA317,20/12:31,20/12:34,20/13:41,20/13:54,1:06:34,CGK,CGK,004,10,1,1,NML,2,2025
2262.,B738,PKLKV,LNI,LNI839,LNI836,20/13:00,20/13:03,20/14:05,20/14:17,1:02:00,PNK,PNK,014,10,1,1,NML,2,2025
2263.,A320,PKGQH,CTV,CTV716,CTV717,20/13:41,20/13:46,20/14:25,20/14:39,0:39:00,CGK,CGK,006,10,1,1,NML,2,2025
2264.,A320,PKGQM,CTV,CTV431,CTV948,20/13:39,20/13:42,20/14:27,20/14:41,0:45:00,BPN,BTH,008,10,1,1,NML,2,2025
2265.,A320,9VJSY,JSA,JSA247,JSA248,20/13:02,20/13:07,20/14:28,20/14:44,1:21:00,SIN,SIN,A07,10,1,1,NML,2,2025
2266.,B739,PKLFG,LNI,LNI983,LNI260,20/13:36,20/13:39,20/14:37,20/14:50,0:58:00,PKU,BPN,011,10,1,1,NML,2,2025
2267.,A320,PKLUR,BTK,BTK7515,BTK7514,20/15:33,20/15:36,20/16:23,20/16:33,0:47:00,HLP,HLP,011,10,1,1,NML,2,2025
"2268.,B737,T7DGA,LTD,T7DGA,T7DGA,10/16:49,10/16:52,20/14:54,20/14:57,""9 days, 22:02:00"",SZB,CGK,MH,10,0,0,NML,2,2025"
2269.,A320,PKPWK,PAS,PAS208,PAS209,20/13:56,20/13:59,20/15:03,20/15:17,1:04:00,CGK,CGK,005,10,1,1,NML,2,2025
2270.,A320,PKLAQ,BTK,BTK6406,BTK6220,20/15:05,20/15:10,20/16:10,20/16:21,1:00:00,CGK,BPN,009,10,1,1,NML,2,2025
2271.,B738,PKGMC,GIA,GIA330,GIA331,20/14:42,20/14:45,20/15:37,20/15:48,0:52:00,HLP,HLP,004,10,1,1,NML,2,2025
2272.,B739,PKLHR,LNI,LNI707,LNI920,20/16:06,20/16:10,20/17:03,20/17:15,0:53:00,UPG,DPS,015,10,1,1,NML,2,2025
2273.,A320,PKLZH,BTK,BTK7501,BTK7512,20/16:56,20/16:59,20/18:02,20/18:14,1:03:00,HLP,HLP,009,28,1,1,NML,2,2025
2274.,A320,PKGLT,CTV,CTV699,CTV434,20/15:01,20/15:05,20/15:46,20/15:56,0:41:00,DPS,BPN,006,10,1,1,NML,2,2025
2275.,B738,9MMLO,MAS,MAS873,MAS872,20/14:48,20/14:54,20/15:42,20/15:52,0:48:00,KUL,KUL,A07,10,1,1,NML,2,2025
2276.,B738,PKLOJ,LNI,LNI749,LNI581,20/15:14,20/15:17,20/17:50,20/17:58,2:33:00,MDC,CGK,012,28,1,1,NML,2,2025
"2277.,A339,PKLEV,LNI,LNI105,LNI106,18/12:16,20/13:37,20/15:49,20/16:12,""2 days, 3:26:00"",JED,JED,A08,10,1,1,NML,2,2025"
2278.,A320,PKLUQ,BTK,BTK6347,BTK6401,20/15:57,20/16:01,20/17:42,20/17:51,1:41:00,BEJ,CGK,008,28,1,1,NML,2,2025
2279.,B739,PKLGL,LNI,LNI695,LNI316,20/16:19,20/16:23,20/17:32,20/17:44,1:09:00,KOE,BDJ,014,28,1,1,NML,2,2025
2280.,B738,PKGMA,GIA,GIA310,GIA315,20/15:19,20/15:23,20/17:27,20/17:42,2:04:00,CGK,CGK,005,10,1,1,NML,2,2025
2281.,A320,PKSJA,SJV,SJV643,SJV648,20/14:19,20/14:23,20/16:33,20/16:47,2:10:00,AAP,BPN,017,10,1,1,NML,2,2025
2282.,B738MAX,9VMBF,SIA,SIA926,SIA927,20/16:00,20/16:05,20/17:01,20/17:14,0:56:00,SIN,SIN,A06,10,1,1,NML,2,2025
2283.,A320,PKGQI,CTV,CTV174,CTV715,20/15:38,20/15:42,20/16:33,20/16:45,0:51:00,HLP,CGK,007,10,1,1,NML,2,2025
2284.,B739,PKLHY,LNI,LNI919,LNI268,20/14:46,20/14:49,20/17:14,20/17:28,2:25:00,DPS,TRK,016,10,1,1,NML,2,2025
2285.,A320,PKPWM,PAS,PAS206,PAS623,20/15:50,20/15:53,20/16:45,20/16:53,0:52:00,CGK,BPN,004,10,1,1,NML,2,2025
2286.,B739,PKLHL,LNI,LNI692,LNI692,20/16:23,20/16:26,20/17:26,20/17:42,1:00:00,CGK,KOE,011,28,1,1,NML,2,2025
2287.,B739,PKLSK,LNI,LNI923,LNI226,20/17:00,20/17:04,20/18:37,20/18:49,1:33:00,DPS,BDJ,017,28,1,1,NML,2,2025
2288.,A320,PKBLD,BTK,BTK6578,BTK7579,20/17:20,20/17:24,20/18:20,20/18:30,0:56:00,CGK,CGK,015,28,1,1,NML,2,2025
2289.,A320,PKAZE,AWQ,AWQ323,AWQ326,20/17:11,20/17:18,20/17:50,20/18:05,0:32:00,KUL,KUL,A01,28,1,1,NML,2,2025
2290.,A320,PKGLY,CTV,CTV669,CTV488,20/16:36,20/16:40,20/17:29,20/17:42,0:49:00,DPS,BDJ,006,28,1,1,NML,2,2025
2291.,B738,PKLSF,LNI,LNI879,LNI838,20/10:54,20/10:58,20/17:41,20/17:49,6:43:00,AMQ,PNK,023,28,0,0,NML,2,2025
"2292.,AW139,PKTVN,TVR,PKTVN,PKTVN,19/09:33,19/09:36,20/17:53,20/17:55,""1 day, 8:17:00"",MBH,SUB,H02,28,0,0,NML,2,2025"
2293.,A320,PKSJG,SJV,SJV723,SJV708,20/18:28,20/18:35,20/19:34,20/19:42,0:59:00,DPS,DPS,011,28,1,1,NML,2,2025
2294.,A320,PKPWJ,PAS,PAS622,PAS207,20/17:26,20/17:32,20/18:21,20/18:33,0:49:00,BPN,CGK,007,28,1,1,NML,2,2025
2295.,A320,PKSAL,SJV,SJV615,SJV716,19/20:30,19/20:37,20/19:00,20/19:08,22:23:00,BPN,LOP,020,28,0,0,NML,2,2025
2296.,B738MAX,9VMBP,SIA,SIA928,SIA929,20/17:37,20/17:41,20/18:32,20/18:47,0:51:00,SIN,SIN,A07,28,1,1,NML,2,2025
2297.,B738,PKGMV,GIA,GIA320,GIA325,20/18:11,20/18:21,20/19:12,20/19:20,0:51:00,CGK,CGK,004,28,1,1,NML,2,2025
2298.,A320,PKGQP,CTV,CTV949,CTV494,20/19:35,20/19:40,20/20:19,20/20:30,0:39:00,BTH,BDJ,009,28,1,1,NML,2,2025
2299.,B738,PKBBG,SJY,SJY567,SJY562,20/19:12,20/19:19,20/20:05,20/20:15,0:46:00,UPG,UPG,012,28,1,1,NML,2,2025
2300.,A320,PKLUI,BTK,BTK7519,BTK7518,20/19:56,20/20:04,20/20:57,20/21:05,0:53:00,HLP,HLP,008,28,1,1,NML,2,2025
2301.,B739,PKLHH,LNI,LNI972,LNI880,20/17:34,20/17:37,20/19:35,20/19:46,1:58:00,BTH,UPG,016,28,1,1,NML,2,2025
2302.,A320,PKPWK,PAS,PAS202,PAS203,20/18:53,20/19:00,20/19:51,20/20:03,0:51:00,CGK,CGK,006,28,1,1,NML,2,2025
2303.,A320,PKGLP,CTV,CTV736,CTV352,20/19:51,20/19:59,20/20:35,20/20:45,0:36:00,CGK,UPG,006,28,1,1,NML,2,2025
2304.,B738,PKGFG,GIA,GIA349,GIA313,20/18:02,20/18:12,20/20:01,20/20:12,1:49:00,DPS,CGK,005,28,1,1,NML,2,2025
2305.,A320,PKGLT,CTV,CTV435,CTV662,20/19:22,20/19:30,20/20:14,20/20:27,0:44:00,BPN,DPS,007,28,1,1,NML,2,2025
2306.,B738,PKBGZ,BTK,BTK6588,BTK6587,20/21:17,20/21:23,20/22:16,20/22:24,0:52:16,CGK,CGK,012,28,1,1,NML,2,2025
2307.,A320,PKGLY,CTV,CTV495,CTV354,20/20:24,20/20:54,20/21:10,20/21:19,0:16:00,BDJ,UPG,007,28,1,1,NML,2,2025
2308.,A320,PKGTK,CTV,CTV489,CTV719,20/21:07,20/21:14,20/21:51,20/22:03,0:37:00,BDJ,CGK,008,28,1,1,NML,2,2025
2309.,A320,PKLAY,BTK,BTK7521,BTK6136,20/20:47,20/20:54,20/21:53,20/22:11,0:58:56,HLP,UPG,009,28,1,1,NML,2,2025
2310.,A320,PKLAQ,BTK,BTK6221,BTK7508,20/20:06,20/20:13,21/05:04,21/05:12,8:51:00,BPN,HLP,017,28,1,1,NML,2,2025
"2311.,A320,PKSTR,SJV,SJV619,SJV610,19/15:57,20/22:44,21/04:56,21/05:07,""1 day, 12:53:00"",BPN,BPN,012,28,1,0,NML,2,2025"
2312.,A320,PKGLG,CTV,CTV726,CTV430,20/21:02,20/21:10,21/04:54,21/05:01,7:44:06,CGK,BPN,006,28,1,1,NML,2,2025
2313.,B739,PKLQS,LNI,LNI363,LNI786,20/06:22,20/07:44,21/05:02,21/05:14,22:35:00,BPN,UPG,026,28,0,1,NML,2,2025
2314.,A320,PKAZP,AWQ,AWQ325,AWQ320,20/20:00,20/20:04,21/05:07,21/05:18,9:03:00,KUL,KUL,A01,28,1,1,NML,2,2025
2315.,A320,PKGLU,CTV,CTV720,CTV725,20/22:18,20/22:26,21/05:43,21/05:57,7:17:00,CGK,CGK,007,28,1,1,NML,2,2025
2316.,B739,PKLSH,LNI,LNI690,LNI690,21/05:04,21/05:12,21/05:51,21/06:01,0:39:00,CGK,KOE,014,28,1,1,NML,2,2025
2317.,A320,V8RBE,RBA,RBA795,RBA796,20/20:10,20/20:14,21/05:57,21/06:11,9:43:00,BWN,BWN,A07,28,1,1,NML,2,2025
2318.,A320,PKLUQ,BTK,BTK6586,BTK6581,20/21:26,20/21:31,21/06:01,21/06:15,8:30:50,CGK,CGK,011,28,1,1,NML,2,2025
2319.,B738,PKLJS,LNI,LNI709,LNI868,20/16:15,20/16:23,21/05:56,21/06:07,13:33:03,UPG,TTE,018,28,0,0,NML,2,2025
2320.,A320,PKGLV,CTV,CTV353,CTV670,21/05:09,21/05:16,21/05:57,21/06:09,0:41:00,UPG,LOP,006,28,1,1,NML,2,2025
2321.,A320,PKSJA,SJV,SJV615,SJV640,20/20:27,20/20:35,21/06:00,21/06:14,9:25:00,BPN,AAP,020,28,0,0,NML,2,2025
2322.,A320,PKPWH,PAS,PAS212,PAS213,20/20:54,20/21:00,21/05:54,21/06:03,8:54:00,CGK,CGK,005,28,1,1,NML,2,2025
2323.,A320,PKSAL,SJV,SJV717,SJV566,21/05:54,21/06:00,21/06:48,21/06:57,0:48:00,LOP,PLW,012,28,1,1,NML,2,2025
2324.,B739,PKLSK,LNI,LNI311,LNI878,21/06:05,21/06:10,21/07:07,21/07:21,0:57:00,BDJ,AMQ,011,28,1,1,NML,2,2025
2325.,A320,PKBKP,BTK,BTK6137,BTK6135,20/20:40,21/04:05,21/06:57,21/07:05,10:15:00,UPG,PKN,009,28,1,0,NML,2,2025
2326.,B738,PKGFF,GIA,GIA328,GIA305,20/20:50,20/20:57,21/07:06,21/07:19,10:09:00,CGK,CGK,004,28,1,1,NML,2,2025
2327.,B738,PKGFS,GIA,GIA855,GIA854,20/20:43,20/20:46,21/07:02,21/07:16,10:16:00,SIN,SIN,A02,28,1,1,NML,2,2025
2328.,B739,PKLKM,LNI,LNI363,LNI646,21/06:20,21/06:27,21/07:30,21/07:41,1:03:00,BPN,LOP,015,28,1,1,NML,2,2025
2329.,C208,PKVVO,SUS,PKVVO,PKVVO,20/09:16,20/09:19,21/07:07,21/07:13,21:47:25,BXW,BXW,C07,28,0,0,NML,2,2025
2330.,A320,PKLUI,BTK,BTK7511,BTK7510,21/06:39,21/06:46,21/07:40,21/07:49,0:54:00,HLP,HLP,008,28,1,1,NML,2,2025
2331.,A320,PKAZO,AWQ,AWQ327,AWQ392,20/23:55,21/00:00,21/07:37,21/07:51,7:37:00,KUL,JHB,A03,28,1,1,NML,2,2025
2332.,B738,PKLHM,LNI,LNI6001,LNI971,21/06:45,21/06:51,21/07:36,21/07:47,0:45:00,SRG,BTH,014,28,1,1,NML,2,2025
2333.,A320,PKGLT,CTV,CTV661,CTV460,21/06:48,21/06:54,21/07:34,21/07:45,0:40:00,DPS,AAP,005,28,1,1,NML,2,2025
2334.,B739,PKLHL,LNI,LNI693,LNI693,21/06:54,21/06:58,21/08:12,21/08:18,1:14:00,KOE,CGK,018,28,0,0,NML,2,2025
2335.,A333,BHLV,CPA,CPA779,CPA780,20/18:16,20/18:20,21/08:12,21/08:29,13:52:00,HKG,HKG,A08,28,1,1,NML,2,2025
2336.,A339,PKLET,LNI,LNI105,LNI102,20/12:14,20/22:57,21/08:24,21/08:40,20:03:00,JED,JED,A06,28,1,1,NML,2,2025
2337.,B739,PKLHY,LNI,LNI267,LNI990,21/07:10,21/07:15,21/08:26,21/08:42,1:11:00,TRK,DPS,012,28,1,1,NML,2,2025
2338.,A320,PKLAI,BTK,BTK6572,BTK6573,21/07:38,21/07:44,21/08:35,21/08:49,0:51:00,CGK,CGK,009,28,1,1,NML,2,2025
2339.,A320,PKGQK,CTV,CTV355,CTV177,21/07:43,21/07:50,21/08:29,21/08:44,0:39:00,UPG,HLP,007,28,1,1,NML,2,2025
2340.,B738,PKLZM,MXD,MXD352,MXD353,20/19:25,20/19:29,21/08:38,21/08:53,13:09:00,KUL,KUL,A04,28,1,1,NML,2,2025
2341.,B739,PKLQR,LNI,LNI929,LNI856,21/07:34,21/07:40,21/08:56,21/09:08,1:16:00,DPS,PLM,016,28,1,1,NML,2,2025
2342.,B738,PKLSF,LNI,LNI837,LNI748,21/08:19,21/08:25,21/09:21,21/09:33,0:56:00,PNK,MDC,015,28,1,1,NML,2,2025
2343.,B739,PKLGR,LNI,LNI683,LNI682,21/08:09,21/08:15,21/09:11,21/09:26,0:56:00,PKY,PKY,008,28,1,1,NML,2,2025
2344.,B739,PKLHQ,LNI,LNI315,LNI222,21/08:15,21/08:21,21/09:45,21/09:56,1:24:00,BDJ,BDJ,014,10,1,1,NML,2,2025
2345.,B738,PKGNH,GIA,GIA304,GIA342,21/08:27,21/08:33,21/09:33,21/09:43,1:00:00,CGK,DPS,004,28,1,1,NML,2,2025
2346.,A320,PKGLV,CTV,CTV671,CTV486,21/08:24,21/08:31,21/09:35,21/09:47,1:04:00,LOP,BDJ,006,28,1,1,NML,2,2025
2347.,E135,T7JCI,AFS,T7JCI,T7JCI,21/08:51,21/08:57,21/09:16,21/09:30,0:19:00,CGK,CGK,003,28,0,0,NML,2,2025
2348.,BK17,PKFGG,SAG,PKFGG,PKFGG,21/08:27,21/08:29,21/09:39,21/09:41,1:10:00,ZKD,ZKD,A01,28,0,0,NML,2,2025
2349.,A320,PKSJG,SJV,SJV703,SJV702,21/08:46,21/08:52,21/09:46,21/10:00,0:54:00,DPS,DPS,017,10,1,1,NML,2,2025
2350.,B738,9MMLN,MAS,MAS871,MAS870,21/09:04,21/09:07,21/09:59,21/10:07,0:52:00,KUL,KUL,A07,10,1,1,NML,2,2025
2351.,B735,PKNAS,LKN,LKN243,LKN242,21/09:39,21/09:44,21/10:26,21/10:39,0:42:00,SMQ,SMQ,011,10,1,1,NML,2,2025
2352.,B738,PKLDO,MXD,MXD350,MXD351,21/08:55,21/08:59,21/10:00,21/10:12,1:01:00,KUL,KUL,A03,10,1,1,NML,2,2025
2353.,A320,PKGQJ,CTV,CTV351,CTV350,21/09:14,21/09:20,21/10:02,21/10:19,0:42:00,UPG,UPG,007,10,1,1,NML,2,2025
2354.,A320,PKLAY,BTK,BTK6584,BTK6585,21/09:44,21/09:50,21/10:39,21/10:51,0:49:00,CGK,CGK,008,10,1,1,NML,2,2025
2355.,A359,9VSHD,SIA,SIA922,SIA923,21/09:11,21/09:14,21/10:18,21/10:33,1:04:00,SIN,SIN,A08,10,1,1,NML,2,2025
2356.,A320,PKSTR,SJV,SJV611,SJV632,21/08:32,21/08:37,21/10:26,21/10:36,1:49:00,BPN,BDJ,012,10,1,1,NML,2,2025
2357.,B739,PKLGO,LNI,LNI791,LNI706,21/09:34,21/09:39,21/10:31,21/10:44,0:52:00,UPG,UPG,009,10,1,1,NML,2,2025
2358.,A320,PKPWH,PAS,PAS210,PAS211,21/10:16,21/10:19,21/11:10,21/11:22,0:51:00,CGK,CGK,005,10,1,1,NML,2,2025
2359.,A320,PKLUR,BTK,BTK7513,BTK7516,21/10:13,21/10:16,21/11:15,21/11:24,0:59:00,HLP,HLP,016,10,1,1,NML,2,2025
2360.,B739,PKLKM,LNI,LNI645,LNI822,21/10:31,21/10:33,21/11:21,21/11:30,0:48:00,LOP,LOP,012,10,1,1,NML,2,2025
2361.,A320,PKBKP,BTK,BTK6134,BTK6401,21/09:49,21/09:55,21/11:09,21/11:19,1:14:00,PKN,CGK,014,10,1,1,NML,2,2025
2362.,B739,PKLSP,LNI,LNI694,LNI694,21/10:41,21/10:45,21/11:26,21/11:40,0:41:00,CGK,KOE,017,10,1,1,NML,2,2025
2363.,A320,PKAZP,AWQ,AWQ321,AWQ322,21/10:46,21/10:51,21/11:26,21/11:37,0:35:00,KUL,KUL,A01,10,1,1,NML,2,2025
2364.,B739,PKLSH,LNI,LNI697,LNI697,21/10:21,21/10:24,21/11:35,21/11:48,1:11:00,KOE,CGK,015,10,1,1,NML,2,2025
2365.,A320,PKLUI,BTK,BTK7517,BTK7520,21/10:52,21/10:57,21/11:57,21/12:05,1:00:00,HLP,HLP,009,10,1,1,NML,2,2025
2366.,B738,PKGMP,GIA,GIA322,GIA327,21/10:09,21/10:14,21/11:36,21/11:47,1:22:00,CGK,CGK,004,10,1,1,NML,2,2025
2367.,B739,PKLHY,LNI,LNI805,LNI804,21/11:41,21/11:45,21/12:38,21/12:46,0:53:00,DPS,DPS,014,28,1,1,NML,2,2025
2368.,A320,PKGLT,CTV,CTV461,CTV698,21/11:07,21/11:09,21/12:05,21/12:18,0:56:00,AAP,DPS,006,10,1,1,NML,2,2025
2369.,A320,PKBLD,BTK,BTK6582,BTK6587,21/13:07,21/13:11,21/14:05,21/14:21,0:54:07,CGK,CGK,015,10,1,1,NML,2,2025
2370.,B739,PKLHS,LNI,LNI801,LNI780,21/12:01,21/12:04,21/13:17,21/13:32,1:13:00,UPG,UPG,011,10,1,1,NML,2,2025
2371.,B739,PKLGL,LNI,LNI970,LNI973,21/12:19,21/12:22,21/13:20,21/13:36,0:58:00,BTH,BTH,016,10,1,1,NML,2,2025
2372.,B739,PKLKM,LNI,LNI823,LNI262,21/14:10,21/14:15,21/15:11,21/15:22,0:56:00,LOP,BPN,016,28,1,1,NML,2,2025
2373.,A320,PKGLV,CTV,CTV487,CTV668,21/12:24,21/12:27,21/13:18,21/13:33,0:51:00,BDJ,DPS,007,10,1,1,NML,2,2025
2374.,A320,PKPWD,PAS,PAS204,PAS205,21/12:09,21/12:11,21/13:25,21/13:38,1:14:00,CGK,CGK,005,10,1,1,NML,2,2025
2375.,A320,PKAZO,AWQ,AWQ393,AWQ324,21/12:49,21/12:55,21/13:30,21/13:43,0:35:00,JHB,KUL,A01,10,1,1,NML,2,2025
2376.,A320,PKLUF,BTK,BTK6596,BTK6595,21/12:34,21/12:37,21/13:27,21/13:41,0:50:05,CGK,CGK,009,10,1,1,NML,2,2025
2377.,B738,PKLJS,LNI,LNI869,LNI722,21/12:13,21/12:16,21/13:30,21/13:44,1:14:13,TTE,KDI,012,10,1,1,NML,2,2025
2378.,B738,PKGUF,GIA,GIA312,GIA317,21/12:31,21/12:50,21/14:00,21/14:10,1:10:00,CGK,CGK,008,28,1,1,NML,2,2025
2379.,A320,PKSTR,SJV,SJV633,SJV726,21/13:46,21/13:50,21/14:30,21/14:40,0:40:00,BDJ,LBJ,014,10,1,1,NML,2,2025
2380.,B738,PKLKV,LNI,LNI839,LNI836,21/13:33,21/13:40,21/14:35,21/14:45,0:55:33,PNK,PNK,017,10,1,1,NML,2,2025
2381.,A320,PKGTA,CTV,CTV716,CTV717,21/13:51,21/13:55,21/14:33,21/14:50,0:38:00,CGK,CGK,007,10,1,1,NML,2,2025
2382.,A320,PKGLG,CTV,CTV431,CTV948,21/13:55,21/13:59,21/14:41,21/14:52,0:42:00,BPN,BTH,006,10,1,1,NML,2,2025
2383.,A320,9VJSL,JSA,JSA247,JSA248,21/13:41,21/13:47,21/14:38,21/14:49,0:51:00,SIN,SIN,A07,10,1,1,NML,2,2025
2384.,A320,PKLAF,BTK,BTK7515,BTK7514,21/14:01,21/14:04,21/14:58,21/15:08,0:53:00,HLP,HLP,009,10,1,1,NML,2,2025
2385.,A320,PKPWK,PAS,PAS208,PAS209,21/14:07,21/14:12,21/15:01,21/15:10,0:49:00,CGK,CGK,005,10,1,1,NML,2,2025
2386.,E135,RTN2112,RTN,RTN2112,RTN2112,21/14:26,21/14:31,21/15:10,21/15:19,0:39:00,HDY,DRW,030,28,0,0,NML,2,2025
2387.,B738,PKGFV,GIA,GIA330,GIA331,21/14:17,21/14:21,21/15:25,21/15:34,1:04:00,HLP,HLP,008,28,1,1,NML,2,2025
2388.,B739,PKLGO,LNI,LNI707,LNI920,21/14:14,21/14:18,21/16:41,21/16:50,2:23:00,UPG,DPS,012,28,1,1,NML,2,2025
2389.,A320,PKLUI,BTK,BTK7501,BTK7512,21/15:15,21/15:19,21/16:32,21/16:41,1:13:00,HLP,HLP,011,28,1,1,NML,2,2025
2390.,A320,PKGTE,CTV,CTV699,CTV434,21/14:55,21/14:59,21/15:45,21/15:54,0:46:00,DPS,BPN,006,28,1,1,NML,2,2025
2391.,A320,PKSAL,SJV,SJV567,SJV672,21/11:35,21/11:39,21/15:52,21/16:02,4:13:00,PLW,BEJ,023,28,0,0,NML,2,2025
2392.,B738,PKLSF,LNI,LNI749,LNI581,21/15:47,21/15:53,21/16:51,21/17:01,0:58:00,MDC,CGK,014,28,1,1,NML,2,2025
2393.,B739,PKLHQ,LNI,LNI223,LNI316,21/14:47,21/14:51,21/16:22,21/16:30,1:31:00,BDJ,BDJ,015,28,1,1,NML,2,2025
2394.,A320,PKGQK,CTV,CTV174,CTV715,21/15:26,21/15:31,21/16:18,21/16:27,0:47:00,HLP,CGK,007,28,1,1,NML,2,2025
2395.,B738,PKGMP,GIA,GIA310,GIA315,21/16:43,21/16:53,21/17:58,21/18:04,1:05:00,CGK,CGK,008,28,1,1,NML,2,2025
2396.,B738MAX,9VMBN,SIA,SIA926,SIA927,21/15:35,21/15:40,21/16:33,21/16:47,0:53:00,SIN,SIN,A07,28,1,1,NML,2,2025
2397.,B739,PKLSP,LNI,LNI695,LNI268,21/15:57,21/16:03,21/16:48,21/16:58,0:45:00,KOE,TRK,009,28,1,1,NML,2,2025
2398.,B739,PKLHY,LNI,LNI919,LNI692,21/15:31,21/15:37,21/18:39,21/18:52,3:02:00,DPS,KOE,017,28,1,1,NML,2,2025
2399.,A320,PKPWJ,PAS,PAS206,PAS623,21/16:00,21/16:07,21/16:53,21/16:59,0:46:00,CGK,BPN,005,28,1,1,NML,2,2025
2400.,B744F,N952CA,NCR,NCR854,NCR545,21/13:57,21/14:02,21/17:04,21/17:19,3:02:00,IST,HKG,A12,28,0,0,NML,2,2025
2401.,B739,PKLGV,LNI,LNI972,LNI226,21/17:03,21/17:08,21/18:36,21/18:48,1:28:00,BTH,BDJ,016,28,1,1,NML,2,2025
2402.,A320,PKGQM,CTV,CTV669,CTV488,21/17:17,21/17:24,21/17:58,21/18:08,0:34:00,DPS,BDJ,006,28,1,1,NML,2,2025
2403.,A320,PKAZP,AWQ,AWQ323,AWQ326,21/17:26,21/17:29,21/18:08,21/18:18,0:39:00,KUL,KUL,A01,28,1,1,NML,2,2025
2404.,B738,PKLQZ,LNI,LNI787,LNI838,21/08:59,21/09:05,21/18:04,21/18:14,8:59:00,UPG,PNK,025,28,0,0,NML,2,2025
2405.,A320,PKLUU,BTK,BTK6406,BTK6220,21/17:48,21/17:54,21/18:43,21/18:54,0:49:00,CGK,BPN,009,28,1,1,NML,2,2025
2406.,A320,PKPWL,PAS,PAS622,PAS207,21/17:23,21/17:29,21/18:14,21/18:22,0:45:00,BPN,CGK,005,28,1,1,NML,2,2025
"2407.,A320,PKSJU,SJV,SJV619,SJV716,20/16:10,20/16:14,21/18:52,21/19:02,""1 day, 2:38:00"",BPN,LOP,021,28,0,0,NML,2,2025"
2408.,B738MAX,9VMBP,SIA,SIA928,SIA929,21/17:56,21/18:01,21/18:54,21/18:59,0:52:45,SIN,SIN,A03,28,1,1,NML,2,2025
2409.,A320,PKLUR,BTK,BTK7503,BTK7502,21/18:25,21/18:31,21/19:12,21/19:22,0:41:00,HLP,HLP,011,28,1,1,NML,2,2025
2410.,B738,PKGUC,GIA,GIA320,GIA325,21/17:50,21/17:56,21/18:54,21/19:04,0:58:00,CGK,CGK,004,28,1,1,NML,2,2025
2411.,B738,PKLZV,BTK,BTK6576,BTK6575,21/18:50,21/18:56,21/19:47,21/19:54,0:51:00,CGK,CGK,014,28,1,1,NML,2,2025
2412.,B738,PKCRI,SJY,SJY567,SJY562,21/19:00,21/19:06,21/19:52,21/20:01,0:46:00,UPG,UPG,012,28,1,1,NML,2,2025
2413.,A320,PKGLU,CTV,CTV949,CTV494,21/18:39,21/18:45,21/19:18,21/19:28,0:33:00,BTH,BDJ,007,28,1,1,NML,2,2025
2414.,B788,9VOFC,TGW,TGW262,TGW263,21/18:34,21/18:38,21/19:46,21/19:59,1:08:19,SIN,SIN,A07,28,1,1,NML,2,2025
2415.,A320,PKLUI,BTK,BTK7519,BTK7518,21/19:47,21/19:52,21/20:43,21/20:54,0:51:00,HLP,HLP,011,28,1,1,NML,2,2025
2416.,B739,PKLSK,LNI,LNI879,LNI880,21/17:34,21/17:42,21/20:18,21/20:28,2:36:00,AMQ,UPG,015,28,1,1,NML,2,2025
2417.,A320,PKPWK,PAS,PAS202,PAS203,21/18:45,21/18:51,21/19:48,21/19:57,0:57:00,CGK,CGK,006,28,1,1,NML,2,2025
2418.,A320,PKSJA,SJV,SJV643,SJV616,21/15:20,21/15:25,21/20:26,21/20:36,5:01:00,AAP,BPN,018,28,0,0,NML,2,2025
2419.,A320,PKGTE,CTV,CTV435,CTV662,21/19:11,21/19:16,21/19:57,21/20:07,0:41:00,BPN,DPS,009,28,1,1,NML,2,2025
2420.,B738,PKGUG,GIA,GIA326,GIA313,21/19:15,21/19:20,21/20:16,21/20:26,0:56:00,CGK,CGK,004,28,1,1,NML,2,2025
2421.,A320,PKGQE,CTV,CTV736,CTV352,21/19:19,21/19:25,21/20:12,21/20:20,0:47:00,CGK,UPG,008,28,1,1,NML,2,2025
2422.,B738,PKGNH,GIA,GIA349,GIA319,21/18:19,21/18:27,21/20:51,21/20:58,2:23:55,DPS,CGK,005,28,1,1,NML,2,2025
2423.,A320,PKGQM,CTV,CTV495,CTV354,21/20:49,21/20:56,21/21:34,21/21:40,0:38:00,BDJ,UPG,007,28,1,1,NML,2,2025
2424.,A320,PKGQU,CTV,CTV489,CTV719,21/21:06,21/21:13,21/21:55,21/22:04,0:42:00,BDJ,CGK,008,28,1,1,NML,2,2025
2425.,A320,PKGQS,CTV,CTV726,CTV430,21/21:04,21/21:11,22/04:52,22/05:07,7:41:00,CGK,BPN,006,28,1,1,NML,2,2025
2426.,A320,PKBKY,BTK,BTK6588,BTK7508,21/22:16,21/22:23,22/04:58,22/05:14,6:35:00,CGK,HLP,014,28,1,1,NML,2,2025
2427.,B739,PKLSW,LNI,LNI692,LNI786,21/17:38,21/17:44,22/05:10,22/05:20,11:26:00,CGK,UPG,023,28,0,0,NML,2,2025
2428.,A320,PKSTR,SJV,SJV725,SJV610,21/17:43,21/17:48,22/04:54,22/05:09,11:06:00,LBJ,BPN,C03,28,0,0,NML,2,2025
2429.,B738,PKLJS,LNI,LNI727,LNI878,21/17:40,21/17:45,22/04:57,22/05:11,11:12:00,KDI,AMQ,022,28,0,0,NML,2,2025
2430.,A320,PKAZP,AWQ,AWQ327,AWQ320,21/23:45,21/23:49,22/05:03,22/05:16,5:14:00,KUL,KUL,A03,28,1,1,NML,2,2025
2431.,B739,PKLQR,LNI,LNI857,LNI646,21/16:12,21/16:17,22/05:33,22/05:36,13:16:00,PLM,LOP,026,28,0,0,NML,2,2025
2432.,A320,PKGQL,CTV,CTV720,CTV725,21/22:50,21/22:57,22/05:41,22/05:48,6:44:00,CGK,CGK,007,28,1,1,NML,2,2025
2433.,A320,V8RBA,RBA,RBA795,RBA796,21/20:13,21/20:17,22/05:48,22/05:59,9:31:00,BWN,BWN,A07,28,1,1,NML,2,2025
2434.,B739,PKLFK,LNI,LNI690,LNI882,22/05:02,22/05:08,22/06:12,22/06:24,1:04:00,CGK,UPG,024,28,0,0,NML,2,2025
2435.,A320,PKPWF,PAS,PAS212,PAS213,21/21:20,21/21:27,22/05:45,22/05:54,8:18:00,CGK,CGK,005,28,1,1,NML,2,2025
2436.,A320,PKLUP,BTK,BTK6586,BTK6589,21/21:10,21/21:18,22/05:59,22/06:11,8:41:00,CGK,CGK,020,28,0,0,NML,2,2025
2437.,A320,PKSAL,SJV,SJV673,SJV640,21/20:17,21/20:23,22/05:53,22/06:03,9:30:00,BEJ,AAP,016,28,1,1,NML,2,2025
2438.,A320,PKSAQ,SJV,SJV727,SJV706,21/20:55,21/21:02,22/06:06,22/06:14,9:04:00,DPS,DPS,017,28,1,1,NML,2,2025
2439.,A320,PKGLV,CTV,CTV353,CTV670,22/05:05,22/05:13,22/05:59,22/06:07,0:46:00,UPG,LOP,006,28,1,1,NML,2,2025
2440.,A320,PKAZO,AWQ,AWQ325,AWQ386,21/19:24,21/19:28,22/06:07,22/06:22,10:39:00,KUL,PEN,A01,28,1,1,NML,2,2025
2441.,A320,PKLUU,BTK,BTK6221,BTK6412,21/22:27,21/22:33,22/06:12,22/06:26,7:39:00,BPN,DPS,012,28,1,1,NML,2,2025
"2442.,A320,PKSAF,SJV,SJV633,SJV634,20/13:47,22/00:48,22/06:40,22/06:45,""1 day, 16:50:00"",BDJ,BDJ,021,28,0,0,NML,2,2025"
2443.,B738MAX,PKOFM,AFE,AFE921,AFE921,22/05:50,22/05:50,22/06:38,22/06:45,0:48:00,CGK,TIM,008,28,1,1,NML,2,2025
2444.,B733F,PKMYV,MYU,MYU935,MYU934,21/09:29,21/09:32,22/06:20,22/06:27,20:48:00,SRG,SIN,C02,28,0,0,NML,2,2025
2445.,B738,PKLOJ,LNI,LNI883,LNI971,21/21:58,21/22:00,22/07:02,22/07:14,9:02:00,UPG,BTH,009,28,1,1,NML,2,2025
2446.,A320,PKLAT,BTK,BTK7521,BTK6135,21/21:13,21/21:20,22/07:00,22/07:11,9:40:00,HLP,PKN,015,28,1,1,NML,2,2025
2447.,B738,PKGNN,GIA,GIA328,GIA305,21/20:24,21/20:31,22/06:59,22/07:07,10:28:00,CGK,CGK,004,28,1,1,NML,2,2025
2448.,B738,PKGFS,GIA,GIA855,GIA854,21/20:52,21/20:56,22/06:57,22/07:10,10:01:00,SIN,SIN,A02,28,1,1,NML,2,2025
2449.,A320,PKLAQ,BTK,BTK7511,BTK7510,22/06:53,22/07:00,22/07:50,22/08:04,0:50:42,HLP,HLP,008,28,1,1,NML,2,2025
2450.,A320,PKGTE,CTV,CTV661,CTV460,22/06:39,22/06:45,22/07:32,22/07:41,0:47:00,DPS,AAP,007,28,1,1,NML,2,2025
2451.,B739,PKLHY,LNI,LNI693,LNI693,22/06:56,22/07:01,22/07:55,22/08:08,0:53:59,KOE,CGK,017,28,1,1,NML,2,2025
2452.,B739,PKLHR,LNI,LNI929,LNI982,22/06:43,22/06:50,22/07:51,22/08:07,1:01:00,DPS,PKU,012,28,1,1,NML,2,2025
2453.,A333,BLBJ,CPA,CPA779,CPA780,21/18:56,21/19:00,22/08:16,22/08:35,13:16:00,HKG,HKG,A08,28,1,1,NML,2,2025
2454.,A339,PKLES,LNI,LNI075,LNI106,21/14:04,21/23:20,22/08:26,22/08:44,18:16:00,JED,JED,A06,28,1,1,NML,2,2025
2455.,B739,PKLSP,LNI,LNI267,LNI990,22/07:29,22/07:34,22/08:26,22/08:39,0:52:00,TRK,DPS,015,28,1,1,NML,2,2025
"2456.,DHC6,PKICP,PGT,PKICP,PKICP,20/10:44,20/10:48,22/07:47,22/07:52,""1 day, 20:59:00"",PAG,PAG,028,28,0,0,NML,2,2025"
2457.,A320,PKLAO,BTK,BTK6572,BTK6573,22/07:43,22/07:50,22/08:30,22/08:40,0:40:00,CGK,CGK,009,28,1,1,NML,2,2025
2458.,A320,PKGQM,CTV,CTV355,CTV177,22/07:32,22/07:40,22/08:31,22/08:42,0:51:00,UPG,HLP,006,28,1,1,NML,2,2025
2459.,A320,PKLUW,BTK,BTK6413,BTK6581,21/20:04,21/20:10,22/08:57,22/09:12,12:47:00,DPS,CGK,025,28,0,0,NML,2,2025
2460.,A320,PKSJU,SJV,SJV717,SJV618,22/06:08,22/06:14,22/08:55,22/09:07,2:41:10,LOP,BPN,014,28,1,1,NML,2,2025
2461.,A320,9VJSI,JSA,JSA249,JSA250,22/08:04,22/08:09,22/10:02,22/10:21,1:52:51,SIN,SIN,A01,28,1,1,NML,2,2025
2462.,B738,PKLQZ,LNI,LNI837,LNI748,22/08:56,22/09:02,22/10:06,22/10:19,1:04:00,PNK,MDC,012,28,1,1,NML,2,2025
2463.,B739,PKLFF,LNI,LNI683,LNI697,22/07:57,22/08:03,22/09:13,22/09:17,1:10:00,PKY,CGK,016,28,1,1,NML,2,2025
2464.,B739,PKLHL,LNI,LNI363,LNI682,22/06:29,22/06:31,22/09:13,22/09:23,2:41:02,BPN,PKY,020,28,0,0,NML,2,2025
2465.,B738,PKGMW,GIA,GIA304,GIA342,22/08:12,22/08:18,22/09:16,22/09:28,0:57:52,CGK,DPS,004,28,1,1,NML,2,2025
2466.,A320,PKPWE,PAS,PAS200,PAS201,22/08:17,22/08:22,22/09:12,22/09:22,0:50:20,CGK,CGK,005,28,1,1,NML,2,2025
2467.,A320,PKGLV,CTV,CTV671,CTV486,22/08:29,22/08:36,22/09:19,22/09:30,0:43:00,LOP,BDJ,006,28,1,1,NML,2,2025
2468.,B738,9MLRL,MXD,MXD352,MXD353,21/20:09,21/20:14,22/09:31,22/09:49,13:17:00,KUL,KUL,A04,28,1,1,NML,2,2025
2469.,A320,9VTRX,TGW,TGW264,TGW265,22/09:07,22/09:12,22/10:02,22/10:26,0:50:00,SIN,SIN,A02,28,1,1,NML,2,2025
2470.,A320,PKGLX,CTV,CTV170,CTV175,22/08:36,22/08:43,22/09:41,22/09:53,0:58:00,HLP,HLP,007,28,1,1,NML,2,2025
2471.,B738,9MMXV,MAS,MAS871,MAS870,22/09:05,22/09:08,22/10:03,22/10:14,0:55:00,KUL,KUL,A06,28,1,1,NML,2,2025
2472.,B738MAX,9MLRC,MXD,MXD350,MXD351,22/09:15,22/09:19,22/10:14,22/10:29,0:55:00,KUL,KUL,A03,28,1,1,NML,2,2025
2473.,A320,PKBKG,BTK,BTK6584,BTK6585,22/09:50,22/09:56,22/10:44,22/10:58,0:48:00,CGK,CGK,014,28,1,1,NML,2,2025
2474.,A359,9VSHK,SIA,SIA922,SIA923,22/09:00,22/09:05,22/10:09,22/10:24,1:04:00,SIN,SIN,A08,28,1,1,NML,2,2025
2475.,A320,PKGQJ,CTV,CTV351,CTV350,22/09:34,22/09:40,22/10:22,22/10:31,0:42:00,UPG,UPG,008,28,1,1,NML,2,2025
2476.,B739,PKLFK,LNI,LNI791,LNI706,22/09:58,22/10:04,22/11:10,22/11:19,1:06:00,UPG,UPG,016,28,1,1,NML,2,2025
2477.,A320,PKPWF,PAS,PAS210,PAS211,22/09:47,22/09:51,22/10:32,22/10:38,0:41:00,CGK,CGK,005,28,1,1,NML,2,2025
2478.,B739,PKLGM,LNI,LNI970,LNI973,22/09:41,22/09:46,22/10:40,22/10:53,0:54:11,BTH,BTH,015,28,1,1,NML,2,2025
2479.,A320,PKBLB,BTK,BTK7513,BTK7516,22/09:54,22/10:00,22/10:41,22/10:55,0:41:00,HLP,HLP,007,28,1,1,NML,2,2025
2480.,A320,PKLAT,BTK,BTK6134,BTK6346,22/10:02,22/10:06,22/11:01,22/11:11,0:55:00,PKN,BEJ,017,28,1,1,NML,2,2025
2481.,A320,PKSAL,SJV,SJV641,SJV642,22/09:38,22/09:45,22/10:55,22/11:07,1:10:58,AAP,AAP,009,28,1,1,NML,2,2025
2482.,B739,PKLGV,LNI,LNI311,LNI822,22/06:04,22/06:09,22/11:03,22/11:13,4:54:00,BDJ,LOP,022,28,0,0,NML,2,2025
2483.,B739,PKLQS,LNI,LNI694,LNI694,22/10:36,22/10:42,22/11:25,22/11:34,0:42:57,CGK,KOE,012,28,1,1,NML,2,2025
2484.,A320,PKAZP,AWQ,AWQ321,AWQ322,22/10:56,22/10:59,22/11:44,22/11:48,0:45:00,KUL,KUL,A01,28,1,1,NML,2,2025
2485.,B738,PKGMP,GIA,GIA322,GIA327,22/10:16,22/10:23,22/11:32,22/11:41,1:09:00,CGK,CGK,004,28,1,1,NML,2,2025
2486.,A320,PKLAQ,BTK,BTK7517,BTK7520,22/11:32,22/11:39,22/12:34,22/12:44,0:55:17,HLP,HLP,009,28,1,1,NML,2,2025
2487.,A320,PKSAH,SJV,SJV363,SJV362,22/11:00,22/11:06,22/11:58,22/12:03,0:52:00,KNO,KNO,015,28,1,1,NML,2,2025
2488.,A339,PKLET,LNI,LNI103,LNI074,22/07:48,22/07:55,22/11:55,22/12:06,4:00:00,JED,MED,A07,28,1,1,NML,2,2025
2489.,A320,PKGTE,CTV,CTV461,CTV698,22/11:09,22/11:16,22/11:58,22/12:09,0:42:00,AAP,DPS,006,28,1,1,NML,2,2025
2490.,A320,PKSTR,SJV,SJV611,SJV636,22/08:33,22/08:37,22/13:25,22/13:28,4:47:38,BPN,BDJ,023,28,0,0,NML,2,2025
2491.,A320,PKBLC,BTK,BTK6582,BTK6587,22/12:22,22/12:28,22/13:22,22/13:36,0:54:00,CGK,CGK,014,28,1,1,NML,2,2025
2492.,B739,PKLGR,LNI,LNI315,LNI780,22/07:58,22/08:05,22/12:49,22/12:58,4:43:58,BDJ,UPG,021,28,0,0,NML,2,2025
2493.,B735,PKNAT,LKN,LKN1930,LKN1920,22/11:46,22/11:52,22/12:32,22/12:38,0:40:00,PKN,PKN,012,28,1,1,NML,2,2025
2494.,A320,PKLUJ,BTK,BTK6596,BTK6595,22/13:41,22/13:47,22/14:30,22/14:40,0:43:00,CGK,CGK,009,28,1,1,NML,2,2025
2495.,A320,PKAZO,AWQ,AWQ387,AWQ324,22/12:55,22/12:59,22/13:42,22/13:54,0:43:00,PEN,KUL,A02,28,1,1,NML,2,2025
2496.,A320,PKPWD,PAS,PAS204,PAS205,22/12:16,22/12:22,22/13:21,22/13:33,0:59:00,CGK,CGK,005,28,1,1,NML,2,2025
2497.,A320,PKGLV,CTV,CTV487,CTV668,22/12:19,22/12:25,22/13:27,22/13:45,1:01:24,BDJ,DPS,007,28,1,1,NML,2,2025
2498.,B738,PKGNF,GIA,GIA312,GIA317,22/13:31,22/13:37,22/14:32,22/14:42,0:55:00,CGK,CGK,004,28,1,1,NML,2,2025
2499.,B738,PKLOJ,LNI,LNI839,LNI836,22/13:43,22/13:48,22/14:47,22/14:55,0:59:00,PNK,PNK,012,28,1,1,NML,2,2025
2500.,A320,PKGQI,CTV,CTV716,CTV717,22/13:51,22/13:57,22/14:34,22/14:44,0:37:00,CGK,CGK,007,28,1,1,NML,2,2025
2501.,B739,PKLSP,LNI,LNI805,LNI910,22/11:04,22/11:09,22/14:53,22/15:05,3:43:16,DPS,DPS,026,28,0,0,NML,2,2025
2502.,A320,PKGQS,CTV,CTV431,CTV948,22/13:34,22/13:42,22/14:25,22/14:34,0:43:00,BPN,BTH,006,28,1,1,NML,2,2025
2503.,B739,PKLHR,LNI,LNI983,LNI260,22/13:38,22/13:40,22/15:03,22/15:12,1:23:00,PKU,BPN,016,28,1,1,NML,2,2025
2504.,A320,PKPWK,PAS,PAS208,PAS209,22/14:26,22/14:33,22/15:08,22/15:15,0:35:00,CGK,CGK,006,28,1,1,NML,2,2025
2505.,A320,PKLUO,BTK,BTK6406,BTK7514,22/14:38,22/14:46,22/15:35,22/15:47,0:49:27,CGK,HLP,008,28,1,1,NML,2,2025
2506.,B738,PKGMA,GIA,GIA330,GIA331,22/14:22,22/14:29,22/15:25,22/15:33,0:56:00,HLP,HLP,005,28,1,1,NML,2,2025
2507.,B739,PKLQR,LNI,LNI645,LNI920,22/14:13,22/14:19,22/15:41,22/15:49,1:22:00,LOP,DPS,014,28,1,1,NML,2,2025
2508.,A320,PKGQU,CTV,CTV699,CTV434,22/14:47,22/14:54,22/15:41,22/15:52,0:47:00,DPS,BPN,007,28,1,1,NML,2,2025
2509.,B738,9MMLL,MAS,MAS873,MAS872,22/14:59,22/15:06,22/15:53,22/16:06,0:47:34,KUL,KUL,A06,28,1,1,NML,2,2025
2510.,B739,PKLQZ,LNI,LNI749,LNI581,22/16:31,22/16:38,22/17:30,22/17:47,0:51:24,MDC,CGK,015,28,1,1,NML,2,2025
2511.,A320,PKLAQ,BTK,BTK7501,BTK6401,22/16:08,22/16:15,22/17:22,22/17:33,1:06:30,HLP,CGK,014,28,1,1,NML,2,2025
2512.,A320,PKLAT,BTK,BTK6347,BTK7512,22/15:45,22/15:51,22/16:44,22/16:54,0:53:00,BEJ,HLP,009,28,1,1,NML,2,2025
2513.,B739,PKLGV,LNI,LNI823,LNI316,22/14:02,22/14:09,22/16:12,22/16:23,2:03:00,LOP,BDJ,015,28,1,1,NML,2,2025
2514.,A320,PKSTR,SJV,SJV637,SJV648,22/17:14,22/17:20,22/18:10,22/18:20,0:50:00,BDJ,BPN,009,28,1,1,NML,2,2025
2515.,B738,PKGMU,GIA,GIA310,GIA315,22/15:41,22/15:49,22/16:48,22/16:56,0:58:52,CGK,CGK,004,28,1,1,NML,2,2025
2516.,A320,PKGQM,CTV,CTV174,CTV715,22/15:26,22/15:32,22/16:30,22/16:40,0:57:52,HLP,CGK,006,28,1,1,NML,2,2025
2517.,B738MAX,PKOFM,AFE,AFE920,AFE920,22/15:45,22/15:45,22/16:40,22/16:49,0:55:42,TIM,CGK,005,28,1,1,NML,2,2025
2518.,B739,PKLQS,LNI,LNI695,LNI268,22/16:04,22/16:11,22/16:57,22/17:05,0:46:00,KOE,TRK,008,28,1,1,NML,2,2025
2519.,B739,PKLSH,LNI,LNI692,LNI692,22/16:11,22/16:18,22/17:16,22/17:27,0:58:00,CGK,KOE,016,28,1,1,NML,2,2025
2520.,A320,PKPWM,PAS,PAS206,PAS623,22/16:34,22/16:43,22/17:25,22/17:36,0:41:36,CGK,BPN,006,28,1,1,NML,2,2025
2521.,B739,PKLSK,LNI,LNI709,LNI226,22/16:00,22/16:05,22/17:34,22/17:52,1:28:37,UPG,BDJ,017,28,1,1,NML,2,2025
2522.,A320,PKAZP,AWQ,AWQ323,AWQ326,22/17:31,22/17:34,22/18:06,22/18:14,0:32:00,KUL,KUL,A01,28,1,1,NML,2,2025
2523.,B738,PKLJQ,LNI,LNI972,LNI838,22/18:08,22/18:14,22/19:04,22/19:14,0:50:00,BTH,PNK,015,28,1,1,NML,2,2025
2524.,A320,PKGQQ,CTV,CTV669,CTV488,22/17:22,22/17:30,22/18:07,22/18:17,0:37:00,DPS,BDJ,007,28,1,1,NML,2,2025
2525.,A320,PKGQR,CTV,CTV718,CTV711,22/17:45,22/17:53,22/18:26,22/18:37,0:33:00,CGK,CGK,006,28,1,1,NML,2,2025
2526.,A320,PKPWF,PAS,PAS622,PAS207,22/17:11,22/17:18,22/18:13,22/18:22,0:55:31,BPN,CGK,005,28,1,1,NML,2,2025
2527.,A320,PKSAL,SJV,SJV643,SJV716,22/15:20,22/15:26,22/18:33,22/18:41,3:07:00,AAP,LOP,012,28,1,1,NML,2,2025
2528.,B738,PKGMV,GIA,GIA320,GIA325,22/17:34,22/17:40,22/18:34,22/18:43,0:54:31,CGK,CGK,004,28,1,1,NML,2,2025
2529.,B738MAX,9VMBH,SIA,SIA928,SIA929,22/17:50,22/17:53,22/18:44,22/18:59,0:51:00,SIN,SIN,A07,28,1,1,NML,2,2025
2530.,A320,PKBLB,BTK,BTK7503,BTK7502,22/17:55,22/18:00,22/18:39,22/18:49,0:39:00,HLP,HLP,016,28,1,1,NML,2,2025
2531.,B738,PKCRH,SJY,SJY567,SJY562,22/17:38,22/17:44,22/18:47,22/18:55,1:03:00,UPG,UPG,014,28,1,1,NML,2,2025
2532.,B738,PKLBW,BTK,BTK6576,BTK6575,22/19:55,22/20:00,22/20:45,22/20:56,0:45:00,CGK,CGK,008,28,1,1,NML,2,2025
2533.,B739,PKLFK,LNI,LNI707,LNI880,22/15:03,22/15:10,22/20:37,22/20:47,5:27:00,UPG,UPG,023,28,0,0,NML,2,2025
2534.,A320,PKPWK,PAS,PAS202,PAS203,22/18:46,22/18:55,22/19:46,22/19:57,0:51:00,CGK,CGK,005,28,1,1,NML,2,2025
2535.,B738,PKGMW,GIA,GIA349,GIA313,22/18:35,22/18:42,22/20:13,22/20:23,1:31:00,DPS,CGK,007,28,1,1,NML,2,2025
2536.,A320,PKGQU,CTV,CTV435,CTV662,22/19:19,22/19:25,22/20:05,22/20:14,0:40:00,BPN,DPS,009,28,1,1,NML,2,2025
2537.,A320,PKGQT,CTV,CTV736,CTV352,22/19:28,22/19:34,22/20:16,22/20:28,0:42:00,CGK,UPG,006,28,1,1,NML,2,2025
2538.,A320,PKGLU,CTV,CTV949,CTV494,22/20:01,22/20:07,22/20:47,22/20:54,0:40:00,BTH,BDJ,005,28,1,1,NML,2,2025
2539.,A320,PKGQQ,CTV,CTV495,CTV354,22/20:43,22/20:51,22/21:30,22/21:39,0:39:00,BDJ,UPG,007,28,1,1,NML,2,2025
2540.,A320,PKGLS,CTV,CTV489,CTV719,22/21:16,22/21:23,22/21:56,22/22:04,0:33:00,BDJ,CGK,008,28,1,1,NML,2,2025
2541.,A320,PKLAM,BTK,BTK6137,BTK6136,22/19:46,22/19:52,22/21:44,22/21:51,1:52:00,UPG,UPG,012,28,1,1,NML,2,2025
2542.,B733F,PKMYV,MYU,MYU935,MYU936,22/14:05,22/14:08,22/23:40,22/23:50,9:32:00,SRG,SIN,C02,28,0,0,SCH,2,2025
2543.,A320,PKGLP,CTV,CTV726,CTV430,22/21:01,22/21:09,23/04:52,23/05:05,7:43:00,CGK,BPN,006,28,1,1,NML,2,2025
2544.,A320,PKLUI,BTK,BTK7521,BTK6589,22/20:17,22/20:23,23/05:08,23/05:18,8:45:00,HLP,CGK,014,28,1,1,NML,2,2025
2545.,A320,PKSJU,SJV,SJV619,SJV610,22/15:56,22/15:59,23/04:55,23/05:08,12:56:34,BPN,BPN,026,28,0,0,NML,2,2025
2546.,A320,PKBKQ,BTK,BTK6588,BTK7508,22/22:26,22/22:35,23/05:10,23/05:21,6:35:00,CGK,HLP,009,28,1,1,NML,2,2025
"2547.,B738,PKLGJ,LNI,LNI823,LNI878,20/15:54,23/00:03,23/05:04,23/05:14,""2 days, 13:05:00"",LOP,AMQ,011,28,1,0,NML,2,2025"
2548.,A320,PKAZO,AWQ,AWQ325,AWQ320,22/19:50,22/19:53,23/05:05,23/05:16,9:12:00,KUL,KUL,A01,28,1,1,NML,2,2025
2549.,B739,PKLSW,LNI,LNI787,LNI786,22/13:48,22/13:52,23/05:16,23/05:24,15:24:00,UPG,UPG,022,28,0,0,NML,2,2025
2550.,B739,PKLSP,LNI,LNI923,LNI6001,22/19:10,22/19:16,23/05:04,23/05:14,9:48:00,DPS,BPN,017,28,1,1,NML,2,2025
2551.,A320,PKLAY,BTK,BTK6586,BTK6135,22/20:21,22/20:28,23/06:01,23/06:10,9:33:00,CGK,PKN,015,28,1,1,NML,2,2025
2552.,B738,PKLQZ,LNI,LNI690,LNI690,23/05:06,23/05:11,23/05:59,23/06:07,0:48:00,CGK,KOE,011,28,1,1,NML,2,2025
2553.,A320,PKGLG,CTV,CTV720,CTV725,22/23:08,22/23:18,23/05:38,23/05:48,6:20:00,CGK,CGK,007,28,1,1,NML,2,2025
2554.,A320,PKPWJ,PAS,PAS212,PAS213,22/21:37,22/21:45,23/05:47,23/05:55,8:02:00,CGK,CGK,005,28,1,1,NML,2,2025
2555.,A320,PKSAF,SJV,SJV635,SJV640,22/09:19,22/09:21,23/06:03,23/06:12,20:42:00,BDJ,AAP,025,28,0,0,NML,2,2025
2556.,B738,PKLJS,LNI,LNI879,LNI868,22/10:44,22/10:49,23/06:06,23/06:17,19:17:54,AMQ,TTE,024,28,0,0,NML,2,2025
2557.,A320,PKSJO,SJV,SJV703,SJV706,22/20:40,22/20:51,23/05:57,23/06:06,9:06:00,DPS,DPS,016,28,1,1,NML,2,2025
2558.,A320,PKGQT,CTV,CTV353,CTV484,23/05:03,23/05:10,23/05:52,23/06:01,0:42:06,UPG,BDJ,006,28,1,1,NML,2,2025
"2559.,A320,PKSJR,SJV,SJV615,SJV634,21/23:22,21/23:28,23/06:31,23/06:40,""1 day, 7:03:00"",BPN,BDJ,018,28,0,0,NML,2,2025"
2560.,A320,PKSAL,SJV,SJV717,SJV566,23/05:42,23/05:48,23/06:42,23/06:50,0:54:00,LOP,PLW,014,28,1,1,NML,2,2025
2561.,B739,PKLHH,LNI,LNI801,LNI971,22/11:28,23/06:53,23/07:57,23/08:08,20:25:00,UPG,BTH,A01,28,1,0,NML,2,2025
2562.,B738,PKGFH,GIA,GIA326,GIA305,22/19:03,22/19:10,23/06:58,23/07:08,11:48:00,CGK,CGK,004,28,1,1,NML,2,2025
2563.,B738,PKGFS,GIA,GIA855,GIA854,22/20:50,22/20:54,23/07:04,23/07:15,10:10:00,SIN,SIN,A02,28,1,1,NML,2,2025
2564.,B739,PKLSK,LNI,LNI311,LNI646,23/05:57,23/06:01,23/07:19,23/07:29,1:17:15,BDJ,LOP,017,28,1,1,NML,2,2025
2565.,A320,PKAZP,AWQ,AWQ327,AWQ392,22/23:34,22/23:39,23/07:36,23/07:48,7:57:00,KUL,JHB,A03,28,1,1,NML,2,2025
"2566.,A320,PKBKU,BTK,BTK6581A,BTK6581,17/11:19,23/00:02,23/07:44,23/07:52,""5 days, 20:21:00"",SUB,CGK,023,28,0,1,NML,2,2025"
2567.,A320,PKGQU,CTV,CTV661,CTV460,23/06:47,23/06:54,23/07:34,23/07:43,0:40:00,DPS,AAP,006,28,1,1,NML,2,2025
2568.,B739,PKLSH,LNI,LNI693,LNI693,23/06:56,23/07:03,23/07:49,23/07:59,0:46:00,KOE,CGK,009,28,1,1,NML,2,2025
2569.,A333,BLAE,CPA,CPA779,CPA780,22/18:12,22/18:15,23/08:11,23/08:24,13:56:00,HKG,HKG,A08,28,1,1,NML,2,2025
2570.,B739,PKLQS,LNI,LNI267,LNI990,23/07:11,23/07:17,23/08:21,23/08:31,1:04:00,TRK,DPS,011,28,1,1,NML,2,2025
2571.,A320,PKBKL,BTK,BTK6572,BTK6573,23/07:46,23/07:52,23/08:42,23/08:48,0:50:00,CGK,CGK,008,28,1,1,NML,2,2025
2572.,A320,PKGLV,CTV,CTV355,CTV177,23/07:32,23/07:43,23/08:26,23/08:35,0:43:00,UPG,HLP,007,28,1,1,NML,2,2025
"2573.,A339,PKLEV,LNI,LNI107,LNI078,21/16:22,22/22:51,23/08:40,23/08:54,""1 day, 16:13:00"",JED,MED,A06,28,1,1,NML,2,2025"
2574.,A320,PKSTF,SJV,SJV615,SJV618,22/23:49,22/23:52,23/08:59,23/09:10,9:07:00,BPN,BPN,012,28,1,1,NML,2,2025
2575.,B739,PKLHS,LNI,LNI929,LNI748,23/06:51,23/06:56,23/09:17,23/09:30,2:21:00,DPS,MDC,022,28,0,0,NML,2,2025
2576.,B739,PKLHR,LNI,LNI363,LNI682,23/06:19,23/06:24,23/09:10,23/09:23,2:46:00,BPN,PKY,020,28,0,0,NML,2,2025
2577.,B738,PKGFV,GIA,GIA304,GIA342,23/08:15,23/08:23,23/09:20,23/09:35,0:57:00,CGK,DPS,004,28,1,1,NML,2,2025
2578.,A320,PKPWE,PAS,PAS200,PAS201,23/08:26,23/08:33,23/09:09,23/09:18,0:36:00,CGK,CGK,005,28,1,1,NML,2,2025
2579.,A320,PKLAY,BTK,BTK6134,BTK6585,23/08:42,23/08:49,23/09:29,23/09:39,0:40:00,PKN,CGK,007,28,1,1,NML,2,2025
2580.,A320,PKGQT,CTV,CTV485,CTV486,23/08:33,23/08:39,23/09:12,23/09:29,0:33:00,BDJ,BDJ,009,28,1,1,NML,2,2025
2581.,B738,PKLDO,MXD,MXD352,MXD353,22/20:25,22/20:29,23/09:42,23/09:59,13:13:00,KUL,KUL,A04,28,1,1,NML,2,2025
2582.,A320,9VTRP,TGW,TGW264,TGW265,23/09:11,23/09:15,23/10:08,23/10:19,0:53:00,SIN,SIN,A02,28,1,1,NML,2,2025
2583.,A320,PKGLX,CTV,CTV170,CTV175,23/08:21,23/08:31,23/09:45,23/09:57,1:14:00,HLP,HLP,006,28,1,1,NML,2,2025
2584.,B738,9MMXV,MAS,MAS871,MAS870,23/09:07,23/09:10,23/10:03,23/10:18,0:53:00,KUL,KUL,A06,28,1,1,NML,2,2025
2585.,B738,PKLZM,MXD,MXD350,MXD351,23/09:21,23/09:24,23/10:17,23/10:33,0:53:00,KUL,KUL,A03,28,1,1,NML,2,2025
2586.,B735,PKNAS,LKN,LKN243,LKN242,23/09:24,23/09:29,23/10:10,23/10:25,0:41:00,SMQ,SMQ,011,28,1,1,NML,2,2025
2587.,A359,9VSHF,SIA,SIA922,SIA923,23/09:02,23/09:05,23/10:11,23/10:29,1:06:00,SIN,SIN,A08,28,1,1,NML,2,2025
2588.,A320,PKGQO,CTV,CTV351,CTV350,23/09:33,23/09:38,23/10:21,23/10:34,0:43:00,UPG,UPG,009,28,1,1,NML,2,2025
2589.,A320,PKSJR,SJV,SJV635,SJV632,23/09:27,23/09:33,23/10:14,23/10:26,0:41:00,BDJ,BDJ,015,28,1,1,NML,2,2025
2590.,A339,PKLES,LNI,LNI107,LNI104,23/08:46,23/08:50,23/11:29,23/11:39,2:39:00,JED,JED,A07,28,1,1,NML,2,2025
2591.,B738,PKLKP,LNI,LNI791,LNI262,23/09:36,23/09:41,23/10:33,23/10:47,0:52:00,UPG,BPN,012,28,1,1,NML,2,2025
2592.,B739,PKLHY,LNI,LNI315,LNI706,23/07:57,23/08:04,23/10:43,23/10:57,2:39:00,BDJ,UPG,024,28,0,0,NML,2,2025
2593.,B738,PKLJQ,LNI,LNI837,LNI856,23/08:01,23/08:06,23/10:31,23/10:41,2:25:00,PNK,PLM,018,28,0,0,NML,2,2025
2594.,B739,PKLHM,LNI,LNI970,LNI973,23/09:51,23/09:57,23/10:51,23/10:58,0:54:00,BTH,BTH,014,28,1,1,NML,2,2025
2595.,A320,PKPWJ,PAS,PAS210,PAS211,23/09:47,23/09:54,23/10:38,23/10:52,0:44:00,CGK,CGK,005,28,1,1,NML,2,2025
2596.,A320,PKBKY,BTK,BTK7513,BTK7516,23/10:15,23/10:21,23/11:05,23/11:16,0:44:00,HLP,HLP,008,28,1,1,NML,2,2025
2597.,B739,PKLHL,LNI,LNI683,LNI822,23/08:05,23/08:10,23/11:06,23/11:18,2:56:00,PKY,LOP,025,28,0,0,NML,2,2025
2598.,B739,PKLSV,LNI,LNI694,LNI694,23/11:07,23/11:11,23/12:04,23/12:15,0:53:00,CGK,KOE,017,10,1,1,NML,2,2025
2599.,A320,PKAZO,AWQ,AWQ321,AWQ322,23/11:22,23/11:26,23/12:06,23/12:12,0:40:00,KUL,KUL,A01,10,1,1,NML,2,2025
2600.,B738,PKLQZ,LNI,LNI697,LNI697,23/10:50,23/10:54,23/11:48,23/11:58,0:54:00,KOE,CGK,016,28,1,1,NML,2,2025
2601.,B738,PKGFU,GIA,GIA322,GIA327,23/10:38,23/10:46,23/11:46,23/11:56,1:00:00,CGK,CGK,004,28,1,1,NML,2,2025
2602.,A320,PKLZH,BTK,BTK7517,BTK7520,23/10:54,23/11:00,23/11:41,23/11:49,0:41:00,HLP,HLP,009,28,1,1,NML,2,2025
"2603.,GL7T,VPCTC,RJP,VPCTC,VPCTC,21/15:43,21/15:48,23/11:34,23/11:44,""1 day, 19:46:00"",HLP,HLP,001,28,0,0,NML,2,2025"
2604.,B739,PKLQS,LNI,LNI805,LNI804,23/11:27,23/11:33,23/12:16,23/12:31,0:43:00,DPS,DPS,012,10,1,1,NML,2,2025
2605.,A320,PKGQU,CTV,CTV461,CTV698,23/11:19,23/11:26,23/12:05,23/12:17,0:39:00,AAP,DPS,006,10,1,1,NML,2,2025
2606.,A320,PKBLD,BTK,BTK6582,BTK6587,23/12:24,23/12:28,23/13:29,23/13:51,1:01:00,CGK,CGK,014,28,1,1,NML,2,2025
2607.,A320,PKSAL,SJV,SJV567,SJV636,23/11:14,23/11:19,23/13:20,23/13:27,2:01:00,PLW,BDJ,011,28,1,1,NML,2,2025
2608.,B739,PKLSK,LNI,LNI645,LNI780,23/09:55,23/10:00,23/12:49,23/12:58,2:49:00,LOP,UPG,020,10,0,0,NML,2,2025
2609.,A320,PKBKL,BTK,BTK6596,BTK6595,23/12:18,23/12:22,23/13:25,23/13:49,1:03:00,CGK,CGK,009,28,1,1,NML,2,2025
2610.,A320,PKGQT,CTV,CTV487,CTV668,23/11:53,23/12:00,23/13:21,23/13:34,1:21:00,BDJ,DPS,007,28,1,1,NML,2,2025
2611.,A320,PKPWD,PAS,PAS204,PAS205,23/12:12,23/12:15,23/13:22,23/13:38,1:07:00,CGK,CGK,005,28,1,1,NML,2,2025
2612.,A320,PKAZP,AWQ,AWQ393,AWQ324,23/12:31,23/12:35,23/13:22,23/13:42,0:47:00,JHB,KUL,A01,28,1,1,NML,2,2025
2613.,B739,PKLGR,LNI,LNI801,LNI680,23/13:47,23/13:53,23/14:44,23/14:55,0:51:00,UPG,PKY,011,28,1,1,NML,2,2025
2614.,A320,9VJSL,JSA,JSA247,JSA248,23/13:29,23/13:32,23/14:12,23/14:26,0:40:00,SIN,SIN,A07,28,1,1,NML,2,2025
2615.,A320,PKGQI,CTV,CTV716,CTV717,23/13:26,23/13:33,23/14:12,23/14:22,0:39:00,CGK,CGK,006,28,1,1,NML,2,2025
2616.,A320,PKSJR,SJV,SJV633,SJV726,23/13:32,23/13:37,23/14:26,23/14:34,0:49:00,BDJ,LBJ,017,28,1,1,NML,2,2025
2617.,B738,PKLOJ,LNI,LNI839,LNI722,23/13:01,23/13:04,23/14:04,23/14:17,1:00:00,PNK,KDI,012,28,1,1,NML,2,2025
2618.,B738,PKLJS,LNI,LNI869,LNI836,23/12:27,23/12:32,23/14:11,23/14:20,1:39:00,TTE,PNK,015,28,1,1,NML,2,2025
2619.,A320,PKGLP,CTV,CTV431,CTV948,23/13:36,23/13:41,23/14:18,23/14:30,0:37:00,BPN,BTH,008,28,1,1,NML,2,2025
2620.,A320,PKBLB,BTK,BTK7515,BTK7514,23/14:00,23/14:06,23/15:13,23/15:23,1:07:00,HLP,HLP,009,28,1,1,NML,2,2025
2621.,B738,PKGMV,GIA,GIA312,GIA317,23/13:44,23/13:49,23/14:51,23/15:05,1:02:00,CGK,CGK,004,28,1,1,NML,2,2025
2622.,B739,PKLQS,LNI,LNI804B,LNI804B,23/13:58,23/14:03,23/15:16,23/15:26,1:13:00,DPS,DPS,020,28,0,0,RTB,2,2025
2623.,B739,PKLHS,LNI,LNI749,LNI800,23/15:13,23/15:18,23/16:23,23/16:35,1:05:00,MDC,UPG,012,28,1,1,NML,2,2025
2624.,B739,PKLHL,LNI,LNI823,LNI642,23/16:33,23/16:38,23/17:47,23/17:56,1:08:49,LOP,LOP,011,28,1,1,NML,2,2025
2625.,B738,PKGNE,GIA,GIA330,GIA331,23/14:27,23/14:32,23/15:25,23/15:36,0:53:00,HLP,HLP,005,28,1,1,NML,2,2025
2626.,A320,PKSJU,SJV,SJV611,SJV614,23/08:28,23/08:33,23/15:43,23/15:52,7:10:00,BPN,BPN,026,28,0,0,NML,2,2025
2627.,A320,PKGQU,CTV,CTV699,CTV434,23/14:59,23/15:06,23/15:43,23/15:50,0:37:00,DPS,BPN,007,28,1,1,NML,2,2025
2628.,A320,PKLUS,BTK,BTK6406,BTK6220,23/18:19,23/18:25,23/19:13,23/19:24,0:48:00,CGK,BPN,016,28,1,1,NML,2,2025
2629.,A320,PKLZH,BTK,BTK7501,BTK7512,23/15:16,23/15:18,23/16:12,23/16:20,0:54:00,HLP,HLP,011,28,1,1,NML,2,2025
2630.,B739,PKLHP,LNI,LNI707,LNI581,23/18:06,23/18:12,23/19:23,23/19:33,1:11:00,UPG,CGK,015,28,1,1,NML,2,2025
2631.,B738,9MMXK,MAS,MAS873,MAS872,23/14:52,23/14:55,23/15:42,23/15:54,0:47:00,KUL,KUL,A07,28,1,1,NML,2,2025
2632.,A320,PKBKP,BTK,BTK6584,BTK6401,23/12:01,23/12:06,23/16:12,23/16:22,4:06:00,CGK,CGK,024,28,0,0,NML,2,2025
2633.,B739,PKLSV,LNI,LNI695,LNI316,23/16:30,23/16:35,23/17:54,23/18:03,1:18:57,KOE,BDJ,016,28,1,1,NML,2,2025
2634.,A320,PKSAF,SJV,SJV643,SJV672,23/15:19,23/15:25,23/18:00,23/18:18,2:35:00,AAP,BEJ,009,28,1,1,NML,2,2025
2635.,A320,PKGLV,CTV,CTV174,CTV715,23/15:30,23/15:39,23/16:27,23/16:37,0:48:00,HLP,CGK,006,28,1,1,NML,2,2025
2636.,B738,PKGFI,GIA,GIA310,GIA315,23/15:34,23/15:39,23/16:38,23/16:47,0:59:00,CGK,CGK,004,28,1,1,NML,2,2025
2637.,B739,PKLGJ,LNI,LNI879,LNI268,23/15:03,23/15:09,23/17:30,23/17:42,2:21:00,AMQ,TRK,015,28,1,1,NML,2,2025
2638.,B739,PKLGU,LNI,LNI692,LNI692,23/16:03,23/16:07,23/17:07,23/17:17,1:00:00,CGK,KOE,017,28,1,1,NML,2,2025
2639.,A320,PKPWL,PAS,PAS206,PAS623,23/16:07,23/16:14,23/16:53,23/17:02,0:39:00,CGK,BPN,005,28,1,1,NML,2,2025
2640.,A339,PKLET,LNI,LNI075,LNI100,23/14:31,23/14:35,23/17:54,23/18:14,3:19:00,JED,JED,A06,28,1,1,NML,2,2025
2641.,B739,PKLQS,LNI,LNI919,LNI226,23/18:16,23/18:21,23/20:34,23/20:47,2:13:00,DPS,BDJ,022,28,0,0,NML,2,2025
2642.,A320,PKGQS,CTV,CTV669,CTV488,23/16:56,23/17:02,23/17:37,23/17:47,0:35:00,DPS,BDJ,007,28,1,1,NML,2,2025
2643.,A320,PKAZO,AWQ,AWQ323,AWQ326,23/18:12,23/18:15,23/18:46,23/18:57,0:31:00,KUL,KUL,A01,28,1,1,NML,2,2025
2644.,B738,PKLJQ,LNI,LNI857,LNI838,23/14:56,23/15:04,23/18:30,23/18:38,3:26:00,PLM,PNK,014,28,1,1,NML,2,2025
2645.,A320,PKSJT,SJV,SJV703,SJV708,23/17:24,23/17:30,23/18:38,23/18:46,1:08:00,DPS,DPS,012,28,1,1,NML,2,2025
2646.,A320,PKPWJ,PAS,PAS622,PAS207,23/17:13,23/17:20,23/18:17,23/18:27,0:57:00,BPN,CGK,006,28,1,1,NML,2,2025
2647.,A320,PKSJR,SJV,SJV725,SJV716,23/17:49,23/17:54,23/19:25,23/19:35,1:31:58,LBJ,LOP,017,28,1,1,NML,2,2025
2648.,B738,PKCRH,SJY,SJY567,SJY562,23/17:53,23/18:00,23/18:43,23/18:55,0:43:00,UPG,UPG,011,28,1,1,NML,2,2025
2649.,B738MAX,9VMBP,SIA,SIA928,SIA929,23/18:01,23/18:04,23/18:54,23/19:08,0:50:54,SIN,SIN,A07,28,1,1,NML,2,2025
2650.,A320,PKBKY,BTK,BTK7503,BTK7502,23/18:52,23/19:00,23/19:48,23/19:59,0:47:58,HLP,HLP,009,28,1,1,NML,2,2025
2651.,B738,PKGUE,GIA,GIA320,GIA325,23/17:40,23/17:46,23/19:04,23/19:13,1:18:00,CGK,CGK,004,28,1,1,NML,2,2025
2652.,A320,PKSAL,SJV,SJV637,SJV7016,23/16:11,23/16:16,23/19:32,23/19:42,3:16:00,BDJ,DPS,026,28,0,0,NML,2,2025
2653.,A320,PKGLS,CTV,CTV949,CTV494,23/19:47,23/19:53,23/20:27,23/20:43,0:33:00,BTH,BDJ,009,28,1,1,NML,2,2025
2654.,B788,9VOFD,TGW,TGW262,TGW263,23/19:00,23/19:06,23/20:16,23/20:32,1:09:59,SIN,SIN,A06,28,1,1,NML,2,2025
2655.,B739,PKLHS,LNI,LNI885,LNI880,23/20:02,23/20:07,23/20:57,23/21:06,0:50:00,UPG,UPG,015,28,1,1,NML,2,2025
2656.,A320,PKLZH,BTK,BTK7519,BTK7518,23/19:29,23/19:34,23/20:23,23/20:38,0:48:57,HLP,HLP,008,28,1,1,NML,2,2025
2657.,A320,PKPWK,PAS,PAS202,PAS203,23/18:48,23/18:55,23/19:49,23/20:04,0:54:30,CGK,CGK,006,28,1,1,NML,2,2025
2658.,A320,PKGQQ,CTV,CTV736,CTV352,23/19:41,23/19:47,23/20:21,23/20:36,0:34:00,CGK,UPG,011,28,1,1,NML,2,2025
2659.,A320,PKGQU,CTV,CTV435,CTV662,23/19:05,23/19:14,23/20:08,23/20:17,0:54:00,BPN,DPS,007,28,1,1,NML,2,2025
2660.,B738,PKGFG,GIA,GIA326,GIA313,23/19:10,23/19:18,23/20:18,23/20:27,0:59:02,CGK,CGK,004,28,1,1,NML,2,2025
2661.,A320,PKLUR,BTK,BTK6413,BTK6575,23/19:33,23/19:38,23/22:44,23/22:53,3:06:00,DPS,CGK,012,28,1,1,NML,2,2025
2662.,A320,PKGQS,CTV,CTV495,CTV354,23/20:14,23/20:21,23/21:07,23/21:17,0:46:00,BDJ,UPG,007,28,1,1,NML,2,2025
2663.,B738,PKGFD,GIA,GIA324,GIA329,23/19:49,23/19:56,23/20:59,23/21:09,1:02:48,CGK,CGK,006,28,1,1,NML,2,2025
2664.,A320,PKBKV,BTK,BTK6137,BTK6136,23/19:57,23/20:03,23/22:23,23/22:33,2:20:00,UPG,UPG,014,28,1,1,NML,2,2025
2665.,A320,PKGLT,CTV,CTV489,CTV719,23/22:19,23/22:27,23/23:03,23/23:11,0:36:00,BDJ,CGK,008,28,1,1,NML,2,2025
2666.,B739,PKLGR,LNI,LNI681,LNI786,23/17:35,23/17:39,24/05:01,24/05:11,11:22:00,PKY,UPG,020,28,0,0,NML,2,2025
2667.,A320,PKSAF,SJV,SJV673,SJV610,23/22:40,23/22:48,24/04:53,24/05:03,6:05:00,BEJ,BPN,012,28,1,1,NML,2,2025
2668.,B733F,PKMYV,MYU,MYU935,MYU815,23/13:40,23/13:43,24/04:58,24/05:08,15:14:59,SRG,CGK,C02,28,0,0,NML,2,2025
2669.,A320,PKGQK,CTV,CTV720,CTV430,23/22:47,23/22:55,24/04:53,24/05:08,5:58:00,CGK,BPN,007,28,1,1,NML,2,2025
2670.,B739,PKLOJ,LNI,LNI727,LNI878,23/18:24,23/18:30,24/05:06,24/05:17,10:36:00,KDI,AMQ,024,28,0,0,NML,2,2025
2671.,A320,PKLUS,BTK,BTK6221,BTK7508,23/22:37,23/22:43,24/05:05,24/05:16,6:22:00,BPN,HLP,014,28,1,1,NML,2,2025
2672.,A320,PKAZP,AWQ,AWQ325,AWQ320,23/19:26,23/19:29,24/05:00,24/05:11,9:31:00,KUL,KUL,A01,28,1,1,NML,2,2025
2673.,A320,PKGQP,CTV,CTV726,CTV725,23/21:48,23/21:55,24/05:42,24/05:56,7:47:00,CGK,CGK,006,28,1,1,NML,2,2025
2674.,A320,V8RBF,RBA,RBA795,RBA796,23/20:30,23/20:34,24/05:45,24/05:57,9:11:00,BWN,BWN,A07,28,1,1,NML,2,2025
2675.,A320,PKSAQ,SJV,SJV619,SJV706,23/15:59,23/16:06,24/05:59,24/06:12,13:53:00,BPN,DPS,025,28,0,0,NML,2,2025
2676.,B739,PKLHP,LNI,LNI690,LNI693,24/05:01,24/05:08,24/06:12,24/06:22,1:04:00,CGK,CGK,008,28,1,1,NML,2,2025
2677.,A320,PKGQT,CTV,CTV353,CTV484,24/05:06,24/05:13,24/05:47,24/06:02,0:34:00,UPG,BDJ,007,28,1,1,NML,2,2025
2678.,A320,PKPWG,PAS,PAS212,PAS213,23/20:34,23/20:41,24/05:54,24/06:04,9:13:00,CGK,CGK,004,28,1,1,NML,2,2025
2679.,A320,PKSAL,SJV,SJV727,SJV640,23/22:23,23/22:31,24/05:56,24/06:05,7:25:00,DPS,AAP,022,28,0,0,NML,2,2025
2680.,B739,PKLHH,LNI,LNI972,LNI882,23/17:08,23/17:13,24/05:59,24/06:08,12:46:00,BTH,UPG,018,28,0,0,NML,2,2025
2681.,B738,PKBGF,BTK,BTK6588,BTK6589,23/22:13,23/22:19,24/05:59,24/06:10,7:40:00,CGK,CGK,009,28,1,1,NML,2,2025
2682.,A320,PKLAQ,BTK,BTK6576,BTK6412,23/21:44,23/21:51,24/06:20,24/06:32,8:29:00,CGK,DPS,011,28,1,1,NML,2,2025
2683.,A320,PKSJU,SJV,SJV617,SJV634,23/19:17,23/19:21,24/06:28,24/06:37,11:07:00,BPN,BDJ,016,28,1,1,NML,2,2025
2684.,A320,PKSJR,SJV,SJV717,SJV566,24/05:53,24/05:59,24/06:59,24/07:12,1:00:00,LOP,PLW,014,28,1,1,NML,2,2025
"2685.,A320,PKLUG,BTK,BTK7515,BTK6135,22/14:18,22/14:23,24/07:18,24/07:24,""1 day, 16:55:00"",HLP,PKN,021,28,0,0,NML,2,2025"
2686.,A320,PKBKG,BTK,BTK6572,BTK6573,24/06:30,24/06:36,24/07:23,24/07:29,0:47:00,CGK,CGK,009,28,1,1,NML,2,2025
2687.,B739,PKLSV,LNI,LNI311,LNI971,24/06:00,24/06:05,24/06:55,24/07:05,0:50:00,BDJ,BTH,012,28,1,1,NML,2,2025
2688.,B738,PKGFQ,GIA,GIA349,GIA854,23/17:45,23/23:33,24/07:07,24/07:17,13:16:00,DPS,SIN,A02,28,1,1,NML,2,2025
2689.,B738,PKGFS,GIA,GIA855,GIA305,23/20:55,23/23:49,24/06:59,24/07:10,10:00:00,SIN,CGK,005,28,1,1,NML,2,2025
2690.,B739,PKLSP,LNI,LNI363,LNI646,24/06:20,24/06:25,24/07:28,24/07:35,1:03:00,BPN,LOP,020,28,0,0,NML,2,2025
2691.,A320,PKLZH,BTK,BTK7511,BTK7510,24/06:39,24/06:44,24/07:35,24/07:45,0:51:00,HLP,HLP,011,28,1,1,NML,2,2025
2692.,A320,PKAZO,AWQ,AWQ327,AWQ392,24/00:24,24/00:29,24/07:31,24/07:42,7:02:00,KUL,JHB,A03,28,1,1,NML,2,2025
2693.,B738,PKLGU,LNI,LNI693,LNI697,24/06:57,24/07:02,24/08:02,24/08:14,1:00:00,KOE,CGK,016,28,1,1,NML,2,2025
"2694.,C208,PKVVO,SUS,PKVVO,SUS6197,21/09:06,21/09:09,24/08:00,24/08:10,""2 days, 22:51:00"",BXW,BXW,C07,28,0,0,NML,2,2025"
2695.,A320,PKGQU,CTV,CTV661,CTV460,24/06:54,24/07:01,24/07:46,24/07:53,0:45:00,DPS,AAP,006,28,1,1,NML,2,2025
2696.,A333,BLAP,CPA,CPA779,CPA780,23/18:09,23/18:12,24/07:58,24/08:10,13:46:00,HKG,HKG,A08,28,1,1,NML,2,2025
2697.,B739,PKLGJ,LNI,LNI267,LNI990,24/07:09,24/07:15,24/08:22,24/08:33,1:07:00,TRK,DPS,012,28,1,1,NML,2,2025
2698.,A320,PKGQS,CTV,CTV355,CTV177,24/07:46,24/07:54,24/08:26,24/08:35,0:32:00,UPG,HLP,007,28,1,1,NML,2,2025
2699.,B738,PKLDO,MXD,MXD352,MXD353,23/20:20,23/20:25,24/09:22,24/09:35,12:57:00,KUL,KUL,A04,28,1,1,NML,2,2025
2700.,A320,PKSAS,SJV,SJV649,SJV618,24/07:56,24/08:02,24/09:00,24/09:18,0:58:00,BPN,BPN,014,28,1,1,NML,2,2025
2701.,A320,PKLUQ,BTK,BTK6586,BTK6581,23/21:52,23/21:59,24/08:58,24/09:10,10:59:00,CGK,CGK,015,28,1,1,NML,2,2025
2702.,B738,PKLKQ,LNI,LNI709,LNI748,23/19:22,23/19:26,24/09:08,24/09:25,13:41:18,UPG,MDC,023,28,0,0,NML,2,2025
2703.,B739,PKLHR,LNI,LNI683,LNI682,24/08:03,24/08:09,24/09:08,24/09:20,0:59:00,PKY,PKY,009,28,1,1,NML,2,2025
2704.,A320,PKPWE,PAS,PAS200,PAS201,24/08:14,24/08:20,24/09:14,24/09:28,0:54:00,CGK,CGK,006,28,1,1,NML,2,2025
2705.,B738,PKGUC,GIA,GIA304,GIA342,24/08:26,24/08:32,24/09:22,24/09:33,0:50:09,CGK,DPS,004,28,1,1,NML,2,2025
2706.,A320,PKGQT,CTV,CTV485,CTV486,24/08:30,24/08:36,24/09:16,24/09:31,0:40:00,BDJ,BDJ,005,28,1,1,NML,2,2025
2707.,A320,PKSAQ,SJV,SJV703,SJV702,24/08:37,24/08:41,24/09:28,24/09:39,0:47:00,DPS,DPS,017,28,1,1,NML,2,2025
2708.,A320,9VTRP,TGW,TGW264,TGW265,24/09:16,24/09:19,24/10:15,24/10:39,0:56:00,SIN,SIN,A02,10,1,1,NML,2,2025
2709.,B738,9MMSG,MAS,MAS871,MAS870,24/09:12,24/09:15,24/10:06,24/10:21,0:51:00,KUL,KUL,A07,10,1,1,NML,2,2025
2710.,B738,PKLZO,MXD,MXD350,MXD351,24/09:06,24/09:08,24/10:07,24/10:16,0:59:00,KUL,KUL,A03,10,1,1,NML,2,2025
2711.,B735,PKNAS,LKN,LKN243,LKN242,24/08:58,24/09:05,24/09:49,24/10:00,0:44:00,SMQ,SMQ,011,28,1,1,NML,2,2025
2712.,A359,9VSHS,SIA,SIA922,SIA923,24/09:02,24/09:05,24/10:14,24/10:29,1:09:00,SIN,SIN,A08,10,1,1,NML,2,2025
2713.,A320,PKSJU,SJV,SJV635,SJV632,24/09:22,24/09:28,24/10:17,24/10:32,0:49:00,BDJ,BDJ,012,10,1,1,NML,2,2025
2714.,A320,PKGQI,CTV,CTV351,CTV350,24/09:37,24/09:44,24/10:17,24/10:36,0:33:00,UPG,UPG,007,10,1,1,NML,2,2025
2715.,B739,PKLGL,LNI,LNI791,LNI706,24/10:16,24/10:21,24/11:09,24/11:20,0:48:09,UPG,UPG,018,10,0,0,NML,2,2025
2716.,A320,PKBGF,BTK,BTK6584,BTK7516,24/09:41,24/09:46,24/10:53,24/11:04,1:07:00,CGK,HLP,009,10,1,1,NML,2,2025
2717.,B739,PKLQS,LNI,LNI315,LNI973,24/09:46,24/09:51,24/10:50,24/10:59,0:59:00,BDJ,BTH,015,10,1,1,NML,2,2025
2718.,A320,PKLAF,BTK,BTK7513,BTK6585,24/10:13,24/10:17,24/11:25,24/11:36,1:08:34,HLP,CGK,008,10,1,1,NML,2,2025
2719.,B739,PKLGM,LNI,LNI970,LNI822,24/09:49,24/09:55,24/11:34,24/11:48,1:39:00,BTH,LOP,014,10,1,1,NML,2,2025
2720.,A320,PKSAL,SJV,SJV641,SJV642,24/09:52,24/09:57,24/10:53,24/11:01,0:56:11,AAP,AAP,011,10,1,1,NML,2,2025
2721.,B739,PKLKM,LNI,LNI694,LNI694,24/10:10,24/10:15,24/11:12,24/11:23,0:57:00,CGK,KOE,017,10,1,1,NML,2,2025
2722.,A320,PKAZP,AWQ,AWQ321,AWQ322,24/10:37,24/10:42,24/11:16,24/11:25,0:34:16,KUL,KUL,A01,10,1,1,NML,2,2025
2723.,A320,PKLZH,BTK,BTK7517,BTK7520,24/10:48,24/10:52,24/11:36,24/11:50,0:44:15,HLP,HLP,012,10,1,1,NML,2,2025
2724.,B738,PKGFI,GIA,GIA322,GIA327,24/10:21,24/10:25,24/11:34,24/11:46,1:09:06,CGK,CGK,004,10,1,1,NML,2,2025
2725.,B739,PKLFK,LNI,LNI801,LNI804,24/11:14,24/11:16,24/12:37,24/12:44,1:21:05,UPG,DPS,011,28,1,1,NML,2,2025
2726.,A320,PKGQU,CTV,CTV461,CTV698,24/11:26,24/11:28,24/12:15,24/12:21,0:47:00,AAP,DPS,006,10,1,1,NML,2,2025
2727.,B739,PKLSP,LNI,LNI645,LNI780,24/10:25,24/10:29,24/12:33,24/12:42,2:04:00,LOP,UPG,021,28,0,0,NML,2,2025
2728.,A320,PKLUG,BTK,BTK6134,BTK6587,24/10:30,24/10:35,24/12:29,24/12:37,1:54:00,PKN,CGK,016,28,1,1,NML,2,2025
2729.,A339,PKLES,LNI,LNI105,LNI074,24/11:18,24/11:25,24/13:27,24/13:54,2:02:00,JED,MED,A07,10,1,1,NML,2,2025
2730.,A320,PKAZO,AWQ,AWQ393,AWQ324,24/13:22,24/13:25,24/13:59,24/14:09,0:34:00,JHB,KUL,A01,28,1,1,NML,2,2025
2731.,A320,PKPWD,PAS,PAS204,PAS205,24/12:04,24/12:07,24/13:14,24/13:24,1:06:14,CGK,CGK,005,28,1,1,NML,2,2025
2732.,A320,PKGQT,CTV,CTV487,CTV668,24/12:07,24/12:10,24/13:19,24/13:27,1:09:00,BDJ,DPS,007,28,1,1,NML,2,2025
2733.,A320,PKGQQ,CTV,CTV716,CTV717,24/13:39,24/13:45,24/14:32,24/14:46,0:47:00,CGK,CGK,006,28,1,1,NML,2,2025
2734.,B738,PKLJS,LNI,LNI839,LNI722,24/13:29,24/13:36,24/16:31,24/16:39,2:55:00,PNK,KDI,011,28,1,1,NML,2,2025
2735.,B738,PKLJQ,LNI,LNI837,LNI836,24/09:29,24/09:34,24/14:52,24/15:04,5:18:00,PNK,PNK,020,28,0,0,NML,2,2025
2736.,B738,PKGFW,GIA,GIA312,GIA317,24/13:25,24/13:32,24/14:40,24/14:52,1:08:00,CGK,CGK,008,28,1,1,NML,2,2025
2737.,A339,PKLEV,LNI,LNI079,LNI106,24/13:01,24/13:05,24/15:59,24/16:14,2:54:00,JED,JED,A06,28,1,1,NML,2,2025
2738.,A320,PKGQK,CTV,CTV431,CTV948,24/13:36,24/13:44,24/14:35,24/14:49,0:51:00,BPN,BTH,005,28,1,1,NML,2,2025
2739.,B739,PKLGM,LNI,LNI823,LNI260,24/14:20,24/14:26,24/15:24,24/15:33,0:58:00,LOP,BPN,012,28,1,1,NML,2,2025
2740.,A320,PKBKQ,BTK,BTK7515,BTK7514,24/14:47,24/14:53,24/15:43,24/15:51,0:50:00,HLP,HLP,009,28,1,1,NML,2,2025
2741.,A320,PKBLD,BTK,BTK6582,BTK6595,24/15:44,24/15:49,24/16:53,24/17:01,1:04:00,CGK,CGK,012,28,1,1,NML,2,2025
2742.,B739,PKLGR,LNI,LNI787,LNI642,24/12:46,24/12:50,24/16:09,24/16:17,3:18:47,UPG,LOP,018,28,0,0,NML,2,2025
2743.,B738,PKGNG,GIA,GIA330,GIA331,24/14:32,24/14:41,24/15:26,24/15:37,0:45:00,HLP,HLP,004,28,1,1,NML,2,2025
2744.,A320,PKLAZ,BTK,BTK6596,BTK6220,24/15:28,24/15:34,24/16:41,24/16:52,1:07:00,CGK,BPN,008,28,1,1,NML,2,2025
2745.,B739,PKLHH,LNI,LNI707,LNI920,24/14:55,24/15:00,24/16:00,24/16:10,1:00:00,UPG,DPS,015,28,1,1,NML,2,2025
2746.,A320,9VJSL,JSA,JSA247,JSA248,24/14:37,24/14:40,24/15:27,24/15:42,0:47:00,SIN,SIN,A07,28,1,1,NML,2,2025
2747.,A320,PKLZH,BTK,BTK7501,BTK7512,24/15:12,24/15:18,24/17:06,24/17:14,1:48:00,HLP,HLP,020,28,0,0,NML,2,2025
2748.,A320,PKSJR,SJV,SJV567,SJV672,24/11:31,24/11:35,24/17:36,24/17:51,6:01:00,PLW,BEJ,023,28,0,0,NML,2,2025
2749.,B738,PKLKQ,LNI,LNI749,LNI581,24/15:07,24/15:12,24/16:18,24/16:30,1:06:00,MDC,CGK,016,28,1,1,NML,2,2025
2750.,A320,PKGQU,CTV,CTV699,CTV434,24/15:01,24/15:07,24/15:54,24/16:03,0:47:00,DPS,BPN,006,28,1,1,NML,2,2025
2751.,A320,PKBKP,BTK,BTK6406,BTK6401,24/16:58,24/17:04,24/17:49,24/17:59,0:45:00,CGK,CGK,009,28,1,1,NML,2,2025
2752.,B738,PKLOJ,LNI,LNI879,LNI316,24/14:58,24/15:03,24/18:02,24/18:20,2:59:00,AMQ,BDJ,014,28,1,1,NML,2,2025
2753.,A320,PKGQS,CTV,CTV174,CTV715,24/15:30,24/15:36,24/16:21,24/16:31,0:45:00,HLP,CGK,007,28,1,1,NML,2,2025
2754.,B738MAX,9VMBB,SIA,SIA926,SIA927,24/16:37,24/16:40,24/17:37,24/17:55,0:57:00,SIN,SIN,A08,28,1,1,NML,2,2025
2755.,B738,PKGUA,GIA,GIA310,GIA315,24/15:34,24/15:44,24/16:43,24/16:54,0:59:00,CGK,CGK,004,28,1,1,NML,2,2025
2756.,B739,PKLGJ,LNI,LNI805,LNI268,24/11:21,24/11:25,24/17:58,24/18:08,6:32:29,DPS,TRK,022,28,0,0,NML,2,2025
2757.,B739,PKLGU,LNI,LNI692,LNI692,24/16:45,24/16:51,24/17:36,24/17:48,0:45:00,CGK,KOE,015,28,1,1,NML,2,2025
2758.,A320,PKPWG,PAS,PAS206,PAS623,24/16:32,24/16:39,24/17:17,24/17:24,0:38:00,CGK,BPN,005,28,1,1,NML,2,2025
2759.,B738,PKLOP,LNI,LNI709,LNI838,24/16:56,24/17:01,24/17:56,24/18:06,0:55:00,UPG,PNK,016,28,1,1,NML,2,2025
2760.,B739,PKLGO,LNI,LNI919,LNI226,24/14:43,24/14:50,24/18:00,24/18:14,3:10:00,DPS,BDJ,017,28,1,1,NML,2,2025
2761.,A320,PKAZP,AWQ,AWQ323,AWQ326,24/17:11,24/17:15,24/17:48,24/18:04,0:33:00,KUL,KUL,A01,28,1,1,NML,2,2025
2762.,A320,PKGTK,CTV,CTV669,CTV488,24/17:04,24/17:12,24/17:43,24/17:57,0:31:00,DPS,BDJ,007,28,1,1,NML,2,2025
2763.,A320,PKPWJ,PAS,PAS622,PAS207,24/17:40,24/17:50,24/18:29,24/18:37,0:39:00,BPN,CGK,006,28,1,1,NML,2,2025
2764.,B738MAX,9VMBE,SIA,SIA928,SIA929,24/17:53,24/17:56,24/18:55,24/19:09,0:59:00,SIN,SIN,A07,28,1,1,NML,2,2025
2765.,B738,PKGMI,GIA,GIA320,GIA325,24/17:45,24/17:56,24/19:03,24/19:14,1:07:00,CGK,CGK,004,28,1,1,NML,2,2025
2766.,B735,PKCLE,SJY,SJY567,SJY562,24/17:49,24/17:55,24/18:34,24/18:43,0:39:00,UPG,UPG,011,28,1,1,NML,2,2025
2767.,A320,PKLUS,BTK,BTK7503,BTK7502,24/18:17,24/18:22,24/19:03,24/19:12,0:41:00,HLP,HLP,009,28,1,1,NML,2,2025
2768.,A339,PKLET,LNI,LNI101,LNI104,24/18:11,24/18:16,24/20:32,24/20:54,2:16:00,JED,JED,A06,28,1,1,NML,2,2025
2769.,A320,PKBKO,BTK,BTK6576,BTK6575,24/21:09,24/21:15,24/22:02,24/22:13,0:47:00,CGK,CGK,009,28,1,1,NML,2,2025
2770.,A320,PKBLA,BTK,BTK7519,BTK7518,24/19:55,24/20:02,24/21:16,24/21:22,1:13:43,HLP,HLP,011,28,1,1,NML,2,2025
2771.,B739,PKLQS,LNI,LNI972,LNI880,24/16:50,24/16:55,24/22:00,24/22:10,5:05:00,BTH,UPG,018,28,0,0,NML,2,2025
2772.,A320,PKPWK,PAS,PAS202,PAS203,24/19:05,24/19:12,24/19:50,24/19:59,0:38:00,CGK,CGK,006,28,1,1,NML,2,2025
2773.,A320,PKGQN,CTV,CTV949,CTV494,24/19:36,24/19:42,24/20:21,24/20:30,0:39:00,BTH,BDJ,009,28,1,1,NML,2,2025
2774.,A320,PKGLR,CTV,CTV736,CTV352,24/19:39,24/19:45,24/20:33,24/20:47,0:48:00,CGK,UPG,007,28,1,1,NML,2,2025
2775.,A320,PKGQU,CTV,CTV435,CTV662,24/19:26,24/19:34,24/20:24,24/20:39,0:50:00,BPN,DPS,008,28,1,1,NML,2,2025
2776.,B738,PKGUC,GIA,GIA349,GIA319,24/18:02,24/18:09,24/20:55,24/21:04,2:46:00,DPS,CGK,005,28,1,1,NML,2,2025
2777.,A320,PKGTK,CTV,CTV495,CTV354,24/20:31,24/20:41,24/21:15,24/21:26,0:34:00,BDJ,UPG,006,28,1,1,NML,2,2025
2778.,A320,PKGQM,CTV,CTV489,CTV719,24/21:12,24/21:18,24/21:58,24/22:08,0:40:00,BDJ,CGK,005,28,1,1,NML,2,2025
2779.,A320,PKLUY,BTK,BTK6137,BTK6136,24/19:33,24/19:39,24/22:27,24/22:33,2:48:00,UPG,UPG,012,28,1,1,NML,2,2025
2780.,A320,PKGLT,CTV,CTV726,CTV430,24/20:44,24/20:52,25/04:58,25/05:06,8:06:00,CGK,BPN,008,28,1,1,NML,2,2025
2781.,A320,PKSJV,SJV,SJV619,SJV610,24/16:28,24/16:33,25/05:03,25/05:17,12:30:00,BPN,BPN,C04,28,0,0,NML,2,2025
"2782.,B739,PKLHL,LNI,LNI865,LNI786,23/20:46,24/22:58,25/05:03,25/05:13,""1 day, 8:12:00"",LOP,UPG,009,28,1,0,NML,2,2025"
2783.,B738,PKLJS,LNI,LNI727,LNI878,24/20:37,24/20:43,25/04:57,25/05:11,8:14:00,KDI,AMQ,022,28,0,0,NML,2,2025
2784.,A320,PKAZP,AWQ,AWQ327,AWQ320,24/23:16,24/23:21,25/05:01,25/05:15,5:40:00,KUL,KUL,A04,28,1,1,NML,2,2025
2785.,A320,PKLUQ,BTK,BTK6588,BTK7508,24/22:06,24/22:12,25/05:17,25/05:26,7:05:00,CGK,HLP,014,28,1,1,NML,2,2025
2786.,A320,PKGLS,CTV,CTV720,CTV725,24/21:49,24/21:56,25/05:38,25/05:49,7:42:00,CGK,CGK,006,28,1,1,NML,2,2025
2787.,A320,V8RBD,RBA,RBA795,RBA796,24/20:03,24/20:06,25/05:57,25/06:09,9:51:00,BWN,BWN,A07,28,1,1,NML,2,2025
2788.,A320,PKBKP,BTK,BTK6586,BTK6589,24/21:28,24/21:34,25/06:00,25/06:16,8:26:00,CGK,CGK,023,28,0,0,NML,2,2025
2789.,A320,PKGTK,CTV,CTV353,CTV484,25/05:08,25/05:14,25/05:55,25/06:05,0:41:39,UPG,BDJ,005,28,1,1,NML,2,2025
2790.,A320,PKSJU,SJV,SJV633,SJV640,24/13:33,24/13:38,25/05:58,25/06:09,16:20:48,BDJ,AAP,025,28,0,0,NML,2,2025
2791.,A320,PKSJF,SJV,SJV727,SJV706,24/20:42,24/20:48,25/05:59,25/06:07,9:11:54,DPS,DPS,015,28,1,1,NML,2,2025
2792.,SR22,N41GH,ACR,N41GH,N41GH,24/19:18,24/19:21,25/06:04,25/06:12,10:43:00,DMK,DRW,C01,28,0,0,NML,2,2025
2793.,A320,PKPWI,PAS,PAS212,PAS213,24/20:49,24/20:57,25/05:48,25/05:58,8:51:00,CGK,CGK,007,28,1,1,NML,2,2025
2794.,A320,PKAZO,AWQ,AWQ325,AWQ386,24/20:34,24/20:39,25/06:26,25/06:36,9:47:00,KUL,PEN,A01,28,1,1,NML,2,2025
2795.,A320,PKSJR,SJV,SJV673,SJV634,24/21:59,24/22:04,25/06:22,25/06:29,8:18:00,BEJ,BDJ,011,28,1,1,NML,2,2025
2796.,B738MAX,PKOFM,AFE,AFE921,AFE921,25/05:49,25/05:53,25/06:36,25/06:46,0:43:00,CGK,TIM,006,28,1,1,NML,2,2025
"2797.,A320,PKAZL,AWQ,AWQ325,AWQ88,18/19:08,20/11:35,25/06:44,25/06:56,""6 days, 11:32:00"",KUL,DPS,C05,28,0,1,NML,2,2025"
2798.,A320,PKBKG,BTK,BTK6572,BTK6573,25/06:33,25/06:43,25/07:25,25/07:34,0:42:00,CGK,CGK,008,28,1,1,NML,2,2025
2799.,B739,PKLGO,LNI,LNI311,LNI971,25/05:56,25/06:02,25/06:57,25/07:01,0:54:37,BDJ,BTH,012,28,1,1,NML,2,2025
2800.,A320,PKLZH,BTK,BTK7521,BTK6135,24/20:22,24/20:27,25/07:03,25/07:12,10:36:00,HLP,PKN,016,28,1,1,NML,2,2025
2801.,C208,PKVVO,SUS,PKVVO,SUS6197,24/09:51,24/09:57,25/07:21,25/07:25,21:24:00,BXW,BXW,C07,28,0,0,NML,2,2025
2802.,B738,PKGFQ,GIA,GIA855,GIA305,24/20:51,24/22:45,25/07:00,25/07:10,10:04:00,SIN,CGK,004,28,1,1,NML,2,2025
2803.,B738,PKGNE,GIA,GIA328,GIA854,24/20:09,24/22:41,25/07:05,25/07:18,10:45:00,CGK,SIN,A02,28,1,1,NML,2,2025
2804.,B739,PKLKM,LNI,LNI695,LNI646,24/16:42,24/16:48,25/07:20,25/07:28,14:32:00,KOE,LOP,024,28,0,0,NML,2,2025
2805.,A320,PKLAZ,BTK,BTK6221,BTK7510,24/20:18,24/20:24,25/07:56,25/08:05,11:32:00,BPN,HLP,017,28,1,1,NML,2,2025
"2806.,AW139,PKTVN,TVR,PKTVN,PKTVN,20/20:32,20/20:37,25/07:25,25/07:26,""4 days, 10:48:00"",MBH,SUB,H02,28,0,0,NML,2,2025"
2807.,B739,PKLGR,LNI,LNI865,LNI693,24/18:41,24/18:46,25/07:52,25/08:04,13:06:00,LOP,CGK,020,28,0,0,NML,2,2025
2808.,B739,PKLHH,LNI,LNI929,LNI982,25/06:54,25/06:59,25/08:18,25/08:27,1:19:00,DPS,PKU,014,28,1,1,NML,2,2025
2809.,A320,PKGQU,CTV,CTV661,CTV460,25/07:05,25/07:11,25/07:46,25/08:01,0:35:00,DPS,AAP,006,28,1,1,NML,2,2025
2810.,A333,BHLU,CPA,CPA779,CPA780,24/18:33,24/18:36,25/08:13,25/08:31,13:37:00,HKG,HKG,A08,28,1,1,NML,2,2025
2811.,B739,PKLGJ,LNI,LNI267,LNI990,25/07:08,25/07:14,25/08:22,25/08:37,1:08:00,TRK,DPS,011,28,1,1,NML,2,2025
"2812.,DHC6,PKICP,PGT,PKICP,PKICP,22/10:50,22/10:52,25/07:47,25/07:55,""2 days, 20:55:00"",PAG,PAG,028,28,0,0,NML,2,2025"
2813.,A320,PKGQL,CTV,CTV355,CTV177,25/07:51,25/07:59,25/08:36,25/08:46,0:37:00,UPG,HLP,007,28,1,1,NML,2,2025
2814.,BK17,PKFGG,SAG,PKFGG,PKFGG,25/08:17,25/08:20,25/08:30,25/08:32,0:10:00,ZKD,SUB,A01,28,0,0,NML,2,2025
2815.,A320,PKSAF,SJV,SJV649,SJV618,25/07:41,25/07:46,25/08:59,25/09:10,1:13:00,BPN,BPN,016,10,1,1,NML,2,2025
2816.,B738,PKLKP,LNI,LNI837,LNI748,25/08:05,25/08:10,25/09:02,25/09:18,0:52:00,PNK,MDC,015,10,1,1,NML,2,2025
2817.,B739,PKLFW,LNI,LNI683,LNI682,25/08:02,25/08:06,25/09:03,25/09:14,0:57:00,PKY,PKY,023,10,0,0,NML,2,2025
2818.,A320,PKPWE,PAS,PAS200,PAS201,25/08:14,25/08:20,25/09:07,25/09:22,0:47:00,CGK,CGK,005,10,1,1,NML,2,2025
2819.,B738,PKGUC,GIA,GIA304,GIA342,25/08:33,25/08:40,25/09:30,25/09:54,0:50:00,CGK,DPS,004,10,1,1,NML,2,2025
2820.,A320,PKGTK,CTV,CTV485,CTV486,25/08:27,25/08:33,25/09:11,25/09:36,0:38:00,BDJ,BDJ,006,10,1,1,NML,2,2025
2821.,B738,PKLDO,MXD,MXD352,MXD353,24/20:28,24/20:35,25/09:36,25/10:00,13:01:00,KUL,KUL,A03,10,1,1,NML,2,2025
2822.,A320,9VTRU,TGW,TGW264,TGW265,25/08:55,25/08:58,25/09:49,25/10:06,0:51:00,SIN,SIN,A02,10,1,1,NML,2,2025
2823.,B738,9MMXQ,MAS,MAS871,MAS870,25/09:19,25/09:27,25/10:15,25/10:29,0:48:00,KUL,KUL,A07,10,1,1,NML,2,2025
2824.,A320,PKLUO,BTK,BTK7511,BTK6581,25/06:44,25/06:50,25/09:54,25/10:09,3:04:00,HLP,CGK,009,10,1,1,NML,2,2025
2825.,E135,T7JCI,AFS,T7JCI,T7JCI,25/09:08,25/09:12,25/09:55,25/10:06,0:43:00,CGK,CGK,A09,10,0,0,NML,2,2025
2826.,B735,PKNAS,LKN,LKN243,LKN242,25/09:24,25/09:27,25/10:03,25/10:17,0:36:00,SMQ,SMQ,011,10,1,1,NML,2,2025
2827.,B738,9MLDF,MXD,MXD350,MXD351,25/09:12,25/09:19,25/10:10,25/10:20,0:51:00,KUL,KUL,A04,10,1,1,NML,2,2025
2828.,A320,PKLUI,BTK,BTK6584,BTK6585,25/09:46,25/09:50,25/10:49,25/11:05,0:59:00,CGK,CGK,008,10,1,1,NML,2,2025
2829.,A359,9VSHI,SIA,SIA922,SIA923,25/09:16,25/09:22,25/10:20,25/10:38,0:58:00,SIN,SIN,A08,10,1,1,NML,2,2025
2830.,A320,PKGQI,CTV,CTV351,CTV350,25/09:34,25/09:38,25/10:16,25/10:30,0:38:00,UPG,UPG,007,10,1,1,NML,2,2025
2831.,B738,PKLSF,LNI,LNI791,LNI706,25/09:41,25/09:45,25/10:44,25/10:52,0:59:00,UPG,UPG,017,10,1,1,NML,2,2025
2832.,A320,PKPWI,PAS,PAS210,PAS211,25/09:30,25/09:33,25/10:36,25/10:45,1:03:00,CGK,CGK,005,10,1,1,NML,2,2025
2833.,A320,PKBLA,BTK,BTK7513,BTK7516,25/10:26,25/10:29,25/11:16,25/11:32,0:47:00,HLP,HLP,009,10,1,1,NML,2,2025
2834.,B739,PKLHP,LNI,LNI970,LNI973,25/09:57,25/10:01,25/10:47,25/11:03,0:46:00,BTH,BTH,014,10,1,1,NML,2,2025
2835.,A320,PKLZH,BTK,BTK6134,BTK6346,25/09:49,25/09:53,25/10:52,25/11:07,0:59:00,PKN,BEJ,012,10,1,1,NML,2,2025
2836.,B739,PKLKM,LNI,LNI645,LNI822,25/10:02,25/10:06,25/11:02,25/11:11,0:56:00,LOP,LOP,015,10,1,1,NML,2,2025
2837.,B739,PKLHS,LNI,LNI694,LNI694,25/10:22,25/10:26,25/11:19,25/11:38,0:53:00,CGK,KOE,016,10,1,1,NML,2,2025
2838.,A320,PKAZP,AWQ,AWQ321,AWQ322,25/11:01,25/11:06,25/11:37,25/11:45,0:31:00,KUL,KUL,A01,10,1,1,NML,2,2025
2839.,B738,PKLOJ,LNI,LNI315,LNI697,25/08:57,25/09:02,25/11:31,25/11:40,2:29:00,BDJ,CGK,020,10,0,0,NML,2,2025
2840.,B738,PKGUF,GIA,GIA322,GIA327,25/10:15,25/10:19,25/11:31,25/11:51,1:12:00,CGK,CGK,004,10,1,1,NML,2,2025
2841.,A320,PKLAZ,BTK,BTK7517,BTK7520,25/11:25,25/11:30,25/12:25,25/12:37,0:55:00,HLP,HLP,009,10,1,1,NML,2,2025
2842.,A320,PKSTD,SJV,SJV363,SJV362,25/12:50,25/12:54,25/13:56,25/14:05,1:02:00,KNO,KNO,015,10,1,1,NML,2,2025
2843.,A320,PKGQU,CTV,CTV461,CTV698,25/11:28,25/11:33,25/12:14,25/12:25,0:41:00,AAP,DPS,006,10,1,1,NML,2,2025
2844.,B739,PKLGU,LNI,LNI693,LNI780,25/06:51,25/06:57,25/12:35,25/12:46,5:38:00,KOE,UPG,022,10,0,0,NML,2,2025
2845.,A320,PKSAL,SJV,SJV643,SJV636,24/15:19,24/15:26,25/12:30,25/12:38,21:04:00,AAP,BDJ,021,10,0,0,NML,2,2025
"2846.,A320,PKLAW,BTK,BTK7521,BTK5001,23/20:41,24/07:56,25/12:34,25/12:44,""1 day, 15:47:00"",HLP,SRG,026,10,0,1,NML,2,2025"
2847.,B735,PKNAT,LKN,LKN193,LKN192,25/12:10,25/12:13,25/12:45,25/12:55,0:32:00,PKN,PKN,011,10,1,1,NML,2,2025
2848.,A320,PKGTK,CTV,CTV487,CTV668,25/12:14,25/12:17,25/12:47,25/13:01,0:30:00,BDJ,DPS,007,10,1,1,NML,2,2025
2849.,A320,PKPWD,PAS,PAS204,PAS205,25/12:21,25/12:26,25/13:16,25/13:28,0:50:00,CGK,CGK,005,10,1,1,NML,2,2025
2850.,A320,PKAZO,AWQ,AWQ387,AWQ324,25/13:35,25/13:40,25/14:20,25/14:32,0:40:00,PEN,KUL,A01,10,1,1,NML,2,2025
2851.,A320,PKLAM,BTK,BTK6596,BTK6595,25/13:32,25/13:37,25/14:27,25/14:38,0:50:00,CGK,CGK,011,10,1,1,NML,2,2025
2852.,B738,PKGNM,GIA,GIA312,GIA317,25/12:32,25/12:36,25/13:42,25/13:52,1:06:00,CGK,CGK,008,10,1,1,NML,2,2025
2853.,A320,9VJSL,JSA,JSA247,JSA248,25/13:26,25/13:31,25/14:23,25/14:36,0:52:00,SIN,SIN,A08,10,1,1,NML,2,2025
2854.,B738,PKLOR,LNI,LNI839,LNI836,25/13:23,25/13:28,25/14:21,25/14:34,0:53:00,PNK,PNK,016,10,1,1,NML,2,2025
2855.,A320,PKGLT,CTV,CTV431,CTV948,25/13:29,25/13:32,25/14:15,25/14:28,0:43:00,BPN,BTH,006,10,1,1,NML,2,2025
2856.,B739,PKLHH,LNI,LNI983,LNI910,25/13:38,25/13:42,25/14:33,25/14:44,0:51:00,PKU,DPS,014,10,1,1,NML,2,2025
2857.,B739,PKLKM,LNI,LNI823,LNI260,25/13:44,25/13:48,25/14:40,25/14:50,0:52:00,LOP,BPN,012,10,1,1,NML,2,2025
2858.,A320,PKLUQ,BTK,BTK7515,BTK7514,25/13:41,25/13:44,25/14:45,25/14:55,1:01:00,HLP,HLP,009,10,1,1,NML,2,2025
2859.,B739,PKLHI,LNI,LNI787,LNI642,25/14:07,25/14:11,25/15:03,25/15:12,0:52:00,UPG,LOP,017,10,1,1,NML,2,2025
2860.,A320,PKPWK,PAS,PAS208,PAS209,25/13:59,25/14:03,25/14:53,25/15:04,0:50:00,CGK,CGK,007,10,1,1,NML,2,2025
2861.,A320,PKGQE,CTV,CTV716,CTV717,25/14:24,25/14:28,25/15:15,25/15:26,0:47:00,CGK,CGK,008,10,1,1,NML,2,2025
2862.,B738,PKGMW,GIA,GIA330,GIA331,25/14:19,25/14:23,25/15:24,25/15:38,1:01:00,HLP,HLP,004,10,1,1,NML,2,2025
2863.,A320,PKLAZ,BTK,BTK7501,BTK7512,25/15:39,25/15:43,25/16:29,25/16:39,0:46:00,HLP,HLP,008,10,1,1,NML,2,2025
2864.,B738,PKLKP,LNI,LNI749,LNI581,25/14:57,25/15:01,25/15:52,25/16:05,0:51:00,MDC,CGK,012,10,1,1,NML,2,2025
2865.,A320,PKGQU,CTV,CTV699,CTV434,25/15:01,25/15:04,25/15:54,25/15:59,0:50:00,DPS,BPN,006,10,1,1,NML,2,2025
2866.,A320,PKLZH,BTK,BTK6347,BTK6401,25/15:19,25/15:23,25/16:11,25/16:25,0:48:00,BEJ,CGK,011,10,1,1,NML,2,2025
2867.,B739,PKLGP,LNI,LNI919,LNI316,25/14:30,25/14:34,25/16:13,25/16:27,1:39:00,DPS,BDJ,021,10,0,0,NML,2,2025
2868.,A320,PKGQL,CTV,CTV174,CTV715,25/15:27,25/15:32,25/16:25,25/16:37,0:53:00,HLP,CGK,007,10,1,1,NML,2,2025
2869.,B738,PKGUG,GIA,GIA310,GIA315,25/15:20,25/15:23,25/16:23,25/16:33,0:59:18,CGK,CGK,005,10,1,1,NML,2,2025
2870.,B738MAX,9VMBE,SIA,SIA926,SIA927,25/15:35,25/15:41,25/16:33,25/16:45,0:52:00,SIN,SIN,A08,10,1,1,NML,2,2025
2871.,B738MAX,PKOFM,AFE,AFE920,AFE920,25/16:00,25/16:14,25/16:55,25/17:05,0:41:00,TIM,CGK,004,10,1,1,NML,2,2025
2872.,B739,PKLGM,LNI,LNI692,LNI692,25/16:31,25/16:34,25/17:25,25/17:32,0:51:00,CGK,KOE,015,10,1,1,NML,2,2025
2873.,A320,PKPWM,PAS,PAS206,PAS623,25/15:56,25/16:02,25/16:50,25/16:59,0:48:00,CGK,BPN,006,10,1,1,NML,2,2025
2874.,A320,PKAZP,AWQ,AWQ323,AWQ326,25/17:16,25/17:22,25/17:52,25/18:01,0:29:56,KUL,KUL,A01,10,1,1,NML,2,2025
2875.,B738,PKLJS,LNI,LNI879,LNI838,25/10:50,25/10:54,25/17:30,25/17:43,6:36:00,AMQ,PNK,023,10,0,0,NML,2,2025
2876.,A320,PKSJF,SJV,SJV703,SJV708,25/17:08,25/17:14,25/18:06,25/18:18,0:52:00,DPS,DPS,012,10,1,1,NML,2,2025
2877.,A320,PKPWI,PAS,PAS622,PAS207,25/17:22,25/17:25,25/18:21,25/18:29,0:56:00,BPN,CGK,007,10,1,1,NML,2,2025
2878.,B739,PKLSW,LNI,LNI261,LNI800,25/14:03,25/14:07,25/18:40,25/18:49,4:33:00,BPN,UPG,020,10,0,0,NML,2,2025
2879.,B738,PKCRH,SJY,SJY567,SJY562,25/17:51,25/17:55,25/18:33,25/18:45,0:38:00,UPG,UPG,011,10,1,1,NML,2,2025
2880.,A320,PKBLA,BTK,BTK7503,BTK7502,25/19:00,25/19:03,25/19:50,25/19:57,0:47:00,HLP,HLP,011,28,1,1,NML,2,2025
2881.,B738,PKGNM,GIA,GIA320,GIA325,25/17:27,25/17:31,25/18:38,25/18:51,1:07:00,CGK,CGK,004,10,1,1,NML,2,2025
2882.,B738MAX,9VMBA,SIA,SIA928,SIA929,25/17:37,25/17:43,25/18:43,25/18:58,1:00:00,SIN,SIN,A03,10,1,1,NML,2,2025
2883.,B738,PKLBW,BTK,BTK6576,BTK6575,25/18:36,25/18:40,25/19:36,25/19:45,0:56:00,CGK,CGK,012,28,1,1,NML,2,2025
2884.,A320,PKGLS,CTV,CTV949,CTV494,25/18:27,25/18:31,25/19:24,25/19:31,0:52:52,BTH,BDJ,007,28,1,1,NML,2,2025
2885.,B788,9VOFJ,TGW,TGW262,TGW263,25/18:31,25/18:37,25/19:38,25/19:50,1:01:00,SIN,SIN,A07,28,1,1,NML,2,2025
2886.,A320,PKPWH,PAS,PAS212,PAS203,25/20:40,25/20:46,25/21:27,25/21:38,0:41:00,CGK,CGK,004,28,1,1,NML,2,2025
2887.,B739,PKLHS,LNI,LNI695,LNI226,25/16:03,25/16:06,25/20:11,25/20:24,4:05:00,KOE,BDJ,016,28,1,1,NML,2,2025
2888.,A320,PKSJU,SJV,SJV643,SJV648,25/15:31,25/15:36,25/20:00,25/20:21,4:24:00,AAP,BPN,024,28,0,0,NML,2,2025
2889.,B738,PKGFW,GIA,GIA326,GIA313,25/18:47,25/18:51,25/20:07,25/20:16,1:16:00,CGK,CGK,004,10,1,1,NML,2,2025
2890.,A320,PKGLR,CTV,CTV736,CTV352,25/19:08,25/19:12,25/20:00,25/20:12,0:48:00,CGK,UPG,008,10,1,1,NML,2,2025
2891.,A320,PKGQU,CTV,CTV435,CTV662,25/19:27,25/19:34,25/20:14,25/20:26,0:40:00,BPN,DPS,009,28,1,1,NML,2,2025
2892.,A320,PKGQO,CTV,CTV669,CTV354,25/17:41,25/17:44,25/20:50,25/20:58,3:06:00,DPS,UPG,003,28,0,0,NML,2,2025
2893.,B738,PKGMV,GIA,GIA349,GIA319,25/17:56,25/17:59,25/20:51,25/21:01,2:52:00,DPS,CGK,005,28,1,1,NML,2,2025
2894.,A320,PKBKU,BTK,BTK6586,BTK6136,25/20:32,25/20:40,25/21:58,25/22:11,1:18:00,CGK,UPG,012,10,1,1,NML,2,2025
2895.,A320,PKGQT,CTV,CTV489,CTV719,25/21:49,25/21:49,25/22:28,25/22:36,0:39:00,BDJ,CGK,005,28,1,1,NML,2,2025
2896.,AN12,UR82072,ADB,ADB3945,ADB348F,25/05:23,25/05:28,25/23:10,25/23:25,17:42:00,CMB,AUH,A13,28,0,0,NML,2,2025
2897.,A320,PKGQQ,CTV,CTV720,CTV430,25/21:49,25/21:52,26/04:56,26/05:05,7:04:00,CGK,BPN,004,28,1,1,NML,2,2025
2898.,A320,PKLUU,BTK,BTK6137,BTK7508,25/20:09,25/23:06,26/05:03,26/05:12,8:47:00,UPG,HLP,008,28,1,1,NML,2,2025
2899.,B739,PKLGO,LNI,LNI972,LNI786,25/17:05,25/23:13,26/05:09,26/05:22,12:00:00,BTH,UPG,017,28,1,0,NML,2,2025
2900.,B739,PKLJI,LNI,LNI707,LNI878,25/15:59,25/16:04,26/05:07,26/05:18,13:03:00,UPG,AMQ,C06,28,0,0,NML,2,2025
2901.,A320,PKSJV,SJV,SJV617,SJV610,25/20:00,25/20:07,26/05:03,26/05:15,8:56:00,BPN,BPN,015,28,1,1,NML,2,2025
2902.,A320,PKAZP,AWQ,AWQ327,AWQ320,25/23:23,25/23:28,26/05:00,26/05:09,5:32:00,KUL,KUL,A04,28,1,1,NML,2,2025
2903.,B738,PKBGF,BTK,BTK7521,BTK6589,25/22:53,25/23:00,26/05:10,26/05:24,6:10:00,HLP,CGK,011,28,1,1,NML,2,2025
2904.,A320,PKGLP,CTV,CTV726,CTV725,25/20:55,25/21:02,26/05:39,26/05:48,8:37:00,CGK,CGK,009,28,1,1,NML,2,2025
2905.,B738,PKLSF,LNI,LNI709,LNI868,25/16:14,25/16:19,26/06:00,26/06:10,13:41:00,UPG,TTE,C04,28,0,0,NML,2,2025
2906.,A320,PKSJG,SJV,SJV619,SJV706,25/16:06,25/16:09,26/05:57,26/06:08,13:48:00,BPN,DPS,022,28,0,0,NML,2,2025
2907.,A320,PKGLR,CTV,CTV353,CTV670,26/05:07,26/05:14,26/05:55,26/06:03,0:41:00,UPG,LOP,005,28,1,1,NML,2,2025
2908.,A320,PKSJR,SJV,SJV635,SJV640,25/09:27,25/09:31,26/06:04,26/06:12,20:33:00,BDJ,AAP,025,28,0,0,NML,2,2025
2909.,A320,PKSJF,SJV,SJV727,SJV634,25/20:44,25/20:52,26/06:31,26/06:41,9:39:00,DPS,BDJ,016,28,1,1,NML,2,2025
2910.,A320,PKSAL,SJV,SJV637,SJV566,25/15:24,25/15:28,26/06:55,26/07:04,15:27:00,BDJ,PLW,C05,28,0,0,NML,2,2025
2911.,A320,PKLUJ,BTK,BTK6588,BTK6135,25/22:25,25/22:32,26/07:36,26/07:46,9:04:00,CGK,PKN,014,28,1,1,NML,2,2025
2912.,B739,PKLHQ,LNI,LNI311,LNI971,26/06:14,26/06:19,26/07:08,26/07:16,0:49:43,BDJ,BTH,012,28,1,1,NML,2,2025
2913.,B738,PKGNE,GIA,GIA855,GIA854,25/21:29,25/21:33,26/06:58,26/07:10,9:25:00,SIN,SIN,A02,28,1,1,NML,2,2025
2914.,B738,PKGNH,GIA,GIA328,GIA305,25/20:03,25/20:14,26/07:12,26/07:20,10:58:00,CGK,CGK,007,28,1,1,NML,2,2025
2915.,B739,PKLFF,LNI,LNI363,LNI646,26/06:23,26/06:29,26/07:19,26/07:28,0:50:47,BPN,LOP,015,28,1,1,NML,2,2025
2916.,A320,PKBLA,BTK,BTK7511,BTK7510,26/06:39,26/06:45,26/07:33,26/07:44,0:48:00,HLP,HLP,009,28,1,1,NML,2,2025
2917.,A320,PKAZO,AWQ,AWQ325,AWQ392,25/20:19,25/20:22,26/07:41,26/07:51,11:19:00,KUL,JHB,A01,28,1,1,NML,2,2025
2918.,B739,PKLGM,LNI,LNI693,LNI693,26/06:51,26/06:56,26/07:49,26/07:57,0:53:13,KOE,CGK,011,28,1,1,NML,2,2025
2919.,A320,PKGQU,CTV,CTV661,CTV460,26/06:59,26/07:06,26/07:52,26/08:00,0:45:06,DPS,AAP,008,28,1,1,NML,2,2025
2920.,A333,BLAL,CPA,CPA779,CPA780,25/18:15,25/18:23,26/08:06,26/08:20,13:43:14,HKG,HKG,A08,28,1,1,NML,2,2025
2921.,A320,PKGQO,CTV,CTV355,CTV177,26/07:41,26/07:49,26/08:30,26/08:42,0:41:43,UPG,HLP,007,28,1,1,NML,2,2025
2922.,B738,PKLZZ,MXD,MXD352,MXD353,25/19:35,25/19:39,26/08:33,26/08:45,12:54:00,KUL,KUL,A03,28,1,1,NML,2,2025
2923.,A320,PKLAQ,BTK,BTK6572,BTK6581,26/07:29,26/07:35,26/09:02,26/09:15,1:27:00,CGK,CGK,012,28,1,1,NML,2,2025
2924.,B739,PKLGR,LNI,LNI690,LNI856,26/05:03,26/05:08,26/09:03,26/09:14,3:55:00,CGK,PLM,020,28,0,0,NML,2,2025
"2925.,B738,PKLKQ,LNI,LNI690,LNI748,25/05:04,25/05:10,26/09:28,26/09:38,""1 day, 4:18:17"",CGK,MDC,018,28,0,0,NML,2,2025"
2926.,B739,PKLFW,LNI,LNI683,LNI682,26/08:09,26/08:14,26/09:06,26/09:15,0:52:17,PKY,PKY,009,28,1,1,NML,2,2025
2927.,B738,PKGFF,GIA,GIA304,GIA342,26/08:40,26/08:46,26/09:20,26/09:43,0:34:00,CGK,DPS,004,28,1,1,NML,2,2025
2928.,A320,PKPWE,PAS,PAS200,PAS201,26/08:14,26/08:24,26/09:12,26/09:23,0:48:02,CGK,CGK,005,28,1,1,NML,2,2025
2929.,A320,PKGLR,CTV,CTV671,CTV486,26/08:24,26/08:30,26/09:19,26/09:30,0:49:00,LOP,BDJ,008,28,1,1,NML,2,2025
2930.,A320,PKSJG,SJV,SJV703,SJV702,26/08:27,26/08:32,26/09:40,26/09:53,1:08:00,DPS,DPS,016,28,1,1,NML,2,2025
2931.,A320,9VTRL,TGW,TGW264,TGW265,26/09:02,26/09:12,26/10:06,26/10:17,0:54:00,SIN,SIN,A02,10,1,1,NML,2,2025
2932.,A320,PKGLX,CTV,CTV170,CTV175,26/09:03,26/09:09,26/09:51,26/10:01,0:42:00,HLP,HLP,007,10,1,1,NML,2,2025
2933.,B738MAX,9MMVC,MAS,MAS871,MAS870,26/09:17,26/09:20,26/10:08,26/10:22,0:48:00,KUL,KUL,A07,10,1,1,NML,2,2025
2934.,B738,PKLDM,MXD,MXD350,MXD351,26/09:25,26/09:28,26/10:25,26/10:36,0:57:00,KUL,KUL,A04,10,1,1,NML,2,2025
2935.,B735,PKNAS,LKN,LKN243,LKN242,26/09:13,26/09:17,26/09:58,26/10:10,0:41:00,SMQ,SMQ,011,10,1,1,NML,2,2025
2936.,B733F,PKMYV,MYU,MYU935,MYU815,26/08:55,26/09:00,26/09:39,26/09:49,0:39:00,SRG,CGK,C02,28,0,0,NML,2,2025
2937.,A359,9VSHF,SIA,SIA922,SIA923,26/09:04,26/09:14,26/10:15,26/10:28,1:01:00,SIN,SIN,A08,10,1,1,NML,2,2025
2938.,A320,PKLUV,BTK,BTK6584,BTK6585,26/09:41,26/09:49,26/10:35,26/10:45,0:46:00,CGK,CGK,009,10,1,1,NML,2,2025
2939.,A320,PKGQE,CTV,CTV351,CTV350,26/09:21,26/09:26,26/10:21,26/10:35,0:54:59,UPG,UPG,008,10,1,1,NML,2,2025
2940.,A320,PKSJI,SJV,SJV635,SJV632,26/09:51,26/09:56,26/10:38,26/10:51,0:42:00,BDJ,BDJ,014,10,1,1,NML,2,2025
2941.,B739,PKLGO,LNI,LNI791,LNI706,26/09:45,26/09:50,26/10:49,26/11:00,0:59:00,UPG,UPG,020,10,0,0,NML,2,2025
2942.,B739,PKLHI,LNI,LNI865,LNI262,25/17:45,25/17:48,26/10:42,26/10:56,16:53:43,LOP,BPN,023,10,0,0,NML,2,2025
2943.,A320,PKPWK,PAS,PAS202,PAS213D,25/18:43,25/18:47,26/10:41,26/10:51,15:54:00,CGK,CGK,006,10,1,1,NML,2,2025
2944.,A320,PKBKY,BTK,BTK7513,BTK7516,26/10:03,26/10:06,26/10:49,26/11:02,0:43:00,HLP,HLP,011,10,1,1,NML,2,2025
2945.,A320,PKLUJ,BTK,BTK6134,BTK6346,26/10:24,26/10:29,26/11:22,26/11:33,0:53:00,PKN,BEJ,008,10,1,1,NML,2,2025
2946.,A320,PKSJR,SJV,SJV641,SJV642,26/09:48,26/09:53,26/10:54,26/11:05,1:01:00,AAP,AAP,012,10,1,1,NML,2,2025
2947.,B739,PKLFF,LNI,LNI645,LNI822,26/10:06,26/10:10,26/11:01,26/11:15,0:51:00,LOP,LOP,015,10,1,1,NML,2,2025
2948.,B739,PKLFY,LNI,LNI694,LNI694,26/10:19,26/10:22,26/11:10,26/11:20,0:48:00,CGK,KOE,016,10,1,1,NML,2,2025
2949.,B739,PKLSI,LNI,LNI315,LNI697,26/08:02,26/08:07,26/11:27,26/11:41,3:20:00,BDJ,CGK,017,10,1,1,NML,2,2025
2950.,B738,PKGUA,GIA,GIA322,GIA327,26/10:14,26/10:18,26/11:40,26/12:17,1:22:00,CGK,CGK,004,10,1,1,NML,2,2025
2951.,A320,PKBLA,BTK,BTK7517,BTK7520,26/11:08,26/11:13,26/12:32,26/12:41,1:19:00,HLP,HLP,009,28,1,1,NML,2,2025
2952.,A320,PKGQU,CTV,CTV461,CTV698,26/14:09,26/14:09,26/14:46,26/14:52,0:37:00,AAP,DPS,006,28,1,1,NML,2,2025
2953.,B739,PKLFO,LNI,LNI805,LNI780,26/10:49,26/10:52,26/12:25,26/12:37,1:33:00,DPS,UPG,014,28,1,1,NML,2,2025
2954.,B738,PKLJS,LNI,LNI837,LNI680,26/08:06,26/08:11,26/12:47,26/12:59,4:36:00,PNK,PKY,021,28,0,0,NML,2,2025
2955.,A320,PKLAT,BTK,BTK6596,BTK6595,26/13:31,26/13:37,26/14:30,26/14:41,0:53:00,CGK,CGK,009,28,1,1,NML,2,2025
2956.,A320,PKPWF,PAS,PAS204,PAS205,26/12:29,26/12:35,26/13:30,26/13:44,0:54:59,CGK,CGK,005,28,1,1,NML,2,2025
2957.,A320,PKAZO,AWQ,AWQ393,AWQ324,26/14:47,26/14:50,26/15:31,26/15:48,0:41:00,JHB,KUL,A03,28,1,1,NML,2,2025
2958.,A320,PKGLR,CTV,CTV487,CTV668,26/12:26,26/12:32,26/13:32,26/13:49,1:00:00,BDJ,DPS,007,28,1,1,NML,2,2025
2959.,B738,PKGMM,GIA,GIA312,GIA317,26/12:47,26/12:56,26/13:58,26/14:11,1:02:00,CGK,CGK,004,28,1,1,NML,2,2025
2960.,B738,PKLJQ,LNI,LNI839,LNI722,26/13:24,26/13:31,26/14:30,26/14:39,0:59:26,PNK,KDI,012,28,1,1,NML,2,2025
2961.,B738,PKLSF,LNI,LNI869,LNI836,26/12:35,26/12:39,26/14:25,26/14:38,1:46:00,TTE,PNK,015,28,1,1,NML,2,2025
2962.,A320,PKGTK,CTV,CTV716,CTV717,26/13:47,26/13:56,26/14:36,26/14:50,0:40:48,CGK,CGK,007,28,1,1,NML,2,2025
2963.,A320,PKGQQ,CTV,CTV431,CTV948,26/13:34,26/13:40,26/14:24,26/14:34,0:43:59,BPN,BTH,008,28,1,1,NML,2,2025
2964.,B739,PKLGR,LNI,LNI857,LNI910,26/13:37,26/13:43,26/14:38,26/14:50,0:55:00,PLM,DPS,014,28,1,1,NML,2,2025
2965.,A320,9VJSX,JSA,JSA247,JSA248,26/13:27,26/13:31,26/14:28,26/14:42,0:57:13,SIN,SIN,A07,28,1,1,NML,2,2025
2966.,A320,PKBKY,BTK,BTK7515,BTK7514,26/14:36,26/14:41,26/15:47,26/15:49,1:06:00,HLP,HLP,011,28,1,1,NML,2,2025
2967.,A320,PKPWH,PAS,PAS208,PAS209,26/14:09,26/14:15,26/15:01,26/15:09,0:46:00,CGK,CGK,005,28,1,1,NML,2,2025
2968.,B739,PKLGO,LNI,LNI707,LNI642,26/14:26,26/14:32,26/15:59,26/16:07,1:27:00,UPG,LOP,015,28,1,1,NML,2,2025
2969.,B738,PKGFJ,GIA,GIA330,GIA331,26/14:36,26/14:36,26/15:34,26/15:48,0:58:00,HLP,HLP,008,28,1,1,NML,2,2025
2970.,B739,PKLGV,LNI,LNI787,LNI920,26/12:53,26/12:59,26/15:26,26/15:35,2:27:00,UPG,DPS,016,28,1,1,NML,2,2025
2971.,A320,PKLUY,BTK,BTK7501,BTK7512,26/15:40,26/15:46,26/16:33,26/16:43,0:47:00,HLP,HLP,009,28,1,1,NML,2,2025
2972.,B738,PKLKQ,LNI,LNI749,LNI581,26/15:20,26/15:27,26/16:19,26/16:27,0:52:00,MDC,CGK,012,28,1,1,NML,2,2025
2973.,B738,9MMLN,MAS,MAS873,MAS872,26/15:12,26/15:15,26/16:07,26/16:09,0:52:00,KUL,KUL,A07,28,1,1,NML,2,2025
2974.,A320,PKGQU,CTV,CTV699,CTV434,26/17:07,26/17:13,26/17:56,26/18:05,0:43:00,DPS,BPN,007,28,1,1,NML,2,2025
2975.,A320,PKLUJ,BTK,BTK6347,BTK6401,26/16:09,26/16:14,26/17:05,26/17:13,0:51:00,BEJ,CGK,016,28,1,1,NML,2,2025
2976.,B739,PKLFF,LNI,LNI823,LNI316,26/13:42,26/13:46,26/16:35,26/16:45,2:49:00,LOP,BDJ,018,28,0,0,NML,2,2025
2977.,A320,PKGQO,CTV,CTV174,CTV715,26/18:16,26/18:23,26/19:03,26/19:11,0:40:00,HLP,CGK,007,28,1,1,NML,2,2025
2978.,A320,PKSJV,SJV,SJV619,SJV648,26/16:11,26/16:17,26/17:13,26/17:22,0:56:00,BPN,BPN,015,28,1,1,NML,2,2025
2979.,B738MAX,9VMBA,SIA,SIA926,SIA927,26/15:36,26/15:39,26/16:33,26/16:48,0:54:00,SIN,SIN,A08,28,1,1,NML,2,2025
2980.,B738,PKGMF,GIA,GIA310,GIA315,26/15:33,26/15:40,26/16:41,26/16:56,1:01:00,CGK,CGK,004,28,1,1,NML,2,2025
2981.,A320,PKLUF,BTK,BTK6406,BTK6220,26/16:14,26/16:21,26/17:30,26/17:36,1:09:00,CGK,BPN,011,28,1,1,NML,2,2025
2982.,B739,PKLFY,LNI,LNI695,LNI268,26/15:43,26/15:51,26/17:00,26/17:00,1:09:00,KOE,TRK,008,28,1,1,NML,2,2025
2983.,B739,PKLSP,LNI,LNI692,LNI692,26/16:41,26/16:47,26/17:32,26/17:42,0:45:00,CGK,KOE,022,28,0,0,NML,2,2025
2984.,A320,PKPWM,PAS,PAS206,PAS623,26/16:01,26/16:06,26/16:55,26/17:03,0:49:00,CGK,BPN,005,28,1,1,NML,2,2025
2985.,A320,PKAZO,AWQ,AWQ325,AWQ326,26/21:41,26/21:44,26/22:31,26/22:44,0:46:27,KUL,KUL,A03,28,1,1,NML,2,2025
2986.,B738,PKLJS,LNI,LNI681,LNI838,26/16:05,26/16:11,26/17:25,26/17:40,1:14:00,PKY,PNK,014,28,1,1,NML,2,2025
2987.,A320,PKPWJ,PAS,PAS622,PAS207,26/17:16,26/17:23,26/18:18,26/18:26,0:55:00,BPN,CGK,006,28,1,1,NML,2,2025
2988.,B739,PKLJI,LNI,LNI879,LNI800,26/15:15,26/15:21,26/18:32,26/18:44,3:10:49,AMQ,UPG,020,28,0,0,NML,2,2025
2989.,B738,PKCRH,SJY,SJY567,SJY562,26/17:38,26/17:44,26/18:40,26/18:49,0:56:00,UPG,UPG,012,28,1,1,NML,2,2025
2990.,A320,PKGLP,CTV,CTV669,CTV488,26/17:33,26/17:40,26/18:31,26/18:40,0:51:00,DPS,BDJ,008,28,1,1,NML,2,2025
2991.,B738,PKGMI,GIA,GIA320,GIA325,26/17:28,26/17:34,26/18:45,26/18:52,1:11:00,CGK,CGK,004,28,1,1,NML,2,2025
2992.,A320,PKLUS,BTK,BTK7503,BTK7502,26/18:38,26/18:44,26/19:36,26/19:46,0:52:00,HLP,HLP,009,28,1,1,NML,2,2025
2993.,B738MAX,9VMBC,SIA,SIA928,SIA929,26/19:32,26/19:36,26/20:24,26/20:40,0:48:00,SIN,SIN,A02,28,1,1,NML,2,2025
2994.,A320,PKLUY,BTK,BTK7519,BTK7518,26/19:49,26/19:55,26/20:41,26/21:06,0:46:42,HLP,HLP,011,28,1,1,NML,2,2025
2995.,A320,PKPWH,PAS,PAS202,PAS203,26/18:42,26/18:49,26/19:49,26/19:56,1:00:00,CGK,CGK,006,28,1,1,NML,2,2025
2996.,B738,PKGFF,GIA,GIA349,GIA313,26/17:59,26/18:06,26/20:02,26/20:11,1:56:00,DPS,CGK,005,28,1,1,NML,2,2025
2997.,A320,PKBKL,BTK,BTK6576,BTK6575,26/21:29,26/21:35,26/22:40,26/22:51,1:04:50,CGK,CGK,011,28,1,1,NML,2,2025
2998.,A320,PKGQU,CTV,CTV435,CTV662,26/21:37,26/21:44,26/22:27,26/22:39,0:43:00,BPN,DPS,007,28,1,1,NML,2,2025
2999.,A320,PKGQM,CTV,CTV736,CTV352,26/19:23,26/19:30,26/20:31,26/20:42,1:01:00,CGK,UPG,007,28,1,1,NML,2,2025
3000.,A320,PKGLG,CTV,CTV949,CTV494,26/19:37,26/19:43,26/20:36,26/20:46,0:53:00,BTH,BDJ,008,28,1,1,NML,2,2025
3001.,A320,PKGLV,CTV,CTV489,CTV719,26/21:25,26/21:30,26/22:01,26/22:11,0:31:33,BDJ,CGK,008,28,1,1,NML,2,2025
3002.,A320,PKBKV,BTK,BTK6137,BTK6136,26/21:52,26/21:58,26/22:55,26/23:02,0:57:00,UPG,UPG,020,28,0,0,NML,2,2025
3003.,A320,PKGLP,CTV,CTV495,CTV354,26/21:32,26/21:38,26/22:15,26/22:24,0:37:00,BDJ,UPG,009,28,1,1,NML,2,2025
3004.,A320,PKGLT,CTV,CTV720,CTV430,26/22:16,26/22:23,27/04:53,27/05:03,6:30:00,CGK,BPN,008,28,1,1,NML,2,2025
3005.,A320,PKLUF,BTK,BTK6221,BTK7508,26/21:23,26/21:28,27/04:56,27/05:07,7:28:00,BPN,HLP,012,28,1,1,NML,2,2025
3006.,B738,PKLOP,LNI,LNI709,LNI878,26/15:58,26/16:03,27/04:58,27/05:13,12:55:00,UPG,AMQ,023,28,0,0,NML,2,2025
3007.,B739,PKLHQ,LNI,LNI972,LNI786,26/16:58,26/17:06,27/05:03,27/05:15,11:57:30,BTH,UPG,021,28,0,0,NML,2,2025
3008.,A320,PKAZX,AWQ,AWQ77,AWQ320,27/05:10,27/05:14,27/05:48,27/05:58,0:34:00,DPS,KUL,A03,28,1,1,NML,2,2025
3009.,A320,PKGLS,CTV,CTV726,CTV725,26/21:19,26/21:25,27/05:41,27/05:50,8:16:00,CGK,CGK,006,28,1,1,NML,2,2025
3010.,A320,V8RBD,RBA,RBA795,RBA796,26/19:58,26/20:01,27/06:21,27/06:34,10:20:00,BWN,BWN,A07,28,1,1,NML,2,2025
3011.,A320,PKLUJ,BTK,BTK6586,BTK6589,26/21:15,26/21:21,27/05:56,27/06:08,8:35:00,CGK,CGK,015,28,1,1,NML,2,2025
3012.,A320,PKSJG,SJV,SJV727,SJV706,26/20:43,26/20:48,27/06:02,27/06:12,9:14:00,DPS,DPS,026,28,0,0,NML,2,2025
3013.,A320,PKSJA,SJV,SJV615,SJV640,26/20:48,26/20:54,27/05:53,27/06:05,8:59:00,BPN,AAP,016,28,1,1,NML,2,2025
3014.,A320,PKPWA,PAS,PAS212,PAS213,26/20:32,26/20:42,27/05:54,27/06:03,9:12:00,CGK,CGK,005,28,1,1,NML,2,2025
3015.,A320,PKGLX,CTV,CTV353,CTV484,27/05:04,27/05:12,27/05:52,27/06:01,0:40:00,UPG,BDJ,007,28,1,1,NML,2,2025
3016.,A320,PKAZO,AWQ,AWQ327P,AWQ386,27/05:19,27/05:23,27/06:21,27/06:31,0:58:00,KUL,PEN,A01,28,1,1,NML,2,2025
3017.,A320,PKSAL,SJV,SJV567,SJV634,26/11:36,26/12:21,27/06:22,27/06:29,18:40:00,PLW,BDJ,017,28,1,0,NML,2,2025
3018.,B739,PKLGO,LNI,LNI865,LNI971,26/19:05,26/19:10,27/07:00,27/07:09,11:50:00,LOP,BTH,022,28,0,0,NML,2,2025
3019.,A320,PKBKY,BTK,BTK7521,BTK6135,26/20:38,26/20:44,27/06:53,27/07:03,10:09:00,HLP,PKN,014,28,1,1,NML,2,2025
3020.,A320,PKSJI,SJV,SJV633,SJV612,26/13:40,26/23:28,27/07:05,27/07:28,17:22:00,BDJ,BPN,020,28,0,1,NML,2,2025
3021.,C208,PKVVO,SUS,PKVVO,SUS6197,26/11:34,26/11:40,27/07:05,27/07:15,19:25:00,BXW,BXW,C07,28,0,0,NML,2,2025
3022.,B738,PKGNE,GIA,GIA855,GIA305,26/21:12,26/23:40,27/07:07,27/07:22,9:51:00,SIN,CGK,004,28,1,1,NML,2,2025
3023.,B738,PKGMC,GIA,GIA328,GIA854,26/20:05,26/23:13,27/07:00,27/07:11,10:47:00,CGK,SIN,A02,28,1,1,NML,2,2025
3024.,B739,PKLSO,LNI,LNI363,LNI646,27/06:21,27/06:26,27/07:26,27/07:34,1:00:00,BPN,LOP,011,28,1,1,NML,2,2025
3025.,A320,PKBLA,BTK,BTK7511,BTK7510,27/06:47,27/06:53,27/07:34,27/07:42,0:41:00,HLP,HLP,015,28,1,1,NML,2,2025
3026.,B739,PKLGR,LNI,LNI923,LNI693,26/17:10,26/17:15,27/08:08,27/08:19,14:53:00,DPS,CGK,024,28,0,0,NML,2,2025
3027.,B739,PKLSP,LNI,LNI693,LNI982,27/07:00,27/07:06,27/07:57,27/08:08,0:51:00,KOE,PKU,012,28,1,1,NML,2,2025
3028.,A320,PKGQU,CTV,CTV661,CTV460,27/06:56,27/07:03,27/07:47,27/07:59,0:44:00,DPS,AAP,006,28,1,1,NML,2,2025
3029.,A333,BLAQ,CPA,CPA779,CPA780,26/17:54,26/17:57,27/08:07,27/08:23,14:10:00,HKG,HKG,A08,28,1,1,NML,2,2025
3030.,B739,PKLFY,LNI,LNI267,LNI990,27/07:15,27/07:23,27/08:20,27/08:32,0:57:00,TRK,DPS,016,28,1,1,NML,2,2025
"3031.,DHC6,PKICP,PGT,PKICP,PKICP,25/10:57,25/11:00,27/07:44,27/07:49,""1 day, 20:44:00"",PAG,PAG,028,28,0,0,NML,2,2025"
3032.,A320,PKLAI,BTK,BTK6572,BTK6573,27/08:06,27/08:11,27/08:56,27/09:10,0:45:00,CGK,CGK,017,28,1,1,NML,2,2025
3033.,A320,PKGQI,CTV,CTV355,CTV177,27/07:50,27/07:56,27/08:34,27/08:48,0:38:00,UPG,HLP,006,28,1,1,NML,2,2025
3034.,B738,PKLZO,MXD,MXD352,MXD353,26/19:44,26/19:47,27/09:11,27/09:24,13:24:00,KUL,KUL,A04,28,1,1,NML,2,2025
3035.,A320,PKSJL,SJV,SJV649,SJV618,27/07:40,27/07:46,27/08:48,27/08:58,1:02:00,BPN,BPN,008,28,1,1,NML,2,2025
3036.,A320,PKLUR,BTK,BTK6588,BTK6581,26/22:36,26/22:44,27/09:00,27/09:12,10:16:00,CGK,CGK,009,28,1,1,NML,2,2025
3037.,B739,PKLFW,LNI,LNI683,LNI682,27/07:57,27/08:02,27/09:10,27/09:17,1:08:00,PKY,PKY,011,28,1,1,NML,2,2025
3038.,B738,PKGNM,GIA,GIA304,GIA342,27/08:14,27/08:20,27/09:18,27/09:31,0:58:00,CGK,DPS,004,10,1,1,NML,2,2025
3039.,A320,PKPWK,PAS,PAS200,PAS201,27/08:17,27/08:23,27/09:11,27/09:30,0:48:00,CGK,CGK,007,10,1,1,NML,2,2025
3040.,A320,PKGLX,CTV,CTV485,CTV486,27/08:39,27/08:42,27/09:20,27/09:33,0:38:00,BDJ,BDJ,005,10,1,1,NML,2,2025
3041.,A320,9VTRL,TGW,TGW264,TGW265,27/09:05,27/09:10,27/10:02,27/10:11,0:52:00,SIN,SIN,A02,10,1,1,NML,2,2025
3042.,B738,9MMLL,MAS,MAS871,MAS870,27/08:56,27/09:04,27/09:58,27/10:11,0:54:00,KUL,KUL,A07,10,1,1,NML,2,2025
3043.,B738,PKLDM,MXD,MXD350,MXD351,27/08:44,27/08:50,27/09:47,27/09:49,0:57:00,KUL,KUL,A03,10,1,1,NML,2,2025
3044.,A359,9VSHE,SIA,SIA922,SIA923,27/09:14,27/09:20,27/10:19,27/10:32,0:59:00,SIN,SIN,A08,10,1,1,NML,2,2025
3045.,A320,PKLUJ,BTK,BTK6584,BTK6585,27/09:38,27/09:41,27/10:27,27/10:38,0:46:00,CGK,CGK,008,10,1,1,NML,2,2025
3046.,B733F,PKMYV,MYU,MYU935,MYU815,27/09:00,27/09:04,27/09:44,27/09:49,0:40:00,SRG,CGK,C02,10,0,0,NML,2,2025
3047.,A320,PKGTE,CTV,CTV351,CTV350,27/09:27,27/09:31,27/10:16,27/10:29,0:45:00,UPG,UPG,007,10,1,1,NML,2,2025
3048.,B739,PKLHH,LNI,LNI791,LNI706,27/09:47,27/09:51,27/10:50,27/11:02,0:59:00,UPG,UPG,009,10,1,1,NML,2,2025
3049.,A320,PKPWA,PAS,PAS210,PAS211,27/09:22,27/09:26,27/10:31,27/10:41,1:05:00,CGK,CGK,006,10,1,1,NML,2,2025
3050.,B739,PKLGU,LNI,LNI929,LNI973,27/06:53,27/06:56,27/11:19,27/11:32,4:23:00,DPS,BTH,021,10,0,0,NML,2,2025
3051.,A320,PKBLB,BTK,BTK7513,BTK7516,27/09:54,27/09:58,27/10:46,27/10:54,0:48:00,HLP,HLP,015,10,1,1,NML,2,2025
3052.,A320,PKBKY,BTK,BTK6134,BTK6346,27/09:40,27/09:44,27/10:48,27/10:59,1:04:00,PKN,BEJ,014,10,1,1,NML,2,2025
3053.,B739,PKLGS,LNI,LNI970,LNI822,27/09:58,27/10:01,27/11:38,27/11:51,1:37:00,BTH,LOP,012,10,1,1,NML,2,2025
3054.,B739,PKLHM,LNI,LNI694,LNI694,27/10:15,27/10:19,27/11:18,27/11:31,0:59:00,CGK,KOE,011,10,1,1,NML,2,2025
3055.,B739,PKLKQ,LNI,LNI690,LNI697,27/05:01,27/05:07,27/11:30,27/11:46,6:23:00,CGK,CGK,023,28,0,0,NML,2,2025
3056.,B738,PKGFD,GIA,GIA322,GIA327,27/10:10,27/10:10,27/11:30,27/11:44,1:20:00,CGK,CGK,004,10,1,1,NML,2,2025
3057.,A320,PKAZX,AWQ,AWQ321,AWQ322,27/11:37,27/11:45,27/12:11,27/12:22,0:26:00,KUL,KUL,A01,10,1,1,NML,2,2025
3058.,A320,PKBKQ,BTK,BTK7517,BTK7520,27/10:36,27/10:39,27/11:36,27/11:48,0:57:00,HLP,HLP,008,10,1,1,NML,2,2025
"3059.,A339,PKLET,LNI,LNI105,LNI074,25/20:13,25/20:18,27/11:41,27/11:59,""1 day, 15:23:00"",JED,MED,A06,28,1,1,NML,2,2025"
3060.,A320,PKGQU,CTV,CTV461,CTV698,27/11:28,27/11:32,27/12:20,27/12:31,0:48:00,AAP,DPS,006,10,1,1,NML,2,2025
3061.,B739,PKLSO,LNI,LNI645,LNI780,27/10:20,27/10:26,27/12:37,27/12:44,2:11:00,LOP,UPG,024,10,0,0,NML,2,2025
3062.,A320,PKSAL,SJV,SJV635,SJV636,27/09:18,27/09:21,27/12:25,27/12:38,3:04:00,BDJ,BDJ,020,10,0,0,NML,2,2025
"3063.,A320,PKAZP,AWQ,AWQ321,AWQ78,26/10:38,26/22:32,27/13:11,27/13:22,""1 day, 2:29:00"",KUL,DPS,C05,10,0,1,NML,2,2025"
3064.,B735,PKNAT,LKN,LKN1930,LKN1920,27/11:56,27/11:59,27/12:40,27/12:51,0:41:00,PKN,PKN,011,10,1,1,NML,2,2025
3065.,B738,PKLOP,LNI,LNI879,LNI680,27/10:48,27/10:52,27/12:45,27/12:53,1:53:00,AMQ,PKY,017,10,1,1,NML,2,2025
3066.,A320,PKLAI,BTK,BTK6596,BTK6595,27/12:36,27/12:39,27/13:26,27/13:41,0:47:00,CGK,CGK,012,10,1,1,NML,2,2025
3067.,A320,PKPWH,PAS,PAS204,PAS205,27/12:04,27/12:07,27/13:15,27/13:25,1:08:00,CGK,CGK,005,10,1,1,NML,2,2025
3068.,A320,PKAZO,AWQ,AWQ387,AWQ324,27/13:34,27/13:40,27/14:22,27/14:31,0:42:00,PEN,KUL,A01,10,1,1,NML,2,2025
3069.,A320,PKGLX,CTV,CTV487,CTV668,27/12:07,27/12:10,27/13:20,27/13:33,1:10:00,BDJ,DPS,007,10,1,1,NML,2,2025
3070.,B738,PKGFH,GIA,GIA312,GIA317,27/13:46,27/13:50,27/14:52,27/15:01,1:02:00,CGK,CGK,004,10,1,1,NML,2,2025
3071.,B738,PKLSF,LNI,LNI839,LNI836,27/13:26,27/13:36,27/14:22,27/14:33,0:46:00,PNK,PNK,015,10,1,1,NML,2,2025
3072.,B739,PKLQR,LNI,LNI315,LNI910,27/07:53,27/07:58,27/14:43,27/14:53,6:45:00,BDJ,DPS,022,10,0,0,NML,2,2025
3073.,A320,PKGLT,CTV,CTV431,CTV948,27/13:52,27/13:56,27/14:35,27/14:46,0:39:00,BPN,BTH,007,10,1,1,NML,2,2025
3074.,A320,PKGQT,CTV,CTV716,CTV717,27/13:38,27/13:44,27/14:22,27/14:37,0:38:00,CGK,CGK,006,10,1,1,NML,2,2025
3075.,A320,9VJSO,JSA,JSA247,JSA248,27/13:30,27/13:36,27/14:29,27/14:42,0:53:00,SIN,SIN,A07,10,1,1,NML,2,2025
3076.,B739,PKLSP,LNI,LNI983,LNI260,27/13:43,27/13:46,27/14:39,27/14:50,0:53:00,PKU,BPN,011,10,1,1,NML,2,2025
3077.,A320,PKLUS,BTK,BTK7515,BTK7514,27/13:49,27/13:53,27/14:52,27/15:04,0:59:00,HLP,HLP,014,28,1,1,NML,2,2025
3078.,A320,PKPWE,PAS,PAS208,PAS209,27/13:58,27/14:02,27/14:56,27/15:06,0:53:59,CGK,CGK,005,10,1,1,NML,2,2025
3079.,B739,PKLGS,LNI,LNI823,LNI642,27/14:35,27/14:38,27/15:34,27/15:45,0:56:00,LOP,LOP,012,10,1,1,NML,2,2025
3080.,A320,PKLUI,BTK,BTK6406,BTK6220,27/14:28,27/14:32,27/15:31,27/15:43,0:59:00,CGK,BPN,016,10,1,1,NML,2,2025
3081.,B738,PKGFR,GIA,GIA330,GIA331,27/14:09,27/14:13,27/15:27,27/15:40,1:14:00,HLP,HLP,008,10,1,1,NML,2,2025
3082.,A320,PKBLA,BTK,BTK7501,BTK7512,27/15:37,27/15:41,27/16:44,27/16:53,1:03:00,HLP,HLP,015,10,1,1,NML,2,2025
3083.,B738,PKLJS,LNI,LNI837,LNI581,27/08:20,27/08:31,27/15:49,27/16:00,7:18:00,PNK,CGK,026,10,0,0,NML,2,2025
3084.,B738MAX,9MMVB,MAS,MAS873,MAS872,27/14:51,27/14:57,27/15:49,27/16:02,0:52:00,KUL,KUL,A07,10,1,1,NML,2,2025
3085.,A320,PKGQU,CTV,CTV699,CTV434,27/14:43,27/14:46,27/15:52,27/16:05,1:06:00,DPS,BPN,006,10,1,1,NML,2,2025
"3086.,A339,PKLEV,LNI,LNI107,LNI106,25/16:23,27/12:50,27/16:02,27/16:08,""1 day, 23:30:00"",JED,JED,A06,10,1,1,NML,2,2025"
3087.,A320,PKBKY,BTK,BTK6347,BTK6401,27/15:11,27/15:14,27/16:03,27/16:14,0:49:00,BEJ,CGK,014,10,1,1,NML,2,2025
3088.,B738,PKGFD,GIA,GIA310,GIA315,27/15:19,27/15:24,27/16:25,27/16:37,1:01:00,CGK,CGK,004,10,1,1,NML,2,2025
3089.,B738MAX,9VMBI,SIA,SIA926,SIA927,27/15:33,27/15:38,27/16:33,27/16:50,0:55:00,SIN,SIN,A08,10,1,1,NML,2,2025
3090.,A320,PKGQN,CTV,CTV718,CTV715,27/17:09,27/17:13,27/17:48,27/18:00,0:35:42,CGK,CGK,007,10,1,1,NML,2,2025
3091.,B739,PKLFO,LNI,LNI692,LNI692,27/17:30,27/17:33,27/18:24,27/18:37,0:51:15,CGK,KOE,012,10,1,1,NML,2,2025
3092.,B739,PKLHM,LNI,LNI695,LNI268,27/15:55,27/15:56,27/16:51,27/17:03,0:55:00,KOE,TRK,009,10,1,1,NML,2,2025
3093.,A320,PKPWM,PAS,PAS206,PAS623,27/15:58,27/16:00,27/16:47,27/16:55,0:47:00,CGK,BPN,005,10,1,1,NML,2,2025
"3094.,AW139,PKTVN,TVR,PKTVN,PKTVN,25/15:14,25/15:18,27/17:30,27/17:36,""2 days, 2:12:00"",ZZZZ,ZZZZ,H02,10,0,0,NML,2,2025"
3095.,B739,PKLGO,LNI,LNI972,LNI226,27/16:43,27/16:46,27/17:34,27/17:46,0:48:41,BTH,BDJ,011,10,1,1,NML,2,2025
3096.,B738,PKLOP,LNI,LNI681,LNI838,27/15:48,27/15:52,27/17:34,27/17:43,1:42:00,PKY,PNK,018,10,0,0,NML,2,2025
3097.,A320,PKAZX,AWQ,AWQ323,AWQ326,27/17:50,27/17:55,27/18:25,27/18:34,0:30:00,KUL,KUL,A01,10,1,1,NML,2,2025
3098.,A320,PKSJG,SJV,SJV703,SJV708,27/18:29,27/18:33,27/19:18,27/19:29,0:45:00,DPS,DPS,014,10,1,1,NML,2,2025
3099.,A320,PKPWA,PAS,PAS622,PAS207,27/17:23,27/17:26,27/18:12,27/18:23,0:46:06,BPN,CGK,006,10,1,1,NML,2,2025
3100.,B738,PKCRH,SJY,SJY567,SJY562,27/17:57,27/18:01,27/18:40,27/18:56,0:39:00,UPG,UPG,011,10,1,1,NML,2,2025
3101.,B738,PKGFP,GIA,GIA320,GIA325,27/17:19,27/17:24,27/18:30,27/18:43,1:06:50,CGK,CGK,004,10,1,1,NML,2,2025
3102.,B738MAX,9VMBE,SIA,SIA928,SIA929,27/17:36,27/17:41,27/18:38,27/18:52,0:57:31,SIN,SIN,A06,10,1,1,NML,2,2025
3103.,A320,PKGTK,CTV,CTV669,CTV711,27/17:55,27/17:57,27/18:55,27/19:05,0:57:48,DPS,CGK,003,10,0,0,NML,2,2025
3104.,B738,PKLDK,BTK,BTK6576,BTK6575,27/18:53,27/18:58,27/19:47,27/19:57,0:49:00,CGK,CGK,015,10,1,1,NML,2,2025
3105.,B739,PKLFY,LNI,LNI919,LNI880,27/14:48,27/14:52,27/19:51,27/20:02,4:59:00,DPS,UPG,020,10,0,0,NML,2,2025
3106.,A320,PKBLA,BTK,BTK7519,BTK7518,27/20:17,27/20:21,27/21:06,27/21:17,0:45:00,HLP,HLP,015,10,1,1,NML,2,2025
3107.,A320,PKPWE,PAS,PAS202,PAS203,27/18:41,27/18:44,27/19:47,27/19:59,1:02:16,CGK,CGK,006,10,1,1,NML,2,2025
3108.,B738,PKGNN,GIA,GIA349,GIA313,27/18:02,27/18:06,27/20:05,27/20:19,1:59:00,DPS,CGK,005,10,1,1,NML,2,2025
3109.,A320,PKGLP,CTV,CTV736,CTV352,27/19:38,27/19:41,27/20:20,27/20:30,0:39:00,CGK,UPG,004,10,1,1,NML,2,2025
3110.,A320,PKGQE,CTV,CTV949,CTV494,27/19:48,27/19:54,27/20:34,27/20:45,0:40:00,BTH,BDJ,006,10,1,1,NML,2,2025
3111.,A320,PKGQU,CTV,CTV435,CTV662,27/19:25,27/19:29,27/20:27,27/20:40,0:58:00,BPN,DPS,007,10,1,1,NML,2,2025
3112.,A320,PKGQL,CTV,CTV726,CTV354,27/20:52,27/20:59,27/21:38,27/21:49,0:39:00,CGK,UPG,007,10,1,1,NML,2,2025
3113.,A320,PKBKR,BTK,BTK6413,BTK6136,27/19:32,27/19:36,27/21:45,27/21:55,2:09:00,DPS,UPG,014,10,1,1,NML,2,2025
3114.,A320,PKGQM,CTV,CTV489,CTV719,27/21:52,27/21:56,27/22:28,27/22:38,0:32:00,BDJ,CGK,009,10,1,1,NML,2,2025
3115.,A320,PKBKV,BTK,BTK6137,BTK7508,27/21:36,27/21:39,28/04:58,28/05:10,7:19:00,UPG,HLP,020,28,0,0,NML,2,2025
3116.,A320,PKSJG,SJV,SJV727,SJV610,27/22:09,27/22:13,28/04:59,28/05:12,6:46:00,DPS,BPN,014,28,1,1,NML,2,2025
3117.,A320,PKGLV,CTV,CTV720,CTV430,27/21:44,27/21:47,28/04:58,28/05:08,7:11:00,CGK,BPN,006,28,1,1,NML,2,2025
3118.,B738,PKLGY,LNI,LNI885,LNI878,27/19:19,27/19:23,28/05:02,28/05:14,9:39:00,UPG,AMQ,018,28,0,0,NML,2,2025
3119.,B739,PKLHH,LNI,LNI707,LNI786,27/14:39,27/14:42,28/05:04,28/05:18,14:22:00,UPG,UPG,021,28,0,0,NML,2,2025
3120.,A320,PKAZX,AWQ,AWQ327,AWQ320,28/00:12,28/00:17,28/05:00,28/05:15,4:43:00,KUL,KUL,A03,28,1,1,NML,2,2025
3121.,A320,PKGQI,CTV,CTV174,CTV725,27/16:03,27/16:07,28/05:41,28/05:48,13:34:00,HLP,CGK,008,28,1,1,NML,2,2025
3122.,B739,PKLSI,LNI,LNI690,LNI690,28/05:00,28/05:07,28/05:50,28/05:58,0:43:00,CGK,KOE,014,28,1,1,NML,2,2025
3123.,A320,V8RBB,RBA,RBA795,RBA796,27/20:24,27/20:35,28/05:49,28/06:02,9:14:00,BWN,BWN,A07,28,1,1,NML,2,2025
3124.,,,RBA,-,RBA795,--:--,--:--,--:--,--:--,None,-,BWN,None,-,-1,-,NML,2,2025
3125.,A320,PKLUU,BTK,BTK7521,BTK6589,27/20:37,27/20:40,28/06:01,28/06:10,9:21:00,HLP,CGK,011,28,1,1,NML,2,2025
3126.,A320,PKPWG,PAS,PAS212,PAS213,27/20:21,27/20:24,28/05:53,28/06:00,9:29:00,CGK,CGK,005,28,1,1,NML,2,2025
3127.,A320,PKSJO,SJV,SJV7080,SJV706,27/13:00,27/13:03,28/06:03,28/06:12,17:00:00,DPS,DPS,024,28,0,0,NML,2,2025
3128.,A320,PKGLX,CTV,CTV353,CTV670,28/05:10,28/05:14,28/05:48,28/05:55,0:34:00,UPG,LOP,007,28,1,1,NML,2,2025
3129.,B738,PKLKP,LNI,LNI709,LNI868,27/16:47,27/16:52,28/06:05,28/06:14,13:13:00,UPG,TTE,017,28,1,1,NML,2,2025
3130.,A320,PKSJA,SJV,SJV643,SJV640,27/15:35,28/00:47,28/06:12,28/06:22,14:37:00,AAP,AAP,009,28,1,1,NML,2,2025
3131.,A320,PKLAY,BTK,BTK6588,BTK6412,27/21:33,27/21:37,28/06:36,28/06:45,8:59:00,CGK,DPS,015,28,1,1,NML,2,2025
"3132.,A320,PKSJR,SJV,SJV643,SJV634,26/15:23,26/15:30,28/06:29,28/06:38,""1 day, 14:59:00"",AAP,BDJ,025,28,0,0,NML,2,2025"
3133.,A320,PKSJI,SJV,SJV619,SJV566,27/16:00,27/16:15,28/06:58,28/07:08,14:43:00,BPN,PLW,022,28,0,0,NML,2,2025
3134.,A320,PKLAW,BTK,BTK6586,BTK6135,27/20:43,27/20:45,28/07:12,28/07:22,10:27:00,CGK,PKN,012,28,1,1,NML,2,2025
3135.,C208,PKVVO,SUS,PKVVO,PKVVO,27/09:02,27/09:04,28/07:06,28/07:16,22:02:00,BXW,BXW,C07,28,0,0,NML,2,2025
3136.,B739,PKLGO,LNI,LNI311,LNI971,28/06:07,28/06:13,28/07:02,28/07:09,0:49:00,BDJ,BTH,014,28,1,1,NML,2,2025
3137.,B738,PKGFF,GIA,GIA328,GIA854,27/20:31,27/22:57,28/06:58,28/07:11,10:23:00,CGK,SIN,A02,28,1,1,NML,2,2025
3138.,B738,PKGMC,GIA,GIA855,GIA305,27/20:47,27/23:15,28/07:02,28/07:13,10:07:00,SIN,CGK,004,28,1,1,NML,2,2025
3139.,B739,PKLGR,LNI,LNI363,LNI646,28/06:20,28/06:24,28/07:14,28/07:25,0:50:00,BPN,LOP,011,28,1,1,NML,2,2025
3140.,A320,PKBLA,BTK,BTK7511,BTK7510,28/06:32,28/06:36,28/07:31,28/07:38,0:55:00,HLP,HLP,017,28,1,1,NML,2,2025
3141.,A320,PKAZO,AWQ,AWQ325,AWQ392,27/20:34,27/20:39,28/07:34,28/07:45,10:55:00,KUL,JHB,A01,28,1,1,NML,2,2025
3142.,A320,PKGQU,CTV,CTV661,CTV460,28/06:52,28/07:00,28/07:52,28/08:09,0:52:00,DPS,AAP,007,28,1,1,NML,2,2025
3143.,B739,PKLFO,LNI,LNI693,LNI693,28/07:02,28/07:10,28/07:57,28/08:15,0:47:00,KOE,CGK,009,28,1,1,NML,2,2025
3144.,A333,BLBF,CPA,CPA779,CPA780,27/18:06,27/18:16,28/08:02,28/08:21,13:46:00,HKG,HKG,A08,28,1,1,NML,2,2025
3145.,A320,PKLAI,BTK,BTK6572,BTK6573,28/07:39,28/07:45,28/08:42,28/08:52,0:57:00,CGK,CGK,015,28,1,1,NML,2,2025
3146.,A320,PKGQK,CTV,CTV355,CTV177,28/07:36,28/07:42,28/08:31,28/08:41,0:49:00,UPG,HLP,006,28,1,1,NML,2,2025
3147.,B738,PKLZZ,MXD,MXD352,MXD353,27/19:54,27/20:00,28/09:00,28/09:14,13:00:00,KUL,KUL,A04,28,1,1,NML,2,2025
3148.,A320,PKLUI,BTK,BTK6221,BTK6581,27/19:12,27/19:17,28/09:01,28/09:17,13:44:00,BPN,CGK,016,10,1,1,NML,2,2025
3149.,A320,PKSAL,SJV,SJV637,SJV618,27/15:26,27/15:30,28/09:07,28/09:26,17:37:00,BDJ,BPN,023,10,0,0,NML,2,2025
3150.,B738,PKLOP,LNI,LNI837,LNI748,28/08:06,28/08:11,28/09:06,28/09:20,0:55:00,PNK,MDC,017,10,1,1,NML,2,2025
3151.,B739,PKLHM,LNI,LNI267,LNI682,28/07:15,28/07:20,28/09:09,28/09:32,1:49:00,TRK,PKY,018,10,0,0,NML,2,2025
3152.,B739,PKLFW,LNI,LNI683,LNI856,28/08:03,28/08:08,28/09:09,28/09:29,1:01:00,PKY,PLM,011,10,1,1,NML,2,2025
3153.,B738,PKGNE,GIA,GIA304,GIA342,28/08:24,28/08:30,28/09:20,28/09:37,0:50:00,CGK,DPS,004,10,1,1,NML,2,2025
3154.,A320,PKGLX,CTV,CTV671,CTV486,28/08:19,28/08:25,28/09:17,28/09:33,0:52:00,LOP,BDJ,005,10,1,1,NML,2,2025
3155.,A320,9VTRP,TGW,TGW264,TGW265,28/09:01,28/09:04,28/09:58,28/10:11,0:54:00,SIN,SIN,A02,10,1,1,NML,2,2025
3156.,B738,9MMXJ,MAS,MAS871,MAS870,28/09:24,28/09:30,28/10:14,28/10:24,0:44:00,KUL,KUL,A07,10,1,1,NML,2,2025
3157.,C208,PKVVO,SUS,PKVVO,PKVVOD,28/09:03,28/09:07,28/10:48,28/10:58,1:41:00,BXW,CJN,C07,10,0,0,NML,2,2025
3158.,A320,PKGQT,CTV,CTV351,CTV350,28/09:18,28/09:22,28/10:03,28/10:14,0:41:00,UPG,UPG,007,10,1,1,NML,2,2025
3159.,B735,PKNAQ,LKN,LKN243,LKN242,28/09:21,28/09:24,28/10:03,28/10:16,0:39:00,SMQ,SMQ,012,10,1,1,NML,2,2025
3160.,B738,9MLCP,MXD,MXD350,MXD351,28/08:55,28/08:59,28/10:03,28/10:12,1:04:00,KUL,KUL,A03,10,1,1,NML,2,2025
3161.,A359,9VSHK,SIA,SIA922,SIA923,28/09:14,28/09:19,28/10:21,28/10:32,1:02:00,SIN,SIN,A08,10,1,1,NML,2,2025
3162.,E135,T7JCI,AFS,T7JCI,T7JCI,28/08:59,28/09:04,28/09:24,28/09:34,0:20:00,CGK,CGK,003,10,0,0,NML,2,2025
3163.,B739,PKLHH,LNI,LNI791,LNI6011,28/09:48,28/09:52,28/10:33,28/10:44,0:40:44,UPG,BDJ,020,10,0,0,NML,2,2025
3164.,B739,PKLVF,LNI,LNI315,LNI262,28/11:29,28/11:31,28/12:18,28/12:28,0:46:01,BDJ,BPN,012,10,1,1,NML,2,2025
3165.,A320,PKSJR,SJV,SJV635,SJV632,28/09:27,28/09:30,28/10:21,28/10:31,0:51:00,BDJ,BDJ,011,10,1,1,NML,2,2025
3166.,B739,PKLGS,LNI,LNI865,LNI706,27/18:14,27/18:19,28/10:46,28/10:58,16:26:35,LOP,UPG,026,10,0,0,NML,2,2025
3167.,A320,PKPWG,PAS,PAS210,PAS211,28/09:35,28/09:38,28/10:28,28/10:40,0:50:00,CGK,CGK,005,10,1,1,NML,2,2025
3168.,A320,PKBKQ,BTK,BTK7513,BTK7516,28/10:00,28/10:05,28/11:15,28/11:25,1:10:00,HLP,HLP,015,10,1,1,NML,2,2025
3169.,B739,PKLGR,LNI,LNI645,LNI822,28/10:03,28/10:10,28/10:57,28/11:04,0:47:00,LOP,LOP,014,10,1,1,NML,2,2025
3170.,A320,PKAZX,AWQ,AWQ321,AWQ322,28/10:56,28/11:02,28/11:34,28/11:44,0:32:00,KUL,KUL,A01,10,1,1,NML,2,2025
3171.,B739,PKLSI,LNI,LNI697,LNI697,28/10:25,28/10:29,28/11:35,28/11:47,1:06:27,KOE,CGK,009,10,1,1,NML,2,2025
3172.,A320,PKBLA,BTK,BTK7517,BTK7520,28/10:47,28/10:50,28/12:03,28/12:12,1:13:49,HLP,HLP,016,10,1,1,NML,2,2025
3173.,B738,PKGFJ,GIA,GIA322,GIA327,28/10:08,28/10:11,28/11:27,28/11:43,1:16:00,CGK,CGK,004,10,1,1,NML,2,2025
3174.,B739,PKLSH,LNI,LNI805,LNI804,28/13:53,28/13:58,28/15:06,28/15:26,1:08:00,DPS,DPS,009,28,1,1,NML,2,2025
3175.,A320,PKGQU,CTV,CTV461,CTV698,28/11:36,28/11:40,28/12:21,28/12:33,0:40:25,AAP,DPS,006,10,1,1,NML,2,2025
3176.,B739,PKLSO,LNI,LNI694,LNI780,28/12:13,28/12:16,28/14:29,28/14:37,2:13:00,CGK,UPG,011,28,1,1,NML,2,2025
3177.,A320,PKBKO,BTK,BTK6582,BTK6587,28/12:09,28/12:13,28/13:16,28/13:29,1:03:00,CGK,CGK,014,10,1,1,NML,2,2025
3178.,B735,PKNAS,LKN,LKN193,LKN192,28/13:35,28/13:39,28/14:20,28/14:29,0:41:00,PKN,PKN,012,28,1,1,NML,2,2025
3179.,A320,PKPWD,PAS,PAS204,PAS205,28/12:38,28/12:41,28/13:45,28/13:56,1:04:00,CGK,CGK,005,10,1,1,NML,2,2025
3180.,A320,PKAZO,AWQ,AWQ393,AWQ324,28/12:45,28/12:50,28/13:27,28/13:38,0:37:00,JHB,KUL,A01,10,1,1,NML,2,2025
3181.,A320,PKGLX,CTV,CTV487,CTV668,28/12:16,28/12:20,28/13:21,28/13:39,1:01:00,BDJ,DPS,007,10,1,1,NML,2,2025
3182.,B738,PKLKP,LNI,LNI869,LNI722,28/12:19,28/12:23,28/13:21,28/13:34,0:58:00,TTE,KDI,015,10,1,1,NML,2,2025
3183.,B738,PKGFQ,GIA,GIA312,GIA317,28/12:59,28/12:59,28/13:58,28/14:15,0:59:00,CGK,CGK,004,10,1,1,NML,2,2025
"3184.,B738,PKLJQ,LNI,LNI727,LNI836,26/18:34,28/00:48,28/14:55,28/15:04,""1 day, 20:15:00"",KDI,PNK,C04,28,0,0,NML,2,2025"
3185.,A320,PKSJI,SJV,SJV567,SJV726,28/11:40,28/11:44,28/14:15,28/14:26,2:31:00,PLW,LBJ,020,28,0,0,NML,2,2025
3186.,A320,PKGLP,CTV,CTV716,CTV717,28/13:41,28/13:45,28/14:25,28/14:36,0:40:00,CGK,CGK,007,28,1,1,NML,2,2025
3187.,A320,PKGLV,CTV,CTV431,CTV948,28/13:48,28/13:51,28/14:37,28/14:45,0:46:00,BPN,BTH,006,28,1,1,NML,2,2025
3188.,A320,9VJSX,JSA,JSA247,JSA248,28/13:27,28/13:33,28/14:19,28/14:30,0:46:00,SIN,SIN,A07,28,1,1,NML,2,2025
"3189.,B767-300ER,SPMRG,IGA,IGA740,IGA731,27/14:12,27/14:18,28/14:50,28/15:12,""1 day, 0:32:00"",JIB,URC,A12,28,0,0,NML,2,2025"
3190.,A320,PKLAW,BTK,BTK6134,BTK7514,28/09:54,28/09:58,28/15:11,28/15:32,5:13:00,PKN,HLP,018,28,0,0,NML,2,2025
3191.,A320,PKPWK,PAS,PAS208,PAS209,28/14:12,28/14:16,28/15:00,28/15:16,0:44:00,CGK,CGK,005,28,1,1,NML,2,2025
3192.,A320,PKLUV,BTK,BTK7515,BTK6595,28/13:57,28/14:01,28/15:20,28/15:36,1:19:00,HLP,CGK,014,28,1,1,NML,2,2025
3193.,B739,PKLSR,LNI,LNI787,LNI800,28/13:30,28/13:34,28/16:15,28/16:26,2:41:00,UPG,UPG,021,28,0,0,NML,2,2025
3194.,B739,PKLGR,LNI,LNI823,LNI642,28/14:02,28/14:14,28/16:13,28/16:24,1:59:00,LOP,LOP,017,28,1,1,NML,2,2025
3195.,A320,PKBKG,BTK,BTK6596,BTK6220,28/15:07,28/15:13,28/16:21,28/16:30,1:08:00,CGK,BPN,016,28,1,1,NML,2,2025
3196.,B738,PKGMA,GIA,GIA330,GIA331,28/14:20,28/14:23,28/15:31,28/15:40,1:08:00,HLP,HLP,004,28,1,1,NML,2,2025
3197.,B739,PKLHO,LNI,LNI919,LNI920,28/14:58,28/15:04,28/16:06,28/16:17,1:02:00,DPS,DPS,008,28,1,1,NML,2,2025
3198.,A320,PKBLA,BTK,BTK7501,BTK7512,28/15:34,28/15:39,28/16:35,28/16:45,0:56:00,HLP,HLP,011,28,1,1,NML,2,2025
3199.,A320,PKSJR,SJV,SJV633,SJV672,28/14:16,28/14:25,28/16:03,28/16:12,1:38:00,BDJ,BEJ,020,28,0,0,NML,2,2025
3200.,B738,PKLSF,LNI,LNI839,LNI581,28/13:33,28/13:37,28/16:26,28/16:35,2:49:00,PNK,CGK,015,28,1,1,NML,2,2025
3201.,A320,PKGQU,CTV,CTV699,CTV434,28/15:10,28/15:28,28/16:12,28/16:22,0:44:00,DPS,BPN,006,28,1,1,NML,2,2025
3202.,A320,PKGQK,CTV,CTV174,CTV715,28/15:38,28/15:45,28/16:26,28/16:40,0:41:00,HLP,CGK,007,28,1,1,NML,2,2025
3203.,B738,PKGFP,GIA,GIA310,GIA315,28/15:44,28/15:49,28/16:45,28/17:00,0:56:00,CGK,CGK,004,28,1,1,NML,2,2025
3204.,B738MAX,9VMBO,SIA,SIA926,SIA927,28/15:30,28/15:33,28/16:24,28/16:42,0:51:00,SIN,SIN,A08,28,1,1,NML,2,2025
3205.,A320,PKBLD,BTK,BTK6406,BTK6401,28/16:37,28/16:43,28/17:38,28/17:46,0:55:00,CGK,CGK,015,28,1,1,NML,2,2025
3206.,B739,PKLGY,LNI,LNI879,LNI692,28/15:00,28/15:06,28/18:15,28/18:24,3:09:00,AMQ,KOE,012,28,1,1,NML,2,2025
3207.,A339,PKLET,LNI,LNI075,LNI102,28/14:05,28/14:15,28/16:40,28/16:57,2:25:00,JED,JED,A06,28,1,1,NML,2,2025
3208.,A320,PKPWH,PAS,PAS206,PAS623,28/15:57,28/16:03,28/16:50,28/17:02,0:47:00,CGK,BPN,005,28,1,1,NML,2,2025
3209.,B738,PKLOJ,LNI,LNI709,LNI316,28/16:05,28/16:13,28/17:41,28/17:53,1:28:00,UPG,BDJ,014,28,1,1,NML,2,2025
3210.,A320,PKAZX,AWQ,AWQ323,AWQ326,28/18:05,28/18:08,28/18:40,28/18:52,0:32:00,KUL,KUL,A01,28,1,1,NML,2,2025
3211.,B738,PKLOP,LNI,LNI749,LNI838,28/14:54,28/14:59,28/17:32,28/17:45,2:33:00,MDC,PNK,022,28,0,0,NML,2,2025
3212.,A320,PKSJO,SJV,SJV723,SJV708,28/17:13,28/17:19,28/18:14,28/18:21,0:55:00,DPS,DPS,011,28,1,1,NML,2,2025
3213.,A320,PKPWG,PAS,PAS622,PAS207,28/17:19,28/17:26,28/18:16,28/18:26,0:50:00,BPN,CGK,005,28,1,1,NML,2,2025
3214.,A320,PKGQQ,CTV,CTV669,CTV488,28/17:28,28/17:34,28/18:29,28/18:40,0:55:00,DPS,BDJ,006,28,1,1,NML,2,2025
3215.,B738MAX,9VMBK,SIA,SIA928,SIA929,28/18:38,28/18:45,28/20:08,28/20:27,1:23:00,SIN,SIN,A03,28,1,1,NML,2,2025
3216.,A320,PKBLA,BTK,BTK7519,BTK7502,28/19:46,28/19:52,28/21:01,28/21:08,1:09:00,HLP,HLP,016,28,1,1,NML,2,2025
3217.,B738,PKGFQ,GIA,GIA320,GIA325,28/17:55,28/18:03,28/19:02,28/19:15,0:59:00,CGK,CGK,004,28,1,1,NML,2,2025
3218.,B735,PKCLE,SJY,SJY567,SJY562,28/17:37,28/17:44,28/18:34,28/18:43,0:50:00,UPG,UPG,009,28,1,1,NML,2,2025
3219.,B738,PKBGF,BTK,BTK6576,BTK6575,28/19:25,28/19:30,28/20:26,28/20:39,0:56:00,CGK,CGK,015,28,1,1,NML,2,2025
3220.,B789,9VOJD,TGW,TGW262,TGW263,28/18:29,28/18:35,28/20:18,28/20:32,1:43:00,SIN,SIN,A07,28,1,1,NML,2,2025
"3221.,A320,PKLUG,BTK,BTK6406,BTK7518,25/15:10,28/00:47,28/21:40,28/21:50,""3 days, 6:25:00"",CGK,HLP,C03,28,0,0,NML,2,2025"
3222.,B739,PKLSR,LNI,LNI885,LNI880,28/19:56,28/20:01,28/21:18,28/21:30,1:17:00,UPG,UPG,011,28,1,1,NML,2,2025
3223.,A320,PKPWK,PAS,PAS202,PAS203,28/18:58,28/19:06,28/19:57,28/20:06,0:51:00,CGK,CGK,005,28,1,1,NML,2,2025
3224.,A320,PKGQL,CTV,CTV736,CTV352,28/19:15,28/19:21,28/20:11,28/20:21,0:50:00,CGK,UPG,008,28,1,1,NML,2,2025
3225.,B738,PKGFI,GIA,GIA326,GIA313,28/19:20,28/19:27,28/20:24,28/20:30,0:57:00,CGK,CGK,004,28,1,1,NML,2,2025
3226.,A320,PKGQN,CTV,CTV949,CTV494,28/19:42,28/19:48,28/20:38,28/20:43,0:50:00,BTH,BDJ,006,28,1,1,NML,2,2025
3227.,A320,PKGQU,CTV,CTV435,CTV662,28/19:35,28/19:41,28/20:21,28/20:36,0:40:00,BPN,DPS,009,28,1,1,NML,2,2025
3228.,B738,PKGNE,GIA,GIA349,GIA319,28/18:19,28/18:38,28/20:55,28/21:05,2:17:13,DPS,CGK,007,28,1,1,NML,2,2025
3229.,A320,PKGLG,CTV,CTV726,CTV354,28/20:47,28/20:54,28/22:27,28/22:35,1:33:00,CGK,UPG,008,28,1,1,NML,2,2025
3230.,A320,PKGQS,CTV,CTV489,CTV719,28/21:23,28/21:29,28/22:10,28/22:18,0:41:00,BDJ,CGK,006,28,1,1,NML,2,2025
