no,act_type,reg_no,opr,flight_number_origin,flight_number_dest,ata,block_on,block_off,atd,ground_time,org,des,ps,runway,avio_a,avio_d,f_stat,bulan,tahun
1.,,,BTK,BTK6132,,--:--,--:--,--:--,--:--,None,LOP,-,None,-,0,-1,None,5,2025
2.,ZZZZ,ZZZZ,CTV,CTV431,,--:--,--:--,--:--,--:--,None,BPN,-,None,-,0,-1,None,5,2025
3.,B739,PKLQR,LNI,LNI695,,22/15:59,22/16:05,--:--,--:--,None,KOE,-,C04,-,0,0,None,5,2025
4.,,,TGW,TGW296,,--:--,--:--,--:--,--:--,None,SIN,-,None,-,0,-1,None,5,2025
5.,A320,PKSJO,SJV,SJV704A,,27/14:23,27/14:23,--:--,--:--,None,SUB,-,C05,-,0,0,None,5,2025
6.,AW139,PKTVN,TVR,PKTVN,,29/13:00,29/13:18,--:--,--:--,None,MBH,-,H02,-,0,0,None,5,2025
7.,A320,PKSAP,SJV,SJV619,SJV610,30/16:25,30/23:17,01/04:56,01/05:10,12:26:00,BPN,BPN,C04,28,0,1,NML,5,2025
8.,B738,PKLKP,LNI,LNI727,LNI878,30/18:27,30/18:29,01/05:06,01/05:21,10:37:00,KDI,AMQ,021,28,0,0,NML,5,2025
9.,A320,PKLAZ,BTK,BTK6594,BTK7508,30/20:16,30/20:20,01/05:02,01/05:15,8:42:00,CGK,HLP,15B,28,0,0,NML,5,2025
10.,A320,PKAZL,AWQ,AWQ327,AWQ320,30/23:29,30/23:36,01/05:01,01/05:13,5:25:00,KUL,KUL,A01,28,1,1,NML,5,2025
11.,B739,PKLHQ,LNI,LNI865,LNI786,30/18:16,01/03:36,01/05:01,01/05:11,10:42:00,LOP,UPG,025,28,0,0,NML,5,2025
12.,A320,PKGQO,CTV,CTV726,CTV430,30/21:05,30/21:09,01/05:06,01/05:19,7:57:00,CGK,BPN,009,28,1,1,NML,5,2025
13.,B738,PKGUA,GIA,GIA324,GIA301,30/20:43,30/20:45,01/05:02,01/05:17,8:17:00,CGK,CGK,004,28,1,1,NML,5,2025
14.,A320,PKLAY,BTK,BTK7521,BTK6132,30/20:33,30/20:37,01/05:15,01/05:25,8:38:00,HLP,LOP,008,28,1,1,NML,5,2025
15.,A320,PKGQA,CTV,CTV720,CTV725,30/20:52,30/20:55,01/05:30,01/05:43,8:35:00,CGK,CGK,007,28,1,1,NML,5,2025
16.,B739,PKLVF,LNI,LNI690,LNI690,01/05:08,01/05:12,01/05:56,01/06:10,0:44:00,CGK,KOE,011,28,1,1,NML,5,2025
17.,A320,PKGQM,CTV,CTV353,CTV484,01/04:59,01/05:10,01/05:45,01/05:53,0:35:00,UPG,BDJ,003,28,0,0,NML,5,2025
18.,A320,PKLUS,BTK,BTK6221,BTK6589,30/18:51,30/18:56,01/05:56,01/06:06,11:00:00,BPN,CGK,020,28,0,0,NML,5,2025
19.,B738,PKLJQ,LNI,LNI885,LNI868,30/19:17,30/19:20,01/05:58,01/06:12,10:37:59,UPG,TTE,016,28,0,0,NML,5,2025
20.,A320,PKSJD,SJV,SJV727,SJV706,30/20:57,30/21:00,01/06:01,01/06:17,9:01:00,DPS,DPS,026,28,0,0,NML,5,2025
21.,A320,V8RBG,RBA,RBA795,RBA796,30/19:57,30/20:03,01/05:45,01/05:56,9:42:00,BWN,BWN,A06,28,1,1,NML,5,2025
22.,A320,PKSAE,SJV,SJV643,SJV640,30/15:06,30/15:10,01/06:14,01/06:24,15:03:27,AAP,AAP,024,28,0,0,NML,5,2025
23.,A320,PKPWC,PAS,PAS212,PAS213,30/20:46,30/20:49,01/06:07,01/06:19,9:18:00,CGK,CGK,006,28,1,1,NML,5,2025
24.,A320,PKAZJ,AWQ,AWQ325,AWQ386,30/19:12,30/19:18,01/05:57,01/06:08,10:39:00,KUL,PEN,A03,28,1,1,NML,5,2025
25.,A320,PKBKY,BTK,BTK6413,BTK6412,30/20:13,30/20:17,01/06:25,01/06:36,10:08:52,DPS,DPS,15A,28,0,0,NML,5,2025
26.,A320,PKSAY,SJV,SJV717,SJV566,01/05:58,01/06:05,01/06:55,01/07:10,0:50:00,LOP,PLW,011,28,1,1,NML,5,2025
27.,A320,PKSJQ,SJV,SJV615,SJV612,30/22:10,30/22:13,01/06:55,01/07:06,8:42:00,BPN,BPN,014,28,1,1,NML,5,2025
28.,A320,PKLAL,BTK,BTK6370,BTK6597,01/06:14,01/06:20,01/07:20,01/07:26,1:00:00,CGK,CGK,008,28,1,1,NML,5,2025
29.,A320,PKLAF,BTK,BTK6588,BTK6135,30/21:55,30/21:58,01/07:00,01/07:12,9:02:00,CGK,PKN,012,28,1,1,NML,5,2025
30.,B739,PKLSU,LNI,LNI311,LNI971,01/06:04,01/06:10,01/07:03,01/07:19,0:53:18,BDJ,BTH,15B,28,0,0,NML,5,2025
31.,C208,PKVVM,SUS,PKVVM,SUS6197,30/11:38,30/11:41,01/07:02,01/07:10,19:21:25,BXW,BXW,C07,28,0,0,NML,5,2025
32.,B738,PKGFR,GIA,GIA328,GIA854,30/19:52,30/22:39,01/06:58,01/07:17,11:02:43,CGK,SIN,A02,28,1,1,NML,5,2025
33.,B738,PKGMM,GIA,GIA855,GIA305,30/20:09,30/22:57,01/06:58,01/07:11,10:43:00,SIN,CGK,005,28,1,1,NML,5,2025
34.,A320,PKLUZ,BTK,BTK7511,BTK7510,01/06:32,01/06:37,01/07:26,01/07:33,0:49:00,HLP,HLP,010,28,1,1,NML,5,2025
35.,A320,PKGQF,CTV,CTV690,CTV460,01/06:52,01/06:59,01/07:31,01/07:43,0:32:00,DPS,AAP,006,28,1,1,NML,5,2025
36.,B739,PKLGM,LNI,LNI693,LNI693,01/06:56,01/07:01,01/07:54,01/08:06,0:53:20,KOE,CGK,15A,28,0,0,NML,5,2025
37.,B739,PKLHR,LNI,LNI929,LNI982,01/07:03,01/07:09,01/07:55,01/08:07,0:46:00,DPS,PKU,012,28,1,1,NML,5,2025
38.,A21N,B32KZ,CSN,CSN8137,CSN8138,30/21:18,30/21:24,01/07:46,01/08:02,10:22:00,CAN,CAN,A07,28,1,1,NML,5,2025
39.,A320,PKGTD,CTV,CTV170,CTV175,01/07:07,01/07:13,01/07:47,01/07:58,0:34:40,HLP,HLP,007,28,1,1,NML,5,2025
40.,A333,BLBG,CPA,CPA779,CPA780,30/17:58,30/18:05,01/08:15,01/08:27,14:10:00,HKG,HKG,A08,28,1,1,NML,5,2025
41.,B739,PKLSL,LNI,LNI267,LNI990,01/07:03,01/07:07,01/08:23,01/08:32,1:16:00,TRK,DPS,009,28,1,1,NML,5,2025
"42.,DHC6,PKICP,PGT,PKICP,PKICP,29/11:10,29/11:14,01/08:07,01/08:15,""1 day, 20:53:00"",PAG,PAG,028,10,0,0,NML,5,2025"
43.,B738,PKLZM,MXD,MXD352,MXD353,30/20:06,30/20:12,01/09:06,01/09:16,12:54:00,KUL,KUL,A04,10,1,1,NML,5,2025
44.,A320,PKGTE,CTV,CTV355,CTV171,01/07:30,01/07:37,01/08:43,01/08:51,1:06:00,UPG,HLP,008,10,1,1,NML,5,2025
45.,B739,PKLHO,LNI,LNI363,LNI222,01/06:21,01/06:25,01/09:05,01/09:14,2:40:00,BPN,BDJ,020,10,0,0,NML,5,2025
46.,A320,PKLAY,BTK,BTK6133,BTK6391,01/07:56,01/08:03,01/08:50,01/08:58,0:47:00,LOP,CGK,010,10,1,1,NML,5,2025
47.,A320,PKSJL,SJV,SJV649,SJV618,01/07:40,01/07:45,01/08:52,01/09:04,1:07:00,BPN,BPN,011,10,1,1,NML,5,2025
48.,B738,PKLKQ,LNI,LNI837,LNI748,01/07:48,01/07:53,01/08:52,01/09:02,0:59:00,PNK,MDC,014,10,1,1,NML,5,2025
49.,B739,PKLHM,LNI,LNI683,LNI682,01/08:03,01/08:08,01/09:09,01/09:30,1:01:00,PKY,PKY,15A,10,0,0,NML,5,2025
50.,B738,PKGFG,GIA,GIA304,GIA342,01/08:09,01/08:16,01/09:20,01/09:47,1:04:00,CGK,DPS,004,10,1,1,NML,5,2025
51.,A320,PKPWK,PAS,PAS200,PAS201,01/08:14,01/08:19,01/09:08,01/09:24,0:49:00,CGK,CGK,005,10,1,1,NML,5,2025
52.,A320,PKSAP,SJV,SJV611,SJV642,01/08:34,01/08:39,01/09:29,01/09:50,0:50:00,BPN,AAP,15B,10,0,0,NML,5,2025
53.,A320,PKGQM,CTV,CTV485,CTV486,01/08:18,01/08:23,01/09:17,01/09:31,0:54:00,BDJ,BDJ,006,10,1,1,NML,5,2025
54.,A320,PKSJD,SJV,SJV703,SJV702,01/08:30,01/08:34,01/09:28,01/09:55,0:54:00,DPS,DPS,012,10,1,1,NML,5,2025
55.,B738,9MMXN,MAS,MAS871,MAS870,01/09:28,01/09:36,01/10:30,01/10:39,0:54:00,KUL,KUL,A07,10,1,1,NML,5,2025
56.,A359,9VSHM,SIA,SIA922,SIA923,01/08:55,01/09:05,01/10:08,01/10:22,1:03:19,SIN,SIN,A08,10,1,1,NML,5,2025
57.,B733F,PKMYV,MYU,MYU935,MYU815,01/08:45,01/08:50,01/09:29,01/09:35,0:39:00,SRG,CGK,C02,10,0,0,NML,5,2025
58.,A320,PKLAM,BTK,BTK6584,BTK6585,01/09:19,01/09:21,01/10:04,01/10:14,0:43:00,CGK,CGK,009,10,1,1,NML,5,2025
59.,A320,PKGLS,CTV,CTV351,CTV350,01/09:26,01/09:30,01/10:12,01/10:25,0:42:00,UPG,UPG,005,10,1,1,NML,5,2025
60.,A320,PKGQU,CTV,CTV722,CTV723,01/09:33,01/09:36,01/10:23,01/10:34,0:47:00,CGK,CGK,006,10,1,1,NML,5,2025
61.,B739,PKLHS,LNI,LNI315,LNI706,01/08:00,01/08:05,01/10:56,01/11:08,2:51:00,BDJ,UPG,021,10,0,0,NML,5,2025
62.,A20N,9VTNF,TGW,TGW296,TGW297,01/09:35,01/09:42,01/10:34,01/10:46,0:52:00,SIN,SIN,A02,10,1,1,NML,5,2025
63.,A320,PKPWC,PAS,PAS210,PAS211,01/09:59,01/10:04,01/10:42,01/10:58,0:38:34,CGK,CGK,004,10,1,1,NML,5,2025
64.,B739,PKLGS,LNI,LNI970,LNI973,01/09:52,01/09:55,01/10:53,01/11:04,0:58:00,BTH,BTH,014,10,1,1,NML,5,2025
65.,A320,PKLAF,BTK,BTK6134,BTK6346,01/09:56,01/10:01,01/10:50,01/11:00,0:49:00,PKN,BEJ,011,10,1,1,NML,5,2025
66.,A320,PKBKU,BTK,BTK7513,BTK7516,01/10:10,01/10:13,01/11:02,01/11:09,0:49:00,HLP,HLP,008,10,1,1,NML,5,2025
67.,B739,PKLHQ,LNI,LNI791,LNI822,01/10:01,01/10:04,01/11:06,01/11:16,1:02:00,UPG,LOP,010,10,1,1,NML,5,2025
68.,B739,PKLSH,LNI,LNI694,LNI694,01/10:20,01/10:24,01/11:14,01/11:27,0:49:57,CGK,KOE,15A,10,0,0,NML,5,2025
69.,A320,PKAZL,AWQ,AWQ321,AWQ322,01/10:35,01/10:40,01/11:12,01/11:20,0:32:16,KUL,KUL,A03,10,1,1,NML,5,2025
70.,B739,PKLVF,LNI,LNI697,LNI697,01/10:43,01/10:46,01/11:34,01/11:49,0:48:00,KOE,CGK,012,10,1,1,NML,5,2025
71.,A320,PKLUZ,BTK,BTK7517,BTK7520,01/10:33,01/10:35,01/11:36,01/11:56,1:01:31,HLP,HLP,009,10,1,1,NML,5,2025
72.,B738,PKGNE,GIA,GIA322,GIA327,01/10:05,01/10:09,01/11:22,01/11:32,1:13:29,CGK,CGK,007,10,1,1,NML,5,2025
73.,B738,9MLRL,MXD,MXD350,MXD351,01/10:28,01/10:33,01/11:27,01/11:43,0:54:28,KUL,KUL,A04,10,1,1,NML,5,2025
74.,A320,PKGQF,CTV,CTV461,CTV698,01/11:05,01/11:09,01/11:52,01/12:03,0:43:17,AAP,DPS,006,10,1,1,NML,5,2025
75.,B739,PKLGY,LNI,LNI805,LNI804,01/10:51,01/10:55,01/12:00,01/12:09,1:05:00,DPS,DPS,020,10,0,0,NML,5,2025
76.,A320,PKSJV,SJV,SJV363,SJV362,01/10:55,01/10:59,01/12:07,01/12:16,1:08:00,KNO,KNO,15B,10,0,0,NML,5,2025
77.,A320,PKBLC,BTK,BTK6582,BTK6581,01/11:51,01/11:54,01/12:40,01/12:50,0:46:00,CGK,CGK,009,10,1,1,NML,5,2025
78.,A320,PKGQE,CTV,CTV9692,CTV9693,01/11:54,01/11:57,01/12:33,01/12:44,0:36:21,DPS,DPS,007,10,1,1,NML,5,2025
79.,B739,PKLGU,LNI,LNI801,LNI780,01/11:37,01/11:42,01/12:47,01/12:57,1:05:00,UPG,UPG,014,10,1,1,NML,5,2025
80.,A320,PKSAY,SJV,SJV567,SJV636,01/11:25,01/11:28,01/12:28,01/12:38,1:00:00,PLW,BDJ,011,10,1,1,NML,5,2025
81.,B739,PKLHO,LNI,LNI223,LNI680,01/11:58,01/12:01,01/13:23,01/13:34,1:21:14,BDJ,PKY,15A,28,0,0,NML,5,2025
82.,A320,PKSTH,SJV,SJV723,SJV704,30/18:22,30/18:25,01/14:56,01/15:16,20:31:00,DPS,DPS,023,10,0,0,NML,5,2025
83.,A320,PKBKL,BTK,BTK6596,BTK6595,01/13:32,01/13:35,01/14:29,01/14:35,0:54:00,CGK,CGK,009,10,1,1,NML,5,2025
84.,A320,PKPWI,PAS,PAS204,PAS205,01/11:46,01/11:51,01/13:15,01/13:27,1:24:00,CGK,CGK,005,10,1,1,NML,5,2025
85.,A320,PKAZJ,AWQ,AWQ387,AWQ324,01/12:17,01/12:21,01/13:11,01/13:25,0:50:00,PEN,KUL,A03,10,1,1,NML,5,2025
86.,B738,PKLJQ,LNI,LNI869,LNI722,01/12:11,01/12:14,01/13:19,01/13:28,1:05:00,TTE,KDI,012,10,1,1,NML,5,2025
87.,A320,PKGQM,CTV,CTV487,CTV668,01/12:13,01/12:17,01/13:25,01/13:37,1:08:00,BDJ,DPS,006,10,1,1,NML,5,2025
88.,B738,PKLQZ,LNI,LNI839,LNI836,01/12:52,01/12:55,01/13:59,01/14:09,1:03:48,PNK,PNK,15B,10,0,0,NML,5,2025
89.,A320,PKSAP,SJV,SJV641,SJV726,01/13:35,01/13:38,01/14:48,01/15:04,1:10:00,AAP,LBJ,011,10,1,1,NML,5,2025
90.,A320,PKGQO,CTV,CTV431,CTV948,01/13:38,01/13:42,01/14:25,01/14:39,0:43:00,BPN,BTH,007,10,1,1,NML,5,2025
91.,B738,PKGUD,GIA,GIA312,GIA317,01/13:41,01/13:46,01/14:40,01/14:52,0:54:00,CGK,CGK,004,10,1,1,NML,5,2025
92.,B739,PKLGL,LNI,LNI972,LNI260,30/16:39,30/16:43,01/14:52,01/15:09,22:08:33,BTH,BPN,022,10,0,0,NML,5,2025
93.,A320,9VJSJ,JSA,JSA247,JSA248,01/14:05,01/14:08,01/15:01,01/15:22,0:53:00,SIN,SIN,A07,10,1,1,NML,5,2025
94.,A320,PKGLG,CTV,CTV716,CTV717,01/13:52,01/13:56,01/14:44,01/14:54,0:48:00,CGK,CGK,003,10,0,0,NML,5,2025
95.,A320,PKLAZ,BTK,BTK7515,BTK7514,01/13:49,01/13:52,01/14:54,01/15:13,1:02:00,HLP,HLP,008,10,1,1,NML,5,2025
96.,A320,PKPWE,PAS,PAS208,PAS209,01/13:55,01/14:00,01/14:48,01/15:02,0:48:00,CGK,CGK,006,10,1,1,NML,5,2025
97.,B738,PKGFI,GIA,GIA330,GIA331,01/13:58,01/14:01,01/15:00,01/15:21,0:59:00,HLP,HLP,005,10,1,1,NML,5,2025
98.,B739,PKLHQ,LNI,LNI823,LNI642,01/14:01,01/14:03,01/15:10,01/15:24,1:07:00,LOP,LOP,014,10,1,1,NML,5,2025
99.,A320,PKLAF,BTK,BTK6347,BTK6220,01/15:10,01/15:16,01/16:03,01/16:16,0:47:00,BEJ,BPN,008,10,1,1,NML,5,2025
100.,A320,PKGQF,CTV,CTV699,CTV434,01/14:18,01/14:22,01/15:13,01/15:26,0:51:00,DPS,BPN,012,10,1,1,NML,5,2025
101.,B739,PKLHS,LNI,LNI707,LNI920,01/14:30,01/14:34,01/15:40,01/15:52,1:06:00,UPG,DPS,15B,10,0,0,NML,5,2025
102.,A320,PKLUZ,BTK,BTK7501,BTK7512,01/14:56,01/15:00,01/15:38,01/15:49,0:38:00,HLP,HLP,009,10,1,1,NML,5,2025
103.,B738,9MMXV,MAS,MAS873,MAS872,01/14:50,01/14:56,01/15:46,01/15:56,0:50:00,KUL,KUL,A06,10,1,1,NML,5,2025
104.,B738,PKLKQ,LNI,LNI749,LNI581,01/15:00,01/15:04,01/16:00,01/16:09,0:56:00,MDC,CGK,15A,10,0,0,NML,5,2025
"105.,B739,PKLJI,LNI,LNI645,LNI316,30/08:53,30/08:58,01/16:32,01/16:40,""1 day, 7:34:00"",LOP,BDJ,018,10,0,0,NML,5,2025"
106.,B738,PKGMP,GIA,GIA310,GIA315,01/15:18,01/15:22,01/16:21,01/16:32,0:59:00,CGK,CGK,004,10,1,1,NML,5,2025
107.,A320,PKSAY,SJV,SJV637,SJV648,01/15:30,01/15:34,01/16:24,01/16:35,0:50:00,BDJ,BPN,011,10,1,1,NML,5,2025
108.,B738MAX,9VMBN,SIA,SIA926,SIA927,01/15:39,01/15:45,01/16:43,01/16:56,0:58:00,SIN,SIN,A08,10,1,1,NML,5,2025
109.,A320,PKPWN,PAS,PAS206,PAS623,01/15:34,01/15:38,01/16:33,01/16:44,0:55:00,CGK,BPN,005,10,1,1,NML,5,2025
110.,B739,PKLSH,LNI,LNI695,LNI268,01/15:47,01/15:52,01/16:57,01/17:10,1:05:00,KOE,TRK,021,10,0,0,NML,5,2025
111.,B739,PKLVF,LNI,LNI692,LNI692,01/16:14,01/16:17,01/17:14,01/17:22,0:57:00,CGK,KOE,014,10,1,1,NML,5,2025
112.,A320,PKGQG,CTV,CTV669,CTV488,01/16:07,01/16:11,01/16:53,01/17:04,0:42:00,DPS,BDJ,006,10,1,1,NML,5,2025
113.,B739,PKLSU,LNI,LNI972,LNI226,01/16:23,01/16:28,01/16:30,01/17:27,0:02:00,BTH,BDJ,15B,10,0,0,NML,5,2025
114.,A320,PKBLC,BTK,BTK6578,BTK7579,01/17:08,01/17:10,01/18:11,01/18:21,1:01:00,CGK,CGK,15A,10,0,0,NML,5,2025
115.,B738,PKLKP,LNI,LNI879,LNI838,01/15:14,01/15:18,01/17:27,01/17:35,2:09:00,AMQ,PNK,025,10,0,0,NML,5,2025
116.,A320,PKAZL,AWQ,AWQ323,AWQ326,01/17:20,01/17:25,01/17:59,01/18:08,0:34:00,KUL,KUL,A03,10,1,1,NML,5,2025
117.,A320,PKSTA,SJV,SJV723,SJV708,01/17:50,01/17:55,01/18:35,01/18:50,0:40:00,DPS,DPS,014,10,1,1,NML,5,2025
118.,A320,PKPWJ,PAS,PAS622,PAS207,01/17:14,01/17:18,01/18:10,01/18:25,0:52:00,BPN,CGK,006,10,1,1,NML,5,2025
119.,B738,PKGFG,GIA,GIA349,GIA313,01/17:33,01/17:38,01/18:16,01/18:34,0:38:00,DPS,CGK,005,10,1,1,NML,5,2025
120.,A320,PKSAP,SJV,SJV725,SJV716,01/18:23,01/18:28,01/19:07,01/19:19,0:39:00,LBJ,LOP,012,10,1,1,NML,5,2025
121.,B738,PKCRH,SJY,SJY567,SJY562,01/17:38,01/17:41,01/18:35,01/18:45,0:54:00,UPG,UPG,010,10,1,1,NML,5,2025
122.,B738,PKGUI,GIA,GIA320,GIA325,01/17:24,01/17:29,01/18:53,01/19:07,1:24:00,CGK,CGK,004,10,1,1,NML,5,2025
123.,B738MAX,9VMBC,SIA,SIA928,SIA929,01/18:19,01/18:24,01/19:09,01/19:27,0:45:00,SIN,SIN,A07,10,1,1,NML,5,2025
124.,A320,PKGQL,CTV,CTV736,CTV352,01/18:43,01/18:48,01/19:34,01/19:55,0:46:00,CGK,UPG,006,10,1,1,NML,5,2025
125.,A320,PKLUZ,BTK,BTK7519,BTK7518,01/18:47,01/18:51,01/19:40,01/19:57,0:49:00,HLP,HLP,014,10,1,1,NML,5,2025
126.,B739,PKLHR,LNI,LNI983,LNI880,01/13:46,01/13:50,01/19:43,01/19:59,5:53:00,PKU,UPG,024,10,0,0,NML,5,2025
127.,A320,PKGLT,CTV,CTV949,CTV9664,01/18:57,01/19:02,01/19:54,01/20:05,0:52:00,BTH,DPS,008,10,1,1,NML,5,2025
128.,A320,PKGLV,CTV,CTV489,CTV693,01/19:36,01/19:40,01/20:24,01/20:34,0:44:00,BDJ,DPS,009,28,1,1,NML,5,2025
129.,A320,PKGQF,CTV,CTV435,CTV737,01/18:53,01/18:56,01/19:59,01/20:12,1:03:00,BPN,CGK,007,28,1,1,NML,5,2025
130.,A320,PKGQJ,CTV,CTV724,CTV354,01/19:17,01/19:22,01/20:19,01/20:30,0:57:00,CGK,UPG,005,28,1,1,NML,5,2025
131.,A320,PKLUQ,BTK,BTK6137,BTK6136,01/19:41,01/19:46,01/22:11,01/22:21,2:25:00,UPG,UPG,011,28,1,1,NML,5,2025
132.,B738,PKLOP,LNI,LNI885,LNI878,01/22:18,01/22:23,02/04:54,02/05:06,6:31:00,UPG,AMQ,011,10,1,1,NML,5,2025
133.,A320,PKAZL,AWQ,AWQ327,AWQ320,01/23:24,01/23:28,02/05:01,02/05:15,5:33:00,KUL,KUL,A07,10,1,1,NML,5,2025
134.,A320,PKLAF,BTK,BTK6221,BTK7508,01/19:32,01/19:35,02/04:55,02/05:11,9:20:00,BPN,HLP,15B,10,0,0,NML,5,2025
135.,A320,PKSJO,SJV,SJV619,SJV610,01/15:59,01/23:46,02/04:59,02/05:13,12:54:00,BPN,BPN,009,10,1,1,NML,5,2025
136.,B739,PKLHO,LNI,LNI681,LNI786,01/16:28,01/16:31,02/05:01,02/05:18,12:30:00,PKY,UPG,022,10,0,0,NML,5,2025
137.,A320,PKGLT,CTV,CTV9665,CTV430,01/22:11,01/22:17,02/05:08,02/05:20,6:51:00,DPS,BPN,007,10,1,1,NML,5,2025
138.,B738,PKGMF,GIA,GIA328,GIA301,01/19:48,01/19:53,02/05:09,02/05:23,9:16:00,CGK,CGK,004,10,1,1,NML,5,2025
139.,A320,PKSJL,SJV,SJV615,SJV634,01/20:36,01/20:44,02/05:39,02/05:50,8:55:00,BPN,BDJ,012,10,1,1,NML,5,2025
140.,A320,PKGLU,CTV,CTV353,CTV670,02/05:03,02/05:07,02/05:41,02/05:52,0:34:00,UPG,LOP,008,10,1,1,NML,5,2025
141.,A320,PKGTE,CTV,CTV174,CTV725,01/15:42,01/15:46,02/05:46,02/05:58,14:00:00,HLP,CGK,003,10,0,0,NML,5,2025
142.,B739,PKLSK,LNI,LNI690,LNI690,02/05:09,02/05:14,02/06:06,02/06:22,0:52:00,CGK,KOE,011,10,1,1,NML,5,2025
143.,A320,V8RBB,RBA,RBA795,RBA796,01/20:27,01/20:31,02/05:53,02/06:07,9:22:00,BWN,BWN,A06,10,1,1,NML,5,2025
144.,A320,PKBLA,BTK,BTK6588,BTK6589,01/21:51,01/21:57,02/05:58,02/06:10,8:01:00,CGK,CGK,014,10,1,1,NML,5,2025
145.,B738,PKLJQ,LNI,LNI727,LNI868,01/17:45,01/17:50,02/06:10,02/06:24,12:20:00,KDI,TTE,C04,10,0,0,NML,5,2025
146.,A320,PKSAE,SJV,SJV643,SJV640,01/15:07,01/15:12,02/06:06,02/06:17,14:54:00,AAP,AAP,C03,10,0,0,NML,5,2025
147.,A320,PKPWA,PAS,PAS212,PAS213,01/20:43,01/20:51,02/06:10,02/06:26,9:19:00,CGK,CGK,006,10,1,1,NML,5,2025
148.,B739,PKLHQ,LNI,LNI865,LNI646,01/17:55,01/18:02,02/06:40,02/06:55,12:38:00,LOP,LOP,023,10,0,0,NML,5,2025
149.,A320,PKSAP,SJV,SJV717,SJV566,02/06:01,02/06:06,02/06:57,02/07:11,0:51:00,LOP,PLW,009,10,1,1,NML,5,2025
150.,A320,PKLUU,BTK,BTK6594,BTK6135,01/20:24,01/20:31,02/07:02,02/07:24,10:31:00,CGK,PKN,010,10,1,1,NML,5,2025
151.,B739,PKLGV,LNI,LNI311,LNI971,02/06:15,02/06:19,02/07:09,02/07:26,0:50:00,BDJ,BTH,014,10,1,1,NML,5,2025
152.,B738,PKGNE,GIA,GIA324,GIA305,01/20:48,01/20:57,02/06:56,02/07:22,9:59:00,CGK,CGK,005,10,1,1,NML,5,2025
153.,B738,PKGFR,GIA,GIA855,GIA854,01/20:32,01/20:36,02/06:58,02/07:20,10:22:00,SIN,SIN,A02,10,1,1,NML,5,2025
154.,C208,PKVVM,SUS,PKVVM,PKVVM,01/08:48,01/08:53,02/07:29,02/07:45,22:36:00,BXW,BXW,C07,10,0,0,NML,5,2025
155.,A320,PKBKU,BTK,BTK7511,BTK7510,02/06:29,02/06:33,02/07:28,02/07:44,0:55:00,HLP,HLP,008,10,1,1,NML,5,2025
156.,A320,PKAZJ,AWQ,AWQ325,AWQ392,01/19:03,01/19:08,02/07:17,02/07:29,12:09:00,KUL,JHB,A03,10,1,1,NML,5,2025
157.,A320,PKGLV,CTV,CTV690,CTV460,02/06:53,02/06:56,02/07:31,02/07:47,0:35:40,DPS,AAP,006,10,1,1,NML,5,2025
158.,A333,ECNOF,SVA,SVA4165,SVA5165,01/08:38,01/08:44,02/07:37,02/07:43,22:53:00,JED,MED,017,10,1,1,NML,5,2025
159.,B739,PKLVF,LNI,LNI693,LNI693,02/07:08,02/07:13,02/07:57,02/08:10,0:44:00,KOE,CGK,012,10,1,1,NML,5,2025
160.,A320,PKGTD,CTV,CTV170,CTV175,02/07:01,02/07:06,02/08:01,02/08:21,0:55:00,HLP,HLP,007,10,1,1,NML,5,2025
161.,A320,PKGQP,CTV,CTV712,CTV713,02/07:18,02/07:22,02/08:11,02/08:25,0:49:00,CGK,CGK,005,10,1,1,NML,5,2025
162.,A333,BHLT,CPA,CPA779,CPA780,01/17:42,01/17:48,02/08:16,02/08:34,14:28:00,HKG,HKG,A08,10,1,1,NML,5,2025
163.,B739,PKLGY,LNI,LNI919,LNI990,01/14:37,01/14:41,02/08:25,02/08:38,17:44:26,DPS,DPS,020,10,0,0,NML,5,2025
164.,A320,PKLZH,BTK,BTK7521,BTK6573,01/20:02,01/20:08,02/08:27,02/08:39,12:19:56,HLP,CGK,021,10,0,0,NML,5,2025
165.,B738MAX,9MLRR,MXD,MXD352,MXD353,01/19:22,01/19:32,02/09:01,02/09:26,13:29:00,KUL,KUL,A04,10,1,1,NML,5,2025
166.,A320,PKGQM,CTV,CTV355,CTV171,02/07:39,02/07:42,02/08:41,02/08:52,0:59:00,UPG,HLP,006,10,1,1,NML,5,2025
167.,B739,PKLJI,LNI,LNI315,LNI856,02/08:15,02/08:19,02/09:03,02/09:18,0:44:00,BDJ,PLM,014,10,1,1,NML,5,2025
168.,A320,PKSJK,SJV,SJV649,SJV618,02/07:42,02/07:46,02/08:55,02/09:06,1:09:00,BPN,BPN,010,10,1,1,NML,5,2025
169.,B738,PKLKP,LNI,LNI837,LNI748,02/07:52,02/07:57,02/08:57,02/09:11,1:00:00,PNK,MDC,011,10,1,1,NML,5,2025
170.,A320,PKGLU,CTV,CTV671,CTV486,02/08:18,02/08:22,02/09:04,02/09:32,0:42:00,LOP,BDJ,007,10,1,1,NML,5,2025
171.,B739,PKLHM,LNI,LNI683,LNI682,02/08:07,02/08:11,02/09:09,02/09:35,0:58:34,PKY,PKY,012,10,1,1,NML,5,2025
172.,B738,PKGFV,GIA,GIA304,GIA342,02/08:12,02/08:15,02/09:23,02/09:52,1:08:00,CGK,DPS,005,10,1,1,NML,5,2025
173.,A320,PKPWK,PAS,PAS200,PAS201,02/08:02,02/08:05,02/09:14,02/09:44,1:09:00,CGK,CGK,004,10,1,1,NML,5,2025
174.,A320,PKSJD,SJV,SJV705,SJV642A,01/12:30,01/14:27,02/11:37,02/11:48,22:58:00,DPS,AAP,026,10,0,1,NML,5,2025
175.,A333,ECNOG,SVA,SVA4175,SVA5175,02/06:49,02/06:55,02/09:43,02/09:49,2:48:00,JED,MED,015,10,1,1,NML,5,2025
176.,B738,9MMSB,MAS,MAS871,MAS870,02/09:19,02/09:28,02/10:18,02/10:39,0:50:06,KUL,KUL,A07,10,1,1,NML,5,2025
"177.,A320,HZA15,ALP,HZA15,HZA15,01/09:21,01/09:29,02/10:26,02/10:36,""1 day, 0:57:00"",SOC,CGK,A01,10,1,1,NML,5,2025"
178.,B735,PKNAT,LKN,LKN243,LKN242,02/09:09,02/09:16,02/09:57,02/10:15,0:41:00,SMQ,SMQ,010,10,1,1,NML,5,2025
179.,A359,9VSHR,SIA,SIA922,SIA923,02/09:18,02/09:21,02/10:19,02/10:32,0:58:23,SIN,SIN,A08,10,1,1,NML,5,2025
180.,A320,PKBLA,BTK,BTK6584,BTK6585,02/09:29,02/09:33,02/10:17,02/10:37,0:44:00,CGK,CGK,008,10,1,1,NML,5,2025
181.,A320,PKGLS,CTV,CTV351,CTV350,02/09:33,02/09:37,02/10:17,02/10:35,0:40:00,UPG,UPG,006,10,1,1,NML,5,2025
182.,A320,PKGQQ,CTV,CTV722,CTV723,02/09:24,02/09:27,02/10:23,02/10:44,0:56:00,CGK,CGK,007,10,1,1,NML,5,2025
183.,B739,PKLHO,LNI,LNI791,LNI706,02/09:42,02/09:46,02/10:36,02/10:54,0:50:15,UPG,UPG,011,10,1,1,NML,5,2025
184.,B739,PKLFW,LNI,LNI929,LNI262,02/07:15,02/07:19,02/10:41,02/10:56,3:21:19,DPS,BPN,024,10,0,0,NML,5,2025
185.,A20N,9VTNG,TGW,TGW296,TGW297,02/09:53,02/09:58,02/10:56,02/11:13,0:58:00,SIN,SIN,A02,10,1,1,NML,5,2025
186.,A320,PKPWA,PAS,PAS210,PAS211,02/09:46,02/09:50,02/10:10,02/10:52,0:20:00,CGK,CGK,005,10,1,1,NML,5,2025
187.,B739,PKLSH,LNI,LNI267,LNI973,02/07:12,02/07:18,02/10:44,02/10:58,3:25:42,TRK,BTH,023,10,0,0,NML,5,2025
188.,A320,PKLUU,BTK,BTK6134,BTK6346,02/09:50,02/09:54,02/10:49,02/10:59,0:54:04,PKN,BEJ,020,10,0,0,NML,5,2025
189.,B739,PKLQT,LNI,LNI694,LNI822,02/10:14,02/10:17,02/11:13,02/11:27,0:56:00,CGK,LOP,012,10,1,1,NML,5,2025
190.,B739,PKLHY,LNI,LNI363,LNI697,02/06:20,02/06:25,02/11:26,02/11:35,5:00:06,BPN,CGK,022,10,0,0,NML,5,2025
191.,A320,PKAZL,AWQ,AWQ321,AWQ322,02/10:42,02/10:47,02/11:21,02/11:31,0:34:00,KUL,KUL,A03,10,1,1,NML,5,2025
192.,A320,PKBKU,BTK,BTK7517,BTK7520,02/11:25,02/11:30,02/12:17,02/12:27,0:47:00,HLP,HLP,010,10,1,1,NML,5,2025
193.,B738,PKGUF,GIA,GIA322,GIA327,02/09:58,02/10:01,02/11:23,02/11:39,1:22:00,CGK,CGK,004,10,1,1,NML,5,2025
194.,A333,ECODQ,SVA,SVA4273,SVA5273,02/08:27,02/08:33,02/11:42,02/11:49,3:09:00,JED,MED,017,10,1,1,NML,5,2025
195.,B738MAX,9MLRM,MXD,MXD350,MXD351,02/11:02,02/11:07,02/11:53,02/12:03,0:46:00,KUL,KUL,A04,10,1,1,NML,5,2025
196.,A320,PKGLV,CTV,CTV461,CTV698,02/11:47,02/11:50,02/12:29,02/12:39,0:39:00,AAP,DPS,006,10,1,1,NML,5,2025
197.,A320,PKGTA,CTV,CTV9692,CTV9693,02/11:29,02/11:32,02/12:26,02/12:37,0:54:00,DPS,DPS,007,10,1,1,NML,5,2025
198.,A320,PKSAP,SJV,SJV567,SJV636,02/11:33,02/11:37,02/12:31,02/12:44,0:54:00,PLW,BDJ,011,10,1,1,NML,5,2025
199.,B739,PKLFF,LNI,LNI801,LNI780,02/11:37,02/11:43,02/12:33,02/12:46,0:50:42,UPG,UPG,020,10,0,0,NML,5,2025
200.,B739,PKLSK,LNI,LNI697,LNI680,02/10:39,02/10:43,02/12:29,02/12:41,1:46:35,KOE,PKY,014,10,1,1,NML,5,2025
201.,B735,PKNAS,LKN,LKN193,LKN192,02/11:20,02/11:23,02/12:26,02/12:35,1:03:00,PKN,PKN,012,10,1,1,NML,5,2025
202.,A320,PKSTA,SJV,SJV705,SJV704,02/12:15,02/12:19,02/13:19,02/13:28,0:59:24,DPS,DPS,022,10,0,0,NML,5,2025
203.,A320,PKBKM,BTK,BTK6596,BTK6595,02/12:33,02/12:36,02/13:34,02/13:45,0:58:00,CGK,CGK,010,10,1,1,NML,5,2025
204.,A320,PKPWM,PAS,PAS204,PAS205,02/11:51,02/11:54,02/13:19,02/13:32,1:25:00,CGK,CGK,005,10,1,1,NML,5,2025
205.,A320,PKAZJ,AWQ,AWQ393,AWQ324,02/12:22,02/12:27,02/13:22,02/13:30,0:55:00,JHB,KUL,A03,10,1,1,NML,5,2025
206.,A320,PKGLU,CTV,CTV487,CTV668,02/12:12,02/12:15,02/13:26,02/13:38,1:11:00,BDJ,DPS,008,10,1,1,NML,5,2025
207.,B738,PKLQZ,LNI,LNI839,LNI836,02/12:57,02/13:01,02/14:05,02/14:15,1:04:00,PNK,PNK,014,10,1,1,NML,5,2025
208.,A320,PKSJL,SJV,SJV635,SJV726,02/08:32,02/08:36,02/14:05,02/14:14,5:29:00,BDJ,LBJ,009,10,1,1,NML,5,2025
209.,A320,PKGLT,CTV,CTV431,CTV948,02/13:40,02/13:44,02/14:23,02/14:36,0:39:00,BPN,BTH,007,10,1,1,NML,5,2025
210.,B739,PKLQT,LNI,LNI823,LNI910,02/13:58,02/14:02,02/15:03,02/15:14,1:01:00,LOP,DPS,011,10,1,1,NML,5,2025
211.,B738,PKGFD,GIA,GIA312,GIA317,02/13:35,02/13:38,02/14:31,02/14:43,0:53:00,CGK,CGK,004,10,1,1,NML,5,2025
212.,A320,9VJSJ,JSA,JSA247,JSA248,02/14:03,02/14:09,02/15:05,02/15:19,0:56:00,SIN,SIN,A06,10,1,1,NML,5,2025
213.,B739,PKLHQ,LNI,LNI645,LNI642,02/10:04,02/10:10,02/15:55,02/16:05,5:44:49,LOP,LOP,021,10,0,0,NML,5,2025
214.,B738,PKGMY,GIA,GIA330,GIA331,02/13:49,02/13:52,02/15:05,02/15:21,1:13:00,HLP,HLP,005,10,1,1,NML,5,2025
215.,A320,PKBLA,BTK,BTK6406,BTK6220,02/14:22,02/14:28,02/15:26,02/15:35,0:58:00,CGK,BPN,010,10,1,1,NML,5,2025
216.,B739,PKLJI,LNI,LNI857,LNI920,02/13:32,02/13:35,02/15:39,02/15:51,2:04:00,PLM,DPS,020,10,0,0,NML,5,2025
217.,A320,PKGQF,CTV,CTV699,CTV434,02/14:48,02/14:53,02/15:38,02/15:49,0:45:00,DPS,BPN,006,10,1,1,NML,5,2025
218.,A320,PKBKU,BTK,BTK7501,BTK7512,02/15:36,02/15:40,02/16:35,02/16:43,0:55:00,HLP,HLP,009,10,1,1,NML,5,2025
219.,B738,PKLKW,LNI,LNI707,LNI581,02/14:58,02/15:00,02/15:58,02/16:07,0:58:00,UPG,CGK,012,10,1,1,NML,5,2025
220.,A320,PKLUU,BTK,BTK6347,BTK6401,02/15:17,02/15:19,02/16:08,02/16:18,0:48:23,BEJ,CGK,011,10,1,1,NML,5,2025
221.,A320,PKSAP,SJV,SJV637,SJV672,02/15:30,02/15:34,02/16:21,02/16:30,0:46:43,BDJ,BEJ,010,10,1,1,NML,5,2025
222.,B739,PKLSY,LNI,LNI919,LNI316,02/14:41,02/14:44,02/16:09,02/16:20,1:25:00,DPS,BDJ,014,10,1,1,NML,5,2025
223.,B738MAX,9VMBN,SIA,SIA926,SIA927,02/15:26,02/15:31,02/16:20,02/16:34,0:49:00,SIN,SIN,A07,10,1,1,NML,5,2025
224.,B738,PKGUF,GIA,GIA310,GIA315,02/15:12,02/15:17,02/16:20,02/16:32,1:03:00,CGK,CGK,004,10,1,1,NML,5,2025
225.,A320,PKPWJ,PAS,PAS206,PAS623,02/15:39,02/15:44,02/16:35,02/16:51,0:51:00,CGK,BPN,005,10,1,1,NML,5,2025
226.,B739,PKLSK,LNI,LNI681,LNI268,02/15:33,02/15:37,02/16:42,02/16:54,1:05:00,PKY,TRK,15A,10,0,0,NML,5,2025
227.,A320,PKGQM,CTV,CTV174,CTV721,02/15:41,02/15:46,02/16:42,02/16:56,0:56:00,HLP,CGK,007,10,1,1,NML,5,2025
228.,B739,PKLHY,LNI,LNI692,LNI692,02/15:44,02/15:47,02/16:47,02/16:57,0:59:18,CGK,KOE,15B,10,0,0,NML,5,2025
229.,A320,PKGLV,CTV,CTV669,CTV488,02/16:00,02/16:03,02/16:47,02/16:59,0:44:00,DPS,BDJ,006,10,1,1,NML,5,2025
230.,B739,PKLGM,LNI,LNI972,LNI226,02/16:49,02/16:52,02/17:42,02/17:59,0:50:00,BTH,BDJ,012,10,1,1,NML,5,2025
231.,B738,PKLOP,LNI,LNI879,LNI838,02/14:52,02/14:55,02/17:23,02/17:33,2:28:00,AMQ,PNK,018,10,0,0,NML,5,2025
232.,A320,PKAZL,AWQ,AWQ323,AWQ326,02/16:52,02/16:57,02/17:28,02/17:38,0:31:00,KUL,KUL,A03,10,1,1,NML,5,2025
233.,A320,PKSTA,SJV,SJV703,SJV708,02/18:04,02/18:08,02/18:49,02/18:57,0:41:00,DPS,DPS,014,10,1,1,NML,5,2025
234.,A320,PKPWH,PAS,PAS622,PAS207,02/17:03,02/17:06,02/18:12,02/18:22,1:06:00,BPN,CGK,005,10,1,1,NML,5,2025
235.,B738,PKGFP,GIA,GIA349,GIA313,02/18:08,02/18:12,02/18:56,02/19:11,0:44:00,DPS,CGK,004,10,1,1,NML,5,2025
236.,A320,PKSJL,SJV,SJV725,SJV716,02/17:36,02/17:41,02/18:30,02/18:45,0:49:00,LBJ,LOP,010,10,1,1,NML,5,2025
237.,A320,PKLUZ,BTK,BTK7503,BTK7502,02/17:43,02/17:46,02/18:39,02/18:47,0:53:00,HLP,HLP,011,10,1,1,NML,5,2025
238.,B738MAX,9VMBA,SIA,SIA928,SIA929,02/18:26,02/18:33,02/19:24,02/19:40,0:51:00,SIN,SIN,A07,10,1,1,NML,5,2025
239.,A320,PKLUY,BTK,BTK6576,BTK6575,02/18:31,02/18:36,02/19:19,02/19:30,0:43:00,CGK,CGK,012,10,1,1,NML,5,2025
240.,A320,PKGLY,CTV,CTV949,CTV9664,02/18:24,02/18:28,02/19:08,02/19:17,0:39:15,BTH,DPS,008,10,1,1,NML,5,2025
241.,A320,PKGQU,CTV,CTV736,CTV352,02/18:20,02/18:25,02/19:27,02/19:42,1:02:00,CGK,UPG,006,10,1,1,NML,5,2025
242.,B739,PKLSR,LNI,LNI885,LNI880,02/18:43,02/18:47,02/19:43,02/19:53,0:56:00,UPG,UPG,15A,10,0,0,NML,5,2025
243.,A320,PKGQQ,CTV,CTV489,CTV693,02/19:33,02/19:37,02/20:11,02/20:22,0:34:00,BDJ,DPS,006,10,1,1,NML,5,2025
244.,A320,PKPWE,PAS,PAS202,PAS203,02/18:41,02/18:44,02/19:41,02/19:52,0:57:00,CGK,CGK,005,10,1,1,NML,5,2025
245.,B738,PKGFD,GIA,GIA326,GIA319,02/18:51,02/18:56,02/19:59,02/20:16,1:03:00,CGK,CGK,007,10,1,1,NML,5,2025
246.,A320,PKSJO,SJV,SJV619,SJV616,02/16:12,02/16:16,02/20:18,02/20:30,4:02:00,BPN,BPN,17A,10,0,0,NML,5,2025
247.,A320,PKGQF,CTV,CTV435,CTV737,02/19:08,02/19:12,02/20:15,02/20:26,1:03:00,BPN,CGK,008,10,1,1,NML,5,2025
248.,A320,PKGTE,CTV,CTV724,CTV354,02/20:02,02/20:06,02/20:50,02/21:08,0:44:00,CGK,UPG,005,10,1,1,NML,5,2025
249.,B738,PKCRI,SJY,SJY567,SJY562,02/20:55,02/20:58,02/21:38,02/21:49,0:40:00,UPG,UPG,011,10,1,1,NML,5,2025
250.,A320,PKBKJ,BTK,BTK6137,BTK6136,02/19:38,02/19:40,02/21:49,02/21:58,2:09:00,UPG,UPG,010,10,1,1,NML,5,2025
251.,B738,PKLJQ,LNI,LNI869,LNI878,02/12:19,02/12:26,03/05:26,03/05:34,16:59:47,TTE,AMQ,024,10,0,0,NML,5,2025
252.,A320,PKBLA,BTK,BTK6221,BTK7508,02/19:03,02/19:07,03/05:04,03/05:14,9:57:00,BPN,HLP,17B,10,0,0,NML,5,2025
253.,A320,PKAZJ,AWQ,AWQ325,AWQ320,02/18:59,02/19:04,03/05:00,03/05:09,9:56:00,KUL,KUL,A01,10,1,1,NML,5,2025
254.,A320,PKSAP,SJV,SJV673,SJV610,02/20:35,02/20:39,03/04:59,03/05:07,8:20:00,BEJ,BPN,016,10,0,0,NML,5,2025
255.,B739,PKLQT,LNI,LNI923,LNI786,02/18:12,02/18:15,03/05:08,03/05:20,10:53:00,DPS,UPG,020,10,0,0,NML,5,2025
256.,A320,PKGLR,CTV,CTV720,CTV430,02/20:50,02/20:55,03/05:00,03/05:12,8:05:00,CGK,BPN,007,10,1,1,NML,5,2025
257.,B738,PKGMW,GIA,GIA328,GIA301,02/19:49,02/19:55,03/05:02,03/05:16,9:07:00,CGK,CGK,004,10,1,1,NML,5,2025
258.,A320,PKGLY,CTV,CTV9665,CTV725,02/21:38,02/21:42,03/05:41,03/05:52,7:59:00,DPS,CGK,006,10,1,1,NML,5,2025
259.,A320,PKGQU,CTV,CTV353,CTV670,03/05:04,03/05:07,03/05:45,03/05:59,0:38:00,UPG,LOP,008,10,1,1,NML,5,2025
260.,A320,V8RBB,RBA,RBA795,RBA796,02/20:05,02/20:11,03/05:52,03/06:03,9:41:00,BWN,BWN,A06,10,1,1,NML,5,2025
261.,A320,PKSAE,SJV,SJV641,SJV640,02/14:45,02/14:49,03/06:03,03/06:11,15:14:00,AAP,AAP,023,10,0,0,NML,5,2025
262.,A320,PKAZU,AWQ,AWQ327,AWQ386,02/23:20,02/23:25,03/06:11,03/06:22,6:46:00,KUL,PEN,A07,10,1,1,NML,5,2025
263.,B733F,PKMYV,MYU,MYU935,MYU934,02/08:50,02/08:56,03/06:47,03/06:55,21:50:49,SRG,SIN,C02,10,0,0,NML,5,2025
264.,B738MAX,PKOFM,AFE,AFE921,AFE921,03/05:48,03/05:52,03/06:33,03/06:45,0:41:00,CGK,TIM,004,10,1,1,NML,5,2025
265.,A320,PKBKP,BTK,BTK6578,BTK6597,02/16:39,02/16:45,03/07:13,03/07:22,14:28:00,CGK,CGK,021,10,0,0,NML,5,2025
266.,B739,PKLGM,LNI,LNI311,LNI971,03/06:02,03/06:05,03/06:54,03/07:04,0:49:00,BDJ,BTH,011,10,1,1,NML,5,2025
267.,A320,PKSGA,SJV,SJV613,SJV612,02/19:56,02/20:00,03/06:57,03/07:11,10:57:00,BPN,BPN,15B,10,0,0,NML,5,2025
268.,A320,PKLUT,BTK,BTK7521,BTK6135,02/20:13,02/20:16,03/06:53,03/07:07,10:37:00,HLP,PKN,014,10,1,1,NML,5,2025
269.,B738,PKGMX,GIA,GIA324,GIA305,02/20:47,02/20:53,03/06:57,03/07:13,10:04:00,CGK,CGK,005,10,1,1,NML,5,2025
270.,B738,PKGFR,GIA,GIA855,GIA854,02/20:24,02/20:31,03/07:02,03/07:15,10:31:00,SIN,SIN,A02,10,1,1,NML,5,2025
271.,B739,PKLHQ,LNI,LNI363,LNI646,03/06:27,03/06:31,03/07:19,03/07:28,0:48:00,BPN,LOP,010,10,1,1,NML,5,2025
272.,A320,PKGQQ,CTV,CTV690,CTV460,03/06:47,03/06:50,03/07:32,03/07:44,0:42:00,DPS,AAP,006,10,1,1,NML,5,2025
273.,B739,PKLHY,LNI,LNI693,LNI693,03/06:59,03/07:03,03/07:45,03/07:55,0:42:00,KOE,CGK,15A,10,0,0,NML,5,2025
274.,B739,PKLJI,LNI,LNI929,LNI982,03/07:02,03/07:05,03/07:56,03/08:06,0:51:00,DPS,PKU,009,10,1,1,NML,5,2025
275.,A21N,B32KZ,CSN,CSN8137,CSN8138,02/21:05,02/21:13,03/07:46,03/07:59,10:33:00,CAN,CAN,A03,10,1,1,NML,5,2025
276.,A320,PKGQP,CTV,CTV712,CTV713,03/07:09,03/07:13,03/08:11,03/08:26,0:58:00,CGK,CGK,007,10,1,1,NML,5,2025
277.,A333,BHLU,CPA,CPA779,CPA780,02/17:45,02/17:54,03/08:19,03/08:33,14:25:00,HKG,HKG,A08,10,1,1,NML,5,2025
278.,B739,PKLGS,LNI,LNI970,LNI990,02/09:37,02/09:40,03/08:24,03/08:32,22:43:52,BTH,DPS,025,10,0,0,NML,5,2025
279.,B738,PKLOP,LNI,LNI837,LNI868,03/07:41,03/07:46,03/08:32,03/08:44,0:46:00,PNK,TTE,012,10,1,1,NML,5,2025
"280.,DHC6,PKICP,PGT,PKICP,PKICP,01/11:21,01/11:24,03/08:01,03/08:09,""1 day, 20:36:15"",PAG,PAG,028,10,0,0,NML,5,2025"
281.,B739,PKLSK,LNI,LNI267,LNI222,03/07:05,03/07:09,03/08:52,03/09:02,1:43:00,TRK,BDJ,011,10,1,1,NML,5,2025
282.,A320,PKGQN,CTV,CTV355,CTV171,03/07:35,03/07:38,03/08:44,03/08:56,1:06:00,UPG,HLP,006,10,1,1,NML,5,2025
283.,A320,PKSJK,SJV,SJV649,SJV618,03/07:46,03/07:50,03/08:54,03/09:04,1:04:00,BPN,BPN,010,10,1,1,NML,5,2025
284.,A320,9VJSN,JSA,JSA249,JSA250,03/08:28,03/08:34,03/09:22,03/09:37,0:48:00,SIN,SIN,A07,10,1,1,NML,5,2025
285.,B738MAX,9MLRV,MXD,MXD352,MXD353,02/20:20,02/20:25,03/08:44,03/08:53,12:19:00,KUL,KUL,A04,10,1,1,NML,5,2025
286.,B738,PKLHM,LNI,LNI683,LNI748,03/07:57,03/08:02,03/09:01,03/09:14,0:59:00,PKY,MDC,014,10,1,1,NML,5,2025
287.,A320,PKGQU,CTV,CTV671,CTV486,03/08:19,03/08:23,03/09:06,03/09:18,0:43:00,LOP,BDJ,007,10,1,1,NML,5,2025
288.,B739,PKLFW,LNI,LNI315,LNI682,03/07:52,03/07:57,03/09:07,03/09:16,1:10:00,BDJ,PKY,15A,10,0,0,NML,5,2025
289.,B738,PKGFM,GIA,GIA304,GIA342,03/08:13,03/08:17,03/09:18,03/09:30,1:01:00,CGK,DPS,004,10,1,1,NML,5,2025
290.,A320,PKPWE,PAS,PAS200,PAS201,03/08:08,03/08:10,03/09:10,03/09:20,1:00:00,CGK,CGK,005,10,1,1,NML,5,2025
291.,B738,9MMLT,MAS,MAS871,MAS870,03/09:00,03/09:07,03/09:56,03/10:07,0:49:00,KUL,KUL,A06,10,1,1,NML,5,2025
292.,A359,9VSHV,SIA,SIA922,SIA923,03/09:06,03/09:09,03/10:08,03/10:19,0:59:00,SIN,SIN,A08,10,1,1,NML,5,2025
293.,A320,PKBLB,BTK,BTK6584,BTK6585,03/09:12,03/09:15,03/10:14,03/10:25,0:59:00,CGK,CGK,009,10,1,1,NML,5,2025
294.,A320,PKGQE,CTV,CTV351,CTV350,03/09:23,03/09:28,03/10:18,03/10:29,0:50:00,UPG,UPG,006,10,1,1,NML,5,2025
295.,A20N,9VTNF,TGW,TGW296,TGW297,03/09:40,03/09:46,03/10:35,03/10:46,0:49:00,SIN,SIN,A03,10,1,1,NML,5,2025
296.,B739,PKLQT,LNI,LNI791,LNI706,03/09:38,03/09:41,03/10:44,03/10:53,1:03:00,UPG,UPG,014,10,1,1,NML,5,2025
297.,B739,PKLHL,LNI,LNI970,LNI973,03/09:28,03/09:31,03/10:30,03/10:44,0:59:00,BTH,BTH,012,10,1,1,NML,5,2025
298.,A320,PKLUT,BTK,BTK6134,BTK6346,03/09:34,03/09:37,03/10:34,03/10:48,0:57:00,PKN,BEJ,010,10,1,1,NML,5,2025
299.,A320,PKBKT,BTK,BTK7513,BTK7516,03/09:55,03/09:59,03/10:50,03/11:00,0:51:00,HLP,HLP,008,10,1,1,NML,5,2025
300.,B739,PKLHQ,LNI,LNI645,LNI822,03/09:58,03/10:00,03/11:01,03/11:14,1:01:00,LOP,LOP,023,10,0,0,NML,5,2025
301.,A320,PKSAE,SJV,SJV641,SJV642,03/09:44,03/09:47,03/10:51,03/11:04,1:04:00,AAP,AAP,011,10,1,1,NML,5,2025
302.,B739,PKLHO,LNI,LNI694,LNI694,03/10:14,03/10:19,03/11:14,03/11:22,0:55:00,CGK,KOE,025,10,0,0,NML,5,2025
303.,A320,PKAZJ,AWQ,AWQ321,AWQ322,03/10:32,03/10:38,03/11:14,03/11:27,0:36:00,KUL,KUL,A01,10,1,1,NML,5,2025
304.,B738,PKGMP,GIA,GIA322,GIA327,03/10:04,03/10:08,03/11:34,03/11:51,1:26:00,CGK,CGK,004,10,1,1,NML,5,2025
305.,B738,PKLZZ,MXD,MXD350,MXD351,03/10:42,03/10:49,03/11:35,03/11:45,0:46:00,KUL,KUL,A04,10,1,1,NML,5,2025
306.,B739,PKLGS,LNI,LNI805,LNI804,03/11:19,03/11:23,03/12:05,03/12:13,0:42:00,DPS,DPS,012,10,1,1,NML,5,2025
307.,A320,PKGQQ,CTV,CTV461,CTV698,03/11:02,03/11:07,03/11:51,03/12:01,0:44:00,AAP,DPS,006,10,1,1,NML,5,2025
308.,A320,PKLAI,BTK,BTK6582,BTK6581,03/11:15,03/11:19,03/12:18,03/12:26,0:59:00,CGK,CGK,009,10,1,1,NML,5,2025
309.,A320,PKSJL,SJV,SJV717,SJV636,03/05:56,03/06:00,03/12:31,03/12:43,6:31:00,LOP,BDJ,020,10,0,0,NML,5,2025
310.,B738,PKLSK,LNI,LNI223,LNI680,03/11:43,03/11:46,03/12:36,03/12:46,0:50:00,BDJ,PKY,014,10,1,1,NML,5,2025
311.,B739,PKLFF,LNI,LNI801,LNI780,03/11:24,03/11:27,03/12:27,03/12:38,1:00:00,UPG,UPG,010,10,1,1,NML,5,2025
312.,A333,ECNYJ,SVA,SVA4109,SVA5109,03/10:10,03/10:19,03/13:11,03/13:30,2:52:00,JED,MED,017,10,1,1,NML,5,2025
313.,A320,PKLUU,BTK,BTK6588,BTK6595,02/22:11,03/07:12,03/13:21,03/13:45,15:08:00,CGK,CGK,024,10,0,1,NML,5,2025
314.,A320,PKPWN,PAS,PAS204,PAS205,03/11:49,03/11:53,03/13:13,03/13:34,1:20:00,CGK,CGK,005,10,1,1,NML,5,2025
315.,A320,PKAZU,AWQ,AWQ387,AWQ324,03/12:41,03/12:46,03/13:26,03/13:54,0:40:00,PEN,KUL,A01,10,1,1,NML,5,2025
316.,A320,PKGQA,CTV,CTV9692,CTV9693,03/11:57,03/12:00,03/13:15,03/13:38,1:15:00,DPS,DPS,007,10,1,1,NML,5,2025
317.,A320,PKGQU,CTV,CTV487,CTV668,03/11:53,03/11:57,03/13:24,03/13:50,1:27:00,BDJ,DPS,008,10,1,1,NML,5,2025
318.,B738,PKLQZ,LNI,LNI839,LNI836,03/13:32,03/13:34,03/14:24,03/14:35,0:50:00,PNK,PNK,014,10,1,1,NML,5,2025
319.,A320,PKSAP,SJV,SJV611,SJV726,03/08:24,03/08:31,03/14:01,03/14:09,5:30:00,BPN,LBJ,021,10,0,0,NML,5,2025
320.,A333,ECNOF,SVA,SVA4231,SVA5231,03/11:11,03/11:15,03/14:13,03/14:26,2:58:00,MED,MED,015,10,1,1,NML,5,2025
321.,A320,PKGTE,CTV,CTV716,CTV717,03/13:59,03/14:02,03/14:46,03/15:02,0:44:00,CGK,CGK,008,10,1,1,NML,5,2025
322.,A320,PKGLR,CTV,CTV431,CTV948,03/13:35,03/13:39,03/14:26,03/14:40,0:47:00,BPN,BTH,006,10,1,1,NML,5,2025
323.,B739,PKLJI,LNI,LNI983,LNI910,03/13:23,03/13:26,03/14:28,03/14:42,1:02:00,PKU,DPS,011,10,1,1,NML,5,2025
324.,B738,PKGUC,GIA,GIA312,GIA317,03/13:26,03/13:30,03/14:34,03/14:45,1:04:00,CGK,CGK,004,10,1,1,NML,5,2025
325.,B739,PKLHQ,LNI,LNI823,LNI260,03/13:52,03/13:55,03/14:52,03/15:06,0:57:00,LOP,BPN,012,10,1,1,NML,5,2025
326.,A320,PKPWK,PAS,PAS208,PAS209,03/13:43,03/13:46,03/14:50,03/15:07,1:04:00,CGK,CGK,007,10,1,1,NML,5,2025
327.,B738,PKGNG,GIA,GIA330,GIA331,03/13:56,03/14:00,03/15:07,03/15:18,1:07:00,HLP,HLP,005,10,1,1,NML,5,2025
328.,B733F,PKMYV,MYU,MYU935,MYU815,03/13:48,03/13:52,03/14:39,03/14:49,0:47:00,SRG,CGK,C02,10,0,0,NML,5,2025
329.,A320,PKGQQ,CTV,CTV699,CTV434,03/14:28,03/14:31,03/15:22,03/15:33,0:51:00,DPS,BPN,006,10,1,1,NML,5,2025
330.,B739,PKLGS,LNI,LNI919,LNI920,03/14:43,03/14:46,03/15:39,03/15:48,0:53:00,DPS,DPS,011,10,1,1,NML,5,2025
331.,A320,PKLAW,BTK,BTK7501,BTK7512,03/14:38,03/14:41,03/15:35,03/15:45,0:54:00,HLP,HLP,009,10,1,1,NML,5,2025
332.,B738,PKLOP,LNI,LNI869,LNI581,03/14:32,03/14:36,03/15:58,03/16:06,1:22:00,TTE,CGK,020,10,0,0,NML,5,2025
333.,B738MAX,9MMVE,MAS,MAS873,MAS872,03/14:48,03/14:54,03/15:48,03/16:01,0:54:00,KUL,KUL,A07,10,1,1,NML,5,2025
334.,A320,PKBLD,BTK,BTK6406,BTK6401,03/14:24,03/14:27,03/16:04,03/16:14,1:37:00,CGK,CGK,010,10,1,1,NML,5,2025
335.,B739,PKLKQ,LNI,LNI707,LNI316,03/14:53,03/14:57,03/16:01,03/16:13,1:04:00,UPG,BDJ,021,10,0,0,NML,5,2025
336.,A333,ECNOG,SVA,SVA4267,SVA5267,03/13:40,03/13:45,03/16:14,03/16:27,2:29:00,MED,KNO,017,10,1,1,NML,5,2025
"337.,A320,PKSJD,SJV,SJV643,SJV648,02/15:08,02/15:11,03/16:31,03/16:40,""1 day, 1:20:00"",AAP,BPN,022,10,0,0,NML,5,2025"
338.,B738MAX,PKOFM,AFE,AFE920,AFE920,03/15:48,03/15:52,03/16:27,03/16:41,0:35:00,TIM,CGK,005,10,1,1,NML,5,2025
339.,B739,PKLHM,LNI,LNI749,LNI268,03/15:03,03/15:06,03/16:39,03/16:51,1:33:00,MDC,TRK,012,10,1,1,NML,5,2025
340.,A320,PKPWF,PAS,PAS206,PAS623,03/15:40,03/15:43,03/16:36,03/16:47,0:53:00,CGK,BPN,004,10,1,1,NML,5,2025
341.,B739,PKLFO,LNI,LNI692,LNI692,03/15:55,03/15:58,03/16:50,03/17:02,0:52:00,CGK,KOE,011,10,1,1,NML,5,2025
342.,A320,PKGQN,CTV,CTV174,CTV721,03/15:52,03/15:55,03/16:43,03/16:53,0:48:00,HLP,CGK,007,10,1,1,NML,5,2025
343.,B739,PKLGM,LNI,LNI972,LNI226,03/16:59,03/17:02,03/17:57,03/18:06,0:55:00,BTH,BDJ,010,10,1,1,NML,5,2025
344.,A320,PKGQA,CTV,CTV669,CTV488,03/16:10,03/16:15,03/17:00,03/17:10,0:45:00,DPS,BDJ,006,10,1,1,NML,5,2025
345.,B738,PKLJQ,LNI,LNI879,LNI838,03/15:42,03/15:45,03/17:20,03/17:33,1:35:00,AMQ,PNK,014,10,1,1,NML,5,2025
346.,A320,PKAZJ,AWQ,AWQ323,AWQ326,03/17:12,03/17:18,03/17:50,03/18:04,0:32:00,KUL,KUL,A01,10,1,1,NML,5,2025
347.,A320,PKSJP,SJV,SJV703,SJV708,03/17:27,03/17:31,03/18:24,03/18:35,0:53:00,DPS,DPS,011,10,1,1,NML,5,2025
348.,A320,PKPWL,PAS,PAS622,PAS207,03/17:20,03/17:24,03/18:16,03/18:31,0:52:00,BPN,CGK,006,10,1,1,NML,5,2025
349.,A333,ECODQ,SVA,SVA4275,SVA5275,03/15:15,03/15:22,03/18:13,03/18:24,2:51:00,MED,KNO,015,10,1,1,NML,5,2025
350.,B738,PKGFM,GIA,GIA349,GIA313,03/17:16,03/17:20,03/18:17,03/18:33,0:57:00,DPS,CGK,004,10,1,1,NML,5,2025
351.,A320,PKSAP,SJV,SJV725,SJV716,03/17:30,03/17:33,03/18:25,03/18:37,0:52:00,LBJ,LOP,009,10,1,1,NML,5,2025
352.,A320,PKBKT,BTK,BTK7503,BTK7502,03/17:47,03/17:52,03/18:33,03/18:46,0:41:00,HLP,HLP,008,10,1,1,NML,5,2025
353.,B738,PKCRI,SJY,SJY567,SJY562,03/17:52,03/17:55,03/18:39,03/18:56,0:44:00,UPG,UPG,012,10,1,1,NML,5,2025
354.,B738,PKGNQ,GIA,GIA320,GIA325,03/17:23,03/17:26,03/18:45,03/19:01,1:19:00,CGK,CGK,005,10,1,1,NML,5,2025
355.,A320,PKGTD,CTV,CTV172,CTV173,03/17:54,03/17:57,03/18:50,03/19:03,0:53:00,HLP,HLP,007,10,1,1,NML,5,2025
356.,B738MAX,9VMBC,SIA,SIA928,SIA929,03/18:01,03/18:08,03/19:03,03/19:18,0:55:00,SIN,SIN,A07,10,1,1,NML,5,2025
357.,A320,PKGLX,CTV,CTV949,CTV9664,03/18:28,03/18:32,03/19:12,03/19:23,0:40:00,BTH,DPS,006,10,1,1,NML,5,2025
358.,B738,PKBGZ,BTK,BTK6576,BTK6575,03/18:17,03/18:20,03/19:17,03/19:27,0:57:00,CGK,CGK,010,10,1,1,NML,5,2025
359.,A320,PKGQG,CTV,CTV489,CTV693,03/18:58,03/19:02,03/19:35,03/19:48,0:33:00,BDJ,DPS,007,10,1,1,NML,5,2025
360.,B739,PKLJI,LNI,LNI923,LNI880,03/17:04,03/17:07,03/19:44,03/19:54,2:37:00,DPS,UPG,020,10,0,0,NML,5,2025
361.,A320,PKGQS,CTV,CTV736,CTV352,03/18:49,03/18:53,03/19:47,03/20:00,0:54:00,CGK,UPG,008,10,1,1,NML,5,2025
362.,B738,PKGNE,GIA,GIA326,GIA319,03/18:43,03/18:49,03/20:00,03/20:15,1:11:00,CGK,CGK,004,10,1,1,NML,5,2025
363.,A320,PKGQQ,CTV,CTV435,CTV737,03/18:53,03/18:57,03/19:56,03/20:05,0:59:00,BPN,CGK,005,10,1,1,NML,5,2025
364.,A320,PKGLU,CTV,CTV724,CTV354,03/19:29,03/19:32,03/20:21,03/20:35,0:49:40,CGK,UPG,009,10,1,1,NML,5,2025
365.,A320,PKLUQ,BTK,BTK6137,BTK6136,03/19:36,03/19:40,03/21:50,03/22:01,2:10:58,UPG,UPG,011,10,1,1,NML,5,2025
366.,A320,PKGQN,CTV,CTV720,CTV430,03/20:12,03/20:16,04/04:49,04/05:01,8:33:00,CGK,BPN,007,10,1,1,NML,5,2025
367.,B739,PKLSK,LNI,LNI681,LNI878,03/15:31,03/15:35,04/05:00,04/05:13,13:25:37,PKY,AMQ,025,10,0,0,NML,5,2025
368.,A320,PKSJP,SJV,SJV727,SJV610,03/20:50,03/20:53,04/04:58,04/05:05,8:05:30,DPS,BPN,021,10,0,0,NML,5,2025
369.,A320,PKAZU,AWQ,AWQ325,AWQ320,03/19:16,03/19:22,04/05:06,04/05:16,9:44:00,KUL,KUL,A01,10,1,1,NML,5,2025
370.,B739,PKLGL,LNI,LNI6015,LNI786,03/21:05,03/21:08,04/05:01,04/05:11,7:52:53,LOP,UPG,020,10,0,0,NML,5,2025
371.,B738,PKGFR,GIA,GIA855,GIA301,03/20:28,03/22:46,04/05:06,04/05:21,8:32:00,SIN,CGK,004,10,1,1,NML,5,2025
372.,A320,PKLAZ,BTK,BTK7521,BTK6132,03/19:57,03/20:00,04/05:08,04/05:18,9:08:00,HLP,LOP,014,10,1,1,NML,5,2025
373.,A320,PKGLX,CTV,CTV9665,CTV725,03/21:48,03/21:52,04/05:51,04/06:00,7:59:00,DPS,CGK,008,10,1,1,NML,5,2025
374.,B739,PKLGW,LNI,LNI690,LNI690,04/05:09,04/05:11,04/05:58,04/06:17,0:47:46,CGK,KOE,011,10,1,1,NML,5,2025
375.,A320,PKGQL,CTV,CTV353,CTV484,04/05:03,04/05:06,04/05:42,04/05:53,0:36:38,UPG,BDJ,009,10,1,1,NML,5,2025
"376.,B738,PKLKP,LNI,LNI749,LNI868,02/14:55,02/15:00,04/06:05,04/06:24,""1 day, 15:05:00"",MDC,TTE,026,10,0,0,NML,5,2025"
377.,A320,PKSGA,SJV,SJV619,SJV706,03/16:03,03/16:09,04/06:10,04/06:25,14:01:00,BPN,DPS,C04,10,0,0,NML,5,2025
378.,B739,PKLHO,LNI,LNI695,LNI882,03/15:58,03/16:02,04/06:08,04/06:22,14:06:00,KOE,UPG,C03,10,0,0,NML,5,2025
379.,B739,PKLQT,LNI,LNI709,LNI266,03/16:07,03/16:11,04/05:58,04/06:07,13:47:11,UPG,BPN,C05,10,0,0,NML,5,2025
380.,A320,PKSGB,SJV,SJV637,SJV640,03/17:58,03/18:01,04/05:58,04/06:12,11:57:23,BDJ,AAP,022,10,0,0,NML,5,2025
381.,A320,PKPWM,PAS,PAS212,PAS213,03/20:31,03/20:33,04/06:00,04/06:19,9:27:08,CGK,CGK,005,10,1,1,NML,5,2025
382.,A320,PKSAA,SJV,SJV717,SJV566,04/05:58,04/06:04,04/06:50,04/06:59,0:46:00,LOP,PLW,009,10,1,1,NML,5,2025
383.,A320,PKLAM,BTK,BTK6588,BTK6135,03/21:14,03/21:17,04/06:56,04/07:07,9:39:00,CGK,PKN,010,10,1,1,NML,5,2025
384.,A320,PKBKP,BTK,BTK6370,BTK6597,04/06:15,04/06:19,04/07:14,04/07:25,0:55:00,CGK,CGK,008,10,1,1,NML,5,2025
385.,B739,PKLGO,LNI,LNI311,LNI971,04/06:10,04/06:12,04/07:04,04/07:17,0:52:00,BDJ,BTH,014,10,1,1,NML,5,2025
386.,B738,PKGFP,GIA,GIA324,GIA854,03/20:42,03/22:40,04/07:00,04/07:15,10:14:00,CGK,SIN,A02,10,1,1,NML,5,2025
387.,B738,PKGMU,GIA,GIA328,GIA305,03/19:46,03/19:51,04/06:53,04/07:05,11:02:00,CGK,CGK,006,10,1,1,NML,5,2025
388.,A320,PKLUT,BTK,BTK6347,BTK7510,03/15:00,03/15:03,04/07:30,04/07:41,16:27:00,BEJ,HLP,023,10,0,0,NML,5,2025
389.,A320,PKAZJ,AWQ,AWQ327,AWQ392,03/23:32,03/23:38,04/07:17,04/07:26,7:39:00,KUL,JHB,A03,10,1,1,NML,5,2025
390.,A320,PKGQG,CTV,CTV690,CTV460,04/07:13,04/07:16,04/07:59,04/08:13,0:43:00,DPS,AAP,005,10,1,1,NML,5,2025
391.,B739,PKLHJ,LNI,LNI363,LNI693,04/06:20,04/06:23,04/07:56,04/08:08,1:33:00,BPN,CGK,011,10,1,1,NML,5,2025
392.,A320,PKGQI,CTV,CTV170,CTV175,04/07:03,04/07:06,04/07:49,04/08:04,0:43:00,HLP,HLP,007,10,1,1,NML,5,2025
393.,A333,BHLV,CPA,CPA779,CPA780,03/17:40,03/17:46,04/08:16,04/08:26,14:30:00,HKG,HKG,A08,10,1,1,NML,5,2025
394.,B739,PKLHM,LNI,LNI267,LNI990,04/06:56,04/06:59,04/08:21,04/08:30,1:22:00,TRK,DPS,15A,10,0,0,NML,5,2025
395.,B738,PKLJQ,LNI,LNI837,LNI222,04/07:50,04/07:53,04/08:56,04/09:09,1:03:00,PNK,BDJ,17A,10,0,0,NML,5,2025
396.,A320,PKGQU,CTV,CTV355,CTV171,04/07:33,04/07:36,04/08:41,04/08:51,1:05:00,UPG,HLP,006,10,1,1,NML,5,2025
397.,A320,PKSJO,SJV,SJV649,SJV618,04/07:44,04/07:47,04/09:36,04/09:45,1:49:00,BPN,BPN,010,10,1,1,NML,5,2025
398.,B739,PKLHI,LNI,LNI929,LNI856,04/07:09,04/07:12,04/08:54,04/09:07,1:42:00,DPS,PLM,15B,10,0,0,NML,5,2025
399.,B738,PKLKQ,LNI,LNI315,LNI748,04/07:54,04/07:58,04/08:58,04/09:12,1:00:00,BDJ,MDC,012,10,1,1,NML,5,2025
400.,A320,PKGQL,CTV,CTV485,CTV486,04/08:15,04/08:18,04/09:07,04/09:15,0:49:00,BDJ,BDJ,007,10,1,1,NML,5,2025
401.,B739,PKLFW,LNI,LNI683,LNI682,04/07:58,04/08:03,04/09:06,04/09:17,1:03:00,PKY,PKY,016,10,0,0,NML,5,2025
402.,B738,PKGMF,GIA,GIA304,GIA342,04/08:09,04/08:12,04/09:11,04/09:23,0:59:00,CGK,DPS,004,10,1,1,NML,5,2025
403.,A320,PKPWK,PAS,PAS200,PAS201,04/08:06,04/08:08,04/09:16,04/09:26,1:08:00,CGK,CGK,005,10,1,1,NML,5,2025
404.,A320,PKSAE,SJV,SJV643,SJV642,03/14:56,03/15:00,04/09:25,04/10:09,18:25:00,AAP,AAP,024,10,0,0,NML,5,2025
405.,B738MAX,9MMVH,MAS,MAS871,MAS870,04/08:55,04/09:03,04/09:56,04/10:09,0:53:00,KUL,KUL,A07,10,1,1,NML,5,2025
406.,B735,PKNAQ,LKN,LKN243,LKN242,04/09:05,04/09:08,04/09:51,04/10:02,0:43:00,SMQ,SMQ,011,10,1,1,NML,5,2025
407.,A359,9VSHR,SIA,SIA922,SIA923,04/09:21,04/09:27,04/10:24,04/10:39,0:57:00,SIN,SIN,A08,10,1,1,NML,5,2025
408.,A320,PKLAZ,BTK,BTK6133,BTK6585,04/08:02,04/08:06,04/10:12,04/10:23,2:06:00,LOP,CGK,020,10,0,0,NML,5,2025
409.,A320,PKGQO,CTV,CTV351,CTV350,04/09:33,04/09:37,04/10:19,04/10:30,0:42:00,UPG,UPG,006,10,1,1,NML,5,2025
410.,B738MAX,9MLRP,MXD,MXD352,MXD353,03/20:55,03/21:02,04/10:22,04/10:32,13:20:00,KUL,KUL,A04,10,1,1,NML,5,2025
411.,A320,PKGQP,CTV,CTV722,CTV723,04/09:30,04/09:34,04/10:26,04/10:44,0:52:00,CGK,CGK,007,10,1,1,NML,5,2025
412.,A20N,9VTNG,TGW,TGW296,TGW297,04/09:59,04/10:05,04/10:58,04/11:11,0:53:00,SIN,SIN,A02,10,1,1,NML,5,2025
413.,B739,PKLHS,LNI,LNI970,LNI973,04/09:47,04/09:50,04/10:42,04/10:55,0:52:00,BTH,BTH,012,10,1,1,NML,5,2025
414.,A320,PKLAM,BTK,BTK6134,BTK6346,04/09:50,04/09:53,04/10:38,04/10:48,0:45:00,PKN,BEJ,010,10,1,1,NML,5,2025
415.,A320,PKBLA,BTK,BTK7513,BTK7516,04/09:54,04/09:58,04/10:56,04/11:09,0:58:00,HLP,HLP,008,10,1,1,NML,5,2025
416.,B739,PKLFO,LNI,LNI693,LNI822,04/06:50,04/06:54,04/10:56,04/11:07,4:02:00,KOE,LOP,018,10,0,0,NML,5,2025
417.,B739,PKLHO,LNI,LNI791,LNI694,04/09:56,04/10:00,04/11:35,04/11:45,1:35:00,UPG,KOE,009,10,1,1,NML,5,2025
418.,B739,PKLHR,LNI,LNI694,LNI697,04/10:14,04/10:17,04/11:26,04/11:38,1:09:00,CGK,CGK,15B,10,0,0,NML,5,2025
419.,A320,PKAZU,AWQ,AWQ321,AWQ322,04/10:45,04/10:50,04/11:23,04/11:33,0:33:00,KUL,KUL,A03,10,1,1,NML,5,2025
420.,B738,PKGFD,GIA,GIA322,GIA327,04/10:06,04/10:10,04/11:27,04/11:41,1:17:00,CGK,CGK,004,10,1,1,NML,5,2025
421.,A320,PKBKU,BTK,BTK7517,BTK7520,04/10:42,04/10:44,04/11:43,04/11:54,0:59:00,HLP,HLP,011,10,1,1,NML,5,2025
422.,B738,9MLRL,MXD,MXD350,MXD351,04/11:02,04/11:10,04/11:48,04/11:59,0:38:00,KUL,KUL,A04,10,1,1,NML,5,2025
423.,B739,PKLHM,LNI,LNI805,LNI804,04/11:31,04/11:34,04/12:25,04/12:39,0:51:00,DPS,DPS,012,10,1,1,NML,5,2025
424.,A320,PKGQG,CTV,CTV461,CTV698,04/11:35,04/11:39,04/12:18,04/12:32,0:39:00,AAP,DPS,006,10,1,1,NML,5,2025
425.,A320,PKGQF,CTV,CTV9692,CTV9693,04/11:26,04/11:32,04/12:14,04/12:23,0:42:00,DPS,DPS,007,10,1,1,NML,5,2025
426.,A320,PKSAA,SJV,SJV567,SJV636,04/11:22,04/11:25,04/12:24,04/12:37,0:59:00,PLW,BDJ,010,10,1,1,NML,5,2025
427.,B738,PKLJQ,LNI,LNI223,LNI680,04/11:52,04/11:55,04/12:42,04/12:52,0:47:00,BDJ,PKY,014,10,1,1,NML,5,2025
428.,B739,PKLGW,LNI,LNI697,LNI780,04/10:37,04/10:40,04/12:48,04/12:58,2:07:12,KOE,UPG,15A,10,0,0,NML,5,2025
429.,B735,PKNAS,LKN,LKN193,LKN192,04/11:39,04/11:43,04/12:29,04/12:41,0:46:00,PKN,PKN,009,10,1,1,NML,5,2025
430.,A320,PKSJJ,SJV,SJV705,SJV704,04/12:35,04/12:38,04/13:34,04/13:49,0:56:10,DPS,DPS,011,10,1,1,NML,5,2025
431.,A320,PKBLC,BTK,BTK6582,BTK6581,04/12:44,04/12:47,04/13:55,04/14:06,1:08:28,CGK,CGK,009,10,1,1,NML,5,2025
432.,A320,PKPWI,PAS,PAS204,PAS205,04/12:03,04/12:06,04/13:16,04/13:29,1:10:43,CGK,CGK,005,10,1,1,NML,5,2025
433.,A320,PKAZJ,AWQ,AWQ393,AWQ324,04/11:58,04/12:03,04/13:10,04/13:22,1:07:48,JHB,KUL,A03,10,1,1,NML,5,2025
434.,B738,PKLKP,LNI,LNI869,LNI722,04/12:30,04/12:35,04/13:43,04/13:53,1:08:31,TTE,KDI,15B,10,0,0,NML,5,2025
435.,A320,PKGQL,CTV,CTV487,CTV668,04/11:55,04/11:59,04/13:22,04/13:36,1:23:42,BDJ,DPS,008,10,1,1,NML,5,2025
436.,A320,PKBKL,BTK,BTK6596,BTK6595,04/13:00,04/13:04,04/14:00,04/14:10,0:56:13,CGK,CGK,010,10,1,1,NML,5,2025
437.,B738,PKLQZ,LNI,LNI839,LNI836,04/12:49,04/12:52,04/14:01,04/14:12,1:09:37,PNK,PNK,012,10,1,1,NML,5,2025
438.,A320,PKSJT,SJV,SJV615,SJV726,03/20:46,04/07:27,04/14:05,04/14:15,17:15:00,BPN,LBJ,025,10,0,1,NML,5,2025
439.,A320,PKGLU,CTV,CTV716,CTV717,04/13:26,04/13:30,04/14:16,04/14:33,0:46:00,CGK,CGK,006,10,1,1,NML,5,2025
440.,B739,PKLHI,LNI,LNI857,LNI910,04/13:34,04/13:36,04/14:22,04/14:37,0:46:00,PLM,DPS,014,10,1,1,NML,5,2025
441.,A320,PKGQN,CTV,CTV431,CTV948,04/13:40,04/13:43,04/14:22,04/14:39,0:39:58,BPN,BTH,007,10,1,1,NML,5,2025
442.,B738,PKGNQ,GIA,GIA312,GIA317,04/13:37,04/13:40,04/14:32,04/14:43,0:52:44,CGK,CGK,004,10,1,1,NML,5,2025
443.,B739,PKLFO,LNI,LNI823,LNI260,04/13:44,04/13:48,04/14:48,04/15:01,0:59:33,LOP,BPN,15A,10,0,0,NML,5,2025
444.,A320,9VJSX,JSA,JSA247,JSA248,04/13:58,04/14:03,04/14:50,04/15:05,0:47:00,SIN,SIN,A06,10,1,1,NML,5,2025
445.,A320,PKLAM,BTK,BTK6347,BTK7514,04/15:20,04/15:23,04/16:40,04/16:58,1:17:12,BEJ,HLP,025,10,0,0,NML,5,2025
446.,A320,PKPWE,PAS,PAS208,PAS209,04/14:59,04/15:03,04/15:39,04/15:57,0:36:00,CGK,CGK,006,10,1,1,NML,5,2025
447.,B738,PKGUF,GIA,GIA330,GIA331,04/13:47,04/13:50,04/15:00,04/15:14,1:10:35,HLP,HLP,005,10,1,1,NML,5,2025
448.,B739,PKLQR,LNI,LNI787,LNI642,04/13:30,04/13:35,04/15:09,04/15:30,1:33:38,UPG,LOP,020,10,0,0,NML,5,2025
449.,B739,PKLHM,LNI,LNI919,LNI920,04/15:46,04/15:50,04/16:40,04/16:53,0:50:39,DPS,DPS,15B,10,0,0,NML,5,2025
450.,A320,PKGQG,CTV,CTV699,CTV434,04/15:23,04/15:27,04/16:03,04/16:14,0:36:00,DPS,BPN,007,10,1,1,NML,5,2025
451.,A320,PKBKU,BTK,BTK7501,BTK7512,04/15:12,04/15:16,04/16:16,04/16:27,1:00:00,HLP,HLP,014,10,1,1,NML,5,2025
452.,B738,9MMXG,MAS,MAS873,MAS872,04/14:35,04/14:40,04/15:38,04/15:50,0:58:00,KUL,KUL,A07,10,1,1,NML,5,2025
453.,B738,PKLKQ,LNI,LNI749,LNI581,04/14:54,04/14:56,04/15:47,04/16:00,0:51:00,MDC,CGK,011,10,1,1,NML,5,2025
454.,A320,PKSGB,SJV,SJV643,SJV672,04/15:03,04/15:07,04/16:08,04/16:17,1:01:00,AAP,BEJ,010,10,1,1,NML,5,2025
455.,A320,PKBDF,BTK,BTK6406,BTK6401,04/14:31,04/14:35,04/16:02,04/16:19,1:27:00,CGK,CGK,008,10,1,1,NML,5,2025
456.,B739,PKLGS,LNI,LNI707,LNI316,04/14:08,04/14:13,04/16:35,04/16:44,2:22:43,UPG,BDJ,021,10,0,0,NML,5,2025
457.,A320,PKSAA,SJV,SJV637,SJV648,04/15:39,04/15:43,04/16:33,04/16:42,0:50:00,BDJ,BPN,15A,10,0,0,NML,5,2025
458.,B738,PKGFD,GIA,GIA310,GIA315,04/15:40,04/15:45,04/16:44,04/17:02,0:59:05,CGK,CGK,004,10,1,1,NML,5,2025
459.,A320,PKPWM,PAS,PAS206,PAS623,04/15:49,04/15:52,04/16:39,04/16:52,0:47:49,CGK,BPN,005,10,1,1,NML,5,2025
460.,B739,PKLSK,LNI,LNI879,LNI268,04/15:16,04/15:21,04/16:57,04/17:10,1:36:38,AMQ,TRK,012,10,1,1,NML,5,2025
461.,A320,PKGQU,CTV,CTV174,CTV721,04/15:55,04/16:00,04/16:46,04/17:04,0:46:00,HLP,CGK,006,10,1,1,NML,5,2025
462.,B739,PKLGL,LNI,LNI692,LNI692,04/15:58,04/16:01,04/17:06,04/17:20,1:05:38,CGK,KOE,011,10,1,1,NML,5,2025
463.,A320,PKGQF,CTV,CTV669,CTV488,04/16:25,04/16:28,04/17:00,04/17:15,0:32:00,DPS,BDJ,007,10,1,1,NML,5,2025
464.,B739,PKLGO,LNI,LNI972,LNI226,04/16:36,04/16:39,04/17:27,04/17:40,0:48:00,BTH,BDJ,014,10,1,1,NML,5,2025
465.,A320,PKBLC,BTK,BTK6578,BTK7579,04/17:43,04/17:48,04/18:55,04/19:06,1:07:34,CGK,CGK,010,10,1,1,NML,5,2025
466.,B738,PKLJQ,LNI,LNI681,LNI838,04/15:52,04/15:57,04/17:49,04/17:52,1:52:39,PKY,PNK,020,10,0,0,NML,5,2025
467.,A320,PKAZU,AWQ,AWQ323,AWQ326,04/17:07,04/17:12,04/17:55,04/18:03,0:43:00,KUL,KUL,A03,10,1,1,NML,5,2025
468.,A320,PKSJJ,SJV,SJV703,SJV708,04/19:17,04/19:21,04/20:20,04/20:32,0:59:00,DPS,DPS,011,10,1,1,NML,5,2025
469.,A320,PKPWC,PAS,PAS622,PAS207,04/17:18,04/17:22,04/18:15,04/18:28,0:53:00,BPN,CGK,006,10,1,1,NML,5,2025
470.,B738,PKGMF,GIA,GIA349,GIA313,04/17:22,04/17:26,04/18:26,04/18:43,1:00:00,DPS,CGK,004,10,1,1,NML,5,2025
471.,B739,PKLHO,LNI,LNI695,LNI800,04/17:00,04/17:04,04/18:48,04/19:02,1:44:57,KOE,UPG,012,10,1,1,NML,5,2025
472.,A320,PKSJT,SJV,SJV725,SJV716,04/17:33,04/17:37,04/18:31,04/18:45,0:54:00,LBJ,LOP,011,10,1,1,NML,5,2025
473.,A320,PKBLA,BTK,BTK7503,BTK7502,04/18:20,04/18:24,04/19:13,04/19:28,0:49:00,HLP,HLP,014,10,1,1,NML,5,2025
474.,B738,PKGNE,GIA,GIA320,GIA325,04/17:26,04/17:30,04/18:45,04/18:58,1:15:00,CGK,CGK,005,10,1,1,NML,5,2025
475.,A320,PKGTD,CTV,CTV172,CTV173,04/18:10,04/18:13,04/18:57,04/19:12,0:44:43,HLP,HLP,007,10,1,1,NML,5,2025
476.,B738MAX,9VMBN,SIA,SIA928,SIA929,04/18:23,04/18:29,04/19:24,04/19:30,0:55:43,SIN,SIN,A06,10,1,1,NML,5,2025
477.,B738,PKBGZ,BTK,BTK6576,BTK6575,04/18:26,04/18:30,04/19:26,04/19:39,0:56:00,CGK,CGK,008,10,1,1,NML,5,2025
478.,A320,PKGLX,CTV,CTV949,CTV9664,04/18:32,04/18:35,04/19:17,04/19:30,0:42:53,BTH,DPS,009,10,1,1,NML,5,2025
479.,B788,9VOFD,TGW,TGW266,TGW267,04/19:42,04/19:49,04/21:02,04/21:12,1:13:00,SIN,SIN,A07,10,1,1,NML,5,2025
480.,A320,PKGLV,CTV,CTV489,CTV693,04/19:04,04/19:10,04/19:45,04/20:01,0:35:00,BDJ,DPS,007,10,1,1,NML,5,2025
481.,A320,PKBKU,BTK,BTK7519,BTK7518,04/19:36,04/19:40,04/20:41,04/20:52,1:01:00,HLP,HLP,010,10,1,1,NML,5,2025
482.,A333,ECNYJ,SVA,SVA4111,SVA5111,04/16:49,04/16:54,04/19:49,04/20:12,2:55:00,MED,KNO,017,10,1,1,NML,5,2025
483.,B735,PKCLE,SJY,SJY567,SJY562,04/19:59,04/20:02,04/20:49,04/21:01,0:47:00,UPG,UPG,012,10,1,1,NML,5,2025
484.,A320,PKPWK,PAS,PAS202,PAS203,04/19:10,04/19:14,04/19:48,04/20:09,0:34:20,CGK,CGK,005,10,1,1,NML,5,2025
485.,A320,PKGQK,CTV,CTV736,CTV352,04/18:41,04/18:43,04/19:42,04/19:58,0:59:27,CGK,UPG,006,10,1,1,NML,5,2025
486.,B738,PKGFF,GIA,GIA326,GIA319,04/18:56,04/18:59,04/19:58,04/20:18,0:59:00,CGK,CGK,004,10,1,1,NML,5,2025
487.,A320,PKGQG,CTV,CTV435,CTV737,04/19:26,04/19:29,04/20:12,04/20:27,0:43:00,BPN,CGK,009,10,1,1,NML,5,2025
488.,A320,PKGQS,CTV,CTV724,CTV354,04/19:31,04/19:34,04/20:29,04/20:40,0:55:00,CGK,UPG,008,10,1,1,NML,5,2025
489.,A333,ECNOF,SVA,SVA4235,SVA5235,04/18:17,04/18:22,04/20:55,04/21:10,2:33:00,MED,KNO,015,10,1,1,NML,5,2025
490.,A320,PKLUS,BTK,BTK6137,BTK6136,04/20:07,04/20:11,04/21:56,04/22:09,1:45:00,UPG,UPG,014,10,1,1,NML,5,2025
491.,A333,ECNOG,SVA,SVA4271,SVA5271,04/19:55,04/20:02,04/22:59,04/23:05,2:57:00,MED,KNO,017,10,1,1,NML,5,2025
492.,A333,ECODQ,SVA,SVA4377,SVA5377,04/21:48,04/21:55,05/00:55,05/01:10,3:00:00,MED,KNO,015,10,1,1,NML,5,2025
493.,A320,PKLUT,BTK,BTK7521,BTK7508,04/20:16,04/20:19,05/04:54,05/05:05,8:35:00,HLP,HLP,009,10,1,1,NML,5,2025
494.,A320,PKBKR,BTK,BTK7515,BTK6589,04/14:28,04/17:09,05/05:15,05/05:24,14:44:00,HLP,CGK,026,10,0,1,NML,5,2025
495.,A320,PKAZU,AWQ,AWQ327,AWQ320,04/23:24,04/23:30,05/05:01,05/05:11,5:31:00,KUL,KUL,A03,10,1,1,NML,5,2025
496.,B738,PKLOJ,LNI,LNI885,LNI878,04/18:47,04/18:52,05/05:09,05/05:19,10:17:00,UPG,AMQ,025,10,0,0,NML,5,2025
497.,A320,PKSAE,SJV,SJV641,SJV610,04/15:09,04/15:13,05/05:02,05/05:15,13:49:00,AAP,BPN,024,10,0,0,NML,5,2025
498.,B739,PKLHI,LNI,LNI923,LNI786,04/17:13,04/17:16,05/04:59,05/05:09,11:43:00,DPS,UPG,022,10,0,0,NML,5,2025
499.,A320,PKGLX,CTV,CTV9665,CTV430,04/21:54,04/22:01,05/05:05,05/05:17,7:04:00,DPS,BPN,008,10,1,1,NML,5,2025
500.,B738,PKGFX,GIA,GIA328,GIA301,04/20:10,04/20:13,05/05:00,05/05:13,8:47:00,CGK,CGK,005,10,1,1,NML,5,2025
501.,A320,PKLUI,BTK,BTK6588,BTK6132,04/22:27,04/22:31,05/05:11,05/05:22,6:40:00,CGK,LOP,012,10,1,1,NML,5,2025
502.,B739,PKLVF,LNI,LNI690,LNI690,05/06:16,05/06:23,05/07:00,05/07:10,0:37:00,CGK,KOE,012,28,1,1,NML,5,2025
503.,A320,PKGQU,CTV,CTV720,CTV725,04/20:54,04/20:57,05/05:43,05/05:51,8:46:00,CGK,CGK,007,28,1,1,NML,5,2025
504.,A320,PKGLG,CTV,CTV353,CTV484,05/05:02,05/05:06,05/05:47,05/05:57,0:41:00,UPG,BDJ,003,28,0,0,NML,5,2025
505.,B738,PKLKP,LNI,LNI727,LNI868,04/18:13,04/18:18,05/06:48,05/07:03,12:30:26,KDI,TTE,C04,28,0,0,NML,5,2025
506.,B739,PKLQR,LNI,LNI865,LNI882,04/18:06,04/18:12,05/06:08,05/06:22,11:55:58,LOP,UPG,C05,28,0,0,NML,5,2025
507.,A320,V8RBA,RBA,RBA795,RBA796,04/19:45,04/19:51,05/05:50,05/05:59,9:59:00,BWN,BWN,A06,10,1,1,NML,5,2025
508.,A320,PKSJJ,SJV,SJV727,SJV706,04/22:43,04/22:48,05/05:54,05/06:03,7:06:00,DPS,DPS,011,10,1,1,NML,5,2025
509.,A320,PKSGB,SJV,SJV673,SJV640,04/20:24,04/20:29,05/05:59,05/06:12,9:30:00,BEJ,AAP,C06,10,0,0,NML,5,2025
510.,A320,PKPWL,PAS,PAS212,PAS213,04/20:29,04/20:35,05/05:56,05/05:59,9:21:00,CGK,CGK,006,10,1,1,NML,5,2025
511.,A320,PKBKY,BTK,BTK6413,BTK6412,04/20:20,04/20:22,05/06:15,05/06:24,9:53:00,DPS,DPS,021,28,0,0,NML,5,2025
512.,DHC6,PKTVP,TVR,PKTVP,PKTVP,04/15:35,04/15:38,05/06:39,05/06:42,15:01:00,LOP,LOP,029,10,0,0,NML,5,2025
513.,A320,PKSJT,SJV,SJV717,SJV566,05/05:55,05/06:02,05/06:47,05/06:58,0:45:00,LOP,PLW,009,28,1,1,NML,5,2025
514.,A320,PKBKT,BTK,BTK6594,BTK6135,04/21:22,04/21:26,05/07:03,05/07:12,9:37:28,CGK,PKN,010,10,1,1,NML,5,2025
515.,B739,PKLGS,LNI,LNI311,LNI971,05/06:07,05/06:13,05/07:07,05/07:14,0:54:00,BDJ,BTH,014,28,1,1,NML,5,2025
516.,B738,PKGMV,GIA,GIA324,GIA854,04/20:49,04/23:42,05/07:07,05/07:24,10:12:00,CGK,SIN,A02,28,1,1,NML,5,2025
517.,B738,PKGFP,GIA,GIA855,GIA305,04/20:46,04/23:59,05/06:56,05/07:07,10:02:39,SIN,CGK,004,10,1,1,NML,5,2025
518.,B739,PKLFO,LNI,LNI363,LNI646,05/06:19,05/06:25,05/07:16,05/07:26,0:51:22,BPN,LOP,011,28,1,1,NML,5,2025
519.,A320,PKLAF,BTK,BTK7511,BTK7510,05/06:29,05/06:35,05/07:20,05/07:27,0:45:00,HLP,HLP,008,28,1,1,NML,5,2025
"520.,AW139,PKTVN,TVR,PKTVN,PKTVN,30/13:42,30/13:46,05/07:26,05/07:34,""4 days, 17:40:00"",ZZZZ,ZZZZ,H02,28,0,0,NML,5,2025"
521.,A320,PKAZJ,AWQ,AWQ325,AWQ392,04/19:00,04/19:05,05/07:19,05/07:30,12:14:00,KUL,JHB,A01,10,1,1,NML,5,2025
522.,A320,PKGQM,CTV,CTV690,CTV460,05/06:38,05/06:44,05/07:38,05/07:50,0:54:36,DPS,AAP,005,28,1,1,NML,5,2025
523.,B739,PKLGL,LNI,LNI693,LNI693,05/06:50,05/06:56,05/07:47,05/07:57,0:51:28,KOE,CGK,15B,28,0,0,NML,5,2025
524.,A320,PKGTD,CTV,CTV170,CTV175,05/06:56,05/07:02,05/07:47,05/08:03,0:45:00,HLP,HLP,007,28,1,1,NML,5,2025
"525.,C208,PKVVM,SUS,PKVVM,SUS6197,02/09:20,02/09:26,05/07:50,05/07:59,""2 days, 22:24:00"",BXW,BXW,C07,28,0,0,NML,5,2025"
526.,A21N,B32M3,CSN,CSN8137,CSN8138,05/05:48,05/05:52,05/07:49,05/08:08,1:57:00,CAN,CAN,A07,28,1,1,NML,5,2025
527.,CESNA 560,PKRJT,RJP,PKRJT,PKRJT,05/07:39,05/07:40,05/09:55,05/09:59,2:14:04,HLP,HLP,A12,10,0,0,NML,5,2025
528.,A320,PKGLP,CTV,CTV712,CTV713,05/07:21,05/07:29,05/08:10,05/08:22,0:41:00,CGK,CGK,006,28,1,1,NML,5,2025
529.,A333,BLBI,CPA,CPA779,CPA780,04/17:48,04/17:54,05/08:16,05/08:33,14:22:00,HKG,HKG,A08,10,1,1,NML,5,2025
530.,B739,PKLSK,LNI,LNI267,LNI990,05/07:01,05/07:06,05/08:24,05/08:41,1:17:28,TRK,DPS,022,10,0,0,NML,5,2025
531.,A320,PKLUH,BTK,BTK6572,BTK6573,05/07:44,05/07:51,05/08:40,05/08:48,0:49:00,CGK,CGK,009,10,1,1,NML,5,2025
532.,B739,PKLGO,LNI,LNI315,LNI222,05/07:48,05/07:53,05/09:02,05/09:08,1:09:00,BDJ,BDJ,011,10,1,1,NML,5,2025
533.,A320,PKGQL,CTV,CTV355,CTV171,05/07:41,05/07:46,05/08:42,05/08:53,0:56:00,UPG,HLP,008,10,1,1,NML,5,2025
534.,B739,PKLSU,LNI,LNI929,LNI856,05/06:52,05/06:57,05/09:08,05/09:13,2:10:18,DPS,PLM,15A,10,0,0,NML,5,2025
535.,A320,PKSAA,SJV,SJV613,SJV618,04/20:04,04/20:07,05/09:12,05/09:20,13:05:00,BPN,BPN,020,10,0,0,NML,5,2025
536.,B738,PKLJQ,LNI,LNI837,LNI748,05/08:08,05/08:12,05/09:04,05/09:25,0:52:00,PNK,MDC,014,10,1,1,NML,5,2025
537.,A320,PKGLG,CTV,CTV485,CTV486,05/08:35,05/08:38,05/09:13,05/09:35,0:35:00,BDJ,BDJ,007,10,1,1,NML,5,2025
538.,B739,PKLFW,LNI,LNI683,LNI682,05/08:01,05/08:06,05/09:11,05/09:29,1:05:55,PKY,PKY,012,10,1,1,NML,5,2025
539.,B738,PKGNC,GIA,GIA304,GIA342,05/08:31,05/08:35,05/09:21,05/09:40,0:46:53,CGK,DPS,004,10,1,1,NML,5,2025
540.,A320,PKPWE,PAS,PAS200,PAS201,05/08:11,05/08:16,05/09:12,05/09:34,0:56:00,CGK,CGK,005,10,1,1,NML,5,2025
541.,A320,PKSJJ,SJV,SJV703,SJV702,05/08:26,05/08:31,05/09:37,05/09:43,1:05:38,DPS,DPS,15B,10,0,0,NML,5,2025
542.,B738MAX,9MMVC,MAS,MAS871,MAS870,05/09:27,05/09:33,05/10:27,05/10:45,0:54:00,KUL,KUL,A07,10,1,1,NML,5,2025
543.,H25B,T7HAN,AFSS,T7HAN,T7HAN,05/09:03,05/09:05,05/09:50,05/10:00,0:45:00,CGK,CGK,A09,10,0,0,NML,5,2025
544.,B429,P3202,POL,POL3202,POL3202,05/09:08,05/09:11,05/09:55,05/09:57,0:43:33,ZPL,MBH,C06,10,0,0,NML,5,2025
545.,B735,PKNAQ,LKN,LKN243,LKN242,05/08:57,05/08:59,05/09:50,05/10:11,0:51:00,SMQ,SMQ,009,10,1,1,NML,5,2025
546.,B738MAX,9MLRR,MXD,MXD352,MXD353,04/20:42,04/20:49,05/10:02,05/10:17,13:13:00,KUL,KUL,A04,10,1,1,NML,5,2025
547.,A359,9VSHL,SIA,SIA922,SIA923,05/09:17,05/09:17,05/10:20,05/10:40,1:03:00,SIN,SIN,A08,10,1,1,NML,5,2025
548.,A320,PKLUI,BTK,BTK6133,BTK6585,05/08:05,05/08:12,05/10:12,05/10:25,2:00:14,LOP,CGK,010,10,1,1,NML,5,2025
549.,A320,PKGQE,CTV,CTV351,CTV350,05/09:31,05/09:35,05/10:22,05/10:43,0:47:20,UPG,UPG,006,10,1,1,NML,5,2025
550.,A320,PKGTE,CTV,CTV722,CTV723,05/09:23,05/09:27,05/10:14,05/10:33,0:47:48,CGK,CGK,007,10,1,1,NML,5,2025
551.,A320,9VTRP,TGW,TGW296,TGW297,05/09:44,05/09:49,05/10:45,05/10:57,0:56:00,SIN,SIN,A02,10,1,1,NML,5,2025
552.,A320,PKPWL,PAS,PAS210,PAS211,05/09:41,05/09:45,05/10:35,05/10:54,0:50:00,CGK,CGK,005,10,1,1,NML,5,2025
553.,B739,PKLHS,LNI,LNI970,LNI973,05/10:00,05/10:03,05/10:55,05/11:05,0:52:00,BTH,BTH,014,10,1,1,NML,5,2025
554.,A320,PKBKT,BTK,BTK6134,BTK6346,05/09:38,05/09:40,05/10:43,05/10:56,1:03:20,PKN,BEJ,011,10,1,1,NML,5,2025
555.,A320,PKBKU,BTK,BTK7513,BTK7516,05/11:21,05/11:24,05/12:11,05/12:21,0:47:22,HLP,HLP,009,10,1,1,NML,5,2025
556.,A320,PKSGB,SJV,SJV641,SJV642,05/09:50,05/09:54,05/11:03,05/11:16,1:09:53,AAP,AAP,012,10,1,1,NML,5,2025
557.,E135,PKTFS,IAT,PKTFS,PKTFS,05/09:17,05/09:20,05/11:45,05/11:47,2:24:10,HLP,HLP,A10,10,0,0,NML,5,2025
558.,B739,PKLFO,LNI,LNI645,LNI822,05/10:05,05/10:09,05/11:01,05/11:12,0:52:01,LOP,LOP,15A,10,0,0,NML,5,2025
559.,B739,PKLHY,LNI,LNI694,LNI694,05/10:15,05/10:19,05/11:45,05/11:51,1:25:48,CGK,KOE,15B,10,0,0,NML,5,2025
560.,B739,PKLVF,LNI,LNI697,LNI697,05/11:36,05/11:39,05/12:27,05/12:41,0:48:00,KOE,CGK,012,10,1,1,NML,5,2025
561.,A320,PKAZU,AWQ,AWQ321,AWQ322,05/10:38,05/10:42,05/11:21,05/11:32,0:39:00,KUL,KUL,A03,10,1,1,NML,5,2025
562.,A320,PKLAJ,BTK,BTK7517,BTK7520,05/11:29,05/11:32,05/12:21,05/12:34,0:49:00,HLP,HLP,010,10,1,1,NML,5,2025
563.,B738,PKGFD,GIA,GIA322,GIA327,05/10:09,05/10:13,05/11:24,05/11:52,1:11:00,CGK,CGK,004,10,1,1,NML,5,2025
564.,B738,PKLBK,MXD,MXD350,MXD351,05/10:30,05/10:35,05/11:22,05/11:44,0:47:00,KUL,KUL,A04,10,1,1,NML,5,2025
565.,A320,PKGQM,CTV,CTV461,CTV698,05/11:14,05/11:18,05/11:55,05/12:10,0:37:00,AAP,DPS,006,10,1,1,NML,5,2025
566.,B739,PKLQR,LNI,LNI791,LNI804,05/09:56,05/10:00,05/12:27,05/12:37,2:26:24,UPG,DPS,025,10,0,0,NML,5,2025
567.,A320,PKGQQ,CTV,CTV9692,CTV9693,05/11:10,05/11:13,05/12:15,05/12:31,1:02:00,DPS,DPS,007,10,1,1,NML,5,2025
568.,B739,PKLGO,LNI,LNI223,LNI680,05/11:48,05/11:52,05/12:41,05/12:49,0:48:42,BDJ,PKY,15A,10,0,0,NML,5,2025
569.,B739,PKLSK,LNI,LNI805,LNI780,05/11:06,05/11:10,05/13:27,05/13:39,2:17:00,DPS,UPG,014,10,1,1,NML,5,2025
570.,A320,PKSJP,SJV,SJV619,SJV636,04/16:55,04/16:59,05/13:15,05/13:20,20:15:43,BPN,BDJ,023,10,0,0,NML,5,2025
571.,A320,PKBLC,BTK,BTK6582,BTK6581,05/12:38,05/12:41,05/13:33,05/13:46,0:52:00,CGK,CGK,008,10,1,1,NML,5,2025
572.,B735,PKNAS,LKN,LKN193,LKN192,05/11:38,05/11:40,05/12:36,05/12:44,0:56:08,PKN,PKN,011,10,1,1,NML,5,2025
573.,A320,PKPWA,PAS,PAS204,PAS205,05/11:57,05/11:59,05/13:18,05/13:32,1:19:00,CGK,CGK,005,10,1,1,NML,5,2025
574.,A320,PKAZJ,AWQ,AWQ393,AWQ324,05/12:13,05/12:18,05/13:20,05/13:30,1:02:00,JHB,KUL,A03,10,1,1,NML,5,2025
575.,B738,PKLKP,LNI,LNI869,LNI722,05/13:30,05/13:35,05/14:31,05/14:45,0:56:00,TTE,KDI,010,10,1,1,NML,5,2025
576.,A320,PKGLG,CTV,CTV487,CTV668,05/12:01,05/12:05,05/13:27,05/13:43,1:22:00,BDJ,DPS,006,10,1,1,NML,5,2025
577.,A320,PKGTA,CTV,CTV716,CTV717,05/13:37,05/13:40,05/14:15,05/14:25,0:35:00,CGK,CGK,006,10,1,1,NML,5,2025
578.,A320,PKSAE,SJV,SJV611,SJV726,05/08:38,05/08:42,05/14:10,05/14:18,5:28:00,BPN,LBJ,024,10,0,0,NML,5,2025
579.,B738,PKLQZ,LNI,LNI839,LNI836,05/13:22,05/13:27,05/14:21,05/14:31,0:54:00,PNK,PNK,012,10,1,1,NML,5,2025
580.,A320,PKGLX,CTV,CTV431,CTV948,05/13:41,05/13:45,05/14:24,05/14:36,0:39:00,BPN,BTH,007,10,1,1,NML,5,2025
581.,B739,PKLSU,LNI,LNI857,LNI910,05/13:33,05/13:36,05/14:38,05/14:51,1:02:00,PLM,DPS,011,10,1,1,NML,5,2025
582.,B738,PKGUF,GIA,GIA312,GIA317,05/13:44,05/13:48,05/14:39,05/14:56,0:51:00,CGK,CGK,004,10,1,1,NML,5,2025
583.,B739,PKLSR,LNI,LNI787,LNI260,05/13:26,05/13:31,05/15:07,05/15:17,1:36:00,UPG,BPN,15A,10,0,0,NML,5,2025
584.,A320,9VJSU,JSA,JSA247,JSA248,05/13:48,05/13:52,05/14:40,05/14:54,0:48:00,SIN,SIN,A06,10,1,1,NML,5,2025
585.,A320,PKBLA,BTK,BTK7515,BTK7514,05/13:51,05/13:55,05/14:48,05/14:58,0:53:00,HLP,HLP,009,10,1,1,NML,5,2025
586.,B738,PKGMU,GIA,GIA330,GIA331,05/14:49,05/14:53,05/15:40,05/15:54,0:47:00,HLP,HLP,004,10,1,1,NML,5,2025
587.,A320,PKGQM,CTV,CTV699,CTV434,05/14:52,05/14:57,05/15:28,05/15:41,0:31:00,DPS,BPN,006,10,1,1,NML,5,2025
588.,B739,PKLFO,LNI,LNI823,LNI920,05/13:55,05/14:00,05/17:18,05/17:30,3:18:00,LOP,DPS,15B,10,0,0,NML,5,2025
589.,A320,PKLAM,BTK,BTK7501,BTK7512,05/15:21,05/15:25,05/16:31,05/16:40,1:06:00,HLP,HLP,009,10,1,1,NML,5,2025
590.,B738,PKLJQ,LNI,LNI749,LNI581,05/15:00,05/15:02,05/15:54,05/16:07,0:52:00,MDC,CGK,012,10,1,1,NML,5,2025
591.,A320,PKLUK,BTK,BTK6406,BTK6401,05/14:43,05/14:46,05/15:52,05/16:02,1:06:00,CGK,CGK,008,10,1,1,NML,5,2025
592.,B739,PKLGO,LNI,LNI681,LNI316,05/15:47,05/15:50,05/17:37,05/17:51,1:47:00,PKY,BDJ,014,10,1,1,NML,5,2025
593.,B738,PKGFV,GIA,GIA310,GIA315,05/15:24,05/15:27,05/16:27,05/16:37,1:00:00,CGK,CGK,005,10,1,1,NML,5,2025
594.,A320,PKSJT,SJV,SJV567,SJV648,05/11:23,05/11:27,05/16:32,05/16:42,5:05:00,PLW,BPN,026,10,0,0,NML,5,2025
595.,B738MAX,9VMBC,SIA,SIA926,SIA927,05/15:39,05/15:44,05/16:33,05/16:45,0:49:00,SIN,SIN,A08,10,1,1,NML,5,2025
596.,B739,PKLHY,LNI,LNI695,LNI268,05/16:15,05/16:18,05/17:06,05/17:16,0:48:00,KOE,TRK,011,10,1,1,NML,5,2025
597.,A320,PKPWC,PAS,PAS206,PAS623,05/15:56,05/15:59,05/16:39,05/16:51,0:40:00,CGK,BPN,006,10,1,1,NML,5,2025
598.,B739,PKLFK,LNI,LNI692,LNI692,05/15:44,05/15:49,05/16:49,05/16:59,1:00:00,CGK,KOE,15A,10,0,0,NML,5,2025
599.,A320,PKGQQ,CTV,CTV669,CTV488,05/16:05,05/16:09,05/16:52,05/17:04,0:43:00,DPS,BDJ,007,10,1,1,NML,5,2025
"600.,B733F,PKMYV,MYU,MYU935,MYU936,04/12:10,04/12:15,05/16:46,05/16:56,""1 day, 4:31:00"",SRG,SIN,C02,10,0,0,NML,5,2025"
601.,B739,PKLGS,LNI,LNI972,LNI226,05/16:12,05/16:16,05/17:10,05/17:22,0:54:00,BTH,BDJ,010,10,1,1,NML,5,2025
602.,A320,PKBLC,BTK,BTK6578,BTK7579,05/17:17,05/17:21,05/18:02,05/18:12,0:41:55,CGK,CGK,008,10,1,1,NML,5,2025
603.,B738,PKLOJ,LNI,LNI879,LNI838,05/15:08,05/15:12,05/17:24,05/17:34,2:12:00,AMQ,PNK,018,10,0,0,NML,5,2025
604.,A320,PKAZU,AWQ,AWQ323,AWQ326,05/17:02,05/17:06,05/17:44,05/17:54,0:38:59,KUL,KUL,A03,10,1,1,NML,5,2025
605.,A320,PKPWL,PAS,PAS622,PAS207,05/17:23,05/17:26,05/18:10,05/18:21,0:44:15,BPN,CGK,006,10,1,1,NML,5,2025
606.,B738,PKGNC,GIA,GIA349,GIA313,05/17:27,05/17:31,05/18:18,05/18:31,0:47:29,DPS,CGK,005,10,1,1,NML,5,2025
607.,A320,PKSAE,SJV,SJV725,SJV716,05/17:37,05/17:41,05/18:26,05/18:38,0:45:00,LBJ,LOP,009,10,1,1,NML,5,2025
608.,B738,PKGNH,GIA,GIA320,GIA325,05/17:20,05/17:24,05/18:47,05/19:02,1:23:00,CGK,CGK,004,10,1,1,NML,5,2025
609.,B738MAX,9VMBP,SIA,SIA928,SIA929,05/19:20,05/19:26,05/20:18,05/20:34,0:52:00,SIN,SIN,A07,10,1,1,NML,5,2025
610.,A320,PKGQL,CTV,CTV174,CTV9664,05/16:23,05/16:27,05/19:20,05/19:30,2:53:00,HLP,DPS,003,10,0,0,NML,5,2025
611.,A320,PKGQG,CTV,CTV489,CTV693,05/19:08,05/19:12,05/19:52,05/20:02,0:40:00,BDJ,DPS,008,10,1,1,NML,5,2025
612.,B739,PKLGJ,LNI,LNI707,LNI880,05/14:08,05/14:13,05/19:53,05/20:03,5:40:00,UPG,UPG,020,10,0,0,NML,5,2025
613.,A320,PKLAM,BTK,BTK7519,BTK7518,05/19:44,05/19:47,05/20:27,05/20:39,0:40:00,HLP,HLP,010,10,1,1,NML,5,2025
614.,A320,PKGQK,CTV,CTV736,CTV352,05/18:36,05/18:39,05/19:32,05/19:49,0:53:00,CGK,UPG,006,10,1,1,NML,5,2025
615.,A320,PKGQM,CTV,CTV435,CTV737,05/18:52,05/18:56,05/20:00,05/20:15,1:04:00,BPN,CGK,007,10,1,1,NML,5,2025
616.,B738,PKGNQ,GIA,GIA326,GIA319,05/19:04,05/19:07,05/19:58,05/20:12,0:51:00,CGK,CGK,005,10,1,1,NML,5,2025
617.,A320,PKGQS,CTV,CTV724,CTV354,05/19:19,05/19:21,05/20:09,05/20:20,0:48:00,CGK,UPG,009,10,1,1,NML,5,2025
618.,B738,PKLBW,BTK,BTK6586,BTK6587,05/19:26,05/19:29,05/20:33,05/20:43,1:04:00,CGK,CGK,011,10,1,1,NML,5,2025
619.,B738,PKCRI,SJY,SJY567,SJY562,05/20:46,05/20:49,05/21:31,05/21:44,0:42:00,UPG,UPG,009,10,1,1,NML,5,2025
620.,A320,PKLAZ,BTK,BTK6137,BTK6136,05/21:37,05/21:40,05/22:12,05/22:23,0:32:00,UPG,UPG,010,10,1,1,NML,5,2025
621.,A333,ECNYJ,SVA,SVA4237,SVA5237,05/23:37,05/23:43,06/02:31,06/02:43,2:48:00,MED,KNO,015,28,1,1,NML,5,2025
622.,A333,ECNOF,SVA,SVA4373,SVA5373,06/00:51,06/00:56,06/03:33,06/03:45,2:37:00,MED,KNO,017,28,1,1,NML,5,2025
623.,A320,PKSGB,SJV,SJV643,SJV610,05/15:04,05/15:08,06/04:57,06/05:11,13:49:00,AAP,BPN,024,28,0,0,NML,5,2025
624.,A320,PKAZJ,AWQ,AWQ325,AWQ320,05/19:00,05/19:05,06/04:59,06/05:16,9:54:00,KUL,KUL,A01,28,1,1,NML,5,2025
625.,B738,PKLJS,LNI,LNI885,LNI878,05/18:44,05/18:49,06/04:59,06/05:15,10:09:53,UPG,AMQ,C06,28,0,0,NML,5,2025
626.,A320,PKLUK,BTK,BTK6588,BTK7508,05/21:17,05/21:20,06/04:58,06/05:13,7:38:00,CGK,HLP,014,28,1,1,NML,5,2025
627.,B739,PKLSU,LNI,LNI923,LNI786,05/17:10,05/17:13,06/05:12,06/05:22,11:59:00,DPS,UPG,026,28,0,0,NML,5,2025
628.,A320,PKGQU,CTV,CTV949,CTV430,05/19:34,05/19:38,06/04:59,06/05:06,9:21:00,BTH,BPN,003,28,0,0,NML,5,2025
629.,B738,PKGNM,GIA,GIA324,GIA301,05/20:41,05/20:45,06/05:05,06/05:19,8:20:00,CGK,CGK,005,28,1,1,NML,5,2025
630.,A333,ECNOG,SVA,SVA4113,SVA5113,06/02:38,06/02:46,06/05:34,06/05:48,2:48:00,MED,KNO,015,28,1,1,NML,5,2025
631.,B739,PKLVF,LNI,LNI690,LNI690,06/05:08,06/05:15,06/05:54,06/06:02,0:39:00,CGK,KOE,012,28,1,1,NML,5,2025
632.,A320,PKGQL,CTV,CTV9665,CTV725,05/21:47,05/21:51,06/05:39,06/05:52,7:48:00,DPS,CGK,007,28,1,1,NML,5,2025
633.,A320,PKGQK,CTV,CTV353,CTV484,06/05:04,06/05:11,06/05:47,06/05:55,0:36:00,UPG,BDJ,010,28,1,1,NML,5,2025
634.,A320,PKSJC,SJV,SJV619,SJV706,05/16:10,05/16:14,06/06:10,06/06:19,13:56:00,BPN,DPS,C04,28,0,0,NML,5,2025
635.,A320,V8RBD,RBA,RBA795,RBA796,05/19:47,05/19:55,06/05:56,06/06:09,10:01:00,BWN,BWN,A06,28,1,1,NML,5,2025
636.,B738,PKLKP,LNI,LNI727,LNI868,05/18:47,05/18:52,06/06:00,06/06:11,11:07:37,KDI,TTE,C05,28,0,0,NML,5,2025
637.,A320,PKSJK,SJV,SJV727,SJV640,05/22:53,05/22:58,06/05:55,06/06:03,6:57:00,DPS,AAP,009,28,1,1,NML,5,2025
638.,A320,PKLUH,BTK,BTK6596,BTK6589,05/12:28,05/12:32,06/06:07,06/06:15,17:34:35,CGK,CGK,022,28,0,0,NML,5,2025
639.,A320,PKPWM,PAS,PAS212,PAS213,05/20:31,05/20:34,06/05:59,06/06:08,9:25:00,CGK,CGK,006,28,1,1,NML,5,2025
640.,A320,PKAZU,AWQ,AWQ327,AWQ386,05/23:25,05/23:30,06/06:08,06/06:20,6:38:00,KUL,PEN,A07,28,1,1,NML,5,2025
641.,A320,PKSJP,SJV,SJV637,SJV634,05/16:19,05/16:21,06/06:50,06/07:02,14:29:00,BDJ,BDJ,023,28,0,0,NML,5,2025
642.,B738MAX,PKOFM,AFE,AFE921,AFE921,06/05:49,06/05:55,06/06:35,06/06:39,0:40:00,CGK,TIM,005,28,1,1,NML,5,2025
643.,A320,PKBKT,BTK,BTK6347,BTK6135,05/15:12,05/15:16,06/06:59,06/07:14,15:43:00,BEJ,PKN,025,28,0,0,NML,5,2025
644.,B739,PKLGS,LNI,LNI311,LNI971,06/05:59,06/06:05,06/06:58,06/07:06,0:53:00,BDJ,BTH,014,28,1,1,NML,5,2025
645.,B739,PKLSP,LNI,LNI919,LNI646,05/15:50,05/15:56,06/07:18,06/07:25,15:22:00,DPS,LOP,C03,28,0,0,NML,5,2025
646.,C208,PKVVM,SUS,PKVVM,PKVVM,05/09:52,05/09:55,06/07:11,06/07:15,21:16:00,BXW,BXW,C07,28,0,0,NML,5,2025
647.,B738,PKGMV,GIA,GIA855,GIA305,05/20:57,06/00:01,06/06:57,06/07:11,9:54:00,SIN,CGK,004,28,1,1,NML,5,2025
648.,B738,PKGUF,GIA,GIA328,GIA854,05/19:41,05/23:08,06/07:05,06/07:17,11:21:00,CGK,SIN,A02,28,1,1,NML,5,2025
649.,A320,PKLAJ,BTK,BTK7521,BTK7510,05/21:41,05/21:45,06/09:14,06/09:20,11:29:00,HLP,HLP,008,10,1,1,NML,5,2025
650.,A333,ECODQ,SVA,SVA4179,SVA5179,06/04:42,06/04:48,06/07:32,06/07:39,2:44:00,MED,KNO,017,28,1,1,NML,5,2025
651.,A320,PKGQG,CTV,CTV690,CTV460,06/06:47,06/06:57,06/07:31,06/07:40,0:34:00,DPS,AAP,005,28,1,1,NML,5,2025
652.,B739,PKLFK,LNI,LNI693,LNI693,06/07:00,06/07:06,06/07:53,06/08:13,0:47:00,KOE,CGK,012,10,1,1,NML,5,2025
653.,B739,PKLSO,LNI,LNI929,LNI982,06/07:09,06/07:14,06/08:05,06/08:09,0:51:00,DPS,PKU,009,28,1,1,NML,5,2025
654.,A21N,B32KZ,CSN,CSN8137,CSN8138,05/22:09,05/22:15,06/07:48,06/07:59,9:33:00,CAN,CAN,A03,28,1,1,NML,5,2025
655.,A320,PKGTD,CTV,CTV170,CTV175,06/07:12,06/07:18,06/08:02,06/08:15,0:44:00,HLP,HLP,007,28,1,1,NML,5,2025
656.,A320,PKGQP,CTV,CTV712,CTV713,06/07:15,06/07:21,06/08:12,06/08:16,0:51:00,CGK,CGK,006,10,1,1,NML,5,2025
657.,A333,BHLV,CPA,CPA779,CPA780,05/17:48,05/17:55,06/08:13,06/08:16,14:18:00,HKG,HKG,A08,10,1,1,NML,5,2025
658.,B739,PKLHY,LNI,LNI267,LNI990,06/07:03,06/07:09,06/08:24,06/08:30,1:15:00,TRK,DPS,010,10,1,1,NML,5,2025
"659.,DHC6,PKICP,PGT,PKICP,PKICP,03/11:09,03/11:13,06/08:04,06/08:15,""2 days, 20:51:00"",PAG,PAG,028,10,0,0,NML,5,2025"
660.,B738,PKLBK,MXD,MXD352,MXD353,05/19:38,05/19:44,06/08:53,06/08:55,13:09:00,KUL,KUL,A04,10,1,1,NML,5,2025
661.,A320,PKGLV,CTV,CTV355,CTV171,06/07:54,06/08:00,06/08:45,06/08:55,0:45:00,UPG,HLP,005,10,1,1,NML,5,2025
662.,A320,PKLUZ,BTK,BTK7511,BTK6391,06/08:24,06/08:27,06/09:20,06/09:25,0:53:00,HLP,CGK,009,10,1,1,NML,5,2025
663.,A320,PKSTG,SJV,SJV649,SJV618,06/07:44,06/07:50,06/08:52,06/08:59,1:02:00,BPN,BPN,011,10,1,1,NML,5,2025
664.,B739,PKLGO,LNI,LNI315,LNI748,06/07:47,06/07:52,06/08:56,06/09:03,1:04:00,BDJ,MDC,15A,10,0,0,NML,5,2025
665.,A320,PKGQK,CTV,CTV485,CTV486,06/08:28,06/08:30,06/09:04,06/09:06,0:34:00,BDJ,BDJ,007,10,1,1,NML,5,2025
666.,B739,PKLFW,LNI,LNI683,LNI682,06/08:07,06/08:11,06/09:10,06/09:16,0:59:00,PKY,PKY,014,10,1,1,NML,5,2025
667.,B738,PKGNC,GIA,GIA304,GIA342,06/08:09,06/08:14,06/09:24,06/09:28,1:10:00,CGK,DPS,004,10,1,1,NML,5,2025
668.,A320,PKPWK,PAS,PAS200,PAS201,06/08:15,06/08:19,06/09:20,06/09:27,1:01:00,CGK,CGK,006,10,1,1,NML,5,2025
669.,A320,PKSAF,SJV,SJV717,SJV642,06/06:05,06/06:08,06/09:36,06/09:38,3:28:00,LOP,AAP,024,28,0,0,NML,5,2025
670.,B738,9MMXH,MAS,MAS871,MAS870,06/08:54,06/09:00,06/10:03,06/10:07,1:03:00,KUL,KUL,A07,10,1,1,NML,5,2025
671.,A359,9VSHR,SIA,SIA922,SIA923,06/08:58,06/09:04,06/10:04,06/10:05,1:00:00,SIN,SIN,A08,10,1,1,NML,5,2025
672.,A320,PKGLU,CTV,CTV351,CTV350,06/11:51,06/11:56,06/12:32,06/12:44,0:36:00,UPG,UPG,005,10,1,1,NML,5,2025
673.,A320,9VTRT,TGW,TGW296,TGW297,06/09:19,06/09:24,06/10:20,06/10:28,0:56:00,SIN,SIN,A02,10,1,1,NML,5,2025
674.,B739,PKLSU,LNI,LNI791,LNI706,06/09:50,06/09:53,06/10:48,06/10:49,0:55:00,UPG,UPG,010,10,1,1,NML,5,2025
675.,A320,PKPWM,PAS,PAS210,PAS211,06/09:35,06/09:37,06/10:30,06/10:36,0:53:00,CGK,CGK,005,10,1,1,NML,5,2025
676.,A320,PKBKT,BTK,BTK6134,BTK6346,06/09:47,06/09:50,06/10:40,06/10:45,0:50:00,PKN,BEJ,008,10,1,1,NML,5,2025
677.,A320,PKBKU,BTK,BTK7513,BTK7516,06/10:12,06/10:16,06/11:16,06/11:25,1:00:00,HLP,HLP,009,10,1,1,NML,5,2025
678.,B738,PKLOJ,LNI,LNI837,LNI822,06/07:50,06/07:54,06/11:00,06/11:05,3:06:00,PNK,LOP,023,10,0,0,NML,5,2025
679.,B739,PKLHM,LNI,LNI694,LNI694,06/10:17,06/10:21,06/11:08,06/11:12,0:47:00,CGK,KOE,012,10,1,1,NML,5,2025
680.,B739,PKLVF,LNI,LNI697,LNI697,06/10:43,06/10:47,06/11:35,06/11:39,0:48:00,KOE,CGK,014,10,1,1,NML,5,2025
681.,A320,PKAZJ,AWQ,AWQ321,AWQ322,06/10:32,06/10:36,06/11:15,06/11:16,0:39:00,KUL,KUL,A01,10,1,1,NML,5,2025
682.,B738,PKGFG,GIA,GIA322,GIA327,06/10:01,06/10:04,06/11:29,06/11:38,1:25:00,CGK,CGK,004,10,1,1,NML,5,2025
683.,A320,PKLUH,BTK,BTK6584,BTK7520,06/09:43,06/09:48,06/12:07,06/12:11,2:19:00,CGK,HLP,022,10,0,0,NML,5,2025
684.,B738MAX,9MLRK,MXD,MXD350,MXD351,06/10:56,06/11:01,06/11:50,06/11:56,0:49:00,KUL,KUL,A04,10,1,1,NML,5,2025
685.,A320,PKSTP,SJV,SJV363,SJV362,06/11:10,06/11:15,06/12:13,06/12:16,0:58:00,KNO,KNO,008,10,1,1,NML,5,2025
686.,B739,PKLSY,LNI,LNI645,LNI804,06/10:50,06/10:54,06/12:02,06/12:06,1:08:00,LOP,DPS,010,10,1,1,NML,5,2025
687.,B739,PKLFO,LNI,LNI801,LNI680,06/11:37,06/11:40,06/12:34,06/12:46,0:54:00,UPG,PKY,15B,10,0,0,NML,5,2025
688.,A320,PKBLC,BTK,BTK6582,BTK6581,06/11:19,06/11:22,06/12:15,06/12:18,0:53:00,CGK,CGK,012,10,1,1,NML,5,2025
689.,B739,PKLHY,LNI,LNI805,LNI780,06/11:04,06/11:07,06/12:26,06/12:33,1:19:00,DPS,UPG,15A,10,0,0,NML,5,2025
690.,A320,PKSJP,SJV,SJV635,SJV636,06/10:04,06/10:08,06/12:38,06/12:43,2:30:00,BDJ,BDJ,011,10,1,1,NML,5,2025
691.,A320,PKGQG,CTV,CTV461,CTV9693,06/11:16,06/11:20,06/12:26,06/12:39,1:06:00,AAP,DPS,006,10,1,1,NML,5,2025
692.,A320,PKLZH,BTK,BTK6596,BTK6595,06/12:20,06/12:25,06/13:16,06/13:28,0:51:00,CGK,CGK,008,10,1,1,NML,5,2025
693.,B738,PKLKP,LNI,LNI869,LNI722,06/12:15,06/12:19,06/13:25,06/13:40,1:06:00,TTE,KDI,010,10,1,1,NML,5,2025
694.,A320,PKAZU,AWQ,AWQ387,AWQ324,06/12:49,06/12:52,06/13:38,06/13:48,0:46:00,PEN,KUL,A01,10,1,1,NML,5,2025
695.,A320,PKGQK,CTV,CTV487,CTV668,06/11:50,06/11:53,06/13:23,06/13:35,1:30:00,BDJ,DPS,009,10,1,1,NML,5,2025
696.,A320,PKSAF,SJV,SJV641,SJV726,06/13:45,06/13:49,06/15:21,06/15:37,1:32:00,AAP,LBJ,011,10,1,1,NML,5,2025
697.,A320,PKGQS,CTV,CTV716,CTV717,06/12:57,06/12:59,06/14:05,06/14:18,1:06:00,CGK,CGK,006,10,1,1,NML,5,2025
698.,B738,PKLOJ,LNI,LNI823,LNI836,06/13:58,06/14:03,06/15:25,06/15:47,1:22:00,LOP,PNK,014,10,1,1,NML,5,2025
699.,B738MAX,PKOFI,AFE,PKOFI,AFE920,06/13:40,06/13:44,06/14:16,06/14:30,0:32:00,TIM,CGK,005,10,1,1,NML,5,2025
700.,A320,PKGLX,CTV,CTV9692,CTV948,06/11:25,06/11:27,06/14:14,06/14:27,2:47:00,DPS,BTH,007,10,1,1,NML,5,2025
701.,B738,PKGFH,GIA,GIA312,GIA317,06/13:30,06/13:34,06/14:33,06/14:45,0:59:00,CGK,CGK,004,10,1,1,NML,5,2025
702.,B739,PKLSO,LNI,LNI983,LNI260,06/13:55,06/13:59,06/15:04,06/15:16,1:05:00,PKU,BPN,012,10,1,1,NML,5,2025
703.,A320,9VJSY,JSA,JSA247,JSA248,06/13:49,06/13:53,06/14:43,06/14:53,0:50:00,SIN,SIN,A07,10,1,1,NML,5,2025
704.,A320,PKPWE,PAS,PAS208,PAS209,06/14:06,06/14:10,06/14:59,06/15:11,0:49:00,CGK,CGK,009,10,1,1,NML,5,2025
705.,B738,PKGMW,GIA,GIA330,GIA331,06/14:15,06/14:19,06/15:07,06/15:23,0:48:00,HLP,HLP,006,10,1,1,NML,5,2025
706.,B739,PKLSR,LNI,LNI261,LNI642,06/14:19,06/14:23,06/15:06,06/15:20,0:43:00,BPN,LOP,15A,10,0,0,NML,5,2025
707.,A320,PKGQU,CTV,CTV431,CTV434,06/13:35,06/13:39,06/15:30,06/15:42,1:51:00,BPN,BPN,008,10,1,1,NML,5,2025
708.,B739,PKLGU,LNI,LNI919,LNI920,06/15:02,06/15:06,06/16:00,06/16:12,0:54:00,DPS,DPS,17B,10,0,0,NML,5,2025
709.,A320,PKLAJ,BTK,BTK7517,BTK7512,06/12:25,06/12:30,06/15:41,06/15:53,3:11:00,HLP,HLP,018,10,0,0,NML,5,2025
710.,B739,PKLGO,LNI,LNI749,LNI581,06/14:45,06/14:50,06/16:06,06/16:18,1:16:00,MDC,CGK,010,10,1,1,NML,5,2025
711.,A320,PKBKG,BTK,BTK6406,BTK6401,06/15:19,06/15:23,06/16:18,06/16:30,0:55:00,CGK,CGK,009,10,1,1,NML,5,2025
712.,B739,PKLSU,LNI,LNI707,LNI316,06/14:39,06/14:43,06/16:18,06/16:33,1:35:00,UPG,BDJ,15B,10,0,0,NML,5,2025
713.,B738,PKGFG,GIA,GIA310,GIA315,06/15:24,06/15:27,06/16:30,06/16:42,1:03:00,CGK,CGK,004,10,1,1,NML,5,2025
714.,B738MAX,9VMBA,SIA,SIA926,SIA927,06/16:53,06/16:57,06/17:55,06/18:05,0:58:00,SIN,SIN,A07,10,1,1,NML,5,2025
715.,A320,PKSJP,SJV,SJV637,SJV648,06/15:48,06/15:52,06/16:42,06/16:53,0:50:00,BDJ,BPN,011,10,1,1,NML,5,2025
"716.,B739,PKLQT,LNI,LNI261,LNI268,05/14:14,05/14:17,06/16:45,06/16:57,""1 day, 2:28:00"",BPN,TRK,021,10,0,0,NML,5,2025"
717.,A320,PKPWN,PAS,PAS206,PAS623,06/15:42,06/15:46,06/16:32,06/16:47,0:46:00,CGK,BPN,005,10,1,1,NML,5,2025
718.,B739,PKLSK,LNI,LNI692,LNI692,06/16:28,06/16:33,06/17:14,06/17:27,0:41:00,CGK,KOE,012,10,1,1,NML,5,2025
719.,A320,PKGQG,CTV,CTV669,CTV488,06/16:03,06/16:07,06/16:48,06/17:02,0:41:00,DPS,BDJ,006,10,1,1,NML,5,2025
720.,B739,PKLGS,LNI,LNI972,LNI226,06/17:04,06/17:06,06/17:52,06/18:04,0:46:00,BTH,BDJ,011,10,1,1,NML,5,2025
721.,A320,PKBLC,BTK,BTK6578,BTK7579,06/16:23,06/16:27,06/17:24,06/17:36,0:57:00,CGK,CGK,010,10,1,1,NML,5,2025
722.,B738,PKLJS,LNI,LNI879,LNI838,06/15:33,06/15:37,06/17:26,06/17:40,1:49:00,AMQ,PNK,17A,10,0,0,NML,5,2025
723.,A320,PKAZJ,AWQ,AWQ323,AWQ326,06/16:44,06/16:48,06/17:26,06/17:36,0:38:00,KUL,KUL,A01,10,1,1,NML,5,2025
724.,A320,PKSAW,SJV,SJV703,SJV708,06/17:29,06/17:32,06/18:14,06/18:26,0:42:00,DPS,DPS,009,10,1,1,NML,5,2025
725.,A320,PKPWJ,PAS,PAS622,PAS207,06/17:12,06/17:14,06/18:20,06/18:32,1:06:00,BPN,CGK,006,10,1,1,NML,5,2025
726.,B738,PKGNC,GIA,GIA349,GIA313,06/17:23,06/17:25,06/18:23,06/18:36,0:58:00,DPS,CGK,004,10,1,1,NML,5,2025
727.,A320,PKSAF,SJV,SJV725,SJV716,06/18:48,06/18:51,06/19:25,06/19:37,0:34:00,LBJ,LOP,011,10,1,1,NML,5,2025
728.,A320,PKBKU,BTK,BTK7503,BTK7502,06/19:48,06/19:52,06/20:44,06/20:52,0:52:00,HLP,HLP,15A,28,0,0,NML,5,2025
729.,B738,PKGFF,GIA,GIA320,GIA325,06/17:19,06/17:21,06/18:53,06/19:04,1:32:00,CGK,CGK,005,10,1,1,NML,5,2025
730.,B738MAX,9VMBC,SIA,SIA928,SIA929,06/18:21,06/18:27,06/19:15,06/19:27,0:48:00,SIN,SIN,A07,10,1,1,NML,5,2025
731.,A320,PKGQL,CTV,CTV949,CTV9664,06/18:45,06/18:47,06/19:13,06/19:25,0:26:00,BTH,DPS,007,10,1,1,NML,5,2025
732.,B788,9VOFD,TGW,TGW266,TGW267,06/18:32,06/18:38,06/19:50,06/20:02,1:12:00,SIN,SIN,A06,10,1,1,NML,5,2025
733.,A320,PKGQN,CTV,CTV489,CTV693,06/18:55,06/18:59,06/19:30,06/19:42,0:30:58,BDJ,DPS,008,10,1,1,NML,5,2025
734.,B739,PKLSR,LNI,LNI865,LNI880,06/17:42,06/17:47,06/20:48,06/20:58,3:01:00,LOP,UPG,014,28,1,1,NML,5,2025
735.,B735,PKCLE,SJY,SJY567,SJY562,06/19:33,06/19:37,06/20:16,06/20:29,0:39:00,UPG,UPG,012,28,1,1,NML,5,2025
736.,B738,PKGFW,GIA,GIA326,GIA319,06/19:09,06/19:13,06/20:20,06/20:33,1:07:00,CGK,CGK,004,28,1,1,NML,5,2025
737.,A320,PKGQJ,CTV,CTV736,CTV352,06/19:29,06/19:33,06/20:11,06/20:23,0:38:00,CGK,UPG,007,28,1,1,NML,5,2025
738.,A320,PKGTD,CTV,CTV174,CTV737,06/16:33,06/16:36,06/20:13,06/20:27,3:37:00,HLP,CGK,003,28,0,0,NML,5,2025
739.,A320,PKLZV,BTK,BTK6586,BTK6587,06/19:44,06/19:48,06/20:54,06/21:07,1:06:00,CGK,CGK,010,28,1,1,NML,5,2025
740.,A320,PKGQE,CTV,CTV724,CTV354,06/21:13,06/21:19,06/21:55,06/22:02,0:36:00,CGK,UPG,009,28,1,1,NML,5,2025
741.,B738,PKLQZ,LNI,LNI839,LNI878,06/14:11,06/14:15,07/05:07,07/05:21,14:52:00,PNK,AMQ,022,28,0,0,NML,5,2025
742.,A320,PKBKT,BTK,BTK6347,BTK7508,06/15:11,06/15:15,07/05:01,07/05:09,13:46:00,BEJ,HLP,025,28,0,0,NML,5,2025
743.,A320,PKAZU,AWQ,AWQ325,AWQ320,06/19:02,06/19:22,07/05:01,07/05:15,9:39:00,KUL,KUL,A01,28,1,1,NML,5,2025
744.,B739,PKLHM,LNI,LNI695,LNI786,06/20:22,06/20:27,07/05:07,07/05:17,8:40:00,KOE,UPG,021,28,0,0,NML,5,2025
745.,B738,PKGNM,GIA,GIA324,GIA301,06/21:10,06/21:16,07/05:06,07/05:19,7:50:00,CGK,CGK,004,28,1,1,NML,5,2025
746.,A320,PKGQU,CTV,CTV435,CTV430,06/19:01,06/19:05,07/05:04,07/05:13,9:59:00,BPN,BPN,006,28,1,1,NML,5,2025
747.,B738,PKLOR,LNI,LNI690,LNI690,07/05:05,07/05:10,07/05:56,07/06:06,0:46:00,CGK,KOE,010,28,1,1,NML,5,2025
748.,A320,PKGQL,CTV,CTV9665,CTV725,06/21:30,06/21:37,07/05:39,07/05:46,8:02:00,CGK,CGK,007,28,1,1,NML,5,2025
749.,A320,PKGQJ,CTV,CTV353,CTV670,07/05:01,07/05:07,07/05:43,07/05:50,0:36:00,UPG,LOP,009,28,1,1,NML,5,2025
750.,B738,PKLKP,LNI,LNI727,LNI868,06/17:40,06/17:46,07/05:57,07/06:07,12:11:00,KDI,TTE,C04,28,0,0,NML,5,2025
751.,B739,PKLFO,LNI,LNI681,LNI266,06/15:40,06/15:44,07/05:56,07/06:06,14:12:00,PKY,BPN,024,28,0,0,NML,5,2025
"752.,A320,PKSJT,SJV,SJV613,SJV706,05/20:10,05/20:13,07/06:01,07/06:11,""1 day, 9:48:00"",BPN,DPS,020,28,0,0,NML,5,2025"
753.,A320,PKLUH,BTK,BTK7501,BTK6589,06/16:26,06/16:32,07/06:04,07/06:14,13:32:00,HLP,CGK,C03,28,0,0,NML,5,2025
754.,A320,PKSTI,SJV,SJV615,SJV640,06/20:31,06/20:37,07/05:51,07/06:05,9:14:00,BPN,AAP,011,28,1,1,NML,5,2025
755.,A320,PKBKY,BTK,BTK6413,BTK6412,06/20:01,06/20:07,07/06:26,07/06:36,10:19:00,DPS,DPS,C06,28,0,0,NML,5,2025
756.,A320,PKSJA,SJV,SJV717,SJV566,07/05:54,07/06:00,07/06:50,07/07:00,0:50:00,LOP,PLW,009,28,1,1,NML,5,2025
757.,A320,PKLAJ,BTK,BTK7521,BTK6135,06/21:19,06/21:25,07/07:03,07/07:13,9:38:00,HLP,PKN,008,28,1,1,NML,5,2025
758.,B739,PKLHQ,LNI,LNI885,LNI971,06/19:56,06/20:01,07/07:10,07/07:20,11:09:00,UPG,BTH,C05,28,0,0,NML,5,2025
759.,B738,PKGFP,GIA,GIA328,GIA305,06/19:50,06/19:55,07/07:04,07/07:14,11:09:00,CGK,CGK,005,28,1,1,NML,5,2025
760.,B738,PKGUF,GIA,GIA855,GIA854,06/20:25,06/20:30,07/07:02,07/07:15,10:32:00,SIN,SIN,A02,28,1,1,NML,5,2025
761.,B739,PKLQS,LNI,LNI363,LNI646,07/06:18,07/06:23,07/07:19,07/07:30,0:56:00,BPN,LOP,011,28,1,1,NML,5,2025
762.,A320,PKLUI,BTK,BTK6588,BTK7510,06/21:21,06/21:27,07/07:34,07/07:44,10:07:00,CGK,HLP,014,28,1,1,NML,5,2025
763.,A320,PKAZJ,AWQ,AWQ327,AWQ392,06/23:15,06/23:20,07/07:22,07/07:35,8:02:00,KUL,JHB,A03,28,1,1,NML,5,2025
764.,A320,PKGQN,CTV,CTV690,CTV460,07/06:45,07/06:50,07/07:27,07/07:38,0:37:00,DPS,AAP,006,28,1,1,NML,5,2025
765.,B739,PKLSK,LNI,LNI693,LNI693,07/06:53,07/06:58,07/07:44,07/07:54,0:46:00,KOE,CGK,15A,28,0,0,NML,5,2025
"766.,AW139,PKTVN,TVR,PKTVN,PKTVN,05/09:23,05/09:26,07/08:10,07/08:21,""1 day, 22:43:53"",ZZZZ,MBH,H02,28,0,0,NML,5,2025"
767.,A320,PKGLV,CTV,CTV170,CTV175,07/07:26,07/07:30,07/08:04,07/08:17,0:34:00,HLP,HLP,008,28,1,1,NML,5,2025
768.,A320,PKGQP,CTV,CTV712,CTV713,07/07:23,07/07:27,07/08:18,07/08:32,0:51:00,CGK,CGK,007,28,1,1,NML,5,2025
769.,A333,BLBG,CPA,CPA779,CPA780,06/17:50,06/18:00,07/09:16,07/09:30,15:16:00,HKG,HKG,A08,28,1,1,NML,5,2025
770.,A320,PKBKQ,BTK,BTK6572,BTK6573,07/07:46,07/07:52,07/08:46,07/09:00,0:54:00,CGK,CGK,011,28,1,1,NML,5,2025
771.,B738,PKLBS,MXD,MXD352,MXD353,06/19:25,06/19:31,07/08:45,07/08:57,13:14:00,KUL,KUL,A04,28,1,1,NML,5,2025
772.,B739,PKLSU,LNI,LNI315,LNI222,07/07:55,07/08:01,07/08:57,07/09:09,0:56:00,BDJ,BDJ,012,28,1,1,NML,5,2025
773.,A320,PKLAM,BTK,BTK7511,BTK6391,07/06:32,07/06:37,07/08:51,07/09:03,2:14:00,HLP,CGK,010,28,1,1,NML,5,2025
774.,A320,PKGQE,CTV,CTV355,CTV171,07/07:43,07/07:48,07/08:55,07/09:06,1:07:00,UPG,HLP,006,28,1,1,NML,5,2025
775.,B739,PKLQT,LNI,LNI267,LNI856,07/06:58,07/07:02,07/09:00,07/09:12,1:58:00,TRK,PLM,009,10,1,1,NML,5,2025
776.,B738,PKLJS,LNI,LNI837,LNI748,07/08:03,07/08:08,07/09:02,07/09:15,0:54:00,PNK,MDC,014,10,1,1,NML,5,2025
777.,A320,PKGQJ,CTV,CTV671,CTV486,07/08:12,07/08:18,07/08:59,07/09:11,0:41:00,LOP,BDJ,008,10,1,1,NML,5,2025
778.,B739,PKLFW,LNI,LNI683,LNI682,07/08:04,07/08:10,07/09:11,07/09:23,1:01:00,PKY,PKY,020,10,0,0,NML,5,2025
779.,B738,PKGMX,GIA,GIA304,GIA342,07/08:23,07/08:30,07/09:27,07/09:39,0:57:00,CGK,DPS,004,10,1,1,NML,5,2025
780.,A320,PKPWK,PAS,PAS200,PAS201,07/08:25,07/08:30,07/09:16,07/09:30,0:46:00,CGK,CGK,005,10,1,1,NML,5,2025
781.,A320,PKSJT,SJV,SJV703,SJV702,07/08:33,07/08:37,07/09:42,07/09:54,1:05:00,DPS,DPS,021,10,0,0,NML,5,2025
782.,B733F,PKMYV,MYU,MYU935,MYU815,07/15:09,07/15:14,07/22:55,07/23:07,7:41:00,SRG,CGK,C02,10,0,0,NML,5,2025
783.,B738MAX,9MMVC,MAS,MAS871,MAS870,07/09:15,07/09:20,07/10:06,07/10:18,0:46:00,KUL,KUL,A07,10,1,1,NML,5,2025
784.,B735,PKNAS,LKN,LKN243,LKN242,07/09:05,07/09:10,07/09:47,07/10:00,0:37:00,SMQ,SMQ,010,10,1,1,NML,5,2025
785.,A359,9VSHN,SIA,SIA922,SIA923,07/09:04,07/09:10,07/10:14,07/10:30,1:04:00,SIN,SIN,A06,10,1,1,NML,5,2025
786.,A320,PKLUH,BTK,BTK6584,BTK6585,07/09:53,07/09:58,07/10:56,07/11:08,0:58:00,CGK,CGK,011,10,1,1,NML,5,2025
787.,A320,PKGLR,CTV,CTV351,CTV350,07/09:54,07/09:59,07/10:34,07/10:45,0:35:00,UPG,UPG,006,10,1,1,NML,5,2025
788.,A333,ECNOF,SVA,SVA4239,SVA5239,07/07:28,07/07:33,07/10:12,07/10:26,2:39:00,MED,KNO,017,10,1,1,NML,5,2025
789.,B739,PKLFO,LNI,LNI367,LNI262,07/10:00,07/10:04,07/10:57,07/11:10,0:53:00,BPN,BPN,020,10,0,0,NML,5,2025
790.,B739,PKLGU,LNI,LNI791,LNI706,07/09:40,07/09:45,07/10:44,07/10:57,0:59:00,UPG,UPG,009,10,1,1,NML,5,2025
791.,A320,9VTRM,TGW,TGW296,TGW297,07/09:43,07/09:50,07/10:44,07/11:00,0:54:00,SIN,SIN,A02,10,1,1,NML,5,2025
792.,B739,PKLHS,LNI,LNI970,LNI973,07/09:52,07/09:56,07/11:22,07/11:34,1:26:00,BTH,BTH,022,10,0,0,NML,5,2025
793.,A320,PKBKU,BTK,BTK7513,BTK7516,07/10:04,07/10:09,07/11:03,07/11:17,0:54:00,HLP,HLP,014,10,1,1,NML,5,2025
794.,A320,PKLAJ,BTK,BTK6134,BTK6346,07/09:35,07/09:39,07/10:50,07/11:02,1:11:00,PKN,BEJ,008,10,1,1,NML,5,2025
795.,B739,PKLQS,LNI,LNI645,LNI822,07/10:14,07/10:19,07/11:02,07/11:14,0:43:00,LOP,LOP,010,10,1,1,NML,5,2025
796.,A320,PKSTI,SJV,SJV641,SJV642,07/09:48,07/09:51,07/11:03,07/11:19,1:12:00,AAP,AAP,024,10,0,0,NML,5,2025
797.,B739,PKLGO,LNI,LNI694,LNI694,07/10:41,07/10:45,07/11:38,07/11:50,0:53:00,CGK,KOE,021,10,0,0,NML,5,2025
798.,A320,PKAZU,AWQ,AWQ321,AWQ322,07/10:47,07/10:54,07/11:31,07/11:41,0:37:00,KUL,KUL,A01,10,1,1,NML,5,2025
799.,B738,PKLOR,LNI,LNI697,LNI697,07/10:46,07/10:50,07/11:55,07/12:10,1:05:00,KOE,CGK,009,10,1,1,NML,5,2025
800.,B738,PKGUC,GIA,GIA322,GIA327,07/10:05,07/10:10,07/11:33,07/11:46,1:23:00,CGK,CGK,004,10,1,1,NML,5,2025
801.,A320,PKLUI,BTK,BTK7517,BTK7520,07/11:13,07/11:16,07/12:06,07/12:20,0:50:00,HLP,HLP,008,10,1,1,NML,5,2025
802.,B738,PKLBK,MXD,MXD350,MXD351,07/10:36,07/10:42,07/11:35,07/11:45,0:53:00,KUL,KUL,A04,10,1,1,NML,5,2025
803.,A320,PKGQN,CTV,CTV461,CTV698,07/10:57,07/11:00,07/11:44,07/11:57,0:44:00,AAP,DPS,006,10,1,1,NML,5,2025
804.,B739,PKLGS,LNI,LNI311,LNI804,07/06:04,07/06:08,07/12:24,07/12:36,6:16:00,BDJ,DPS,C04,10,0,0,NML,5,2025
805.,A333,ECNOG,SVA,SVA4117,SVA5117,07/09:11,07/09:17,07/12:14,07/12:26,2:57:00,MED,KNO,015,10,1,1,NML,5,2025
806.,A320,PKGQF,CTV,CTV9692,CTV9693,07/11:31,07/11:35,07/12:14,07/12:26,0:39:00,DPS,DPS,007,10,1,1,NML,5,2025
807.,B739,PKLFY,LNI,LNI805,LNI780,07/11:08,07/11:12,07/12:20,07/12:29,1:08:00,DPS,UPG,011,10,1,1,NML,5,2025
808.,A320,PKSJA,SJV,SJV567,SJV636,07/11:34,07/11:39,07/12:29,07/12:40,0:50:00,PLW,BDJ,010,10,1,1,NML,5,2025
809.,A320,PKBKM,BTK,BTK6596,BTK6595,07/12:49,07/12:52,07/13:43,07/13:53,0:51:00,CGK,CGK,010,10,1,1,NML,5,2025
810.,A333,ECNYJ,SVA,SVA4275,SVA5275,07/10:33,07/10:38,07/13:15,07/13:32,2:37:00,MED,KNO,017,10,1,1,NML,5,2025
811.,B738,PKLKP,LNI,LNI869,LNI722,07/12:07,07/12:11,07/13:52,07/13:58,1:41:00,TTE,KDI,009,10,1,1,NML,5,2025
812.,A320,PKPWH,PAS,PAS204,PAS205,07/11:58,07/12:02,07/13:12,07/13:25,1:10:00,CGK,CGK,005,10,1,1,NML,5,2025
813.,A320,PKAZJ,AWQ,AWQ393,AWQ324,07/12:12,07/12:17,07/13:07,07/13:17,0:50:00,JHB,KUL,A01,10,1,1,NML,5,2025
814.,A320,PKGQJ,CTV,CTV487,CTV668,07/12:02,07/12:05,07/13:14,07/13:28,1:09:00,BDJ,DPS,006,10,1,1,NML,5,2025
815.,B739,PKLFF,LNI,LNI801,LNI686,07/11:39,07/11:43,07/14:12,07/14:21,2:29:00,UPG,PKY,014,10,1,1,NML,5,2025
816.,A320,PKSAW,SJV,SJV727,SJV726,06/20:50,07/07:20,07/14:17,07/14:28,17:21:00,DPS,LBJ,025,10,0,1,NML,5,2025
817.,B738,PKLOJ,LNI,LNI839,LNI836,07/13:23,07/13:27,07/14:29,07/14:41,1:02:00,PNK,PNK,011,10,1,1,NML,5,2025
818.,A333,ECODQ,SVA,SVA4185,SVA5185,07/11:17,07/11:22,07/14:15,07/14:30,2:53:00,MED,KNO,012,10,1,1,NML,5,2025
819.,A320,PKGQU,CTV,CTV431,CTV948,07/13:35,07/13:38,07/14:26,07/14:38,0:48:00,BPN,BTH,007,10,1,1,NML,5,2025
820.,B738,PKGFQ,GIA,GIA312,GIA317,07/13:26,07/13:30,07/14:29,07/14:57,0:59:00,CGK,CGK,004,10,1,1,NML,5,2025
821.,B739,PKLQT,LNI,LNI857,LNI260,07/13:29,07/13:35,07/14:37,07/14:46,1:02:00,PLM,BPN,018,10,0,0,NML,5,2025
822.,A320,9VJSJ,JSA,JSA247,JSA248,07/14:20,07/14:26,07/15:13,07/15:25,0:47:00,SIN,SIN,A07,10,1,1,NML,5,2025
823.,A320,PKBLA,BTK,BTK7515,BTK7514,07/14:26,07/14:29,07/15:50,07/15:59,1:21:00,HLP,HLP,009,10,1,1,NML,5,2025
824.,A320,PKPWE,PAS,PAS208,PAS209,07/13:40,07/13:43,07/14:57,07/15:09,1:14:00,CGK,CGK,005,10,1,1,NML,5,2025
825.,B739,PKLSP,LNI,LNI261,LNI642,07/14:45,07/14:48,07/15:43,07/15:51,0:54:53,BPN,LOP,15A,10,0,0,NML,5,2025
826.,B738,PKGFS,GIA,GIA330,GIA331,07/15:02,07/15:07,07/15:53,07/16:05,0:46:00,HLP,HLP,004,10,1,1,NML,5,2025
827.,A320,PKLUW,BTK,BTK6406,BTK6220,07/15:27,07/15:33,07/16:28,07/16:37,0:55:00,CGK,BPN,008,10,1,1,NML,5,2025
828.,A320,PKGQN,CTV,CTV699,CTV434,07/14:34,07/14:37,07/15:18,07/15:31,0:41:00,DPS,BPN,006,10,1,1,NML,5,2025
829.,B739,PKLSU,LNI,LNI223,LNI920,07/12:18,07/12:22,07/16:10,07/16:27,3:48:00,BDJ,DPS,020,10,0,0,NML,5,2025
830.,A320,PKLUI,BTK,BTK7501,BTK7512,07/16:21,07/16:25,07/17:13,07/17:23,0:48:00,HLP,HLP,009,10,1,1,NML,5,2025
831.,B738,PKLQZ,LNI,LNI879,LNI581,07/15:16,07/15:19,07/16:10,07/16:31,0:51:00,AMQ,CGK,010,10,1,1,NML,5,2025
832.,B738,9MMLQ,MAS,MAS873,MAS872,07/14:52,07/14:58,07/15:48,07/15:58,0:50:00,KUL,KUL,A06,10,1,1,NML,5,2025
833.,A320,PKLAJ,BTK,BTK6347,BTK6401,07/15:13,07/15:17,07/16:01,07/16:11,0:44:00,BEJ,CGK,011,10,1,1,NML,5,2025
834.,B739,PKLOP,LNI,LNI707,LNI316,07/14:40,07/14:45,07/16:27,07/16:34,1:42:00,UPG,BDJ,014,10,1,1,NML,5,2025
835.,B738,PKGNG,GIA,GIA310,GIA315,07/15:24,07/15:27,07/16:33,07/16:44,1:06:00,CGK,CGK,005,10,1,1,NML,5,2025
836.,A320,PKSJA,SJV,SJV637,SJV648,07/15:19,07/15:22,07/16:30,07/16:39,1:08:00,BDJ,BPN,012,10,1,1,NML,5,2025
837.,B738MAX,9VMBC,SIA,SIA926,SIA927,07/15:38,07/15:42,07/16:34,07/16:49,0:52:00,SIN,SIN,A07,10,1,1,NML,5,2025
838.,F100,VHUQG,SXI,SXI2519,SXI2519,07/15:47,07/15:52,07/16:35,07/16:42,0:42:14,DRW,XSP,030,10,0,0,NML,5,2025
839.,B739,PKLGS,LNI,LNI919,LNI268,07/14:59,07/15:04,07/17:50,07/18:01,2:45:36,DPS,TRK,022,10,0,0,NML,5,2025
840.,A320,PKPWG,PAS,PAS206,PAS623,07/15:35,07/15:37,07/16:36,07/16:46,0:59:00,CGK,BPN,006,10,1,1,NML,5,2025
841.,B739,PKLSK,LNI,LNI692,LNI692,07/16:25,07/16:28,07/17:19,07/17:29,0:51:00,CGK,KOE,15A,10,0,0,NML,5,2025
842.,A320,PKGQF,CTV,CTV669,CTV488,07/15:55,07/15:59,07/16:46,07/16:56,0:47:00,DPS,BDJ,007,10,1,1,NML,5,2025
843.,B739,PKLFF,LNI,LNI687,LNI226,07/17:13,07/17:17,07/19:07,07/19:17,1:50:00,PKY,BDJ,011,10,1,1,NML,5,2025
844.,B738,PKLJS,LNI,LNI749,LNI838,07/14:56,07/14:59,07/17:08,07/17:18,2:09:00,MDC,PNK,021,10,0,0,NML,5,2025
845.,A320,PKAZU,AWQ,AWQ323,AWQ326,07/17:18,07/17:22,07/17:56,07/18:03,0:34:00,KUL,KUL,A03,10,1,1,NML,5,2025
846.,A320,PKSAZ,SJV,SJV723,SJV708,07/18:11,07/18:15,07/19:50,07/20:06,1:35:00,DPS,DPS,009,10,1,1,NML,5,2025
847.,A320,PKPWA,PAS,PAS622,PAS207,07/17:22,07/17:25,07/18:11,07/18:20,0:46:00,BPN,CGK,006,10,1,1,NML,5,2025
848.,B738,PKGMX,GIA,GIA349,GIA313,07/17:28,07/17:30,07/18:35,07/18:43,1:05:00,DPS,CGK,005,10,1,1,NML,5,2025
849.,A320,PKSAW,SJV,SJV725,SJV716,07/17:46,07/17:49,07/18:40,07/18:50,0:51:00,LBJ,LOP,010,10,1,1,NML,5,2025
850.,A320,PKBKU,BTK,BTK7503,BTK7502,07/18:39,07/18:43,07/19:30,07/19:40,0:47:00,HLP,HLP,008,10,1,1,NML,5,2025
851.,B738,PKGFM,GIA,GIA320,GIA325,07/17:32,07/17:35,07/18:53,07/19:07,1:18:00,CGK,CGK,004,10,1,1,NML,5,2025
852.,B738MAX,9VMBA,SIA,SIA928,SIA929,07/18:32,07/18:38,07/19:32,07/19:47,0:54:00,SIN,SIN,A06,10,1,1,NML,5,2025
853.,A320,PKGQL,CTV,CTV949,CTV9664,07/18:28,07/18:31,07/19:02,07/19:13,0:31:00,BTH,DPS,007,10,1,1,NML,5,2025
854.,A320,PKGLY,CTV,CTV489,CTV693,07/18:53,07/18:57,07/19:33,07/19:42,0:36:00,BDJ,DPS,006,10,1,1,NML,5,2025
855.,B739,PKLGO,LNI,LNI695,LNI880,07/19:36,07/19:50,07/20:59,07/21:09,1:09:00,KOE,UPG,011,10,1,1,NML,5,2025
856.,A320,PKBKT,BTK,BTK7519,BTK7518,07/20:01,07/20:06,07/20:52,07/21:06,0:46:00,HLP,HLP,012,10,1,1,NML,5,2025
857.,A320,PKPWK,PAS,PAS202,PAS203,07/18:49,07/18:52,07/19:41,07/19:51,0:49:00,CGK,CGK,005,10,1,1,NML,5,2025
858.,A320,PKGQK,CTV,CTV736,CTV352,07/19:06,07/19:10,07/19:57,07/20:11,0:47:00,CGK,UPG,007,10,1,1,NML,5,2025
859.,B738,PKGUI,GIA,GIA326,GIA319,07/19:09,07/19:12,07/20:02,07/20:16,0:50:00,CGK,CGK,004,10,1,1,NML,5,2025
860.,A320,PKGQN,CTV,CTV435,CTV737,07/19:02,07/19:06,07/19:59,07/20:14,0:53:00,BPN,CGK,010,10,1,1,NML,5,2025
861.,BE20,PKCAO,DPU,PKCAO,PKCAO,07/15:42,07/15:46,07/20:24,07/20:32,4:38:00,BTO,ZZZZ,029,10,0,0,NML,5,2025
862.,B738,PKBLB,BTK,BTK6586,BTK6587,07/19:58,07/20:04,07/20:51,07/21:02,0:47:00,CGK,CGK,009,10,1,1,NML,5,2025
863.,A320,PKGQE,CTV,CTV174,CTV354,07/16:29,07/16:32,07/20:52,07/21:03,4:20:00,HLP,UPG,003,10,0,0,NML,5,2025
864.,B738,PKCRI,SJY,SJY567,SJY562,07/21:08,07/21:12,07/21:57,07/22:07,0:45:00,UPG,UPG,010,10,1,1,NML,5,2025
865.,A320,PKLUF,BTK,BTK6137,BTK6136,07/21:13,07/21:17,07/22:16,07/22:26,0:59:00,UPG,UPG,009,10,1,1,NML,5,2025
866.,A333,ECODR,SVA,SVA4323,SVA5323,07/20:36,07/20:43,07/23:23,07/23:38,2:40:00,JED,KNO,017,10,1,1,NML,5,2025
867.,A320,PKBLA,BTK,BTK7521,BTK7508,07/21:55,07/21:59,08/05:02,08/05:12,7:03:00,HLP,HLP,011,28,1,1,NML,5,2025
868.,A320,PKAZU,AWQ,AWQ327,AWQ320,07/23:26,07/23:30,08/05:01,08/05:14,5:31:00,KUL,KUL,A03,28,1,1,NML,5,2025
869.,B739,PKLQS,LNI,LNI823,LNI878,07/13:51,07/22:58,08/05:09,08/05:19,15:12:00,LOP,AMQ,15B,28,0,1,NML,5,2025
870.,A320,PKGQL,CTV,CTV9665,CTV430,07/21:51,07/21:54,08/05:02,08/05:09,7:08:00,DPS,BPN,007,28,1,1,NML,5,2025
871.,B739,PKLSP,LNI,LNI865,LNI786,07/18:13,07/18:19,08/05:07,08/05:16,10:48:00,LOP,UPG,C03,28,0,0,NML,5,2025
872.,A320,PKLUZ,BTK,BTK6588,BTK6132,07/22:41,07/22:46,08/05:16,08/05:25,6:30:00,CGK,LOP,010,28,1,1,NML,5,2025
873.,A320,PKGQK,CTV,CTV353,CTV484,08/05:03,08/05:10,08/05:45,08/05:52,0:35:00,UPG,BDJ,007,10,1,1,NML,5,2025
874.,A320,PKGQP,CTV,CTV724,CTV725,07/19:55,07/20:01,08/05:40,08/05:47,9:39:00,CGK,CGK,006,28,1,1,NML,5,2025
875.,B739,PKLSO,LNI,LNI690,LNI690,08/05:08,08/05:15,08/06:05,08/06:13,0:50:00,CGK,KOE,009,28,1,1,NML,5,2025
876.,B739,PKLGL,LNI,LNI885,LNI266,07/20:13,07/20:16,08/06:04,08/06:15,9:48:00,UPG,BPN,022,28,0,0,NML,5,2025
877.,A320,PKLAZ,BTK,BTK6578,BTK6589,07/16:26,07/16:30,08/05:57,08/06:07,13:27:00,CGK,CGK,020,28,0,0,NML,5,2025
878.,A320,V8RBE,RBA,RBA795,RBA796,07/20:04,07/20:11,08/05:54,08/06:08,9:43:00,BWN,BWN,A07,28,1,1,NML,5,2025
"879.,A320,PKSGB,SJV,SJV619,SJV640,06/15:51,06/15:56,08/06:10,08/06:21,""1 day, 14:14:00"",BPN,AAP,023,28,0,0,NML,5,2025"
880.,B738,PKLKP,LNI,LNI727,LNI868,07/18:00,07/18:03,08/05:52,08/06:02,11:49:00,KDI,TTE,021,28,0,0,NML,5,2025
881.,B739,PKLHQ,LNI,LNI972,LNI873D,07/18:05,07/18:08,08/08:47,08/08:57,14:39:00,BTH,CGK,025,10,0,0,NML,5,2025
882.,A320,PKAZJ,AWQ,AWQ325,AWQ386,07/18:59,07/19:05,08/05:55,08/06:04,10:50:00,KUL,PEN,A01,28,1,1,NML,5,2025
883.,A320,PKPWF,PAS,PAS212,PAS213,07/20:44,07/20:47,08/05:58,08/06:10,9:11:00,CGK,CGK,005,28,1,1,NML,5,2025
884.,A320,PKBKY,BTK,BTK6413,BTK6412,07/21:28,07/21:32,08/06:18,08/06:26,8:46:00,DPS,DPS,012,28,1,1,NML,5,2025
885.,A320,PKLUW,BTK,BTK6221,BTK6135,07/20:10,07/20:14,08/06:59,08/07:09,10:45:00,BPN,PKN,014,28,1,1,NML,5,2025
886.,B739,PKLFF,LNI,LNI311,LNI971,08/06:00,08/06:06,08/07:08,08/07:19,1:02:00,BDJ,BTH,15B,28,0,0,NML,5,2025
887.,C208,PKVVM,SUS,PKVVM,SUS6197,07/11:23,07/11:27,08/07:07,08/07:16,19:40:00,BXW,BXW,C07,28,0,0,NML,5,2025
888.,B738,PKGMY,GIA,GIA324,GIA854,07/20:56,07/22:32,08/06:59,08/07:13,10:00:00,CGK,SIN,A02,28,1,1,NML,5,2025
889.,B738,PKGFW,GIA,GIA855,GIA305,07/20:31,07/23:02,08/06:58,08/07:07,10:21:00,SIN,CGK,004,28,1,1,NML,5,2025
890.,B739,PKLFO,LNI,LNI363,LNI646,08/06:20,08/06:25,08/07:24,08/07:34,0:59:00,BPN,LOP,011,10,1,1,NML,5,2025
891.,A320,PKBKU,BTK,BTK7511,BTK7510,08/06:40,08/06:45,08/07:30,08/07:39,0:45:00,HLP,HLP,008,10,1,1,NML,5,2025
892.,A320,PKGLY,CTV,CTV690,CTV460,08/06:55,08/07:00,08/07:35,08/07:45,0:35:00,DPS,AAP,005,10,1,1,NML,5,2025
893.,B739,PKLSK,LNI,LNI693,LNI693,08/06:50,08/06:55,08/07:46,08/07:56,0:51:00,KOE,CGK,010,10,1,1,NML,5,2025
894.,B739,PKLGU,LNI,LNI929,LNI982,08/06:58,08/07:04,08/07:56,08/08:11,0:52:00,DPS,PKU,012,10,1,1,NML,5,2025
895.,A21N,B32L3,CSN,CSN8137,CSN8138,07/21:30,07/21:36,08/07:49,08/08:02,10:13:00,CAN,CAN,A06,10,1,1,NML,5,2025
896.,A320,PKGLV,CTV,CTV170,CTV175,08/07:12,08/07:18,08/07:55,08/08:07,0:37:00,HLP,HLP,007,10,1,1,NML,5,2025
897.,A320,PKGQN,CTV,CTV712,CTV713,08/07:19,08/07:25,08/08:05,08/08:28,0:40:00,CGK,CGK,006,10,1,1,NML,5,2025
898.,A333,BHLO,CPA,CPA779,CPA780,07/17:55,07/18:02,08/08:20,08/08:35,14:18:00,HKG,HKG,A08,10,1,1,NML,5,2025
899.,B739,PKLGS,LNI,LNI267,LNI990,08/07:02,08/07:08,08/08:19,08/08:33,1:11:00,TRK,DPS,009,10,1,1,NML,5,2025
"900.,DHC6,PKICP,PGT,PKICP,PKICP,06/12:10,06/12:10,08/07:59,08/08:14,""1 day, 19:49:00"",PAG,PAG,028,10,0,0,NML,5,2025"
901.,A320,PKLUH,BTK,BTK6572,BTK6573,08/07:48,08/07:51,08/08:53,08/09:03,1:02:00,CGK,CGK,011,10,1,1,NML,5,2025
902.,B738,PKLZZ,MXD,MXD352,MXD353,07/19:39,07/19:45,08/08:40,08/08:48,12:55:00,KUL,KUL,A04,10,1,1,NML,5,2025
903.,B738,PKLOP,LNI,LNI315,LNI222,08/07:55,08/07:58,08/08:51,08/09:01,0:53:00,BDJ,BDJ,014,10,1,1,NML,5,2025
904.,A320,PKGQE,CTV,CTV355,CTV171,08/07:58,08/08:01,08/08:47,08/08:59,0:46:00,UPG,HLP,007,10,1,1,NML,5,2025
"905.,A320,PKSJK,SJV,SJV643,SJV618,06/15:08,06/15:12,08/09:00,08/09:11,""1 day, 17:48:00"",AAP,BPN,026,10,0,0,NML,5,2025"
906.,B738,PKLOH,LNI,LNI837,LNI748,08/08:05,08/08:09,08/09:12,08/09:21,1:03:00,PNK,MDC,15B,10,0,0,NML,5,2025
907.,A320,PKGQK,CTV,CTV485,CTV486,08/08:20,08/08:23,08/09:03,08/09:15,0:40:00,BDJ,BDJ,006,10,1,1,NML,5,2025
908.,B739,PKLFW,LNI,LNI683,LNI682,08/08:01,08/08:05,08/09:09,08/09:19,1:04:00,PKY,PKY,012,10,1,1,NML,5,2025
909.,B738,PKGUF,GIA,GIA304,GIA342,08/08:17,08/08:20,08/09:17,08/09:35,0:57:00,CGK,DPS,004,10,1,1,NML,5,2025
910.,A320,PKPWK,PAS,PAS200,PAS201,08/08:11,08/08:15,08/09:14,08/09:31,0:59:00,CGK,CGK,005,10,1,1,NML,5,2025
911.,A320,PKSTI,SJV,SJV643,SJV642,07/15:04,07/15:07,08/09:38,08/09:49,18:31:00,AAP,AAP,024,10,0,0,NML,5,2025
912.,A320,PKSTA,SJV,SJV703,SJV706,08/08:30,08/08:35,08/09:28,08/09:37,0:53:00,DPS,DPS,010,10,1,1,Nml,5,2025
913.,B733F,PKMYV,MYU,MYU935,MYU815,08/08:43,08/08:50,08/09:21,08/09:33,0:31:00,SRG,CGK,C02,10,0,0,NML,5,2025
914.,B738MAX,9MMVF,MAS,MAS871,MAS870,08/09:01,08/09:07,08/09:54,08/10:06,0:47:00,KUL,KUL,A07,10,1,1,NML,5,2025
915.,A359,9VSHI,SIA,SIA922,SIA923,08/09:04,08/09:11,08/10:13,08/10:25,1:02:00,SIN,SIN,A08,10,1,1,NML,5,2025
916.,A320,PKLAZ,BTK,BTK6584,BTK6585,08/09:29,08/09:32,08/10:23,08/10:31,0:51:00,CGK,CGK,009,10,1,1,NML,5,2025
917.,A320,PKGQO,CTV,CTV351,CTV350,08/09:51,08/09:53,08/10:35,08/10:43,0:42:00,UPG,UPG,006,10,1,1,NML,5,2025
918.,A320,PKGTE,CTV,CTV722,CTV723,08/09:25,08/09:28,08/10:16,08/10:28,0:48:00,CGK,CGK,007,10,1,1,NML,5,2025
919.,A20N,9VTNF,TGW,TGW296,TGW297,08/09:54,08/09:59,08/10:52,08/11:10,0:53:00,SIN,SIN,A02,10,1,1,NML,5,2025
920.,B739,PKLGL,LNI,LNI367,LNI262,08/10:01,08/10:05,08/10:56,08/11:19,0:51:00,BPN,BPN,014,10,1,1,NML,5,2025
921.,B739,PKLSU,LNI,LNI791,LNI706,08/09:45,08/09:48,08/10:42,08/10:53,0:54:00,UPG,UPG,011,10,1,1,NML,5,2025
922.,A320,PKLUW,BTK,BTK6134,BTK6346,08/09:47,08/09:51,08/11:35,08/11:46,1:44:00,PKN,BEJ,010,10,1,1,NML,5,2025
923.,A320,PKLUI,BTK,BTK7513,BTK7516,08/11:00,08/11:04,08/11:43,08/12:01,0:39:00,HLP,HLP,008,10,1,1,NML,5,2025
924.,B739,PKLFO,LNI,LNI645,LNI822,08/10:15,08/10:19,08/11:04,08/11:21,0:45:00,LOP,LOP,012,10,1,1,NML,5,2025
925.,A320,PKAZU,AWQ,AWQ321,AWQ322,08/11:03,08/11:08,08/11:50,08/12:04,0:42:00,KUL,KUL,A03,10,1,1,NML,5,2025
926.,B739,PKLSO,LNI,LNI697,LNI697,08/10:47,08/10:50,08/11:44,08/11:58,0:54:00,KOE,CGK,15B,10,0,0,NML,5,2025
927.,B738,PKGNG,GIA,GIA322,GIA327,08/09:58,08/10:02,08/11:32,08/11:43,1:30:00,CGK,CGK,004,10,1,1,NML,5,2025
928.,A320,PKBKU,BTK,BTK7517,BTK7520,08/11:14,08/11:18,08/12:13,08/12:21,0:55:00,HLP,HLP,009,10,1,1,NML,5,2025
929.,B738,PKLZO,MXD,MXD350,MXD351,08/10:52,08/10:59,08/11:41,08/11:54,0:42:00,KUL,KUL,A04,10,1,1,NML,5,2025
930.,A320,PKSJD,SJV,SJV363,SJV362,08/11:07,08/11:11,08/12:05,08/12:15,0:54:00,KNO,KNO,011,10,1,1,NML,5,2025
931.,B739,PKLHM,LNI,LNI805,LNI804,08/12:07,08/12:10,08/13:17,08/13:25,1:07:00,DPS,DPS,010,10,1,1,NML,5,2025
932.,A320,PKGLY,CTV,CTV461,CTV698,08/11:09,08/11:12,08/12:00,08/12:10,0:48:00,AAP,DPS,006,10,1,1,NML,5,2025
933.,A320,PKGQU,CTV,CTV9692,CTV9693,08/11:20,08/11:25,08/12:19,08/12:27,0:54:00,DPS,DPS,007,10,1,1,NML,5,2025
934.,A320,PKSJO,SJV,SJV717,SJV636,08/05:55,08/05:58,08/12:28,08/12:38,6:30:00,LOP,BDJ,C03,28,0,0,NML,5,2025
935.,B739,PKLHP,LNI,LNI801,LNI780,08/11:35,08/11:38,08/12:42,08/12:48,1:04:00,UPG,UPG,014,10,1,1,NML,5,2025
936.,B738,PKLOP,LNI,LNI223,LNI680,08/11:48,08/11:51,08/12:45,08/12:55,0:54:00,BDJ,PKY,012,10,1,1,NML,5,2025
937.,A320,PKBKL,BTK,BTK6596,BTK6595,08/12:40,08/12:43,08/13:31,08/13:45,0:48:52,CGK,CGK,009,28,1,1,NML,5,2025
938.,A320,PKPWJ,PAS,PAS204,PAS205,08/11:56,08/11:58,08/13:22,08/13:33,1:24:00,CGK,CGK,004,28,1,1,NML,5,2025
939.,B738,PKLKP,LNI,LNI869,LNI722,08/12:36,08/12:40,08/13:28,08/13:38,0:48:44,TTE,KDI,011,28,1,1,NML,5,2025
940.,A320,PKAZJ,AWQ,AWQ387,AWQ324,08/12:33,08/12:38,08/13:21,08/13:30,0:43:48,PEN,KUL,A03,10,1,1,NML,5,2025
941.,A320,PKGQK,CTV,CTV487,CTV668,08/11:53,08/11:55,08/13:28,08/13:36,1:33:40,BDJ,DPS,005,28,1,1,NML,5,2025
942.,A320,PKSTI,SJV,SJV641,SJV726,08/13:38,08/13:43,08/14:31,08/14:42,0:48:00,AAP,LBJ,010,28,1,1,NML,5,2025
943.,B738,PKLOJ,LNI,LNI839,LNI836,08/13:30,08/13:35,08/14:20,08/14:30,0:44:59,PNK,PNK,012,10,1,1,NML,5,2025
944.,A320,PKGQL,CTV,CTV431,CTV948,08/13:35,08/13:39,08/14:22,08/14:30,0:43:25,BPN,BTH,007,28,1,1,NML,5,2025
945.,B738,PKGFS,GIA,GIA312,GIA317,08/13:41,08/13:47,08/14:40,08/14:48,0:53:24,CGK,CGK,004,10,1,1,NML,5,2025
946.,A320,9VJSK,JSA,JSA247,JSA248,08/13:59,08/14:02,08/14:49,08/14:59,0:47:00,SIN,SIN,A07,10,1,1,NML,5,2025
947.,A320,PKGTA,CTV,CTV716,CTV717,08/14:18,08/14:24,08/14:58,08/15:08,0:34:46,CGK,CGK,008,10,1,1,NML,5,2025
948.,A320,PKPWE,PAS,PAS208,PAS209,08/13:55,08/14:01,08/14:55,08/15:06,0:54:53,CGK,CGK,006,10,1,1,NML,5,2025
949.,B739,PKLFO,LNI,LNI823,LNI642,08/13:47,08/13:57,08/15:05,08/15:15,1:08:00,LOP,LOP,15A,10,0,0,NML,5,2025
950.,B738,PKGFX,GIA,GIA330,GIA331,08/14:29,08/14:36,08/15:22,08/15:35,0:46:29,HLP,HLP,005,10,1,1,NML,5,2025
951.,BE20,PKCAO,DPU,PKCAO,PKCAO,07/23:45,07/23:49,08/15:09,08/15:19,15:20:00,ZZZZ,ZZZZ,029,10,0,0,NML,5,2025
952.,A320,PKLUW,BTK,BTK6347,BTK6220,08/16:06,08/16:13,08/17:00,08/17:10,0:47:00,BEJ,BPN,009,10,1,1,NML,5,2025
953.,B739,PKLGU,LNI,LNI983,LNI920,08/13:45,08/13:51,08/15:25,08/15:36,1:34:00,PKU,DPS,014,10,1,1,NML,5,2025
954.,A320,PKGLY,CTV,CTV699,CTV434,08/14:36,08/14:42,08/15:32,08/15:40,0:50:00,DPS,BPN,007,10,1,1,NML,5,2025
955.,B738,9MMXE,MAS,MAS873,MAS872,08/14:52,08/15:01,08/15:55,08/16:02,0:54:59,KUL,KUL,A06,10,1,1,NML,5,2025
956.,B739,PKLFO,LNI,LNI642A,LNI642A,08/15:20,08/15:28,08/15:51,08/16:01,0:23:00,SUB,LOP,15A,10,0,0,NML,5,2025
957.,B739,PKLOH,LNI,LNI749,LNI581,08/15:20,08/15:25,08/16:22,08/16:32,0:57:00,MDC,CGK,010,28,1,1,NML,5,2025
958.,A320,PKLUZ,BTK,BTK6133,BTK7512,08/08:10,08/08:14,08/16:10,08/16:20,7:56:00,LOP,HLP,022,28,0,0,NML,5,2025
959.,A320,PKBKU,BTK,BTK7501,BTK6401,08/15:52,08/15:55,08/16:49,08/16:59,0:54:50,HLP,CGK,008,28,1,1,NML,5,2025
960.,B739,PKLHM,LNI,LNI919,LNI316,08/16:02,08/16:06,08/16:52,08/17:02,0:46:28,DPS,BDJ,014,28,1,1,NML,5,2025
961.,B738,PKGFM,GIA,GIA310,GIA315,08/15:09,08/15:13,08/16:25,08/16:35,1:12:00,CGK,CGK,004,28,1,1,NML,5,2025
962.,A320,PKSJO,SJV,SJV637,SJV648,08/15:29,08/15:33,08/16:38,08/16:48,1:04:24,BDJ,BPN,021,28,0,0,NML,5,2025
963.,B738MAX,9VMBL,SIA,SIA926,SIA927,08/15:47,08/15:53,08/16:53,08/17:03,1:00:27,SIN,SIN,A07,28,1,1,NML,5,2025
964.,B739,PKLQS,LNI,LNI879,LNI268,08/15:14,08/15:18,08/16:39,08/16:49,1:21:22,AMQ,TRK,011,28,1,1,NML,5,2025
965.,A320,PKPWF,PAS,PAS206,PAS623,08/15:32,08/15:36,08/16:39,08/16:49,1:03:00,CGK,BPN,005,28,1,1,NML,5,2025
966.,A320,PKGQE,CTV,CTV174,CTV721,08/15:58,08/16:02,08/16:42,08/16:52,0:40:00,HLP,CGK,006,28,1,1,NML,5,2025
967.,B739,PKLSP,LNI,LNI692,LNI692,08/16:29,08/16:36,08/17:26,08/17:36,0:50:15,CGK,KOE,012,10,1,1,NML,5,2025
968.,A333,ECNOF,SVA,SVA4233,SVA5233,08/14:25,08/14:33,08/16:56,08/17:08,2:23:00,MED,KNO,017,28,1,1,NML,5,2025
969.,A320,PKGQU,CTV,CTV669,CTV488,08/16:01,08/16:09,08/16:54,08/17:04,0:45:52,DPS,BDJ,007,28,1,1,NML,5,2025
970.,B739,PKLHJ,LNI,LNI694,LNI226,08/14:16,08/14:19,08/17:25,08/17:35,3:05:35,CGK,BDJ,020,10,0,0,NML,5,2025
971.,B738,PKLOP,LNI,LNI681,LNI838,08/15:53,08/15:58,08/17:29,08/17:39,1:30:37,PKY,PNK,15B,10,0,0,NML,5,2025
972.,A320,PKAZU,AWQ,AWQ323,AWQ326,08/18:15,08/18:20,08/19:00,08/19:10,0:40:54,KUL,KUL,A03,10,1,1,NML,5,2025
973.,A320,PKSTA,SJV,SJV723,SJV708,08/17:48,08/17:50,08/18:37,08/18:47,0:47:05,DPS,DPS,010,10,1,1,NML,5,2025
974.,A320,PKPWM,PAS,PAS622,PAS207,08/17:20,08/17:24,08/18:12,08/18:22,0:48:30,BPN,CGK,006,10,1,1,NML,5,2025
"975.,AW139,PKTVN,TVR,PKTVN,PKTVN,07/14:08,07/14:10,08/18:23,08/18:27,""1 day, 4:13:00"",MBH,ZZZZ,H02,10,0,0,NML,5,2025"
976.,B738,PKGUF,GIA,GIA349,GIA313,08/17:28,08/17:32,08/18:23,08/18:33,0:51:43,DPS,CGK,004,10,1,1,NML,5,2025
977.,A320,PKLUK,BTK,BTK7503,BTK7502,08/18:13,08/18:18,08/19:07,08/19:17,0:49:00,HLP,HLP,008,10,1,1,NML,5,2025
978.,B738,PKGUH,GIA,GIA320,GIA325,08/17:35,08/17:40,08/18:55,08/19:05,1:15:00,CGK,CGK,005,10,1,1,NML,5,2025
979.,A320,PKGQI,CTV,CTV172,CTV173,08/17:55,08/17:59,08/18:59,08/19:09,1:00:09,HLP,HLP,007,10,1,1,NML,5,2025
980.,B738MAX,9VMBA,SIA,SIA928,SIA929,08/19:09,08/19:09,08/20:04,08/20:16,0:55:00,SIN,SIN,A07,10,1,1,NML,5,2025
981.,A320,PKLUS,BTK,BTK7519,BTK7518,08/19:18,08/19:22,08/20:04,08/20:10,0:42:00,HLP,HLP,010,10,1,1,NML,5,2025
982.,B739,PKLFF,LNI,LNI972,LNI880,08/16:35,08/16:40,08/19:36,08/19:46,2:55:42,BTH,UPG,024,10,0,0,NML,5,2025
983.,B735,PKCLE,SJY,SJY567,SJY562,08/19:25,08/19:32,08/20:12,08/20:16,0:40:00,UPG,UPG,011,10,1,1,NML,5,2025
984.,A320,PKPWK,PAS,PAS202,PAS203,08/18:59,08/19:03,08/19:45,08/19:49,0:42:56,CGK,CGK,006,10,1,1,NML,5,2025
985.,B738,PKGUA,GIA,GIA326,GIA319,08/19:14,08/19:19,08/19:59,08/20:05,0:40:00,CGK,CGK,004,10,1,1,NML,5,2025
986.,A320,PKGQS,CTV,CTV949,CTV9664,08/19:38,08/19:42,08/20:18,08/20:23,0:36:00,BTH,DPS,005,10,1,1,NML,5,2025
987.,A320,PKGLX,CTV,CTV489,CTV693,08/20:00,08/20:03,08/20:38,08/20:44,0:35:00,BDJ,DPS,006,10,1,1,NML,5,2025
988.,A320,PKGLY,CTV,CTV435,CTV737,08/19:12,08/19:16,08/20:14,08/20:16,0:58:00,BPN,CGK,007,10,1,1,NML,5,2025
989.,B738,PKBGZ,BTK,BTK6586,BTK6587,08/19:22,08/19:26,08/20:53,08/21:02,1:27:00,CGK,CGK,009,10,1,1,NML,5,2025
990.,A320,PKGQF,CTV,CTV736,CTV352,08/19:36,08/19:38,08/20:32,08/20:35,0:54:00,CGK,UPG,008,10,1,1,NML,5,2025
991.,A333,ECNOG,SVA,SVA4253,SVA5253,08/18:00,08/18:06,08/20:55,08/21:11,2:49:00,MED,KNO,017,10,1,1,NML,5,2025
992.,A320,PKGLG,CTV,CTV724,CTV354,08/19:56,08/19:59,08/20:56,08/21:08,0:57:00,CGK,UPG,003,10,0,0,NML,5,2025
993.,A320,PKLUY,BTK,BTK6137,BTK6136,08/20:26,08/20:30,08/21:54,08/21:56,1:24:00,UPG,UPG,010,10,1,1,NML,5,2025
994.,A333,ECODQ,SVA,SVA4119,SVA5119,08/20:55,08/21:03,08/23:54,09/00:08,2:51:00,MED,KNO,015,28,1,1,NML,5,2025
995.,A333,ECNYJ,SVA,SVA4121,SVA5121,08/22:50,08/22:54,09/01:37,09/01:45,2:43:00,MED,KNO,017,10,1,1,NML,5,2025
996.,A320,PKLUZ,BTK,BTK7521,BTK6589,08/20:45,08/20:48,09/04:56,09/04:58,8:08:00,HLP,CGK,012,28,1,1,NML,5,2025
997.,A320,PKSTI,SJV,SJV725,SJV610,08/18:06,08/18:11,09/04:58,09/05:00,10:47:00,LBJ,BPN,022,28,0,0,NML,5,2025
998.,B739,PKLJI,LNI,LNI707,LNI878,08/14:20,08/23:44,09/04:57,09/04:59,14:33:00,UPG,AMQ,010,28,1,1,NML,5,2025
999.,A320,PKLUW,BTK,BTK6221,BTK7508,08/20:51,08/20:55,09/05:00,09/05:12,8:05:00,BPN,HLP,014,28,1,1,NML,5,2025
1000.,A320,PKAZU,AWQ,AWQ327,AWQ320,09/00:44,09/00:46,09/05:00,09/05:10,4:14:00,KUL,KUL,A03,28,1,1,NML,5,2025
1001.,A320,PKGQE,CTV,CTV720,CTV430,08/20:20,08/20:25,09/04:50,09/04:56,8:25:00,CGK,BPN,007,28,1,1,NML,5,2025
1002.,B739,PKLFY,LNI,LNI885,LNI786,08/21:09,08/21:17,09/05:03,09/05:06,7:46:00,UPG,UPG,C06,28,0,0,NML,5,2025
1003.,B738,PKGMY,GIA,GIA855,GIA301,08/20:28,08/23:02,09/05:05,09/05:16,8:30:00,SIN,CGK,004,28,1,1,NML,5,2025
1004.,A320,PKBKP,BTK,BTK6578,BTK6132,08/16:18,08/16:26,09/05:12,09/05:14,12:45:20,CGK,LOP,C04,28,0,0,NML,5,2025
1005.,A320,PKGQK,CTV,CTV353,CTV670,09/05:02,09/05:11,09/05:46,09/05:49,0:35:00,UPG,LOP,007,28,1,1,NML,5,2025
1006.,B739,PKLHH,LNI,LNI690,LNI690,09/05:05,09/05:12,09/06:05,09/06:17,0:53:00,CGK,KOE,011,28,1,1,NML,5,2025
1007.,A320,PKGQS,CTV,CTV9665,CTV725,08/22:34,08/22:36,09/05:40,09/05:49,7:04:00,DPS,CGK,006,28,1,1,NML,5,2025
1008.,A333,ECODR,SVA,SVA4335,SVA5335,09/03:20,09/03:22,09/06:05,09/06:21,2:43:00,MED,KNO,015,28,1,1,NML,5,2025
1009.,A320,PKSGB,SJV,SJV643,SJV640,08/15:19,08/15:25,09/05:53,09/06:03,14:28:00,AAP,AAP,025,28,0,0,NML,5,2025
1010.,B738,PKLKP,LNI,LNI727,LNI868,08/17:50,08/17:55,09/06:02,09/06:06,12:07:00,KDI,TTE,021,28,0,0,NML,5,2025
1011.,A320,V8RBC,RBA,RBA795,RBA796,08/20:13,08/20:19,09/06:05,09/06:15,9:46:00,BWN,BWN,A06,28,1,1,NML,5,2025
1012.,A320,PKSTA,SJV,SJV727,SJV706,08/21:22,08/21:25,09/06:05,09/06:09,8:40:00,DPS,DPS,024,28,0,0,NML,5,2025
1013.,A320,PKPWL,PAS,PAS212,PAS213,08/20:37,08/20:42,09/05:52,09/06:00,9:10:00,CGK,CGK,008,28,1,1,NML,5,2025
1014.,A320,PKSJK,SJV,SJV615,SJV566,08/20:50,08/20:51,09/06:48,09/06:55,9:57:02,BPN,PLW,018,28,0,0,NML,5,2025
1015.,A320,PKLAM,BTK,BTK6588,BTK6135,08/21:26,08/21:31,09/06:57,09/07:08,9:26:00,CGK,PKN,009,28,1,1,NML,5,2025
1016.,B739,PKLGY,LNI,LNI311,LNI971,09/06:00,09/06:09,09/06:59,09/07:09,0:50:00,BDJ,BTH,014,28,1,1,NML,5,2025
1017.,C208,PKVVM,SUS,PKVVM,SUS6197,08/09:08,08/09:11,09/07:12,09/07:20,22:01:57,BXW,BXW,C07,28,0,0,NML,5,2025
1018.,B738,PKGMU,GIA,GIA328,GIA305,08/20:09,08/20:13,09/06:59,09/07:12,10:46:00,CGK,CGK,004,28,1,1,NML,5,2025
1019.,B738,PKGNH,GIA,GIA324,GIA854,08/21:03,08/22:45,09/06:57,09/07:10,9:50:00,CGK,SIN,A02,28,1,1,NML,5,2025
1020.,B739,PKLGL,LNI,LNI363,LNI646,09/06:15,09/06:23,09/07:15,09/07:27,0:52:47,BPN,LOP,011,28,1,1,NML,5,2025
1021.,A320,PKLUT,BTK,BTK7511,BTK7510,09/06:27,09/06:34,09/07:23,09/07:33,0:49:00,HLP,HLP,008,28,1,1,NML,5,2025
1022.,A320,PKAZJ,AWQ,AWQ325,AWQ392,08/19:11,08/19:14,09/07:19,09/07:30,12:05:00,KUL,JHB,A01,28,1,1,NML,5,2025
1023.,A320,PKGLX,CTV,CTV690,CTV460,09/06:58,09/07:04,09/07:49,09/07:58,0:45:00,DPS,AAP,005,28,1,1,NML,5,2025
1024.,B739,PKLSP,LNI,LNI693,LNI693,09/07:02,09/07:11,09/08:03,09/08:15,0:52:00,KOE,CGK,010,28,1,1,NML,5,2025
1025.,A320,PKGLV,CTV,CTV170,CTV175,09/07:25,09/07:32,09/08:15,09/08:36,0:43:00,HLP,HLP,007,28,1,1,NML,5,2025
1026.,A320,PKGLY,CTV,CTV712,CTV713,09/07:18,09/07:24,09/08:09,09/08:20,0:45:54,CGK,CGK,006,28,1,1,NML,5,2025
1027.,A333,BHLV,CPA,CPA779,CPA780,08/17:43,08/17:48,09/08:15,09/08:34,14:27:00,HKG,HKG,A08,28,1,1,NML,5,2025
1028.,B739,PKLQS,LNI,LNI267D,LNI990,09/10:08,09/10:13,09/11:29,09/11:38,1:16:00,SRG,DPS,011,10,1,1,NML,5,2025
1029.,A320,PKBKU,BTK,BTK6572,BTK6573,09/07:45,09/07:50,09/08:46,09/08:56,0:56:00,CGK,CGK,009,10,1,1,NML,5,2025
1030.,B738,PKLBS,MXD,MXD352,MXD353,08/19:31,08/19:34,09/08:50,09/08:59,13:16:00,KUL,KUL,A04,10,1,1,NML,5,2025
1031.,B739,PKLHM,LNI,LNI315,LNI222,09/08:15,09/08:20,09/09:15,09/09:29,0:54:38,BDJ,BDJ,018,10,0,0,NML,5,2025
1032.,A320,PKBKP,BTK,BTK6133,BTK6391,09/07:50,09/07:53,09/08:42,09/08:54,0:49:00,LOP,CGK,011,10,1,1,NML,5,2025
1033.,A320,PKGQN,CTV,CTV355,CTV171,09/07:37,09/07:43,09/08:50,09/09:03,1:07:00,UPG,HLP,008,10,1,1,NML,5,2025
1034.,B739,PKLGO,LNI,LNI929,LNI856,09/06:43,09/06:50,09/08:57,09/09:07,2:07:00,DPS,PLM,012,10,1,1,NML,5,2025
"1035.,A320,PKSJQ,SJV,SJV615,SJV618,07/20:40,08/12:50,09/09:08,09/09:16,""1 day, 12:22:00"",BPN,BPN,026,10,0,0,NML,5,2025"
1036.,B738,PKLOP,LNI,LNI837,LNI748,09/08:12,09/08:17,09/09:13,09/09:27,0:55:29,PNK,MDC,15A,10,0,0,NML,5,2025
1037.,A320,PKGQK,CTV,CTV671,CTV486,09/08:25,09/08:34,09/09:08,09/09:23,0:34:00,LOP,BDJ,006,10,1,1,NML,5,2025
1038.,B739,PKLFW,LNI,LNI683,LNI682,09/07:57,09/08:02,09/09:08,09/09:18,1:06:00,PKY,PKY,014,10,1,1,NML,5,2025
1039.,B738,PKGNM,GIA,GIA304,GIA342,09/08:20,09/08:28,09/09:20,09/09:32,0:52:00,CGK,DPS,004,10,1,1,NML,5,2025
1040.,A320,PKPWE,PAS,PAS200,PAS201,09/08:23,09/08:29,09/09:14,09/09:31,0:45:00,CGK,CGK,005,10,1,1,NML,5,2025
1041.,A320,PKSTI,SJV,SJV611,SJV642,09/08:42,09/08:46,09/09:32,09/09:46,0:46:00,BPN,AAP,15B,10,0,0,NML,5,2025
1042.,A320,PKSTA,SJV,SJV703,SJV702,09/08:36,09/08:40,09/09:41,09/09:50,1:01:00,DPS,DPS,010,10,1,1,NML,5,2025
1043.,B738,9MMXO,MAS,MAS871,MAS870,09/09:10,09/09:16,09/10:12,09/10:20,0:56:00,KUL,KUL,A07,10,1,1,NML,5,2025
1044.,A359,9VSHP,SIA,SIA922,SIA923,09/09:02,09/09:07,09/10:06,09/10:15,0:59:00,SIN,SIN,A08,10,1,1,NML,5,2025
1045.,A320,PKBKR,BTK,BTK6584,BTK6585,09/10:47,09/10:50,09/11:55,09/12:08,1:05:00,CGK,CGK,007,10,1,1,NML,5,2025
1046.,A320,PKGTA,CTV,CTV351,CTV350,09/09:35,09/09:38,09/10:14,09/10:24,0:36:00,UPG,UPG,007,10,1,1,NML,5,2025
1047.,A320,PKSJG,SJV,SJV619,SJV632,08/16:30,08/16:37,09/10:26,09/10:40,17:48:39,BPN,BDJ,C05,10,0,0,NML,5,2025
1048.,A320,PKGQU,CTV,CTV722,CTV723,09/09:21,09/09:26,09/10:25,09/10:36,0:59:00,CGK,CGK,008,10,1,1,NML,5,2025
1049.,B739,PKLFO,LNI,LNI865,LNI706,08/18:33,08/18:35,09/11:51,09/11:58,17:15:18,LOP,UPG,020,10,0,0,NML,5,2025
1050.,A320,9VTRS,TGW,TGW296,TGW297,09/09:41,09/09:46,09/10:40,09/10:55,0:54:23,SIN,SIN,A03,10,1,1,NML,5,2025
1051.,B739,PKLHS,LNI,LNI970,LNI973,09/09:45,09/09:49,09/10:51,09/11:02,1:02:00,BTH,BTH,014,10,1,1,NML,5,2025
1052.,A320,PKPWL,PAS,PAS210,PAS211,09/09:26,09/09:28,09/10:28,09/10:45,1:00:58,CGK,CGK,005,10,1,1,NML,5,2025
1053.,A320,PKLAM,BTK,BTK6134,BTK6346,09/09:49,09/09:52,09/11:02,09/11:16,1:10:00,PKN,BEJ,009,10,1,1,NML,5,2025
1054.,A320,PKBLA,BTK,BTK7513,BTK7516,09/10:39,09/10:42,09/11:37,09/11:50,0:55:42,HLP,HLP,008,10,1,1,NML,5,2025
1055.,B739,PKLGL,LNI,LNI645,LNI822,09/10:15,09/10:19,09/11:09,09/11:15,0:50:57,LOP,LOP,010,10,1,1,NML,5,2025
1056.,A320,PKLAI,BTK,BTK6582,BTK6581,09/10:54,09/10:58,09/12:03,09/12:15,1:05:00,CGK,CGK,014,10,1,1,NML,5,2025
1057.,B739,PKLSO,LNI,LNI694,LNI694,09/10:24,09/10:27,09/11:24,09/11:35,0:57:00,CGK,KOE,012,10,1,1,NML,5,2025
1058.,B739,PKLSR,LNI,LNI791,LNI697,09/10:27,09/10:32,09/11:39,09/11:55,1:06:04,UPG,CGK,021,10,0,0,NML,5,2025
1059.,A320,PKAZU,AWQ,AWQ321,AWQ322,09/11:03,09/11:08,09/11:41,09/11:57,0:33:24,KUL,KUL,A03,10,1,1,NML,5,2025
1060.,A320,PKGLX,CTV,CTV461,CTV698,09/11:21,09/11:23,09/12:10,09/12:18,0:47:05,AAP,DPS,005,10,1,1,NML,5,2025
1061.,B738,PKGUI,GIA,GIA322,GIA327,09/10:05,09/10:07,09/11:30,09/11:45,1:23:59,CGK,CGK,004,10,1,1,NML,5,2025
1062.,A320,PKLUT,BTK,BTK7517,BTK7520,09/11:00,09/11:04,09/11:59,09/12:10,0:55:08,HLP,HLP,15B,10,0,0,NML,5,2025
1063.,B739,PKLHH,LNI,LNI697,LNI804,09/10:43,09/10:47,09/15:50,09/15:59,5:02:47,KOE,DPS,15A,10,0,0,NML,5,2025
1064.,B738MAX,9MLRV,MXD,MXD350,MXD351,09/11:34,09/11:39,09/12:25,09/12:35,0:46:00,KUL,KUL,A04,10,1,1,NML,5,2025
1065.,A320,PKGQL,CTV,CTV9692,CTV9693,09/11:26,09/11:29,09/12:22,09/12:33,0:53:00,DPS,DPS,006,10,1,1,NML,5,2025
1066.,B739,PKLQS,LNI,LNI805,LNI780,09/14:31,09/14:36,09/15:57,09/16:05,1:21:00,DPS,UPG,012,10,1,1,NML,5,2025
1067.,B739,PKLHY,LNI,LNI223,LNI680,09/13:16,09/13:56,09/14:49,09/15:15,0:53:00,BDJ,PKY,014,28,1,1,NML,5,2025
1068.,A320,PKPWA,PAS,PAS204,PAS205,09/12:01,09/12:04,09/13:28,09/13:36,1:24:47,CGK,CGK,004,28,1,1,NML,5,2025
1069.,B738,PKLKP,LNI,LNI869,LNI722,09/12:29,09/12:34,09/14:59,09/15:06,2:25:21,TTE,KDI,010,10,1,1,NML,5,2025
1070.,A320,PKAZJ,AWQ,AWQ393,AWQ324,09/12:15,09/12:20,09/13:23,09/13:28,1:03:00,JHB,KUL,A03,28,1,1,NML,5,2025
1071.,A320,PKGQK,CTV,CTV487,CTV668,09/12:10,09/12:15,09/13:19,09/13:25,1:04:00,BDJ,DPS,007,28,1,1,NML,5,2025
1072.,B738,PKLOJ,LNI,LNI839,LNI836,09/12:52,09/12:56,09/14:06,09/14:15,1:10:00,PNK,PNK,012,28,1,1,NML,5,2025
1073.,A320,PKGQP,CTV,CTV716,CTV717,09/13:02,09/13:05,09/14:04,09/14:09,0:59:50,CGK,CGK,006,28,1,1,NML,5,2025
1074.,A320,PKSJK,SJV,SJV567,SJV726,09/11:39,09/11:44,09/14:33,09/14:37,2:49:00,PLW,LBJ,026,28,0,0,NML,5,2025
1075.,A320,PKGQE,CTV,CTV431,CTV948,09/13:42,09/13:46,09/14:28,09/14:38,0:42:00,BPN,BTH,007,28,1,1,NML,5,2025
1076.,B739,PKLGO,LNI,LNI857,LNI910,09/13:39,09/13:49,09/14:49,09/15:05,1:00:00,PLM,DPS,011,10,1,1,NML,5,2025
1077.,B738,PKGFF,GIA,GIA312,GIA317,09/13:50,09/14:00,09/15:00,09/15:15,1:00:35,CGK,CGK,004,10,1,1,NML,5,2025
1078.,A320,9VJSJ,JSA,JSA247,JSA248,09/14:00,09/14:07,09/14:57,09/15:02,0:50:00,SIN,SIN,A06,10,1,1,NML,5,2025
1079.,A320,PKLUS,BTK,BTK7515,BTK7514,09/14:44,09/14:54,09/15:51,09/15:58,0:57:00,HLP,HLP,008,10,1,1,NML,5,2025
1080.,A320,PKPWK,PAS,PAS208,PAS209,09/13:57,09/14:07,09/14:55,09/14:59,0:48:00,CGK,CGK,005,28,1,1,NML,5,2025
1081.,B738,PKGFU,GIA,GIA330,GIA331,09/14:09,09/14:19,09/15:19,09/15:23,1:00:00,HLP,HLP,006,10,1,1,NML,5,2025
1082.,B739,PKLGL,LNI,LNI823,LNI642,09/13:52,09/14:02,09/15:08,09/15:16,1:05:48,LOP,LOP,020,10,0,0,NML,5,2025
1083.,A320,PKSTI,SJV,SJV641,SJV614,09/13:42,09/13:52,09/15:24,09/15:29,1:31:49,AAP,BPN,021,10,0,0,NML,5,2025
1084.,B739,PKLSH,LNI,LNI972,LNI920,09/18:11,09/18:16,09/19:09,09/19:22,0:53:00,BTH,DPS,014,10,1,1,NML,5,2025
1085.,A320,PKLUT,BTK,BTK7501,BTK7512,09/15:07,09/15:17,09/16:11,09/16:25,0:53:59,HLP,HLP,009,10,1,1,NML,5,2025
1086.,A320,PKGLX,CTV,CTV699,CTV434,09/14:37,09/14:47,09/15:35,09/15:38,0:48:00,DPS,BPN,007,10,1,1,NML,5,2025
1087.,B739,PKLSU,LNI,LNI787,LNI581,09/13:38,09/13:43,09/15:59,09/16:08,2:15:01,UPG,CGK,15B,10,0,0,NML,5,2025
1088.,A320,PKSGB,SJV,SJV643,SJV672,09/14:48,09/14:58,09/17:01,09/17:06,2:03:00,AAP,BEJ,011,10,1,1,NML,5,2025
1089.,A320,PKBLC,BTK,BTK6596,BTK6595,09/16:05,09/16:10,09/17:08,09/17:16,0:58:00,CGK,CGK,010,10,1,1,NML,5,2025
1090.,B739,PKLJI,LNI,LNI879,LNI260,09/16:27,09/16:31,09/17:27,09/17:29,0:56:00,AMQ,BPN,012,10,1,1,NML,5,2025
1091.,A320,PKLUQ,BTK,BTK6406,BTK6401,09/17:03,09/17:08,09/18:01,09/18:12,0:53:00,CGK,CGK,009,10,1,1,NML,5,2025
1092.,B738MAX,9VMBH,SIA,SIA926,SIA927,09/15:23,09/15:33,09/16:22,09/16:28,0:49:00,SIN,SIN,A08,10,1,1,NML,5,2025
1093.,B738,PKGMY,GIA,GIA310,GIA315,09/15:09,09/15:19,09/16:30,09/16:38,1:11:00,CGK,CGK,004,10,1,1,NML,5,2025
1094.,A320,PKSAZ,SJV,SJV715,SJV714,09/18:09,09/18:12,09/19:08,09/19:19,0:56:00,LOP,LOP,010,10,1,1,NML,5,2025
1095.,B739,PKLHY,LNI,LNI681,LNI316,09/17:56,09/18:00,09/18:52,09/19:03,0:52:00,PKY,BDJ,15A,10,0,0,NML,5,2025
1096.,B739,PKLSO,LNI,LNI695,LNI268,09/16:16,09/16:20,09/17:05,09/17:11,0:45:00,KOE,TRK,014,10,1,1,NML,5,2025
1097.,A320,PKPWM,PAS,PAS206,PAS623,09/15:41,09/15:46,09/16:39,09/16:49,0:53:00,CGK,BPN,005,10,1,1,NML,5,2025
1098.,A320,PKGQN,CTV,CTV174,CTV721,09/16:01,09/16:06,09/16:55,09/17:05,0:49:00,HLP,CGK,007,10,1,1,NML,5,2025
1099.,B739,PKLSP,LNI,LNI692,LNI692,09/16:43,09/16:50,09/17:36,09/17:39,0:46:00,CGK,KOE,15A,10,0,0,NML,5,2025
1100.,A320,PKGQL,CTV,CTV669,CTV488,09/16:18,09/16:22,09/17:01,09/17:08,0:39:00,DPS,BDJ,006,10,1,1,NML,5,2025
1101.,B739,PKLHH,LNI,LNI919,LNI226,09/18:42,09/18:47,09/19:38,09/19:45,0:51:00,DPS,BDJ,012,28,1,1,NML,5,2025
1102.,B738,PKLOP,LNI,LNI749,LNI838,09/15:20,09/15:25,09/19:01,09/19:14,3:36:00,MDC,PNK,022,10,0,0,NML,5,2025
1103.,A320,PKAZU,AWQ,AWQ323,AWQ326,09/17:25,09/17:31,09/18:12,09/18:20,0:41:00,KUL,KUL,A03,10,1,1,NML,5,2025
1104.,B739,PKLGO,LNI,LNI923,LNI3318,09/18:32,09/18:38,09/19:19,09/19:25,0:41:07,DPS,BDJ,020,10,0,0,NML,5,2025
1105.,A320,PKSJO,SJV,SJV619,SJV708,09/16:07,09/16:16,09/19:39,09/19:47,3:23:00,BPN,DPS,C03,28,0,0,NML,5,2025
1106.,A320,PKPWL,PAS,PAS622,PAS207,09/17:10,09/17:13,09/18:09,09/18:16,0:56:00,BPN,CGK,006,10,1,1,NML,5,2025
1107.,B738,PKGNM,GIA,GIA349,GIA313,09/17:40,09/17:45,09/18:44,09/18:55,0:59:00,DPS,CGK,005,10,1,1,NML,5,2025
1108.,A320,PKBLA,BTK,BTK7503,BTK7579,09/18:49,09/18:55,09/19:57,09/20:07,1:02:00,HLP,CGK,011,28,1,1,NML,5,2025
1109.,A320,PKSJK,SJV,SJV725,SJV716,09/18:17,09/18:28,09/19:24,09/19:25,0:56:26,LBJ,LOP,021,10,0,0,NML,5,2025
1110.,B738,PKCRI,SJY,SJY567,SJY562,09/18:08,09/18:09,09/18:52,09/19:05,0:43:00,UPG,UPG,011,10,1,1,NML,5,2025
1111.,A320,PKLAT,BTK,BTK6578,BTK7502,09/16:56,09/17:00,09/20:11,09/20:20,3:11:00,CGK,HLP,15B,28,0,0,NML,5,2025
1112.,B738,PKGUI,GIA,GIA320,GIA325,09/17:21,09/17:25,09/19:01,09/19:12,1:36:00,CGK,CGK,004,10,1,1,NML,5,2025
1113.,A320,PKGQI,CTV,CTV172,CTV173,09/18:01,09/18:06,09/18:59,09/19:10,0:53:00,HLP,HLP,008,10,1,1,NML,5,2025
1114.,B738MAX,9VMBD,SIA,SIA928,SIA929,09/18:29,09/18:36,09/19:39,09/19:57,1:03:00,SIN,SIN,A06,28,1,1,NML,5,2025
1115.,A320,PKGLG,CTV,CTV949,CTV9664,09/18:38,09/18:41,09/19:17,09/19:19,0:36:00,BTH,DPS,007,10,1,1,NML,5,2025
1116.,A320,PKGQS,CTV,CTV489,CTV693,09/19:15,09/19:25,09/20:06,09/21:56,0:41:00,BDJ,DPS,008,28,1,1,NML,5,2025
1117.,B788,9VOFB,TGW,TGW266,TGW267,09/19:30,09/19:39,09/20:44,09/20:54,1:05:00,SIN,SIN,A07,28,1,1,NML,5,2025
1118.,B739,PKLHP,LNI,LNI885,LNI880,09/19:05,09/19:15,09/20:23,09/20:31,1:08:00,UPG,UPG,014,28,1,1,NML,5,2025
1119.,A320,PKLUT,BTK,BTK7519,BTK7518,09/19:48,09/19:56,09/20:41,09/20:51,0:45:00,HLP,HLP,009,28,1,1,NML,5,2025
1120.,A320,PKGQQ,CTV,CTV736,CTV352,09/19:06,09/19:16,09/19:53,09/20:03,0:36:59,CGK,UPG,004,28,1,1,NML,5,2025
1121.,A320,PKPWE,PAS,PAS202,PAS203,09/18:54,09/18:55,09/19:46,09/19:56,0:51:00,CGK,CGK,006,28,1,1,NML,5,2025
1122.,B738,PKGFF,GIA,GIA326,GIA319,09/18:54,09/18:59,09/20:00,09/20:11,1:01:00,CGK,CGK,005,28,1,1,NML,5,2025
1123.,A320,PKSTI,SJV,SJV617,SJV616,09/19:00,09/19:09,09/20:08,09/20:19,0:58:25,BPN,BPN,15A,28,0,0,NML,5,2025
1124.,A320,PKGLX,CTV,CTV435,CTV737,09/19:24,09/19:28,09/20:17,09/20:26,0:49:00,BPN,CGK,007,28,1,1,NML,5,2025
1125.,A320,PKBKG,BTK,BTK6586,BTK6587,09/22:24,09/22:28,09/23:19,09/23:21,0:51:00,CGK,CGK,009,10,1,1,NML,5,2025
1126.,A320,PKGQO,CTV,CTV724,CTV354,09/20:26,09/20:41,09/21:21,09/21:31,0:40:00,CGK,UPG,007,28,1,1,NML,5,2025
1127.,A320,PKLUR,BTK,BTK6137,BTK6136,09/20:17,09/20:22,09/21:58,09/22:07,1:36:00,UPG,UPG,011,28,1,1,NML,5,2025
"1128.,BE20,PKCAO,DPU,PKCAO,PKCAO,08/17:38,08/17:42,09/22:02,09/22:10,""1 day, 4:20:00"",ZZZZ,ZZZZ,029,10,0,0,NML,5,2025"
1129.,A333,ECNOF,SVA,SVA4245,SVA5245,09/21:06,09/21:13,09/23:34,09/23:44,2:21:00,MED,KNO,017,10,1,1,NML,5,2025
1130.,A333,ECNOG,SVA,SVA4285,SVA5285,10/00:40,10/00:45,10/03:34,10/03:46,2:49:00,MED,KNO,017,10,1,1,NML,5,2025
1131.,B738,PKLKV,LNI,LNI709,LNI878,09/16:12,09/16:18,10/05:13,10/05:23,12:55:00,UPG,AMQ,024,10,0,0,NML,5,2025
1132.,A320,PKLUQ,BTK,BTK6588,BTK7508,09/21:55,09/22:00,10/04:57,10/05:07,6:57:00,CGK,HLP,010,10,1,1,NML,5,2025
1133.,A320,PKAZJ,AWQ,AWQ325,AWQ320,09/19:05,09/19:09,10/05:01,10/05:11,9:52:00,KUL,KUL,A01,10,1,1,NML,5,2025
1134.,B739,PKLGL,LNI,LNI865,LNI786,09/18:18,09/18:23,10/05:24,10/05:34,11:01:00,LOP,UPG,C06,10,0,0,NML,5,2025
1135.,B738,PKGUD,GIA,GIA328,GIA301,09/20:12,09/20:17,10/05:10,10/05:20,8:53:00,CGK,CGK,005,10,1,1,NML,5,2025
1136.,A320,PKGQG,CTV,CTV720,CTV430,09/21:12,09/21:18,10/04:52,10/05:02,7:34:00,CGK,BPN,008,10,1,1,NML,5,2025
1137.,A320,PKLUU,BTK,BTK7521,BTK6132,09/22:43,09/22:53,10/05:20,10/05:30,6:27:00,HLP,LOP,011,10,1,1,NML,5,2025
1138.,B739,PKLFO,LNI,LNI690,LNI690,10/05:02,10/05:07,10/05:58,10/06:08,0:51:00,CGK,KOE,010,10,1,1,NML,5,2025
1139.,A320,PKGLG,CTV,CTV9665,CTV725,09/21:53,09/21:57,10/05:38,10/05:48,7:41:00,DPS,CGK,007,10,1,1,NML,5,2025
1140.,A320,PKGQO,CTV,CTV353,CTV670,10/05:07,10/05:13,10/05:50,10/06:00,0:37:00,UPG,LOP,008,10,1,1,NML,5,2025
1141.,A320,PKSJG,SJV,SJV633D,SJV706,09/16:30,09/16:34,10/06:01,10/06:12,13:27:00,SRG,DPS,025,10,0,0,NML,5,2025
1142.,A320,PKSJQ,SJV,SJV615,SJV640,09/20:48,09/20:52,10/06:05,10/06:09,9:13:00,BPN,AAP,021,28,0,0,NML,5,2025
1143.,A320,V8RBA,RBA,RBA795,RBA796,09/19:54,09/19:57,10/05:56,10/06:06,9:59:00,BWN,BWN,A06,10,1,1,NML,5,2025
1144.,A320,PKLAM,BTK,BTK6347,BTK6589,09/15:44,09/15:49,10/06:10,10/06:18,14:21:00,BEJ,CGK,026,10,0,0,NML,5,2025
1145.,B739,PKLHH,LNI,LNI3319,LNI266,09/22:34,09/22:39,10/06:02,10/06:09,7:23:00,BDJ,BPN,C03,10,0,0,NML,5,2025
1146.,B738,PKLKP,LNI,LNI727,LNI868,09/19:29,09/19:35,10/06:09,10/06:18,10:34:00,KDI,TTE,C04,10,0,0,NML,5,2025
1147.,A320,PKPWN,PAS,PAS212,PAS213,09/20:52,09/20:57,10/05:59,10/06:10,9:02:00,CGK,CGK,006,28,1,1,NML,5,2025
1148.,A320,PKAZU,AWQ,AWQ327,AWQ386,10/00:05,10/00:10,10/06:04,10/06:09,5:54:00,KUL,PEN,A07,28,1,1,NML,5,2025
1149.,A320,PKBKY,BTK,BTK6413,BTK6412,09/20:14,09/20:17,10/06:30,10/06:34,10:13:00,DPS,DPS,022,28,0,0,NML,5,2025
1150.,A320,PKSAO,SJV,SJV727,SJV634,10/00:02,10/00:06,10/06:23,10/06:28,6:17:00,DPS,BDJ,012,10,1,1,NML,5,2025
1151.,B733F,PKMYV,MYU,MYU935,MYU934,09/08:52,09/08:59,10/06:41,10/06:50,21:42:00,SRG,SIN,C02,28,0,0,NML,5,2025
1152.,B738MAX,PKOFM,AFE,AFE921,AFE921,10/05:58,10/06:05,10/06:48,10/06:49,0:43:00,CGK,TIM,005,28,1,1,NML,5,2025
1153.,A320,PKSTH,SJV,SJV717,SJV566,10/05:54,10/06:01,10/06:58,10/07:05,0:57:00,LOP,PLW,011,28,1,1,NML,5,2025
1154.,A320,PKLUJ,BTK,BTK6594,BTK6135,09/21:31,09/21:36,10/06:54,10/07:04,9:18:00,CGK,PKN,014,28,1,1,NML,5,2025
"1155.,B412,PKPUJ,PAS,PKPUJ,PKPUJ,08/13:49,08/13:52,10/07:09,10/07:15,""1 day, 17:16:43"",SRG,MBH,H05,28,0,0,NML,5,2025"
1156.,C208,PKVVM,SUS,PKVVM,SUS6197,09/09:14,09/09:17,10/07:13,10/07:16,21:56:00,BXW,BXW,C07,28,0,0,NML,5,2025
1157.,B738,PKGFH,GIA,GIA324,GIA305,09/21:19,09/21:26,10/06:58,10/07:02,9:32:00,CGK,CGK,004,28,1,1,NML,5,2025
1158.,B738,PKGMU,GIA,GIA855,GIA854,09/20:59,09/21:02,10/06:57,10/07:05,9:55:00,SIN,SIN,A02,28,1,1,NML,5,2025
1159.,B739,PKLJI,LNI,LNI363,LNI971,10/06:22,10/06:27,10/07:33,10/07:36,1:06:00,BPN,BTH,021,28,0,0,NML,5,2025
1160.,B739,PKLGO,LNI,LNI311,LNI646,10/06:00,10/06:07,10/07:24,10/07:28,1:17:00,BDJ,LOP,010,28,1,1,NML,5,2025
1161.,A320,PKLUW,BTK,BTK7511,BTK7510,10/06:40,10/06:45,10/07:28,10/07:33,0:43:00,HLP,HLP,008,28,1,1,NML,5,2025
1162.,A333,ECODQ,SVA,SVA4181,SVA5181,10/04:29,10/04:34,10/07:33,10/07:38,2:59:00,MED,KNO,015,28,1,1,NML,5,2025
1163.,A320,PKGQS,CTV,CTV690,CTV460,10/06:58,10/07:01,10/07:37,10/07:45,0:36:00,DPS,AAP,005,28,1,1,NML,5,2025
1164.,B739,PKLSP,LNI,LNI693,LNI693,10/06:50,10/06:54,10/09:00,10/09:05,2:06:00,KOE,CGK,022,28,0,0,NML,5,2025
1165.,B739,PKLSH,LNI,LNI929,LNI982,10/06:45,10/06:50,10/07:50,10/07:56,1:00:00,DPS,PKU,012,28,1,1,NML,5,2025
1166.,A21N,B32FT,CSN,CSN8137,CSN8138,09/21:24,09/21:28,10/07:42,10/07:49,10:14:00,CAN,CAN,A03,28,1,1,NML,5,2025
1167.,A320,PKGLV,CTV,CTV170,CTV175,10/07:10,10/07:14,10/07:56,10/08:05,0:42:00,HLP,HLP,007,28,1,1,NML,5,2025
1168.,A320,PKGQP,CTV,CTV712,CTV713,10/07:18,10/07:21,10/08:05,10/08:09,0:44:00,CGK,CGK,006,28,1,1,NML,5,2025
1169.,A333,BHLO,CPA,CPA779,CPA780,09/18:14,09/18:21,10/08:20,10/08:26,13:59:00,HKG,HKG,A08,28,1,1,NML,5,2025
1170.,B739,PKLSO,LNI,LNI267,LNI990,10/07:05,10/07:10,10/08:16,10/08:25,1:06:00,TRK,DPS,009,28,1,1,NML,5,2025
"1171.,DHC6,PKICP,PGT,PKICP,PKICP,08/11:16,08/11:20,10/07:56,10/08:03,""1 day, 20:36:00"",PAG,PAG,028,28,0,0,NML,5,2025"
1172.,A320,PKBKQ,BTK,BTK6572,BTK6573,10/08:17,10/08:23,10/08:58,10/09:05,0:35:00,CGK,CGK,008,28,1,1,NML,5,2025
1173.,B738,PKLZZ,MXD,MXD352,MXD353,09/20:01,09/20:05,10/08:40,10/08:46,12:35:00,KUL,KUL,A04,28,1,1,NML,5,2025
1174.,A333,ECNYJ,SVA,SVA4123,SVA5123,10/05:45,10/05:51,10/08:33,10/08:42,2:42:00,MED,KNO,017,28,1,1,NML,5,2025
1175.,A320,PKGQQ,CTV,CTV355,CTV171,10/07:41,10/07:47,10/08:36,10/08:46,0:49:00,UPG,HLP,010,28,1,1,NML,5,2025
1176.,B739,PKLHY,LNI,LNI315,LNI222,10/08:00,10/08:01,10/08:58,10/09:05,0:57:00,BDJ,BDJ,014,28,1,1,NML,5,2025
1177.,A320,PKLUU,BTK,BTK6133,BTK6391,10/07:50,10/07:54,10/08:49,10/09:06,0:55:00,LOP,CGK,011,28,1,1,NML,5,2025
1178.,A320,PKSGB,SJV,SJV673,SJV618,09/21:27,09/21:32,10/09:02,10/09:06,11:30:00,BEJ,BPN,020,10,0,0,NML,5,2025
"1179.,AW139,PKTVN,TVR,PKTVN,PKTVN,08/19:44,08/19:46,10/09:38,10/09:45,""1 day, 13:51:32"",ZZZZ,ZZZZ,H02,10,0,0,NML,5,2025"
1180.,B738,PKLOP,LNI,LNI837,LNI748,10/08:06,10/08:11,10/09:13,10/09:20,1:02:00,PNK,MDC,15A,10,0,0,NML,5,2025
1181.,A320,9VJSV,JSA,JSA249,JSA250,10/08:14,10/08:17,10/09:14,10/09:23,0:57:00,SIN,SIN,A06,10,1,1,NML,5,2025
1182.,A320,PKGQO,CTV,CTV671,CTV486,10/08:24,10/08:29,10/09:12,10/09:15,0:43:00,LOP,BDJ,007,10,1,1,NML,5,2025
1183.,B739,PKLFW,LNI,LNI683,LNI682,10/08:02,10/08:07,10/09:07,10/09:15,1:00:00,PKY,PKY,012,10,1,1,NML,5,2025
1184.,B738,PKGNC,GIA,GIA304,GIA342,10/08:20,10/08:25,10/09:24,10/09:28,0:59:00,CGK,DPS,004,10,1,1,NML,5,2025
1185.,A320,PKPWK,PAS,PAS200,PAS201,10/08:10,10/08:16,10/09:20,10/09:25,1:04:00,CGK,CGK,005,10,1,1,NML,5,2025
1186.,A320,PKSJG,SJV,SJV703,SJV702,10/08:33,10/08:33,10/09:29,10/10:06,0:56:00,DPS,DPS,021,10,0,0,NML,5,2025
1187.,C208,PKVVM,SUS,PKVVM,PKVVM,10/09:10,10/09:14,10/09:42,10/09:46,0:28:00,BXW,CJN,C07,10,0,0,NML,5,2025
1188.,B738,9MMLM,MAS,MAS871,MAS870,10/09:15,10/09:22,10/10:14,10/10:16,0:52:00,KUL,KUL,A07,10,1,1,NML,5,2025
1189.,A359,9VSHJ,SIA,SIA922,SIA923,10/09:04,10/09:07,10/10:05,10/10:10,0:58:00,SIN,SIN,A08,10,1,1,NML,5,2025
1190.,A320,PKBLA,BTK,BTK6584,BTK6585,10/09:33,10/09:36,10/10:40,10/10:45,1:04:00,CGK,CGK,010,10,1,1,NML,5,2025
1191.,A320,PKGLR,CTV,CTV351,CTV350,10/09:47,10/09:50,10/10:35,10/10:45,0:45:00,UPG,UPG,006,10,1,1,NML,5,2025
1192.,B739,PKLGL,LNI,LNI791,LNI706,10/09:53,10/09:56,10/10:50,10/10:57,0:54:00,UPG,UPG,011,10,1,1,NML,5,2025
1193.,B739,PKLHH,LNI,LNI367,LNI262,10/09:50,10/09:54,10/10:47,10/11:00,0:53:00,BPN,BPN,012,10,1,1,NML,5,2025
1194.,A20N,9VTNF,TGW,TGW296,TGW297,10/09:36,10/09:42,10/10:30,10/10:36,0:48:00,SIN,SIN,A02,10,1,1,NML,5,2025
1195.,B739,PKLHS,LNI,LNI970,LNI973,10/10:23,10/10:28,10/11:24,10/11:28,0:56:00,BTH,BTH,014,10,1,1,NML,5,2025
1196.,A320,PKLUJ,BTK,BTK6134,BTK6346,10/09:41,10/09:46,10/10:43,10/10:53,0:57:00,PKN,BEJ,009,10,1,1,NML,5,2025
1197.,A320,PKLUT,BTK,BTK7513,BTK7516,10/09:38,10/10:01,10/10:46,10/10:49,0:45:00,HLP,HLP,008,10,1,1,NML,5,2025
1198.,A320,PKSJQ,SJV,SJV641,SJV642,10/10:01,10/10:11,10/11:03,10/11:06,0:52:00,AAP,AAP,15A,10,0,0,NML,5,2025
1199.,B739,PKLGO,LNI,LNI645,LNI822,10/10:16,10/10:22,10/11:25,10/11:30,1:03:00,LOP,LOP,15B,10,0,0,NML,5,2025
1200.,A320,PKAZJ,AWQ,AWQ321,AWQ322,10/10:49,10/10:55,10/11:32,10/11:38,0:37:00,KUL,KUL,A03,10,1,1,NML,5,2025
1201.,B738,PKGFP,GIA,GIA322,GIA327,10/10:00,10/10:04,10/11:38,10/11:45,1:34:00,CGK,CGK,004,10,1,1,NML,5,2025
1202.,B738,9MLDG,MXD,MXD350,MXD351,10/11:06,10/11:11,10/12:01,10/12:06,0:50:00,KUL,KUL,A04,10,1,1,NML,5,2025
1203.,B739,PKLGU,LNI,LNI805,LNI804,10/11:10,10/11:15,10/12:14,10/12:16,0:59:00,DPS,DPS,010,10,1,1,NML,5,2025
1204.,A320,PKSAL,SJV,SJV363,SJV362,10/11:01,10/11:05,10/12:06,10/12:15,1:01:00,KNO,KNO,009,10,1,1,NML,5,2025
1205.,B738,PKLZV,BTK,BTK6582,BTK7520,10/11:32,10/11:35,10/12:26,10/12:30,0:51:00,CGK,HLP,008,10,1,1,NML,5,2025
1206.,A320,PKGQS,CTV,CTV461,CTV698,10/11:16,10/11:20,10/11:56,10/12:00,0:36:00,AAP,DPS,006,10,1,1,NML,5,2025
1207.,A320,PKLAW,BTK,BTK7517,BTK6581,10/10:43,10/10:46,10/12:12,10/12:16,1:26:00,HLP,CGK,007,10,1,1,NML,5,2025
1208.,A320,PKGQE,CTV,CTV9692,CTV9693,10/11:25,10/11:30,10/12:19,10/12:20,0:49:00,DPS,DPS,005,10,1,1,NML,5,2025
1209.,B739,PKLHY,LNI,LNI223,LNI680,10/11:52,10/11:57,10/12:51,10/13:01,0:54:00,BDJ,PKY,012,10,1,1,NML,5,2025
1210.,B739,PKLSU,LNI,LNI694,LNI694,10/11:39,10/11:43,10/12:41,10/12:51,0:58:00,CGK,KOE,011,10,1,1,NML,5,2025
1211.,B739,PKLFO,LNI,LNI697,LNI780,10/10:39,10/10:44,10/12:46,10/12:56,2:02:00,KOE,UPG,020,10,0,0,NML,5,2025
1212.,A320,PKSTH,SJV,SJV567,SJV636,10/11:36,10/11:40,10/13:15,10/13:25,1:35:00,PLW,BDJ,15A,10,0,0,NML,5,2025
1213.,A333,ECODR,SVA,SVA4393,SVA5393,10/10:51,10/10:51,10/13:09,10/13:19,2:18:00,KNO,KNO,017,10,1,1,NML,5,2025
1214.,A320,PKSJG,SJV,SJV705,SJV704,10/11:58,10/12:02,10/13:20,10/13:30,1:18:00,DPS,DPS,15B,10,0,0,NML,5,2025
1215.,B739,PKLHL,LNI,LNI801,LNI697,10/12:48,10/12:54,10/14:24,10/14:34,1:30:00,UPG,CGK,010,10,1,1,NML,5,2025
1216.,A320,PKBKL,BTK,BTK6596,BTK6595,10/13:42,10/13:46,10/14:42,10/14:52,0:56:00,CGK,CGK,012,10,1,1,NML,5,2025
1217.,B738,PKLKP,LNI,LNI869,LNI722,10/12:21,10/12:26,10/13:21,10/13:31,0:55:00,TTE,KDI,014,10,1,1,NML,5,2025
1218.,A320,PKAZU,AWQ,AWQ387,AWQ324,10/12:32,10/12:39,10/13:23,10/13:33,0:44:00,PEN,KUL,A01,10,1,1,NML,5,2025
1219.,A320,PKPWA,PAS,PAS204,PAS205,10/12:28,10/12:31,10/13:24,10/13:35,0:53:00,CGK,CGK,005,10,1,1,NML,5,2025
1220.,A320,PKGQO,CTV,CTV487,CTV668,10/12:04,10/12:09,10/13:24,10/13:37,1:15:00,BDJ,DPS,006,10,1,1,NML,5,2025
1221.,B738,PKLOJ,LNI,LNI839,LNI836,10/13:02,10/13:07,10/14:12,10/14:22,1:05:00,PNK,PNK,020,10,0,0,NML,5,2025
1222.,A320,PKSAO,SJV,SJV635,SJV726,10/09:29,10/09:33,10/14:32,10/14:42,4:59:00,BDJ,LBJ,022,10,0,0,NML,5,2025
1223.,A320,PKGTE,CTV,CTV716,CTV717,10/13:28,10/13:32,10/14:16,10/14:26,0:44:00,CGK,CGK,006,10,1,1,NML,5,2025
1224.,A320,PKGQG,CTV,CTV431,CTV948,10/13:33,10/13:36,10/14:22,10/14:32,0:46:00,BPN,BTH,003,10,0,0,NML,5,2025
1225.,B739,PKLSH,LNI,LNI983,LNI910,10/13:37,10/13:40,10/14:42,10/14:54,1:02:00,PKU,DPS,014,10,1,1,NML,5,2025
1226.,B738,PKGUC,GIA,GIA312,GIA317,10/13:26,10/13:30,10/14:36,10/14:46,1:06:00,CGK,CGK,004,10,1,1,NML,5,2025
1227.,B739,PKLGO,LNI,LNI823,LNI260,10/14:34,10/14:39,10/15:23,10/15:33,0:44:00,LOP,BPN,15A,10,0,0,NML,5,2025
1228.,A320,PKLUI,BTK,BTK7515,BTK7514,10/13:50,10/13:54,10/14:56,10/15:07,1:02:00,HLP,HLP,007,10,1,1,NML,5,2025
1229.,B733F,PKMYV,MYU,MYU935,MYU815,10/13:40,10/13:44,10/14:26,10/14:36,0:42:00,SRG,CGK,C02,10,0,0,NML,5,2025
1230.,A320,PKPWE,PAS,PAS208,PAS209,10/13:45,10/13:50,10/14:55,10/15:05,1:05:00,CGK,CGK,005,10,1,1,NML,5,2025
1231.,B738,PKGMX,GIA,GIA330,GIA331,10/14:13,10/14:17,10/15:16,10/15:26,0:59:00,HLP,HLP,011,10,1,1,NML,5,2025
1232.,B739,PKLHH,LNI,LNI261,LNI642,10/14:19,10/14:23,10/15:24,10/15:35,1:01:00,BPN,LOP,009,10,1,1,NML,5,2025
1233.,A320,PKSTA,SJV,SJV723,SJV614,09/18:25,09/18:31,10/15:44,10/15:54,21:13:00,DPS,BPN,C05,10,0,0,NML,5,2025
1234.,B739,PKLGL,LNI,LNI707,LNI920,10/14:50,10/14:54,10/16:06,10/16:16,1:12:00,UPG,DPS,15B,10,0,0,NML,5,2025
1235.,A320,PKBKT,BTK,BTK7501,BTK7512,10/15:05,10/15:09,10/16:00,10/16:10,0:51:00,HLP,HLP,012,10,1,1,NML,5,2025
1236.,A320,PKGQS,CTV,CTV699,CTV434,10/14:56,10/15:06,10/15:39,10/15:49,0:33:00,DPS,BPN,006,10,1,1,NML,5,2025
1237.,B738,9MMXU,MAS,MAS873,MAS872,10/15:08,10/15:14,10/15:58,10/16:08,0:44:00,KUL,KUL,A07,10,1,1,NML,5,2025
"1238.,A339,PKLER,LNI,LNI972,LNI6002,26/19:38,27/00:23,10/16:25,10/16:35,""44 days, 20:40:00"",BTH,BTH,A17,10,0,1,NML,5,2025"
1239.,A320,PKLAI,BTK,BTK6406,BTK6401,10/14:46,10/14:51,10/16:08,10/16:18,1:17:00,CGK,CGK,008,10,1,1,NML,5,2025
1240.,B738,PKLKV,LNI,LNI879,LNI581,10/15:14,10/15:18,10/16:16,10/16:26,0:58:00,AMQ,CGK,014,10,1,1,NML,5,2025
1241.,A320,PKSTH,SJV,SJV637,SJV648,10/16:40,10/16:44,10/17:36,10/17:54,0:52:00,BDJ,BPN,010,10,1,1,NML,5,2025
1242.,B738,PKGUG,GIA,GIA310,GIA315,10/15:23,10/15:26,10/16:26,10/16:37,1:00:00,CGK,CGK,004,10,1,1,NML,5,2025
1243.,B738MAX,PKOFM,AFE,AFE920,AFE920,10/15:44,10/15:48,10/16:29,10/16:39,0:41:00,TIM,CGK,010,10,1,1,NML,5,2025
1244.,B739,PKLHY,LNI,LNI681,LNI268,10/16:06,10/16:10,10/16:58,10/17:10,0:48:00,PKY,TRK,011,10,1,1,NML,5,2025
1245.,A320,PKPWN,PAS,PAS206,PAS623,10/16:02,10/16:07,10/16:45,10/16:55,0:38:00,CGK,BPN,005,10,1,1,NML,5,2025
1246.,A320,PKGLV,CTV,CTV174,CTV721,10/17:37,10/17:41,10/18:18,10/18:28,0:37:00,HLP,CGK,007,10,1,1,NML,5,2025
1247.,A320,PKGLX,CTV,CTV669,CTV488,10/16:11,10/16:14,10/16:55,10/17:05,0:41:00,DPS,BDJ,007,10,1,1,NML,5,2025
1248.,B739,PKLJI,LNI,LNI972,LNI316,10/17:36,10/17:40,10/18:36,10/18:47,0:56:00,BTH,BDJ,17A,10,0,0,NML,5,2025
1249.,A320,PKBLC,BTK,BTK6578,BTK7579,10/16:23,10/16:29,10/17:19,10/17:29,0:50:00,CGK,CGK,009,10,1,1,NML,5,2025
1250.,B739,PKLHL,LNI,LNI692,LNI692,10/18:34,10/18:37,10/19:36,10/19:46,0:59:00,CGK,KOE,014,10,1,1,NML,5,2025
1251.,B738,PKLOP,LNI,LNI749,LNI838,10/14:54,10/14:57,10/17:36,10/17:46,2:39:00,MDC,PNK,020,10,0,0,NML,5,2025
1252.,A320,PKAZJ,AWQ,AWQ323,AWQ326,10/17:11,10/17:18,10/17:56,10/18:06,0:38:00,KUL,KUL,A03,10,1,1,NML,5,2025
1253.,A320,PKSJC,SJV,SJV723,SJV708,10/17:41,10/17:46,10/18:39,10/18:49,0:53:00,DPS,DPS,011,10,1,1,NML,5,2025
1254.,A320,PKPWJ,PAS,PAS622,PAS207,10/17:16,10/17:20,10/18:15,10/18:25,0:55:00,BPN,CGK,006,10,1,1,NML,5,2025
1255.,B738,PKGNC,GIA,GIA349,GIA313,10/17:34,10/17:38,10/18:33,10/18:43,0:55:00,DPS,CGK,004,10,1,1,NML,5,2025
1256.,A320,PKSAO,SJV,SJV725,SJV716,10/18:16,10/18:20,10/19:06,10/19:16,0:46:00,LBJ,LOP,010,10,1,1,NML,5,2025
1257.,A320,PKLUT,BTK,BTK7503,BTK7502,10/18:00,10/18:06,10/18:39,10/18:49,0:33:00,HLP,HLP,009,10,1,1,NML,5,2025
1258.,B739,PKLHH,LNI,LNI865,LNI226,10/18:19,10/18:25,10/19:41,10/19:52,1:16:00,LOP,BDJ,012,10,1,1,NML,5,2025
1259.,B738,PKGMM,GIA,GIA320,GIA325,10/17:31,10/17:33,10/18:58,10/19:08,1:25:00,CGK,CGK,005,10,1,1,NML,5,2025
1260.,G450,T7HNA,AFS,T7HNA,T7HNA,10/10:57,10/11:00,10/17:47,10/17:58,6:47:00,HLP,HLP,001,10,0,0,NML,5,2025
1261.,A320,PKGQQ,CTV,CTV172,CTV173,10/18:59,10/19:03,10/19:40,10/19:50,0:37:00,HLP,HLP,008,10,1,1,NML,5,2025
1262.,B738MAX,9VMBJ,SIA,SIA928,SIA929,10/18:11,10/18:18,10/19:17,10/19:27,0:59:00,SIN,SIN,A07,10,1,1,NML,5,2025
1263.,A320,PKGLG,CTV,CTV949,CTV9664,10/18:31,10/18:37,10/19:13,10/19:23,0:36:00,BTH,DPS,007,10,1,1,NML,5,2025
1264.,A320,PKGQU,CTV,CTV489,CTV693,10/19:12,10/19:15,10/20:00,10/20:10,0:45:00,BDJ,DPS,009,10,1,1,NML,5,2025
1265.,B739,PKLSU,LNI,LNI695,LNI880,10/17:19,10/17:23,10/19:49,10/19:59,2:26:00,KOE,UPG,016,10,0,0,NML,5,2025
1266.,A320,PKPWK,PAS,PAS202,PAS203,10/18:53,10/18:57,10/19:51,10/20:01,0:54:00,CGK,CGK,006,10,1,1,NML,5,2025
1267.,A320,PKGTA,CTV,CTV736,CTV352,10/19:31,10/19:34,10/20:26,10/20:42,0:52:00,CGK,UPG,005,10,1,1,NML,5,2025
1268.,B735,PKCLE,SJY,SJY567,SJY562,10/20:18,10/20:23,10/20:58,10/21:10,0:35:00,UPG,UPG,009,10,1,1,NML,5,2025
1269.,B738,PKGUD,GIA,GIA326,GIA319,10/19:02,10/19:05,10/20:03,10/20:03,0:58:00,CGK,CGK,004,10,1,1,NML,5,2025
1270.,A320,PKGQS,CTV,CTV435,CTV737,10/19:19,10/19:24,10/20:24,10/20:36,1:00:00,BPN,CGK,007,10,1,1,NML,5,2025
1271.,A320,PKBKQ,BTK,BTK6586,BTK6587,10/20:27,10/20:33,10/21:59,10/22:07,1:26:00,CGK,CGK,012,10,1,1,NML,5,2025
1272.,A320,PKGQF,CTV,CTV724,CTV354,10/20:57,10/21:02,10/21:39,10/21:49,0:37:00,CGK,UPG,007,10,1,1,NML,5,2025
1273.,A320,PKGLV,CTV,CTV720,CTV9662,10/21:59,10/22:02,10/22:40,10/22:52,0:38:00,CGK,DPS,008,10,1,1,NML,5,2025
1274.,BE20,PKCAO,DPU,PKCAO,PKCAO,10/01:26,10/01:31,10/21:50,10/21:55,20:19:00,ZZZZ,MBH,029,10,0,0,NML,5,2025
1275.,A320,PKBKU,BTK,BTK6137,BTK6136,10/19:42,10/20:12,10/21:53,10/22:05,1:41:00,UPG,UPG,010,10,1,1,NML,5,2025
1276.,B738,PKLKP,LNI,LNI727,LNI878,10/18:04,10/18:08,11/05:16,11/05:25,11:08:00,KDI,AMQ,021,10,0,0,NML,5,2025
1277.,A320,PKAZU,AWQ,AWQ325,AWQ320,10/19:28,10/19:34,11/05:06,11/05:11,9:32:00,KUL,KUL,A03,10,1,1,NML,5,2025
1278.,A320,PKSGB,SJV,SJV615,SJV610,10/20:23,10/20:28,11/05:04,11/05:13,8:35:16,BPN,BPN,C04,10,0,0,NML,5,2025
1279.,B739,PKLQR,LNI,LNI923,LNI786,10/18:21,10/18:21,11/05:08,11/05:18,10:47:00,DPS,UPG,020,10,0,0,NML,5,2025
1280.,B738,PKGMU,GIA,GIA855,GIA301,10/20:40,10/23:44,11/05:09,11/05:21,8:22:00,SIN,CGK,004,10,1,1,NML,5,2025
1281.,A320,PKGQU,CTV,CTV9663,CTV430,10/22:18,10/22:21,11/04:57,11/05:08,6:36:00,DPS,BPN,007,10,1,1,NML,5,2025
1282.,A320,PKBKR,BTK,BTK6588,BTK6132,10/22:22,10/22:26,11/05:16,11/05:27,6:50:00,CGK,LOP,010,10,1,1,NML,5,2025
1283.,A333,ECNOF,SVA,SVA4283,SVA5283,11/02:27,11/02:35,11/05:30,11/05:42,2:55:00,MED,KNO,017,10,1,1,NML,5,2025
1284.,A320,PKGTA,CTV,CTV353,CTV484,11/05:04,11/05:07,11/05:36,11/05:51,0:29:00,UPG,BDJ,008,10,1,1,NML,5,2025
1285.,A320,PKGLG,CTV,CTV9665,CTV725,10/22:32,10/22:35,11/05:44,11/05:55,7:09:00,DPS,CGK,006,10,1,1,NML,5,2025
1286.,A320,PKLUJ,BTK,BTK6347,BTK6589,10/15:17,10/15:22,11/05:54,11/06:05,14:32:00,BEJ,CGK,025,10,0,0,NML,5,2025
1287.,A320,PKSJQ,SJV,SJV643,SJV640,10/15:11,10/15:14,11/06:45,11/06:55,15:31:00,AAP,AAP,026,10,0,0,NML,5,2025
1288.,A320,PKSAV,SJV,SJV619,SJV634,10/15:57,10/15:59,11/06:21,11/06:31,14:22:00,BPN,BDJ,024,10,0,0,NML,5,2025
1289.,B739,PKLHH,LNI,LNI311,LNI971,11/06:01,11/06:06,11/07:02,11/07:12,0:56:00,BDJ,BTH,012,28,1,1,NML,5,2025
1290.,A320,PKLUK,BTK,BTK6594,BTK6135,10/21:00,10/21:04,11/06:56,11/07:06,9:52:00,CGK,PKN,014,28,1,1,NML,5,2025
1291.,B738,PKGNH,GIA,GIA328,GIA854,10/20:13,10/23:18,11/07:15,11/07:27,10:58:00,CGK,SIN,A02,28,1,1,NML,5,2025
1292.,B738,PKGFU,GIA,GIA324,GIA305,10/20:44,10/20:48,11/07:02,11/07:14,10:14:00,CGK,CGK,005,28,1,1,NML,5,2025
1293.,B739,PKLQT,LNI,LNI363,LNI646,11/06:25,11/06:28,11/07:15,11/07:25,0:47:00,BPN,LOP,020,28,0,0,NML,5,2025
1294.,A320,PKBKT,BTK,BTK7521,BTK7510,10/21:31,10/21:34,11/07:27,11/07:37,9:53:00,HLP,HLP,009,28,1,1,NML,5,2025
1295.,A320,PKAZJ,AWQ,AWQ327,AWQ392,10/23:31,10/23:39,11/07:24,11/07:34,7:45:00,KUL,JHB,A01,28,1,1,NML,5,2025
1296.,A320,PKGLV,CTV,CTV690,CTV460,11/06:45,11/06:48,11/07:39,11/07:49,0:51:00,DPS,AAP,006,28,1,1,NML,5,2025
1297.,B739,PKLGM,LNI,LNI919,LNI693,10/16:18,10/16:25,11/07:58,11/08:08,15:33:00,DPS,CGK,022,28,0,0,NML,5,2025
1298.,B739,PKLHY,LNI,LNI267,LNI990,11/07:02,11/07:06,11/08:17,11/08:27,1:11:00,TRK,DPS,15B,28,0,0,NML,5,2025
1299.,A333,BLBI,CPA,CPA779,CPA780,10/18:08,10/18:16,11/08:16,11/08:26,14:00:00,HKG,HKG,A08,28,1,1,NML,5,2025
1300.,B738,PKLDM,MXD,MXD352,MXD353,10/19:14,10/19:21,11/08:33,11/08:43,13:12:00,KUL,KUL,A04,28,1,1,NML,5,2025
1301.,A320,PKGQO,CTV,CTV355,CTV171,11/07:31,11/07:37,11/08:38,11/08:48,1:01:00,UPG,HLP,007,10,1,1,NML,5,2025
1302.,A320,PKBKQ,BTK,BTK6584,BTK6585,11/08:04,11/08:10,11/09:12,11/09:22,1:02:00,CGK,CGK,009,10,1,1,NML,5,2025
1303.,A320,PKBKR,BTK,BTK6133,BTK6391,11/09:09,11/09:13,11/09:59,11/10:09,0:46:00,LOP,CGK,15B,10,0,0,NML,5,2025
1304.,A320,PKSGC,SJV,SJV717,SJV618,11/08:50,11/08:54,11/09:47,11/09:57,0:53:00,LOP,BPN,008,10,1,1,NML,5,2025
1305.,B739,PKLGL,LNI,LNI929,LNI856,11/06:55,11/07:01,11/09:00,11/09:10,1:59:00,DPS,PLM,021,10,0,0,NML,5,2025
1306.,A320,PKSAV,SJV,SJV635,SJV618A,11/09:29,11/09:34,11/11:16,11/11:27,1:42:00,BDJ,BPN,021,10,0,0,NML,5,2025
1307.,B738,PKLOP,LNI,LNI837,LNI748,11/07:59,11/08:02,11/09:06,11/09:16,1:04:00,PNK,MDC,014,10,1,1,NML,5,2025
1308.,A320,PKGTA,CTV,CTV485,CTV486,11/08:40,11/08:43,11/09:16,11/09:26,0:33:00,BDJ,BDJ,006,10,1,1,NML,5,2025
1309.,B739,PKLHL,LNI,LNI693,LNI682,11/06:52,11/06:55,11/10:27,11/10:37,3:32:00,KOE,PKY,15A,10,0,0,NML,5,2025
1310.,B738,PKGNM,GIA,GIA304,GIA342,11/08:10,11/08:17,11/09:24,11/09:36,1:07:00,CGK,DPS,004,10,1,1,NML,5,2025
1311.,A320,PKSGB,SJV,SJV611,SJV642,11/08:42,11/08:49,11/09:45,11/09:55,0:56:00,BPN,AAP,011,10,1,1,NML,5,2025
1312.,B429,P3202,POL,P3202,P3202,11/08:49,11/08:51,11/09:45,11/09:53,0:54:00,DPS,SRG,H05,28,0,0,NML,5,2025
1313.,A320,PKSJC,SJV,SJV703,SJV706,11/08:26,11/08:30,11/09:24,11/09:34,0:54:00,DPS,DPS,010,10,1,1,NML,5,2025
1314.,B738,9MMLR,MAS,MAS871,MAS870,11/09:37,11/09:45,11/10:26,11/10:38,0:41:00,KUL,KUL,A07,10,1,1,NML,5,2025
1315.,B735,PKNAS,LKN,LKN243,LKN242,11/09:01,11/09:06,11/09:50,11/10:00,0:44:00,SMQ,SMQ,012,10,1,1,NML,5,2025
1316.,A359,9VSHP,SIA,SIA922,SIA923,11/09:15,11/09:21,11/10:20,11/10:32,0:59:00,SIN,SIN,A08,10,1,1,NML,5,2025
1317.,A320,PKGQE,CTV,CTV351,CTV350,11/09:32,11/09:36,11/10:20,11/10:30,0:44:00,UPG,UPG,006,10,1,1,NML,5,2025
1318.,A333,ECNOG,SVA,SVA4137,SVA5137,11/07:20,11/07:28,11/10:32,11/10:45,3:04:00,MED,KNO,017,10,1,1,NML,5,2025
1319.,B738,PKLQZ,LNI,LNI885,LNI262,10/19:06,10/19:12,11/10:39,11/10:50,15:27:00,UPG,BPN,C03,10,0,0,NML,5,2025
1320.,B739,PKLHI,LNI,LNI683,LNI706,11/10:35,11/10:39,11/12:05,11/12:15,1:26:00,PKY,UPG,025,10,0,0,NML,5,2025
1321.,A320,9VTRU,TGW,TGW296,TGW297,11/09:54,11/10:00,11/10:52,11/11:02,0:52:00,SIN,SIN,A02,10,1,1,NML,5,2025
1322.,B739,PKLHS,LNI,LNI970,LNI973,11/10:03,11/10:08,11/11:02,11/11:12,0:54:00,BTH,BTH,014,10,1,1,NML,5,2025
1323.,A320,PKPWM,PAS,PAS210,PAS211,11/09:22,11/09:26,11/10:27,11/10:39,1:01:00,CGK,CGK,005,10,1,1,NML,5,2025
1324.,A320,PKGLP,CTV,CTV722,CTV723,11/09:41,11/09:45,11/10:39,11/10:49,0:54:00,CGK,CGK,007,10,1,1,NML,5,2025
1325.,A320,PKLUQ,BTK,BTK7513,BTK7516,11/09:51,11/09:59,11/10:50,11/11:00,0:51:00,HLP,HLP,009,10,1,1,NML,5,2025
1326.,A320,PKLUK,BTK,BTK6134,BTK6346,11/09:48,11/09:58,11/10:47,11/10:57,0:49:00,PKN,BEJ,010,10,1,1,NML,5,2025
1327.,B739,PKLQT,LNI,LNI645,LNI822,11/10:16,11/10:20,11/11:15,11/11:25,0:55:00,LOP,LOP,012,10,1,1,NML,5,2025
1328.,B739,PKLSP,LNI,LNI694,LNI694,11/10:20,11/10:23,11/11:21,11/11:31,0:58:00,CGK,KOE,011,10,1,1,NML,5,2025
1329.,A320,PKAZU,AWQ,AWQ321,AWQ322,11/10:36,11/10:46,11/11:24,11/11:33,0:38:00,KUL,KUL,A03,10,1,1,NML,5,2025
1330.,B738,PKGUG,GIA,GIA322,GIA327,11/09:58,11/10:02,11/11:30,11/11:40,1:28:00,CGK,CGK,004,10,1,1,NML,5,2025
1331.,B738,9MLCW,MXD,MXD350,MXD351,11/10:49,11/10:59,11/11:43,11/11:53,0:44:00,KUL,KUL,A04,10,1,1,NML,5,2025
1332.,A320,PKGLV,CTV,CTV461,CTV698,11/11:21,11/11:24,11/11:58,11/12:08,0:34:00,AAP,DPS,005,10,1,1,NML,5,2025
1333.,B739,PKLGU,LNI,LNI805,LNI804,11/10:54,11/10:58,11/11:52,11/12:02,0:54:00,DPS,DPS,010,10,1,1,NML,5,2025
1334.,A320,PKBKL,BTK,BTK6582,BTK6581,11/11:26,11/11:30,11/12:27,11/12:37,0:57:00,CGK,CGK,009,10,1,1,NML,5,2025
1335.,A320,PKGQJ,CTV,CTV9692,CTV9693,11/11:15,11/11:19,11/12:18,11/12:28,0:59:00,DPS,DPS,006,10,1,1,NML,5,2025
1336.,A320,PKSTA,SJV,SJV617,SJV636,10/19:25,11/07:57,11/12:31,11/12:41,17:00:00,BPN,BDJ,024,10,0,1,NML,5,2025
1337.,B739,PKLQS,LNI,LNI801,LNI780,11/11:33,11/11:39,11/12:49,11/12:59,1:10:00,UPG,UPG,014,10,1,1,NML,5,2025
1338.,A320,PKSJC,SJV,SJV705,SJV704,11/12:28,11/12:31,11/13:21,11/13:33,0:50:00,DPS,DPS,010,10,1,1,NML,5,2025
1339.,A320,PKAZJ,AWQ,AWQ393,AWQ324,11/12:14,11/12:19,11/13:19,11/13:28,1:00:00,JHB,KUL,A03,10,1,1,NML,5,2025
1340.,A320,PKGTA,CTV,CTV487,CTV668,11/12:04,11/12:08,11/13:27,11/13:41,1:19:00,BDJ,DPS,007,10,1,1,NML,5,2025
1341.,B738,PKLKV,LNI,LNI839,LNI836,11/13:54,11/13:58,11/14:58,11/15:09,1:00:00,PNK,PNK,012,10,1,1,NML,5,2025
1342.,A320,PKSGB,SJV,SJV641,SJV726,11/13:33,11/13:36,11/14:43,11/14:54,1:07:00,AAP,LBJ,010,10,1,1,NML,5,2025
1343.,B739,PKLHJ,LNI,LNI315,LNI686,11/09:21,11/09:25,11/14:09,11/14:19,4:44:00,BDJ,PKY,020,10,0,0,NML,5,2025
1344.,A320,PKGLT,CTV,CTV716,CTV717,11/12:58,11/13:01,11/14:04,11/14:16,1:03:00,CGK,CGK,006,10,1,1,NML,5,2025
1345.,A333,ECODQ,SVA,SVA4249,SVA5249,11/11:30,11/11:36,11/14:19,11/14:34,2:43:00,MED,KNO,017,10,1,1,NML,5,2025
1346.,A320,PKGQU,CTV,CTV431,CTV948,11/13:30,11/13:35,11/14:20,11/14:30,0:45:00,BPN,BTH,008,10,1,1,NML,5,2025
1347.,B739,PKLGL,LNI,LNI857,LNI910,11/13:23,11/13:26,11/14:27,11/14:37,1:01:00,PLM,DPS,011,10,1,1,NML,5,2025
1348.,B738,PKGFD,GIA,GIA312,GIA317,11/13:26,11/13:29,11/14:31,11/14:45,1:02:00,CGK,CGK,004,10,1,1,NML,5,2025
1349.,A320,9VJSK,JSA,JSA247,JSA248,11/13:57,11/14:02,11/14:45,11/14:52,0:43:00,SIN,SIN,A07,10,1,1,NML,5,2025
1350.,A320,PKLUS,BTK,BTK7515,BTK7514,11/13:44,11/13:48,11/14:50,11/15:04,1:02:00,HLP,HLP,009,10,1,1,NML,5,2025
1351.,A320,PKPWE,PAS,PAS208,PAS209,11/13:40,11/13:43,11/14:48,11/15:01,1:05:00,CGK,CGK,005,10,1,1,NML,5,2025
1352.,B739,PKLQT,LNI,LNI823,LNI642,11/14:43,11/14:46,11/15:32,11/15:42,0:46:00,LOP,LOP,014,10,1,1,NML,5,2025
1353.,B738,PKGFH,GIA,GIA330,GIA331,11/13:50,11/13:54,11/15:06,11/15:21,1:12:00,HLP,HLP,007,10,1,1,NML,5,2025
1354.,A320,PKLAI,BTK,BTK6406,BTK6220,11/14:29,11/14:33,11/15:29,11/15:38,0:56:00,CGK,BPN,008,10,1,1,NML,5,2025
1355.,A333,ECNYJ,SVA,SVA4125,SVA5125,11/12:24,11/12:28,11/15:17,11/15:27,2:49:00,MED,KNO,015,10,1,1,NML,5,2025
1356.,A320,PKGLV,CTV,CTV699,CTV434,11/14:33,11/14:36,11/15:22,11/15:32,0:46:00,DPS,BPN,006,10,1,1,NML,5,2025
1357.,B739,PKLGU,LNI,LNI919,LNI920,11/14:40,11/14:45,11/15:36,11/15:45,0:51:00,DPS,DPS,011,10,1,1,NML,5,2025
1358.,B738,9MMSG,MAS,MAS873,MAS872,11/15:00,11/15:06,11/16:10,11/16:21,1:04:00,KUL,KUL,A06,10,1,1,NML,5,2025
1359.,B738,PKLOP,LNI,LNI749,LNI581,11/15:18,11/15:21,11/16:14,11/16:24,0:53:00,MDC,CGK,012,10,1,1,NML,5,2025
1360.,A320,PKSAF,SJV,SJV619,SJV672,11/16:34,11/16:37,11/17:33,11/17:47,0:56:00,BPN,BEJ,009,10,1,1,NML,5,2025
1361.,A320,PKLUK,BTK,BTK6347,BTK6401,11/15:16,11/15:19,11/16:16,11/16:26,0:57:00,BEJ,CGK,010,10,1,1,NML,5,2025
1362.,B738,PKGMC,GIA,GIA310,GIA315,11/15:25,11/15:28,11/16:29,11/16:42,1:01:00,CGK,CGK,004,10,1,1,NML,5,2025
1363.,A320,PKSJQ,SJV,SJV643,SJV648,11/18:25,11/18:29,11/19:45,11/19:58,1:16:00,AAP,BPN,014,28,1,1,NML,5,2025
1364.,B739,PKLHH,LNI,LNI972,LNI316,11/16:48,11/16:52,11/17:46,11/17:55,0:54:00,BTH,BDJ,014,10,1,1,NML,5,2025
1365.,B739,PKLSP,LNI,LNI695,LNI268,11/16:40,11/16:43,11/17:43,11/17:51,1:00:00,KOE,TRK,012,10,1,1,NML,5,2025
1366.,A320,PKPWI,PAS,PAS206,PAS623,11/16:30,11/16:32,11/17:08,11/17:20,0:36:00,CGK,BPN,005,10,1,1,NML,5,2025
1367.,B739,PKLGL,LNI,LNI923,LNI692A,11/17:05,11/17:09,11/19:23,11/19:43,2:14:00,DPS,KOE,025,28,0,0,NML,5,2025
1368.,B739,PKLGW,LNI,LNI692,LNI692,11/19:06,11/19:12,11/21:34,11/21:42,2:22:29,CGK,KOE,15B,28,0,0,NML,5,2025
1369.,A320,PKGQJ,CTV,CTV669,CTV488,11/16:41,11/16:44,11/17:24,11/17:33,0:40:00,DPS,BDJ,006,10,1,1,NML,5,2025
1370.,B739,PKLHI,LNI,LNI707,LNI226,11/18:04,11/18:08,11/21:17,11/21:25,3:09:00,UPG,BDJ,012,28,1,1,NML,5,2025
1371.,B738,PKLKP,LNI,LNI879,LNI838,11/15:08,11/15:11,11/17:34,11/17:46,2:23:00,AMQ,PNK,021,10,0,0,NML,5,2025
1372.,A320,PKAZU,AWQ,AWQ323,AWQ326,11/17:18,11/17:24,11/17:59,11/18:06,0:35:00,KUL,KUL,A03,10,1,1,NML,5,2025
1373.,A320,PKSJC,SJV,SJV723,SJV708,11/17:45,11/17:48,11/18:34,11/18:46,0:46:00,DPS,DPS,010,10,1,1,NML,5,2025
1374.,A320,PKPWM,PAS,PAS622,PAS207,11/17:15,11/17:18,11/18:07,11/18:17,0:49:00,BPN,CGK,008,10,1,1,NML,5,2025
1375.,A320,PKSGB,SJV,SJV725,SJV716,11/18:21,11/18:24,11/19:21,11/19:50,0:57:00,LBJ,LOP,009,28,1,1,NML,5,2025
1376.,B735,PKCLE,SJY,SJY567,SJY562,11/17:50,11/17:53,11/18:32,11/18:44,0:39:00,UPG,UPG,011,10,1,1,NML,5,2025
1377.,B738,PKGNM,GIA,GIA349,GIA325,11/17:24,11/17:28,11/18:56,11/19:07,1:28:00,DPS,CGK,005,28,1,1,NML,5,2025
1378.,B738MAX,9VMBB,SIA,SIA928,SIA929,11/18:10,11/18:16,11/19:57,11/20:10,1:41:00,SIN,SIN,A07,28,1,1,NML,5,2025
1379.,A320,PKGQN,CTV,CTV949,CTV9664,11/18:31,11/18:35,11/19:14,11/19:38,0:39:00,BTH,DPS,008,28,1,1,NML,5,2025
1380.,A333,ECODR,SVA,SVA4197,SVA5197,11/16:54,11/16:59,11/19:58,11/20:19,2:59:00,MED,KNO,017,28,1,1,NML,5,2025
1381.,B788,9VOFH,TGW,TGW266,TGW267,11/18:33,11/18:40,11/20:41,11/20:49,2:01:47,SIN,SIN,A06,28,1,1,NML,5,2025
1382.,A320,PKGLS,CTV,CTV489,CTV693,11/20:08,11/20:13,11/20:54,11/21:05,0:41:27,BDJ,DPS,010,28,1,1,NML,5,2025
1383.,B739,PKLGL,LNI,LNI692A,LNI880,11/19:50,11/19:57,11/23:17,11/23:28,3:20:00,SUB,UPG,014,10,1,1,NML,5,2025
1384.,A320,PKLAO,BTK,BTK6137,BTK7518,11/20:38,11/20:44,11/21:31,11/21:42,0:47:00,UPG,HLP,011,28,1,1,NML,5,2025
1385.,A320,PKPWK,PAS,PAS202,PAS203,11/19:56,11/20:01,11/20:36,11/20:45,0:35:00,CGK,CGK,006,28,1,1,NML,5,2025
1386.,E135,PKTFS,IAT,PKTFS,PKTFS,11/17:20,11/17:27,11/17:50,11/17:58,0:23:00,HLP,HLP,A09,10,0,0,NML,5,2025
1387.,B738,PKGUH,GIA,GIA326,GIA319,11/19:17,11/19:37,11/20:53,11/21:03,1:16:00,CGK,CGK,005,28,1,1,NML,5,2025
1388.,A320,PKGQF,CTV,CTV736,CTV352,11/20:29,11/20:37,11/21:08,11/21:18,0:31:47,CGK,UPG,008,28,1,1,NML,5,2025
1389.,A320,PKGQO,CTV,CTV174,CTV737,11/17:00,11/17:05,11/22:42,11/22:51,5:37:59,HLP,CGK,007,28,1,1,NML,5,2025
1390.,A320,PKBLD,BTK,BTK6586,BTK6587,11/22:43,11/22:49,11/23:41,11/23:50,0:51:39,CGK,CGK,15B,10,0,0,NML,5,2025
1391.,A320,PKGLY,CTV,CTV724,CTV354,11/20:45,11/20:48,11/21:28,11/21:28,0:40:00,CGK,UPG,009,10,1,1,NML,5,2025
1392.,A320,PKLUU,BTK,BTK7519,BTK6136,11/22:15,11/22:20,11/23:11,11/23:20,0:51:41,HLP,UPG,011,10,1,1,NML,5,2025
1393.,A320,PKAZU,AWQ,AWQ327,AWQ320,11/23:36,11/23:40,12/05:01,12/05:07,5:21:00,KUL,KUL,A03,10,1,1,NML,5,2025
1394.,B733F,PKMYV,MYU,MYU935,MYU815,11/13:01,11/13:12,12/05:14,12/05:23,16:02:02,SRG,CGK,C02,10,0,0,NML,5,2025
1395.,B739,PKLQT,LNI,LNI865,LNI878,11/18:29,11/18:32,12/05:01,12/05:12,10:29:56,LOP,AMQ,021,10,0,0,NML,5,2025
1396.,B739,PKLGS,LNI,LNI791,LNI786,11/09:44,11/09:49,12/05:27,12/05:36,19:38:32,UPG,UPG,022,10,0,0,NML,5,2025
1397.,B738,PKGNH,GIA,GIA855,GIA301,11/20:55,11/23:48,12/05:05,12/05:17,8:05:00,SIN,CGK,004,10,1,1,NML,5,2025
1398.,A320,PKGLV,CTV,CTV435,CTV430,11/21:51,11/21:57,12/04:59,12/05:10,7:02:00,BPN,BPN,005,10,1,1,NML,5,2025
1399.,A320,PKLAT,BTK,BTK7521,BTK6132,11/21:46,11/21:51,12/05:19,12/05:29,7:28:00,HLP,LOP,010,10,1,1,NML,5,2025
1400.,A320,PKGLY,CTV,CTV353,CTV484,12/05:02,12/05:07,12/05:46,12/05:57,0:39:00,UPG,BDJ,007,10,1,1,NML,5,2025
1401.,A320,PKGQN,CTV,CTV9665,CTV725,11/22:10,11/22:15,12/05:41,12/05:54,7:26:00,DPS,CGK,009,10,1,1,NML,5,2025
1402.,B738,PKLPK,LNI,LNI885,LNI868,11/21:36,11/21:38,12/05:46,12/06:13,8:07:08,UPG,TTE,C04,10,0,0,NML,5,2025
1403.,A320,PKSAV,SJV,SJV617,SJV640,11/21:29,11/21:32,12/07:12,12/07:21,9:39:05,BPN,AAP,025,10,0,0,NML,5,2025
1404.,B739,PKLHJ,LNI,LNI687,LNI266,11/17:41,11/17:45,12/05:57,12/06:06,12:12:07,PKY,BPN,020,10,0,0,NML,5,2025
1405.,A320,V8RBB,RBA,RBA795,RBA796,11/20:47,11/20:52,12/05:50,12/06:01,8:58:49,BWN,BWN,A07,10,1,1,NML,5,2025
1406.,A320,PKSAF,SJV,SJV673,SJV634,11/21:41,11/21:43,12/06:25,12/06:33,8:41:03,BEJ,BDJ,15A,10,0,0,NML,5,2025
1407.,A320,PKSJU,SJV,SJV717,SJV566,12/06:12,12/06:15,12/07:20,12/07:32,1:05:00,LOP,PLW,010,10,1,1,NML,5,2025
1408.,B739,PKLHH,LNI,LNI311,LNI971,12/06:05,12/06:08,12/07:03,12/07:19,0:55:00,BDJ,BTH,014,10,1,1,NML,5,2025
1409.,A320,PKLAF,BTK,BTK6578,BTK6597,11/16:46,11/16:50,12/07:00,12/07:14,14:10:00,CGK,CGK,024,10,0,0,NML,5,2025
1410.,A320,PKLAI,BTK,BTK6221,BTK6135,11/22:06,11/22:10,12/06:58,12/07:09,8:48:00,BPN,PKN,012,10,1,1,NML,5,2025
"1411.,C208,PKVVO,SUS,PKVVO,PKVVO,10/15:32,10/15:34,12/07:14,12/07:28,""1 day, 15:40:00"",BXW,BXW,C07,10,0,0,NML,5,2025"
1412.,B738,PKGMX,GIA,GIA320,GIA854,11/17:12,11/23:25,12/07:08,12/07:25,13:53:00,CGK,SIN,A02,10,1,1,NML,5,2025
1413.,B738,PKGMY,GIA,GIA328,GIA305,11/20:52,11/21:00,12/07:04,12/07:23,10:04:00,CGK,CGK,006,10,1,1,NML,5,2025
1414.,B738,PKLQZ,LNI,LNI363,LNI646,12/06:24,12/06:28,12/07:16,12/07:30,0:48:00,BPN,LOP,011,10,1,1,NML,5,2025
1415.,A320,PKLUH,BTK,BTK6588,BTK7510,11/22:47,11/22:55,12/07:32,12/07:42,8:37:00,CGK,HLP,008,10,1,1,NML,5,2025
1416.,A320,PKAZJ,AWQ,AWQ325,AWQ392,11/20:10,11/20:14,12/07:25,12/07:34,11:11:00,KUL,JHB,A01,10,1,1,NML,5,2025
1417.,A320,PKGLS,CTV,CTV690,CTV460,12/07:18,12/07:22,12/07:55,12/08:06,0:33:00,DPS,AAP,007,10,1,1,NML,5,2025
1418.,A21N,B32L7,CSN,CSN8137,CSN8138,11/21:59,11/22:03,12/07:52,12/08:07,9:49:00,CAN,CAN,A06,10,1,1,NML,5,2025
1419.,A333,BHLN,CPA,CPA779,CPA780,11/17:53,11/18:00,12/08:13,12/08:27,14:13:00,HKG,HKG,A08,10,1,1,NML,5,2025
1420.,A320,PKGQK,CTV,CTV355,CTV175,12/07:37,12/07:40,12/08:14,12/08:30,0:34:00,UPG,HLP,006,10,1,1,NML,5,2025
1421.,B739,PKLSP,LNI,LNI267,LNI990,12/07:26,12/07:30,12/08:26,12/08:35,0:56:00,TRK,DPS,009,10,1,1,NML,5,2025
1422.,A320,PKLAT,BTK,BTK6133,BTK6391,12/07:52,12/07:55,12/08:55,12/09:03,1:00:00,LOP,CGK,010,10,1,1,NML,5,2025
1423.,B739,PKLQR,LNI,LNI929,LNI856,12/07:08,12/07:12,12/09:03,12/09:19,1:51:00,DPS,PLM,012,10,1,1,NML,5,2025
1424.,A320,PKSTA,SJV,SJV637,SJV618,11/20:24,11/20:42,12/08:59,12/09:13,12:17:00,BDJ,BPN,C03,10,0,0,NML,5,2025
1425.,B738,PKLKP,LNI,LNI837,LNI748,12/07:58,12/08:01,12/09:00,12/09:11,0:59:00,PNK,MDC,15A,10,0,0,NML,5,2025
1426.,A320,PKGLY,CTV,CTV485,CTV486,12/08:26,12/08:29,12/09:08,12/09:24,0:39:00,BDJ,BDJ,006,10,1,1,NML,5,2025
1427.,B739,PKLFW,LNI,LNI683,LNI682,12/08:08,12/08:13,12/09:12,12/09:21,0:59:00,PKY,PKY,014,10,1,1,NML,5,2025
1428.,B738,PKGMP,GIA,GIA304,GIA342,12/08:02,12/08:05,12/09:19,12/09:42,1:14:00,CGK,DPS,004,10,1,1,NML,5,2025
1429.,A320,PKPWK,PAS,PAS200,PAS201,12/08:05,12/08:08,12/09:12,12/09:37,1:04:00,CGK,CGK,005,10,1,1,NML,5,2025
1430.,A320,PKSJC,SJV,SJV703,SJV706,12/08:32,12/08:35,12/09:39,12/09:54,1:04:00,DPS,DPS,009,10,1,1,NML,5,2025
1431.,B738,PKLBS,MXD,MXD352,MXD353,11/20:35,11/20:42,12/09:40,12/09:52,12:58:00,KUL,KUL,A04,10,1,1,NML,5,2025
1432.,B738,9MMXN,MAS,MAS871,MAS870,12/09:12,12/09:18,12/10:06,12/10:15,0:48:00,KUL,KUL,A07,10,1,1,NML,5,2025
1433.,B735,PKNAQ,LKN,LKN243,LKN242,12/09:15,12/09:20,12/09:57,12/10:08,0:37:00,SMQ,SMQ,011,10,1,1,NML,5,2025
1434.,A359,9VSHC,SIA,SIA922,SIA923,12/09:06,12/09:13,12/10:16,12/10:30,1:03:00,SIN,SIN,A08,10,1,1,NML,5,2025
1435.,B738,PKBGZ,BTK,BTK6584,BTK6585,12/09:26,12/09:29,12/10:28,12/10:41,0:59:00,CGK,CGK,010,10,1,1,NML,5,2025
1436.,A320,PKGLP,CTV,CTV351,CTV350,12/09:35,12/09:39,12/10:22,12/10:38,0:43:00,UPG,UPG,006,10,1,1,NML,5,2025
1437.,A320,PKGLX,CTV,CTV722,CTV723,12/09:28,12/09:31,12/10:22,12/10:34,0:51:00,CGK,CGK,007,10,1,1,NML,5,2025
1438.,A20N,9VTNG,TGW,TGW296,TGW297,12/10:06,12/10:13,12/11:02,12/11:11,0:49:00,SIN,SIN,A02,10,1,1,NML,5,2025
1439.,B739,PKLHI,LNI,LNI315,LNI706,12/08:20,12/08:23,12/10:35,12/10:46,2:12:00,BDJ,UPG,022,10,0,0,NML,5,2025
1440.,A320,PKPWH,PAS,PAS210,PAS211,12/09:32,12/09:35,12/10:29,12/10:43,0:53:59,CGK,CGK,005,10,1,1,NML,5,2025
1441.,A320,PKLAI,BTK,BTK6134,BTK7516,12/09:40,12/09:44,12/10:47,12/10:53,1:03:00,PKN,HLP,009,10,1,1,NML,5,2025
1442.,B738,PKLQZ,LNI,LNI645,LNI822,12/10:12,12/10:16,12/11:10,12/11:16,0:54:00,LOP,LOP,011,10,1,1,NML,5,2025
1443.,A320,PKSAF,SJV,SJV635,SJV642,12/09:23,12/09:26,12/10:59,12/11:05,1:33:00,BDJ,AAP,021,10,0,0,NML,5,2025
1444.,B739,PKLFY,LNI,LNI694,LNI694,12/10:28,12/10:31,12/11:36,12/11:47,1:05:00,CGK,KOE,010,10,1,1,NML,5,2025
1445.,B739,PKLHL,LNI,LNI791,LNI697,12/09:45,12/09:48,12/11:16,12/11:24,1:28:00,UPG,CGK,012,10,1,1,NML,5,2025
1446.,A320,PKAZU,AWQ,AWQ321,AWQ322,12/10:39,12/10:44,12/11:22,12/11:31,0:38:00,KUL,KUL,A03,10,1,1,NML,5,2025
1447.,A320,PKLUH,BTK,BTK7517,BTK7520,12/10:53,12/10:56,12/11:43,12/11:52,0:47:00,HLP,HLP,008,10,1,1,NML,5,2025
1448.,B738,PKGFM,GIA,GIA322,GIA327,12/10:03,12/10:07,12/11:29,12/11:41,1:22:00,CGK,CGK,004,10,1,1,NML,5,2025
1449.,B738,PKLZM,MXD,MXD350,MXD351,12/10:36,12/10:41,12/11:33,12/11:42,0:52:00,KUL,KUL,A04,10,1,1,NML,5,2025
1450.,A320,PKGLY,CTV,CTV487,CTV698,12/11:51,12/11:53,12/12:33,12/12:43,0:40:00,BDJ,DPS,005,10,1,1,NML,5,2025
1451.,A333,ECNOF,SVA,SVA4771,SVA5771,12/09:10,12/09:15,12/11:57,12/12:10,2:42:00,MED,KNO,017,10,1,1,NML,5,2025
1452.,B739,PKLSP,LNI,LNI805,LNI804,12/11:08,12/11:12,12/11:55,12/12:08,0:43:00,DPS,DPS,014,10,1,1,NML,5,2025
1453.,A320,PKGQU,CTV,CTV9692,CTV9693,12/11:29,12/11:32,12/12:15,12/12:26,0:43:00,DPS,DPS,006,10,1,1,NML,5,2025
1454.,B739,PKLHP,LNI,LNI801,LNI780,12/11:36,12/11:39,12/12:39,12/12:49,1:00:00,UPG,UPG,012,10,1,1,NML,5,2025
1455.,A320,PKBLD,BTK,BTK6582,BTK6581,12/11:44,12/11:47,12/12:47,12/12:57,1:00:00,CGK,CGK,010,10,1,1,NML,5,2025
1456.,A320,PKSJU,SJV,SJV567,SJV636,12/11:39,12/11:42,12/12:31,12/12:41,0:49:00,PLW,BDJ,009,10,1,1,NML,5,2025
1457.,B739,PKLGW,LNI,LNI697,LNI680,12/10:25,12/10:28,12/12:34,12/12:44,2:06:00,KOE,PKY,020,10,0,0,NML,5,2025
1458.,A320,PKSJC,SJV,SJV705,SJV704,12/12:24,12/12:27,12/13:25,12/13:34,0:58:00,DPS,DPS,15A,10,0,0,NML,5,2025
1459.,A320,PKBKL,BTK,BTK6596,BTK6595,12/12:21,12/12:26,12/13:43,12/13:53,1:17:00,CGK,CGK,014,10,1,1,NML,5,2025
1460.,B738,PKLPK,LNI,LNI869,LNI722,12/12:30,12/12:33,12/13:37,12/13:47,1:04:46,TTE,KDI,011,10,1,1,NML,5,2025
1461.,A320,PKAZJ,AWQ,AWQ393,AWQ324,12/12:07,12/12:13,12/13:18,12/13:27,1:05:00,JHB,KUL,A03,10,1,1,NML,5,2025
1462.,A320,PKGLS,CTV,CTV461,CTV668,12/12:54,12/12:58,12/13:35,12/13:45,0:37:45,AAP,DPS,007,10,1,1,NML,5,2025
1463.,A320,PKGQP,CTV,CTV716,CTV717,12/13:37,12/13:41,12/14:26,12/14:36,0:45:00,CGK,CGK,006,10,1,1,NML,5,2025
1464.,A320,PKSAV,SJV,SJV641,SJV726,12/14:14,12/14:20,12/15:05,12/15:15,0:45:00,AAP,LBJ,011,10,1,1,NML,5,2025
1465.,B738,PKLKV,LNI,LNI839,LNI836,12/13:01,12/13:05,12/14:07,12/14:17,1:02:00,PNK,PNK,012,10,1,1,NML,5,2025
1466.,A320,PKGLV,CTV,CTV431,CTV948,12/13:39,12/13:43,12/14:28,12/14:38,0:45:00,BPN,BTH,008,10,1,1,NML,5,2025
1467.,B738,PKLQZ,LNI,LNI823,LNI910,12/14:00,12/14:04,12/14:56,12/15:11,0:52:00,LOP,DPS,010,10,1,1,NML,5,2025
1468.,B738,PKGUI,GIA,GIA312,GIA317,12/13:32,12/13:35,12/14:32,12/14:42,0:57:00,CGK,CGK,004,10,1,1,NML,5,2025
1469.,A320,9VJSK,JSA,JSA247,JSA248,12/13:44,12/13:49,12/14:30,12/14:40,0:41:00,SIN,SIN,A06,10,1,1,NML,5,2025
1470.,A320,PKLAO,BTK,BTK7515,BTK7514,12/13:58,12/14:01,12/14:54,12/15:04,0:53:00,HLP,HLP,009,10,1,1,NML,5,2025
1471.,A320,PKPWE,PAS,PAS208,PAS209,12/13:50,12/13:54,12/14:59,12/15:09,1:05:00,CGK,CGK,007,10,1,1,NML,5,2025
1472.,B738,PKGFH,GIA,GIA330,GIA331,12/14:02,12/14:06,12/15:11,12/15:21,1:05:00,HLP,HLP,005,10,1,1,NML,5,2025
1473.,B739,PKLQR,LNI,LNI857,LNI642,12/13:43,12/13:48,12/14:53,12/15:03,1:04:17,PLM,LOP,15B,10,0,0,NML,5,2025
1474.,A320,PKLAL,BTK,BTK7513,BTK6220,12/09:50,12/09:53,12/16:05,12/16:15,6:12:00,HLP,BPN,024,10,0,0,NML,5,2025
1475.,B739,PKLHI,LNI,LNI707,LNI920,12/14:32,12/14:36,12/16:03,12/16:13,1:27:14,UPG,DPS,014,10,1,1,NML,5,2025
1476.,A320,PKLUH,BTK,BTK7501,BTK7512,12/15:06,12/15:10,12/16:43,12/16:55,1:33:00,HLP,HLP,010,10,1,1,NML,5,2025
1477.,B738,PKLKP,LNI,LNI749,LNI581,12/15:18,12/15:22,12/16:22,12/16:32,1:00:05,MDC,CGK,012,10,1,1,NML,5,2025
1478.,A320,PKSAF,SJV,SJV643,SJV672,12/15:03,12/15:09,12/16:13,12/16:23,1:04:21,AAP,BEJ,009,10,1,1,NML,5,2025
1479.,A320,PKBKG,BTK,BTK6406,BTK6401,12/14:45,12/14:49,12/16:05,12/16:15,1:16:00,CGK,CGK,008,10,1,1,NML,5,2025
1480.,B739,PKLGW,LNI,LNI681,LNI316,12/15:35,12/15:39,12/16:29,12/16:39,0:49:31,PKY,BDJ,15A,10,0,0,NML,5,2025
1481.,A320,PKGLY,CTV,CTV699,CTV434,12/15:29,12/15:33,12/16:24,12/16:34,0:51:00,DPS,BPN,006,10,1,1,NML,5,2025
1482.,B738,PKGFS,GIA,GIA310,GIA315,12/15:14,12/15:17,12/16:33,12/16:43,1:16:00,CGK,CGK,004,10,1,1,NML,5,2025
1483.,B738MAX,9VMBP,SIA,SIA926,SIA927,12/15:53,12/15:59,12/16:49,12/16:59,0:50:46,SIN,SIN,A07,10,1,1,NML,5,2025
"1484.,A320,PKSGC,SJV,SJV618A,SJV714,11/09:54,11/11:50,12/16:35,12/16:45,""1 day, 6:38:30"",SUB,LOP,026,10,0,1,NML,5,2025"
1485.,A320,PKSJU,SJV,SJV637,SJV648,12/15:33,12/15:37,12/16:30,12/16:40,0:52:20,BDJ,BPN,15B,10,0,0,NML,5,2025
1486.,A320,PKPWJ,PAS,PAS206,PAS623,12/15:38,12/15:42,12/16:29,12/16:43,0:47:05,CGK,BPN,005,10,1,1,NML,5,2025
1487.,B739,PKLHR,LNI,LNI692,LNI268,12/15:49,12/15:53,12/16:58,12/17:08,1:05:00,CGK,TRK,011,10,1,1,NML,5,2025
1488.,A320,PKGQK,CTV,CTV174,CTV721,12/15:46,12/15:50,12/16:43,12/16:53,0:53:00,HLP,CGK,007,10,1,1,NML,5,2025
1489.,B739,PKLFY,LNI,LNI695,LNI692,12/16:17,12/16:22,12/17:41,12/18:02,1:19:00,KOE,KOE,014,10,1,1,NML,5,2025
1490.,A320,PKGQU,CTV,CTV669,CTV488,12/16:13,12/16:19,12/16:56,12/17:06,0:37:00,DPS,BDJ,008,10,1,1,NML,5,2025
"1491.,B739,PKLFK,LNI,LNI873,LNI6003,08/07:05,08/07:09,12/16:53,12/17:03,""4 days, 9:44:00"",UPG,CGK,023,10,0,0,NML,5,2025"
1492.,A333,ECNOG,SVA,SVA4203,SVA5203,12/14:09,12/14:15,12/17:13,12/17:28,2:58:10,MED,KNO,017,10,1,1,NML,5,2025
1493.,B739,PKLHH,LNI,LNI972,LNI226,12/17:13,12/17:18,12/18:02,12/18:15,0:44:35,BTH,BDJ,011,10,1,1,NML,5,2025
1494.,A320,PKAZU,AWQ,AWQ323,AWQ326,12/17:07,12/17:12,12/17:48,12/18:00,0:36:17,KUL,KUL,A03,10,1,1,NML,5,2025
1495.,B738,PKLQZ,LNI,LNI923,LNI838,12/18:14,12/18:18,12/18:57,12/19:07,0:39:00,DPS,PNK,008,10,1,1,NML,5,2025
1496.,A320,PKSJC,SJV,SJV723,SJV708,12/18:11,12/18:16,12/19:07,12/19:17,0:51:00,DPS,DPS,012,10,1,1,NML,5,2025
1497.,A320,PKPWH,PAS,PAS622,PAS207,12/17:10,12/17:14,12/18:09,12/18:19,0:55:00,BPN,CGK,006,10,1,1,NML,5,2025
1498.,B738,PKGMP,GIA,GIA349,GIA313,12/17:46,12/17:49,12/18:43,12/18:53,0:54:00,DPS,CGK,005,10,1,1,NML,5,2025
1499.,A320,PKSAV,SJV,SJV725,SJV716,12/18:48,12/18:51,12/19:34,12/19:44,0:43:00,LBJ,LOP,011,10,1,1,NML,5,2025
1500.,B738,PKCRI,SJY,SJY567,SJY562,12/18:18,12/18:21,12/19:01,12/19:11,0:40:00,UPG,UPG,010,10,1,1,NML,5,2025
1501.,B738,PKGMF,GIA,GIA320,GIA325,12/17:26,12/17:28,12/19:00,12/19:10,1:32:00,CGK,CGK,004,10,1,1,NML,5,2025
1502.,A320,PKGQQ,CTV,CTV172,CTV173,12/18:45,12/18:50,12/19:28,12/19:38,0:38:00,HLP,HLP,007,10,1,1,NML,5,2025
1503.,B738MAX,9VMBB,SIA,SIA928,SIA929,12/19:20,12/19:25,12/20:11,12/20:16,0:46:00,SIN,SIN,A07,10,1,1,NML,5,2025
1504.,B738,PKLDJ,BTK,BTK6576,BTK6575,12/18:38,12/18:41,12/19:22,12/19:32,0:41:00,CGK,CGK,014,10,1,1,NML,5,2025
1505.,A320,PKGQO,CTV,CTV949,CTV9664,12/18:42,12/18:45,12/19:15,12/19:25,0:30:00,BTH,DPS,009,10,1,1,NML,5,2025
1506.,A320,PKGTD,CTV,CTV489,CTV693,12/18:54,12/18:58,12/19:28,12/19:38,0:30:40,BDJ,DPS,003,10,0,0,NML,5,2025
1507.,B739,PKLQT,LNI,LNI879,LNI880,12/15:09,12/15:13,12/19:55,12/19:59,4:41:20,AMQ,UPG,022,10,0,0,NML,5,2025
1508.,A320,PKLUH,BTK,BTK7519,BTK7518,12/19:56,12/20:03,12/20:45,12/20:49,0:42:00,HLP,HLP,009,10,1,1,NML,5,2025
1509.,A320,PKGQL,CTV,CTV736,CTV352,12/18:51,12/18:55,12/19:47,12/20:00,0:52:14,CGK,UPG,006,10,1,1,NML,5,2025
1510.,A320,PKPWK,PAS,PAS202,PAS203,12/19:02,12/19:06,12/19:54,12/20:05,0:48:00,CGK,CGK,004,10,1,1,NML,5,2025
1511.,B738,PKGNM,GIA,GIA326,GIA319,12/18:58,12/19:02,12/20:05,12/20:10,1:03:00,CGK,CGK,005,10,1,1,NML,5,2025
1512.,A320,PKGQF,CTV,CTV724,CTV354,12/19:16,12/19:20,12/20:10,12/20:16,0:50:00,CGK,UPG,008,10,1,1,NML,5,2025
1513.,A333,ECODQ,SVA,SVA4283,SVA5283,12/18:33,12/18:39,12/20:43,12/20:56,2:04:00,MED,KNO,015,10,1,1,NML,5,2025
1514.,A320,PKGLY,CTV,CTV435,CTV737,12/19:55,12/19:58,12/21:01,12/21:06,1:03:00,BPN,CGK,006,10,1,1,NML,5,2025
1515.,A320,PKGQK,CTV,CTV720,CTV9662,12/20:18,12/20:21,12/21:05,12/21:09,0:44:00,CGK,DPS,005,10,1,1,NML,5,2025
1516.,A320,PKLUR,BTK,BTK6137,BTK6136,12/20:11,12/20:13,12/21:56,12/22:05,1:43:00,UPG,UPG,010,10,1,1,NML,5,2025
1517.,A333,ECNYJ,SVA,SVA4255,SVA5255,12/19:08,12/19:13,12/21:57,12/22:13,2:44:00,MED,KNO,017,10,1,1,NML,5,2025
1518.,B738,PKLPK,LNI,LNI727,LNI878,12/18:29,12/18:31,13/05:11,13/05:19,10:40:00,KDI,AMQ,024,10,0,0,NML,5,2025
1519.,A320,PKLAL,BTK,BTK6221,BTK7508,12/19:47,12/19:52,13/05:01,13/05:10,9:09:00,BPN,HLP,012,10,1,1,NML,5,2025
1520.,A320,PKAZJ,AWQ,AWQ325,AWQ320,12/19:04,12/19:09,13/05:00,13/05:08,9:51:00,KUL,KUL,A01,10,1,1,NML,5,2025
1521.,B739,PKLSP,LNI,LNI919,LNI786,12/14:56,12/15:01,13/05:24,13/05:33,14:23:00,DPS,UPG,025,28,0,0,NML,5,2025
1522.,A320,PKGTD,CTV,CTV9663,CTV430,12/22:25,12/22:27,13/04:59,13/05:08,6:32:00,DPS,BPN,005,10,1,1,NML,5,2025
1523.,B738,PKGNQ,GIA,GIA855,GIA301,12/20:38,12/23:15,13/05:01,13/05:10,8:19:00,SIN,CGK,004,10,1,1,NML,5,2025
1524.,A320,PKGLU,CTV,CTV353,CTV484,13/05:01,13/05:06,13/05:47,13/05:56,0:41:00,UPG,BDJ,009,10,1,1,NML,5,2025
1525.,A320,PKGQO,CTV,CTV9665,CTV725,12/22:05,12/22:08,13/05:50,13/05:58,7:42:00,DPS,CGK,006,10,1,1,NML,5,2025
1526.,B739,PKLQR,LNI,LNI865,LNI266,12/18:09,12/18:15,13/05:52,13/06:13,11:37:00,LOP,BPN,026,10,0,0,NML,5,2025
1527.,A320,PKSJC,SJV,SJV727,SJV706,12/22:20,12/22:25,13/06:00,13/06:19,7:35:00,DPS,DPS,15A,28,0,0,NML,5,2025
1528.,A320,PKLAJ,BTK,BTK6588,BTK6589,12/22:11,12/22:16,13/05:53,13/06:18,7:37:00,CGK,CGK,008,10,1,1,NML,5,2025
1529.,A320,V8RBD,RBA,RBA795,RBA796,12/20:01,12/20:08,13/05:50,13/06:00,9:42:00,BWN,BWN,A06,10,1,1,NML,5,2025
1530.,A320,PKSJQ,SJV,SJV615,SJV640,12/20:25,12/20:31,13/05:53,13/06:09,9:22:00,BPN,AAP,014,10,1,1,NML,5,2025
1531.,A320,PKAZU,AWQ,AWQ327,AWQ386,12/23:33,12/23:39,13/06:03,13/06:13,6:24:00,KUL,PEN,A03,28,1,1,NML,5,2025
1532.,A320,PKLUP,BTK,BTK7521,BTK6412,12/20:44,12/20:47,13/06:19,13/06:29,9:32:00,HLP,DPS,011,10,1,1,NML,5,2025
1533.,B738MAX,PKOFM,AFE,AFE921,AFE921,13/05:56,13/06:03,13/06:47,13/06:58,0:44:00,CGK,TIM,005,28,1,1,NML,5,2025
1534.,A320,PKSTI,SJV,SJV717,SJV566,13/06:08,13/06:14,13/07:04,13/07:22,0:50:00,LOP,PLW,009,28,1,1,NML,5,2025
1535.,B739,PKLHH,LNI,LNI311,LNI971,13/06:01,13/06:05,13/06:55,13/07:06,0:50:00,BDJ,BTH,012,28,1,1,NML,5,2025
1536.,A320,PKLUW,BTK,BTK6413,BTK6135,12/19:36,12/19:41,13/06:59,13/07:13,11:18:00,DPS,PKN,023,28,0,0,NML,5,2025
1537.,B738,PKLDJ,BTK,BTK6370,BTK6597,13/06:04,13/06:10,13/06:57,13/07:10,0:47:00,CGK,CGK,010,28,1,1,NML,5,2025
1538.,C208,PKVVO,SUS,PKVVO,PKVVO,12/09:18,12/09:20,13/07:33,13/07:42,22:13:00,BXW,BXW,C07,28,0,0,NML,5,2025
1539.,B738,PKGFD,GIA,GIA328,GIA305,12/19:42,12/19:46,13/06:59,13/07:19,11:13:00,CGK,CGK,007,28,1,1,NML,5,2025
1540.,B738,PKGFI,GIA,GIA324,GIA854,12/20:36,12/22:54,13/06:55,13/07:18,10:15:00,CGK,SIN,A02,28,1,1,NML,5,2025
1541.,B739,PKLHQ,LNI,LNI6006,LNI646,12/21:49,12/21:54,13/07:23,13/07:39,9:29:00,DPS,LOP,15B,28,0,0,NML,5,2025
1542.,A320,PKLUH,BTK,BTK7511,BTK7510,13/06:34,13/06:40,13/07:24,13/07:37,0:44:00,HLP,HLP,008,28,1,1,NML,5,2025
1543.,A320,PKGQK,CTV,CTV690,CTV460,13/07:01,13/07:12,13/07:59,13/08:14,0:47:00,DPS,AAP,004,28,1,1,NML,5,2025
1544.,B739,PKLHI,LNI,LNI929,LNI982,13/07:11,13/07:17,13/08:10,13/08:22,0:53:00,DPS,PKU,012,28,1,1,NML,5,2025
1545.,A21N,B32L3,CSN,CSN8137,CSN8138,12/21:36,12/21:43,13/07:53,13/08:11,10:10:00,CAN,CAN,A07,10,1,1,NML,5,2025
1546.,A320,PKGQQ,CTV,CTV170,CTV175,13/07:08,13/07:15,13/07:59,13/08:12,0:44:00,HLP,HLP,006,28,1,1,NML,5,2025
1547.,A320,PKGLY,CTV,CTV712,CTV713,13/07:16,13/07:23,13/08:17,13/08:25,0:54:00,CGK,CGK,005,28,1,1,NML,5,2025
1548.,A333,BHLT,CPA,CPA779,CPA780,12/18:24,12/18:29,13/08:10,13/08:32,13:41:00,HKG,HKG,A08,28,1,1,NML,5,2025
1549.,B739,PKLHR,LNI,LNI267,LNI990,13/07:04,13/07:10,13/08:15,13/08:27,1:05:00,TRK,DPS,011,10,1,1,NML,5,2025
1550.,E135,T7JCI,AFS,T7JCI,T7JCI,13/06:55,13/06:58,13/07:19,13/07:26,0:21:53,CGK,CGK,A09,28,0,0,NML,5,2025
"1551.,DHC6,PKICP,PGT,PKICP,PKICP,10/11:22,10/11:22,13/07:58,13/08:04,""2 days, 20:36:00"",PAG,PAG,028,28,0,0,NML,5,2025"
1552.,B738,PKLBS,MXD,MXD352,MXD353,12/19:30,12/19:36,13/08:40,13/08:50,13:04:00,KUL,KUL,A04,28,1,1,NML,5,2025
1553.,A320,PKGLS,CTV,CTV355,CTV171,13/07:35,13/07:42,13/08:42,13/08:48,1:00:00,UPG,HLP,007,28,1,1,NML,5,2025
1554.,B739,PKLGW,LNI,LNI315,LNI222,13/07:47,13/07:53,13/08:50,13/08:58,0:57:00,BDJ,BDJ,009,28,1,1,NML,5,2025
1555.,A320,PKBKU,BTK,BTK6578,BTK6391,12/18:21,12/18:27,13/09:06,13/09:15,14:39:00,CGK,CGK,021,28,0,0,NML,5,2025
1556.,A320,PKSTG,SJV,SJV715,SJV618,12/15:21,13/00:28,13/09:13,13/09:13,17:44:00,LOP,BPN,C04,28,0,1,NML,5,2025
1557.,B738,PKLQZ,LNI,LNI837,LNI748,13/07:54,13/08:00,13/08:55,13/09:07,0:55:00,PNK,MDC,014,28,1,1,NML,5,2025
1558.,A320,PKGLU,CTV,CTV485,CTV486,13/08:25,13/08:29,13/09:05,13/09:11,0:36:00,BDJ,BDJ,005,28,1,1,NML,5,2025
1559.,B739,PKLFW,LNI,LNI683,LNI682,13/08:03,13/08:08,13/09:06,13/09:17,0:58:00,PKY,PKY,010,28,1,1,NML,5,2025
1560.,B738,PKGNM,GIA,GIA304,GIA342,13/08:20,13/08:27,13/09:18,13/09:28,0:51:00,CGK,DPS,004,28,1,1,NML,5,2025
1561.,A320,PKPWK,PAS,PAS200,PAS201,13/08:08,13/08:17,13/09:17,13/09:25,1:00:00,CGK,CGK,006,28,1,1,NML,5,2025
1562.,A320,PKSAF,SJV,SJV673,SJV642,12/20:29,12/20:32,13/09:25,13/09:35,12:53:00,BEJ,AAP,022,28,0,0,NML,5,2025
1563.,B738,9MMLM,MAS,MAS871,MAS870,13/09:09,13/09:11,13/09:56,13/10:07,0:45:00,KUL,KUL,A06,10,1,1,NML,5,2025
1564.,A359,9VSHU,SIA,SIA922,SIA923,13/09:05,13/09:12,13/10:10,13/10:24,0:58:00,SIN,SIN,A08,10,1,1,NML,5,2025
1565.,A320,PKGLG,CTV,CTV351,CTV350,13/09:39,13/09:43,13/10:36,13/10:43,0:53:00,UPG,UPG,006,10,1,1,NML,5,2025
1566.,B739,PKLHS,LNI,LNI970,LNI706,13/09:58,13/10:02,13/11:09,13/11:17,1:07:00,BTH,UPG,011,10,1,1,NML,5,2025
1567.,A320,9VTRT,TGW,TGW296,TGW297,13/09:44,13/09:48,13/10:39,13/10:57,0:51:00,SIN,SIN,A02,10,1,1,NML,5,2025
1568.,B739,PKLSV,LNI,LNI791,LNI973,13/09:37,13/09:41,13/11:00,13/11:09,1:19:00,UPG,BTH,012,10,1,1,NML,5,2025
1569.,A320,PKPWA,PAS,PAS210,PAS211,13/09:49,13/09:56,13/10:32,13/10:38,0:36:00,CGK,CGK,005,10,1,1,NML,5,2025
1570.,A320,PKLAI,BTK,BTK7513,BTK6585,13/10:20,13/10:26,13/11:18,13/11:26,0:52:00,HLP,CGK,008,10,1,1,NML,5,2025
1571.,A320,PKLUW,BTK,BTK6134,BTK6346,13/09:41,13/09:45,13/10:53,13/11:05,1:08:00,PKN,BEJ,010,10,1,1,NML,5,2025
1572.,B739,PKLHQ,LNI,LNI645,LNI822,13/10:18,13/10:22,13/11:17,13/11:28,0:55:00,LOP,LOP,15B,10,0,0,NML,5,2025
1573.,A320,PKBKR,BTK,BTK6584,BTK7516,13/10:27,13/10:31,13/11:28,13/11:41,0:57:00,CGK,HLP,009,10,1,1,NML,5,2025
1574.,B739,PKLSW,LNI,LNI694,LNI694,13/10:12,13/10:19,13/11:18,13/11:31,0:59:00,CGK,KOE,15A,10,0,0,NML,5,2025
1575.,B739,PKLFY,LNI,LNI697,LNI697,13/10:30,13/10:34,13/11:23,13/11:37,0:49:00,KOE,CGK,014,10,1,1,NML,5,2025
1576.,A320,PKAZJ,AWQ,AWQ321,AWQ322,13/10:34,13/10:39,13/11:04,13/11:21,0:25:00,KUL,KUL,A01,10,1,1,NML,5,2025
1577.,B738,PKGMX,GIA,GIA322,GIA327,13/10:01,13/10:04,13/11:37,13/11:52,1:33:00,CGK,CGK,004,10,1,1,NML,5,2025
1578.,A320,PKLUH,BTK,BTK7517,BTK7520,13/10:43,13/10:48,13/11:44,13/11:58,0:56:00,HLP,HLP,022,10,0,0,NML,5,2025
1579.,B738,9MLRL,MXD,MXD350,MXD351,13/10:48,13/10:53,13/11:44,13/12:01,0:51:00,KUL,KUL,A04,10,1,1,NML,5,2025
1580.,A333,ECODR,SVA,SVA4727,SVA5727,13/08:42,13/08:48,13/11:38,13/11:55,2:50:00,MED,KNO,017,10,1,1,NML,5,2025
1581.,B739,PKLHR,LNI,LNI805,LNI804,13/11:08,13/11:12,13/11:55,13/12:05,0:43:00,DPS,DPS,012,10,1,1,NML,5,2025
1582.,A320,PKSAK,SJV,SJV363,SJV362,13/11:03,13/11:08,13/12:19,13/12:28,1:11:00,KNO,KNO,010,10,1,1,NML,5,2025
1583.,A320,PKGQK,CTV,CTV461,CTV698,13/11:52,13/11:54,13/12:26,13/12:33,0:32:00,AAP,DPS,006,10,1,1,NML,5,2025
1584.,A320,PKBLD,BTK,BTK6582,BTK6581,13/11:33,13/11:38,13/12:24,13/13:05,0:46:00,CGK,CGK,008,10,1,1,NML,5,2025
1585.,A320,PKGQN,CTV,CTV9692,CTV9693,13/12:14,13/12:15,13/12:45,13/12:48,0:30:00,DPS,DPS,004,10,1,1,NML,5,2025
1586.,B739,PKLGW,LNI,LNI223,LNI680,13/11:45,13/11:49,13/12:42,13/12:48,0:53:00,BDJ,PKY,011,10,1,1,NML,5,2025
1587.,A320,PKSTI,SJV,SJV567,SJV636,13/11:36,13/11:41,13/12:34,13/12:39,0:53:00,PLW,BDJ,009,10,1,1,NML,5,2025
1588.,B739,PKLGO,LNI,LNI363,LNI780,13/06:16,13/06:21,13/12:39,13/12:45,6:18:00,BPN,UPG,024,10,0,0,NML,5,2025
1589.,A320,PKSAF,SJV,SJV641,SJV704,13/13:30,13/13:42,13/14:28,13/14:35,0:46:00,AAP,DPS,009,10,1,1,NML,5,2025
1590.,A320,PKPWL,PAS,PAS204,PAS205,13/11:47,13/11:51,13/13:17,13/13:25,1:26:00,CGK,CGK,005,10,1,1,NML,5,2025
1591.,B738,PKLOJ,LNI,LNI885,LNI722,12/20:04,12/20:09,13/13:32,13/13:39,17:23:00,UPG,KDI,018,10,0,0,NML,5,2025
1592.,A320,PKAZU,AWQ,AWQ387,AWQ324,13/12:59,13/13:04,13/13:39,13/13:45,0:35:00,PEN,KUL,A03,10,1,1,NML,5,2025
1593.,A320,PKGLU,CTV,CTV487,CTV668,13/12:09,13/12:11,13/13:24,13/13:29,1:13:00,BDJ,DPS,007,10,1,1,NML,5,2025
1594.,A320,PKBKL,BTK,BTK6596,BTK6595,13/12:50,13/12:56,13/13:53,13/14:00,0:57:00,CGK,CGK,008,10,1,1,NML,5,2025
1595.,A320,PKSJQ,SJV,SJV643,SJV726,13/15:00,13/15:02,13/15:54,13/15:59,0:52:02,AAP,LBJ,011,10,1,1,NML,5,2025
1596.,B738,PKLKV,LNI,LNI839,LNI836,13/13:00,13/13:05,13/14:09,13/14:15,1:04:00,PNK,PNK,011,10,1,1,NNL,5,2025
1597.,A320,PKGQM,CTV,CTV716,CTV717,13/13:50,13/13:57,13/14:34,13/14:38,0:37:00,CGK,CGK,006,10,1,1,NML,5,2025
1598.,A320,PKGTD,CTV,CTV431,CTV948,13/13:40,13/13:42,13/14:18,13/14:19,0:36:00,BPN,BTH,007,10,1,1,NML,5,2025
1599.,B738MAX,PKOFI,AFE,AFE920,AFE920,13/13:40,13/13:49,13/14:25,13/14:29,0:36:00,TIM,CGK,005,10,1,1,NML,5,2025
1600.,B739,PKLHI,LNI,LNI983,LNI910,13/13:50,13/13:53,13/14:48,13/14:52,0:55:00,PKU,DPS,010,10,1,1,NML,5,2025
1601.,B738,PKGUH,GIA,GIA312,GIA317,13/13:33,13/13:37,13/14:34,13/14:39,0:57:00,CGK,CGK,004,10,1,1,NML,5,2025
1602.,B739,PKLSP,LNI,LNI787,LNI260,13/13:40,13/13:48,13/14:41,13/14:49,0:53:00,UPG,BPN,15A,10,0,0,NML,5,2025
1603.,A320,9VJSX,JSA,JSA247,JSA248,13/14:00,13/14:09,13/15:04,13/15:09,0:55:00,SIN,SIN,A06,10,1,1,NML,5,2025
1604.,A320,PKLAL,BTK,BTK7515,BTK7514,13/13:52,13/14:04,13/14:58,13/15:02,0:54:00,HLP,HLP,15B,10,0,0,NML,5,2025
1605.,C208,PKVVO,SUS,PKVVO,PKVVO,13/12:50,13/12:55,13/16:02,13/16:04,3:07:46,BXW,SUP,C06,10,0,0,NML,5,2025
1606.,A320,PKPWE,PAS,PAS208,PAS209,13/13:47,13/14:00,13/14:54,13/15:03,0:54:00,CGK,CGK,008,10,1,1,NML,5,2025
1607.,B739,PKLHJ,LNI,LNI261,LNI642,13/14:04,13/14:13,13/15:06,13/15:10,0:53:00,BPN,LOP,018,10,0,0,NML,5,2025
1608.,B738,PKGFX,GIA,GIA330,GIA331,13/14:20,13/14:26,13/15:17,13/15:22,0:51:00,HLP,HLP,007,10,1,1,NML,5,2025
1609.,A320,PKLAI,BTK,BTK6406,BTK6220,13/14:50,13/14:53,13/15:44,13/15:50,0:51:00,CGK,BPN,009,10,1,1,NML,5,2025
1610.,B739,PKLHQ,LNI,LNI823,LNI920,13/14:06,13/14:15,13/16:21,13/16:30,2:06:00,LOP,DPS,014,10,1,1,NML,5,2025
1611.,A320,PKGQK,CTV,CTV699,CTV434,13/15:14,13/15:17,13/15:56,13/16:00,0:39:00,DPS,BPN,006,10,1,1,NML,5,2025
1612.,A320,PKLUH,BTK,BTK7501,BTK7512,13/15:20,13/15:23,13/16:13,13/16:20,0:50:00,HLP,HLP,010,10,1,1,NML,5,2025
1613.,B738,PKLQZ,LNI,LNI749,LNI581,13/14:50,13/14:59,13/15:52,13/15:58,0:53:00,MDC,CGK,008,10,1,1,NML,5,2025
1614.,A320,PKLUW,BTK,BTK6347,BTK6401,13/15:20,13/15:22,13/16:19,13/16:28,0:57:09,BEJ,CGK,007,10,1,1,NML,5,2025
1615.,B739,PKLHR,LNI,LNI919,LNI316,13/15:10,13/15:16,13/16:14,13/16:22,0:58:48,DPS,BDJ,15A,10,0,0,NML,5,2025
"1616.,A320,PKSTH,SJV,SJV619,SJV648,12/16:06,12/16:11,13/16:35,13/16:37,""1 day, 0:24:00"",BPN,BPN,020,10,0,0,NML,5,2025"
1617.,B738,PKGFW,GIA,GIA310,GIA315,13/15:23,13/15:26,13/16:24,13/16:33,0:58:51,CGK,CGK,004,10,1,1,NML,5,2025
1618.,A320,PKSJA,SJV,SJV635,SJV716,13/09:31,13/09:35,13/16:27,13/16:35,6:52:00,BDJ,LOP,021,10,0,0,NML,5,2025
1619.,B738MAX,9VMBH,SIA,SIA926,SIA927,13/15:45,13/15:45,13/16:38,13/16:45,0:53:00,SIN,SIN,A08,10,1,1,NML,5,2025
1620.,A320,PKPWI,PAS,PAS206,PAS623,13/15:30,13/15:34,13/16:37,13/16:41,1:03:00,CGK,BPN,005,10,1,1,NML,5,2025
1621.,B739,PKLSW,LNI,LNI695,LNI268,13/15:55,13/16:00,13/16:50,13/16:55,0:50:00,KOE,TRK,009,10,1,1,NML,5,2025
1622.,A320,PKGQN,CTV,CTV669,CTV721,13/16:07,13/16:10,13/16:57,13/17:05,0:47:00,DPS,CGK,008,10,1,1,NML,5,2025
1623.,B739,PKLGW,LNI,LNI681,LNI692,13/15:37,13/15:42,13/17:35,13/17:40,1:53:29,PKY,KOE,012,10,1,1,NML,5,2025
1624.,A320,PKGLS,CTV,CTV174,CTV488,13/16:00,13/16:03,13/17:00,13/17:15,0:57:00,HLP,BDJ,006,10,1,1,NML,5,2025
1625.,B739,PKLHH,LNI,LNI972,LNI226,13/16:14,13/16:18,13/17:11,13/17:19,0:53:00,BTH,BDJ,011,10,1,1,NML,5,2025
1626.,A320,PKBKG,BTK,BTK6578,BTK7579,13/16:35,13/16:40,13/17:32,13/17:38,0:52:00,CGK,CGK,010,10,1,1,NML,5,2025
1627.,B738,PKLPK,LNI,LNI879,LNI838,13/15:00,13/15:11,13/17:22,13/17:27,2:11:00,AMQ,PNK,022,10,0,0,NML,5,2025
1628.,A320,PKAZJ,AWQ,AWQ323,AWQ326,13/16:55,13/16:57,13/17:32,13/17:37,0:35:00,KUL,KUL,A03,10,1,1,NML,5,2025
1629.,A320,PKSAF,SJV,SJV723,SJV708,13/18:44,13/18:47,13/19:36,13/19:45,0:49:00,DPS,DPS,010,10,1,1,NML,5,2025
1630.,A320,PKPWA,PAS,PAS622,PAS207,13/17:22,13/17:24,13/18:20,13/18:25,0:56:00,BPN,CGK,006,10,1,1,NML,5,2025
1631.,B738,PKGNM,GIA,GIA349,GIA313,13/17:35,13/17:38,13/18:33,13/18:37,0:55:00,DPS,CGK,005,10,1,1,NML,5,2025
1632.,B738,PKCLE,SJY,SJY567,SJY562,13/17:31,13/17:35,13/18:21,13/18:26,0:46:00,UPG,UPG,011,10,1,1,NML,5,2025
1633.,A333,ECNOF,SVA,SVA4189,SVA5189,13/15:40,13/15:49,13/18:38,13/18:46,2:49:00,MED,KNO,017,10,1,1,NML,5,2025
1634.,A320,PKLUS,BTK,BTK7503,BTK7502,13/19:20,13/19:24,13/20:02,13/20:12,0:38:00,HLP,HLP,008,10,1,1,NML,5,2025
1635.,B738,PKGUE,GIA,GIA320,GIA325,13/17:15,13/17:18,13/18:51,13/19:00,1:33:00,CGK,CGK,004,10,1,1,NML,5,2025
1636.,B738MAX,9VMBA,SIA,SIA928,SIA929,13/18:55,13/18:56,13/20:04,13/20:14,1:08:00,SIN,SIN,A06,10,1,1,NML,5,2025
1637.,B738,PKLDJ,BTK,BTK6576,BTK6575,13/18:25,13/18:28,13/19:13,13/19:21,0:45:00,CGK,CGK,008,10,1,1,NML,5,2025
1638.,B788,9VOJE,TGW,TGW266,TGW267,13/20:40,13/20:47,13/21:52,13/22:02,1:05:00,SIN,SIN,A07,10,1,1,NML,5,2025
1639.,B739,PKLHP,LNI,LNI692,LNI880,13/16:24,13/16:28,13/19:51,13/19:59,3:22:01,CGK,UPG,15B,10,0,0,NML,5,2025
1640.,A320,PKPWK,PAS,PAS202,PAS203,13/18:59,13/19:02,13/19:51,13/19:56,0:49:00,CGK,CGK,005,10,1,1,NML,5,2025
1641.,A320,PKGLU,CTV,CTV172,CTV173,13/19:05,13/19:07,13/19:45,13/19:56,0:38:00,HLP,HLP,004,10,1,1,NML,5,2025
1642.,A320,PKGQU,CTV,CTV489,CTV9664,13/19:28,13/19:33,13/20:00,13/20:10,0:27:00,BDJ,DPS,003,10,0,0,NML,5,2025
1643.,B738,PKGUH,GIA,GIA326,GIA319,13/18:53,13/18:56,13/20:09,13/20:19,1:13:00,CGK,CGK,007,10,1,1,NML,5,2025
1644.,A320,PKGQK,CTV,CTV435,CTV737,13/19:25,13/19:29,13/20:16,13/20:30,0:47:00,BPN,CGK,006,10,1,1,NML,5,2025
1645.,A320,PKGLY,CTV,CTV949,CTV693,13/19:31,13/19:34,13/20:16,13/20:26,0:42:00,BTH,DPS,009,10,1,1,NML,5,2025
1646.,A320,PKGQL,CTV,CTV724,CTV354,13/20:10,13/20:13,13/21:05,13/21:15,0:52:00,CGK,UPG,003,10,0,0,NML,5,2025
1647.,A320,PKGQN,CTV,CTV736,CTV352,13/20:38,13/20:41,13/21:21,13/21:31,0:40:00,CGK,UPG,007,10,1,1,NML,5,2025
1648.,A320,PKLUJ,BTK,BTK6137,BTK6136,13/20:26,13/20:30,13/21:52,13/22:04,1:22:00,UPG,UPG,010,10,1,1,NML,5,2025
1649.,A320,PKGQU,CTV,CTV9665,CTV9662,13/22:27,13/22:31,13/23:33,13/23:40,1:02:00,DPS,DPS,003,10,0,0,NML,5,2025
1650.,A333,ECNOG,SVA,SVA4723,SVA5723,13/20:47,13/20:55,13/23:43,13/23:52,2:48:00,MED,KNO,017,10,1,1,NML,5,2025
1651.,A333,ECODQ,SVA,SVA4777,SVA5777,14/00:48,14/00:52,14/03:37,14/03:51,2:45:00,MED,KNO,017,10,1,1,NML,5,2025
1652.,B738,PKLOJ,LNI,LNI727,LNI878,13/17:51,13/17:57,14/05:04,14/05:13,11:06:41,KDI,AMQ,020,10,0,0,NML,5,2025
1653.,A320,PKSAE,SJV,SJV615,SJV610,13/21:02,13/21:06,14/05:01,14/05:09,7:55:00,BPN,BPN,15A,10,0,0,NML,5,2025
1654.,A320,PKAZU,AWQ,AWQ325,AWQ320,13/19:08,13/19:13,14/05:02,14/05:11,9:49:00,KUL,KUL,A03,10,1,1,NML,5,2025
1655.,A320,PKLUV,BTK,BTK6588,BTK7508,13/21:11,13/21:16,14/04:52,14/05:04,7:36:00,CGK,HLP,009,10,1,1,NML,5,2025
1656.,B738,PKLOH,LNI,LNI885,LNI6003,13/18:50,13/18:53,14/05:07,14/05:17,10:13:54,UPG,PNK,C05,10,0,0,NML,5,2025
1657.,B739,PKLHJ,LNI,LNI865,LNI786,13/18:12,13/18:16,14/05:09,14/05:19,10:52:27,LOP,UPG,022,10,0,0,NML,5,2025
1658.,A320,PKGLT,CTV,CTV720,CTV430,13/23:24,13/23:28,14/05:02,14/05:15,5:34:00,CGK,BPN,007,10,1,1,NML,5,2025
1659.,B738,PKGFI,GIA,GIA855,GIA301,13/21:04,13/23:00,14/05:07,14/05:21,7:55:00,SIN,CGK,004,10,1,1,NML,5,2025
1660.,A320,PKBLA,BTK,BTK7521,BTK6132,13/21:40,13/21:44,14/05:23,14/05:33,7:39:00,HLP,LOP,15B,10,0,0,NML,5,2025
1661.,A320,PKGQN,CTV,CTV353,CTV670,14/05:07,14/05:11,14/05:56,14/06:08,0:45:00,UPG,LOP,007,10,1,1,NML,5,2025
1662.,A320,PKGLY,CTV,CTV9663,CTV725,13/22:49,13/22:53,14/05:51,14/06:01,6:58:00,DPS,CGK,008,10,1,1,NML,5,2025
1663.,B738,PKLSF,LNI,LNI690,LNI690,14/05:03,14/05:07,14/06:02,14/06:14,0:55:00,CGK,KOE,009,10,1,1,NML,5,2025
1664.,A320,PKLAI,BTK,BTK6221,BTK6589,13/19:15,13/19:17,14/06:01,14/06:12,10:44:00,BPN,CGK,014,10,1,1,NML,5,2025
1665.,A320,PKSAF,SJV,SJV727,SJV640,13/22:20,13/22:24,14/06:06,14/06:16,7:42:00,DPS,AAP,010,10,1,1,NML,5,2025
1666.,A320,PKSJF,SJV,SJV619,SJV706,13/15:50,13/15:53,14/05:56,14/06:06,14:02:09,BPN,DPS,C04,10,0,0,NML,5,2025
1667.,A320,PKPWN,PAS,PAS212,PAS213,13/20:31,13/20:35,14/05:58,14/06:10,9:23:00,CGK,CGK,006,10,1,1,NML,5,2025
1668.,A320,PKBKV,BTK,BTK6413,BTK6412,13/19:50,13/19:54,14/06:15,14/06:19,10:21:00,DPS,DPS,012,10,1,1,NML,5,2025
1669.,B739,PKLHH,LNI,LNI311,LNI971,14/05:55,14/05:59,14/06:51,14/06:59,0:52:00,BDJ,BTH,15A,10,0,0,NML,5,2025
1670.,B738,PKLZV,BTK,BTK6370,BTK6597,14/06:13,14/06:19,14/07:11,14/07:18,0:52:00,CGK,CGK,009,10,1,1,NML,5,2025
1671.,A320,PKLUW,BTK,BTK6594,BTK6135,13/20:22,13/20:26,14/06:57,14/07:06,10:31:00,CGK,PKN,011,10,1,1,NML,5,2025
1672.,B738,PKGFH,GIA,GIA328,GIA305,13/19:54,13/19:57,14/07:00,14/07:15,11:03:00,CGK,CGK,005,10,1,1,NML,5,2025
1673.,B738,PKGFQ,GIA,GIA324,GIA854,13/20:43,13/22:32,14/07:05,14/07:10,10:17:00,CGK,SIN,A02,10,1,1,NML,5,2025
1674.,B739,PKLSP,LNI,LNI363,LNI646,14/06:20,14/06:25,14/07:14,14/07:15,0:48:12,BPN,LOP,15B,10,0,0,NML,5,2025
1675.,A320,PKLAL,BTK,BTK7511,BTK7510,14/06:40,14/06:47,14/07:35,14/07:39,0:48:00,HLP,HLP,008,10,1,1,NML,5,2025
1676.,A320,PKAZJ,AWQ,AWQ327,AWQ392,13/23:18,13/23:22,14/07:23,14/07:29,8:01:00,KUL,JHB,A01,10,1,1,NML,5,2025
1677.,A320,PKGQU,CTV,CTV690,CTV460,14/07:20,14/07:22,14/08:06,14/08:12,0:44:00,DPS,AAP,005,10,1,1,NML,5,2025
1678.,B739,PKLGW,LNI,LNI693,LNI693,14/07:09,14/07:13,14/07:58,14/08:02,0:45:00,KOE,CGK,012,10,1,1,NML,5,2025
"1679.,AW139,PKTVN,TVR,PKTVN,PKTVN,10/13:41,10/13:45,14/07:48,14/07:55,""3 days, 18:03:00"",ZZZZ,MBH,H02,10,0,0,NML,5,2025"
1680.,A320,PKGQI,CTV,CTV170,CTV175,14/07:13,14/07:18,14/08:02,14/08:06,0:44:00,HLP,HLP,007,10,1,1,NML,5,2025
1681.,A320,PKGQP,CTV,CTV712,CTV713,14/07:16,14/07:20,14/08:12,14/08:15,0:52:00,CGK,CGK,006,10,1,1,NML,5,2025
1682.,A333,BLBF,CPA,CPA779,CPA780,13/18:14,13/18:20,14/08:07,14/08:10,13:47:00,HKG,HKG,A08,10,1,1,NML,5,2025
1683.,B739,PKLSW,LNI,LNI267,LNI990,14/07:26,14/07:32,14/08:28,14/08:32,0:56:00,TRK,DPS,010,10,1,1,NML,5,2025
1684.,A320,PKGTK,CTV,CTV355,CTV171,14/07:45,14/07:48,14/08:38,14/08:39,0:50:00,UPG,HLP,008,10,1,1,NML,5,2025
1685.,B738,PKLBS,MXD,MXD352,MXD353,13/19:33,13/19:40,14/08:41,14/08:46,13:01:00,KUL,KUL,A04,10,1,1,NML,5,2025
1686.,B739,PKLSO,LNI,LNI929,LNI222,14/07:06,14/07:11,14/08:57,14/09:02,1:46:00,DPS,BDJ,014,10,1,1,NML,5,2025
1687.,A320,PKBLA,BTK,BTK6133,BTK6391,14/08:12,14/08:15,14/09:05,14/09:10,0:50:00,LOP,CGK,009,10,1,1,NML,5,2025
1688.,B739,PKLHL,LNI,LNI315,LNI856,14/07:54,14/07:58,14/08:56,14/09:00,0:58:00,BDJ,PLM,15A,10,0,0,NML,5,2025
1689.,A320,PKSTG,SJV,SJV649,SJV618,14/07:49,14/07:53,14/09:00,14/09:12,1:07:00,BPN,BPN,011,10,1,1,NML,5,2025
1690.,B739,PKLHS,LNI,LNI707,LNI748,13/15:00,13/15:08,14/09:08,14/09:12,18:00:00,UPG,MDC,023,10,0,0,NML,5,2025
1691.,A320,PKGQN,CTV,CTV671,CTV486,14/08:43,14/08:46,14/09:23,14/09:29,0:37:00,LOP,BDJ,006,10,1,1,NML,5,2025
1692.,B739,PKLSR,LNI,LNI683,LNI682,14/08:04,14/08:08,14/09:07,14/09:14,0:59:00,PKY,PKY,15B,10,0,0,NML,5,2025
1693.,B738,PKGNC,GIA,GIA304,GIA342,14/08:08,14/08:12,14/09:13,14/09:16,1:01:00,CGK,DPS,004,10,1,1,NML,5,2025
1694.,A320,PKSJF,SJV,SJV703,SJV702,14/08:16,14/08:23,14/09:27,14/09:37,1:04:00,DPS,DPS,012,10,1,1,NML,5,2025
1695.,B738MAX,9MMVH,MAS,MAS871,MAS870,14/08:56,14/09:05,14/09:47,14/09:49,0:42:00,KUL,KUL,A07,10,1,1,NML,5,2025
1696.,B733F,PKMYV,MYU,MYU935,MYU815,14/09:40,14/09:43,14/10:20,14/10:26,0:37:00,SRG,CGK,C02,10,0,0,NML,5,2025
1697.,A359,9VSHQ,SIA,SIA922,SIA923,14/09:35,14/09:40,14/10:38,14/10:46,0:58:00,SIN,SIN,A08,10,1,1,NML,5,2025
1698.,A320,PKGLV,CTV,CTV351,CTV350,14/09:26,14/09:29,14/10:09,14/10:12,0:40:00,UPG,UPG,007,10,1,1,NML,5,2025
1699.,B739,PKLHI,LNI,LNI923,LNI706,13/17:26,13/17:30,14/10:33,14/10:38,17:03:00,DPS,UPG,021,10,0,0,NML,5,2025
1700.,A20N,9VTNF,TGW,TGW296,TGW297,14/10:05,14/10:09,14/10:56,14/11:07,0:47:00,SIN,SIN,A02,10,1,1,NML,5,2025
1701.,A320,PKPWN,PAS,PAS210,PAS211,14/09:32,14/09:35,14/10:35,14/10:37,1:00:00,CGK,CGK,005,10,1,1,NML,5,2025
1702.,A320,PKLUW,BTK,BTK6134,BTK6346,14/09:40,14/09:45,14/10:41,14/10:56,0:56:00,PKN,BEJ,008,10,1,1,NML,5,2025
1703.,A320,PKLUH,BTK,BTK7513,BTK7516,14/10:13,14/10:17,14/11:02,14/11:15,0:45:00,HLP,HLP,010,10,1,1,NML,5,2025
1704.,A320,PKLAI,BTK,BTK6584,BTK6585,14/10:10,14/10:14,14/11:05,14/11:17,0:51:00,CGK,CGK,009,10,1,1,NML,5,2025
1705.,B739,PKLSP,LNI,LNI645,LNI694,14/10:14,14/10:22,14/12:09,14/12:21,1:47:00,LOP,KOE,011,10,1,1,NML,5,2025
1706.,A320,PKAZU,AWQ,AWQ321,AWQ322,14/10:41,14/10:47,14/11:21,14/11:31,0:34:00,KUL,KUL,A01,10,1,1,NML,5,2025
1707.,B738,PKLSF,LNI,LNI697,LNI697,14/10:38,14/10:43,14/11:32,14/11:48,0:49:00,KOE,CGK,014,10,1,1,NML,5,2025
1708.,B739,PKLGS,LNI,LNI791,LNI822,14/10:19,14/10:29,14/11:17,14/11:26,0:48:00,UPG,LOP,012,10,1,1,NML,5,2025
1709.,A320,PKLAL,BTK,BTK7517,BTK7520,14/11:00,14/11:04,14/11:53,14/12:04,0:49:00,HLP,HLP,008,10,1,1,NML,5,2025
1710.,B738,PKGMC,GIA,GIA322,GIA327,14/10:16,14/10:18,14/11:30,14/11:44,1:12:00,CGK,CGK,004,10,1,1,NML,5,2025
1711.,B738MAX,9MLRW,MXD,MXD350,MXD351,14/10:49,14/10:55,14/11:30,14/11:56,0:35:00,KUL,KUL,A03,10,1,1,NML,5,2025
1712.,B739,PKLSY,LNI,LNI805,LNI804,14/11:09,14/11:14,14/11:58,14/12:09,0:44:00,DPS,DPS,009,10,1,1,NML,5,2025
1713.,A320,PKGQU,CTV,CTV461,CTV698,14/11:42,14/11:45,14/12:14,14/12:29,0:29:00,AAP,DPS,006,10,1,1,NML,5,2025
1714.,A320,PKGLG,CTV,CTV9692,CTV9693,14/11:29,14/11:33,14/12:19,14/12:32,0:46:00,DPS,DPS,007,10,1,1,NML,5,2025
1715.,A320,PKSTI,SJV,SJV637,SJV636,13/15:24,13/15:31,14/12:31,14/12:42,20:59:01,BDJ,BDJ,025,10,0,0,NML,5,2025
1716.,B739,PKLSO,LNI,LNI223,LNI680,14/11:45,14/11:50,14/12:42,14/12:51,0:52:00,BDJ,PKY,012,10,1,1,NML,5,2025
1717.,B739,PKLSK,LNI,LNI801,LNI780,14/11:24,14/11:29,14/12:24,14/12:34,0:55:00,UPG,UPG,15A,10,0,0,NML,5,2025
1718.,B735,PKNAS,LKN,LKN193,LKN242,14/11:36,14/11:41,14/12:29,14/12:40,0:48:00,PKN,SMQ,014,10,1,1,NML,5,2025
1719.,A320,PKBKM,BTK,BTK6596,BTK6595,14/12:38,14/12:42,14/13:41,14/13:51,0:59:00,CGK,CGK,009,10,1,1,NML,5,2025
1720.,A320,PKAZJ,AWQ,AWQ393,AWQ324,14/12:11,14/12:16,14/13:16,14/13:29,1:00:00,JHB,KUL,A03,10,1,1,NML,5,2025
1721.,A320,PKPWA,PAS,PAS204,PAS205,14/12:06,14/12:09,14/13:14,14/13:26,1:05:00,CGK,CGK,005,10,1,1,NML,5,2025
1722.,A320,PKGQH,CTV,CTV487,CTV668,14/12:26,14/12:30,14/13:29,14/13:37,0:59:00,BDJ,DPS,008,10,1,1,NML,5,2025
1723.,B739,PKLHL,LNI,LNI857,LNI722,14/13:23,14/13:27,14/14:26,14/14:38,0:59:00,PLM,KDI,010,10,1,1,NML,5,2025
1724.,A320,PKSAF,SJV,SJV641,SJV726,14/09:50,14/09:54,14/14:02,14/14:11,4:08:00,AAP,LBJ,020,10,0,0,NML,5,2025
1725.,B738,PKLKV,LNI,LNI839,LNI836,14/12:57,14/13:02,14/14:04,14/14:16,1:02:00,PNK,PNK,011,10,1,1,NML,5,2025
1726.,A320,PKGLT,CTV,CTV431,CTV948,14/13:33,14/13:37,14/14:17,14/14:29,0:40:00,BPN,BTH,007,10,1,1,NML,5,2025
1727.,B738,PKGUH,GIA,GIA312,GIA317,14/13:27,14/13:31,14/14:32,14/14:49,1:01:00,CGK,CGK,004,10,1,1,NML,5,2025
1728.,B739,PKLGS,LNI,LNI823,LNI260,14/14:14,14/14:18,14/15:17,14/15:30,0:59:00,LOP,BPN,011,10,1,1,NML,5,2025
1729.,A320,9VJSY,JSA,JSA247,JSA248,14/13:55,14/14:00,14/14:44,14/14:59,0:44:00,SIN,SIN,A07,10,1,1,NML,5,2025
1730.,A320,PKGQO,CTV,CTV716,CTV717,14/13:49,14/13:52,14/14:40,14/14:52,0:48:00,CGK,CGK,006,10,1,1,NML,5,2025
1731.,A320,PKLUQ,BTK,BTK7515,BTK7514,14/13:40,14/13:45,14/14:45,14/15:02,1:00:00,HLP,HLP,012,10,1,1,NML,5,2025
1732.,B738,PKGFV,GIA,GIA330,GIA331,14/14:05,14/14:09,14/15:08,14/15:25,0:59:00,HLP,HLP,005,10,1,1,NML,5,2025
1733.,A320,PKLAI,BTK,BTK6406,BTK6220,14/14:36,14/14:40,14/15:33,14/15:43,0:53:00,CGK,BPN,009,10,1,1,NML,5,2025
1734.,B739,PKLSY,LNI,LNI919,LNI642,14/14:39,14/14:43,14/15:44,14/15:54,1:01:00,DPS,LOP,014,10,1,1,NML,5,2025
1735.,B735,PKNAQ,LKN,LKN243,LKN192,14/15:09,14/15:12,14/15:46,14/15:58,0:34:00,SMQ,PKN,010,10,1,1,NML,5,2025
1736.,A320,PKGTD,CTV,CTV699,CTV434,14/15:02,14/15:06,14/15:44,14/15:56,0:38:00,DPS,BPN,006,10,1,1,NML,5,2025
1737.,A320,PKLAL,BTK,BTK7501,BTK7512,14/15:22,14/15:26,14/16:15,14/16:23,0:49:00,HLP,HLP,008,10,1,1,NML,5,2025
1738.,B738,PKLOH,LNI,LNI837,LNI581,14/09:10,14/09:13,14/16:03,14/16:12,6:50:00,PNK,CGK,022,10,0,0,NML,5,2025
1739.,B738,9MMXI,MAS,MAS873,MAS872,14/14:47,14/14:54,14/15:48,14/16:02,0:54:00,KUL,KUL,A06,10,1,1,NML,5,2025
1740.,A320,PKLUW,BTK,BTK6347,BTK6401,14/15:16,14/15:21,14/16:15,14/16:38,0:54:00,BEJ,CGK,15A,10,0,0,NML,5,2025
1741.,B739,PKLHI,LNI,LNI707,LNI316,14/15:11,14/15:15,14/16:23,14/16:35,1:08:00,UPG,BDJ,15B,10,0,0,NML,5,2025
1742.,A320,PKSTI,SJV,SJV637,SJV648,14/15:51,14/15:59,14/16:54,14/17:07,0:55:00,BDJ,BPN,012,10,1,1,NML,5,2025
1743.,B738MAX,9VMBF,SIA,SIA926,SIA927,14/15:31,14/15:36,14/16:20,14/16:32,0:44:00,SIN,SIN,A08,10,1,1,NML,5,2025
1744.,B738,PKGNF,GIA,GIA310,GIA315,14/15:20,14/15:23,14/16:28,14/16:40,1:05:00,CGK,CGK,004,10,1,1,NML,5,2025
1745.,A320,PKLUW,BTK,BTK6401A,BTK6401A,14/16:12,14/16:17,14/16:29,14/16:40,0:12:00,SUB,CGK,15A,10,0,0,NML,5,2025
1746.,A320,PKPWC,PAS,PAS206,PAS623,14/15:39,14/15:43,14/16:40,14/16:53,0:57:00,CGK,BPN,005,10,1,1,NML,5,2025
1747.,B739,PKLSO,LNI,LNI681,LNI268,14/15:35,14/15:39,14/16:48,14/17:00,1:09:00,PKY,TRK,011,10,1,1,NML,5,2025
1748.,B739,PKLFW,LNI,LNI692,LNI692,14/16:20,14/16:25,14/17:13,14/17:24,0:48:00,CGK,KOE,014,10,1,1,NML,5,2025
1749.,A320,PKGQU,CTV,CTV669,CTV488,14/15:59,14/16:03,14/16:53,14/17:05,0:50:00,DPS,BDJ,006,10,1,1,NML,5,2025
1750.,B739,PKLHH,LNI,LNI972,LNI226,14/16:29,14/16:34,14/17:35,14/17:46,1:01:00,BTH,BDJ,009,10,1,1,NML,5,2025
1751.,B738,PKLOJ,LNI,LNI879,LNI838,14/15:06,14/15:10,14/17:28,14/17:39,2:18:00,AMQ,PNK,021,10,0,0,NML,5,2025
1752.,A320,PKAZU,AWQ,AWQ323,AWQ326,14/17:03,14/17:08,14/17:43,14/17:53,0:35:00,KUL,KUL,A03,10,1,1,NML,5,2025
"1753.,A320,PKSJC,SJV,SJV703,SJV708,13/12:20,13/14:56,14/18:34,14/18:45,""1 day, 6:13:00"",DPS,DPS,024,10,0,1,NML,5,2025"
1754.,A320,PKPWN,PAS,PAS622,PAS207,14/17:18,14/17:21,14/18:06,14/18:22,0:45:00,BPN,CGK,006,10,1,1,NML,5,2025
1755.,A333,ECODR,SVA,SVA4331,SVA5331,14/15:26,14/15:35,14/18:19,14/18:36,2:44:00,MED,KNO,017,10,1,1,NML,5,2025
1756.,B738,PKCRH,SJY,SJY567,SJY562,14/17:56,14/18:01,14/18:42,14/18:58,0:41:00,UPG,UPG,011,10,1,1,NML,5,2025
1757.,B738,PKGNC,GIA,GIA349,GIA313,14/17:31,14/17:34,14/18:28,14/18:40,0:54:00,DPS,CGK,005,10,1,1,NML,5,2025
1758.,A320,PKSAF,SJV,SJV725,SJV716,14/17:34,14/17:38,14/18:29,14/18:41,0:51:00,LBJ,LOP,010,10,1,1,NML,5,2025
1759.,B738,PKGFR,GIA,GIA320,GIA325,14/17:42,14/17:45,14/18:48,14/19:02,1:03:00,CGK,CGK,004,10,1,1,NML,5,2025
1760.,B738MAX,9VMBC,SIA,SIA928,SIA929,14/18:30,14/18:37,14/19:30,14/19:43,0:53:00,SIN,SIN,A06,10,1,1,NML,5,2025
1761.,B738,PKBGZ,BTK,BTK6576,BTK6575,14/19:49,14/19:56,14/20:52,14/21:07,0:56:00,CGK,CGK,011,10,1,1,NML,5,2025
1762.,A320,PKGLY,CTV,CTV949,CTV9664,14/18:33,14/18:37,14/19:11,14/19:23,0:34:00,BTH,DPS,006,10,1,1,NML,5,2025
1763.,A320,PKGLV,CTV,CTV489,CTV693,14/18:52,14/18:56,14/19:28,14/19:37,0:32:00,BDJ,DPS,007,10,1,1,NML,5,2025
1764.,A320,PKLUH,BTK,BTK7519,BTK7518,14/18:56,14/19:00,14/19:51,14/20:00,0:51:00,HLP,HLP,010,10,1,1,NML,5,2025
1765.,B739,PKLSY,LNI,LNI865,LNI880,14/18:19,14/18:25,14/20:20,14/20:30,1:55:00,LOP,UPG,021,10,0,0,NML,5,2025
1766.,A320,PKGLS,CTV,CTV736,CTV352,14/19:06,14/19:11,14/19:56,14/20:11,0:45:00,CGK,UPG,008,10,1,1,NML,5,2025
1767.,A320,PKPWE,PAS,PAS202,PAS203,14/19:03,14/19:07,14/19:50,14/20:05,0:43:00,CGK,CGK,004,10,1,1,NML,5,2025
1768.,B738,PKGUA,GIA,GIA326,GIA319,14/18:43,14/18:47,14/19:57,14/20:11,1:10:00,CGK,CGK,005,10,1,1,NML,5,2025
1769.,A320,PKGTD,CTV,CTV435,CTV737,14/19:12,14/19:16,14/20:10,14/20:20,0:54:00,BPN,CGK,009,10,1,1,NML,5,2025
1770.,A320,PKGQL,CTV,CTV724,CTV354,14/19:52,14/19:58,14/20:33,14/20:45,0:35:00,CGK,UPG,007,10,1,1,NML,5,2025
1771.,A320,PKLUG,BTK,BTK6137,BTK6136,14/20:07,14/20:11,14/22:04,14/22:11,1:53:00,UPG,UPG,010,10,1,1,NML,5,2025
1772.,A333,ECNOF,SVA,SVA4689,SVA5689,14/23:02,14/23:10,15/01:24,15/01:38,2:14:00,MED,KNO,017,10,1,1,NML,5,2025
1773.,A320,PKAZJ,AWQ,AWQ325,AWQ320,14/19:00,14/19:06,15/05:00,15/05:14,9:54:00,KUL,KUL,A01,28,1,1,NML,5,2025
1774.,B739,PKLHL,LNI,LNI727,LNI878,14/18:37,14/18:42,15/04:57,15/05:10,10:15:00,KDI,AMQ,15A,28,0,0,NML,5,2025
"1775.,A320,PKSJQ,SJV,SJV725,SJV610,13/19:23,13/19:28,15/04:55,15/05:06,""1 day, 9:27:00"",LBJ,BPN,C03,28,0,0,NML,5,2025"
1776.,A320,PKBKJ,BTK,BTK6588,BTK7508,14/22:25,14/22:35,15/05:00,15/05:12,6:25:00,CGK,HLP,008,28,1,1,NML,5,2025
1777.,B739,PKLHS,LNI,LNI749,LNI786,14/14:59,14/23:55,15/05:12,15/05:25,14:06:00,MDC,UPG,010,10,1,1,NML,5,2025
1778.,A320,PKGTK,CTV,CTV174,CTV430,14/16:08,14/16:12,15/05:21,15/05:34,13:09:00,HLP,BPN,003,10,0,0,NML,5,2025
1779.,B738,PKGFQ,GIA,GIA855,GIA301,14/20:12,15/00:10,15/05:08,15/05:22,8:51:00,SIN,CGK,004,10,1,1,NML,5,2025
1780.,A320,PKLAI,BTK,BTK6221,BTK6132,14/19:16,14/19:20,15/05:21,15/05:31,10:01:00,BPN,LOP,012,10,1,1,NML,5,2025
1781.,B739,PKLVF,LNI,LNI690,LNI690,15/05:08,15/05:14,15/06:03,15/06:16,0:49:00,CGK,KOE,008,10,1,1,NML,5,2025
1782.,A320,PKGQL,CTV,CTV353,CTV484,15/05:03,15/05:11,15/05:47,15/05:57,0:36:00,UPG,BDJ,007,10,1,1,NML,5,2025
1783.,A320,PKGLY,CTV,CTV9665,CTV725,14/22:30,14/22:40,15/05:42,15/05:54,7:02:00,DPS,CGK,006,10,1,1,NML,5,2025
1784.,B738,PKLQZ,LNI,LNI885,LNI868,14/19:08,14/19:13,15/05:56,15/06:05,10:43:00,UPG,TTE,024,10,0,0,NML,5,2025
1785.,A320,PKLAJ,BTK,BTK6578,BTK6589,14/16:25,14/16:31,15/06:01,15/06:10,13:30:00,CGK,CGK,023,10,0,0,NML,5,2025
1786.,A320,V8RBD,RBA,RBA795,RBA796,14/19:56,14/20:02,15/05:55,15/06:02,9:53:00,BWN,BWN,A07,10,1,1,NML,5,2025
1787.,A320,PKSAZ,SJV,SJV727,SJV706,14/21:24,14/21:27,15/06:24,15/06:36,8:57:00,DPS,DPS,021,10,0,0,NML,5,2025
1788.,A320,PKAZU,AWQ,AWQ327,AWQ386,14/23:14,14/23:21,15/06:08,15/06:19,6:47:00,KUL,PEN,A06,10,1,1,NML,5,2025
1789.,A320,PKBKV,BTK,BTK6413,BTK6412,14/20:27,14/20:31,15/06:16,15/06:26,9:45:00,DPS,DPS,014,10,1,1,NML,5,2025
1790.,B739,PKLSP,LNI,LNI695,LNI971,14/16:50,14/16:55,15/06:31,15/06:40,13:36:00,KOE,BTH,022,10,0,0,NML,5,2025
1791.,C208,PKVVO,SUS,PKVVO,PKVVO,14/14:21,14/14:25,15/07:17,15/07:20,16:52:00,BXW,BXW,C07,10,0,0,NML,5,2025
1792.,A320,PKLUS,BTK,BTK7521,BTK6135,14/21:05,14/21:08,15/07:01,15/07:17,9:53:00,HLP,PKN,011,10,1,1,NML,5,2025
1793.,A320,PKSAK,SJV,SJV717,SJV8011,15/06:13,15/06:17,15/07:23,15/07:34,1:06:00,LOP,UPG,023,10,0,0,NML,5,2025
1794.,B738,PKGNH,GIA,GIA324,GIA305,15/01:13,15/01:16,15/07:00,15/07:15,5:44:00,CGK,CGK,005,10,1,1,NML,5,2025
1795.,B738,PKGFS,GIA,GIA328,GIA854,14/20:18,14/23:47,15/06:56,15/07:13,10:35:00,CGK,SIN,A02,10,1,1,NML,5,2025
1796.,B739,PKLJI,LNI,LNI311,LNI882,15/06:08,15/06:12,15/07:06,15/07:19,0:54:00,BDJ,UPG,012,10,1,1,NML,5,2025
1797.,A333,ECNOG,SVA,SVA4161,SVA5161,15/04:09,15/04:14,15/07:10,15/07:23,2:56:00,MED,KNO,017,10,1,1,NML,5,2025
1798.,B739,PKLQT,LNI,LNI363,LNI266,15/06:21,15/06:26,15/07:18,15/07:26,0:52:00,BPN,BPN,15A,10,0,0,NML,5,2025
1799.,A320,PKSTG,SJV,SJV615,SJV640,14/20:53,14/20:56,15/07:33,15/07:46,10:37:00,BPN,AAP,009,10,1,1,NML,5,2025
1800.,A320,PKLUH,BTK,BTK7511,BTK7510,15/06:33,15/06:37,15/07:38,15/07:46,1:01:00,HLP,HLP,010,10,1,1,NML,5,2025
1801.,A320,PKGLV,CTV,CTV690,CTV460,15/06:42,15/06:46,15/07:39,15/07:49,0:53:00,DPS,AAP,004,10,1,1,NML,5,2025
1802.,B739,PKLFW,LNI,LNI693,LNI693,15/07:03,15/07:09,15/07:59,15/08:11,0:50:00,KOE,CGK,15B,10,0,0,NML,5,2025
1803.,B739,PKLFK,LNI,LNI694,LNI982,14/10:20,14/10:28,15/07:59,15/08:13,21:31:00,CGK,PKU,026,10,0,0,NML,5,2025
1804.,A21N,B32L7,CSN,CSN8137,CSN8138,14/21:08,14/21:15,15/07:37,15/07:47,10:22:00,CAN,CAN,A03,10,1,1,NML,5,2025
1805.,A320,PKGQI,CTV,CTV170,CTV175,15/07:08,15/07:11,15/07:54,15/08:08,0:43:00,HLP,HLP,007,10,1,1,NML,5,2025
1806.,A320,PKGLX,CTV,CTV712,CTV713,15/07:11,15/07:13,15/08:01,15/08:20,0:48:00,CGK,CGK,006,10,1,1,NML,5,2025
1807.,A333,BLBG,CPA,CPA779,CPA780,14/17:50,14/17:57,15/08:19,15/08:31,14:22:00,HKG,HKG,A08,10,1,1,NML,5,2025
1808.,B739,PKLSO,LNI,LNI267,LNI990,15/07:42,15/07:47,15/08:29,15/08:40,0:42:00,TRK,DPS,010,10,1,1,NML,5,2025
"1809.,DHC6,PKICP,PGT,PKICP,PKICP,13/11:18,13/11:21,15/07:50,15/07:57,""1 day, 20:29:00"",PAG,PAG,028,10,0,0,NML,5,2025"
1810.,B738,PKLBK,MXD,MXD352,MXD353,14/18:47,14/18:54,15/08:25,15/08:35,13:31:00,KUL,KUL,A04,10,1,1,NML,5,2025
1811.,A320,PKGLS,CTV,CTV355,CTV171,15/07:58,15/08:01,15/08:36,15/08:51,0:35:00,UPG,HLP,007,10,1,1,NML,5,2025
1812.,B739,PKLSR,LNI,LNI683,LNI222,15/08:05,15/08:11,15/09:07,15/09:19,0:56:00,PKY,BDJ,15B,10,0,0,NML,5,2025
1813.,A320,PKLAI,BTK,BTK6133,BTK6391,15/08:16,15/08:20,15/09:08,15/09:22,0:48:00,LOP,CGK,011,10,1,1,NML,5,2025
1814.,A320,PKSGC,SJV,SJV649,SJV618,15/07:54,15/07:58,15/08:57,15/09:14,0:59:00,BPN,BPN,009,10,1,1,NML,5,2025
1815.,B738,PKLPK,LNI,LNI837,LNI748,15/08:22,15/08:27,15/09:32,15/09:50,1:05:00,PNK,MDC,15A,10,0,0,NML,5,2025
1816.,A320,PKGQL,CTV,CTV485,CTV486,15/08:41,15/08:44,15/09:20,15/09:31,0:36:00,BDJ,BDJ,006,10,1,1,NML,5,2025
1817.,B739,PKLHI,LNI,LNI315,LNI682,15/08:08,15/08:13,15/09:34,15/09:53,1:21:00,BDJ,PKY,014,10,1,1,NML,5,2025
1818.,B738,PKGFI,GIA,GIA304,GIA342,15/08:11,15/08:15,15/09:25,15/09:46,1:10:00,CGK,DPS,008,10,1,1,NML,5,2025
1819.,A320,PKPWK,PAS,PAS200,PAS201,15/08:01,15/08:04,15/09:03,15/09:16,0:59:00,CGK,CGK,005,10,1,1,NML,5,2025
1820.,A320,PKSAS,SJV,SJV723,SJV642,14/17:37,14/17:41,15/09:40,15/09:58,15:59:00,DPS,AAP,020,10,0,0,NML,5,2025
1821.,A320,PKSAZ,SJV,SJV703,SJV702,15/09:07,15/09:12,15/10:06,15/10:18,0:54:00,DPS,DPS,010,10,1,1,NML,5,2025
1822.,B738,9MMLU,MAS,MAS871,MAS870,15/09:00,15/09:06,15/10:01,15/10:16,0:55:00,KUL,KUL,A07,10,1,1,NML,5,2025
1823.,B733F,PKMYV,MYU,MYU935,MYU815,15/08:57,15/09:02,15/09:51,15/10:01,0:49:00,SRG,CGK,C02,10,0,0,NML,5,2025
1824.,A359,9VSHP,SIA,SIA922,SIA923,15/08:52,15/08:58,15/09:59,15/10:13,1:01:00,SIN,SIN,A08,10,1,1,NML,5,2025
1825.,A320,PKBKU,BTK,BTK6584,BTK6585,15/09:24,15/09:31,15/10:26,15/10:39,0:55:00,CGK,CGK,009,10,1,1,NML,5,2025
1826.,A333,ECODQ,SVA,SVA4201,SVA5201,15/07:29,15/07:36,15/10:18,15/10:33,2:42:00,MED,KNO,017,10,1,1,NML,5,2025
1827.,A320,PKGLP,CTV,CTV351,CTV350,15/09:39,15/09:42,15/10:23,15/10:36,0:41:00,UPG,UPG,006,10,1,1,NML,5,2025
1828.,A320,PKGQP,CTV,CTV722,CTV723,15/09:51,15/09:54,15/10:38,15/10:50,0:44:00,CGK,CGK,007,10,1,1,NML,5,2025
1829.,A20N,9VTNG,TGW,TGW296,TGW297,15/09:41,15/09:45,15/10:40,15/10:56,0:55:00,SIN,SIN,A02,10,1,1,NML,5,2025
1830.,B739,PKLSV,LNI,LNI970,LNI973,15/09:48,15/09:52,15/10:42,15/11:07,0:50:00,BTH,BTH,012,10,1,1,NML,5,2025
1831.,A320,PKPWM,PAS,PAS210,PAS211,15/09:36,15/09:39,15/10:29,15/10:46,0:50:00,CGK,CGK,005,10,1,1,NML,5,2025
1832.,A320,PKLUS,BTK,BTK6134,BTK6346,15/09:55,15/09:59,15/11:10,15/11:23,1:11:00,PKN,BEJ,15A,10,0,0,NML,5,2025
1833.,A320,PKLZH,BTK,BTK7513,BTK7516,15/10:00,15/10:03,15/10:43,15/11:01,0:40:00,HLP,HLP,008,10,1,1,NML,5,2025
1834.,B739,PKLGL,LNI,LNI791,LNI822,15/09:44,15/09:49,15/11:05,15/11:15,1:16:00,UPG,LOP,15B,10,0,0,NML,5,2025
1835.,B429,P3201,POL,P3201,P3201,15/09:54,15/09:58,15/10:31,15/10:37,0:33:00,SUB,SUB,H05,10,0,0,NML,5,2025
1836.,B739,PKLSL,LNI,LNI694,LNI694,15/10:26,15/10:36,15/11:33,15/11:44,0:57:00,CGK,KOE,010,10,1,1,NML,5,2025
1837.,B739,PKLVF,LNI,LNI697,LNI697,15/10:59,15/11:03,15/11:51,15/12:07,0:48:00,KOE,CGK,014,10,1,1,NML,5,2025
1838.,A320,PKAZJ,AWQ,AWQ321,AWQ322,15/10:31,15/10:37,15/11:15,15/11:27,0:38:00,KUL,KUL,A03,10,1,1,NML,5,2025
1839.,A320,PKGLV,CTV,CTV461,CTV698,15/11:13,15/11:16,15/11:55,15/12:10,0:39:00,AAP,DPS,006,10,1,1,NML,5,2025
1840.,A320,PKLUH,BTK,BTK7517,BTK7520,15/10:52,15/10:56,15/11:40,15/11:50,0:44:00,HLP,HLP,009,10,1,1,NML,5,2025
1841.,B738,PKGNF,GIA,GIA322,GIA327,15/10:05,15/10:09,15/11:30,15/11:42,1:21:00,CGK,CGK,004,10,1,1,NML,5,2025
1842.,B738,PKLDM,MXD,MXD350,MXD351,15/11:05,15/11:11,15/11:56,15/12:08,0:45:00,KUL,KUL,A04,10,1,1,NML,5,2025
1843.,LJ60,VHOLJ,SEL,MEDIC89,MEDIC89,15/08:50,15/08:54,15/09:25,15/09:40,0:31:00,XSP,XSP,C01,10,0,0,NML,5,2025
1844.,A320,PKSAT,SJV,SJV363,SJV362,15/10:47,15/10:52,15/12:01,15/12:12,1:09:00,KNO,KNO,011,10,1,1,NML,5,2025
1845.,B739,PKLSO,LNI,LNI805,LNI804,15/11:21,15/11:26,15/12:17,15/12:28,0:51:00,DPS,DPS,012,10,1,1,NML,5,2025
1846.,A320,PKGQS,CTV,CTV9692,CTV9693,15/11:30,15/11:34,15/12:15,15/12:26,0:41:00,DPS,DPS,007,10,1,1,NML,5,2025
1847.,B739,PKLSK,LNI,LNI801,LNI780,15/11:39,15/11:45,15/12:35,15/12:47,0:50:00,UPG,UPG,15A,10,0,0,NML,5,2025
1848.,A320,PKSAE,SJV,SJV619,SJV636,14/16:04,14/16:09,15/12:43,15/12:53,20:34:00,BPN,BDJ,025,10,0,0,NML,5,2025
1849.,A320,PKGQL,CTV,CTV487,CTV668,15/12:17,15/12:22,15/13:22,15/13:36,1:00:00,BDJ,DPS,008,10,1,1,NML,5,2025
1850.,A320,PKBKM,BTK,BTK6596,BTK6595,15/12:36,15/12:40,15/13:37,15/13:48,0:57:00,CGK,CGK,010,10,1,1,NML,5,2025
1851.,B739,PKLQZ,LNI,LNI869,LNI722,15/12:04,15/12:09,15/13:25,15/13:43,1:16:00,TTE,KDI,009,10,1,1,NML,5,2025
1852.,A320,PKPWA,PAS,PAS204,PAS205,15/11:55,15/11:59,15/13:16,15/13:25,1:17:00,CGK,CGK,005,10,1,1,NML,5,2025
1853.,A320,PKAZU,AWQ,AWQ387,AWQ324,15/13:27,15/13:33,15/14:07,15/14:16,0:34:00,PEN,KUL,A03,10,1,1,NML,5,2025
1854.,B739,PKLSR,LNI,LNI223,LNI680,15/11:52,15/11:58,15/14:57,15/15:08,2:59:00,BDJ,PKY,020,10,0,0,NML,5,2025
1855.,B738,PKLKV,LNI,LNI839,LNI836,15/12:59,15/13:04,15/14:03,15/14:13,0:59:00,PNK,PNK,014,10,1,1,NML,5,2025
1856.,A320,PKSTG,SJV,SJV641,SJV726,15/11:25,15/11:29,15/14:03,15/14:14,2:34:00,AAP,LBJ,15B,10,0,0,NML,5,2025
1857.,A320,PKGTK,CTV,CTV431,CTV948,15/13:46,15/13:50,15/14:26,15/14:35,0:36:00,BPN,BTH,009,10,1,1,NML,5,2025
1858.,A320,PKGQE,CTV,CTV716,CTV717,15/13:31,15/13:34,15/14:15,15/14:27,0:41:00,CGK,CGK,007,10,1,1,NML,5,2025
1859.,B738,PKGUF,GIA,GIA312,GIA317,15/13:33,15/13:37,15/14:33,15/14:46,0:56:00,CGK,CGK,004,10,1,1,NML,5,2025
1860.,B739,PKLGL,LNI,LNI823,LNI260,15/13:57,15/14:00,15/15:05,15/15:13,1:05:00,LOP,BPN,012,10,1,1,NML,5,2025
1861.,A320,9VJSY,JSA,JSA247,JSA248,15/13:50,15/13:54,15/14:39,15/14:50,0:45:00,SIN,SIN,A06,10,1,1,NML,5,2025
1862.,A320,PKPWE,PAS,PAS208,PAS209,15/13:41,15/13:44,15/14:49,15/15:02,1:05:00,CGK,CGK,006,10,1,1,NML,5,2025
1863.,B738,PKGMW,GIA,GIA330,GIA331,15/14:01,15/14:04,15/14:57,15/15:10,0:53:00,HLP,HLP,005,10,1,1,NML,5,2025
1864.,B739,PKLGS,LNI,LNI261,LNI642,15/14:10,15/14:14,15/14:59,15/15:12,0:45:00,BPN,LOP,15A,10,0,0,NML,5,2025
1865.,B739,PKLSO,LNI,LNI919,LNI920,15/15:22,15/15:26,15/16:16,15/16:25,0:50:00,DPS,DPS,012,10,1,1,NML,5,2025
1866.,A320,PKLUH,BTK,BTK7501,BTK7512,15/14:48,15/14:51,15/16:01,15/16:10,1:10:00,HLP,HLP,008,10,1,1,NML,5,2025
1867.,A320,PKGLV,CTV,CTV699,CTV434,15/14:39,15/14:43,15/15:30,15/15:43,0:47:00,DPS,BPN,007,10,1,1,NML,5,2025
1868.,B738,9MMLP,MAS,MAS873,MAS872,15/14:44,15/14:50,15/15:35,15/15:47,0:45:00,KUL,KUL,A07,10,1,1,NML,5,2025
1869.,B738,PKLHL,LNI,LNI879,LNI581,15/15:15,15/15:19,15/16:16,15/16:28,0:57:00,AMQ,CGK,011,10,1,1,NML,5,2025
1870.,A320,PKBKG,BTK,BTK6406,BTK6401,15/14:53,15/14:56,15/16:29,15/16:43,1:33:00,CGK,CGK,010,10,1,1,NML,5,2025
1871.,B739,PKLGM,LNI,LNI787,LNI316,15/14:05,15/14:08,15/16:14,15/16:22,2:06:00,UPG,BDJ,021,10,0,0,NML,5,2025
1872.,B738,PKGNF,GIA,GIA310,GIA315,15/15:27,15/15:31,15/16:25,15/16:38,0:54:00,CGK,CGK,004,10,1,1,NML,5,2025
1873.,B738MAX,9VMBG,SIA,SIA926,SIA927,15/15:50,15/15:55,15/16:41,15/16:53,0:46:00,SIN,SIN,A06,10,1,1,NML,5,2025
1874.,A320,PKPWI,PAS,PAS206,PAS623,15/15:35,15/15:38,15/16:28,15/16:40,0:50:00,CGK,BPN,005,10,1,1,NML,5,2025
1875.,B739,PKLSL,LNI,LNI695,LNI268,15/16:07,15/16:10,15/17:07,15/17:22,0:57:00,KOE,TRK,009,10,1,1,NML,5,2025
1876.,B738,PKLSF,LNI,LNI692,LNI692,15/16:05,15/16:08,15/17:41,15/17:54,1:33:00,CGK,KOE,014,10,1,1,NML,5,2025
1877.,A320,PKGQS,CTV,CTV669,CTV488,15/15:53,15/15:56,15/16:43,15/16:50,0:47:00,DPS,BDJ,006,10,1,1,NML,5,2025
1878.,B739,PKLSP,LNI,LNI972,LNI226,15/16:12,15/16:25,15/17:22,15/17:29,0:57:00,BTH,BDJ,011,10,1,1,NML,5,2025
1879.,A320,PKAZJ,AWQ,AWQ323,AWQ326,15/17:03,15/17:08,15/17:41,15/17:50,0:33:00,KUL,KUL,A03,10,1,1,NML,5,2025
1880.,B738,PKLPK,LNI,LNI749,LNI838,15/15:33,15/15:36,15/17:43,15/17:59,2:07:00,MDC,PNK,15B,10,0,0,NML,5,2025
1881.,A320,PKSAS,SJV,SJV643,SJV708,15/15:05,15/15:08,15/18:18,15/18:29,3:10:00,AAP,DPS,023,10,0,0,NML,5,2025
1882.,A320,PKPWM,PAS,PAS622,PAS207,15/17:24,15/17:27,15/18:14,15/18:27,0:47:00,BPN,CGK,006,10,1,1,NML,5,2025
1883.,B738,PKGFI,GIA,GIA349,GIA313,15/17:27,15/17:30,15/18:29,15/18:40,0:59:00,DPS,CGK,004,10,1,1,NML,5,2025
1884.,A320,PKSTG,SJV,SJV725,SJV716,15/17:39,15/17:43,15/18:27,15/18:36,0:44:00,LBJ,LOP,010,10,1,1,NML,5,2025
1885.,A320,PKLZH,BTK,BTK7503,BTK7502,15/17:36,15/17:39,15/18:35,15/18:48,0:56:00,HLP,HLP,009,10,1,1,NML,5,2025
1886.,B738,PKGFM,GIA,GIA320,GIA325,15/17:20,15/17:22,15/19:00,15/19:13,1:38:00,CGK,CGK,005,10,1,1,NML,5,2025
1887.,GLF4,PKBON,CEO,CEO54,CEO54,15/09:12,15/09:18,15/20:35,15/20:40,11:17:00,HLP,HLP,A12,10,0,0,NML,5,2025
1888.,B738MAX,9VMBC,SIA,SIA928,SIA929,15/18:53,15/19:00,15/19:54,15/20:12,0:54:00,SIN,SIN,A06,10,1,1,NML,5,2025
1889.,B738,PKLBW,BTK,BTK6576,BTK6575,15/19:45,15/19:48,15/20:33,15/20:43,0:45:00,CGK,CGK,010,10,1,1,NML,5,2025
1890.,A320,PKGLY,CTV,CTV949,CTV9664,15/18:21,15/18:24,15/19:01,15/19:15,0:37:00,BTH,DPS,006,10,1,1,NML,5,2025
1891.,A320,PKGLT,CTV,CTV489,CTV693,15/19:05,15/19:09,15/19:37,15/19:54,0:28:00,BDJ,DPS,008,10,1,1,NML,5,2025
1892.,B738,PKBBF,SJY,SJY567,SJY562,15/20:19,15/20:24,15/21:14,15/21:24,0:50:00,UPG,UPG,012,10,1,1,NML,5,2025
1893.,B739,PKLSR,LNI,LNI681,LNI880,15/18:01,15/18:05,15/19:40,15/19:52,1:35:00,PKY,UPG,15B,10,0,0,NML,5,2025
1894.,A320,PKLUH,BTK,BTK7519,BTK7518,15/19:26,15/19:30,15/20:37,15/20:50,1:07:00,HLP,HLP,011,10,1,1,NML,5,2025
1895.,A320,PKGQN,CTV,CTV736,CTV352,15/18:41,15/18:45,15/19:49,15/20:03,1:04:00,CGK,UPG,007,10,1,1,NML,5,2025
1896.,A320,PKGQI,CTV,CTV174,CTV737,15/15:45,15/15:48,15/20:18,15/20:30,4:30:00,HLP,CGK,003,10,0,0,NML,5,2025
1897.,A320,PKSAV,SJV,SJV619,SJV616,15/15:57,15/16:01,15/20:06,15/20:17,4:05:00,BPN,BPN,022,10,0,0,NML,5,2025
1898.,B738,PKGUF,GIA,GIA326,GIA319,15/18:46,15/18:49,15/20:02,15/20:15,1:13:00,CGK,CGK,004,10,1,1,NML,5,2025
1899.,A320,PKGQK,CTV,CTV724,CTV354,15/19:36,15/19:39,15/20:29,15/20:39,0:50:00,CGK,UPG,006,10,1,1,NML,5,2025
1900.,A320,PKLUS,BTK,BTK6347,BTK6136,15/16:02,15/16:04,15/21:58,15/22:07,5:54:00,BEJ,UPG,024,10,0,0,NML,5,2025
1901.,A320,PKAZU,AWQ,AWQ325,AWQ320,15/20:01,15/20:07,16/05:00,16/05:13,8:53:00,KUL,KUL,A01,10,1,1,NML,5,2025
1902.,B738,PKLQZ,LNI,LNI727,LNI878,15/17:48,15/17:52,16/05:06,16/05:19,11:14:00,KDI,AMQ,C04,10,0,0,NML,5,2025
1903.,A320,PKSGC,SJV,SJV613,SJV610,15/19:56,15/20:02,16/05:00,16/05:11,8:58:00,BPN,BPN,C05,10,0,0,NML,5,2025
1904.,A320,PKLAF,BTK,BTK6578,BTK7508,15/16:36,15/16:40,16/04:58,16/05:08,12:18:00,CGK,HLP,020,10,0,0,NML,5,2025
1905.,A320,PKGLY,CTV,CTV9665,CTV430,15/21:42,15/21:45,16/05:11,16/05:23,7:26:00,DPS,BPN,006,10,1,1,NML,5,2025
1906.,B738,PKGMM,GIA,GIA324,GIA301,15/20:58,15/21:02,16/04:59,16/05:16,7:57:00,CGK,CGK,004,10,1,1,NML,5,2025
1907.,A320,PKLAQ,BTK,BTK6137,BTK6132,15/20:27,15/20:30,16/05:10,16/05:21,8:40:00,UPG,LOP,022,10,0,0,NML,5,2025
1908.,A320,PKGLV,CTV,CTV435,CTV725,15/19:18,15/19:22,16/05:38,16/05:48,10:16:00,BPN,CGK,009,28,1,1,NML,5,2025
1909.,B739,PKLVF,LNI,LNI690,LNI690,16/05:02,16/05:08,16/05:50,16/06:00,0:42:00,CGK,KOE,011,28,1,1,NML,5,2025
1910.,A320,PKGQL,CTV,CTV353,CTV670,16/05:06,16/05:11,16/05:44,16/05:55,0:33:00,UPG,LOP,004,28,1,1,NML,5,2025
1911.,A320,V8RBF,RBA,RBA795,RBA796,15/20:04,15/20:10,16/05:55,16/06:06,9:45:00,BWN,BWN,A07,28,1,1,NML,5,2025
1912.,B738,PKLOJ,LNI,LNI6003,LNI868,15/12:14,15/12:18,16/05:57,16/06:09,17:39:00,PNK,TTE,026,28,0,0,NML,5,2025
1913.,A320,PKSJL,SJV,SJV723,SJV640,15/17:15,15/17:19,16/06:27,16/06:37,13:08:00,DPS,AAP,021,28,0,0,NML,5,2025
1914.,B739,PKLFK,LNI,LNI983,LNI882,15/13:38,15/13:44,16/06:08,16/06:16,16:24:00,PKU,UPG,025,28,0,0,NML,5,2025
1915.,B739,PKLGS,LNI,LNI865,LNI266,15/17:44,15/17:49,16/06:35,16/06:47,12:46:00,LOP,BPN,C03,28,0,0,NML,5,2025
1916.,A320,PKLUG,BTK,BTK7521,BTK6589,15/20:36,15/20:40,16/05:56,16/06:05,9:16:00,HLP,CGK,008,28,1,1,NML,5,2025
1917.,A320,PKPWF,PAS,PAS212,PAS213,15/20:34,15/20:37,16/06:00,16/06:12,9:23:00,CGK,CGK,007,28,1,1,NML,5,2025
1918.,A320,PKBKV,BTK,BTK6413,BTK6412,15/19:41,15/19:47,16/06:41,16/06:53,10:54:00,DPS,DPS,C06,28,0,0,NML,5,2025
1919.,A320,PKSAE,SJV,SJV637,SJV634,15/15:40,15/19:12,16/06:40,16/06:49,14:55:20,BDJ,BDJ,023,28,0,0,NML,5,2025
1920.,A320,PKSTG,SJV,SJV717,SJV566,16/06:02,16/06:08,16/07:08,16/07:19,1:00:00,LOP,PLW,009,28,1,1,NML,5,2025
1921.,C208,PKVVO,SUS,PKVVO,PKVVO,15/09:16,15/09:20,16/07:17,16/07:24,21:57:00,BXW,BXW,C07,28,0,0,NML,5,2025
1922.,B739,PKLHH,LNI,LNI311,LNI971,16/05:58,16/06:05,16/07:04,16/07:16,0:59:00,BDJ,BTH,011,28,1,1,NML,5,2025
"1923.,A320,PKSJD,SJV,SJV715,SJV612,13/15:30,15/22:14,16/06:57,16/07:07,""2 days, 15:19:00"",LOP,BPN,012,28,1,0,NML,5,2025"
1924.,A320,PKLAT,BTK,BTK6588,BTK6135,15/21:57,15/22:01,16/06:55,16/07:05,8:54:00,CGK,PKN,010,28,1,1,NML,5,2025
1925.,B738,PKGFS,GIA,GIA855,GIA854,15/20:23,15/20:30,16/06:58,16/07:13,10:28:00,SIN,SIN,A02,28,1,1,NML,5,2025
1926.,B738,PKGFG,GIA,GIA328,GIA305,15/20:10,15/20:13,16/06:58,16/07:11,10:45:00,CGK,CGK,005,28,1,1,NML,5,2025
1927.,A320,PKLUH,BTK,BTK7511,BTK7510,16/06:44,16/06:50,16/07:37,16/07:43,0:47:00,HLP,HLP,008,28,1,1,NML,5,2025
1928.,A320,PKAZI,AWQ,AWQ327,AWQ392,15/23:31,15/23:36,16/07:25,16/07:36,7:49:00,KUL,JHB,A03,28,1,1,NML,5,2025
1929.,A320,PKGLT,CTV,CTV690,CTV460,16/06:39,16/06:45,16/07:33,16/07:41,0:48:00,DPS,AAP,006,28,1,1,NML,5,2025
1930.,B738,PKLSF,LNI,LNI693,LNI693,16/06:50,16/06:56,16/07:48,16/07:58,0:52:00,KOE,CGK,018,28,0,0,NML,5,2025
1931.,A333,ECNOF,SVA,SVA4129,SVA5129,16/05:37,16/05:42,16/07:56,16/08:00,2:14:00,MED,KNO,017,28,1,1,NML,5,2025
1932.,A333,BHLU,CPA,CPA779,CPA780,15/17:52,15/17:59,16/08:05,16/08:22,14:06:00,HKG,HKG,A08,28,1,1,NML,5,2025
1933.,B739,PKLGL,LNI,LNI363,LNI990,16/06:19,16/06:24,16/09:08,16/09:23,2:44:00,BPN,DPS,022,10,0,0,NML,5,2025
1934.,A320,PKGQA,CTV,CTV355,CTV171,16/08:41,16/08:45,16/09:15,16/09:28,0:30:00,UPG,HLP,006,10,1,1,NML,5,2025
1935.,A320,PKLAQ,BTK,BTK6133,BTK6391,16/07:55,16/08:01,16/08:50,16/09:00,0:49:00,LOP,CGK,009,10,1,1,NML,5,2025
1936.,E135,T7JCI,AFS,T7JCI,T7JCI,16/08:34,16/08:37,16/08:57,16/09:18,0:20:00,CGK,CGK,002,10,0,0,NML,5,2025
1937.,B739,PKLFY,LNI,LNI267,LNI856,16/08:01,16/08:07,16/08:58,16/09:16,0:51:00,TRK,PLM,012,10,1,1,NML,5,2025
1938.,B738,PKLOR,LNI,LNI709,LNI748,15/18:11,16/07:26,16/09:44,16/10:02,15:30:00,UPG,MDC,024,10,0,1,NML,5,2025
1939.,A320,PKGQL,CTV,CTV671,CTV486,16/08:15,16/08:21,16/09:07,16/09:25,0:46:00,LOP,BDJ,007,10,1,1,NML,5,2025
1940.,B738,PKGMC,GIA,GIA304,GIA342,16/08:19,16/08:26,16/09:48,16/10:00,1:22:00,CGK,DPS,004,10,1,1,NML,5,2025
1941.,A320,PKPWE,PAS,PAS200,PAS201,16/08:10,16/08:16,16/09:25,16/09:37,1:09:00,CGK,CGK,005,10,1,1,NML,5,2025
1942.,B738,PKLZM,MXD,MXD352,MXD353,15/20:13,15/20:20,16/19:00,16/19:16,22:40:00,KUL,KUL,A04,10,1,1,NML,5,2025
1943.,A320,PKSTC,SJV,SJV703,SJV702,16/09:09,16/09:12,16/09:55,16/10:04,0:43:00,DPS,DPS,010,10,1,1,NML,5,2025
1944.,B738,9MMXR,MAS,MAS871,MAS870,16/09:12,16/09:18,16/10:01,16/10:09,0:43:00,KUL,KUL,A06,10,1,1,NML,5,2025
1945.,B735,PKNAT,LKN,LKN243,LKN242,16/08:56,16/09:01,16/09:45,16/09:55,0:44:00,SMQ,SMQ,011,10,1,1,NML,5,2025
1946.,A359,9VSHP,SIA,SIA922,SIA923,16/09:05,16/09:11,16/10:09,16/10:24,0:58:00,SIN,SIN,A08,10,1,1,NML,5,2025
1947.,A320,PKLUW,BTK,BTK6584,BTK6585,16/09:16,16/09:19,16/10:10,16/10:18,0:51:00,CGK,CGK,008,10,1,1,NML,5,2025
1948.,A320,PKGQI,CTV,CTV351,CTV350,16/09:21,16/09:24,16/10:16,16/10:27,0:52:00,UPG,UPG,007,10,1,1,NML,5,2025
1949.,A320,PKGLX,CTV,CTV722,CTV723,16/09:50,16/09:56,16/10:50,16/11:11,0:54:00,CGK,CGK,009,10,1,1,NML,5,2025
1950.,A20N,9VTNG,TGW,TGW296,TGW297,16/09:57,16/10:02,16/10:44,16/10:56,0:42:00,SIN,SIN,A02,10,1,1,NML,5,2025
1951.,A320,PKPWF,PAS,PAS210,PAS211,16/09:34,16/09:37,16/10:28,16/10:40,0:51:00,CGK,CGK,006,10,1,1,NML,5,2025
1952.,B739,PKLHJ,LNI,LNI970,LNI973,16/09:47,16/09:50,16/10:43,16/11:01,0:53:00,BTH,BTH,012,10,1,1,NML,5,2025
1953.,A320,PKLAT,BTK,BTK6134,BTK6346,16/09:39,16/09:42,16/11:00,16/11:13,1:18:00,PKN,BEJ,15A,10,0,0,NML,5,2025
1954.,E155,PKFGT,SAG,PKFGT,PKFGT,16/10:07,16/10:10,16/10:16,16/10:17,0:06:00,ZKD,ZKD,003,10,0,0,NML,5,2025
1955.,A320,PKBKQ,BTK,BTK7513,BTK7516,16/11:01,16/11:04,16/11:58,16/12:12,0:54:00,HLP,HLP,010,10,1,1,NML,5,2025
1956.,B739,PKLGU,LNI,LNI929,LNI822,16/07:09,16/07:15,16/11:05,16/11:17,3:50:00,DPS,LOP,020,10,0,0,NML,5,2025
1957.,B739,PKLGW,LNI,LNI694,LNI694,16/10:53,16/10:56,16/11:56,16/12:05,1:00:00,CGK,KOE,011,10,1,1,NML,5,2025
1958.,GLOBAL6000,N158QS,NTJ,N158QS,N158QS,15/17:58,15/18:03,16/11:13,16/11:22,17:10:00,DWC,XSP,A09,10,0,0,NML,5,2025
1959.,B739,PKLVF,LNI,LNI697,LNI697,16/10:32,16/10:35,16/11:28,16/11:40,0:53:00,KOE,CGK,014,10,1,1,NML,5,2025
1960.,A320,PKAZU,AWQ,AWQ321,AWQ322,16/11:09,16/11:14,16/11:56,16/12:07,0:42:00,KUL,KUL,A03,10,1,1,NML,5,2025
1961.,B738,PKGNF,GIA,GIA322,GIA327,16/09:53,16/09:58,16/11:45,16/11:56,1:47:00,CGK,CGK,004,10,1,1,NML,5,2025
1962.,A320,PKLUH,BTK,BTK7517,BTK7520,16/11:21,16/11:25,16/12:21,16/12:37,0:56:00,HLP,HLP,009,10,1,1,NML,5,2025
1963.,B738MAX,PKLDM,MXD,MXD350,MXD351,16/10:57,16/11:03,16/11:51,16/12:03,0:48:00,KUL,KUL,A01,10,1,1,NML,5,2025
1964.,A320,PKGLT,CTV,CTV461,CTV698,16/11:14,16/11:17,16/11:55,16/12:10,0:38:00,AAP,DPS,006,10,1,1,NML,5,2025
1965.,A320,PKGQP,CTV,CTV9692,CTV9693,16/11:41,16/11:47,16/12:19,16/12:33,0:32:00,DPS,DPS,007,10,1,1,NML,5,2025
1966.,B739,PKLFW,LNI,LNI315,LNI680,16/07:50,16/07:55,16/12:29,16/12:39,4:34:00,BDJ,PKY,023,10,0,0,NML,5,2025
1967.,A320,PKSTG,SJV,SJV567,SJV636,16/11:49,16/11:52,16/12:45,16/12:54,0:53:00,PLW,BDJ,15A,10,0,0,NML,5,2025
1968.,B739,PKLSO,LNI,LNI801,LNI780,16/11:33,16/11:38,16/12:33,16/12:43,0:55:00,UPG,UPG,012,10,1,1,NML,5,2025
1969.,B735,PKNAS,LKN,LKN193,LKN192,16/12:01,16/12:05,16/12:37,16/12:51,0:32:00,PKN,PKN,011,10,1,1,NML,5,2025
1970.,A320,PKSTC,SJV,SJV705,SJV704,16/12:35,16/12:40,16/13:32,16/13:45,0:52:00,DPS,DPS,010,10,1,1,NML,5,2025
1971.,A320,PKLAQ,BTK,BTK6596,BTK6595,16/12:49,16/12:52,16/13:40,16/13:58,0:48:00,CGK,CGK,009,10,1,1,NML,5,2025
1972.,B739,PKLFY,LNI,LNI857,LNI722,16/13:26,16/13:31,16/14:19,16/14:30,0:48:00,PLM,KDI,011,10,1,1,NML,5,2025
1973.,A320,PKAZI,AWQ,AWQ393,AWQ324,16/12:22,16/12:27,16/13:22,16/13:31,0:55:00,JHB,KUL,A03,10,1,1,NML,5,2025
1974.,A320,PKPWA,PAS,PAS204,PAS205,16/11:54,16/11:58,16/13:25,16/13:40,1:27:00,CGK,CGK,005,10,1,1,NML,5,2025
1975.,A320,PKGQL,CTV,CTV487,CTV668,16/11:57,16/12:04,16/13:21,16/13:37,1:17:00,BDJ,DPS,008,10,1,1,NML,5,2025
1976.,A333,ECNOG,SVA,SVA4225,SVA5225,16/11:18,16/11:23,16/13:48,16/14:02,2:25:00,MED,KNO,017,10,1,1,NML,5,2025
1977.,B738,PKLKV,LNI,LNI839,LNI836,16/12:58,16/13:02,16/14:03,16/14:14,1:01:00,PNK,PNK,012,10,1,1,NML,5,2025
1978.,A320,PKGQE,CTV,CTV716,CTV717,16/13:22,16/13:27,16/14:17,16/14:28,0:50:00,CGK,CGK,007,10,1,1,NML,5,2025
1979.,A320,PKSGC,SJV,SJV611,SJV726,16/08:48,16/08:51,16/15:50,16/16:02,6:59:00,BPN,LBJ,025,10,0,0,NML,5,2025
1980.,A320,PKGLY,CTV,CTV431,CTV948,16/13:34,16/13:39,16/14:25,16/14:33,0:46:00,BPN,BTH,008,10,1,1,NML,5,2025
1981.,B738,PKGMM,GIA,GIA312,GIA317,16/13:29,16/13:33,16/14:33,16/14:45,1:00:00,CGK,CGK,004,10,1,1,NML,5,2025
1982.,A320,9VJSJ,JSA,JSA247,JSA248,16/13:48,16/13:53,16/14:37,16/14:47,0:44:00,SIN,SIN,A06,10,1,1,NML,5,2025
1983.,A320,PKLAF,BTK,BTK7515,BTK7514,16/13:44,16/13:47,16/14:50,16/14:57,1:03:00,HLP,HLP,010,10,1,1,NML,5,2025
1984.,A320,PKPWK,PAS,PAS208,PAS209,16/13:36,16/13:39,16/14:51,16/15:02,1:12:00,CGK,CGK,006,10,1,1,NML,5,2025
1985.,B739,PKLGU,LNI,LNI823,LNI642,16/13:52,16/13:56,16/15:11,16/15:21,1:14:27,LOP,LOP,014,10,1,1,NML,5,2025
1986.,B738,PKGMX,GIA,GIA330,GIA331,16/13:56,16/14:00,16/15:06,16/15:18,1:06:00,HLP,HLP,005,10,1,1,NML,5,2025
1987.,A320,PKSJL,SJV,SJV643,SJV614,16/15:49,16/15:54,16/17:03,16/17:15,1:09:07,AAP,BPN,012,10,1,1,NML,5,2025
1988.,B739,PKLFK,LNI,LNI707,LNI920,16/14:22,16/14:27,16/15:42,16/15:51,1:14:18,UPG,DPS,15A,10,0,0,NML,5,2025
1989.,A320,PKGLT,CTV,CTV699,CTV434,16/14:50,16/14:56,16/15:54,16/16:05,0:58:00,DPS,BPN,007,10,1,1,NML,5,2025
1990.,A320,PKLAT,BTK,BTK6347,BTK7512,16/15:32,16/15:38,16/16:38,16/16:47,1:00:06,BEJ,HLP,010,10,1,1,NML,5,2025
1991.,B738,PKLOR,LNI,LNI749,LNI581,16/15:45,16/15:49,16/16:45,16/16:57,0:55:03,MDC,CGK,15A,10,0,0,NML,5,2025
"1992.,B738MAX,PKOFM,AFE,PKOFM,PKOFM,15/11:19,15/11:35,16/16:05,16/16:15,""1 day, 4:30:00"",CGK,TIM,A10,10,0,0,NML,5,2025"
1993.,A320,PKSTG,SJV,SJV637,SJV672,16/15:25,16/15:28,16/16:44,16/16:55,1:16:44,BDJ,BEJ,011,10,1,1,NML,5,2025
1994.,A320,PKBKG,BTK,BTK6406,BTK6401,16/14:43,16/14:47,16/16:25,16/16:38,1:38:00,CGK,CGK,009,10,1,1,NML,5,2025
1995.,B739,PKLFW,LNI,LNI681,LNI316,16/15:28,16/15:34,16/16:29,16/16:43,0:55:00,PKY,BDJ,014,10,1,1,NML,5,2025
1996.,B738,PKGMY,GIA,GIA310,GIA315,16/15:16,16/15:19,16/16:24,16/16:36,1:05:00,CGK,CGK,004,10,1,1,NML,5,2025
1997.,B738MAX,9VMBN,SIA,SIA926,SIA927,16/15:39,16/15:44,16/16:35,16/16:49,0:51:00,SIN,SIN,A07,10,1,1,NML,5,2025
1998.,A320,PKSTC,SJV,SJV723,SJV648,16/17:32,16/17:38,16/18:33,16/18:42,0:55:00,DPS,BPN,010,10,1,1,NML,5,2025
1999.,B739,PKLGW,LNI,LNI695,LNI268,16/16:33,16/16:37,16/17:30,16/17:41,0:53:05,KOE,TRK,009,10,1,1,NML,5,2025
2000.,A320,PKPWJ,PAS,PAS206,PAS623,16/15:36,16/15:40,16/16:28,16/16:40,0:48:00,CGK,BPN,006,10,1,1,NML,5,2025
2001.,B739,PKLSK,LNI,LNI692,LNI692,16/15:59,16/16:05,16/17:05,16/17:20,1:00:12,CGK,KOE,018,10,0,0,NML,5,2025
2002.,A333,ECODQ,SVA,SVA4711,SVA5711,16/14:26,16/14:32,16/16:57,16/17:10,2:25:00,MED,KNO,017,10,1,1,NML,5,2025
2003.,A320,PKGLS,CTV,CTV174,CTV488,16/15:52,16/15:55,16/16:55,16/17:07,1:00:00,HLP,BDJ,005,10,1,1,NML,5,2025
2004.,B739,PKLSH,LNI,LNI919,LNI226,16/14:38,16/14:44,16/19:03,16/19:18,4:19:00,DPS,BDJ,15B,10,0,0,NML,5,2025
2005.,A320,PKGQP,CTV,CTV669,CTV721,16/16:06,16/16:10,16/17:01,16/17:12,0:50:28,DPS,CGK,007,10,1,1,NML,5,2025
2006.,A320,PKBLA,BTK,BTK6578,BTK7579,16/18:15,16/18:19,16/19:11,16/19:26,0:52:00,CGK,CGK,009,10,1,1,NML,5,2025
2007.,B738,PKLPK,LNI,LNI837,LNI838,16/08:05,16/10:00,16/18:37,16/18:47,10:27:00,PNK,PNK,026,10,0,1,NML,5,2025
2008.,A320,PKAZU,AWQ,AWQ323,AWQ326,16/18:06,16/18:13,16/18:47,16/18:57,0:34:00,KUL,KUL,A03,10,1,1,NML,5,2025
2009.,A320,PKSGC,SJV,SJV725,SJV708,16/19:20,16/19:25,16/20:13,16/20:23,0:48:00,LBJ,DPS,012,10,1,1,NML,5,2025
2010.,A320,PKPWL,PAS,PAS622,PAS207,16/17:18,16/17:20,16/18:14,16/18:31,0:54:00,BPN,CGK,005,10,1,1,NML,5,2025
2011.,B738,PKGNM,GIA,GIA349,GIA313,16/18:50,16/18:56,16/19:55,16/20:10,0:59:00,DPS,CGK,004,10,1,1,NML,5,2025
2012.,A320,PKBKQ,BTK,BTK7503,BTK7502,16/20:07,16/20:11,16/20:51,16/21:02,0:40:00,HLP,HLP,008,10,1,1,NML,5,2025
2013.,B738,PKGNH,GIA,GIA320,GIA325,16/17:42,16/17:45,16/18:53,16/19:09,1:08:00,CGK,CGK,004,10,1,1,NML,5,2025
2014.,B738MAX,9VMBD,SIA,SIA928,SIA929,16/18:03,16/18:10,16/18:54,16/19:11,0:44:00,SIN,SIN,A07,10,1,1,NML,5,2025
2015.,A320,PKGLV,CTV,CTV949,CTV9664,16/18:29,16/18:33,16/19:10,16/19:27,0:37:46,BTH,DPS,007,10,1,1,NML,5,2025
2016.,B738,PKBGF,BTK,BTK6576,BTK6575,16/20:27,16/20:31,16/21:23,16/21:34,0:52:00,CGK,CGK,010,10,1,1,NML,5,2025
2017.,B735,PKCLE,SJY,SJY567,SJY562,16/18:38,16/18:43,16/19:27,16/19:39,0:44:00,UPG,UPG,011,10,1,1,NML,5,2025
2018.,B788,9VOFE,TGW,TGW266,TGW267,16/18:26,16/18:32,16/19:42,16/19:55,1:10:00,SIN,SIN,A06,10,1,1,NML,5,2025
2019.,A320,PKGLU,CTV,CTV172,CTV173,16/18:58,16/19:01,16/19:38,16/19:49,0:37:00,HLP,HLP,008,10,1,1,NML,5,2025
2020.,B739,PKLGJ,LNI,LNI709,LNI880,16/18:09,16/18:14,16/19:52,16/19:57,1:38:00,UPG,UPG,15A,10,0,0,NML,5,2025
2021.,A320,PKLAT,BTK,BTK7519,BTK7518,16/20:17,16/20:21,16/20:59,16/21:10,0:38:00,HLP,HLP,011,10,1,1,NML,5,2025
2022.,A320,PKPWE,PAS,PAS202,PAS203,16/18:53,16/18:59,16/19:48,16/20:05,0:49:00,CGK,CGK,006,10,1,1,NML,5,2025
2023.,A320,PKGQK,CTV,CTV736,CTV352,16/19:07,16/19:11,16/19:55,16/20:14,0:44:00,CGK,UPG,010,10,1,1,NML,5,2025
2024.,A320,PKGLX,CTV,CTV489,CTV693,16/19:52,16/19:55,16/20:24,16/20:37,0:29:00,BDJ,DPS,006,10,1,1,NML,5,2025
2025.,B738,PKGUA,GIA,GIA326,GIA319,16/18:44,16/18:47,16/20:05,16/20:19,1:18:00,CGK,CGK,005,10,1,1,NML,5,2025
2026.,A320,PKGLT,CTV,CTV435,CTV737,16/19:23,16/19:27,16/20:18,16/20:32,0:51:00,BPN,CGK,007,10,1,1,NML,5,2025
2027.,A320,PKGLR,CTV,CTV724,CTV354,16/19:45,16/19:48,16/20:31,16/20:44,0:43:00,CGK,UPG,009,10,1,1,NML,5,2025
2028.,A320,PKBLB,BTK,BTK6137,BTK6136,16/23:24,16/23:29,17/00:05,17/00:17,0:36:00,UPG,UPG,012,10,1,1,NML,5,2025
2029.,A320,PKLUH,BTK,BTK7501,BTK7508,16/16:03,16/16:08,17/05:05,17/05:17,12:57:00,HLP,HLP,025,28,0,0,NML,5,2025
2030.,A320,PKSJD,SJV,SJV615,SJV610,16/20:30,16/20:35,17/05:00,17/05:12,8:25:00,BPN,BPN,15B,28,0,0,NML,5,2025
2031.,B738,PKLOJ,LNI,LNI869,LNI878,16/17:22,16/17:28,17/04:57,17/05:07,11:29:00,TTE,AMQ,024,28,0,0,NML,5,2025
2032.,A320,PKAZI,AWQ,AWQ325,AWQ320,16/19:14,16/19:19,17/04:58,17/05:14,9:39:00,KUL,KUL,A01,28,1,1,NML,5,2025
2033.,A320,PKGLV,CTV,CTV9665,CTV430,16/21:58,16/22:01,17/04:54,17/05:04,6:53:00,DPS,BPN,008,28,1,1,NML,5,2025
2034.,B739,PKLFY,LNI,LNI727,LNI786,16/18:32,16/18:37,17/05:00,17/05:10,10:22:56,KDI,UPG,C04,28,0,0,NML,5,2025
2035.,B738,PKGMP,GIA,GIA324,GIA301,16/21:08,16/21:10,17/05:09,17/05:20,7:59:00,CGK,CGK,005,28,1,1,NML,5,2025
2036.,A320,PKBLA,BTK,BTK6588,BTK6132,16/22:52,16/22:56,17/05:17,17/05:25,6:21:00,CGK,LOP,011,28,1,1,NML,5,2025
2037.,A320,PKGQL,CTV,CTV353,CTV670,17/05:02,17/05:09,17/05:40,17/05:48,0:31:00,UPG,LOP,008,28,1,1,NML,5,2025
2038.,A320,PKGQP,CTV,CTV720,CTV725,16/20:47,16/20:50,17/05:35,17/05:43,8:45:00,CGK,CGK,007,28,1,1,NML,5,2025
2039.,A320,V8RBA,RBA,RBA795,RBA796,16/20:03,16/20:08,17/05:51,17/06:06,9:43:00,BWN,BWN,A07,28,1,1,NML,5,2025
2040.,B739,PKLHH,LNI,LNI972,LNI266,16/16:28,16/16:34,17/05:58,17/06:12,13:24:00,BTH,BPN,C03,28,0,0,NML,5,2025
2041.,B738,PKLQZ,LNI,LNI879,LNI868,16/15:56,16/16:01,17/05:55,17/06:08,13:54:00,AMQ,TTE,020,28,0,0,NML,5,2025
2042.,A320,PKSJL,SJV,SJV617,SJV706,16/20:35,16/20:40,17/05:52,17/06:03,9:12:00,BPN,DPS,15A,28,0,0,NML,5,2025
2043.,A320,PKSTG,SJV,SJV673,SJV640,16/20:58,16/21:02,17/06:00,17/06:14,8:58:00,BEJ,AAP,014,28,1,1,NML,5,2025
2044.,A320,PKAZU,AWQ,AWQ327,AWQ386,17/05:05,17/05:09,17/06:01,17/06:16,0:52:00,KUL,PEN,A03,28,1,1,NML,5,2025
2045.,A320,PKPWI,PAS,PAS212,PAS213,16/20:41,16/20:45,17/05:56,17/06:10,9:11:00,CGK,CGK,006,28,1,1,NML,5,2025
2046.,B733F,PKMYV,MYU,MYU935,MYU934,16/08:52,16/08:57,17/06:30,17/06:40,21:33:00,SRG,SIN,C02,28,0,0,NML,5,2025
2047.,B738MAX,PKOFI,AFE,AFE921,AFE921,17/06:01,17/06:09,17/06:52,17/07:05,0:43:00,CGK,TIM,005,28,1,1,NML,5,2025
2048.,A320,PKLUI,BTK,BTK7521,BTK6135,16/21:04,16/21:08,17/07:04,17/07:16,9:56:00,HLP,PKN,009,28,1,1,NML,5,2025
2049.,B738,PKLDJ,BTK,BTK6370,BTK6597,17/05:56,17/06:03,17/07:00,17/07:09,0:57:31,CGK,CGK,007,28,1,1,NML,5,2025
2050.,B738,PKGFQ,GIA,GIA328,GIA854,16/20:01,16/22:28,17/06:57,17/07:11,10:52:00,CGK,SIN,A02,28,1,1,NML,5,2025
2051.,B738,PKGFS,GIA,GIA855,GIA305,16/20:12,16/22:47,17/07:04,17/07:14,10:46:00,SIN,CGK,004,28,1,1,NML,5,2025
2052.,A320,PKLAO,BTK,BTK7511,BTK7510,17/06:35,17/06:41,17/07:21,17/07:29,0:40:37,HLP,HLP,008,28,1,1,NML,5,2025
2053.,A320,PKGLX,CTV,CTV690,CTV460,17/06:50,17/07:00,17/07:45,17/07:53,0:45:46,DPS,AAP,005,28,1,1,NML,5,2025
2054.,B739,PKLFW,LNI,LNI311,LNI693,17/06:04,17/06:10,17/07:58,17/08:16,1:48:00,BDJ,CGK,010,28,1,1,NML,5,2025
2055.,B739,PKLHQ,LNI,LNI929,LNI982,17/06:57,17/07:03,17/07:48,17/07:56,0:45:51,DPS,PKU,012,28,1,1,NML,5,2025
2056.,A21N,B32JZ,CSN,CSN8137,CSN8138,16/21:20,16/21:28,17/07:50,17/08:14,10:22:00,CAN,CAN,A06,28,1,1,NML,5,2025
2057.,C208,PKVVO,SUS,PKVVO,PKVVO,16/09:17,16/09:21,17/07:49,17/07:58,22:28:00,BXW,CJN,C07,28,0,0,NML,5,2025
2058.,A320,PKGQI,CTV,CTV170,CTV175,17/07:07,17/07:15,17/08:02,17/08:19,0:47:00,HLP,HLP,007,28,1,1,NML,5,2025
2059.,A320,PKGLY,CTV,CTV712,CTV713,17/07:12,17/07:18,17/08:09,17/08:24,0:51:27,CGK,CGK,006,28,1,1,NML,5,2025
2060.,A333,BLBE,CPA,CPA779,CPA780,16/18:02,16/18:06,17/08:15,17/08:31,14:09:00,HKG,HKG,A08,28,1,1,NML,5,2025
2061.,B739,PKLGW,LNI,LNI267,LNI990,17/07:03,17/07:08,17/08:12,17/08:25,1:04:38,TRK,DPS,011,28,1,1,NML,5,2025
"2062.,DHC6,PKICP,PGT,PKICP,PKICP,15/13:22,15/13:25,17/07:55,17/08:04,""1 day, 18:30:06"",PAG,PAG,028,28,0,0,NML,5,2025"
2063.,B738,PKLZZ,MXD,MXD352,MXD353,16/19:36,16/19:44,17/08:39,17/08:51,12:55:00,KUL,KUL,A04,28,1,1,NML,5,2025
2064.,A320,PKGLR,CTV,CTV355,CTV171,17/07:33,17/07:40,17/08:36,17/08:45,0:56:06,UPG,HLP,008,28,1,1,NML,5,2025
2065.,B739,PKLSH,LNI,LNI315,LNI222,17/07:48,17/07:54,17/08:43,17/08:54,0:49:54,BDJ,BDJ,014,28,1,1,NML,5,2025
2066.,A320,PKBLA,BTK,BTK6133,BTK6391,17/08:06,17/08:12,17/09:01,17/09:11,0:49:11,LOP,CGK,009,28,1,1,NML,5,2025
2067.,A320,9VJSL,JSA,JSA249,JSA250,17/08:11,17/08:14,17/08:52,17/09:03,0:38:52,SIN,SIN,A07,28,1,1,NML,5,2025
2068.,A320,PKGQL,CTV,CTV671,CTV486,17/08:20,17/08:26,17/09:05,17/09:14,0:39:06,LOP,BDJ,006,28,1,1,NML,5,2025
2069.,B739,PKLHP,LNI,LNI683,LNI682,17/08:09,17/08:14,17/09:07,17/09:17,0:53:00,PKY,PKY,012,28,1,1,NML,5,2025
2070.,B738,PKGMX,GIA,GIA304,GIA342,17/08:16,17/08:25,17/09:20,17/09:30,0:55:29,CGK,DPS,004,28,1,1,NML,5,2025
2071.,A320,PKPWK,PAS,PAS200,PAS201,17/08:01,17/08:08,17/09:25,17/09:39,1:17:00,CGK,CGK,005,28,1,1,NML,5,2025
2072.,B738,9MMXV,MAS,MAS871,MAS870,17/09:10,17/09:13,17/10:00,17/10:12,0:47:00,KUL,KUL,A06,10,1,1,NML,5,2025
2073.,B735,PKNAQ,LKN,LKN2430,LKN2420,17/09:07,17/09:12,17/09:50,17/10:05,0:38:00,SMQ,SMQ,011,10,1,1,NML,5,2025
2074.,A359,9VSHB,SIA,SIA922,SIA923,17/09:15,17/09:20,17/10:16,17/10:29,0:56:24,SIN,SIN,A08,10,1,1,NML,5,2025
2075.,A320,PKLUU,BTK,BTK6584,BTK6585,17/09:44,17/09:49,17/10:34,17/10:48,0:45:00,CGK,CGK,008,10,1,1,NML,5,2025
2076.,A320,PKGQE,CTV,CTV351,CTV350,17/09:28,17/09:34,17/10:18,17/10:27,0:44:00,UPG,UPG,006,10,1,1,NML,5,2025
2077.,B739,PKLHH,LNI,LNI367,LNI262,17/09:40,17/09:45,17/10:29,17/10:42,0:44:39,BPN,BPN,15A,10,0,0,NML,5,2025
2078.,B739,PKLSR,LNI,LNI791,LNI706,17/09:33,17/09:39,17/10:29,17/10:46,0:50:00,UPG,UPG,012,10,1,1,NML,5,2025
2079.,A20N,9VTNG,TGW,TGW296,TGW297,17/09:36,17/09:38,17/10:39,17/10:53,1:01:00,SIN,SIN,A02,10,1,1,NML,5,2025
2080.,B739,PKLGY,LNI,LNI970,LNI973,17/10:10,17/10:15,17/11:06,17/11:17,0:50:25,BTH,BTH,014,10,1,1,NML,5,2025
2081.,A320,PKBKQ,BTK,BTK7513,BTK7516,17/10:06,17/10:10,17/10:57,17/11:10,0:47:59,HLP,HLP,009,10,1,1,NML,5,2025
2082.,A320,PKLUI,BTK,BTK6134,BTK6346,17/10:02,17/10:06,17/10:53,17/11:05,0:47:48,PKN,BEJ,010,10,1,1,NML,5,2025
2083.,E155,PKFGT,SAG,PKFGT,PKFGT,17/11:05,17/11:07,17/11:11,17/11:15,0:03:43,ZKD,ZKD,003,10,0,0,NML,5,2025
2084.,B739,PKLHI,LNI,LNI694,LNI694,17/10:17,17/10:22,17/11:08,17/11:21,0:46:00,CGK,KOE,011,10,1,1,NML,5,2025
2085.,A320,PKAZI,AWQ,AWQ321,AWQ322,17/10:43,17/10:49,17/11:26,17/11:35,0:37:00,KUL,KUL,A03,10,1,1,NML,5,2025
2086.,B739,PKLHO,LNI,LNI363,LNI822,17/06:24,17/06:30,17/11:20,17/11:31,4:50:00,BPN,LOP,024,10,0,0,NML,5,2025
2087.,B738,PKGNF,GIA,GIA322,GIA327,17/10:14,17/10:17,17/11:31,17/11:45,1:14:17,CGK,CGK,004,10,1,1,NML,5,2025
2088.,A320,PKLAO,BTK,BTK7517,BTK7520,17/10:34,17/10:38,17/11:25,17/11:38,0:47:00,HLP,HLP,007,10,1,1,NML,5,2025
2089.,B738,9MLRM,MXD,MXD350,MXD351,17/10:56,17/11:01,17/11:55,17/12:08,0:54:22,KUL,KUL,A04,10,1,1,NML,5,2025
2090.,B739,PKLGW,LNI,LNI805,LNI804,17/11:00,17/11:05,17/11:56,17/12:15,0:51:08,DPS,DPS,012,10,1,1,NML,5,2025
2091.,A320,PKSTG,SJV,SJV641,SJV362,17/09:57,17/10:02,17/12:04,17/12:18,2:01:09,AAP,KNO,15B,10,0,0,NML,5,2025
2092.,A320,PKLAZ,BTK,BTK6582,BTK6581,17/11:42,17/11:46,17/12:36,17/12:46,0:50:00,CGK,CGK,009,10,1,1,NML,5,2025
2093.,A320,PKGQP,CTV,CTV9692,CTV9693,17/11:33,17/11:37,17/12:15,17/12:26,0:38:00,DPS,DPS,008,10,1,1,NML,5,2025
2094.,B739,PKLFY,LNI,LNI801,LNI780,17/11:55,17/12:02,17/13:11,17/13:20,1:09:00,UPG,UPG,014,10,1,1,NML,5,2025
2095.,B739,PKLSK,LNI,LNI693,LNI680,17/06:54,17/06:58,17/12:32,17/12:39,5:33:18,KOE,PKY,025,10,0,0,NML,5,2025
2096.,A320,PKSJD,SJV,SJV611,SJV636,17/08:36,17/08:40,17/12:27,17/12:36,3:47:00,BPN,BDJ,018,10,0,0,NML,5,2025
2097.,A320,PKGLX,CTV,CTV461,CTV668,17/11:19,17/11:22,17/12:33,17/12:44,1:11:20,AAP,DPS,006,10,1,1,NML,5,2025
2098.,A320,PKAZU,AWQ,AWQ387,AWQ324,17/12:39,17/12:45,17/13:29,17/13:39,0:43:59,PEN,KUL,A03,10,1,1,NML,5,2025
2099.,B738,PKLQZ,LNI,LNI869,LNI722,17/12:10,17/12:14,17/13:32,17/13:40,1:18:00,TTE,KDI,15A,10,0,0,NML,5,2025
2100.,A320,PKPWA,PAS,PAS204,PAS205,17/11:49,17/11:53,17/13:56,17/14:08,2:02:59,CGK,CGK,005,10,1,1,NML,5,2025
2101.,A320,PKBLD,BTK,BTK6596,BTK6595,17/12:59,17/13:03,17/14:10,17/14:19,1:07:00,CGK,CGK,009,10,1,1,NML,5,2025
2102.,A320,PKSGC,SJV,SJV727,SJV726,16/23:08,16/23:12,17/13:53,17/14:03,14:41:00,DPS,LBJ,026,10,0,0,NML,5,2025
2103.,B738,PKLKV,LNI,LNI839,LNI836,17/13:23,17/13:27,17/14:20,17/14:30,0:53:00,PNK,PNK,012,10,1,1,NML,5,2025
2104.,A320,PKGQL,CTV,CTV487,CTV948,17/12:00,17/12:03,17/14:24,17/14:37,2:21:00,BDJ,BTH,007,10,1,1,NML,5,2025
2105.,A320,PKGQF,CTV,CTV716,CTV717,17/13:35,17/13:39,17/14:28,17/14:43,0:49:00,CGK,CGK,003,10,0,0,NML,5,2025
2106.,B738,PKGUH,GIA,GIA312,GIA317,17/13:50,17/13:53,17/15:00,17/15:12,1:07:00,CGK,CGK,004,10,1,1,NML,5,2025
2107.,A333,ECNOF,SVA,SVA4197,SVA5197,17/12:06,17/12:11,17/14:37,17/14:52,2:26:00,MED,KNO,017,10,1,1,NML,5,2025
2108.,A320,PKLZH,BTK,BTK7515,BTK7514,17/13:46,17/13:49,17/14:45,17/15:02,0:56:00,HLP,HLP,010,10,1,1,NML,5,2025
2109.,A320,PKPWE,PAS,PAS208,PAS209,17/13:53,17/13:56,17/14:49,17/15:04,0:53:00,CGK,CGK,008,10,1,1,NML,5,2025
2110.,A320,PKGLV,CTV,CTV431,CTV434,17/13:31,17/13:34,17/14:57,17/15:08,1:23:00,BPN,BPN,006,10,1,1,NML,5,2025
2111.,B739,PKLHO,LNI,LNI823,LNI642,17/14:16,17/14:20,17/15:04,17/15:14,0:44:00,LOP,LOP,014,10,1,1,NML,5,2025
2112.,B738,PKGFW,GIA,GIA330,GIA331,17/14:46,17/14:50,17/15:50,17/16:05,1:00:00,HLP,HLP,005,10,1,1,NML,5,2025
2113.,A320,PKLAL,BTK,BTK6406,BTK6220,17/14:57,17/15:02,17/15:52,17/16:07,0:50:00,CGK,BPN,012,10,1,1,NML,5,2025
2114.,B739,PKLHQ,LNI,LNI983,LNI920,17/13:27,17/13:33,17/15:28,17/15:41,1:55:00,PKU,DPS,011,10,1,1,NML,5,2025
2115.,A320,PKLAO,BTK,BTK7501,BTK7512,17/14:35,17/14:38,17/15:32,17/15:44,0:54:00,HLP,HLP,009,10,1,1,NML,5,2025
2116.,B738,9MMXC,MAS,MAS873,MAS872,17/14:49,17/14:56,17/15:51,17/16:04,0:55:00,KUL,KUL,A07,10,1,1,NML,5,2025
2117.,B738,PKLPK,LNI,LNI837,LNI581,17/08:31,17/08:37,17/16:00,17/16:10,7:23:00,PNK,CGK,020,10,0,0,NML,5,2025
2118.,A320,PKLUI,BTK,BTK6347,BTK6401,17/15:17,17/15:23,17/16:11,17/16:23,0:48:00,BEJ,CGK,010,10,1,1,NML,5,2025
2119.,B739,PKLSH,LNI,LNI223,LNI316,17/12:03,17/12:09,17/16:20,17/16:27,4:11:00,BDJ,BDJ,024,10,0,0,NML,5,2025
2120.,B738,PKGNF,GIA,GIA310,GIA315,17/15:38,17/15:42,17/16:33,17/16:44,0:51:00,CGK,CGK,004,10,1,1,NML,5,2025
2121.,B738MAX,PKOFI,AFE,AFE920,AFE920,17/15:50,17/15:53,17/16:30,17/16:38,0:37:00,TIM,CGK,007,10,1,1,NML,5,2025
2122.,A320,PKPWI,PAS,PAS206,PAS623,17/16:08,17/16:11,17/16:47,17/16:57,0:36:00,CGK,BPN,005,10,1,1,NML,5,2025
2123.,B739,PKLVF,LNI,LNI692,LNI692,17/16:01,17/16:05,17/16:55,17/17:07,0:50:00,CGK,KOE,012,10,1,1,NML,5,2025
2124.,A320,PKGQA,CTV,CTV669,CTV488,17/15:55,17/15:58,17/16:47,17/16:59,0:49:00,DPS,BDJ,006,10,1,1,NML,5,2025
2125.,B738,PKLOJ,LNI,LNI879,LNI838,17/15:24,17/15:27,17/17:22,17/17:32,1:55:00,AMQ,PNK,026,10,0,0,NML,5,2025
2126.,A320,PKAZI,AWQ,AWQ323,AWQ326,17/17:04,17/17:09,17/17:40,17/17:53,0:31:00,KUL,KUL,A02,10,1,1,NML,5,2025
2127.,A320,PKSJP,SJV,SJV703,SJV708,17/17:14,17/17:18,17/18:11,17/18:24,0:53:00,DPS,DPS,010,10,1,1,NML,5,2025
2128.,A320,PKPWC,PAS,PAS622,PAS207,17/17:25,17/17:28,17/18:09,17/18:22,0:41:00,BPN,CGK,006,10,1,1,NML,5,2025
2129.,B738,PKGMX,GIA,GIA349,GIA313,17/17:21,17/17:25,17/18:17,17/18:31,0:52:00,DPS,CGK,004,10,1,1,NML,5,2025
2130.,A320,PKSGC,SJV,SJV725,SJV716,17/17:34,17/17:38,17/18:24,17/18:38,0:46:00,LBJ,LOP,009,10,1,1,NML,5,2025
2131.,B738,PKCLE,SJY,SJY567,SJY562,17/18:02,17/18:05,17/18:47,17/18:57,0:42:00,UPG,UPG,012,10,1,1,NML,5,2025
2132.,A320,PKBKT,BTK,BTK7503,BTK7502,17/17:43,17/17:48,17/18:34,17/18:43,0:46:00,HLP,HLP,15B,10,0,0,NML,5,2025
2133.,B738,PKGNN,GIA,GIA320,GIA325,17/18:04,17/18:07,17/19:05,17/19:18,0:58:00,CGK,CGK,005,10,1,1,NML,5,2025
2134.,B733F,PKMYV,MYU,MYU935,MYU815,17/14:11,17/14:15,17/14:48,17/14:55,0:33:00,SRG,CGK,C02,10,0,0,NML,5,2025
2135.,B738MAX,9VMBA,SIA,SIA928,SIA929,17/18:35,17/18:42,17/19:36,17/19:51,0:54:00,SIN,SIN,A07,10,1,1,NML,5,2025
2136.,B738,PKLDJ,BTK,BTK6576,BTK6575,17/18:19,17/18:25,17/19:27,17/19:40,1:02:00,CGK,CGK,014,10,1,1,NML,5,2025
2137.,A320,PKGLY,CTV,CTV949,CTV9664,17/18:29,17/18:32,17/19:16,17/19:27,0:44:00,BTH,DPS,006,10,1,1,NML,5,2025
2138.,A320,PKGLV,CTV,CTV435,CTV737,17/18:40,17/18:43,17/19:30,17/19:45,0:47:00,BPN,CGK,007,10,1,1,NML,5,2025
2139.,B739,PKLSK,LNI,LNI681,LNI880,17/15:42,17/15:47,17/19:54,17/20:04,4:07:00,PKY,UPG,018,10,0,0,NML,5,2025
2140.,A320,PKGQK,CTV,CTV736,CTV352,17/19:09,17/19:12,17/19:48,17/20:00,0:36:00,CGK,UPG,005,10,1,1,NML,5,2025
2141.,A320,PKGLS,CTV,CTV489,CTV693,17/19:31,17/19:35,17/20:03,17/20:15,0:28:00,BDJ,DPS,006,10,1,1,NML,5,2025
2142.,A320,PKSTZ,SJV,SJV613,SJV616,17/19:03,17/19:08,17/19:56,17/20:06,0:48:00,BPN,BPN,010,10,1,1,NML,5,2025
2143.,A333,ECNOG,SVA,SVA4449,SVA5449,17/17:50,17/17:56,17/20:13,17/20:23,2:17:00,MED,KNO,017,10,1,1,NML,5,2025
2144.,A320,PKGQM,CTV,CTV724,CTV354,17/21:38,17/21:41,17/22:18,17/22:29,0:37:00,CGK,UPG,008,10,1,1,NML,5,2025
2145.,A320,PKLUK,BTK,BTK6137,BTK6136,17/20:11,17/20:16,17/21:49,17/22:00,1:33:00,UPG,UPG,009,10,1,1,NML,5,2025
2146.,A333,ECODQ,SVA,SVA4327,SVA5327,17/21:06,17/21:10,17/23:37,17/23:47,2:27:00,MED,KNO,017,10,1,1,NML,5,2025
2147.,A320,PKAZU,AWQ,AWQ325,AWQ320,17/19:43,17/19:50,18/05:02,18/05:11,9:12:00,KUL,KUL,A01,28,1,1,NML,5,2025
2148.,B738,PKLOP,LNI,LNI885,LNI878,17/18:51,17/18:57,18/05:08,18/05:20,10:11:00,UPG,AMQ,026,28,0,0,NML,5,2025
"2149.,B739,PKLGU,LNI,LNI865,LNI786,16/17:51,16/17:55,18/05:14,18/05:23,""1 day, 11:19:00"",LOP,UPG,023,28,0,0,NML,5,2025"
2150.,A320,PKGLR,CTV,CTV174,CTV430,17/15:58,17/16:01,18/05:01,18/05:09,13:00:00,HLP,BPN,003,28,0,0,NML,5,2025
2151.,B738,PKGFQ,GIA,GIA855,GIA301,17/20:34,17/23:12,18/05:08,18/05:17,8:28:00,SIN,CGK,005,28,1,1,NML,5,2025
2152.,A333,ECNYJ,SVA,SVA4193,SVA5193,18/03:27,18/03:33,18/05:33,18/05:45,2:00:00,MED,KNO,017,28,1,1,NML,5,2025
2153.,A320,PKGQM,CTV,CTV353,CTV484,18/05:01,18/05:08,18/05:50,18/05:58,0:42:00,UPG,BDJ,008,28,1,1,NML,5,2025
2154.,A320,PKGLY,CTV,CTV9665,CTV725,17/21:56,17/22:00,18/05:43,18/05:53,7:43:00,DPS,CGK,007,28,1,1,NML,5,2025
2155.,B739,PKLSO,LNI,LNI690,LNI690,18/05:06,18/05:13,18/06:03,18/06:14,0:50:00,CGK,KOE,15A,28,0,0,NML,5,2025
2156.,A320,PKSJD,SJV,SJV637,SJV640,17/15:21,17/15:23,18/05:57,18/06:10,14:34:00,BDJ,AAP,025,28,0,0,NML,5,2025
2157.,A320,PKSJP,SJV,SJV727,SJV706,17/20:51,17/20:56,18/06:00,18/06:12,9:04:00,DPS,DPS,010,28,1,1,NML,5,2025
2158.,B739,PKLGM,LNI,LNI707,LNI266,17/14:40,17/14:46,18/06:03,18/06:16,15:17:00,UPG,BPN,C04,28,0,0,NML,5,2025
2159.,B738,PKLQZ,LNI,LNI727,LNI868,17/17:38,17/17:41,18/05:54,18/06:03,12:13:00,KDI,TTE,024,28,0,0,NML,5,2025
2160.,A320,PKPWN,PAS,PAS212,PAS213,17/20:28,17/20:32,18/05:54,18/06:05,9:22:00,CGK,CGK,006,28,1,1,NML,5,2025
"2161.,A320,PKSAE,SJV,SJV635,SJV634,16/09:42,16/09:44,18/06:44,18/06:54,""1 day, 21:00:50"",BDJ,BDJ,022,28,0,0,NML,5,2025"
2162.,A320,PKSTQ,SJV,SJV717,SJV566,18/05:48,18/05:54,18/06:50,18/07:00,0:56:00,LOP,PLW,15B,28,0,0,NML,5,2025
2163.,A320,PKSJG,SJV,SJV363,SJV612,17/10:39,17/10:44,18/07:02,18/07:13,20:18:54,KNO,BPN,C03,28,0,0,NML,5,2025
2164.,A320,PKLAT,BTK,BTK7521,BTK6597,17/21:08,17/21:13,18/07:03,18/07:11,9:50:00,HLP,CGK,014,28,1,1,NML,5,2025
2165.,B738,PKGFJ,GIA,GIA328,GIA305,17/20:20,17/20:22,18/06:54,18/07:04,10:32:00,CGK,CGK,004,28,1,1,NML,5,2025
2166.,B738,PKGFR,GIA,GIA324,GIA854,17/21:42,17/22:53,18/06:56,18/07:08,9:11:00,CGK,SIN,A02,28,1,1,NML,5,2025
2167.,B739,PKLHR,LNI,LNI919,LNI646,17/15:29,17/15:34,18/07:16,18/07:29,15:42:44,DPS,LOP,C05,28,0,0,NML,5,2025
2168.,A320,PKBLA,BTK,BTK6588,BTK7510,17/21:19,17/21:24,18/07:35,18/07:45,10:11:00,CGK,HLP,012,28,1,1,NML,5,2025
2169.,A320,PKAZI,AWQ,AWQ327,AWQ392,17/23:22,17/23:27,18/07:20,18/07:31,7:53:00,KUL,JHB,A03,28,1,1,NML,5,2025
2170.,A320,PKGLS,CTV,CTV690,CTV460,18/06:47,18/06:57,18/07:32,18/07:43,0:35:00,DPS,AAP,006,28,1,1,NML,5,2025
2171.,B739,PKLVF,LNI,LNI693,LNI693,18/06:50,18/06:58,18/07:41,18/07:50,0:43:18,KOE,CGK,010,28,1,1,NML,5,2025
2172.,A333,BHLN,CPA,CPA779,CPA780,17/17:58,17/18:05,18/08:02,18/08:15,13:57:00,HKG,HKG,A08,28,1,1,NML,5,2025
2173.,A320,PKGQK,CTV,CTV355,CTV171,18/07:41,18/07:47,18/08:33,18/08:48,0:45:59,UPG,HLP,007,28,1,1,NML,5,2025
2174.,FA8X,MPTGG,AFI,MPTGG,MPTGG,18/08:00,18/08:10,18/08:34,18/08:39,0:24:00,XSP,DHX,A01,28,0,0,NML,5,2025
2175.,B738,PKLBS,MXD,MXD352,MXD353,17/19:48,17/19:56,18/08:54,18/09:06,12:58:00,KUL,KUL,A04,10,1,1,NML,5,2025
2176.,B739,PKLHO,LNI,LNI865,LNI856,17/17:54,17/22:50,18/08:52,18/09:01,14:53:00,LOP,PLM,009,28,1,0,NML,5,2025
2177.,G100,N24ZD,AR7,AIR7LLC,N24ZD,17/18:43,17/18:47,18/08:54,18/09:05,14:07:14,XSP,XSP,C01,28,0,0,NML,5,2025
2178.,B738,PKLOJ,LNI,LNI837,LNI748,18/07:46,18/07:51,18/09:03,18/09:14,1:12:00,PNK,MDC,014,10,1,1,NML,5,2025
2179.,A320,PKGQM,CTV,CTV485,CTV486,18/08:22,18/08:29,18/09:03,18/09:20,0:34:31,BDJ,BDJ,006,10,1,1,NML,5,2025
2180.,B739,PKLHP,LNI,LNI683,LNI682,18/08:02,18/08:08,18/09:07,18/09:21,0:59:00,PKY,PKY,012,10,1,1,NML,5,2025
2181.,B738,PKGNM,GIA,GIA304,GIA342,18/08:10,18/08:18,18/09:11,18/09:25,0:53:00,CGK,DPS,004,10,1,1,NML,5,2025
2182.,A320,PKSTZ,SJV,SJV611,SJV642,18/08:32,18/08:38,18/09:21,18/09:34,0:43:00,BPN,AAP,011,10,1,1,NML,5,2025
2183.,A320,PKSJP,SJV,SJV703,SJV702,18/08:39,18/08:47,18/09:34,18/09:48,0:47:00,DPS,DPS,010,10,1,1,NML,5,2025
2184.,B738,9MMXX,MAS,MAS871,MAS870,18/09:03,18/09:09,18/09:56,18/10:05,0:47:00,KUL,KUL,A06,10,1,1,NML,5,2025
2185.,B735,PKNAT,LKN,LKN243,LKN242,18/09:07,18/09:12,18/09:54,18/10:02,0:42:00,SMQ,SMQ,009,10,1,1,NML,5,2025
2186.,A359,9VSHG,SIA,SIA922,SIA923,18/09:17,18/09:24,18/10:19,18/10:37,0:54:40,SIN,SIN,A08,10,1,1,NML,5,2025
2187.,A320,PKBKU,BTK,BTK6370,BTK6585,18/06:08,18/06:12,18/10:16,18/10:27,4:04:00,CGK,CGK,023,10,0,0,NML,5,2025
2188.,A109,P3303,POL,P3303,P3303,17/15:37,17/15:51,18/10:14,18/10:19,18:23:35,DPS,ZZZS,C07,10,0,0,NML,5,2025
2189.,A320,PKGTA,CTV,CTV351,CTV350,18/09:36,18/09:40,18/10:25,18/10:39,0:45:31,UPG,UPG,006,10,1,1,NML,5,2025
2190.,AW169,P3301,POL,P3301,P3301,17/15:47,17/15:51,18/10:15,18/10:16,18:24:03,DPS,ZZZS,H05,10,0,0,NML,5,2025
2191.,A320,PKPWN,PAS,PAS210,PAS211,18/09:42,18/09:45,18/10:31,18/10:45,0:45:48,CGK,CGK,005,10,1,1,NML,5,2025
2192.,B739,PKLFY,LNI,LNI791,LNI973,18/09:38,18/09:42,18/10:41,18/10:53,0:59:25,UPG,BTH,012,10,1,1,NML,5,2025
2193.,A320,PKGQO,CTV,CTV722,CTV723,18/09:32,18/09:35,18/10:31,18/10:48,0:56:08,CGK,CGK,007,10,1,1,NML,5,2025
2194.,A320,PKLAO,BTK,BTK7513,BTK7516,18/09:57,18/10:02,18/10:40,18/10:52,0:38:06,HLP,HLP,010,10,1,1,NML,5,2025
2195.,B739,PKLHR,LNI,LNI645,LNI822,18/10:12,18/10:16,18/11:30,18/11:44,1:13:47,LOP,LOP,009,10,1,1,NML,5,2025
2196.,B739,PKLSY,LNI,LNI694,LNI694,18/10:17,18/10:22,18/11:06,18/11:17,0:43:37,CGK,KOE,011,10,1,1,NML,5,2025
2197.,A320,PKAZU,AWQ,AWQ321,AWQ322,18/10:34,18/10:38,18/11:25,18/11:31,0:46:42,KUL,KUL,A03,10,1,1,NML,5,2025
2198.,B739,PKLSV,LNI,LNI363,LNI697,18/06:19,18/06:23,18/11:35,18/11:52,5:11:23,BPN,CGK,C04,10,0,0,NML,5,2025
2199.,A320,PKBLA,BTK,BTK7517,BTK7520,18/10:43,18/10:46,18/11:37,18/11:54,0:50:14,HLP,HLP,008,10,1,1,NML,5,2025
2200.,B738,PKGNF,GIA,GIA322,GIA327,18/10:04,18/10:09,18/11:43,18/12:00,1:33:55,CGK,CGK,004,10,1,1,NML,5,2025
2201.,B738,9MLDH,MXD,MXD350,MXD351,18/11:19,18/11:26,18/12:19,18/12:27,0:53:00,KUL,KUL,A04,10,1,1,NML,5,2025
2202.,A320,PKGLS,CTV,CTV461,CTV698,18/11:04,18/11:09,18/11:46,18/12:01,0:37:53,AAP,DPS,006,10,1,1,NML,5,2025
2203.,B739,PKLSH,LNI,LNI315,LNI804,18/07:55,18/08:00,18/12:11,18/12:22,4:10:38,BDJ,DPS,15B,10,0,0,NML,5,2025
2204.,A320,PKBKM,BTK,BTK6582,BTK6581,18/12:42,18/12:45,18/13:51,18/14:05,1:06:00,CGK,CGK,008,10,1,1,NML,5,2025
2205.,A320,PKGQN,CTV,CTV9692,CTV9693,18/11:33,18/11:37,18/12:13,18/12:25,0:36:00,DPS,DPS,007,10,1,1,NML,5,2025
"2206.,A320,PKSAV,SJV,SJV649,SJV636,16/07:38,16/07:43,18/12:32,18/12:45,""2 days, 4:49:33"",BPN,BDJ,021,10,0,0,NML,5,2025"
2207.,B739,PKLSO,LNI,LNI697,LNI780,18/10:46,18/10:51,18/13:43,18/13:53,2:51:18,KOE,UPG,014,10,1,1,NML,5,2025
2208.,B739,PKLHI,LNI,LNI695,LNI680,17/15:45,18/07:58,18/12:26,18/12:35,20:36:25,KOE,PKY,022,10,0,1,NML,5,2025
2209.,B735,PKNAS,LKN,LKN193,LKN192,18/11:29,18/11:33,18/12:24,18/12:33,0:51:18,PKN,PKN,010,10,1,1,NML,5,2025
2210.,A320,PKBLC,BTK,BTK6596,BTK6595,18/15:08,18/15:12,18/16:04,18/16:15,0:52:00,CGK,CGK,010,10,1,1,NML,5,2025
2211.,A320,PKAZI,AWQ,AWQ393,AWQ324,18/11:58,18/12:02,18/13:17,18/13:23,1:14:32,JHB,KUL,A03,10,1,1,NML,5,2025
2212.,A320,PKPWG,PAS,PAS204,PAS205,18/11:42,18/11:45,18/13:11,18/13:22,1:26:00,CGK,CGK,005,10,1,1,NML,5,2025
2213.,B739,PKLQZ,LNI,LNI869,LNI722,18/12:17,18/12:21,18/13:29,18/13:38,1:08:00,TTE,KDI,011,10,1,1,NML,5,2025
2214.,A320,PKGQM,CTV,CTV487,CTV668,18/11:46,18/11:50,18/13:23,18/13:33,1:33:00,BDJ,DPS,004,10,1,1,NML,5,2025
2215.,B738,PKLKV,LNI,LNI839,LNI836,18/12:52,18/12:56,18/14:06,18/14:16,1:10:00,PNK,PNK,012,10,1,1,NML,5,2025
2216.,A320,PKSTZ,SJV,SJV641,SJV726,18/13:24,18/13:29,18/14:16,18/14:24,0:47:00,AAP,LBJ,009,10,1,1,NML,5,2025
2217.,A320,PKGQU,CTV,CTV716,CTV717,18/13:27,18/13:31,18/14:06,18/14:18,0:35:00,CGK,CGK,007,10,1,1,NML,5,2025
2218.,B739,PKLHQ,LNI,LNI805,LNI910,18/11:14,18/11:19,18/14:20,18/14:30,3:01:00,DPS,DPS,15A,10,0,0,NML,5,2025
2219.,A320,PKGLR,CTV,CTV431,CTV948,18/13:35,18/13:39,18/14:19,18/14:31,0:40:00,BPN,BTH,006,10,1,1,NML,5,2025
2220.,B738,PKGNE,GIA,GIA312,GIA317,18/13:31,18/13:35,18/14:59,18/15:14,1:24:00,CGK,CGK,005,10,1,1,NML,5,2025
2221.,B739,PKLHR,LNI,LNI823,LNI260,18/14:27,18/14:31,18/16:05,18/16:19,1:34:00,LOP,BPN,011,10,1,1,NML,5,2025
2222.,A320,9VJSK,JSA,JSA247,JSA248,18/14:03,18/14:09,18/14:57,18/15:11,0:48:00,SIN,SIN,A06,10,1,1,NML,5,2025
2223.,A320,PKLUY,BTK,BTK7515,BTK7514,18/13:39,18/13:44,18/14:42,18/14:54,0:58:00,HLP,HLP,010,10,1,1,NML,5,2025
2224.,B739,PKLSU,LNI,LNI261,LNI642,18/14:11,18/14:16,18/15:37,18/15:49,1:21:00,BPN,LOP,014,10,1,1,NML,5,2025
2225.,B738,PKGFD,GIA,GIA330,GIA331,18/13:51,18/13:54,18/15:12,18/15:24,1:18:00,HLP,HLP,004,10,1,1,NML,5,2025
2226.,A320,PKGLS,CTV,CTV699,CTV434,18/15:12,18/15:15,18/15:53,18/16:04,0:38:00,DPS,BPN,006,10,1,1,NML,5,2025
2227.,A320,PKBLA,BTK,BTK7501,BTK7512,18/15:00,18/15:04,18/15:59,18/16:11,0:55:00,HLP,HLP,008,10,1,1,NML,5,2025
2228.,B738,PKLOJ,LNI,LNI749,LNI581,18/14:55,18/14:59,18/16:45,18/16:56,1:46:00,MDC,CGK,009,10,1,1,NML,5,2025
2229.,B738,9MMLU,MAS,MAS873,MAS872,18/14:48,18/14:55,18/15:41,18/15:53,0:46:00,KUL,KUL,A07,10,1,1,NML,5,2025
2230.,A320,PKSJD,SJV,SJV643,SJV672,18/15:04,18/15:09,18/16:18,18/16:28,1:09:00,AAP,BEJ,012,10,1,1,NML,5,2025
2231.,B739,PKLHO,LNI,LNI857,LNI316,18/13:20,18/13:24,18/16:21,18/16:29,2:57:00,PLM,BDJ,15B,10,0,0,NML,5,2025
2232.,A320,PKSAV,SJV,SJV637,SJV648,18/15:39,18/15:42,18/16:35,18/16:42,0:53:00,BDJ,BPN,026,10,0,0,NML,5,2025
2233.,B738,PKGNF,GIA,GIA310,GIA315,18/15:34,18/15:38,18/16:34,18/16:46,0:56:00,CGK,CGK,004,10,1,1,NML,5,2025
2234.,B739,PKLHS,LNI,LNI919,LNI268,18/15:29,18/15:34,18/16:44,18/16:53,1:10:00,DPS,TRK,15A,10,0,0,NML,5,2025
2235.,A320,PKPWH,PAS,PAS206,PAS623,18/15:43,18/15:47,18/16:35,18/16:48,0:48:00,CGK,BPN,005,10,1,1,NML,5,2025
2236.,B739,PKLHI,LNI,LNI681,LNI692,18/15:25,18/15:30,18/17:09,18/17:22,1:39:00,PKY,KOE,023,10,0,0,NML,5,2025
2237.,A320,PKGLU,CTV,CTV174,CTV721,18/15:46,18/15:50,18/16:43,18/17:00,0:53:00,HLP,CGK,007,10,1,1,NML,5,2025
2238.,A320,PKBKM,BTK,BTK6578,BTK6401,18/17:46,18/17:51,18/18:37,18/18:48,0:46:00,CGK,CGK,009,10,1,1,NML,5,2025
2239.,A320,PKGQS,CTV,CTV669,CTV488,18/16:17,18/16:20,18/16:58,18/17:13,0:38:00,DPS,BDJ,006,10,1,1,NML,5,2025
2240.,B739,PKLHL,LNI,LNI972,LNI226,18/17:10,18/17:14,18/18:04,18/18:17,0:50:00,BTH,BDJ,011,10,1,1,NML,5,2025
2241.,B738,PKLOR,LNI,LNI707,LNI838,18/14:52,18/14:57,18/17:32,18/17:43,2:35:00,UPG,PNK,021,10,0,0,NML,5,2025
2242.,A320,PKAZU,AWQ,AWQ323,AWQ326,18/16:57,18/17:02,18/17:37,18/17:48,0:35:00,KUL,KUL,A03,10,1,1,NML,5,2025
2243.,A320,PKSAT,SJV,SJV723,SJV708,18/17:50,18/17:54,18/18:50,18/19:02,0:56:00,DPS,DPS,014,10,1,1,NML,5,2025
2244.,A320,PKPWN,PAS,PAS622,PAS207,18/17:17,18/17:20,18/18:06,18/18:18,0:46:00,BPN,CGK,006,10,1,1,NML,5,2025
2245.,B738,PKGUD,GIA,GIA320,GIA313,18/17:19,18/17:22,18/18:31,18/18:45,1:09:00,CGK,CGK,004,10,1,1,NML,5,2025
2246.,A320,PKSTZ,SJV,SJV725,SJV716,18/17:38,18/17:43,18/18:39,18/18:50,0:56:00,LBJ,LOP,010,10,1,1,NML,5,2025
2247.,A320,PKLAO,BTK,BTK7503,BTK7502,18/18:02,18/18:06,18/18:47,18/18:54,0:41:00,HLP,HLP,012,10,1,1,NML,5,2025
2248.,B738,PKCRI,SJY,SJY567,SJY562,18/22:10,18/22:14,18/22:58,18/23:11,0:44:00,UPG,UPG,009,10,1,1,NML,5,2025
2249.,B738,PKGNM,GIA,GIA349,GIA325,18/17:24,18/17:28,18/18:52,18/19:11,1:24:00,DPS,CGK,005,10,1,1,NML,5,2025
2250.,B738MAX,9VMBE,SIA,SIA928,SIA929,18/18:39,18/18:45,18/19:41,18/19:54,0:56:00,SIN,SIN,A06,10,1,1,NML,5,2025
2251.,A320,PKGLT,CTV,CTV489,CTV693,18/19:04,18/19:08,18/19:35,18/19:46,0:27:00,BDJ,DPS,007,10,1,1,NML,5,2025
2252.,B788,9VOFA,TGW,TGW266,TGW267,18/18:42,18/18:49,18/19:50,18/20:02,1:01:00,SIN,SIN,A07,10,1,1,NML,5,2025
2253.,A320,PKGQE,CTV,CTV949,CTV9664,18/19:26,18/19:29,18/19:59,18/20:15,0:30:00,BTH,DPS,006,10,1,1,NML,5,2025
2254.,B738,PKLZV,BTK,BTK6576,BTK6575,18/19:06,18/19:11,18/19:56,18/20:07,0:45:00,CGK,CGK,009,10,1,1,NML,5,2025
2255.,B739,PKLSU,LNI,LNI865,LNI880,18/18:28,18/18:33,18/20:20,18/20:32,1:47:00,LOP,UPG,011,10,1,1,NML,5,2025
2256.,A320,PKBLA,BTK,BTK7519,BTK7518,18/19:39,18/19:45,18/20:30,18/20:42,0:45:00,HLP,HLP,010,10,1,1,NML,5,2025
2257.,A320,PKPWE,PAS,PAS202,PAS203,18/19:09,18/19:12,18/19:47,18/19:58,0:35:00,CGK,CGK,005,10,1,1,NML,5,2025
2258.,B738,PKGMV,GIA,GIA326,GIA319,18/19:19,18/19:22,18/20:03,18/20:17,0:41:00,CGK,CGK,004,10,1,1,NML,5,2025
2259.,A320,PKGLS,CTV,CTV435,CTV737,18/19:23,18/19:26,18/20:05,18/20:19,0:39:00,BPN,CGK,003,10,0,0,NML,5,2025
2260.,A320,PKGQK,CTV,CTV172,CTV173,18/19:15,18/19:19,18/20:07,18/20:21,0:48:00,HLP,HLP,008,10,1,1,NML,5,2025
2261.,A320,PKGQQ,CTV,CTV736,CTV352,18/19:35,18/19:39,18/20:22,18/20:38,0:43:00,CGK,UPG,007,10,1,1,NML,5,2025
2262.,A320,PKGQL,CTV,CTV724,CTV354,18/20:13,18/20:16,18/20:58,18/21:08,0:42:00,CGK,UPG,006,10,1,1,NML,5,2025
2263.,A333,ECNOF,SVA,SVA4141,SVA5141,18/19:12,18/19:18,18/21:39,18/21:51,2:21:00,MED,KNO,017,10,1,1,NML,5,2025
2264.,A320,PKLUK,BTK,BTK6137,BTK6136,18/19:43,18/19:48,18/22:08,18/22:19,2:20:00,UPG,UPG,15A,10,0,0,NML,5,2025
2265.,A333,ECNOG,SVA,SVA4207,SVA5207,19/00:40,19/00:46,19/02:44,19/02:59,1:58:00,JED,KNO,017,28,1,1,NML,5,2025
2266.,B738,PKLQZ,LNI,LNI727,LNI878,18/17:41,18/17:45,19/05:05,19/05:16,11:20:00,KDI,AMQ,023,28,0,0,NML,5,2025
2267.,A320,PKLUQ,BTK,BTK7521,BTK7508,18/20:26,18/20:30,19/04:55,19/05:04,8:25:00,HLP,HLP,012,28,1,1,NML,5,2025
2268.,A320,PKAXU,AWQ,AWQ327,AWQ320,18/23:35,18/23:40,19/05:03,19/05:14,5:23:00,KUL,KUL,A03,28,1,1,NML,5,2025
2269.,B733F,PKMYV,MYU,MYU935,MYU815,18/12:20,18/12:25,19/05:08,19/05:17,16:43:00,SRG,CGK,C02,28,0,0,NML,5,2025
2270.,B739,PKLQS,LNI,LNI885,LNI786,18/18:59,18/19:03,19/05:09,19/05:20,10:06:00,UPG,UPG,021,28,0,0,NML,5,2025
2271.,A320,PKGLV,CTV,CTV720,CTV430,18/21:36,18/21:40,19/04:58,19/05:08,7:18:00,CGK,BPN,006,28,1,1,NML,5,2025
2272.,B738,PKGNQ,GIA,GIA328,GIA301,18/21:02,18/21:06,19/05:03,19/05:12,7:57:00,CGK,CGK,004,28,1,1,NML,5,2025
"2273.,A320,PKLAL,BTK,BTK6221,BTK6132,17/19:37,17/19:43,19/05:18,19/05:26,""1 day, 9:35:00"",BPN,LOP,020,28,0,0,NML,5,2025"
2274.,B739,PKLHQ,LNI,LNI923,LNI266,18/17:06,18/17:12,19/05:30,19/05:38,12:18:00,DPS,BPN,C05,28,0,0,NML,5,2025
2275.,B738,PKLPK,LNI,LNI690,LNI690,19/05:06,19/05:13,19/05:49,19/05:58,0:36:00,CGK,KOE,012,28,1,1,NML,5,2025
2276.,A320,PKGQE,CTV,CTV9665,CTV725,18/22:23,18/22:26,19/05:42,19/05:54,7:16:00,DPS,CGK,008,28,1,1,NML,5,2025
2277.,A320,PKGQL,CTV,CTV353,CTV484,19/05:01,19/05:09,19/05:48,19/05:56,0:39:00,UPG,BDJ,006,28,1,1,NML,5,2025
2278.,A320,V8RBC,RBA,RBA795,RBA796,18/19:59,18/20:06,19/05:51,19/06:02,9:45:00,BWN,BWN,A06,28,1,1,NML,5,2025
2279.,B738,PKLOP,LNI,LNI879,LNI868,18/15:19,18/15:24,19/05:58,19/06:07,14:34:00,AMQ,TTE,022,28,0,0,NML,5,2025
2280.,A320,PKSAT,SJV,SJV727,SJV706,18/21:48,18/21:52,19/05:57,19/06:06,8:05:00,DPS,DPS,C07,28,0,0,NML,5,2025
2281.,A320,PKLAT,BTK,BTK6588,BTK6589,18/21:30,18/21:34,19/05:52,19/05:59,8:18:00,CGK,CGK,018,28,0,0,NML,5,2025
2282.,A320,PKSAS,SJV,SJV615,SJV640,18/20:29,18/20:34,19/06:02,19/06:12,9:28:00,BPN,AAP,014,28,1,1,NML,5,2025
2283.,B739,PKLFW,LNI,LNI692,LNI882,18/15:58,18/16:02,19/06:01,19/06:10,13:59:00,CGK,UPG,024,28,0,0,NML,5,2025
2284.,A333,ECODQ,SVA,SVA4615,SVA5615,19/04:32,19/04:39,19/06:08,19/06:19,1:29:00,JED,KNO,017,28,1,1,NML,5,2025
2285.,A320,PKPWA,PAS,PAS212,PAS213,18/20:36,18/20:40,19/05:58,19/06:04,9:18:00,CGK,CGK,007,28,1,1,NML,5,2025
2286.,A320,PKLUI,BTK,BTK6413,BTK6412,18/20:55,18/21:00,19/06:23,19/06:33,9:23:00,DPS,DPS,011,28,1,1,NML,5,2025
2287.,A320,PKSJD,SJV,SJV673,SJV566,18/20:33,18/20:40,19/06:44,19/06:56,10:04:00,BEJ,PLW,010,28,1,1,NML,5,2025
2288.,B739,PKLHO,LNI,LNI311,LNI971,19/05:52,19/05:58,19/06:54,19/07:06,0:56:00,BDJ,BTH,15A,28,0,0,NML,5,2025
2289.,A320,PKBKP,BTK,BTK6406,BTK6135,18/17:03,18/17:09,19/07:10,19/07:22,14:01:00,CGK,PKN,026,28,0,0,NML,5,2025
2290.,A320,PKSGB,SJV,SJV567,SJV612,18/15:32,18/15:37,19/06:58,19/07:08,15:21:00,PLW,BPN,C04,28,0,0,NML,5,2025
2291.,B738,PKGFR,GIA,GIA855,GIA305,18/20:46,19/00:33,19/06:58,19/07:10,10:06:00,SIN,CGK,005,28,1,1,NML,5,2025
2292.,B738,PKGMD,GIA,GIA324,GIA854,18/23:03,19/00:16,19/06:59,19/07:15,7:52:00,CGK,SIN,A02,28,1,1,NML,5,2025
2293.,A320,PKBLA,BTK,BTK7511,BTK7510,19/06:42,19/06:48,19/07:33,19/07:43,0:45:00,HLP,HLP,008,28,1,1,NML,5,2025
2294.,A320,PKGLT,CTV,CTV690,CTV460,19/06:54,19/07:02,19/07:36,19/07:46,0:34:00,DPS,AAP,006,28,1,1,NML,5,2025
2295.,B739,PKLSY,LNI,LNI695,LNI693,18/15:51,18/15:56,19/07:50,19/07:57,15:54:00,KOE,CGK,025,28,0,0,NML,5,2025
2296.,A21N,B32L0,CSN,CSN8137,CSN8138,18/23:22,18/23:28,19/07:54,19/08:06,8:26:00,CAN,CAN,A07,28,1,1,NML,5,2025
"2297.,C208,PKVVM,SUS,PKVVM,PKVVM,17/12:13,17/12:16,19/08:20,19/08:34,""1 day, 20:04:00"",CJN,BXW,C06,28,0,0,NML,5,2025"
2298.,A320,PKGQI,CTV,CTV170,CTV175,19/07:20,19/07:27,19/07:59,19/08:13,0:32:00,HLP,HLP,009,28,1,1,NML,5,2025
2299.,A320,PKGLG,CTV,CTV712,CTV713,19/07:12,19/07:20,19/08:01,19/08:15,0:41:00,CGK,CGK,007,28,1,1,NML,5,2025
2300.,A333,BLBH,CPA,CPA779,CPA780,18/18:24,18/18:32,19/08:08,19/08:27,13:36:00,HKG,HKG,A08,28,1,1,NML,5,2025
2301.,B739,PKLHS,LNI,LNI267,LNI990,19/06:58,19/07:05,19/08:21,19/08:36,1:16:00,TRK,DPS,012,28,1,1,NML,5,2025
2302.,A320,PKLUH,BTK,BTK6572,BTK6573,19/07:41,19/07:47,19/08:36,19/08:44,0:49:00,CGK,CGK,011,28,1,1,NML,5,2025
"2303.,DHC6,PKICP,PGT,PKICP,PKICP,17/11:08,17/11:10,19/08:08,19/08:12,""1 day, 20:58:00"",PAG,PAG,028,28,0,0,NML,5,2025"
2304.,B739,PKLSH,LNI,LNI315,LNI222,19/07:52,19/07:57,19/08:43,19/08:51,0:46:00,BDJ,BDJ,010,28,1,1,NML,5,2025
2305.,A320,PKLAL,BTK,BTK6133,BTK6391,19/08:17,19/08:23,19/08:59,19/09:06,0:36:00,LOP,CGK,009,28,1,1,NML,5,2025
2306.,A320,PKGTA,CTV,CTV355,CTV171,19/07:27,19/07:31,19/08:45,19/08:56,1:14:00,UPG,HLP,004,28,1,1,NML,5,2025
2307.,B739,PKLHI,LNI,LNI693,LNI856,19/06:47,19/06:53,19/09:01,19/09:11,2:08:00,KOE,PLM,014,28,1,1,NML,5,2025
2308.,B738,PKLOR,LNI,LNI837,LNI748,19/07:59,19/08:04,19/08:55,19/09:05,0:51:00,PNK,MDC,15A,28,0,0,NML,5,2025
2309.,A320,PKGQL,CTV,CTV485,CTV486,19/08:39,19/08:46,19/09:24,19/09:36,0:38:00,BDJ,BDJ,007,28,1,1,NML,5,2025
2310.,B738,PKLDM,MXD,MXD352,MXD353,18/20:02,18/20:08,19/09:10,19/09:20,13:02:00,KUL,KUL,A04,28,1,1,NML,5,2025
2311.,B739,PKLHP,LNI,LNI683,LNI682,19/08:03,19/08:08,19/09:09,19/09:18,1:01:00,PKY,PKY,15B,28,0,0,NML,5,2025
2312.,B738,PKGNM,GIA,GIA304,GIA342,19/08:25,19/08:31,19/09:21,19/09:32,0:50:00,CGK,DPS,005,28,1,1,NML,5,2025
2313.,A320,PKPWK,PAS,PAS200,PAS201,19/08:11,19/08:18,19/09:15,19/09:24,0:57:00,CGK,CGK,006,28,1,1,NML,5,2025
2314.,A320,PKSJC,SJV,SJV611,SJV702,19/08:30,19/08:32,19/09:31,19/09:39,0:59:00,BPN,DPS,021,28,0,0,NML,5,2025
2315.,B738,9MMXU,MAS,MAS871,MAS870,19/09:12,19/09:16,19/10:03,19/10:22,0:47:00,KUL,KUL,A07,28,1,1,NML,5,2025
2316.,B735,PKNAQ,LKN,LKN243,LKN242,19/09:26,19/09:31,19/10:04,19/10:13,0:33:00,SMQ,SMQ,010,28,1,1,NML,5,2025
2317.,A359,9VSHI,SIA,SIA922,SIA923,19/09:15,19/09:18,19/10:26,19/10:37,1:08:00,SIN,SIN,A08,10,1,1,NML,5,2025
2318.,A320,PKLAT,BTK,BTK6584,BTK6585,19/09:34,19/09:40,19/10:16,19/10:27,0:36:00,CGK,CGK,009,10,1,1,NML,5,2025
2319.,A320,PKAZI,AWQ,AWQ325,AWQ392,18/19:17,18/19:23,19/10:08,19/10:24,14:45:00,KUL,JHB,A01,10,1,1,NML,5,2025
2320.,A320,PKGQN,CTV,CTV351,CTV350,19/09:30,19/09:39,19/10:18,19/10:33,0:39:00,UPG,UPG,006,10,1,1,NML,5,2025
2321.,A320,9VTRP,TGW,TGW296,TGW297,19/09:54,19/09:58,19/10:57,19/11:08,0:59:00,SIN,SIN,A02,10,1,1,NML,5,2025
2322.,A320,PKPWA,PAS,PAS210,PAS211,19/09:41,19/09:47,19/10:37,19/10:45,0:50:00,CGK,CGK,005,10,1,1,NML,5,2025
2323.,A320,PKBKP,BTK,BTK6134,BTK6346,19/09:52,19/09:57,19/10:40,19/10:50,0:43:00,PKN,BEJ,011,10,1,1,NML,5,2025
2324.,A320,PKLZH,BTK,BTK7513,BTK7516,19/10:10,19/10:16,19/10:56,19/11:06,0:40:00,HLP,HLP,008,10,1,1,NML,5,2025
2325.,A320,PKGLR,CTV,CTV722,CTV723,19/09:48,19/09:56,19/10:43,19/10:53,0:47:00,CGK,CGK,007,10,1,1,NML,5,2025
2326.,B739,PKLHH,LNI,LNI363,LNI822,19/06:14,19/06:19,19/10:53,19/11:03,4:34:00,BPN,LOP,020,10,0,0,NML,5,2025
2327.,B739,PKLFO,LNI,LNI694,LNI694,19/10:31,19/10:35,19/11:25,19/11:37,0:50:00,CGK,KOE,012,10,1,1,NML,5,2025
2328.,B738,PKLPK,LNI,LNI697,LNI697,19/10:28,19/10:32,19/11:20,19/11:31,0:48:00,KOE,CGK,014,10,1,1,NML,5,2025
2329.,A320,PKAXU,AWQ,AWQ321,AWQ322,19/10:39,19/10:44,19/11:21,19/11:30,0:37:00,KUL,KUL,A03,10,1,1,NML,5,2025
2330.,B738,PKGNN,GIA,GIA322,GIA327,19/10:35,19/10:39,19/11:37,19/11:51,0:58:00,CGK,CGK,004,10,1,1,NML,5,2025
2331.,A320,PKBLA,BTK,BTK7517,BTK7520,19/11:21,19/11:25,19/12:16,19/12:30,0:51:00,HLP,HLP,011,10,1,1,NML,5,2025
2332.,B739,PKLHS,LNI,LNI805,LNI804,19/10:58,19/11:03,19/12:00,19/12:11,0:57:00,DPS,DPS,010,10,1,1,NML,5,2025
2333.,A333,ECNYJ,SVA,SVA4545,SVA5545,19/10:15,19/10:23,19/12:00,19/12:19,1:37:00,JED,KNO,017,10,1,1,NML,5,2025
2334.,A320,PKGLT,CTV,CTV461,CTV698,19/11:14,19/11:17,19/11:56,19/12:06,0:39:00,AAP,DPS,006,10,1,1,NML,5,2025
2335.,B739,PKLFW,LNI,LNI791,LNI680,19/09:45,19/09:50,19/12:21,19/12:31,2:31:00,UPG,PKY,15A,10,0,0,NML,5,2025
2336.,A320,PKSJD,SJV,SJV567,SJV636,19/11:35,19/11:40,19/12:30,19/12:43,0:50:00,PLW,BDJ,009,10,1,1,NML,5,2025
2337.,B739,PKLSH,LNI,LNI223,LNI780,19/11:38,19/11:43,19/12:29,19/12:38,0:46:00,BDJ,UPG,014,10,1,1,NML,5,2025
2338.,B735,PKNAS,LKN,LKN193,LKN192,19/12:16,19/12:22,19/13:16,19/13:26,0:54:00,PKN,PKN,010,10,1,1,NML,5,2025
2339.,A320,PKBKM,BTK,BTK6582,BTK6581,19/12:28,19/12:31,19/13:22,19/13:36,0:51:00,CGK,CGK,011,10,1,1,NML,5,2025
2340.,A320,PKPWL,PAS,PAS204,PAS205,19/11:49,19/11:51,19/13:17,19/13:28,1:26:00,CGK,CGK,005,10,1,1,NML,5,2025
2341.,B739,PKLSL,LNI,LNI801,LNI722,19/11:44,19/11:48,19/13:25,19/13:45,1:37:00,UPG,KDI,012,10,1,1,NML,5,2025
2342.,A320,PKGQL,CTV,CTV487,CTV668,19/12:03,19/12:07,19/13:21,19/13:32,1:14:00,BDJ,DPS,007,10,1,1,NML,5,2025
2343.,B738,9MLDT,MXD,MXD350,MXD351,19/13:43,19/13:48,19/14:37,19/14:50,0:49:00,KUL,KUL,A04,10,1,1,NML,5,2025
2344.,A320,PKGQU,CTV,CTV9692,CTV9693,19/12:39,19/12:42,19/13:23,19/13:41,0:41:00,DPS,DPS,006,10,1,1,NML,5,2025
2345.,B738,PKLKV,LNI,LNI839,LNI836,19/12:54,19/12:58,19/14:00,19/14:14,1:02:00,PNK,PNK,014,10,1,1,NML,5,2025
2346.,A320,PKSAS,SJV,SJV641,SJV726,19/09:59,19/10:04,19/14:07,19/14:17,4:03:00,AAP,LBJ,022,10,0,0,NML,5,2025
2347.,A320,PKGLV,CTV,CTV431,CTV948,19/13:39,19/13:42,19/14:28,19/14:36,0:46:00,BPN,BTH,008,10,1,1,NML,5,2025
2348.,B738,PKGUH,GIA,GIA312,GIA317,19/13:34,19/13:37,19/14:33,19/14:48,0:56:00,CGK,CGK,004,10,1,1,NML,5,2025
2349.,B739,PKLHH,LNI,LNI823,LNI260,19/13:59,19/14:02,19/14:56,19/15:08,0:54:00,LOP,BPN,011,10,1,1,NML,5,2025
2350.,A320,PKGQQ,CTV,CTV716,CTV717,19/13:47,19/13:50,19/14:31,19/14:42,0:41:00,CGK,CGK,007,10,1,1,NML,5,2025
2351.,A320,9VJSK,JSA,JSA247,JSA248,19/14:05,19/14:10,19/14:47,19/15:02,0:37:00,SIN,SIN,A07,10,1,1,NML,5,2025
2352.,A320,PKLUV,BTK,BTK7515,BTK7514,19/13:52,19/13:55,19/14:43,19/14:56,0:48:00,HLP,HLP,009,10,1,1,NML,5,2025
2353.,A320,PKPWE,PAS,PAS208,PAS209,19/13:55,19/13:58,19/14:54,19/15:06,0:56:00,CGK,CGK,006,10,1,1,NML,5,2025
2354.,B738,PKGFJ,GIA,GIA330,GIA331,19/14:25,19/14:28,19/15:16,19/15:27,0:48:00,HLP,HLP,005,10,1,1,NML,5,2025
2355.,B739,PKLHQ,LNI,LNI261,LNI642,19/14:11,19/14:14,19/15:20,19/15:29,1:06:00,BPN,LOP,15A,10,0,0,NML,5,2025
2356.,B739,PKLHI,LNI,LNI857,LNI920,19/13:30,19/13:33,19/16:00,19/16:16,2:27:00,PLM,DPS,020,10,0,0,NML,5,2025
2357.,A320,PKGLT,CTV,CTV699,CTV434,19/14:58,19/15:01,19/15:39,19/15:51,0:38:00,DPS,BPN,006,10,1,1,NML,5,2025
2358.,A320,PKBLA,BTK,BTK7501,BTK7512,19/15:36,19/15:39,19/16:31,19/16:40,0:52:00,HLP,HLP,009,28,1,1,NML,5,2025
2359.,B738,PKLOR,LNI,LNI749,LNI581,19/14:46,19/14:49,19/15:50,19/16:00,1:01:00,MDC,CGK,010,10,1,1,NML,5,2025
2360.,A320,PKAZI,AWQ,AWQ393,AWQ324,19/15:14,19/15:20,19/15:52,19/16:01,0:32:00,JHB,KUL,A03,10,1,1,NML,5,2025
2361.,A320,PKSJD,SJV,SJV637,SJV648,19/15:25,19/15:29,19/16:23,19/16:34,0:54:00,BDJ,BPN,011,28,1,1,NML,5,2025
2362.,B738,PKGNN,GIA,GIA310,GIA315,19/15:42,19/15:46,19/16:30,19/16:38,0:44:00,CGK,CGK,004,28,1,1,NML,5,2025
2363.,B738MAX,9VMBN,SIA,SIA926,SIA927,19/15:38,19/15:43,19/16:42,19/16:55,0:59:00,SIN,SIN,A08,28,1,1,NML,5,2025
2364.,A320,PKPWC,PAS,PAS206,PAS623,19/15:46,19/15:48,19/16:35,19/16:45,0:47:00,CGK,BPN,005,28,1,1,NML,5,2025
2365.,B739,PKLGW,LNI,LNI919,LNI268,19/14:53,19/14:57,19/16:35,19/16:43,1:38:00,DPS,TRK,012,28,1,1,NML,5,2025
2366.,B739,PKLSV,LNI,LNI692,LNI692,19/17:40,19/17:43,19/18:43,19/18:55,1:00:00,CGK,KOE,012,10,1,1,NML,5,2025
2367.,B739,PKLFW,LNI,LNI681,LNI226,19/15:21,19/15:24,19/18:47,19/19:00,3:23:00,PKY,BDJ,014,10,1,1,NML,5,2025
2368.,A320,PKGQU,CTV,CTV669,CTV488,19/16:14,19/16:20,19/17:08,19/17:19,0:48:00,DPS,BDJ,007,28,1,1,NML,5,2025
2369.,B738,PKLBW,BTK,BTK6578,BTK7579,19/16:49,19/16:56,19/19:34,19/19:45,2:38:00,CGK,CGK,008,10,1,1,NML,5,2025
2370.,B738,PKLOP,LNI,LNI869,LNI838,19/12:08,19/12:12,19/17:23,19/17:32,5:11:00,TTE,PNK,021,10,0,0,NML,5,2025
2371.,A320,PKAXU,AWQ,AWQ323,AWQ326,19/17:03,19/17:06,19/17:39,19/17:49,0:33:00,KUL,KUL,A03,10,1,1,NML,5,2025
2372.,A320,PKPWG,PAS,PAS622,PAS207,19/17:07,19/17:14,19/18:02,19/18:14,0:48:00,BPN,CGK,006,28,1,1,NML,5,2025
2373.,B738,PKGNM,GIA,GIA349,GIA313,19/17:35,19/17:38,19/18:33,19/18:48,0:55:00,DPS,CGK,004,10,1,1,NML,5,2025
2374.,B739,PKLGY,LNI,LNI707,LNI800,19/14:32,19/14:37,19/18:30,19/18:43,3:53:00,UPG,UPG,15B,10,0,0,NML,5,2025
2375.,B738,PKCRI,SJY,SJY567,SJY562,19/18:01,19/18:06,19/18:52,19/19:04,0:46:00,UPG,UPG,011,10,1,1,NML,5,2025
2376.,B738,PKGUD,GIA,GIA320,GIA325,19/17:58,19/18:01,19/19:00,19/19:16,0:59:00,CGK,CGK,005,10,1,1,NML,5,2025
2377.,B738MAX,9VMBE,SIA,SIA928,SIA929,19/18:45,19/18:52,19/19:47,19/20:06,0:55:00,SIN,SIN,A07,10,1,1,NML,5,2025
2378.,A320,PKBLA,BTK,BTK7519,BTK7518,19/20:00,19/20:04,19/21:04,19/21:14,1:00:00,HLP,HLP,010,10,1,1,NML,5,2025
2379.,B738,PKGNC,GIA,GIA326,GIA319,19/19:01,19/19:06,19/20:05,19/20:19,0:59:00,CGK,CGK,004,10,1,1,NML,5,2025
2380.,A320,PKGLT,CTV,CTV435,CTV737,19/19:21,19/19:25,19/20:13,19/20:24,0:48:00,BPN,CGK,006,10,1,1,NML,5,2025
2381.,A320,PKGQA,CTV,CTV736,CTV352,19/20:16,19/20:22,19/20:58,19/21:12,0:35:53,CGK,UPG,007,10,1,1,NML,5,2025
2382.,A320,PKGQS,CTV,CTV489,CTV693,19/20:29,19/20:33,19/21:08,19/21:20,0:35:00,BDJ,DPS,008,10,1,1,NML,5,2025
2383.,A320,PKGLU,CTV,CTV724,CTV354,19/20:50,19/21:01,19/21:36,19/21:46,0:35:00,CGK,UPG,007,10,1,1,NML,5,2025
2384.,A320,PKLUT,BTK,BTK6137,BTK6136,19/19:54,19/19:58,19/21:56,19/22:05,1:58:00,UPG,UPG,011,10,1,1,NML,5,2025
2385.,A333,ECNOF,SVA,SVA4713,SVA5713,20/02:33,20/02:38,20/04:40,20/04:51,2:02:46,JED,KNO,017,28,1,1,NML,5,2025
2386.,A320,PKAZI,AWQ,AWQ325,AWQ320,19/21:36,19/21:42,20/05:00,20/05:12,7:18:00,KUL,KUL,A01,28,0,1,NML,5,2025
2387.,A320,PKSJO,SJV,SJV727,SJV610,19/20:46,19/22:43,20/04:58,20/05:07,8:06:00,DPS,BPN,011,28,1,0,NML,5,2025
2388.,A320,PKLUS,BTK,BTK6406,BTK7508,19/14:28,19/14:32,20/05:06,20/05:16,14:34:00,CGK,HLP,026,28,0,0,NML,5,2025
2389.,B739,PKLSL,LNI,LNI727,LNI786,19/17:47,19/17:52,20/05:06,20/05:19,11:14:00,KDI,UPG,C06,28,0,0,NML,5,2025
2390.,A320,PKGLU,CTV,CTV353,CTV430,20/05:02,20/05:09,20/05:52,20/06:00,0:42:43,UPG,BPN,007,28,1,1,NML,5,2025
2391.,B738,PKGUC,GIA,GIA328,GIA301,19/19:47,19/19:51,20/05:00,20/05:13,9:09:00,CGK,CGK,005,28,1,1,NML,5,2025
2392.,A320,PKLUP,BTK,BTK6594,BTK6132,19/20:13,19/20:19,20/05:15,20/05:22,8:56:00,CGK,LOP,014,28,1,1,NML,5,2025
2393.,A320,PKGQE,CTV,CTV949,CTV725,19/20:08,19/20:13,20/05:36,20/05:47,9:23:00,BTH,CGK,009,28,1,1,NML,5,2025
2394.,A320,V8RBG,RBA,RBA795,RBA796,19/19:50,19/19:58,20/05:55,20/06:26,9:57:00,BWN,BWN,A06,28,1,1,NML,5,2025
"2395.,A320,PKSAE,SJV,SJV635,SJV706,18/09:45,18/09:50,20/06:06,20/06:29,""1 day, 20:15:52"",BDJ,DPS,C03,28,0,0,NML,5,2025"
2396.,A320,PKBKQ,BTK,BTK7521,BTK6589,19/21:32,19/21:36,20/05:57,20/06:16,8:21:00,HLP,CGK,008,28,1,1,NML,5,2025
2397.,A320,PKAXU,AWQ,AWQ327,AWQ386,19/23:20,19/23:24,20/06:02,20/06:28,6:38:00,KUL,PEN,A03,28,0,1,NML,5,2025
2398.,A320,PKPWA,PAS,PAS212,PAS213,19/20:38,19/20:42,20/05:58,20/06:24,9:16:00,CGK,CGK,006,28,1,1,NML,5,2025
2399.,A320,PKBKP,BTK,BTK6347,BTK6412,19/15:10,19/15:14,20/06:12,20/06:32,14:58:00,BEJ,DPS,022,28,0,0,NML,5,2025
2400.,A320,PKSAT,SJV,SJV703,SJV634,19/08:20,19/08:26,20/06:30,20/06:38,22:04:00,DPS,BDJ,024,28,0,0,NML,5,2025
2401.,B738MAX,PKOFI,AFE,AFE921,AFE921,20/05:40,20/05:46,20/06:31,20/06:41,0:45:00,CGK,TIM,005,28,1,1,NML,5,2025
2402.,B739,PKLHL,LNI,LNI311,LNI971,20/06:03,20/06:08,20/07:01,20/07:09,0:53:00,BDJ,BTH,014,28,1,1,NML,5,2025
2403.,C208,PKVVM,SUS,PKVVM,PKVVM,19/10:18,19/10:22,20/07:17,20/07:33,20:55:00,BXW,BXW,C07,28,0,0,NML,5,2025
2404.,B738,PKGMD,GIA,GIA855,GIA305,19/20:41,19/22:40,20/07:02,20/07:14,10:06:00,SIN,CGK,004,28,1,1,NML,5,2025
2405.,B738,PKGNF,GIA,GIA324,GIA854,19/21:00,19/22:20,20/07:12,20/07:26,10:07:00,CGK,SIN,A02,28,1,1,NML,5,2025
2406.,A333,ECODR,SVA,SVA4167,SVA5167,20/04:56,20/05:03,20/07:10,20/07:23,2:07:00,JED,KNO,017,28,1,1,NML,5,2025
2407.,B739,PKLGM,LNI,LNI885,LNI646,19/20:22,19/20:26,20/07:14,20/07:30,10:48:00,UPG,LOP,018,28,0,0,NML,5,2025
2408.,A320,PKLUV,BTK,BTK7511,BTK7510,20/06:35,20/06:40,20/07:24,20/07:40,0:44:00,HLP,HLP,008,28,1,1,NML,5,2025
2409.,A320,PKGQS,CTV,CTV690,CTV460,20/06:46,20/06:54,20/07:47,20/08:01,0:53:00,DPS,AAP,005,28,1,1,NML,5,2025
2410.,B739,PKLSV,LNI,LNI693,LNI693,20/06:52,20/06:57,20/07:53,20/08:03,0:56:00,KOE,CGK,009,28,1,1,NML,5,2025
2411.,B739,PKLGW,LNI,LNI267,LNI982,20/07:03,20/07:08,20/07:56,20/08:08,0:48:00,TRK,PKU,011,28,1,1,NML,5,2025
2412.,A21N,B32L0,CSN,CSN8137,CSN8138,19/21:24,19/21:33,20/07:52,20/08:05,10:19:00,CAN,CAN,A07,28,1,1,NML,5,2025
2413.,A320,PKGQP,CTV,CTV712,CTV713,20/07:07,20/07:15,20/08:01,20/08:17,0:46:00,CGK,CGK,006,28,1,1,NML,5,2025
2414.,A320,PKGQI,CTV,CTV170,CTV175,20/07:11,20/07:17,20/08:01,20/08:12,0:44:00,HLP,HLP,007,28,1,1,NML,5,2025
2415.,A333,BHLV,CPA,CPA779,CPA780,19/17:51,19/17:59,20/08:11,20/08:24,14:12:00,HKG,HKG,A08,28,1,1,NML,5,2025
2416.,A320,PKLAY,BTK,BTK6413,BTK6573,19/20:26,19/22:41,20/08:35,20/08:44,12:04:29,DPS,CGK,010,28,1,0,NML,5,2025
2417.,DHC6,PKICP,PGT,PKICP,PKICP,20/07:27,20/07:30,20/08:15,20/08:20,0:45:00,PAG,PAG,028,28,0,0,NML,5,2025
2418.,B738,PKLZZ,MXD,MXD352,MXD353,19/19:37,19/19:44,20/08:50,20/09:01,13:06:00,KUL,KUL,A04,28,1,1,NML,5,2025
2419.,E155,PKFGT,SAG,PKFGT,PKFGT,20/07:56,20/07:58,20/08:03,20/08:05,0:05:00,ZKD,ZKD,A01,28,0,0,NML,5,2025
2420.,A320,PKGLX,CTV,CTV355,CTV171,20/07:38,20/07:43,20/08:48,20/08:58,1:05:00,UPG,HLP,004,28,1,1,NML,5,2025
2421.,A320,PKGTA,CTV,CTV174,CTV486,19/15:49,19/15:52,20/08:52,20/09:03,17:00:00,HLP,BDJ,003,28,0,0,NML,5,2025
2422.,A320,PKSJG,SJV,SJV649,SJV618,20/10:26,20/10:29,20/11:24,20/11:34,0:55:00,BPN,BPN,011,10,1,1,NML,5,2025
2423.,B738,PKLOP,LNI,LNI837,LNI748,20/07:58,20/08:03,20/08:57,20/09:07,0:54:00,PNK,MDC,014,28,1,1,NML,5,2025
2424.,B738,PKGMX,GIA,GIA304,GIA342,20/08:14,20/08:21,20/09:14,20/09:27,0:53:00,CGK,DPS,005,28,1,1,NML,5,2025
2425.,A320,PKSAS,SJV,SJV725,SJV642,19/17:29,19/17:33,20/09:51,20/10:00,16:18:00,LBJ,AAP,C05,10,0,0,NML,5,2025
2426.,A320,PKPWE,PAS,PAS200,PAS201,20/08:09,20/08:15,20/09:12,20/09:20,0:57:00,CGK,CGK,006,28,1,1,NML,5,2025
2427.,A333,ECNOG,SVA,SVA4147,SVA5147,20/07:34,20/07:40,20/09:28,20/09:42,1:48:00,JED,KNO,017,28,1,1,NML,5,2025
2428.,A320,PKSJC,SJV,SJV703,SJV702,20/08:56,20/09:02,20/09:50,20/10:04,0:48:00,DPS,DPS,009,10,1,1,NML,5,2025
2429.,B738,9MMXR,MAS,MAS871,MAS870,20/09:17,20/09:21,20/10:11,20/10:24,0:50:00,KUL,KUL,A07,10,1,1,NML,5,2025
2430.,A359,9VSHB,SIA,SIA922,SIA923,20/09:24,20/09:27,20/10:27,20/10:44,1:00:00,SIN,SIN,A08,10,1,1,NML,5,2025
2431.,A320,PKLUP,BTK,BTK6133,BTK6585,20/07:49,20/07:55,20/10:10,20/10:18,2:15:00,LOP,CGK,024,10,0,0,NML,5,2025
2432.,A320,PKGLR,CTV,CTV351,CTV350,20/09:29,20/09:36,20/10:25,20/10:38,0:49:00,UPG,UPG,006,10,1,1,NML,5,2025
2433.,B739,PKLGS,LNI,LNI791,LNI706,20/09:39,20/09:45,20/10:55,20/11:06,1:10:00,UPG,UPG,018,10,0,0,NML,5,2025
2434.,A320,9VTRM,TGW,TGW296,TGW297,20/09:35,20/09:38,20/10:27,20/10:42,0:49:00,SIN,SIN,A02,10,1,1,NML,5,2025
2435.,B739,PKLHM,LNI,LNI367,LNI262,20/09:44,20/09:49,20/10:50,20/11:02,1:01:00,BPN,BPN,012,10,1,1,NML,5,2025
2436.,A320,PKPWA,PAS,PAS210,PAS211,20/09:47,20/09:52,20/10:39,20/10:52,0:47:00,CGK,CGK,005,10,1,1,NML,5,2025
2437.,A320,PKLAJ,BTK,BTK6572,BTK7516,20/07:44,20/07:50,20/11:01,20/11:09,3:11:00,CGK,HLP,022,10,0,0,NML,5,2025
2438.,A320,PKLUQ,BTK,BTK7513,BTK6346,20/10:01,20/10:05,20/10:52,20/11:04,0:47:00,HLP,BEJ,010,10,1,1,NML,5,2025
2439.,B739,PKLGM,LNI,LNI645,LNI822,20/09:51,20/09:57,20/11:02,20/11:10,1:05:00,LOP,LOP,014,10,1,1,NML,5,2025
2440.,A320,PKAZI,AWQ,AWQ321,AWQ322,20/10:40,20/10:46,20/11:19,20/11:31,0:33:00,KUL,KUL,A5T,10,0,0,NML,5,2025
2441.,B739,PKLSP,LNI,LNI694,LNI694,20/10:29,20/10:32,20/11:34,20/11:46,1:02:00,CGK,KOE,15A,10,0,0,NML,5,2025
2442.,B738,PKGFG,GIA,GIA322,GIA327,20/10:10,20/10:13,20/11:39,20/11:54,1:26:00,CGK,CGK,004,10,1,1,NML,5,2025
2443.,B738MAX,9MLRQ,MXD,MXD350,MXD351,20/10:55,20/11:01,20/12:16,20/12:24,1:15:00,KUL,KUL,A04,10,1,1,NML,5,2025
2444.,A320,PKGQS,CTV,CTV461,CTV698,20/11:24,20/11:27,20/12:01,20/12:13,0:34:00,AAP,DPS,006,10,1,1,NML,5,2025
2445.,B739,PKLFK,LNI,LNI805,LNI804,20/10:50,20/10:54,20/11:43,20/12:04,0:49:00,DPS,DPS,024,10,0,0,NML,5,2025
2446.,KING AIR BE350,PKJBP,JAT,PKJBP,PKJBP,20/08:40,20/08:45,20/11:47,20/11:55,3:02:00,BTW,BTW,C07,10,0,0,NML,5,2025
"2447.,A320,PKSTZ,SJV,SJV717,SJV636,19/09:09,19/09:15,20/12:35,20/12:49,""1 day, 3:20:00"",LOP,BDJ,025,10,0,0,NML,5,2025"
2448.,B739,PKLSL,LNI,LNI801,LNI780,20/11:44,20/11:47,20/12:35,20/12:47,0:48:00,UPG,UPG,014,10,1,1,NML,5,2025
2449.,B739,PKLFO,LNI,LNI695,LNI680,19/15:57,19/16:01,20/12:32,20/12:44,20:31:00,KOE,PKY,023,10,0,0,NML,5,2025
2450.,A333,ECODQ,SVA,SVA4321,SVA5321,20/10:22,20/10:28,20/12:28,20/12:48,2:00:00,JED,KNO,017,10,1,1,NML,5,2025
2451.,A320,PKGTA,CTV,CTV487,CTV668,20/11:37,20/11:40,20/12:32,20/12:46,0:52:00,BDJ,DPS,007,10,1,1,NML,5,2025
2452.,A320,PKSJC,SJV,SJV705,SJV704,20/12:30,20/12:34,20/13:22,20/13:37,0:48:20,DPS,DPS,010,10,1,1,NML,5,2025
2453.,A320,PKBLD,BTK,BTK6582,BTK7520,20/11:29,20/11:32,20/13:18,20/13:31,1:46:17,CGK,HLP,009,10,1,1,NML,5,2025
2454.,A320,PKBKL,BTK,BTK6596,BTK6581,20/12:52,20/12:55,20/13:51,20/14:07,0:56:49,CGK,CGK,008,10,1,1,NML,5,2025
2455.,A320,PKPWI,PAS,PAS204,PAS205,20/11:49,20/11:52,20/13:19,20/13:36,1:27:11,CGK,CGK,005,10,1,1,NML,5,2025
2456.,A320,PKAXU,AWQ,AWQ387,AWQ324,20/12:37,20/12:42,20/13:22,20/13:41,0:40:43,PEN,KUL,A5T,10,0,0,NML,5,2025
2457.,A320,PKSJD,SJV,SJV613,SJV726,19/20:04,19/20:09,20/14:07,20/14:19,17:58:00,BPN,LBJ,020,10,0,0,NML,5,2025
2458.,B738,PKLKV,LNI,LNI839,LNI836,20/12:55,20/12:59,20/14:01,20/14:11,1:02:04,PNK,PNK,012,10,1,1,NML,5,2025
2459.,A320,PKGTE,CTV,CTV716,CTV717,20/13:29,20/13:32,20/14:14,20/14:32,0:42:53,CGK,CGK,006,10,1,1,NML,5,2025
2460.,A320,PKGQS,CTV,CTV699,CTV948,20/14:30,20/14:33,20/15:18,20/15:30,0:45:00,DPS,BTH,007,10,1,1,NML,5,2025
2461.,B738MAX,PKOFM,AFE,AFE920,AFE920,20/13:39,20/13:41,20/14:13,20/14:23,0:32:35,TIM,CGK,005,10,1,1,NML,5,2025
2462.,B738,PKGNC,GIA,GIA312,GIA317,20/13:34,20/13:36,20/14:34,20/14:49,0:58:33,CGK,CGK,004,10,1,1,NML,5,2025
2463.,A320,9VJSY,JSA,JSA247,JSA248,20/13:57,20/14:02,20/14:49,20/15:00,0:47:00,SIN,SIN,A06,10,1,1,NML,5,2025
2464.,A320,PKLAT,BTK,BTK7515,BTK7514,20/13:47,20/13:50,20/14:46,20/14:58,0:56:00,HLP,HLP,009,10,1,1,NML,5,2025
2465.,B738,PKGMY,GIA,GIA330,GIA331,20/14:17,20/14:23,20/15:19,20/15:32,0:56:00,HLP,HLP,005,10,1,1,NML,5,2025
2466.,A320,PKLUJ,BTK,BTK6406,BTK6220,20/14:51,20/14:55,20/15:42,20/15:55,0:46:53,CGK,BPN,008,10,1,1,NML,5,2025
2467.,A320,PKGTA,CTV,CTV669,CTV434,20/16:27,20/16:33,20/17:14,20/17:26,0:41:39,DPS,BPN,007,10,1,1,NML,5,2025
2468.,B739,PKLFK,LNI,LNI919,LNI920,20/14:38,20/14:42,20/15:29,20/15:42,0:47:00,DPS,DPS,011,10,1,1,NML,5,2025
2469.,A320,PKBKT,BTK,BTK7517,BTK6401,20/10:36,20/13:47,20/15:57,20/16:12,5:17:00,HLP,CGK,010,10,1,0,NML,5,2025
2470.,B739,PKLFO,LNI,LNI681,LNI316,20/15:35,20/15:39,20/16:29,20/16:43,0:50:00,PKY,BDJ,014,10,1,1,NML,5,2025
2471.,B738,PKGNQ,GIA,GIA310,GIA315,20/15:21,20/15:25,20/16:28,20/16:40,1:03:16,CGK,CGK,004,10,1,1,NML,5,2025
2472.,A320,PKSAT,SJV,SJV635,SJV714,20/09:32,20/09:36,20/17:37,20/17:47,8:01:56,BDJ,LOP,C03,10,0,0,NML,5,2025
2473.,B738MAX,9VMBB,SIA,SIA926,SIA927,20/15:51,20/15:56,20/16:44,20/16:56,0:48:50,SIN,SIN,A07,10,1,1,NML,5,2025
2474.,B739,PKLSP,LNI,LNI695,LNI581,20/16:13,20/16:18,20/17:10,20/17:22,0:52:00,KOE,CGK,010,10,1,1,NML,5,2025
2475.,A320,PKPWH,PAS,PAS206,PAS623,20/15:39,20/15:43,20/16:28,20/16:41,0:45:23,CGK,BPN,005,10,1,1,NML,5,2025
2476.,B739,PKLGW,LNI,LNI983,LNI692,20/13:43,20/13:48,20/16:54,20/17:04,3:06:27,PKU,KOE,022,10,0,0,NML,5,2025
2477.,A320,PKGLX,CTV,CTV174,CTV488,20/16:04,20/16:06,20/17:21,20/17:36,1:15:00,HLP,BDJ,006,10,1,1,NML,5,2025
2478.,B738,PKLOP,LNI,LNI749,LNI838,20/14:43,20/14:48,20/17:20,20/17:34,2:31:55,MDC,PNK,018,10,0,0,NML,5,2025
2479.,A320,PKAZI,AWQ,AWQ323,AWQ326,20/17:20,20/17:24,20/17:58,20/18:06,0:33:06,KUL,KUL,A5T,10,0,0,NML,5,2025
2480.,A320,PKPWF,PAS,PAS622,PAS207,20/17:10,20/17:14,20/18:06,20/18:21,0:52:00,BPN,CGK,005,10,1,1,NML,5,2025
2481.,B738,PKGMX,GIA,GIA349,GIA313,20/17:29,20/17:32,20/18:26,20/18:56,0:54:00,DPS,CGK,004,10,1,1,NML,5,2025
2482.,A320,PKLUQ,BTK,BTK6347,BTK7502,20/15:12,20/15:16,20/19:22,20/19:32,4:06:00,BEJ,HLP,020,10,0,0,NML,5,2025
2483.,B738,PKGFM,GIA,GIA320,GIA325,20/17:39,20/17:42,20/18:56,20/19:09,1:14:00,CGK,CGK,006,10,1,1,NML,5,2025
2484.,B735,PKCLE,SJY,SJY567,SJY562,20/18:22,20/18:27,20/19:09,20/19:30,0:42:31,UPG,UPG,011,10,1,1,NML,5,2025
2485.,B738MAX,9VMBC,SIA,SIA928,SIA929,20/18:46,20/18:53,20/19:42,20/19:59,0:49:31,SIN,SIN,A07,10,1,1,NML,5,2025
2486.,A320,PKGQM,CTV,CTV949,CTV9664,20/19:35,20/19:38,20/20:08,20/20:20,0:30:00,BTH,DPS,008,10,1,1,NML,5,2025
2487.,B788,9VOFN,TGW,TGW266,TGW267,20/18:36,20/18:43,20/19:55,20/20:00,1:12:00,SIN,SIN,A06,10,1,1,NML,5,2025
2488.,A333,ECNYJ,SVA,SVA4211,SVA5211,20/17:45,20/17:51,20/19:33,20/19:56,1:42:00,JED,KNO,017,10,1,1,NML,5,2025
2489.,B739,PKLGM,LNI,LNI823,LNI880,20/13:52,20/13:57,20/19:49,20/20:04,5:52:00,LOP,UPG,023,10,0,0,NML,5,2025
2490.,A320,PKGQF,CTV,CTV736,CTV352,20/19:15,20/19:18,20/19:52,20/20:07,0:34:00,CGK,UPG,006,10,1,1,NML,5,2025
2491.,A320,PKGLT,CTV,CTV489,CTV693,20/19:22,20/19:26,20/20:04,20/20:14,0:38:00,BDJ,DPS,007,10,1,1,NML,5,2025
2492.,B738,PKGMX,GIA,GIA313A,GIA313A,20/19:00,20/19:02,20/19:58,20/20:05,0:56:00,SUB,CGK,004,10,1,1,NML,5,2025
2493.,B738,PKGUF,GIA,GIA326,GIA319,20/19:03,20/19:06,20/20:11,20/20:25,1:05:00,CGK,CGK,005,10,1,1,NML,5,2025
2494.,A320,PKGTA,CTV,CTV435,CTV737,20/20:41,20/20:44,20/21:26,20/21:37,0:42:00,BPN,CGK,005,10,1,1,NML,5,2025
2495.,A320,PKBLD,BTK,BTK7503,BTK6587,20/18:11,20/18:16,20/20:30,20/20:40,2:14:00,HLP,CGK,010,10,1,1,NML,5,2025
2496.,A320,PKGTD,CTV,CTV724,CTV354,20/20:55,20/21:00,20/21:41,20/21:56,0:41:00,CGK,UPG,007,10,1,1,NML,5,2025
2497.,A320,PKLUF,BTK,BTK6137,BTK6136,20/19:54,20/19:58,20/21:54,20/22:04,1:56:00,UPG,UPG,014,10,1,1,NML,5,2025
2498.,A320,PKBKT,BTK,BTK6588,BTK7508,20/21:25,20/21:30,21/05:02,21/05:10,7:32:00,CGK,HLP,010,28,1,1,NML,5,2025
"2499.,B738,PKLQZ,LNI,LNI879,LNI878,19/18:52,20/07:36,21/05:03,21/05:15,""1 day, 10:06:00"",AMQ,AMQ,026,28,0,1,NML,5,2025"
2500.,A320,PKAZI,AWQ,AWQ327,AWQ320,20/23:17,20/23:20,21/05:06,21/05:19,5:46:00,KUL,KUL,C02,28,0,0,NML,5,2025
2501.,B739,PKLHO,LNI,LNI692,LNI786,20/15:47,20/15:51,21/05:03,21/05:12,13:11:02,CGK,UPG,15A,28,0,0,NML,5,2025
2502.,A320,PKGQM,CTV,CTV9665,CTV430,20/22:19,20/22:24,21/05:07,21/05:17,6:43:00,DPS,BPN,007,28,1,1,NML,5,2025
2503.,B738,PKGMM,GIA,GIA328,GIA301,20/19:50,20/19:57,21/05:11,21/05:21,9:14:00,CGK,CGK,006,28,1,1,NML,5,2025
2504.,A320,PKBKR,BTK,BTK6586,BTK6132,20/19:18,20/19:22,21/05:21,21/05:27,9:59:00,CGK,LOP,009,28,1,1,NML,5,2025
2505.,A320,PKGTD,CTV,CTV353,CTV670,21/05:01,21/05:07,21/05:40,21/05:48,0:33:00,UPG,LOP,005,28,1,1,NML,5,2025
2506.,B738,PKLPK,LNI,LNI690,LNI690,21/05:04,21/05:09,21/05:47,21/05:55,0:38:00,CGK,KOE,014,28,1,1,NML,5,2025
2507.,A320,PKBKQ,BTK,BTK6413,BTK6589,20/20:17,20/20:22,21/06:08,21/06:20,9:46:07,DPS,CGK,020,28,0,0,NML,5,2025
2508.,A320,PKSAY,SJV,SJV715,SJV640,20/16:21,20/16:25,21/06:15,21/06:25,13:49:25,LOP,AAP,C07,28,0,0,NML,5,2025
"2509.,B739,PKLHQ,LNI,LNI865,LNI882,19/17:54,19/17:58,21/06:01,21/06:12,""1 day, 12:03:00"",LOP,UPG,021,28,0,0,NML,5,2025"
2510.,A320,PKSTZ,SJV,SJV637,SJV706,20/15:27,20/15:32,21/06:01,21/06:10,14:29:00,BDJ,DPS,C05,28,0,0,NML,5,2025
2511.,B738,PKLOJ,LNI,LNI709,LNI868,20/15:59,20/16:06,21/06:05,21/06:18,13:59:59,UPG,TTE,C06,28,0,0,NML,5,2025
"2512.,B739,PKLFY,LNI,LNI972,LNI266,19/16:25,19/16:29,21/06:15,21/06:22,""1 day, 13:46:00"",BTH,BPN,C04,28,0,0,NML,5,2025"
2513.,A320,PKBKP,BTK,BTK6572,BTK6412,21/05:30,21/05:37,21/06:49,21/06:59,1:12:35,CGK,DPS,008,28,1,1,NML,5,2025
2514.,A320,PKSJG,SJV,SJV619,SJV634,20/16:09,20/16:15,21/06:34,21/06:45,14:19:00,BPN,BDJ,15B,28,0,0,NML,5,2025
2515.,A320,PKSAS,SJV,SJV643,SJV566,20/14:04,20/14:08,21/06:53,21/07:01,16:45:28,AAP,PLW,025,28,0,0,NML,5,2025
2516.,B739,PKLGS,LNI,LNI707,LNI971,20/14:35,20/14:40,21/06:58,21/07:13,16:18:28,UPG,BTH,024,28,0,0,NML,5,2025
2517.,A320,PKLAO,BTK,BTK7521,BTK6135,20/21:07,20/21:13,21/06:55,21/07:07,9:42:00,HLP,PKN,011,28,1,1,NML,5,2025
2518.,B738,PKGNE,GIA,GIA324,GIA305,20/21:03,20/21:08,21/06:54,21/07:09,9:46:00,CGK,CGK,004,28,1,1,NML,5,2025
2519.,B738,PKGNF,GIA,GIA855,GIA854,20/20:37,20/20:46,21/07:04,21/07:17,10:18:00,SIN,SIN,A02,28,1,1,NML,5,2025
2520.,A320,PKGLR,CTV,CTV355,CTV725,21/07:38,21/07:41,21/08:34,21/08:44,0:53:00,UPG,CGK,008,10,1,1,NML,5,2025
2521.,A320,PKLUJ,BTK,BTK6221,BTK7510,20/19:25,20/19:29,21/07:29,21/07:41,11:59:11,BPN,HLP,018,28,0,0,NML,5,2025
2522.,A320,PKAXU,AWQ,AWQ325,AWQ392,20/19:27,20/19:32,21/07:21,21/07:30,11:48:16,KUL,JHB,A5T,28,0,0,NML,5,2025
2523.,A320,PKGQK,CTV,CTV170,CTV460,21/07:11,21/07:17,21/08:02,21/08:15,0:45:00,HLP,AAP,007,10,1,1,NML,5,2025
2524.,B739,PKLHM,LNI,LNI363,LNI693,21/06:15,21/06:20,21/07:54,21/08:02,1:34:53,BPN,CGK,014,10,1,1,NML,5,2025
2525.,A320,PKGLT,CTV,CTV690,CTV175,21/06:43,21/06:48,21/08:06,21/08:17,1:18:00,DPS,HLP,005,10,1,1,NML,5,2025
2526.,A320,PKGLY,CTV,CTV712,CTV713,21/07:15,21/07:22,21/08:10,21/08:22,0:48:57,CGK,CGK,006,10,1,1,NML,5,2025
2527.,A333,BHLO,CPA,CPA779,CPA780,20/18:15,20/18:21,21/08:12,21/08:25,13:51:00,HKG,HKG,A08,10,1,1,NML,5,2025
2528.,A320,PKLAF,BTK,BTK7511,BTK6573,21/06:28,21/06:33,21/08:18,21/08:28,1:45:03,HLP,CGK,009,10,1,1,NML,5,2025
2529.,B738,PKLZO,MXD,MXD352,MXD353,20/20:02,20/20:08,21/08:58,21/09:15,12:50:00,KUL,KUL,A03,10,1,1,NML,5,2025
2530.,A320,PKBKR,BTK,BTK6133,BTK6391,21/08:06,21/08:09,21/08:55,21/09:05,0:46:58,LOP,CGK,010,10,1,1,NML,5,2025
2531.,B739,PKLGW,LNI,LNI693,LNI856,21/06:53,21/06:57,21/08:53,21/09:02,1:55:58,KOE,PLM,020,10,0,0,NML,5,2025
2532.,B738,PKLOP,LNI,LNI837,LNI748,21/08:03,21/08:06,21/08:57,21/09:15,0:51:09,PNK,MDC,012,10,1,1,NML,5,2025
2533.,A320,PKGQP,CTV,CTV351,CTV486,21/09:51,21/09:53,21/10:31,21/10:43,0:38:00,UPG,BDJ,006,10,1,1,NML,5,2025
2534.,A320,PKGTD,CTV,CTV671,CTV171,21/08:16,21/08:18,21/09:10,21/09:23,0:52:00,LOP,HLP,006,10,1,1,NML,5,2025
2535.,B738,PKGUF,GIA,GIA304,GIA342,21/08:07,21/08:10,21/09:15,21/09:25,1:05:56,CGK,DPS,004,10,1,1,NML,5,2025
2536.,A320,PKPWK,PAS,PAS200,PAS201,21/08:10,21/08:13,21/09:09,21/09:20,0:56:28,CGK,CGK,005,10,1,1,NML,5,2025
2537.,A320,PKSAL,SJV,SJV703,SJV702,21/08:54,21/08:58,21/09:41,21/09:50,0:43:42,DPS,DPS,011,10,1,1,NML,5,2025
2538.,B733,PKMYJ,MYU,MYU935,MYU815,21/08:53,21/08:57,21/09:38,21/09:45,0:41:29,SRG,CGK,C02,10,0,0,NML,5,2025
2539.,B738,9MMLO,MAS,MAS871,MAS870,21/09:00,21/09:05,21/09:53,21/10:03,0:48:00,KUL,KUL,A07,10,1,1,NML,5,2025
2540.,H25B,T7HAN,AFSS,T7HAN,T7HAN,20/09:58,20/10:07,21/10:04,21/10:15,23:57:00,CGK,CGK,A10,10,0,0,NML,5,2025
2541.,B735,PKNAT,LKN,LKN243,LKN242,21/09:32,21/09:35,21/10:12,21/10:22,0:37:10,SMQ,SMQ,010,10,1,1,NML,5,2025
2542.,A359,9VSHG,SIA,SIA922,SIA923,21/09:18,21/09:23,21/10:23,21/10:37,1:00:00,SIN,SIN,A08,10,1,1,NML,5,2025
2543.,A320,PKLUH,BTK,BTK6584,BTK6585,21/10:00,21/10:05,21/10:55,21/11:15,0:50:00,CGK,CGK,009,10,1,1,NML,5,2025
2544.,A320,PKGQK,CTV,CTV461,CTV350,21/11:42,21/11:46,21/12:24,21/12:35,0:38:00,AAP,UPG,007,10,1,1,NML,5,2025
2545.,A320,9VTRS,TGW,TGW296,TGW297,21/10:03,21/10:08,21/11:08,21/11:23,1:00:00,SIN,SIN,A02,10,1,1,NML,5,2025
2546.,B739,PKLFY,LNI,LNI367,LNI262,21/10:07,21/10:10,21/10:53,21/11:07,0:43:00,BPN,BPN,014,10,1,1,NML,5,2025
2547.,B739,PKLSO,LNI,LNI970,LNI973,21/09:40,21/09:43,21/10:34,21/10:45,0:51:00,BTH,BTH,008,10,1,1,NML,5,2025
2548.,A320,PKPWA,PAS,PAS210,PAS211,21/09:46,21/09:47,21/10:32,21/10:45,0:45:00,CGK,CGK,005,10,1,1,NML,5,2025
2549.,A320,PKLUR,BTK,BTK7513,BTK7516,21/10:40,21/10:43,21/11:30,21/11:45,0:47:00,HLP,HLP,007,10,1,1,NML,5,2025
2550.,A320,PKLAO,BTK,BTK6134,BTK6346,21/09:43,21/09:47,21/11:01,21/11:10,1:14:00,PKN,BEJ,012,10,1,1,NML,5,2025
2551.,B739,PKLFO,LNI,LNI315,LNI822,21/07:59,21/08:00,21/11:02,21/11:15,3:02:00,BDJ,LOP,021,10,0,0,NML,5,2025
2552.,B739,PKLSP,LNI,LNI694,LNI694,21/10:15,21/10:19,21/11:10,21/11:22,0:50:31,CGK,KOE,011,10,1,1,NML,5,2025
2553.,B738,PKLPK,LNI,LNI697,LNI697,21/10:28,21/10:32,21/11:30,21/11:43,0:58:00,KOE,CGK,020,10,0,0,NML,5,2025
2554.,A320,PKAZI,AWQ,AWQ321,AWQ322,21/10:51,21/10:55,21/11:34,21/11:48,0:38:25,KUL,KUL,A5T,10,0,0,NML,5,2025
2555.,A333,ECNOF,SVA,SVA4209,SVA5209,21/09:04,21/09:10,21/11:33,21/11:48,2:23:00,JED,KNO,017,10,1,1,NML,5,2025
2556.,A320,PKLUJ,BTK,BTK7517,BTK7520,21/10:43,21/10:47,21/11:37,21/11:48,0:50:37,HLP,HLP,010,10,1,1,NML,5,2025
2557.,B738,PKGNM,GIA,GIA322,GIA327,21/10:32,21/10:37,21/11:40,21/11:47,1:03:00,CGK,CGK,004,10,1,1,NML,5,2025
2558.,B738,PKLZZ,MXD,MXD350,MXD351,21/10:36,21/10:41,21/11:26,21/11:36,0:45:00,KUL,KUL,A04,10,1,1,NML,5,2025
2559.,A320,PKGQS,CTV,CTV9692,CTV698,21/11:16,21/11:19,21/12:03,21/12:11,0:44:10,DPS,DPS,006,10,1,1,NML,5,2025
2560.,B739,PKLHY,LNI,LNI805,LNI804,21/10:54,21/10:59,21/11:55,21/12:06,0:56:00,DPS,DPS,009,10,1,1,NML,5,2025
2561.,A320,PKBLD,BTK,BTK6582,BTK6581,21/11:38,21/11:42,21/12:34,21/12:44,0:52:00,CGK,CGK,008,10,1,1,NML,5,2025
2562.,A320,PKSAS,SJV,SJV567,SJV636,21/11:21,21/11:25,21/12:27,21/12:37,1:02:00,PLW,BDJ,014,10,1,1,NML,5,2025
2563.,B739,PKLHQ,LNI,LNI791,LNI780,21/09:36,21/09:40,21/12:50,21/12:59,3:10:00,UPG,UPG,023,10,0,0,NML,5,2025
2564.,B739,PKLGW,LNI,LNI857,LNI680,21/12:57,21/13:01,21/13:58,21/14:12,0:57:00,PLM,PKY,012,10,1,1,NML,5,2025
2565.,B735,PKNAS,LKN,LKN193,LKN192,21/11:56,21/12:00,21/12:39,21/12:48,0:39:09,PKN,PKN,010,10,1,1,NML,5,2025
2566.,A320,PKSAY,SJV,SJV641,SJV726,21/09:59,21/10:03,21/12:45,21/12:54,2:42:00,AAP,LBJ,024,10,0,0,NML,5,2025
2567.,A320,PKGLG,CTV,CTV487,CTV9693,21/13:43,21/13:46,21/14:18,21/14:35,0:32:00,BDJ,DPS,007,10,1,1,NML,5,2025
2568.,A320,PKPWL,PAS,PAS204,PAS205,21/11:53,21/11:54,21/13:15,21/13:34,1:21:00,CGK,CGK,005,10,1,1,NML,5,2025
2569.,A320,PKAXU,AWQ,AWQ393,AWQ324,21/12:23,21/12:28,21/13:21,21/13:43,0:52:24,JHB,KUL,A5T,10,0,0,NML,5,2025
2570.,A320,PKGQM,CTV,CTV431,CTV668,21/13:50,21/13:54,21/14:37,21/14:51,0:43:00,BPN,DPS,008,10,1,1,NML,5,2025
2571.,A333,ECODR,SVA,SVA4361,SVA5361,21/11:25,21/11:31,21/13:33,21/13:55,2:02:00,JED,KNO,015,10,1,1,NML,5,2025
2572.,B739,PKLSK,LNI,LNI787,LNI722,21/13:40,21/13:44,21/14:34,21/14:44,0:50:00,UPG,KDI,011,10,1,1,NML,5,2025
2573.,B738,PKLKV,LNI,LNI839,LNI836,21/12:52,21/12:55,21/13:58,21/14:14,1:03:00,PNK,PNK,014,10,1,1,NML,5,2025
2574.,A320,PKGQS,CTV,CTV699,CTV948,21/15:07,21/15:11,21/15:58,21/16:11,0:47:00,DPS,BTH,008,10,1,1,NML,5,2025
2575.,B738,PKGUI,GIA,GIA312,GIA317,21/13:47,21/13:51,21/14:53,21/15:05,1:02:00,CGK,CGK,004,10,1,1,NML,5,2025
2576.,A320,9VJSJ,JSA,JSA247,JSA248,21/14:08,21/14:13,21/15:02,21/15:12,0:49:00,SIN,SIN,A06,10,1,1,NML,5,2025
2577.,B739,PKLFO,LNI,LNI823,LNI260,21/13:53,21/13:57,21/14:56,21/15:10,0:59:00,LOP,BPN,010,10,1,1,NML,5,2025
2578.,A320,PKPWE,PAS,PAS208,PAS209,21/14:04,21/14:08,21/14:50,21/15:02,0:42:00,CGK,CGK,006,10,1,1,NML,5,2025
2579.,B739,PKLFY,LNI,LNI261,LNI642,21/14:29,21/14:34,21/16:12,21/16:26,1:38:00,BPN,LOP,014,10,1,1,NML,5,2025
2580.,B738,PKGFP,GIA,GIA330,GIA331,21/14:33,21/14:36,21/15:31,21/15:47,0:55:00,HLP,HLP,005,10,1,1,NML,5,2025
2581.,A320,PKGTD,CTV,CTV174,CTV434,21/16:28,21/16:32,21/17:08,21/17:18,0:36:00,HLP,BPN,007,10,1,1,NML,5,2025
2582.,B739,PKLHY,LNI,LNI919,LNI920,21/14:56,21/15:01,21/15:54,21/16:04,0:53:00,DPS,DPS,011,10,1,1,NML,5,2025
2583.,A320,PKLUR,BTK,BTK7515,BTK7514,21/15:24,21/15:28,21/16:12,21/16:21,0:44:00,HLP,HLP,010,10,1,1,NML,5,2025
2584.,A320,PKGQN,CTV,CTV716,CTV717,21/14:53,21/15:00,21/15:46,21/16:00,0:46:00,CGK,CGK,007,10,1,1,NML,5,2025
2585.,B738,PKLOJ,LNI,LNI869,LNI581,21/12:32,21/12:38,21/15:57,21/16:07,3:18:53,TTE,CGK,020,10,0,0,NML,5,2025
2586.,B738,9MMXI,MAS,MAS873,MAS872,21/14:41,21/14:48,21/15:42,21/15:52,0:54:00,KUL,KUL,A07,10,1,1,NML,5,2025
2587.,A320,PKBKG,BTK,BTK6406,BTK6401,21/14:46,21/14:50,21/16:05,21/16:18,1:15:00,CGK,CGK,009,10,1,1,NML,5,2025
2588.,A333,ECNOG,SVA,SVA4151,SVA5151,21/14:02,21/14:10,21/16:15,21/16:30,2:05:00,JED,KNO,015,10,1,1,NML,5,2025
2589.,A320,PKSAS,SJV,SJV637,SJV648,21/15:17,21/15:21,21/16:24,21/16:38,1:03:00,BDJ,BPN,012,10,1,1,NML,5,2025
2590.,B738,PKGUC,GIA,GIA310,GIA315,21/15:38,21/15:41,21/16:39,21/16:55,0:58:00,CGK,CGK,004,10,1,1,NML,5,2025
2591.,B738MAX,9VMBD,SIA,SIA926,SIA927,21/15:57,21/16:03,21/17:04,21/17:14,1:01:00,SIN,SIN,A08,10,1,1,NML,5,2025
2592.,A320,PKPWM,PAS,PAS206,PAS623,21/15:42,21/15:45,21/16:35,21/16:43,0:50:00,CGK,BPN,005,10,1,1,NML,5,2025
2593.,B739,PKLSP,LNI,LNI695,LNI268,21/16:16,21/16:20,21/17:27,21/17:41,1:07:00,KOE,TRK,011,10,1,1,NML,5,2025
2594.,B739,PKLVF,LNI,LNI692,LNI692,21/16:24,21/16:29,21/17:17,21/17:30,0:48:00,CGK,KOE,014,10,1,1,NML,5,2025
2595.,A320,PKGQP,CTV,CTV669,CTV488,21/16:52,21/16:56,21/17:40,21/17:53,0:44:00,DPS,BDJ,008,10,1,1,NML,5,2025
2596.,B738,PKLKP,LNI,LNI707,LNI838,21/15:30,21/15:35,21/17:44,21/17:55,2:09:00,UPG,PNK,021,10,0,0,NML,5,2025
2597.,A320,PKAZI,AWQ,AWQ323,AWQ326,21/17:27,21/17:33,21/18:15,21/18:26,0:42:00,KUL,KUL,A5T,10,0,0,NML,5,2025
2598.,A320,PKPWA,PAS,PAS622,PAS207,21/17:36,21/17:39,21/18:21,21/18:33,0:42:00,BPN,CGK,006,10,1,1,NML,5,2025
2599.,B738,PKGUF,GIA,GIA349,GIA313,21/17:31,21/17:35,21/18:27,21/18:43,0:52:00,DPS,CGK,004,10,1,1,NML,5,2025
2600.,B738,PKBBF,SJY,SJY567,SJY562,21/17:38,21/17:43,21/18:33,21/18:49,0:50:00,UPG,UPG,012,10,1,1,NML,5,2025
2601.,A320,PKBLA,BTK,BTK7503,BTK7502,21/18:38,21/18:43,21/19:21,21/19:36,0:38:00,HLP,HLP,009,10,1,1,NML,5,2025
2602.,B739,PKLGW,LNI,LNI681,LNI226,21/17:10,21/17:14,21/18:48,21/19:01,1:34:00,PKY,BDJ,010,10,1,1,NML,5,2025
2603.,B738,PKGMV,GIA,GIA320,GIA325,21/17:46,21/17:50,21/18:48,21/18:59,0:58:00,CGK,CGK,005,10,1,1,NML,5,2025
2604.,A320,PKGQL,CTV,CTV172,CTV173,21/18:06,21/18:11,21/18:57,21/19:14,0:46:00,HLP,HLP,007,10,1,1,NML,5,2025
2605.,A333,ECODQ,SVA,SVA4217,SVA5217,21/17:00,21/17:09,21/19:13,21/19:26,2:04:00,JED,KNO,017,10,1,1,NML,5,2025
2606.,B738MAX,9VMBC,SIA,SIA928,SIA929,21/18:41,21/18:47,21/19:34,21/19:57,0:47:00,SIN,SIN,A07,10,1,1,NML,5,2025
2607.,B739,PKLSK,LNI,LNI727,LNI880,21/18:44,21/18:49,21/20:34,21/20:42,1:45:00,KDI,UPG,021,10,0,0,NML,5,2025
2608.,A320,PKLUR,BTK,BTK7519,BTK7518,21/19:23,21/19:27,21/19:55,21/20:05,0:28:00,HLP,HLP,008,10,1,1,NML,5,2025
2609.,A320,PKGQA,CTV,CTV736,CTV352,21/19:12,21/19:15,21/19:51,21/20:04,0:36:00,CGK,UPG,006,10,1,1,NML,5,2025
2610.,A320,PKGTD,CTV,CTV435,CTV737,21/20:32,21/20:40,21/21:19,21/21:32,0:39:00,BPN,CGK,006,10,1,1,NML,5,2025
2611.,B738,PKGUI,GIA,GIA326,GIA319,21/18:52,21/18:56,21/19:55,21/20:10,0:59:00,CGK,CGK,004,10,1,1,NML,5,2025
2612.,B738,PKLZV,BTK,BTK6586,BTK6587,21/20:40,21/20:44,21/21:38,21/21:50,0:54:00,CGK,CGK,011,10,1,1,NML,5,2025
2613.,A320,PKGTA,CTV,CTV724,CTV354,21/19:44,21/19:48,21/20:34,21/20:46,0:46:00,CGK,UPG,007,10,1,1,NML,5,2025
2614.,A320,PKGQF,CTV,CTV489,CTV693,21/20:07,21/20:11,21/20:53,21/21:04,0:42:00,BDJ,DPS,008,10,1,1,NML,5,2025
2615.,A320,PKLUF,BTK,BTK6137,BTK6136,21/19:49,21/19:54,21/21:49,21/21:59,1:55:00,UPG,UPG,010,10,1,1,NML,5,2025
2616.,A333,ECNYJ,SVA,SVA4623,SVA5623,21/23:48,21/23:51,22/02:03,22/02:16,2:12:00,JED,KNO,017,28,1,1,NML,5,2025
2617.,A320,PKAXU,AWQ,AWQ325,AWQ320,21/19:17,21/19:23,22/05:02,22/05:16,9:39:00,KUL,KUL,C02,28,0,0,NML,5,2025
2618.,A320,PKSAS,SJV,SJV613,SJV610,21/20:15,21/20:19,22/04:52,22/05:04,8:33:00,BPN,BPN,014,28,1,1,NML,5,2025
2619.,A320,PKLAO,BTK,BTK6347,BTK7508,21/15:14,21/15:17,22/04:56,22/05:06,13:39:00,BEJ,HLP,023,28,0,0,NML,5,2025
2620.,B739,PKLHR,LNI,LNI972,LNI786,21/16:32,21/22:53,22/04:57,22/05:11,12:18:00,BTH,UPG,010,28,1,0,NML,5,2025
2621.,A320,PKGQO,CTV,CTV949,CTV430,21/18:47,21/18:51,22/05:05,22/05:18,10:14:00,BTH,BPN,003,28,0,0,NML,5,2025
2622.,B738,PKGFW,GIA,GIA328,GIA301,21/20:00,21/20:04,22/04:59,22/05:12,8:55:00,CGK,CGK,005,28,1,1,NML,5,2025
2623.,A320,PKGQA,CTV,CTV353,CTV484,22/05:04,22/05:10,22/05:45,22/05:53,0:35:00,UPG,BDJ,006,28,1,1,NML,5,2025
2624.,B739,PKLHS,LNI,LNI690,LNI690,22/05:08,22/05:15,22/05:53,22/06:03,0:38:00,CGK,KOE,014,28,1,1,NML,5,2025
2625.,B738,PKLOP,LNI,LNI749,LNI868,21/14:49,21/14:54,22/05:57,22/06:07,15:03:00,MDC,TTE,024,28,0,0,NML,5,2025
"2626.,A320,PKSAE,SJV,SJV727,SJV706,20/20:49,21/07:40,22/05:44,22/05:51,""1 day, 8:51:00"",DPS,DPS,026,28,0,1,NML,5,2025"
2627.,A320,V8RBE,RBA,RBA795,RBA796,21/19:55,21/20:00,22/05:59,22/06:12,9:59:00,BWN,BWN,A07,28,1,1,NML,5,2025
2628.,A320,PKBKQ,BTK,BTK6413,BTK6589,21/20:26,21/20:31,22/05:56,22/06:07,9:25:00,DPS,CGK,012,28,1,1,NML,5,2025
2629.,A320,PKAZI,AWQ,AWQ327,AWQ386,21/23:41,21/23:49,22/05:57,22/06:10,6:08:00,KUL,PEN,A5T,28,0,0,NML,5,2025
2630.,A320,PKBKY,BTK,BTK6588,BTK6412,21/21:43,21/21:47,22/06:32,22/06:44,8:45:00,CGK,DPS,011,28,1,1,NML,5,2025
2631.,A320,PKGLR,CTV,CTV712,CTV725,22/05:14,22/05:21,22/06:13,22/06:20,0:52:00,CGK,CGK,007,28,1,1,NML,5,2025
2632.,A320,PKLUS,BTK,BTK7521,BTK6135,21/20:49,21/20:51,22/06:47,22/07:00,9:56:00,HLP,PKN,021,28,0,0,NML,5,2025
2633.,B739,PKLHH,LNI,LNI311,LNI971,22/05:57,22/06:02,22/06:58,22/07:09,0:56:00,BDJ,BTH,014,28,1,1,NML,5,2025
2634.,C208,PKVVM,SUS,PKVVM,PKVVM,21/11:35,21/11:40,22/07:06,22/07:15,19:26:00,BXW,BXW,C07,28,0,0,NML,5,2025
"2635.,A320,PKSJD,SJV,SJV725,SJV612,20/17:32,20/17:35,22/06:52,22/07:05,""1 day, 13:16:25"",LBJ,BPN,022,28,0,0,NML,5,2025"
2636.,B738,PKGNF,GIA,GIA855,GIA854,21/20:11,21/20:17,22/06:52,22/07:07,10:35:00,SIN,SIN,A02,28,1,1,NML,5,2025
2637.,B738,PKGNM,GIA,GIA324,GIA305,21/20:56,21/21:00,22/07:00,22/07:11,10:00:00,CGK,CGK,004,28,1,1,NML,5,2025
2638.,B738,PKLQZ,LNI,LNI879,LNI646,21/18:23,21/18:29,22/07:18,22/07:25,12:49:00,AMQ,LOP,15B,28,0,0,NML,5,2025
2639.,A320,PKLUR,BTK,BTK7511,BTK7510,22/06:38,22/06:44,22/07:26,22/07:34,0:42:00,HLP,HLP,009,28,1,1,NML,5,2025
2640.,A320,PKGQF,CTV,CTV690,CTV460,22/06:42,22/06:48,22/07:30,22/07:40,0:42:00,DPS,AAP,006,28,1,1,NML,5,2025
2641.,B739,PKLVF,LNI,LNI693,LNI693,22/06:49,22/06:56,22/07:55,22/08:10,0:59:00,KOE,CGK,012,10,1,1,NML,5,2025
2642.,B739,PKLJI,LNI,LNI885,LNI982,21/19:33,21/19:38,22/07:54,22/08:05,12:16:00,UPG,PKU,018,10,0,0,NML,5,2025
2643.,A21N,B32L7,CSN,CSN8137,CSN8138,21/22:06,21/22:14,22/07:51,22/08:07,9:37:00,CAN,CAN,A03,10,1,1,NML,5,2025
2644.,A320,PKGLT,CTV,CTV170,CTV175,22/07:02,22/07:10,22/08:01,22/08:14,0:51:00,HLP,HLP,007,10,1,1,NML,5,2025
2645.,A333,BHLU,CPA,CPA779,CPA780,21/17:56,21/18:02,22/08:12,22/08:25,14:10:00,HKG,HKG,A08,10,1,1,NML,5,2025
2646.,B739,PKLSP,LNI,LNI267,LNI990,22/06:58,22/07:04,22/08:14,22/08:23,1:10:00,TRK,DPS,010,10,1,1,NML,5,2025
2647.,A320,PKBKM,BTK,BTK6572,BTK6573,22/07:38,22/07:44,22/08:23,22/08:34,0:39:00,CGK,CGK,011,10,1,1,NML,5,2025
2648.,DHC6,PKICP,PGT,PKICP,PKICP,21/08:35,21/08:39,22/07:41,22/07:49,23:01:25,PAG,PAG,028,10,0,0,NML,5,2025
2649.,B738,PKLDM,MXD,MXD352,MXD353,21/19:52,21/19:57,22/08:57,22/09:07,13:00:00,KUL,KUL,A04,10,1,1,NML,5,2025
"2650.,AW139,PKTVN,TVR,PKTVN,PKTVN,14/09:38,14/09:45,22/08:46,22/08:49,""7 days, 23:01:00"",MBH,ZZZZ,H02,10,0,0,NML,5,2025"
2651.,A320,PKGQM,CTV,CTV355,CTV171,22/07:41,22/07:48,22/08:37,22/08:49,0:49:00,UPG,HLP,006,10,1,1,NML,5,2025
2652.,B739,PKLFY,LNI,LNI865,LNI222,21/19:06,21/19:13,22/08:51,22/09:03,13:38:00,LOP,BDJ,C06,10,0,0,NML,5,2025
2653.,A320,PKLUG,BTK,BTK6578,BTK6391,21/17:44,21/17:48,22/08:58,22/09:10,15:10:00,CGK,CGK,020,10,0,0,NML,5,2025
2654.,A320,PKGQA,CTV,CTV485,CTV486,22/08:12,22/08:14,22/09:02,22/09:14,0:48:00,BDJ,BDJ,007,10,1,1,NML,5,2025
2655.,B739,PKLHM,LNI,LNI683,LNI682,22/08:00,22/08:06,22/09:02,22/09:16,0:56:00,PKY,PKY,15B,10,0,0,NML,5,2025
2656.,B738,PKGFG,GIA,GIA304,GIA342,22/08:03,22/08:07,22/09:11,22/09:22,1:04:00,CGK,DPS,008,10,1,1,NML,5,2025
2657.,A320,PKPWK,PAS,PAS200,PAS201,22/08:08,22/08:11,22/09:18,22/09:29,1:07:00,CGK,CGK,005,10,1,1,NML,5,2025
2658.,A320,PKSAS,SJV,SJV611,SJV642,22/08:41,22/08:46,22/09:34,22/09:48,0:48:00,BPN,AAP,014,10,1,1,NML,5,2025
2659.,B733,PKMYJ,MYU,MYU935,MYU815,22/09:12,22/09:15,22/10:42,22/10:47,1:27:00,SRG,CGK,C02,10,0,0,NML,5,2025
2660.,B738,9MMXF,MAS,MAS871,MAS870,22/09:01,22/09:08,22/09:47,22/10:04,0:39:00,KUL,KUL,A07,10,1,1,NML,5,2025
2661.,A359,9VSHI,SIA,SIA922,SIA923,22/09:08,22/09:10,22/10:07,22/10:19,0:57:00,SIN,SIN,A08,10,1,1,NML,5,2025
2662.,A320,PKLUH,BTK,BTK6584,BTK6585,22/09:46,22/09:50,22/10:33,22/10:50,0:43:00,CGK,CGK,008,10,1,1,NML,5,2025
2663.,A320,PKGQI,CTV,CTV351,CTV350,22/09:27,22/09:30,22/10:16,22/10:29,0:46:00,UPG,UPG,006,10,1,1,NML,5,2025
2664.,A320,PKGTK,CTV,CTV722,CTV723,22/09:24,22/09:27,22/10:40,22/10:56,1:13:00,CGK,CGK,007,10,1,1,NML,5,2025
2665.,B738,PKLOJ,LNI,LNI791,LNI706,22/09:52,22/09:56,22/11:05,22/11:16,1:09:00,UPG,UPG,010,10,1,1,NML,5,2025
2666.,A20N,9VTNG,TGW,TGW296,TGW297,22/09:20,22/09:25,22/10:17,22/10:31,0:52:00,SIN,SIN,A02,10,1,1,NML,5,2025
2667.,A320,PKPWA,PAS,PAS210,PAS211,22/09:33,22/09:36,22/10:31,22/10:40,0:55:00,CGK,CGK,005,10,1,1,NML,5,2025
2668.,AW139,PKTVN,TVR,PKTVN,PKTVN,22/08:50,22/08:54,22/10:46,22/10:55,1:52:00,ZZZZ,ZZZZ,H02,10,0,0,NML,5,2025
2669.,A320,PKBLA,BTK,BTK7513,BTK7516,22/10:17,22/10:21,22/11:10,22/11:22,0:49:00,HLP,HLP,012,10,1,1,NML,5,2025
2670.,A320,PKLUS,BTK,BTK6134,BTK6346,22/09:50,22/09:54,22/10:47,22/10:58,0:53:00,PKN,BEJ,009,10,1,1,NML,5,2025
2671.,B738,PKLQZ,LNI,LNI645,LNI822,22/10:01,22/10:05,22/11:00,22/11:13,0:55:00,LOP,LOP,011,10,1,1,NML,5,2025
2672.,B739,PKLQR,LNI,LNI694,LNI694,22/10:13,22/10:17,22/11:15,22/11:27,0:58:00,CGK,KOE,15B,10,0,0,NML,5,2025
2673.,B739,PKLSV,LNI,LNI929,LNI697,22/06:55,22/07:02,22/11:25,22/11:34,4:23:00,DPS,CGK,024,10,0,0,NML,5,2025
2674.,A320,PKAXU,AWQ,AWQ321,AWQ322,22/10:47,22/10:53,22/11:29,22/11:40,0:36:00,KUL,KUL,A5T,10,0,0,NML,5,2025
2675.,A320,PKLUJ,BTK,BTK7517,BTK7520,22/10:42,22/10:48,22/11:34,22/11:46,0:46:00,HLP,HLP,008,10,1,1,NML,5,2025
2676.,B738,PKGNN,GIA,GIA322,GIA327,22/10:21,22/10:24,22/11:28,22/11:41,1:03:23,CGK,CGK,004,10,1,1,NML,5,2025
2677.,B738MAX,9MLRW,MXD,MXD350,MXD351,22/11:04,22/11:10,22/12:07,22/12:18,0:57:00,KUL,KUL,A04,10,1,1,NML,5,2025
2678.,B739,PKLSP,LNI,LNI805,LNI804,22/11:01,22/11:06,22/11:51,22/12:03,0:45:00,DPS,DPS,014,10,1,1,NML,5,2025
2679.,A320,PKGQF,CTV,CTV461,CTV698,22/11:08,22/11:12,22/11:59,22/12:05,0:47:00,AAP,DPS,006,10,1,1,NML,5,2025
2680.,A320,PKGQS,CTV,CTV9692,CTV9693,22/11:25,22/11:28,22/12:19,22/12:30,0:51:00,DPS,DPS,007,10,1,1,NML,5,2025
"2681.,A320,PKSJG,SJV,SJV635,SJV636,21/09:53,21/09:58,22/12:44,22/12:50,""1 day, 2:45:00"",BDJ,BDJ,025,10,0,0,NML,5,2025"
2682.,B738,PKLSL,LNI,LNI801,LNI780,22/11:44,22/11:48,22/12:49,22/12:59,1:01:00,UPG,UPG,012,10,1,1,NML,5,2025
2683.,A320,PKBLB,BTK,BTK6596,BTK6595,22/13:56,22/14:00,22/14:45,22/15:06,0:45:00,CGK,CGK,009,10,1,1,NML,5,2025
2684.,A320,PKPWG,PAS,PAS204,PAS205,22/12:00,22/12:04,22/13:17,22/13:26,1:13:00,CGK,CGK,005,10,1,1,NML,5,2025
2685.,A320,PKAZI,AWQ,AWQ387,AWQ324,22/12:24,22/12:30,22/13:21,22/13:32,0:51:00,PEN,KUL,A5T,10,0,0,NML,5,2025
2686.,A320,PKGQA,CTV,CTV487,CTV668,22/11:37,22/11:40,22/13:21,22/13:39,1:41:00,BDJ,DPS,008,10,1,1,NML,5,2025
2687.,B739,PKLFY,LNI,LNI223,LNI680,22/11:52,22/11:56,22/13:51,22/14:01,1:55:00,BDJ,PKY,011,10,1,1,NML,5,2025
2688.,A320,PKSAY,SJV,SJV725,SJV726,21/16:35,21/16:43,22/14:07,22/14:18,21:24:00,LBJ,LBJ,C05,10,0,0,NML,5,2025
2689.,B738,PKLOR,LNI,LNI839,LNI836,22/13:00,22/13:03,22/13:54,22/14:09,0:51:00,PNK,PNK,014,10,1,1,NML,5,2025
2690.,A320,PKGQO,CTV,CTV431,CTV948,22/13:37,22/13:40,22/14:25,22/14:40,0:45:00,BPN,BTH,007,10,1,1,NML,5,2025
2691.,B738,PKGFP,GIA,GIA312,GIA317,22/13:30,22/13:33,22/14:32,22/14:43,0:59:00,CGK,CGK,004,10,1,1,NML,5,2025
2692.,A320,9VJSQ,JSA,JSA247,JSA248,22/13:47,22/13:53,22/14:35,22/14:45,0:42:00,SIN,SIN,A07,10,1,1,NML,5,2025
2693.,A320,PKPWE,PAS,PAS208,PAS209,22/13:45,22/13:48,22/14:46,22/15:03,0:58:00,CGK,CGK,006,10,1,1,NML,5,2025
2694.,B738,PKGNE,GIA,GIA330,GIA331,22/14:07,22/14:10,22/15:05,22/15:16,0:55:00,HLP,HLP,005,10,1,1,NML,5,2025
2695.,B738,PKLOP,LNI,LNI869,LNI642,22/12:16,22/12:24,22/15:05,22/15:12,2:41:00,TTE,LOP,020,10,0,0,NML,5,2025
2696.,A320,PKSAS,SJV,SJV643,SJV614,22/14:59,22/15:03,22/16:05,22/16:10,1:02:00,AAP,BPN,010,10,1,1,NML,5,2025
2697.,B739,PKLSP,LNI,LNI919,LNI920,22/14:46,22/14:50,22/15:38,22/15:49,0:48:00,DPS,DPS,012,10,1,1,NML,5,2025
2698.,A320,PKGQF,CTV,CTV699,CTV434,22/14:35,22/14:38,22/15:29,22/15:38,0:51:00,DPS,BPN,007,10,1,1,NML,5,2025
2699.,A320,PKLUT,BTK,BTK6406,BTK7512,22/15:20,22/15:24,22/16:17,22/16:26,0:53:00,CGK,HLP,008,10,1,1,NML,5,2025
2700.,A320,PKGLE,CTV,CTV716,CTV717,22/14:41,22/14:45,22/15:45,22/15:56,1:00:00,CGK,CGK,003,10,0,0,NML,5,2025
2701.,B738,9MMLO,MAS,MAS873,MAS872,22/14:56,22/15:02,22/15:48,22/16:01,0:46:00,KUL,KUL,A06,10,1,1,NML,5,2025
2702.,B738,PKLOJ,LNI,LNI707,LNI581,22/14:51,22/14:55,22/15:53,22/16:03,0:58:00,UPG,CGK,011,10,1,1,NML,5,2025
2703.,A320,PKLUJ,BTK,BTK7501,BTK6401,22/15:02,22/15:06,22/16:04,22/16:13,0:58:00,HLP,CGK,009,10,1,1,NML,5,2025
2704.,B738,PKGFD,GIA,GIA310,GIA315,22/15:25,22/15:29,22/16:23,22/16:33,0:54:00,CGK,CGK,004,10,1,1,NML,5,2025
2705.,B738MAX,9VMBL,SIA,SIA926,SIA927,22/16:35,22/16:40,22/17:39,22/17:59,0:59:00,SIN,SIN,A07,10,1,1,NML,5,2025
2706.,A320,PKPWC,PAS,PAS206,PAS623,22/15:42,22/15:46,22/16:35,22/16:46,0:49:00,CGK,BPN,005,10,1,1,NML,5,2025
2707.,A320,PKGQM,CTV,CTV174,CTV721,22/15:54,22/15:58,22/16:46,22/16:58,0:48:00,HLP,CGK,007,10,1,1,NML,5,2025
2708.,A320,PKGQS,CTV,CTV669,CTV488,22/16:05,22/16:08,22/16:57,22/17:09,0:49:00,DPS,BDJ,006,10,1,1,NML,5,2025
2709.,B738,PKLQZ,LNI,LNI823,LNI226,22/13:40,22/13:44,22/17:24,22/17:34,3:40:00,LOP,BDJ,024,10,0,0,NML,5,2025
2710.,B738,PKLKV,LNI,LNI837,LNI838,22/07:56,22/08:01,22/17:32,22/17:36,9:31:00,PNK,PNK,021,10,0,0,NML,5,2025
2711.,B738,PKLOP,LNI,LNI865,LNI838D,22/18:02,22/18:07,22/19:09,22/19:28,1:02:00,LOP,PNK,024,10,0,0,NML,5,2025
2712.,A320,PKAXU,AWQ,AWQ323,AWQ326,22/17:18,22/17:23,22/18:01,22/18:09,0:38:00,KUL,KUL,A5T,10,0,0,NML,5,2025
2713.,A333,ECNOF,SVA,SVA4721,SVA5721,22/16:42,22/16:47,22/18:13,22/18:26,1:26:00,JED,KNO,017,10,1,1,NML,5,2025
2714.,A320,PKSAO,SJV,SJV703,SJV708,22/17:28,22/17:32,22/18:20,22/18:31,0:48:00,DPS,DPS,011,10,1,1,NML,5,2025
2715.,A320,PKPWA,PAS,PAS622,PAS207,22/17:07,22/17:11,22/18:16,22/18:29,1:05:00,BPN,CGK,005,10,1,1,NML,5,2025
2716.,B738,PKGFG,GIA,GIA349,GIA313,22/17:26,22/17:29,22/18:25,22/18:38,0:56:00,DPS,CGK,004,10,1,1,NML,5,2025
2717.,A320,PKSAY,SJV,SJV725,SJV716,22/17:31,22/17:36,22/18:41,22/18:55,1:05:00,LBJ,LOP,012,10,1,1,NML,5,2025
2718.,B735,PKCLE,SJY,SJY567,SJY562,22/18:13,22/18:18,22/18:53,22/19:05,0:35:00,UPG,UPG,010,10,1,1,NML,5,2025
2719.,A320,PKBLA,BTK,BTK7503,BTK7502,22/18:19,22/18:23,22/19:08,22/19:24,0:45:00,HLP,HLP,009,10,1,1,NML,5,2025
2720.,A320,PKGQL,CTV,CTV172,CTV173,22/18:17,22/18:20,22/18:59,22/19:12,0:39:00,HLP,HLP,008,10,1,1,NML,5,2025
2721.,B738MAX,9VMBN,SIA,SIA928,SIA929,22/18:57,22/19:03,22/19:54,22/20:06,0:51:00,SIN,SIN,A07,10,1,1,NML,5,2025
2722.,B739,PKLQS,LNI,LNI885,LNI880,22/18:46,22/18:52,22/19:47,22/19:57,0:55:00,UPG,UPG,012,10,1,1,NML,5,2025
2723.,A320,PKLUT,BTK,BTK7519,BTK7518,22/19:26,22/19:30,22/20:05,22/20:24,0:35:00,HLP,HLP,007,10,1,1,NML,5,2025
2724.,A320,PKGLS,CTV,CTV736,CTV352,22/19:36,22/19:39,22/20:18,22/20:31,0:39:00,CGK,UPG,006,10,1,1,NML,5,2025
2725.,A320,PKSJG,SJV,SJV637,SJV616,22/18:07,22/18:11,22/20:03,22/20:15,1:52:00,BDJ,BPN,C06,10,0,0,NML,5,2025
2726.,B738,PKGUD,GIA,GIA326,GIA319,22/19:10,22/19:14,22/20:03,22/20:19,0:49:00,CGK,CGK,004,10,1,1,NML,5,2025
2727.,A320,PKGQF,CTV,CTV435,CTV737,22/19:22,22/19:24,22/20:11,22/20:28,0:47:00,BPN,CGK,005,10,1,1,NML,5,2025
2728.,B738,PKLZV,BTK,BTK6586,BTK6587,22/19:19,22/19:22,22/20:36,22/20:51,1:14:00,CGK,CGK,009,10,1,1,NML,5,2025
2729.,A320,PKGQE,CTV,CTV724,CTV354,22/19:39,22/19:42,22/20:42,22/20:55,1:00:00,CGK,UPG,008,10,1,1,NML,5,2025
2730.,A320,PKGQK,CTV,CTV489,CTV693,22/20:02,22/20:06,22/20:45,22/20:55,0:39:00,BDJ,DPS,010,10,1,1,NML,5,2025
2731.,A333,ECODR,SVA,SVA4100,SVA5100,22/18:53,22/18:58,22/21:07,22/21:20,2:09:00,JED,KNO,017,10,1,1,NML,5,2025
2732.,A320,PKBKU,BTK,BTK6137,BTK6136,22/20:13,22/20:17,22/22:05,22/22:16,1:48:00,UPG,UPG,011,10,1,1,NML,5,2025
2733.,A333,ECNOG,SVA,SVA4471,SVA5471,22/22:15,22/22:20,23/00:16,23/00:34,1:56:00,MED,KNO,017,10,1,1,NML,5,2025
2734.,A333,ECODQ,SVA,SVA4773,SVA5773,23/00:00,23/00:04,23/02:06,23/02:21,2:02:00,JED,KNO,015,10,1,1,NML,5,2025
2735.,A320,PKGQM,CTV,CTV720,CTV430,22/20:17,22/20:20,23/04:55,23/05:06,8:35:00,CGK,BPN,005,10,1,1,NML,5,2025
2736.,A320,PKAZI,AWQ,AWQ325,AWQ320,22/19:03,22/19:08,23/04:59,23/05:11,9:51:00,KUL,KUL,C02,10,0,0,NML,5,2025
2737.,A320,PKBKR,BTK,BTK6578,BTK7508,22/18:10,22/18:16,23/05:00,23/05:14,10:44:00,CGK,HLP,014,10,1,1,NML,5,2025
2738.,B739,PKLHH,LNI,LNI972,LNI786,22/16:31,22/16:35,23/05:02,23/05:16,12:27:00,BTH,UPG,020,10,0,0,NML,5,2025
2739.,B738,PKGFQ,GIA,GIA324,GIA301,22/21:02,22/21:05,23/05:03,23/05:20,7:58:00,CGK,CGK,008,10,1,1,NML,5,2025
"2740.,B739,PKLFF,LNI,LNI972,LNI878,20/18:18,23/01:07,23/05:29,23/05:42,""2 days, 11:04:00"",BTH,AMQ,011,10,1,0,NML,5,2025"
2741.,A320,PKGQG,CTV,CTV949,CTV725,22/18:24,22/18:30,23/05:39,23/05:50,11:08:32,BTH,CGK,003,10,0,0,NML,5,2025
2742.,A320,PKGLG,CTV,CTV353,CTV670,23/05:25,23/05:28,23/06:01,23/06:17,0:33:00,UPG,LOP,007,10,1,1,NML,5,2025
2743.,B739,PKLVF,LNI,LNI690,LNI690,23/05:02,23/05:08,23/05:55,23/06:13,0:47:00,CGK,KOE,014,10,1,1,NML,5,2025
2744.,B739,PKLJI,LNI,LNI983,LNI266,22/13:34,22/13:39,23/05:59,23/06:15,16:20:00,PKU,BPN,022,10,0,0,NML,5,2025
2745.,A320,PKSAZ,SJV,SJV649,SJV706,22/10:27,22/10:31,23/06:03,23/06:25,19:32:00,BPN,DPS,018,10,0,0,NML,5,2025
2746.,A320,PKLUS,BTK,BTK6347,BTK6589,22/15:09,22/15:13,23/05:55,23/06:05,14:42:00,BEJ,CGK,025,10,0,0,NML,5,2025
2747.,A320,PKSJO,SJV,SJV615,SJV640,22/22:03,22/22:08,23/06:03,23/06:19,7:55:00,BPN,AAP,010,10,1,1,NML,5,2025
2748.,A320,V8RBC,RBA,RBA795,RBA796,22/22:41,22/22:48,23/05:51,23/06:04,7:03:00,BWN,BWN,A06,10,1,1,NML,5,2025
2749.,A320,PKPWN,PAS,PAS212,PAS213,22/20:33,22/20:37,23/05:54,23/06:07,9:17:00,CGK,CGK,006,10,1,1,NML,5,2025
2750.,A320,PKLAJ,BTK,BTK7521,BTK6391,22/20:48,22/20:53,23/06:26,23/06:38,9:33:00,HLP,CGK,012,10,1,1,NML,5,2025
2751.,B739,PKLHS,LNI,LNI697,LNI6002,22/10:44,22/10:52,23/06:39,23/06:48,19:47:00,KOE,SOC,023,10,0,0,NML,5,2025
2752.,B738,PKLQZ,LNI,LNI311,LNI868,23/06:10,23/06:14,23/07:03,23/07:24,0:49:00,BDJ,TTE,011,10,1,1,NML,5,2025
2753.,B739,PKLFY,LNI,LNI681,LNI971,22/16:55,22/16:59,23/07:08,23/07:26,14:09:00,PKY,BTH,C05,10,0,0,NML,5,2025
2754.,C208,PKVVM,SUS,PKVVM,PKVVM,22/08:55,22/08:57,23/07:06,23/07:14,22:09:00,BXW,BXW,C07,10,0,0,NML,5,2025
2755.,A320,PKLUJ,BTK,BTK6588,BTK6135,22/21:17,22/21:21,23/06:55,23/07:09,9:34:00,CGK,PKN,009,10,1,1,NML,5,2025
2756.,B738,PKGNF,GIA,GIA855,GIA305,22/20:29,23/00:02,23/07:01,23/07:19,10:24:00,SIN,CGK,004,10,1,1,NML,5,2025
2757.,B738,PKGFI,GIA,GIA328,GIA854,22/20:10,22/23:40,23/07:10,23/07:31,10:55:00,CGK,SIN,A02,10,1,1,NML,5,2025
2758.,B739,PKLFO,LNI,LNI363,LNI646,23/06:22,23/06:26,23/07:12,23/07:29,0:46:00,BPN,LOP,014,10,1,1,NML,5,2025
2759.,A320,PKBLA,BTK,BTK7511,BTK7510,23/06:29,23/06:35,23/07:47,23/07:57,1:12:00,HLP,HLP,010,10,1,1,NML,5,2025
2760.,A320,PKAXU,AWQ,AWQ327,AWQ392,22/23:25,22/23:31,23/07:26,23/07:35,7:55:00,KUL,JHB,A5T,10,0,0,NML,5,2025
2761.,A320,PKGQK,CTV,CTV690,CTV460,23/06:46,23/06:52,23/07:31,23/07:43,0:39:00,DPS,AAP,006,10,1,1,NML,5,2025
2762.,A320,PKGQL,CTV,CTV170,CTV175,23/07:14,23/07:17,23/07:55,23/08:08,0:38:00,HLP,HLP,007,10,1,1,NML,5,2025
2763.,A320,PKGLE,CTV,CTV712,CTV713,23/07:22,23/07:27,23/08:11,23/08:23,0:44:00,CGK,CGK,005,10,1,1,NML,5,2025
2764.,A333,BLBG,CPA,CPA779,CPA780,22/17:42,22/17:50,23/08:24,23/08:40,14:34:00,HKG,HKG,A08,10,1,1,NML,5,2025
2765.,B739,PKLHY,LNI,LNI929,LNI990,23/07:07,23/07:12,23/08:22,23/08:37,1:10:00,DPS,DPS,012,10,1,1,NML,5,2025
2766.,B738,PKLOP,LNI,LNI837,LNI222,23/07:55,23/07:58,23/08:49,23/09:03,0:51:00,PNK,BDJ,011,10,1,1,NML,5,2025
2767.,A320,PKGQE,CTV,CTV355,CTV171,23/07:38,23/07:42,23/08:53,23/09:05,1:11:00,UPG,HLP,006,10,1,1,NML,5,2025
2768.,A320,PKSAO,SJV,SJV727,SJV618,22/20:52,22/20:55,23/09:13,23/09:31,12:18:00,DPS,BPN,024,10,0,0,NML,5,2025
2769.,B739,PKLHM,LNI,LNI683,LNI856,23/08:05,23/08:10,23/09:06,23/09:27,0:56:00,PKY,PLM,014,10,1,1,NML,5,2025
2770.,B738,PKLKV,LNI,LNI838A,LNI748,22/17:42,22/17:45,23/10:38,23/10:50,16:53:00,SUB,MDC,021,28,0,0,NML,5,2025
2771.,A333,ECNYJ,SVA,SVA4357,SVA5357,23/07:03,23/07:09,23/08:58,23/09:18,1:49:00,JED,KNO,017,10,1,1,NML,5,2025
2772.,A320,PKLUY,BTK,BTK6584,BTK6585,23/08:32,23/08:35,23/09:22,23/09:29,0:47:00,CGK,CGK,010,10,1,1,NML,5,2025
2773.,A320,PKGLG,CTV,CTV671,CTV486,23/08:35,23/08:39,23/09:14,23/09:33,0:35:00,LOP,BDJ,007,10,1,1,NML,5,2025
2774.,B738,PKGUC,GIA,GIA304,GIA342,23/08:14,23/08:17,23/09:15,23/09:51,0:58:00,CGK,DPS,004,10,1,1,NML,5,2025
2775.,B738,PKLZM,MXD,MXD352,MXD353,22/20:21,22/20:27,23/09:17,23/09:39,12:50:00,KUL,KUL,A04,10,1,1,NML,5,2025
2776.,A320,PKSAZ,SJV,SJV703,SJV702,23/08:49,23/08:53,23/10:13,23/10:29,1:20:00,DPS,DPS,012,10,1,1,NML,5,2025
2777.,B738MAX,9MMVH,MAS,MAS871,MAS870,23/09:06,23/09:13,23/10:11,23/10:31,0:58:00,KUL,KUL,A06,10,1,1,NML,5,2025
2778.,B735,PKNAT,LKN,LKN243,LKN242,23/09:00,23/09:04,23/10:05,23/10:17,1:01:00,SMQ,SMQ,009,10,1,1,NML,5,2025
2779.,A359,9VSHD,SIA,SIA922,SIA923,23/09:12,23/09:19,23/10:18,23/10:33,0:59:00,SIN,SIN,A07,28,1,1,NML,5,2025
2780.,A320,PKGLT,CTV,CTV351,CTV350,23/09:29,23/09:33,23/10:19,23/10:38,0:46:00,UPG,UPG,006,28,1,1,NML,5,2025
2781.,A320,PKGLV,CTV,CTV722,CTV723,23/09:25,23/09:29,23/10:29,23/10:47,1:00:00,CGK,CGK,007,28,1,1,NML,5,2025
2782.,A320,PKLUY,BTK,BTK6585A,BTK6585A,23/10:01,23/10:05,23/10:40,23/10:50,0:35:00,SUB,CGK,008,10,1,1,NML,5,2025
2783.,A20N,9VTNG,TGW,TGW296,TGW297,23/10:27,23/10:34,23/11:26,23/11:35,0:52:00,SIN,SIN,A02,28,1,1,NML,5,2025
2784.,B739,PKLHH,LNI,LNI791,LNI706,23/12:05,23/12:09,23/13:13,23/13:23,1:04:00,UPG,UPG,011,28,1,1,NML,5,2025
2785.,B739,PKLHL,LNI,LNI970,LNI973,23/10:14,23/10:19,23/11:09,23/11:20,0:50:00,BTH,BTH,014,28,1,1,NML,5,2025
2786.,A320,PKPWN,PAS,PAS210,PAS211,23/10:24,23/10:26,23/11:07,23/11:19,0:41:00,CGK,CGK,005,28,1,1,NML,5,2025
2787.,A320,PKBLA,BTK,BTK7513,BTK7516,23/11:16,23/11:21,23/12:10,23/12:17,0:49:00,HLP,HLP,010,28,1,1,NML,5,2025
2788.,A320,PKLUJ,BTK,BTK6134,BTK6346,23/09:36,23/09:40,23/10:48,23/10:55,1:08:00,PKN,BEJ,010,28,1,1,NML,5,2025
2789.,B739,PKLFO,LNI,LNI645,LNI822,23/10:36,23/10:40,23/11:41,23/11:50,1:01:00,LOP,LOP,011,28,1,1,NML,5,2025
2790.,C208,PKTVX,TVR,PKTVX,PKTVX,23/09:15,23/09:19,23/12:26,23/12:34,3:07:00,SWQ,HLP,C05,28,0,0,NML,5,2025
2791.,F100,VHUQG,SXI,SXI2522,SXI2522,23/10:44,23/10:50,23/11:35,23/11:45,0:45:00,XSP,DRW,030,28,0,0,NML,5,2025
2792.,B739,PKLSH,LNI,LNI694,LNI694,23/10:40,23/10:44,23/11:32,23/11:41,0:48:00,CGK,KOE,009,28,1,1,NML,5,2025
2793.,A320,PKAZI,AWQ,AWQ321,AWQ322,23/11:03,23/11:07,23/11:48,23/11:58,0:41:00,KUL,KUL,A5T,28,0,0,NML,5,2025
2794.,B739,PKLVF,LNI,LNI697,LNI697,23/10:58,23/11:05,23/13:08,23/13:20,2:03:00,KOE,CGK,012,28,1,1,NML,5,2025
2795.,B738,PKGFD,GIA,GIA322,GIA327,23/10:19,23/10:22,23/11:33,23/11:48,1:11:00,CGK,CGK,004,28,1,1,NML,5,2025
2796.,A320,PKBKR,BTK,BTK7517,BTK7520,23/11:31,23/11:37,23/12:33,23/12:44,0:56:00,HLP,HLP,008,28,1,1,NML,5,2025
2797.,B739,PKLHY,LNI,LNI805,LNI682,23/11:13,23/11:19,23/12:04,23/12:13,0:45:00,DPS,PKY,014,28,1,1,NML,5,2025
2798.,A320,PKGQK,CTV,CTV461,CTV698,23/11:06,23/11:13,23/11:57,23/12:09,0:44:00,AAP,DPS,006,28,1,1,NML,5,2025
2799.,B738MAX,9MLRR,MXD,MXD350,MXD351,23/11:44,23/11:48,23/12:47,23/12:58,0:59:00,KUL,KUL,A02,28,1,1,NML,5,2025
2800.,A320,PKGTD,CTV,CTV9692,CTV9693,23/11:39,23/11:46,23/12:20,23/12:31,0:34:00,DPS,DPS,007,28,1,1,NML,5,2025
2801.,A320,PKSAV,SJV,SJV617,SJV636,22/20:25,22/20:32,23/12:29,23/12:42,15:57:00,BPN,BDJ,C06,28,0,0,NML,5,2025
2802.,B738,PKLJS,LNI,LNI801,LNI780,23/11:25,23/11:31,23/12:33,23/12:40,1:02:00,UPG,UPG,15A,28,0,0,NML,5,2025
2803.,B739,PKLOP,LNI,LNI223,LNI680,23/12:11,23/12:16,23/13:16,23/13:27,0:59:50,BDJ,PKY,15B,28,0,0,NML,5,2025
2804.,B735,PKNAS,LKN,LKN193,LKN192,23/11:56,23/12:02,23/12:43,23/12:54,0:41:00,PKN,PKN,009,28,1,1,NML,5,2025
2805.,E135,PKTFS,IAT,PKTFS,PKTFS,23/08:44,23/08:47,23/13:59,23/14:09,5:12:00,HLP,HLP,001,10,0,0,NML,5,2025
2806.,A320,PKAXU,AWQ,AWQ393,AWQ324,23/12:28,23/12:33,23/13:19,23/13:34,0:46:00,JHB,KUL,A5T,28,0,0,NML,5,2025
2807.,A320,PKPWL,PAS,PAS204,PAS205,23/12:01,23/12:07,23/13:13,23/13:31,1:06:00,CGK,CGK,005,28,1,1,NML,5,2025
2808.,A320,PKGLG,CTV,CTV487,CTV668,23/12:06,23/12:13,23/13:23,23/13:38,1:10:00,BDJ,DPS,006,28,1,1,NML,5,2025
2809.,A320,PKLUY,BTK,BTK6596,BTK6595,23/14:26,23/14:29,23/15:24,23/15:38,0:55:00,CGK,CGK,009,10,1,1,NML,5,2025
2810.,B738,PKLQZ,LNI,LNI869,LNI722,23/13:28,23/13:33,23/14:27,23/14:35,0:54:00,TTE,KDI,010,10,1,1,NML,5,2025
2811.,A320,PKSAY,SJV,SJV717,SJV726,23/06:01,23/06:05,23/14:02,23/14:14,7:57:00,LOP,LBJ,C03,10,0,0,NML,5,2025
2812.,B738,PKLOR,LNI,LNI839,LNI836,23/12:56,23/13:01,23/14:00,23/14:08,0:59:00,PNK,PNK,014,10,1,1,NML,5,2025
2813.,A320,PKGTK,CTV,CTV716,CTV717,23/13:35,23/13:41,23/14:20,23/14:34,0:39:00,CGK,CGK,007,10,1,1,NML,5,2025
2814.,B738,PKLHM,LNI,LNI857,LNI804,23/13:41,23/13:46,23/14:41,23/14:51,0:55:00,PLM,DPS,011,10,1,1,NML,5,2025
2815.,A320,PKGQM,CTV,CTV431,CTV948,23/13:32,23/13:37,23/14:27,23/14:39,0:50:00,BPN,BTH,008,10,1,1,NML,5,2025
2816.,A320,9VJSX,JSA,JSA247,JSA248,23/13:52,23/13:57,23/14:37,23/14:45,0:40:00,SIN,SIN,A07,10,1,1,NML,5,2025
2817.,B739,PKLFO,LNI,LNI865,LNI260,23/18:33,23/18:37,23/19:28,23/19:38,0:51:00,LOP,BPN,014,10,1,1,NML,5,2025
2818.,A320,PKLUW,BTK,BTK7515,BTK7514,23/15:15,23/15:20,23/15:55,23/16:07,0:35:00,HLP,HLP,010,10,1,1,NML,5,2025
2819.,A320,PKPWE,PAS,PAS208,PAS209,23/13:48,23/13:51,23/14:58,23/15:10,1:07:00,CGK,CGK,005,10,1,1,NML,5,2025
2820.,B738,PKGFW,GIA,GIA330,GIA331,23/14:06,23/14:09,23/15:12,23/15:28,1:03:00,HLP,HLP,004,10,1,1,NML,5,2025
2821.,B739,PKLFO,LNI,LNI823,LNI642,23/14:29,23/14:34,23/15:40,23/15:52,1:06:00,LOP,LOP,012,10,1,1,NML,5,2025
2822.,A320,PKBKP,BTK,BTK6406,BTK6220,23/15:36,23/15:39,23/16:25,23/16:35,0:46:00,CGK,BPN,009,10,1,1,NML,5,2025
2823.,A320,PKBKR,BTK,BTK7501,BTK7512,23/15:57,23/16:00,23/16:59,23/17:06,0:59:00,HLP,HLP,020,10,0,0,NML,5,2025
2824.,A320,PKGQK,CTV,CTV699,CTV434,23/14:48,23/14:51,23/15:33,23/15:42,0:42:00,DPS,BPN,006,10,1,1,NML,5,2025
2825.,B738,PKLKV,LNI,LNI749,LNI581,23/16:42,23/16:46,23/17:36,23/17:48,0:50:00,MDC,CGK,011,10,1,1,NML,5,2025
2826.,A320,PKSJO,SJV,SJV643,SJV672,23/15:06,23/15:10,23/16:19,23/16:30,1:09:00,AAP,BEJ,011,10,1,1,NML,5,2025
2827.,A320,PKLUJ,BTK,BTK6347,BTK6401,23/15:21,23/15:25,23/16:13,23/16:26,0:48:00,BEJ,CGK,15A,10,0,0,NML,5,2025
2828.,A320,PKSAV,SJV,SJV637,SJV648,23/15:25,23/15:30,23/17:12,23/17:21,1:42:00,BDJ,BPN,008,10,1,1,NML,5,2025
2829.,B738,PKGMM,GIA,GIA310,GIA315,23/15:50,23/15:53,23/16:54,23/17:09,1:01:00,CGK,CGK,004,10,1,1,NML,5,2025
2830.,B738MAX,9VMBD,SIA,SIA926,SIA927,23/16:24,23/16:30,23/17:34,23/17:46,1:04:00,SIN,SIN,A06,10,1,1,NML,5,2025
2831.,A320,PKPWJ,PAS,PAS206,PAS623,23/15:45,23/15:49,23/16:39,23/16:49,0:50:00,CGK,BPN,005,10,1,1,NML,5,2025
2832.,B739,PKLSH,LNI,LNI695,LNI268,23/16:05,23/16:08,23/17:42,23/17:54,1:34:00,KOE,TRK,012,10,1,1,NML,5,2025
2833.,A320,PKGQE,CTV,CTV174,CTV721,23/16:09,23/16:12,23/17:13,23/17:28,1:01:00,HLP,CGK,007,10,1,1,NML,5,2025
2834.,B739,PKLSY,LNI,LNI692,LNI692,23/16:12,23/16:15,23/17:04,23/17:19,0:49:00,CGK,KOE,014,10,1,1,NML,5,2025
2835.,A320,PKGTD,CTV,CTV669,CTV488,23/16:28,23/16:31,23/17:03,23/17:17,0:32:00,DPS,BDJ,006,10,1,1,NML,5,2025
2836.,B739,PKLFF,LNI,LNI879,LNI226,23/15:39,23/15:42,23/17:58,23/18:07,2:16:00,AMQ,BDJ,15B,10,0,0,NML,5,2025
2837.,B738,PKBGZ,BTK,BTK6578,BTK7579,23/16:58,23/17:02,23/17:48,23/17:57,0:46:00,CGK,CGK,010,10,1,1,NML,5,2025
2838.,B738,PKLOP,LNI,LNI681,LNI838,23/16:16,23/16:20,23/17:26,23/17:35,1:06:00,PKY,PNK,15A,10,0,0,NML,5,2025
2839.,A320,PKAZI,AWQ,AWQ323,AWQ326,23/17:26,23/17:31,23/18:08,23/18:19,0:37:00,KUL,KUL,A5T,10,0,0,NML,5,2025
2840.,B739,PKLHM,LNI,LNI919,LNI920,23/17:15,23/17:18,23/18:02,23/18:12,0:44:00,DPS,DPS,018,10,0,0,NML,5,2025
2841.,A320,PKSAT,SJV,SJV723,SJV708,23/17:20,23/17:24,23/18:24,23/18:38,1:00:00,DPS,DPS,022,10,0,0,NML,5,2025
2842.,A320,PKPWM,PAS,PAS622,PAS207,23/17:24,23/17:27,23/18:17,23/18:28,0:50:00,BPN,CGK,005,10,1,1,NML,5,2025
2843.,B738,PKGUC,GIA,GIA349,GIA313,23/17:58,23/18:03,23/19:02,23/19:13,0:59:00,DPS,CGK,008,10,1,1,NML,5,2025
2844.,A320,PKSAY,SJV,SJV725,SJV716,23/17:31,23/17:34,23/19:05,23/19:19,1:31:00,LBJ,LOP,023,10,0,0,NML,5,2025
2845.,A320,PKBLA,BTK,BTK7503,BTK7502,23/20:11,23/20:15,23/21:11,23/21:22,0:56:00,HLP,HLP,009,10,1,1,NML,5,2025
2846.,B735,PKCLE,SJY,SJY567,SJY562,23/17:42,23/17:46,23/18:30,23/18:44,0:44:00,UPG,UPG,011,10,1,1,NML,5,2025
2847.,B738,PKGFV,GIA,GIA320,GIA325,23/17:37,23/17:40,23/19:02,23/19:17,1:22:00,CGK,CGK,004,10,1,1,NML,5,2025
2848.,A320,PKGQI,CTV,CTV172,CTV173,23/19:07,23/19:13,23/19:49,23/20:07,0:36:00,HLP,HLP,007,10,1,1,NML,5,2025
2849.,B738MAX,9VMBC,SIA,SIA928,SIA929,23/18:46,23/18:52,23/19:36,23/19:51,0:44:00,SIN,SIN,A06,10,1,1,NML,5,2025
2850.,A320,PKGQG,CTV,CTV949,CTV9664,23/18:29,23/18:32,23/19:08,23/19:24,0:36:00,BTH,DPS,006,10,1,1,NML,5,2025
2851.,B788,9VOFC,TGW,TGW266,TGW267,23/18:35,23/18:41,23/19:53,23/20:10,1:12:00,SIN,SIN,A07,10,1,1,NML,5,2025
2852.,A320,PKGLR,CTV,CTV489,CTV693,23/19:10,23/19:16,23/19:49,23/20:02,0:33:00,BDJ,DPS,010,10,1,1,NML,5,2025
2853.,A320,PKBKR,BTK,BTK7519,BTK7518,23/20:13,23/20:17,23/21:17,23/21:27,1:00:00,HLP,HLP,011,10,1,1,NML,5,2025
2854.,B739,PKLFY,LNI,LNI972,LNI880,23/16:47,23/16:50,23/19:42,23/19:54,2:52:00,BTH,UPG,021,10,0,0,NML,5,2025
2855.,A320,PKPWK,PAS,PAS202,PAS203,23/18:52,23/18:54,23/19:55,23/20:16,1:01:00,CGK,CGK,005,10,1,1,NML,5,2025
2856.,A320,PKGLS,CTV,CTV736,CTV352,23/19:21,23/19:24,23/20:10,23/20:25,0:46:00,CGK,UPG,006,10,1,1,NML,5,2025
2857.,B738,PKGUH,GIA,GIA326,GIA319,23/18:54,23/19:03,23/20:05,23/20:20,1:02:00,CGK,CGK,004,10,1,1,NML,5,2025
2858.,A320,PKGQK,CTV,CTV435,CTV737,23/19:14,23/19:18,23/20:18,23/20:27,1:00:00,BPN,CGK,008,10,1,1,NML,5,2025
2859.,B738,PKBGZ,BTK,BTK6586,BTK6587,23/21:32,23/21:36,23/22:16,23/22:26,0:40:00,CGK,CGK,011,10,1,1,NML,5,2025
2860.,A320,PKGQF,CTV,CTV724,CTV354,23/19:45,23/19:49,23/20:38,23/20:48,0:49:00,CGK,UPG,003,10,0,0,NML,5,2025
2861.,A320,PKLAJ,BTK,BTK6137,BTK6136,23/20:46,23/20:50,23/21:53,23/22:02,1:02:04,UPG,UPG,020,10,0,0,NML,5,2025
2862.,A333,ECNOF,SVA,SVA4213,SVA5213,23/22:54,23/23:01,24/00:59,24/01:14,1:58:00,JED,KNO,017,10,1,1,NML,5,2025
2863.,A333,ECODR,SVA,SVA4110,SVA5110,24/01:49,24/01:55,24/03:55,24/04:09,2:00:00,JED,KNO,017,10,1,1,NML,5,2025
2864.,A320,PKGQG,CTV,CTV9665,CTV430,23/21:38,23/21:41,24/04:51,24/05:05,7:10:00,DPS,BPN,007,10,1,1,NML,5,2025
2865.,A320,PKSAT,SJV,SJV727,SJV610,23/20:53,23/20:57,24/04:59,24/05:12,8:02:00,DPS,BPN,010,10,1,1,NML,5,2025
2866.,A320,PKBKP,BTK,BTK6221,BTK7508,23/20:05,23/20:09,24/04:55,24/05:07,8:46:00,BPN,HLP,012,10,0,0,NML,5,2025
2867.,A320,PKAXU,AWQ,AWQ325,AWQ320,23/18:58,23/19:02,24/05:00,24/05:09,9:58:22,KUL,KUL,C01,10,0,0,NML,5,2025
2868.,B739,PKLHR,LNI,LNI707,LNI786,23/14:42,23/14:48,24/05:07,24/05:16,14:19:09,UPG,UPG,C03,10,0,0,NML,5,2025
2869.,B738,PKGFG,GIA,GIA324,GIA301,23/21:13,23/21:18,24/04:57,24/05:11,7:39:00,CGK,CGK,004,10,1,1,NML,5,2025
2870.,A320,PKGQF,CTV,CTV353,CTV670,24/05:03,24/05:07,24/05:44,24/05:54,0:37:00,UPG,LOP,007,10,1,1,NML,5,2025
2871.,A320,PKGQC,CTV,CTV720,CTV725,23/21:00,23/21:03,24/05:38,24/05:50,8:35:00,CGK,CGK,006,10,1,1,NML,5,2025
2872.,A320,V8RBG,RBA,RBA795,RBA796,23/20:00,23/20:06,24/05:50,24/06:00,9:44:00,BWN,BWN,A06,10,1,1,NML,5,2025
"2873.,A320,PKSJP,SJV,SJV723,SJV706,21/17:50,22/12:02,24/06:12,24/06:23,""2 days, 12:17:00"",DPS,DPS,026,10,0,0,NML,5,2025"
2874.,A320,PKLUI,BTK,BTK6594,BTK6589,23/20:17,23/20:21,24/05:59,24/06:09,9:38:00,CGK,CGK,014,10,1,1,NML,5,2025
2875.,A320,PKSAV,SJV,SJV613,SJV640,23/20:42,23/20:47,24/07:08,24/07:18,10:21:00,BPN,AAP,008,10,1,1,NML,5,2025
2876.,A320,PKAZI,AWQ,AWQ327,AWQ386,23/23:45,23/23:50,24/06:09,24/06:21,6:19:00,KUL,PEN,A5T,10,0,0,NML,5,2025
2877.,A320,PKLAZ,BTK,BTK7521,BTK6135,23/21:07,23/21:17,24/06:39,24/06:54,9:22:00,HLP,PKN,009,10,1,1,NML,5,2025
2878.,B733,PKMYJ,MYU,MYU935,MYU934,23/09:22,23/09:26,24/07:00,24/07:13,21:34:00,SRG,SIN,C02,10,0,0,NML,5,2025
2879.,B738MAX,PKOFM,AFE,AFE921,AFE921,24/05:39,24/05:43,24/06:37,24/06:48,0:54:00,CGK,TIM,004,10,1,1,NML,5,2025
2880.,A320,PKSJO,SJV,SJV673,SJV612,23/20:38,23/20:41,24/07:03,24/07:15,10:21:10,BEJ,BPN,023,10,0,0,NML,5,2025
2881.,B738,PKGFM,GIA,GIA328,GIA305,23/19:56,23/20:00,24/07:05,24/07:17,11:05:00,CGK,CGK,005,10,1,1,NML,5,2025
2882.,B738,PKGFI,GIA,GIA855,GIA854,23/20:22,23/20:29,24/06:57,24/07:09,10:28:00,SIN,SIN,A02,10,1,1,NML,5,2025
2883.,EC 145,PKPMA,VLT,PKPMA,PKPMA,23/13:25,23/13:28,24/08:32,24/08:39,19:04:00,SRG,BDJ,H05,10,0,0,NML,5,2025
2884.,B739,PKLFF,LNI,LNI311,LNI646,24/06:11,24/06:15,24/07:20,24/07:30,1:05:00,BDJ,LOP,012,10,1,1,NML,5,2025
2885.,A320,PKLUS,BTK,BTK6588,BTK7510,23/22:35,23/22:38,24/07:47,24/07:57,9:09:00,CGK,HLP,011,10,1,1,NML,5,2025
2886.,A320,PKGLR,CTV,CTV690,CTV460,24/06:52,24/06:55,24/07:33,24/07:47,0:38:00,DPS,AAP,006,10,1,1,NML,5,2025
2887.,B739,PKLFF,LNI,LNI645,LNI693,24/10:08,24/10:12,24/10:45,24/11:01,0:33:00,LOP,CGK,012,10,1,1,NML,5,2025
2888.,B738,PKLQZ,LNI,LNI727,LNI982,23/18:42,23/18:46,24/08:20,24/08:31,13:34:00,KDI,PKU,025,10,0,0,NML,5,2025
2889.,A21N,B32L6,CSN,CSN8137,CSN8138,23/22:10,23/22:18,24/07:53,24/08:03,9:35:00,CAN,CAN,A07,10,1,1,NML,5,2025
2890.,A320,PKGQP,CTV,CTV712,CTV713,24/07:08,24/07:11,24/08:01,24/08:16,0:50:00,CGK,CGK,007,10,1,1,NML,5,2025
2891.,A333,BLBI,CPA,CPA779,CPA780,23/17:51,23/18:03,24/08:20,24/08:34,14:17:00,HKG,HKG,A08,10,1,1,NML,5,2025
2892.,B739,PKLSH,LNI,LNI267,LNI990,24/07:11,24/07:16,24/08:20,24/08:32,1:04:00,TRK,DPS,010,10,1,1,NML,5,2025
"2893.,DHC6,PKICP,PGT,PKICP,PKICP,22/10:53,22/10:55,24/08:07,24/08:15,""1 day, 21:12:00"",PAG,PAG,028,10,0,0,NML,5,2025"
2894.,A320,PKBLA,BTK,BTK7511,BTK6573,24/06:44,24/06:47,24/08:47,24/08:59,2:00:00,HLP,CGK,021,10,0,0,NML,5,2025
2895.,B738,PKLZZ,MXD,MXD352,MXD353,23/19:29,23/19:35,24/08:35,24/08:43,13:00:00,KUL,KUL,A04,10,1,1,NML,5,2025
2896.,A320,PKGLG,CTV,CTV355,CTV171,24/07:45,24/07:48,24/08:33,24/08:46,0:45:00,UPG,HLP,006,10,1,1,NML,5,2025
2897.,B739,PKLHM,LNI,LNI929,LNI222,24/06:47,24/06:50,24/08:43,24/08:54,1:53:00,DPS,BDJ,014,10,1,1,NML,5,2025
2898.,A333,ECODQ,SVA,SVA4775,SVA5775,24/06:07,24/06:12,24/08:55,24/09:08,2:43:00,JED,KNO,017,10,1,1,NML,5,2025
2899.,B738,PKLOJ,LNI,LNI885,LNI748,23/19:25,23/19:29,24/09:01,24/09:12,13:32:00,UPG,MDC,022,10,0,0,NML,5,2025
2900.,A320,9VJSJ,JSA,JSA249,JSA250,24/08:13,24/08:19,24/09:09,24/09:23,0:50:00,SIN,SIN,A06,10,1,1,NML,5,2025
2901.,A320,PKGQF,CTV,CTV671,CTV486,24/08:22,24/08:25,24/09:08,24/09:16,0:43:00,LOP,BDJ,007,10,1,1,NML,5,2025
2902.,B739,PKLHY,LNI,LNI683,LNI682,24/08:07,24/08:10,24/09:12,24/09:29,1:02:00,PKY,PKY,012,10,1,1,NML,5,2025
2903.,B738,PKGNM,GIA,GIA304,GIA342,24/08:04,24/08:07,24/09:15,24/09:32,1:08:00,CGK,DPS,004,10,1,1,NML,5,2025
2904.,A320,PKPWE,PAS,PAS200,PAS201,24/08:10,24/08:13,24/09:11,24/09:25,0:58:00,CGK,CGK,005,10,1,1,NML,5,2025
2905.,A320,PKSAK,SJV,SJV703,SJV702,24/08:56,24/08:59,24/09:44,24/09:58,0:45:00,DPS,DPS,009,10,1,1,NML,5,2025
2906.,B738,9MMXX,MAS,MAS871,MAS870,24/09:02,24/09:09,24/10:03,24/10:13,0:54:00,KUL,KUL,A07,10,1,1,NML,5,2025
2907.,A359,9VSHG,SIA,SIA922,SIA923,24/08:52,24/08:57,24/09:58,24/10:10,1:01:00,SIN,SIN,A08,10,1,1,NML,5,2025
2908.,A320,PKBKU,BTK,BTK6572,BTK6585,24/07:37,24/07:40,24/10:33,24/10:44,2:53:00,CGK,CGK,018,10,0,0,NML,5,2025
2909.,A320,PKGQN,CTV,CTV351,CTV350,24/09:33,24/09:37,24/10:15,24/10:27,0:38:00,UPG,UPG,006,10,1,1,NML,5,2025
2910.,A20N,9VTNG,TGW,TGW296,TGW297,24/09:53,24/09:58,24/10:44,24/10:57,0:46:00,SIN,SIN,A02,10,1,1,NML,5,2025
2911.,A320,PKPWC,PAS,PAS210,PAS211,24/09:30,24/09:32,24/10:31,24/10:42,0:59:00,CGK,CGK,005,10,1,1,NML,5,2025
2912.,B739,PKLSR,LNI,LNI791,LNI973,24/09:38,24/09:41,24/10:41,24/10:55,1:00:00,UPG,BTH,011,10,1,1,NML,5,2025
2913.,A320,PKBKR,BTK,BTK7513,BTK7516,24/09:56,24/10:00,24/10:50,24/11:03,0:50:00,HLP,HLP,008,10,1,1,NML,5,2025
2914.,A320,PKLAZ,BTK,BTK6134,BTK6346,24/09:26,24/09:30,24/10:41,24/10:52,1:11:00,PKN,BEJ,010,10,1,1,NML,5,2025
2915.,B739,PKLSH,LNI,LNI805,LNI706,24/10:58,24/11:01,24/12:05,24/12:16,1:04:00,DPS,UPG,010,10,1,1,NML,5,2025
2916.,B739,PKLHM,LNI,LNI223,LNI694,24/11:33,24/11:36,24/12:42,24/12:57,1:06:00,BDJ,KOE,012,10,1,1,NML,5,2025
2917.,A320,PKAXU,AWQ,AWQ321,AWQ322,24/10:53,24/10:59,24/11:38,24/11:47,0:39:00,KUL,KUL,A5T,10,0,0,NML,5,2025
2918.,DHC6,PKICP,PGT,PKICP,PKICP,24/11:09,24/11:11,24/11:26,24/11:29,0:15:00,SUB,SUB,028,10,0,0,NML,5,2025
2919.,A320,PKBKP,BTK,BTK7517,BTK7520,24/12:30,24/12:34,24/13:31,24/13:43,0:57:00,HLP,HLP,009,10,1,1,NML,5,2025
2920.,B738,PKGNN,GIA,GIA322,GIA327,24/10:00,24/10:03,24/11:35,24/11:59,1:32:00,CGK,CGK,004,10,1,1,NML,5,2025
2921.,B738,PKLZO,MXD,MXD350,MXD351,24/10:50,24/10:57,24/11:36,24/11:54,0:39:00,KUL,KUL,A03,10,1,1,NML,5,2025
2922.,B739,PKLOP,LNI,LNI837,LNI804,24/07:53,24/07:57,24/12:14,24/12:22,4:17:00,PNK,DPS,023,10,0,0,NML,5,2025
2923.,A320,PKSAT,SJV,SJV611,SJV362,24/08:37,24/08:41,24/12:15,24/12:21,3:34:00,BPN,KNO,C03,10,0,0,NML,5,2025
2924.,A320,PKGLR,CTV,CTV461,CTV698,24/11:05,24/11:08,24/12:00,24/12:14,0:52:00,AAP,DPS,006,10,1,1,NML,5,2025
2925.,A320,PKBLC,BTK,BTK6582,BTK6581,24/11:52,24/11:56,24/12:53,24/13:04,0:57:00,CGK,CGK,011,10,1,1,NML,5,2025
2926.,B739,PKLSP,LNI,LNI801,LNI780,24/11:42,24/11:47,24/12:52,24/13:00,1:05:00,UPG,UPG,15A,10,0,0,NML,5,2025
2927.,A320,PKSGB,SJV,SJV649,SJV636,24/08:18,24/08:23,24/12:31,24/12:43,4:08:00,BPN,BDJ,026,10,0,0,NML,5,2025
2928.,B739,PKLSY,LNI,LNI697,LNI680,24/12:47,24/12:52,24/14:04,24/14:15,1:12:00,KOE,PKY,012,10,1,1,NML,5,2025
2929.,C208,PKTVX,TVR,PKTVX,PKTVX,23/12:52,23/12:55,24/12:39,24/12:43,23:44:00,SUB,HLP,029,10,0,0,NML,5,2025
2930.,B739,PKLGL,LNI,LNI6020,LNI822,24/12:12,24/12:15,24/13:56,24/14:08,1:41:00,SOC,LOP,010,10,1,1,NML,5,2025
2931.,CL600,PKKAS,CEO,CEO31,CEO31,23/13:25,23/13:31,24/12:14,24/12:30,22:43:00,HLP,HLP,002,10,0,0,NML,5,2025
2932.,A320,PKAZI,AWQ,AWQ387,AWQ324,24/12:51,24/12:57,24/13:42,24/13:52,0:45:00,PEN,KUL,A5T,10,0,0,NML,5,2025
2933.,A320,PKPWA,PAS,PAS204,PAS205,24/11:49,24/11:53,24/13:23,24/13:35,1:30:00,CGK,CGK,005,10,1,1,NML,5,2025
2934.,A320,PKGTA,CTV,CTV9692,CTV9693,24/12:41,24/12:44,24/13:19,24/13:30,0:35:46,DPS,DPS,006,10,1,1,NML,5,2025
2935.,A320,PKGQF,CTV,CTV487,CTV668,24/12:01,24/12:04,24/13:19,24/13:40,1:15:35,BDJ,DPS,007,10,1,1,NML,5,2025
2936.,B738,PKLOR,LNI,LNI839,LNI836,24/12:55,24/12:59,24/14:01,24/14:10,1:02:00,PNK,PNK,014,10,1,1,NML,5,2025
2937.,A320,PKSGD,SJV,SJV717,SJV726,24/06:18,24/06:21,24/14:01,24/14:12,7:40:00,LOP,LBJ,020,10,0,0,NML,5,2025
2938.,A320,PKGQG,CTV,CTV431,CTV948,24/13:33,24/13:37,24/14:35,24/14:47,0:58:00,BPN,BTH,007,10,1,1,NML,5,2025
2939.,B738,PKLQZ,LNI,LNI983,LNI910,24/13:41,24/13:45,24/14:32,24/14:42,0:47:00,PKU,DPS,011,10,1,1,NML,5,2025
2940.,B738,PKGMD,GIA,GIA312,GIA317,24/13:02,24/13:04,24/14:33,24/14:49,1:29:00,CGK,CGK,004,10,1,1,NML,5,2025
2941.,A320,PKLUW,BTK,BTK7515,BTK7514,24/13:46,24/13:50,24/14:55,24/15:06,1:04:04,HLP,HLP,009,10,1,1,NML,5,2025
2942.,GLEX,9HVJC,VJT,VJT720,VJT720,24/14:05,24/14:10,24/15:15,24/15:27,1:05:00,HLP,XSP,A09,10,0,0,NML,5,2025
2943.,B733,PKMYJ,MYU,MYU935,MYU815,24/13:50,24/13:54,24/14:40,24/14:50,0:46:00,SRG,CGK,C02,10,0,0,NML,5,2025
2944.,A320,PKPWK,PAS,PAS208,PAS209,24/13:38,24/13:42,24/14:58,24/15:12,1:16:00,CGK,CGK,006,10,1,1,NML,5,2025
2945.,B738,PKLOP,LNI,LNI919,LNI642,24/14:40,24/14:44,24/15:34,24/15:46,0:50:00,DPS,LOP,012,10,1,1,NML,5,2025
2946.,B738,PKGMU,GIA,GIA330,GIA331,24/14:21,24/14:25,24/15:15,24/15:31,0:49:46,HLP,HLP,005,10,1,1,NML,5,2025
2947.,A320,PKSAV,SJV,SJV641,SJV614,24/10:45,24/10:49,24/15:25,24/15:34,4:36:00,AAP,BPN,022,10,0,0,NML,5,2025
2948.,B739,PKLGL,LNI,LNI823,LNI920,24/16:31,24/16:35,24/17:24,24/17:37,0:49:08,LOP,DPS,012,10,1,1,NML,5,2025
2949.,A320,PKGQA,CTV,CTV699,CTV434,24/15:22,24/15:25,24/16:16,24/16:23,0:51:00,DPS,BPN,009,10,1,1,NML,5,2025
2950.,A320,PKBLD,BTK,BTK6596,BTK6595,24/15:19,24/15:25,24/16:18,24/16:28,0:53:00,CGK,CGK,008,10,1,1,NML,5,2025
2951.,A320,PKGLT,CTV,CTV716,CTV717,24/14:44,24/14:50,24/15:47,24/16:00,0:57:00,CGK,CGK,007,10,1,1,NML,5,2025
2952.,B738,PKLOJ,LNI,LNI749,LNI581,24/15:11,24/15:15,24/16:03,24/16:20,0:48:00,MDC,CGK,010,10,1,1,NML,5,2025
2953.,B738,9MMXI,MAS,MAS873,MAS872,24/15:15,24/15:21,24/16:09,24/16:21,0:48:00,KUL,KUL,A06,10,1,1,NML,5,2025
2954.,A333,ECNYJ,SVA,SVA4223,SVA5223,24/14:28,24/14:35,24/16:00,24/16:12,1:25:00,JED,KNO,017,10,1,1,NML,5,2025
2955.,B739,PKLSY,LNI,LNI681,LNI316,24/16:53,24/16:57,24/17:45,24/17:56,0:48:00,PKY,BDJ,010,10,1,1,NML,5,2025
2956.,B738,PKGUC,GIA,GIA310,GIA315,24/15:25,24/15:28,24/16:28,24/16:43,1:00:00,CGK,CGK,004,10,1,1,NML,5,2025
2957.,B738MAX,PKOFM,AFE,AFE920,AFE920,24/15:43,24/15:48,24/16:18,24/16:30,0:30:00,TIM,CGK,005,10,1,1,NML,5,2025
2958.,A320,PKPWF,PAS,PAS206,PAS623,24/15:39,24/15:42,24/16:35,24/16:47,0:53:27,CGK,BPN,006,10,1,1,NML,5,2025
2959.,B739,PKLHP,LNI,LNI707,LNI268,24/16:09,24/16:13,24/17:04,24/17:17,0:51:53,UPG,TRK,011,10,1,1,NML,5,2025
2960.,B739,PKLFF,LNI,LNI692,LNI692,24/15:49,24/15:54,24/16:47,24/17:01,0:53:00,CGK,KOE,014,10,1,1,NML,5,2025
2961.,B739,PKLHM,LNI,LNI695,LNI226,24/17:38,24/17:42,24/18:48,24/19:03,1:06:00,KOE,BDJ,011,10,1,1,NML,5,2025
2962.,FA8X,MPTGG,AFI,MPTGG,MPTGG,24/16:17,24/16:24,24/16:45,24/16:57,0:21:05,DHX,XSP,A01,10,0,0,NML,5,2025
2963.,A320,PKGTA,CTV,CTV669,CTV488,24/16:25,24/16:28,24/17:03,24/17:21,0:35:44,DPS,BDJ,007,10,1,1,NML,5,2025
2964.,A320,PKBLC,BTK,BTK6578,BTK7579,24/16:58,24/17:03,24/18:12,24/18:23,1:09:00,CGK,CGK,008,10,1,1,NML,5,2025
2965.,A320,PKAXU,AWQ,AWQ323,AWQ326,24/17:11,24/17:16,24/17:58,24/18:04,0:41:50,KUL,KUL,A5T,10,0,0,NML,5,2025
2966.,B738,PKLQZ,LNI,LNI923,LNI838,24/17:18,24/17:22,24/18:20,24/18:30,0:58:00,DPS,PNK,014,10,1,1,NML,5,2025
2967.,A320,PKPWC,PAS,PAS622,PAS207,24/17:29,24/17:32,24/18:14,24/18:28,0:42:00,BPN,CGK,006,10,1,1,NML,5,2025
2968.,B738,PKGNM,GIA,GIA349,GIA313,24/17:24,24/17:27,24/18:20,24/18:35,0:53:00,DPS,CGK,004,10,1,1,NML,5,2025
2969.,B739,PKLHL,LNI,LNI972,LNI800,24/16:06,24/16:10,24/18:30,24/18:43,2:19:24,BTH,UPG,15B,10,0,0,NML,5,2025
2970.,A320,PKSGD,SJV,SJV725,SJV716,24/17:34,24/17:39,24/18:29,24/18:37,0:49:30,LBJ,LOP,022,10,0,0,NML,5,2025
2971.,B735,PKCLE,SJY,SJY567,SJY562,24/17:43,24/17:47,24/18:43,24/18:57,0:56:00,UPG,UPG,012,10,1,1,NML,5,2025
2972.,A320,PKLUV,BTK,BTK6406,BTK7502,24/14:30,24/17:56,24/20:18,24/20:27,5:44:00,CGK,HLP,009,10,1,0,NML,5,2025
2973.,B738,PKGNQ,GIA,GIA320,GIA325,24/17:15,24/17:18,24/18:46,24/18:59,1:28:00,CGK,CGK,005,10,1,1,NML,5,2025
2974.,A320,PKGQL,CTV,CTV172,CTV173,24/18:32,24/18:36,24/19:09,24/19:20,0:33:00,HLP,HLP,007,10,1,1,NML,5,2025
2975.,B738MAX,9VMBA,SIA,SIA928,SIA929,24/18:26,24/18:32,24/19:22,24/19:44,0:50:00,SIN,SIN,A06,10,1,1,NML,5,2025
2976.,A320,PKGQC,CTV,CTV949,CTV9664,24/18:17,24/18:20,24/19:05,24/19:16,0:44:15,BTH,DPS,008,10,1,1,NML,5,2025
2977.,A320,PKGQS,CTV,CTV736,CTV352,24/18:54,24/19:01,24/19:45,24/19:58,0:44:00,CGK,UPG,010,10,1,1,NML,5,2025
2978.,A320,PKPWE,PAS,PAS202,PAS203,24/18:40,24/18:44,24/19:46,24/19:54,1:02:00,CGK,CGK,006,10,1,1,NML,5,2025
2979.,A320,PKSGB,SJV,SJV637,SJV616,24/15:29,24/15:32,24/19:53,24/20:02,4:21:00,BDJ,BPN,021,10,0,0,NML,5,2025
2980.,B738,PKGNF,GIA,GIA326,GIA319,24/18:47,24/18:52,24/19:59,24/20:12,1:06:03,CGK,CGK,004,10,1,1,NML,5,2025
2981.,A320,PKGQA,CTV,CTV435,CTV737,24/19:41,24/19:46,24/20:23,24/20:35,0:37:00,BPN,CGK,005,10,1,1,NML,5,2025
2982.,A320,PKLDK,BTK,BTK6586,BTK6587,24/19:28,24/19:33,24/20:25,24/20:36,0:52:00,CGK,CGK,011,10,1,1,NML,5,2025
2983.,A320,PKGQN,CTV,CTV724,CTV354,24/19:47,24/19:51,24/20:33,24/20:47,0:42:00,CGK,UPG,007,10,1,1,NML,5,2025
2984.,A320,PKGTD,CTV,CTV489,CTV693,24/20:24,24/20:28,24/20:55,24/21:09,0:27:00,BDJ,DPS,006,10,1,1,NML,5,2025
2985.,A320,PKLUO,BTK,BTK6137,BTK6136,24/19:38,24/19:41,24/22:22,24/22:31,2:41:00,UPG,UPG,020,10,0,0,NML,5,2025
2986.,B739,PKLKQ,LNI,LNI885,LNI878,24/19:56,24/20:00,25/04:59,25/05:10,8:59:00,UPG,AMQ,014,10,1,1,NML,5,2025
2987.,A320,PKAZI,AWQ,AWQ325,AWQ320,24/19:23,24/19:28,25/05:04,25/05:12,9:36:00,KUL,KUL,C02,10,0,0,NML,5,2025
2988.,A320,PKGQC,CTV,CTV9665,CTV430,24/21:35,24/21:38,25/05:03,25/05:16,7:25:00,DPS,BPN,007,10,1,1,NML,5,2025
2989.,B739,PKLHP,LNI,LNI267,LNI786,25/07:00,25/07:03,25/08:02,25/08:12,0:59:00,TRK,UPG,009,10,1,1,NML,5,2025
2990.,B739,PKLVF,LNI,LNI690,LNI690,25/05:03,25/05:09,25/05:51,25/06:06,0:42:00,CGK,KOE,009,10,1,1,NML,5,2025
2991.,A320,PKGQI,CTV,CTV174,CTV725,24/15:56,24/15:59,25/05:35,25/05:47,13:36:00,HLP,CGK,003,10,0,0,NML,5,2025
2992.,A320,PKGQS,CTV,CTV353,CTV484,25/05:08,25/05:11,25/05:44,25/05:58,0:33:00,UPG,BDJ,005,10,1,1,NML,5,2025
2993.,A320,PKSAV,SJV,SJV617,SJV640,24/19:01,24/19:05,25/06:03,25/06:13,10:58:00,BPN,AAP,022,10,0,0,NML,5,2025
2994.,A320,PKLUR,BTK,BTK7521,BTK6589,24/21:58,24/22:02,25/05:50,25/06:03,7:48:00,HLP,CGK,008,10,1,1,NML,5,2025
2995.,A320,PKSAK,SJV,SJV727,SJV706,24/21:41,24/21:46,25/05:57,25/06:08,8:11:00,DPS,DPS,012,10,1,1,NML,5,2025
2996.,A320,PKSGA,SJV,SJV717,SJV566,25/06:04,25/06:08,25/06:55,25/07:07,0:47:42,LOP,PLW,009,10,1,1,NML,5,2025
2997.,A320,PKLAZ,BTK,BTK6347,BTK6135,24/15:01,24/15:05,25/07:14,25/07:24,16:09:52,BEJ,PKN,15A,10,0,0,NML,5,2025
2998.,B739,PKLSY,LNI,LNI311,LNI971,25/06:02,25/06:05,25/07:01,25/07:13,0:56:18,BDJ,BTH,014,10,1,1,NML,5,2025
2999.,B738,PKGMI,GIA,GIA324,GIA305,24/20:41,24/20:45,25/06:56,25/07:11,10:11:00,CGK,CGK,004,10,1,1,NML,5,2025
3000.,B738,PKGFI,GIA,GIA855,GIA854,24/20:20,24/20:28,25/06:59,25/07:09,10:31:00,SIN,SIN,A02,10,1,1,NML,5,2025
3001.,B739,PKLHR,LNI,LNI929,LNI646,25/06:42,25/06:47,25/07:39,25/07:55,0:52:00,DPS,LOP,012,10,1,1,NML,5,2025
3002.,A320,PKBKR,BTK,BTK7503,BTK7510,24/19:31,24/19:36,25/07:34,25/07:42,11:57:58,HLP,HLP,15B,10,0,0,NML,5,2025
3003.,B739,PKLJI,LNI,LNI6004,LNI266,25/06:49,25/06:54,25/07:55,25/08:05,1:01:48,BPN,BPN,020,10,0,0,NML,5,2025
3004.,A320,PKAXU,AWQ,AWQ327,AWQ392,24/23:36,24/23:43,25/07:23,25/07:33,7:40:47,KUL,JHB,A5T,10,0,0,NML,5,2025
3005.,A320,PKGTD,CTV,CTV690,CTV460,25/06:57,25/07:01,25/07:38,25/07:59,0:37:46,DPS,AAP,005,10,1,1,NML,5,2025
3006.,A333,ECNOF,SVA,SVA4155,SVA5155,25/05:24,25/05:29,25/07:45,25/08:03,2:16:45,JED,KNO,017,10,1,1,NML,5,2025
3007.,B739,PKLFF,LNI,LNI693,LNI693,25/07:05,25/07:10,25/08:08,25/08:18,0:58:00,KOE,CGK,018,10,0,0,NML,5,2025
3008.,A333,BLBE,CPA,CPA779,CPA780,24/18:08,24/18:15,25/08:42,25/09:00,14:27:00,HKG,HKG,A08,10,1,1,NML,5,2025
3009.,B739,PKLGY,LNI,LNI363,LNI990,25/07:22,25/07:25,25/08:25,25/08:40,0:59:35,BPN,DPS,014,10,1,1,NML,5,2025
3010.,A320,PKBKU,BTK,BTK6594,BTK6573,24/21:14,24/21:18,25/08:32,25/08:42,11:14:00,CGK,CGK,011,10,1,1,NML,5,2025
3011.,B738,PKLDM,MXD,MXD352,MXD353,24/19:52,24/19:57,25/08:49,25/09:08,12:52:00,KUL,KUL,A04,10,1,1,NML,5,2025
3012.,B739,PKLHM,LNI,LNI315,LNI222,25/07:57,25/08:01,25/08:56,25/09:10,0:55:00,BDJ,BDJ,012,10,1,1,NML,5,2025
3013.,A320,PKGLY,CTV,CTV355,CTV171,25/07:37,25/07:41,25/08:47,25/09:03,1:06:28,UPG,HLP,006,10,1,1,NML,5,2025
3014.,B739,PKLQS,LNI,LNI683,LNI856,25/08:10,25/08:14,25/09:36,25/09:50,1:21:31,PKY,PLM,15B,10,0,0,NML,5,2025
3015.,B738,PKLQZ,LNI,LNI837,LNI868,25/07:50,25/07:54,25/09:00,25/09:12,1:05:45,PNK,TTE,15A,10,0,0,NML,5,2025
3016.,B738,PKLOP,LNI,LNI865,LNI748,24/18:02,24/23:10,25/09:04,25/09:19,15:00:00,LOP,MDC,010,10,1,0,NML,5,2025
3017.,A320,PKGQS,CTV,CTV485,CTV486,25/08:34,25/08:39,25/09:11,25/09:24,0:32:34,BDJ,BDJ,007,10,1,1,NML,5,2025
"3018.,B739,PKLSL,LNI,LNI694,LNI682,24/10:40,24/12:44,25/12:34,25/12:44,""1 day, 1:48:00"",CGK,PKY,023,10,0,1,NML,5,2025"
3019.,B738,PKGNM,GIA,GIA304,GIA342,25/08:01,25/08:04,25/09:15,25/09:28,1:11:45,CGK,DPS,004,10,1,1,NML,5,2025
3020.,A320,PKBLA,BTK,BTK6572,BTK6585,25/07:31,25/07:35,25/10:09,25/10:19,2:34:20,CGK,CGK,008,10,1,1,NML,5,2025
3021.,B738,9MMXU,MAS,MAS871,MAS870,25/09:01,25/09:07,25/09:53,25/10:03,0:46:00,KUL,KUL,A07,10,1,1,NML,5,2025
3022.,B735,PKNAT,LKN,LKN243,LKN242,25/09:06,25/09:09,25/09:49,25/10:00,0:40:11,SMQ,SMQ,011,10,1,1,NML,5,2025
3023.,A359,9VSHO,SIA,SIA922,SIA923,25/08:58,25/09:03,25/10:07,25/10:21,1:04:00,SIN,SIN,A08,10,1,1,NML,5,2025
3024.,A320,PKGLS,CTV,CTV351,CTV350,25/09:17,25/09:20,25/10:08,25/10:24,0:48:12,UPG,UPG,006,10,1,1,NML,5,2025
3025.,B739,PKLHR,LNI,LNI645,LNI262,25/10:42,25/10:45,25/11:26,25/11:35,0:41:37,LOP,BPN,011,10,1,1,NML,5,2025
3026.,A320,PKPWJ,PAS,PAS210,PAS211,25/09:38,25/09:41,25/10:33,25/10:44,0:52:00,CGK,CGK,005,10,1,1,NML,5,2025
3027.,A320,PKGQP,CTV,CTV722,CTV723,25/09:35,25/09:39,25/10:30,25/10:40,0:51:00,CGK,CGK,007,10,1,1,NML,5,2025
3028.,A320,PKBKQ,BTK,BTK7513,BTK7516,25/10:07,25/10:12,25/11:04,25/11:33,0:52:12,HLP,HLP,009,10,1,1,NML,5,2025
3029.,A320,PKLAZ,BTK,BTK6134,BTK6346,25/09:48,25/09:51,25/10:43,25/10:55,0:52:44,PKN,BEJ,010,10,1,1,NML,5,2025
3030.,A333,ECODR,SVA,SVA4120,SVA5120,25/08:55,25/09:00,25/10:47,25/11:01,1:47:00,JED,KNO,017,10,1,1,NML,5,2025
3031.,B739,PKLGY,LNI,LNI805,LNI822,25/13:50,25/13:56,25/14:52,25/15:07,0:56:00,DPS,LOP,15A,10,0,0,NML,5,2025
3032.,B739,PKLGU,LNI,LNI694,LNI694,25/10:12,25/10:16,25/11:13,25/11:30,0:57:01,CGK,KOE,012,10,1,1,NML,5,2025
3033.,B739,PKLVF,LNI,LNI697,LNI697,25/10:37,25/10:42,25/11:35,25/11:50,0:53:37,KOE,CGK,014,10,1,1,NML,5,2025
3034.,A320,PKAZI,AWQ,AWQ321,AWQ322,25/10:48,25/10:53,25/11:29,25/11:48,0:35:28,KUL,KUL,A5T,10,0,0,NML,5,2025
3035.,B738,PKGMV,GIA,GIA322,GIA327,25/09:52,25/09:56,25/11:30,25/11:46,1:34:00,CGK,CGK,004,10,1,1,NML,5,2025
3036.,B738,PKLZO,MXD,MXD350,MXD351,25/10:53,25/10:59,25/11:54,25/12:08,0:55:00,KUL,KUL,A04,10,1,1,NML,5,2025
3037.,A320,PKGTD,CTV,CTV461,CTV698,25/11:43,25/11:50,25/12:26,25/12:36,0:36:28,AAP,DPS,006,10,1,1,NML,5,2025
3038.,B739,PKLHM,LNI,LNI223,LNI804,25/12:25,25/12:29,25/13:57,25/14:09,1:28:00,BDJ,DPS,012,10,1,1,NML,5,2025
3039.,A320,PKGQG,CTV,CTV9692,CTV9693,25/11:52,25/11:59,25/12:31,25/12:41,0:32:11,DPS,DPS,007,10,1,1,NML,5,2025
3040.,B739,PKLJI,LNI,LNI367,LNI680,25/14:00,25/14:09,25/15:12,25/15:27,1:03:43,BPN,PKY,15B,10,0,0,NML,5,2025
3041.,A320,PKSJO,SJV,SJV615,SJV636,24/20:32,24/20:37,25/13:13,25/13:25,16:36:03,BPN,BDJ,021,10,0,0,NML,5,2025
3042.,B739,PKLSO,LNI,LNI791,LNI780,25/12:50,25/12:54,25/14:31,25/14:43,1:37:00,UPG,UPG,010,10,1,1,NML,5,2025
3043.,B735,PKNAQ,LKN,LKN193,LKN192,25/12:06,25/12:11,25/12:41,25/12:52,0:30:13,PKN,PKN,011,10,1,1,NML,5,2025
3044.,A320,PKBLA,BTK,BTK6582,BTK6581,25/13:57,25/14:02,25/15:21,25/15:33,1:18:59,CGK,CGK,009,10,1,1,NML,5,2025
3045.,A320,PKAXU,AWQ,AWQ393,AWQ324,25/12:20,25/12:25,25/13:17,25/13:27,0:52:19,JHB,KUL,A5T,10,0,0,NML,5,2025
3046.,A320,PKPWL,PAS,PAS204,PAS205,25/11:57,25/12:03,25/13:11,25/13:22,1:08:00,CGK,CGK,005,10,1,1,NML,5,2025
3047.,A320,PKGQS,CTV,CTV487,CTV668,25/12:02,25/12:09,25/13:18,25/13:31,1:09:00,BDJ,DPS,008,10,1,1,NML,5,2025
3048.,B738,PKLOR,LNI,LNI839,LNI836,25/12:46,25/12:51,25/14:01,25/14:13,1:10:00,PNK,PNK,014,10,1,1,NML,5,2025
3049.,A320,PKSGA,SJV,SJV567,SJV726,25/14:08,25/14:12,25/15:00,25/15:16,0:47:59,PLW,LBJ,012,10,1,1,NML,5,2025
3050.,A320,PKGQO,CTV,CTV716,CTV717,25/13:23,25/13:28,25/14:07,25/14:18,0:38:32,CGK,CGK,007,10,1,1,NML,5,2025
3051.,B739,PKLQS,LNI,LNI857,LNI910,25/14:00,25/14:06,25/15:11,25/15:24,1:05:33,PLM,DPS,020,10,0,0,NML,5,2025
3052.,A320,PKGQC,CTV,CTV431,CTV948,25/13:38,25/13:42,25/14:28,25/14:41,0:46:52,BPN,BTH,008,10,1,1,NML,5,2025
3053.,B738,PKGUI,GIA,GIA312,GIA317,25/13:19,25/13:27,25/14:23,25/14:35,0:56:00,CGK,CGK,004,10,1,1,NML,5,2025
3054.,A320,9VJSR,JSA,JSA247,JSA248,25/13:44,25/13:50,25/14:37,25/14:53,0:47:00,SIN,SIN,A07,10,1,1,NML,5,2025
3055.,B739,PKLHR,LNI,LNI261,LNI260,25/14:57,25/15:03,25/16:00,25/16:12,0:56:56,BPN,BPN,021,10,0,0,NML,5,2025
3056.,A320,PKLUW,BTK,BTK7515,BTK7514,25/13:41,25/13:45,25/14:49,25/15:03,1:04:00,HLP,HLP,011,10,1,1,NML,5,2025
3057.,A320,PKPWK,PAS,PAS208,PAS209,25/13:48,25/13:51,25/14:52,25/15:10,1:01:00,CGK,CGK,006,10,1,1,NML,5,2025
3058.,B738,PKLOP,LNI,LNI749,LNI642,25/15:05,25/15:12,25/16:02,25/16:13,0:50:18,MDC,LOP,15A,10,0,0,NML,5,2025
3059.,B738,PKGFP,GIA,GIA330,GIA331,25/14:10,25/14:13,25/15:09,25/15:20,0:56:00,HLP,HLP,005,10,1,1,NML,5,2025
3060.,A320,PKGTD,CTV,CTV699,CTV434,25/15:08,25/15:12,25/15:51,25/16:05,0:38:43,DPS,BPN,006,10,1,1,NML,5,2025
3061.,B739,PKLHM,LNI,LNI919,LNI920,25/16:41,25/16:50,25/19:00,25/19:14,2:10:00,DPS,DPS,010,28,1,1,NML,5,2025
3062.,A320,PKBKP,BTK,BTK7501,BTK7512,25/14:39,25/14:42,25/15:49,25/15:59,1:07:00,HLP,HLP,010,10,1,1,NML,5,2025
3063.,A333,ECODQ,SVA,SVA4559,SVA5559,25/13:35,25/13:42,25/15:38,25/15:52,1:55:33,JED,KNO,017,10,1,1,NML,5,2025
3064.,F100,VHFGB,SXI,VHFGB,VHFGB,25/14:50,25/14:53,25/15:34,25/15:39,0:40:30,DRW,XSP,030,10,0,0,NML,5,2025
3065.,B739,PKLSH,LNI,LNI707,LNI581,25/14:54,25/15:00,25/16:11,25/16:24,1:11:50,UPG,CGK,014,10,1,1,NML,5,2025
3066.,A320,PKLAZ,BTK,BTK6347,BTK6401,25/15:21,25/15:25,25/16:13,25/16:26,0:47:34,BEJ,CGK,008,10,1,1,NML,5,2025
3067.,B739,PKLQZ,LNI,LNI869,LNI722,25/15:00,25/15:18,25/16:23,25/16:33,1:04:21,TTE,KDI,15B,10,0,0,NML,5,2025
3068.,B738,PKGUD,GIA,GIA310,GIA315,25/15:17,25/15:21,25/16:22,25/16:32,1:00:46,CGK,CGK,004,10,1,1,NML,5,2025
3069.,A320,PKSAV,SJV,SJV643,SJV648,25/15:01,25/15:07,25/16:39,25/16:47,1:31:59,AAP,BPN,026,10,0,0,NML,5,2025
3070.,B739,PKLGU,LNI,LNI695,LNI316,25/16:03,25/16:10,25/17:14,25/17:29,1:03:27,KOE,BDJ,15A,10,0,0,NML,5,2025
3071.,B739,PKLSY,LNI,LNI972,LNI268,25/16:36,25/16:41,25/18:49,25/19:02,2:08:48,BTH,TRK,15B,28,0,0,NML,5,2025
3072.,A320,PKPWC,PAS,PAS206,PAS623,25/15:31,25/15:34,25/16:31,25/16:44,0:57:48,CGK,BPN,005,10,1,1,NML,5,2025
3073.,A320,PKGLY,CTV,CTV174,CTV721,25/15:48,25/15:51,25/16:46,25/16:58,0:54:38,HLP,CGK,007,10,1,1,NML,5,2025
3074.,B739,PKLHY,LNI,LNI692,LNI692,25/16:08,25/16:11,25/18:13,25/18:26,2:01:06,CGK,KOE,012,28,1,1,NML,5,2025
3075.,A320,PKGQG,CTV,CTV669,CTV488,25/15:55,25/16:00,25/16:50,25/17:04,0:49:34,DPS,BDJ,006,10,1,1,NML,5,2025
3076.,B738,PKLKQ,LNI,LNI879,LNI838,25/15:25,25/15:30,25/18:07,25/18:24,2:37:32,AMQ,PNK,022,28,0,0,NML,5,2025
3077.,A320,PKAZI,AWQ,AWQ323,AWQ326,25/17:01,25/17:06,25/17:39,25/17:46,0:33:00,KUL,KUL,A5T,10,0,0,NML,5,2025
3078.,A320,PKSAK,SJV,SJV723,SJV708,25/19:11,25/19:17,25/19:55,25/20:05,0:38:00,DPS,DPS,014,10,1,1,NML,5,2025
3079.,A320,PKPWJ,PAS,PAS622,PAS207,25/17:09,25/17:12,25/18:08,25/18:18,0:55:18,BPN,CGK,006,28,1,1,NML,5,2025
3080.,B738,PKGNM,GIA,GIA349,GIA313,25/17:26,25/17:29,25/18:23,25/18:35,0:53:02,DPS,CGK,004,28,1,1,NML,5,2025
3081.,B739,PKLQS,LNI,LNI923,LNI800,25/17:52,25/17:55,25/18:57,25/19:09,1:02:00,DPS,UPG,014,28,1,1,NML,5,2025
3082.,A320,PKSGA,SJV,SJV725,SJV716,25/18:21,25/18:27,25/19:07,25/19:20,0:40:00,LBJ,LOP,011,28,1,1,NML,5,2025
3083.,A320,PKBKR,BTK,BTK7503,BTK7502,25/19:15,25/19:22,25/20:11,25/20:29,0:49:00,HLP,HLP,009,10,1,1,NML,5,2025
3084.,B738,PKGUH,GIA,GIA320,GIA325,25/17:19,25/17:22,25/18:50,25/19:00,1:27:26,CGK,CGK,005,28,1,1,NML,5,2025
3085.,A320,PKGQL,CTV,CTV172,CTV173,25/20:44,25/20:48,25/21:21,25/21:31,0:33:00,HLP,HLP,008,10,1,1,NML,5,2025
3086.,B738MAX,9VMBE,SIA,SIA928,SIA929,25/18:07,25/18:11,25/19:05,25/19:26,0:54:00,SIN,SIN,A08,28,1,1,NML,5,2025
3087.,A320,PKGQI,CTV,CTV949,CTV9664,25/18:33,25/18:40,25/19:14,25/19:32,0:33:55,BTH,DPS,006,28,1,1,NML,5,2025
3088.,A320,PKGQA,CTV,CTV489,CTV693,25/19:27,25/19:33,25/20:06,25/20:18,0:33:00,BDJ,DPS,010,10,1,1,NML,5,2025
3089.,B788,9VOFE,TGW,TGW266,TGW267,25/18:43,25/18:48,25/19:52,25/20:01,1:04:00,SIN,SIN,A07,10,1,1,NML,5,2025
3090.,B738,PKCRI,SJY,SJY567,SJY562,25/18:40,25/18:46,25/19:37,25/19:48,0:51:04,UPG,UPG,012,10,1,1,NML,5,2025
3091.,A320,PKBKP,BTK,BTK7519,BTK7518,25/19:24,25/19:29,25/20:11,25/20:32,0:41:56,HLP,HLP,008,10,1,1,NML,5,2025
3092.,A320,PKPWK,PAS,PAS202,PAS203,25/18:57,25/19:05,25/19:43,25/19:56,0:37:31,CGK,CGK,005,10,1,1,NML,5,2025
3093.,A320,PKGQF,CTV,CTV736,CTV352,25/19:30,25/19:37,25/20:17,25/20:35,0:40:00,CGK,UPG,006,10,1,1,NML,5,2025
3094.,A320,PKGTD,CTV,CTV435,CTV737,25/19:20,25/19:23,25/20:10,25/20:26,0:47:00,BPN,CGK,007,10,1,1,NML,5,2025
3095.,B738,PKGFX,GIA,GIA326,GIA319,25/19:21,25/19:28,25/20:08,25/20:23,0:40:00,CGK,CGK,004,10,1,1,NML,5,2025
3096.,A320,PKLUP,BTK,BTK6586,BTK6587,25/22:06,25/22:13,25/23:02,25/23:14,0:49:00,CGK,CGK,008,10,1,1,NML,5,2025
3097.,A320,PKGQN,CTV,CTV724,CTV354,25/20:08,25/20:15,25/20:58,25/21:11,0:43:00,CGK,UPG,007,10,1,1,NML,5,2025
3098.,A320,PKLUK,BTK,BTK6137,BTK6136,25/19:50,25/19:55,25/21:52,25/22:04,1:57:00,UPG,UPG,011,10,1,1,NML,5,2025
3099.,A333,ECNYJ,SVA,SVA4241,SVA5241,25/20:20,25/20:26,25/22:43,25/22:57,2:17:00,JED,KNO,017,10,1,1,NML,5,2025
3100.,B739,PKLJI,LNI,LNI681,LNI878,25/18:03,25/18:08,26/05:05,26/05:18,10:56:06,PKY,AMQ,15A,10,0,0,NML,5,2025
3101.,A320,PKAXU,AWQ,AWQ325,AWQ320,25/19:07,25/19:10,26/05:00,26/05:09,9:49:26,KUL,KUL,A5T,10,0,0,NML,5,2025
"3102.,A320,PKSTZ,SJV,SJV363,SJV610,24/11:56,24/12:00,26/05:00,26/05:13,""1 day, 17:00:00"",KNO,BPN,025,10,0,0,NML,5,2025"
3103.,A320,PKLAY,BTK,BTK7521,BTK7508,25/21:18,25/21:22,26/04:52,26/05:05,7:30:00,HLP,HLP,012,10,1,1,NML,5,2025
3104.,B733F,PKMYV,MYU,MYU935,MYU815,25/13:54,25/13:58,26/05:03,26/05:13,15:04:16,SRG,CGK,C02,10,0,0,NML,5,2025
3105.,A320,PKGQI,CTV,CTV9665,CTV430,25/21:50,25/21:54,26/04:56,26/05:11,7:02:00,DPS,BPN,007,10,1,1,NML,5,2025
3106.,B739,PKLGY,LNI,LNI823,LNI786,25/17:44,25/17:51,26/05:05,26/05:20,11:14:00,LOP,UPG,026,10,0,0,NML,5,2025
3107.,B738,PKGUG,GIA,GIA328,GIA301,25/20:12,25/20:16,26/05:03,26/05:16,8:47:00,CGK,CGK,004,10,1,1,NML,5,2025
3108.,A320,PKGLY,CTV,CTV720,CTV725,25/20:23,25/20:27,26/05:47,26/05:48,9:20:00,CGK,CGK,009,10,1,1,NML,5,2025
3109.,B738,PKLPK,LNI,LNI690,LNI690,26/05:02,26/05:08,26/05:53,26/06:02,0:45:00,CGK,KOE,012,10,1,1,NML,5,2025
3110.,A320,PKGQS,CTV,CTV353,CTV484,26/05:06,26/05:10,26/05:44,26/05:56,0:34:00,UPG,BDJ,008,10,1,1,NML,5,2025
3111.,A320,V8RBD,RBA,RBA795,RBA796,25/19:59,25/20:04,26/05:58,26/06:10,9:54:00,BWN,BWN,A07,10,1,1,NML,5,2025
3112.,B738,PKLQZ,LNI,LNI727,LNI868,25/20:37,25/20:42,26/05:55,26/06:04,9:13:00,KDI,TTE,014,10,1,1,NML,5,2025
"3113.,A320,PKSTP,SJV,SJV619,SJV706,23/18:16,23/18:19,26/06:01,26/06:15,""2 days, 11:42:00"",BPN,DPS,024,10,0,0,NML,5,2025"
3114.,A320,PKLUI,BTK,BTK6588,BTK6589,25/21:54,25/21:58,26/05:55,26/06:07,7:57:00,CGK,CGK,011,10,1,1,NML,5,2025
3115.,A320,PKPWA,PAS,PAS212,PAS213,25/20:27,25/20:29,26/06:01,26/06:12,9:32:00,CGK,CGK,006,10,1,1,NML,5,2025
3116.,A320,PKBKV,BTK,BTK6413,BTK6412,25/21:08,25/21:12,26/06:16,26/06:29,9:04:00,DPS,DPS,010,10,1,1,NML,5,2025
3117.,A320,PKSJO,SJV,SJV637,SJV634,25/16:20,25/16:23,26/06:21,26/06:31,13:57:02,BDJ,BDJ,020,10,0,0,NML,5,2025
3118.,A320,PKSAV,SJV,SJV613,SJV566,25/20:30,25/20:34,26/07:13,26/07:24,10:39:00,BPN,PLW,15B,10,0,0,NML,5,2025
3119.,A320,PKBLD,BTK,BTK6406,BTK6597,25/15:29,25/15:32,26/06:50,26/07:01,15:17:01,CGK,CGK,023,10,0,0,NML,5,2025
3120.,E135,T7JCI,AFS,T7JCI,T7JCI,26/06:22,26/06:27,26/06:59,26/07:05,0:32:00,CGK,CGK,A09,10,0,0,NML,5,2025
3121.,B739,PKLSV,LNI,LNI885,LNI971,25/22:36,25/22:43,26/07:07,26/07:18,8:24:00,UPG,BTH,018,10,0,0,NML,5,2025
3122.,A320,PKLUP,BTK,BTK6370,BTK6135,26/05:53,26/05:57,26/07:01,26/07:22,1:04:00,CGK,PKN,009,10,1,1,NML,5,2025
3123.,B738,PKGFI,GIA,GIA855,GIA305,25/20:33,25/23:01,26/06:52,26/07:10,10:10:00,SIN,CGK,005,10,1,1,NML,5,2025
3124.,B738,PKGNE,GIA,GIA324,GIA854,25/21:25,25/22:42,26/06:56,26/07:13,9:28:00,CGK,SIN,A02,10,1,1,NML,5,2025
3125.,A320,PKLUW,BTK,BTK7511,BTK7510,26/06:27,26/06:32,26/08:23,26/08:34,1:51:00,HLP,HLP,008,10,1,1,NML,5,2025
3126.,A320,PKAZI,AWQ,AWQ327,AWQ392,25/23:11,25/23:15,26/07:33,26/07:42,8:18:00,KUL,JHB,C01,10,0,0,NML,5,2025
3127.,B739,PKLSI,LNI,LNI929,LNI646,26/07:19,26/07:24,26/08:13,26/08:29,0:49:00,DPS,LOP,012,10,1,1,NML,5,2025
3128.,A320,PKGQA,CTV,CTV690,CTV460,26/07:02,26/07:05,26/07:41,26/07:57,0:36:00,DPS,AAP,005,10,1,1,NML,5,2025
3129.,B739,PKLHY,LNI,LNI693,LNI693,26/06:54,26/06:58,26/07:58,26/08:17,1:00:00,KOE,CGK,011,10,1,1,NML,5,2025
"3130.,C208,PKVVM,SUS,PKVVM,PKVVM,23/09:16,23/09:19,26/08:02,26/08:10,""2 days, 22:43:00"",BXW,BXW,C07,10,0,0,NML,5,2025"
3131.,A21N,B32KY,CSN,CSN8137,CSN8138,25/21:14,25/21:21,26/07:51,26/07:59,10:30:00,CAN,CAN,A03,10,1,1,NML,5,2025
3132.,A320,PKGLG,CTV,CTV170,CTV175,26/07:15,26/07:19,26/07:54,26/08:08,0:35:00,HLP,HLP,007,10,1,1,NML,5,2025
3133.,A320,PKGQO,CTV,CTV712,CTV713,26/07:07,26/07:10,26/08:04,26/08:19,0:54:00,CGK,CGK,006,10,1,1,NML,5,2025
3134.,A333,BLAB,CPA,CPA779,CPA780,25/22:08,25/22:15,26/11:40,26/11:53,13:25:00,HKG,HKG,A08,28,1,1,NML,5,2025
3135.,B739,PKLSY,LNI,LNI267,LNI990,26/07:11,26/07:16,26/08:20,26/08:30,1:04:00,TRK,DPS,010,10,1,1,NML,5,2025
3136.,A320,PKGQN,CTV,CTV355,CTV171,26/07:54,26/08:00,26/08:42,26/08:55,0:42:00,UPG,HLP,007,10,1,1,NML,5,2025
3137.,B738,PKLZM,MXD,MXD352,MXD353,25/20:16,25/20:22,26/09:24,26/09:35,13:02:00,KUL,KUL,A04,10,1,1,NML,5,2025
3138.,A320,PKLUH,BTK,BTK6578,BTK6391,25/18:29,25/18:36,26/08:56,26/09:10,14:20:00,CGK,CGK,021,10,0,0,NML,5,2025
3139.,B738,PKLOP,LNI,LNI865,LNI856,25/18:37,25/18:43,26/09:14,26/09:29,14:30:18,LOP,PLM,022,10,0,0,NML,5,2025
3140.,A320,PKSAK,SJV,SJV727,SJV618,25/22:21,25/22:25,26/09:11,26/09:20,10:46:00,DPS,BPN,C03,10,0,0,NML,5,2025
3141.,B738,PKLKQ,LNI,LNI837,LNI748,26/07:51,26/07:56,26/08:50,26/09:03,0:54:00,PNK,MDC,014,10,1,1,NML,5,2025
3142.,A320,PKGQS,CTV,CTV485,CTV486,26/08:26,26/08:29,26/09:06,26/09:17,0:37:00,BDJ,BDJ,006,10,1,1,NML,5,2025
3143.,B738,PKGFS,GIA,GIA304,GIA342,26/08:12,26/08:15,26/09:20,26/09:37,1:05:00,CGK,DPS,004,10,1,1,NML,5,2025
3144.,A320,PKPWE,PAS,PAS200,PAS201,26/08:09,26/08:12,26/09:16,26/09:34,1:04:00,CGK,CGK,005,10,1,1,NML,5,2025
3145.,B738MAX,9MMXB,MAS,MAS871,MAS870,26/08:53,26/08:59,26/10:00,26/10:09,1:01:00,KUL,KUL,A03,10,1,1,NML,5,2025
3146.,B735,PKNAT,LKN,LKN243,LKN242,26/09:07,26/09:12,26/09:47,26/10:00,0:35:00,SMQ,SMQ,011,10,1,1,NML,5,2025
3147.,A359,9VSHB,SIA,SIA922,SIA923,26/09:01,26/09:07,26/10:09,26/10:21,1:02:00,SIN,SIN,A07,10,1,1,NML,5,2025
3148.,A320,PKBLA,BTK,BTK6584,BTK6585,26/10:02,26/10:07,26/10:51,26/11:05,0:44:00,CGK,CGK,014,10,1,1,NML,5,2025
3149.,A320,PKGLE,CTV,CTV351,CTV350,26/09:31,26/09:34,26/10:14,26/10:28,0:40:00,UPG,UPG,006,10,1,1,NML,5,2025
3150.,A320,PKGLR,CTV,CTV722,CTV723,26/09:25,26/09:30,26/10:18,26/10:30,0:48:00,CGK,CGK,007,10,1,1,NML,5,2025
3151.,A20N,9VTNG,TGW,TGW296,TGW297,26/09:53,26/10:00,26/10:57,26/11:07,0:57:00,SIN,SIN,A02,10,1,1,NML,5,2025
3152.,B738,PKLFY,LNI,LNI791,LNI706,26/09:58,26/10:02,26/10:49,26/11:02,0:47:00,UPG,UPG,010,10,1,1,NML,5,2025
3153.,A320,PKPWA,PAS,PAS210,PAS211,26/09:48,26/09:52,26/10:38,26/10:49,0:46:00,CGK,CGK,008,10,1,1,NML,5,2025
3154.,A320,PKBKR,BTK,BTK7513,BTK7516,26/10:55,26/10:59,26/11:44,26/11:51,0:45:00,HLP,HLP,007,28,1,1,NML,5,2025
3155.,B739,PKLSP,LNI,LNI315,LNI822,26/08:06,26/08:10,26/11:10,26/11:21,3:00:00,BDJ,LOP,020,10,0,0,NML,5,2025
3156.,A320,PKSTZ,SJV,SJV611,SJV642,26/08:38,26/08:43,26/11:00,26/11:10,2:17:00,BPN,AAP,018,10,0,0,NML,5,2025
3157.,B739,PKLSH,LNI,LNI694,LNI694,26/10:11,26/10:15,26/11:30,26/11:42,1:15:00,CGK,KOE,021,28,0,0,NML,5,2025
3158.,A320,PKAXU,AWQ,AWQ321,AWQ322,26/10:40,26/10:44,26/11:16,26/11:27,0:32:00,KUL,KUL,A5T,10,0,0,NML,5,2025
3159.,B738,PKLPK,LNI,LNI697,LNI697,26/10:32,26/10:37,26/11:31,26/11:44,0:54:00,KOE,CGK,012,28,1,1,NML,5,2025
3160.,B738,PKGMX,GIA,GIA322,GIA327,26/10:36,26/10:40,26/11:37,26/11:47,0:57:00,CGK,CGK,004,28,1,1,NML,5,2025
3161.,A320,PKLUP,BTK,BTK6134,BTK7520,26/10:06,26/10:10,26/11:30,26/11:39,1:20:00,PKN,HLP,009,28,1,1,NML,5,2025
3162.,B738,9MLCU,MXD,MXD350,MXD351,26/12:45,26/12:49,26/13:50,26/14:04,1:01:00,KUL,KUL,A04,28,1,1,NML,5,2025
3163.,B739,PKLSY,LNI,LNI805,LNI804,26/11:03,26/11:08,26/12:02,26/12:11,0:54:00,DPS,DPS,011,28,1,1,NML,5,2025
3164.,A320,PKGQS,CTV,CTV487,CTV698,26/11:59,26/12:07,26/12:51,26/12:59,0:44:00,BDJ,DPS,007,28,1,1,NML,5,2025
3165.,A320,PKGQU,CTV,CTV9692,CTV9693,26/11:23,26/11:26,26/12:21,26/12:34,0:55:00,DPS,DPS,006,28,1,1,NML,5,2025
3166.,B739,PKLSI,LNI,LNI645,LNI780,26/10:59,26/11:03,26/12:21,26/12:32,1:18:00,LOP,UPG,014,28,1,1,NML,5,2025
3167.,A320,PKSJP,SJV,SJV717,SJV636,26/06:08,26/06:14,26/13:49,26/14:00,7:35:00,LOP,BDJ,026,28,0,0,NML,5,2025
3168.,B735,PKNAQ,LKN,LKN193,LKN192,26/11:54,26/12:00,26/12:35,26/12:43,0:35:00,PKN,PKN,012,28,1,1,NML,5,2025
3169.,A320,PKBKU,BTK,BTK6582,BTK6581,26/12:30,26/12:35,26/13:25,26/13:32,0:50:00,CGK,CGK,008,28,1,1,NML,5,2025
3170.,A320,PKAZI,AWQ,AWQ393,AWQ324,26/12:40,26/12:44,26/13:24,26/13:36,0:40:00,JHB,KUL,A5T,28,0,0,NML,5,2025
3171.,A320,PKPWG,PAS,PAS204,PAS205,26/12:09,26/12:15,26/13:16,26/13:25,1:01:00,CGK,CGK,005,28,1,1,NML,5,2025
3172.,B739,PKLFW,LNI,LNI787,LNI722,26/13:34,26/13:39,26/14:41,26/15:03,1:02:00,UPG,KDI,010,28,1,1,NML,5,2025
3173.,B739,PKLFY,LNI,LNI707,LNI973,26/14:53,26/14:54,26/16:03,26/16:13,1:09:00,UPG,BTH,010,28,1,1,NML,5,2025
3174.,B739,PKLHS,LNI,LNI261,LNI680,26/13:38,26/13:42,26/14:47,26/15:07,1:05:00,BPN,PKY,012,28,1,1,NML,5,2025
3175.,B738,PKLOR,LNI,LNI839,LNI836,26/12:55,26/13:01,26/14:06,26/14:16,1:05:00,PNK,PNK,014,28,1,1,NML,5,2025
3176.,A320,PKGQA,CTV,CTV461,CTV668,26/14:20,26/14:25,26/15:04,26/15:19,0:39:00,AAP,DPS,003,28,0,0,NML,5,2025
3177.,A320,PKGQI,CTV,CTV431,CTV948,26/13:52,26/13:59,26/14:40,26/14:53,0:41:00,BPN,BTH,007,28,1,1,NML,5,2025
3178.,A320,PKGLU,CTV,CTV716,CTV717,26/13:45,26/13:51,26/14:36,26/14:45,0:45:00,CGK,CGK,008,28,1,1,NML,5,2025
3179.,A333,ECNOF,SVA,SVA4221,SVA5221,26/12:28,26/12:31,26/14:34,26/14:50,2:03:00,JED,KNO,017,28,1,1,NML,5,2025
3180.,B738,PKGFP,GIA,GIA312,GIA317,26/13:42,26/13:49,26/14:39,26/14:57,0:50:00,CGK,CGK,004,28,1,1,NML,5,2025
3181.,B739,PKLSP,LNI,LNI823,LNI260,26/14:07,26/14:12,26/16:19,26/16:27,2:07:00,LOP,BPN,018,28,0,0,NML,5,2025
3182.,A320,9VJSU,JSA,JSA247,JSA248,26/14:13,26/14:16,26/15:05,26/15:25,0:49:00,SIN,SIN,A07,28,1,1,NML,5,2025
3183.,A320,PKLAO,BTK,BTK7515,BTK7514,26/13:59,26/14:04,26/14:53,26/15:11,0:49:00,HLP,HLP,009,28,1,1,NML,5,2025
3184.,B738,9MMXO,MAS,MAS873,MAS872D,25/14:50,25/14:58,26/14:40,26/14:50,23:42:00,KUL,KUL,A06,28,1,1,NML,5,2025
3185.,B738,PKLSY,LNI,LNI919,LNI910,26/15:05,26/15:11,26/16:12,26/16:21,1:01:00,DPS,DPS,009,28,1,1,NML,5,2025
3186.,A320,PKPWK,PAS,PAS208,PAS209,26/14:02,26/14:09,26/14:56,26/15:17,0:47:00,CGK,CGK,006,28,1,1,NML,5,2025
3187.,B738,PKGMI,GIA,GIA330,GIA331,26/14:25,26/14:31,26/15:18,26/15:30,0:47:00,HLP,HLP,005,28,1,1,NML,5,2025
3188.,B739,PKLSH,LNI,LNI695,LNI920,26/15:54,26/16:00,26/17:01,26/17:11,1:01:00,KOE,DPS,014,28,1,1,NML,5,2025
3189.,B738,PKLKQ,LNI,LNI749,LNI581,26/14:39,26/14:45,26/15:54,26/16:05,1:09:00,MDC,CGK,014,28,1,1,NML,5,2025
3190.,A320,PKSTZ,SJV,SJV643,SJV672,26/15:09,26/15:16,26/16:15,26/16:23,0:59:00,AAP,BEJ,012,28,1,1,NML,5,2025
3191.,A320,PKGQU,CTV,CTV699,CTV434,26/15:01,26/15:07,26/15:52,26/16:07,0:45:00,DPS,BPN,007,28,1,1,NML,5,2025
3192.,A320,PKLUW,BTK,BTK7517,BTK6401,26/12:51,26/12:56,26/16:09,26/16:17,3:13:00,HLP,CGK,022,28,0,0,NML,5,2025
3193.,B738MAX,9VMBF,SIA,SIA926,SIA927,26/15:46,26/15:50,26/16:44,26/16:55,0:54:00,SIN,SIN,A06,28,1,1,NML,5,2025
3194.,A320,PKSAL,SJV,SJV715,SJV714,26/15:27,26/15:34,26/16:26,26/16:35,0:52:00,LOP,LOP,021,28,0,0,NML,5,2025
3195.,B738,PKGMY,GIA,GIA310,GIA315,26/15:42,26/15:47,26/16:44,26/16:52,0:57:00,CGK,CGK,004,28,1,1,NML,5,2025
3196.,A320,PKSJJ,SJV,SJV649,SJV648,26/07:47,26/07:52,26/16:45,26/16:54,8:53:00,BPN,BPN,025,28,0,0,NML,5,2025
3197.,A320,PKPWJ,PAS,PAS206,PAS623,26/15:52,26/15:57,26/16:41,26/16:49,0:44:00,CGK,BPN,005,28,1,1,NML,5,2025
3198.,B739,PKLHY,LNI,LNI692,LNI692,26/16:03,26/16:09,26/16:53,26/17:02,0:44:00,CGK,KOE,010,28,1,1,NML,5,2025
3199.,A320,PKGQS,CTV,CTV669,CTV488,26/15:58,26/16:05,26/16:53,26/17:00,0:48:00,DPS,BDJ,006,28,1,1,NML,5,2025
3200.,B739,PKLGS,LNI,LNI972,LNI226,26/18:12,26/18:19,26/19:09,26/19:25,0:49:12,BTH,BDJ,012,28,1,1,NML,5,2025
3201.,A333,ECODR,SVA,SVA4130,SVA5130,26/15:23,26/15:30,26/17:35,26/17:52,2:05:00,MED,KNO,017,28,1,1,NML,5,2025
3202.,B738,PKLQZ,LNI,LNI869,LNI838,26/12:14,26/12:18,26/17:25,26/17:39,5:07:00,TTE,PNK,023,28,0,0,NML,5,2025
3203.,A320,PKAXU,AWQ,AWQ323,AWQ326,26/17:28,26/17:32,26/18:06,26/18:21,0:34:00,KUL,KUL,A5T,28,0,0,NML,5,2025
"3204.,AW139,PKTVN,TVR,PKTVN,PKTVN,22/16:09,22/16:13,26/18:22,26/18:30,""4 days, 2:09:00"",ZZZZ,ZZZZ,H02,28,0,0,NML,5,2025"
3205.,A320,PKSJO,SJV,SJV635,SJV708,26/09:24,26/09:30,26/18:38,26/18:45,9:08:00,BDJ,DPS,024,28,0,0,NML,5,2025
3206.,A320,PKPWA,PAS,PAS622,PAS207,26/17:32,26/17:39,26/18:19,26/18:32,0:40:00,BPN,CGK,006,28,1,1,NML,5,2025
3207.,B738,PKGFS,GIA,GIA349,GIA313,26/17:19,26/17:26,26/18:23,26/18:38,0:57:00,DPS,CGK,004,28,1,1,NML,5,2025
3208.,A320,PKLUR,BTK,BTK6406,BTK7502,26/14:43,26/14:49,26/19:57,26/20:11,5:08:00,CGK,HLP,008,28,1,1,NML,5,2025
3209.,B738,PKCRI,SJY,SJY567,SJY562,26/17:59,26/18:04,26/18:45,26/18:59,0:41:00,UPG,UPG,010,28,1,1,NML,5,2025
3210.,B738,PKGUI,GIA,GIA320,GIA325,26/18:03,26/18:12,26/18:55,26/19:08,0:43:00,CGK,CGK,005,28,1,1,NML,5,2025
3211.,A320,PKGQL,CTV,CTV172,CTV173,26/18:16,26/18:23,26/19:09,26/19:18,0:46:00,HLP,HLP,007,28,1,1,NML,5,2025
3212.,B738MAX,9VMBD,SIA,SIA928,SIA929,26/18:23,26/18:27,26/19:18,26/19:31,0:51:00,SIN,SIN,A07,28,1,1,NML,5,2025
3213.,B738,PKBGZ,BTK,BTK6576,BTK6575,26/18:34,26/18:40,26/19:25,26/19:36,0:44:17,CGK,CGK,009,28,1,1,NML,5,2025
3214.,A320,PKGLY,CTV,CTV949,CTV9664,26/19:34,26/19:41,26/20:19,26/20:29,0:38:00,BTH,DPS,007,28,1,1,NML,5,2025
3215.,B739,PKLGJ,LNI,LNI885,LNI880,26/18:36,26/18:42,26/20:27,26/20:39,1:45:00,UPG,UPG,014,28,1,1,NML,5,2025
3216.,A320,PKLAO,BTK,BTK7519,BTK7518,26/18:50,26/18:56,26/19:46,26/19:58,0:50:00,HLP,HLP,010,28,1,1,NML,5,2025
3217.,A333,ECNOG,SVA,SVA4417,SVA5417,26/17:36,26/17:44,26/19:49,26/20:06,2:05:00,JED,KNO,015,28,1,1,NML,5,2025
3218.,A320,PKGQF,CTV,CTV736,CTV352,26/18:54,26/19:01,26/19:40,26/19:56,0:39:00,CGK,UPG,006,28,1,1,NML,5,2025
3219.,B738,PKGUA,GIA,GIA326,GIA319,26/19:01,26/19:07,26/19:57,26/20:09,0:50:00,CGK,CGK,004,28,1,1,NML,5,2025
3220.,A320,PKGLX,CTV,CTV489,CTV693,26/19:54,26/20:00,26/20:38,26/20:49,0:38:00,BDJ,DPS,010,28,1,1,NML,5,2025
3221.,A320,PKGLG,CTV,CTV174,CTV737,26/16:10,26/16:15,26/20:51,26/21:04,4:36:00,HLP,CGK,003,28,0,0,NML,5,2025
3222.,A320,PKGLS,CTV,CTV724,CTV354,26/19:44,26/19:52,26/20:46,26/20:53,0:54:00,CGK,UPG,006,28,1,1,NML,5,2025
"3223.,FA7X,B652C,AFI,B652C,B652C,25/11:20,25/11:25,26/21:04,26/21:09,""1 day, 9:39:00"",HKG,CTU,A10,28,0,0,NML,5,2025"
3224.,A333,ECODQ,SVA,SVA4219,SVA5219,26/20:14,26/20:19,26/22:24,26/22:44,2:05:00,JED,KNO,017,28,1,1,NML,5,2025
3225.,A320,PKGLY,CTV,CTV9665,CTV430,26/22:40,26/22:47,27/05:01,27/05:14,6:14:00,DPS,BPN,006,28,1,1,NML,5,2025
3226.,A320,PKAXU,AWQ,AWQ327,AWQ320,26/23:54,26/23:58,27/05:01,27/05:18,5:03:00,KUL,KUL,A5T,28,0,0,NML,5,2025
3227.,A320,PKLAY,BTK,BTK7521,BTK7508,26/20:37,26/20:44,27/05:02,27/05:12,8:18:00,HLP,HLP,012,28,1,1,NML,5,2025
3228.,A320,PKSTZ,SJV,SJV673,SJV610,26/20:31,26/20:38,27/04:58,27/05:06,8:20:00,BEJ,BPN,014,28,1,1,NML,5,2025
3229.,B739,PKLHS,LNI,LNI681,LNI786,26/18:08,27/02:24,27/05:03,27/05:16,10:48:00,PKY,UPG,011,28,1,0,NML,5,2025
3230.,B738,PKGFX,GIA,GIA328,GIA301,26/20:01,26/20:11,27/05:09,27/05:20,8:58:00,CGK,CGK,005,28,1,1,NML,5,2025
3231.,B739,PKLJI,LNI,LNI879,LNI971,26/15:15,26/15:19,27/05:32,27/05:38,14:13:00,AMQ,BTH,026,28,0,0,NML,5,2025
3232.,A320,PKGQU,CTV,CTV435,CTV725,26/19:38,26/19:45,27/05:45,27/05:54,10:00:00,BPN,CGK,009,28,1,1,NML,5,2025
3233.,A320,PKGQF,CTV,CTV353,CTV484,27/05:02,27/05:12,27/05:46,27/05:57,0:34:00,UPG,BDJ,006,28,1,1,NML,5,2025
3234.,A320,V8RBA,RBA,RBA795,RBA796,26/19:49,26/19:52,27/06:00,27/06:11,10:08:00,BWN,BWN,A07,28,1,1,NML,5,2025
3235.,B738,PKBGF,BTK,BTK6588,BTK6589,26/22:09,26/22:16,27/06:00,27/06:09,7:44:00,CGK,CGK,008,28,1,1,NML,5,2025
3236.,A320,PKSJO,SJV,SJV727,SJV706,26/20:57,26/21:02,27/05:52,27/06:02,8:50:00,DPS,DPS,010,28,1,1,NML,5,2025
3237.,A320,PKAZI,AWQ,AWQ325,AWQ386,26/19:16,26/19:19,27/06:13,27/06:21,10:54:00,KUL,PEN,A01,28,0,0,NML,5,2025
3238.,A320,PKPWC,PAS,PAS212,PAS213,26/20:27,26/20:38,27/05:56,27/06:08,9:18:00,CGK,CGK,007,28,1,1,NML,5,2025
3239.,B738MAX,PKOFI,AFE,AFE921,AFE921,27/05:34,27/05:40,27/06:34,27/06:45,0:54:00,CGK,TIM,005,28,1,1,NML,5,2025
3240.,B739,PKLFW,LNI,LNI727,LNI222,26/19:09,26/19:14,27/06:58,27/07:07,11:44:00,KDI,BDJ,024,28,0,0,NML,5,2025
3241.,C208,PKVVM,SUS,PKVVM,PKVVM,26/10:25,26/10:28,27/07:18,27/07:28,20:50:00,BXW,BXW,C07,28,0,0,NML,5,2025
3242.,B738,PKGNE,GIA,GIA855,GIA305,26/21:01,26/23:35,27/07:01,27/07:12,9:56:00,SIN,CGK,004,28,1,1,NML,5,2025
3243.,B738,PKGMY,GIA,GIA324,GIA854,26/20:47,26/23:16,27/06:49,27/07:00,9:54:00,CGK,SIN,A02,28,1,1,NML,5,2025
3244.,B739,PKLGL,LNI,LNI923,LNI646,26/19:20,26/19:25,27/07:18,27/07:29,11:53:00,DPS,LOP,C05,28,0,0,NML,5,2025
3245.,A320,PKLAO,BTK,BTK7511,BTK7510,27/06:36,27/06:42,27/07:28,27/07:34,0:46:00,HLP,HLP,009,28,1,1,NML,5,2025
3246.,A320,PKGLX,CTV,CTV690,CTV460,27/07:05,27/07:11,27/07:40,27/07:51,0:29:00,DPS,AAP,005,28,1,1,NML,5,2025
3247.,B739,PKLHY,LNI,LNI693,LNI693,27/06:51,27/06:55,27/07:40,27/07:53,0:45:00,KOE,CGK,011,28,1,1,NML,5,2025
3248.,B739,PKLHJ,LNI,LNI970,LNI982,26/13:30,27/01:04,27/08:11,27/08:24,18:35:00,BTH,PKU,025,28,0,1,NML,5,2025
3249.,A21N,B320Y,CSN,CSN8137,CSN8138,26/21:38,26/21:43,27/07:50,27/08:04,10:07:00,CAN,CAN,A03,28,1,1,NML,5,2025
3250.,A320,PKGQN,CTV,CTV170,CTV175,27/07:15,27/07:22,27/07:58,27/08:11,0:36:00,HLP,HLP,008,28,1,1,NML,5,2025
3251.,A320,PKGQP,CTV,CTV712,CTV713,27/07:10,27/07:15,27/08:08,27/08:22,0:53:00,CGK,CGK,006,28,1,1,NML,5,2025
3252.,A333,BLBK,CPA,CPA779,CPA780,26/17:43,26/17:46,27/08:01,27/08:16,14:15:00,HKG,HKG,A08,28,1,1,NML,5,2025
3253.,B739,PKLSY,LNI,LNI929,LNI990,27/06:58,27/07:04,27/08:18,27/08:27,1:14:00,DPS,DPS,010,28,1,1,NML,5,2025
"3254.,DHC6,PKICP,PGT,PKICP,PKICP,24/11:43,24/11:48,27/07:57,27/08:05,""2 days, 20:09:00"",PAG,PAG,028,28,0,0,NML,5,2025"
3255.,A320,PKBKR,BTK,BTK7503,BTK6391,26/19:05,26/19:11,27/08:56,27/09:10,13:45:00,HLP,CGK,018,28,0,0,NML,5,2025
3256.,A320,PKGLS,CTV,CTV355,CTV171,27/08:01,27/08:09,27/08:48,27/08:57,0:39:00,UPG,HLP,007,28,1,1,NML,5,2025
3257.,A320,PKSJQ,SJV,SJV649,SJV618,27/07:48,27/07:54,27/08:55,27/09:05,1:01:00,BPN,BPN,009,28,1,1,NML,5,2025
3258.,A320,PKGQF,CTV,CTV485,CTV486,27/08:38,27/08:45,27/09:20,27/09:33,0:35:00,BDJ,BDJ,006,10,1,1,NML,5,2025
3259.,B738,PKGNM,GIA,GIA304,GIA342,27/08:18,27/08:24,27/09:21,27/09:39,0:57:00,CGK,DPS,004,10,1,1,NML,5,2025
3260.,A320,PKPWE,PAS,PAS200,PAS201,27/08:22,27/08:27,27/09:11,27/09:20,0:44:00,CGK,CGK,005,10,1,1,NML,5,2025
3261.,A320,PKSAV,SJV,SJV567,SJV642,26/13:56,26/14:01,27/10:10,27/10:21,20:09:00,PLW,AAP,C03,10,0,0,NML,5,2025
3262.,B738MAX,9MMVH,MAS,MAS871,MAS870,27/09:08,27/09:11,27/10:02,27/10:15,0:51:00,KUL,KUL,A07,10,1,1,NML,5,2025
3263.,A359,9VSHJ,SIA,SIA922,SIA923,27/09:03,27/09:06,27/10:10,27/10:24,1:04:00,SIN,SIN,A08,10,1,1,NML,5,2025
3264.,A320,PKLAJ,BTK,BTK6584,BTK6585,27/10:01,27/10:04,27/10:57,27/11:08,0:53:00,CGK,CGK,009,10,1,1,NML,5,2025
3265.,A320,PKGLT,CTV,CTV351,CTV350,27/09:51,27/09:54,27/12:16,27/12:28,2:22:00,UPG,UPG,006,10,1,1,NML,5,2025
3266.,A20N,9VTNF,TGW,TGW296,TGW297,27/09:34,27/09:40,27/10:32,27/10:41,0:52:00,SIN,SIN,A02,10,1,1,NML,5,2025
3267.,B738,PKLQZ,LNI,LNI837,LNI706,27/08:06,27/08:10,27/10:44,27/10:55,2:34:00,PNK,UPG,024,10,0,0,NML,5,2025
3268.,A320,PKPWC,PAS,PAS210,PAS211,27/09:31,27/09:34,27/10:34,27/10:45,1:00:00,CGK,CGK,005,10,1,1,NML,5,2025
3269.,A320,PKLUV,BTK,BTK7513,BTK6346,27/10:10,27/10:14,27/11:06,27/11:19,0:52:00,HLP,BEJ,010,10,1,1,NML,5,2025
3270.,A320,PKBKU,BTK,BTK6578,BTK7516,26/17:25,26/17:30,27/11:23,27/11:34,17:53:00,CGK,HLP,022,10,0,0,NML,5,2025
3271.,G100,N24ZD,AR7,N24ZD,N24ZD,27/09:36,27/09:40,27/11:15,27/11:25,1:35:00,XSP,XSP,C01,10,0,0,NML,5,2025
3272.,B739,PKLGL,LNI,LNI645,LNI822,27/10:13,27/10:16,27/11:01,27/11:13,0:45:00,LOP,LOP,011,10,1,1,NML,5,2025
3273.,B739,PKLSR,LNI,LNI694,LNI694,27/10:19,27/10:23,27/11:16,27/11:26,0:53:00,CGK,KOE,012,10,1,1,NML,5,2025
3274.,A320,PKAXU,AWQ,AWQ321,AWQ322,27/10:43,27/10:48,27/11:24,27/11:35,0:36:00,KUL,KUL,A5T,10,0,0,NML,5,2025
3275.,A320,PKLAO,BTK,BTK7517,BTK7520,27/10:53,27/10:56,27/11:26,27/11:45,0:30:00,HLP,HLP,008,10,1,1,NML,5,2025
3276.,B738,PKGFM,GIA,GIA322,GIA327,27/09:58,27/10:02,27/11:23,27/11:39,1:21:00,CGK,CGK,004,10,1,1,NML,5,2025
3277.,B738MAX,9MLRW,MXD,MXD350,MXD351,27/11:50,27/11:55,27/12:57,27/13:05,1:02:00,KUL,KUL,A04,10,1,1,NML,5,2025
3278.,A320,PKGQM,CTV,CTV699,CTV698,27/11:32,27/11:35,27/12:30,27/12:39,0:55:00,DPS,DPS,007,10,1,1,NML,5,2025
3279.,B739,PKLFW,LNI,LNI223,LNI680,27/11:37,27/11:41,27/12:30,27/12:41,0:48:57,BDJ,PKY,012,10,1,1,NML,5,2025
3280.,A320,PKBLD,BTK,BTK6582,BTK6581,27/12:32,27/12:37,27/13:32,27/13:45,0:55:00,CGK,CGK,009,10,1,1,NML,5,2025
3281.,B739,PKLQT,LNI,LNI311,LNI780,27/06:04,27/06:09,27/13:43,27/14:06,7:34:00,BDJ,UPG,023,10,0,0,NML,5,2025
3282.,A320,PKSJP,SJV,SJV637,SJV636,26/16:57,26/17:02,27/12:36,27/12:44,19:34:00,BDJ,BDJ,C06,10,0,0,NML,5,2025
3283.,A320,PKGQF,CTV,CTV487,CTV668,27/12:03,27/12:07,27/12:48,27/13:00,0:41:00,BDJ,DPS,008,10,1,1,NML,5,2025
3284.,A320,PKSJO,SJV,SJV703,SJV704A,27/11:43,27/11:47,27/13:35,27/13:35,1:48:00,DPS,DPS,010,10,1,1,RTA,5,2025
3285.,G500,T7S16,AGV,T7S16,T7S16,27/08:15,27/08:20,27/13:11,27/13:23,4:51:00,HLP,HLP,001,10,0,0,NML,5,2025
3286.,A320,PKAZI,AWQ,AWQ387,AWQ324,27/12:51,27/13:01,27/13:39,27/14:02,0:38:00,PEN,KUL,A5T,10,0,0,NML,5,2025
3287.,A320,PKPWF,PAS,PAS204,PAS205,27/11:46,27/11:48,27/13:15,27/13:26,1:26:25,CGK,CGK,005,10,1,1,NML,5,2025
3288.,B738,PKLPK,LNI,LNI791,LNI836,27/10:05,27/10:10,27/14:21,27/14:30,4:11:00,UPG,PNK,018,10,0,0,NML,5,2025
3289.,A320,PKSAK,SJV,SJV617,SJV726,26/19:12,26/19:18,27/14:04,27/14:21,18:46:00,BPN,LBJ,021,10,0,0,NML,5,2025
3290.,A320,PKGQO,CTV,CTV716,CTV717,27/13:03,27/13:07,27/14:04,27/14:18,0:57:00,CGK,CGK,007,10,1,1,NML,5,2025
3291.,B739,PKLKV,LNI,LNI801,LNI910,27/13:36,27/13:40,27/14:28,27/14:39,0:48:00,UPG,DPS,011,10,1,1,NML,5,2025
3292.,B738MAX,PKOFM,AFE,AFE920,AFE920,27/13:42,27/13:45,27/14:25,27/14:40,0:40:00,TIM,CGK,005,10,1,1,NML,5,2025
3293.,A320,PKGLX,CTV,CTV461,CTV948,27/12:18,27/12:25,27/14:24,27/14:37,1:59:00,AAP,BTH,006,10,1,1,NML,5,2025
3294.,B738,PKGUH,GIA,GIA312,GIA317,27/13:32,27/13:35,27/14:40,27/14:54,1:05:00,CGK,CGK,004,10,1,1,NML,5,2025
3295.,A320,9VJSY,JSA,JSA247,JSA248,27/14:12,27/14:17,27/15:02,27/15:12,0:45:00,SIN,SIN,A06,10,1,1,NML,5,2025
3296.,B739,PKLGL,LNI,LNI823,LNI260,27/13:48,27/13:51,27/14:43,27/14:57,0:52:00,LOP,BPN,012,10,1,1,NML,5,2025
3297.,A320,PKGLY,CTV,CTV431,CTV434,27/14:19,27/14:22,27/15:06,27/15:17,0:44:00,BPN,BPN,009,10,1,1,NML,5,2025
3298.,A320,PKLUR,BTK,BTK7515,BTK7514,27/14:16,27/14:20,27/15:01,27/15:11,0:41:00,HLP,HLP,010,10,1,1,NML,5,2025
3299.,A320,PKPWK,PAS,PAS208,PAS209,27/13:43,27/13:46,27/14:57,27/15:09,1:11:00,CGK,CGK,008,10,1,1,NML,5,2025
3300.,B739,PKLHJ,LNI,LNI983,LNI642,27/13:38,27/13:42,27/15:12,27/15:25,1:30:00,PKU,LOP,014,10,1,1,NML,5,2025
3301.,B738,PKGFJ,GIA,GIA330,GIA331,27/14:09,27/14:14,27/15:11,27/15:21,0:57:00,HLP,HLP,007,10,1,1,NML,5,2025
3302.,A320,PKBKR,BTK,BTK6406,BTK6220,27/15:15,27/15:20,27/16:40,27/16:48,1:20:00,CGK,BPN,011,10,1,1,NML,5,2025
3303.,A320,PKSAV,SJV,SJV643,SJV704,27/15:26,27/15:31,27/16:28,27/16:38,0:57:00,AAP,DPS,010,10,1,1,NML,5,2025
3304.,B739,PKLGY,LNI,LNI919,LNI920,27/16:55,27/16:59,27/17:46,27/17:59,0:47:00,DPS,DPS,012,10,1,1,NML,5,2025
3305.,B739,PKLVF,LNI,LNI261,LNI581,27/14:24,27/14:28,27/15:49,27/15:56,1:21:00,BPN,CGK,15A,10,0,0,NML,5,2025
3306.,A320,PKLUV,BTK,BTK6347,BTK6401,27/15:23,27/15:26,27/16:05,27/16:16,0:39:00,BEJ,CGK,009,10,1,1,NML,5,2025
3307.,B739,PKLFW,LNI,LNI681,LNI316,27/15:41,27/15:44,27/16:25,27/16:34,0:41:00,PKY,BDJ,15B,10,0,0,NML,5,2025
3308.,B738,PKGMX,GIA,GIA310,GIA315,27/15:29,27/15:32,27/16:26,27/16:40,0:54:00,CGK,CGK,004,10,1,1,NML,5,2025
3309.,B738MAX,9VMBH,SIA,SIA926,SIA927,27/15:50,27/15:56,27/16:44,27/17:02,0:48:00,SIN,SIN,A08,10,1,1,NML,5,2025
3310.,A320,PKPWH,PAS,PAS206,PAS623,27/15:33,27/15:36,27/16:29,27/16:42,0:53:00,CGK,BPN,005,10,1,1,NML,5,2025
3311.,B739,PKLSR,LNI,LNI695,LNI268,27/15:58,27/16:02,27/16:47,27/16:57,0:45:00,KOE,TRK,012,10,1,1,NML,5,2025
3312.,B739,PKLHM,LNI,LNI692,LNI692,27/17:11,27/17:15,27/18:02,27/18:17,0:47:00,CGK,KOE,014,10,1,1,NML,5,2025
3313.,A320,PKGLS,CTV,CTV174,CTV488,27/15:55,27/15:58,27/17:44,27/17:54,1:46:00,HLP,BDJ,003,10,0,0,NML,5,2025
3314.,B739,PKLHJ,LNI,LNI865,LNI226,27/17:55,27/17:59,27/19:02,27/19:12,1:03:00,LOP,BDJ,010,10,1,1,NML,5,2025
3315.,B738,PKLOR,LNI,LNI839,LNI838,27/12:57,27/13:02,27/17:31,27/17:40,4:29:00,PNK,PNK,022,10,0,0,NML,5,2025
3316.,A320,PKAXU,AWQ,AWQ323,AWQ326,27/17:04,27/17:09,27/17:49,27/17:57,0:40:00,KUL,KUL,A5T,10,0,0,NML,5,2025
3317.,A320,PKPWC,PAS,PAS622,PAS207,27/17:19,27/17:22,27/18:10,27/18:25,0:48:00,BPN,CGK,006,10,1,1,NML,5,2025
3318.,B738,PKGNM,GIA,GIA349,GIA313,27/17:15,27/17:19,27/18:29,27/18:44,1:10:00,DPS,CGK,004,10,1,1,NML,5,2025
3319.,A320,PKLUT,BTK,BTK7503,BTK7502,27/19:31,27/19:36,27/20:16,27/20:25,0:40:00,HLP,HLP,008,10,1,1,NML,5,2025
3320.,B735,PKCLE,SJY,SJY567,SJY562,27/17:51,27/17:56,27/18:38,27/18:53,0:42:00,UPG,UPG,011,10,1,1,NML,5,2025
3321.,B738,PKGUC,GIA,GIA320,GIA325,27/17:44,27/17:48,27/19:03,27/19:14,1:15:00,CGK,CGK,005,10,1,1,NML,5,2025
3322.,A320,PKGQL,CTV,CTV172,CTV173,27/18:12,27/18:14,27/18:58,27/19:11,0:44:00,HLP,HLP,006,10,1,1,NML,5,2025
3323.,B738MAX,9VMBA,SIA,SIA928,SIA929,27/18:20,27/18:26,27/19:15,27/19:34,0:49:00,SIN,SIN,A07,10,1,1,NML,5,2025
3324.,B738,PKLBW,BTK,BTK6576,BTK6575,27/18:14,27/18:18,27/19:06,27/19:17,0:48:00,CGK,CGK,009,10,1,1,NML,5,2025
3325.,A320,PKGQU,CTV,CTV949,CTV9664,27/18:41,27/18:45,27/19:21,27/19:36,0:36:00,BTH,DPS,007,10,1,1,NML,5,2025
3326.,B788,9VOFC,TGW,TGW266,TGW267,27/18:38,27/18:44,27/19:42,27/19:56,0:58:00,SIN,SIN,A06,10,1,1,NML,5,2025
3327.,A320,PKGLY,CTV,CTV435,CTV737,27/18:53,27/18:57,27/19:50,27/20:02,0:53:00,BPN,CGK,011,10,1,1,NML,5,2025
3328.,A320,PKGQS,CTV,CTV489,CTV693,27/19:39,27/19:42,27/20:14,27/20:27,0:32:00,BDJ,DPS,006,10,1,1,NML,5,2025
3329.,B739,PKLJI,LNI,LNI972,LNI880,27/16:10,27/16:14,27/19:37,27/19:49,3:23:00,BTH,UPG,023,10,0,0,NML,5,2025
3330.,A320,PKGQK,CTV,CTV736,CTV352,27/18:50,27/18:53,27/19:45,27/20:00,0:52:00,CGK,UPG,003,10,0,0,NML,5,2025
3331.,B738,PKGUD,GIA,GIA326,GIA319,27/18:45,27/18:49,27/19:58,27/20:12,1:09:00,CGK,CGK,004,10,1,1,NML,5,2025
3332.,A320,PKGLU,CTV,CTV724,CTV354,27/20:13,27/20:13,27/20:56,27/21:05,0:43:00,CGK,UPG,007,10,1,1,NML,5,2025
3333.,A333,ECNOF,SVA,SVA4315,SVA5315,27/19:08,27/19:14,27/21:20,27/21:35,2:06:51,JED,KNO,017,10,1,1,NML,5,2025
3334.,A320,PKLAZ,BTK,BTK6137,BTK6136,27/19:53,27/19:57,27/21:52,27/22:04,1:55:00,UPG,UPG,010,10,1,1,NML,5,2025
3335.,A333,ECODR,SVA,SVA4140,SVA5140,27/22:00,27/22:05,28/00:08,28/00:21,2:03:00,JED,KNO,017,10,1,1,SCH,5,2025
3336.,A333,ECNOG,SVA,SVA4301,SVA5301,27/23:55,28/00:01,28/02:10,28/02:24,2:09:00,JED,KNO,015,10,1,1,NML,5,2025
3337.,B739,PKLGM,LNI,LNI707,LNI878,27/16:06,27/16:11,28/05:05,28/05:17,12:54:00,UPG,AMQ,025,10,0,0,NML,5,2025
3338.,A320,PKAZO,AWQ,AWQ325,AWQ320,27/21:18,27/21:25,28/05:02,28/05:13,7:37:00,KUL,KUL,A01,10,0,0,NML,5,2025
3339.,A320,PKGQU,CTV,CTV9665,CTV430,27/21:43,27/21:47,28/04:54,28/05:06,7:07:00,DPS,BPN,006,10,1,1,NML,5,2025
3340.,A320,PKBKM,BTK,BTK6578,BTK7508,27/17:00,27/17:03,28/05:00,28/05:10,11:57:00,CGK,HLP,021,10,0,0,NML,5,2025
3341.,A320,PKSJP,SJV,SJV637,SJV610,27/15:37,27/15:40,28/05:10,28/05:21,13:30:00,BDJ,BPN,024,10,0,0,NML,5,2025
3342.,B739,PKLHH,LNI,LNI709,LNI786,27/17:08,27/23:56,28/05:00,28/05:15,11:46:00,UPG,UPG,009,10,1,0,NML,5,2025
3343.,B738,PKGFS,GIA,GIA328,GIA301,27/20:04,27/20:08,28/05:03,28/05:19,8:55:00,CGK,CGK,005,10,1,1,NML,5,2025
3344.,A320,PKBKR,BTK,BTK6221,BTK6132,27/21:14,27/21:18,28/05:25,28/05:25,8:07:00,BPN,LOP,011,28,1,1,NML,5,2025
3345.,A333,ECODQ,SVA,SVA4163,SVA5163,28/03:02,28/03:08,28/05:10,28/05:23,2:02:00,JED,KNO,017,10,1,1,NML,5,2025
3346.,A320,PKBKP,BTK,BTK7511,BTK6132A,28/06:25,28/06:30,28/07:25,28/07:32,0:55:00,HLP,LOP,009,28,1,1,NML,5,2025
3347.,A320,PKGLU,CTV,CTV353,CTV670,28/05:08,28/05:11,28/05:46,28/05:58,0:34:21,UPG,LOP,006,28,1,1,NML,5,2025
3348.,A320,PKGQM,CTV,CTV669,CTV725,27/16:22,27/16:27,28/05:44,28/05:55,13:17:57,DPS,CGK,C03,28,0,0,NML,5,2025
3349.,B739,PKLOJ,LNI,LNI690,LNI690,28/05:04,28/05:09,28/05:52,28/06:02,0:42:23,CGK,KOE,15A,28,0,0,NML,5,2025
3350.,A320,PKSTZ,SJV,SJV619,SJV640,27/16:02,27/16:06,28/05:54,28/06:04,13:48:53,BPN,AAP,026,28,0,0,NML,5,2025
3351.,B738,PKLHJ,LNI,LNI923,LNI868,27/17:28,27/17:32,28/05:59,28/06:09,12:27:48,DPS,TTE,018,28,0,0,NML,5,2025
3352.,A320,PKBKQ,BTK,BTK7521,BTK6589,27/21:22,27/21:26,28/06:02,28/06:11,8:36:00,HLP,CGK,012,28,1,1,NML,5,2025
3353.,A320,PKLUS,BTK,BTK6588,BTK6412,27/22:06,27/22:11,28/06:13,28/06:28,8:02:00,CGK,DPS,010,10,1,1,NML,5,2025
3354.,A320,PKSAK,SJV,SJV725,SJV566,27/17:42,27/17:45,28/06:50,28/07:00,13:05:00,LBJ,PLW,022,10,0,0,NML,5,2025
3355.,B739,PKLSY,LNI,LNI311,LNI971,28/06:12,28/06:16,28/07:15,28/07:23,0:59:00,BDJ,BTH,012,10,1,1,NML,5,2025
3356.,A320,PKLUJ,BTK,BTK6413,BTK6135,27/19:42,27/19:47,28/07:21,28/07:31,11:34:00,DPS,PKN,014,28,1,1,NML,5,2025
3357.,B738,PKGMY,GIA,GIA855,GIA854,27/20:28,27/20:38,28/06:58,28/07:11,10:20:00,SIN,SIN,A02,10,1,1,NML,5,2025
3358.,B738,PKGNN,GIA,GIA324,GIA305,27/20:54,27/20:58,28/06:58,28/07:13,10:00:00,CGK,CGK,004,10,1,1,NML,5,2025
3359.,A320,PKBKP,BTK,BTK6133,BTK7510,28/10:23,28/10:27,28/11:39,28/11:57,1:12:00,LOP,HLP,010,10,1,1,NML,5,2025
"3360.,AW139,PKTVN,TVR,PKTVN,PKTVN,--:--,26/20:11,28/07:30,28/07:31,""1 day, 11:19:00"",ZZZZ,ZZZZ,H02,28,0,0,NML,5,2025"
3361.,A320,PKAZX,AWQ,AWQ327,AWQ392,27/23:28,27/23:34,28/07:38,28/07:48,8:04:00,KUL,JHB,A5T,28,0,0,NML,5,2025
"3362.,B738,PKLOP,LNI,LNI857,LNI882,26/13:49,26/13:53,28/08:25,28/08:37,""1 day, 18:32:00"",PLM,UPG,020,28,0,0,NML,5,2025"
3363.,A320,PKGQS,CTV,CTV690,CTV460,28/06:47,28/06:50,28/07:28,28/07:34,0:38:00,DPS,AAP,006,28,1,1,NML,5,2025
3364.,B739,PKLHM,LNI,LNI693,LNI693,28/06:53,28/06:56,28/07:50,28/07:58,0:54:00,KOE,CGK,010,28,1,1,NML,5,2025
3365.,A320,PKGQN,CTV,CTV170,CTV175,28/07:27,28/07:33,28/08:16,28/08:26,0:43:00,HLP,HLP,008,28,1,1,NML,5,2025
3366.,A320,PKGLE,CTV,CTV722,CTV723,28/07:09,28/07:13,28/08:06,28/08:15,0:53:00,CGK,CGK,007,28,1,1,NML,5,2025
3367.,A333,BHLU,CPA,CPA779,CPA780,27/17:38,27/17:45,28/08:27,28/08:40,14:42:00,HKG,HKG,A08,28,1,1,NML,5,2025
3368.,B739,PKLFW,LNI,LNI315,LNI222,28/07:56,28/08:01,28/08:52,28/09:04,0:51:00,BDJ,BDJ,012,10,1,1,NML,5,2025
3369.,A320,PKGQK,CTV,CTV355,CTV171,28/07:38,28/07:43,28/08:46,28/08:57,1:03:00,UPG,HLP,005,10,1,1,NML,5,2025
3370.,B739,PKLGY,LNI,LNI929,LNI856,28/06:57,28/07:02,28/09:00,28/09:09,1:58:00,DPS,PLM,011,10,1,1,NML,5,2025
3371.,A320,PKSTA,SJV,SJV649,SJV618,28/07:42,28/07:48,28/08:57,28/09:06,1:09:00,BPN,BPN,009,10,1,1,NML,5,2025
3372.,B738,PKLOR,LNI,LNI837,LNI748,28/08:03,28/08:09,28/09:03,28/09:13,0:54:00,PNK,MDC,014,10,1,1,NML,5,2025
3373.,A320,PKGLU,CTV,CTV671,CTV486,28/08:19,28/08:25,28/09:04,28/09:15,0:39:00,LOP,BDJ,006,10,1,1,NML,5,2025
3374.,B739,PKLSL,LNI,LNI683,LNI682,28/08:28,28/08:33,28/09:17,28/09:34,0:44:00,PKY,PKY,15A,10,0,0,NML,5,2025
3375.,B738,PKGMD,GIA,GIA304,GIA342,28/08:13,28/08:20,28/09:13,28/09:27,0:53:00,CGK,DPS,004,10,1,1,NML,5,2025
3376.,A320,PKSAV,SJV,SJV703,SJV706,28/08:23,28/08:29,28/09:22,28/09:36,0:53:00,DPS,DPS,010,10,1,1,NML,5,2025
3377.,B738,9MMSB,MAS,MAS871,MAS870,28/09:02,28/09:08,28/09:51,28/10:03,0:43:00,KUL,KUL,A07,10,1,1,NML,5,2025
3378.,B733,PKMYJ,MYU,MYU935,MYU815,28/08:49,28/08:53,28/09:31,28/09:51,0:38:00,SRG,CGK,C02,10,0,0,NML,5,2025
3379.,B735,PKNAT,LKN,LKN243,LKN242,28/09:18,28/09:21,28/09:58,28/10:09,0:37:00,SMQ,SMQ,011,10,1,1,NML,5,2025
3380.,A359,9VSHG,SIA,SIA922,SIA923,28/08:53,28/08:59,28/10:01,28/10:19,1:02:00,SIN,SIN,A08,10,1,1,NML,5,2025
3381.,B738,PKLBS,MXD,MXD352,MXD353,27/21:07,27/21:15,28/10:02,28/10:11,12:47:00,KUL,KUL,A04,10,1,1,NML,5,2025
3382.,A320,PKLAL,BTK,BTK6584,BTK6585,28/10:01,28/10:04,28/11:08,28/11:16,1:04:00,CGK,CGK,008,10,1,1,NML,5,2025
3383.,A320,PKGLY,CTV,CTV351,CTV350,28/09:30,28/09:33,28/10:27,28/10:34,0:54:00,UPG,UPG,006,10,1,1,NML,5,2025
3384.,B739,PKLSV,LNI,LNI970,LNI990,28/09:40,28/09:45,28/10:48,28/10:59,1:03:00,BTH,DPS,012,10,1,1,NML,5,2025
3385.,A20N,9VTNF,TGW,TGW296,TGW297,28/10:34,28/10:40,28/11:30,28/11:45,0:50:00,SIN,SIN,A02,10,1,1,NML,5,2025
3386.,B739,PKLHH,LNI,LNI791,LNI973,28/09:37,28/09:42,28/10:48,28/11:12,1:06:00,UPG,BTH,014,10,1,1,NML,5,2025
3387.,A320,PKPWM,PAS,PAS210,PAS211,28/09:32,28/09:34,28/10:35,28/10:47,1:01:00,CGK,CGK,005,10,1,1,NML,5,2025
3388.,A320,PKSTZ,SJV,SJV641,SJV632,28/09:49,28/09:53,28/11:35,28/11:50,1:42:00,AAP,BDJ,15B,10,0,0,NML,5,2025
3389.,A320,PKLUR,BTK,BTK7517,BTK7520,28/10:39,28/10:42,28/11:57,28/12:08,1:15:00,HLP,HLP,018,10,0,0,NML,5,2025
3390.,B739,PKLGS,LNI,LNI694,LNI694,28/10:28,28/10:31,28/11:26,28/11:41,0:55:00,CGK,KOE,011,10,1,1,NML,5,2025
3391.,A320,PKLUJ,BTK,BTK6134,BTK6346,28/10:06,28/10:09,28/11:11,28/11:21,1:02:00,PKN,BEJ,009,10,1,1,NML,5,2025
3392.,A320,PKAZO,AWQ,AWQ321,AWQ322,28/10:45,28/10:50,28/11:26,28/11:37,0:36:00,KUL,KUL,A5T,10,0,0,NML,5,2025
3393.,B738,PKLOJ,LNI,LNI697,LNI697,28/10:41,28/10:45,28/11:51,28/12:03,1:06:00,KOE,CGK,15A,10,0,0,NML,5,2025
3394.,B738,PKGUC,GIA,GIA322,GIA327,28/10:31,28/10:34,28/11:38,28/11:55,1:04:00,CGK,CGK,004,10,1,1,NML,5,2025
3395.,B738,PKLBK,MXD,MXD350,MXD351,28/10:57,28/11:02,28/12:03,28/12:10,1:01:00,KUL,KUL,A04,10,1,1,NML,5,2025
3396.,A320,PKGQS,CTV,CTV461,CTV698,28/11:00,28/11:03,28/11:53,28/12:05,0:50:00,AAP,DPS,006,10,1,1,NML,5,2025
3397.,B739,PKLHY,LNI,LNI267,LNI822,28/11:39,28/11:42,28/12:42,28/12:50,1:00:00,TRK,LOP,012,10,1,1,NML,5,2025
3398.,A320,PKGLX,CTV,CTV9692,CTV9693,28/11:25,28/11:28,28/12:21,28/12:37,0:53:00,DPS,DPS,007,10,1,1,NML,5,2025
3399.,B738,PKLOP,LNI,LNI787,LNI262,28/12:26,28/12:30,28/13:20,28/13:32,0:50:00,UPG,BPN,15A,10,0,0,NML,5,2025
3400.,B739,PKLFW,LNI,LNI223,LNI680,28/11:52,28/11:58,28/12:48,28/12:56,0:50:00,BDJ,PKY,010,10,1,1,NML,5,2025
3401.,A320,PKSAK,SJV,SJV567,SJV636,28/11:34,28/11:38,28/12:27,28/12:39,0:49:00,PLW,BDJ,009,10,1,1,NML,5,2025
3402.,B739,PKLGY,LNI,LNI857,LNI780,28/13:32,28/13:36,28/14:38,28/14:48,1:02:00,PLM,UPG,012,10,1,1,NML,5,2025
3403.,B735,PKNAQ,LKN,LKN193,LKN192,28/11:30,28/11:34,28/12:20,28/12:33,0:46:00,PKN,PKN,011,10,1,1,NML,5,2025
3404.,A320,PKGLU,CTV,CTV487,CTV668,28/11:59,28/12:02,28/13:22,28/13:35,1:20:32,BDJ,DPS,008,10,1,1,NML,5,2025
3405.,A320,PKSJG,SJV,SJV705,SJV704,28/12:31,28/12:34,28/13:45,28/13:56,1:11:00,DPS,DPS,15B,10,0,0,NML,5,2025
3406.,A320,PKAZX,AWQ,AWQ393,AWQ324,28/12:35,28/12:40,28/13:24,28/13:29,0:44:00,JHB,KUL,A5T,10,0,0,NML,5,2025
3407.,A320,PKPWI,PAS,PAS204,PAS205,28/11:48,28/11:51,28/13:13,28/13:28,1:22:55,CGK,CGK,005,10,1,1,NML,5,2025
3408.,B738,PKLKV,LNI,LNI869,LNI722,28/12:22,28/12:25,28/13:40,28/13:49,1:15:00,TTE,KDI,014,10,1,1,NML,5,2025
3409.,A320,PKBKQ,BTK,BTK6596,BTK6595,28/13:37,28/13:40,28/14:35,28/14:46,0:55:13,CGK,CGK,010,10,1,1,NML,5,2025
3410.,B738,PKLPK,LNI,LNI839,LNI836,28/12:59,28/13:02,28/13:59,28/14:11,0:57:51,PNK,PNK,011,10,1,1,NML,5,2025
3411.,A320,PKGQO,CTV,CTV716,CTV717,28/13:26,28/13:28,28/14:08,28/14:18,0:40:00,CGK,CGK,006,10,1,1,NML,5,2025
3412.,A320,PKGQU,CTV,CTV431,CTV948,28/13:39,28/13:42,28/14:32,28/14:41,0:50:52,BPN,BTH,008,10,1,1,NML,5,2025
3413.,A320,PKSTZ,SJV,SJV633,SJV726,28/14:39,28/14:42,28/15:53,28/16:09,1:11:00,BDJ,LBJ,009,10,1,1,NML,5,2025
3414.,B739,PKLQS,LNI,LNI919,LNI910,28/14:35,28/14:38,28/15:40,28/15:50,1:01:35,DPS,DPS,011,10,1,1,NML,5,2025
3415.,B738,PKGUH,GIA,GIA312,GIA317,28/13:29,28/13:33,28/14:32,28/14:44,0:59:44,CGK,CGK,004,10,1,1,NML,5,2025
3416.,A320,9VJSN,JSA,JSA247,JSA248,28/13:54,28/13:59,28/14:47,28/14:58,0:48:00,SIN,SIN,A07,10,1,1,NML,5,2025
3417.,A320,PKLUR,BTK,BTK7515,BTK7514,28/15:20,28/15:25,28/16:05,28/16:20,0:39:59,HLP,HLP,010,10,1,1,NML,5,2025
3418.,A320,PKPWK,PAS,PAS208,PAS209,28/13:46,28/13:50,28/14:51,28/15:03,1:01:43,CGK,CGK,007,10,1,1,NML,5,2025
3419.,B738,PKGNE,GIA,GIA330,GIA331,28/14:04,28/14:08,28/15:02,28/15:15,0:54:00,HLP,HLP,005,10,1,1,NML,5,2025
3420.,B739,PKLHY,LNI,LNI823,LNI642,28/15:26,28/15:30,28/16:17,28/16:28,0:47:00,LOP,LOP,014,10,1,1,NML,5,2025
3421.,A320,PKGQS,CTV,CTV699,CTV434,28/14:26,28/14:29,28/15:19,28/15:30,0:50:00,DPS,BPN,006,10,1,1,NML,5,2025
3422.,B739,PKLGM,LNI,LNI879,LNI920,28/15:42,28/15:47,28/16:55,28/17:04,1:07:20,AMQ,DPS,020,10,0,0,NML,5,2025
3423.,B738,9MMLS,MAS,MAS873,MAS872,28/14:57,28/15:02,28/16:00,28/16:13,0:58:00,KUL,KUL,A06,10,1,1,NML,5,2025
3424.,A320,PKBKU,BTK,BTK7501,BTK7502,28/15:35,28/15:39,28/17:11,28/17:25,1:32:00,HLP,HLP,012,10,1,1,NML,5,2025
3425.,A320,PKBKG,BTK,BTK6406,BTK6401,28/16:04,28/16:08,28/17:04,28/17:17,0:56:35,CGK,CGK,009,10,1,1,NML,5,2025
3426.,B739,PKLGS,LNI,LNI695,LNI581,28/16:17,28/16:21,28/17:23,28/17:38,1:02:27,KOE,CGK,011,10,1,1,NML,5,2025
3427.,A320,PKSAK,SJV,SJV637,SJV614,28/15:23,28/15:27,28/17:05,28/17:15,1:38:07,BDJ,BPN,15A,10,0,0,NML,5,2025
3428.,B738MAX,9VMBA,SIA,SIA926,SIA927,28/16:07,28/16:13,28/17:06,28/17:21,0:53:22,SIN,SIN,A07,10,1,1,NML,5,2025
3429.,A320,PKLUJ,BTK,BTK6347,BTK7512,28/15:39,28/15:44,28/16:50,28/16:59,1:05:22,BEJ,HLP,023,10,0,0,NML,5,2025
3430.,B738,PKGNC,GIA,GIA310,GIA315,28/15:28,28/15:30,28/16:33,28/16:45,1:03:00,CGK,CGK,004,10,1,1,NML,5,2025
3431.,A320,PKPWL,PAS,PAS206,PAS623,28/15:48,28/15:52,28/16:29,28/16:42,0:37:00,CGK,BPN,005,10,1,1,NML,5,2025
3432.,B739,PKLFW,LNI,LNI681,LNI268,28/15:46,28/15:51,28/17:25,28/17:40,1:34:11,PKY,TRK,022,10,0,0,NML,5,2025
3433.,B739,PKLHJ,LNI,LNI692,LNI692,28/18:10,28/18:14,28/19:07,28/19:19,0:53:35,CGK,KOE,014,10,1,1,NML,5,2025
3434.,A320,PKSJC,SJV,SJV619,SJV648,28/15:56,28/15:58,28/17:00,28/17:09,1:02:00,BPN,BPN,024,10,0,0,NML,5,2025
3435.,A320,PKGQK,CTV,CTV174,CTV721,28/15:51,28/15:56,28/16:50,28/17:02,0:54:00,HLP,CGK,008,10,1,1,NML,5,2025
3436.,GL5T,N970NX,RJP,N970NX,N970NX,28/09:44,28/09:50,28/10:27,28/10:36,0:37:00,DPS,HLP,A09,10,0,0,NML,5,2025
3437.,A320,PKGLX,CTV,CTV669,CTV488,28/16:10,28/16:14,28/16:55,28/17:07,0:41:00,DPS,BDJ,007,10,1,1,NML,5,2025
3438.,B739,PKLSW,LNI,LNI707,LNI226,28/16:13,28/16:18,28/17:50,28/17:58,1:32:00,UPG,BDJ,018,10,0,0,NML,5,2025
3439.,A320,PKLAM,BTK,BTK6578,BTK7579,28/17:28,28/17:32,28/18:19,28/18:33,0:47:00,CGK,CGK,009,10,1,1,NML,5,2025
3440.,B738,PKLOR,LNI,LNI749,LNI838,28/15:05,28/15:10,28/17:31,28/17:42,2:21:12,MDC,PNK,15B,10,0,0,NML,5,2025
3441.,A320,PKAZO,AWQ,AWQ323,AWQ326,28/17:13,28/17:18,28/18:00,28/18:04,0:41:21,KUL,KUL,A5T,10,0,0,NML,5,2025
3442.,A320,PKSJG,SJV,SJV723,SJV708,28/17:36,28/17:40,28/18:50,28/18:54,1:10:00,DPS,DPS,010,10,1,1,NML,5,2025
3443.,A320,PKPWM,PAS,PAS622,PAS207,28/17:19,28/17:23,28/18:14,28/18:28,0:51:00,BPN,CGK,006,10,1,1,NML,5,2025
3444.,B738,PKGMD,GIA,GIA349,GIA313,28/17:23,28/17:26,28/18:30,28/18:42,1:04:00,DPS,CGK,004,10,1,1,NML,5,2025
3445.,B735,PKCLE,SJY,SJY567,SJY562,28/18:30,28/18:35,28/19:15,28/19:26,0:40:00,UPG,UPG,011,10,1,1,NML,5,2025
3446.,A320,PKSTZ,SJV,SJV725,SJV716,28/19:29,28/19:33,28/20:22,28/20:34,0:49:00,LBJ,LOP,010,10,1,1,NML,5,2025
3447.,B738,PKGFX,GIA,GIA320,GIA325,28/17:31,28/17:33,28/18:57,28/19:11,1:24:00,CGK,CGK,005,10,1,1,NML,5,2025
3448.,B738MAX,9VMBN,SIA,SIA928,SIA929,28/18:19,28/18:24,28/19:17,28/19:33,0:53:00,SIN,SIN,A06,10,1,1,NML,5,2025
3449.,B738,PKLZV,BTK,BTK6576,BTK6575,28/19:20,28/19:24,28/20:10,28/20:21,0:46:00,CGK,CGK,009,10,1,1,NML,5,2025
3450.,A320,PKGQM,CTV,CTV949,CTV9664,28/18:40,28/18:43,28/19:19,28/19:32,0:36:08,BTH,DPS,008,10,1,1,NML,5,2025
3451.,B739,PKLGJ,LNI,LNI885,LNI880,28/19:02,28/19:07,28/20:00,28/20:09,0:53:00,UPG,UPG,012,10,1,1,NML,5,2025
3452.,A320,PKPWK,PAS,PAS202,PAS203,28/18:58,28/19:02,28/19:49,28/20:00,0:47:00,CGK,CGK,005,10,1,1,NML,5,2025
3453.,A320,PKGQI,CTV,CTV736,CTV352,28/20:01,28/20:07,28/20:42,28/20:54,0:35:00,CGK,UPG,006,10,1,1,NML,5,2025
3454.,B738,PKGUA,GIA,GIA326,GIA319,28/19:12,28/19:16,28/20:05,28/20:19,0:49:00,CGK,CGK,004,10,1,1,NML,5,2025
3455.,A320,PKGQS,CTV,CTV435,CTV173,28/19:09,28/19:12,28/20:02,28/20:18,0:50:00,BPN,HLP,006,10,1,1,NML,5,2025
3456.,A320,PKGQL,CTV,CTV172,CTV737,28/18:16,28/18:22,28/20:13,28/20:25,1:51:00,HLP,CGK,007,10,1,1,NML,5,2025
3457.,A320,PKLUJ,BTK,BTK7503,BTK7518,28/19:57,28/20:02,28/21:28,28/21:40,1:25:59,HLP,HLP,008,10,1,1,NML,5,2025
3458.,A320,PKGLG,CTV,CTV489,CTV693,28/20:15,28/20:19,28/20:57,28/21:12,0:38:00,BDJ,DPS,007,10,1,1,NML,5,2025
3459.,A320,PKGLR,CTV,CTV724,CTV354,28/20:37,28/20:42,28/21:23,28/21:36,0:41:00,CGK,UPG,009,10,1,1,NML,5,2025
3460.,A320,PKGQK,CTV,CTV720,CTV9697,28/20:32,28/20:37,28/21:19,28/21:30,0:42:00,CGK,DPS,003,10,0,0,NML,5,2025
3461.,A320,PKBKV,BTK,BTK6413,BTK6136,28/19:44,28/19:48,28/22:47,28/22:56,2:58:03,DPS,UPG,15A,10,0,0,NML,5,2025
3462.,A320,PKGLG,CTV,CTV9696,CTV430,28/23:20,28/23:25,29/04:55,29/05:11,5:30:00,DPS,BPN,009,28,1,1,NML,5,2025
3463.,A320,PKAZO,AWQ,AWQ327,AWQ320,28/23:30,28/23:37,29/05:02,29/05:14,5:25:00,KUL,KUL,A01,28,0,0,NML,5,2025
3464.,A320,PKBKU,BTK,BTK7519,BTK7508,28/21:13,28/21:17,29/05:00,29/05:13,7:43:00,HLP,HLP,012,28,1,1,NML,5,2025
3465.,B739,PKLHY,LNI,LNI865,LNI786,28/19:05,28/19:10,29/05:14,29/05:25,10:03:01,LOP,UPG,020,28,0,0,NML,5,2025
3466.,B738,PKGMY,GIA,GIA855,GIA301,28/20:06,28/22:46,29/05:04,29/05:16,8:50:00,SIN,CGK,004,28,1,1,NML,5,2025
3467.,A320,PKLUW,BTK,BTK6588,BTK6132,28/21:42,28/21:46,29/05:12,29/05:19,7:26:00,CGK,LOP,018,28,0,0,NML,5,2025
3468.,A320,PKGLU,CTV,CTV353,CTV484,29/05:07,29/05:11,29/05:45,29/05:53,0:34:00,UPG,BDJ,009,28,1,1,NML,5,2025
3469.,A320,PKGQM,CTV,CTV9665,CTV725,28/21:52,28/21:55,29/05:39,29/05:46,7:44:00,DPS,CGK,007,28,1,1,NML,5,2025
3470.,B739,PKLHS,LNI,LNI690,LNI690,29/05:02,29/05:07,29/05:47,29/05:56,0:40:00,CGK,KOE,012,28,1,1,NML,5,2025
3471.,B738,PKLKV,LNI,LNI727,LNI868,28/18:13,28/18:16,29/05:55,29/06:13,11:39:00,KDI,TTE,024,28,0,0,NML,5,2025
3472.,A320,V8RBC,RBA,RBA795,RBA796,28/19:49,28/19:55,29/05:47,29/05:59,9:52:00,BWN,BWN,A06,28,1,1,NML,5,2025
3473.,A320,PKLUF,BTK,BTK6137,BTK6589,28/21:46,28/21:50,29/05:51,29/06:04,8:01:00,UPG,CGK,011,28,1,1,NML,5,2025
3474.,B739,PKLSY,LNI,LNI972,LNI266,28/16:26,28/16:32,29/06:05,29/06:18,13:33:00,BTH,BPN,C03,28,0,0,NML,5,2025
3475.,A320,PKSJG,SJV,SJV727,SJV706,28/22:51,29/00:32,29/06:16,29/06:27,7:20:00,DPS,DPS,008,28,1,0,NML,5,2025
3476.,A320,PKSTA,SJV,SJV615,SJV640,28/21:09,28/21:14,29/06:10,29/06:23,8:56:00,BPN,AAP,014,28,1,1,NML,5,2025
3477.,A320,PKPWH,PAS,PAS212,PAS213,28/20:45,28/20:50,29/05:54,29/06:08,9:04:00,CGK,CGK,006,28,1,1,NML,5,2025
3478.,A320,PKAZX,AWQ,AWQ325,AWQ386,28/19:23,28/19:28,29/05:58,29/06:15,10:29:04,KUL,PEN,A5T,28,0,0,NML,5,2025
3479.,A320,PKLUQ,BTK,BTK6594,BTK6412,28/21:19,28/21:23,29/06:13,29/06:24,8:50:00,CGK,DPS,010,28,1,1,NML,5,2025
3480.,A333,ECODR,SVA,SVA4150,SVA5150,29/04:14,29/04:20,29/06:26,29/06:38,2:06:00,JED,KNO,017,28,1,1,NML,5,2025
3481.,B739,PKLHQ,LNI,LNI923,LNI982,28/20:27,28/20:33,29/06:35,29/06:47,10:02:00,DPS,PKU,022,28,0,0,NML,5,2025
3482.,A320,PKSAK,SJV,SJV617,SJV634,28/20:41,28/20:45,29/06:30,29/06:41,9:45:00,BPN,BDJ,023,28,0,0,NML,5,2025
"3483.,A320,PKBKR,BTK,BTK6132,BTK6010,28/05:39,28/05:39,29/06:56,29/07:06,""1 day, 1:17:49"",SUB,HLP,021,28,0,0,NML,5,2025"
3484.,A320,PKLAL,BTK,BTK6370,BTK6597,29/06:10,29/06:20,29/07:20,29/07:28,1:00:24,CGK,CGK,008,28,1,1,NML,5,2025
3485.,A320,PKLAY,BTK,BTK7521,BTK6135,28/23:28,29/00:46,29/07:01,29/07:11,7:29:44,HLP,PKN,C06,28,0,1,NML,5,2025
3486.,B739,PKLGL,LNI,LNI367,LNI971,28/11:43,28/11:48,29/07:21,29/07:32,19:33:00,BPN,BTH,026,28,0,0,NML,5,2025
3487.,C208,PKVVM,SUS,PKVVM,SUS6197,28/11:22,28/11:25,29/08:08,29/08:15,20:43:18,BXW,BXW,C07,28,0,0,NML,5,2025
3488.,B738,PKGNF,GIA,GIA328,GIA305,28/20:12,28/20:15,29/07:04,29/07:15,10:49:00,CGK,CGK,005,28,1,1,NML,5,2025
3489.,B738,PKGFI,GIA,GIA324,GIA854,28/21:03,28/22:29,29/07:04,29/07:17,9:58:00,CGK,SIN,A02,28,1,1,NML,5,2025
3490.,B739,PKLSW,LNI,LNI311,LNI646,29/06:06,29/06:13,29/07:14,29/07:23,1:01:00,BDJ,LOP,012,28,1,1,NML,5,2025
3491.,A320,PKLAO,BTK,BTK7511,BTK7510,29/06:49,29/06:56,29/07:32,29/07:40,0:36:32,HLP,HLP,009,28,1,1,NML,5,2025
3492.,A320,PKGQK,CTV,CTV690,CTV460,29/06:53,29/06:59,29/07:38,29/07:50,0:39:43,DPS,AAP,006,28,1,1,NML,5,2025
3493.,B739,PKLHJ,LNI,LNI693,LNI693,29/06:45,29/06:50,29/07:48,29/07:55,0:58:00,KOE,CGK,011,28,1,1,NML,5,2025
"3494.,AW139,PKTVN,TVR,PKTVN,PKTVN,28/09:25,28/09:28,29/09:38,29/09:40,""1 day, 0:10:00"",MBH,MBH,H02,10,0,0,NML,5,2025"
3495.,A21N,B32KZ,CSN,CSN8137,CSN8138,28/21:06,28/21:13,29/07:56,29/08:12,10:43:00,CAN,CAN,A07,28,1,1,NML,5,2025
3496.,A320,PKGQC,CTV,CTV726,CTV715,29/07:13,29/07:20,29/08:06,29/08:15,0:46:35,CGK,CGK,005,28,1,1,NML,5,2025
3497.,A333,BHLT,CPA,CPA779,CPA780,28/17:46,28/17:54,29/08:09,29/08:26,14:15:00,HKG,HKG,A08,28,1,1,NML,5,2025
3498.,B739,PKLFW,LNI,LNI267,LNI990,29/06:59,29/07:03,29/08:16,29/08:28,1:13:12,TRK,DPS,010,28,1,1,NML,5,2025
"3499.,DHC6,PKICP,PGT,PKICP,PKICP,27/11:08,27/11:13,29/08:03,29/08:10,""1 day, 20:50:00"",PAG,PAG,028,28,0,0,NML,5,2025"
3500.,A333,ECNOG,SVA,SVA4702,SVA5702,29/06:40,29/06:41,29/08:27,29/08:43,1:46:44,JED,KNO,017,28,1,1,NML,5,2025
3501.,A320,PKGLY,CTV,CTV170,CTV175,29/07:09,29/07:19,29/08:25,29/08:36,1:06:00,HLP,HLP,007,28,1,1,NML,5,2025
3502.,B738,PKLBK,MXD,MXD352,MXD353,28/19:16,28/19:22,29/08:41,29/08:51,13:19:00,KUL,KUL,A04,10,1,1,NML,5,2025
3503.,B739,PKLHM,LNI,LNI683,LNI222,29/07:53,29/07:59,29/08:47,29/09:00,0:48:00,PKY,BDJ,012,10,1,1,NML,5,2025
3504.,A320,PKBKQ,BTK,BTK6584,BTK6585,29/08:10,29/08:15,29/09:01,29/09:14,0:46:57,CGK,CGK,011,10,1,1,NML,5,2025
3505.,A320,PKGQI,CTV,CTV355,CTV171,29/07:36,29/07:42,29/08:44,29/08:54,1:02:00,UPG,HLP,008,10,1,1,NML,5,2025
3506.,A320,PKLUW,BTK,BTK6133,BTK6391,29/07:46,29/07:52,29/08:55,29/09:06,1:03:43,LOP,CGK,009,10,1,1,NML,5,2025
3507.,AS35,PKDBM,DAM,PKDBM,PKDBM,28/14:08,28/14:10,29/09:04,29/09:05,18:54:00,BDJ,SRG,H05,10,0,0,NML,5,2025
3508.,B738,PKLOR,LNI,LNI837,LNI748,29/07:58,29/08:04,29/09:00,29/09:12,0:56:45,PNK,MDC,014,10,1,1,NML,5,2025
3509.,A320,PKGLU,CTV,CTV485,CTV486,29/08:41,29/08:44,29/09:16,29/09:27,0:32:00,BDJ,BDJ,006,10,1,1,NML,5,2025
3510.,B739,PKLSH,LNI,LNI929,LNI682,29/09:16,29/09:20,29/10:00,29/10:12,0:40:48,DPS,PKY,012,10,1,1,NML,5,2025
3511.,H25B,T7HAN,AFSS,T7HAN,T7HAN,29/08:30,29/08:34,29/09:06,29/09:12,0:31:25,CGK,CGK,003,10,0,0,NML,5,2025
3512.,B738,PKGNM,GIA,GIA304,GIA342,29/08:13,29/08:19,29/09:14,29/09:25,0:55:13,CGK,DPS,004,10,1,1,NML,5,2025
3513.,A320,PKPWE,PAS,PAS200,PAS201,29/08:06,29/08:14,29/09:09,29/09:21,0:55:44,CGK,CGK,005,10,1,1,NML,5,2025
3514.,C208,PKVVM,SUS,PKVVM,SUS6292,29/09:53,29/09:55,29/10:30,29/10:33,0:34:37,BXW,BXW,C07,10,0,0,NML,5,2025
3515.,A320,PKSJG,SJV,SJV703,SJV702,29/09:01,29/09:05,29/10:03,29/10:14,0:58:26,DPS,DPS,010,10,1,1,NML,5,2025
3516.,B733,PKMYJ,MYU,MYU935,MYU815,29/08:51,29/08:57,29/09:30,29/09:40,0:32:49,SRG,CGK,C02,10,0,0,NML,5,2025
3517.,B738,9MMXA,MAS,MAS871,MAS870,29/09:04,29/09:10,29/09:55,29/10:05,0:45:00,KUL,KUL,A07,10,1,1,NML,5,2025
3518.,A359,9VSHI,SIA,SIA922,SIA923,29/08:59,29/09:03,29/10:05,29/10:24,1:02:00,SIN,SIN,A08,10,1,1,NML,5,2025
3519.,A320,PKGQP,CTV,CTV351,CTV350,29/09:23,29/09:27,29/10:13,29/10:27,0:46:00,UPG,UPG,007,10,1,1,NML,5,2025
3520.,A320,PKGTK,CTV,CTV722,CTV723,29/10:03,29/10:06,29/11:07,29/11:23,1:01:00,CGK,CGK,006,10,1,1,NML,5,2025
3521.,B739,PKLSY,LNI,LNI367,LNI262,29/09:56,29/10:00,29/10:47,29/10:58,0:47:00,BPN,BPN,014,10,1,1,NML,5,2025
3522.,A20N,9VTNG,TGW,TGW296,TGW297,29/09:30,29/09:35,29/10:13,29/10:36,0:38:00,SIN,SIN,A02,10,1,1,NML,5,2025
3523.,B739,PKLHO,LNI,LNI791,LNI706,29/09:59,29/10:05,29/10:59,29/11:11,0:53:02,UPG,UPG,15A,10,0,0,NML,5,2025
3524.,A320,PKPWH,PAS,PAS210,PAS211,29/09:41,29/09:44,29/10:34,29/10:49,0:50:00,CGK,CGK,005,10,1,1,NML,5,2025
3525.,A320,PKBKU,BTK,BTK7513,BTK7516,29/11:21,29/11:24,29/12:33,29/12:43,1:09:00,HLP,HLP,008,10,1,1,NML,5,2025
3526.,A320,PKLAY,BTK,BTK6134,BTK6346,29/09:45,29/09:48,29/10:42,29/10:52,0:54:00,PKN,BEJ,008,10,1,1,NML,5,2025
3527.,B739,PKLFF,LNI,LNI694,LNI694,29/10:46,29/10:51,29/11:57,29/12:10,1:06:44,CGK,KOE,010,10,1,1,NML,5,2025
3528.,A320,PKAZO,AWQ,AWQ321,AWQ322,29/10:50,29/10:55,29/11:27,29/11:34,0:31:53,KUL,KUL,A5T,10,0,0,NML,5,2025
3529.,B739,PKLSW,LNI,LNI645,LNI697,29/10:21,29/10:25,29/11:29,29/11:38,1:04:00,LOP,CGK,15B,10,0,0,NML,5,2025
3530.,B739,PKLHS,LNI,LNI697,LNI822,29/10:19,29/10:24,29/11:52,29/12:06,1:28:00,KOE,LOP,012,10,1,1,NML,5,2025
3531.,B738,PKGNC,GIA,GIA322,GIA327,29/10:10,29/10:14,29/11:32,29/11:47,1:18:00,CGK,CGK,004,10,1,1,NML,5,2025
3532.,A320,PKLAO,BTK,BTK7517,BTK7520,29/13:45,29/13:50,29/14:35,29/14:47,0:45:58,HLP,HLP,008,10,1,1,NML,5,2025
3533.,B738MAX,9MLRP,MXD,MXD350,MXD351,29/11:26,29/11:33,29/12:32,29/12:45,0:59:39,KUL,KUL,A04,10,1,1,NML,5,2025
3534.,A333,ECODQ,SVA,SVA4167,SVA5167,29/09:09,29/09:16,29/11:57,29/12:14,2:40:59,JED,KNO,017,10,1,1,NML,5,2025
3535.,B739,PKLHR,LNI,LNI805,LNI804,29/11:08,29/11:13,29/12:15,29/12:23,1:02:00,DPS,DPS,014,10,1,1,NML,5,2025
3536.,A320,PKSAQ,SJV,SJV363,SJV362,29/10:54,29/10:59,29/12:18,29/12:25,1:19:00,KNO,KNO,009,10,1,1,NML,5,2025
3537.,A320,PKGQK,CTV,CTV461,CTV698,29/11:17,29/11:19,29/12:05,29/12:20,0:46:28,AAP,DPS,005,10,1,1,NML,5,2025
3538.,A320,PKBLD,BTK,BTK6582,BTK6581,29/12:04,29/12:08,29/13:15,29/13:23,1:07:02,CGK,CGK,010,10,1,1,NML,5,2025
3539.,A320,PKSAK,SJV,SJV635,SJV636,29/09:34,29/09:36,29/12:40,29/12:49,3:03:29,BDJ,BDJ,021,10,0,0,NML,5,2025
3540.,B739,PKLHM,LNI,LNI223,LNI780,29/11:48,29/11:54,29/13:15,29/13:25,1:21:11,BDJ,UPG,15A,10,0,0,NML,5,2025
3541.,A320,PKGTA,CTV,CTV9692,CTV9693,29/11:44,29/11:47,29/12:25,29/12:39,0:38:00,DPS,DPS,006,10,1,1,NML,5,2025
3542.,C208,PKVVM,SUS,PKVVM,PKVVM,29/12:15,29/12:20,29/12:44,29/12:46,0:24:00,BXW,CJN,C07,10,0,0,NML,5,2025
3543.,B739,PKLHQ,LNI,LNI983,LNI680,29/12:01,29/12:06,29/12:50,29/12:59,0:44:00,PKU,PKY,012,10,1,1,NML,5,2025
3544.,A320,PKSJG,SJV,SJV705,SJV704,29/12:54,29/13:00,29/13:42,29/13:50,0:41:59,DPS,DPS,009,10,1,1,NML,5,2025
3545.,A320,PKPWA,PAS,PAS204,PAS205,29/12:12,29/12:15,29/13:16,29/13:27,1:01:00,CGK,CGK,004,10,1,1,NML,5,2025
3546.,A320,PKAZX,AWQ,AWQ387,AWQ324,29/12:33,29/12:40,29/13:18,29/13:31,0:38:15,PEN,KUL,A5T,10,0,0,NML,5,2025
3547.,A320,PKGLU,CTV,CTV487,CTV668,29/12:08,29/12:11,29/13:19,29/13:35,1:08:00,BDJ,DPS,007,10,1,1,NML,5,2025
3548.,B735,PKNAS,LKN,LKN671,LKN670,29/11:32,29/11:35,29/13:31,29/13:43,1:56:00,TMC,TMC,011,10,1,1,NML,5,2025
3549.,A320,PKLAI,BTK,BTK6596,BTK6595,29/13:29,29/13:32,29/14:19,29/14:31,0:47:00,CGK,CGK,010,10,1,1,NML,5,2025
3550.,B738,PKLPK,LNI,LNI839,LNI836,29/13:32,29/13:37,29/15:26,29/15:38,1:49:00,PNK,PNK,014,10,1,1,NML,5,2025
3551.,A320,PKSTF,SJV,SJV717,SJV726,29/06:02,29/06:10,29/14:06,29/14:16,7:56:33,LOP,LBJ,020,10,0,0,NML,5,2025
3552.,A320,PKGQN,CTV,CTV716,CTV717,29/13:38,29/13:42,29/14:21,29/14:33,0:38:46,CGK,CGK,006,10,1,1,NML,5,2025
3553.,B738,PKGFJ,GIA,GIA312,GIA317,29/13:41,29/13:45,29/14:41,29/14:51,0:56:00,CGK,CGK,004,10,1,1,NML,5,2025
3554.,A320,9VJSY,JSA,JSA247,JSA248,29/14:00,29/14:06,29/14:54,29/15:05,0:48:00,SIN,SIN,A07,10,1,1,NML,5,2025
3555.,B739,PKLHY,LNI,LNI787,LNI260,29/13:35,29/13:40,29/14:44,29/14:55,1:04:16,UPG,BPN,15B,10,0,0,NML,5,2025
3556.,A320,PKLUP,BTK,BTK7515,BTK7514,29/15:36,29/15:39,29/16:16,29/16:26,0:37:00,HLP,HLP,008,10,1,1,NML,5,2025
3557.,A320,PKGLG,CTV,CTV431,CTV948,29/15:13,29/15:17,29/15:56,29/16:09,0:39:00,BPN,BTH,007,10,1,1,NML,5,2025
3558.,A320,PKPWK,PAS,PAS208,PAS209,29/13:54,29/13:56,29/14:45,29/14:57,0:48:17,CGK,CGK,007,10,1,1,NML,5,2025
3559.,B738,PKGNN,GIA,GIA330,GIA331,29/13:48,29/13:51,29/15:03,29/15:16,1:12:12,HLP,HLP,005,10,1,1,NML,5,2025
3560.,B739,PKLSY,LNI,LNI261,LNI642,29/14:21,29/14:28,29/15:13,29/15:23,0:44:33,BPN,LOP,15A,10,0,0,NML,5,2025
3561.,B739,PKLHO,LNI,LNI707,LNI920,29/14:41,29/14:47,29/17:24,29/17:40,2:37:18,UPG,DPS,022,10,0,0,NML,5,2025
3562.,A320,PKGQK,CTV,CTV699,CTV434,29/14:45,29/14:47,29/15:28,29/15:41,0:40:00,DPS,BPN,006,10,1,1,NML,5,2025
3563.,B738,9MMXK,MAS,MAS873,MAS872,29/19:02,29/19:09,29/19:46,29/19:56,0:37:00,KUL,KUL,A06,10,1,1,NML,5,2025
3564.,B738,PKLOP,LNI,LNI363,LNI581,29/06:20,29/06:25,29/15:47,29/15:58,9:22:18,BPN,CGK,024,10,0,0,NML,5,2025
3565.,A320,PKBKR,BTK,BTK7501,BTK7512,29/17:37,29/17:41,29/18:43,29/18:55,1:02:00,HLP,HLP,010,10,1,1,NML,5,2025
3566.,B738MAX,9VMBP,SIA,SIA926,SIA927,29/15:50,29/15:56,29/16:49,29/17:02,0:53:00,SIN,SIN,A08,10,1,1,NML,5,2025
3567.,B738,PKGMY,GIA,GIA310,GIA315,29/15:27,29/15:33,29/16:27,29/16:32,0:54:13,CGK,CGK,004,10,1,1,NML,5,2025
3568.,A320,PKSAK,SJV,SJV637,SJV648,29/15:33,29/15:38,29/16:30,29/16:44,0:51:59,BDJ,BPN,009,10,1,1,NML,5,2025
3569.,B739,PKLHQ,LNI,LNI681,LNI316,29/15:54,29/15:58,29/16:57,29/17:10,0:58:29,PKY,BDJ,012,10,1,1,NML,5,2025
3570.,A320,PKPWJ,PAS,PAS206,PAS623,29/15:44,29/15:46,29/16:31,29/16:46,0:44:51,CGK,BPN,005,10,1,1,NML,5,2025
3571.,B739,PKLFF,LNI,LNI695,LNI268,29/16:39,29/16:44,29/17:40,29/18:03,0:56:00,KOE,TRK,15B,10,0,0,NML,5,2025
3572.,B739,PKLHJ,LNI,LNI692,LNI692,29/16:06,29/16:10,29/17:24,29/17:44,1:14:48,CGK,KOE,014,10,1,1,NML,5,2025
3573.,A320,PKGTA,CTV,CTV669,CTV488,29/16:00,29/16:04,29/16:53,29/17:08,0:49:33,DPS,BDJ,006,10,1,1,NML,5,2025
3574.,B739,PKLGL,LNI,LNI972,LNI226,29/17:22,29/17:25,29/18:16,29/18:27,0:51:00,BTH,BDJ,009,10,1,1,NML,5,2025
3575.,A320,PKBKG,BTK,BTK6578,BTK7579,29/17:17,29/17:21,29/18:14,29/18:25,0:53:00,CGK,CGK,008,10,1,1,NML,5,2025
3576.,B738,PKLKV,LNI,LNI869,LNI838,29/12:30,29/12:33,29/17:39,29/17:53,5:06:27,TTE,PNK,026,10,0,0,NML,5,2025
3577.,A320,PKAZO,AWQ,AWQ323,AWQ326,29/16:52,29/16:58,29/17:30,29/17:48,0:32:01,KUL,KUL,A5T,10,0,0,NML,5,2025
3578.,A320,PKSJG,SJV,SJV723,SJV708,29/17:42,29/17:46,29/18:52,29/19:04,1:06:15,DPS,DPS,014,10,1,1,NML,5,2025
3579.,A320,PKPWH,PAS,PAS622,PAS207,29/17:26,29/17:30,29/18:11,29/18:24,0:41:00,BPN,CGK,005,10,1,1,NML,5,2025
3580.,B738,PKGNM,GIA,GIA349,GIA313,29/17:12,29/17:16,29/18:21,29/18:35,1:05:00,DPS,CGK,004,10,1,1,NML,5,2025
3581.,A320,PKSTF,SJV,SJV725,SJV716,29/18:00,29/18:04,29/18:47,29/19:00,0:43:00,LBJ,LOP,15A,10,0,0,NML,5,2025
3582.,A320,PKLUR,BTK,BTK7503,BTK7502,29/20:58,29/21:02,29/21:42,29/21:55,0:40:00,HLP,HLP,009,10,1,1,NML,5,2025
3583.,B735,PKCLE,SJY,SJY567,SJY562,29/17:55,29/18:00,29/18:55,29/19:16,0:55:35,UPG,UPG,012,10,1,1,NML,5,2025
3584.,B738MAX,9VMBC,SIA,SIA928,SIA929,29/18:10,29/18:15,29/19:03,29/19:18,0:48:00,SIN,SIN,A07,10,1,1,NML,5,2025
3585.,A320,PKGQC,CTV,CTV949,CTV9664,29/18:52,29/18:56,29/19:28,29/19:41,0:31:42,BTH,DPS,007,10,1,1,NML,5,2025
3586.,A333,ECNOF,SVA,SVA4179,SVA5179,29/17:33,29/17:41,29/19:32,29/19:45,1:51:39,JED,KNO,017,10,1,1,NML,5,2025
3587.,B739,PKLSY,LNI,LNI865,LNI880,29/17:51,29/17:55,29/19:44,29/19:52,1:49:00,LOP,UPG,15B,10,0,0,NML,5,2025
3588.,A320,PKGLR,CTV,CTV736,CTV352,29/18:48,29/18:51,29/19:49,29/20:04,0:58:39,CGK,UPG,005,10,1,1,NML,5,2025
3589.,B738,PKGFJ,GIA,GIA326,GIA319,29/18:58,29/19:01,29/19:57,29/20:17,0:55:27,CGK,CGK,004,10,1,1,NML,5,2025
3590.,A320,PKGQK,CTV,CTV435,CTV737,29/19:13,29/19:16,29/20:14,29/20:27,0:58:00,BPN,CGK,006,10,1,1,NML,5,2025
3591.,A320,PKGQQ,CTV,CTV724,CTV354,29/19:50,29/19:54,29/20:40,29/20:49,0:46:00,CGK,UPG,007,10,1,1,NML,5,2025
3592.,A320,PKGQF,CTV,CTV489,CTV693,29/20:01,29/20:04,29/20:43,29/20:53,0:39:00,BDJ,DPS,008,10,1,1,NML,5,2025
3593.,A320,PKLAT,BTK,BTK6137,BTK6136,29/20:09,29/20:13,29/21:56,29/22:05,1:43:00,UPG,UPG,010,10,1,1,NML,5,2025
3594.,A320,PKAZX,AWQ,AWQ325,AWQ320,29/19:19,29/19:24,30/05:00,30/05:12,9:35:29,KUL,KUL,A5T,10,0,0,NML,5,2025
3595.,A320,PKGQC,CTV,CTV9665,CTV430,29/21:52,29/21:56,30/04:59,30/05:10,7:03:00,DPS,BPN,007,10,1,1,NML,5,2025
3596.,A320,PKSAK,SJV,SJV617,SJV610,29/20:12,29/20:17,30/04:56,30/05:30,8:39:00,BPN,BPN,022,10,0,0,NML,5,2025
3597.,B738,PKLQZ,LNI,LNI885,LNI878,29/19:57,29/20:02,30/05:04,30/05:14,9:02:00,UPG,AMQ,014,10,1,1,NML,5,2025
3598.,B739,PKLHS,LNI,LNI823,LNI786,29/15:29,29/15:34,30/05:04,30/05:16,13:30:00,LOP,UPG,021,10,0,0,NML,5,2025
3599.,B738,PKGMP,GIA,GIA324,GIA301,29/21:38,29/21:41,30/05:08,30/05:18,7:27:00,CGK,CGK,004,28,1,1,NML,5,2025
3600.,A320,PKGQI,CTV,CTV174,CTV725,29/16:19,29/16:22,30/05:49,30/05:56,13:26:10,HLP,CGK,003,28,0,0,NML,5,2025
3601.,A320,PKGLU,CTV,CTV353,CTV670,30/05:02,30/05:12,30/05:48,30/05:58,0:36:00,UPG,LOP,006,28,1,1,NML,5,2025
3602.,A320,V8RBA,RBA,RBA795,RBA796,29/20:24,29/20:30,30/05:51,30/06:09,9:21:00,BWN,BWN,A06,28,1,1,NML,5,2025
3603.,A320,PKBKM,BTK,BTK7521,BTK6589,29/22:00,29/22:03,30/05:52,30/06:06,7:49:00,HLP,CGK,012,28,1,1,NML,5,2025
3604.,A320,PKSTA,SJV,SJV643,SJV640,29/16:59,29/17:04,30/06:01,30/06:11,12:56:05,AAP,AAP,024,28,0,0,NML,5,2025
3605.,B738,PKLOR,LNI,LNI749,LNI868,29/16:47,29/23:33,30/06:56,30/07:00,14:03:00,MDC,TTE,010,28,1,0,NML,5,2025
3606.,B739,PKLGL,LNI,LNI311,LNI971,30/06:04,30/06:10,30/07:12,30/07:22,1:01:36,BDJ,BTH,014,28,1,1,NML,5,2025
3607.,A320,PKLUF,BTK,BTK6406,BTK6135,29/14:24,29/14:29,30/07:05,30/07:16,16:35:41,CGK,PKN,023,28,0,0,NML,5,2025
"3608.,A320,PKSJA,SJV,SJV703,SJV612,26/17:22,29/23:00,30/08:01,30/08:13,""3 days, 14:33:00"",DPS,BPN,C06,28,0,0,NML,5,2025"
3609.,B738,PKGFI,GIA,GIA855,GIA854,29/20:14,29/20:21,30/06:55,30/07:11,10:34:00,SIN,SIN,A02,28,1,1,NML,5,2025
3610.,B738,PKGFH,GIA,GIA328,GIA305,29/20:19,29/20:23,30/06:56,30/07:08,10:33:00,CGK,CGK,005,28,1,1,NML,5,2025
3611.,B739,PKLHR,LNI,LNI919,LNI646,29/15:47,29/15:51,30/07:21,30/07:32,15:30:00,DPS,LOP,011,28,1,1,NML,5,2025
3612.,A320,PKLAY,BTK,BTK6347,BTK7510,29/15:20,29/15:25,30/07:30,30/07:43,16:05:00,BEJ,HLP,020,28,0,0,NML,5,2025
3613.,A320,PKAZU,AWQ,AWQ327P,AWQ392,30/05:12,30/05:12,30/07:24,30/07:35,2:12:00,KUL,JHB,A01,28,0,0,NML,5,2025
3614.,A320,PKGQF,CTV,CTV690,CTV460,30/07:01,30/07:08,30/07:44,30/07:55,0:36:00,DPS,AAP,005,28,1,1,NML,5,2025
3615.,B739,PKLFW,LNI,LNI929,LNI693,30/06:54,30/07:00,30/07:59,30/08:09,0:59:00,DPS,CGK,010,28,1,1,NML,5,2025
3616.,A320,PKGLY,CTV,CTV170,CTV175,30/07:09,30/07:16,30/07:54,30/08:02,0:38:00,HLP,HLP,006,28,1,1,NML,5,2025
3617.,B739,PKLFF,LNI,LNI267,LNI990,30/07:05,30/07:11,30/08:18,30/08:33,1:07:00,TRK,DPS,009,28,1,1,NML,5,2025
3618.,A333,BLBF,CPA,CPA779,CPA780,29/17:46,29/17:52,30/08:12,30/08:27,14:20:00,HKG,HKG,A08,28,1,1,NML,5,2025
3619.,B738,PKLBS,MXD,MXD352,MXD353,29/19:09,29/19:15,30/08:39,30/08:51,13:24:00,KUL,KUL,A04,28,1,1,NML,5,2025
3620.,B739,PKLHQ,LNI,LNI315,LNI222,30/07:53,30/07:59,30/08:45,30/08:53,0:46:00,BDJ,BDJ,011,28,1,1,NML,5,2025
3621.,A320,PKLAI,BTK,BTK6594,BTK6391,29/21:14,29/21:16,30/08:56,30/09:08,11:40:00,CGK,CGK,026,28,0,0,NML,5,2025
3622.,A320,PKGLR,CTV,CTV355,CTV171,30/07:45,30/07:54,30/08:51,30/09:01,0:57:00,UPG,HLP,007,28,1,1,NML,5,2025
3623.,B739,PKLHJ,LNI,LNI693,LNI856,30/06:51,30/06:56,30/09:02,30/09:12,2:06:00,KOE,PLM,024,28,0,0,NML,5,2025
3624.,B738,PKLKV,LNI,LNI837,LNI748,30/08:11,30/08:16,30/09:10,30/09:20,0:54:00,PNK,MDC,014,10,1,1,NML,5,2025
3625.,A320,PKGLU,CTV,CTV671,CTV486,30/08:24,30/08:32,30/09:10,30/09:22,0:38:00,LOP,BDJ,006,10,1,1,NML,5,2025
3626.,B738,PKGUA,GIA,GIA304,GIA342,30/08:19,30/08:28,30/09:22,30/09:38,0:54:00,CGK,DPS,004,10,1,1,NML,5,2025
3627.,A320,PKPWE,PAS,PAS200,PAS201,30/08:16,30/08:22,30/09:15,30/09:27,0:53:00,CGK,CGK,005,10,1,1,NML,5,2025
3628.,B429,P3203,POL,P3023,P3023,30/08:50,30/08:57,30/09:33,30/09:39,0:36:00,ZZZS,ZZZS,H05,10,0,0,NML,5,2025
3629.,B738,9MMXG,MAS,MAS871,MAS870,30/09:18,30/09:25,30/10:13,30/10:23,0:48:00,KUL,KUL,A07,10,1,1,NML,5,2025
3630.,B735,PKNAT,LKN,LKN243,LKN242,30/09:03,30/09:09,30/09:57,30/10:05,0:48:00,SMQ,SMQ,010,10,1,1,NML,5,2025
3631.,A359,9VSHD,SIA,SIA922,SIA923,30/08:58,30/09:01,30/10:08,30/10:21,1:07:00,SIN,SIN,A08,10,1,1,NML,5,2025
3632.,A320,PKBKQ,BTK,BTK6584,BTK6585,30/09:43,30/09:48,30/10:41,30/10:50,0:53:00,CGK,CGK,009,10,1,1,NML,5,2025
3633.,A320,PKGLT,CTV,CTV351,CTV350,30/09:29,30/09:33,30/10:16,30/10:27,0:43:00,UPG,UPG,006,10,1,1,NML,5,2025
3634.,A320,PKGQU,CTV,CTV722,CTV723,30/09:23,30/09:27,30/10:23,30/10:36,0:56:00,CGK,CGK,007,10,1,1,NML,5,2025
3635.,B739,PKLHO,LNI,LNI791,LNI706,30/09:39,30/09:45,30/10:37,30/10:43,0:52:00,UPG,UPG,15A,10,0,0,NML,5,2025
3636.,A320,PKPWM,PAS,PAS210,PAS211,30/09:35,30/09:40,30/10:25,30/10:40,0:45:00,CGK,CGK,005,10,1,1,NML,5,2025
3637.,A320,PKLUF,BTK,BTK6134,BTK6346,30/09:56,30/10:00,30/10:54,30/11:05,0:54:00,PKN,BEJ,15B,10,0,0,NML,5,2025
3638.,A320,PKBKT,BTK,BTK7513,BTK7516,30/09:46,30/09:51,30/10:43,30/10:54,0:52:00,HLP,HLP,008,10,1,1,NML,5,2025
3639.,B739,PKLHR,LNI,LNI645,LNI822,30/10:19,30/10:25,30/11:27,30/11:34,1:02:00,LOP,LOP,A01,10,1,1,NML,5,2025
3640.,B739,PKLFY,LNI,LNI694,LNI694,30/10:25,30/10:29,30/11:33,30/11:47,1:04:00,CGK,KOE,011,10,1,1,NML,5,2025
3641.,A320,PKAZX,AWQ,AWQ321,AWQ322,30/11:00,30/11:06,30/11:35,30/11:44,0:29:00,KUL,KUL,A5T,10,0,0,NML,5,2025
3642.,B738,PKGMF,GIA,GIA322,GIA327,30/10:34,30/10:36,30/11:35,30/11:49,0:59:00,CGK,CGK,004,10,1,1,NML,5,2025
3643.,B739,PKLSP,LNI,LNI805,LNI804,30/11:24,30/11:28,30/12:23,30/12:39,0:55:00,DPS,DPS,010,10,1,1,NML,5,2025
3644.,A320,PKGQF,CTV,CTV461,CTV698,30/11:14,30/11:18,30/12:08,30/12:21,0:50:00,AAP,DPS,006,10,1,1,NML,5,2025
3645.,A320,PKLUY,BTK,BTK6582,BTK6581,30/11:20,30/11:26,30/12:22,30/12:34,0:56:00,CGK,CGK,008,10,1,1,NML,5,2025
3646.,A320,PKGLG,CTV,CTV9692,CTV9693,30/11:32,30/11:38,30/12:16,30/12:26,0:38:00,DPS,DPS,007,10,1,1,NML,5,2025
3647.,A320,PKSAK,SJV,SJV611,SJV636,30/08:30,30/08:36,30/12:32,30/12:43,3:56:00,BPN,BDJ,018,10,0,0,NML,5,2025
3648.,B738,PKLHQ,LNI,LNI223,LNI680,30/11:39,30/11:43,30/12:39,30/12:50,0:56:00,BDJ,PKY,012,10,1,1,NML,5,2025
3649.,B739,PKLSI,LNI,LNI801,LNI780,30/11:42,30/11:47,30/13:44,30/13:55,1:57:00,UPG,UPG,014,10,1,1,NML,5,2025
3650.,B735,PKNAQ,LKN,LKN193,LKN192,30/11:27,30/11:31,30/12:28,30/12:41,0:57:00,PKN,PKN,009,10,1,1,NML,5,2025
3651.,A320,PKSJG,SJV,SJV703,SJV704,30/12:22,30/12:27,30/13:34,30/13:49,1:07:00,DPS,DPS,011,10,1,1,NML,5,2025
3652.,A333,ECODR,SVA,SVA4160,SVA5160,30/10:48,30/10:54,30/13:16,30/13:32,2:22:00,JED,KNO,017,10,1,1,NML,5,2025
3653.,B738,PKLOR,LNI,LNI869,LNI722,30/12:18,30/12:23,30/13:25,30/13:42,1:02:00,TTE,KDI,020,10,0,0,NML,5,2025
3654.,A320,PKAZU,AWQ,AWQ393,AWQ324,30/12:37,30/12:42,30/13:28,30/13:39,0:46:00,JHB,KUL,A5T,10,0,0,NML,5,2025
3655.,A320,PKPWF,PAS,PAS204,PAS205,30/11:58,30/12:01,30/13:16,30/13:25,1:15:00,CGK,CGK,005,10,1,1,NML,5,2025
3656.,A320,PKSTA,SJV,SJV643,SJV726,30/15:04,30/15:09,30/16:09,30/16:16,1:00:00,AAP,LBJ,010,10,1,1,NML,5,2025
3657.,A320,PKGLU,CTV,CTV487,CTV668,30/12:02,30/12:06,30/13:30,30/13:48,1:24:00,BDJ,DPS,004,10,1,1,NML,5,2025
3658.,A320,PKGQA,CTV,CTV716,CTV717,30/13:30,30/13:34,30/14:45,30/14:59,1:11:00,CGK,CGK,007,10,1,1,NML,5,2025
3659.,A320,PKGQC,CTV,CTV431,CTV948,30/13:45,30/13:48,30/14:42,30/14:51,0:54:00,BPN,BTH,006,10,1,1,NML,5,2025
3660.,B739,PKLHJ,LNI,LNI857,LNI910,30/13:02,30/13:06,30/14:18,30/14:27,1:12:00,PLM,DPS,012,10,1,1,NML,5,2025
3661.,B738,PKGFG,GIA,GIA312,GIA317,30/13:40,30/13:44,30/14:44,30/14:57,1:00:00,CGK,CGK,004,10,1,1,NML,5,2025
3662.,A320,9VJSK,JSA,JSA247,JSA248,30/14:07,30/14:13,30/14:54,30/15:03,0:41:00,SIN,SIN,A06,10,1,1,NML,5,2025
3663.,B739,PKLHR,LNI,LNI823,LNI260,30/14:20,30/14:24,30/15:29,30/15:44,1:05:00,LOP,BPN,011,10,1,1,NML,5,2025
3664.,A333,ECNOG,SVA,SVA4403,SVA5403,30/13:37,30/13:41,30/15:05,30/15:20,1:24:00,MED,KNO,015,10,1,1,NML,5,2025
3665.,B738,PKGNF,GIA,GIA330,GIA331,30/13:57,30/14:00,30/15:06,30/15:16,1:06:00,HLP,HLP,005,10,1,1,NML,5,2025
3666.,B739,PKLHO,LNI,LNI707,LNI642,30/14:15,30/14:22,30/15:34,30/15:48,1:12:00,UPG,LOP,014,10,1,1,NML,5,2025
3667.,B739,PKLSP,LNI,LNI919,LNI920,30/15:33,30/15:37,30/16:35,30/16:48,0:58:00,DPS,DPS,011,10,1,1,NML,5,2025
3668.,A320,PKGQF,CTV,CTV699,CTV434,30/14:44,30/14:49,30/15:35,30/15:51,0:46:00,DPS,BPN,008,10,1,1,NML,5,2025
3669.,A320,PKBKR,BTK,BTK7501,BTK7512,30/14:40,30/14:45,30/15:40,30/15:55,0:55:00,HLP,HLP,009,10,1,1,NML,5,2025
3670.,B738,PKLKV,LNI,LNI749,LNI836,30/15:00,30/15:03,30/15:57,30/16:11,0:54:00,MDC,PNK,012,10,1,1,NML,5,2025
3671.,B738,PKLPK,LNI,LNI839,LNI581,30/15:13,30/15:18,30/16:27,30/16:34,1:09:00,PNK,CGK,020,10,0,0,NML,5,2025
3672.,B738,HSLGR,TLM,TLM268,TLM269,30/15:07,30/15:13,30/16:28,30/16:39,1:15:00,DMK,DMK,A03,10,1,1,NML,5,2025
3673.,B738MAX,9VMBF,SIA,SIA926,SIA927,30/15:29,30/15:35,30/16:22,30/16:36,0:47:00,SIN,SIN,A07,10,1,1,NML,5,2025
3674.,B738,PKGNH,GIA,GIA310,GIA315,30/15:52,30/15:55,30/16:47,30/16:59,0:52:00,CGK,CGK,004,10,1,1,NML,5,2025
3675.,A320,PKPWL,PAS,PAS206,PAS623,30/15:45,30/15:49,30/16:35,30/16:46,0:46:00,CGK,BPN,005,10,1,1,NML,5,2025
3676.,B739,PKLGW,LNI,LNI261,LNI268,30/14:11,30/14:16,30/16:49,30/17:01,2:33:00,BPN,TRK,021,10,0,0,NML,5,2025
3677.,B739,PKLGY,LNI,LNI692,LNI692,30/15:56,30/16:01,30/16:59,30/17:10,0:58:00,CGK,KOE,014,10,1,1,NML,5,2025
3678.,A320,PKGLG,CTV,CTV669,CTV488,30/15:59,30/16:02,30/16:40,30/16:53,0:38:00,DPS,BDJ,006,10,1,1,NML,5,2025
3679.,B739,PKLFO,LNI,LNI972,LNI226,30/16:30,30/16:35,30/17:26,30/17:35,0:51:00,BTH,BDJ,012,10,1,1,NML,5,2025
3680.,B738,PKLOJ,LNI,LNI709,LNI838,30/16:08,30/16:12,30/17:20,30/17:32,1:08:00,UPG,PNK,009,10,1,1,NML,5,2025
3681.,A320,PKAZX,AWQ,AWQ323,AWQ326,30/17:14,30/17:19,30/17:50,30/17:59,0:31:00,KUL,KUL,A5T,10,0,0,NML,5,2025
3682.,A320,PKBKG,BTK,BTK6578,BTK7579,30/16:27,30/16:34,30/17:43,30/17:57,1:09:00,CGK,CGK,15A,10,0,0,NML,5,2025
3683.,A320,PKSJG,SJV,SJV723,SJV708,30/17:37,30/17:41,30/18:30,30/18:51,0:49:00,DPS,DPS,010,10,1,1,NML,5,2025
3684.,A320,PKPWN,PAS,PAS622,PAS207,30/17:18,30/17:20,30/18:14,30/18:30,0:54:00,BPN,CGK,006,10,1,1,NML,5,2025
3685.,B738,PKGUA,GIA,GIA349,GIA313,30/17:29,30/17:34,30/18:24,30/18:40,0:50:00,DPS,CGK,004,10,1,1,NML,5,2025
3686.,A333,ECODQ,SVA,SVA4227,SVA5227,30/16:14,30/16:17,30/18:27,30/18:49,2:10:00,JED,KNO,017,10,1,1,NML,5,2025
3687.,CL60,N779LG,MPU,N779LG,N779LG,30/12:32,30/12:35,30/18:19,30/18:29,5:44:00,MLG,PLM,A09,10,0,0,NML,5,2025
3688.,A320,PKSAK,SJV,SJV637,SJV716,30/15:35,30/15:48,30/18:31,30/18:43,2:43:00,BDJ,LOP,C06,10,0,0,NML,5,2025
3689.,B735,PKCLE,SJY,SJY567,SJY562,30/18:03,30/18:06,30/18:54,30/19:06,0:48:00,UPG,UPG,011,10,1,1,NML,5,2025
3690.,A320,PKBKT,BTK,BTK7503,BTK7502,30/17:43,30/17:48,30/18:40,30/18:53,0:52:00,HLP,HLP,009,10,1,1,NML,5,2025
3691.,B738,PKGNN,GIA,GIA320,GIA325,30/17:27,30/17:30,30/18:55,30/19:08,1:25:00,CGK,CGK,005,10,1,1,NML,5,2025
3692.,B738MAX,9VMBB,SIA,SIA928,SIA929,30/18:27,30/18:34,30/19:15,30/19:27,0:41:00,SIN,SIN,A07,10,1,1,NML,5,2025
3693.,A320,PKGLS,CTV,CTV949,CTV9664,30/18:24,30/18:28,30/19:08,30/19:23,0:40:00,BTH,DPS,007,10,1,1,NML,5,2025
3694.,B789,9VOJH,TGW,TGW266,TGW267,30/18:32,30/18:38,30/19:38,30/19:50,1:00:00,SIN,SIN,A06,10,1,1,NML,5,2025
3695.,B739,PKLHO,LNI,LNI865,LNI880,30/18:12,30/18:16,30/19:35,30/19:46,1:19:00,LOP,UPG,014,10,1,1,NML,5,2025
3696.,A320,PKGQP,CTV,CTV736,CTV352,30/18:41,30/18:45,30/19:48,30/20:02,1:03:00,CGK,UPG,006,10,1,1,NML,5,2025
3697.,A320,PKSJA,SJV,SJV617,SJV616,30/19:03,30/19:08,30/20:04,30/20:15,0:56:00,BPN,BPN,012,10,1,1,NML,5,2025
3698.,B738,PKGFM,GIA,GIA326,GIA319,30/18:46,30/18:49,30/19:56,30/20:07,1:06:37,CGK,CGK,004,10,1,1,NML,5,2025
3699.,A320,PKGQF,CTV,CTV435,CTV737,30/19:19,30/19:23,30/20:11,30/20:22,0:48:00,BPN,CGK,007,10,1,1,NML,5,2025
3700.,A320,PKGTD,CTV,CTV489,CTV693,30/20:10,30/20:15,30/20:41,30/20:53,0:26:00,BDJ,DPS,008,10,1,1,NML,5,2025
3701.,A320,PKLUV,BTK,BTK6137,BTK6136,30/19:38,30/19:42,30/21:47,30/21:58,2:05:00,UPG,UPG,011,10,1,1,NML,5,2025
3702.,A320,PKGQK,CTV,CTV724,CTV354,30/21:25,30/21:28,30/22:08,30/22:19,0:40:00,CGK,UPG,007,10,1,1,NML,5,2025
3703.,A333,ECNYJ,SVA,SVA4121,SVA5121,31/00:13,31/00:21,31/02:07,31/02:19,1:46:00,JED,KNO,017,28,1,1,NML,5,2025
3704.,A320,PKAZX,AWQ,AWQ327,AWQ320,30/23:38,30/23:44,31/05:04,31/05:16,5:20:00,KUL,KUL,A01,28,0,0,NML,5,2025
3705.,A320,PKLAL,BTK,BTK6594,BTK7508,30/20:36,30/20:40,31/04:58,31/05:11,8:18:00,CGK,HLP,014,28,1,1,NML,5,2025
3706.,B739,PKLFY,LNI,LNI695,LNI786,30/16:18,30/23:19,31/05:04,31/05:15,12:41:00,KOE,UPG,010,28,1,0,NML,5,2025
3707.,A320,PKGLS,CTV,CTV9665,CTV430,30/21:38,30/21:42,31/04:56,31/05:06,7:14:00,DPS,BPN,008,28,1,1,NML,5,2025
3708.,B738,PKGUD,GIA,GIA328,GIA301,30/19:59,30/20:02,31/05:04,31/05:13,9:02:00,CGK,CGK,005,28,1,1,NML,5,2025
3709.,A320,PKGQK,CTV,CTV353,CTV670,31/05:01,31/05:12,31/05:46,31/05:55,0:34:00,UPG,LOP,007,28,1,1,NML,5,2025
3710.,A320,PKGLR,CTV,CTV174,CTV725,30/15:49,30/15:52,31/05:45,31/05:52,13:53:00,HLP,CGK,003,28,0,0,NML,5,2025
3711.,A320,V8RBE,RBA,RBA795,RBA796,30/20:31,30/20:37,31/05:52,31/06:06,9:15:00,BWN,BWN,A07,28,1,1,NML,5,2025
3712.,B739,PKLHQ,LNI,LNI681,LNI266,30/15:43,30/15:51,31/05:54,31/06:05,14:03:00,PKY,BPN,018,28,0,0,NML,5,2025
3713.,A320,PKLUJ,BTK,BTK7521,BTK6589,30/20:40,30/20:44,31/05:54,31/06:03,9:10:00,HLP,CGK,012,28,1,1,NML,5,2025
3714.,A320,PKAZU,AWQ,AWQ325,AWQ386,30/19:11,30/19:16,31/06:02,31/06:15,10:46:00,KUL,PEN,A5T,28,0,0,NML,5,2025
3715.,A320,PKPWC,PAS,PAS212,PAS213,30/20:29,30/20:32,31/05:56,31/06:08,9:24:00,CGK,CGK,006,28,1,1,NML,5,2025
3716.,B738MAX,PKOFI,AFE,AFE921,AFE921,31/05:40,31/05:46,31/06:29,31/06:39,0:43:00,CGK,TIM,005,28,1,1,NML,5,2025
3717.,B733,PKMYJ,MYU,MYU935,MYU934,30/08:41,30/08:42,31/06:44,31/06:54,22:02:00,SRG,SIN,C02,28,0,0,NML,5,2025
3718.,B739,PKLFO,LNI,LNI311,LNI971,31/06:02,31/06:07,31/06:58,31/07:12,0:51:00,BDJ,BTH,014,28,1,1,NML,5,2025
3719.,A320,PKLUF,BTK,BTK6347,BTK6135,30/15:38,30/15:43,31/06:54,31/07:05,15:11:00,BEJ,PKN,C03,28,0,0,NML,5,2025
3720.,B738,PKGFI,GIA,GIA855,GIA305,30/20:59,30/23:16,31/06:55,31/07:09,9:49:00,SIN,CGK,004,28,1,1,NML,5,2025
3721.,B738,PKGMI,GIA,GIA324,GIA854,30/20:45,30/22:58,31/06:56,31/07:14,10:07:00,CGK,SIN,A02,28,1,1,NML,5,2025
3722.,A320,PKGTD,CTV,CTV690,CTV460,31/06:46,31/06:53,31/07:37,31/07:47,0:44:00,DPS,AAP,006,28,1,1,NML,5,2025
3723.,B739,PKLGY,LNI,LNI693,LNI693,31/06:42,31/06:48,31/07:40,31/07:50,0:52:00,KOE,CGK,011,28,1,1,NML,5,2025
3724.,B739,PKLHJ,LNI,LNI923,LNI982,30/16:55,30/17:00,31/09:02,31/09:14,16:02:00,DPS,PKU,020,28,0,0,NML,5,2025
3725.,A21N,B32LQ,CSN,CSN8137,CSN8138,30/21:09,30/21:15,31/07:57,31/08:08,10:42:00,CAN,CAN,A03,28,1,1,NML,5,2025
3726.,A333,BHLV,CPA,CPA779,CPA780,30/17:51,30/17:59,31/08:08,31/08:24,14:09:00,HKG,HKG,A08,28,1,1,NML,5,2025
3727.,B739,PKLHR,LNI,LNI363,LNI990,31/06:25,31/06:30,31/08:31,31/08:42,2:01:00,BPN,DPS,15B,28,0,0,NML,5,2025
"3728.,DHC6,PKICP,PGT,PKICP,PKICP,29/11:13,29/11:16,31/08:10,31/08:18,""1 day, 20:54:00"",ZZZZ,PAG,028,28,0,0,NML,5,2025"
3729.,A320,PKGQP,CTV,CTV355,CTV171,31/07:42,31/07:54,31/08:47,31/08:56,0:53:00,UPG,HLP,007,28,1,1,NML,5,2025
3730.,B738,PKLBS,MXD,MXD352,MXD353,30/20:25,30/20:32,31/09:20,31/09:31,12:48:00,KUL,KUL,A04,28,1,1,NML,5,2025
3731.,B739,PKLGW,LNI,LNI267,LNI222,31/07:06,31/07:12,31/08:50,31/08:59,1:38:00,TRK,BDJ,012,28,1,1,NML,5,2025
3732.,A320,9VJSM,JSA,JSA249,JSA250,31/08:32,31/08:35,31/09:18,31/09:38,0:43:00,SIN,SIN,A06,10,1,1,NML,5,2025
3733.,B738,PKLOJ,LNI,LNI837,LNI748,31/07:57,31/08:02,31/08:56,31/09:05,0:54:00,PNK,MDC,014,28,1,1,NML,5,2025
3734.,A320,PKGQK,CTV,CTV671,CTV486,31/08:18,31/08:25,31/09:05,31/09:15,0:40:00,LOP,BDJ,008,28,1,1,NML,5,2025
3735.,B739,PKLHQ,LNI,LNI367,LNI682,31/09:28,31/09:33,31/10:22,31/10:32,0:49:00,BPN,PKY,014,10,1,1,NML,5,2025
3736.,B738,PKGUC,GIA,GIA304,GIA342,31/08:22,31/08:29,31/09:26,31/09:48,0:57:00,CGK,DPS,004,10,1,1,NML,5,2025
3737.,A320,PKPWK,PAS,PAS200,PAS201,31/08:27,31/08:32,31/09:19,31/09:25,0:47:00,CGK,CGK,005,10,1,1,NML,5,2025
3738.,A333,PKGHC,GIA,GIA3042,GIA970,31/08:14,31/08:20,31/10:03,31/10:15,1:43:00,CGK,MED,017,10,1,1,NML,5,2025
3739.,B738MAX,9MMVJ,MAS,MAS871,MAS870,31/09:11,31/09:14,31/09:57,31/10:13,0:43:00,KUL,KUL,A07,10,1,1,NML,5,2025
3740.,A359,9VSHW,SIA,SIA922,SIA923,31/09:17,31/09:20,31/10:13,31/10:22,0:53:00,SIN,SIN,A08,10,1,1,NML,5,2025
3741.,A320,PKLUJ,BTK,BTK6584,BTK6585,31/09:52,31/09:55,31/11:04,31/11:15,1:09:00,CGK,CGK,009,10,1,1,NML,5,2025
3742.,A320,PKGQG,CTV,CTV351,CTV350,31/09:36,31/09:43,31/10:26,31/10:36,0:43:00,UPG,UPG,006,10,1,1,NML,5,2025
3743.,B739,PKLHM,LNI,LNI683,LNI262,31/08:05,31/08:10,31/10:38,31/10:46,2:28:00,PKY,BPN,011,10,1,1,NML,5,2025
3744.,B738,PKLOR,LNI,LNI727,LNI706,30/17:54,30/17:59,31/10:39,31/10:49,16:40:00,KDI,UPG,021,10,0,0,NML,5,2025
3745.,A320,9VTRP,TGW,TGW296,TGW297,31/10:13,31/10:18,31/11:06,31/11:17,0:48:00,SIN,SIN,A02,10,1,1,NML,5,2025
3746.,A320,PKPWH,PAS,PAS210,PAS211,31/09:50,31/09:53,31/10:34,31/10:43,0:41:00,CGK,CGK,005,10,1,1,NML,5,2025
3747.,B739,PKLGL,LNI,LNI970,LNI973,31/10:10,31/10:14,31/11:06,31/11:20,0:52:00,BTH,BTH,012,10,1,1,NML,5,2025
3748.,A320,PKLUF,BTK,BTK6134,BTK6346,31/09:45,31/09:50,31/10:40,31/10:54,0:50:00,PKN,BEJ,010,10,1,1,NML,5,2025
3749.,A320,PKLUU,BTK,BTK6406,BTK7516,30/15:18,30/15:22,31/11:00,31/11:10,19:38:00,CGK,HLP,024,10,0,0,NML,5,2025
3750.,B739,PKLSP,LNI,LNI929,LNI822,31/07:53,31/07:56,31/11:21,31/11:35,3:25:00,DPS,LOP,C03,10,0,0,NML,5,2025
3751.,A320,PKSAK,SJV,SJV717,SJV642,31/06:13,31/06:16,31/10:56,31/11:04,4:40:00,LOP,AAP,15A,10,0,0,NML,5,2025
3752.,B739,PKLSH,LNI,LNI694,LNI694,31/10:18,31/10:23,31/11:25,31/11:40,1:02:00,CGK,KOE,020,10,0,0,NML,5,2025
3753.,A320,PKAZX,AWQ,AWQ321,AWQ322,31/10:40,31/10:45,31/11:18,31/11:28,0:33:00,KUL,KUL,A5T,10,0,0,NML,5,2025
3754.,B738,PKGMD,GIA,GIA322,GIA327,31/10:06,31/10:09,31/11:33,31/11:45,1:24:00,CGK,CGK,004,10,1,1,NML,5,2025
3755.,B738,PKLZM,MXD,MXD350,MXD351,31/11:18,31/11:25,31/12:23,31/12:34,0:58:00,KUL,KUL,A04,10,1,1,NML,5,2025
3756.,A320,PKGTD,CTV,CTV461,CTV698,31/11:26,31/11:28,31/12:12,31/12:22,0:44:00,AAP,DPS,006,10,1,1,NML,5,2025
3757.,B739,PKLHR,LNI,LNI805,LNI804,31/11:22,31/11:25,31/12:14,31/12:27,0:49:00,DPS,DPS,010,10,1,1,NML,5,2025
3758.,A320,PKBKM,BTK,BTK6582,BTK6581,31/11:33,31/11:37,31/12:41,31/12:50,1:04:00,CGK,CGK,009,10,1,1,NML,5,2025
3759.,A320,PKGQC,CTV,CTV9692,CTV9693,31/11:37,31/11:41,31/12:17,31/12:29,0:36:00,DPS,DPS,007,10,1,1,NML,5,2025
"3760.,A320,PKSAG,SJV,SJV649,SJV636,30/07:41,30/07:45,31/12:26,31/12:38,""1 day, 4:41:00"",BPN,BDJ,022,10,0,0,NML,5,2025"
3761.,B739,PKLGW,LNI,LNI223,LNI780,31/11:53,31/11:57,31/12:50,31/13:00,0:52:38,BDJ,UPG,012,10,1,1,NML,5,2025
3762.,B738,PKLQZ,LNI,LNI879,LNI680,30/15:11,30/15:17,31/13:17,31/13:39,22:00:00,AMQ,PKY,026,10,0,0,NML,5,2025
3763.,A320,PKSAF,SJV,SJV703,SJV704,31/12:31,31/12:35,31/13:47,31/13:58,1:12:00,DPS,DPS,010,10,1,1,NML,5,2025
3764.,A320,PKBKT,BTK,BTK7513,BTK6595,31/09:58,31/10:02,31/13:20,31/13:35,3:18:00,HLP,CGK,15B,10,0,0,NML,5,2025
3765.,A320,PKAZU,AWQ,AWQ387,AWQ324,31/12:36,31/12:41,31/13:20,31/13:28,0:39:00,PEN,KUL,A5T,10,0,0,NML,5,2025
3766.,A320,PKGQK,CTV,CTV487,CTV668,31/12:06,31/12:10,31/13:23,31/13:44,1:13:00,BDJ,DPS,008,10,1,1,NML,5,2025
3767.,B735,PKNAS,LKN,LKN671,LKN670,31/10:51,31/10:55,31/13:22,31/13:40,2:27:00,TMC,TMC,011,10,1,1,NML,5,2025
3768.,A320,PKSTA,SJV,SJV725,SJV726,30/19:36,30/19:40,31/14:01,31/14:09,18:21:00,LBJ,LBJ,C06,10,0,0,NML,5,2025
3769.,A320,PKGQI,CTV,CTV716,CTV717,31/13:33,31/13:36,31/14:20,31/14:30,0:44:00,CGK,CGK,006,10,1,1,NML,5,2025
3770.,B738,PKLKV,LNI,LNI839,LNI836,31/12:55,31/12:59,31/14:02,31/14:12,1:03:00,PNK,PNK,014,10,1,1,NML,5,2025
3771.,A320,PKGLS,CTV,CTV431,CTV948,31/13:36,31/13:40,31/14:21,31/14:33,0:41:00,BPN,BTH,008,10,1,1,NML,5,2025
3772.,B739,PKLHJ,LNI,LNI983,LNI910,31/14:24,31/14:29,31/15:19,31/15:31,0:50:00,PKU,DPS,011,28,1,1,NML,5,2025
3773.,B738,PKGUH,GIA,GIA312,GIA317,31/13:30,31/13:33,31/14:31,31/14:43,0:58:00,CGK,CGK,004,10,1,1,NML,5,2025
3774.,B739,PKLHY,LNI,LNI787,LNI260,31/13:42,31/13:45,31/16:09,31/16:17,2:24:00,UPG,BPN,15A,28,0,0,NML,5,2025
3775.,A320,PKPWA,PAS,PAS208,PAS209,31/13:56,31/13:59,31/14:55,31/15:05,0:56:00,CGK,CGK,007,28,1,1,NML,5,2025
3776.,B738,PKGFQ,GIA,GIA330,GIA331,31/14:03,31/14:06,31/15:06,31/15:16,1:00:00,HLP,HLP,005,28,1,1,NML,5,2025
3777.,B739,PKLHM,LNI,LNI261,LNI642,31/14:21,31/14:25,31/15:10,31/15:18,0:45:00,BPN,LOP,014,28,1,1,NML,5,2025
3778.,A320,PKGTD,CTV,CTV699,CTV434,31/14:49,31/14:52,31/15:30,31/15:41,0:38:00,DPS,BPN,006,28,1,1,NML,5,2025
3779.,B739,PKLHR,LNI,LNI919,LNI920,31/15:17,31/15:23,31/16:21,31/16:30,0:58:00,DPS,DPS,012,28,1,1,NML,5,2025
3780.,B738,PKLOJ,LNI,LNI749,LNI581,31/15:25,31/15:30,31/16:28,31/16:38,0:58:00,MDC,CGK,010,28,1,1,NML,5,2025
3781.,A320,PKLAL,BTK,BTK7501,BTK7512,31/14:41,31/14:45,31/15:49,31/15:58,1:04:00,HLP,HLP,009,28,1,1,NML,5,2025
3782.,B738,9MMXJ,MAS,MAS873,MAS872,31/14:46,31/14:52,31/15:39,31/15:51,0:47:00,KUL,KUL,A06,28,1,1,NML,5,2025
3783.,B738,PKGUG,GIA,GIA310,GIA315,31/15:39,31/15:44,31/16:40,31/16:50,0:56:00,CGK,CGK,004,28,1,1,NML,5,2025
3784.,A320,PKSAG,SJV,SJV637,SJV648,31/15:28,31/15:34,31/17:26,31/17:35,1:52:00,BDJ,BPN,011,28,1,1,NML,5,2025
3785.,B738MAX,PKOFI,AFE,AFE920,AFE920,31/15:50,31/15:55,31/16:27,31/16:41,0:32:00,TIM,CGK,006,28,1,1,NML,5,2025
3786.,A320,PKPWC,PAS,PAS206,PAS623,31/15:47,31/15:53,31/16:29,31/16:40,0:36:00,CGK,BPN,005,28,1,1,NML,5,2025
3787.,B739,PKLJI,LNI,LNI791,LNI268,31/12:25,31/12:29,31/16:50,31/16:58,4:21:00,UPG,TRK,024,28,0,0,NML,5,2025
3788.,B739,PKLSH,LNI,LNI695,LNI692,31/16:01,31/16:07,31/17:19,31/17:27,1:12:00,KOE,KOE,014,28,1,1,NML,5,2025
3789.,A320,PKGQP,CTV,CTV174,CTV721,31/15:57,31/16:03,31/16:42,31/16:52,0:39:00,HLP,CGK,008,28,1,1,NML,5,2025
3790.,A320,PKGLV,CTV,CTV669,CTV488,31/15:54,31/16:00,31/16:47,31/16:59,0:47:00,DPS,BDJ,007,28,1,1,NML,5,2025
3791.,B739,PKLFO,LNI,LNI972,LNI226,31/17:24,31/17:31,31/18:25,31/18:37,0:54:00,BTH,BDJ,012,28,1,1,NML,5,2025
3792.,B738,PKLOR,LNI,LNI707,LNI838,31/15:33,31/15:39,31/17:40,31/17:49,2:01:00,UPG,PNK,15B,28,0,0,NML,5,2025
3793.,A320,PKAZX,AWQ,AWQ323,AWQ326,31/17:16,31/17:21,31/17:49,31/17:59,0:28:00,KUL,KUL,A5T,28,0,0,NML,5,2025
3794.,A320,PKSJG,SJV,SJV723,SJV708,31/18:14,31/18:20,31/19:18,31/19:27,0:58:00,DPS,DPS,15B,10,0,0,NML,5,2025
3795.,A320,PKPWH,PAS,PAS622,PAS207,31/17:11,31/17:20,31/18:16,31/18:25,0:56:00,BPN,CGK,006,28,1,1,NML,5,2025
3796.,B738,PKGUC,GIA,GIA349,GIA313,31/17:21,31/17:27,31/18:24,31/18:33,0:57:00,DPS,CGK,004,28,1,1,NML,5,2025
3797.,A320,PKSTA,SJV,SJV725,SJV716,31/17:28,31/17:34,31/18:30,31/18:38,0:56:00,LBJ,LOP,010,28,1,1,NML,5,2025
3798.,B735,PKCLE,SJY,SJY567,SJY562,31/17:51,31/17:57,31/18:35,31/18:45,0:38:00,UPG,UPG,011,28,1,1,NML,5,2025
3799.,A320,PKLUU,BTK,BTK7503,BTK7502,31/17:44,31/17:49,31/18:39,31/18:49,0:50:00,HLP,HLP,009,28,1,1,NML,5,2025
3800.,B733,PKMYJ,MYU,MYU935,MYU815,31/14:34,31/14:38,31/15:17,31/15:26,0:39:00,SRG,CGK,C02,28,0,0,NML,5,2025
3801.,B738,PKGMX,GIA,GIA320,GIA325,31/17:40,31/17:49,31/18:58,31/19:07,1:09:00,CGK,CGK,005,28,1,1,NML,5,2025
3802.,A320,PKGQS,CTV,CTV172,CTV173,31/18:10,31/18:18,31/19:00,31/19:10,0:42:00,HLP,HLP,007,28,1,1,NML,5,2025
3803.,B738MAX,9VMBM,SIA,SIA928,SIA929,31/18:29,31/18:32,31/19:31,31/19:39,0:59:00,SIN,SIN,A07,10,1,1,NML,5,2025
3804.,B738,PKLDJ,BTK,BTK6576,BTK6575,31/19:12,31/19:18,31/20:21,31/20:33,1:03:00,CGK,CGK,009,10,1,1,NML,5,2025
3805.,A320,PKGLR,CTV,CTV949,CTV9664,31/18:34,31/18:40,31/19:19,31/19:31,0:39:00,BTH,DPS,008,10,1,1,NML,5,2025
3806.,B739,PKLHM,LNI,LNI865,LNI880,31/17:48,31/17:52,31/19:47,31/20:00,1:55:00,LOP,UPG,014,10,1,1,NML,5,2025
3807.,B738,PKGNQ,GIA,GIA326,GIA319,31/18:58,31/19:06,31/19:57,31/20:12,0:51:00,CGK,CGK,005,10,1,1,NML,5,2025
3808.,A320,PKGTD,CTV,CTV435,CTV737,31/19:08,31/19:16,31/20:02,31/20:17,0:46:00,BPN,CGK,007,10,1,1,NML,5,2025
3809.,A320,PKGQO,CTV,CTV724,CTV354,31/19:40,31/19:43,31/20:40,31/20:47,0:57:00,CGK,UPG,008,10,1,1,NML,5,2025
3810.,A320,PKGQI,CTV,CTV489,CTV693,31/20:14,31/20:19,31/20:51,31/21:03,0:32:04,BDJ,DPS,011,10,1,1,NML,5,2025
3811.,A320,PKGLG,CTV,CTV736,CTV352,31/19:53,31/19:56,31/20:50,31/21:05,0:54:42,CGK,UPG,006,10,1,1,NML,5,2025
3812.,A320,PKGQP,CTV,CTV720,CTV9695,31/20:10,31/20:14,31/20:59,31/21:14,0:45:17,CGK,DPS,007,10,1,1,NML,5,2025
3813.,A320,PKLAF,BTK,BTK6137,BTK6136,31/19:36,31/19:42,31/21:49,31/21:59,2:07:00,UPG,UPG,010,10,1,1,NML,5,2025
3814.,B739,PKLSW,LNI,LNI885,LNI878,31/19:15,31/19:20,01/05:08,01/05:18,9:48:00,UPG,AMQ,17B,28,0,0,NML,5,2025
3815.,A320,PKAZU,AWQ,AWQ325,AWQ320,31/19:18,31/19:23,01/05:00,01/05:14,9:37:00,KUL,KUL,A01,28,0,0,NML,5,2025
3816.,B739,PKLHJ,LNI,LNI923,LNI786,31/18:06,31/22:39,01/05:01,01/05:11,10:50:00,DPS,UPG,011,28,1,0,NML,5,2025
3817.,B738,PKGUA,GIA,GIA324,GIA301,31/20:52,31/20:56,01/05:07,01/05:16,8:11:00,CGK,CGK,006,28,1,1,NML,5,2025
3818.,A320,PKGLR,CTV,CTV9665,CTV430,31/21:40,31/21:42,01/04:58,01/05:08,7:16:00,DPS,BPN,008,28,1,1,NML,5,2025
"3819.,A320,PKSGC,SJV,SJV717,SJV610,30/06:00,31/22:37,01/06:01,01/06:14,""1 day, 23:55:00"",LOP,BPN,010,28,1,1,NML,5,2025"
3820.,A320,PKGQI,CTV,CTV9694,CTV725,31/23:19,31/23:23,01/05:42,01/05:51,6:19:00,DPS,CGK,007,28,1,1,NML,5,2025
3821.,B738,PKBGF,BTK,BTK6594,BTK6589,31/21:10,31/21:14,01/05:57,01/06:10,8:43:00,CGK,CGK,012,28,1,1,NML,5,2025
3822.,B738,PKLQZ,LNI,LNI681,LNI868,31/16:32,31/16:38,01/06:04,01/06:18,13:26:30,PKY,TTE,15A,28,0,0,NML,5,2025
3823.,B739,PKLHH,LNI,LNI692,LNI971,31/16:07,31/16:13,01/06:06,01/06:20,13:53:00,CGK,BTH,020,28,0,0,NML,5,2025
3824.,A320,PKSAG,SJV,SJV613,SJV640,31/20:59,31/21:04,01/05:50,01/06:01,8:46:00,BPN,AAP,014,28,1,1,NML,5,2025
3825.,A320,PKPWG,PAS,PAS212,PAS213,31/20:34,31/20:37,01/06:06,01/06:16,9:29:00,CGK,CGK,005,28,1,1,NML,5,2025
3826.,B739,PKLSP,LNI,LNI823,LNI646,31/16:56,31/17:02,01/07:01,01/07:18,13:59:00,LOP,LOP,018,28,0,0,NML,5,2025
3827.,A320,PKLUF,BTK,BTK6347,BTK6135,31/15:21,31/15:27,01/06:56,01/07:09,15:29:00,BEJ,PKN,021,28,0,0,NML,5,2025
3828.,B738,PKGFM,GIA,GIA328,GIA854,31/19:57,31/22:22,01/06:53,01/07:05,10:52:00,CGK,SIN,A02,28,1,1,NML,5,2025
3829.,B738,PKGMI,GIA,GIA855,GIA305,31/20:24,31/22:35,01/06:56,01/07:15,10:23:00,SIN,CGK,004,28,1,1,NML,5,2025
3830.,A320,PKLUK,BTK,BTK7521,BTK7510,31/20:31,31/20:36,01/07:31,01/07:39,10:55:00,HLP,HLP,009,28,1,1,NML,5,2025
3831.,A320,PKAZX,AWQ,AWQ327,AWQ392,31/23:24,31/23:30,01/07:21,01/07:33,7:51:00,KUL,JHB,A5T,28,0,0,NML,5,2025
3832.,A320,PKLAM,BTK,BTK6406,BTK6391,31/14:37,31/14:40,01/07:46,01/07:56,17:06:00,CGK,CGK,022,28,0,0,NML,5,2025
3833.,C501,VHCCJ,OPT,VHCCJ,VHCCJ,31/15:18,31/15:23,01/07:42,01/07:46,16:19:00,DRW,BTJ,030,28,0,0,NML,5,2025
3834.,A333,BLBK,CPA,CPA779,CPA780,31/18:02,31/18:05,01/08:13,01/08:27,14:08:00,HKG,HKG,A08,28,1,1,NML,5,2025
3835.,B738,PKLBS,MXD,MXD352,MXD353,31/19:45,31/19:52,01/08:53,01/09:01,13:01:00,KUL,KUL,A04,10,1,1,NML,5,2025
3836.,A320,HZA15,ALP,HZA15,HZA15,31/15:22,31/16:25,01/08:56,01/09:12,16:31:00,MAA,SOC,A06,10,1,1,NML,5,2025
3837.,A320,PKSAK,SJV,SJV643,SJV726,31/15:11,31/15:17,01/14:11,01/14:20,22:54:00,AAP,LBJ,026,10,0,0,NML,5,2025
"3838.,GL7T,VPCTC,RJP,VPCTC,VPCTC,30/14:54,30/14:58,01/15:19,01/15:32,""2 days, 0:21:00"",HLP,HLP,001,10,0,0,NML,5,2025"
"3839.,A320,PKLUT,BTK,BTK7513,BTK6010,28/10:15,28/10:21,02/07:20,02/07:32,""4 days, 20:59:00"",HLP,CGK,025,28,0,0,NML,5,2025"
"3840.,DHC6,PKICP,PGT,PKICP,PKICP,31/11:23,31/11:27,03/08:07,03/08:15,""2 days, 20:40:00"",PAG,PAG,028,28,0,0,NML,5,2025"
