no,act_type,reg_no,opr,flight_number_origin,flight_number_dest,ata,block_on,block_off,atd,ground_time,org,des,ps,runway,avio_a,avio_d,f_stat,bulan,tahun
1.,A320,PKAZU,AWQ,AWQ325,AWQ320,31/19:18,31/19:23,01/05:00,01/05:14,9:37:00,KUL,KUL,A01,28,0,0,NML,6,2025
2.,B739,PKLSW,LNI,LNI885,LNI878,31/19:15,31/19:20,01/05:08,01/05:18,9:48:00,UPG,AMQ,17B,28,0,0,NML,6,2025
3.,B739,PKLHJ,LNI,LNI923,LNI786,31/18:06,31/22:39,01/05:01,01/05:11,10:50:00,DPS,UPG,011,28,1,0,NML,6,2025
4.,A320,PKGLR,CTV,CTV9665,CTV430,31/21:40,31/21:42,01/04:58,01/05:08,7:16:00,DPS,BPN,008,28,1,1,NML,6,2025
5.,B738,PKGUA,GIA,GIA324,GIA301,31/20:52,31/20:56,01/05:07,01/05:16,8:11:00,CGK,CGK,006,28,1,1,NML,6,2025
6.,A320,PKGQI,CTV,CTV9694,CTV725,31/23:19,31/23:23,01/05:42,01/05:51,6:19:00,DPS,CGK,007,28,1,1,NML,6,2025
7.,B739,PKLSI,LNI,LNI690,LNI690,01/05:02,01/05:09,01/05:50,01/06:00,0:41:28,CGK,KOE,011,28,1,1,NML,6,2025
"8.,A320,PKSGC,SJV,SJV717,SJV610,30/06:00,31/22:37,01/06:01,01/06:14,""1 day, 23:55:00"",LOP,BPN,010,28,1,1,NML,6,2025"
9.,B738,PKBGF,BTK,BTK6594,BTK6589,31/21:10,31/21:14,01/05:57,01/06:10,8:43:00,CGK,CGK,012,28,1,1,NML,6,2025
10.,B738,PKLQZ,LNI,LNI681,LNI868,31/16:32,31/16:38,01/06:04,01/06:18,13:26:30,PKY,TTE,15A,28,0,0,NML,6,2025
11.,A320,PKGQK,CTV,CTV353,CTV9670,01/05:05,01/05:13,01/05:46,01/05:54,0:33:00,UPG,LOP,008,28,1,1,NML,6,2025
12.,A320,PKSAG,SJV,SJV613,SJV640,31/20:59,31/21:04,01/05:50,01/06:01,8:46:00,BPN,AAP,014,28,1,1,NML,6,2025
13.,B739,PKLHH,LNI,LNI692,LNI971,31/16:07,31/16:13,01/06:06,01/06:20,13:53:00,CGK,BTH,020,28,0,0,NML,6,2025
14.,A320,PKPWG,PAS,PAS212,PAS213,31/20:34,31/20:37,01/06:06,01/06:16,9:29:00,CGK,CGK,005,28,1,1,NML,6,2025
15.,A320,PKSAV,SJV,SJV717,SJV566,01/06:07,01/06:14,01/07:00,01/07:16,0:46:00,LOP,PLW,010,28,1,1,NML,6,2025
16.,B739,PKLSP,LNI,LNI823,LNI646,31/16:56,31/17:02,01/07:01,01/07:18,13:59:00,LOP,LOP,018,28,0,0,NML,6,2025
17.,A320,PKLUF,BTK,BTK6347,BTK6135,31/15:21,31/15:27,01/06:56,01/07:09,15:29:00,BEJ,PKN,021,28,0,0,NML,6,2025
18.,B738,PKGMI,GIA,GIA855,GIA305,31/20:24,31/22:35,01/06:56,01/07:15,10:23:00,SIN,CGK,004,28,1,1,NML,6,2025
19.,B738,PKGFM,GIA,GIA328,GIA854,31/19:57,31/22:22,01/06:53,01/07:05,10:52:00,CGK,SIN,A02,28,1,1,NML,6,2025
20.,A320,PKLUK,BTK,BTK7521,BTK7510,31/20:31,31/20:36,01/07:31,01/07:39,10:55:00,HLP,HLP,009,28,1,1,NML,6,2025
21.,A320,PKAZX,AWQ,AWQ327,AWQ392,31/23:24,31/23:30,01/07:21,01/07:33,7:51:00,KUL,JHB,A5T,28,0,0,NML,6,2025
22.,A320,PKGQP,CTV,CTV690,CTV460,01/06:58,01/07:08,01/07:43,01/07:54,0:35:00,DPS,AAP,006,28,1,1,NML,6,2025
23.,A320,PKLAM,BTK,BTK6406,BTK6391,31/14:37,31/14:40,01/07:46,01/07:56,17:06:00,CGK,CGK,022,28,0,0,NML,6,2025
24.,B739,PKLSH,LNI,LNI693,LNI693,01/06:48,01/06:53,01/07:48,01/07:59,0:55:00,KOE,CGK,011,28,1,1,NML,6,2025
25.,C501,VHCCJ,OPT,VHCCJ,VHCCJ,31/15:18,31/15:23,01/07:42,01/07:46,16:19:00,DRW,BTJ,030,28,0,0,NML,6,2025
26.,A320,PKGLY,CTV,CTV170,CTV175,01/07:13,01/07:19,01/07:57,01/08:12,0:38:00,HLP,HLP,007,10,1,1,NML,6,2025
27.,A333,BLBK,CPA,CPA779,CPA780,31/18:02,31/18:05,01/08:13,01/08:27,14:08:00,HKG,HKG,A08,28,1,1,NML,6,2025
28.,B739,PKLJI,LNI,LNI267,LNI990,01/07:07,01/07:13,01/08:31,01/08:39,1:18:00,TRK,DPS,008,10,1,1,NML,6,2025
29.,B738,PKLBS,MXD,MXD352,MXD353,31/19:45,31/19:52,01/08:53,01/09:01,13:01:00,KUL,KUL,A04,10,1,1,NML,6,2025
30.,B738,PKLOJ,LNI,LNI311,LNI222,01/06:11,01/06:16,01/08:47,01/08:55,2:31:00,BDJ,BDJ,15B,10,0,0,NML,6,2025
31.,B739,PKLHO,LNI,LNI929,LNI856,01/07:03,01/07:08,01/08:53,01/09:06,1:45:00,DPS,PLM,014,10,1,1,NML,6,2025
32.,A320,PKSJD,SJV,SJV649,SJV618,01/07:52,01/07:57,01/08:54,01/09:11,0:57:00,BPN,BPN,010,10,1,1,NML,6,2025
33.,A320,HZA15,ALP,HZA15,HZA15,31/15:22,31/16:25,01/08:56,01/09:12,16:31:00,MAA,SOC,A06,10,1,1,NML,6,2025
34.,B738,PKLOR,LNI,LNI837,LNI748,01/08:20,01/08:24,01/09:09,01/09:20,0:45:00,PNK,MDC,15A,10,0,0,NML,6,2025
35.,B739,PKLHQ,LNI,LNI683,LNI682,01/08:16,01/08:20,01/09:03,01/09:16,0:43:00,PKY,PKY,011,10,1,1,NML,6,2025
36.,B738,PKGUF,GIA,GIA304,GIA342,01/08:10,01/08:13,01/09:17,01/09:29,1:04:00,CGK,DPS,004,10,1,1,NML,6,2025
37.,A320,PKPWE,PAS,PAS200,PAS201,01/08:02,01/08:09,01/09:13,01/09:24,1:04:00,CGK,CGK,005,10,1,1,NML,6,2025
38.,A320,PKGQK,CTV,CTV9671,CTV486,01/08:24,01/08:27,01/09:20,01/09:33,0:53:00,LOP,BDJ,006,10,1,1,NML,6,2025
39.,B738,9MMXF,MAS,MAS871,MAS870,01/09:04,01/09:10,01/09:57,01/10:07,0:47:00,KUL,KUL,A07,10,1,1,NML,6,2025
40.,B735,PKNAT,LKN,LKN243,LKN242,01/09:21,01/09:24,01/10:00,01/10:12,0:36:00,SMQ,SMQ,010,10,1,1,NML,6,2025
41.,A359,9VSHC,SIA,SIA922,SIA923,01/09:09,01/09:15,01/10:13,01/10:29,0:58:00,SIN,SIN,A08,10,1,1,NML,6,2025
42.,A320,PKLUW,BTK,BTK6584,BTK6585,01/09:14,01/09:20,01/10:17,01/10:33,0:57:00,CGK,CGK,008,10,1,1,NML,6,2025
43.,A320,PKGQF,CTV,CTV351,CTV350,01/09:17,01/09:21,01/10:09,01/10:21,0:48:00,UPG,UPG,007,10,1,1,NML,6,2025
44.,A320,PKGTA,CTV,CTV722,CTV723,01/09:35,01/09:38,01/10:21,01/10:38,0:43:00,CGK,CGK,006,10,1,1,NML,6,2025
45.,A20N,9VTNG,TGW,TGW296,TGW297,01/10:31,01/10:37,01/11:27,01/11:40,0:50:00,SIN,SIN,A02,10,1,1,NML,6,2025
46.,B739,PKLHJ,LNI,LNI791,LNI706,01/09:55,01/10:00,01/10:51,01/11:01,0:51:00,UPG,UPG,011,10,1,1,NML,6,2025
47.,B739,PKLFY,LNI,LNI367,LNI973,01/09:26,01/09:31,01/10:46,01/10:56,1:15:00,BPN,BTH,012,10,1,1,NML,6,2025
48.,A320,PKPWG,PAS,PAS210,PAS211,01/09:30,01/09:33,01/10:32,01/10:43,0:59:00,CGK,CGK,005,10,1,1,NML,6,2025
49.,A320,PKLUF,BTK,BTK6134,BTK7516,01/09:39,01/09:44,01/11:58,01/12:07,2:14:00,PKN,HLP,009,10,1,1,NML,6,2025
50.,A320,PKLUG,BTK,BTK7513,BTK6346,01/11:04,01/11:08,01/12:05,01/12:17,0:57:00,HLP,BEJ,011,10,1,1,NML,6,2025
51.,B739,PKLQT,LNI,LNI694,LNI694,01/10:15,01/10:19,01/11:39,01/11:54,1:20:00,CGK,KOE,010,10,1,1,NML,6,2025
52.,B738,PKLJQ,LNI,LNI970,LNI697,01/09:52,01/09:56,01/11:19,01/11:29,1:23:00,BTH,CGK,014,10,1,1,NML,6,2025
53.,B739,PKLSP,LNI,LNI645,LNI822,01/10:05,01/10:09,01/11:13,01/11:22,1:04:00,LOP,LOP,15A,10,0,0,NML,6,2025
54.,A320,PKAZU,AWQ,AWQ321,AWQ322,01/11:14,01/11:20,01/11:56,01/12:04,0:36:00,KUL,KUL,A5T,10,0,0,NML,6,2025
55.,B738,PKGMY,GIA,GIA322,GIA327,01/11:37,01/11:41,01/12:36,01/12:47,0:55:00,CGK,CGK,004,10,1,1,NML,6,2025
56.,A320,PKLUK,BTK,BTK7517,BTK7520,01/10:36,01/10:40,01/11:24,01/11:36,0:44:00,HLP,HLP,008,10,1,1,NML,6,2025
57.,B738,PKLBK,MXD,MXD350,MXD351,01/10:47,01/10:52,01/11:32,01/11:44,0:40:00,KUL,KUL,A03,10,1,1,NML,6,2025
58.,A320,PKGQP,CTV,CTV461,CTV698,01/11:25,01/11:28,01/12:05,01/12:21,0:37:00,AAP,DPS,006,10,1,1,NML,6,2025
59.,B739,PKLSI,LNI,LNI697,LNI804,01/10:26,01/10:31,01/12:19,01/12:29,1:48:00,KOE,DPS,15B,10,0,0,NML,6,2025
60.,A320,PKBLC,BTK,BTK6582,BTK6581,01/11:55,01/12:00,01/13:17,01/13:37,1:17:24,CGK,CGK,15A,10,0,0,NML,6,2025
61.,A320,PKGLS,CTV,CTV9693,CTV9692,01/11:33,01/11:36,01/12:15,01/12:26,0:39:00,DPS,DPS,007,10,1,1,NML,6,2025
62.,B739,PKLOJ,LNI,LNI223,LNI680,01/11:46,01/11:49,01/12:38,01/12:53,0:49:00,BDJ,PKY,014,10,1,1,NML,6,2025
63.,A320,PKSAV,SJV,SJV567,SJV636,01/11:41,01/11:45,01/12:47,01/13:00,1:02:00,PLW,BDJ,010,10,1,1,NML,6,2025
64.,B739,PKLJI,LNI,LNI805,LNI780,01/11:20,01/11:24,01/13:16,01/13:33,1:52:49,DPS,UPG,012,10,1,1,NML,6,2025
65.,B735,PKNAQ,LKN,LKN193,LKN192,01/12:14,01/12:18,01/12:45,01/12:58,0:27:00,PKN,PKN,011,10,1,1,NML,6,2025
66.,A320,PKSJG,SJV,SJV705,SJV704,01/12:33,01/12:36,01/13:34,01/13:48,0:58:00,DPS,DPS,15B,10,0,0,NML,6,2025
67.,A320,PKBLD,BTK,BTK6596,BTK6595,01/12:50,01/12:54,01/13:40,01/13:54,0:46:32,CGK,CGK,014,10,1,1,NML,6,2025
68.,A320,PKAZX,AWQ,AWQ393,AWQ324,01/12:18,01/12:25,01/13:15,01/13:29,0:50:50,JHB,KUL,A5T,10,0,0,NML,6,2025
69.,B738,PKLQZ,LNI,LNI869,LNI722,01/12:24,01/12:27,01/13:59,01/14:12,1:32:51,TTE,KDI,009,10,1,1,NML,6,2025
70.,A320,PKPWH,PAS,PAS204,PAS205,01/11:51,01/11:54,01/13:15,01/13:31,1:21:29,CGK,CGK,005,10,1,1,NML,6,2025
71.,A320,PKGQK,CTV,CTV487,CTV668,01/12:10,01/12:13,01/13:32,01/13:44,1:19:00,BDJ,DPS,008,10,1,1,NML,6,2025
72.,A320,PKGQG,CTV,CTV716,CTV717,01/13:34,01/13:37,01/14:10,01/14:25,0:33:53,CGK,CGK,006,10,1,1,NML,6,2025
73.,B738,PKLKV,LNI,LNI839,LNI836,01/13:48,01/13:52,01/14:45,01/14:54,0:53:23,PNK,PNK,012,10,1,1,NML,6,2025
74.,A320,PKSAK,SJV,SJV643,SJV726,31/15:11,31/15:17,01/14:11,01/14:20,22:54:00,AAP,LBJ,026,10,0,0,NML,6,2025
75.,A320,PKGLR,CTV,CTV431,CTV948,01/13:45,01/13:48,01/14:31,01/14:46,0:43:00,BPN,BTH,007,10,1,1,NML,6,2025
76.,B739,PKLHO,LNI,LNI857,LNI910,01/13:38,01/13:41,01/14:39,01/14:50,0:58:00,PLM,DPS,011,10,1,1,NML,6,2025
77.,B738,PKGUI,GIA,GIA312,GIA317,01/13:41,01/13:45,01/14:44,01/14:59,0:59:53,CGK,CGK,004,10,1,1,NML,6,2025
78.,A320,9VJSO,JSA,JSA247,JSA248,01/13:58,01/14:03,01/14:48,01/14:57,0:45:09,SIN,SIN,A06,10,1,1,NML,6,2025
79.,B739,PKLSP,LNI,LNI823,LNI260,01/14:09,01/14:14,01/15:13,01/15:31,0:59:00,LOP,BPN,014,10,1,1,NML,6,2025
80.,A320,PKLUU,BTK,BTK7515,BTK7514,01/13:51,01/13:55,01/14:54,01/15:03,0:59:00,HLP,HLP,010,10,1,1,NML,6,2025
81.,A320,PKPWK,PAS,PAS208,PAS209,01/13:55,01/13:57,01/14:55,01/15:06,0:58:58,CGK,CGK,005,10,1,1,NML,6,2025
82.,B738,PKGFR,GIA,GIA330,GIA331,01/14:17,01/14:21,01/15:12,01/15:26,0:51:00,HLP,HLP,006,10,1,1,NML,6,2025
83.,B739,PKLSI,LNI,LNI919,LNI642,01/16:00,01/16:04,01/16:54,01/17:02,0:50:00,DPS,LOP,015,28,1,1,NML,6,2025
84.,A320,PKGQP,CTV,CTV699,CTV434,01/15:28,01/15:31,01/16:14,01/16:24,0:43:32,DPS,BPN,006,28,1,1,NML,6,2025
"85.,GL7T,VPCTC,RJP,VPCTC,VPCTC,30/14:54,30/14:58,01/15:19,01/15:32,""2 days, 0:21:00"",HLP,HLP,001,10,0,0,NML,6,2025"
86.,A320,PKLUK,BTK,BTK7501,BTK7512,01/14:48,01/14:52,01/15:37,01/15:45,0:45:14,HLP,HLP,008,10,1,1,NML,6,2025
87.,A320,PKLAI,BTK,BTK6406,BTK6220,01/15:24,01/15:30,01/16:15,01/16:28,0:45:34,CGK,BPN,010,28,1,1,NML,6,2025
88.,B738,PKLOR,LNI,LNI749,LNI581,01/14:51,01/14:55,01/15:52,01/16:04,0:57:00,MDC,CGK,009,10,1,1,NML,6,2025
89.,B738MAX,9MMVG,MAS,MAS873,MAS872,01/14:44,01/14:50,01/15:48,01/15:58,0:58:00,KUL,KUL,A07,10,1,1,NML,6,2025
90.,A320,PKSAG,SJV,SJV643,SJV672,01/15:09,01/15:13,01/16:28,01/16:37,1:15:39,AAP,BEJ,011,28,1,1,NML,6,2025
91.,A320,PKLUG,BTK,BTK6347,BTK6401,01/16:34,01/16:42,01/17:28,01/17:42,0:46:03,BEJ,CGK,009,28,1,1,NML,6,2025
92.,B739,PKLHS,LNI,LNI787,LNI316,01/13:02,01/13:07,01/16:35,01/16:50,3:28:23,UPG,BDJ,020,28,0,0,NML,6,2025
93.,A320,PKSAV,SJV,SJV637,SJV648,01/15:48,01/15:54,01/17:02,01/17:12,1:08:00,BDJ,BPN,012,28,1,1,NML,6,2025
94.,B738,PKGNN,GIA,GIA310,GIA315,01/16:12,01/16:18,01/17:13,01/17:20,0:55:00,CGK,CGK,004,28,1,1,NML,6,2025
95.,A320,PKSGC,SJV,SJV715,SJV714,01/16:26,01/16:32,01/17:21,01/17:37,0:49:50,LOP,LOP,022,28,0,0,NML,6,2025
96.,A320,PKGLG,CTV,CTV495,CTV721,01/15:36,01/15:40,01/16:36,01/16:45,0:56:15,BDJ,CGK,007,28,1,1,NML,6,2025
97.,A320,PKGLS,CTV,CTV669,CTV488,01/16:02,01/16:08,01/16:45,01/16:55,0:37:00,DPS,BDJ,008,28,1,1,NML,6,2025
98.,A320,PKPWA,PAS,PAS206,PAS623,01/16:09,01/16:16,01/16:56,01/17:05,0:40:00,CGK,BPN,005,28,1,1,NML,6,2025
99.,B739,PKLQT,LNI,LNI695,LNI268,01/16:22,01/16:28,01/17:19,01/17:28,0:51:22,KOE,TRK,010,28,1,1,NML,6,2025
100.,B739,PKLGW,LNI,LNI692,LNI692,01/16:07,01/16:13,01/17:09,01/17:18,0:56:00,CGK,KOE,014,28,1,1,NML,6,2025
101.,B739,PKLHJ,LNI,LNI707,LNI226,01/14:23,01/14:27,01/17:20,01/17:30,2:52:27,UPG,BDJ,018,28,0,0,NML,6,2025
102.,A320,PKBLD,BTK,BTK6578,BTK7579,01/17:16,01/17:22,01/18:03,01/18:11,0:41:34,CGK,CGK,008,28,1,1,NML,6,2025
103.,B738,PKLOJ,LNI,LNI681,LNI838,01/15:40,01/15:45,01/17:40,01/17:47,1:55:00,PKY,PNK,021,28,0,0,NML,6,2025
104.,A320,PKAZU,AWQ,AWQ323,AWQ326,01/18:04,01/18:07,01/18:42,01/18:56,0:35:20,KUL,KUL,A5T,28,0,0,NML,6,2025
105.,A320,PKSJG,SJV,SJV703,SJV708,01/17:48,01/17:53,01/18:44,01/18:54,0:51:00,DPS,DPS,010,28,1,1,NML,6,2025
106.,A320,PKPWG,PAS,PAS622,PAS207,01/17:12,01/17:19,01/18:18,01/18:25,0:59:29,BPN,CGK,006,28,1,1,NML,6,2025
107.,B738,PKGUF,GIA,GIA349,GIA313,01/17:33,01/17:38,01/18:34,01/18:42,0:56:00,DPS,CGK,005,28,1,1,NML,6,2025
108.,B739,PKLHO,LNI,LNI923,LNI800,01/18:01,01/18:07,01/18:55,01/19:05,0:48:00,DPS,UPG,014,28,1,1,NML,6,2025
109.,A320,PKSAK,SJV,SJV725,SJV716,01/17:35,01/17:41,01/18:24,01/18:34,0:43:00,LBJ,LOP,011,28,1,1,NML,6,2025
110.,A320,PKLUR,BTK,BTK7503,BTK7502,01/17:56,01/18:02,01/18:50,01/18:59,0:48:15,HLP,HLP,009,28,1,1,NML,6,2025
111.,B738,PKGUH,GIA,GIA320,GIA325,01/17:40,01/17:46,01/18:56,01/19:08,1:10:33,CGK,CGK,004,28,1,1,NML,6,2025
112.,A320,PKGQS,CTV,CTV172,CTV173,01/18:27,01/18:34,01/19:07,01/19:16,0:33:00,HLP,HLP,007,28,1,1,NML,6,2025
113.,B738MAX,9VMBA,SIA,SIA928,SIA929,01/18:08,01/18:12,01/19:05,01/19:27,0:53:39,SIN,SIN,A07,28,1,1,NML,6,2025
114.,A320,PKGTD,CTV,CTV949,CTV494,01/18:46,01/18:54,01/19:29,01/19:45,0:35:40,BTH,BDJ,008,28,1,1,NML,6,2025
115.,B735,PKCLE,SJY,SJY567,SJY562,01/18:49,01/18:54,01/19:39,01/19:50,0:45:17,UPG,UPG,012,28,1,1,NML,6,2025
116.,B788,9VOFG,TGW,TGW266,TGW267,01/18:43,01/18:48,01/19:46,01/20:02,0:58:56,SIN,SIN,A06,28,1,1,NML,6,2025
117.,B738,PKLDJ,BTK,BTK6576,BTK6575,01/21:43,01/21:50,01/22:35,01/22:43,0:45:00,CGK,CGK,008,28,1,1,NML,6,2025
118.,A320,PKLUK,BTK,BTK7519,BTK7518,01/19:17,01/19:23,01/20:09,01/20:17,0:46:00,HLP,HLP,011,28,1,1,NML,6,2025
119.,A320,PKGLX,CTV,CTV489,CTV693,01/19:43,01/19:50,01/20:17,01/20:26,0:27:00,BDJ,DPS,007,28,1,1,NML,6,2025
120.,A320,PKPWK,PAS,PAS202,PAS203,01/18:57,01/19:03,01/19:49,01/19:57,0:46:48,CGK,CGK,006,28,1,1,NML,6,2025
121.,A320,PKGQO,CTV,CTV736,CTV9694,01/19:02,01/19:08,01/19:54,01/20:04,0:46:21,CGK,DPS,009,28,1,1,NML,6,2025
122.,A320,PKGQP,CTV,CTV435,CTV737,01/19:46,01/19:52,01/20:29,01/20:36,0:37:00,BPN,CGK,008,28,1,1,NML,6,2025
123.,B738,PKGUI,GIA,GIA326,GIA319,01/19:10,01/19:16,01/20:13,01/20:24,0:57:00,CGK,CGK,004,28,1,1,NML,6,2025
124.,B738,PKBGF,BTK,BTK6586,BTK6587,01/22:20,01/22:27,01/23:09,01/23:18,0:42:00,CGK,CGK,010,28,1,1,NML,6,2025
125.,A320,PKGQE,CTV,CTV724,CTV354,01/21:31,01/21:38,01/22:14,01/22:23,0:36:00,CGK,UPG,007,28,1,1,NML,6,2025
126.,A320,PKLAF,BTK,BTK6137,BTK6136,01/20:12,01/20:21,01/22:22,01/22:37,2:01:00,UPG,UPG,009,28,1,1,NML,6,2025
127.,G100,N24ZD,AR7,AIR7LLC,AIR7LLC,01/21:50,01/21:56,01/22:47,01/22:56,0:51:00,XSP,XSP,C01,28,0,0,NML,6,2025
128.,A320,PKGLX,CTV,CTV9696,CTV9697,01/22:41,01/22:47,01/23:13,01/23:21,0:26:00,DPS,DPS,009,28,1,1,NML,6,2025
129.,B738,PKLJS,LNI,LNI885,LNI878,01/19:35,01/19:41,02/04:59,02/05:08,9:18:00,UPG,AMQ,014,28,1,1,NML,6,2025
130.,A320,PKAZX,AWQ,AWQ325,AWQ320,01/19:14,01/19:18,02/05:04,02/05:20,9:46:00,KUL,KUL,A01,28,0,0,NML,6,2025
131.,A320,PKLAI,BTK,BTK6221,BTK7508,01/19:53,01/19:58,02/05:01,02/05:14,9:02:45,BPN,HLP,018,28,0,0,NML,6,2025
132.,B733F,PKMYV,MYU,MYU935,MYU815,01/12:56,01/12:59,02/05:02,02/05:11,16:03:00,SRG,CGK,C02,28,0,0,NML,6,2025
133.,A320,PKGQO,CTV,CTV9695,CTV430,01/22:28,01/22:34,02/04:59,02/05:10,6:25:00,DPS,BPN,007,28,1,1,NML,6,2025
134.,B739,PKLGL,LNI,LNI972,LNI786,01/16:47,01/16:52,02/05:09,02/05:25,12:16:07,BTH,UPG,17A,28,0,0,NML,6,2025
135.,B738,PKGFM,GIA,GIA855,GIA301,01/20:56,02/00:11,02/05:10,02/05:26,8:10:00,SIN,CGK,004,28,1,1,NML,6,2025
136.,A320,PKLUH,BTK,BTK6413,BTK6132,01/20:48,01/20:53,02/05:15,02/05:28,8:22:00,DPS,LOP,022,28,0,0,NML,6,2025
137.,A320,PKGQA,CTV,CTV720,CTV725,01/22:36,01/22:42,02/05:43,02/06:00,7:01:00,CGK,CGK,003,28,0,0,NML,6,2025
138.,B738,PKLOR,LNI,LNI690,LNI690,02/05:02,02/05:09,02/05:50,02/06:02,0:41:00,CGK,KOE,014,28,1,1,NML,6,2025
139.,A320,PKSJL,SJV,SJV619,SJV706,01/16:16,01/16:22,02/05:57,02/06:08,13:35:00,BPN,DPS,17B,28,0,0,NML,6,2025
140.,A320,PKLAL,BTK,BTK7521,BTK6589,01/22:17,01/22:22,02/05:54,02/06:06,7:32:00,HLP,CGK,011,28,1,1,NML,6,2025
141.,A320,PKSAG,SJV,SJV673,SJV640,01/20:40,01/20:47,02/06:03,02/06:15,9:16:00,BEJ,AAP,021,28,0,0,NML,6,2025
142.,A320,V8RBG,RBA,RBA795P,RBA796,02/05:23,02/05:26,02/06:15,02/06:31,0:49:00,BWN,BWN,A07,28,1,1,NML,6,2025
143.,B738,PKLQZ,LNI,LNI727,LNI868,01/18:32,01/18:38,02/06:01,02/06:10,11:22:44,KDI,TTE,15A,28,0,0,NML,6,2025
144.,A320,PKGQK,CTV,CTV353,CTV9670,02/05:18,02/05:27,02/06:04,02/06:14,0:37:00,UPG,LOP,007,28,1,1,NML,6,2025
145.,B739,PKLSI,LNI,LNI865,LNI266,01/19:32,01/19:36,02/05:53,02/06:04,10:17:00,LOP,BPN,016,28,1,1,NML,6,2025
146.,A320,PKPWC,PAS,PAS212,PAS213,01/20:52,01/21:01,02/06:08,02/06:18,9:07:00,CGK,CGK,006,28,1,1,NML,6,2025
147.,A320,PKLUG,BTK,BTK6370,BTK6412,02/06:28,02/06:35,02/07:21,02/07:29,0:46:00,CGK,DPS,009,28,1,1,NML,6,2025
148.,A320,PKSAK,SJV,SJV717,SJV566,02/05:57,02/06:04,02/07:07,02/07:20,1:03:00,LOP,PLW,010,28,1,1,NML,6,2025
149.,A320,PKBKP,BTK,BTK6588,BTK6135,01/21:38,01/21:43,02/07:05,02/07:18,9:22:00,CGK,PKN,012,28,1,1,NML,6,2025
150.,A320,PKSJG,SJV,SJV727,SJV612,01/21:28,01/21:33,02/06:59,02/07:12,9:26:00,DPS,BPN,023,28,0,0,NML,6,2025
"151.,A320,PKLUT,BTK,BTK7513,BTK6010,28/10:15,28/10:21,02/07:20,02/07:32,""4 days, 20:59:00"",HLP,CGK,025,28,0,0,NML,6,2025"
152.,B738,PKGFW,GIA,GIA328,GIA305,01/20:06,01/20:13,02/06:59,02/07:10,10:46:00,CGK,CGK,005,28,1,1,NML,6,2025
153.,B738,PKGNF,GIA,GIA324,GIA854,01/21:24,01/23:52,02/07:01,02/07:16,9:29:00,CGK,SIN,A02,28,1,1,NML,6,2025
154.,A320,PKLUF,BTK,BTK7511,BTK7510,02/06:35,02/06:41,02/07:26,02/07:35,0:45:00,HLP,HLP,008,28,1,1,NML,6,2025
155.,A320,PKAZU,AWQ,AWQ327,AWQ392,02/05:12,02/05:15,02/07:20,02/07:33,2:05:00,KUL,JHB,A5T,28,0,0,NML,6,2025
156.,B739,PKLGW,LNI,LNI693,LNI971,02/06:49,02/06:54,02/07:57,02/08:11,1:03:00,KOE,BTH,016,28,1,1,NML,6,2025
157.,A320,PKGLX,CTV,CTV690,CTV460,02/07:02,02/07:10,02/07:40,02/07:51,0:30:00,DPS,AAP,006,28,1,1,NML,6,2025
158.,B739,PKLSW,LNI,LNI879,LNI693,01/19:05,01/19:11,02/08:04,02/08:14,12:52:08,AMQ,CGK,15B,28,0,0,NML,6,2025
159.,A21N,B32LQ,CSN,CSN8137,CSN8138,01/21:11,01/21:16,02/07:42,02/07:57,10:26:00,CAN,CAN,A06,28,1,1,NML,6,2025
160.,A320,PKGLY,CTV,CTV170,CTV175,02/07:13,02/07:20,02/08:02,02/08:12,0:42:00,HLP,HLP,007,28,1,1,NML,6,2025
161.,A333,BHLU,CPA,CPA779,CPA780,01/17:45,01/17:48,02/08:14,02/08:27,14:26:00,HKG,HKG,A08,28,1,1,NML,6,2025
162.,B739,PKLQT,LNI,LNI267,LNI990,02/07:08,02/07:16,02/08:21,02/08:29,1:05:00,TRK,DPS,011,28,1,1,NML,6,2025
163.,A320,PKBKG,BTK,BTK6572,BTK6573,02/07:49,02/07:55,02/08:36,02/08:45,0:41:00,CGK,CGK,009,28,1,1,NML,6,2025
164.,A320,PKLUH,BTK,BTK6133,BTK6391,02/08:05,02/08:10,02/09:03,02/09:12,0:53:00,LOP,CGK,010,28,1,1,NML,6,2025
165.,B738,PKLBS,MXD,MXD352,MXD353,01/19:24,01/19:27,02/08:44,02/08:54,13:17:00,KUL,KUL,A04,28,1,1,NML,6,2025
166.,B739,PKLSP,LNI,LNI363,LNI222,02/06:52,02/06:57,02/09:23,02/09:37,2:26:00,BPN,BDJ,014,28,1,1,NML,6,2025
167.,B739,PKLHJ,LNI,LNI315,LNI856,02/08:09,02/08:14,02/09:05,02/09:21,0:51:00,BDJ,PLM,015,10,1,1,NML,6,2025
168.,B738,PKLOJ,LNI,LNI837,LNI748,02/07:55,02/08:00,02/08:54,02/09:05,0:54:00,PNK,MDC,012,28,1,1,NML,6,2025
169.,BK17,PKFGG,SAG,PKFGG,PKFGG,02/08:59,02/09:01,02/09:33,02/09:34,0:32:09,SUB,DHX,A01,10,0,0,NML,6,2025
170.,B738,PKGUG,GIA,GIA304,GIA342,02/08:25,02/08:31,02/09:23,02/09:46,0:52:00,CGK,DPS,004,28,1,1,NML,6,2025
171.,A320,PKPWE,PAS,PAS200,PAS201,02/08:01,02/08:07,02/09:17,02/09:26,1:10:00,CGK,CGK,005,10,1,1,NML,6,2025
172.,A320,PKGQK,CTV,CTV9671,CTV486,02/08:37,02/08:48,02/09:23,02/09:50,0:35:00,LOP,BDJ,006,28,1,1,NML,6,2025
173.,C208,PKVVF,SUS,PKVVF,PKVVF,02/09:41,02/09:43,02/10:18,02/10:24,0:35:00,CJN,BXW,C06,10,0,0,NML,6,2025
174.,A320,PKSJP,SJV,SJV703,SJV702,02/08:33,02/08:38,02/09:33,02/09:52,0:55:00,DPS,DPS,011,10,1,1,NML,6,2025
175.,B738,9MMLT,MAS,MAS871,MAS870,02/09:02,02/09:08,02/09:51,02/10:03,0:43:00,KUL,KUL,A07,10,1,1,NML,6,2025
176.,B735,PKNAT,LKN,LKN243,LKN242,02/09:10,02/09:16,02/09:52,02/10:07,0:36:00,SMQ,SMQ,009,10,1,1,NML,6,2025
177.,A359,9VSHD,SIA,SIA922,SIA923,02/09:07,02/09:10,02/10:12,02/10:33,1:02:00,SIN,SIN,A08,10,1,1,NML,6,2025
178.,A320,PKBKU,BTK,BTK6584,BTK6585,02/10:05,02/10:09,02/10:56,02/11:06,0:47:00,CGK,CGK,010,10,1,1,NML,6,2025
179.,A320,PKGLE,CTV,CTV351,CTV350,02/09:39,02/09:43,02/10:34,02/10:47,0:51:00,UPG,UPG,007,10,1,1,NML,6,2025
180.,C172,PKVIK,VIA,PKVIK,PKVIK,02/09:24,02/09:27,02/10:23,02/10:29,0:56:00,JBB,JBB,C07,10,0,0,NML,6,2025
181.,A320,PKGLG,CTV,CTV722,CTV723,02/09:35,02/09:38,02/10:26,02/10:40,0:48:00,CGK,CGK,008,10,1,1,NML,6,2025
182.,A320,9VTRP,TGW,TGW296,TGW297,02/10:01,02/10:07,02/10:46,02/10:54,0:39:00,SIN,SIN,A02,10,1,1,NML,6,2025
183.,A320,PKPWC,PAS,PAS210,PAS211,02/09:47,02/09:50,02/10:32,02/10:44,0:42:00,CGK,CGK,005,10,1,1,NML,6,2025
184.,A320,PKLAY,BTK,BTK7513,BTK7516,02/10:16,02/10:20,02/11:00,02/11:16,0:40:00,HLP,HLP,011,10,1,1,NML,6,2025
185.,C172,PKVIL,VIA,PKVIL,PKVIL,02/09:18,02/09:23,02/10:22,02/10:26,0:59:00,JBB,JBB,H05,10,0,0,NML,6,2025
186.,A320,PKBKP,BTK,BTK6134,BTK6346,02/09:44,02/09:48,02/10:45,02/10:55,0:57:00,PKN,BEJ,012,10,1,1,NML,6,2025
187.,B739,PKLFY,LNI,LNI970,LNI822,02/09:51,02/09:55,02/11:06,02/11:18,1:11:00,BTH,LOP,015,10,1,1,NML,6,2025
188.,B739,PKLJI,LNI,LNI694,LNI694,02/11:50,02/11:55,02/12:43,02/12:58,0:48:00,CGK,KOE,015,10,1,1,NML,6,2025
189.,B738,PKLOR,LNI,LNI697,LNI697,02/10:21,02/10:27,02/11:22,02/11:39,0:55:00,KOE,CGK,016,10,1,1,NML,6,2025
190.,A320,PKAZX,AWQ,AWQ321,AWQ322,02/10:45,02/10:50,02/11:24,02/11:37,0:34:00,KUL,KUL,A5T,10,0,0,NML,6,2025
191.,B738,PKGUC,GIA,GIA322,GIA327,02/11:59,02/12:03,02/13:16,02/13:38,1:13:00,CGK,CGK,004,10,1,1,NML,6,2025
192.,A320,PKLUR,BTK,BTK7517,BTK7520,02/11:02,02/11:05,02/11:41,02/11:53,0:36:00,HLP,HLP,009,10,1,1,NML,6,2025
193.,B739,PKLHR,LNI,LNI791,LNI804,02/09:58,02/10:03,02/12:15,02/12:27,2:12:46,UPG,DPS,014,10,1,1,NML,6,2025
194.,A320,PKGLX,CTV,CTV461,CTV698,02/11:12,02/11:16,02/11:59,02/12:11,0:43:43,AAP,DPS,006,10,1,1,NML,6,2025
195.,A320,PKGLS,CTV,CTV9693,CTV9692,02/11:26,02/11:30,02/12:15,02/12:25,0:45:44,DPS,DPS,007,10,1,1,NML,6,2025
196.,A320,PKSAK,SJV,SJV567,SJV636,02/11:33,02/11:37,02/12:26,02/12:36,0:49:00,PLW,BDJ,010,10,1,1,NML,6,2025
197.,B739,PKLQT,LNI,LNI805,LNI780,02/11:20,02/11:23,02/13:15,02/13:25,1:52:00,DPS,UPG,012,10,1,1,NML,6,2025
198.,B735,PKNAQ,LKN,LKN193,LKN192,02/12:08,02/12:11,02/12:42,02/12:56,0:31:00,PKN,PKN,009,10,1,1,NML,6,2025
199.,A320,PKSAG,SJV,SJV641,SJV704,02/09:54,02/09:57,02/13:19,02/13:31,3:21:26,AAP,DPS,018,10,0,0,NML,6,2025
200.,A320,PKBKQ,BTK,BTK6596,BTK6595,02/12:46,02/12:50,02/13:43,02/13:57,0:53:00,CGK,CGK,010,10,1,1,NML,6,2025
201.,B738,PKLQZ,LNI,LNI869,LNI722,02/12:04,02/12:07,02/13:39,02/13:50,1:32:29,TTE,KDI,011,10,1,1,NML,6,2025
202.,A320,PKAZU,AWQ,AWQ393,AWQ324,02/12:16,02/12:22,02/13:51,02/13:59,1:28:37,JHB,KUL,A5T,10,0,0,NML,6,2025
203.,A320,PKPWF,PAS,PAS204,PAS205,02/11:47,02/11:50,02/13:17,02/13:35,1:27:00,CGK,CGK,005,10,1,1,NML,6,2025
204.,A320,PKGQK,CTV,CTV487,CTV668,02/12:33,02/12:38,02/13:24,02/13:41,0:46:31,BDJ,DPS,006,10,1,1,NML,6,2025
205.,B739,PKLHJ,LNI,LNI857,LNI680,02/13:33,02/13:36,02/14:29,02/14:41,0:53:00,PLM,PKY,009,10,1,1,NML,6,2025
206.,A320,PKSJD,SJV,SJV615,SJV726,01/20:22,01/20:28,02/14:00,02/14:10,17:32:00,BPN,LBJ,020,10,0,0,NML,6,2025
207.,A320,PKGTA,CTV,CTV716,CTV717,02/13:29,02/13:32,02/14:14,02/14:28,0:41:38,CGK,CGK,007,10,1,1,NML,6,2025
208.,B739,PKLSP,LNI,LNI223,LNI910,02/12:40,02/12:45,02/14:28,02/14:43,1:43:00,BDJ,DPS,014,10,1,1,NML,6,2025
209.,A320,PKGQO,CTV,CTV431,CTV948,02/13:55,02/13:59,02/14:34,02/14:45,0:35:00,BPN,BTH,008,10,1,1,NML,6,2025
210.,B738,PKLKV,LNI,LNI839,LNI836,02/13:36,02/13:40,02/14:41,02/14:58,1:01:00,PNK,PNK,016,10,1,1,NML,6,2025
211.,B738,PKGUI,GIA,GIA312,GIA317,02/13:39,02/13:43,02/14:39,02/14:56,0:56:00,CGK,CGK,004,10,1,1,NML,6,2025
212.,B739,PKLFY,LNI,LNI823,LNI260,02/14:03,02/14:08,02/15:02,02/15:15,0:54:00,LOP,BPN,015,10,1,1,NML,6,2025
213.,A320,9VJSN,JSA,JSA247,JSA248,02/14:07,02/14:13,02/15:24,02/15:35,1:11:00,SIN,SIN,A06,10,1,1,NML,6,2025
214.,A320,PKLAI,BTK,BTK7515,BTK7514,02/13:43,02/13:47,02/14:52,02/15:02,1:05:00,HLP,HLP,012,10,1,1,NML,6,2025
215.,A320,PKPWK,PAS,PAS208,PAS209,02/13:47,02/13:49,02/14:57,02/15:13,1:08:00,CGK,CGK,005,10,1,1,NML,6,2025
216.,B739,PKLSI,LNI,LNI261,LNI642,02/14:11,02/14:17,02/15:16,02/15:22,0:59:00,BPN,LOP,17A,10,0,0,NML,6,2025
217.,B738,PKGFQ,GIA,GIA330,GIA331,02/14:22,02/14:26,02/15:17,02/15:29,0:51:00,HLP,HLP,006,10,1,1,NML,6,2025
218.,A320,PKSGA,SJV,SJV611,SJV614,02/10:49,02/10:53,02/15:45,02/15:54,4:52:00,BPN,BPN,021,10,0,0,NML,6,2025
219.,A320,PKLAT,BTK,BTK6406,BTK7512,02/14:31,02/14:33,02/15:52,02/15:58,1:19:00,CGK,HLP,023,10,0,0,NML,6,2025
220.,A320,PKGLX,CTV,CTV699,CTV434,02/14:54,02/14:57,02/15:38,02/15:50,0:41:00,DPS,BPN,004,10,1,1,NML,6,2025
221.,B738,PKLOJ,LNI,LNI749,LNI581,02/14:39,02/14:49,02/15:52,02/16:03,1:03:00,MDC,CGK,011,10,1,1,NML,6,2025
222.,B738,HSLUY,TLM,TLM268,TLM269,02/15:08,02/15:13,02/16:21,02/16:31,1:08:00,DMK,DMK,A03,10,1,1,NML,6,2025
223.,A320,PKSAK,SJV,SJV637,SJV648,02/15:26,02/15:31,02/16:20,02/16:29,0:49:05,BDJ,BPN,012,10,1,1,NML,6,2025
224.,B738MAX,9VMBD,SIA,SIA926,SIA927,02/17:30,02/17:34,02/18:22,02/18:37,0:48:00,SIN,SIN,A07,10,1,1,NML,6,2025
225.,B738,PKGMF,GIA,GIA310,GIA315,02/16:12,02/16:17,02/17:07,02/17:15,0:50:00,CGK,CGK,008,10,1,1,NML,6,2025
226.,A320,PKPWL,PAS,PAS206,PAS623,02/15:37,02/15:41,02/16:34,02/16:47,0:53:00,CGK,BPN,005,10,1,1,NML,6,2025
227.,B739,PKLFF,LNI,LNI707,LNI268,02/14:16,02/14:21,02/16:33,02/16:45,2:12:00,UPG,TRK,010,10,1,1,NML,6,2025
228.,B739,PKLHR,LNI,LNI919,LNI692,02/15:23,02/15:28,02/17:06,02/17:15,1:38:48,DPS,KOE,015,10,1,1,NML,6,2025
229.,A320,PKGLS,CTV,CTV669,CTV488,02/16:08,02/16:12,02/16:54,02/17:06,0:42:22,DPS,BDJ,007,10,1,1,NML,6,2025
230.,A320,PKGLG,CTV,CTV495,CTV721,02/16:05,02/16:08,02/16:58,02/17:11,0:49:19,BDJ,CGK,006,10,1,1,NML,6,2025
231.,B739,PKLFO,LNI,LNI692,LNI226,02/16:00,02/16:04,02/18:43,02/18:56,2:39:00,CGK,BDJ,009,10,1,1,NML,6,2025
232.,B738,PKLJS,LNI,LNI879,LNI838,02/15:11,02/15:15,02/18:05,02/18:19,2:50:00,AMQ,PNK,014,10,1,1,NML,6,2025
233.,A320,PKAZX,AWQ,AWQ323,AWQ326,02/17:04,02/17:09,02/17:40,02/17:50,0:30:09,KUL,KUL,A5T,10,0,0,NML,6,2025
234.,A320,PKPWM,PAS,PAS622,PAS207,02/17:09,02/17:12,02/18:13,02/18:27,1:00:21,BPN,CGK,005,10,1,1,NML,6,2025
235.,B738,PKGUG,GIA,GIA349,GIA313,02/17:30,02/17:35,02/18:28,02/18:43,0:52:07,DPS,CGK,004,10,1,1,NML,6,2025
236.,A320,PKSJD,SJV,SJV725,SJV716,02/17:46,02/17:50,02/18:38,02/18:48,0:48:00,LBJ,LOP,012,10,1,1,NML,6,2025
237.,B738,PKCRI,SJY,SJY567,SJY562,02/18:19,02/18:24,02/19:11,02/19:28,0:47:00,UPG,UPG,011,10,1,1,NML,6,2025
238.,B738,PKGUH,GIA,GIA320,GIA325,02/17:30,02/17:39,02/18:56,02/19:13,1:16:12,CGK,CGK,006,10,1,1,NML,6,2025
239.,A320,PKGQS,CTV,CTV172,CTV173,02/18:08,02/18:11,02/19:02,02/19:16,0:51:00,HLP,HLP,003,10,0,0,NML,6,2025
240.,B738MAX,9VMBI,SIA,SIA928,SIA929,02/18:25,02/18:32,02/19:17,02/19:35,0:45:00,SIN,SIN,A07,10,1,1,NML,6,2025
241.,A320,PKGQA,CTV,CTV949,CTV494,02/18:32,02/18:35,02/19:16,02/19:27,0:41:00,BTH,BDJ,005,10,1,1,NML,6,2025
242.,B738,PKLDJ,BTK,BTK6576,BTK6575,02/18:29,02/18:34,02/19:26,02/19:41,0:52:00,CGK,CGK,014,10,1,1,NML,6,2025
243.,A320,PKGQL,CTV,CTV736,CTV9694,02/18:16,02/18:20,02/19:19,02/19:30,0:59:00,CGK,DPS,007,10,1,1,NML,6,2025
244.,B739,PKLJI,LNI,LNI695,LNI880,02/17:43,02/17:47,02/19:58,02/20:13,2:11:00,KOE,UPG,010,10,1,1,NML,6,2025
245.,A320,PKLAI,BTK,BTK7519,BTK7518,02/18:54,02/18:59,02/19:44,02/20:00,0:45:52,HLP,HLP,008,10,1,1,NML,6,2025
246.,A320,PKGQQ,CTV,CTV489,CTV693,02/19:18,02/19:21,02/19:50,02/20:03,0:28:33,BDJ,DPS,004,10,1,1,NML,6,2025
247.,B738,PKGFM,GIA,GIA326,GIA319,02/20:35,02/20:38,02/21:38,02/21:53,1:00:00,CGK,CGK,004,10,1,1,NML,6,2025
248.,A320,PKGLX,CTV,CTV435,CTV737,02/19:06,02/19:11,02/20:08,02/20:20,0:57:00,BPN,CGK,006,10,1,1,NML,6,2025
249.,A320,PKGQG,CTV,CTV724,CTV354,02/19:32,02/19:36,02/20:13,02/20:26,0:37:00,CGK,UPG,007,10,1,1,NML,6,2025
250.,A320,PKLAF,BTK,BTK6137,BTK6136,02/19:43,02/19:48,02/21:54,02/22:04,2:05:51,UPG,UPG,009,10,1,1,NML,6,2025
251.,A320,PKAZX,AWQ,AWQ327,AWQ320,02/23:14,02/23:21,03/05:01,03/05:11,5:40:00,KUL,KUL,A01,10,0,0,NML,6,2025
252.,A320,PKBKJ,BTK,BTK6588,BTK7508,02/21:58,02/22:02,03/04:52,03/05:04,6:50:00,CGK,HLP,012,10,1,1,NML,6,2025
253.,A320,PKSAK,SJV,SJV613,SJV610,02/22:23,02/22:27,03/04:54,03/05:07,6:27:00,BPN,BPN,014,10,1,1,NML,6,2025
254.,B739,PKLSP,LNI,LNI923,LNI786,02/17:20,02/22:38,03/05:10,03/05:29,11:43:00,DPS,UPG,016,10,1,0,NML,6,2025
255.,B738,PKGUA,GIA,GIA324,GIA301,02/20:54,02/20:57,03/05:03,03/05:17,8:06:00,CGK,CGK,006,10,1,1,NML,6,2025
256.,A320,PKGLG,CTV,CTV720,CTV430,02/21:05,02/21:08,03/04:56,03/05:09,7:48:00,CGK,BPN,007,10,1,1,NML,6,2025
257.,A320,PKGQL,CTV,CTV9695,CTV725,02/21:49,02/21:52,03/05:40,03/05:52,7:48:00,DPS,CGK,004,10,1,1,NML,6,2025
258.,A320,V8RBE,RBA,RBA795,RBA796,02/20:06,02/20:12,03/05:52,03/06:04,9:40:00,BWN,BWN,A06,10,1,1,NML,6,2025
259.,A320,PKGLR,CTV,CTV353,CTV9670,03/05:05,03/05:10,03/05:52,03/06:04,0:42:00,UPG,LOP,007,10,1,1,NML,6,2025
260.,A320,PKSAG,SJV,SJV727,SJV640,02/22:41,02/22:45,03/05:55,03/06:07,7:10:00,DPS,AAP,015,10,1,1,NML,6,2025
261.,A320,PKSGA,SJV,SJV617,SJV706,02/19:11,02/19:14,03/05:55,03/06:06,10:41:00,BPN,DPS,021,10,0,0,NML,6,2025
262.,A320,PKLAO,BTK,BTK7521,BTK6589,02/21:01,02/21:05,03/05:58,03/06:13,8:53:00,HLP,CGK,008,10,1,1,NML,6,2025
263.,A320,PKAZU,AWQ,AWQ325,AWQ386,02/19:39,02/19:45,03/05:59,03/06:14,10:14:00,KUL,PEN,A5T,10,0,0,NML,6,2025
264.,A320,PKLUP,BTK,BTK6413,BTK6412,02/19:37,02/19:41,03/06:10,03/06:20,10:29:00,DPS,DPS,011,10,1,1,NML,6,2025
265.,B738MAX,PKOFM,AFE,AFE221,AFE921,03/05:45,03/05:49,03/06:36,03/06:39,0:47:00,CGK,TIM,006,10,1,1,NML,6,2025
266.,A320,PKLUR,BTK,BTK7501,BTK6135,02/15:42,02/15:45,03/06:57,03/07:07,15:12:00,HLP,PKN,17B,28,0,0,NML,6,2025
267.,C208,PKVVF,SUS,PKVVF,SUS6196,02/12:05,02/12:07,03/07:14,03/07:18,19:06:02,BXW,BXW,C07,28,0,0,NML,6,2025
268.,B738,PKGMI,GIA,GIA328,GIA305,02/19:58,02/20:01,03/07:03,03/07:13,11:02:00,CGK,CGK,005,28,1,1,NML,6,2025
269.,B738,PKGNF,GIA,GIA855,GIA854,02/20:16,02/20:23,03/06:55,03/07:12,10:32:00,SIN,SIN,A02,28,1,1,NML,6,2025
270.,B739,PKLSL,LNI,LNI363,LNI646,03/06:16,03/06:20,03/07:12,03/07:20,0:52:00,BPN,LOP,014,28,1,1,NML,6,2025
271.,E135,T7JCI,AFS,T7JCI,T7JCI,03/06:37,03/06:41,03/07:05,03/07:16,0:24:00,CGK,CGK,A09,28,0,0,NML,6,2025
272.,A320,PKBKU,BTK,BTK7511,BTK7510,03/06:39,03/06:44,03/07:32,03/07:40,0:48:00,HLP,HLP,009,28,1,1,NML,6,2025
273.,A320,PKGQQ,CTV,CTV690,CTV460,03/07:05,03/07:11,03/07:46,03/07:55,0:35:00,DPS,AAP,007,28,1,1,NML,6,2025
274.,B739,PKLHR,LNI,LNI693,LNI693,03/07:03,03/07:09,03/07:55,03/08:07,0:46:00,KOE,CGK,010,28,1,1,NML,6,2025
275.,B739,PKLHL,LNI,LNI311,LNI982,03/06:10,03/06:13,03/07:53,03/08:03,1:40:00,BDJ,PKU,012,28,1,1,NML,6,2025
276.,A21N,B32L7,CSN,CSN8137,CSN8138,02/21:27,02/21:33,03/07:52,03/08:01,10:19:00,CAN,CAN,A03,28,1,1,NML,6,2025
277.,A320,PKGLY,CTV,CTV170,CTV175,03/07:15,03/07:22,03/08:06,03/08:20,0:44:00,HLP,HLP,006,28,1,1,NML,6,2025
278.,A333,BHLM,CPA,CPA779,CPA780,02/17:49,02/17:56,03/08:10,03/08:23,14:14:00,HKG,HKG,A08,28,1,1,NML,6,2025
"279.,DHC6,PKICP,PGT,PKICP,PKICP,31/11:23,31/11:27,03/08:07,03/08:15,""2 days, 20:40:00"",PAG,PAG,028,28,0,0,NML,6,2025"
280.,A320,PKBKQ,BTK,BTK6572,BTK6573,03/07:37,03/07:43,03/08:25,03/08:35,0:42:00,CGK,CGK,008,28,1,1,NML,6,2025
281.,B738,PKLZO,MXD,MXD352,MXD353,02/19:23,02/19:29,03/08:29,03/08:41,13:00:00,KUL,KUL,A04,28,1,1,NML,6,2025
282.,B739,PKLFF,LNI,LNI267,LNI222,03/07:09,03/07:15,03/08:43,03/08:55,1:28:00,TRK,BDJ,011,28,1,1,NML,6,2025
283.,B738,PKGUC,GIA,GIA304,GIA342,03/08:33,03/08:40,03/09:34,03/09:47,0:54:00,CGK,DPS,004,28,1,1,NML,6,2025
284.,A320,PKGLR,CTV,CTV9671,CTV486,03/08:27,03/08:34,03/09:21,03/09:32,0:47:00,LOP,BDJ,006,28,1,1,NML,6,2025
285.,A320,PKPWE,PAS,PAS200,PAS201,03/08:04,03/08:09,03/09:11,03/09:21,1:02:00,CGK,CGK,005,28,1,1,NML,6,2025
286.,E155,PKFGT,SAG,PKFGT,PKFGT,03/09:05,03/09:08,03/09:38,03/09:45,0:30:00,ZKD,ZKD,A01,28,0,0,NML,6,2025
287.,A320,PKSGA,SJV,SJV703,SJV702,03/08:15,03/08:20,03/09:32,03/09:43,1:12:00,DPS,DPS,010,28,1,1,NML,6,2025
288.,B738,PKLOJ,LNI,LNI837,LNI748,03/09:00,03/09:06,03/10:02,03/10:12,0:56:00,PNK,MDC,014,10,1,1,NML,6,2025
289.,B738,9MMXG,MAS,MAS871,MAS870,03/09:28,03/09:35,03/10:20,03/10:32,0:45:00,KUL,KUL,A07,10,1,1,NML,6,2025
290.,A359,9VSHL,SIA,SIA922,SIA923,03/09:06,03/09:09,03/10:07,03/10:23,0:58:00,SIN,SIN,A08,10,1,1,NML,6,2025
291.,A320,PKLAO,BTK,BTK6584,BTK6585,03/09:38,03/09:41,03/10:27,03/10:38,0:46:00,CGK,CGK,008,10,1,1,NML,6,2025
292.,A320,PKGQC,CTV,CTV351,CTV350,03/09:40,03/09:43,03/10:28,03/10:42,0:45:00,UPG,UPG,006,10,1,1,NML,6,2025
293.,B429,P3201,POL,P3201,P3201,03/08:50,03/08:51,03/10:32,03/10:36,1:41:00,MBH,MBH,H05,10,0,0,NML,6,2025
294.,A20N,9VTNF,TGW,TGW296,TGW297,03/09:54,03/10:00,03/10:46,03/10:59,0:46:00,SIN,SIN,A02,10,1,1,NML,6,2025
295.,B738,PKLKQ,LNI,LNI885,LNI262,02/20:29,02/22:03,03/10:48,03/11:03,14:13:00,UPG,BPN,023,10,0,1,NML,6,2025
296.,B739,PKLSP,LNI,LNI791,LNI706,03/10:01,03/10:05,03/11:06,03/11:20,1:01:00,UPG,UPG,011,10,1,1,NML,6,2025
297.,A320,PKPWG,PAS,PAS210,PAS211,03/09:48,03/09:51,03/10:41,03/10:51,0:50:00,CGK,CGK,007,10,1,1,NML,6,2025
298.,B739,PKLSI,LNI,LNI865,LNI973,02/17:52,02/17:57,03/10:38,03/10:45,16:41:00,LOP,BTH,024,10,0,0,NML,6,2025
299.,A320,PKLUU,BTK,BTK7513,BTK7516,03/09:57,03/10:02,03/10:46,03/11:01,0:44:00,HLP,HLP,010,10,1,1,NML,6,2025
300.,A320,PKLUR,BTK,BTK6134,BTK6346,03/09:51,03/09:56,03/10:45,03/10:57,0:49:00,PKN,BEJ,009,10,1,1,NML,6,2025
301.,B739,PKLHQ,LNI,LNI694,LNI694,03/10:20,03/10:25,03/11:29,03/11:41,1:04:00,CGK,KOE,014,10,1,1,NML,6,2025
302.,A320,PKAZX,AWQ,AWQ321,AWQ322,03/10:44,03/10:49,03/11:22,03/11:32,0:33:00,KUL,KUL,A5T,10,0,0,NML,6,2025
303.,B738,PKGMV,GIA,GIA322,GIA327,03/10:05,03/10:08,03/11:26,03/11:39,1:18:00,CGK,CGK,004,10,1,1,NML,6,2025
304.,A320,PKBKU,BTK,BTK7517,BTK7520,03/10:35,03/10:40,03/11:29,03/11:43,0:49:00,HLP,HLP,012,10,1,1,NML,6,2025
305.,B738,9MLRL,MXD,MXD350,MXD351,03/11:05,03/11:11,03/11:58,03/12:11,0:47:00,KUL,KUL,A04,10,1,1,NML,6,2025
306.,A320,PKGQQ,CTV,CTV461,CTV698,03/11:29,03/11:32,03/12:08,03/12:22,0:36:00,AAP,DPS,006,10,1,1,NML,6,2025
307.,B739,PKLHJ,LNI,LNI681,LNI804,02/17:40,02/17:44,03/11:52,03/12:02,18:08:00,PKY,DPS,026,10,0,0,NML,6,2025
308.,A320,PKBKP,BTK,BTK6347,BTK6581,02/15:19,02/15:23,03/12:11,03/12:20,20:48:00,BEJ,CGK,022,10,0,0,NML,6,2025
309.,A320,PKGQE,CTV,CTV9693,CTV9692,03/11:16,03/11:21,03/12:13,03/12:24,0:52:00,DPS,DPS,007,10,1,1,NML,6,2025
310.,B739,PKLFF,LNI,LNI223,LNI780,03/11:45,03/11:49,03/12:47,03/12:55,0:58:00,BDJ,UPG,014,10,1,1,NML,6,2025
311.,A320,PKSTC,SJV,SJV717,SJV636,03/09:45,03/09:48,03/12:32,03/12:43,2:44:00,LOP,BDJ,018,10,0,0,NML,6,2025
312.,B738,PKLQZ,LNI,LNI727,LNI680,02/17:53,02/17:58,03/12:32,03/12:41,18:34:00,KDI,PKY,17A,10,0,0,NML,6,2025
313.,A320,PKGLR,CTV,CTV487,CTV668,03/12:08,03/12:13,03/13:15,03/13:25,1:02:00,BDJ,DPS,008,10,1,1,NML,6,2025
314.,A320,PKAZU,AWQ,AWQ387,AWQ324,03/12:30,03/12:35,03/14:59,03/15:08,2:24:00,PEN,KUL,A5T,10,0,0,NML,6,2025
315.,A320,PKPWN,PAS,PAS204,PAS205,03/11:50,03/11:54,03/13:20,03/13:33,1:26:00,CGK,CGK,004,10,1,1,NML,6,2025
316.,B735,PKNAS,LKN,LKN671,LKN670,03/11:23,03/11:26,03/13:28,03/13:41,2:02:00,TMC,TMC,011,10,1,1,NML,6,2025
317.,B738,PKLKV,LNI,LNI839,LNI836,03/13:28,03/13:33,03/14:32,03/14:42,0:59:00,PNK,PNK,012,10,1,1,NML,6,2025
318.,A320,PKSAW,SJV,SJV649,SJV726,03/07:46,03/07:52,03/13:58,03/14:16,6:06:00,BPN,LBJ,025,10,0,0,NML,6,2025
319.,A320,PKGQN,CTV,CTV716,CTV717,03/13:31,03/13:34,03/14:22,03/14:33,0:48:00,CGK,CGK,007,10,1,1,NML,6,2025
320.,A320,PKGLG,CTV,CTV431,CTV948,03/13:38,03/13:42,03/14:29,03/14:41,0:47:00,BPN,BTH,008,10,1,1,NML,6,2025
321.,B739,PKLHL,LNI,LNI983,LNI910,03/13:35,03/13:39,03/14:27,03/14:38,0:48:00,PKU,DPS,010,10,1,1,NML,6,2025
322.,B738,PKGUG,GIA,GIA312,GIA317,03/13:55,03/13:58,03/14:51,03/15:04,0:53:00,CGK,CGK,004,10,1,1,NML,6,2025
323.,A320,9VJSK,JSA,JSA247,JSA248,03/14:04,03/14:10,03/14:52,03/15:01,0:42:00,SIN,SIN,A06,10,1,1,NML,6,2025
324.,B739,PKLSL,LNI,LNI645,LNI260,03/10:28,03/10:33,03/14:35,03/14:46,4:02:00,LOP,BPN,021,10,0,0,NML,6,2025
325.,GLEX,9HVJF,VJT,VJT754,VJT754,03/14:09,03/14:14,03/14:53,03/15:03,0:39:00,XSP,XSP,A09,10,0,0,NML,6,2025
326.,B738,PKGFW,GIA,GIA330,GIA331,03/13:58,03/14:01,03/15:07,03/15:18,1:06:00,HLP,HLP,006,10,1,1,NML,6,2025
327.,B739,PKLKQ,LNI,LNI261,LNI642,03/14:36,03/14:40,03/15:37,03/15:46,0:57:00,BPN,LOP,016,10,1,1,NML,6,2025
328.,A320,PKGQQ,CTV,CTV699,CTV434,03/14:44,03/14:51,03/15:41,03/15:51,0:50:00,DPS,BPN,008,10,1,1,NML,6,2025
329.,B739,PKLSP,LNI,LNI707,LNI920,03/14:57,03/15:01,03/16:31,03/16:44,1:30:00,UPG,DPS,011,10,1,1,NML,6,2025
330.,A320,PKLAQ,BTK,BTK6596,BTK7512,03/12:49,03/12:53,03/16:09,03/16:17,3:16:00,CGK,HLP,020,10,0,0,NML,6,2025
331.,B739,PKLHY,LNI,LNI787,LNI581,03/13:50,03/13:55,03/16:30,03/16:39,2:35:00,UPG,CGK,022,10,0,0,NML,6,2025
332.,A320,PKLUR,BTK,BTK6347,BTK6401,03/15:13,03/15:17,03/16:11,03/16:20,0:54:00,BEJ,CGK,009,10,1,1,NML,6,2025
333.,A320,PKSTC,SJV,SJV637,SJV648,03/15:57,03/16:01,03/16:43,03/16:53,0:42:00,BDJ,BPN,010,10,1,1,NML,6,2025
334.,B738MAX,9VMBE,SIA,SIA926,SIA927,03/15:59,03/16:05,03/16:52,03/17:05,0:47:00,SIN,SIN,A07,10,1,1,NML,6,2025
335.,B738,PKGMY,GIA,GIA310,GIA315,03/15:31,03/15:34,03/16:35,03/16:47,1:01:00,CGK,CGK,007,10,1,1,NML,6,2025
336.,B738MAX,PKOFM,AFE,AFE920,AFE920,03/15:54,03/15:57,03/16:30,03/16:40,0:33:00,TIM,CGK,006,10,1,1,NML,6,2025
337.,A320,PKPWC,PAS,PAS206,PAS623,03/15:43,03/15:47,03/16:38,03/16:51,0:51:00,CGK,BPN,004,10,1,1,NML,6,2025
338.,B739,PKLHQ,LNI,LNI695,LNI268,03/16:11,03/16:16,03/17:03,03/17:15,0:47:00,KOE,TRK,014,10,1,1,NML,6,2025
339.,B739,PKLHM,LNI,LNI692,LNI692,03/16:36,03/16:41,03/17:43,03/17:57,1:02:00,CGK,KOE,016,10,1,1,NML,6,2025
340.,A320,PKGQE,CTV,CTV669,CTV488,03/16:06,03/16:10,03/16:46,03/17:00,0:36:00,DPS,BDJ,008,10,1,1,NML,6,2025
341.,B739,PKLVF,LNI,LNI919,LNI226,03/15:09,03/15:14,03/19:40,03/19:54,4:26:00,DPS,BDJ,012,10,1,1,NML,6,2025
342.,B738,PKLQZ,LNI,LNI681,LNI838,03/15:20,03/15:25,03/17:45,03/17:59,2:20:00,PKY,PNK,17B,10,0,0,NML,6,2025
343.,A320,PKAZX,AWQ,AWQ323,AWQ326,03/17:02,03/17:07,03/17:42,03/17:51,0:35:00,KUL,KUL,A5T,10,0,0,NML,6,2025
344.,A320,PKPWG,PAS,PAS622,PAS207,03/17:13,03/17:16,03/18:10,03/18:26,0:54:00,BPN,CGK,006,10,1,1,NML,6,2025
345.,B738,PKGUC,GIA,GIA349,GIA313,03/17:32,03/17:35,03/18:41,03/18:54,1:06:00,DPS,CGK,005,10,1,1,NML,6,2025
346.,B739,PKLHL,LNI,LNI923,LNI800,03/16:40,03/16:44,03/18:24,03/18:35,1:40:00,DPS,UPG,020,10,0,0,NML,6,2025
347.,A320,PKSAW,SJV,SJV725,SJV716,03/17:37,03/17:42,03/19:05,03/19:15,1:23:00,LBJ,LOP,010,10,1,1,NML,6,2025
348.,B738,PKGUF,GIA,GIA320,GIA325,03/17:45,03/17:49,03/18:54,03/19:05,1:05:00,CGK,CGK,004,10,1,1,NML,6,2025
349.,A320,PKGQS,CTV,CTV172,CTV173,03/18:04,03/18:09,03/18:58,03/19:13,0:49:00,HLP,HLP,008,10,1,1,NML,6,2025
350.,B738MAX,9VMBC,SIA,SIA928,SIA929,03/18:32,03/18:38,03/19:32,03/19:49,0:54:00,SIN,SIN,A06,10,1,1,NML,6,2025
351.,A320,PKGQL,CTV,CTV949,CTV494,03/18:41,03/18:45,03/19:19,03/19:35,0:34:00,BTH,BDJ,007,10,1,1,NML,6,2025
352.,B738,PKLZV,BTK,BTK6576,BTK6575,03/18:37,03/18:42,03/19:24,03/19:37,0:42:00,CGK,CGK,15A,10,0,0,NML,6,2025
353.,A320,PKGLT,CTV,CTV736,CTV9694,03/18:21,03/18:25,03/19:27,03/19:39,1:02:00,CGK,DPS,009,10,1,1,NML,6,2025
354.,B735,PKCLE,SJY,SJY567,SJY562,03/21:35,03/21:40,03/22:22,03/22:34,0:42:00,UPG,UPG,011,10,1,1,NML,6,2025
355.,B789,9VOJB,TGW,TGW266,TGW267,03/18:51,03/18:57,03/20:03,03/20:15,1:06:00,SIN,SIN,A07,10,1,1,NML,6,2025
356.,A320,PKLUU,BTK,BTK7519,BTK7518,03/18:43,03/18:47,03/19:37,03/19:51,0:50:00,HLP,HLP,011,10,1,1,NML,6,2025
357.,A320,PKGQM,CTV,CTV489,CTV693,03/19:21,03/19:26,03/19:54,03/20:05,0:28:00,BDJ,DPS,008,10,1,1,NML,6,2025
358.,B738,PKGMP,GIA,GIA326,GIA319,03/19:08,03/19:11,03/19:56,03/20:10,0:45:00,CGK,CGK,005,10,1,1,NML,6,2025
359.,A320,PKGQQ,CTV,CTV435,CTV737,03/19:11,03/19:13,03/20:08,03/20:18,0:55:00,BPN,CGK,006,10,1,1,NML,6,2025
360.,A320,PKGTA,CTV,CTV724,CTV354,03/20:35,03/20:40,03/21:21,03/21:38,0:41:00,CGK,UPG,007,10,1,1,NML,6,2025
361.,A320,PKLUO,BTK,BTK6137,BTK6136,03/20:53,03/20:58,03/21:53,03/22:03,0:55:00,UPG,UPG,018,10,0,0,NML,6,2025
362.,B739,PKLQT,LNI,LNI709,LNI878,03/17:08,03/23:27,04/05:02,04/05:15,11:46:00,UPG,AMQ,011,28,1,1,NML,6,2025
363.,A320,PKAZX,AWQ,AWQ327,AWQ320,03/23:47,03/23:54,04/05:00,04/05:11,5:06:00,KUL,KUL,A01,28,0,0,NML,6,2025
364.,A320,PKGQG,CTV,CTV495,CTV430,03/16:31,03/16:37,04/04:56,04/05:09,12:19:00,BDJ,BPN,003,28,0,0,NML,6,2025
365.,B738,PKLKQ,LNI,LNI865,LNI786,03/18:23,03/18:28,04/05:06,04/05:28,10:38:00,LOP,UPG,021,28,0,0,NML,6,2025
366.,B738,PKGUH,GIA,GIA324,GIA301,03/20:55,03/20:58,04/05:01,04/05:13,8:03:00,CGK,CGK,004,28,1,1,NML,6,2025
367.,B739,PKLHR,LNI,LNI972,LNI971,03/18:28,03/18:33,04/05:22,04/05:33,10:49:00,BTH,BTH,014,28,1,1,NML,6,2025
368.,A320,PKGLT,CTV,CTV9695,CTV725,03/22:19,03/22:22,04/05:49,04/05:55,7:27:00,DPS,CGK,007,28,1,1,NML,6,2025
369.,A320,PKBKU,BTK,BTK7501,BTK6589,03/14:53,03/14:56,04/06:03,04/06:13,15:07:00,HLP,CGK,023,28,0,0,NML,6,2025
370.,A320,PKSAG,SJV,SJV643,SJV640,03/15:04,03/15:08,04/05:58,04/06:11,14:50:00,AAP,AAP,024,28,0,0,NML,6,2025
371.,B738,PKLJQ,LNI,LNI690,LNI868,04/05:06,04/05:13,04/06:09,04/06:20,0:56:00,CGK,TTE,009,28,1,1,NML,6,2025
372.,A320,PKGLR,CTV,CTV353,CTV670,04/05:04,04/05:12,04/05:54,04/06:03,0:42:00,UPG,LOP,008,28,1,1,NML,6,2025
373.,A320,PKPWL,PAS,PAS212,PAS213,03/20:30,03/20:33,04/05:59,04/06:09,9:26:00,CGK,CGK,006,28,1,1,NML,6,2025
374.,A320,PKBKV,BTK,BTK6413,BTK6412,03/19:45,03/19:52,04/06:19,04/06:28,10:27:00,DPS,DPS,15B,28,0,0,NML,6,2025
375.,B738,PKLOJ,LNI,LNI749,LNI690,03/15:48,03/15:53,04/06:30,04/06:41,14:37:00,MDC,KOE,026,28,0,0,NML,6,2025
376.,A320,PKSGD,SJV,SJV613,SJV634,03/20:27,03/20:31,04/06:27,04/06:36,9:56:00,BPN,BDJ,016,28,1,1,NML,6,2025
377.,A320,PKSJA,SJV,SJV717,SJV566,04/06:07,04/06:14,04/07:06,04/07:18,0:52:00,LOP,PLW,011,28,1,1,NML,6,2025
378.,A320,PKLAZ,BTK,BTK6588,BTK6135,03/23:18,03/23:23,04/07:03,04/07:13,7:40:00,CGK,PKN,010,28,1,1,NML,6,2025
379.,A320,PKSAL,SJV,SJV723,SJV612,03/17:26,03/17:30,04/06:53,04/07:04,13:23:00,DPS,BPN,022,28,0,0,NML,6,2025
"380.,AW139,PKTVN,TVR,PKTVN,PKTVN,29/13:00,29/13:18,04/07:33,04/07:40,""5 days, 18:14:54"",ZZZZ,ZZZZ,H02,28,0,0,NML,6,2025"
381.,B738,PKGFX,GIA,GIA328,GIA305,03/21:09,03/21:13,04/06:55,04/07:06,9:42:00,CGK,CGK,005,28,1,1,NML,6,2025
382.,B738,PKGNF,GIA,GIA855,GIA854,03/20:08,03/20:14,04/06:46,04/06:56,10:32:00,SIN,SIN,A02,28,1,1,NML,6,2025
383.,B739,PKLJI,LNI,LNI363,LNI266,04/06:17,04/06:25,04/07:10,04/07:20,0:45:00,BPN,BPN,014,28,1,1,NML,6,2025
384.,A320,PKLUJ,BTK,BTK6406,BTK7510,03/15:39,03/15:43,04/07:29,04/07:41,15:46:00,CGK,HLP,025,28,0,0,NML,6,2025
385.,A320,PKAZU,AWQ,AWQ325,AWQ392,03/20:49,03/20:55,04/07:24,04/07:36,10:29:00,KUL,JHB,A5T,28,0,0,NML,6,2025
386.,B739,PKLFW,LNI,LNI929,LNI646,04/07:00,04/07:05,04/07:52,04/08:01,0:47:00,DPS,LOP,15B,28,0,0,NML,6,2025
387.,B739,PKLVF,LNI,LNI311,LNI693,04/06:57,04/07:02,04/08:08,04/08:19,1:06:00,BDJ,CGK,009,10,1,1,NML,6,2025
388.,A320,PKGLY,CTV,CTV170,CTV175,04/07:16,04/07:22,04/08:04,04/08:17,0:42:00,HLP,HLP,007,10,1,1,NML,6,2025
389.,A333,BHLV,CPA,CPA779,CPA780,03/17:54,03/18:01,04/08:15,04/08:31,14:14:00,HKG,HKG,A08,10,1,1,NML,6,2025
390.,A320,PKLUI,BTK,BTK6572,BTK6573,04/07:39,04/07:45,04/08:32,04/08:44,0:47:00,CGK,CGK,010,10,1,1,NML,6,2025
391.,A320,PKGTA,CTV,CTV690,CTV460,04/07:34,04/07:44,04/08:17,04/08:39,0:33:00,DPS,AAP,006,10,1,1,NML,6,2025
392.,B738,PKLZM,MXD,MXD352,MXD353,03/20:33,03/20:39,04/09:41,04/09:54,13:02:00,KUL,KUL,A04,10,1,1,NML,6,2025
393.,A320,PKLUF,BTK,BTK7521,BTK6391,03/20:39,03/20:43,04/08:53,04/09:03,12:10:00,HLP,CGK,012,10,1,1,NML,6,2025
394.,C172,PKVIL,VIA,PKVIL,PKVIL,03/14:22,03/14:26,04/09:09,04/09:17,18:43:00,JBB,JBB,C07,10,0,0,NML,6,2025
395.,B739,PKLHM,LNI,LNI693,LNI856,04/06:51,04/06:56,04/08:56,04/09:12,2:00:00,KOE,PLM,15A,10,0,0,NML,6,2025
396.,C172,PKVIK,VIA,PKVIK,PKVIK,03/14:23,03/14:27,04/09:13,04/09:20,18:46:00,JBB,JBB,C07,10,0,0,NML,6,2025
397.,B738,PKLQZ,LNI,LNI837,LNI748,04/07:58,04/08:05,04/08:59,04/09:14,0:54:00,PNK,MDC,014,10,1,1,NML,6,2025
398.,B738,PKGNM,GIA,GIA304,GIA342,04/08:21,04/08:26,04/09:19,04/09:34,0:53:00,CGK,DPS,004,10,1,1,NML,6,2025
399.,A320,PKPWK,PAS,PAS200,PAS201,04/08:15,04/08:18,04/09:23,04/09:46,1:05:00,CGK,CGK,005,10,1,1,NML,6,2025
400.,A320,PKGLR,CTV,CTV671,CTV486,04/08:35,04/08:38,04/09:20,04/09:36,0:42:00,LOP,BDJ,007,10,1,1,NML,6,2025
"401.,A320,PKSJP,SJV,SJV705,SJV702,02/12:13,03/23:27,04/09:51,04/10:06,""1 day, 21:33:00"",DPS,DPS,020,10,0,1,NML,6,2025"
402.,B733,PKMYJ,MYU,MYU935,MYU815,04/08:45,04/08:50,04/09:36,04/09:46,0:46:00,SRG,CGK,C02,10,0,0,NML,6,2025
403.,B738,9MMXK,MAS,MAS871,MAS870,04/09:10,04/09:15,04/10:07,04/10:20,0:52:00,KUL,KUL,A07,10,1,1,NML,6,2025
404.,B735,PKNAT,LKN,LKN243,LKN242,04/09:01,04/09:06,04/09:52,04/10:01,0:46:00,SMQ,SMQ,010,10,1,1,NML,6,2025
405.,A359,9VSHI,SIA,SIA922,SIA923,04/08:57,04/09:03,04/10:00,04/10:14,0:57:00,SIN,SIN,A08,10,1,1,NML,6,2025
406.,A320,PKBKU,BTK,BTK6584,BTK6585,04/09:56,04/10:00,04/10:54,04/11:07,0:54:00,CGK,CGK,009,10,1,1,NML,6,2025
407.,A320,PKSGD,SJV,SJV635,SJV632,04/09:32,04/09:36,04/10:20,04/10:39,0:44:00,BDJ,BDJ,012,10,1,1,NML,6,2025
408.,A320,PKGQK,CTV,CTV351,CTV350,04/09:38,04/09:41,04/10:19,04/10:29,0:38:00,UPG,UPG,006,10,1,1,NML,6,2025
409.,B739,PKLGL,LNI,LNI791,LNI706,04/10:04,04/10:08,04/11:07,04/11:16,0:59:00,UPG,UPG,015,10,1,1,NML,6,2025
410.,A20N,9VTNG,TGW,TGW296,TGW297,04/10:11,04/10:17,04/11:06,04/11:18,0:49:00,SIN,SIN,A02,10,1,1,NML,6,2025
411.,A320,PKPWL,PAS,PAS210,PAS211,04/09:23,04/09:26,04/10:27,04/10:46,1:01:00,CGK,CGK,005,10,1,1,NML,6,2025
412.,B739,PKLHH,LNI,LNI970,LNI973,04/09:43,04/09:47,04/10:40,04/10:53,0:53:00,BTH,BTH,011,10,1,1,NML,6,2025
413.,A320,PKLAZ,BTK,BTK6134,BTK6346,04/09:51,04/09:56,04/10:52,04/11:05,0:56:00,PKN,BEJ,016,10,1,1,NML,6,2025
414.,A320,PKLAI,BTK,BTK7513,BTK7516,04/09:59,04/10:04,04/10:45,04/10:56,0:41:00,HLP,HLP,008,10,1,1,NML,6,2025
415.,A320,PKSAG,SJV,SJV641,SJV642,04/09:48,04/09:51,04/10:58,04/11:09,1:07:00,AAP,AAP,014,10,1,1,NML,6,2025
416.,B739,PKLJG,LNI,LNI694,LNI694,04/10:37,04/10:42,04/11:40,04/11:50,0:58:00,CGK,KOE,012,10,1,1,NML,6,2025
417.,A320,PKAZX,AWQ,AWQ321,AWQ322,04/10:41,04/10:45,04/11:15,04/11:25,0:30:00,KUL,KUL,A5T,10,0,0,NML,6,2025
418.,A320,PKLUJ,BTK,BTK7517,BTK7520,04/10:34,04/10:38,04/11:35,04/11:45,0:57:00,HLP,HLP,010,10,1,1,NML,6,2025
419.,B738,PKGFP,GIA,GIA322,GIA327,04/10:07,04/10:10,04/11:45,04/11:56,1:35:00,CGK,CGK,004,10,1,1,NML,6,2025
420.,B738,PKLOJ,LNI,LNI697,LNI697,04/11:03,04/11:07,04/12:08,04/12:17,1:01:00,KOE,CGK,17A,10,0,0,NML,6,2025
421.,B739,PKLHQ,LNI,LNI267,LNI804,04/07:11,04/07:16,04/11:58,04/12:05,4:42:00,TRK,DPS,021,10,0,0,NML,6,2025
422.,A320,PKGLX,CTV,CTV9693,CTV9692,04/11:27,04/11:32,04/12:12,04/12:22,0:40:00,DPS,DPS,007,10,1,1,NML,6,2025
423.,A320,PKSJA,SJV,SJV567,SJV636,04/11:40,04/11:44,04/12:37,04/12:47,0:53:00,PLW,BDJ,009,10,1,1,NML,6,2025
424.,B739,PKLFW,LNI,LNI645,LNI780,04/10:51,04/10:54,04/12:28,04/12:40,1:34:00,LOP,UPG,020,10,0,0,NML,6,2025
425.,B735,PKNAQ,LKN,LKN193,LKN192,04/11:36,04/11:40,04/12:30,04/12:42,0:50:00,PKN,PKN,011,10,1,1,NML,6,2025
426.,A320,PKGTA,CTV,CTV461,CTV698,04/12:33,04/12:37,04/13:20,04/13:35,0:43:00,AAP,DPS,006,10,1,1,NML,6,2025
427.,B739,PKLHL,LNI,LNI787,LNI680,04/12:38,04/12:43,04/13:37,04/13:44,0:54:00,UPG,PKY,014,10,1,1,NML,6,2025
428.,A320,PKLUI,BTK,BTK6596,BTK6595,04/13:03,04/13:07,04/14:06,04/14:14,0:59:00,CGK,CGK,009,10,1,1,NML,6,2025
429.,B738,PKLJQ,LNI,LNI869,LNI722,04/12:15,04/12:20,04/13:52,04/14:03,1:32:00,TTE,KDI,010,10,1,1,NML,6,2025
430.,A320,PKGLR,CTV,CTV487,CTV668,04/12:23,04/12:26,04/13:21,04/13:31,0:55:00,BDJ,DPS,008,10,1,1,NML,6,2025
431.,A320,PKPWJ,PAS,PAS204,PAS205,04/11:52,04/11:56,04/13:15,04/13:28,1:19:00,CGK,CGK,005,10,1,1,NML,6,2025
432.,A320,PKAZU,AWQ,AWQ393,AWQ324,04/12:19,04/12:23,04/13:23,04/13:39,1:00:00,JHB,KUL,A5T,10,0,0,NML,6,2025
433.,B738,PKLKV,LNI,LNI839,LNI836,04/13:00,04/13:05,04/14:20,04/14:28,1:15:00,PNK,PNK,015,10,1,1,NML,6,2025
434.,A320,PKSGD,SJV,SJV633,SJV726,04/13:49,04/13:53,04/14:45,04/14:58,0:52:00,BDJ,LBJ,011,10,1,1,NML,6,2025
435.,A320,PKGQG,CTV,CTV431,CTV948,04/13:37,04/13:40,04/14:25,04/14:38,0:45:00,BPN,BTH,007,10,1,1,NML,6,2025
436.,B738,PKGNE,GIA,GIA312,GIA317,04/13:33,04/13:36,04/14:35,04/14:47,0:59:00,CGK,CGK,004,10,1,1,NML,6,2025
437.,B739,PKLHM,LNI,LNI857,LNI260,04/13:29,04/13:32,04/14:38,04/14:49,1:06:00,PLM,BPN,012,10,1,1,NML,6,2025
438.,A320,9VJSL,JSA,JSA247,JSA248,04/13:54,04/13:59,04/14:45,04/14:54,0:46:00,SIN,SIN,A06,10,1,1,NML,6,2025
439.,A320,PKPWE,PAS,PAS208,PAS209,04/13:47,04/13:50,04/15:05,04/15:17,1:15:00,CGK,CGK,006,10,1,1,NML,6,2025
440.,B739,PKLHQ,LNI,LNI919,LNI642,04/15:02,04/15:07,04/15:55,04/16:07,0:48:00,DPS,LOP,015,10,1,1,NML,6,2025
441.,B738,PKGMI,GIA,GIA330,GIA331,04/14:01,04/14:04,04/15:03,04/15:15,0:59:00,HLP,HLP,005,10,1,1,NML,6,2025
442.,B739,PKLJI,LNI,LNI261,LNI920,04/14:07,04/14:13,04/16:07,04/16:21,1:54:00,BPN,DPS,014,10,1,1,NML,6,2025
443.,A320,PKGQP,CTV,CTV716,CTV717,04/14:33,04/14:38,04/15:34,04/15:47,0:56:00,CGK,CGK,007,10,1,1,NML,6,2025
444.,A320,PKBKJ,BTK,BTK7501,BTK7512,04/15:35,04/15:38,04/16:32,04/16:50,0:54:00,HLP,HLP,008,10,1,1,NML,6,2025
445.,B739,PKLGL,LNI,LNI707,LNI581,04/14:45,04/14:48,04/15:50,04/16:02,1:02:00,UPG,CGK,010,10,1,1,NML,6,2025
446.,B738,9MMLU,MAS,MAS873,MAS872,04/14:50,04/14:55,04/15:46,04/15:55,0:51:00,KUL,KUL,A07,10,1,1,NML,6,2025
447.,A320,PKSAG,SJV,SJV643,SJV614,04/15:10,04/15:13,04/16:08,04/16:16,0:55:00,AAP,BPN,009,10,1,1,NML,6,2025
448.,A320,PKGLX,CTV,CTV699,CTV434,04/15:30,04/15:34,04/16:17,04/16:28,0:43:00,DPS,BPN,006,10,1,1,NML,6,2025
449.,B738,HSLUJ,TLM,TLM268,TLM269,04/15:00,04/15:07,04/16:11,04/16:23,1:04:00,DMK,DMK,A04,10,1,1,NML,6,2025
450.,A320,PKSJA,SJV,SJV637,SJV648,04/15:44,04/15:47,04/16:37,04/16:53,0:50:00,BDJ,BPN,011,10,1,1,NML,6,2025
451.,B738,PKGFP,GIA,GIA310,GIA315,04/15:27,04/15:30,04/16:32,04/16:52,1:02:00,CGK,CGK,004,10,1,1,NML,6,2025
452.,B738MAX,9VMBL,SIA,SIA926,SIA927,04/15:40,04/15:46,04/16:46,04/16:58,1:00:00,SIN,SIN,A06,10,1,1,NML,6,2025
453.,B739,PKLJG,LNI,LNI695,LNI268,04/16:39,04/16:42,04/17:27,04/17:38,0:45:00,KOE,TRK,012,10,1,1,NML,6,2025
454.,A320,PKPWH,PAS,PAS206,PAS623,04/15:37,04/15:41,04/16:32,04/16:45,0:51:00,CGK,BPN,005,10,1,1,NML,6,2025
455.,B739,PKLSO,LNI,LNI692,LNI692,04/16:00,04/16:04,04/16:54,04/17:04,0:50:00,CGK,KOE,016,10,1,1,NML,6,2025
456.,A320,PKGTA,CTV,CTV669,CTV488,04/16:04,04/16:09,04/16:59,04/17:15,0:50:00,DPS,BDJ,007,10,1,1,NML,6,2025
"457.,B739,PKLQR,LNI,LNI695,LNI226,22/15:59,22/16:05,04/17:52,04/18:02,""13 days, 1:47:00"",KOE,BDJ,C04,10,0,0,NML,6,2025"
458.,A320,PKBLD,BTK,BTK6578,BTK7579,04/16:31,04/16:35,04/17:25,04/17:35,0:50:00,CGK,CGK,010,10,1,1,NML,6,2025
459.,GLF4,PKBON,CEO,CEO54,CEO54,04/16:47,04/16:52,04/17:07,04/17:15,0:15:00,SRG,HLP,A09,10,0,0,NML,6,2025
460.,B738,PKLQZ,LNI,LNI749,LNI838,04/14:55,04/15:01,04/17:34,04/17:42,2:33:00,MDC,PNK,020,10,0,0,NML,6,2025
461.,A320,PKAZX,AWQ,AWQ323,AWQ326,04/17:08,04/17:12,04/17:41,04/17:50,0:29:00,KUL,KUL,A03,10,1,1,NML,6,2025
462.,A320,PKSJP,SJV,SJV723,SJV708,04/17:44,04/17:48,04/18:35,04/18:46,0:47:00,DPS,DPS,010,10,1,1,NML,6,2025
463.,A320,PKPWL,PAS,PAS622,PAS207,04/17:13,04/17:17,04/18:14,04/18:31,0:57:00,BPN,CGK,006,10,1,1,NML,6,2025
464.,B738,PKGNM,GIA,GIA349,GIA313,04/17:21,04/17:24,04/18:20,04/18:34,0:56:00,DPS,CGK,004,10,1,1,NML,6,2025
465.,A320,PKSGD,SJV,SJV725,SJV716,04/18:32,04/18:39,04/19:36,04/19:52,0:57:00,LBJ,LOP,014,10,1,1,NML,6,2025
466.,A320,PKLAI,BTK,BTK7503,BTK7502,04/17:40,04/17:44,04/18:33,04/18:44,0:49:00,HLP,HLP,009,10,1,1,NML,6,2025
467.,B738,PKGMX,GIA,GIA320,GIA325,04/17:27,04/17:30,04/18:49,04/19:02,1:19:00,CGK,CGK,005,10,1,1,NML,6,2025
468.,B738,PKCRI,SJY,SJY567,SJY562,04/18:21,04/18:24,04/19:17,04/19:29,0:53:00,UPG,UPG,011,10,1,1,NML,6,2025
469.,A320,PKGQS,CTV,CTV172,CTV173,04/18:11,04/18:15,04/19:00,04/19:14,0:45:00,HLP,HLP,007,10,1,1,NML,6,2025
470.,B738MAX,9VMBN,SIA,SIA928,SIA929,04/18:18,04/18:25,04/19:21,04/19:34,0:56:00,SIN,SIN,A06,10,1,1,NML,6,2025
471.,A320,PKGLS,CTV,CTV949,CTV494,04/18:25,04/18:29,04/19:24,04/19:38,0:55:00,BTH,BDJ,008,10,1,1,NML,6,2025
472.,B738,PKBGF,BTK,BTK6576,BTK6575,04/18:29,04/18:33,04/19:24,04/19:40,0:51:00,CGK,CGK,012,10,1,1,NML,6,2025
473.,A320,PKGQK,CTV,CTV489,CTV693,04/19:12,04/19:15,04/19:44,04/19:58,0:29:00,BDJ,DPS,007,10,1,1,NML,6,2025
474.,A320,PKBKJ,BTK,BTK7519,BTK7518,04/19:46,04/19:49,04/20:25,04/20:34,0:36:54,HLP,HLP,010,10,1,1,NML,6,2025
475.,B739,PKLQT,LNI,LNI879,LNI880,04/15:13,04/15:16,04/19:45,04/19:56,4:29:00,AMQ,UPG,021,10,0,0,NML,6,2025
476.,A320,PKGLU,CTV,CTV736,CTV9694,04/19:15,04/19:18,04/19:57,04/20:06,0:39:00,CGK,DPS,006,10,1,1,NML,6,2025
477.,B738,PKGFQ,GIA,GIA326,GIA319,04/18:53,04/18:56,04/19:57,04/20:10,1:01:00,CGK,CGK,004,10,1,1,NML,6,2025
478.,A320,PKGQF,CTV,CTV724,CTV354,04/19:40,04/19:44,04/20:30,04/20:42,0:46:00,CGK,UPG,009,10,1,1,NML,6,2025
479.,A320,PKGLX,CTV,CTV435,CTV737,04/19:50,04/19:54,04/20:39,04/20:52,0:45:00,BPN,CGK,008,10,1,1,NML,6,2025
480.,A320,PKLAZ,BTK,BTK6347,BTK6136,04/15:20,04/15:24,04/22:37,04/22:46,7:13:03,BEJ,UPG,025,10,0,0,NML,6,2025
481.,A320,PKLAY,BTK,BTK7521,BTK7508,04/20:50,04/20:54,05/04:57,05/05:06,8:03:00,HLP,HLP,010,28,1,1,NML,6,2025
482.,A320,PKAZU,AWQ,AWQ325,AWQ320,04/19:18,04/19:24,05/05:00,05/05:15,9:36:00,KUL,KUL,A01,28,1,1,NML,6,2025
483.,A320,PKSTD,SJV,SJV613,SJV610,04/22:10,04/22:14,05/04:58,05/05:08,6:44:00,BPN,BPN,014,28,1,1,NML,6,2025
484.,A320,PKGQP,CTV,CTV9695,CTV430,04/22:18,04/22:21,05/04:56,05/05:03,6:35:00,DPS,BPN,006,28,1,1,NML,6,2025
485.,B739,PKLHL,LNI,LNI681,LNI786,04/16:43,04/16:47,05/05:03,05/05:13,12:16:00,PKY,UPG,024,28,0,0,NML,6,2025
486.,A320,PKLUY,BTK,BTK6137,BTK6132,04/19:44,04/19:48,05/05:08,05/05:17,9:20:00,UPG,LOP,011,28,1,1,NML,6,2025
487.,A320,PKGLG,CTV,CTV495,CTV725,04/19:08,04/19:13,05/05:48,05/06:00,10:35:37,BDJ,CGK,003,28,0,0,NML,6,2025
488.,A320,PKGQF,CTV,CTV353,CTV9670,05/05:01,05/05:07,05/05:55,05/06:10,0:48:00,UPG,LOP,007,28,1,1,NML,6,2025
489.,A320,V8RBD,RBA,RBA795,RBA796,04/19:54,04/20:00,05/06:04,05/06:16,10:04:00,BWN,BWN,A06,28,1,1,NML,6,2025
490.,B738,PKLJQ,LNI,LNI727,LNI868,04/18:00,04/18:04,05/05:50,05/06:02,11:46:24,KDI,TTE,023,28,0,0,NML,6,2025
491.,A320,PKSAG,SJV,SJV617,SJV640,04/19:35,04/19:41,05/06:25,05/06:36,10:44:00,BPN,AAP,016,28,1,1,NML,6,2025
492.,A320,PKPWC,PAS,PAS212,PAS213,04/20:39,04/20:42,05/06:06,05/06:13,9:24:00,CGK,CGK,005,28,1,1,NML,6,2025
493.,A320,PKAZX,AWQ,AWQ327,AWQ386,04/23:09,04/23:14,05/05:56,05/06:05,6:42:00,KUL,PEN,A03,28,1,1,NML,6,2025
494.,A320,PKBKV,BTK,BTK6413,BTK6412,04/20:54,04/20:58,05/06:21,05/06:33,9:23:00,DPS,DPS,015,28,1,1,NML,6,2025
495.,A320,PKSJP,SJV,SJV727,SJV634,04/21:12,04/21:16,05/06:32,05/06:42,9:15:19,DPS,BDJ,021,28,0,0,NML,6,2025
496.,B739,PKLGJ,LNI,LNI690,LNI971,05/05:10,05/05:16,05/07:11,05/07:20,1:55:00,CGK,BTH,010,28,1,1,NML,6,2025
497.,A320,PKLAO,BTK,BTK6406,BTK6135,04/15:06,04/15:09,05/07:00,05/07:10,15:51:00,CGK,PKN,026,28,0,0,NML,6,2025
498.,C208,PKVVF,SUS,PKVVF,PKVVF,04/11:32,04/11:36,05/07:04,05/07:12,19:28:00,BXW,BXW,C07,28,0,0,NML,6,2025
499.,B738,PKGMC,GIA,GIA324,GIA305,04/21:08,04/21:12,05/06:55,05/07:04,9:43:00,CGK,CGK,004,28,1,1,NML,6,2025
500.,B738,PKGNF,GIA,GIA855,GIA854,04/20:44,04/20:50,05/06:55,05/07:17,10:05:00,SIN,SIN,A02,28,1,1,NML,6,2025
501.,A320,PKLUU,BTK,BTK7511,BTK6589,05/06:51,05/06:57,05/07:49,05/07:57,0:52:00,HLP,CGK,008,28,1,1,NML,6,2025
502.,A320,PKBKY,BTK,BTK6588,BTK7510,04/21:25,04/21:29,05/07:51,05/08:05,10:22:00,CGK,HLP,012,28,1,1,NML,6,2025
503.,A320,PKGLY,CTV,CTV170,CTV175,05/06:39,05/06:46,05/07:33,05/07:43,0:47:00,HLP,HLP,007,28,1,1,NML,6,2025
504.,B739,PKLSO,LNI,LNI693,LNI693,05/06:47,05/06:53,05/07:47,05/07:55,0:54:00,KOE,CGK,014,28,1,1,NML,6,2025
505.,A320,PKGQK,CTV,CTV690,CTV460,05/06:55,05/07:02,05/07:38,05/07:47,0:36:00,DPS,AAP,006,28,1,1,NML,6,2025
506.,B739,PKLFO,LNI,LNI311,LNI982,05/06:07,05/06:12,05/08:10,05/08:19,1:58:00,BDJ,PKU,011,28,1,1,NML,6,2025
507.,A21N,B32L6,CSN,CSN8137,CSN8138,04/21:41,04/21:49,05/07:45,05/08:00,9:56:00,CAN,CAN,A07,28,1,1,NML,6,2025
508.,B739,PKLGW,LNI,LNI972,LNI973,04/16:18,04/22:44,05/08:04,05/08:14,15:40:00,BTH,BTH,009,28,1,1,NML,6,2025
509.,A333,BHLU,CPA,CPA779,CPA780,04/17:53,04/18:00,05/08:17,05/08:36,14:17:00,HKG,HKG,A08,28,1,1,NML,6,2025
510.,B739,PKLJG,LNI,LNI267,LNI990,05/07:15,05/07:19,05/08:28,05/08:39,1:09:00,TRK,DPS,010,28,1,1,NML,6,2025
"511.,DHC6,PKICP,PGT,PKICP,PKICP,03/11:18,03/11:20,05/07:56,05/08:09,""1 day, 20:36:00"",PAG,PAG,028,28,0,0,NML,6,2025"
512.,B739,PKLJI,LNI,LNI929,LNI222,05/07:02,05/07:07,05/08:47,05/08:57,1:40:00,DPS,BDJ,015,28,1,1,NML,6,2025
513.,A320,PKLUY,BTK,BTK6133,BTK6391,05/07:49,05/07:56,05/08:48,05/08:55,0:52:00,LOP,CGK,008,28,1,1,NML,6,2025
514.,B738,PKLZZ,MXD,MXD352,MXD353,04/19:31,04/19:37,05/09:04,05/09:23,13:27:00,KUL,KUL,A04,28,1,1,NML,6,2025
515.,A320,PKSTH,SJV,SJV649,SJV618,05/07:45,05/07:50,05/08:55,05/09:09,1:05:00,BPN,BPN,021,28,0,0,NML,6,2025
516.,B738,PKLQZ,LNI,LNI837,LNI748,05/08:07,05/08:14,05/09:05,05/09:17,0:51:00,PNK,MDC,014,28,1,1,NML,6,2025
517.,B739,PKLFF,LNI,LNI683,LNI682,05/08:03,05/08:08,05/09:15,05/09:27,1:07:00,PKY,PKY,012,28,1,1,NML,6,2025
518.,B738,PKGNM,GIA,GIA304,GIA342,05/08:12,05/08:21,05/09:24,05/09:49,1:03:00,CGK,DPS,004,10,1,1,NML,6,2025
519.,A320,PKPWE,PAS,PAS200,PAS201,05/08:08,05/08:24,05/09:18,05/09:32,0:54:00,CGK,CGK,005,28,1,1,NML,6,2025
520.,A320,PKGQF,CTV,CTV9671,CTV486,05/08:22,05/08:28,05/09:20,05/09:35,0:52:00,LOP,BDJ,006,28,1,1,NML,6,2025
521.,E135,T7JCI,AFS,T7JCI,T7JCI,05/08:34,05/08:40,05/08:53,05/09:02,0:13:00,CGK,CGK,003,28,0,0,NML,6,2025
"522.,A320,PKSJG,SJV,SJV611,SJV706,04/08:41,04/08:44,05/09:47,05/10:00,""1 day, 1:03:00"",BPN,DPS,022,10,0,0,NML,6,2025"
523.,B738,9MMLU,MAS,MAS871,MAS870,05/09:05,05/09:10,05/09:56,05/10:09,0:46:00,KUL,KUL,A06,10,1,1,NML,6,2025
524.,A359,9VSHW,SIA,SIA922,SIA923,05/09:00,05/09:04,05/10:07,05/10:20,1:03:00,SIN,SIN,A08,10,1,1,NML,6,2025
525.,A320,PKLUI,BTK,BTK6584,BTK6585,05/09:36,05/09:42,05/10:41,05/10:51,0:59:00,CGK,CGK,008,10,1,1,NML,6,2025
526.,B733,PKMYJ,MYU,MYU935,MYU815,05/08:41,05/08:44,05/09:13,05/09:24,0:29:00,SRG,CGK,C02,28,0,0,NML,6,2025
527.,A320,PKGQN,CTV,CTV351,CTV350,05/09:46,05/09:49,05/10:34,05/10:47,0:45:00,UPG,UPG,007,10,1,1,NML,6,2025
528.,B739,PKLHQ,LNI,LNI865,LNI706,04/18:36,04/18:40,05/10:29,05/10:45,15:49:00,LOP,UPG,020,10,0,0,NML,6,2025
529.,A20N,9VTNG,TGW,TGW296,TGW297,05/09:33,05/09:36,05/10:28,05/10:40,0:52:00,SIN,SIN,A02,10,1,1,NML,6,2025
530.,A320,PKLAO,BTK,BTK6134,BTK6346,05/09:50,05/09:54,05/10:54,05/11:03,1:00:00,PKN,BEJ,010,10,1,1,NML,6,2025
531.,A320,PKLUJ,BTK,BTK7513,BTK7516,05/10:43,05/10:47,05/11:32,05/11:49,0:45:00,HLP,HLP,008,10,1,1,NML,6,2025
532.,B739,PKLHR,LNI,LNI970,LNI262,05/09:53,05/09:56,05/10:57,05/11:13,1:01:00,BTH,BPN,011,10,1,1,NML,6,2025
533.,A320,PKGQI,CTV,CTV722,CTV723,05/10:03,05/10:06,05/10:50,05/11:02,0:44:00,CGK,CGK,006,10,1,1,NML,6,2025
534.,B738,PKLKQ,LNI,LNI885,LNI822,04/19:00,04/19:04,05/11:09,05/11:19,16:05:00,UPG,LOP,018,10,0,0,NML,6,2025
535.,F100,VHFGB,SXI,SXI2526,SXI2526,05/09:58,05/10:03,05/10:57,05/11:06,0:54:00,XSP,DRW,030,10,0,0,NML,6,2025
536.,B739,PKLGS,LNI,LNI694,LNI694,05/10:34,05/10:38,05/11:37,05/11:49,0:59:00,CGK,KOE,009,10,1,1,NML,6,2025
537.,A320,PKAZO,AWQ,AWQ321,AWQ322,05/10:55,05/11:00,05/11:32,05/11:41,0:32:00,KUL,KUL,A01,10,1,1,NML,6,2025
538.,B739,PKLSW,LNI,LNI367,LNI697,05/09:55,05/09:59,05/11:31,05/11:45,1:32:00,BPN,CGK,012,10,1,1,NML,6,2025
539.,B738,PKGFG,GIA,GIA322,GIA327,05/10:05,05/10:09,05/11:42,05/11:57,1:33:00,CGK,CGK,004,10,1,1,NML,6,2025
540.,A320,PKBKR,BTK,BTK7517,BTK7520,05/11:23,05/11:28,05/12:33,05/12:46,1:05:00,HLP,HLP,010,10,1,1,NML,6,2025
541.,B738MAX,9MLRF,MXD,MXD350,MXD351,05/10:38,05/10:44,05/11:40,05/11:54,0:56:00,KUL,KUL,A03,10,1,1,NML,6,2025
542.,A320,PKGQK,CTV,CTV461,CTV698,05/11:12,05/11:15,05/11:54,05/12:05,0:39:00,AAP,DPS,006,10,1,1,NML,6,2025
543.,B739,PKLJG,LNI,LNI805,LNI804,05/11:26,05/11:30,05/12:25,05/12:37,0:55:00,DPS,DPS,011,10,1,1,NML,6,2025
544.,A320,PKSAO,SJV,SJV363,SJV362,05/11:00,05/11:05,05/12:00,05/12:10,0:55:00,KNO,KNO,014,10,1,1,NML,6,2025
545.,A320,PKBLD,BTK,BTK6582,BTK6581,05/11:43,05/11:47,05/12:39,05/12:48,0:52:00,CGK,CGK,009,10,1,1,NML,6,2025
546.,B739,PKLJI,LNI,LNI223,LNI680,05/11:46,05/11:50,05/13:20,05/13:33,1:30:58,BDJ,PKY,012,10,1,1,NML,6,2025
547.,B739,PKLQS,LNI,LNI791,LNI780,05/11:32,05/11:37,05/13:16,05/13:29,1:39:23,UPG,UPG,015,10,1,1,NML,6,2025
548.,A320,PKSJK,SJV,SJV717,SJV636,05/05:57,05/06:01,05/12:27,05/12:39,6:25:35,LOP,BDJ,025,10,0,0,NML,6,2025
549.,A320,PKGQC,CTV,CTV9693,CTV9692,05/11:39,05/11:42,05/12:27,05/12:40,0:45:00,DPS,DPS,007,10,1,1,NML,6,2025
550.,A320,PKLAF,BTK,BTK6596,BTK6595,05/12:53,05/12:57,05/13:46,05/13:57,0:49:38,CGK,CGK,010,10,1,1,NML,6,2025
551.,A320,PKPWL,PAS,PAS204,PAS205,05/11:52,05/11:55,05/13:20,05/13:35,1:25:55,CGK,CGK,005,10,1,1,NML,6,2025
552.,A320,PKAZX,AWQ,AWQ387,AWQ324,05/12:22,05/12:26,05/13:16,05/13:26,0:50:44,PEN,KUL,A03,10,1,1,NML,6,2025
553.,A320,PKGQF,CTV,CTV487,CTV668,05/12:19,05/12:22,05/13:23,05/13:38,1:01:07,BDJ,DPS,006,10,1,1,NML,6,2025
554.,A320,PKSJP,SJV,SJV635,SJV726,05/09:21,05/09:26,05/14:18,05/14:25,4:52:00,BDJ,LBJ,024,10,0,0,NML,6,2025
555.,B738,PKLKV,LNI,LNI839,LNI836,05/12:58,05/13:01,05/14:04,05/14:18,1:03:00,PNK,PNK,014,10,1,1,NML,6,2025
556.,B739,PKLFO,LNI,LNI983,LNI910,05/13:46,05/13:50,05/14:52,05/15:04,1:02:55,PKU,DPS,011,10,1,1,NML,6,2025
557.,A320,PKGLU,CTV,CTV431,CTV948,05/13:24,05/13:28,05/14:16,05/14:30,0:48:56,BPN,BTH,007,10,1,1,NML,6,2025
558.,B738,PKGUF,GIA,GIA312,GIA317,05/13:31,05/13:34,05/14:39,05/14:53,1:05:47,CGK,CGK,004,10,1,1,NML,6,2025
559.,A320,9VJSI,JSA,JSA247,JSA248,05/14:10,05/14:15,05/14:55,05/15:07,0:40:00,SIN,SIN,A07,10,1,1,NML,6,2025
560.,A320,PKLUK,BTK,BTK7515,BTK7514,05/14:15,05/14:20,05/15:11,05/15:24,0:51:00,HLP,HLP,009,10,1,1,NML,6,2025
561.,A320,PKPWK,PAS,PAS208,PAS209,05/13:51,05/13:54,05/15:04,05/15:15,1:10:00,CGK,CGK,006,10,1,1,NML,6,2025
562.,B738,PKGFV,GIA,GIA330,GIA331,05/14:06,05/14:08,05/15:12,05/15:26,1:04:00,HLP,HLP,005,10,1,1,NML,6,2025
563.,B739,PKLHQ,LNI,LNI787,LNI642,05/14:42,05/14:46,05/15:48,05/15:59,1:02:00,UPG,LOP,015,10,1,1,NML,6,2025
564.,A320,PKLUH,BTK,BTK6406,BTK6220,05/15:47,05/15:52,05/16:45,05/16:55,0:53:22,CGK,BPN,010,10,1,1,NML,6,2025
565.,A320,PKGLT,CTV,CTV716,CTV717,05/14:27,05/14:31,05/15:16,05/15:35,0:45:13,CGK,CGK,007,10,1,1,NML,6,2025
566.,A320,PKGQK,CTV,CTV699,CTV434,05/14:33,05/14:37,05/15:32,05/15:46,0:55:38,DPS,BPN,008,10,1,1,NML,6,2025
567.,A320,PKBKR,BTK,BTK7501,BTK7512,05/16:34,05/16:38,05/17:25,05/17:38,0:47:00,HLP,HLP,011,10,1,1,NML,6,2025
568.,B738,PKLQZ,LNI,LNI749,LNI581,05/15:00,05/15:04,05/15:58,05/16:06,0:54:00,MDC,CGK,012,10,1,1,NML,6,2025
569.,B738,9MMXQ,MAS,MAS873,MAS872,05/14:37,05/14:43,05/15:41,05/16:29,0:58:12,KUL,KUL,A08,10,1,1,NML,6,2025
570.,A320,PKLAO,BTK,BTK6347,BTK6401,05/15:51,05/15:55,05/16:52,05/17:04,0:57:36,BEJ,CGK,009,10,1,1,NML,6,2025
571.,B738,9MMXQ,MAS,MAS872,MAS872A,05/15:47,05/15:49,05/16:20,05/16:29,0:31:00,SUB,KUL,A08,10,1,1,NML,6,2025
572.,B738MAX,9VMBA,SIA,SIA926,SIA927,05/15:41,05/15:51,05/16:45,05/16:59,0:54:29,SIN,SIN,A07,10,1,1,NML,6,2025
573.,B738,PKGFI,GIA,GIA310,GIA315,05/15:29,05/15:31,05/16:35,05/16:48,1:04:05,CGK,CGK,004,10,1,1,NML,6,2025
574.,A320,PKPWC,PAS,PAS206,PAS623,05/15:44,05/15:46,05/16:40,05/16:52,0:54:47,CGK,BPN,005,10,1,1,NML,6,2025
575.,B739,PKLJG,LNI,LNI919,LNI692,05/15:12,05/15:16,05/17:51,05/18:04,2:35:55,DPS,KOE,014,10,1,1,NML,6,2025
576.,B739,PKLFW,LNI,LNI709,LNI800,05/16:16,05/16:20,05/17:15,05/17:26,0:55:26,UPG,UPG,015,10,1,1,NML,6,2025
577.,A320,PKGQF,CTV,CTV669,CTV488,05/16:22,05/16:26,05/17:15,05/17:22,0:49:00,DPS,BDJ,006,10,1,1,NML,6,2025
578.,B739,PKLJI,LNI,LNI681,LNI226,05/16:26,05/16:29,05/17:36,05/17:48,1:07:10,PKY,BDJ,012,10,1,1,NML,6,2025
579.,A320,PKBLD,BTK,BTK6578,BTK7579,05/16:32,05/16:35,05/17:21,05/17:33,0:46:00,CGK,CGK,008,10,1,1,NML,6,2025
580.,A320,PKGQI,CTV,CTV495,CTV721,05/16:41,05/16:46,05/17:32,05/17:45,0:46:41,BDJ,CGK,007,10,1,1,NML,6,2025
581.,B738,PKLJQ,LNI,LNI869,LNI838,05/12:16,05/12:21,05/17:35,05/17:46,5:14:00,TTE,PNK,023,10,0,0,NML,6,2025
582.,A320,PKAZO,AWQ,AWQ323,AWQ326,05/17:05,05/17:11,05/17:42,05/17:53,0:31:59,KUL,KUL,A03,10,1,1,NML,6,2025
583.,A320,PKSJG,SJV,SJV703,SJV708,05/19:19,05/19:24,05/20:31,05/20:41,1:07:00,DPS,DPS,011,10,1,1,NML,6,2025
584.,A320,PKPWF,PAS,PAS622,PAS207,05/17:16,05/17:19,05/18:18,05/18:29,0:59:00,BPN,CGK,006,10,1,1,NML,6,2025
585.,B738,PKGNM,GIA,GIA349,GIA313,05/17:19,05/17:23,05/18:25,05/18:36,1:02:00,DPS,CGK,005,10,1,1,NML,6,2025
586.,A320,PKSAG,SJV,SJV643,SJV716,05/15:54,05/15:58,05/19:45,05/19:59,3:46:01,AAP,LOP,018,10,0,0,NML,6,2025
587.,B738,PKGUI,GIA,GIA320,GIA325,05/17:24,05/17:27,05/19:01,05/19:14,1:34:35,CGK,CGK,004,10,1,1,NML,6,2025
588.,A320,PKGQS,CTV,CTV172,CTV173,05/18:42,05/18:45,05/19:27,05/19:40,0:42:00,HLP,HLP,006,10,1,1,NML,6,2025
589.,B738MAX,9VMBE,SIA,SIA928,SIA929,05/18:02,05/18:08,05/19:05,05/19:27,0:57:00,SIN,SIN,A07,10,1,1,NML,6,2025
590.,B738,PKBGF,BTK,BTK6576,BTK6575,05/18:27,05/18:30,05/19:36,05/19:44,1:06:00,CGK,CGK,009,10,1,1,NML,6,2025
591.,B735,PKCLE,SJY,SJY567,SJY562,05/19:57,05/20:01,05/20:45,05/20:58,0:44:00,UPG,UPG,012,10,1,1,NML,6,2025
592.,A320,PKGQQ,CTV,CTV736,CTV9694,05/18:38,05/18:42,05/19:38,05/19:48,0:56:00,CGK,DPS,007,10,1,1,NML,6,2025
593.,A320,PKLUH,BTK,BTK6221,BTK7502,05/20:23,05/20:26,05/21:14,05/21:23,0:48:00,BPN,HLP,009,10,1,1,NML,6,2025
594.,A320,PKBKR,BTK,BTK7519,BTK7518,05/20:32,05/20:37,05/21:27,05/21:36,0:50:00,HLP,HLP,014,10,1,1,NML,6,2025
595.,A320,PKGLX,CTV,CTV949,CTV494,05/19:00,05/19:03,05/19:49,05/20:01,0:46:00,BTH,BDJ,008,10,1,1,NML,6,2025
596.,B739,PKLHO,LNI,LNI885,LNI880,05/19:16,05/19:20,05/20:43,05/20:53,1:23:00,UPG,UPG,17B,10,0,0,NML,6,2025
597.,A320,PKPWK,PAS,PAS202,PAS203,05/19:05,05/19:07,05/20:02,05/20:12,0:55:00,CGK,CGK,005,10,1,1,NML,6,2025
598.,A320,PKSJP,SJV,SJV725,SJV616,05/17:41,05/17:45,05/20:05,05/20:21,2:20:00,LBJ,BPN,016,10,1,1,NML,6,2025
599.,B738,PKGNE,GIA,GIA326,GIA319,05/19:25,05/19:31,05/20:20,05/20:35,0:49:00,CGK,CGK,004,10,1,1,NML,6,2025
600.,A320,PKGQK,CTV,CTV435,CTV737,05/19:09,05/19:13,05/20:07,05/20:17,0:54:00,BPN,CGK,003,10,0,0,NML,6,2025
601.,A320,PKGLS,CTV,CTV724,CTV354,05/19:22,05/19:30,05/20:25,05/20:37,0:55:00,CGK,UPG,006,10,1,1,NML,6,2025
602.,A320,PKGTK,CTV,CTV489,CTV693,05/19:53,05/19:57,05/20:38,05/20:55,0:41:00,BDJ,DPS,007,10,1,1,NML,6,2025
603.,B738,PKLDJ,BTK,BTK6586,BTK6587,05/19:30,05/19:35,05/20:36,05/20:50,1:01:00,CGK,CGK,010,10,1,1,NML,6,2025
604.,A320,PKGQA,CTV,CTV720,CTV9696,05/21:52,05/21:56,05/22:46,05/22:59,0:50:00,CGK,DPS,007,10,1,1,NML,6,2025
605.,B738,PKLOR,LNI,LNI883,LNI878,05/21:06,05/21:10,06/05:02,06/05:11,7:52:00,UPG,AMQ,016,28,1,1,NML,6,2025
606.,A320,PKBKV,BTK,BTK6413,BTK7508,05/20:47,05/20:52,06/04:53,06/05:03,8:01:00,DPS,HLP,011,28,1,1,NML,6,2025
607.,A320,PKAZO,AWQ,AWQ327,AWQ320,05/23:24,05/23:28,06/05:02,06/05:15,5:34:00,KUL,KUL,A03,28,1,1,NML,6,2025
608.,B739,PKLGJ,LNI,LNI972,LNI786,05/16:38,05/16:42,06/04:57,06/05:07,12:14:19,BTH,UPG,021,28,0,0,NML,6,2025
609.,B738,PKGMF,GIA,GIA324,GIA301,05/20:56,05/21:00,06/05:08,06/05:19,8:08:00,CGK,CGK,004,28,1,1,NML,6,2025
610.,A320,PKGQQ,CTV,CTV9695,CTV430,05/22:12,05/22:16,06/05:01,06/05:13,6:45:00,DPS,BPN,009,28,1,1,NML,6,2025
611.,A320,PKBKP,BTK,BTK6588,BTK6132,05/21:18,05/21:23,06/05:06,06/05:16,7:43:00,CGK,LOP,012,28,1,1,NML,6,2025
612.,B739,PKLVF,LNI,LNI690,LNI690,06/04:59,06/05:05,06/05:53,06/06:02,0:48:00,CGK,KOE,011,28,1,1,NML,6,2025
613.,A320,PKGTK,CTV,CTV9697,CTV725,05/23:18,05/23:25,06/05:42,06/05:52,6:17:00,DPS,CGK,007,28,1,1,NML,6,2025
614.,A320,PKLUJ,BTK,BTK7521,BTK6589,05/23:02,05/23:05,06/05:48,06/05:58,6:43:00,HLP,CGK,008,28,1,1,NML,6,2025
615.,A320,PKSJG,SJV,SJV727,SJV706,05/23:07,05/23:12,06/05:58,06/06:11,6:46:00,DPS,DPS,014,28,1,1,NML,6,2025
616.,A320,PKGLS,CTV,CTV353,CTV670,06/05:04,06/05:10,06/05:54,06/06:04,0:44:00,UPG,LOP,009,28,1,1,NML,6,2025
617.,A320,V8RBD,RBA,RBA795,RBA796,05/20:02,05/20:08,06/05:52,06/06:06,9:44:00,BWN,BWN,A06,28,1,1,NML,6,2025
618.,A320,PKPWH,PAS,PAS212,PAS213,05/20:51,05/20:54,06/06:00,06/06:09,9:06:00,CGK,CGK,006,28,1,1,NML,6,2025
619.,A320,PKLAZ,BTK,BTK6594,BTK6412,05/20:15,05/20:19,06/06:18,06/06:27,9:59:00,CGK,DPS,018,28,0,0,NML,6,2025
620.,A320,PKSAG,SJV,SJV717,SJV566,06/05:58,06/06:04,06/06:50,06/06:56,0:45:32,LOP,PLW,011,28,1,1,NML,6,2025
621.,C208,PKVVF,SUS,PKVVF,PKVVF,05/08:53,05/08:56,06/07:12,06/07:20,22:16:00,BXW,BXW,C07,28,0,0,NML,6,2025
622.,A320,PKLAT,BTK,BTK7503,BTK6135,05/21:02,05/21:07,06/06:54,06/07:03,9:47:00,HLP,PKN,010,28,1,1,NML,6,2025
623.,B738,PKGNN,GIA,GIA328,GIA305,05/20:05,05/20:09,06/06:50,06/07:00,10:41:00,CGK,CGK,005,28,1,1,NML,6,2025
624.,B738,PKGNF,GIA,GIA855,GIA854,05/20:19,05/20:26,06/06:48,06/06:58,10:22:00,SIN,SIN,A02,28,1,1,NML,6,2025
625.,A320,PKGQN,CTV,CTV170,CTV175,06/06:43,06/06:49,06/07:35,06/07:43,0:46:00,HLP,HLP,006,28,1,1,NML,6,2025
626.,A320,PKGQA,CTV,CTV690,CTV460,06/07:01,06/07:07,06/07:42,06/07:51,0:35:32,DPS,AAP,007,28,1,1,NML,6,2025
627.,A320,PKAZX,AWQ,AWQ325,AWQ392,05/19:02,05/19:09,06/07:20,06/07:26,12:11:00,KUL,JHB,A01,28,1,1,NML,6,2025
628.,B739,PKLFO,LNI,LNI923,LNI693,05/17:30,05/17:35,06/07:53,06/08:00,14:17:03,DPS,CGK,C04,28,0,0,NML,6,2025
629.,A333,BHLV,CPA,CPA779,CPA780,05/17:50,05/17:56,06/08:08,06/08:23,14:12:00,HKG,HKG,A08,28,1,1,NML,6,2025
630.,B739,PKLGW,LNI,LNI363,LNI990,06/06:20,06/06:27,06/08:28,06/08:38,2:00:05,BPN,DPS,021,28,0,0,NML,6,2025
631.,A320,PKSJP,SJV,SJV649,SJV610,06/07:35,06/07:41,06/08:42,06/08:50,1:01:59,BPN,BPN,010,28,1,1,NML,6,2025
632.,A320,PKBKP,BTK,BTK6133,BTK7516,06/07:55,06/08:00,06/09:00,06/09:13,0:59:44,LOP,HLP,011,28,1,1,NML,6,2025
633.,A320,PKLUH,BTK,BTK7511,BTK6391,06/06:36,06/06:41,06/08:55,06/09:04,2:14:00,HLP,CGK,008,28,1,1,NML,6,2025
634.,B739,PKLJI,LNI,LNI311,LNI973,06/05:54,06/05:57,06/08:53,06/09:02,2:56:45,BDJ,BTH,17B,28,0,0,NML,6,2025
635.,B739,PKLSK,LNI,LNI692,LNI856,05/16:44,05/16:49,06/09:05,06/09:15,16:15:51,CGK,PLM,020,28,0,0,NML,6,2025
636.,B738,PKLJQ,LNI,LNI837,LNI748,06/07:58,06/08:03,06/08:57,06/09:06,0:53:49,PNK,MDC,014,28,1,1,NML,6,2025
637.,B739,PKLHY,LNI,LNI683,LNI682,06/08:05,06/08:12,06/09:13,06/09:28,1:01:00,PKY,PKY,012,10,1,1,NML,6,2025
638.,B738,PKGNM,GIA,GIA304,GIA342,06/08:26,06/08:33,06/09:32,06/09:47,0:59:55,CGK,DPS,004,28,1,1,NML,6,2025
639.,B738,PKLBK,MXD,MXD352,MXD353,05/19:38,05/19:46,06/09:13,06/09:26,13:27:58,KUL,KUL,A04,10,1,1,NML,6,2025
640.,A320,PKGLS,CTV,CTV671,CTV486,06/08:36,06/08:42,06/09:19,06/09:32,0:37:56,LOP,BDJ,006,28,1,1,NML,6,2025
641.,A320,PKPWE,PAS,PAS200,PAS201,06/08:18,06/08:26,06/09:11,06/09:21,0:45:00,CGK,CGK,005,28,1,1,NML,6,2025
642.,A320,PKSAT,SJV,SJV7011,SJV640,06/08:43,06/08:48,06/09:43,06/09:55,0:55:20,CGK,AAP,009,10,1,1,NML,6,2025
643.,A320,PKSJG,SJV,SJV703,SJV702,06/08:39,06/08:44,06/09:53,06/10:05,1:08:29,DPS,DPS,018,10,0,0,NML,6,2025
644.,B738,9MMXF,MAS,MAS871,MAS870,06/09:23,06/09:26,06/10:14,06/10:29,0:48:00,KUL,KUL,A07,10,1,1,NML,6,2025
645.,B735,PKNAT,LKN,LKN243,LKN242,06/08:59,06/09:04,06/09:52,06/10:01,0:48:00,SMQ,SMQ,010,10,1,1,NML,6,2025
646.,A359,9VSHS,SIA,SIA922,SIA923,06/09:08,06/09:14,06/10:09,06/10:22,0:54:48,SIN,SIN,A08,10,1,1,NML,6,2025
647.,A320,PKLUJ,BTK,BTK6584,BTK6585,06/09:45,06/09:48,06/10:37,06/10:48,0:49:56,CGK,CGK,008,10,1,1,NML,6,2025
648.,A320,PKGQF,CTV,CTV351,CTV350,06/09:18,06/09:25,06/10:11,06/10:28,0:46:25,UPG,UPG,006,10,1,1,NML,6,2025
649.,A320,PKSGC,SJV,SJV7012,SJV632,06/09:37,06/09:41,06/10:28,06/10:37,0:47:01,CGK,BDJ,011,10,1,1,NML,6,2025
650.,B739,PKLQS,LNI,LNI791,LNI262,06/09:52,06/09:57,06/10:40,06/10:51,0:43:26,UPG,BPN,012,10,1,1,NML,6,2025
651.,B739,PKLGS,LNI,LNI695,LNI706,05/16:20,05/16:24,06/11:05,06/11:11,18:41:00,KOE,UPG,022,28,0,0,NML,6,2025
652.,A20N,9VTNF,TGW,TGW296,TGW297,06/10:25,06/10:31,06/11:18,06/11:33,0:47:00,SIN,SIN,A03,10,1,1,NML,6,2025
653.,A320,PKGQO,CTV,CTV722,CTV723,06/09:40,06/09:44,06/10:17,06/10:33,0:33:22,CGK,CGK,007,10,1,1,NML,6,2025
654.,B739,PKLHQ,LNI,LNI865,LNI822,05/18:32,05/18:37,06/11:08,06/11:21,16:30:07,LOP,LOP,17A,10,0,0,NML,6,2025
655.,B739,PKLSI,LNI,LNI694,LNI694,06/10:12,06/10:15,06/11:06,06/11:15,0:51:00,CGK,KOE,010,10,1,1,NML,6,2025
656.,A320,PKAZO,AWQ,AWQ321,AWQ322,06/10:55,06/11:00,06/11:30,06/11:38,0:30:00,KUL,KUL,A04,10,1,1,NML,6,2025
657.,FA8X,MPTGG,AFI,MPTGG,MPTGG,06/10:31,06/10:38,06/11:18,06/11:23,0:40:00,XSP,DHX,A01,10,0,0,NML,6,2025
658.,B739,PKLVF,LNI,LNI697,LNI697,06/10:35,06/10:40,06/11:22,06/11:35,0:42:20,KOE,CGK,015,10,1,1,NML,6,2025
659.,B738,PKGUG,GIA,GIA322,GIA327,06/10:03,06/10:06,06/11:32,06/11:45,1:26:47,CGK,CGK,004,10,1,1,NML,6,2025
660.,A320,PKLAF,BTK,BTK6596,BTK7520,06/13:25,06/13:29,06/14:18,06/14:29,0:49:00,CGK,HLP,008,10,1,1,NML,6,2025
661.,B739,PKLGW,LNI,LNI805,LNI804,06/11:07,06/11:12,06/11:55,06/12:06,0:43:00,DPS,DPS,014,10,1,1,NML,6,2025
662.,A320,PKGQA,CTV,CTV461,CTV698,06/11:18,06/11:21,06/12:07,06/12:23,0:46:10,AAP,DPS,005,10,1,1,NML,6,2025
663.,A320,PKBLC,BTK,BTK6582,BTK6581,06/11:31,06/11:35,06/12:23,06/12:34,0:48:50,CGK,CGK,010,10,1,1,NML,6,2025
664.,A320,PKGLU,CTV,CTV9693,CTV9692,06/11:43,06/11:46,06/12:36,06/12:49,0:50:43,DPS,DPS,006,10,1,1,NML,6,2025
665.,B739,PKLJG,LNI,LNI693,LNI780,06/06:50,06/06:54,06/12:36,06/12:44,5:42:00,KOE,UPG,023,28,0,0,NML,6,2025
666.,A320,PKSAG,SJV,SJV567,SJV636,06/11:26,06/11:30,06/12:28,06/12:38,0:58:09,PLW,BDJ,008,10,1,1,NML,6,2025
667.,B735,PKNAQ,LKN,LKN193,LKN192,06/11:51,06/11:53,06/12:37,06/12:46,0:44:09,PKN,PKN,011,10,1,1,NML,6,2025
668.,A320,PKSJG,SJV,SJV705,SJV704,06/12:54,06/12:57,06/14:01,06/14:15,1:04:30,DPS,DPS,009,10,1,1,NML,6,2025
669.,A320,PKAZX,AWQ,AWQ393,AWQ324,06/12:20,06/12:25,06/13:15,06/13:32,0:50:10,JHB,KUL,A03,10,1,1,NML,6,2025
670.,A320,PKPWA,PAS,PAS204,PAS205,06/11:57,06/11:59,06/13:16,06/13:39,1:17:00,CGK,CGK,004,10,1,1,NML,6,2025
671.,A320,PKGLS,CTV,CTV487,CTV668,06/12:12,06/12:15,06/13:25,06/13:43,1:09:37,BDJ,DPS,007,10,1,1,NML,6,2025
672.,A320,PKLAT,BTK,BTK6134,BTK6595,06/09:49,06/09:53,06/13:54,06/14:04,4:01:15,PKN,CGK,17B,10,0,0,NML,6,2025
673.,B738,PKLKV,LNI,LNI839,LNI836,06/12:57,06/13:01,06/14:08,06/14:17,1:07:00,PNK,PNK,012,10,1,1,NML,6,2025
674.,A320,PKSAT,SJV,SJV643,SJV726,06/13:40,06/13:44,06/14:42,06/14:56,0:57:05,AAP,LBJ,010,10,1,1,NML,6,2025
675.,A320,PKGLT,CTV,CTV716,CTV717,06/13:30,06/13:33,06/14:17,06/14:31,0:44:47,CGK,CGK,006,10,1,1,NML,6,2025
676.,A320,PKGQQ,CTV,CTV431,CTV948,06/13:44,06/13:47,06/14:27,06/14:39,0:39:06,BPN,BTH,007,10,1,1,NML,6,2025
677.,B739,PKLSK,LNI,LNI857,LNI910,06/13:27,06/13:32,06/14:32,06/14:43,1:00:15,PLM,DPS,014,10,1,1,NML,6,2025
678.,B739,PKLFW,LNI,LNI787,LNI260,06/13:34,06/13:38,06/14:39,06/14:48,1:01:01,UPG,BPN,015,10,1,1,NML,6,2025
679.,A320,9VJSO,JSA,JSA247,JSA248,06/13:53,06/13:58,06/14:42,06/14:53,0:43:59,SIN,SIN,A08,10,1,1,NML,6,2025
680.,A320,PKPWK,PAS,PAS208,PAS209,06/13:49,06/13:51,06/14:58,06/15:15,1:06:22,CGK,CGK,005,10,1,1,NML,6,2025
681.,B738,PKGFQ,GIA,GIA330,GIA331,06/13:56,06/14:00,06/15:03,06/15:17,1:03:20,HLP,HLP,004,10,1,1,NML,6,2025
682.,B739,PKLGW,LNI,LNI919,LNI642,06/14:49,06/14:54,06/16:25,06/16:36,1:30:25,DPS,LOP,020,10,0,0,NML,6,2025
683.,A320,PKGQA,CTV,CTV699,CTV434,06/14:54,06/14:57,06/15:34,06/15:45,0:36:07,DPS,BPN,006,10,1,1,NML,6,2025
684.,B739,PKLGS,LNI,LNI707,LNI920,06/14:45,06/14:49,06/15:42,06/15:53,0:53:00,UPG,DPS,011,10,1,1,NML,6,2025
685.,A320,PKBKJ,BTK,BTK7501,BTK7512,06/15:02,06/15:05,06/16:01,06/16:10,0:56:00,HLP,HLP,009,10,1,1,NML,6,2025
686.,B738,PKLJQ,LNI,LNI749,LNI581,06/15:05,06/15:10,06/15:55,06/16:05,0:45:00,MDC,CGK,010,10,1,1,NML,6,2025
687.,A320,PKSGC,SJV,SJV633,SJV672,06/13:37,06/13:42,06/16:04,06/16:16,2:21:22,BDJ,BEJ,018,10,0,0,NML,6,2025
688.,B738,HSLGQ,TLM,TLM268,TLM269,06/15:09,06/15:14,06/16:21,06/16:31,1:06:10,DMK,DMK,A03,10,1,1,NML,6,2025
689.,B738,PKGFG,GIA,GIA310,GIA315,06/15:18,06/15:22,06/16:16,06/16:29,0:53:56,CGK,CGK,004,10,1,1,NML,6,2025
690.,A320,PKSAG,SJV,SJV637,SJV648,06/15:24,06/15:28,06/16:23,06/16:34,0:54:09,BDJ,BPN,008,10,1,1,NML,6,2025
691.,B738MAX,9VMBD,SIA,SIA926,SIA927,06/15:51,06/15:57,06/16:48,06/17:00,0:51:00,SIN,SIN,A08,10,1,1,NML,6,2025
692.,B739,PKLHQ,LNI,LNI823,LNI268,06/14:12,06/14:17,06/16:35,06/16:45,2:17:33,LOP,TRK,17A,10,0,0,NML,6,2025
693.,A320,PKPWH,PAS,PAS206,PAS623,06/16:23,06/16:26,06/16:59,06/17:09,0:33:00,CGK,BPN,005,10,1,1,NML,6,2025
694.,B739,PKLSH,LNI,LNI692,LNI692,06/16:27,06/16:31,06/17:17,06/17:30,0:46:00,CGK,KOE,014,10,1,1,NML,6,2025
695.,A320,PKGQO,CTV,CTV495,CTV721,06/16:14,06/16:17,06/16:57,06/17:08,0:40:00,BDJ,CGK,006,10,1,1,NML,6,2025
696.,A320,PKGLU,CTV,CTV669,CTV488,06/15:57,06/16:01,06/16:50,06/17:05,0:49:00,DPS,BDJ,007,10,1,1,NML,6,2025
697.,B738,PKLDJ,BTK,BTK6578,BTK7579,06/16:19,06/16:23,06/17:24,06/17:36,1:01:00,CGK,CGK,010,10,1,1,NML,6,2025
698.,B738,PKLOR,LNI,LNI879,LNI838,06/15:12,06/15:17,06/17:33,06/17:44,2:15:23,AMQ,PNK,17B,10,0,0,NML,6,2025
699.,A320,PKAZO,AWQ,AWQ323,AWQ326,06/17:14,06/17:19,06/17:50,06/17:59,0:31:13,KUL,KUL,A03,10,1,1,NML,6,2025
700.,A320,PKPWF,PAS,PAS622,PAS207,06/17:18,06/17:21,06/18:04,06/18:19,0:43:00,BPN,CGK,006,10,1,1,NML,6,2025
701.,B738,PKGNM,GIA,GIA349,GIA313,06/17:52,06/17:54,06/18:47,06/18:59,0:53:00,DPS,CGK,005,10,1,1,NML,6,2025
702.,A320,PKSAT,SJV,SJV725,SJV716,06/18:11,06/18:15,06/18:55,06/19:07,0:39:17,LBJ,LOP,009,10,1,1,NML,6,2025
703.,B738,PKGUH,GIA,GIA320,GIA325,06/17:33,06/17:37,06/18:53,06/19:06,1:16:53,CGK,CGK,004,10,1,1,NML,6,2025
704.,A320,PKGQS,CTV,CTV172,CTV173,06/17:56,06/17:59,06/18:59,06/19:12,0:59:21,HLP,HLP,007,10,1,1,NML,6,2025
705.,B738,9VMGN,SIA,SIA928,SIA929,06/18:17,06/18:24,06/19:10,06/19:21,0:45:58,SIN,SIN,A07,10,1,1,NML,6,2025
706.,A320,PKGTK,CTV,CTV949,CTV494,06/18:39,06/18:42,06/19:13,06/19:27,0:30:57,BTH,BDJ,006,10,1,1,NML,6,2025
707.,A320,PKGLX,CTV,CTV736,CTV9694,06/18:36,06/18:39,06/19:44,06/19:53,1:04:31,CGK,DPS,008,10,1,1,NML,6,2025
708.,B788,9VOFB,TGW,TGW266,TGW267,06/18:44,06/18:52,06/20:01,06/20:16,1:08:17,SIN,SIN,A06,10,1,1,NML,6,2025
709.,A320,PKGLR,CTV,CTV489,CTV693,06/19:34,06/19:38,06/20:18,06/20:30,0:40:00,BDJ,DPS,006,10,1,1,NML,6,2025
710.,B739,PKLJI,LNI,LNI972,LNI880,06/17:22,06/17:27,06/20:08,06/20:18,2:41:00,BTH,UPG,015,10,1,1,NML,6,2025
711.,B738,PKCRH,SJY,SJY567,SJY562,06/22:07,06/22:11,06/22:52,06/23:02,0:41:00,UPG,UPG,010,10,1,1,NML,6,2025
712.,A320,PKGQA,CTV,CTV435,CTV354,06/19:04,06/19:08,06/21:14,06/21:27,2:06:00,BPN,UPG,007,10,1,1,NML,6,2025
713.,A320,PKAZO,AWQ,AWQ327,AWQ320,06/23:26,06/23:31,07/05:01,07/05:12,5:30:00,KUL,KUL,A06,28,1,1,NML,6,2025
714.,B739,PKLSK,LNI,LNI923,LNI786,06/17:27,06/23:45,07/04:55,07/05:04,11:23:00,DPS,UPG,010,28,1,0,NML,6,2025
715.,A320,PKGQK,CTV,CTV720,CTV430,06/21:19,06/21:23,07/05:03,07/05:16,7:40:00,CGK,BPN,006,28,1,1,NML,6,2025
716.,B738,PKGMI,GIA,GIA328,GIA301,06/19:56,06/20:01,07/05:03,07/05:14,9:02:00,CGK,CGK,004,28,1,1,NML,6,2025
717.,A320,PKBLB,BTK,BTK6588,BTK6132,06/21:15,06/21:20,07/05:15,07/05:25,7:55:00,CGK,LOP,009,28,1,1,NML,6,2025
718.,A320,PKGLX,CTV,CTV9695,CTV725,06/22:14,06/22:17,07/05:41,07/05:52,7:24:00,DPS,CGK,007,28,1,1,NML,6,2025
719.,A320,PKBKR,BTK,BTK7517,BTK6589,06/10:41,06/12:44,07/06:02,07/06:12,19:16:00,HLP,CGK,022,28,0,1,NML,6,2025
720.,A320,PKGLS,CTV,CTV353,CTV670,07/05:01,07/05:10,07/05:52,07/06:00,0:42:00,UPG,LOP,008,28,1,1,NML,6,2025
721.,A320,V8RBE,RBA,RBA795,RBA796,06/20:00,06/20:07,07/05:43,07/05:58,9:36:00,BWN,BWN,A07,28,1,1,NML,6,2025
722.,B739,PKLSI,LNI,LNI695,LNI266,06/15:40,06/15:45,07/05:47,07/05:56,14:02:00,KOE,BPN,023,28,0,0,NML,6,2025
723.,A320,PKAZX,AWQ,AWQ325,AWQ386,06/19:10,06/19:15,07/05:56,07/06:07,10:41:00,KUL,PEN,A01,28,1,1,NML,6,2025
724.,B733,PKMYJ,MYU,MYU935,MYU934,06/08:53,06/08:56,07/06:25,07/06:29,21:29:23,SRG,SIN,C02,28,0,0,NML,6,2025
725.,B738MAX,PKOFM,AFE,AFE921,AFE921,07/05:54,07/06:00,07/06:42,07/06:49,0:42:00,CGK,TIM,004,28,1,1,NML,6,2025
726.,B739,PKLFY,LNI,LNI311,LNI971,07/06:03,07/06:08,07/06:50,07/07:01,0:41:34,BDJ,BTH,016,28,1,1,NML,6,2025
727.,A320,PKLUK,BTK,BTK7521,BTK6135,06/21:59,06/22:04,07/06:57,07/07:07,8:53:00,HLP,PKN,015,28,1,1,NML,6,2025
728.,B738,PKGNF,GIA,GIA855,GIA854,06/20:28,06/20:34,07/07:00,07/07:10,10:26:00,SIN,SIN,A02,28,1,1,NML,6,2025
729.,B738,PKGFV,GIA,GIA324,GIA305,06/20:55,06/20:59,07/06:53,07/07:06,9:54:00,CGK,CGK,005,28,1,1,NML,6,2025
730.,A320,PKGLR,CTV,CTV690,CTV460,07/06:41,07/06:49,07/07:32,07/07:40,0:43:00,DPS,AAP,006,28,1,1,NML,6,2025
731.,B739,PKLSH,LNI,LNI693,LNI693,07/06:55,07/07:01,07/07:48,07/07:59,0:47:00,KOE,CGK,011,28,1,1,NML,6,2025
732.,B739,PKLJG,LNI,LNI929,LNI982,07/06:46,07/06:52,07/07:43,07/07:52,0:51:00,DPS,PKU,009,28,1,1,NML,6,2025
733.,A21N,B32LQ,CSN,CSN8137,CSN8138,06/21:32,06/21:38,07/07:48,07/08:01,10:10:00,CAN,CAN,A03,28,1,1,NML,6,2025
734.,A320,PKGQN,CTV,CTV170,CTV175,07/06:59,07/07:06,07/07:56,07/08:07,0:50:00,HLP,HLP,007,28,1,1,NML,6,2025
735.,S76,PKPUE,PAS,pkpue,PKPUE,06/16:32,06/17:40,07/08:15,07/08:25,14:34:05,SRG,BDJ,H05,28,0,0,NML,6,2025
736.,A333,BLBE,CPA,CPA779,CPA780,06/17:49,06/17:54,07/08:04,07/08:19,14:10:00,HKG,HKG,A08,28,1,1,NML,6,2025
737.,B739,PKLHQ,LNI,LNI267,LNI990,07/07:04,07/07:10,07/08:24,07/08:33,1:14:00,TRK,DPS,008,28,1,1,NML,6,2025
"738.,DHC6,PKICP,PGT,PKICP,PKICP,05/11:17,05/11:20,07/08:03,07/08:09,""1 day, 20:43:00"",PAG,PAG,028,28,0,0,NML,6,2025"
739.,B738,PKLZM,MXD,MXD352,MXD353,06/19:46,06/19:52,07/09:11,07/09:19,13:19:00,KUL,KUL,A04,10,1,1,NML,6,2025
740.,B739,PKLQR,LNI,LNI261,LNI222,06/14:36,06/14:41,07/08:44,07/08:59,18:03:00,BPN,BDJ,012,10,1,1,NML,6,2025
741.,A320,PKBLB,BTK,BTK6133,BTK6391,07/08:04,07/08:10,07/09:01,07/09:15,0:51:00,LOP,CGK,009,10,1,1,NML,6,2025
742.,A320,PKSAW,SJV,SJV717,SJV618,07/05:46,07/05:51,07/08:57,07/09:08,3:06:00,LOP,BPN,010,10,1,1,NML,6,2025
743.,A320,9VJSJ,JSA,JSA249,JSA250,07/08:30,07/08:36,07/09:18,07/09:36,0:42:00,SIN,SIN,A06,10,1,1,NML,6,2025
744.,B738,PKGFM,GIA,GIA304,GIA342,07/08:16,07/08:21,07/09:26,07/09:40,1:05:00,CGK,DPS,004,10,1,1,NML,6,2025
745.,A320,PKGLS,CTV,CTV671,CTV486,07/08:26,07/08:33,07/09:13,07/09:25,0:40:00,LOP,BDJ,005,10,1,1,NML,6,2025
746.,B738,9MMXU,MAS,MAS871,MAS870,07/08:57,07/09:04,07/09:59,07/10:15,0:55:00,KUL,KUL,A07,10,1,1,NML,6,2025
747.,A359,9VSHO,SIA,SIA922,SIA923,07/09:06,07/09:12,07/10:11,07/10:22,0:59:00,SIN,SIN,A08,10,1,1,NML,6,2025
748.,A320,PKGLT,CTV,CTV351,CTV350,07/09:22,07/09:25,07/10:17,07/10:32,0:52:00,UPG,UPG,006,10,1,1,NML,6,2025
749.,A320,9VTRN,TGW,TGW296,TGW297,07/09:38,07/09:44,07/10:28,07/10:37,0:44:00,SIN,SIN,A02,10,1,1,NML,6,2025
750.,B739,PKLHL,LNI,LNI791,LNI706,07/09:34,07/09:39,07/10:37,07/10:51,0:58:00,UPG,UPG,010,10,1,1,NML,6,2025
751.,A320,PKPWA,PAS,PAS210,PAS211,07/09:31,07/09:35,07/10:25,07/10:35,0:50:00,CGK,CGK,005,10,1,1,NML,6,2025
752.,A320,PKLUK,BTK,BTK6134,BTK6346,07/09:27,07/09:31,07/10:39,07/10:53,1:08:00,PKN,BEJ,008,10,1,1,NML,6,2025
753.,A320,PKLAY,BTK,BTK7513,BTK7516,07/09:41,07/09:45,07/10:35,07/10:45,0:50:00,HLP,HLP,009,10,1,1,NML,6,2025
754.,B739,PKLFW,LNI,LNI363,LNI822,07/06:19,07/06:23,07/10:56,07/11:06,4:32:30,BPN,LOP,023,10,0,0,NML,6,2025
"755.,A320,PKSJK,SJV,SJV637,SJV642,05/15:22,05/15:26,07/14:36,07/14:46,""1 day, 23:09:02"",BDJ,AAP,024,10,0,0,NML,6,2025"
756.,B739,PKLHR,LNI,LNI694,LNI694,07/10:12,07/10:16,07/11:11,07/11:23,0:55:00,CGK,KOE,012,10,1,1,NML,6,2025
757.,A320,PKAZO,AWQ,AWQ321,AWQ322,07/10:29,07/10:34,07/11:02,07/11:12,0:28:00,KUL,KUL,A03,10,1,1,NML,6,2025
758.,B738,PKGNQ,GIA,GIA322,GIA327,07/09:57,07/10:00,07/11:27,07/11:40,1:27:00,CGK,CGK,004,10,1,1,NML,6,2025
759.,A320,PKGLR,CTV,CTV461,CTV698,07/11:03,07/11:07,07/11:47,07/11:57,0:40:00,AAP,DPS,006,10,1,1,NML,6,2025
760.,B739,PKLHQ,LNI,LNI805,LNI804,07/11:18,07/11:22,07/12:10,07/12:20,0:48:00,DPS,DPS,010,10,1,1,NML,6,2025
761.,A320,PKBKM,BTK,BTK6582,BTK6581,07/11:27,07/11:31,07/12:21,07/12:34,0:50:00,CGK,CGK,008,10,1,1,NML,6,2025
762.,A320,PKGQI,CTV,CTV9693,CTV9692,07/11:32,07/11:37,07/12:21,07/12:32,0:44:00,DPS,DPS,007,10,1,1,NML,6,2025
763.,B739,PKLSL,LNI,LNI885,LNI780,06/18:56,06/19:00,07/12:32,07/12:43,17:31:05,UPG,UPG,17B,10,0,0,NML,6,2025
764.,B739,PKLHM,LNI,LNI223,LNI680,07/12:47,07/12:52,07/13:42,07/13:53,0:50:00,BDJ,PKY,012,10,1,1,NML,6,2025
765.,EC 145,PKPMA,VLT,PKPMA,PKPMA,07/12:23,07/12:25,07/12:54,07/12:57,0:29:00,SRG,LOP,H05,10,0,0,NML,6,2025
766.,A320,PKPWF,PAS,PAS204,PAS205,07/11:43,07/11:45,07/13:16,07/13:29,1:31:00,CGK,CGK,005,10,1,1,NML,6,2025
767.,A320,PKGLS,CTV,CTV487,CTV668,07/12:10,07/12:13,07/13:16,07/13:31,1:03:00,BDJ,DPS,006,10,1,1,NML,6,2025
768.,A320,PKAZX,AWQ,AWQ387,AWQ324,07/14:38,07/14:43,07/15:13,07/15:21,0:30:00,PEN,KUL,A03,10,1,1,NML,6,2025
769.,B735,PKNAS,LKN,LKN671,LKN670,07/10:49,07/10:52,07/14:43,07/14:53,3:51:00,TMC,TMC,011,10,1,1,NML,6,2025
770.,B738,PKLOR,LNI,LNI837,LNI836,07/07:57,07/08:00,07/14:01,07/14:08,6:01:00,PNK,PNK,C03,10,0,0,NML,6,2025
771.,A320,PKSAG,SJV,SJV619,SJV726,07/15:53,07/15:57,07/17:07,07/17:20,1:10:00,BPN,LBJ,009,10,1,1,NML,6,2025
772.,A320,PKGQC,CTV,CTV716,CTV717,07/13:40,07/13:43,07/14:20,07/14:34,0:37:00,CGK,CGK,006,10,1,1,NML,6,2025
773.,A320,PKGQK,CTV,CTV431,CTV948,07/13:44,07/13:48,07/14:27,07/14:44,0:39:00,BPN,BTH,008,10,1,1,NML,6,2025
774.,B738,PKGNM,GIA,GIA312,GIA317,07/13:37,07/13:40,07/14:27,07/14:40,0:47:00,CGK,CGK,004,10,1,1,NML,6,2025
775.,B739,PKLFW,LNI,LNI823,LNI260,07/13:54,07/13:58,07/14:53,07/15:07,0:54:28,LOP,BPN,014,10,1,1,NML,6,2025
776.,A320,PKPWK,PAS,PAS208,PAS209,07/13:48,07/13:53,07/14:49,07/15:02,0:56:00,CGK,CGK,007,10,1,1,NML,6,2025
777.,B738,PKGFP,GIA,GIA330,GIA331,07/13:50,07/13:54,07/15:04,07/15:14,1:10:00,HLP,HLP,005,10,1,1,NML,6,2025
778.,A320,PKLUW,BTK,BTK6406,BTK6220,07/14:28,07/14:33,07/15:30,07/15:43,0:56:03,CGK,BPN,009,10,1,1,NML,6,2025
779.,A320,PKGLR,CTV,CTV699,CTV434,07/14:32,07/14:37,07/15:20,07/15:30,0:43:00,DPS,BPN,006,10,1,1,NML,6,2025
780.,B739,PKLHQ,LNI,LNI919,LNI920,07/14:41,07/14:47,07/15:32,07/15:45,0:45:00,DPS,DPS,012,10,1,1,NML,6,2025
781.,A320,PKBKR,BTK,BTK6584,BTK7512,07/09:46,07/09:52,07/15:40,07/15:47,5:48:00,CGK,HLP,C04,10,0,0,NML,6,2025
"782.,B739,PKLKQ,LNI,LNI823,LNI581,05/13:59,05/14:02,07/15:47,07/15:59,""2 days, 1:44:33"",LOP,CGK,025,10,0,0,NML,6,2025"
783.,B738MAX,9MMVG,MAS,MAS873,MAS872,07/15:32,07/15:39,07/16:27,07/16:39,0:48:00,KUL,KUL,A06,10,1,1,NML,6,2025
784.,A320,PKSJJ,SJV,SJV723,SJV636,07/17:29,07/17:33,07/18:23,07/18:33,0:50:00,DPS,BDJ,010,10,1,1,NML,6,2025
785.,A320,PKLAF,BTK,BTK7501,BTK6401,07/14:35,07/14:39,07/15:58,07/16:08,1:18:43,HLP,CGK,010,10,1,1,NML,6,2025
786.,B738MAX,PKOFM,AFE,AFE920,AFE920,07/16:00,07/16:04,07/16:36,07/16:46,0:32:00,TIM,CGK,006,10,1,1,NML,6,2025
787.,A320,PKPWG,PAS,PAS206,PAS623,07/15:36,07/15:39,07/16:29,07/16:41,0:50:00,CGK,BPN,005,10,1,1,NML,6,2025
788.,B739,PKLSO,LNI,LNI692,LNI692,07/15:41,07/15:45,07/16:56,07/17:06,1:11:00,CGK,KOE,014,10,1,1,NML,6,2025
789.,A320,PKGQI,CTV,CTV669,CTV488,07/16:13,07/16:17,07/16:55,07/17:08,0:38:00,DPS,BDJ,008,10,1,1,NML,6,2025
790.,B739,PKLHM,LNI,LNI681,LNI226,07/16:51,07/16:56,07/17:54,07/18:05,0:58:00,PKY,BDJ,012,10,1,1,NML,6,2025
791.,A320,PKGQQ,CTV,CTV495,CTV721,07/16:30,07/16:35,07/17:07,07/17:25,0:32:00,BDJ,CGK,007,10,1,1,NML,6,2025
792.,B738,PKLJS,LNI,LNI709,LNI838,07/16:04,07/16:08,07/17:19,07/17:31,1:11:00,UPG,PNK,011,10,1,1,NML,6,2025
793.,A320,PKAZO,AWQ,AWQ323,AWQ326,07/16:44,07/16:48,07/17:25,07/17:33,0:37:00,KUL,KUL,A03,10,1,1,NML,6,2025
"794.,A320,PKSTH,SJV,SJV615,SJV708,05/20:44,06/09:25,07/18:42,07/18:53,""1 day, 21:53:00"",BPN,DPS,021,10,0,1,NML,6,2025"
795.,A320,PKPWA,PAS,PAS622,PAS207,07/17:11,07/17:16,07/18:09,07/18:17,0:53:00,BPN,CGK,006,10,1,1,NML,6,2025
796.,B738,PKGFM,GIA,GIA349,GIA313,07/17:23,07/17:25,07/18:16,07/18:28,0:51:00,DPS,CGK,005,10,1,1,NML,6,2025
797.,A320,PKSJK,SJV,SJV643,SJV716,07/18:40,07/18:45,07/19:23,07/19:34,0:37:42,AAP,LOP,009,10,1,1,NML,6,2025
798.,B738,PKGUA,GIA,GIA320,GIA325,07/17:18,07/17:21,07/18:54,07/19:02,1:33:00,CGK,CGK,004,10,1,1,NML,6,2025
799.,B738MAX,9VMBM,SIA,SIA928,SIA929,07/18:03,07/18:09,07/19:02,07/19:16,0:53:00,SIN,SIN,A07,10,1,1,NML,6,2025
800.,A320,PKGLX,CTV,CTV949,CTV494,07/18:26,07/18:29,07/19:09,07/19:21,0:40:00,BTH,BDJ,007,10,1,1,NML,6,2025
801.,B735,PKCLE,SJY,SJY567,SJY562,07/18:51,07/18:56,07/19:43,07/19:58,0:47:00,UPG,UPG,011,10,1,1,NML,6,2025
802.,B739,PKLJI,LNI,LNI261,LNI880,07/14:05,07/14:10,07/19:35,07/19:51,5:25:00,BPN,UPG,016,10,1,1,NML,6,2025
803.,A320,PKGQM,CTV,CTV736,CTV9694,07/18:37,07/18:40,07/19:33,07/19:46,0:53:00,CGK,DPS,006,10,1,1,NML,6,2025
804.,A320,PKPWE,PAS,PAS202,PAS203,07/18:59,07/19:03,07/19:40,07/19:55,0:37:00,CGK,CGK,004,10,1,1,NML,6,2025
805.,B738,PKGMI,GIA,GIA326,GIA319,07/18:47,07/18:50,07/19:49,07/20:03,0:58:36,CGK,CGK,005,10,1,1,NML,6,2025
806.,A320,PKGQS,CTV,CTV172,CTV737,07/17:55,07/17:59,07/20:04,07/20:19,2:05:00,HLP,CGK,008,10,1,1,NML,6,2025
807.,A320,PKGLR,CTV,CTV435,CTV173,07/19:04,07/19:09,07/20:05,07/20:17,0:56:00,BPN,HLP,003,10,0,0,NML,6,2025
808.,A320,PKGQG,CTV,CTV489,CTV693,07/19:44,07/19:48,07/20:23,07/20:35,0:35:00,BDJ,DPS,007,10,1,1,NML,6,2025
809.,A320,PKGLE,CTV,CTV724,CTV354,07/19:48,07/19:55,07/20:40,07/20:54,0:45:00,CGK,UPG,006,10,1,1,NML,6,2025
810.,A320,PKBKT,BTK,BTK6137,BTK6136,07/19:32,07/19:38,07/21:49,07/22:02,2:11:00,UPG,UPG,010,10,1,1,NML,6,2025
811.,A320,PKAZX,AWQ,AWQ325,AWQ320,07/20:45,07/20:50,08/05:00,08/05:13,8:10:00,KUL,KUL,A01,28,1,1,NML,6,2025
812.,B738,PKLKV,LNI,LNI839,LNI878,07/13:03,07/23:15,08/04:55,08/04:55,15:46:00,PNK,AMQ,016,28,1,0,NML,6,2025
813.,B738,PKLJS,LNI,LNI837,LNI878D,08/07:56,08/08:02,08/08:52,08/09:04,0:50:00,PNK,AMQ,15A,10,0,0,NML,6,2025
814.,B739,PKLSK,LNI,LNI787,LNI786,07/12:41,07/22:57,08/04:59,08/05:11,16:13:00,UPG,UPG,010,28,1,0,NML,6,2025
815.,A320,PKGQM,CTV,CTV9695,CTV430,07/22:08,07/22:11,08/04:58,08/05:09,6:47:00,DPS,BPN,006,28,1,1,NML,6,2025
816.,B738,PKGMU,GIA,GIA324,GIA301,07/20:56,07/21:00,08/05:06,08/05:15,8:06:00,CGK,CGK,005,28,1,1,NML,6,2025
817.,B739,PKLVF,LNI,LNI690,LNI690,08/05:03,08/05:09,08/05:55,08/06:07,0:46:00,CGK,KOE,009,28,1,1,NML,6,2025
818.,B738,PKLJQ,LNI,LNI707,LNI868,07/14:13,07/14:20,08/06:00,08/06:11,15:40:00,UPG,TTE,C03,28,0,0,NML,6,2025
819.,A320,PKLAQ,BTK,BTK7521,BTK6589,07/20:27,07/20:33,08/05:50,08/06:00,9:17:00,HLP,CGK,012,28,1,1,NML,6,2025
820.,A320,PKGLU,CTV,CTV353,CTV9670,08/05:06,08/05:13,08/05:52,08/06:05,0:39:00,UPG,LOP,006,28,1,1,NML,6,2025
821.,A320,PKSJK,SJV,SJV717,SJV640,08/06:03,08/06:07,08/07:00,08/07:09,0:53:00,LOP,AAP,008,28,1,1,NML,6,2025
822.,A320,PKSAW,SJV,SJV649,SJV566,08/07:35,08/07:41,08/08:30,08/08:39,0:49:00,BPN,PLW,009,28,1,1,NML,6,2025
"823.,B739,PKLGW,LNI,LNI865,LNI971,06/19:13,06/19:19,08/06:54,08/07:06,""1 day, 11:34:52"",LOP,BTH,17A,28,0,0,NML,6,2025"
824.,A320,PKLUR,BTK,BTK6594,BTK6135,07/20:14,07/20:18,08/06:50,08/07:00,10:32:00,CGK,PKN,011,28,1,1,NML,6,2025
"825.,A320,PKSAS,SJV,SJV617,SJV612,06/18:07,06/18:13,08/10:22,08/10:29,""1 day, 16:08:54"",BPN,BPN,018,10,0,0,NML,6,2025"
826.,B738,PKGMP,GIA,GIA328,GIA305,07/19:53,07/19:57,08/06:55,08/07:04,10:58:00,CGK,CGK,004,28,1,1,NML,6,2025
827.,B738,PKGNF,GIA,GIA855,GIA854,07/20:30,07/20:38,08/06:56,08/07:08,10:18:00,SIN,SIN,A02,28,1,1,NML,6,2025
828.,B739,PKLHH,LNI,LNI972,LNI646,07/16:37,07/16:41,08/07:12,08/07:19,14:31:00,BTH,LOP,15A,28,0,0,NML,6,2025
829.,A320,PKGQN,CTV,CTV170,CTV725,08/06:26,08/06:33,08/07:25,08/07:37,0:52:00,HLP,CGK,006,28,1,1,NML,6,2025
830.,A320,PKAZO,AWQ,AWQ327,AWQ392,07/23:01,07/23:07,08/07:24,08/07:39,8:17:00,KUL,JHB,A03,28,1,1,NML,6,2025
831.,A320,PKGQP,CTV,CTV720,CTV175,07/21:34,07/21:38,08/07:31,08/07:40,9:53:00,CGK,HLP,007,28,1,1,NML,6,2025
832.,A320,PKGQG,CTV,CTV690,CTV460,08/07:02,08/07:02,08/07:35,08/07:44,0:33:00,DPS,AAP,005,28,1,1,NML,6,2025
833.,B739,PKLSH,LNI,LNI929,LNI693,08/06:57,08/07:02,08/07:53,08/08:03,0:51:00,DPS,CGK,010,28,1,1,Nml,6,2025
834.,A333,BLBG,CPA,CPA779,CPA780,07/17:59,07/18:07,08/08:05,08/08:23,13:58:00,HKG,HKG,A08,28,1,1,NML,6,2025
835.,B739,PKLHR,LNI,LNI695,LNI990,07/15:57,07/16:03,08/08:30,08/08:36,16:27:00,KOE,DPS,C04,28,0,0,NML,6,2025
836.,B738,PKLZO,MXD,MXD352,MXD353,07/19:25,07/19:33,08/08:33,08/08:42,13:00:00,KUL,KUL,A04,28,1,1,NML,6,2025
837.,B739,PKLJG,LNI,LNI983,LNI222,07/13:33,07/13:38,08/09:05,08/09:13,19:27:00,PKU,BDJ,17B,10,0,0,NML,6,2025
838.,A320,PKLUW,BTK,BTK6221,BTK6391,07/19:07,07/19:12,08/08:56,08/09:06,13:44:00,BPN,CGK,021,10,0,0,NML,6,2025
839.,B739,PKLSO,LNI,LNI693,LNI856,08/06:47,08/06:52,08/09:01,08/09:09,2:09:00,KOE,PLM,025,10,0,0,NML,6,2025
840.,B739,PKLSK,LNI,LNI791,LNI748,08/09:35,08/09:39,08/10:38,08/10:47,0:59:00,UPG,MDC,15A,10,0,0,NML,6,2025
841.,B739,PKLHY,LNI,LNI683,LNI682,08/08:01,08/08:07,08/09:07,08/09:18,1:00:00,PKY,PKY,012,10,1,1,NML,6,2025
842.,A320,PKGLU,CTV,CTV9671,CTV486,08/08:20,08/08:26,08/09:08,08/09:20,0:42:00,LOP,BDJ,006,10,1,1,NML,6,2025
843.,B738,PKGFQ,GIA,GIA304,GIA342,08/08:12,08/08:18,08/09:15,08/09:26,0:57:00,CGK,DPS,004,10,1,1,NML,6,2025
844.,B739,PKLHM,LNI,LNI311,LNI706,08/05:59,08/06:09,08/09:46,08/09:58,3:37:00,BDJ,UPG,023,10,0,0,NML,6,2025
845.,B738,9MMLO,MAS,MAS871,MAS870,08/09:11,08/09:17,08/10:08,08/10:18,0:51:00,KUL,KUL,A07,10,1,1,NML,6,2025
846.,B735,PKNAT,LKN,LKN243,LKN242,08/09:07,08/09:11,08/09:55,08/10:05,0:44:00,SMQ,SMQ,010,10,1,1,NML,6,2025
847.,A320,PKGLT,CTV,CTV351,CTV350,08/09:15,08/09:18,08/10:02,08/10:12,0:44:00,UPG,UPG,007,10,1,1,NML,6,2025
848.,A359,9VSHN,SIA,SIA922,SIA923,08/09:04,08/09:09,08/10:17,08/10:36,1:08:00,SIN,SIN,A08,10,1,1,NML,6,2025
849.,A320,PKLAQ,BTK,BTK6584,BTK6585,08/09:23,08/09:27,08/10:13,08/10:22,0:46:00,CGK,CGK,009,10,1,1,NML,6,2025
850.,A20N,9VTNF,TGW,TGW296,TGW297,08/10:24,08/10:30,08/11:21,08/11:31,0:51:00,SIN,SIN,A02,10,1,1,NML,6,2025
851.,B739,PKLFY,LNI,LNI970,LNI262,08/09:50,08/09:55,08/10:56,08/11:06,1:01:00,BTH,BPN,016,10,1,1,NML,6,2025
852.,B739,PKLSI,LNI,LNI367,LNI973,08/09:32,08/09:36,08/10:56,08/11:04,1:20:00,BPN,BTH,011,10,1,1,NML,6,2025
853.,A320,PKGLE,CTV,CTV722,CTV723,08/09:28,08/09:30,08/10:35,08/10:44,1:05:00,CGK,CGK,006,10,1,1,NML,6,2025
854.,A320,PKPWC,PAS,PAS210,PAS211,08/09:43,08/09:47,08/10:30,08/10:42,0:43:00,CGK,CGK,005,10,1,1,NML,6,2025
855.,A320,PKLUR,BTK,BTK6134,BTK6346,08/09:39,08/09:43,08/10:41,08/10:52,0:58:00,PKN,BEJ,012,10,1,1,NML,6,2025
856.,A320,PKBKP,BTK,BTK7513,BTK7516,08/09:56,08/10:00,08/10:54,08/11:02,0:54:00,HLP,HLP,014,10,1,1,NML,6,2025
857.,B739,PKLHH,LNI,LNI645,LNI822,08/10:01,08/10:06,08/11:12,08/11:22,1:06:00,LOP,LOP,17A,10,0,0,NML,6,2025
858.,B739,PKLHL,LNI,LNI694,LNI694,08/10:20,08/10:23,08/11:25,08/11:38,1:02:00,CGK,KOE,010,10,1,1,NML,6,2025
859.,B739,PKLVF,LNI,LNI697,LNI697,08/10:32,08/10:40,08/11:37,08/11:47,0:57:00,KOE,CGK,17B,10,0,0,NML,6,2025
860.,A320,PKAZX,AWQ,AWQ321,AWQ322,08/10:40,08/10:45,08/11:17,08/11:27,0:32:00,KUL,KUL,A03,10,1,1,NML,6,2025
861.,A320,PKBKR,BTK,BTK7517,BTK7520,08/12:22,08/12:28,08/13:28,08/13:42,1:00:00,HLP,HLP,008,10,1,1,NML,6,2025
862.,A320,PKGQG,CTV,CTV461,CTV698,08/11:19,08/11:23,08/11:57,08/12:09,0:34:00,AAP,DPS,007,10,1,1,NML,6,2025
863.,B739,PKLHR,LNI,LNI805,LNI804,08/11:12,08/11:16,08/12:04,08/12:11,0:48:00,DPS,DPS,012,10,1,1,NML,6,2025
864.,A320,PKGQK,CTV,CTV9693,CTV9692,08/11:25,08/11:28,08/12:11,08/12:22,0:43:00,DPS,DPS,006,10,1,1,NML,6,2025
865.,B739,PKLJG,LNI,LNI223,LNI780,08/12:07,08/12:11,08/13:19,08/13:30,1:08:00,BDJ,UPG,014,10,1,1,NML,6,2025
866.,A320,PKSAW,SJV,SJV567,SJV636,08/12:29,08/12:33,08/13:30,08/13:44,0:57:00,PLW,BDJ,011,10,1,1,NML,6,2025
867.,B735,PKNAQ,LKN,LKN193,LKN192,08/11:35,08/11:40,08/12:36,08/12:51,0:56:00,PKN,PKN,010,10,1,1,NML,6,2025
868.,A320,PKBLA,BTK,BTK6596,BTK6595,08/12:45,08/12:49,08/13:45,08/13:58,0:56:00,CGK,CGK,009,10,1,1,NML,6,2025
869.,A320,PKGLU,CTV,CTV487,CTV668,08/12:03,08/12:07,08/13:19,08/13:32,1:12:00,BDJ,DPS,007,10,1,1,NML,6,2025
870.,A320,PKAZO,AWQ,AWQ393,AWQ324,08/12:26,08/12:31,08/13:18,08/13:28,0:47:00,JHB,KUL,A03,10,1,1,NML,6,2025
871.,B739,PKLSO,LNI,LNI857,LNI686,08/13:34,08/13:38,08/14:36,08/14:46,0:58:00,PLM,PKY,010,10,1,1,NML,6,2025
872.,A320,PKSJD,SJV,SJV7001,SJV726,08/14:36,08/14:41,08/15:31,08/15:42,0:50:00,LOP,LBJ,012,10,1,1,NML,6,2025
873.,B738,PKLOH,LNI,LNI839,LNI836,08/13:03,08/13:07,08/14:09,08/14:22,1:02:00,PNK,PNK,012,10,1,1,NML,6,2025
874.,B739,PKLFY,LNI,LNI261,LNI722,08/14:33,08/14:38,08/15:59,08/16:12,1:21:00,BPN,KDI,17A,10,0,0,NML,6,2025
875.,A320,PKGQI,CTV,CTV716,CTV717,08/13:37,08/13:41,08/14:17,08/14:26,0:36:00,CGK,CGK,006,10,1,1,NML,6,2025
876.,A320,PKGQM,CTV,CTV431,CTV948,08/13:45,08/13:49,08/14:30,08/14:41,0:41:00,BPN,BTH,007,10,1,1,NML,6,2025
877.,B739,PKLHR,LNI,LNI919,LNI910,08/15:03,08/15:08,08/16:05,08/16:14,0:57:00,DPS,DPS,17B,10,0,0,NML,6,2025
878.,B738,PKGUH,GIA,GIA312,GIA317,08/13:40,08/13:44,08/14:38,08/14:49,0:54:00,CGK,CGK,004,10,1,1,NML,6,2025
879.,B739,PKLJI,LNI,LNI801,LNI260,08/11:39,08/11:42,08/14:57,08/15:09,3:15:00,UPG,BPN,15A,10,0,0,NML,6,2025
880.,A320,PKLAF,BTK,BTK6406,BTK7512,08/13:52,08/13:56,08/14:41,08/14:52,0:45:00,CGK,HLP,009,10,1,1,NML,6,2025
881.,A320,9VJSV,JSA,JSA247,JSA248,08/14:08,08/14:12,08/14:58,08/15:11,0:46:00,SIN,SIN,A06,10,1,1,NML,6,2025
882.,A320,PKPWK,PAS,PAS208,PAS209,08/14:00,08/14:03,08/14:52,08/15:05,0:49:00,CGK,CGK,008,10,1,1,NML,6,2025
883.,B738,PKGFV,GIA,GIA330,GIA331,08/14:03,08/14:06,08/15:11,08/15:25,1:05:00,HLP,HLP,005,10,1,1,NML,6,2025
884.,B739,PKLGJ,LNI,LNI707,LNI642,08/14:20,08/14:24,08/15:16,08/15:27,0:52:00,UPG,LOP,014,10,1,1,NML,6,2025
885.,A320,PKGQG,CTV,CTV699,CTV434,08/14:24,08/14:28,08/15:05,08/15:20,0:37:00,DPS,BPN,006,10,1,1,NML,6,2025
886.,B739,PKLHH,LNI,LNI823,LNI920,08/13:56,08/14:00,08/16:15,08/16:28,2:15:00,LOP,DPS,011,10,1,1,NML,6,2025
887.,B739,PKLSK,LNI,LNI749,LNI581,08/16:31,08/16:36,08/17:20,08/17:30,0:44:00,MDC,CGK,014,10,1,1,NML,6,2025
888.,B738,9MMXA,MAS,MAS873,MAS872,08/14:43,08/14:49,08/15:45,08/15:58,0:56:00,KUL,KUL,A07,10,1,1,NML,6,2025
889.,A320,PKSJK,SJV,SJV643,SJV672,08/15:54,08/15:58,08/17:00,08/17:10,1:02:00,AAP,BEJ,010,10,1,1,NML,6,2025
890.,A320,PKLUR,BTK,BTK6347,BTK6401,08/15:07,08/15:12,08/16:09,08/16:34,0:57:00,BEJ,CGK,008,10,1,1,NML,6,2025
891.,A320,PKSAW,SJV,SJV637,SJV614,08/16:16,08/16:21,08/17:17,08/17:29,0:56:00,BDJ,BPN,15A,10,0,0,NML,6,2025
892.,B738,PKGMX,GIA,GIA310,GIA315,08/15:23,08/15:25,08/16:30,08/16:43,1:05:00,CGK,CGK,004,10,1,1,NML,6,2025
893.,A320,PKPWN,PAS,PAS206,PAS623,08/15:47,08/15:50,08/16:29,08/16:41,0:39:00,CGK,BPN,005,10,1,1,NML,6,2025
894.,B739,PKLHL,LNI,LNI695,LNI268,08/16:09,08/16:15,08/17:42,08/17:57,1:27:00,KOE,TRK,009,10,1,1,NML,6,2025
895.,B739,PKLQS,LNI,LNI692,LNI692,08/16:01,08/16:05,08/16:52,08/17:02,0:47:00,CGK,KOE,012,10,1,1,NML,6,2025
896.,A320,PKGLU,CTV,CTV669,CTV488,08/16:04,08/16:08,08/16:53,08/17:06,0:45:00,DPS,BDJ,006,10,1,1,NML,6,2025
897.,B739,PKLSO,LNI,LNI687,LNI226,08/17:23,08/17:28,08/19:24,08/19:35,1:56:00,PKY,BDJ,016,10,1,1,NML,6,2025
898.,A320,PKBLC,BTK,BTK6578,BTK7579,08/16:22,08/16:26,08/17:22,08/17:33,0:56:00,CGK,CGK,008,10,1,1,NML,6,2025
899.,A320,PKGLS,CTV,CTV495,CTV721,08/16:39,08/16:42,08/18:59,08/19:16,2:17:00,BDJ,CGK,007,10,1,1,NML,6,2025
900.,B738,PKLJQ,LNI,LNI869,LNI838,08/12:49,08/12:54,08/17:31,08/17:44,4:37:00,TTE,PNK,023,10,0,0,NML,6,2025
901.,A320,PKAZX,AWQ,AWQ323,AWQ326,08/16:52,08/16:58,08/17:33,08/17:46,0:35:00,KUL,KUL,A03,10,1,1,NML,6,2025
902.,A320,PKGQQ,CTV,CTV726,CTV715,08/17:26,08/17:29,08/19:17,08/19:26,1:48:00,CGK,CGK,008,10,1,1,NML,6,2025
903.,A320,PKSTH,SJV,SJV703,SJV708,08/17:41,08/17:46,08/18:26,08/18:37,0:40:00,DPS,DPS,010,10,1,1,NML,6,2025
904.,A320,PKPWC,PAS,PAS622,PAS207,08/17:18,08/17:21,08/18:06,08/18:17,0:45:00,BPN,CGK,006,10,1,1,NML,6,2025
905.,B738,PKGFQ,GIA,GIA349,GIA313,08/17:35,08/17:38,08/18:29,08/18:41,0:51:00,DPS,CGK,005,10,1,1,NML,6,2025
906.,A320,PKSJD,SJV,SJV725,SJV716,08/19:13,08/19:18,08/20:04,08/20:18,0:46:36,LBJ,LOP,012,10,1,1,NML,6,2025
907.,A320,PKBKP,BTK,BTK7503,BTK7502,08/18:08,08/18:13,08/18:59,08/19:12,0:46:00,HLP,HLP,009,10,1,1,NML,6,2025
908.,B738,PKGUI,GIA,GIA320,GIA325,08/17:15,08/17:18,08/18:53,08/19:08,1:35:00,CGK,CGK,004,10,1,1,NML,6,2025
909.,A320,PKGQK,CTV,CTV172,CTV173,08/19:17,08/19:21,08/20:01,08/20:16,0:40:00,HLP,HLP,006,10,1,1,NML,6,2025
910.,B738MAX,9VMBB,SIA,SIA928,SIA929,08/18:12,08/18:18,08/19:11,08/19:22,0:53:00,SIN,SIN,A06,10,1,1,NML,6,2025
911.,A320,PKGLG,CTV,CTV949,CTV494,08/18:29,08/18:35,08/19:11,08/19:24,0:36:00,BTH,BDJ,006,10,1,1,NML,6,2025
912.,B735,PKCLE,SJY,SJY567,SJY562,08/21:37,08/21:44,08/22:23,08/22:33,0:39:35,UPG,UPG,011,28,1,1,NML,6,2025
913.,A320,PKGTK,CTV,CTV489,CTV693,08/19:27,08/19:30,08/20:09,08/20:34,0:39:38,BDJ,DPS,008,10,1,1,NML,6,2025
914.,B788,9VOFA,TGW,TGW266,TGW267,08/19:50,08/19:57,08/20:59,08/21:20,1:02:15,SIN,SIN,A07,28,1,1,NML,6,2025
915.,B739,PKLGJ,LNI,LNI865,LNI880,08/17:59,08/18:04,08/19:51,08/20:02,1:47:00,LOP,UPG,011,10,1,1,NML,6,2025
916.,A320,PKGQL,CTV,CTV736,CTV9694,08/19:09,08/19:14,08/20:07,08/20:22,0:53:01,CGK,DPS,007,10,1,1,NML,6,2025
917.,A320,PKGQG,CTV,CTV435,CTV737,08/18:57,08/19:02,08/19:57,08/20:11,0:55:00,BPN,CGK,003,10,0,0,NML,6,2025
918.,A320,PKPWE,PAS,PAS202,PAS203,08/19:04,08/19:08,08/19:49,08/20:00,0:41:00,CGK,CGK,005,10,1,1,NML,6,2025
919.,A320,PKSAS,SJV,SJV617,SJV616,08/19:37,08/19:40,08/20:17,08/20:37,0:37:03,BPN,BPN,009,10,1,1,NML,6,2025
920.,B738,PKGFM,GIA,GIA326,GIA319,08/19:00,08/19:04,08/20:01,08/20:14,0:57:00,CGK,CGK,004,10,1,1,NML,6,2025
921.,B738,PKLZV,BTK,BTK6586,BTK6587,08/21:14,08/21:21,08/21:59,08/22:08,0:38:48,CGK,CGK,009,28,1,1,NML,6,2025
922.,A320,PKGQE,CTV,CTV724,CTV354,08/21:49,08/21:56,08/22:30,08/22:38,0:34:00,CGK,UPG,007,28,1,1,NML,6,2025
923.,A320,PKBKU,BTK,BTK6137,BTK6136,08/19:55,08/19:59,08/22:04,08/22:10,2:05:59,UPG,UPG,010,28,1,1,NML,6,2025
924.,B738,PKLJS,LNI,LNI879,LNI878,08/18:24,08/18:29,09/05:14,09/05:21,10:45:00,AMQ,AMQ,023,28,0,0,NML,6,2025
925.,A320,PKAZX,AWQ,AWQ327,AWQ320,08/23:12,08/23:19,09/05:00,09/05:11,5:41:00,KUL,KUL,A03,28,1,1,NML,6,2025
926.,A320,PKGLS,CTV,CTV720,CTV430,08/22:57,08/22:59,09/04:55,09/05:06,5:56:00,CGK,BPN,008,28,1,1,NML,6,2025
927.,A320,PKLUQ,BTK,BTK6413,BTK7508,08/20:10,08/20:14,09/05:14,09/05:23,9:00:00,DPS,HLP,17B,28,0,0,NML,6,2025
928.,B739,PKLFY,LNI,LNI727,LNI786,08/20:44,08/20:49,09/05:36,09/05:47,8:47:00,KDI,UPG,014,28,1,1,NML,6,2025
929.,B738,PKGNF,GIA,GIA855,GIA301,08/20:47,08/23:30,09/05:05,09/05:16,8:13:00,SIN,CGK,004,28,1,1,NML,6,2025
930.,A320,PKBKR,BTK,BTK7521,BTK6132,08/21:25,08/21:32,09/05:25,09/05:32,7:52:15,HLP,LOP,002,28,0,0,NML,6,2025
931.,B733F,PKMYV,MYU,MYU935,MYU815,08/12:59,08/13:03,09/05:19,09/05:29,16:16:00,SRG,CGK,C02,28,0,0,NML,6,2025
932.,A320,PKBKV,BTK,BTK6588,BTK5001,08/21:17,08/21:24,09/06:05,09/06:16,8:41:00,CGK,SRG,012,28,1,1,NML,6,2025
933.,B738,PKLOR,LNI,LNI690,LNI690,09/05:07,09/05:12,09/06:11,09/06:24,0:59:00,CGK,KOE,008,28,1,1,NML,6,2025
934.,A320,PKGQL,CTV,CTV9695,CTV725,08/22:35,08/22:42,09/05:48,09/05:59,7:06:00,DPS,CGK,009,28,1,1,NML,6,2025
935.,A320,PKSAW,SJV,SJV615,SJV640,08/20:58,08/23:56,09/05:58,09/06:06,8:57:00,BPN,AAP,011,28,1,0,NML,6,2025
936.,B739,PKLHH,LNI,LNI923,LNI266,08/20:20,08/20:24,09/06:25,09/06:38,10:01:00,DPS,BPN,016,28,1,1,NML,6,2025
937.,A320,V8RBE,RBA,RBA795,RBA796,08/19:52,08/19:59,09/05:58,09/06:13,9:59:00,BWN,BWN,A06,28,1,1,NML,6,2025
938.,A320,PKSTH,SJV,SJV727,SJV706,08/21:10,09/00:45,09/05:59,09/06:10,8:39:00,DPS,DPS,010,28,1,0,NML,6,2025
939.,A320,PKBKJ,BTK,BTK7501,BTK6589,08/14:58,08/15:02,09/06:05,09/06:15,15:03:00,HLP,CGK,018,28,0,0,NML,6,2025
940.,A320,PKGQE,CTV,CTV353,CTV9670,09/05:03,09/05:10,09/05:54,09/06:02,0:43:48,UPG,LOP,007,28,1,1,NML,6,2025
941.,B738,PKLQZ,LNI,LNI885,LNI868,08/18:48,08/18:52,09/06:10,09/06:22,11:18:00,UPG,TTE,15A,28,0,0,NML,6,2025
942.,A320,PKPWG,PAS,PAS212,PAS213,08/20:41,08/20:44,09/05:59,09/06:12,9:15:00,CGK,CGK,006,28,1,1,NML,6,2025
"943.,A320,PKLAT,BTK,BTK6594,BTK6412,06/20:09,07/07:15,09/06:18,09/06:26,""2 days, 10:05:00"",CGK,DPS,022,28,0,1,NML,6,2025"
944.,A320,PKSAF,SJV,SJV717,SJV566,09/05:54,09/05:59,09/06:57,09/07:07,0:58:00,LOP,PLW,014,28,1,1,NML,6,2025
945.,A320,PKSJK,SJV,SJV673,SJV618,08/21:21,08/21:27,09/07:17,09/07:25,9:49:00,BEJ,BPN,001,28,0,0,NML,6,2025
946.,B739,PKLSW,LNI,LNI972,LNI971,08/16:26,08/16:31,09/07:27,09/07:41,14:56:00,BTH,BTH,C03,28,0,0,NML,6,2025
947.,B738,PKGFF,GIA,GIA328,GIA854,08/20:07,08/23:06,09/07:04,09/07:16,10:53:00,CGK,SIN,A02,28,1,1,NML,6,2025
948.,B738,PKGMP,GIA,GIA324,GIA305,08/21:04,08/21:10,09/06:56,09/07:05,9:46:00,CGK,CGK,005,28,1,1,NML,6,2025
949.,B739,PKLHO,LNI,LNI683,LNI990D,09/08:04,09/08:09,09/09:54,09/10:06,1:45:00,PKY,DPS,018,28,0,0,NML,6,2025
950.,B739,PKLFW,LNI,LNI363,LNI990,09/06:19,09/06:25,09/07:18,09/07:18,0:53:00,BPN,DPS,009,28,1,1,NML,6,2025
951.,A320,PKLAQ,BTK,BTK7511,BTK6135,09/06:29,09/06:34,09/07:28,09/07:35,0:54:00,HLP,PKN,008,28,1,1,NML,6,2025
952.,A320,PKLUT,BTK,BTK6576,BTK7510,08/18:51,08/18:58,09/07:38,09/07:49,12:40:00,CGK,HLP,17A,28,0,0,NML,6,2025
953.,E135,T7JCI,AFS,T7JCI,T7JCI,09/08:09,09/08:14,09/08:55,09/09:01,0:41:00,CGK,CGK,A09,28,0,0,NML,6,2025
954.,A320,PKGQP,CTV,CTV170,CTV175,09/06:34,09/06:41,09/07:31,09/07:46,0:50:00,HLP,HLP,007,28,1,1,NML,6,2025
955.,A320,PKAZO,AWQ,AWQ325,AWQ392,08/19:06,08/19:12,09/07:30,09/07:43,12:18:00,KUL,JHB,A01,28,1,1,NML,6,2025
956.,A320,PKGQK,CTV,CTV690,CTV460,09/07:03,09/07:10,09/07:56,09/08:07,0:46:00,DPS,AAP,006,28,1,1,NML,6,2025
957.,B739,PKLHL,LNI,LNI267,LNI693,09/07:00,09/07:05,09/08:03,09/08:12,0:58:00,TRK,CGK,012,28,1,1,NML,6,2025
958.,A21N,B32M5,CSN,CSN8137,CSN8138,08/21:06,08/21:11,09/07:45,09/07:59,10:34:00,CAN,CAN,A07,28,1,1,NML,6,2025
"959.,C208,PKVVF,SUS,PKVVF,PKVVF,06/08:53,06/08:57,09/08:15,09/08:26,""2 days, 23:17:18"",BXW,BXW,C07,28,0,0,NML,6,2025"
960.,A333,BLBE,CPA,CPA779,CPA780,08/17:54,08/18:00,09/08:05,09/08:19,14:05:00,HKG,HKG,A08,28,1,1,NML,6,2025
961.,A320,PKBKL,BTK,BTK6572,BTK6573,09/07:38,09/07:43,09/08:31,09/08:38,0:48:00,CGK,CGK,008,28,1,1,NML,6,2025
962.,B738,PKLDM,MXD,MXD352,MXD353,08/19:32,08/19:39,09/08:38,09/08:51,12:59:00,KUL,KUL,A04,28,1,1,NML,6,2025
"963.,B738,PKLKV,LNI,LNI878A,LNI6011,08/05:28,08/09:32,09/08:43,09/08:53,""1 day, 3:15:00"",SUB,CGK,025,28,0,1,NML,6,2025"
964.,B739,PKLQS,LNI,LNI693,LNI222,09/06:47,09/06:54,09/08:51,09/08:58,1:57:00,KOE,BDJ,15A,28,0,0,NML,6,2025
965.,A320,PKBKR,BTK,BTK6133,BTK6391,09/08:01,09/08:08,09/09:10,09/09:19,1:02:00,LOP,CGK,010,28,1,1,NML,6,2025
966.,B739,PKLQT,LNI,LNI929,LNI856,09/06:50,09/06:55,09/08:59,09/09:09,2:04:00,DPS,PLM,016,28,1,1,NML,6,2025
967.,B738,PKLJQ,LNI,LNI837,LNI748,09/07:55,09/08:00,09/09:04,09/09:12,1:04:00,PNK,MDC,014,28,1,1,NML,6,2025
968.,A320,PKGQE,CTV,CTV9671,CTV486,09/08:24,09/08:29,09/09:14,09/09:24,0:45:00,LOP,BDJ,007,28,1,1,NML,6,2025
969.,B738,PKGNM,GIA,GIA304,GIA342,09/08:17,09/08:24,09/09:18,09/09:27,0:54:00,CGK,DPS,004,28,1,1,NML,6,2025
970.,A320,PKPWE,PAS,PAS200,PAS201,09/08:13,09/08:21,09/09:14,09/09:22,0:53:00,CGK,CGK,005,28,1,1,NML,6,2025
971.,B738,9MMXM,MAS,MAS871,MAS870,09/09:15,09/09:19,09/10:04,09/10:18,0:45:00,KUL,KUL,A06,28,1,1,NML,6,2025
972.,B735,PKNAT,LKN,LKN243,LKN242,09/09:09,09/09:14,09/09:56,09/10:10,0:42:00,SMQ,SMQ,011,28,1,1,NML,6,2025
973.,A359,9VSHT,SIA,SIA922,SIA923,09/09:06,09/09:10,09/10:11,09/10:25,1:01:00,SIN,SIN,A08,28,1,1,NML,6,2025
974.,A320,PKBKG,BTK,BTK6584,BTK6585,09/10:04,09/10:10,09/11:01,09/11:11,0:51:00,CGK,CGK,008,28,1,1,NML,6,2025
"975.,A320,PKSTF,SJV,SJV619,SJV632,05/14:46,05/14:49,09/10:43,09/10:54,""3 days, 19:53:23"",BPN,BDJ,026,28,0,0,NML,6,2025"
976.,A320,PKGQI,CTV,CTV351,CTV350,09/09:32,09/09:41,09/10:23,09/10:30,0:42:00,UPG,UPG,006,28,1,1,NML,6,2025
977.,B739,PKLQS,LNI,LNI223,LNI682,09/11:42,09/11:47,09/13:33,09/14:00,1:46:00,BDJ,PKY,009,10,1,1,NML,6,2025
978.,A320,9VTRT,TGW,TGW296,TGW297,09/09:35,09/09:39,09/10:29,09/10:43,0:50:00,SIN,SIN,A02,28,1,1,NML,6,2025
979.,B739,PKLSY,LNI,LNI311,LNI706,09/06:07,09/06:12,09/10:49,09/11:00,4:37:00,BDJ,UPG,023,28,0,0,NML,6,2025
980.,B739,PKLSI,LNI,LNI970,LNI973,09/09:38,09/09:43,09/10:38,09/10:47,0:55:00,BTH,BTH,012,28,1,1,NML,6,2025
981.,A320,PKLAI,BTK,BTK7513,BTK7516,09/10:11,09/10:17,09/11:00,09/11:09,0:43:00,HLP,HLP,009,28,1,1,NML,6,2025
982.,A320,PKGQO,CTV,CTV722,CTV723,09/10:00,09/10:07,09/10:54,09/11:06,0:47:00,CGK,CGK,007,28,1,1,NML,6,2025
983.,A320,PKSAW,SJV,SJV641,SJV642,09/09:41,09/09:46,09/10:55,09/11:04,1:09:00,AAP,AAP,014,28,1,1,NML,6,2025
984.,B739,PKLFY,LNI,LNI791,LNI822,09/09:29,09/09:36,09/11:17,09/11:30,1:41:00,UPG,LOP,010,28,1,1,NML,6,2025
985.,A320,PKLAQ,BTK,BTK6134,BTK6346,09/10:08,09/10:13,09/11:05,09/11:13,0:52:00,PKN,BEJ,011,28,1,1,NML,6,2025
986.,B739,PKLSH,LNI,LNI694,LNI694,09/10:22,09/10:28,09/11:20,09/11:32,0:52:00,CGK,KOE,15A,28,0,0,NML,6,2025
987.,B738,PKLOR,LNI,LNI697,LNI697,09/10:32,09/10:38,09/11:25,09/11:36,0:47:00,KOE,CGK,016,28,1,1,NML,6,2025
988.,A320,PKAZX,AWQ,AWQ321,AWQ322,09/10:34,09/10:37,09/11:10,09/11:25,0:33:00,KUL,KUL,A03,28,1,1,NML,6,2025
989.,A320,PKLUQ,BTK,BTK7517,BTK7520,09/10:57,09/11:05,09/11:56,09/12:07,0:51:00,HLP,HLP,012,10,1,1,NML,6,2025
990.,B738,PKGNH,GIA,GIA322,GIA327,09/10:14,09/10:22,09/11:34,09/11:44,1:12:00,CGK,CGK,004,28,1,1,NML,6,2025
991.,A320,PKGQK,CTV,CTV461,CTV698,09/11:45,09/11:51,09/12:27,09/12:40,0:36:00,AAP,DPS,006,10,1,1,NML,6,2025
992.,B739,PKLHO,LNI,LNI805,LNI804,09/12:50,09/12:53,09/13:42,09/14:03,0:49:00,DPS,DPS,012,10,1,1,NML,6,2025
993.,AS35,PKODC,AFE,PKODC,PKODC,09/10:50,09/10:53,09/11:57,09/11:59,1:04:00,DPS,SRG,H05,10,0,0,NML,6,2025
994.,A320,PKBLC,BTK,BTK6582,BTK6581,09/12:18,09/12:22,09/13:21,09/13:53,0:59:00,CGK,CGK,008,10,1,1,NML,6,2025
995.,A320,PKGQM,CTV,CTV9693,CTV9692,09/11:28,09/11:34,09/12:26,09/12:37,0:52:00,DPS,DPS,007,10,1,1,NML,6,2025
996.,A320,PKSTT,SJV,SJV703,SJV636,09/13:32,09/13:38,09/14:38,09/14:48,1:00:00,DPS,BDJ,016,10,1,1,NML,6,2025
997.,B735,PKNAQ,LKN,LKN193,LKN192,09/12:21,09/12:25,09/13:17,09/13:31,0:52:42,PKN,PKN,011,10,1,1,NML,6,2025
998.,B739,PKLFF,LNI,LNI801,LNI780,09/11:23,09/11:29,09/13:33,09/14:02,2:04:00,UPG,UPG,014,10,1,1,NML,6,2025
999.,A320,PKBKR,BTK,BTK6596,BTK6595,09/12:58,09/13:02,09/14:03,09/14:11,1:00:16,CGK,CGK,015,10,1,1,NML,6,2025
1000.,A320,PKGQE,CTV,CTV487,CTV668,09/12:24,09/12:27,09/13:26,09/13:56,0:59:00,BDJ,DPS,005,10,1,1,NML,6,2025
1001.,A320,PKAZO,AWQ,AWQ393,AWQ324,09/12:31,09/12:36,09/13:24,09/13:36,0:48:00,JHB,KUL,A03,10,1,1,NML,6,2025
1002.,B738,PKLQZ,LNI,LNI869,LNI722,09/12:28,09/12:32,09/14:00,09/14:09,1:28:00,TTE,KDI,010,10,1,1,NML,6,2025
1003.,A320,PKPWF,PAS,PAS204,PAS205,09/12:05,09/12:07,09/13:18,09/13:46,1:11:00,CGK,CGK,004,10,1,1,NML,6,2025
1004.,A320,PKSTF,SJV,SJV633,SJV726,09/13:51,09/13:55,09/14:50,09/15:02,0:55:00,BDJ,LBJ,014,10,1,1,NML,6,2025
1005.,B738,PKLOH,LNI,LNI839,LNI836,09/15:35,09/15:40,09/16:35,09/16:51,0:55:00,PNK,PNK,016,10,1,1,NML,6,2025
1006.,A320,PKGLU,CTV,CTV716,CTV717,09/13:23,09/13:26,09/14:16,09/14:27,0:50:00,CGK,CGK,007,10,1,1,NML,6,2025
1007.,B739,PKLQT,LNI,LNI857,LNI910,09/13:28,09/13:32,09/14:30,09/14:38,0:58:00,PLM,DPS,011,10,1,1,NML,6,2025
1008.,A320,PKSAF,SJV,SJV567,SJV704,09/11:14,09/11:19,09/14:25,09/14:32,3:06:00,PLW,DPS,018,10,0,0,NML,6,2025
1009.,A320,PKGLS,CTV,CTV431,CTV948,09/13:43,09/13:46,09/14:33,09/14:45,0:47:00,BPN,BTH,008,10,1,1,NML,6,2025
1010.,B738,PKGUI,GIA,GIA312,GIA317,09/13:40,09/13:45,09/14:38,09/14:53,0:53:00,CGK,CGK,004,10,1,1,NML,6,2025
1011.,A320,9VJSY,JSA,JSA247,JSA248,09/13:58,09/14:06,09/14:54,09/15:08,0:47:49,SIN,SIN,A06,10,1,1,NML,6,2025
1012.,B739,PKLFY,LNI,LNI823,LNI260,09/14:04,09/14:08,09/15:01,09/15:11,0:52:40,LOP,BPN,012,10,1,1,NML,6,2025
1013.,A320,PKBKY,BTK,BTK7515,BTK7514,09/13:47,09/13:52,09/14:47,09/14:59,0:55:00,HLP,HLP,009,10,1,1,NML,6,2025
1014.,A320,PKPWK,PAS,PAS208,PAS209,09/13:38,09/13:41,09/14:47,09/14:57,1:06:00,CGK,CGK,006,10,1,1,NML,6,2025
1015.,B738,PKGMI,GIA,GIA330,GIA331,09/13:54,09/13:57,09/15:02,09/15:17,1:05:00,HLP,HLP,005,10,1,1,NML,6,2025
1016.,B739,PKLHH,LNI,LNI261,LNI642,09/14:16,09/14:21,09/16:05,09/16:18,1:43:56,BPN,LOP,015,10,1,1,NML,6,2025
1017.,A320,PKLUY,BTK,BTK6406,BTK6220,09/15:12,09/15:17,09/16:00,09/16:09,0:43:00,CGK,BPN,008,10,1,1,NML,6,2025
1018.,B739,PKLGJ,LNI,LNI707,LNI686,09/15:58,09/16:03,09/17:09,09/17:18,1:06:00,UPG,PKY,014,10,1,1,NML,6,2025
1019.,A320,PKGQK,CTV,CTV699,CTV434,09/15:06,09/15:10,09/15:46,09/15:56,0:36:28,DPS,BPN,006,10,1,1,NML,6,2025
1020.,A320,PKLUQ,BTK,BTK7501,BTK7512,09/15:21,09/15:25,09/16:20,09/16:30,0:55:00,HLP,HLP,009,10,1,1,NML,6,2025
1021.,B738,PKLJQ,LNI,LNI749,LNI581,09/15:01,09/15:05,09/16:05,09/16:18,1:00:00,MDC,CGK,018,10,0,0,NML,6,2025
1022.,A320,PKSAW,SJV,SJV643,SJV672,09/14:55,09/14:58,09/16:05,09/16:13,1:07:00,AAP,BEJ,010,10,1,1,NML,6,2025
1023.,B739,PKLSL,LNI,LNI709,LNI316,09/17:08,09/17:13,09/18:08,09/18:19,0:55:00,UPG,BDJ,015,10,1,1,NML,6,2025
1024.,B738,HSLUJ,TLM,TLM268,TLM269,09/15:15,09/15:21,09/16:12,09/16:20,0:51:00,DMK,DMK,A04,10,1,1,NML,6,2025
1025.,A320,PKLAQ,BTK,BTK6347,BTK6401,09/15:25,09/15:28,09/16:27,09/16:36,0:59:00,BEJ,CGK,011,10,1,1,NML,6,2025
1026.,A320,PKSTT,SJV,SJV637,SJV648,09/17:53,09/17:58,09/19:00,09/19:15,1:02:00,BDJ,BPN,010,10,1,1,NML,6,2025
1027.,B738,PKGNQ,GIA,GIA310,GIA315,09/15:27,09/15:31,09/16:31,09/16:45,1:00:00,CGK,CGK,004,10,1,1,NML,6,2025
1028.,B738MAX,9VMBN,SIA,SIA926,SIA927,09/15:31,09/15:37,09/16:22,09/16:35,0:44:57,SIN,SIN,A07,10,1,1,NML,6,2025
1029.,B739,PKLSH,LNI,LNI695,LNI268,09/15:46,09/15:52,09/17:05,09/17:13,1:12:53,KOE,TRK,17A,10,0,0,NML,6,2025
1030.,A320,PKPWG,PAS,PAS206,PAS623,09/15:41,09/15:44,09/16:34,09/16:50,0:50:00,CGK,BPN,005,10,1,1,NML,6,2025
1031.,B739,PKLJG,LNI,LNI692,LNI692,09/17:37,09/17:41,09/18:45,09/19:03,1:04:00,CGK,KOE,016,10,1,1,NML,6,2025
1032.,A320,PKGQM,CTV,CTV669,CTV488,09/15:53,09/15:56,09/16:43,09/16:54,0:47:00,DPS,BDJ,007,10,1,1,NML,6,2025
1033.,B739,PKLSW,LNI,LNI972,LNI226,09/17:02,09/17:05,09/18:38,09/18:53,1:33:40,BTH,BDJ,012,10,1,1,NML,6,2025
1034.,B738,PKLJS,LNI,LNI879,LNI838,09/15:18,09/15:28,09/18:51,09/19:05,3:22:55,AMQ,PNK,023,10,0,0,NML,6,2025
1035.,A320,PKAZX,AWQ,AWQ323,AWQ326,09/16:48,09/16:52,09/17:24,09/17:35,0:32:00,KUL,KUL,A03,10,1,1,NML,6,2025
"1036.,AW139,PKTVN,TVR,PKTVN,PKTVN,04/09:26,04/09:31,09/17:18,09/17:41,""5 days, 7:47:00"",ZZZZ,MBH,H02,10,0,0,NML,6,2025"
1037.,A320,PKGLE,CTV,CTV495,CTV721,09/17:48,09/17:52,09/18:35,09/18:50,0:43:00,BDJ,CGK,007,10,1,1,NML,6,2025
1038.,A320,PKSTF,SJV,SJV725,SJV708,09/18:22,09/18:27,09/19:15,09/19:28,0:48:00,LBJ,DPS,018,10,0,0,NML,6,2025
1039.,A320,PKPWL,PAS,PAS622,PAS207,09/17:15,09/17:18,09/18:14,09/18:25,0:56:00,BPN,CGK,006,10,1,1,NML,6,2025
1040.,B738,PKGNM,GIA,GIA349,GIA313,09/17:42,09/17:46,09/18:41,09/19:01,0:55:00,DPS,CGK,004,10,1,1,NML,6,2025
1041.,A320,PKSTG,SJV,SJV619,SJV716,09/17:04,09/17:09,09/19:36,09/19:51,2:27:00,BPN,LOP,011,10,1,1,NML,6,2025
1042.,A320,PKLAI,BTK,BTK7503,BTK7502,09/18:10,09/18:14,09/18:58,09/19:11,0:44:00,HLP,HLP,009,10,1,1,NML,6,2025
1043.,B738,PKGMX,GIA,GIA320,GIA325,09/17:25,09/17:28,09/18:52,09/19:06,1:24:00,CGK,CGK,005,10,1,1,NML,6,2025
1044.,B738MAX,9VMBD,SIA,SIA928,SIA929,09/19:44,09/19:51,09/20:36,09/20:50,0:45:00,SIN,SIN,A07,10,1,1,SCH,6,2025
1045.,A320,PKGQG,CTV,CTV949,CTV494,09/18:48,09/18:52,09/19:30,09/19:47,0:38:00,BTH,BDJ,008,10,1,1,NML,6,2025
1046.,A320,PKLDJ,BTK,BTK6576,BTK6575,09/20:10,09/20:15,09/21:02,09/21:13,0:47:00,CGK,CGK,011,10,1,1,NML,6,2025
1047.,B739,PKLQT,LNI,LNI923,LNI880,09/17:33,09/17:37,09/19:59,09/20:08,2:22:00,DPS,UPG,17A,10,0,0,NML,6,2025
1048.,A320,PKLUQ,BTK,BTK7519,BTK7518,09/19:30,09/19:34,09/20:26,09/20:36,0:52:00,HLP,HLP,010,10,1,1,NML,6,2025
1049.,A320,PKPWK,PAS,PAS202,PAS203,09/18:58,09/19:01,09/19:48,09/20:00,0:47:00,CGK,CGK,006,10,1,1,NML,6,2025
1050.,B738,PKGUI,GIA,GIA326,GIA319,09/18:51,09/18:55,09/19:57,09/20:13,1:02:00,CGK,CGK,004,10,1,1,NML,6,2025
1051.,A320,PKGQK,CTV,CTV435,CTV9694,09/19:17,09/19:20,09/20:08,09/20:19,0:48:00,BPN,DPS,007,10,1,1,NML,6,2025
1052.,A320,PKGQO,CTV,CTV736,CTV737,09/19:39,09/19:45,09/20:30,09/20:44,0:45:00,CGK,CGK,005,10,1,1,NML,6,2025
1053.,A320,PKGLY,CTV,CTV724,CTV354,09/19:25,09/19:29,09/20:21,09/20:34,0:52:00,CGK,UPG,009,10,1,1,NML,6,2025
1054.,B738,PKCRI,SJY,SJY567,SJY562,09/21:41,09/21:45,09/22:41,09/22:52,0:56:00,UPG,UPG,011,10,1,1,NML,6,2025
1055.,A320,PKGLU,CTV,CTV489,CTV693,09/19:49,09/19:54,09/20:31,09/20:46,0:37:00,BDJ,DPS,008,10,1,1,NML,6,2025
1056.,A320,PKLAO,BTK,BTK6137,BTK6136,09/21:06,09/21:11,09/22:08,09/22:23,0:57:00,UPG,UPG,009,10,1,1,NML,6,2025
1057.,A320,PKGQN,CTV,CTV726,CTV715,09/21:23,09/21:27,09/22:18,09/22:31,0:51:00,CGK,CGK,007,10,1,1,NML,6,2025
1058.,A320,PKGQM,CTV,CTV720,CTV9696,09/22:12,09/22:17,09/22:54,09/23:05,0:37:00,CGK,DPS,008,10,1,1,NML,6,2025
1059.,A320,PKGQQ,CTV,CTV9722,CTV9723,09/22:07,09/22:11,09/23:14,09/23:26,1:03:00,CGK,CGK,003,10,0,0,NML,6,2025
1060.,A320,PKGQK,CTV,CTV9695,CTV430,09/22:35,09/22:40,10/04:50,10/04:55,6:10:00,DPS,BPN,007,28,1,1,NML,6,2025
1061.,A320,PKLAF,BTK,BTK6413,BTK7508,09/21:17,09/21:23,10/05:10,10/05:15,7:47:00,DPS,HLP,016,28,1,1,NML,6,2025
1062.,A320,PKAZO,AWQ,AWQ325,AWQ320,09/19:08,09/19:14,10/05:01,10/05:09,9:47:00,KUL,KUL,A01,28,1,1,NML,6,2025
1063.,B738,PKGNE,GIA,GIA328,GIA301,09/19:54,09/19:58,10/05:09,10/05:17,9:11:00,CGK,CGK,006,28,1,1,NML,6,2025
1064.,A320,PKLUY,BTK,BTK6221,BTK6132,09/19:22,09/19:27,10/05:11,10/05:18,9:44:00,BPN,LOP,023,28,0,0,NML,6,2025
1065.,B738,PKLPK,LNI,LNI690,LNI690,10/05:07,10/05:11,10/06:03,10/06:19,0:52:00,CGK,KOE,011,28,1,1,NML,6,2025
1066.,A320,PKGLU,CTV,CTV9697,CTV725,09/23:02,09/23:06,10/05:49,10/05:55,6:43:00,DPS,CGK,008,28,1,1,NML,6,2025
1067.,B739,PKLGJ,LNI,LNI687,LNI6004,09/20:02,09/20:07,10/06:02,10/06:10,9:55:00,PKY,BDJ,018,28,0,0,NML,6,2025
1068.,B739,PKLHH,LNI,LNI865,LNI266,09/18:43,09/18:49,10/06:00,10/06:18,11:11:00,LOP,BPN,026,28,0,0,NML,6,2025
1069.,A320,PKBKU,BTK,BTK6594,BTK6589,09/21:02,09/21:07,10/06:20,10/06:32,9:13:00,CGK,CGK,014,28,1,1,NML,6,2025
1070.,A320,PKSTF,SJV,SJV727,SJV640,09/22:02,09/22:06,10/06:00,10/06:09,7:54:00,DPS,AAP,010,28,1,1,NML,6,2025
1071.,A320,V8RBD,RBA,RBA795,RBA796,09/19:57,09/20:05,10/05:52,10/06:03,9:47:00,BWN,BWN,A06,28,1,1,NML,6,2025
1072.,A320,PKGQE,CTV,CTV353,CTV9670,10/05:00,10/05:09,10/05:58,10/06:14,0:49:00,UPG,LOP,007,28,1,1,NML,6,2025
1073.,A320,PKSTT,SJV,SJV613,SJV706,09/22:44,09/22:48,10/06:15,10/06:26,7:27:00,BPN,DPS,15A,28,0,0,NML,6,2025
1074.,B739,PKLHO,LNI,LNI919,LNI786,09/17:11,09/17:16,10/06:20,10/06:24,13:04:00,DPS,UPG,C04,28,0,0,NML,6,2025
1075.,A320,PKAZJ,AWQ,AWQ327,AWQ386,09/23:23,09/23:29,10/06:18,10/06:33,6:49:00,KUL,PEN,A03,28,1,1,NML,6,2025
1076.,A320,PKPWN,PAS,PAS212,PAS213,09/20:42,09/20:45,10/06:05,10/06:21,9:20:00,CGK,CGK,005,28,1,1,NML,6,2025
"1077.,A320,PKLUK,BTK,BTK6347,BTK6412,07/15:05,07/15:10,10/06:17,10/06:28,""2 days, 15:07:24"",BEJ,DPS,024,28,0,0,NML,6,2025"
1078.,B738MAX,PKOFI,AFE,AFE921,AFE921,10/05:48,10/05:57,10/06:42,10/06:58,0:45:19,CGK,TIM,006,28,1,1,NML,6,2025
1079.,B739,PKLSP,LNI,LNI311,LNI971,10/06:11,10/06:19,10/07:15,10/07:22,0:56:14,BDJ,BTH,016,28,1,1,NML,6,2025
1080.,C208,PKVVF,SUS,PKVVF,SUS6197,09/10:16,09/10:19,10/07:23,10/07:30,21:04:00,BXW,BXW,C07,28,0,0,NML,6,2025
1081.,A320,PKLZH,BTK,BTK6588,BTK6135,09/23:20,09/23:24,10/08:29,10/08:34,9:05:00,CGK,PKN,009,28,1,1,NML,6,2025
1082.,B738,PKGFF,GIA,GIA855,GIA854,09/20:32,09/20:37,10/06:58,10/07:13,10:21:00,SIN,SIN,A02,28,1,1,NML,6,2025
1083.,B738,PKGFM,GIA,GIA324,GIA305,09/20:56,09/21:00,10/07:00,10/07:10,10:00:00,CGK,CGK,004,28,1,1,NML,6,2025
1084.,A320,PKLUQ,BTK,BTK7511,BTK7510,10/06:37,10/06:44,10/07:40,10/07:47,0:56:18,HLP,HLP,010,28,1,1,NML,6,2025
1085.,A320,PKGQM,CTV,CTV690,CTV460,10/06:57,10/07:03,10/07:44,10/07:56,0:41:20,DPS,AAP,006,28,1,1,NML,6,2025
1086.,B738,PKLQZ,LNI,LNI727,LNI693,09/18:28,09/18:33,10/07:55,10/08:02,13:22:00,KDI,CGK,C03,28,0,0,NML,6,2025
1087.,B739,PKLJG,LNI,LNI693,LNI982,10/06:44,10/06:50,10/07:57,10/08:08,1:07:41,KOE,PKU,011,28,1,1,NML,6,2025
1088.,A21N,B30EY,CSN,CSN8137,CSN8138,09/21:11,09/21:18,10/08:15,10/08:28,10:57:00,CAN,CAN,A07,28,1,1,NML,6,2025
1089.,A320,PKGLR,CTV,CTV170,CTV175,10/07:04,10/07:08,10/07:54,10/08:07,0:46:53,HLP,HLP,007,28,1,1,NML,6,2025
1090.,A333,BLBG,CPA,CPA779,CPA780,09/17:57,09/18:03,10/08:03,10/08:25,14:00:00,HKG,HKG,A08,28,1,1,NML,6,2025
1091.,B739,PKLSH,LNI,LNI267,LNI990,10/07:08,10/07:14,10/08:22,10/08:32,1:08:00,TRK,DPS,014,28,1,1,NML,6,2025
1092.,A320,PKBKM,BTK,BTK6572,BTK6573,10/07:37,10/07:43,10/08:36,10/08:45,0:53:00,CGK,CGK,008,28,1,1,NML,6,2025
1093.,B429,P3201,POL,P3201,P3201,10/06:42,10/07:32,10/08:48,10/08:49,2:04:00,ZZZZ,ZLJ,002,28,0,0,NML,6,2025
"1094.,DHC6,PKICP,PGT,PKICP,PKICP,07/11:00,09/16:29,10/08:03,10/08:10,""2 days, 20:51:00"",PAG,PAG,028,28,0,0,NML,6,2025"
1095.,B738,PKLZO,MXD,MXD352,MXD353,09/19:13,09/19:19,10/08:39,10/08:50,13:20:00,KUL,KUL,A04,28,1,1,NML,6,2025
1096.,A320,PKLUY,BTK,BTK6133,BTK6391,10/07:54,10/08:02,10/08:52,10/09:01,0:50:00,LOP,CGK,010,28,1,1,NML,6,2025
1097.,A320,PKSAF,SJV,SJV723,SJV618,09/17:29,09/17:32,10/09:04,10/09:17,15:32:00,DPS,BPN,17B,28,0,0,NML,6,2025
1098.,B738,PKLJS,LNI,LNI837,LNI748,10/08:15,10/08:21,10/09:11,10/09:24,0:50:00,PNK,MDC,015,10,1,1,NML,6,2025
1099.,B739,PKLHL,LNI,LNI683,LNI682,10/08:00,10/08:06,10/09:14,10/09:29,1:08:00,PKY,PKY,016,28,1,1,NML,6,2025
1100.,B738,PKGNM,GIA,GIA304,GIA342,10/08:23,10/08:29,10/09:26,10/09:37,0:57:00,CGK,DPS,004,10,1,1,NML,6,2025
1101.,A320,PKGQE,CTV,CTV9671,CTV486,10/08:39,10/08:46,10/09:22,10/09:33,0:36:00,LOP,BDJ,007,10,1,1,NML,6,2025
1102.,A320,PKPWE,PAS,PAS200,PAS201,10/08:12,10/08:16,10/09:16,10/09:30,0:59:02,CGK,CGK,005,28,1,1,NML,6,2025
1103.,B739,PKLGJ,LNI,LNI315,LNI706,10/08:51,10/08:56,10/09:57,10/10:08,1:01:00,BDJ,UPG,011,10,1,1,NML,6,2025
1104.,B739,PKLFY,LNI,LNI363,LNI222,10/06:22,10/06:27,10/09:49,10/09:59,3:22:00,BPN,BDJ,018,10,0,0,NML,6,2025
1105.,B738MAX,9MMVB,MAS,MAS871,MAS870,10/09:13,10/09:17,10/10:07,10/10:22,0:50:00,KUL,KUL,A07,10,1,1,NML,6,2025
1106.,A359,9VSHD,SIA,SIA922,SIA923,10/08:55,10/08:58,10/10:00,10/10:13,1:02:00,SIN,SIN,A08,10,1,1,NML,6,2025
1107.,A320,PKBKU,BTK,BTK6584,BTK6585,10/10:20,10/10:24,10/11:27,10/11:37,1:03:45,CGK,CGK,007,10,1,1,NML,6,2025
1108.,A320,PKSAQ,SJV,SJV717,SJV632,10/06:07,10/06:12,10/10:28,10/10:42,4:15:15,LOP,BDJ,023,10,0,0,NML,6,2025
1109.,A320,PKGQN,CTV,CTV351,CTV350,10/09:35,10/09:37,10/10:24,10/10:38,0:47:00,UPG,UPG,006,10,1,1,NML,6,2025
1110.,B739,PKLHH,LNI,LNI367,LNI822,10/09:39,10/09:43,10/10:44,10/11:01,1:01:00,BPN,LOP,009,10,1,1,NML,6,2025
1111.,B738,PKLKQ,LNI,LNI791,LNI262,10/09:52,10/09:56,10/11:01,10/11:15,1:05:00,UPG,BPN,012,10,1,1,NML,6,2025
1112.,A20N,9VTNF,TGW,TGW296,TGW297,10/09:26,10/09:32,10/10:27,10/10:40,0:55:00,SIN,SIN,A02,10,1,1,NML,6,2025
1113.,B739,PKLGU,LNI,LNI970,LNI973,10/09:47,10/09:51,10/10:42,10/10:53,0:51:00,BTH,BTH,010,10,1,1,NML,6,2025
1114.,A320,PKPWN,PAS,PAS210,PAS211,10/09:42,10/09:45,10/10:45,10/10:56,1:00:00,CGK,CGK,005,10,1,1,NML,6,2025
1115.,A320,PKBKP,BTK,BTK7513,BTK6346,10/10:27,10/10:32,10/11:22,10/11:31,0:50:20,HLP,BEJ,008,10,1,1,NML,6,2025
1116.,A320,PKLZH,BTK,BTK6134,BTK7516,10/11:29,10/11:34,10/12:26,10/12:37,0:52:30,PKN,HLP,012,10,1,1,NML,6,2025
1117.,G100,N24ZD,AR7,N24ZD,N24ZD,09/22:00,09/22:26,10/11:03,10/11:07,12:37:00,TSA,XSP,C01,10,0,0,NML,6,2025
1118.,B738,PKLKV,LNI,LNI694,LNI694,10/10:24,10/10:27,10/11:26,10/11:39,0:59:09,CGK,KOE,011,10,1,1,NML,6,2025
1119.,B738,PKLPK,LNI,LNI697,LNI697,10/10:36,10/10:40,10/11:31,10/11:41,0:51:00,KOE,CGK,014,10,1,1,NML,6,2025
1120.,A320,PKAZO,AWQ,AWQ321,AWQ322,10/10:59,10/11:04,10/11:34,10/11:44,0:30:33,KUL,KUL,A03,10,1,1,NML,6,2025
1121.,A320,PKLUQ,BTK,BTK7517,BTK7520,10/11:55,10/11:58,10/12:49,10/12:49,0:51:00,HLP,HLP,008,10,1,1,NML,6,2025
1122.,B738,PKGFW,GIA,GIA322,GIA327,10/10:16,10/10:20,10/11:35,10/11:46,1:15:14,CGK,CGK,004,10,1,1,NML,6,2025
1123.,A320,PKGQM,CTV,CTV461,CTV698,10/11:23,10/11:26,10/12:08,10/12:19,0:42:33,AAP,DPS,006,10,1,1,NML,6,2025
1124.,B739,PKLSH,LNI,LNI805,LNI804,10/11:11,10/11:14,10/12:08,10/12:22,0:54:30,DPS,DPS,010,10,1,1,NML,6,2025
1125.,A320,PKBLA,BTK,BTK6582,BTK6581,10/11:58,10/12:02,10/13:15,10/13:24,1:13:00,CGK,CGK,011,10,1,1,NML,6,2025
1126.,B739,PKLHI,LNI,LNI801,LNI780,10/11:33,10/11:39,10/13:51,10/14:03,2:12:00,UPG,UPG,015,10,1,1,NML,6,2025
1127.,A320,PKSAW,SJV,SJV673,SJV636,09/20:27,10/07:47,10/12:31,10/12:39,16:00:00,BEJ,BDJ,024,10,0,0,NML,6,2025
1128.,A320,PKAZJ,AWQ,AWQ387,AWQ324,10/12:46,10/12:53,10/13:32,10/13:44,0:39:00,PEN,KUL,A03,10,1,1,NML,6,2025
1129.,A320,PKGQE,CTV,CTV487,CTV668,10/12:09,10/12:15,10/13:16,10/13:33,1:00:35,BDJ,DPS,007,10,1,1,NML,6,2025
1130.,A320,PKPWH,PAS,PAS204,PAS205,10/12:04,10/12:08,10/13:14,10/13:27,1:06:00,CGK,CGK,005,10,1,1,NML,6,2025
1131.,A320,PKGLS,CTV,CTV9693,CTV9692,10/12:53,10/12:56,10/13:26,10/13:41,0:30:00,DPS,DPS,006,10,1,1,NML,6,2025
1132.,B735,PKNAS,LKN,LKN671,LKN670,10/11:20,10/11:21,10/13:21,10/13:26,2:00:00,TMC,TMC,009,10,1,1,NML,6,2025
1133.,B739,PKLFY,LNI,LNI223,LNI680,10/13:29,10/13:35,10/14:22,10/14:35,0:47:00,BDJ,PKY,012,10,1,1,NML,6,2025
1134.,B738,PKLOH,LNI,LNI839,LNI836,10/13:36,10/13:40,10/14:32,10/14:50,0:52:11,PNK,PNK,014,10,1,1,NML,6,2025
1135.,A320,PKSAQ,SJV,SJV633,SJV726,10/13:39,10/13:43,10/14:31,10/14:46,0:48:00,BDJ,LBJ,011,10,1,1,NML,6,2025
1136.,B738MAX,PKOFM,AFE,AFE920,AFE920,10/13:10,10/13:47,10/14:22,10/14:33,0:35:00,TIM,CGK,006,10,1,1,NML,6,2025
1137.,A320,PKGQK,CTV,CTV431,CTV948,10/13:45,10/13:50,10/14:31,10/14:40,0:41:37,BPN,BTH,008,10,1,1,NML,6,2025
1138.,B738,PKGMW,GIA,GIA312,GIA317,10/13:50,10/13:53,10/14:49,10/15:05,0:56:00,CGK,CGK,004,10,1,1,NML,6,2025
1139.,A320,9VJSK,JSA,JSA247,JSA248,10/14:00,10/14:06,10/14:54,10/15:12,0:48:22,SIN,SIN,A07,10,1,1,NML,6,2025
1140.,A320,PKGQC,CTV,CTV716,CTV717,10/14:11,10/14:15,10/15:02,10/15:20,0:46:44,CGK,CGK,009,10,1,1,NML,6,2025
1141.,A320,PKLUY,BTK,BTK6596,BTK7514,10/12:29,10/12:33,10/14:53,10/15:08,2:20:00,CGK,HLP,010,10,1,1,NML,6,2025
1142.,A320,PKPWK,PAS,PAS208,PAS209,10/13:57,10/14:01,10/14:51,10/15:07,0:50:00,CGK,CGK,007,10,1,1,NML,6,2025
1143.,B738,PKGMP,GIA,GIA330,GIA331,10/14:09,10/14:09,10/15:08,10/15:24,0:59:12,HLP,HLP,005,10,1,1,NML,6,2025
1144.,A320,PKSJG,SJV,SJV619,SJV362,10/15:03,10/15:06,10/16:10,10/16:29,1:04:00,BPN,KNO,012,10,1,1,NML,6,2025
1145.,A320,PKGQM,CTV,CTV699,CTV434,10/14:41,10/14:44,10/15:22,10/15:34,0:37:10,DPS,BPN,006,10,1,1,NML,6,2025
1146.,B739,PKLJG,LNI,LNI983,LNI920,10/13:32,10/13:36,10/16:04,10/16:16,2:28:00,PKU,DPS,016,10,1,1,NML,6,2025
1147.,A320,PKLUG,BTK,BTK6406,BTK7512,10/14:35,10/14:41,10/18:38,10/18:39,3:57:06,CGK,HLP,018,10,0,0,NML,6,2025
1148.,B738,PKLOP,LNI,LNI707,LNI581,10/15:09,10/15:14,10/16:28,10/16:36,1:14:00,UPG,CGK,011,10,1,1,NML,6,2025
1149.,A320,PKSTF,SJV,SJV643,SJV614,10/15:13,10/15:17,10/16:11,10/16:26,0:54:00,AAP,BPN,010,10,1,1,NML,6,2025
1150.,A320,PKBKP,BTK,BTK6347,BTK6401,10/15:41,10/15:46,10/16:43,10/16:55,0:57:00,BEJ,CGK,008,10,1,1,NML,6,2025
1151.,A320,PKSAW,SJV,SJV637,SJV648,10/15:38,10/15:42,10/16:39,10/16:50,0:57:00,BDJ,BPN,009,10,1,1,NML,6,2025
1152.,B738,PKGFH,GIA,GIA310,GIA315,10/16:13,10/16:16,10/17:15,10/17:21,0:59:00,CGK,CGK,004,10,1,1,NML,6,2025
1153.,B738MAX,9VMBL,SIA,SIA926,SIA927,10/16:11,10/16:16,10/17:06,10/17:24,0:50:00,SIN,SIN,A08,10,1,1,NML,6,2025
1154.,B739,PKLSH,LNI,LNI919,LNI268,10/15:00,10/15:03,10/16:41,10/16:52,1:37:40,DPS,TRK,015,10,1,1,NML,6,2025
1155.,A320,PKPWL,PAS,PAS206,PAS623,10/15:44,10/15:46,10/16:34,10/16:44,0:48:00,CGK,BPN,005,10,1,1,NML,6,2025
1156.,B739,PKLFY,LNI,LNI681,LNI692,10/17:17,10/17:22,10/18:31,10/18:45,1:09:00,PKY,KOE,015,10,1,1,NML,6,2025
1157.,A320,PKGLG,CTV,CTV495,CTV721,10/16:22,10/16:26,10/17:05,10/17:20,0:39:00,BDJ,CGK,006,10,1,1,NML,6,2025
1158.,A320,PKGLS,CTV,CTV669,CTV488,10/16:03,10/16:07,10/17:01,10/17:12,0:54:00,DPS,BDJ,007,28,1,1,NML,6,2025
1159.,B739,PKLJI,LNI,LNI709,LNI226,10/17:13,10/17:17,10/18:14,10/18:26,0:57:08,UPG,BDJ,012,10,1,1,NML,6,2025
1160.,B738,PKLKV,LNI,LNI695,LNI838,10/15:54,10/15:58,10/18:23,10/18:37,2:25:00,KOE,PNK,014,10,1,1,NML,6,2025
1161.,A320,PKAZO,AWQ,AWQ323,AWQ326,10/17:34,10/17:40,10/18:10,10/18:20,0:30:00,KUL,KUL,A03,10,1,1,NML,6,2025
1162.,A320,PKSAA,SJV,SJV703,SJV708,10/17:39,10/17:42,10/18:29,10/18:43,0:47:00,DPS,DPS,011,10,1,1,NML,6,2025
1163.,A320,PKPWN,PAS,PAS622,PAS207,10/17:28,10/17:31,10/18:10,10/18:23,0:39:00,BPN,CGK,005,10,1,1,NML,6,2025
1164.,B738,PKGNM,GIA,GIA349,GIA313,10/17:31,10/17:35,10/18:30,10/18:41,0:55:19,DPS,CGK,004,10,1,1,NML,6,2025
1165.,B739,PKLGJ,LNI,LNI692,LNI800,10/17:21,10/17:26,10/18:39,10/18:47,1:13:00,CGK,UPG,016,10,1,1,NML,6,2025
1166.,A320,PKSAQ,SJV,SJV725,SJV716,10/18:00,10/18:04,10/18:45,10/18:59,0:41:50,LBJ,LOP,010,10,1,1,NML,6,2025
1167.,B738,PKGUD,GIA,GIA320,GIA325,10/18:10,10/18:15,10/19:03,10/19:19,0:48:46,CGK,CGK,006,10,1,1,NML,6,2025
1168.,A320,PKGQP,CTV,CTV172,CTV173,10/18:07,10/18:11,10/18:58,10/19:15,0:47:00,HLP,HLP,007,10,1,1,NML,6,2025
1169.,B738MAX,9VMBF,SIA,SIA928,SIA929,10/18:34,10/18:41,10/19:37,10/19:53,0:55:09,SIN,SIN,A07,10,1,1,NML,6,2025
1170.,A320,PKLUQ,BTK,BTK7519,BTK6575,10/20:07,10/20:11,10/21:05,10/21:17,0:54:00,HLP,CGK,009,10,1,1,NML,6,2025
1171.,B789,9VOJG,TGW,TGW266,TGW267,10/18:56,10/19:03,10/20:07,10/20:19,1:03:44,SIN,SIN,A06,10,1,1,NML,6,2025
1172.,B738,PKCRI,SJY,SJY567,SJY562,10/19:45,10/19:50,10/20:47,10/20:58,0:57:00,UPG,UPG,011,10,1,1,NML,6,2025
1173.,A320,PKLZH,BTK,BTK7501,BTK7518,10/19:12,10/19:16,10/20:00,10/20:13,0:44:00,HLP,HLP,009,10,1,1,NML,6,2025
1174.,A320,PKGQM,CTV,CTV435,CTV494,10/18:50,10/18:54,10/20:21,10/20:33,1:26:40,BPN,BDJ,005,10,1,1,NML,6,2025
1175.,A320,PKGLY,CTV,CTV949,CTV737,10/19:30,10/19:34,10/20:25,10/20:37,0:51:00,BTH,CGK,006,10,1,1,NML,6,2025
1176.,B738,PKGMF,GIA,GIA326,GIA319,10/19:22,10/19:25,10/20:17,10/20:28,0:51:24,CGK,CGK,004,10,1,1,NML,6,2025
1177.,A320,PKGTD,CTV,CTV489,CTV693,10/20:15,10/20:19,10/20:53,10/21:05,0:34:00,BDJ,DPS,008,10,1,1,NML,6,2025
1178.,A320,PKGQA,CTV,CTV736,CTV9694,10/20:10,10/20:14,10/20:53,10/21:02,0:39:00,CGK,DPS,010,10,1,1,NML,6,2025
1179.,A320,PKGQO,CTV,CTV724,CTV354,10/21:26,10/21:31,10/22:12,10/22:26,0:41:00,CGK,UPG,006,10,1,1,NML,6,2025
1180.,A320,PKLAQ,BTK,BTK6137,BTK6136,10/20:30,10/20:34,10/21:52,10/22:05,1:18:00,UPG,UPG,012,10,1,1,NML,6,2025
1181.,A320,PKAZJ,AWQ,AWQ325,AWQ320,10/19:06,10/19:11,11/05:00,11/05:12,9:49:00,KUL,KUL,A01,28,1,1,NML,6,2025
1182.,A320,PKLUH,BTK,BTK6594,BTK7508,10/21:54,10/21:58,11/04:58,11/05:10,7:00:00,CGK,HLP,010,28,1,1,NML,6,2025
1183.,B739,PKLHH,LNI,LNI823,LNI786,10/13:53,10/13:59,11/05:02,11/05:14,15:03:00,LOP,UPG,024,28,0,0,NML,6,2025
1184.,A320,PKGQA,CTV,CTV9695,CTV430,10/23:03,10/23:06,11/04:58,11/05:07,5:52:00,DPS,BPN,006,28,1,1,NML,6,2025
1185.,B738,PKGFF,GIA,GIA855,GIA301,10/20:26,10/22:21,11/05:04,11/05:15,8:29:00,SIN,CGK,005,28,1,1,NML,6,2025
1186.,B739,PKLVF,LNI,LNI690,LNI878,11/05:03,11/05:10,11/06:27,11/06:38,1:17:00,CGK,AMQ,012,28,1,1,NML,6,2025
1187.,A320,PKGLX,CTV,CTV720,CTV725,10/22:02,10/22:07,11/05:39,11/05:52,7:32:00,CGK,CGK,007,10,1,1,NML,6,2025
1188.,A320,PKSTF,SJV,SJV617,SJV640,10/19:50,10/19:55,11/05:54,11/06:03,9:59:00,BPN,AAP,016,10,1,1,NML,6,2025
1189.,B738,PKLJS,LNI,LNI749,LNI868,10/15:17,10/15:22,11/05:57,11/06:00,14:35:00,MDC,TTE,023,28,0,0,NML,6,2025
1190.,B739,PKLSP,LNI,LNI972,LNI266,10/16:41,10/16:45,11/06:03,11/06:15,13:18:00,BTH,BPN,17B,28,0,0,NML,6,2025
1191.,A320,PKGQE,CTV,CTV353,CTV670,11/05:08,11/05:14,11/05:57,11/06:06,0:43:00,UPG,LOP,006,28,1,1,NML,6,2025
1192.,A320,PKSJT,SJV,SJV363,SJV706,10/16:00,10/23:02,11/05:59,11/06:10,13:55:00,KNO,DPS,014,28,1,0,NML,6,2025
1193.,B738,PKLZV,BTK,BTK6576,BTK6589,10/18:15,10/18:24,11/06:00,11/06:12,11:35:57,CGK,CGK,C03,28,0,0,NML,6,2025
"1194.,A320,PKSAG,SJV,SJV725,SJV566,07/20:37,09/11:14,11/07:07,11/07:21,""3 days, 10:25:00"",LBJ,PLW,025,28,0,0,NML,6,2025"
1195.,A320,PKLAI,BTK,BTK7515,BTK6135,10/17:25,10/17:30,11/07:02,11/07:10,13:32:00,HLP,PKN,17A,28,0,0,NML,6,2025
"1196.,A320,PKSGC,SJV,SJV673,SJV612,06/20:32,06/23:50,11/07:00,11/07:15,""4 days, 10:22:00"",BEJ,BPN,020,28,0,1,NML,6,2025"
1197.,B738,PKGMC,GIA,GIA324,GIA305,10/21:11,10/21:15,11/07:06,11/07:20,9:51:00,CGK,CGK,004,28,1,1,NML,6,2025
1198.,B738,PKGMX,GIA,GIA328,GIA854,10/19:56,10/21:35,11/07:05,11/07:23,11:05:00,CGK,SIN,A02,28,1,1,NML,6,2025
1199.,B739,PKLSL,LNI,LNI363,LNI646,11/06:23,11/06:26,11/07:19,11/07:30,0:53:00,BPN,LOP,15B,28,0,0,NML,6,2025
1200.,A320,PKLUY,BTK,BTK7511,BTK7510,11/06:39,11/06:45,11/07:29,11/07:41,0:44:00,HLP,HLP,010,28,1,1,NML,6,2025
1201.,A320,PKAZO,AWQ,AWQ327,AWQ392,10/23:57,11/00:03,11/07:27,11/07:43,7:24:00,KUL,JHB,A03,28,1,1,NML,6,2025
"1202.,B739,PKLFW,LNI,LNI990A,LNI856,09/07:28,09/09:38,11/08:24,11/08:35,""2 days, 0:56:00"",SUB,PLM,022,28,0,1,NML,6,2025"
1203.,A320,PKGTD,CTV,CTV690,CTV460,11/06:42,11/06:49,11/07:28,11/07:39,0:39:00,DPS,AAP,006,28,1,1,NML,6,2025
1204.,B739,PKLFY,LNI,LNI693,LNI693,11/06:50,11/06:57,11/07:51,11/08:01,0:54:00,KOE,CGK,014,28,1,1,NML,6,2025
1205.,A320,PKGLE,CTV,CTV170,CTV175,11/07:17,11/07:24,11/08:06,11/08:15,0:42:00,HLP,HLP,007,28,1,1,NML,6,2025
1206.,A333,BHLT,CPA,CPA779,CPA780,10/17:44,10/17:52,11/08:15,11/08:26,14:23:00,HKG,HKG,A08,28,1,1,NML,6,2025
1207.,B739,PKLSH,LNI,LNI267,LNI990,11/07:00,11/07:06,11/08:21,11/08:30,1:15:00,TRK,DPS,012,28,1,1,NML,6,2025
1208.,A320,PKBKM,BTK,BTK6572,BTK6573,11/07:28,11/07:33,11/08:29,11/08:41,0:56:00,CGK,CGK,009,28,1,1,NML,6,2025
1209.,B738,PKLZM,MXD,MXD352,MXD353,10/19:16,10/19:21,11/08:35,11/08:45,13:14:00,KUL,KUL,A04,28,1,1,NML,6,2025
1210.,B738,PKLPK,LNI,LNI837,LNI222,11/08:03,11/08:08,11/08:56,11/09:11,0:48:00,PNK,BDJ,010,28,1,1,NML,6,2025
1211.,A320,PKBKR,BTK,BTK7521,BTK6391,10/22:07,10/22:11,11/08:56,11/09:15,10:45:00,HLP,CGK,011,28,1,1,NML,6,2025
1212.,B739,PKLFK,LNI,LNI683,LNI682,11/07:59,11/08:04,11/09:04,11/09:16,1:00:00,PKY,PKY,014,28,1,1,NML,6,2025
1213.,B738,PKGNA,GIA,GIA304,GIA342,11/08:42,11/08:48,11/09:44,11/09:55,0:56:00,CGK,DPS,004,10,1,1,NML,6,2025
1214.,A320,PKPWK,PAS,PAS200,PAS201,11/08:22,11/08:31,11/09:23,11/09:40,0:52:00,CGK,CGK,005,28,1,1,NML,6,2025
1215.,A320,PKGQE,CTV,CTV671,CTV486,11/08:36,11/08:42,11/09:25,11/09:44,0:43:00,LOP,BDJ,006,10,1,1,NML,6,2025
1216.,EC 145,PKPMA,VLT,PKPMA,PKPMA,11/09:01,11/09:05,11/09:38,11/09:45,0:33:00,MBH,SRG,H05,10,0,0,NML,6,2025
1217.,B733,PKMYJ,MYU,MYU935,MYU815,11/08:31,11/08:35,11/09:03,11/09:06,0:28:00,SRG,CGK,C02,28,0,0,NML,6,2025
1218.,B738,9MMXM,MAS,MAS871,MAS870,11/09:09,11/09:14,11/10:06,11/10:17,0:52:00,KUL,KUL,A07,28,1,1,NML,6,2025
1219.,B735,PKNAT,LKN,LKN243,LKN242,11/09:14,11/09:16,11/10:04,11/10:15,0:48:00,SMQ,SMQ,010,28,1,1,NML,6,2025
1220.,A359,9VSHT,SIA,SIA922,SIA923,11/09:01,11/09:05,11/10:12,11/10:30,1:07:00,SIN,SIN,A08,10,1,1,NML,6,2025
1221.,B738,PKLZV,BTK,BTK6584,BTK6585,11/09:38,11/09:42,11/10:33,11/10:44,0:51:00,CGK,CGK,009,10,1,1,NML,6,2025
1222.,A320,PKSGB,SJV,SJV611,SJV632,11/08:39,11/08:45,11/10:24,11/10:39,1:39:00,BPN,BDJ,008,10,1,1,NML,6,2025
1223.,A320,PKGLG,CTV,CTV351,CTV350,11/09:35,11/09:46,11/10:28,11/10:35,0:42:00,UPG,UPG,007,28,1,1,NML,6,2025
1224.,B739,PKLSK,LNI,LNI791,LNI706,11/09:29,11/09:34,11/10:33,11/10:49,0:59:00,UPG,UPG,016,10,1,1,NML,6,2025
1225.,A20N,9VTNF,TGW,TGW296,TGW297,11/09:33,11/09:38,11/10:31,11/10:42,0:53:00,SIN,SIN,A02,28,1,1,NML,6,2025
"1226.,C680,N977JH,T77,N977JH,N977JH,10/08:01,10/08:04,11/10:20,11/10:25,""1 day, 2:15:47"",UPG,HLP,001,10,0,0,NML,6,2025"
1227.,B739,PKLJI,LNI,LNI311,LNI973,11/06:27,11/06:31,11/10:54,11/11:08,4:23:00,BDJ,BTH,023,28,0,0,NML,6,2025
1228.,A320,PKPWI,PAS,PAS210,PAS211,11/09:45,11/09:49,11/10:35,11/10:51,0:46:00,CGK,CGK,005,10,1,1,NML,6,2025
1229.,A320,PKLAI,BTK,BTK6134,BTK6346,11/09:28,11/09:40,11/10:56,11/11:11,1:16:00,PKN,BEJ,011,10,1,1,NML,6,2025
1230.,A320,PKLUH,BTK,BTK7513,BTK7516,11/10:25,11/10:30,11/11:16,11/11:28,0:46:00,HLP,HLP,010,10,1,1,NML,6,2025
1231.,A320,PKSTF,SJV,SJV641,SJV642,11/09:50,11/09:53,11/10:54,11/11:03,1:01:00,AAP,AAP,012,10,1,1,NML,6,2025
1232.,B739,PKLSL,LNI,LNI645,LNI822,11/10:12,11/10:16,11/11:13,11/11:23,0:57:00,LOP,LOP,014,10,1,1,NML,6,2025
1233.,B429,P3201,POL,P3201,P3201,11/10:30,11/10:32,11/10:45,11/10:46,0:13:00,MBH,MBH,H05,10,0,0,NML,6,2025
1234.,B739,PKLSW,LNI,LNI694,LNI748,11/10:47,11/10:52,11/11:43,11/11:49,0:51:00,CGK,MDC,015,10,1,1,NML,6,2025
1235.,B739,PKLJG,LNI,LNI929,LNI694,11/07:10,11/07:19,11/11:52,11/12:03,4:33:00,DPS,KOE,020,10,0,0,NML,6,2025
1236.,A320,PKAZJ,AWQ,AWQ321,AWQ322,11/10:32,11/10:41,11/11:15,11/11:20,0:34:00,KUL,KUL,A01,10,1,1,NML,6,2025
1237.,B738,PKGFG,GIA,GIA322,GIA327,11/10:27,11/10:30,11/11:37,11/11:55,1:07:00,CGK,CGK,004,10,1,1,NML,6,2025
1238.,A320,PKLUY,BTK,BTK7517,BTK7520,11/11:21,11/11:26,11/12:15,11/12:24,0:49:00,HLP,HLP,009,10,1,1,NML,6,2025
1239.,A320,PKBKY,BTK,BTK6582,BTK7514,11/11:31,11/11:36,11/12:26,11/12:36,0:50:00,CGK,HLP,008,10,1,1,NML,6,2025
1240.,A320,PKGTD,CTV,CTV461,CTV698,11/11:10,11/11:14,11/11:59,11/12:12,0:45:00,AAP,DPS,006,10,1,1,NML,6,2025
1241.,A320,PKSAG,SJV,SJV567,SJV636,11/11:44,11/11:50,11/12:38,11/12:49,0:48:00,PLW,BDJ,010,10,1,1,NML,6,2025
1242.,B739,PKLSH,LNI,LNI805,LNI780,11/11:06,11/11:10,11/12:33,11/12:45,1:23:00,DPS,UPG,016,10,1,1,NML,6,2025
1243.,B739,PKLFW,LNI,LNI857,LNI697,11/12:43,11/12:47,11/13:41,11/13:52,0:54:00,PLM,CGK,015,10,1,1,NML,6,2025
1244.,B735,PKNAQ,LKN,LKN193,LKN192,11/11:34,11/11:38,11/12:30,11/12:41,0:52:00,PKN,PKN,011,10,1,1,NML,6,2025
1245.,B739,PKLSL,LNI,LNI823,LNI804,11/14:12,11/14:17,11/15:09,11/15:22,0:52:00,LOP,DPS,012,10,1,1,NML,6,2025
1246.,A320,PKLUK,BTK,BTK6596,BTK6595,11/12:28,11/12:32,11/13:33,11/13:45,1:01:00,CGK,CGK,009,10,1,1,NML,6,2025
1247.,A320,PKPWJ,PAS,PAS204,PAS205,11/11:53,11/11:56,11/13:14,11/13:28,1:18:00,CGK,CGK,005,10,1,1,NML,6,2025
1248.,A320,PKGQE,CTV,CTV487,CTV668,11/12:39,11/12:42,11/13:22,11/13:36,0:40:00,BDJ,DPS,006,10,1,1,NML,6,2025
1249.,A320,PKAZO,AWQ,AWQ393,AWQ324,11/12:54,11/12:59,11/13:33,11/13:43,0:34:00,JHB,KUL,A01,10,1,1,NML,6,2025
1250.,B738,PKLJS,LNI,LNI869,LNI722,11/12:06,11/12:11,11/13:28,11/13:41,1:17:00,TTE,KDI,012,10,1,1,NML,6,2025
1251.,A320,PKGQQ,CTV,CTV9693,CTV9692,11/12:51,11/12:55,11/13:27,11/13:39,0:32:00,DPS,DPS,007,10,1,1,NML,6,2025
1252.,DA40,N29MT,WOA,N29MT,N29MT,11/11:00,11/11:03,11/11:28,11/11:29,0:25:00,LBJ,HLP,C06,10,0,0,NML,6,2025
1253.,B738,PKLPK,LNI,LNI223,LNI686,11/11:58,11/12:04,11/14:01,11/14:09,1:57:00,BDJ,PKY,022,10,0,0,NML,6,2025
1254.,B738,PKLOH,LNI,LNI839,LNI836,11/12:58,11/13:01,11/14:01,11/14:11,1:00:00,PNK,PNK,016,10,1,1,NML,6,2025
1255.,A320,PKSAY,SJV,SJV615,SJV726,10/20:35,10/20:40,11/14:23,11/14:31,17:43:00,BPN,LBJ,018,10,0,0,NML,6,2025
1256.,A320,PKGQC,CTV,CTV716,CTV717,11/13:33,11/13:38,11/14:31,11/14:47,0:53:00,CGK,CGK,006,10,1,1,NML,6,2025
1257.,A320,PKGQA,CTV,CTV431,CTV948,11/13:29,11/13:34,11/14:23,11/14:34,0:49:00,BPN,BTH,008,10,1,1,NML,6,2025
1258.,B738,PKGNQ,GIA,GIA312,GIA317,11/13:53,11/13:56,11/15:05,11/15:15,1:09:00,CGK,CGK,004,10,1,1,NML,6,2025
1259.,B739,PKLHH,LNI,LNI787,LNI260,11/12:47,11/12:52,11/14:45,11/14:54,1:53:00,UPG,BPN,020,10,0,0,NML,6,2025
1260.,B738,PKGFM,GIA,GIA330,GIA331,11/14:03,11/14:07,11/15:09,11/15:26,1:02:00,HLP,HLP,005,10,1,1,NML,6,2025
1261.,A320,PKSAA,SJV,SJV727,SJV614,10/20:55,11/09:31,11/15:39,11/15:54,18:36:00,DPS,BPN,025,10,0,0,NML,6,2025
1262.,B739,PKLHY,LNI,LNI261,LNI920,11/14:06,11/14:11,11/15:43,11/15:55,1:32:00,BPN,DPS,010,10,1,1,NML,6,2025
1263.,A320,PKLUY,BTK,BTK7501,BTK7512,11/15:20,11/15:24,11/16:09,11/16:21,0:45:00,HLP,HLP,009,10,1,1,NML,6,2025
1264.,A320,PKGTD,CTV,CTV699,CTV434,11/14:38,11/14:41,11/15:38,11/15:51,0:57:00,DPS,BPN,007,10,1,1,NML,6,2025
1265.,B738,9MMLK,MAS,MAS873,MAS872,11/14:51,11/14:58,11/15:52,11/16:02,0:54:00,KUL,KUL,A06,10,1,1,NML,6,2025
1266.,B739,PKLVF,LNI,LNI879,LNI581,11/16:18,11/16:23,11/17:19,11/17:29,0:56:00,AMQ,CGK,012,10,1,1,NML,6,2025
1267.,B738,HSLUU,TLM,TLM268,TLM269,11/15:02,11/15:08,11/16:13,11/16:25,1:05:00,DMK,DMK,A04,10,1,1,NML,6,2025
1268.,B738,PKGFG,GIA,GIA310,GIA315,11/15:49,11/15:52,11/16:46,11/17:02,0:54:00,CGK,CGK,004,10,1,1,NML,6,2025
1269.,A320,PKSAG,SJV,SJV637,SJV648,11/15:32,11/15:36,11/16:28,11/16:39,0:52:00,BDJ,BPN,011,10,1,1,NML,6,2025
1270.,B738MAX,9VMBO,SIA,SIA926,SIA927,11/15:28,11/15:34,11/16:30,11/16:43,0:56:00,SIN,SIN,A07,10,1,1,NML,6,2025
1271.,B739,PKLHJ,LNI,LNI919,LNI268,11/14:44,11/14:48,11/16:55,11/17:05,2:07:00,DPS,TRK,014,10,1,1,NML,6,2025
1272.,A320,PKPWG,PAS,PAS206,PAS623,11/15:59,11/16:02,11/16:45,11/16:57,0:43:00,CGK,BPN,005,10,1,1,NML,6,2025
1273.,B739,PKLSU,LNI,LNI749,LNI692,11/18:53,11/18:58,11/19:59,11/20:10,1:01:00,MDC,KOE,014,10,1,1,NML,6,2025
1274.,A320,PKGQQ,CTV,CTV669,CTV488,11/16:10,11/16:14,11/17:05,11/17:14,0:51:00,DPS,BDJ,006,10,1,1,NML,6,2025
1275.,B739,PKLJG,LNI,LNI695,LNI226,11/16:23,11/16:28,11/17:52,11/18:04,1:24:00,KOE,BDJ,15A,10,0,0,NML,6,2025
1276.,B738,PKLZV,BTK,BTK6578,BTK7579,11/16:33,11/16:36,11/17:38,11/17:51,1:02:00,CGK,CGK,009,10,1,1,NML,6,2025
1277.,B738,PKLOR,LNI,LNI709,LNI838,11/15:56,11/16:02,11/17:43,11/18:02,1:41:00,UPG,PNK,010,10,1,1,NML,6,2025
1278.,A320,PKAZJ,AWQ,AWQ323,AWQ326,11/16:48,11/16:53,11/17:35,11/17:46,0:42:00,KUL,KUL,A03,10,1,1,NML,6,2025
1279.,A320,9VJSV,JSA,JSA247,JSA248,11/18:19,11/18:26,11/19:19,11/19:32,0:53:00,SIN,SIN,A06,10,1,1,NML,6,2025
1280.,A320,PKSJP,SJV,SJV703,SJV708,11/20:17,11/20:22,11/21:01,11/21:13,0:39:00,DPS,DPS,012,10,1,1,NML,6,2025
1281.,A320,PKPWI,PAS,PAS622,PAS207,11/17:34,11/17:37,11/18:18,11/18:30,0:41:00,BPN,CGK,006,10,1,1,NML,6,2025
1282.,B738,PKGNA,GIA,GIA349,GIA313,11/17:23,11/17:27,11/18:28,11/18:41,1:01:00,DPS,CGK,004,10,1,1,NML,6,2025
1283.,A320,PKSAY,SJV,SJV725,SJV716,11/18:16,11/18:20,11/19:05,11/19:21,0:45:00,LBJ,LOP,009,10,1,1,NML,6,2025
1284.,A320,PKLUH,BTK,BTK7503,BTK7502,11/18:34,11/18:39,11/19:28,11/19:36,0:49:00,HLP,HLP,010,10,1,1,NML,6,2025
1285.,B738,PKGUH,GIA,GIA320,GIA325,11/17:42,11/17:46,11/18:58,11/19:10,1:12:00,CGK,CGK,005,10,1,1,NML,6,2025
1286.,B738MAX,9VMBH,SIA,SIA928,SIA929,11/18:44,11/18:52,11/19:49,11/20:03,0:57:00,SIN,SIN,A07,10,1,1,NML,6,2025
1287.,A320,PKGLX,CTV,CTV949,CTV494,11/18:27,11/18:31,11/19:12,11/19:27,0:41:00,BTH,BDJ,006,10,1,1,NML,6,2025
1288.,A320,PKLAI,BTK,BTK6347,BTK6575,11/15:23,11/15:27,11/19:19,11/19:30,3:52:00,BEJ,CGK,018,10,0,0,NML,6,2025
1289.,A320,PKBKY,BTK,BTK7515,BTK7518,11/15:40,11/15:45,11/19:48,11/19:59,4:03:00,HLP,HLP,020,10,0,0,NML,6,2025
1290.,B738,PKLPK,LNI,LNI687,LNI880,11/17:00,11/17:05,11/19:45,11/19:57,2:40:00,PKY,UPG,15B,10,0,0,NML,6,2025
1291.,B738,PKGNH,GIA,GIA326,GIA319,11/19:25,11/19:28,11/20:23,11/20:42,0:55:00,CGK,CGK,004,10,1,1,NML,6,2025
1292.,A320,PKGTA,CTV,CTV495,CTV737,11/16:06,11/16:09,11/20:16,11/20:33,4:07:00,BDJ,CGK,007,10,1,1,NML,6,2025
1293.,A320,PKGTD,CTV,CTV435,CTV173,11/19:22,11/19:26,11/20:23,11/20:46,0:57:00,BPN,HLP,008,10,1,1,NML,6,2025
1294.,A320,PKGQI,CTV,CTV736,CTV9694,11/19:18,11/19:22,11/20:15,11/20:29,0:53:00,CGK,DPS,006,10,1,1,NML,6,2025
1295.,A320,PKGQS,CTV,CTV489,CTV693,11/20:22,11/20:26,11/20:55,11/21:11,0:29:00,BDJ,DPS,006,10,1,1,NML,6,2025
1296.,A320,PKSAA,SJV,SJV617,SJV7000,11/19:37,11/19:46,11/20:41,11/20:53,0:55:00,BPN,DPS,018,10,0,0,NML,6,2025
1297.,A320,PKGQP,CTV,CTV172,CTV354,11/18:12,11/18:15,11/21:19,11/21:29,3:04:00,HLP,UPG,003,10,0,0,NML,6,2025
1298.,B738,PKCRI,SJY,SJY567,SJY562,11/20:43,11/20:47,11/21:43,11/21:53,0:56:00,UPG,UPG,010,10,1,1,NML,6,2025
1299.,A320,PKLUQ,BTK,BTK6137,BTK6136,11/19:44,11/19:48,11/21:59,11/22:11,2:11:00,UPG,UPG,009,10,1,1,NML,6,2025
1300.,A320,PKAZJ,AWQ,AWQ327,AWQ320,11/23:22,11/23:27,12/05:00,12/05:14,5:33:00,KUL,KUL,A06,28,1,1,NML,6,2025
1301.,A320,PKBKR,BTK,BTK6594,BTK7508,11/20:37,11/20:41,12/04:59,12/05:10,8:18:00,CGK,HLP,016,28,1,1,NML,6,2025
1302.,A320,PKSTF,SJV,SJV643,SJV610,11/14:58,11/15:03,12/04:56,12/05:08,13:53:00,AAP,BPN,022,28,0,0,NML,6,2025
1303.,B739,PKLSI,LNI,LNI692,LNI786,11/16:45,11/16:50,12/05:08,12/05:18,12:18:00,CGK,UPG,011,28,1,1,NML,6,2025
1304.,A320,PKGLT,CTV,CTV724,CTV430,11/20:26,11/20:31,12/05:02,12/05:12,8:31:00,CGK,BPN,008,28,1,1,NML,6,2025
1305.,B738,PKGMX,GIA,GIA855,GIA301,11/20:20,11/23:09,12/05:05,12/05:15,8:38:00,SIN,CGK,004,28,1,1,NML,6,2025
"1306.,A320,PKLAM,BTK,BTK7521,BTK6132,09/21:28,10/07:30,12/05:09,12/05:20,""2 days, 7:37:00"",HLP,LOP,026,28,0,1,NML,6,2025"
1307.,B739,PKLVF,LNI,LNI690,LNI690,12/05:01,12/05:08,12/05:52,12/06:02,0:44:00,CGK,KOE,009,28,1,1,NML,6,2025
1308.,A320,PKGQI,CTV,CTV9695,CTV725,11/22:41,11/22:45,12/05:43,12/05:51,6:58:00,DPS,CGK,006,10,1,1,NML,6,2025
1309.,A320,PKSAG,SJV,SJV613,SJV640,11/20:48,11/20:54,12/06:00,12/06:16,9:06:00,BPN,AAP,15B,28,0,0,NML,6,2025
1310.,A320,PKSGB,SJV,SJV633,SJV706,11/13:25,11/23:09,12/05:56,12/06:07,16:23:00,BDJ,DPS,010,28,1,1,NML,6,2025
1311.,A320,PKGLU,CTV,CTV353,CTV9670,12/05:05,12/05:11,12/06:00,12/06:11,0:49:00,UPG,LOP,008,28,1,1,NML,6,2025
1312.,A320,V8RBD,RBA,RBA795,RBA796,11/19:57,11/20:03,12/05:54,12/06:09,9:51:00,BWN,BWN,A07,28,1,1,NML,6,2025
1313.,A320,PKLUY,BTK,BTK7519,BTK6589,11/19:12,11/19:20,12/05:54,12/06:05,10:34:00,HLP,CGK,15A,28,0,0,NML,6,2025
1314.,B738,PKLJS,LNI,LNI727,LNI868,11/18:08,11/23:55,12/05:59,12/06:13,11:47:00,KDI,TTE,017,28,1,0,NML,6,2025
1315.,A320,PKAZO,AWQ,AWQ325,AWQ386,11/19:07,11/19:13,12/05:50,12/06:04,10:37:00,KUL,PEN,A01,28,1,1,NML,6,2025
1316.,A320,PKPWL,PAS,PAS212,PAS213,11/20:39,11/20:43,12/06:04,12/06:16,9:21:00,CGK,CGK,007,28,1,1,NML,6,2025
1317.,A320,PKLUS,BTK,BTK7521,BTK6135,11/20:34,11/20:38,12/07:02,12/07:11,10:24:00,HLP,PKN,014,28,1,1,NML,6,2025
1318.,C208,PKVVF,SUS,PKVVF,PKVVF,11/11:36,11/11:39,12/07:14,12/07:24,19:35:00,BXW,BXW,C07,28,0,0,NML,6,2025
1319.,B739,PKLSV,LNI,LNI311,LNI222,12/06:04,12/06:10,12/07:13,12/07:24,1:03:00,BDJ,BDJ,011,28,1,1,NML,6,2025
1320.,B739,PKLGU,LNI,LNI972,LNI971,11/16:37,11/16:42,12/07:15,12/07:26,14:33:00,BTH,BTH,025,28,0,0,NML,6,2025
1321.,B738,PKGMI,GIA,GIA324,GIA854,11/20:57,11/22:46,12/06:58,12/07:10,9:58:00,CGK,SIN,A02,28,1,1,NML,6,2025
1322.,B738,PKGNN,GIA,GIA328,GIA305,11/20:31,11/20:35,12/06:59,12/07:06,10:24:00,CGK,CGK,005,28,1,1,NML,6,2025
1323.,A320,PKLUH,BTK,BTK7511,BTK7510,12/06:30,12/06:35,12/07:27,12/07:33,0:52:00,HLP,HLP,009,28,1,1,NML,6,2025
1324.,A320,PKGQS,CTV,CTV690,CTV460,12/06:37,12/06:45,12/07:33,12/07:41,0:48:00,DPS,AAP,006,28,1,1,NML,6,2025
1325.,B739,PKLSK,LNI,LNI885,LNI693,11/18:48,11/23:52,12/07:57,12/08:08,13:02:00,UPG,CGK,018,10,0,0,NML,6,2025
1326.,B739,PKLSU,LNI,LNI693,LNI982,12/06:49,12/06:54,12/08:12,12/08:24,1:18:00,KOE,PKU,010,10,1,1,NML,6,2025
1327.,A21N,B32KY,CSN,CSN8137,CSN8138,11/21:25,11/21:32,12/07:54,12/08:13,10:22:00,CAN,CAN,A03,10,1,1,NML,6,2025
1328.,A320,PKGLE,CTV,CTV170,CTV175,12/07:19,12/07:27,12/08:07,12/08:18,0:40:00,HLP,HLP,007,10,1,1,NML,6,2025
1329.,A333,BLBH,CPA,CPA779,CPA780,11/17:47,11/17:53,12/08:15,12/08:27,14:22:00,HKG,HKG,A08,10,1,1,NML,6,2025
1330.,B739,PKLHJ,LNI,LNI267,LNI990,12/06:59,12/07:04,12/08:16,12/08:25,1:12:00,TRK,DPS,012,10,1,1,NML,6,2025
1331.,A320,PKBKM,BTK,BTK6572,BTK6573,12/07:39,12/07:45,12/08:33,12/08:47,0:48:00,CGK,CGK,008,10,1,1,NML,6,2025
"1332.,DHC6,PKICP,PGT,PKICP,PKICP,10/11:10,10/11:15,12/07:54,12/08:06,""1 day, 20:39:00"",PAG,PAG,028,10,0,0,NML,6,2025"
1333.,B738,PKLDM,MXD,MXD352,MXD353,11/19:16,11/19:21,12/08:33,12/08:45,13:12:00,KUL,KUL,A04,10,1,1,NML,6,2025
1334.,A320,PKLAM,BTK,BTK6133,BTK6391,12/08:03,12/08:07,12/08:56,12/09:07,0:49:00,LOP,CGK,009,10,1,1,NML,6,2025
1335.,A320,PKSTH,SJV,SJV649,SJV618,12/07:44,12/07:50,12/08:54,12/09:04,1:04:00,BPN,BPN,014,10,1,1,NML,6,2025
1336.,A320,PKSJP,SJV,SJV727,SJV7001,11/23:42,11/23:48,12/06:50,12/07:00,7:02:00,DPS,CGK,020,28,0,0,NML,6,2025
1337.,B738,PKLOR,LNI,LNI837,LNI748,12/08:11,12/08:15,12/09:06,12/09:15,0:51:00,PNK,MDC,016,10,1,1,NML,6,2025
1338.,B739,PKLFK,LNI,LNI683,LNI682,12/08:06,12/08:09,12/09:13,12/09:22,1:04:00,PKY,PKY,011,10,1,1,NML,6,2025
1339.,B738,PKGNA,GIA,GIA304,GIA342,12/08:18,12/08:22,12/09:17,12/09:29,0:55:00,CGK,DPS,004,10,1,1,NML,6,2025
1340.,A320,PKGLU,CTV,CTV9671,CTV486,12/08:43,12/08:47,12/09:27,12/09:38,0:40:00,LOP,BDJ,006,10,1,1,NML,6,2025
1341.,B738,9MMLK,MAS,MAS871,MAS870,12/08:52,12/08:58,12/09:51,12/10:08,0:53:00,KUL,KUL,A07,10,1,1,NML,6,2025
1342.,A359,9VSHT,SIA,SIA922,SIA923,12/08:56,12/09:02,12/09:59,12/10:14,0:57:00,SIN,SIN,A08,10,1,1,NML,6,2025
1343.,A320,PKLUY,BTK,BTK6584,BTK6585,12/09:33,12/09:37,12/10:22,12/10:35,0:45:00,CGK,CGK,009,10,1,1,NML,6,2025
"1344.,A320,PKSJJ,SJV,SJV637,SJV632,07/21:07,08/09:37,12/10:18,12/10:30,""4 days, 13:07:00"",BDJ,BDJ,021,10,0,1,NML,6,2025"
1345.,A320,PKGQL,CTV,CTV351,CTV350,12/09:46,12/09:50,12/10:40,12/10:52,0:50:00,UPG,UPG,006,10,1,1,NML,6,2025
1346.,B739,PKLSL,LNI,LNI791,LNI706,12/09:55,12/10:00,12/11:05,12/11:17,1:05:00,UPG,UPG,024,10,0,0,NML,6,2025
1347.,B739,PKLSP,LNI,LNI367,LNI262,12/09:35,12/09:39,12/10:35,12/10:50,0:56:00,BPN,BPN,010,10,1,1,NML,6,2025
1348.,A20N,9VTNG,TGW,TGW296,TGW297,12/09:17,12/09:23,12/10:21,12/10:35,0:58:00,SIN,SIN,A02,10,1,1,NML,6,2025
1349.,A320,PKPWL,PAS,PAS210,PAS211,12/09:43,12/09:47,12/10:35,12/10:47,0:48:00,CGK,CGK,007,10,1,1,NML,6,2025
1350.,A320,PKLZH,BTK,BTK7513,BTK7516,12/09:52,12/09:56,12/10:44,12/10:56,0:48:00,HLP,HLP,008,10,1,1,NML,6,2025
1351.,A320,PKLUS,BTK,BTK6134,BTK6346,12/10:23,12/10:28,12/11:15,12/11:27,0:47:00,PKN,BEJ,009,10,1,1,NML,6,2025
1352.,A320,PKGQG,CTV,CTV722,CTV723,12/09:48,12/09:52,12/10:50,12/11:04,0:58:00,CGK,CGK,005,10,1,1,NML,6,2025
1353.,B739,PKLHI,LNI,LNI929,LNI822,12/07:03,12/07:08,12/10:57,12/11:09,3:49:00,DPS,LOP,023,10,0,0,NML,6,2025
1354.,B739,PKLFY,LNI,LNI694,LNI694,12/10:46,12/10:50,12/11:58,12/12:14,1:08:00,CGK,KOE,010,10,1,1,NML,6,2025
1355.,B739,PKLVF,LNI,LNI697,LNI697,12/10:28,12/10:33,12/11:41,12/11:52,1:08:00,KOE,CGK,17A,10,0,0,NML,6,2025
1356.,A320,PKAZJ,AWQ,AWQ321,AWQ322,12/10:43,12/10:47,12/11:21,12/11:31,0:34:00,KUL,KUL,A03,10,1,1,NML,6,2025
1357.,A333,ECNOF,SVA,SVA5246,SVA4246,12/10:05,12/10:10,12/12:06,12/12:23,1:56:00,MCT,JED,012,10,1,1,NML,6,2025
1358.,B738,PKGUI,GIA,GIA322,GIA327,12/10:10,12/10:14,12/11:38,12/11:50,1:24:00,CGK,CGK,004,10,1,1,NML,6,2025
1359.,A320,PKLUH,BTK,BTK7517,BTK7520,12/10:33,12/10:37,12/11:35,12/11:47,0:58:00,HLP,HLP,17B,10,0,0,NML,6,2025
1360.,B739,PKLHJ,LNI,LNI805,LNI804,12/10:50,12/10:54,12/11:55,12/12:10,1:01:00,DPS,DPS,021,10,0,0,NML,6,2025
1361.,A320,PKGQS,CTV,CTV461,CTV698,12/11:12,12/11:16,12/12:00,12/12:19,0:44:00,AAP,DPS,006,10,1,1,NML,6,2025
1362.,A320,PKBKL,BTK,BTK6582,BTK6581,12/11:41,12/11:45,12/12:35,12/12:47,0:50:00,CGK,CGK,008,10,1,1,NML,6,2025
1363.,A320,PKSAY,SJV,SJV717,SJV636,12/05:53,12/05:59,12/12:24,12/12:33,6:25:00,LOP,BDJ,022,10,0,0,NML,6,2025
1364.,B739,PKLSV,LNI,LNI223,LNI780,12/10:37,12/10:41,12/11:58,12/12:52,1:17:00,BDJ,UPG,025,10,0,0,NML,6,2025
1365.,A320,PKSAA,SJV,SJV703,SJV704,12/12:03,12/12:13,12/13:14,12/13:28,1:01:00,DPS,DPS,009,10,1,1,NML,6,2025
1366.,B733,PKMYJ,MYU,MYU935,MYU815,12/11:46,12/11:51,12/12:30,12/12:41,0:39:00,SRG,CGK,C02,10,0,0,NML,6,2025
1367.,A333,ECNYJ,SVA,SVA5704,SVA4704,12/11:22,12/11:28,12/13:21,12/13:35,1:53:00,MCT,JED,015,10,1,1,NML,6,2025
1368.,A320,PKPWJ,PAS,PAS204,PAS205,12/11:54,12/11:59,12/13:19,12/13:32,1:20:00,CGK,CGK,005,10,1,1,NML,6,2025
1369.,A320,PKAZO,AWQ,AWQ387,AWQ324,12/12:17,12/12:22,12/13:16,12/13:25,0:54:00,PEN,KUL,A03,10,1,1,NML,6,2025
1370.,A320,PKGLU,CTV,CTV487,CTV668,12/12:17,12/12:23,12/13:20,12/13:35,0:57:00,BDJ,DPS,007,10,1,1,NML,6,2025
1371.,A320,PKGLG,CTV,CTV9693,CTV9692,12/12:40,12/12:45,12/13:25,12/13:41,0:40:00,DPS,DPS,006,10,1,1,NML,6,2025
1372.,B739,PKLJS,LNI,LNI869,LNI680,12/12:11,12/12:18,12/13:44,12/13:55,1:26:00,TTE,PKY,023,10,0,0,NML,6,2025
1373.,A320,PKSJJ,SJV,SJV633,SJV726,12/13:30,12/13:33,12/14:15,12/14:23,0:42:00,BDJ,LBJ,010,10,1,1,NML,6,2025
1374.,B738,PKLOJ,LNI,LNI839,LNI836,12/13:22,12/13:27,12/14:21,12/14:33,0:54:00,PNK,PNK,012,10,1,1,NML,6,2025
1375.,A320,PKGQC,CTV,CTV716,CTV717,12/13:58,12/14:02,12/14:48,12/15:05,0:46:00,CGK,CGK,006,10,1,1,NML,6,2025
1376.,A320,PKGLT,CTV,CTV431,CTV948,12/13:33,12/13:36,12/14:25,12/14:39,0:49:00,BPN,BTH,007,10,1,1,NML,6,2025
1377.,A320,9VJSV,JSA,JSA247,JSA248,12/14:26,12/14:31,12/15:17,12/15:33,0:46:00,SIN,SIN,A06,10,1,1,NML,6,2025
1378.,B739,PKLHI,LNI,LNI823,LNI260,12/13:47,12/13:50,12/14:43,12/14:58,0:53:00,LOP,BPN,014,10,1,1,NML,6,2025
1379.,A320,PKLUR,BTK,BTK7515,BTK7514,12/13:40,12/13:44,12/14:51,12/15:00,1:07:00,HLP,HLP,009,10,1,1,NML,6,2025
1380.,B738,PKGMC,GIA,GIA330,GIA317,12/14:07,12/14:10,12/15:11,12/15:22,1:01:00,HLP,CGK,005,10,1,1,NML,6,2025
1381.,B738,PKGFI,GIA,GIA312,GIA331,12/13:45,12/13:48,12/15:14,12/15:27,1:26:00,CGK,HLP,004,10,1,1,NML,6,2025
1382.,B739,PKLSP,LNI,LNI261,LNI642,12/14:31,12/14:34,12/15:29,12/15:43,0:55:00,BPN,LOP,015,10,1,1,NML,6,2025
1383.,B739,PKLOR,LNI,LNI749,LNI581,12/15:15,12/15:19,12/16:06,12/16:19,0:47:00,MDC,CGK,012,10,1,1,NML,6,2025
1384.,A320,PKLUH,BTK,BTK7501,BTK7512,12/15:02,12/15:05,12/15:57,12/16:07,0:52:00,HLP,HLP,008,10,1,1,NML,6,2025
1385.,A320,PKGQS,CTV,CTV699,CTV434,12/14:56,12/15:00,12/15:40,12/15:50,0:40:00,DPS,BPN,007,10,1,1,NML,6,2025
1386.,B738,9MMXO,MAS,MAS873,MAS872,12/15:12,12/15:18,12/16:02,12/16:12,0:44:00,KUL,KUL,A07,10,1,1,NML,6,2025
1387.,B738,PKLUO,BTK,BTK6406,BTK6401,12/14:49,12/14:54,12/16:15,12/16:23,1:21:00,CGK,CGK,020,10,0,0,NML,6,2025
1388.,A320,PKSAY,SJV,SJV637,SJV362,12/15:18,12/15:22,12/16:46,12/16:57,1:24:00,BDJ,KNO,010,10,1,1,NML,6,2025
1389.,B738,PKGUC,GIA,GIA310,GIA315,12/15:25,12/15:28,12/16:36,12/16:48,1:08:00,CGK,CGK,004,10,1,1,NML,6,2025
1390.,B738MAX,9VMBA,SIA,SIA926,SIA927,12/15:30,12/15:35,12/16:27,12/16:38,0:52:00,SIN,SIN,A08,10,1,1,NML,6,2025
1391.,A320,PKPWI,PAS,PAS206,PAS623,12/15:53,12/15:56,12/16:39,12/16:52,0:43:00,CGK,BPN,005,10,1,1,NML,6,2025
1392.,B739,PKLSH,LNI,LNI787,LNI268,12/13:26,12/13:31,12/16:42,12/16:55,3:11:00,UPG,TRK,022,10,0,0,NML,6,2025
1393.,B739,PKLHR,LNI,LNI692,LNI692,12/17:25,12/17:29,12/18:18,12/18:27,0:49:00,CGK,KOE,012,10,1,1,NML,6,2025
1394.,A320,PKGLG,CTV,CTV669,CTV488,12/16:25,12/16:29,12/17:12,12/17:27,0:43:00,DPS,BDJ,006,10,1,1,NML,6,2025
1395.,B739,PKLHJ,LNI,LNI919,LNI226,12/14:37,12/14:41,12/18:34,12/18:42,3:53:00,DPS,BDJ,011,10,1,1,NML,6,2025
1396.,B738,PKLOH,LNI,LNI972,LNI838,12/18:04,12/18:08,12/18:56,12/19:14,0:48:00,BTH,PNK,009,10,1,1,NML,6,2025
1397.,A320,PKAZJ,AWQ,AWQ323,AWQ326,12/17:05,12/17:11,12/17:46,12/17:55,0:35:00,KUL,KUL,A01,10,1,1,NML,6,2025
1398.,A320,PKSAA,SJV,SJV723,SJV708,12/17:34,12/17:38,12/18:27,12/18:37,0:49:00,DPS,DPS,010,10,1,1,NML,6,2025
1399.,A320,PKPWL,PAS,PAS622,PAS207,12/17:14,12/17:18,12/18:19,12/18:33,1:01:00,BPN,CGK,005,10,1,1,NML,6,2025
1400.,B738,PKGNA,GIA,GIA349,GIA313,12/17:30,12/17:33,12/18:48,12/19:08,1:15:00,DPS,CGK,004,10,1,1,NML,6,2025
1401.,A320,PKLZH,BTK,BTK7503,BTK7502,12/18:16,12/18:20,12/19:04,12/19:17,0:44:00,HLP,HLP,008,10,1,1,NML,6,2025
1402.,A320,PKGTD,CTV,CTV172,CTV173,12/17:56,12/18:00,12/18:43,12/19:05,0:43:00,HLP,HLP,006,10,1,1,NML,6,2025
1403.,CL60,N779LG,MPU,N779LG,N779LG,12/12:00,12/12:04,12/19:09,12/19:17,7:05:00,PKY,CGK,A09,10,0,0,NML,6,2025
1404.,B738MAX,9VMBC,SIA,SIA928,SIA929,12/18:07,12/18:13,12/19:11,12/19:28,0:58:00,SIN,SIN,A07,10,1,1,NML,6,2025
1405.,A320,PKGQE,CTV,CTV949,CTV494,12/18:24,12/18:28,12/19:14,12/19:32,0:46:00,BTH,BDJ,007,10,1,1,NML,6,2025
1406.,A320,PKLUS,BTK,BTK6347,BTK6575,12/15:39,12/15:44,12/19:15,12/19:30,3:31:00,BEJ,CGK,021,10,0,0,NML,6,2025
1407.,A320,PKGLS,CTV,CTV736,CTV9694,12/18:29,12/18:32,12/19:33,12/19:47,1:01:00,CGK,DPS,005,10,1,1,NML,6,2025
1408.,A320,PKLUH,BTK,BTK7519,BTK7518,12/19:02,12/19:08,12/19:52,12/20:03,0:44:00,HLP,HLP,010,10,1,1,NML,6,2025
1409.,B739,PKLSU,LNI,LNI983,LNI880,12/13:51,12/13:55,12/19:54,12/20:00,5:59:00,PKU,UPG,024,10,0,0,NML,6,2025
1410.,A320,PKPWK,PAS,PAS202,PAS203,12/19:06,12/19:09,12/19:52,12/20:05,0:43:00,CGK,CGK,006,10,1,1,NML,6,2025
1411.,B738,PKGMC,GIA,GIA326,GIA319,12/18:59,12/19:03,12/20:00,12/20:14,0:57:00,CGK,CGK,004,10,1,1,NML,6,2025
1412.,A320,PKSTT,SJV,SJV363,SJV616,12/15:36,12/15:40,12/20:10,12/20:27,4:30:01,KNO,BPN,026,10,0,0,NML,6,2025
1413.,A320,PKGQS,CTV,CTV435,CTV737,12/19:23,12/19:26,12/20:08,12/20:25,0:42:30,BPN,CGK,007,10,1,1,NML,6,2025
1414.,A320,PKGQA,CTV,CTV724,CTV354,12/19:19,12/19:24,12/20:13,12/20:32,0:49:00,CGK,UPG,008,10,1,1,NML,6,2025
1415.,A320,PKGQL,CTV,CTV489,CTV693,12/19:44,12/19:47,12/20:23,12/20:34,0:36:13,BDJ,DPS,005,10,1,1,NML,6,2025
1416.,B738,PKCRI,SJY,SJY567,SJY562,12/20:54,12/20:58,12/21:44,12/21:53,0:45:23,UPG,UPG,011,10,1,1,NML,6,2025
1417.,A320,PKLUJ,BTK,BTK6413,BTK6136,12/20:07,12/20:12,12/21:53,12/22:07,1:41:00,DPS,UPG,010,10,1,1,NML,6,2025
1418.,A333,ECODQ,SVA,SVA5106,SVA4106,12/20:48,12/20:53,12/22:36,12/22:50,1:43:17,MCT,JED,012,10,1,1,NML,6,2025
1419.,B738,PKLJS,LNI,LNI681,LNI878,12/16:45,12/16:49,13/05:06,13/05:11,12:17:00,PKY,AMQ,020,28,0,0,NML,6,2025
1420.,A320,PKAZJ,AWQ,AWQ327,AWQ320,12/23:25,12/23:30,13/05:01,13/05:13,5:31:00,KUL,KUL,A03,28,1,1,NML,6,2025
1421.,A320,PKBKP,BTK,BTK6137,BTK7508,12/19:41,12/19:45,13/05:25,13/05:32,9:40:00,UPG,HLP,021,28,0,0,NML,6,2025
1422.,B739,PKLFY,LNI,LNI695,LNI786,12/16:36,12/23:38,13/05:09,13/05:19,12:29:00,KOE,UPG,011,28,1,0,NML,6,2025
1423.,A320,PKGLS,CTV,CTV9695,CTV430,12/22:07,12/22:09,13/04:58,13/05:08,6:49:00,DPS,BPN,006,28,1,1,NML,6,2025
1424.,B738,PKGMU,GIA,GIA328,GIA301,12/20:16,12/20:19,13/05:06,13/05:16,8:47:00,CGK,CGK,004,28,1,1,NML,6,2025
"1425.,A320,PKBKU,BTK,BTK6576,BTK6132,11/18:24,12/23:54,13/05:06,13/05:22,""1 day, 10:33:00"",CGK,LOP,010,28,1,0,NML,6,2025"
1426.,A320,PKGQI,CTV,CTV495,CTV725,12/17:47,12/17:51,13/05:46,13/05:54,11:55:00,BDJ,CGK,003,28,0,0,NML,6,2025
1427.,B739,PKLHL,LNI,LNI690,LNI690,13/05:05,13/05:11,13/05:57,13/06:05,0:45:25,CGK,KOE,015,28,1,1,NML,6,2025
1428.,B738,PKLDJ,BTK,BTK6576,BTK6589,12/18:19,12/18:23,13/06:02,13/06:13,11:39:10,CGK,CGK,17A,28,0,0,NML,6,2025
1429.,B738,PKLSF,LNI,LNI709,LNI868,12/17:36,12/17:41,13/06:04,13/06:15,12:23:52,UPG,TTE,022,28,0,0,NML,6,2025
1430.,A320,PKSAG,SJV,SJV643,SJV640,12/15:06,12/15:10,13/06:01,13/06:11,14:51:34,AAP,AAP,025,28,0,0,NML,6,2025
1431.,B739,PKLSI,LNI,LNI885,LNI266,12/22:26,12/22:31,13/06:05,13/06:19,7:34:49,UPG,BPN,C04,28,0,0,NML,6,2025
1432.,A320,PKGQA,CTV,CTV353,CTV670,13/05:02,13/05:09,13/05:50,13/05:58,0:40:54,UPG,LOP,007,28,1,1,NML,6,2025
1433.,A320,V8RBG,RBA,RBA795,RBA796,12/20:23,12/20:28,13/05:54,13/06:09,9:26:00,BWN,BWN,A07,28,1,1,NML,6,2025
1434.,A320,PKLAL,BTK,BTK6594,BTK6412,12/20:20,12/20:26,13/06:29,13/06:38,10:03:00,CGK,DPS,009,28,1,1,NML,6,2025
1435.,A320,PKSTF,SJV,SJV615,SJV634,12/20:29,12/20:32,13/06:35,13/06:45,10:03:00,BPN,BDJ,024,28,0,0,NML,6,2025
1436.,A320,PKSJJ,SJV,SJV725,SJV566,12/17:43,12/17:47,13/06:51,13/07:01,13:04:00,LBJ,PLW,018,28,0,0,NML,6,2025
1437.,A320,PKSTH,SJV,SJV617,SJV612,12/19:09,12/19:13,13/07:06,13/07:16,11:53:00,BPN,BPN,C06,28,0,0,NML,6,2025
1438.,A320,PKBKY,BTK,BTK7521,BTK6135,12/20:41,12/20:45,13/06:56,13/07:05,10:11:00,HLP,PKN,026,28,0,0,NML,6,2025
1439.,B739,PKLHO,LNI,LNI363,LNI971,13/06:17,13/06:22,13/07:38,13/07:46,1:16:00,BPN,BTH,020,28,0,0,NML,6,2025
1440.,C208,PKVVF,SUS,PKVVF,PKVVF,12/09:00,12/09:04,13/08:18,13/08:22,23:14:00,BXW,BXW,C07,10,0,0,NML,6,2025
1441.,B738,PKGUF,GIA,GIA324,GIA305,12/21:44,12/21:47,13/07:05,13/07:14,9:18:00,CGK,CGK,005,28,1,1,NML,6,2025
1442.,B738,PKGMI,GIA,GIA855,GIA854,12/20:01,12/20:08,13/06:56,13/07:11,10:48:00,SIN,SIN,A02,28,1,1,NML,6,2025
1443.,A320,PKLUH,BTK,BTK7511,BTK7510,13/06:37,13/06:43,13/07:40,13/07:48,0:57:00,HLP,HLP,008,28,1,1,NML,6,2025
1444.,A320,PKAZO,AWQ,AWQ325,AWQ392,12/19:12,12/19:17,13/07:27,13/07:39,12:10:00,KUL,JHB,A01,28,1,1,NML,6,2025
1445.,A320,PKGQL,CTV,CTV690,CTV460,13/07:02,13/07:08,13/07:40,13/07:51,0:32:00,DPS,AAP,006,28,1,1,NML,6,2025
1446.,A333,ECNOG,SVA,SVA5132,SVA4132,13/07:09,13/07:17,13/08:42,13/08:56,1:25:00,MCT,JED,012,10,1,1,NML,6,2025
1447.,A333,BHLV,CPA,CPA779,CPA780,12/17:52,12/17:58,13/08:34,13/08:47,14:36:00,HKG,HKG,A08,10,1,1,NML,6,2025
1448.,B739,PKLSH,LNI,LNI267,LNI990,13/06:58,13/07:04,13/08:16,13/08:26,1:12:00,TRK,DPS,010,10,1,1,NML,6,2025
1449.,B738,PKLDM,MXD,MXD352,MXD353,12/19:25,12/19:31,13/08:44,13/08:54,13:13:00,KUL,KUL,A04,10,1,1,NML,6,2025
1450.,A320,PKLUY,BTK,BTK6584,BTK6585,13/08:21,13/08:25,13/09:17,13/09:25,0:52:00,CGK,CGK,009,10,1,1,NML,6,2025
1451.,A320,PKBKU,BTK,BTK6133,BTK6391,13/08:00,13/08:06,13/08:59,13/09:12,0:53:00,LOP,CGK,008,10,1,1,NML,6,2025
1452.,B739,PKLJI,LNI,LNI970,LNI856,13/09:55,13/09:58,13/11:28,13/11:39,1:30:00,BTH,PLM,016,28,1,1,NML,6,2025
1453.,E135,T7JCI,AFS,T7JCI,T7JCI,13/08:31,13/08:35,13/09:00,13/09:06,0:25:00,CGK,CGK,003,10,0,0,NML,6,2025
1454.,B738,PKLOH,LNI,LNI837,LNI748,13/08:04,13/08:10,13/09:05,13/09:17,0:55:00,PNK,MDC,17A,10,0,0,NML,6,2025
1455.,B739,PKLFK,LNI,LNI683,LNI682,13/07:53,13/07:58,13/09:03,13/09:14,1:05:00,PKY,PKY,011,10,1,1,NML,6,2025
1456.,A320,PKGQA,CTV,CTV671,CTV486,13/08:36,13/08:38,13/09:17,13/09:30,0:39:00,LOP,BDJ,006,10,1,1,NML,6,2025
1457.,B738,PKGNA,GIA,GIA304,GIA342,13/08:09,13/08:18,13/09:21,13/09:37,1:03:00,CGK,DPS,004,10,1,1,NML,6,2025
1458.,C172,PKAPI,ARX,PKAPI,PKAPI,13/08:53,13/08:56,13/09:31,13/09:40,0:35:00,BWX,BWX,C06,10,0,0,NML,6,2025
1459.,C172,PKAPF,ARX,PKAPF,PKAPF,13/09:04,13/09:07,13/09:35,13/09:44,0:28:00,BWX,BWX,C07,10,0,0,NML,6,2025
1460.,A320,PKSAA,SJV,SJV703,SJV702,13/08:45,13/08:49,13/09:48,13/09:58,0:59:00,DPS,DPS,010,28,1,1,NML,6,2025
1461.,B738,9MMXK,MAS,MAS871,MAS870,13/08:58,13/09:03,13/09:55,13/10:06,0:52:00,KUL,KUL,A07,28,1,1,NML,6,2025
1462.,B735,PKNAT,LKN,LKN243,LKN242,13/10:07,13/10:13,13/10:51,13/11:03,0:38:00,SMQ,SMQ,010,28,1,1,NML,6,2025
1463.,A359,9VSHS,SIA,SIA922,SIA923,13/09:10,13/09:16,13/10:17,13/10:32,1:01:00,SIN,SIN,A08,28,1,1,NML,6,2025
1464.,A320,PKGLT,CTV,CTV351,CTV350,13/09:50,13/09:53,13/10:34,13/10:45,0:41:00,UPG,UPG,006,28,1,1,NML,6,2025
1465.,A320,PKSTF,SJV,SJV635,SJV632,13/09:39,13/09:43,13/10:26,13/10:35,0:43:00,BDJ,BDJ,012,28,1,1,NML,6,2025
1466.,B739,PKLHY,LNI,LNI791,LNI706,13/09:27,13/09:30,13/10:39,13/10:49,1:09:00,UPG,UPG,011,28,1,1,NML,6,2025
1467.,A20N,9VTNG,TGW,TGW296,TGW297,13/10:13,13/10:16,13/11:11,13/11:19,0:55:00,SIN,SIN,A02,28,1,1,NML,6,2025
1468.,A320,PKPWF,PAS,PAS210,PAS211,13/09:46,13/09:49,13/10:45,13/10:54,0:56:00,CGK,CGK,005,28,1,1,NML,6,2025
1469.,B739,PKLSP,LNI,LNI865,LNI973,12/18:12,12/18:16,13/11:01,13/11:11,16:45:00,LOP,BTH,17B,28,0,0,NML,6,2025
1470.,A320,PKLZH,BTK,BTK7513,BTK7516,13/10:16,13/10:21,13/11:07,13/11:16,0:46:00,HLP,HLP,015,28,1,1,NML,6,2025
1471.,A320,PKBKY,BTK,BTK6134,BTK6346,13/09:43,13/09:47,13/10:44,13/10:51,0:57:00,PKN,BEJ,014,28,1,1,NML,6,2025
1472.,A320,PKGQC,CTV,CTV722,CTV723,13/09:35,13/09:38,13/10:46,13/10:56,1:08:00,CGK,CGK,007,28,1,1,NML,6,2025
1473.,B739,PKLHL,LNI,LNI697,LNI822,13/10:28,13/10:33,13/11:33,13/11:44,1:00:00,KOE,LOP,012,28,1,1,NML,6,2025
1474.,B739,PKLHI,LNI,LNI694,LNI694,13/10:23,13/10:29,13/11:23,13/11:34,0:54:00,CGK,KOE,009,28,1,1,NML,6,2025
1475.,B739,PKLHR,LNI,LNI693,LNI697,13/06:44,13/06:49,13/11:22,13/11:29,4:33:00,KOE,CGK,021,28,0,0,NML,6,2025
1476.,A320,PKAZJ,AWQ,AWQ321,AWQ322,13/10:47,13/10:50,13/11:26,13/11:41,0:36:00,KUL,KUL,A01,28,1,1,NML,6,2025
1477.,A320,PKLUH,BTK,BTK7517,BTK7520,13/11:08,13/11:15,13/12:06,13/12:15,0:51:00,HLP,HLP,008,28,1,1,NML,6,2025
1478.,B738,PKGUC,GIA,GIA322,GIA327,13/10:30,13/10:35,13/11:34,13/11:46,0:59:00,CGK,CGK,004,28,1,1,NML,6,2025
1479.,A320,PKGQL,CTV,CTV461,CTV698,13/11:13,13/11:20,13/12:02,13/12:12,0:42:00,AAP,DPS,006,28,1,1,NML,6,2025
1480.,B739,PKLSH,LNI,LNI805,LNI804,13/11:01,13/11:05,13/12:00,13/12:10,0:55:00,DPS,DPS,011,28,1,1,NML,6,2025
1481.,A320,PKBLD,BTK,BTK6582,BTK6581,13/11:52,13/11:58,13/13:24,13/13:39,1:26:17,CGK,CGK,009,10,1,1,NML,6,2025
1482.,A320,PKSJJ,SJV,SJV567,SJV636,13/11:22,13/11:28,13/13:37,13/13:52,2:09:55,PLW,BDJ,010,10,1,1,NML,6,2025
1483.,B739,PKLSO,LNI,LNI223,LNI780,13/11:37,13/11:41,13/13:27,13/13:43,1:46:26,BDJ,UPG,014,10,1,1,NML,6,2025
1484.,B739,PKLGY,LNI,LNI801,LNI680,13/12:04,13/12:09,13/13:30,13/13:51,1:21:04,UPG,PKY,012,10,1,1,NML,6,2025
1485.,B735,PKNAQ,LKN,LKN193,LKN192,13/12:53,13/12:58,13/13:43,13/13:55,0:45:00,PKN,PKN,011,10,1,1,NML,6,2025
1486.,A320,PKLUY,BTK,BTK6596,BTK6595,13/12:58,13/13:03,13/13:56,13/14:05,0:53:56,CGK,CGK,016,10,1,1,NML,6,2025
1487.,A320,PKPWN,PAS,PAS204,PAS205,13/12:03,13/12:09,13/13:18,13/13:29,1:09:05,CGK,CGK,005,10,1,1,NML,6,2025
1488.,A320,PKGQA,CTV,CTV487,CTV668,13/12:07,13/12:14,13/13:19,13/13:34,1:05:00,BDJ,DPS,007,10,1,1,NML,6,2025
1489.,A320,PKAZO,AWQ,AWQ393,AWQ324,13/12:29,13/12:32,13/13:15,13/13:27,0:43:00,JHB,KUL,A03,10,1,1,NML,6,2025
1490.,B738,PKLSF,LNI,LNI869,LNI722,13/12:27,13/12:32,13/14:26,13/14:38,1:54:27,TTE,KDI,008,10,1,1,NML,6,2025
1491.,A320,PKGQP,CTV,CTV9693,CTV9692,13/12:48,13/12:51,13/13:28,13/13:47,0:37:57,DPS,DPS,006,10,1,1,NML,6,2025
1492.,A320,PKSTT,SJV,SJV611,SJV726,13/08:40,13/08:45,13/14:30,13/14:39,5:45:00,BPN,LBJ,022,10,0,0,NML,6,2025
1493.,B738,PKLOJ,LNI,LNI839,LNI836,13/13:02,13/13:05,13/14:07,13/14:15,1:02:20,PNK,PNK,015,10,1,1,NML,6,2025
1494.,A320,PKGQN,CTV,CTV716,CTV717,13/13:32,13/13:35,13/14:29,13/14:41,0:54:16,CGK,CGK,005,10,1,1,NML,6,2025
1495.,A320,PKGLS,CTV,CTV431,CTV948,13/13:40,13/13:43,13/14:42,13/14:52,0:59:00,BPN,BTH,007,10,1,1,NML,6,2025
1496.,B738,PKGNE,GIA,GIA312,GIA317,13/13:45,13/13:48,13/14:50,13/15:06,1:02:00,CGK,CGK,004,10,1,1,NML,6,2025
1497.,A320,PKBKP,BTK,BTK7515,BTK7514,13/13:48,13/13:52,13/14:37,13/14:50,0:45:00,HLP,HLP,009,10,1,1,NML,6,2025
1498.,A320,9VJSV,JSA,JSA247,JSA248,13/13:57,13/14:03,13/14:51,13/15:03,0:48:00,SIN,SIN,A06,10,1,1,NML,6,2025
1499.,B739,PKLQR,LNI,LNI919,LNI260,13/15:04,13/15:07,13/16:09,13/16:18,1:02:00,DPS,BPN,016,10,1,1,NML,6,2025
1500.,B739,PKLFY,LNI,LNI261,LNI642,13/14:08,13/14:13,13/15:08,13/15:19,0:54:59,BPN,LOP,17A,10,0,0,NML,6,2025
1501.,B738,PKGNM,GIA,GIA330,GIA331,13/14:25,13/14:28,13/15:24,13/15:37,0:56:00,HLP,HLP,006,10,1,1,NML,6,2025
1502.,A320,PKGQL,CTV,CTV699,CTV434,13/14:47,13/14:52,13/15:28,13/15:40,0:36:00,DPS,BPN,005,10,1,1,NML,6,2025
1503.,A320,PKSTF,SJV,SJV633,SJV614,13/13:37,13/13:41,13/15:35,13/15:44,1:54:09,BDJ,BPN,018,10,0,0,NML,6,2025
1504.,B739,PKLSI,LNI,LNI707,LNI920,13/14:33,13/14:36,13/16:25,13/16:34,1:49:37,UPG,DPS,010,10,1,1,NML,6,2025
1505.,A320,PKLUH,BTK,BTK7501,BTK7512,13/15:29,13/15:33,13/16:29,13/16:41,0:56:13,HLP,HLP,008,10,1,1,NML,6,2025
1506.,A320,PKSAG,SJV,SJV643,SJV672,13/14:57,13/15:02,13/17:32,13/17:44,2:30:39,AAP,BEJ,021,10,0,0,NML,6,2025
1507.,B739,PKLHL,LNI,LNI823,LNI581,13/14:01,13/14:05,13/16:59,13/17:09,2:54:00,LOP,CGK,020,10,0,0,NML,6,2025
1508.,B738,HSLGJ,TLM,TLM268,TLM269,13/15:12,13/15:19,13/16:25,13/16:36,1:06:39,DMK,DMK,A04,10,1,1,NML,6,2025
1509.,B738,PKLBW,BTK,BTK6406,BTK6401,13/16:04,13/16:06,13/16:52,13/17:02,0:46:00,CGK,CGK,009,10,1,1,NML,6,2025
1510.,B738MAX,9VMBB,SIA,SIA926,SIA927,13/16:09,13/16:13,13/17:05,13/17:21,0:52:56,SIN,SIN,A07,10,1,1,NML,6,2025
1511.,B738,PKGFW,GIA,GIA310,GIA315,13/15:35,13/15:38,13/16:36,13/16:47,0:58:00,CGK,CGK,004,10,1,1,NML,6,2025
1512.,A320,PKSJJ,SJV,SJV637,SJV648,13/16:59,13/17:04,13/17:53,13/18:04,0:49:06,BDJ,BPN,010,10,1,1,NML,6,2025
1513.,A320,PKGLU,CTV,CTV495,CTV721,13/15:54,13/15:56,13/16:43,13/16:53,0:47:00,BDJ,CGK,006,10,1,1,NML,6,2025
1514.,B739,PKLHI,LNI,LNI695,LNI268,13/16:13,13/16:18,13/17:18,13/17:31,0:59:53,KOE,TRK,17B,10,0,0,NML,6,2025
1515.,A320,PKPWC,PAS,PAS206,PAS623,13/15:50,13/15:52,13/16:39,13/16:49,0:47:08,CGK,BPN,005,10,1,1,NML,6,2025
1516.,B739,PKLSL,LNI,LNI692,LNI692,13/16:07,13/16:10,13/17:14,13/17:22,1:03:56,CGK,KOE,17A,10,0,0,NML,6,2025
1517.,A320,PKGQP,CTV,CTV669,CTV488,13/16:38,13/16:42,13/17:17,13/17:33,0:35:09,DPS,BDJ,007,10,1,1,NML,6,2025
1518.,B738,PKLOH,LNI,LNI749,LNI226,13/14:54,13/14:58,13/18:35,13/18:51,3:37:14,MDC,BDJ,011,10,1,1,NML,6,2025
1519.,A320,PKBLD,BTK,BTK6578,BTK7579,13/17:25,13/17:28,13/18:23,13/18:41,0:55:00,CGK,CGK,009,10,1,1,NML,6,2025
1520.,B738,PKLJS,LNI,LNI879,LNI838,13/15:16,13/15:21,13/17:41,13/17:52,2:19:25,AMQ,PNK,025,28,0,0,NML,6,2025
1521.,A320,PKAZJ,AWQ,AWQ323,AWQ326,13/17:12,13/17:17,13/17:51,13/17:59,0:34:00,KUL,KUL,A03,10,1,1,NML,6,2025
1522.,A333,ECNOF,SVA,SVA5248,SVA4248,13/15:56,13/16:00,13/17:52,13/18:08,1:52:00,MCT,JED,012,10,1,1,NML,6,2025
1523.,A320,PKSTF,SJV,SJV617,SJV708,13/19:10,13/19:13,13/20:08,13/20:25,0:54:22,BPN,DPS,025,10,0,0,NML,6,2025
1524.,A320,PKPWF,PAS,PAS622,PAS207,13/17:28,13/17:31,13/18:19,13/18:35,0:48:41,BPN,CGK,006,10,1,1,NML,6,2025
1525.,A320,PKGTD,CTV,CTV172,CTV173,13/17:15,13/17:20,13/18:26,13/18:47,1:06:00,HLP,HLP,007,10,1,1,NML,6,2025
1526.,B738,PKGNA,GIA,GIA349,GIA313,13/17:19,13/17:22,13/18:23,13/18:42,1:01:38,DPS,CGK,004,10,1,1,NML,6,2025
1527.,B739,PKLGY,LNI,LNI681,LNI800,13/16:42,13/16:48,13/18:30,13/18:39,1:41:13,PKY,UPG,018,10,0,0,NML,6,2025
1528.,A320,PKSTT,SJV,SJV725,SJV716,13/18:06,13/18:10,13/19:02,13/19:17,0:52:00,LBJ,LOP,008,10,1,1,NML,6,2025
1529.,A320,PKLUH,BTK,BTK7503,BTK7502,13/19:41,13/19:45,13/20:41,13/20:51,0:56:00,HLP,HLP,008,10,1,1,NML,6,2025
1530.,B738,PKGMY,GIA,GIA320,GIA325,13/17:49,13/17:51,13/18:56,13/19:08,1:05:00,CGK,CGK,005,10,1,1,NML,6,2025
1531.,B738MAX,9VMBN,SIA,SIA928,SIA929,13/18:32,13/18:37,13/19:27,13/19:44,0:50:24,SIN,SIN,A07,10,1,1,NML,6,2025
1532.,A320,PKGQI,CTV,CTV949,CTV494,13/18:22,13/18:31,13/19:09,13/19:21,0:38:00,BTH,BDJ,007,10,1,1,NML,6,2025
1533.,A320,PKBGF,BTK,BTK6576,BTK6575,13/18:43,13/18:47,13/19:40,13/19:48,0:53:00,CGK,CGK,010,10,1,1,NML,6,2025
1534.,B788,9VOFM,TGW,TGW266,TGW267,13/19:00,13/19:08,13/20:18,13/20:32,1:10:00,SIN,SIN,A06,10,1,1,NML,6,2025
1535.,A320,PKGLE,CTV,CTV736,CTV9694,13/18:35,13/18:37,13/19:34,13/19:46,0:57:40,CGK,DPS,006,10,1,1,NML,6,2025
1536.,A320,PKLUR,BTK,BTK7519,BTK7518,13/19:51,13/19:55,13/21:08,13/21:20,1:13:00,HLP,HLP,018,10,0,0,NML,6,2025
1537.,A320,PKPWK,PAS,PAS202,PAS203,13/19:18,13/19:22,13/19:58,13/20:00,0:36:00,CGK,CGK,005,10,1,1,NML,6,2025
1538.,B738,PKGUE,GIA,GIA326,GIA319,13/18:53,13/18:56,13/19:58,13/20:15,1:02:00,CGK,CGK,004,10,1,1,NML,6,2025
1539.,A333,ECNYJ,SVA,SVA5298,SVA4298,13/17:42,13/17:46,13/20:09,13/20:15,2:23:00,MCT,JED,015,10,1,1,NML,6,2025
1540.,A320,PKGQL,CTV,CTV435,CTV737,13/19:14,13/19:18,13/20:05,13/20:20,0:47:00,BPN,CGK,007,10,1,1,NML,6,2025
1541.,B738,PKCRI,SJY,SJY567,SJY562,13/20:07,13/20:11,13/20:53,13/21:04,0:42:00,UPG,UPG,011,10,1,1,NML,6,2025
1542.,A320,PKGLX,CTV,CTV489,CTV693,13/20:17,13/20:21,13/21:07,13/21:17,0:46:00,BDJ,DPS,007,10,1,1,NML,6,2025
1543.,A320,PKGQC,CTV,CTV724,CTV354,13/20:32,13/20:42,13/21:32,13/21:42,0:50:00,CGK,UPG,010,10,1,1,NML,6,2025
1544.,A320,PKLUJ,BTK,BTK6137,BTK6136,13/20:22,13/20:26,13/22:00,13/22:08,1:34:00,UPG,UPG,009,28,1,1,NML,6,2025
1545.,A333,ECODQ,SVA,SVA5266,SVA4266,14/02:46,14/02:51,14/04:56,14/05:15,2:05:00,MCT,JED,012,10,1,1,NML,6,2025
1546.,B739,PKLSF,LNI,LNI727,LNI316,13/18:49,13/18:54,14/05:31,14/05:38,10:36:42,KDI,BDJ,17A,10,0,0,NML,6,2025
1547.,A320,PKLAL,BTK,BTK6594,BTK7508,13/22:26,13/22:32,14/04:49,14/05:02,6:17:00,CGK,HLP,011,10,1,1,NML,6,2025
1548.,A320,PKSAG,SJV,SJV673,SJV610,13/21:48,14/01:00,14/05:02,14/05:16,7:08:00,BEJ,BPN,016,10,1,0,NML,6,2025
1549.,A320,PKAZO,AWQ,AWQ325,AWQ320,13/19:06,13/19:11,14/05:00,14/05:12,9:49:00,KUL,KUL,A01,10,1,1,NML,6,2025
1550.,B739,PKLHO,LNI,LNI972,LNI786,13/17:36,13/17:40,14/05:04,14/05:19,11:24:00,BTH,UPG,022,10,0,0,NML,6,2025
1551.,A320,PKGLE,CTV,CTV9695,CTV430,13/22:01,13/22:04,14/05:12,14/05:19,7:08:00,DPS,BPN,009,10,1,1,NML,6,2025
1552.,B738,PKGNH,GIA,GIA328,GIA301,13/19:59,13/20:05,14/04:57,14/05:15,8:52:00,CGK,CGK,006,10,1,1,NML,6,2025
1553.,A320,PKGQQ,CTV,CTV720,CTV725,13/21:44,13/21:48,14/05:39,14/05:51,7:51:00,CGK,CGK,007,10,1,1,NML,6,2025
1554.,B739,PKLGW,LNI,LNI690,LNI690,14/04:55,14/05:05,14/05:54,14/06:05,0:49:00,CGK,KOE,014,10,1,1,NML,6,2025
1555.,A320,PKSTH,SJV,SJV613,SJV640,13/21:57,13/22:02,14/05:59,14/06:11,7:57:00,BPN,AAP,018,10,0,0,NML,6,2025
1556.,A320,PKLUT,BTK,BTK7521,BTK6589,13/21:24,13/21:27,14/06:03,14/06:18,8:36:00,HLP,CGK,008,10,1,1,NML,6,2025
1557.,A320,PKSAA,SJV,SJV723,SJV706,13/19:56,13/20:02,14/06:02,14/06:19,9:59:47,DPS,DPS,020,10,0,0,NML,6,2025
1558.,A320,PKGQA,CTV,CTV353,CTV670,14/05:01,14/05:11,14/05:52,14/05:59,0:41:00,UPG,LOP,006,10,1,1,NML,6,2025
1559.,B739,PKLJI,LNI,LNI857,LNI882,13/15:44,14/00:50,14/06:10,14/06:25,14:23:24,PLM,UPG,015,10,1,0,NML,6,2025
1560.,A320,V8RBA,RBA,RBA795,RBA796,13/20:03,13/20:10,14/05:55,14/06:06,9:45:00,BWN,BWN,A07,10,1,1,NML,6,2025
1561.,A320,PKAZJ,AWQ,AWQ327,AWQ386,13/23:42,13/23:46,14/05:57,14/06:08,6:11:00,KUL,PEN,A03,10,1,1,NML,6,2025
1562.,A320,PKPWI,PAS,PAS212,PAS213,13/20:49,13/20:51,14/05:56,14/06:12,9:05:00,CGK,CGK,005,10,1,1,NML,6,2025
1563.,B738MAX,PKOFM,AFE,AFE921,AFE921,14/05:47,14/05:50,14/06:55,14/07:05,1:05:00,CGK,TIM,007,10,1,1,NML,6,2025
1564.,B733,PKMYJ,MYU,MYU935,MYU934,13/08:50,13/08:54,14/06:45,14/06:49,21:51:00,SRG,SIN,C02,10,0,0,NML,6,2025
1565.,B738,PKLKV,LNI,LNI885,LNI646,13/19:03,13/19:09,14/06:52,14/07:12,11:43:53,UPG,LOP,17B,10,0,0,NML,6,2025
1566.,A320,PKBKY,BTK,BTK6347,BTK6135,13/15:00,13/15:05,14/07:32,14/07:43,16:26:30,BEJ,PKN,026,10,0,0,NML,6,2025
1567.,B739,PKLJG,LNI,LNI311,LNI971,14/06:02,14/06:06,14/07:08,14/07:17,1:02:10,BDJ,BTH,012,10,1,1,NML,6,2025
1568.,B738,PKGFF,GIA,GIA324,GIA305,13/20:41,13/20:51,14/06:58,14/07:15,10:07:00,CGK,CGK,004,10,1,1,NML,6,2025
1569.,B738,PKGMI,GIA,GIA855,GIA854,13/20:40,13/20:46,14/07:02,14/07:13,10:16:00,SIN,SIN,A02,10,1,1,NML,6,2025
1570.,A320,PKLUW,BTK,BTK7511,BTK7510,14/06:40,14/06:42,14/07:29,14/07:41,0:47:00,HLP,HLP,008,10,1,1,NML,6,2025
1571.,A320,PKGLX,CTV,CTV690,CTV460,14/06:40,14/06:48,14/07:30,14/07:39,0:42:00,DPS,AAP,005,10,1,1,NML,6,2025
1572.,B739,PKLSL,LNI,LNI693,LNI693,14/06:54,14/06:57,14/07:46,14/07:59,0:49:25,KOE,CGK,011,10,1,1,NML,6,2025
1573.,B739,PKLHI,LNI,LNI267,LNI982,14/07:09,14/07:13,14/07:58,14/08:11,0:45:00,TRK,PKU,014,10,1,1,NML,6,2025
1574.,A21N,B32LQ,CSN,CSN8137,CSN8138,13/22:20,13/22:24,14/07:58,14/08:12,9:34:29,CAN,CAN,A06,10,1,1,NML,6,2025
1575.,A333,BLBH,CPA,CPA779,CPA780,13/18:38,13/18:45,14/08:22,14/08:38,13:37:00,HKG,HKG,A08,10,1,1,NML,6,2025
"1576.,DHC6,PKICP,PGT,PKICP,PKICP,12/10:55,12/10:57,14/08:02,14/08:09,""1 day, 21:05:00"",PAG,PAG,028,10,0,0,NML,6,2025"
1577.,A320,PKBKM,BTK,BTK6572,BTK6573,14/07:31,14/07:35,14/08:27,14/08:40,0:52:00,CGK,CGK,009,10,1,1,NML,6,2025
1578.,B738,PKLZO,MXD,MXD352,MXD353,13/19:32,13/19:38,14/08:43,14/08:55,13:05:06,KUL,KUL,A04,10,1,1,NML,6,2025
1579.,B739,PKLFY,LNI,LNI865,LNI222,13/17:54,13/18:01,14/08:51,14/09:03,14:50:23,LOP,BDJ,021,10,0,0,NML,6,2025
1580.,A320,PKLUS,BTK,BTK6588,BTK6391,13/23:25,13/23:30,14/08:59,14/09:08,9:29:00,CGK,CGK,010,10,1,1,NML,6,2025
1581.,A320,PKSAS,SJV,SJV649,SJV618,14/08:09,14/08:13,14/09:08,14/09:19,0:55:36,BPN,BPN,012,10,1,1,NML,6,2025
1582.,B738,PKLJS,LNI,LNI837,LNI748,14/07:58,14/08:02,14/09:04,14/09:15,1:02:10,PNK,MDC,016,10,1,1,NML,6,2025
1583.,A320,9VJSY,JSA,JSA249,JSA250,14/08:35,14/08:37,14/09:16,14/09:27,0:39:37,SIN,SIN,A06,10,1,1,NML,6,2025
1584.,B739,PKLFK,LNI,LNI683,LNI682,14/07:52,14/07:57,14/08:59,14/09:10,1:02:00,PKY,PKY,015,10,1,1,NML,6,2025
1585.,A320,PKGQA,CTV,CTV671,CTV486,14/08:53,14/08:57,14/09:34,14/09:38,0:37:36,LOP,BDJ,007,10,1,1,NML,6,2025
1586.,B738,PKGMF,GIA,GIA304,GIA342,14/08:19,14/08:22,14/09:20,14/09:37,0:58:13,CGK,DPS,004,10,1,1,NML,6,2025
1587.,A320,PKPWK,PAS,PAS200,PAS201,14/08:05,14/08:07,14/09:13,14/09:23,1:06:03,CGK,CGK,005,10,1,1,NML,6,2025
1588.,A320,PKSAA,SJV,SJV703,SJV702,14/08:45,14/08:48,14/10:08,14/10:21,1:20:51,DPS,DPS,011,10,1,1,NML,6,2025
1589.,B738,9MMLV,MAS,MAS871,MAS870,14/09:05,14/09:11,14/10:03,14/10:13,0:52:00,KUL,KUL,A07,10,1,1,NML,6,2025
1590.,A359,9VSHA,SIA,SIA922,SIA923,14/08:59,14/09:06,14/10:17,14/10:33,1:11:13,SIN,SIN,A08,10,1,1,NML,6,2025
1591.,A320,PKBLB,BTK,BTK6584,BTK6585,14/09:33,14/09:36,14/10:17,14/10:32,0:41:59,CGK,CGK,009,10,1,1,NML,6,2025
"1592.,A320,PKSAQ,SJV,SJV717,SJV632,11/05:57,13/23:15,14/10:30,14/10:37,""3 days, 4:27:00"",LOP,BDJ,C04,10,0,0,NML,6,2025"
1593.,A320,PKGQN,CTV,CTV351,CTV350,14/09:51,14/09:55,14/10:38,14/10:52,0:43:49,UPG,UPG,006,10,1,1,NML,6,2025
1594.,B739,PKLJI,LNI,LNI791,LNI706,14/10:10,14/10:15,14/11:21,14/11:29,1:06:00,UPG,UPG,010,10,1,1,NML,6,2025
1595.,A20N,9VTNF,TGW,TGW296,TGW297,14/09:42,14/09:48,14/10:33,14/10:43,0:45:22,SIN,SIN,A02,10,1,1,NML,6,2025
1596.,B739,PKLSY,LNI,LNI367,LNI262,14/09:40,14/09:44,14/10:43,14/11:00,0:59:07,BPN,BPN,014,10,1,1,NML,6,2025
1597.,A320,PKPWL,PAS,PAS210,PAS211,14/09:37,14/09:39,14/10:34,14/10:47,0:55:17,CGK,CGK,005,10,1,1,NML,6,2025
1598.,A320,PKBKY,BTK,BTK6134,BTK6346,14/10:22,14/10:26,14/11:09,14/11:18,0:43:25,PKN,BEJ,016,10,1,1,NML,6,2025
1599.,A320,PKLUZ,BTK,BTK7513,BTK7516,14/10:07,14/10:10,14/10:46,14/11:02,0:36:00,HLP,HLP,008,10,1,1,NML,6,2025
1600.,A320,PKSTH,SJV,SJV641,SJV642,14/09:47,14/09:51,14/10:53,14/11:14,1:02:00,AAP,AAP,012,10,1,1,NML,6,2025
1601.,B739,PKLKV,LNI,LNI645,LNI822,14/10:18,14/10:23,14/11:10,14/11:21,0:46:59,LOP,LOP,011,10,1,1,NML,6,2025
1602.,B739,PKLFW,LNI,LNI694,LNI697,14/10:14,14/10:17,14/11:31,14/11:40,1:14:00,CGK,CGK,015,10,1,1,NML,6,2025
1603.,A320,PKAZO,AWQ,AWQ321,AWQ322,14/10:57,14/11:01,14/11:36,14/11:47,0:35:00,KUL,KUL,A03,10,1,1,NML,6,2025
1604.,B739,PKLGW,LNI,LNI697,LNI694,14/10:35,14/10:38,14/11:39,14/11:49,1:01:25,KOE,KOE,017,10,1,1,NML,6,2025
1605.,B738,PKGFR,GIA,GIA322,GIA327,14/10:29,14/10:33,14/11:31,14/11:45,0:58:27,CGK,CGK,004,10,1,1,NML,6,2025
1606.,A320,PKLUW,BTK,BTK7517,BTK7520,14/11:09,14/11:12,14/11:53,14/12:07,0:41:12,HLP,HLP,008,10,1,1,NML,6,2025
1607.,A320,PKGLX,CTV,CTV461,CTV698,14/11:12,14/11:15,14/11:54,14/12:09,0:39:00,AAP,DPS,006,10,1,1,NML,6,2025
1608.,B739,PKLGS,LNI,LNI805,LNI804,14/11:23,14/11:28,14/12:19,14/12:30,0:51:00,DPS,DPS,011,10,1,1,NML,6,2025
1609.,A320,PKSTF,SJV,SJV727,SJV362,13/22:29,13/22:33,14/11:54,14/12:05,13:21:00,DPS,KNO,C03,10,0,0,NML,6,2025
1610.,A320,PKBKG,BTK,BTK6582,BTK6581,14/11:51,14/11:56,14/13:22,14/13:32,1:26:00,CGK,CGK,010,10,1,1,NML,6,2025
1611.,B739,PKLHM,LNI,LNI801,LNI780,14/11:43,14/11:47,14/13:23,14/13:34,1:35:12,UPG,UPG,018,10,0,0,NML,6,2025
1612.,A320,PKSTZ,SJV,SJV717,SJV636,14/07:00,14/07:04,14/12:38,14/12:44,5:34:00,LOP,BDJ,025,10,0,0,NML,6,2025
1613.,B739,PKLFY,LNI,LNI223,LNI680,14/12:03,14/12:08,14/13:22,14/13:32,1:13:54,BDJ,PKY,016,10,1,1,NML,6,2025
1614.,A320,PKGQA,CTV,CTV487,CTV668,14/12:40,14/12:40,14/13:34,14/13:45,0:54:00,BDJ,DPS,007,10,1,1,NML,6,2025
1615.,A320,PKAZJ,AWQ,AWQ387,AWQ324,14/12:33,14/12:38,14/13:22,14/13:30,0:44:00,PEN,KUL,A03,10,1,1,NML,6,2025
1616.,B735,PKNAT,LKN,LKN671,LKN670,14/10:55,14/10:57,14/13:31,14/13:41,2:34:00,TMC,TMC,009,10,1,1,NML,6,2025
1617.,A320,PKSAQ,SJV,SJV633,SJV726,14/13:36,14/13:46,14/15:14,14/15:25,1:28:00,BDJ,LBJ,008,10,1,1,NML,6,2025
1618.,B738,PKLOJ,LNI,LNI839,LNI836,14/14:15,14/14:19,14/15:10,14/15:23,0:51:00,PNK,PNK,016,10,1,1,NML,6,2025
1619.,A320,PKGQC,CTV,CTV9693,CTV9692,14/13:05,14/13:08,14/14:04,14/14:17,0:56:00,DPS,DPS,006,10,1,1,NML,6,2025
1620.,A320,PKGLE,CTV,CTV431,CTV948,14/13:50,14/13:53,14/14:41,14/14:52,0:48:00,BPN,BTH,007,10,1,1,NML,6,2025
1621.,A333,ECNOG,SVA,SVA5152,SVA4152,14/12:13,14/12:17,14/14:27,14/14:40,2:10:00,MCT,JED,012,10,1,1,NML,6,2025
1622.,B738MAX,PKOFI,AFE,AFE920,AFE920,14/13:43,14/13:46,14/14:19,14/14:25,0:33:00,TIM,CGK,005,10,1,1,NML,6,2025
1623.,B738,PKGUI,GIA,GIA312,GIA317,14/13:39,14/13:43,14/14:48,14/15:00,1:05:00,CGK,CGK,004,10,1,1,NML,6,2025
1624.,A320,PKGQG,CTV,CTV716,CTV717,14/14:21,14/14:26,14/15:09,14/15:15,0:43:00,CGK,CGK,009,10,1,1,NML,6,2025
1625.,A320,PKPWH,PAS,PAS208,PAS209,14/14:05,14/14:10,14/15:02,14/15:14,0:52:00,CGK,CGK,006,10,1,1,NML,6,2025
1626.,B738,PKGUF,GIA,GIA330,GIA331,14/14:46,14/14:50,14/15:36,14/15:50,0:46:00,HLP,HLP,004,10,1,1,NML,6,2025
1627.,B733,PKMYJ,MYU,MYU935,MYU815,14/13:57,14/14:02,14/14:45,14/14:56,0:43:00,SRG,CGK,C02,10,0,0,NML,6,2025
1628.,A320,PKGLX,CTV,CTV699,CTV434,14/14:32,14/14:34,14/15:20,14/15:34,0:46:00,DPS,BPN,005,10,1,1,NML,6,2025
1629.,B739,PKLFW,LNI,LNI692,LNI920,14/16:06,14/16:11,14/17:10,14/17:20,0:59:00,CGK,DPS,17B,10,0,0,NML,6,2025
1630.,A320,PKLUW,BTK,BTK7501,BTK7512,14/15:47,14/15:50,14/16:44,14/16:57,0:54:00,HLP,HLP,009,10,1,1,NML,6,2025
1631.,B738,9MMXN,MAS,MAS873,MAS872,14/15:11,14/15:18,14/16:08,14/16:18,0:50:00,KUL,KUL,A06,10,1,1,NML,6,2025
1632.,B738,PKLJS,LNI,LNI749,LNI581,14/15:02,14/15:06,14/16:09,14/16:23,1:03:00,MDC,CGK,010,10,1,1,NML,6,2025
1633.,A320,PKLBW,BTK,BTK6406,BTK6401,14/16:03,14/16:08,14/17:09,14/17:25,1:01:00,CGK,CGK,008,10,1,1,NML,6,2025
1634.,A320,PKLUR,BTK,BTK7515,BTK7514,14/16:21,14/16:25,14/17:13,14/17:28,0:48:00,HLP,HLP,010,10,1,1,NML,6,2025
1635.,B739,PKLFY,LNI,LNI681,LNI260,14/16:15,14/16:19,14/17:18,14/17:39,0:59:00,PKY,BPN,012,10,1,1,NML,6,2025
1636.,A320,PKSTZ,SJV,SJV637,SJV648,14/16:25,14/16:30,14/17:20,14/17:42,0:50:00,BDJ,BPN,014,10,1,1,NML,6,2025
1637.,B738,PKGMY,GIA,GIA310,GIA315,14/15:51,14/15:54,14/16:54,14/17:07,1:00:00,CGK,CGK,004,10,1,1,NML,6,2025
1638.,A320,PKSAA,SJV,SJV723,SJV708,14/18:12,14/18:17,14/19:10,14/19:12,0:53:00,DPS,DPS,010,10,1,1,NML,6,2025
1639.,A320,PKPWI,PAS,PAS206,PAS623,14/15:56,14/16:00,14/16:44,14/16:54,0:44:00,CGK,BPN,005,10,1,1,NML,6,2025
1640.,B739,PKLGW,LNI,LNI695,LNI268,14/16:10,14/16:14,14/17:14,14/17:37,1:00:00,KOE,TRK,011,10,1,1,NML,6,2025
1641.,B739,PKLHI,LNI,LNI983,LNI692,14/13:46,14/13:52,14/17:14,14/17:32,3:22:00,PKU,KOE,021,10,0,0,NML,6,2025
1642.,B739,PKLHO,LNI,LNI787,LNI226,14/13:00,14/13:04,14/18:38,14/18:47,5:34:00,UPG,BDJ,020,10,0,0,NML,6,2025
1643.,B738,PKLKV,LNI,LNI823,LNI838,14/14:02,14/14:07,14/17:37,14/17:47,3:30:00,LOP,PNK,022,10,0,0,NML,6,2025
1644.,A320,PKAZO,AWQ,AWQ323,AWQ326,14/17:11,14/17:16,14/17:48,14/18:03,0:32:00,KUL,KUL,A03,10,1,1,NML,6,2025
1645.,A320,PKGQQ,CTV,CTV495,CTV488,14/17:44,14/17:48,14/18:33,14/18:43,0:45:00,BDJ,BDJ,008,10,1,1,NML,6,2025
1646.,A320,PKPWL,PAS,PAS622,PAS207,14/17:15,14/17:19,14/18:08,14/18:19,0:49:00,BPN,CGK,006,10,1,1,NML,6,2025
1647.,A320,PKGTD,CTV,CTV172,CTV173,14/17:20,14/17:26,14/18:12,14/18:27,0:46:00,HLP,HLP,007,10,1,1,NML,6,2025
1648.,B738,PKGMF,GIA,GIA349,GIA313,14/18:08,14/18:12,14/18:56,14/19:21,0:44:00,DPS,CGK,005,10,1,1,NML,6,2025
1649.,A320,PKSAQ,SJV,SJV725,SJV716,14/18:29,14/18:33,14/19:15,14/19:30,0:42:00,LBJ,LOP,011,10,1,1,NML,6,2025
1650.,A320,PKLUZ,BTK,BTK7503,BTK7502,14/18:24,14/18:28,14/19:06,14/19:25,0:38:00,HLP,HLP,009,10,1,1,NML,6,2025
1651.,B738,PKGUD,GIA,GIA320,GIA325,14/17:30,14/17:33,14/18:48,14/19:03,1:15:00,CGK,CGK,004,10,1,1,NML,6,2025
1652.,H25B,N2409K,WSA,N2409K,N2409K,14/08:35,14/08:40,14/19:04,14/19:06,10:24:00,HLP,HLP,001,10,0,0,NML,6,2025
1653.,B738MAX,9VMBB,SIA,SIA928,SIA929,14/18:15,14/18:22,14/19:12,14/19:32,0:50:00,SIN,SIN,A07,10,1,1,NML,6,2025
1654.,A320,PKLUU,BTK,BTK6594,BTK6575,14/20:15,14/20:20,14/21:25,14/21:35,1:05:00,CGK,CGK,009,10,1,1,NML,6,2025
1655.,B738,PKCRI,SJY,SJY567,SJY562,14/19:19,14/19:22,14/20:09,14/20:21,0:47:00,UPG,UPG,010,10,1,1,NML,6,2025
1656.,B738,PKLHL,LNI,LNI885,LNI880,14/19:34,14/19:40,14/20:47,14/20:55,1:07:00,UPG,UPG,021,10,0,0,NML,6,2025
1657.,A320,PKPWE,PAS,PAS202,PAS203,14/18:56,14/19:04,14/19:47,14/20:01,0:43:00,CGK,CGK,006,10,1,1,NML,6,2025
1658.,A320,PKGLX,CTV,CTV435,CTV737,14/19:00,14/19:05,14/20:00,14/20:12,0:55:00,BPN,CGK,007,10,1,1,NML,6,2025
1659.,B738,PKGUC,GIA,GIA326,GIA319,14/19:09,14/19:12,14/19:52,14/20:03,0:40:00,CGK,CGK,004,10,1,1,NML,6,2025
1660.,A320,PKGLS,CTV,CTV949,CTV494,14/20:17,14/20:22,14/20:59,14/21:11,0:37:00,BTH,BDJ,007,10,1,1,NML,6,2025
1661.,A320,PKGQP,CTV,CTV736,CTV9694,14/19:43,14/19:46,14/20:25,14/20:35,0:39:00,CGK,DPS,005,10,1,1,NML,6,2025
1662.,A320,PKGQI,CTV,CTV489,CTV693,14/20:37,14/20:40,14/21:10,14/21:24,0:30:00,BDJ,DPS,006,10,1,1,NML,6,2025
1663.,A320,PKLUJ,BTK,BTK6137,BTK6136,14/19:55,14/19:59,14/21:54,14/22:03,1:55:00,UPG,UPG,011,10,1,1,NML,6,2025
1664.,A320,PKGLV,CTV,CTV724,CTV354,14/22:30,14/22:33,14/23:05,14/23:15,0:32:00,CGK,UPG,007,10,1,1,NML,6,2025
1665.,A333,ECNOF,SVA,SVA5366,SVA4366,14/23:17,14/23:25,15/00:52,15/01:02,1:27:00,MCT,JED,012,10,1,1,NML,6,2025
1666.,A333,ECNYJ,SVA,SVA5700,SVA4700,14/23:07,14/23:14,15/01:26,15/01:33,2:12:00,MCT,JED,015,10,1,1,NML,6,2025
1667.,A320,PKLUP,BTK,BTK6413,BTK6589,14/19:37,14/22:48,15/05:29,15/05:41,9:48:00,DPS,CGK,008,10,1,0,NML,6,2025
1668.,B739,PKLSY,LNI,LNI261,LNI878,14/14:42,14/14:47,15/05:04,15/05:14,14:17:00,BPN,AMQ,025,10,0,0,NML,6,2025
1669.,A320,PKAZJ,AWQ,AWQ325,AWQ320,14/19:15,14/19:21,15/05:04,15/05:16,9:43:00,KUL,KUL,A01,10,1,1,NML,6,2025
1670.,B739,PKLGS,LNI,LNI919,LNI786,14/15:32,14/15:37,15/05:08,15/05:21,13:31:00,DPS,UPG,17A,10,0,0,NML,6,2025
1671.,A320,PKGQC,CTV,CTV669,CTV430,14/17:35,14/17:38,15/05:07,15/05:18,11:29:00,DPS,BPN,003,10,0,0,NML,6,2025
1672.,A320,PKBLA,BTK,BTK6588,BTK6132,14/22:48,14/22:53,15/05:17,15/05:26,6:24:00,CGK,LOP,011,10,1,1,NML,6,2025
1673.,B739,PKLSV,LNI,LNI363,LNI266,15/06:22,15/06:28,15/07:23,15/07:34,0:55:00,BPN,BPN,015,10,1,1,NML,6,2025
1674.,A320,PKGQP,CTV,CTV9695,CTV725,14/23:12,14/23:15,15/05:40,15/06:02,6:25:00,DPS,CGK,006,10,1,1,NML,6,2025
1675.,A320,PKGQI,CTV,CTV690,CTV725D,15/06:52,15/06:56,15/08:08,15/08:15,1:12:00,DPS,CGK,006,10,1,1,NML,6,2025
1676.,B739,PKLVF,LNI,LNI690,LNI690,15/05:04,15/05:09,15/05:59,15/06:09,0:50:00,CGK,KOE,012,10,1,1,NML,6,2025
1677.,B738,PKLJQ,LNI,LNI709,LNI868,14/17:04,14/17:09,15/06:08,15/06:20,12:59:00,UPG,TTE,018,10,0,0,NML,6,2025
1678.,A320,PKSAG,SJV,SJV617,SJV640,14/19:58,14/22:17,15/06:35,15/06:49,10:32:00,BPN,AAP,009,10,1,0,NML,6,2025
1679.,B738,PKLHH,LNI,LNI972,LNI882,14/17:25,14/17:32,15/06:03,15/06:15,12:31:00,BTH,UPG,C04,10,0,0,NML,6,2025
1680.,A320,PKGQA,CTV,CTV353,CTV9670,15/05:07,15/05:11,15/05:53,15/06:06,0:42:00,UPG,LOP,005,10,1,1,NML,6,2025
1681.,A320,PKBKY,BTK,BTK6347,BTK6412,14/15:29,14/15:33,15/06:21,15/06:29,14:48:00,BEJ,DPS,023,10,0,0,NML,6,2025
1682.,A320,PKSTZ,SJV,SJV613,SJV634,14/21:21,14/21:27,15/06:24,15/06:34,8:57:00,BPN,BDJ,021,10,0,0,NML,6,2025
1683.,B739,PKLHO,LNI,LNI311,LNI971,15/06:13,15/06:17,15/07:06,15/07:18,0:49:00,BDJ,BTH,014,10,1,1,NML,6,2025
1684.,A320,PKLAL,BTK,BTK7521,BTK6135,14/21:03,14/21:07,15/06:55,15/07:04,9:48:00,HLP,PKN,010,10,1,1,NML,6,2025
1685.,B738,PKGUI,GIA,GIA324,GIA305,14/20:57,14/21:02,15/07:00,15/07:14,9:58:00,CGK,CGK,004,10,1,1,NML,6,2025
1686.,B738,PKGMI,GIA,GIA855,GIA854,14/20:28,14/20:37,15/06:58,15/07:08,10:21:00,SIN,SIN,A02,10,1,1,NML,6,2025
1687.,A320,PKSAQ,SJV,SJV717,SJV566,15/06:18,15/06:22,15/07:05,15/07:16,0:43:00,LOP,PLW,011,10,1,1,NML,6,2025
1688.,A320,PKBKU,BTK,BTK5002,BTK7510,15/06:44,15/06:49,15/07:46,15/07:57,0:57:00,CGK,HLP,009,10,1,1,NML,6,2025
1689.,A320,PKAZO,AWQ,AWQ327,AWQ392,14/23:33,14/23:39,15/07:20,15/07:27,7:41:00,KUL,JHB,A03,10,1,1,NML,6,2025
1690.,B739,PKLGL,LNI,LNI929,LNI856,15/06:57,15/07:02,15/08:03,15/08:14,1:01:00,DPS,PLM,016,10,1,1,NML,6,2025
1691.,A320,PKGQA,CTV,CTV9671,CTV460,15/08:34,15/08:38,15/09:29,15/09:40,0:51:00,LOP,AAP,006,10,1,1,NML,6,2025
1692.,B739,PKLHI,LNI,LNI693,LNI693,15/06:47,15/06:52,15/07:50,15/07:59,0:58:00,KOE,CGK,018,10,0,0,NML,6,2025
1693.,A333,BHLO,CPA,CPA779,CPA780,14/17:49,14/17:57,15/08:12,15/08:28,14:15:00,HKG,HKG,A08,10,1,1,NML,6,2025
1694.,B739,PKLHH,LNI,LNI791,LNI990,15/09:42,15/09:47,15/10:48,15/11:00,1:01:00,UPG,DPS,011,10,1,1,NML,6,2025
1695.,B738,PKLZM,MXD,MXD352,MXD353,14/19:39,14/19:46,15/08:36,15/08:44,12:50:00,KUL,KUL,A04,10,1,1,NML,6,2025
1696.,B739,PKLGW,LNI,LNI267,LNI222,15/07:12,15/07:16,15/09:01,15/09:09,1:45:00,TRK,BDJ,17A,10,0,0,NML,6,2025
1697.,A320,PKBLA,BTK,BTK6133,BTK6391,15/08:21,15/08:25,15/09:23,15/09:36,0:58:00,LOP,CGK,009,10,1,1,NML,6,2025
1698.,A320,PKSTH,SJV,SJV643,SJV618,14/14:58,14/15:01,15/09:00,15/09:11,17:59:00,AAP,BPN,026,10,0,0,NML,6,2025
1699.,B738,PKLKV,LNI,LNI837,LNI748,15/08:01,15/08:08,15/09:04,15/09:14,0:56:00,PNK,MDC,015,10,1,1,NML,6,2025
1700.,B739,PKLFK,LNI,LNI683,LNI682,15/08:09,15/08:14,15/09:09,15/09:21,0:55:00,PKY,PKY,016,10,1,1,NML,6,2025
1701.,B738,PKGMA,GIA,GIA304,GIA342,15/08:12,15/08:14,15/09:15,15/09:23,1:01:00,CGK,DPS,004,10,1,1,NML,6,2025
1702.,A320,PKPWK,PAS,PAS200,PAS201,15/08:16,15/08:19,15/09:23,15/09:35,1:04:00,CGK,CGK,005,10,1,1,NML,6,2025
1703.,A320,PKGQK,CTV,CTV722,CTV486,15/09:51,15/09:54,15/10:39,15/10:50,0:45:00,CGK,BDJ,007,10,1,1,NML,6,2025
1704.,B738,9MMXM,MAS,MAS871,MAS870,15/08:55,15/09:03,15/10:00,15/10:09,0:57:00,KUL,KUL,A06,10,1,1,NML,6,2025
1705.,B735,PKNAT,LKN,LKN243,LKN242,15/09:04,15/09:08,15/09:49,15/10:01,0:41:00,SMQ,SMQ,010,10,1,1,NML,6,2025
1706.,A359,9VSHQ,SIA,SIA922,SIA923,15/08:49,15/08:55,15/10:06,15/10:18,1:11:00,SIN,SIN,A08,10,1,1,NML,6,2025
1707.,A320,PKLUI,BTK,BTK6584,BTK6585,15/09:26,15/09:32,15/10:35,15/10:46,1:03:00,CGK,CGK,008,10,1,1,NML,6,2025
1708.,A320,PKSTZ,SJV,SJV635,SJV632,15/09:18,15/09:21,15/10:17,15/10:25,0:56:00,BDJ,BDJ,018,10,0,0,NML,6,2025
1709.,A320,PKGLY,CTV,CTV351,CTV350,15/09:31,15/09:34,15/10:20,15/10:37,0:46:00,UPG,UPG,006,10,1,1,NML,6,2025
1710.,B738,PKLGW,LNI,LNI223,LNI262,15/12:12,15/12:17,15/13:18,15/13:28,1:00:46,BDJ,BPN,014,10,1,1,NML,6,2025
1711.,B739,PKLSV,LNI,LNI367,LNI706,15/11:03,15/11:09,15/12:09,15/12:19,1:00:32,BPN,UPG,020,10,0,0,NML,6,2025
1712.,A20N,9VTNG,TGW,TGW296,TGW297,15/09:45,15/09:51,15/10:42,15/10:55,0:51:00,SIN,SIN,A03,10,1,1,NML,6,2025
1713.,B739,PKLJG,LNI,LNI970,LNI973,15/09:54,15/09:59,15/10:56,15/11:10,0:57:00,BTH,BTH,015,10,1,1,NML,6,2025
1714.,A320,PKLAL,BTK,BTK6134,BTK6346,15/09:58,15/10:02,15/10:54,15/11:06,0:52:00,PKN,BEJ,016,10,1,1,NML,6,2025
1715.,A320,PKLUR,BTK,BTK7513,BTK7516,15/09:48,15/09:52,15/10:47,15/10:57,0:55:00,HLP,HLP,009,10,1,1,NML,6,2025
1716.,A320,PKGQA,CTV,CTV461,CTV723,15/13:45,15/13:50,15/14:28,15/14:42,0:38:00,AAP,CGK,007,10,1,1,NML,6,2025
1717.,A333,ECODQ,SVA,SVA5474,SVA4474,15/08:40,15/08:45,15/11:05,15/11:25,2:20:00,MCT,JED,012,10,1,1,NML,6,2025
1718.,B739,PKLVF,LNI,LNI697,LNI697,15/10:34,15/10:39,15/12:04,15/12:15,1:25:56,KOE,CGK,17A,10,0,0,NML,6,2025
1719.,A320,PKAZJ,AWQ,AWQ321,AWQ322,15/10:52,15/10:58,15/11:38,15/11:46,0:40:00,KUL,KUL,A04,10,1,1,NML,6,2025
1720.,B738,PKGNM,GIA,GIA322,GIA327,15/10:12,15/10:15,15/11:35,15/11:48,1:20:00,CGK,CGK,004,10,1,1,NML,6,2025
1721.,A320,PKBKU,BTK,BTK7517,BTK7520,15/10:48,15/10:53,15/11:46,15/11:57,0:53:00,HLP,HLP,010,10,1,1,NML,6,2025
1722.,B739,PKLHH,LNI,LNI805,LNI822,15/13:51,15/13:55,15/14:48,15/14:58,0:53:00,DPS,LOP,011,10,1,1,NML,6,2025
1723.,A320,PKGQK,CTV,CTV487,CTV698,15/13:48,15/13:51,15/14:32,15/14:45,0:41:00,BDJ,DPS,006,10,1,1,NML,6,2025
1724.,B739,PKLHY,LNI,LNI694,LNI694,15/13:29,15/13:33,15/14:33,15/14:43,1:00:00,CGK,KOE,016,10,1,1,NML,6,2025
1725.,A320,PKBLD,BTK,BTK6582,BTK6581,15/11:41,15/11:45,15/12:40,15/12:50,0:54:46,CGK,CGK,008,10,1,1,NML,6,2025
1726.,A320,PKSAQ,SJV,SJV567,SJV636,15/12:00,15/12:05,15/13:16,15/13:40,1:11:00,PLW,BDJ,009,10,1,1,NML,6,2025
1727.,B739,PKLSV,LNI,LNI787,LNI680,15/15:52,15/15:59,15/17:04,15/18:03,1:05:00,UPG,PKY,17A,10,0,0,NML,6,2025
1728.,B735,PKNAQ,LKN,LKN193,LKN192,15/11:50,15/11:53,15/12:35,15/12:46,0:42:00,PKN,PKN,012,10,1,1,NML,6,2025
1729.,B739,PKLGL,LNI,LNI857,LNI260,15/13:24,15/13:30,15/14:28,15/14:40,0:58:00,PLM,BPN,015,10,1,1,NML,6,2025
1730.,A320,PKSAA,SJV,SJV705,SJV704,15/11:08,15/11:12,15/13:09,15/13:20,1:57:00,DPS,DPS,011,10,1,1,NML,6,2025
1731.,A320,PKAZO,AWQ,AWQ393,AWQ324,15/12:03,15/12:08,15/13:16,15/13:32,1:07:39,JHB,KUL,A03,10,1,1,NML,6,2025
1732.,A320,PKGQC,CTV,CTV431,CTV668,15/13:54,15/13:58,15/14:48,15/15:00,0:50:00,BPN,DPS,009,10,1,1,NML,6,2025
1733.,A320,PKPWA,PAS,PAS204,PAS205,15/11:55,15/11:59,15/13:15,15/13:36,1:15:21,CGK,CGK,005,10,1,1,NML,6,2025
1734.,B738,PKLJQ,LNI,LNI869,LNI722,15/15:37,15/15:42,15/16:37,15/16:48,0:55:00,TTE,KDI,011,10,1,1,NML,6,2025
1735.,B739,PKLGJ,LNI,LNI801,LNI780,15/13:34,15/13:38,15/14:40,15/14:53,1:02:00,UPG,UPG,014,10,1,1,NML,6,2025
1736.,A320,PKSTZ,SJV,SJV633,SJV726,15/13:27,15/13:29,15/14:34,15/14:49,1:05:00,BDJ,LBJ,012,10,1,1,NML,6,2025
1737.,A320,PKGLV,CTV,CTV9693,CTV9692,15/13:37,15/13:41,15/14:16,15/14:28,0:35:00,DPS,DPS,008,10,1,1,NML,6,2025
1738.,A320,PKGQN,CTV,CTV716,CTV948,15/15:30,15/15:33,15/16:26,15/16:36,0:53:00,CGK,BTH,006,10,1,1,NML,6,2025
1739.,B738,PKLKV,LNI,LNI749,LNI836,15/14:47,15/14:53,15/15:44,15/15:54,0:51:00,MDC,PNK,015,10,1,1,NML,6,2025
1740.,B738,PKGMP,GIA,GIA312,GIA317,15/14:05,15/14:08,15/15:03,15/15:14,0:55:00,CGK,CGK,004,10,1,1,NML,6,2025
1741.,A320,9VJSO,JSA,JSA247,JSA248,15/15:12,15/15:18,15/16:08,15/16:18,0:50:00,SIN,SIN,A06,10,1,1,NML,6,2025
1742.,B739,PKLGW,LNI,LNI262A,LNI262D,15/13:57,15/14:01,15/14:37,15/14:51,0:36:00,SUB,BPN,020,10,0,0,NML,6,2025
1743.,A320,PKLUZ,BTK,BTK7515,BTK7514,15/13:41,15/13:46,15/14:44,15/14:54,0:58:00,HLP,HLP,010,10,1,1,NML,6,2025
1744.,B738,PKGFR,GIA,GIA330,GIA331,15/14:08,15/14:11,15/15:09,15/15:29,0:58:00,HLP,HLP,005,10,1,1,NML,6,2025
1745.,B738,PKLJS,LNI,LNI707,LNI886,15/14:56,15/15:00,15/16:46,15/17:03,1:46:00,UPG,UPG,014,10,1,1,NML,6,2025
1746.,A320,PKGQK,CTV,CTV699,CTV434,15/17:30,15/17:34,15/18:25,15/18:39,0:51:00,DPS,BPN,009,10,1,1,NML,6,2025
1747.,A320,PKBKV,BTK,BTK6596,BTK6595,15/15:34,15/15:38,15/16:41,15/16:53,1:03:00,CGK,CGK,009,10,1,1,NML,6,2025
1748.,A320,PKBKU,BTK,BTK7501,BTK7512,15/15:03,15/15:10,15/16:04,15/16:14,0:54:00,HLP,HLP,010,10,1,1,NML,6,2025
1749.,B738MAX,9MMVH,MAS,MAS873,MAS872,15/15:16,15/15:22,15/16:15,15/16:28,0:53:00,KUL,KUL,A07,10,1,1,NML,6,2025
1750.,B739,PKLSY,LNI,LNI879,LNI804,15/16:20,15/16:25,15/17:27,15/17:39,1:02:00,AMQ,DPS,016,10,1,1,NML,6,2025
1751.,A320,PKSAG,SJV,SJV643,SJV672,15/15:27,15/15:31,15/16:35,15/16:46,1:03:43,AAP,BEJ,012,10,1,1,NML,6,2025
1752.,A320,PKGLR,CTV,CTV495,CTV717,15/15:43,15/15:47,15/16:41,15/16:51,0:53:46,BDJ,CGK,007,10,1,1,NML,6,2025
1753.,B739,PKLHH,LNI,LNI823,LNI642,15/17:21,15/17:25,15/18:27,15/18:44,1:02:00,LOP,LOP,014,10,1,1,NML,6,2025
1754.,A320,PKSAQ,SJV,SJV637,SJV614,15/16:31,15/16:36,15/17:22,15/17:32,0:46:00,BDJ,BPN,010,10,1,1,NML,6,2025
1755.,B739,PKLGW,LNI,LNI261,LNI316,15/18:37,15/18:42,15/19:40,15/19:50,0:58:00,BPN,BDJ,17A,10,0,0,NML,6,2025
1756.,B738,PKGUE,GIA,GIA310,GIA315,15/15:24,15/15:28,15/16:22,15/16:34,0:54:00,CGK,CGK,004,10,1,1,NML,6,2025
1757.,A320,PKGLV,CTV,CTV669,CTV721,15/17:26,15/17:28,15/18:07,15/18:21,0:39:00,DPS,CGK,008,10,1,1,NML,6,2025
1758.,B739,PKLHM,LNI,LNI692,LNI268,15/17:06,15/17:10,15/18:18,15/18:29,1:08:00,CGK,TRK,012,10,1,1,NML,6,2025
1759.,A320,PKPWN,PAS,PAS206,PAS623,15/15:59,15/16:03,15/16:49,15/17:00,0:46:00,CGK,BPN,005,10,1,1,NML,6,2025
1760.,A320,PKSJK,SJV,SJV619,SJV648,15/15:56,15/15:59,15/17:31,15/17:41,1:32:00,BPN,BPN,020,10,0,0,NML,6,2025
"1761.,B739,PKLHJ,LNI,LNI311,LNI692,13/06:07,13/08:28,15/19:26,15/19:36,""2 days, 13:13:00"",BDJ,KOE,024,10,0,1,NML,6,2025"
1762.,B739,PKLSV,LNI,LNI681,LNI226,15/19:55,15/20:00,15/21:02,15/21:17,1:02:00,PKY,BDJ,15A,10,0,0,NML,6,2025
1763.,A320,PKLAL,BTK,BTK6347,BTK7579,15/15:22,15/15:26,15/17:33,15/17:42,2:06:22,BEJ,CGK,018,10,0,0,NML,6,2025
1764.,B738,PKLPK,LNI,LNI839,LNI838,15/20:10,15/20:14,15/21:15,15/21:28,1:01:00,PNK,PNK,016,10,1,1,NML,6,2025
1765.,A320,PKAZU,AWQ,AWQ323,AWQ326,15/17:45,15/17:50,15/18:32,15/18:46,0:42:00,KUL,KUL,A03,10,1,1,NML,6,2025
1766.,A320,PKLUP,BTK,BTK6406,BTK6401,15/17:54,15/17:58,15/19:36,15/19:45,1:38:00,CGK,CGK,010,10,1,1,NML,6,2025
1767.,A320,PKGLG,CTV,CTV949,CTV488,15/18:51,15/18:55,15/19:43,15/19:57,0:48:00,BTH,BDJ,007,10,1,1,NML,6,2025
1768.,A320,PKSAA,SJV,SJV703,SJV708,15/17:56,15/18:00,15/18:55,15/19:05,0:55:00,DPS,DPS,15A,10,0,0,NML,6,2025
1769.,A320,PKPWG,PAS,PAS622,PAS207,15/17:13,15/17:18,15/18:13,15/18:25,0:55:00,BPN,CGK,006,10,1,1,NML,6,2025
1770.,A320,PKGTD,CTV,CTV172,CTV173,15/17:18,15/17:21,15/18:19,15/18:32,0:58:00,HLP,HLP,007,10,1,1,NML,6,2025
1771.,B738,PKGMA,GIA,GIA349,GIA313,15/17:37,15/17:41,15/18:35,15/18:50,0:54:00,DPS,CGK,004,10,1,1,NML,6,2025
1772.,A320,PKSTZ,SJV,SJV725,SJV716,15/18:12,15/18:17,15/19:22,15/19:33,1:05:00,LBJ,LOP,011,10,1,1,NML,6,2025
1773.,B738,PKLJQ,LNI,LNI727,LNI581,15/20:55,15/20:58,15/21:53,15/22:03,0:55:00,KDI,CGK,15B,10,0,0,NML,6,2025
1774.,B738,PKGFI,GIA,GIA320,GIA325,15/18:02,15/18:05,15/18:57,15/19:11,0:52:00,CGK,CGK,005,10,1,1,NML,6,2025
1775.,B738MAX,9VMBO,SIA,SIA928,SIA929,15/18:07,15/18:13,15/19:06,15/19:19,0:53:00,SIN,SIN,A06,10,1,1,NML,6,2025
1776.,B739,PKLHH,LNI,LNI865,LNI920,15/21:21,15/21:26,15/22:38,15/22:50,1:12:00,LOP,DPS,016,10,1,1,NML,6,2025
1777.,A320,PKGQS,CTV,CTV489,CTV494,15/20:17,15/20:22,15/21:09,15/21:23,0:47:00,BDJ,BDJ,007,10,1,1,NML,6,2025
1778.,B789,9VOJH,TGW,TGW266,TGW267,15/18:47,15/18:53,15/19:53,15/20:04,1:00:00,SIN,SIN,A07,10,1,1,NML,6,2025
1779.,B738,PKCRI,SJY,SJY567,SJY562,15/18:41,15/18:46,15/19:40,15/19:49,0:54:00,UPG,UPG,009,10,1,1,NML,6,2025
1780.,A320,PKBKU,BTK,BTK7503,BTK7502,15/19:58,15/20:02,15/20:56,15/21:07,0:54:00,HLP,HLP,010,10,1,1,NML,6,2025
1781.,B739,PKLOR,LNI,LNI709,LNI880,15/20:32,15/20:36,15/22:23,15/22:43,1:47:00,UPG,UPG,018,10,0,0,NML,6,2025
1782.,A320,PKPWK,PAS,PAS202,PAS203,15/18:53,15/18:57,15/19:46,15/20:01,0:49:00,CGK,CGK,006,10,1,1,NML,6,2025
1783.,A320,PKGLU,CTV,CTV435,CTV737,15/21:57,15/22:04,15/23:08,15/23:23,1:04:00,BPN,CGK,008,10,1,1,NML,6,2025
1784.,B738,PKGUI,GIA,GIA326,GIA319,15/19:03,15/19:06,15/19:57,15/20:12,0:51:00,CGK,CGK,004,10,1,1,NML,6,2025
1785.,A320,PKGQG,CTV,CTV736,CTV9694,15/19:13,15/19:17,15/20:14,15/20:26,0:57:00,CGK,DPS,008,10,1,1,NML,6,2025
1786.,A320,PKLZH,BTK,BTK7519,BTK7518,15/20:40,15/20:44,15/21:30,15/21:41,0:46:00,HLP,HLP,009,10,1,1,NML,6,2025
1787.,A320,PKBLC,BTK,BTK6586,BTK6587,15/21:19,15/21:24,15/22:19,15/22:32,0:55:00,CGK,CGK,010,10,1,1,NML,6,2025
1788.,A320,PKGLV,CTV,CTV720,CTV693,15/21:36,15/21:39,15/22:20,15/22:34,0:41:00,CGK,DPS,007,10,1,1,NML,6,2025
1789.,A320,PKGLR,CTV,CTV724,CTV354,15/21:04,15/21:08,15/21:58,15/22:09,0:50:00,CGK,UPG,008,10,1,1,NML,6,2025
1790.,A320,PKBKV,BTK,BTK6578,BTK6136,15/20:29,15/20:34,15/22:39,15/22:52,2:05:00,CGK,UPG,020,10,0,0,NML,6,2025
1791.,A333,ECNOG,SVA,SVA5190,SVA4190,15/20:49,15/20:53,15/23:01,15/23:17,2:08:00,MCT,JED,012,10,1,1,NML,6,2025
1792.,A333,ECODR,SVA,SVA5252,SVA4252,16/01:51,16/01:56,16/03:39,16/03:52,1:43:00,MCT,JED,012,10,1,1,NML,6,2025
1793.,A320,PKLAY,BTK,BTK6588,BTK7508,15/22:28,15/22:34,16/05:00,16/05:11,6:26:00,CGK,HLP,010,10,1,1,NML,6,2025
1794.,B739,PKLSY,LNI,LNI919,LNI878,15/21:08,16/01:02,16/05:04,16/05:17,7:50:00,DPS,AMQ,17B,28,0,0,NML,6,2025
1795.,B733F,PKMYV,MYU,MYU935,MYU815,15/12:52,15/12:57,16/05:00,16/05:12,16:03:00,SRG,CGK,C02,28,0,0,NML,6,2025
1796.,A320,PKAZU,AWQ,AWQ327,AWQ320,16/00:15,16/00:21,16/05:01,16/05:15,4:40:00,KUL,KUL,A07,28,1,1,NML,6,2025
1797.,B739,PKLHY,LNI,LNI695,LNI786,15/19:09,15/19:18,16/05:07,16/05:21,9:49:00,KOE,UPG,026,28,0,0,NML,6,2025
1798.,A320,PKGQG,CTV,CTV9695,CTV430,15/23:20,15/23:24,16/04:59,16/05:06,5:35:00,DPS,BPN,007,28,1,1,NML,6,2025
1799.,B738,PKGMI,GIA,GIA855,GIA301,15/20:13,16/00:19,16/05:04,16/05:19,8:44:00,SIN,CGK,005,28,1,1,NML,6,2025
1800.,A320,PKLUU,BTK,BTK6576,BTK6132,15/21:31,15/21:36,16/05:23,16/05:33,7:47:00,CGK,LOP,C06,28,0,0,NML,6,2025
"1801.,B738,PKLZV,BTK,BTK6576,BTK5003,14/19:14,14/22:30,16/05:28,16/05:35,""1 day, 10:09:00"",CGK,CGK,022,28,0,1,NML,6,2025"
1802.,B739,PKLHR,LNI,LNI972,LNI690,15/20:36,15/20:40,16/06:14,16/06:25,9:34:00,BTH,KOE,021,28,0,0,NML,6,2025
1803.,A320,PKSAA,SJV,SJV727,SJV706,15/21:43,16/01:37,16/06:15,16/06:29,8:23:00,DPS,DPS,018,28,0,0,NML,6,2025
1804.,A320,PKSTH,SJV,SJV615,SJV640,15/21:25,15/21:30,16/06:02,16/06:11,8:32:00,BPN,AAP,C03,28,0,0,NML,6,2025
1805.,A320,PKLUZ,BTK,BTK7521,BTK6589,15/21:39,15/21:47,16/06:03,16/06:15,8:16:00,HLP,CGK,009,28,1,1,NML,6,2025
1806.,B738,PKLJS,LNI,LNI885,LNI882,15/20:44,15/20:50,16/06:07,16/06:21,9:17:00,UPG,UPG,023,28,0,0,NML,6,2025
1807.,B738,PKLSF,LNI,LNI690,LNI868,16/05:03,16/05:08,16/06:19,16/06:31,1:11:00,CGK,TTE,016,28,1,1,NML,6,2025
1808.,A320,V8RBE,RBA,RBA795,RBA796,15/20:02,15/20:08,16/05:51,16/06:04,9:43:00,BWN,BWN,A06,28,1,1,NML,6,2025
1809.,A320,PKGLR,CTV,CTV353,CTV9670,16/05:08,16/05:15,16/05:55,16/06:08,0:40:00,UPG,LOP,008,28,1,1,NML,6,2025
1810.,A320,PKPWI,PAS,PAS212,PAS213,15/20:53,15/20:56,16/06:03,16/06:23,9:07:00,CGK,CGK,006,28,1,1,NML,6,2025
1811.,A320,PKBKY,BTK,BTK6413,BTK6412,15/21:01,15/21:06,16/06:22,16/06:33,9:16:00,DPS,DPS,011,28,1,1,NML,6,2025
"1812.,C208,PKVVF,SUS,PKVVF,PKVVF,13/10:43,13/10:45,16/06:48,16/07:00,""2 days, 20:03:00"",BXW,LBJ,C07,28,0,0,NML,6,2025"
1813.,A320,PKSTF,SJV,SJV717,SJV566,16/06:13,16/06:22,16/07:13,16/07:24,0:51:00,LOP,PLW,018,28,0,0,NML,6,2025
1814.,A320,PKLUO,BTK,BTK6137,BTK6135,15/20:07,15/20:11,16/08:14,16/08:29,12:03:00,UPG,PKN,17A,10,0,0,NML,6,2025
1815.,A320,PKSAQ,SJV,SJV617,SJV612,15/21:14,15/21:17,16/07:08,16/07:22,9:51:00,BPN,BPN,025,28,0,0,NML,6,2025
1816.,A320,PKBLA,BTK,BTK6370,BTK6597,16/05:58,16/06:03,16/07:02,16/07:13,0:59:00,CGK,CGK,010,28,1,1,NML,6,2025
1817.,B738,PKGNM,GIA,GIA324,GIA305,15/21:10,15/21:13,16/07:05,16/07:15,9:52:00,CGK,CGK,004,28,1,1,NML,6,2025
1818.,B738,PKGFS,GIA,GIA328,GIA854,15/19:53,16/00:01,16/07:03,16/07:18,11:07:00,CGK,SIN,A02,28,1,1,NML,6,2025
1819.,B739,PKLQR,LNI,LNI363,LNI266,16/06:19,16/06:25,16/07:21,16/07:32,0:56:00,BPN,BPN,020,28,0,0,NML,6,2025
1820.,A333,,SVA,-,SVA4436,--:--,--:--,--:--,--:--,None,-,JED,None,10,-1,-,NML,6,2025
1821.,A320,PKBKU,BTK,BTK7511,BTK7510,16/06:27,16/06:33,16/07:30,16/07:38,0:57:00,HLP,HLP,009,28,1,1,NML,6,2025
1822.,A320,PKAZO,AWQ,AWQ325,AWQ392,15/19:16,15/19:22,16/07:25,16/07:34,12:03:00,KUL,JHB,A01,28,1,1,NML,6,2025
1823.,B739,PKLHJ,LNI,LNI693,LNI971,16/06:58,16/07:04,16/08:04,16/08:18,1:00:00,KOE,BTH,021,10,0,0,NML,6,2025
1824.,A320,PKGLV,CTV,CTV690,CTV460,16/07:05,16/07:12,16/07:50,16/07:59,0:38:00,DPS,AAP,006,28,1,1,NML,6,2025
1825.,B739,PKLFY,LNI,LNI315,LNI222,16/07:11,16/07:16,16/08:12,16/08:23,0:56:00,BDJ,BDJ,022,10,0,0,NML,6,2025
1826.,B739,PKLSV,LNI,LNI311,LNI693,16/06:06,16/06:12,16/08:10,16/08:20,1:58:00,BDJ,CGK,17B,10,0,0,NML,6,2025
1827.,B739,PKLHH,LNI,LNI929,LNI856,16/06:35,16/06:40,16/07:58,16/08:11,1:18:00,DPS,PLM,011,28,1,1,NML,6,2025
1828.,B739,PKLHM,LNI,LNI267,LNI990,16/07:08,16/07:14,16/08:19,16/08:31,1:05:00,TRK,DPS,010,10,1,1,NML,6,2025
1829.,A21N,B32KY,CSN,CSN8137,CSN8138,15/22:21,15/22:28,16/07:49,16/08:01,9:21:00,CAN,CAN,A03,28,1,1,NML,6,2025
1830.,A333,BHLV,CPA,CPA779,CPA780,15/17:48,15/17:55,16/08:20,16/08:33,14:25:00,HKG,HKG,A08,10,1,1,NML,6,2025
1831.,A320,PKBKM,BTK,BTK6572,BTK6573,16/07:28,16/07:35,16/08:26,16/08:37,0:51:00,CGK,CGK,008,10,1,1,NML,6,2025
1832.,B738,PKLDM,MXD,MXD352,MXD353,15/19:27,15/19:33,16/08:34,16/08:45,13:01:00,KUL,KUL,A04,10,1,1,NML,6,2025
1833.,A320,PKLUU,BTK,BTK6133,BTK6391,16/08:08,16/08:15,16/09:00,16/09:09,0:45:00,LOP,CGK,009,10,1,1,NML,6,2025
1834.,A320,PKSAG,SJV,SJV673,SJV618,15/20:58,15/21:01,16/09:02,16/09:13,12:01:00,BEJ,BPN,024,10,0,0,NML,6,2025
1835.,A333,ECNOF,SVA,SVA5234,SVA4234,16/07:19,16/07:29,16/09:11,16/09:25,1:42:00,MCT,JED,015,10,1,1,NML,6,2025
1836.,B738,PKLPK,LNI,LNI837,LNI748,16/07:57,16/08:03,16/09:09,16/09:20,1:06:00,PNK,MDC,018,10,0,0,NML,6,2025
1837.,B739,PKLFK,LNI,LNI683,LNI682,16/08:06,16/08:11,16/09:06,16/09:18,0:55:00,PKY,PKY,011,10,1,1,NML,6,2025
1838.,B738,PKGMA,GIA,GIA304,GIA342,16/08:21,16/08:25,16/09:20,16/09:33,0:55:00,CGK,DPS,004,10,1,1,NML,6,2025
1839.,A320,PKPWK,PAS,PAS200,PAS201,16/08:25,16/08:29,16/09:12,16/09:22,0:43:00,CGK,CGK,005,10,1,1,NML,6,2025
1840.,A320,PKGLR,CTV,CTV9671,CTV486,16/08:40,16/08:44,16/09:22,16/09:40,0:38:00,LOP,BDJ,007,10,1,1,NML,6,2025
1841.,A320,PKSAA,SJV,SJV703,SJV702,16/08:55,16/08:59,16/10:09,16/10:17,1:10:00,DPS,DPS,010,10,1,1,NML,6,2025
"1842.,A320,PKGQP,CTV,CTV725A,CTV715,15/05:55,15/05:59,16/10:59,16/11:10,""1 day, 5:00:00"",SUB,CGK,003,10,0,0,SCH,6,2025"
1843.,B738,9MMXE,MAS,MAS871,MAS870,16/08:50,16/08:55,16/09:49,16/10:07,0:54:00,KUL,KUL,A07,10,1,1,NML,6,2025
1844.,B735,PKNAT,LKN,LKN243,LKN242,16/09:06,16/09:08,16/09:49,16/09:58,0:41:00,SMQ,SMQ,009,10,1,1,NML,6,2025
1845.,A359,9VSHS,SIA,SIA922,SIA923,16/09:15,16/09:22,16/10:19,16/10:34,0:57:00,SIN,SIN,A08,10,1,1,NML,6,2025
1846.,A320,PKLUI,BTK,BTK6584,BTK6585,16/10:30,16/10:34,16/11:15,16/11:29,0:41:00,CGK,CGK,009,10,1,1,NML,6,2025
1847.,A320,PKGLT,CTV,CTV351,CTV350,16/09:55,16/09:59,16/10:38,16/10:53,0:39:00,UPG,UPG,005,10,1,1,NML,6,2025
1848.,B739,PKLHR,LNI,LNI697,LNI706,16/10:41,16/10:46,16/11:46,16/11:55,1:00:00,KOE,UPG,020,10,0,0,NML,6,2025
1849.,A20N,9VTNG,TGW,TGW296,TGW297,16/10:00,16/10:05,16/10:49,16/11:02,0:44:00,SIN,SIN,A03,10,1,1,NML,6,2025
1850.,B739,PKLHO,LNI,LNI970,LNI973,16/09:37,16/09:42,16/10:38,16/10:50,0:56:00,BTH,BTH,17A,10,0,0,NML,6,2025
1851.,A320,PKLUG,BTK,BTK7513,BTK7516,16/09:49,16/09:53,16/10:40,16/10:55,0:47:00,HLP,HLP,011,10,1,1,NML,6,2025
1852.,A320,PKLUO,BTK,BTK6134,BTK6346,16/10:57,16/11:01,16/11:46,16/12:02,0:45:00,PKN,BEJ,008,10,1,1,NML,6,2025
1853.,A320,PKGQE,CTV,CTV722,CTV723,16/09:51,16/09:55,16/10:48,16/11:00,0:53:00,CGK,CGK,006,10,1,1,NML,6,2025
1854.,A320,PKSTH,SJV,SJV641,SJV642,16/10:02,16/10:07,16/11:02,16/11:10,0:55:00,AAP,AAP,17B,10,0,0,NML,6,2025
1855.,B739,PKLSO,LNI,LNI694,LNI694,16/10:08,16/10:13,16/11:12,16/11:19,0:59:00,CGK,KOE,023,10,0,0,NML,6,2025
1856.,B738,PKLJS,LNI,LNI791,LNI262,16/10:05,16/10:10,16/11:19,16/11:30,1:09:00,UPG,BPN,022,10,0,0,NML,6,2025
1857.,A320,PKAZU,AWQ,AWQ321,AWQ322,16/10:51,16/10:54,16/11:40,16/11:50,0:46:00,KUL,KUL,A02,10,1,1,NML,6,2025
1858.,B739,PKLHM,LNI,LNI805,LNI697,16/11:14,16/11:19,16/12:16,16/12:27,0:57:00,DPS,CGK,17A,10,0,0,NML,6,2025
1859.,B739,PKLFY,LNI,LNI223,LNI822,16/11:05,16/11:10,16/12:28,16/12:40,1:18:00,BDJ,LOP,011,10,1,1,NML,6,2025
1860.,A320,PKBKU,BTK,BTK7517,BTK7520,16/10:48,16/10:53,16/11:42,16/11:52,0:49:00,HLP,HLP,010,10,1,1,NML,6,2025
1861.,B738,PKGNA,GIA,GIA322,GIA327,16/10:21,16/10:24,16/11:25,16/11:38,1:01:00,CGK,CGK,004,10,1,1,NML,6,2025
1862.,A320,PKGLV,CTV,CTV461,CTV698,16/11:25,16/11:30,16/12:17,16/12:25,0:47:00,AAP,DPS,006,10,1,1,NML,6,2025
1863.,A320,PKBLC,BTK,BTK6582,BTK6581,16/11:42,16/11:48,16/12:40,16/12:51,0:52:00,CGK,CGK,009,10,1,1,NML,6,2025
1864.,B739,PKLHY,LNI,LNI801,LNI780,16/13:28,16/13:31,16/14:32,16/14:43,1:01:00,UPG,UPG,018,10,0,0,NML,6,2025
1865.,A320,PKSTF,SJV,SJV567,SJV636,16/11:35,16/11:40,16/13:30,16/13:41,1:50:00,PLW,BDJ,015,10,1,1,NML,6,2025
1866.,B735,PKNAQ,LKN,LKN193,LKN192,16/11:53,16/11:57,16/12:35,16/12:45,0:38:00,PKN,PKN,010,10,1,1,NML,6,2025
1867.,A320,PKSAA,SJV,SJV705,SJV704,16/13:01,16/13:04,16/14:53,16/15:14,1:49:00,DPS,DPS,009,10,1,1,NML,6,2025
1868.,AW169,P3301,POL,P3301,P3301,16/11:18,16/11:22,16/12:53,16/13:03,1:31:00,SRG,DPS,C07,10,0,0,NML,6,2025
1869.,A189,P7002,POL,P7002,P7002,16/11:18,16/11:22,16/12:53,16/13:03,1:31:00,SRG,DPS,H05,10,0,0,NML,6,2025
1870.,B739,PKLSH,LNI,LNI367,LNI680,16/12:38,16/12:44,16/13:47,16/13:59,1:03:00,BPN,PKY,011,10,1,1,NML,6,2025
1871.,B739,PKLHH,LNI,LNI857,LNI804,16/12:09,16/12:14,16/13:16,16/13:34,1:02:00,PLM,DPS,014,10,1,1,NML,6,2025
1872.,B738,PKLSF,LNI,LNI869,LNI722,16/12:29,16/12:35,16/14:26,16/14:37,1:51:00,TTE,KDI,016,10,1,1,NML,6,2025
1873.,A320,PKGLR,CTV,CTV487,CTV668,16/12:20,16/12:24,16/13:30,16/13:43,1:06:00,BDJ,DPS,007,10,1,1,NML,6,2025
1874.,A320,PKPWC,PAS,PAS204,PAS205,16/12:00,16/12:02,16/13:17,16/13:39,1:15:00,CGK,CGK,005,10,1,1,NML,6,2025
1875.,A320,PKAZO,AWQ,AWQ393,AWQ324,16/12:23,16/12:28,16/13:22,16/13:31,0:54:00,JHB,KUL,A03,10,1,1,NML,6,2025
1876.,A320,PKSTD,SJV,SJV611,SJV726,16/08:29,16/08:33,16/14:15,16/14:27,5:42:00,BPN,LBJ,026,10,0,0,NML,6,2025
1877.,B738,PKLKV,LNI,LNI839,LNI836,16/12:58,16/13:03,16/14:02,16/14:13,0:59:00,PNK,PNK,010,10,1,1,NML,6,2025
1878.,A320,PKGQG,CTV,CTV431,CTV948,16/13:35,16/13:38,16/14:26,16/14:39,0:48:00,BPN,BTH,006,10,1,1,NML,6,2025
1879.,B738,PKGUH,GIA,GIA312,GIA317,16/13:32,16/13:35,16/14:35,16/14:50,1:00:00,CGK,CGK,004,10,1,1,NML,6,2025
1880.,A320,9VJSX,JSA,JSA247,JSA248,16/13:56,16/14:01,16/15:03,16/15:27,1:02:00,SIN,SIN,A06,10,1,1,NML,6,2025
1881.,B739,PKLHR,LNI,LNI787,LNI260,16/16:00,16/16:03,16/17:12,16/17:22,1:09:00,UPG,BPN,018,10,0,0,NML,6,2025
1882.,A320,PKLUR,BTK,BTK7515,BTK7514,16/14:08,16/14:12,16/15:03,16/15:25,0:51:00,HLP,HLP,008,10,1,1,NML,6,2025
1883.,A320,PKGLY,CTV,CTV716,CTV717,16/14:11,16/14:14,16/15:00,16/15:20,0:46:00,CGK,CGK,007,10,1,1,NML,6,2025
1884.,A320,PKPWA,PAS,PAS208,PAS209,16/13:52,16/13:55,16/14:54,16/15:12,0:59:00,CGK,CGK,005,10,1,1,NML,6,2025
1885.,B738,PKGNQ,GIA,GIA330,GIA331,16/14:59,16/15:02,16/15:50,16/16:02,0:48:00,HLP,HLP,004,10,1,1,NML,6,2025
1886.,A320,PKBKU,BTK,BTK7501,BTK7512,16/15:41,16/15:45,16/16:45,16/16:55,1:00:00,HLP,HLP,010,10,1,1,NML,6,2025
1887.,A320,PKGLV,CTV,CTV699,CTV434,16/15:10,16/15:13,16/15:53,16/16:07,0:40:00,DPS,BPN,006,10,1,1,NML,6,2025
1888.,B738,PKLOH,LNI,LNI6001,LNI581,16/11:58,16/12:03,16/15:57,16/16:09,3:54:00,BDJ,CGK,021,10,0,0,NML,6,2025
1889.,A320,PKSTH,SJV,SJV643,SJV672,16/15:03,16/15:06,16/16:55,16/17:06,1:49:00,AAP,BEJ,011,10,1,1,NML,6,2025
1890.,B739,PKLSY,LNI,LNI879,LNI642,16/16:04,16/16:08,16/17:05,16/17:15,0:57:00,AMQ,LOP,17B,10,0,0,NML,6,2025
1891.,A320,PKBKG,BTK,BTK6596,BTK6401,16/15:28,16/15:32,16/16:28,16/16:38,0:56:00,CGK,CGK,009,10,1,1,NML,6,2025
1892.,B739,PKLFY,LNI,LNI823,LNI316,16/15:23,16/15:28,16/16:36,16/16:50,1:08:00,LOP,BDJ,014,10,1,1,NML,6,2025
1893.,B738,HSLGK,TLM,TLM268,TLM269,16/15:18,16/15:24,16/16:20,16/16:32,0:56:00,DMK,DMK,A03,10,1,1,NML,6,2025
1894.,B739,PKLHH,LNI,LNI919,LNI920,16/16:29,16/16:35,16/17:27,16/17:40,0:52:00,DPS,DPS,17A,10,0,0,NML,6,2025
1895.,A320,PKSTF,SJV,SJV637,SJV648,16/16:22,16/16:28,16/17:29,16/17:45,1:01:00,BDJ,BPN,021,10,0,0,NML,6,2025
1896.,B738MAX,9VMBF,SIA,SIA926,SIA927,16/15:44,16/15:49,16/16:36,16/16:52,0:47:00,SIN,SIN,A08,10,1,1,NML,6,2025
1897.,B738,PKGFV,GIA,GIA310,GIA315,16/15:37,16/15:40,16/16:39,16/16:54,0:59:00,CGK,CGK,005,10,1,1,NML,6,2025
1898.,B739,PKLSO,LNI,LNI695,LNI268,16/15:53,16/15:58,16/17:13,16/17:25,1:15:00,KOE,TRK,020,10,0,0,NML,6,2025
1899.,A320,PKPWI,PAS,PAS206,PAS623,16/16:32,16/16:37,16/17:18,16/17:34,0:41:00,CGK,BPN,006,10,1,1,NML,6,2025
1900.,B738MAX,PKOFI,AFE,AFE920,AFE920,16/15:57,16/16:01,16/16:33,16/16:44,0:32:00,TIM,CGK,007,10,1,1,NML,6,2025
1901.,B739,PKLGU,LNI,LNI692,LNI692,16/17:23,16/17:27,16/18:27,16/18:36,1:00:00,CGK,KOE,014,10,1,1,NML,6,2025
1902.,B739,PKLSH,LNI,LNI681,LNI226,16/16:48,16/16:51,16/18:36,16/18:47,1:45:00,PKY,BDJ,009,10,1,1,NML,6,2025
1903.,B738,PKLPK,LNI,LNI749,LNI838,16/15:07,16/15:10,16/18:22,16/18:34,3:12:00,MDC,PNK,022,10,0,0,NML,6,2025
1904.,A333,ECODQ,SVA,SVA5789,SVA4789,16/15:48,16/15:55,16/17:38,16/17:51,1:43:00,MCT,JED,015,10,1,1,NML,6,2025
1905.,A320,PKAZT,AWQ,AWQ323,AWQ326,16/20:01,16/20:07,16/20:42,16/20:59,0:35:00,KUL,KUL,A03,10,1,1,NML,6,2025
1906.,A320,PKSAA,SJV,SJV723,SJV708,16/17:56,16/18:00,16/19:00,16/19:10,1:00:00,DPS,DPS,011,10,1,1,NML,6,2025
1907.,A320,PKPWF,PAS,PAS622,PAS207,16/17:38,16/17:41,16/18:18,16/18:28,0:37:00,BPN,CGK,006,10,1,1,NML,6,2025
1908.,B738,9MMXD,MAS,MAS875,MAS874,16/18:07,16/18:15,16/19:06,16/19:20,0:51:00,KUL,KUL,A06,10,1,1,NML,6,2025
1909.,A320,PKGTD,CTV,CTV172,CTV173,16/17:20,16/17:23,16/18:17,16/18:30,0:54:00,HLP,HLP,007,10,1,1,NML,6,2025
1910.,A320,PKGQA,CTV,CTV495,CTV721,16/17:46,16/17:51,16/18:30,16/18:45,0:39:00,BDJ,CGK,008,10,1,1,NML,6,2025
1911.,B738,PKGMA,GIA,GIA349,GIA313,16/17:34,16/17:38,16/18:27,16/18:44,0:49:00,DPS,CGK,004,10,1,1,NML,6,2025
1912.,A320,PKSTD,SJV,SJV725,SJV716,16/17:52,16/17:56,16/18:50,16/19:05,0:54:00,LBJ,LOP,010,10,1,1,NML,6,2025
1913.,A320,PKLUG,BTK,BTK7503,BTK7502,16/18:03,16/18:08,16/18:52,16/19:06,0:44:00,HLP,HLP,016,10,1,1,NML,6,2025
1914.,B738,PKGUG,GIA,GIA320,GIA325,16/17:31,16/17:35,16/18:50,16/19:09,1:15:00,CGK,CGK,005,10,1,1,NML,6,2025
1915.,B738MAX,9VMBK,SIA,SIA928,SIA929,16/18:11,16/18:18,16/19:19,16/19:27,1:01:00,SIN,SIN,A07,10,1,1,NML,6,2025
1916.,B738,PKBGF,BTK,BTK6576,BTK6575,16/18:22,16/18:27,16/19:25,16/19:36,0:58:00,CGK,CGK,17A,10,0,0,NML,6,2025
1917.,A320,PKLUR,BTK,BTK7519,BTK7518,16/18:52,16/18:56,16/20:04,16/20:17,1:08:00,HLP,HLP,009,10,1,1,NML,6,2025
1918.,B739,PKLSY,LNI,LNI865,LNI880,16/19:44,16/19:48,16/20:51,16/21:05,1:03:00,LOP,UPG,010,10,1,1,NML,6,2025
1919.,A320,PKGQI,CTV,CTV669,CTV488,16/19:12,16/19:16,16/19:59,16/20:08,0:43:00,DPS,BDJ,007,10,1,1,NML,6,2025
1920.,A320,PKGLE,CTV,CTV949,CTV494,16/19:41,16/19:44,16/20:21,16/20:33,0:37:00,BTH,BDJ,008,10,1,1,NML,6,2025
1921.,A320,PKGLV,CTV,CTV435,CTV737,16/19:33,16/19:36,16/20:17,16/20:29,0:41:53,BPN,CGK,006,10,1,1,NML,6,2025
1922.,B738,PKCRI,SJY,SJY567,SJY562,16/19:58,16/20:02,16/20:48,16/21:03,0:46:02,UPG,UPG,011,10,1,1,NML,6,2025
1923.,A320,PKGLS,CTV,CTV736,CTV9694,16/19:50,16/19:54,16/20:36,16/20:49,0:42:00,CGK,DPS,005,10,1,1,NML,6,2025
1924.,A320,PKGLU,CTV,CTV724,CTV354,16/21:01,16/21:05,16/21:51,16/22:03,0:46:26,CGK,UPG,007,10,1,1,NML,6,2025
1925.,A320,PKGQP,CTV,CTV489,CTV693,16/21:55,16/21:58,16/22:27,16/22:39,0:29:00,BDJ,DPS,008,10,1,1,NML,6,2025
1926.,A320,PKLUQ,BTK,BTK6137,BTK6136,16/21:08,16/21:11,16/22:01,16/22:09,0:50:29,UPG,UPG,009,10,1,1,NML,6,2025
1927.,A320,PKLUU,BTK,BTK6406,BTK7508,16/16:42,16/16:45,17/05:01,17/05:10,12:16:00,CGK,HLP,025,10,0,0,NML,6,2025
1928.,A320,PKSAQ,SJV,SJV617,SJV610,16/19:02,16/19:06,17/04:56,17/05:04,9:50:00,BPN,BPN,022,10,0,0,NML,6,2025
1929.,A320,PKAZO,AWQ,AWQ325,AWQ320,16/19:47,16/19:51,17/05:01,17/05:09,9:10:00,KUL,KUL,A01,10,1,1,NML,6,2025
1930.,B739,PKLSI,LNI,LNI885,LNI786,16/20:15,16/20:18,17/05:09,17/05:19,8:50:07,UPG,UPG,020,10,0,0,NML,6,2025
1931.,A320,PKGLS,CTV,CTV9695,CTV430,16/23:31,16/23:35,17/05:09,17/05:21,5:34:00,DPS,BPN,008,10,1,1,NML,6,2025
1932.,B738,PKGFM,GIA,GIA328,GIA301,16/20:22,16/20:24,17/05:06,17/05:17,8:42:00,CGK,CGK,004,10,1,1,NML,6,2025
1933.,A320,PKGLG,CTV,CTV720,CTV725,16/22:21,16/22:25,17/05:34,17/05:49,7:09:08,CGK,CGK,007,10,1,1,NML,6,2025
1934.,B739,PKLSU,LNI,LNI690,LNI690,17/05:24,17/05:29,17/06:14,17/06:23,0:45:00,CGK,KOE,022,10,0,0,NML,6,2025
1935.,A320,V8RBD,RBA,RBA795,RBA796,16/19:54,16/20:00,17/06:02,17/06:13,10:02:00,BWN,BWN,A07,10,1,1,NML,6,2025
1936.,B738,PKLSF,LNI,LNI727,LNI868,16/18:41,16/18:44,17/06:01,17/06:15,11:17:44,KDI,TTE,023,10,0,0,NML,6,2025
1937.,A320,PKGQK,CTV,CTV353,CTV9670,17/05:00,17/05:05,17/05:58,17/06:11,0:53:07,UPG,LOP,009,10,1,1,NML,6,2025
1938.,A320,PKBKY,BTK,BTK6413,BTK6589,16/20:05,16/20:11,17/05:52,17/06:02,9:41:24,DPS,CGK,014,10,1,1,NML,6,2025
1939.,A320,PKSAG,SJV,SJV615,SJV7002,16/21:48,16/21:52,17/06:09,17/06:20,8:16:41,BPN,AAP,17A,10,0,0,NML,6,2025
1940.,B739,PKLHR,LNI,LNI261,LNI266,16/20:54,16/20:59,17/05:52,17/06:06,8:53:00,BPN,BPN,011,10,1,1,NML,6,2025
1941.,A320,PKAZJ,AWQ,AWQ327P,AWQ386,17/05:06,17/05:12,17/06:05,17/06:16,0:52:44,KUL,PEN,A03,10,1,1,NML,6,2025
1942.,A320,PKPWN,PAS,PAS212,PAS213,16/20:39,16/20:43,17/06:04,17/06:19,9:21:00,CGK,CGK,006,10,1,1,NML,6,2025
1943.,A320,PKBKV,BTK,BTK6594,BTK6412,16/21:23,16/21:27,17/06:14,17/06:26,8:47:00,CGK,DPS,010,10,1,1,NML,6,2025
1944.,B738MAX,PKOFM,AFE,AFE921,AFE921,17/05:47,17/05:48,17/06:29,17/06:42,0:41:00,CGK,TIM,004,10,1,1,NML,6,2025
1945.,B739,PKLGW,LNI,LNI311,LNI971,17/06:09,17/06:14,17/07:01,17/07:15,0:47:00,BDJ,BTH,014,10,1,1,NML,6,2025
1946.,A320,PKSTH,SJV,SJV673,SJV612,16/21:50,16/21:54,17/07:00,17/07:11,9:06:00,BEJ,BPN,17B,10,0,0,NML,6,2025
1947.,C208,PKVVF,SUS,PKVVF,PKVVF,16/16:36,16/16:38,17/07:15,17/07:20,14:37:00,DPS,BXW,C07,10,0,0,NML,6,2025
1948.,A320,PKLUO,BTK,BTK6347,BTK6135,16/16:17,16/16:21,17/06:56,17/07:05,14:35:00,BEJ,PKN,024,10,0,0,NML,6,2025
1949.,B738,PKGNE,GIA,GIA324,GIA305,16/20:57,16/21:00,17/07:00,17/07:12,10:00:00,CGK,CGK,005,10,1,1,NML,6,2025
1950.,B738,PKGFS,GIA,GIA855,GIA854,16/20:44,16/20:50,17/06:59,17/07:09,10:09:00,SIN,SIN,A02,10,1,1,NML,6,2025
1951.,A320,PKLUR,BTK,BTK7511,BTK7510,17/06:37,17/06:41,17/07:24,17/07:35,0:43:00,HLP,HLP,008,10,1,1,NML,6,2025
1952.,A333,ECNOG,SVA,SVA5108,SVA4108,17/05:13,17/05:18,17/07:38,17/07:50,2:20:00,MCT,JED,015,10,1,1,NML,6,2025
1953.,A320,PKGQP,CTV,CTV690,CTV460,17/07:02,17/07:05,17/07:42,17/07:55,0:37:00,DPS,AAP,006,10,1,1,NML,6,2025
1954.,B738,PKLBW,BTK,BTK6572,BTK6573,17/06:57,17/07:00,17/07:42,17/07:53,0:42:00,CGK,CGK,009,10,1,1,NML,6,2025
1955.,B739,PKLSO,LNI,LNI267,LNI693,17/07:07,17/07:10,17/07:58,17/08:10,0:48:00,TRK,CGK,010,10,1,1,NML,6,2025
1956.,B739,PKLHS,LNI,LNI929,LNI982,17/06:53,17/06:57,17/07:52,17/08:03,0:55:00,DPS,PKU,011,10,1,1,NML,6,2025
1957.,A21N,B32KZ,CSN,CSN8137,CSN8138,16/21:41,16/21:48,17/07:50,17/08:07,10:02:00,CAN,CAN,A06,10,1,1,NML,6,2025
1958.,A333,BHLU,CPA,CPA779,CPA780,16/18:24,16/18:31,17/08:26,17/08:39,13:55:00,HKG,HKG,A08,10,1,1,NML,6,2025
1959.,B739,PKLGU,LNI,LNI693,LNI990,17/06:49,17/06:53,17/08:15,17/08:25,1:22:00,KOE,DPS,17A,10,0,0,NML,6,2025
"1960.,DHC6,PKICP,PGT,PKICP,PKICP,14/11:14,14/11:18,17/07:55,17/08:08,""2 days, 20:36:21"",PAG,PAG,028,10,0,0,NML,6,2025"
1961.,B739,PKLFY,LNI,LNI315,LNI222,17/08:05,17/08:09,17/09:00,17/09:10,0:51:00,BDJ,BDJ,009,10,1,1,NML,6,2025
1962.,B738,PKLPK,LNI,LNI837,LNI748,17/07:56,17/08:00,17/09:00,17/09:09,1:00:00,PNK,MDC,17B,10,0,0,NML,6,2025
1963.,B739,PKLQR,LNI,LNI972,LNI682,16/20:50,16/20:59,17/09:22,17/09:32,12:22:53,BTH,PKY,021,10,0,0,NML,6,2025
1964.,B738,PKGMA,GIA,GIA304,GIA342,17/08:13,17/08:15,17/09:10,17/09:21,0:55:00,CGK,DPS,004,10,1,1,NML,6,2025
1965.,A320,PKGQK,CTV,CTV9671,CTV486,17/08:31,17/08:35,17/09:26,17/09:39,0:51:00,LOP,BDJ,006,10,1,1,NML,6,2025
1966.,C208,PKVVF,SUS,PKVVF,PKVVF,17/09:04,17/09:07,17/09:44,17/09:50,0:37:00,BXW,BXW,C07,10,0,0,NML,6,2025
1967.,B738,PKLBS,MXD,MXD352,MXD353,16/20:19,16/20:26,17/09:24,17/09:34,12:58:00,KUL,KUL,A04,10,1,1,NML,6,2025
1968.,B738,9MMXT,MAS,MAS871,MAS870,17/09:06,17/09:11,17/09:57,17/10:08,0:46:00,KUL,KUL,A07,10,1,1,NML,6,2025
1969.,A359,9VSHB,SIA,SIA922,SIA923,17/09:13,17/09:19,17/10:15,17/10:29,0:56:00,SIN,SIN,A08,10,1,1,NML,6,2025
1970.,A320,PKGQN,CTV,CTV351,CTV350,17/09:29,17/09:32,17/10:21,17/10:43,0:49:00,UPG,UPG,007,10,1,1,NML,6,2025
1971.,A333,ECODR,SVA,SVA5130,SVA4130,17/08:16,17/08:23,17/10:20,17/10:41,1:57:00,MCT,JED,015,10,1,1,NML,6,2025
1972.,A20N,9VTNG,TGW,TGW296,TGW297,17/09:26,17/09:33,17/10:24,17/10:31,0:51:00,SIN,SIN,A02,10,1,1,NML,6,2025
1973.,B739,PKLHR,LNI,LNI363,LNI262,17/09:48,17/09:52,17/10:44,17/10:57,0:52:00,BPN,BPN,014,10,1,1,NML,6,2025
1974.,B739,PKLHH,LNI,LNI791,LNI706,17/09:43,17/09:47,17/10:44,17/11:00,0:57:00,UPG,UPG,011,10,1,1,NML,6,2025
1975.,A320,PKLAY,BTK,BTK7513,BTK6585,17/09:58,17/10:02,17/10:51,17/11:05,0:49:00,HLP,CGK,17A,10,0,0,NML,6,2025
1976.,A320,PKPWN,PAS,PAS210,PAS211,17/09:40,17/09:43,17/10:35,17/10:46,0:52:00,CGK,CGK,005,10,1,1,NML,6,2025
1977.,A320,PKBLA,BTK,BTK6584,BTK7516,17/09:24,17/09:28,17/11:04,17/11:15,1:36:00,CGK,HLP,009,10,1,1,NML,6,2025
1978.,A320,PKLUO,BTK,BTK6134,BTK6346,17/09:36,17/09:42,17/10:43,17/10:53,1:01:00,PKN,BEJ,010,10,1,1,NML,6,2025
1979.,A320,PKSJJ,SJV,SJV717,SJV642,17/06:04,17/06:07,17/10:59,17/11:08,4:52:00,LOP,AAP,020,10,0,0,NML,6,2025
1980.,B739,PKLFK,LNI,LNI683,LNI822,17/08:01,17/08:05,17/11:05,17/11:13,3:00:00,PKY,LOP,023,10,0,0,NML,6,2025
"1981.,AW139,PKTVN,TVR,PKTVN,PKTVN,09/19:36,12/07:08,17/11:09,17/11:10,""7 days, 15:29:00"",MBH,SUB,MH,10,0,0,NML,6,2025"
1982.,A320,PKAZO,AWQ,AWQ321,AWQ322,17/10:55,17/10:59,17/11:36,17/11:48,0:37:00,KUL,KUL,A03,10,1,1,NML,6,2025
1983.,B739,PKLHL,LNI,LNI694,LNI697,17/10:47,17/10:51,17/11:55,17/12:02,1:04:00,CGK,CGK,17B,10,0,0,NML,6,2025
1984.,B739,PKLSU,LNI,LNI697,LNI694,17/10:50,17/10:55,17/12:09,17/12:24,1:14:00,KOE,KOE,010,10,1,1,NML,6,2025
1985.,A320,PKBKU,BTK,BTK7517,BTK7520,17/11:45,17/11:49,17/12:44,17/12:55,0:55:00,HLP,HLP,008,10,1,1,NML,6,2025
1986.,B738,PKGUF,GIA,GIA322,GIA327,17/10:10,17/10:13,17/11:27,17/11:35,1:14:00,CGK,CGK,008,10,1,1,NML,6,2025
1987.,B739,PKLGU,LNI,LNI805,LNI804,17/10:58,17/11:03,17/11:59,17/12:12,0:56:00,DPS,DPS,014,10,1,1,NML,6,2025
1988.,A320,PKGQP,CTV,CTV461,CTV698,17/11:27,17/11:31,17/12:15,17/12:27,0:44:00,AAP,DPS,006,10,1,1,NML,6,2025
1989.,A320,PKBKM,BTK,BTK6582,BTK6581,17/11:40,17/11:43,17/12:28,17/12:40,0:45:00,CGK,CGK,009,10,1,1,NML,6,2025
1990.,B739,PKLQS,LNI,LNI801,LNI780,17/11:48,17/11:52,17/12:44,17/12:52,0:52:00,UPG,UPG,015,10,1,1,NML,6,2025
1991.,A320,PKSJQ,SJV,SJV649,SJV636,17/07:47,17/07:50,17/12:27,17/12:37,4:37:00,BPN,BDJ,022,10,0,0,NML,6,2025
1992.,B739,PKLFY,LNI,LNI223,LNI680,17/11:56,17/12:00,17/13:14,17/13:23,1:14:00,BDJ,PKY,17A,10,0,0,NML,6,2025
1993.,B739,PKLGW,LNI,LNI970,LNI973,17/12:04,17/12:08,17/13:32,17/13:47,1:24:00,BTH,BTH,020,10,0,0,NML,6,2025
1994.,A320,PKSAA,SJV,SJV703,SJV362,17/08:50,17/08:54,17/14:30,17/14:40,5:36:00,DPS,KNO,025,10,0,0,NML,6,2025
1995.,A320,PKAZJ,AWQ,AWQ387,AWQ324,17/12:25,17/12:30,17/13:17,17/13:27,0:47:00,PEN,KUL,A03,10,1,1,NML,6,2025
1996.,A320,PKPWJ,PAS,PAS204,PAS205,17/11:53,17/11:56,17/13:14,17/13:29,1:18:00,CGK,CGK,005,10,1,1,NML,6,2025
1997.,A320,PKGLX,CTV,CTV9693,CTV9692,17/13:30,17/13:33,17/14:04,17/14:17,0:31:04,DPS,DPS,007,10,1,1,NML,6,2025
1998.,A320,PKGQK,CTV,CTV487,CTV668,17/12:21,17/12:24,17/13:28,17/13:40,1:04:00,BDJ,DPS,007,10,1,1,NML,6,2025
1999.,B735,PKNAS,LKN,LKN671,LKN670,17/11:03,17/11:06,17/13:29,17/13:39,2:23:00,TMC,TMC,011,10,1,1,NML,6,2025
2000.,C700,PKCAA,BAL,PKCAA,PKCAA,16/17:44,16/17:48,17/13:42,17/13:50,19:54:00,BTO,BTO,001,10,0,0,NML,6,2025
2001.,A320,PKSAQ,SJV,SJV611,SJV726,17/08:35,17/08:39,17/14:05,17/14:19,5:26:00,BPN,LBJ,024,10,0,0,NML,6,2025
2002.,B738,PKLSF,LNI,LNI869,LNI836,17/12:13,17/12:18,17/14:37,17/14:52,2:19:43,TTE,PNK,023,10,0,0,NML,6,2025
2003.,A320,PKGLE,CTV,CTV716,CTV717,17/13:25,17/13:29,17/14:18,17/14:30,0:48:59,CGK,CGK,008,10,1,1,NML,6,2025
2004.,B739,PKLHS,LNI,LNI983,LNI910,17/13:36,17/13:40,17/14:37,17/14:50,0:57:00,PKU,DPS,014,10,1,1,NML,6,2025
2005.,A320,PKGLS,CTV,CTV431,CTV948,17/13:42,17/13:46,17/14:30,17/14:45,0:44:32,BPN,BTH,009,10,1,1,NML,6,2025
2006.,B738,PKGUI,GIA,GIA312,GIA317,17/13:38,17/13:41,17/14:46,17/14:57,1:05:00,CGK,CGK,004,10,1,1,NML,6,2025
2007.,B738MAX,PKOFI,AFE,AFE920,AFE920,17/14:05,17/14:08,17/14:50,17/15:00,0:42:34,TIM,CGK,005,10,1,1,NML,6,2025
2008.,A320,9VJSU,JSA,JSA247,JSA248,17/14:08,17/14:13,17/15:00,17/15:12,0:47:35,SIN,SIN,A07,10,1,1,NML,6,2025
2009.,B739,PKLFK,LNI,LNI823,LNI260,17/13:48,17/13:52,17/14:50,17/15:02,0:57:46,LOP,BPN,015,10,1,1,NML,6,2025
2010.,B738,PKGFR,GIA,GIA330,GIA331,17/14:11,17/14:13,17/15:06,17/15:18,0:53:38,HLP,HLP,006,10,1,1,NML,6,2025
2011.,A320,PKLUH,BTK,BTK7521,BTK7514,16/21:30,16/21:34,17/15:20,17/15:34,17:45:05,HLP,HLP,018,10,0,0,NML,6,2025
2012.,B739,PKLFY,LNI,LNI681,LNI642,17/16:18,17/16:23,17/17:29,17/17:42,1:06:00,PKY,LOP,016,10,1,1,NML,6,2025
2013.,B739,PKLHH,LNI,LNI707,LNI920,17/14:48,17/14:53,17/16:54,17/17:05,2:01:00,UPG,DPS,014,10,1,1,NML,6,2025
2014.,A320,PKBKU,BTK,BTK7515,BTK7512,17/16:09,17/16:12,17/17:01,17/17:12,0:49:00,HLP,HLP,008,10,1,1,NML,6,2025
2015.,A320,PKGQP,CTV,CTV699,CTV434,17/14:43,17/14:47,17/15:34,17/15:48,0:47:52,DPS,BPN,007,10,1,1,NML,6,2025
2016.,B739,PKLSH,LNI,LNI367,LNI581,17/11:24,17/11:29,17/15:50,17/16:02,4:21:57,BPN,CGK,021,10,0,0,NML,6,2025
2017.,B739,PKLSU,LNI,LNI695,LNI800,17/16:47,17/16:51,17/18:30,17/18:35,1:39:12,KOE,UPG,009,10,1,1,NML,6,2025
2018.,A320,PKBKG,BTK,BTK6406,BTK6401,17/14:59,17/15:04,17/16:07,17/16:21,1:03:53,CGK,CGK,009,10,1,1,NML,6,2025
2019.,B739,PKLHS,LNI,LNI923,LNI316,17/17:07,17/17:11,17/18:10,17/18:21,0:59:00,DPS,BDJ,014,10,1,1,NML,6,2025
2020.,B738,PKGFP,GIA,GIA310,GIA315,17/15:36,17/15:39,17/16:40,17/16:52,1:01:00,CGK,CGK,004,10,1,1,NML,6,2025
2021.,A320,PKSJJ,SJV,SJV643,SJV648,17/15:05,17/15:09,17/16:37,17/16:45,1:28:00,AAP,BPN,010,10,1,1,NML,6,2025
2022.,B738MAX,9VMBF,SIA,SIA926,SIA927,17/15:27,17/15:33,17/16:22,17/16:40,0:49:00,SIN,SIN,A06,10,1,1,NML,6,2025
2023.,A320,PKPWG,PAS,PAS206,PAS623,17/16:00,17/16:02,17/16:46,17/16:59,0:44:00,CGK,BPN,005,10,1,1,NML,6,2025
2024.,B739,PKLHR,LNI,LNI261,LNI268,17/14:25,17/14:30,17/16:45,17/16:57,2:15:00,BPN,TRK,17B,10,0,0,NML,6,2025
2025.,B739,PKLHM,LNI,LNI692,LNI692,17/15:52,17/15:57,17/17:01,17/17:10,1:04:00,CGK,KOE,018,10,0,0,NML,6,2025
"2026.,B738,PKLOP,LNI,LNI707,LNI884,16/15:33,16/15:38,17/17:21,17/17:30,""1 day, 1:43:00"",UPG,UPG,026,10,0,0,NML,6,2025"
2027.,A320,PKGLX,CTV,CTV669,CTV488,17/16:42,17/16:46,17/17:23,17/17:37,0:37:00,DPS,BDJ,007,10,1,1,NML,6,2025
2028.,B738,PKLJS,LNI,LNI709,LNI6005,17/16:04,17/16:08,17/17:06,17/17:14,0:58:00,UPG,CGK,C03,10,0,0,NML,6,2025
2029.,B738,PKLPK,LNI,LNI749,LNI838,17/14:36,17/14:40,17/17:31,17/17:46,2:51:00,MDC,PNK,011,10,1,1,NML,6,2025
2030.,A333,ECNOF,SVA,SVA5614,SVA4614,17/15:23,17/15:29,17/17:42,17/17:54,2:13:00,MCT,JED,015,10,1,1,NML,6,2025
2031.,A320,PKAZO,AWQ,AWQ323,AWQ326,17/17:44,17/17:49,17/18:24,17/18:35,0:35:00,KUL,KUL,A03,10,1,1,NML,6,2025
2032.,B739,PKLFY,LNI,LNI865,LNI226,17/20:03,17/20:08,17/21:01,17/21:13,0:53:00,LOP,BDJ,014,10,1,1,NML,6,2025
2033.,A320,PKPWN,PAS,PAS622,PAS207,17/17:19,17/17:23,17/18:09,17/18:27,0:46:17,BPN,CGK,008,10,1,1,NML,6,2025
2034.,B738MAX,9MMVA,MAS,MAS875,MAS874,17/17:31,17/17:37,17/18:30,17/18:45,0:53:31,KUL,KUL,A06,10,1,1,NML,6,2025
2035.,A320,PKGQQ,CTV,CTV495,CTV173,17/15:57,17/16:00,17/18:19,17/18:33,2:19:00,BDJ,HLP,006,10,1,1,NML,6,2025
2036.,B738,PKGMA,GIA,GIA349,GIA313,17/17:28,17/17:31,17/18:26,17/18:40,0:55:14,DPS,CGK,004,10,1,1,NML,6,2025
2037.,A320,PKSAQ,SJV,SJV725,SJV716,17/17:40,17/17:45,17/18:30,17/18:47,0:45:09,LBJ,LOP,010,10,1,1,NML,6,2025
2038.,B738,PKGUD,GIA,GIA320,GIA325,17/17:35,17/17:38,17/18:54,17/19:07,1:16:00,CGK,CGK,005,10,1,1,NML,6,2025
2039.,B738MAX,9VMBI,SIA,SIA928,SIA929,17/18:42,17/18:49,17/19:50,17/19:59,1:01:00,SIN,SIN,A06,10,1,1,NML,6,2025
2040.,B738,PKBGF,BTK,BTK6576,BTK6575,17/19:13,17/19:17,17/20:05,17/20:15,0:48:00,CGK,CGK,009,10,1,1,NML,6,2025
2041.,A320,PKGLG,CTV,CTV949,CTV494,17/19:33,17/19:37,17/20:25,17/20:35,0:48:00,BTH,BDJ,007,10,1,1,NML,6,2025
2042.,B788,9VOFC,TGW,TGW266,TGW267,17/18:23,17/18:29,17/19:39,17/19:49,1:10:00,SIN,SIN,A07,10,1,1,NML,6,2025
2043.,B738,PKCRI,SJY,SJY567,SJY562,17/19:56,17/20:00,17/20:52,17/21:02,0:52:00,UPG,UPG,011,10,1,1,NML,6,2025
2044.,A320,PKLUH,BTK,BTK7519,BTK7518,17/19:37,17/19:42,17/20:29,17/20:39,0:47:00,HLP,HLP,010,10,1,1,NML,6,2025
2045.,B738,PKGMW,GIA,GIA326,GIA319,17/19:44,17/19:47,17/20:39,17/20:52,0:52:00,CGK,CGK,004,10,1,1,NML,6,2025
2046.,A320,PKGLV,CTV,CTV736,CTV9694,17/19:29,17/19:33,17/20:16,17/20:30,0:43:00,CGK,DPS,006,10,1,1,NML,6,2025
2047.,A320,PKGTD,CTV,CTV172,CTV737,17/17:15,17/17:18,17/20:26,17/20:44,3:08:00,HLP,CGK,003,10,0,0,NML,6,2025
2048.,A320,PKGLE,CTV,CTV489,CTV693,17/20:27,17/20:31,17/21:07,17/21:17,0:36:00,BDJ,DPS,006,10,1,1,NML,6,2025
2049.,A320,PKGQP,CTV,CTV435,CTV354,17/19:18,17/19:22,17/21:45,17/21:57,2:23:00,BPN,UPG,008,10,1,1,NML,6,2025
2050.,A320,PKBKP,BTK,BTK6137,BTK6136,17/21:30,17/21:35,17/22:16,17/22:29,0:41:00,UPG,UPG,010,10,1,1,NML,6,2025
2051.,A333,ECODQ,SVA,SVA5178,SVA4178,17/22:17,17/22:24,17/23:41,17/23:55,1:17:00,MCT,JED,015,10,1,1,NML,6,2025
"2052.,A333,ECNYJ,SVA,SVA5436,SVA4436,16/04:51,16/04:56,18/02:53,18/03:05,""1 day, 21:57:00"",MCT,JED,012,10,1,1,NML,6,2025"
2053.,B738,PKLJQ,LNI,LNI839,LNI878,17/13:33,18/00:09,18/04:59,18/05:10,15:20:01,PNK,AMQ,010,10,1,0,NML,6,2025
2054.,A320,PKSAU,SJV,SJV363,SJV610,17/12:09,17/14:16,18/05:07,18/05:16,16:54:00,KNO,BPN,020,10,0,1,NML,6,2025
2055.,A320,PKAZJ,AWQ,AWQ325,AWQ320,17/18:50,17/18:55,18/05:00,18/05:08,10:05:00,KUL,KUL,A01,10,1,1,NML,6,2025
2056.,A320,PKLUO,BTK,BTK6347,BTK7508,17/15:09,17/15:12,18/05:02,18/05:14,13:50:00,BEJ,HLP,024,10,0,0,NML,6,2025
2057.,B739,PKLHY,LNI,LNI972,LNI786,17/20:23,17/20:28,18/05:08,18/05:24,8:40:00,BTH,UPG,17B,10,0,0,NML,6,2025
2058.,B738,PKGMI,GIA,GIA324,GIA301,17/21:46,17/21:48,18/05:06,18/05:19,7:18:00,CGK,CGK,004,10,1,1,NML,6,2025
2059.,A320,PKGQC,CTV,CTV724,CTV430,17/20:56,17/20:59,18/05:05,18/05:21,8:06:00,CGK,BPN,007,10,1,1,NML,6,2025
2060.,B739,PKLFF,LNI,LNI690,LNI690,18/05:03,18/05:08,18/06:03,18/06:18,0:55:00,CGK,KOE,010,10,1,1,NML,6,2025
2061.,A320,PKGLV,CTV,CTV9695,CTV725,17/22:35,17/22:39,18/05:49,18/06:02,7:10:00,DPS,CGK,006,10,1,1,NML,6,2025
2062.,A320,PKGLX,CTV,CTV353,CTV670,18/05:12,18/05:16,18/05:56,18/06:11,0:40:00,UPG,LOP,008,10,1,1,NML,6,2025
2063.,A320,PKSJJ,SJV,SJV613,SJV706,17/20:11,17/20:15,18/06:02,18/06:17,9:47:00,BPN,DPS,021,10,0,0,NML,6,2025
2064.,A320,PKBKR,BTK,BTK7521,BTK6589,17/22:12,17/22:16,18/05:58,18/06:12,7:42:00,HLP,CGK,009,10,1,1,NML,6,2025
2065.,A320,PKSJQ,SJV,SJV637,SJV640,17/15:31,17/15:35,18/06:12,18/06:22,14:36:53,BDJ,AAP,025,10,0,0,NML,6,2025
2066.,A320,PKLAQ,BTK,BTK6413,BTK6412,17/19:40,17/19:45,18/06:22,18/06:33,10:37:40,DPS,DPS,026,10,0,0,NML,6,2025
2067.,A320,PKSAH,SJV,SJV717,SJV566,18/06:14,18/06:19,18/07:08,18/07:19,0:49:00,LOP,PLW,007,10,1,1,NML,6,2025
2068.,A320,PKLAL,BTK,BTK6588,BTK6135,17/22:26,17/22:30,18/07:02,18/07:13,8:32:00,CGK,PKN,011,10,1,1,NML,6,2025
2069.,B739,PKLHS,LNI,LNI311,LNI971,18/06:08,18/06:12,18/06:59,18/07:10,0:47:00,BDJ,BTH,012,10,1,1,NML,6,2025
2070.,B738,PKGMP,GIA,GIA328,GIA305,17/21:21,17/21:24,18/10:26,18/10:40,13:02:00,CGK,CGK,005,10,1,1,NML,6,2025
2071.,B738,PKGFS,GIA,GIA855,GIA854,17/20:47,17/20:48,18/06:57,18/07:06,10:09:00,SIN,SIN,A02,10,1,1,NML,6,2025
2072.,B739,PKLQT,LNI,LNI363,LNI646,18/06:20,18/06:23,18/07:17,18/07:30,0:54:00,BPN,LOP,010,10,1,1,NML,6,2025
2073.,A320,PKLUH,BTK,BTK7511,BTK7510,18/06:34,18/06:38,18/07:32,18/07:44,0:54:59,HLP,HLP,014,10,1,1,NML,6,2025
2074.,AW139,PKTVN,TVR,PKTVN,PKTVN,17/11:47,17/11:50,18/07:29,18/07:37,19:39:58,SUB,ZZZZ,H02,10,0,0,NML,6,2025
2075.,A320,PKAZO,AWQ,AWQ327,AWQ392,18/00:03,18/00:08,18/07:28,18/07:37,7:20:00,KUL,JHB,A03,10,1,1,NML,6,2025
2076.,B739,PKLHM,LNI,LNI693,LNI266,18/07:28,18/07:32,18/08:14,18/08:27,0:42:06,KOE,BPN,016,10,1,1,NML,6,2025
2077.,A320,PKGLE,CTV,CTV690,CTV460,18/06:53,18/06:56,18/07:35,18/07:46,0:39:21,DPS,AAP,006,10,1,1,NML,6,2025
2078.,B739,PKLGJ,LNI,LNI883,LNI973,17/22:21,17/22:26,18/08:04,18/08:15,9:38:29,UPG,BTH,018,10,0,0,NML,6,2025
2079.,A333,BLBG,CPA,CPA779,CPA780,17/17:47,17/17:53,18/08:13,18/08:29,14:20:00,HKG,HKG,A08,10,1,1,NML,6,2025
2080.,B739,PKLHR,LNI,LNI267,LNI990,18/07:23,18/07:25,18/08:20,18/08:34,0:55:18,TRK,DPS,011,10,1,1,NML,6,2025
2081.,A320,PKBLC,BTK,BTK6572,BTK6573,18/07:41,18/07:45,18/08:34,18/08:48,0:49:10,CGK,CGK,009,10,1,1,NML,6,2025
2082.,B738,PKLDM,MXD,MXD352,MXD353,17/19:26,17/19:32,18/08:20,18/08:32,12:48:00,KUL,KUL,A04,10,1,1,NML,6,2025
2083.,A320,PKSJF,SJV,SJV649,SJV618,18/07:49,18/07:52,18/08:55,18/09:04,1:03:00,BPN,BPN,010,10,1,1,NML,6,2025
2084.,B739,PKLHH,LNI,LNI929,LNI856,18/08:12,18/08:17,18/09:00,18/09:11,0:43:00,DPS,PLM,012,10,1,1,NML,6,2025
2085.,B738,PKLPK,LNI,LNI837,LNI748,18/07:55,18/07:59,18/08:57,18/09:07,0:58:00,PNK,MDC,014,10,1,1,NML,6,2025
2086.,B739,PKLHQ,LNI,LNI683,LNI682,18/08:05,18/08:09,18/09:12,18/09:21,1:03:05,PKY,PKY,017,10,1,1,NML,6,2025
2087.,AW169,P3301,POL,P3301,P3301,18/08:18,18/08:22,18/09:13,18/09:20,0:51:00,DPS,ZZZZ,C07,10,0,0,NML,6,2025
2088.,A189,P7002,POL,P7002,P7002,18/08:17,18/08:21,18/09:15,18/09:22,0:54:00,DPS,ZZZZ,H05,10,0,0,NML,6,2025
2089.,B738,PKGUH,GIA,GIA304,GIA342,18/08:25,18/08:28,18/09:24,18/09:39,0:56:40,CGK,DPS,004,10,1,1,NML,6,2025
2090.,A320,PKGLX,CTV,CTV671,CTV486,18/08:45,18/08:48,18/09:34,18/09:49,0:46:00,LOP,BDJ,006,10,1,1,NML,6,2025
2091.,B429,P3201,POL,P3201,P3201,18/08:46,18/08:48,18/09:47,18/09:55,0:59:00,ZZZZ,ZZZZ,C06,10,0,0,NML,6,2025
2092.,B733,PKMYJ,MYU,MYU935,MYU815,18/09:33,18/09:38,18/10:43,18/10:53,1:04:27,SRG,CGK,C02,10,0,0,NML,6,2025
2093.,B738,9MMXQ,MAS,MAS871,MAS870,18/09:08,18/09:14,18/10:03,18/10:15,0:49:00,KUL,KUL,A07,10,1,1,NML,6,2025
2094.,B735,PKNAT,LKN,LKN243,LKN242,18/09:14,18/09:17,18/09:59,18/10:10,0:42:00,SMQ,SMQ,009,10,1,1,NML,6,2025
2095.,A359,9VSHH,SIA,SIA922,SIA923,18/09:25,18/09:29,18/10:27,18/10:42,0:58:00,SIN,SIN,A08,10,1,1,NML,6,2025
2096.,A320,PKBKR,BTK,BTK6584,BTK6585,18/09:47,18/09:52,18/10:51,18/11:04,0:59:00,CGK,CGK,008,10,1,1,NML,6,2025
2097.,A320,PKGQG,CTV,CTV351,CTV350,18/09:17,18/09:20,18/10:05,18/10:18,0:45:00,UPG,UPG,007,10,1,1,NML,6,2025
2098.,A320,9VTRS,TGW,TGW296,TGW297,18/09:44,18/09:48,18/10:43,18/10:51,0:55:00,SIN,SIN,A02,10,1,1,NML,6,2025
2099.,B739,PKLHO,LNI,LNI970,LNI706,18/09:50,18/09:54,18/10:47,18/10:58,0:53:00,BTH,UPG,011,10,1,1,NML,6,2025
2100.,A320,PKPWL,PAS,PAS210,PAS211,18/09:37,18/09:39,18/10:32,18/10:45,0:53:00,CGK,CGK,006,10,1,1,NML,6,2025
2101.,A320,PKBKU,BTK,BTK7513,BTK7516,18/10:16,18/10:19,18/11:06,18/11:17,0:47:00,HLP,HLP,009,10,1,1,NML,6,2025
2102.,A320,PKLAL,BTK,BTK6134,BTK6346,18/09:41,18/09:44,18/10:46,18/10:56,1:02:00,PKN,BEJ,010,10,1,1,NML,6,2025
2103.,B739,PKLQT,LNI,LNI645,LNI693,18/10:20,18/10:26,18/11:40,18/11:52,1:14:00,LOP,CGK,016,10,1,1,NML,6,2025
2104.,A320,PKSJQ,SJV,SJV641,SJV642,18/09:55,18/09:57,18/10:57,18/11:08,1:00:00,AAP,AAP,012,10,1,1,NML,6,2025
2105.,B739,PKLHL,LNI,LNI694,LNI694,18/10:13,18/10:16,18/11:18,18/11:28,1:02:00,CGK,KOE,014,10,1,1,NML,6,2025
2106.,A320,PKAZJ,AWQ,AWQ321,AWQ322,18/10:37,18/10:42,18/11:23,18/11:33,0:41:00,KUL,KUL,A03,10,1,1,NML,6,2025
2107.,B739,PKLFF,LNI,LNI697,LNI697,18/11:32,18/11:36,18/12:27,18/12:42,0:51:35,KOE,CGK,010,10,1,1,NML,6,2025
2108.,B738,PKGFV,GIA,GIA322,GIA327,18/10:04,18/10:07,18/11:35,18/11:54,1:28:48,CGK,CGK,004,10,1,1,NML,6,2025
2109.,A320,PKLUH,BTK,BTK7517,BTK7520,18/11:00,18/11:03,18/11:58,18/12:07,0:55:32,HLP,HLP,007,10,1,1,NML,6,2025
2110.,B739,PKLHR,LNI,LNI805,LNI804,18/11:05,18/11:09,18/12:13,18/12:24,1:04:22,DPS,DPS,011,10,1,1,NML,6,2025
2111.,A320,PKGLE,CTV,CTV461,CTV698,18/11:13,18/11:16,18/12:15,18/12:30,0:59:00,AAP,DPS,006,10,1,1,NML,6,2025
2112.,B739,PKLSL,LNI,LNI801,LNI780,18/12:45,18/12:48,18/13:44,18/13:54,0:56:00,UPG,UPG,017,10,1,1,NML,6,2025
2113.,B739,PKLHM,LNI,LNI367,LNI680,18/12:04,18/12:09,18/13:15,18/13:26,1:06:00,BPN,PKY,016,10,1,1,NML,6,2025
2114.,A320,PKSJJ,SJV,SJV703,SJV636,18/08:38,18/08:42,18/12:30,18/12:43,3:48:00,DPS,BDJ,018,10,0,0,NML,6,2025
2115.,B735,PKNAQ,LKN,LKN193,LKN192,18/11:41,18/11:44,18/12:24,18/12:36,0:40:00,PKN,PKN,009,10,1,1,NML,6,2025
2116.,A320,PKBLC,BTK,BTK6582,BTK6581,18/12:17,18/12:22,18/13:17,18/13:25,0:55:00,CGK,CGK,007,10,1,1,NML,6,2025
2117.,B739,PKLHJ,LNI,LNI315,LNI222,18/13:02,18/13:34,18/14:29,18/14:45,0:55:00,BDJ,BDJ,011,10,1,1,NML,6,2025
2118.,B739,PKLSI,LNI,LNI791,LNI822,18/13:37,18/13:42,18/17:59,18/18:09,4:17:00,UPG,LOP,024,10,0,0,NML,6,2025
2119.,A320,PKLAJ,BTK,BTK6596,BTK6595,18/13:01,18/13:06,18/13:59,18/14:12,0:53:00,CGK,CGK,009,10,1,1,NML,6,2025
2120.,A320,PKAZO,AWQ,AWQ393,AWQ324,18/12:27,18/12:32,18/13:16,18/13:29,0:44:00,JHB,KUL,A03,10,1,1,NML,6,2025
2121.,A320,PKPWH,PAS,PAS204,PAS205,18/12:38,18/12:42,18/13:27,18/13:42,0:45:00,CGK,CGK,005,10,1,1,NML,6,2025
2122.,A320,PKGLX,CTV,CTV487,CTV668,18/12:31,18/12:35,18/13:26,18/13:40,0:51:00,BDJ,DPS,008,10,1,1,NML,6,2025
2123.,A320,PKGQL,CTV,CTV9693,CTV9692,18/12:49,18/12:52,18/13:36,18/13:46,0:43:35,DPS,DPS,006,10,1,1,NML,6,2025
2124.,B738,PKLSF,LNI,LNI839,LNI836,18/12:56,18/12:59,18/14:11,18/14:23,1:12:00,PNK,PNK,010,10,1,1,NML,6,2025
2125.,A320,PKSAH,SJV,SJV567,SJV726,18/11:46,18/11:53,18/14:54,18/15:07,3:01:00,PLW,LBJ,020,10,0,0,NML,6,2025
2126.,B739,PKLHH,LNI,LNI857,LNI262,18/13:34,18/13:38,18/14:40,18/14:54,1:02:00,PLM,BPN,018,10,0,0,NML,6,2025
2127.,A333,ECNOG,SVA,SVA5110,SVA4110,18/12:08,18/12:13,18/14:18,18/14:30,2:05:00,MCT,JED,012,10,1,1,NML,6,2025
2128.,A320,PKGQC,CTV,CTV431,CTV948,18/13:55,18/13:59,18/14:54,18/15:04,0:55:00,BPN,BTH,006,10,1,1,NML,6,2025
2129.,B738,PKGUG,GIA,GIA312,GIA317,18/14:25,18/14:28,18/15:26,18/15:36,0:58:00,CGK,CGK,004,10,1,1,NML,6,2025
2130.,A320,PKGQK,CTV,CTV716,CTV717,18/13:52,18/13:55,18/14:32,18/14:50,0:37:00,CGK,CGK,005,10,1,1,NML,6,2025
2131.,A320,9VJSO,JSA,JSA247,JSA248,18/14:15,18/14:20,18/15:09,18/15:17,0:49:00,SIN,SIN,A08,10,1,1,NML,6,2025
2132.,B739,PKLHM,LNI,LNI681,LNI581,18/16:29,18/16:34,18/18:42,18/18:53,2:07:32,PKY,CGK,17B,10,0,0,NML,6,2025
2133.,B738,PKGNE,GIA,GIA330,GIA331,18/14:10,18/14:15,18/15:15,18/15:28,1:00:00,HLP,HLP,008,10,1,1,NML,6,2025
2134.,B738,PKLJQ,LNI,LNI879,LNI722,18/15:05,18/15:10,18/17:25,18/17:39,2:15:00,AMQ,KDI,016,10,1,1,NML,6,2025
2135.,A320,PKLUW,BTK,BTK7515,BTK7514,18/16:14,18/16:19,18/17:05,18/17:20,0:46:00,HLP,HLP,009,10,1,1,NML,6,2025
2136.,A320,PKLAL,BTK,BTK6347,BTK7512,18/15:13,18/15:18,18/16:16,18/16:26,0:58:42,BEJ,HLP,010,10,1,1,NML,6,2025
2137.,B738MAX,9MMVI,MAS,MAS873,MAS872,18/14:58,18/15:05,18/15:56,18/16:08,0:51:06,KUL,KUL,A07,10,1,1,NML,6,2025
2138.,A320,PKBKG,BTK,BTK6406,BTK6401,18/14:35,18/14:40,18/16:02,18/16:16,1:22:00,CGK,CGK,009,10,1,1,NML,6,2025
2139.,B739,PKLSY,LNI,LNI707,LNI642,18/17:14,18/17:18,18/18:12,18/18:25,0:54:00,UPG,LOP,014,10,1,1,NML,6,2025
2140.,B738,HSLUQ,TLM,TLM268,TLM269,18/15:09,18/15:14,18/16:07,18/16:21,0:53:09,DMK,DMK,A03,10,1,1,NML,6,2025
2141.,B738MAX,9VMBN,SIA,SIA926,SIA927,18/15:49,18/15:55,18/16:48,18/17:08,0:53:46,SIN,SIN,A06,10,1,1,NML,6,2025
2142.,A320,PKSJJ,SJV,SJV637,SJV648,18/15:34,18/15:39,18/16:24,18/16:34,0:45:33,BDJ,BPN,011,10,1,1,NML,6,2025
2143.,B738,PKGFV,GIA,GIA310,GIA315,18/15:59,18/16:03,18/17:02,18/17:16,0:58:58,CGK,CGK,004,10,1,1,NML,6,2025
2144.,B739,PKLHJ,LNI,LNI223,LNI910,18/17:45,18/17:50,18/20:50,18/21:07,3:00:00,BDJ,DPS,009,10,1,1,NML,6,2025
2145.,A320,PKGLE,CTV,CTV699,CTV418,18/14:51,18/14:55,18/16:44,18/16:57,1:49:00,DPS,PNK,006,10,1,1,NML,6,2025
"2146.,B739,PKLHI,LNI,LNI919,LNI920,17/15:41,17/15:46,18/22:16,18/22:28,""1 day, 6:29:21"",DPS,DPS,023,10,0,0,NML,6,2025"
2147.,A320,PKPWJ,PAS,PAS206,PAS623,18/16:05,18/16:07,18/16:51,18/17:06,0:43:07,CGK,BPN,005,10,1,1,NML,6,2025
2148.,B739,PKLHL,LNI,LNI695,LNI268,18/16:50,18/16:54,18/17:56,18/18:07,1:02:00,KOE,TRK,011,10,1,1,NML,6,2025
2149.,B739,PKLQR,LNI,LNI692,LNI692,18/15:45,18/15:49,18/16:53,18/17:10,1:04:00,CGK,KOE,17A,10,0,0,NML,6,2025
2150.,A320,PKGQE,CTV,CTV495,CTV721,18/15:52,18/15:55,18/16:50,18/17:03,0:55:00,BDJ,CGK,006,10,1,1,NML,6,2025
2151.,A333,ECODR,SVA,SVA5132,SVA4132,18/14:43,18/14:47,18/16:58,18/17:00,2:11:00,MCT,JED,012,10,1,1,NML,6,2025
2152.,A320,PKGQL,CTV,CTV669,CTV488,18/15:55,18/16:21,18/17:08,18/17:26,0:46:04,DPS,BDJ,003,10,0,0,NML,6,2025
2153.,A320,PKBLC,BTK,BTK6578,BTK7579,18/17:00,18/17:04,18/18:00,18/18:13,0:56:00,CGK,CGK,008,10,1,1,NML,6,2025
2154.,B738,PKLPK,LNI,LNI749,LNI838,18/14:47,18/14:52,18/21:33,18/21:44,6:41:00,MDC,PNK,021,10,0,0,NML,6,2025
2155.,A320,PKAZJ,AWQ,AWQ323,AWQ326,18/17:04,18/17:08,18/17:40,18/17:48,0:32:42,KUL,KUL,A03,10,1,1,NML,6,2025
2156.,A320,PKPWC,PAS,PAS622,PAS207,18/17:56,18/17:59,18/18:37,18/18:48,0:38:00,BPN,CGK,006,10,1,1,NML,6,2025
2157.,B738,PKGUH,GIA,GIA349,GIA313,18/17:18,18/17:21,18/18:25,18/18:36,1:04:00,DPS,CGK,004,10,1,1,NML,6,2025
2158.,A320,PKSAH,SJV,SJV725,SJV716,18/18:31,18/18:35,18/19:30,18/19:40,0:55:00,LBJ,LOP,011,10,1,1,NML,6,2025
2159.,B739,PKLHH,LNI,LNI261,LNI260,18/18:27,18/18:32,18/19:30,18/19:42,0:58:00,BPN,BPN,17A,10,0,0,NML,6,2025
2160.,A320,PKBKU,BTK,BTK7503,BTK7502,18/18:57,18/18:59,18/19:55,18/20:05,0:56:00,HLP,HLP,018,10,0,0,NML,6,2025
2161.,B738,PKGFF,GIA,GIA320,GIA325,18/17:23,18/17:26,18/18:58,18/19:16,1:32:00,CGK,CGK,005,10,1,1,NML,6,2025
2162.,A320,PKBKM,BTK,BTK6576,BTK6575,18/18:22,18/18:25,18/19:16,18/19:26,0:51:00,CGK,CGK,008,10,1,1,NML,6,2025
2163.,A320,PKGLV,CTV,CTV949,CTV494,18/18:50,18/18:54,18/19:36,18/19:48,0:42:00,BTH,BDJ,007,10,1,1,NML,6,2025
2164.,B739,PKLSI,LNI,LNI823,LNI226,18/20:56,18/21:00,18/21:59,18/22:10,0:59:00,LOP,BDJ,011,10,1,1,NML,6,2025
2165.,A320,PKGQM,CTV,CTV172,CTV173,18/19:58,18/20:01,18/20:40,18/20:55,0:39:00,HLP,HLP,005,10,1,1,NML,6,2025
2166.,A320,PKLAL,BTK,BTK7519,BTK7518,18/19:37,18/19:42,18/20:30,18/20:41,0:48:00,HLP,HLP,011,10,1,1,NML,6,2025
2167.,A320,PKGQI,CTV,CTV736,CTV9694,18/19:14,18/19:17,18/19:57,18/20:08,0:40:00,CGK,DPS,006,10,1,1,NML,6,2025
2168.,B739,PKLHS,LNI,LNI972,LNI316,18/21:38,18/21:42,18/22:59,18/23:09,1:17:00,BTH,BDJ,016,10,1,1,NML,6,2025
2169.,B738,PKLJQ,LNI,LNI727,LNI880,18/21:42,18/21:51,18/23:41,18/23:47,1:50:00,KDI,UPG,17B,10,0,0,NML,6,2025
2170.,A320,PKGQP,CTV,CTV489,CTV693,18/19:54,18/19:58,18/20:36,18/20:52,0:38:00,BDJ,DPS,004,10,1,1,NML,6,2025
2171.,B735,PKCRI,SJY,SJY567,SJY562,18/22:31,18/22:35,18/23:20,18/23:32,0:45:00,UPG,UPG,010,10,1,1,NML,6,2025
2172.,A320,PKGLE,CTV,CTV417,CTV354,18/20:36,18/20:40,18/21:27,18/21:41,0:47:00,PNK,UPG,007,10,1,1,NML,6,2025
2173.,A320,PKGQN,CTV,CTV724,CTV737,18/20:43,18/20:47,18/21:32,18/21:50,0:45:00,CGK,CGK,003,10,0,0,NML,6,2025
2174.,A320,PKLUF,BTK,BTK6137,BTK6136,18/19:52,18/19:55,18/22:04,18/22:14,2:09:00,UPG,UPG,008,10,1,1,NML,6,2025
2175.,B777-200,9HAZH,SVA,SVA5446,SVA4446,18/06:04,18/06:10,19/00:20,19/00:34,18:10:00,MCT,JED,015,10,1,1,NML,6,2025
2176.,A333,ECNOF,SVA,SVA5116,SVA4116,18/22:01,18/22:05,19/00:12,19/00:27,2:07:00,MCT,JED,012,10,1,1,NML,6,2025
2177.,A320,PKSJQ,SJV,SJV643,SJV610,18/15:02,18/15:05,19/04:57,19/05:14,13:52:00,AAP,BPN,022,28,0,0,NML,6,2025
2178.,A320,PKGLR,CTV,CTV720,CTV430,18/21:47,18/21:51,19/04:58,19/05:10,7:07:00,CGK,BPN,007,28,1,1,NML,6,2025
2179.,A320,PKLUR,BTK,BTK7501,BTK7508,18/16:02,18/17:26,19/05:02,19/05:21,12:57:00,HLP,HLP,025,28,0,1,NML,6,2025
2180.,A320,PKAZO,AWQ,AWQ325,AWQ320,18/19:11,18/19:16,19/05:00,19/05:19,9:44:00,KUL,KUL,A01,28,1,1,NML,6,2025
2181.,B739,PKLSY,LNI,LNI865,LNI786,18/21:28,18/21:35,19/05:05,19/05:23,7:30:00,LOP,UPG,17A,28,0,0,NML,6,2025
2182.,B738,PKGUC,GIA,GIA328,GIA301,18/21:04,18/21:08,19/04:59,19/05:17,7:51:00,CGK,CGK,004,28,1,1,NML,6,2025
2183.,A333,ECODQ,SVA,SVA5164,SVA4164,19/03:40,19/03:48,19/05:41,19/05:51,1:53:00,MCT,JED,012,28,1,1,NML,6,2025
2184.,A320,PKGQI,CTV,CTV9695,CTV725,18/22:26,18/22:29,19/05:43,19/05:55,7:14:00,DPS,CGK,008,28,1,1,NML,6,2025
2185.,B738,PKLKV,LNI,LNI690,LNI690,19/05:08,19/05:16,19/06:06,19/06:17,0:50:00,CGK,KOE,010,28,1,1,NML,6,2025
2186.,B739,PKLSU,LNI,LNI919,LNI882,19/00:03,19/00:05,19/06:01,19/06:13,5:56:00,DPS,UPG,018,28,0,0,NML,6,2025
2187.,A320,V8RBG,RBA,RBA795P,RBA796,19/05:00,19/05:04,19/06:00,19/06:15,0:56:00,BWN,BWN,A07,28,1,1,NML,6,2025
2188.,A320,PKGLE,CTV,CTV353,CTV9670,19/05:12,19/05:19,19/06:02,19/06:11,0:43:00,UPG,LOP,007,28,1,1,NML,6,2025
2189.,A320,PKSJV,SJV,SJV613,SJV706,18/21:02,18/21:06,19/06:03,19/06:20,8:57:00,BPN,DPS,C03,28,0,0,NML,6,2025
2190.,A320,PKBLA,BTK,BTK7521,BTK6589,18/20:50,18/20:55,19/06:12,19/06:21,9:17:00,HLP,CGK,024,10,0,0,NML,6,2025
2191.,B739,PKLHI,LNI,LNI923,LNI266,19/01:09,19/01:14,19/05:55,19/06:04,4:41:00,DPS,BPN,016,28,1,1,NML,6,2025
2192.,A320,PKPWG,PAS,PAS212,PAS213,18/20:39,18/20:43,19/05:54,19/05:59,9:11:00,CGK,CGK,006,28,1,1,NML,6,2025
2193.,A320,PKAZJ,AWQ,AWQ327,AWQ386,18/23:05,18/23:08,19/05:55,19/06:08,6:47:00,KUL,PEN,A03,10,1,1,NML,6,2025
2194.,A320,PKLUP,BTK,BTK6413,BTK6412,19/01:16,19/01:22,19/06:23,19/06:31,5:01:00,DPS,DPS,011,28,1,1,NML,6,2025
2195.,B739,PKLHS,LNI,LNI311,LNI971,19/06:06,19/06:11,19/07:01,19/07:15,0:50:00,BDJ,BTH,015,10,1,1,NML,6,2025
2196.,A320,PKLAQ,BTK,BTK6588,BTK6135,18/21:15,18/21:19,19/07:06,19/07:17,9:47:00,CGK,PKN,C04,10,0,0,NML,6,2025
2197.,C208,PKVVF,SUS,PKVVF,PKVVF,18/11:45,18/11:48,19/07:16,19/07:25,19:28:00,BXW,BXW,C07,10,0,0,NML,6,2025
2198.,B738,PKLOR,LNI,LNI885,LNI868,19/00:44,19/00:52,19/06:40,19/06:49,5:48:00,UPG,TTE,17B,28,0,0,NML,6,2025
2199.,A320,PKSJM,SJV,SJV717,SJV612,19/05:46,19/05:52,19/06:55,19/07:25,1:03:00,LOP,BPN,009,28,1,1,NML,6,2025
2200.,B738,PKGFV,GIA,GIA324,GIA854,18/21:08,18/23:27,19/06:57,19/07:11,9:46:00,CGK,SIN,A02,10,1,1,NML,6,2025
2201.,B738,PKGFS,GIA,GIA855,GIA305,18/20:06,18/23:50,19/07:01,19/07:19,10:48:00,SIN,CGK,005,10,1,1,NML,6,2025
2202.,A320,PKBKU,BTK,BTK7511,BTK7510,19/06:38,19/06:41,19/07:36,19/07:45,0:55:00,HLP,HLP,010,10,1,1,NML,6,2025
2203.,A320,PKGQP,CTV,CTV690,CTV460,19/07:04,19/07:09,19/07:48,19/08:04,0:39:00,DPS,AAP,008,10,1,1,NML,6,2025
2204.,B739,PKLQR,LNI,LNI693,LNI693,19/08:17,19/08:21,19/09:03,19/09:20,0:42:00,KOE,CGK,010,10,1,1,NML,6,2025
2205.,B739,PKLFO,LNI,LNI929,LNI982,19/07:08,19/07:12,19/08:06,19/08:21,0:54:00,DPS,PKU,011,10,1,1,NML,6,2025
2206.,A320,PKGQQ,CTV,CTV170,CTV175,19/07:01,19/07:07,19/07:57,19/08:12,0:50:00,HLP,HLP,007,10,1,1,NML,6,2025
2207.,A333,BHLU,CPA,CPA779,CPA780,18/17:36,18/17:42,19/08:13,19/08:26,14:31:00,HKG,HKG,A08,10,1,1,NML,6,2025
"2208.,DHC6,PKICP,PGT,PKICP,PKICP,17/11:10,17/11:13,19/07:53,19/07:59,""1 day, 20:40:00"",PAG,PAG,028,10,0,0,NML,6,2025"
2209.,A320,PKBKL,BTK,BTK6572,BTK6573,19/07:36,19/07:40,19/08:33,19/08:43,0:53:00,CGK,CGK,012,10,1,1,NML,6,2025
2210.,B739,PKLHL,LNI,LNI267,LNI222,19/07:13,19/07:17,19/08:51,19/09:01,1:34:00,TRK,BDJ,016,10,1,1,NML,6,2025
2211.,B738,PKLPK,LNI,LNI837,LNI748,19/07:53,19/07:57,19/08:55,19/09:07,0:58:00,PNK,MDC,015,10,1,1,NML,6,2025
"2212.,B190,PKTVJ,TVR,PKTVJ,PKTVJ,11/12:30,11/12:35,19/09:15,19/09:28,""7 days, 20:40:00"",SUB,SRG,H03,10,0,0,NML,6,2025"
2213.,B738,PKLDM,MXD,MXD352,MXD353,18/20:01,18/20:06,19/09:00,19/09:16,12:54:00,KUL,KUL,A04,10,1,1,NML,6,2025
2214.,B739,PKLQT,LNI,LNI683,LNI682,19/07:59,19/08:03,19/09:00,19/09:18,0:57:00,PKY,PKY,014,10,1,1,NML,6,2025
2215.,B738,PKGMF,GIA,GIA304,GIA342,19/08:34,19/08:37,19/09:44,19/09:55,1:07:00,CGK,DPS,004,10,1,1,NML,6,2025
2216.,A320,PKPWK,PAS,PAS200,PAS201,19/08:02,19/08:05,19/09:16,19/09:31,1:11:00,CGK,CGK,005,10,1,1,NML,6,2025
2217.,A320,PKGLE,CTV,CTV9671,CTV486,19/08:41,19/08:45,19/09:26,19/09:40,0:41:00,LOP,BDJ,006,10,1,1,NML,6,2025
2218.,B739,PKLFK,LNI,LNI363,LNI646,19/09:14,19/09:18,19/10:07,19/10:19,0:49:00,BPN,LOP,011,10,1,1,NML,6,2025
2219.,B738,9MMXW,MAS,MAS871,MAS870,19/09:24,19/09:30,19/10:21,19/10:33,0:51:00,KUL,KUL,A07,10,1,1,NML,6,2025
2220.,B733,PKMYJ,MYU,MYU935,MYU815,19/09:29,19/09:33,19/10:12,19/10:19,0:39:00,SRG,CGK,C02,10,0,0,NML,6,2025
2221.,A359,9VSHR,SIA,SIA922,SIA923,19/09:00,19/09:10,19/10:08,19/10:27,0:58:00,SIN,SIN,A08,10,1,1,NML,6,2025
2222.,A320,PKBLA,BTK,BTK6584,BTK6585,19/09:57,19/10:00,19/11:00,19/11:10,1:00:00,CGK,CGK,009,10,1,1,NML,6,2025
2223.,A320,PKGQA,CTV,CTV351,CTV350,19/09:35,19/09:39,19/10:22,19/10:35,0:43:00,UPG,UPG,007,10,1,1,NML,6,2025
2224.,B739,PKLFY,LNI,LNI315,LNI990,19/10:09,19/10:15,19/11:07,19/11:21,0:52:00,BDJ,DPS,022,10,0,0,NML,6,2025
2225.,B739,PKLHI,LNI,LNI367,LNI262,19/09:44,19/09:49,19/10:33,19/10:43,0:44:00,BPN,BPN,012,10,1,1,NML,6,2025
2226.,A320,9VTRS,TGW,TGW296,TGW297,19/09:54,19/09:59,19/10:50,19/11:03,0:51:00,SIN,SIN,A02,10,1,1,NML,6,2025
2227.,A320,PKLAQ,BTK,BTK6134,BTK6346,19/10:39,19/10:45,19/11:42,19/11:53,0:57:00,PKN,BEJ,010,10,1,1,NML,6,2025
2228.,A320,PKGQC,CTV,CTV722,CTV723,19/10:06,19/10:10,19/11:02,19/11:19,0:52:00,CGK,CGK,006,10,1,1,NML,6,2025
2229.,A320,PKLUW,BTK,BTK7513,BTK7516,19/10:02,19/10:06,19/10:53,19/11:05,0:47:00,HLP,HLP,014,10,1,1,NML,6,2025
2230.,A320,PKSJQ,SJV,SJV611,SJV642,19/08:52,19/08:58,19/11:12,19/11:23,2:14:00,BPN,AAP,017,10,1,1,NML,6,2025
2231.,B739,PKLJI,LNI,LNI791,LNI822,19/10:17,19/10:19,19/11:42,19/11:55,1:23:00,UPG,LOP,008,10,1,1,NML,6,2025
2232.,B738,PKLKV,LNI,LNI697,LNI697,19/10:30,19/10:35,19/11:30,19/11:47,0:55:00,KOE,CGK,015,10,1,1,NML,6,2025
2233.,B739,PKLGJ,LNI,LNI970,LNI973,19/10:24,19/10:33,19/11:26,19/11:36,0:53:00,BTH,BTH,011,10,1,1,NML,6,2025
2234.,B739,PKLHM,LNI,LNI694,LNI694,19/10:13,19/10:17,19/11:13,19/11:28,0:56:00,CGK,KOE,016,10,1,1,NML,6,2025
2235.,A320,PKAZO,AWQ,AWQ321,AWQ322,19/10:47,19/10:52,19/11:27,19/11:44,0:35:00,KUL,KUL,A01,10,1,1,NML,6,2025
2236.,A320,PKBKU,BTK,BTK7517,BTK7520,19/10:58,19/11:03,19/12:00,19/12:10,0:57:00,HLP,HLP,024,10,0,0,NML,6,2025
2237.,A21N,B30F7,CSN,CSN8137,CSN8138,19/11:38,19/11:45,19/13:24,19/13:36,1:39:00,CAN,CAN,A06,10,1,1,NML,6,2025
2238.,A320,PKGQP,CTV,CTV461,CTV698,19/12:24,19/12:27,19/13:26,19/13:42,0:59:00,AAP,DPS,006,10,1,1,NML,6,2025
2239.,A320,PKSJF,SJV,SJV649,SJV636,19/07:56,19/08:00,19/12:39,19/12:42,4:39:00,BPN,BDJ,018,10,0,0,NML,6,2025
2240.,B739,PKLGW,LNI,LNI787,LNI680,19/13:58,19/14:02,19/14:58,19/15:11,0:56:00,UPG,PKY,17B,10,0,0,NML,6,2025
2241.,A320,PKSAW,SJV,SJV363,SJV362,19/12:19,19/12:23,19/13:24,19/13:34,1:01:00,KNO,KNO,009,10,1,1,NML,6,2025
2242.,B739,PKLFK,LNI,LNI645,LNI780,19/12:52,19/12:57,19/14:47,19/14:58,1:50:00,LOP,UPG,016,10,1,1,NML,6,2025
2243.,A320,PKBGF,BTK,BTK6582,BTK6581,19/13:40,19/13:44,19/14:55,19/15:09,1:11:00,CGK,CGK,008,10,1,1,NML,6,2025
2244.,A320,PKGLE,CTV,CTV487,CTV668,19/12:35,19/12:38,19/13:36,19/13:48,0:58:00,BDJ,DPS,008,10,1,1,NML,6,2025
2245.,A320,PKAZJ,AWQ,AWQ387,AWQ324,19/12:32,19/12:37,19/13:23,19/13:32,0:46:00,PEN,KUL,A03,10,1,1,NML,6,2025
2246.,B737,VPBTU,SAB,VPBTU,VPBTU,19/12:14,19/12:18,19/12:58,19/13:06,0:40:00,XSP,XSP,A09,10,0,0,NML,6,2025
2247.,A320,PKGQO,CTV,CTV9693,CTV9692,19/12:29,19/12:32,19/13:31,19/13:45,0:59:00,DPS,DPS,007,10,1,1,NML,6,2025
2248.,B739,PKLHL,LNI,LNI223,LNI804,19/12:05,19/12:10,19/14:10,19/14:20,2:00:00,BDJ,DPS,010,10,1,1,NML,6,2025
2249.,B738,PKLSF,LNI,LNI839,LNI836,19/13:36,19/13:40,19/14:41,19/14:55,1:01:00,PNK,PNK,011,10,1,1,NML,6,2025
2250.,A320,PKSJV,SJV,SJV703,SJV726,19/08:28,19/08:34,19/14:48,19/15:02,6:14:00,DPS,LBJ,021,10,0,0,NML,6,2025
2251.,A320,PKGLR,CTV,CTV431,CTV948,19/13:46,19/13:49,19/14:29,19/14:42,0:40:00,BPN,BTH,006,10,1,1,NML,6,2025
2252.,B739,PKLFO,LNI,LNI983,LNI910,19/14:01,19/14:06,19/15:10,19/15:21,1:04:00,PKU,DPS,17A,10,0,0,NML,6,2025
2253.,B738,PKGMP,GIA,GIA312,GIA317,19/14:39,19/14:42,19/16:03,19/16:13,1:21:00,CGK,CGK,005,10,1,1,NML,6,2025
2254.,A320,PKGLY,CTV,CTV716,CTV717,19/13:43,19/13:46,19/14:36,19/14:50,0:50:00,CGK,CGK,007,10,1,1,NML,6,2025
2255.,A320,9VJSO,JSA,JSA247,JSA248,19/13:56,19/14:00,19/14:55,19/15:07,0:55:00,SIN,SIN,A07,10,1,1,NML,6,2025
2256.,B739,PKLHH,LNI,LNI805,LNI260,19/16:40,19/16:45,19/17:43,19/17:56,0:58:00,DPS,BPN,010,10,1,1,NML,6,2025
2257.,A333,ECNYJ,SVA,SVA5334,SVA4334,19/13:05,19/13:10,19/15:01,19/15:14,1:51:00,MCT,JED,012,10,1,1,NML,6,2025
2258.,B739,PKLJI,LNI,LNI823,LNI581,19/14:53,19/14:58,19/16:08,19/16:17,1:10:00,LOP,CGK,016,10,1,1,NML,6,2025
2259.,A320,PKPWE,PAS,PAS208,PAS209,19/17:50,19/17:53,19/18:45,19/18:57,0:52:00,CGK,CGK,007,10,1,1,NML,6,2025
2260.,B738,PKGUF,GIA,GIA330,GIA331,19/14:33,19/14:36,19/15:30,19/15:43,0:54:00,HLP,HLP,004,10,1,1,NML,6,2025
2261.,B739,PKLHI,LNI,LNI261,LNI642,19/14:25,19/14:29,19/15:44,19/15:54,1:15:00,BPN,LOP,010,10,1,1,NML,6,2025
2262.,A320,PKGQP,CTV,CTV699,CTV434,19/16:20,19/16:22,19/17:04,19/17:17,0:42:00,DPS,BPN,007,10,1,1,NML,6,2025
2263.,A320,PKBKU,BTK,BTK7501,BTK7512,19/15:18,19/15:22,19/16:23,19/16:31,1:01:00,HLP,HLP,008,10,1,1,NML,6,2025
2264.,B738,9MMLP,MAS,MAS873,MAS872,19/14:56,19/15:04,19/15:56,19/16:10,0:52:00,KUL,KUL,A06,10,1,1,NML,6,2025
2265.,A320,PKBLB,BTK,BTK6406,BTK6401,19/14:45,19/14:48,19/16:00,19/16:12,1:12:00,CGK,CGK,009,10,1,1,NML,6,2025
2266.,B739,PKLSU,LNI,LNI707,LNI800,19/15:44,19/15:51,19/17:01,19/17:10,1:10:00,UPG,UPG,17B,10,0,0,NML,6,2025
2267.,B739,PKLHL,LNI,LNI919,LNI316,19/17:15,19/17:20,19/18:19,19/18:33,0:59:00,DPS,BDJ,17B,10,0,0,NML,6,2025
2268.,A320,PKLUO,BTK,BTK7515,BTK7514,19/15:31,19/15:36,19/16:28,19/16:38,0:52:00,HLP,HLP,011,10,1,1,NML,6,2025
2269.,B738MAX,9VMBP,SIA,SIA926,SIA927,19/15:48,19/15:53,19/16:44,19/16:57,0:51:00,SIN,SIN,A07,10,1,1,NML,6,2025
"2270.,A320,PKSAU,SJV,SJV619,SJV648,18/16:09,18/16:12,19/16:38,19/16:46,""1 day, 0:25:18"",BPN,BPN,020,10,0,0,NML,6,2025"
2271.,B739,PKLHM,LNI,LNI695,LNI268,19/15:41,19/15:45,19/17:07,19/17:13,1:22:00,KOE,TRK,17A,10,0,0,NML,6,2025
2272.,B739,PKLFO,LNI,LNI923,LNI692,19/17:53,19/17:59,19/18:50,19/19:02,0:51:00,DPS,KOE,016,10,1,1,NML,6,2025
2273.,A320,PKGLX,CTV,CTV495,CTV721,19/15:51,19/15:54,19/16:42,19/16:53,0:48:00,BDJ,CGK,006,10,1,1,NML,6,2025
2274.,B739,PKLSK,LNI,LNI709,LNI706,19/18:05,19/18:11,19/19:00,19/19:11,0:49:00,UPG,UPG,15A,10,0,0,NML,6,2025
2275.,B739,PKLGW,LNI,LNI681,LNI920,19/18:10,19/18:16,19/19:07,19/19:16,0:51:00,PKY,DPS,17A,10,0,0,NML,6,2025
2276.,A320,PKGQO,CTV,CTV669,CTV488,19/16:24,19/16:28,19/17:15,19/17:25,0:47:00,DPS,BDJ,008,10,1,1,NML,6,2025
2277.,B739,PKLHI,LNI,LNI865,LNI226,19/18:36,19/18:40,19/20:22,19/20:34,1:42:00,LOP,BDJ,020,10,0,0,NML,6,2025
2278.,A320,PKBLD,BTK,BTK6578,BTK7579,19/16:28,19/16:34,19/17:22,19/17:30,0:48:00,CGK,CGK,009,10,1,1,NML,6,2025
2279.,B738,PKLPK,LNI,LNI749,LNI838,19/14:47,19/14:51,19/17:58,19/18:09,3:07:00,MDC,PNK,018,10,0,0,NML,6,2025
2280.,A320,PKAZO,AWQ,AWQ323,AWQ326,19/17:21,19/17:27,19/18:03,19/18:19,0:36:00,KUL,KUL,A03,10,1,1,NML,6,2025
2281.,B738,PKGFX,GIA,GIA310,GIA315,19/16:51,19/16:55,19/17:58,19/18:13,1:03:00,CGK,CGK,004,10,1,1,NML,6,2025
2282.,G100,N24ZD,AR7,N24ZD,N24ZD,19/17:01,19/17:05,19/17:50,19/17:58,0:45:00,CGK,XSP,C01,10,0,0,NML,6,2025
2283.,A320,PKPWF,PAS,PAS622,PAS207,19/17:18,19/17:21,19/18:11,19/18:22,0:50:00,BPN,CGK,005,10,1,1,NML,6,2025
2284.,B738,PKGMF,GIA,GIA349,GIA313,19/17:37,19/17:40,19/18:35,19/18:48,0:55:00,DPS,CGK,006,10,1,1,NML,6,2025
2285.,A320,PKSJV,SJV,SJV725,SJV716,19/18:30,19/18:34,19/19:25,19/19:37,0:51:00,LBJ,LOP,010,10,1,1,NML,6,2025
2286.,A320,PKLUW,BTK,BTK7503,BTK7502,19/18:44,19/18:49,19/19:42,19/19:55,0:53:00,HLP,HLP,011,10,1,1,NML,6,2025
2287.,B738,PKGUI,GIA,GIA320,GIA325,19/18:23,19/18:27,19/19:21,19/19:35,0:54:00,CGK,CGK,004,10,1,1,NML,6,2025
2288.,B738MAX,9VMBB,SIA,SIA928,SIA929,19/18:01,19/18:08,19/19:07,19/19:23,0:59:00,SIN,SIN,A07,10,1,1,NML,6,2025
2289.,A333,ECNOG,SVA,SVA5312,SVA4312,19/16:55,19/17:00,19/19:16,19/19:33,2:16:00,MCT,JED,012,10,1,1,NML,6,2025
2290.,A320,PKBKJ,BTK,BTK6576,BTK6575,19/18:14,19/18:19,19/19:16,19/19:28,0:57:00,CGK,CGK,009,10,1,1,NML,6,2025
2291.,A320,PKPWG,PAS,PAS206,PAS623,19/19:21,19/19:24,19/20:03,19/20:16,0:39:00,CGK,BPN,007,10,1,1,NML,6,2025
2292.,A320,PKGQI,CTV,CTV949,CTV173,19/18:33,19/18:36,19/19:34,19/19:47,0:58:00,BTH,HLP,005,10,1,1,NML,6,2025
2293.,E135,PKRJA,RJP,PKRJA,PKRJA,19/08:40,19/08:43,19/19:16,19/19:26,10:33:00,HLP,DPS,A10,10,0,0,NML,6,2025
2294.,A320,PKGQM,CTV,CTV172,CTV494,19/18:16,19/18:21,19/19:29,19/19:40,1:08:00,HLP,BDJ,008,10,1,1,NML,6,2025
2295.,B735,PKCLE,SJY,SJY567,SJY562,19/22:24,19/22:28,19/23:39,19/23:50,1:11:00,UPG,UPG,010,10,1,1,NML,6,2025
2296.,A320,PKGLY,CTV,CTV736,CTV9694,19/18:39,19/18:43,19/19:41,19/19:53,0:58:00,CGK,DPS,006,10,1,1,NML,6,2025
2297.,A320,PKBKU,BTK,BTK7519,BTK7518,19/19:24,19/19:27,19/20:12,19/20:20,0:45:00,HLP,HLP,15A,10,0,0,NML,6,2025
2298.,A320,PKPWJ,PAS,PAS202,PAS203,19/20:42,19/20:45,19/21:23,19/21:35,0:38:00,CGK,CGK,007,10,1,1,NML,6,2025
2299.,B738,PKGUA,GIA,GIA326,GIA319,19/20:18,19/20:21,19/21:14,19/21:28,0:53:00,CGK,CGK,004,10,1,1,NML,6,2025
2300.,B738,9VMGN,SIA,SIA9926,SIA9927,19/18:53,19/18:58,19/19:58,19/20:14,1:00:00,SIN,SIN,A06,10,1,1,NML,6,2025
2301.,A320,PKGQS,CTV,CTV489,CTV693,19/20:04,19/20:08,19/20:28,19/20:52,0:20:00,BDJ,DPS,008,10,1,1,NML,6,2025
2302.,A320,PKGQP,CTV,CTV435,CTV737,19/20:48,19/20:52,19/21:35,19/21:46,0:43:00,BPN,CGK,008,10,1,1,NML,6,2025
2303.,A320,PKGLX,CTV,CTV724,CTV354,19/20:31,19/20:34,19/21:21,19/21:33,0:47:00,CGK,UPG,006,10,1,1,NML,6,2025
2304.,A320,PKLAY,BTK,BTK6137,BTK6136,19/19:44,19/19:48,19/21:48,19/22:00,2:00:00,UPG,UPG,010,10,1,1,NML,6,2025
2305.,A333,ECODR,SVA,SVA5134,SVA4134,19/22:43,19/22:48,20/00:57,20/01:08,2:09:00,MCT,JED,012,10,1,1,NML,6,2025
2306.,A320,PKLAL,BTK,BTK7521,BTK7508,19/20:45,19/20:51,20/05:02,20/05:13,8:11:00,HLP,HLP,17A,28,0,0,NML,6,2025
2307.,A320,PKSJQ,SJV,SJV643,SJV610,19/14:59,19/15:02,20/05:04,20/05:16,14:02:00,AAP,BPN,024,28,0,0,NML,6,2025
2308.,B739,PKLGY,LNI,LNI883,LNI878,20/00:42,20/00:48,20/05:06,20/05:20,4:18:00,UPG,AMQ,010,28,1,1,NML,6,2025
2309.,A320,PKAZJ,AWQ,AWQ325,AWQ320,19/19:04,19/19:09,20/05:03,20/05:15,9:54:00,KUL,KUL,A01,28,1,1,NML,6,2025
2310.,B739,PKLHS,LNI,LNI972,LNI786,19/18:26,19/21:44,20/05:14,20/05:25,10:43:00,BTH,UPG,020,28,0,0,NML,6,2025
2311.,A320,PKGLY,CTV,CTV9695,CTV430,19/22:30,19/22:33,20/05:12,20/05:22,6:39:00,DPS,BPN,007,28,1,1,NML,6,2025
2312.,B738,PKGMA,GIA,GIA328,GIA301,19/20:08,19/20:10,20/05:04,20/05:18,8:54:00,CGK,CGK,005,28,1,1,NML,6,2025
2313.,B739,PKLSU,LNI,LNI690,LNI690,20/05:11,20/05:16,20/06:16,20/06:27,1:00:00,CGK,KOE,016,28,1,1,NML,6,2025
2314.,A320,PKGQF,CTV,CTV720,CTV725,19/21:31,19/21:33,20/05:40,20/05:49,8:07:00,CGK,CGK,006,28,1,1,NML,6,2025
2315.,A320,V8RBE,RBA,RBA795,RBA796,19/20:11,19/20:17,20/05:59,20/06:14,9:42:00,BWN,BWN,A07,28,1,1,NML,6,2025
2316.,B739,PKLQR,LNI,LNI692,LNI266,19/16:07,19/16:14,20/05:56,20/06:04,13:42:00,CGK,BPN,C03,28,0,0,NML,6,2025
2317.,A320,PKBLA,BTK,BTK6588,BTK6589,19/22:19,19/22:23,20/06:00,20/06:08,7:37:00,CGK,CGK,011,28,1,1,NML,6,2025
2318.,A320,PKGLE,CTV,CTV353,CTV670,20/05:05,20/05:13,20/05:57,20/06:06,0:44:00,UPG,LOP,008,28,1,1,NML,6,2025
2319.,A320,PKSJF,SJV,SJV637,SJV706,19/15:35,19/15:38,20/06:01,20/06:11,14:23:00,BDJ,DPS,022,28,0,0,NML,6,2025
2320.,A320,PKBKV,BTK,BTK6413,BTK6412,19/23:35,19/23:40,20/06:15,20/06:25,6:35:00,DPS,DPS,009,28,1,1,NML,6,2025
2321.,A333,ECNOF,SVA,SVA5174,SVA4174,20/04:35,20/04:41,20/06:47,20/06:57,2:06:00,MCT,JED,012,28,1,1,NML,6,2025
2322.,A320,PKSJT,SJV,SJV717,SJV566,20/06:12,20/06:17,20/07:15,20/07:25,0:58:00,LOP,PLW,010,28,1,1,NML,6,2025
2323.,B739,PKLHI,LNI,LNI311,LNI971,20/06:22,20/06:26,20/07:12,20/07:21,0:46:00,BDJ,BTH,015,28,1,1,NML,6,2025
2324.,C208,PKVVF,SUS,PKVVF,PKVVF,19/09:00,19/09:14,20/07:15,20/07:23,22:01:00,BXW,BXW,C07,28,0,0,NML,6,2025
2325.,A320,PKLAQ,BTK,BTK6347,BTK6135,19/15:56,19/16:01,20/07:00,20/07:08,14:59:00,BEJ,PKN,021,28,0,0,NML,6,2025
2326.,B738,PKGFX,GIA,GIA324,GIA854,19/21:48,20/00:20,20/06:56,20/07:12,9:05:00,CGK,SIN,A02,28,1,1,NML,6,2025
2327.,B738,PKGFV,GIA,GIA855,GIA305,19/20:37,20/00:44,20/07:03,20/07:14,10:15:00,SIN,CGK,004,28,1,1,NML,6,2025
2328.,B738,PKLOR,LNI,LNI869,LNI646,19/13:50,19/13:54,20/07:05,20/07:17,17:11:00,TTE,LOP,025,10,0,0,NML,6,2025
2329.,A320,PKLZH,BTK,BTK7511,BTK7510,20/06:34,20/06:41,20/07:23,20/07:33,0:42:00,HLP,HLP,009,28,1,1,NML,6,2025
2330.,A320,PKAZO,AWQ,AWQ327,AWQ392,19/23:54,19/23:57,20/07:23,20/07:34,7:26:00,KUL,JHB,A03,28,1,1,NML,6,2025
2331.,A320,PKGQS,CTV,CTV690,CTV460,20/07:02,20/07:07,20/07:44,20/07:53,0:37:00,DPS,AAP,006,28,1,1,NML,6,2025
2332.,B739,PKLFO,LNI,LNI693,LNI693,20/06:41,20/06:47,20/07:51,20/08:02,1:04:00,KOE,CGK,011,28,1,1,NML,6,2025
2333.,B739,PKLHM,LNI,LNI267,LNI856,20/07:10,20/07:16,20/08:09,20/08:18,0:53:00,TRK,PLM,17A,28,0,0,NML,6,2025
2334.,A320,PKGLE,CTV,CTV671,CTV175,20/08:32,20/08:37,20/09:24,20/09:34,0:47:00,LOP,HLP,006,10,1,1,NML,6,2025
2335.,A333,BLBK,CPA,CPA779,CPA780,19/18:20,19/18:27,20/08:29,20/08:43,14:02:00,HKG,HKG,A08,28,1,1,NML,6,2025
2336.,B739,PKLHL,LNI,LNI315,LNI222,20/08:00,20/08:04,20/08:59,20/09:08,0:55:00,BDJ,BDJ,021,10,0,0,NML,6,2025
"2337.,A320,PKLUG,BTK,BTK7501,BTK6391,17/16:36,18/07:43,20/09:02,20/09:17,""2 days, 16:20:00"",HLP,CGK,026,10,0,0,NML,6,2025"
2338.,A320,PKSJM,SJV,SJV649,SJV618,20/07:45,20/07:52,20/09:22,20/09:32,1:30:00,BPN,BPN,010,10,1,1,NML,6,2025
2339.,B738,PKLOJ,LNI,LNI929,LNI748,20/06:51,20/06:58,20/09:01,20/09:14,2:03:00,DPS,MDC,016,10,1,1,NML,6,2025
2340.,B738,PKLOH,LNI,LNI683,LNI682,20/08:08,20/08:14,20/09:05,20/09:20,0:51:00,PKY,PKY,17B,10,0,0,NML,6,2025
2341.,C208,PKVVF,SUS,PKVVF,PKVVF,20/09:12,20/09:16,20/09:46,20/09:56,0:30:00,BXW,BXW,C07,10,0,0,NML,6,2025
2342.,B738,PKGUH,GIA,GIA304,GIA342,20/08:20,20/08:25,20/09:27,20/09:38,1:02:00,CGK,DPS,004,10,1,1,NML,6,2025
2343.,A320,PKGQS,CTV,CTV461,CTV486,20/11:28,20/11:32,20/12:09,20/12:20,0:37:00,AAP,BDJ,007,10,1,1,NML,6,2025
2344.,B738MAX,9MMVC,MAS,MAS871,MAS870,20/09:15,20/09:21,20/10:09,20/10:22,0:48:00,KUL,KUL,A07,10,1,1,NML,6,2025
2345.,B735,PKNAT,LKN,LKN243,LKN242,20/09:09,20/09:13,20/09:58,20/10:17,0:45:00,SMQ,SMQ,009,10,1,1,NML,6,2025
2346.,B738,PKLBS,MXD,MXD352,MXD353,19/21:02,19/21:10,20/09:57,20/10:10,12:47:00,KUL,KUL,A04,10,1,1,NML,6,2025
2347.,A359,9VSHS,SIA,SIA922,SIA923,20/09:03,20/09:10,20/10:17,20/10:34,1:07:00,SIN,SIN,A08,10,1,1,NML,6,2025
2348.,B739,PKLHY,LNI,LNI363,LNI990,20/09:23,20/09:26,20/10:30,20/10:38,1:04:00,BPN,DPS,015,10,1,1,NML,6,2025
2349.,B733,PKMYJ,MYU,MYU935,MYU815,20/08:57,20/09:03,20/09:49,20/10:00,0:46:00,SRG,CGK,C02,10,0,0,NML,6,2025
2350.,A320,PKBLA,BTK,BTK6584,BTK6585,20/09:52,20/09:56,20/11:04,20/11:11,1:08:00,CGK,CGK,008,10,1,1,NML,6,2025
2351.,A320,PKGQQ,CTV,CTV351,CTV350,20/09:45,20/09:49,20/10:32,20/10:44,0:43:00,UPG,UPG,006,10,1,1,NML,6,2025
2352.,A20N,9VTNG,TGW,TGW296,TGW297,20/09:59,20/10:04,20/10:56,20/11:08,0:52:00,SIN,SIN,A02,10,1,1,NML,6,2025
2353.,B739,PKLQR,LNI,LNI367,LNI262,20/10:15,20/10:19,20/11:15,20/11:25,0:56:00,BPN,BPN,016,10,1,1,NML,6,2025
2354.,B739,PKLFF,LNI,LNI970,LNI973,20/09:35,20/09:39,20/11:12,20/11:22,1:33:00,BTH,BTH,011,10,1,1,NML,6,2025
2355.,A320,PKPWC,PAS,PAS210,PAS211,20/09:55,20/09:59,20/10:44,20/10:59,0:45:00,CGK,CGK,005,10,1,1,NML,6,2025
2356.,A320,PKLAQ,BTK,BTK6134,BTK6346,20/09:42,20/09:46,20/10:49,20/11:01,1:03:00,PKN,BEJ,17A,10,0,0,NML,6,2025
2357.,A320,PKBKU,BTK,BTK7513,BTK7516,20/10:13,20/10:16,20/11:29,20/11:43,1:13:00,HLP,HLP,010,10,1,1,NML,6,2025
2358.,B738,PKLFK,LNI,LNI791,LNI706,20/10:32,20/10:36,20/11:51,20/12:03,1:15:00,UPG,UPG,17B,10,0,0,NML,6,2025
2359.,A320,PKGQN,CTV,CTV722,CTV723,20/10:52,20/10:54,20/11:42,20/11:56,0:48:00,CGK,CGK,006,10,1,1,NML,6,2025
2360.,A320,PKSJF,SJV,SJV703,SJV642,20/08:34,20/08:39,20/11:06,20/11:14,2:27:00,DPS,AAP,025,10,0,0,NML,6,2025
2361.,GLF4,PKBON,CEO,PKBON,PKBON,19/11:17,19/11:19,20/11:02,20/11:13,23:43:00,HLP,HLP,001,10,0,0,NML,6,2025
2362.,B739,PKLSI,LNI,LNI694,LNI822,20/10:18,20/10:24,20/11:32,20/11:46,1:08:00,CGK,LOP,022,10,0,0,NML,6,2025
2363.,B738,PKLOR,LNI,LNI645,LNI694,20/10:06,20/10:11,20/11:28,20/11:40,1:17:00,LOP,KOE,021,10,0,0,NML,6,2025
2364.,A320,PKAZJ,AWQ,AWQ321,AWQ322,20/10:49,20/10:53,20/11:29,20/11:38,0:36:00,KUL,KUL,A01,10,1,1,NML,6,2025
2365.,B739,PKLSU,LNI,LNI697,LNI697,20/10:56,20/11:02,20/11:51,20/12:04,0:49:00,KOE,CGK,015,10,1,1,NML,6,2025
2366.,B738,PKLPK,LNI,LNI837,LNI6004,20/07:56,20/08:02,20/11:55,20/12:06,3:53:00,PNK,PLM,020,28,0,0,NML,6,2025
2367.,A320,PKLZH,BTK,BTK7517,BTK7520,20/10:41,20/10:46,20/11:38,20/11:52,0:52:00,HLP,HLP,009,10,1,1,NML,6,2025
2368.,B738,PKGNN,GIA,GIA322,GIA327,20/10:08,20/10:12,20/11:33,20/11:50,1:21:00,CGK,CGK,004,10,1,1,NML,6,2025
2369.,A320,PKGLV,CTV,CTV9693,CTV698,20/13:27,20/13:30,20/14:25,20/14:35,0:55:00,DPS,DPS,005,10,1,1,NML,6,2025
2370.,A333,ECODQ,SVA,SVA5182,SVA4182,20/09:48,20/09:53,20/12:12,20/12:26,2:19:00,MCT,JED,012,10,1,1,NML,6,2025
2371.,A320,PKBKJ,BTK,BTK6582,BTK6581,20/12:31,20/12:35,20/13:30,20/13:43,0:55:00,CGK,CGK,009,10,1,1,NML,6,2025
2372.,A320,PKSTC,SJV,SJV613,SJV636,19/20:22,19/20:26,20/14:05,20/14:15,17:39:00,BPN,BDJ,018,10,0,0,NML,6,2025
2373.,B739,PKLHL,LNI,LNI223,LNI680,20/11:59,20/12:03,20/12:48,20/12:59,0:45:00,BDJ,PKY,011,10,1,1,NML,6,2025
2374.,B739,PKLHM,LNI,LNI857,LNI780,20/12:27,20/12:32,20/14:26,20/14:38,1:54:00,PLM,UPG,016,10,1,1,NML,6,2025
2375.,A320,PKLUK,BTK,BTK6596,BTK6595,20/12:54,20/12:57,20/13:53,20/14:04,0:55:41,CGK,CGK,008,10,1,1,NML,6,2025
2376.,A320,PKAZO,AWQ,AWQ393,AWQ324,20/12:23,20/12:29,20/13:15,20/13:29,0:46:00,JHB,KUL,A01,10,1,1,NML,6,2025
2377.,A320,PKGLE,CTV,CTV170,CTV668,20/12:56,20/13:00,20/13:46,20/14:00,0:46:00,HLP,DPS,007,10,1,1,NML,6,2025
2378.,A320,PKPWJ,PAS,PAS204,PAS205,20/11:54,20/11:57,20/13:10,20/13:24,1:13:00,CGK,CGK,005,10,1,1,NML,6,2025
2379.,B739,PKLHY,LNI,LNI805,LNI804,20/13:41,20/13:45,20/14:56,20/15:07,1:11:00,DPS,DPS,012,10,1,1,NML,6,2025
2380.,A320,PKGQS,CTV,CTV487,CTV9692,20/15:03,20/15:06,20/15:50,20/16:02,0:44:00,BDJ,DPS,006,10,1,1,NML,6,2025
2381.,B738,PKLSF,LNI,LNI839,LNI836,20/13:31,20/13:35,20/14:33,20/14:46,0:58:00,PNK,PNK,011,10,1,1,NML,6,2025
2382.,A320,PKGQE,CTV,CTV716,CTV717,20/14:10,20/14:13,20/15:01,20/15:12,0:48:00,CGK,CGK,007,10,1,1,NML,6,2025
2383.,A320,PKGLY,CTV,CTV431,CTV948,20/13:38,20/13:42,20/14:36,20/14:48,0:54:00,BPN,BTH,006,10,1,1,NML,6,2025
2384.,B739,PKLSI,LNI,LNI823,LNI910,20/14:18,20/14:23,20/15:30,20/15:42,1:07:00,LOP,DPS,014,10,1,1,NML,6,2025
2385.,A320,9VJSX,JSA,JSA247,JSA248,20/13:58,20/14:03,20/14:51,20/15:05,0:48:00,SIN,SIN,A07,10,1,1,NML,6,2025
2386.,A320,PKLUR,BTK,BTK7515,BTK7514,20/13:49,20/13:53,20/14:49,20/14:58,0:56:00,HLP,HLP,009,10,1,1,NML,6,2025
2387.,B739,PKLQR,LNI,LNI261,LNI581,20/15:00,20/15:04,20/15:48,20/15:59,0:44:00,BPN,CGK,016,10,1,1,NML,6,2025
2388.,B738,PKGNE,GIA,GIA330,GIA331,20/14:13,20/14:16,20/15:11,20/15:20,0:55:00,HLP,HLP,004,10,1,1,NML,6,2025
2389.,A320,PKSJA,SJV,SJV619,SJV726,20/14:46,20/14:51,20/15:45,20/15:57,0:54:00,BPN,LBJ,010,10,1,1,NML,6,2025
2390.,B738,PKLOJ,LNI,LNI749,LNI722,20/14:50,20/14:54,20/15:54,20/16:05,1:00:00,MDC,KDI,009,10,1,1,NML,6,2025
2391.,B739,PKLGL,LNI,LNI707,LNI642,20/14:53,20/14:58,20/16:00,20/16:09,1:02:00,UPG,LOP,015,10,1,1,NML,6,2025
2392.,A320,PKGLX,CTV,CTV495,CTV434,20/15:54,20/15:58,20/16:45,20/16:56,0:47:00,BDJ,BPN,006,10,1,1,NML,6,2025
2393.,B739,PKLHY,LNI,LNI919,LNI260,20/18:04,20/18:08,20/19:08,20/19:18,1:00:00,DPS,BPN,15A,10,0,0,NML,6,2025
2394.,B735,PKNAQ,LKN,LKN193,LKN192,20/14:56,20/15:00,20/15:33,20/15:44,0:33:00,PKN,PKN,011,10,1,1,NML,6,2025
2395.,A320,PKLZH,BTK,BTK7501,BTK7512,20/15:13,20/15:16,20/16:04,20/16:15,0:48:00,HLP,HLP,008,10,1,1,NML,6,2025
2396.,A320,PKSAG,SJV,SJV643,SJV672,20/15:17,20/15:21,20/16:28,20/16:40,1:07:00,AAP,BEJ,012,10,1,1,NML,6,2025
2397.,A320,PKLAQ,BTK,BTK6347,BTK6401,20/15:29,20/15:33,20/16:27,20/16:38,0:54:00,BEJ,CGK,007,10,1,1,NML,6,2025
2398.,B738,HSLGJ,TLM,TLM268,TLM269,20/15:39,20/15:46,20/16:39,20/16:46,0:53:00,DMK,DMK,A03,10,1,1,NML,6,2025
2399.,A320,PKSTC,SJV,SJV637,SJV648,20/17:05,20/17:08,20/17:56,20/18:07,0:48:00,BDJ,BPN,008,10,1,1,NML,6,2025
2400.,B738,PKGMP,GIA,GIA310,GIA315,20/15:49,20/15:52,20/16:56,20/17:07,1:04:00,CGK,CGK,004,10,1,1,NML,6,2025
2401.,B738MAX,9VMBH,SIA,SIA926,SIA927,20/16:03,20/16:08,20/17:00,20/17:14,0:52:00,SIN,SIN,A08,10,1,1,NML,6,2025
2402.,B739,PKLHL,LNI,LNI681,LNI268,20/15:45,20/15:49,20/17:08,20/17:18,1:19:00,PKY,TRK,014,10,1,1,NML,6,2025
2403.,A320,PKPWA,PAS,PAS206,PAS623,20/16:06,20/16:08,20/16:49,20/16:58,0:41:00,CGK,BPN,005,10,1,1,NML,6,2025
2404.,A320,PKGLV,CTV,CTV699,CTV721,20/17:35,20/17:38,20/18:20,20/18:34,0:42:00,DPS,CGK,007,10,1,1,NML,6,2025
2405.,B739,PKLSI,LNI,LNI923,LNI920,20/18:27,20/18:30,20/19:32,20/19:48,1:02:00,DPS,DPS,010,10,1,1,NML,6,2025
2406.,B739,PKLHI,LNI,LNI972,LNI692,20/16:33,20/16:37,20/17:35,20/17:49,0:58:00,BTH,KOE,011,10,1,1,NML,6,2025
2407.,A320,PKGQS,CTV,CTV669,CTV488,20/18:49,20/18:54,20/19:34,20/19:50,0:40:00,DPS,BDJ,009,10,1,1,NML,6,2025
2408.,B739,PKLJG,LNI,LNI692,LNI226,20/16:00,20/16:04,20/17:34,20/17:44,1:30:00,CGK,BDJ,010,10,1,1,NML,6,2025
2409.,A320,PKBLC,BTK,BTK6578,BTK7579,20/17:24,20/17:28,20/18:19,20/18:29,0:51:00,CGK,CGK,012,10,1,1,NML,6,2025
2410.,B738,PKLOR,LNI,LNI695,LNI838,20/16:11,20/16:14,20/17:29,20/17:40,1:15:00,KOE,PNK,009,10,1,1,NML,6,2025
2411.,A320,PKAZJ,AWQ,AWQ323,AWQ326,20/17:12,20/17:17,20/17:54,20/18:05,0:37:00,KUL,KUL,A01,10,1,1,NML,6,2025
2412.,A320,PKPWC,PAS,PAS622,PAS207,20/17:31,20/17:35,20/18:29,20/18:41,0:54:00,BPN,CGK,006,10,1,1,NML,6,2025
2413.,B738,9MMLM,MAS,MAS875,MAS874,20/17:40,20/17:48,20/18:34,20/18:48,0:46:00,KUL,KUL,A06,10,1,1,NML,6,2025
2414.,B739,PKLSK,LNI,LNI879,LNI316,20/18:45,20/18:49,20/20:25,20/20:36,1:36:00,AMQ,BDJ,016,10,1,1,NML,6,2025
2415.,B738,PKGUH,GIA,GIA349,GIA313,20/17:50,20/17:53,20/18:55,20/19:02,1:02:00,DPS,CGK,004,10,1,1,NML,6,2025
2416.,A320,PKBKU,BTK,BTK7503,BTK7502,20/19:14,20/19:19,20/20:29,20/20:41,1:10:00,HLP,HLP,011,10,1,1,NML,6,2025
2417.,B738,PKGUI,GIA,GIA320,GIA325,20/17:54,20/17:57,20/19:09,20/19:25,1:12:00,CGK,CGK,005,10,1,1,NML,6,2025
2418.,A320,PKGQA,CTV,CTV172,CTV173,20/18:32,20/18:35,20/19:17,20/19:35,0:42:00,HLP,HLP,007,10,1,1,NML,6,2025
2419.,B738MAX,9VMBN,SIA,SIA928,SIA929,20/20:21,20/20:27,20/21:18,20/21:32,0:51:00,SIN,SIN,A06,10,1,1,NML,6,2025
2420.,A320,PKGLR,CTV,CTV736,CTV494,20/19:40,20/19:44,20/21:23,20/21:34,1:39:11,CGK,BDJ,007,10,1,1,NML,6,2025
2421.,A320,PKBLD,BTK,BTK6576,BTK6575,20/18:36,20/18:40,20/19:32,20/19:46,0:52:00,CGK,CGK,008,10,1,1,NML,6,2025
2422.,A320,PKSJA,SJV,SJV725,SJV716,20/21:29,20/21:33,20/22:23,20/22:33,0:50:23,LBJ,LOP,15A,10,0,0,NML,6,2025
2423.,B788,9VOFG,TGW,TGW266,TGW267,20/18:42,20/18:48,20/19:51,20/20:03,1:03:00,SIN,SIN,A06,10,1,1,NML,6,2025
2424.,B738,PKLOP,LNI,LNI885,LNI880,20/20:00,20/20:05,20/21:02,20/21:20,0:57:00,UPG,UPG,010,10,1,1,NML,6,2025
2425.,A320,PKLZH,BTK,BTK7519,BTK7518,20/19:29,20/19:33,20/20:38,20/20:46,1:05:00,HLP,HLP,15B,10,0,0,NML,6,2025
2426.,A320,PKGLX,CTV,CTV435,CTV737,20/20:24,20/20:31,20/21:26,20/21:38,0:55:00,BPN,CGK,009,10,1,1,NML,6,2025
2427.,B738,PKGFP,GIA,GIA326,GIA319,20/19:00,20/19:03,20/19:58,20/20:10,0:55:00,CGK,CGK,004,10,1,1,NML,6,2025
2428.,A320,PKGQL,CTV,CTV949,CTV9694,20/20:30,20/20:35,20/21:27,20/21:41,0:52:36,BTH,DPS,008,10,1,1,NML,6,2025
2429.,B738,PKLDK,BTK,BTK6586,BTK6587,20/19:22,20/19:25,20/20:45,20/20:56,1:20:00,CGK,CGK,15A,10,0,0,NML,6,2025
2430.,B738,PKCRI,SJY,SJY567,SJY562,20/20:34,20/20:39,20/21:37,20/21:47,0:58:22,UPG,UPG,011,10,1,1,NML,6,2025
2431.,A320,PKGQF,CTV,CTV489,CTV693,20/21:15,20/21:30,20/22:09,20/22:20,0:39:01,BDJ,DPS,009,10,1,1,NML,6,2025
2432.,A333,ECNYJ,SVA,SVA5538,SVA4538,20/19:33,20/19:41,20/21:44,20/21:59,2:03:00,MCT,JED,012,10,1,1,NML,6,2025
2433.,A320,PKGLS,CTV,CTV724,CTV354,20/23:27,20/23:30,21/00:14,21/00:25,0:44:15,CGK,UPG,007,10,1,1,NML,6,2025
2434.,A320,PKBKP,BTK,BTK6137,BTK6136,20/20:12,20/20:18,20/22:04,20/22:17,1:46:14,UPG,UPG,022,10,0,0,NML,6,2025
2435.,B738,PKLOP,LNI,LNI880,LNI880,20/21:23,20/21:27,20/22:59,20/23:10,1:32:00,SUB,UPG,010,10,1,1,NML,6,2025
2436.,A333,ECNOG,SVA,SVA5638,SVA4638,21/01:47,21/01:55,21/03:31,21/03:43,1:36:00,MCT,JED,012,10,1,1,NML,6,2025
2437.,A320,PKLAZ,BTK,BTK6406,BTK7508,20/16:43,20/16:47,21/05:05,21/05:14,12:18:00,CGK,HLP,025,28,0,0,NML,6,2025
"2438.,A320,PKSJO,SJV,SJV704A,SJV610,27/14:23,19/01:45,21/05:05,21/05:30,""24 days, 14:42:00"",SUB,BPN,023,28,0,0,NML,6,2025"
2439.,A320,PKAZJ,AWQ,AWQ327,AWQ320,20/23:44,20/23:48,21/05:00,21/05:12,5:12:00,KUL,KUL,A03,28,1,1,NML,6,2025
2440.,A320,PKGLY,CTV,CTV720,CTV430,20/22:31,20/22:34,21/05:08,21/05:19,6:34:00,CGK,BPN,003,28,0,0,NML,6,2025
2441.,B739,PKLGY,LNI,LNI801,LNI786,20/20:44,20/20:46,21/05:20,21/05:26,8:34:00,UPG,UPG,17B,28,0,0,NML,6,2025
2442.,B738,PKGUG,GIA,GIA324,GIA301,20/21:11,20/21:13,21/05:17,21/05:28,8:04:00,CGK,CGK,004,28,1,1,NML,6,2025
2443.,A320,PKGQL,CTV,CTV9695,CTV725,21/00:09,21/00:12,21/05:42,21/05:50,5:30:00,DPS,CGK,009,28,1,1,NML,6,2025
2444.,B739,PKLVF,LNI,LNI690,LNI690,21/05:09,21/05:15,21/06:07,21/06:16,0:52:00,CGK,KOE,014,28,1,1,NML,6,2025
2445.,B738,PKLOJ,LNI,LNI727,LNI868,20/20:05,20/20:10,21/05:59,21/06:14,9:49:48,KDI,TTE,021,28,0,0,NML,6,2025
2446.,A320,PKLUW,BTK,BTK7521,BTK6589,20/22:36,20/22:38,21/05:57,21/06:08,7:19:43,HLP,CGK,008,28,1,1,NML,6,2025
2447.,A320,PKGLE,CTV,CTV353,CTV670,21/05:16,21/05:22,21/06:11,21/06:17,0:48:53,UPG,LOP,007,28,1,1,NML,6,2025
2448.,B739,PKLGL,LNI,LNI865,LNI266,20/18:39,20/18:43,21/06:00,21/06:10,11:17:34,LOP,BPN,018,28,0,0,NML,6,2025
2449.,A320,PKSTC,SJV,SJV613,SJV706,20/21:25,20/21:28,21/06:11,21/06:22,8:43:00,BPN,DPS,016,28,1,1,NML,6,2025
2450.,A320,V8RBC,RBA,RBA795,RBA796,20/19:56,20/20:06,21/05:57,21/06:12,9:51:21,BWN,BWN,A07,28,1,1,NML,6,2025
2451.,A320,PKPWL,PAS,PAS202,PAS213,20/18:54,20/18:58,21/06:13,21/06:23,11:15:00,CGK,CGK,006,28,1,1,NML,6,2025
2452.,A320,PKAZO,AWQ,AWQ325,AWQ386,20/19:08,20/19:13,21/05:50,21/06:03,10:37:00,KUL,PEN,A01,28,1,1,NML,6,2025
2453.,A320,PKBKV,BTK,BTK6413,BTK6412,20/19:43,20/19:46,21/06:26,21/06:34,10:40:00,DPS,DPS,020,28,0,0,NML,6,2025
2454.,A320,PKSAG,SJV,SJV673,SJV634,20/20:53,20/21:01,21/06:29,21/06:38,9:27:48,BEJ,BDJ,026,28,0,0,NML,6,2025
2455.,B738MAX,PKOFM,AFE,AFE921,AFE921,21/05:47,21/05:54,21/06:32,21/06:43,0:38:00,CGK,TIM,004,28,1,1,NML,6,2025
2456.,B739,PKLSK,LNI,LNI311,LNI971,21/06:00,21/06:07,21/07:04,21/07:18,0:57:00,BDJ,BTH,012,28,1,1,NML,6,2025
2457.,A320,PKSJV,SJV,SJV717,SJV612,21/05:56,21/06:02,21/06:57,21/07:06,0:55:00,LOP,BPN,010,28,1,1,NML,6,2025
2458.,A320,PKLAF,BTK,BTK6594,BTK6135,20/20:18,20/20:23,21/07:05,21/07:20,10:41:38,CGK,PKN,17A,28,0,0,NML,6,2025
2459.,B738,PKGUE,GIA,GIA328,GIA305,20/20:15,20/20:19,21/06:59,21/07:11,10:40:00,CGK,CGK,005,28,1,1,NML,6,2025
2460.,B738,PKGFX,GIA,GIA855,GIA854,20/20:39,20/20:44,21/06:56,21/07:15,10:12:00,SIN,SIN,A02,28,1,1,NML,6,2025
2461.,B739,PKLHH,LNI,LNI363,LNI646,21/06:19,21/06:25,21/07:24,21/07:31,0:59:00,BPN,LOP,014,28,1,1,NML,6,2025
2462.,A320,PKBKU,BTK,BTK7511,BTK7510,21/06:41,21/06:46,21/07:29,21/07:39,0:43:00,HLP,HLP,008,28,1,1,NML,6,2025
2463.,A320,PKGQF,CTV,CTV690,CTV460,21/06:47,21/06:56,21/07:36,21/07:44,0:40:00,DPS,AAP,006,28,1,1,NML,6,2025
2464.,B739,PKLFY,LNI,LNI6000,LNI882,21/07:08,21/07:13,21/08:12,21/08:28,0:59:00,DPS,UPG,012,28,1,1,NML,6,2025
2465.,B739,PKLHI,LNI,LNI693,LNI693,21/06:52,21/07:01,21/07:49,21/08:01,0:48:00,KOE,CGK,009,28,1,1,NML,6,2025
2466.,B739,PKLSL,LNI,LNI929,LNI982,21/06:58,21/07:03,21/08:08,21/08:21,1:05:00,DPS,PKU,015,28,1,1,NML,6,2025
2467.,A21N,B324P,CSN,CSN8137,CSN8138,20/22:38,20/22:45,21/07:51,21/08:03,9:06:00,CAN,CAN,A06,28,1,1,NML,6,2025
2468.,A320,PKGQA,CTV,CTV170,CTV175,21/07:13,21/07:21,21/08:04,21/08:13,0:43:00,HLP,HLP,007,28,1,1,NML,6,2025
2469.,A333,BLBH,CPA,CPA779,CPA780,20/17:46,20/17:54,21/08:05,21/08:23,14:11:00,HKG,HKG,A08,28,1,1,NML,6,2025
2470.,B739,PKLHL,LNI,LNI267,LNI990,21/07:15,21/07:20,21/08:36,21/08:45,1:16:00,TRK,DPS,17B,28,0,0,NML,6,2025
"2471.,DHC6,PKICP,PGT,PKICP,PKICP,19/10:54,19/10:57,21/08:06,21/08:17,""1 day, 21:09:00"",PAG,PAG,028,28,0,0,NML,6,2025"
2472.,A320,PKBKM,BTK,BTK6572,BTK6573,21/07:50,21/07:56,21/08:52,21/09:11,0:56:00,CGK,CGK,010,10,1,1,NML,6,2025
2473.,B739,PKLFF,LNI,LNI970,LNI973,21/07:58,21/08:03,21/08:53,21/09:02,0:50:00,BTH,BTH,014,10,1,1,NML,6,2025
2474.,B738,PKLDM,MXD,MXD352,MXD353,20/20:27,20/20:32,21/09:13,21/09:23,12:41:00,KUL,KUL,A04,10,1,1,NML,6,2025
2475.,B739,PKLGJ,LNI,LNI315,LNI222,21/07:55,21/08:03,21/09:03,21/09:14,1:00:00,BDJ,BDJ,009,10,1,1,NML,6,2025
2476.,LJ60,VHAND,SEL,MEDIC78,VHAND,20/14:01,20/14:05,21/08:46,21/08:52,18:41:00,PEN,XSP,C01,10,0,0,NML,6,2025
2477.,A320,9VJSM,JSA,JSA249,JSA250,21/08:10,21/08:15,21/09:00,21/09:13,0:45:00,SIN,SIN,A07,10,1,1,NML,6,2025
2478.,B739,PKLHQ,LNI,LNI683,LNI682,21/08:19,21/08:24,21/09:19,21/09:32,0:55:00,PKY,PKY,016,10,1,1,NML,6,2025
2479.,B738,PKLOR,LNI,LNI837,LNI748,21/08:29,21/08:35,21/09:44,21/09:56,1:09:00,PNK,MDC,015,10,1,1,NML,6,2025
2480.,B738,PKGMY,GIA,GIA304,GIA342,21/08:25,21/08:31,21/09:32,21/09:43,1:01:00,CGK,DPS,004,10,1,1,NML,6,2025
2481.,A320,PKPWK,PAS,PAS200,PAS201,21/08:16,21/08:22,21/09:15,21/09:26,0:53:00,CGK,CGK,005,10,1,1,NML,6,2025
2482.,A320,PKSAK,SJV,SJV649,SJV7000,21/07:47,21/07:51,21/09:36,21/09:50,1:45:00,BPN,BPN,026,10,0,0,NML,6,2025
2483.,A320,PKGLE,CTV,CTV671,CTV486,21/08:47,21/08:53,21/09:32,21/09:45,0:39:00,LOP,BDJ,007,10,1,1,NML,6,2025
2484.,B738,9MMXR,MAS,MAS871,MAS870,21/09:04,21/09:10,21/10:06,21/10:16,0:56:00,KUL,KUL,A06,10,1,1,NML,6,2025
2485.,A320,PKLAM,BTK,BTK6588,BTK7514,20/22:15,20/22:18,21/10:11,21/10:22,11:53:00,CGK,HLP,011,10,1,1,NML,6,2025
2486.,A359,9VSHC,SIA,SIA922,SIA923,21/09:08,21/09:14,21/10:12,21/10:30,0:58:00,SIN,SIN,A08,10,1,1,NML,6,2025
2487.,A320,PKBKJ,BTK,BTK6584,BTK6585,21/09:30,21/09:34,21/10:30,21/10:40,0:56:00,CGK,CGK,009,10,1,1,NML,6,2025
2488.,A320,PKGQN,CTV,CTV351,CTV350,21/10:02,21/10:05,21/10:46,21/10:58,0:41:00,UPG,UPG,006,10,1,1,NML,6,2025
2489.,A320,PKSAG,SJV,SJV635,SJV632,21/09:19,21/09:25,21/10:14,21/10:27,0:49:00,BDJ,BDJ,010,10,1,1,NML,6,2025
2490.,B739,PKLGL,LNI,LNI367,LNI262,21/09:54,21/09:58,21/10:54,21/11:05,0:56:00,BPN,BPN,014,10,1,1,NML,6,2025
2491.,A20N,9VTNG,TGW,TGW296,TGW297,21/09:40,21/09:45,21/10:36,21/10:53,0:51:00,SIN,SIN,A02,10,1,1,NML,6,2025
2492.,A320,PKPWL,PAS,PAS210,PAS211,21/09:36,21/09:40,21/10:32,21/10:48,0:52:00,CGK,CGK,005,10,1,1,NML,6,2025
2493.,A320,PKLAL,BTK,BTK7513,BTK6346,21/09:59,21/10:03,21/10:51,21/11:00,0:48:00,HLP,BEJ,015,10,1,1,NML,6,2025
2494.,A320,PKLAF,BTK,BTK6134,BTK7516,21/09:46,21/09:50,21/11:01,21/11:10,1:11:00,PKN,HLP,012,10,1,1,NML,6,2025
2495.,A320,PKSTC,SJV,SJV703,SJV642,21/08:42,21/08:48,21/10:57,21/11:07,2:09:00,DPS,AAP,018,10,0,0,NML,6,2025
2496.,B739,PKLHH,LNI,LNI645,LNI822,21/10:34,21/10:38,21/11:28,21/11:39,0:50:00,LOP,LOP,017,10,1,1,NML,6,2025
2497.,B739,PKLSP,LNI,LNI694,LNI694,21/10:19,21/10:24,21/11:21,21/11:30,0:57:00,CGK,KOE,016,10,1,1,NML,6,2025
2498.,A320,PKAZJ,AWQ,AWQ321,AWQ322,21/10:46,21/10:51,21/11:29,21/11:37,0:38:00,KUL,KUL,A03,10,1,1,NML,6,2025
2499.,B739,PKLVF,LNI,LNI697,LNI697,21/10:55,21/10:59,21/11:56,21/12:06,0:57:00,KOE,CGK,011,10,1,1,NML,6,2025
2500.,B738,PKGMW,GIA,GIA322,GIA327,21/10:25,21/10:29,21/11:30,21/11:41,1:01:00,CGK,CGK,004,10,1,1,NML,6,2025
2501.,A320,PKBKU,BTK,BTK7517,BTK7520,21/10:44,21/10:48,21/11:40,21/11:53,0:52:00,HLP,HLP,008,10,1,1,NML,6,2025
2502.,B739,PKLSR,LNI,LNI791,LNI804,21/09:50,21/09:54,21/12:42,21/12:51,2:48:00,UPG,DPS,021,10,0,0,NML,6,2025
2503.,A320,PKGQF,CTV,CTV461,CTV698,21/11:13,21/11:16,21/12:05,21/12:13,0:49:00,AAP,DPS,006,10,1,1,NML,6,2025
2504.,A320,PKLAZ,BTK,BTK7515,BTK6581,21/09:16,21/09:19,21/12:10,21/12:21,2:51:00,HLP,CGK,020,10,0,0,NML,6,2025
2505.,B739,PKLHL,LNI,LNI805,LNI780,21/11:18,21/11:22,21/12:45,21/12:54,1:23:00,DPS,UPG,010,10,1,1,NML,6,2025
2506.,B739,PKLSL,LNI,LNI983,LNI680,21/13:45,21/13:49,21/14:55,21/15:09,1:06:00,PKU,PKY,012,10,1,1,NML,6,2025
2507.,A320,PKSJV,SJV,SJV611,SJV636,21/10:51,21/10:57,21/12:28,21/12:37,1:31:00,BPN,BDJ,022,10,0,0,NML,6,2025
2508.,A320,PKSAZ,SJV,SJV363,SJV362,21/13:32,21/13:36,21/14:38,21/14:50,1:02:00,KNO,KNO,009,10,1,1,NML,6,2025
2509.,A320,PKPWI,PAS,PAS204,PAS205,21/11:59,21/12:02,21/13:15,21/13:30,1:13:00,CGK,CGK,005,10,1,1,NML,6,2025
2510.,A320,PKAZO,AWQ,AWQ387,AWQ324,21/12:19,21/12:23,21/13:15,21/13:27,0:52:00,PEN,KUL,A03,10,1,1,NML,6,2025
2511.,,,SVA,-,SVA4688,--:--,--:--,--:--,--:--,None,-,JED,None,-,-1,-,NML,6,2025
2512.,B735,PKNAS,LKN,LKN671,LKN670,21/11:50,21/11:54,21/13:25,21/13:50,1:31:00,TMC,TMC,012,10,1,1,NML,6,2025
2513.,A320,PKGLE,CTV,CTV487,CTV668,21/13:48,21/13:51,21/14:35,21/14:46,0:44:00,BDJ,DPS,005,10,1,1,NML,6,2025
2514.,B738,PKLOJ,LNI,LNI869,LNI836,21/12:28,21/12:32,21/14:05,21/14:11,1:33:00,TTE,PNK,018,10,0,0,NML,6,2025
2515.,A320,PKGLU,CTV,CTV9693,CTV9692,21/13:40,21/13:42,21/14:23,21/14:34,0:41:00,DPS,DPS,006,10,1,1,NML,6,2025
2516.,A320,PKSAG,SJV,SJV633,SJV726,21/14:54,21/14:58,21/15:44,21/15:54,0:46:00,BDJ,LBJ,010,10,1,1,NML,6,2025
2517.,B739,PKLJG,LNI,LNI223,LNI910,21/15:24,21/15:29,21/16:25,21/16:33,0:56:00,BDJ,DPS,022,10,0,0,NML,6,2025
2518.,A320,PKGLY,CTV,CTV431,CTV948,21/14:00,21/14:03,21/14:52,21/15:06,0:49:00,BPN,BTH,007,10,1,1,NML,6,2025
2519.,B738,PKGNE,GIA,GIA312,GIA317,21/13:52,21/13:55,21/14:50,21/15:04,0:55:00,CGK,CGK,004,10,1,1,NML,6,2025
2520.,B739,PKLHH,LNI,LNI823,LNI260,21/14:03,21/14:08,21/14:58,21/15:13,0:50:00,LOP,BPN,015,10,1,1,NML,6,2025
2521.,B733F,PKMYV,MYU,MYU935,MYU815,21/13:56,21/14:01,21/14:45,21/15:00,0:44:00,SRG,CGK,C02,10,0,0,NML,6,2025
2522.,B739,PKLSU,LNI,LNI707,LNI642,21/15:01,21/15:05,21/16:00,21/16:10,0:55:00,UPG,LOP,011,10,1,1,NML,6,2025
2523.,B738,PKGFJ,GIA,GIA330,GIA331,21/14:58,21/15:02,21/16:02,21/16:19,1:00:00,HLP,HLP,004,10,1,1,NML,6,2025
2524.,B739,PKLHY,LNI,LNI261,LNI920,21/16:11,21/16:15,21/17:18,21/17:30,1:03:00,BPN,DPS,011,10,1,1,NML,6,2025
2525.,A320,PKGQF,CTV,CTV699,CTV434,21/14:51,21/14:54,21/15:38,21/15:51,0:44:00,DPS,BPN,006,10,1,1,NML,6,2025
2526.,A320,PKLUU,BTK,BTK7501,BTK7512,21/14:41,21/14:45,21/16:03,21/16:15,1:17:58,HLP,HLP,008,10,1,1,NML,6,2025
2527.,B739,PKLGY,LNI,LNI787,LNI581,21/13:37,21/13:40,21/16:29,21/16:39,2:49:00,UPG,CGK,021,10,0,0,NML,6,2025
2528.,B738,9MMLO,MAS,MAS873,MAS872,21/14:47,21/14:54,21/15:46,21/16:00,0:52:00,KUL,KUL,A07,10,1,1,NML,6,2025
2529.,A320,PKLAL,BTK,BTK6347,BTK6401,21/15:11,21/15:15,21/16:10,21/16:21,0:55:00,BEJ,CGK,009,10,1,1,NML,6,2025
2530.,B739,PKLSR,LNI,LNI919,LNI316,21/15:32,21/15:36,21/18:10,21/18:18,2:34:00,DPS,BDJ,015,10,1,1,NML,6,2025
2531.,B738,PKGNM,GIA,GIA310,GIA315,21/15:21,21/15:23,21/16:26,21/16:37,1:03:00,CGK,CGK,005,10,1,1,NML,6,2025
2532.,A320,PKSJV,SJV,SJV637,SJV648,21/15:57,21/16:01,21/16:54,21/17:00,0:52:53,BDJ,BPN,17B,10,0,0,NML,6,2025
2533.,B738MAX,PKOFM,AFE,AFE920,AFE920,21/16:01,21/16:06,21/16:36,21/16:55,0:30:00,TIM,CGK,006,10,1,1,NML,6,2025
2534.,B739,PKLSP,LNI,LNI695,LNI268,21/15:48,21/15:52,21/17:00,21/17:10,1:07:40,KOE,TRK,010,10,1,1,NML,6,2025
2535.,A320,PKPWN,PAS,PAS206,PAS623,21/17:31,21/17:34,21/18:10,21/18:25,0:36:00,CGK,BPN,007,10,1,1,NML,6,2025
2536.,B738,PKLSF,LNI,LNI839,LNI838,21/13:02,21/13:06,21/17:15,21/17:24,4:09:00,PNK,PNK,020,10,0,0,NML,6,2025
2537.,B739,PKLHI,LNI,LNI692,LNI692,21/16:07,21/16:11,21/17:22,21/17:34,1:11:00,CGK,KOE,016,10,1,1,NML,6,2025
2538.,GLF4,PKBON,CEO,CE054,CEO54,21/11:55,21/11:58,21/15:12,21/15:21,3:14:00,HLP,HLP,001,10,0,0,NML,6,2025
2539.,B738,PKLOR,LNI,LNI749,LNI706,21/15:39,21/15:43,21/17:18,21/17:28,1:35:00,MDC,UPG,17A,10,0,0,NML,6,2025
2540.,B739,PKLSL,LNI,LNI681,LNI226,21/18:08,21/18:11,21/18:55,21/19:08,0:44:00,PKY,BDJ,011,10,1,1,NML,6,2025
2541.,A333,ECODQ,SVA,SVA5184,SVA4184,21/15:18,21/15:22,21/17:28,21/17:39,2:06:00,MCT,JED,012,10,1,1,NML,6,2025
2542.,A320,PKGQK,CTV,CTV495,CTV721,21/17:43,21/17:47,21/18:29,21/18:40,0:42:00,BDJ,CGK,009,10,1,1,NML,6,2025
2543.,A320,PKAZL,AWQ,AWQ323,AWQ326,21/17:26,21/17:31,21/18:06,21/18:16,0:35:00,KUL,KUL,A03,10,1,1,NML,6,2025
2544.,A320,PKGLU,CTV,CTV669,CTV488,21/17:12,21/17:15,21/17:54,21/18:05,0:39:00,DPS,BDJ,008,10,1,1,NML,6,2025
2545.,A320,PKPWC,PAS,PAS622,PAS207,21/17:07,21/17:11,21/18:08,21/18:22,0:57:00,BPN,CGK,006,10,1,1,NML,6,2025
2546.,B739,PKLSK,LNI,LNI972,LNI800,21/17:04,21/17:09,21/20:16,21/20:31,3:07:00,BTH,UPG,014,10,1,1,NML,6,2025
2547.,B738,PKGFG,GIA,GIA320,GIA313,21/17:51,21/17:54,21/18:49,21/19:02,0:54:02,CGK,CGK,004,10,1,1,NML,6,2025
"2548.,A320,PKSJT,SJV,SJV567,SJV716,20/11:48,20/14:16,21/20:20,21/20:33,""1 day, 8:28:00"",PLW,LOP,024,10,0,1,NML,6,2025"
2549.,A320,PKBKY,BTK,BTK6582,BTK7502,21/11:28,21/11:32,21/20:11,21/20:20,8:39:00,CGK,HLP,023,10,0,0,NML,6,2025
2550.,B738,PKGMY,GIA,GIA349,GIA325,21/18:28,21/18:32,21/19:17,21/19:37,0:45:00,DPS,CGK,005,10,1,1,NML,6,2025
2551.,A320,PKGQI,CTV,CTV172,CTV173,21/19:13,21/19:16,21/19:46,21/19:58,0:30:00,HLP,HLP,007,10,1,1,NML,6,2025
2552.,B738MAX,9VMBC,SIA,SIA928,SIA929,21/18:02,21/18:07,21/18:56,21/19:15,0:49:00,SIN,SIN,A07,10,1,1,NML,6,2025
2553.,B738,PKLBW,BTK,BTK6576,BTK6575,21/19:31,21/19:35,21/20:28,21/20:40,0:53:00,CGK,CGK,009,10,1,1,NML,6,2025
2554.,B738,PKCRI,SJY,SJY567,SJY562,21/19:43,21/19:48,21/20:45,21/20:55,0:57:00,UPG,UPG,012,10,1,1,NML,6,2025
2555.,A320,PKGQQ,CTV,CTV736,CTV9694,21/19:28,21/19:30,21/20:13,21/20:25,0:43:00,CGK,DPS,005,10,1,1,NML,6,2025
2556.,A320,PKPWK,PAS,PAS202,PAS203,21/19:09,21/19:13,21/19:50,21/20:05,0:37:00,CGK,CGK,006,10,1,1,NML,6,2025
2557.,B738,PKGUG,GIA,GIA326,GIA319,21/19:06,21/19:08,21/19:59,21/20:10,0:51:00,CGK,CGK,004,10,1,1,NML,6,2025
2558.,A320,PKGQF,CTV,CTV435,CTV737,21/19:24,21/19:29,21/20:14,21/20:29,0:45:00,BPN,CGK,008,10,1,1,NML,6,2025
2559.,A320,PKGLV,CTV,CTV489,CTV693,21/20:42,21/20:46,21/21:27,21/21:37,0:41:00,BDJ,DPS,006,10,1,1,NML,6,2025
2560.,A320,PKGLR,CTV,CTV949,CTV494,21/20:22,21/20:29,21/20:59,21/21:14,0:30:00,BTH,BDJ,007,10,1,1,NML,6,2025
2561.,A320,PKLZH,BTK,BTK7503,BTK6136,21/18:56,21/19:00,21/21:56,21/22:02,2:56:00,HLP,UPG,010,10,1,1,NML,6,2025
2562.,A320,PKGLS,CTV,CTV724,CTV354,21/21:23,21/21:27,21/22:05,21/22:13,0:38:00,CGK,UPG,008,10,1,1,NML,6,2025
2563.,E135,PKVCS,CEO,CEO55,CEO55,21/18:59,21/19:04,21/22:25,21/22:35,3:21:00,HLP,HLP,001,10,0,0,NML,6,2025
2564.,A320,PKAZO,AWQ,AWQ325,AWQ320,21/19:16,21/19:22,22/05:00,22/05:14,9:38:00,KUL,KUL,A01,28,1,1,NML,6,2025
2565.,A320,PKSTC,SJV,SJV643,SJV610,21/15:07,21/15:10,22/05:08,22/05:21,13:58:10,AAP,BPN,026,28,0,0,NML,6,2025
2566.,B739,PKLSY,LNI,LNI883,LNI878,21/21:12,21/21:16,22/05:17,22/05:28,8:01:16,UPG,AMQ,023,28,0,0,NML,6,2025
2567.,A320,PKGQF,CTV,CTV720,CTV430,21/23:45,21/23:49,22/05:04,22/05:19,5:15:00,CGK,BPN,007,28,1,1,NML,6,2025
2568.,A320,PKLUI,BTK,BTK6588,BTK7508,21/21:26,21/21:33,22/05:01,22/05:16,7:28:00,CGK,HLP,009,28,1,1,NML,6,2025
2569.,B739,PKLJG,LNI,LNI923,LNI786,21/19:03,21/19:07,22/05:10,22/05:23,10:03:06,DPS,UPG,17B,28,0,0,NML,6,2025
2570.,B738,PKGFX,GIA,GIA855,GIA301,21/20:37,21/23:30,22/05:10,22/05:25,8:27:00,SIN,CGK,005,28,1,1,NML,6,2025
2571.,A320,PKGQQ,CTV,CTV9695,CTV725,21/22:47,21/22:51,22/05:27,22/05:39,6:36:00,DPS,CGK,006,28,1,1,NML,6,2025
2572.,B739,PKLHH,LNI,LNI690,LNI690,22/05:11,22/05:19,22/06:22,22/06:36,1:03:00,CGK,KOE,009,28,1,1,NML,6,2025
2573.,B739,PKLSU,LNI,LNI865,LNI266,21/18:36,21/18:41,22/05:50,22/05:56,11:09:00,LOP,BPN,021,28,0,0,NML,6,2025
2574.,A320,PKSJV,SJV,SJV613,SJV706,21/22:42,21/22:47,22/06:07,22/06:16,7:20:00,BPN,DPS,011,28,1,1,NML,6,2025
2575.,A320,PKGLS,CTV,CTV353,CTV9670,22/05:02,22/05:10,22/05:53,22/06:02,0:43:00,UPG,LOP,008,28,1,1,NML,6,2025
2576.,A320,PKLUH,BTK,BTK7521,BTK6589,21/22:39,21/22:44,22/06:15,22/06:25,7:31:00,HLP,CGK,010,28,1,1,NML,6,2025
2577.,A320,PKBKV,BTK,BTK6413,BTK6412,21/20:02,21/20:08,22/06:24,22/06:38,10:16:49,DPS,DPS,17A,28,0,0,NML,6,2025
2578.,A320,PKSAG,SJV,SJV725,SJV634,21/19:20,21/19:24,22/06:21,22/06:30,10:57:00,LBJ,BDJ,022,28,0,0,NML,6,2025
2579.,A320,PKSAQ,SJV,SJV717,SJV566,22/05:56,22/06:02,22/06:55,22/07:10,0:53:18,LOP,PLW,008,28,1,1,NML,6,2025
2580.,B739,PKLSR,LNI,LNI311,LNI971,22/06:05,22/06:13,22/07:03,22/07:17,0:50:00,BDJ,BTH,010,28,1,1,NML,6,2025
2581.,A320,PKLAQ,BTK,BTK6137,BTK6135,21/19:39,22/05:59,22/07:01,22/07:11,11:17:23,UPG,PKN,023,28,0,1,NML,6,2025
2582.,B738,PKGNM,GIA,GIA328,GIA305,21/20:26,21/20:30,22/06:53,22/07:06,10:23:00,CGK,CGK,004,28,1,1,NML,6,2025
2583.,B738,PKGFR,GIA,GIA324,GIA854,21/21:04,21/23:05,22/06:57,22/07:15,9:49:00,CGK,SIN,A02,28,1,1,NML,6,2025
2584.,B738,PKLOP,LNI,LNI709,LNI646,21/16:16,21/16:20,22/07:20,22/07:30,15:00:32,UPG,LOP,025,28,0,0,NML,6,2025
2585.,A320,PKBKY,BTK,BTK7511,BTK7510,22/06:53,22/06:59,22/07:44,22/07:50,0:45:36,HLP,HLP,009,28,1,1,NML,6,2025
2586.,A320,PKAZL,AWQ,AWQ327,AWQ392,21/23:40,21/23:46,22/07:29,22/07:40,7:43:00,KUL,JHB,A03,28,1,1,NML,6,2025
2587.,A320,PKGLV,CTV,CTV690,CTV460,22/06:44,22/06:50,22/07:27,22/07:36,0:37:00,DPS,AAP,005,28,1,1,NML,6,2025
2588.,B739,PKLFY,LNI,LNI929,LNI262,22/07:05,22/07:09,22/08:01,22/08:14,0:52:44,DPS,BPN,014,28,1,1,NML,6,2025
2589.,B739,PKLHI,LNI,LNI693,LNI693,22/06:47,22/06:53,22/07:48,22/08:03,0:55:00,KOE,CGK,011,28,1,1,NML,6,2025
2590.,A320,PKGQI,CTV,CTV170,CTV175,22/07:13,22/07:18,22/08:06,22/08:16,0:48:35,HLP,HLP,007,28,1,1,NML,6,2025
2591.,A333,BHLM,CPA,CPA779,CPA780,21/17:47,21/17:54,22/08:18,22/08:33,14:24:00,HKG,HKG,A08,28,1,1,NML,6,2025
2592.,B739,PKLSP,LNI,LNI267,LNI990,22/07:07,22/07:12,22/08:21,22/08:30,1:09:00,TRK,DPS,010,10,1,1,NML,6,2025
2593.,A320,PKLUK,BTK,BTK6406,BTK6391,21/15:28,22/06:25,22/08:38,22/08:47,17:05:00,CGK,CGK,020,28,0,0,NML,6,2025
2594.,B739,PKLSL,LNI,LNI315,LNI222,22/08:08,22/08:12,22/09:16,22/09:24,1:03:54,BDJ,BDJ,021,28,0,0,NML,6,2025
2595.,A333,ECNOF,SVA,SVA5688,SVA4688,22/06:33,22/06:40,22/08:31,22/08:43,1:51:17,JED,JED,015,28,1,1,NML,6,2025
2596.,B739,PKLHO,LNI,LNI683,LNI682,22/08:11,22/08:17,22/09:09,22/09:19,0:52:00,PKY,PKY,014,28,1,1,NML,6,2025
2597.,A320,PKSAY,SJV,SJV649,SJV618,22/07:53,22/07:59,22/08:51,22/09:01,0:52:51,BPN,BPN,009,28,1,1,NML,6,2025
2598.,B738,PKLOH,LNI,LNI837,LNI748,22/08:03,22/08:10,22/08:58,22/09:08,0:48:00,PNK,MDC,011,28,1,1,NML,6,2025
2599.,B738,PKGNA,GIA,GIA304,GIA342,22/08:23,22/08:29,22/09:19,22/09:28,0:50:02,CGK,DPS,004,28,1,1,NML,6,2025
2600.,A320,PKGLS,CTV,CTV9671,CTV486,22/08:27,22/08:34,22/09:16,22/09:26,0:42:00,LOP,BDJ,006,28,1,1,NML,6,2025
2601.,B738MAX,9MMVB,MAS,MAS871,MAS870,22/09:14,22/09:16,22/10:08,22/10:21,0:52:00,KUL,KUL,A07,28,1,1,NML,6,2025
2602.,A333,ECNOG,SVA,SVA5714,SVA4714,22/08:00,22/08:05,22/09:51,22/09:56,1:46:00,MCT,JED,017,28,1,1,NML,6,2025
2603.,B735,PKNAT,LKN,LKN243,LKN242,22/09:05,22/09:09,22/10:05,22/10:15,0:56:00,SMQ,SMQ,010,28,1,1,NML,6,2025
2604.,A359,9VSHM,SIA,SIA922,SIA923,22/09:37,22/09:42,22/10:40,22/10:57,0:58:00,SIN,SIN,A08,10,1,1,NML,6,2025
2605.,B739,PKLSU,LNI,LNI363,LNI856,22/09:46,22/09:51,22/10:44,22/10:55,0:53:00,BPN,PLM,014,10,1,1,NML,6,2025
2606.,A320,PKLUH,BTK,BTK6584,BTK6585,22/09:58,22/10:04,22/11:04,22/11:16,1:00:54,CGK,CGK,008,10,1,1,NML,6,2025
2607.,A320,PKSAG,SJV,SJV635,SJV632,22/09:10,22/09:16,22/10:19,22/10:31,1:03:19,BDJ,BDJ,011,28,1,1,NML,6,2025
2608.,A320,PKGQL,CTV,CTV351,CTV350,22/09:28,22/09:34,22/10:17,22/10:29,0:43:44,UPG,UPG,006,28,1,1,NML,6,2025
2609.,A20N,9VTNF,TGW,TGW296,TGW297,22/10:36,22/10:41,22/11:48,22/11:56,1:07:00,SIN,SIN,A02,10,1,1,NML,6,2025
2610.,B739,PKLHH,LNI,LNI697,LNI822,22/11:06,22/11:10,22/12:01,22/12:12,0:51:55,KOE,LOP,014,10,1,1,NML,6,2025
2611.,A320,PKPWD,PAS,PAS210,PAS211,22/10:04,22/10:09,22/11:01,22/11:10,0:52:14,CGK,CGK,005,10,1,1,NML,6,2025
2612.,A320,PKLUY,BTK,BTK7513,BTK7516,22/09:55,22/10:01,22/10:44,22/10:52,0:43:00,HLP,HLP,009,10,1,1,NML,6,2025
2613.,A320,PKLAQ,BTK,BTK6134,BTK6346,22/10:01,22/10:08,22/10:59,22/11:08,0:51:37,PKN,BEJ,010,10,1,1,NML,6,2025
2614.,A320,PKGLU,CTV,CTV722,CTV723,22/09:48,22/09:54,22/10:45,22/10:59,0:51:53,CGK,CGK,007,10,1,1,NML,6,2025
2615.,A320,PKSJV,SJV,SJV703,SJV642,22/08:41,22/08:45,22/10:53,22/11:04,2:07:02,DPS,AAP,022,10,0,0,NML,6,2025
2616.,B739,PKLFO,LNI,LNI694,LNI694,22/10:26,22/10:29,22/11:30,22/11:40,1:01:23,CGK,KOE,011,10,1,1,NML,6,2025
2617.,B739,PKLSO,LNI,LNI970,LNI973,22/12:49,22/12:53,22/14:00,22/14:16,1:07:00,BTH,BTH,011,10,1,1,NML,6,2025
2618.,A320,PKAZO,AWQ,AWQ321,AWQ322,22/10:33,22/10:37,22/11:18,22/11:28,0:41:19,KUL,KUL,A03,10,1,1,NML,6,2025
2619.,B738,PKGMI,GIA,GIA322,GIA327,22/10:17,22/10:25,22/11:38,22/11:50,1:13:58,CGK,CGK,004,10,1,1,NML,6,2025
2620.,A320,PKBKY,BTK,BTK7517,BTK7520,22/10:47,22/10:52,22/11:40,22/11:53,0:48:00,HLP,HLP,009,10,1,1,NML,6,2025
2621.,A320,PKGLV,CTV,CTV461,CTV698,22/10:59,22/11:03,22/11:47,22/11:58,0:44:29,AAP,DPS,006,10,1,1,NML,6,2025
2622.,B739,PKLFW,LNI,LNI805,LNI804,22/12:20,22/12:24,22/13:22,22/13:36,0:57:59,DPS,DPS,009,10,1,1,NML,6,2025
2623.,B739,PKLFY,LNI,LNI367,LNI706,22/11:45,22/11:48,22/12:48,22/13:00,1:00:47,BPN,UPG,010,10,1,1,NML,6,2025
2624.,A320,PKLUS,BTK,BTK6582,BTK6581,22/12:08,22/12:11,22/13:16,22/13:27,1:05:00,CGK,CGK,008,10,1,1,NML,6,2025
2625.,A320,PKSAG,SJV,SJV633,SJV636,22/13:46,22/13:52,22/14:44,22/14:55,0:52:00,BDJ,BDJ,016,10,1,1,NML,6,2025
2626.,B739,PKLSL,LNI,LNI223,LNI780,22/12:28,22/12:32,22/13:40,22/13:55,1:08:00,BDJ,UPG,014,10,1,1,NML,6,2025
2627.,B735,PKNAQ,LKN,LKN193,LKN192,22/11:41,22/11:45,22/12:23,22/12:34,0:38:00,PKN,PKN,011,10,1,1,NML,6,2025
2628.,A320,PKBKG,BTK,BTK6596,BTK6595,22/14:11,22/14:15,22/15:07,22/15:17,0:52:00,CGK,CGK,014,10,1,1,NML,6,2025
2629.,A320,PKGLS,CTV,CTV487,CTV668,22/12:15,22/12:19,22/13:26,22/13:40,1:07:00,BDJ,DPS,007,10,1,1,NML,6,2025
2630.,A320,PKPWJ,PAS,PAS204,PAS205,22/12:03,22/12:05,22/13:19,22/13:34,1:14:00,CGK,CGK,005,10,1,1,NML,6,2025
2631.,A320,PKAZL,AWQ,AWQ393,AWQ324,22/12:23,22/12:27,22/13:27,22/13:38,1:00:00,JHB,KUL,A03,10,1,1,NML,6,2025
2632.,B739,PKLJG,LNI,LNI791,LNI697,22/12:57,22/13:01,22/13:57,22/14:08,0:56:00,UPG,CGK,015,10,1,1,NML,6,2025
2633.,B739,PKLGY,LNI,LNI707,LNI680,22/14:38,22/14:43,22/15:50,22/16:01,1:07:00,UPG,PKY,015,10,1,1,NML,6,2025
2634.,A320,PKGLE,CTV,CTV9693,CTV9692,22/13:29,22/13:31,22/14:11,22/14:22,0:40:00,DPS,DPS,006,10,1,1,NML,6,2025
2635.,A320,PKSJV,SJV,SJV643,SJV726,22/14:53,22/14:57,22/15:54,22/16:05,0:57:00,AAP,LBJ,009,10,1,1,NML,6,2025
2636.,B738,PKLOJ,LNI,LNI839,LNI836,22/13:32,22/13:36,22/14:30,22/14:41,0:54:00,PNK,PNK,010,10,1,1,NML,6,2025
2637.,A320,PKGQF,CTV,CTV431,CTV948,22/13:50,22/13:54,22/14:38,22/14:48,0:44:00,BPN,BTH,009,10,1,1,NML,6,2025
2638.,A320,9VJSX,JSA,JSA247,JSA248,22/14:18,22/14:24,22/15:05,22/15:15,0:41:00,SIN,SIN,A06,10,1,1,NML,6,2025
2639.,A320,PKGQC,CTV,CTV716,CTV717,22/13:42,22/13:46,22/14:42,22/14:52,0:56:00,CGK,CGK,007,10,1,1,NML,6,2025
2640.,B738,PKGFI,GIA,GIA312,GIA317,22/13:53,22/13:57,22/14:53,22/15:06,0:56:00,CGK,CGK,004,10,1,1,NML,6,2025
2641.,A320,PKLUR,BTK,BTK7515,BTK7514,22/14:04,22/14:08,22/15:11,22/15:24,1:03:00,HLP,HLP,011,10,1,1,NML,6,2025
2642.,B739,PKLHH,LNI,LNI823,LNI260,22/15:00,22/15:05,22/16:00,22/16:10,0:55:00,LOP,BPN,018,10,0,0,NML,6,2025
2643.,A320,PKPWE,PAS,PAS208,PAS209,22/14:00,22/14:03,22/14:59,22/15:11,0:56:00,CGK,CGK,005,10,1,1,NML,6,2025
2644.,B738,PKGMD,GIA,GIA330,GIA331,22/14:13,22/14:18,22/15:08,22/15:22,0:50:00,HLP,HLP,008,10,1,1,NML,6,2025
2645.,B738,PKLKV,LNI,LNI3363,LNI722,22/11:26,22/11:30,22/15:23,22/15:35,3:52:06,BPN,KDI,024,10,0,0,NML,6,2025
2646.,A320,PKGLV,CTV,CTV699,CTV434,22/15:04,22/15:07,22/15:44,22/15:55,0:37:00,DPS,BPN,006,10,1,1,NML,6,2025
2647.,B739,PKLFW,LNI,LNI919,LNI920,22/16:34,22/16:40,22/17:28,22/17:37,0:47:53,DPS,DPS,018,10,0,0,NML,6,2025
2648.,B739,PKLSU,LNI,LNI857,LNI910,22/14:56,22/15:00,22/15:58,22/16:08,0:58:00,PLM,DPS,017,10,1,1,NML,6,2025
2649.,A320,PKLUQ,BTK,BTK6406,BTK7512,22/14:44,22/14:48,22/16:06,22/16:16,1:18:00,CGK,HLP,010,10,1,1,NML,6,2025
2650.,B738MAX,9MMVH,MAS,MAS873,MAS872,22/14:46,22/14:51,22/15:46,22/15:59,0:55:00,KUL,KUL,A07,10,1,1,NML,6,2025
2651.,B739,PKLSI,LNI,LNI801,LNI581,22/15:32,22/15:37,22/16:38,22/16:52,1:01:08,UPG,CGK,011,10,1,1,NML,6,2025
2652.,A320,PKSTH,SJV,SJV619,SJV672,22/16:14,22/16:18,22/17:19,22/17:31,1:01:00,BPN,BEJ,009,10,1,1,NML,6,2025
2653.,A320,PKBKY,BTK,BTK7501,BTK6401,22/15:27,22/15:32,22/16:15,22/16:26,0:43:00,HLP,CGK,008,10,1,1,NML,6,2025
2654.,B739,PKLGU,LNI,LNI972,LNI316,22/16:45,22/16:48,22/17:47,22/17:58,0:59:00,BTH,BDJ,010,10,1,1,NML,6,2025
2655.,B738,PKGMI,GIA,GIA310,GIA315,22/15:36,22/15:40,22/16:40,22/16:57,1:00:26,CGK,CGK,004,10,1,1,NML,6,2025
2656.,A320,PKSAG,SJV,SJV637,SJV648,22/17:52,22/17:56,22/18:51,22/19:06,0:55:00,BDJ,BPN,011,10,1,1,NML,6,2025
2657.,B739,PKLFO,LNI,LNI695,LNI268,22/15:57,22/16:01,22/16:57,22/17:09,0:56:00,KOE,TRK,014,10,1,1,NML,6,2025
2658.,A320,PKPWH,PAS,PAS206,PAS623,22/15:40,22/15:44,22/16:34,22/16:51,0:50:00,CGK,BPN,005,10,1,1,NML,6,2025
2659.,B739,PKLSR,LNI,LNI692,LNI692,22/17:39,22/17:43,22/18:43,22/18:52,1:00:00,CGK,KOE,014,10,1,1,NML,6,2025
2660.,B739,PKLSY,LNI,LNI879,LNI226,22/16:20,22/16:24,22/18:50,22/19:04,2:26:00,AMQ,BDJ,017,10,1,1,NML,6,2025
2661.,A320,PKBKL,BTK,BTK6578,BTK7579,22/18:22,22/18:26,22/19:12,22/19:27,0:46:00,CGK,CGK,010,10,1,1,NML,6,2025
2662.,A320,PKGLU,CTV,CTV495,CTV721,22/16:54,22/16:58,22/17:29,22/17:45,0:31:00,BDJ,CGK,007,10,1,1,NML,6,2025
2663.,B738,PKLOH,LNI,LNI749,LNI838,22/14:49,22/14:54,22/17:28,22/17:41,2:34:00,MDC,PNK,022,10,0,0,NML,6,2025
2664.,A320,PKGLE,CTV,CTV669,CTV488,22/17:28,22/17:33,22/18:17,22/18:29,0:44:00,DPS,BDJ,009,10,1,1,NML,6,2025
2665.,A320,PKAZO,AWQ,AWQ323,AWQ326,22/16:58,22/17:03,22/17:38,22/17:47,0:35:00,KUL,KUL,A03,10,1,1,NML,6,2025
2666.,B738,PKLOP,LNI,LNI645,LNI642,22/09:52,22/09:56,22/18:37,22/18:47,8:40:18,LOP,LOP,021,10,0,0,NML,6,2025
2667.,A320,PKPWA,PAS,PAS622,PAS207,22/17:21,22/17:24,22/18:22,22/18:34,0:58:00,BPN,CGK,006,10,1,1,NML,6,2025
2668.,B738,PKGNA,GIA,GIA349,GIA313,22/17:32,22/17:35,22/18:31,22/18:45,0:56:00,DPS,CGK,005,10,1,1,NML,6,2025
2669.,B738,PKLZM,MXD,MXD352,MXD353,22/21:03,22/21:10,22/22:12,22/22:20,1:02:00,KUL,KUL,A04,10,1,1,NML,6,2025
2670.,A320,PKSJV,SJV,SJV725,SJV716,22/19:22,22/19:27,22/20:09,22/20:24,0:42:00,LBJ,LOP,009,10,1,1,NML,6,2025
2671.,A320,PKLUY,BTK,BTK7503,BTK7502,22/18:17,22/18:24,22/19:05,22/19:20,0:41:00,HLP,HLP,008,10,1,1,NML,6,2025
2672.,B738,PKGUD,GIA,GIA320,GIA325,22/17:25,22/17:28,22/18:52,22/19:10,1:24:00,CGK,CGK,004,10,1,1,NML,6,2025
2673.,A320,PKGQA,CTV,CTV172,CTV173,22/17:56,22/18:00,22/18:48,22/19:02,0:48:00,HLP,HLP,007,10,1,1,NML,6,2025
2674.,B738MAX,9VMBG,SIA,SIA928,SIA929,22/18:06,22/18:12,22/19:05,22/19:25,0:53:00,SIN,SIN,A06,10,1,1,NML,6,2025
2675.,A320,PKBLA,BTK,BTK6576,BTK6575,22/20:17,22/20:22,22/21:10,22/21:24,0:48:00,CGK,CGK,014,10,1,1,NML,6,2025
2676.,B788,9VOFD,TGW,TGW266,TGW267,22/18:31,22/18:36,22/19:38,22/19:49,1:02:00,SIN,SIN,A07,10,1,1,NML,6,2025
2677.,B738,PKCRH,SJY,SJY567,SJY562,22/20:22,22/20:26,22/21:10,22/21:27,0:44:00,UPG,UPG,011,10,1,1,NML,6,2025
2678.,B738,PKLGY,LNI,LNI681,LNI880,22/18:42,22/18:47,22/22:28,22/22:39,3:41:00,PKY,UPG,018,10,0,0,NML,6,2025
2679.,A320,PKLUQ,BTK,BTK7519,BTK7518,22/19:31,22/19:35,22/20:18,22/20:30,0:43:00,HLP,HLP,008,10,1,1,NML,6,2025
2680.,A333,ECODR,SVA,SVA5712,SVA4712,22/17:42,22/17:48,22/20:00,22/20:14,2:12:00,MCT,JED,015,10,1,1,NML,6,2025
2681.,A320,PKGQQ,CTV,CTV949,CTV494,22/20:45,22/20:49,22/21:26,22/21:36,0:37:00,BTH,BDJ,008,10,1,1,NML,6,2025
2682.,B738,PKGMW,GIA,GIA326,GIA319,22/19:08,22/19:11,22/20:01,22/20:20,0:50:00,CGK,CGK,004,10,1,1,NML,6,2025
2683.,A320,PKGLV,CTV,CTV435,CTV737,22/19:17,22/19:21,22/20:00,22/20:14,0:39:00,BPN,CGK,005,10,1,1,NML,6,2025
2684.,A320,PKBLD,BTK,BTK6586,BTK6587,22/19:39,22/19:44,22/20:44,22/20:55,1:00:00,CGK,CGK,010,10,1,1,NML,6,2025
2685.,A320,PKGLY,CTV,CTV736,CTV9694,22/20:11,22/20:15,22/20:55,22/21:06,0:40:00,CGK,DPS,007,10,1,1,NML,6,2025
2686.,A320,PKGLG,CTV,CTV489,CTV693,22/22:08,22/22:12,22/22:52,22/23:03,0:40:00,BDJ,DPS,008,10,1,1,NML,6,2025
2687.,E135,VPCLL,TAB,VPCLL,VPCLL,22/18:27,22/18:32,22/21:48,22/21:57,3:16:00,HLP,HLP,A09,10,0,0,NML,6,2025
2688.,A320,PKGLU,CTV,CTV724,CTV354,22/21:21,22/21:24,22/21:59,22/22:11,0:35:00,CGK,UPG,007,10,1,1,NML,6,2025
2689.,A320,PKLUW,BTK,BTK6137,BTK6136,22/20:52,22/20:58,22/22:04,22/22:15,1:06:00,UPG,UPG,009,10,1,1,NML,6,2025
2690.,A333,ECODQ,SVA,SVA5320,SVA4320,22/21:41,22/21:47,22/23:58,23/00:11,2:11:00,MCT,JED,015,10,1,1,NML,6,2025
"2691.,A333,ECNYJ,SVA,SVA5600,SVA4600,22/01:57,22/02:02,23/02:42,23/03:00,""1 day, 0:40:00"",MCT,JED,012,28,1,1,NOP,6,2025"
2692.,B738,PKLKV,LNI,LNI727,LNI878,22/19:41,22/19:47,23/05:08,23/05:21,9:21:00,KDI,AMQ,023,28,0,0,NML,6,2025
2693.,A320,PKLUT,BTK,BTK6594,BTK7508,22/21:16,22/21:20,23/04:56,23/05:05,7:36:00,CGK,HLP,010,28,1,1,NML,6,2025
2694.,A320,PKGLX,CTV,CTV720,CTV430,22/22:57,22/23:00,23/05:01,23/05:12,6:01:00,CGK,BPN,007,28,1,1,NML,6,2025
2695.,B739,PKLJI,LNI,LNI261,LNI266,22/23:23,22/23:26,23/05:01,23/05:10,5:35:00,BPN,BPN,014,28,1,1,NML,6,2025
2696.,A320,PKSAY,SJV,SJV613,SJV610,22/22:02,22/22:09,23/05:02,23/05:15,6:53:00,BPN,BPN,021,28,0,0,NML,6,2025
2697.,B733F,PKMYV,MYU,MYU935,MYU815,22/12:53,22/12:58,23/05:16,23/05:26,16:18:00,SRG,CGK,C02,28,0,0,NML,6,2025
2698.,A320,PKAZL,AWQ,AWQ325,AWQ320,22/19:13,22/19:18,23/05:01,23/05:17,9:43:00,KUL,KUL,A01,28,1,1,NML,6,2025
2699.,A320,PKSTH,SJV,SJV673,SJV706,22/21:44,22/21:48,23/05:19,23/05:29,7:31:00,BEJ,DPS,17B,28,0,0,NML,6,2025
2700.,B739,PKLSP,LNI,LNI885,LNI786,22/23:31,22/23:34,23/05:10,23/05:23,5:36:00,UPG,UPG,009,28,1,1,NML,6,2025
2701.,B738,PKGFV,GIA,GIA324,GIA301,22/21:00,22/21:03,23/05:06,23/05:19,8:03:00,CGK,CGK,005,28,1,1,NML,6,2025
2702.,B739,PKLQR,LNI,LNI690,LNI690,23/05:03,23/05:10,23/06:10,23/06:22,1:00:00,CGK,KOE,010,28,1,1,NML,6,2025
2703.,A320,PKGLY,CTV,CTV9695,CTV725,22/23:49,22/23:53,23/05:46,23/05:56,5:53:00,DPS,CGK,008,28,1,1,NML,6,2025
2704.,A320,V8RBA,RBA,RBA795,RBA796,22/19:51,22/19:57,23/05:57,23/06:09,10:00:00,BWN,BWN,A06,28,1,1,NML,6,2025
2705.,A320,PKGLU,CTV,CTV353,CTV9670,23/05:06,23/05:15,23/05:57,23/06:06,0:42:00,UPG,LOP,007,28,1,1,NML,6,2025
2706.,B429,P3201,POL,P3201,P3201,22/17:13,22/17:15,23/06:08,23/06:15,12:53:00,BWX,BWXX,001,28,0,0,NML,6,2025
2707.,A320,PKLAZ,BTK,BTK6588,BTK6589,22/22:53,22/22:57,23/05:52,23/06:02,6:55:00,CGK,CGK,011,28,1,1,NML,6,2025
2708.,B739,PKLSU,LNI,LNI923,LNI882,22/18:59,22/19:04,23/06:05,23/06:17,11:01:00,DPS,UPG,024,28,0,0,NML,6,2025
2709.,A320,PKPWI,PAS,PAS202,PAS213,22/18:56,22/19:00,23/06:06,23/06:20,11:06:00,CGK,CGK,006,28,1,1,NML,6,2025
2710.,A320,PKBKV,BTK,BTK6413,BTK6412,22/20:08,22/20:14,23/06:18,23/06:27,10:04:00,DPS,DPS,022,28,0,0,NML,6,2025
2711.,A320,PKSAJ,SJV,SJV717,SJV566,23/05:54,23/06:00,23/07:05,23/07:24,1:05:00,LOP,PLW,009,28,1,1,NML,6,2025
2712.,E135,T7JCI,AFS,T7JCI,T7JCI,23/06:17,23/06:21,23/06:50,23/06:53,0:29:00,CGK,CGK,A09,28,0,0,NML,6,2025
2713.,A320,PKLAQ,BTK,BTK6347,BTK6135,22/15:19,22/15:25,23/06:59,23/07:13,15:34:00,BEJ,PKN,025,28,0,0,NML,6,2025
2714.,B739,PKLGU,LNI,LNI311,LNI971,23/06:03,23/06:08,23/06:59,23/07:11,0:51:00,BDJ,BTH,016,28,1,1,NML,6,2025
2715.,B738,PKGFR,GIA,GIA855,GIA854,22/20:42,22/20:49,23/07:03,23/07:06,10:14:00,SIN,SIN,A02,10,1,1,NML,6,2025
2716.,B738,PKGMI,GIA,GIA328,GIA305,22/20:38,22/20:42,23/06:53,23/07:02,10:11:00,CGK,CGK,004,28,1,1,NML,6,2025
2717.,E35L,N12AU,ACR,N12AU,N12AU,22/16:48,22/16:51,23/07:05,23/07:15,14:14:00,DMK,DRW,C01,28,0,0,NML,6,2025
2718.,A320,PKLUQ,BTK,BTK7511,BTK7510,23/06:36,23/06:42,23/07:29,23/07:42,0:47:34,HLP,HLP,008,28,1,1,NML,6,2025
2719.,A320,PKAZO,AWQ,AWQ327,AWQ392,22/23:09,22/23:14,23/07:26,23/07:40,8:12:00,KUL,JHB,A07,10,1,1,NML,6,2025
2720.,B739,PKLSR,LNI,LNI693,LNI646,23/06:53,23/06:59,23/07:57,23/08:07,0:57:27,KOE,LOP,012,28,1,1,NML,6,2025
2721.,A320,PKGLG,CTV,CTV690,CTV460,23/07:06,23/07:15,23/07:59,23/08:11,0:44:00,DPS,AAP,006,28,1,1,NML,6,2025
2722.,B739,PKLSK,LNI,LNI929,LNI693,23/07:15,23/07:19,23/08:11,23/08:21,0:52:00,DPS,CGK,011,28,1,1,NML,6,2025
2723.,A333,BHLN,CPA,CPA779,CPA780,22/17:49,22/17:55,23/08:08,23/08:24,14:13:00,HKG,HKG,A08,28,1,1,NML,6,2025
2724.,A21N,B32KY,CSN,CSN8137,CSN8138,22/21:18,22/21:24,23/07:48,23/07:58,10:24:00,CAN,CAN,A03,28,1,1,NML,6,2025
2725.,A320,PKGQA,CTV,CTV170,CTV175,23/07:19,23/07:27,23/08:05,23/08:14,0:38:00,HLP,HLP,007,28,1,1,NML,6,2025
2726.,B739,PKLSY,LNI,LNI315,LNI222,23/07:43,23/07:46,23/08:50,23/09:01,1:04:00,BDJ,BDJ,018,28,0,0,NML,6,2025
2727.,B739,PKLFO,LNI,LNI267,LNI990,23/07:09,23/07:15,23/08:19,23/08:28,1:03:50,TRK,DPS,010,28,1,1,NML,6,2025
2728.,A320,PKBLD,BTK,BTK6572,BTK6573,23/07:46,23/07:50,23/08:55,23/09:07,1:05:35,CGK,CGK,008,28,1,1,NML,6,2025
2729.,B738,PKLOH,LNI,LNI837,LNI868,23/07:38,23/07:44,23/08:50,23/09:04,1:06:00,PNK,TTE,009,28,1,1,NML,6,2025
2730.,A320,PKSTH,SJV,SJV703,SJV634,23/08:05,23/08:14,23/09:02,23/09:13,0:48:54,DPS,BDJ,15A,10,0,0,NML,6,2025
2731.,B739,PKLHQ,LNI,LNI683,LNI682,23/08:04,23/08:11,23/09:10,23/09:21,0:59:49,PKY,PKY,15B,10,0,0,NML,6,2025
2732.,B738,PKLOP,LNI,LNI865,LNI748,22/21:10,22/21:15,23/09:02,23/09:17,11:47:41,LOP,MDC,17A,10,0,0,NML,6,2025
2733.,A320,PKGLU,CTV,CTV9671,CTV486,23/08:30,23/08:36,23/09:12,23/09:29,0:35:47,LOP,BDJ,006,10,1,1,NML,6,2025
2734.,B738,PKGNM,GIA,GIA304,GIA342,23/08:18,23/08:26,23/09:16,23/09:33,0:50:22,CGK,DPS,004,10,1,1,NML,6,2025
2735.,A320,PKPWK,PAS,PAS200,PAS201,23/08:22,23/08:27,23/09:18,23/09:36,0:51:20,CGK,CGK,005,10,1,1,NML,6,2025
2736.,B739,PKLJI,LNI,LNI367,LNI856,23/08:58,23/09:03,23/09:59,23/10:17,0:56:00,BPN,PLM,016,10,1,1,NML,6,2025
2737.,A320,PKSJF,SJV,SJV641,SJV618,23/08:33,23/08:37,23/09:51,23/10:01,1:14:13,AAP,BPN,010,10,1,1,NML,6,2025
2738.,B738,9MMLT,MAS,MAS871,MAS870,23/09:15,23/09:21,23/10:10,23/10:22,0:49:00,KUL,KUL,A07,10,1,1,NML,6,2025
2739.,A320,PKGLE,CTV,CTV351,CTV350,23/10:10,23/10:12,23/10:58,23/11:09,0:46:00,UPG,UPG,006,10,1,1,NML,6,2025
2740.,A359,9VSHK,SIA,SIA922,SIA923,23/09:02,23/09:08,23/10:06,23/10:19,0:57:59,SIN,SIN,A08,10,1,1,NML,6,2025
2741.,A320,PKLAZ,BTK,BTK6584,BTK6585,23/09:27,23/09:30,23/10:19,23/10:30,0:48:06,CGK,CGK,008,10,1,1,NML,6,2025
2742.,A320,PKSAY,SJV,SJV649,SJV632,23/08:46,23/08:51,23/10:19,23/10:37,1:28:07,BPN,BDJ,011,10,1,1,NML,6,2025
2743.,A320,9VTRU,TGW,TGW296,TGW297,23/09:34,23/09:39,23/10:28,23/10:39,0:49:00,SIN,SIN,A02,10,1,1,NML,6,2025
2744.,A333,ECNOF,SVA,SVA5442,SVA4442,23/09:30,23/09:35,23/11:39,23/11:50,2:04:00,MCT,JED,012,10,1,1,NML,6,2025
2745.,A320,PKLAQ,BTK,BTK6134,BTK6346,23/09:48,23/09:52,23/10:39,23/10:50,0:47:24,PKN,BEJ,15B,10,0,0,NML,6,2025
2746.,A320,PKLUI,BTK,BTK7513,BTK7516,23/09:55,23/09:59,23/10:45,23/10:58,0:46:00,HLP,HLP,009,10,1,1,NML,6,2025
2747.,A320,PKGLR,CTV,CTV722,CTV723,23/09:52,23/09:56,23/10:52,23/11:13,0:56:00,CGK,CGK,007,10,1,1,NML,6,2025
2748.,B739,PKLSR,LNI,LNI645,LNI822,23/10:42,23/10:45,23/11:49,23/12:02,1:04:00,LOP,LOP,014,10,1,1,NML,6,2025
2749.,B739,PKLJG,LNI,LNI694,LNI694,23/10:28,23/10:31,23/11:30,23/11:42,0:58:22,CGK,KOE,011,10,1,1,NML,6,2025
2750.,B739,PKLQR,LNI,LNI697,LNI697,23/10:55,23/11:01,23/11:44,23/11:55,0:43:00,KOE,CGK,016,10,1,1,NML,6,2025
2751.,A320,PKAZL,AWQ,AWQ321,AWQ322,23/10:52,23/10:56,23/11:33,23/11:40,0:37:00,KUL,KUL,A03,10,1,1,NML,6,2025
2752.,B735,PKNAT,LKN,LKN243,LKN242,23/10:05,23/10:08,23/11:14,23/11:22,1:06:00,SMQ,SMQ,010,10,1,1,NML,6,2025
2753.,A320,PKLUQ,BTK,BTK7517,BTK7520,23/10:48,23/10:51,23/11:37,23/11:47,0:46:00,HLP,HLP,008,10,1,1,NML,6,2025
2754.,B738,PKGMF,GIA,GIA322,GIA327,23/10:15,23/10:18,23/11:32,23/11:44,1:14:00,CGK,CGK,004,10,1,1,NML,6,2025
2755.,A320,PKGLG,CTV,CTV461,CTV698,23/11:59,23/12:04,23/12:50,23/13:00,0:46:00,AAP,DPS,007,10,1,1,NML,6,2025
2756.,B739,PKLFO,LNI,LNI805,LNI804,23/11:05,23/11:09,23/11:59,23/12:10,0:50:00,DPS,DPS,009,10,1,1,NML,6,2025
2757.,A320,PKSTH,SJV,SJV635,SJV642,23/12:26,23/12:29,23/13:33,23/13:52,1:04:00,BDJ,AAP,011,10,1,1,NML,6,2025
"2758.,B738,PKLBK,MXD,MXD352,MXD353,21/19:34,23/11:05,23/12:15,23/12:28,""1 day, 16:34:00"",KUL,KUL,A04,10,1,1,NML,6,2025"
2759.,A320,PKBKL,BTK,BTK6582,BTK6581,23/12:22,23/12:28,23/13:20,23/13:33,0:52:00,CGK,CGK,008,10,1,1,NML,6,2025
2760.,B739,PKLHP,LNI,LNI970,LNI780,23/11:26,23/11:31,23/13:44,23/14:00,2:13:00,BTH,UPG,015,10,1,1,NML,6,2025
2761.,B739,PKLSU,LNI,LNI791,LNI680,23/09:59,23/10:04,23/13:26,23/13:44,3:21:58,UPG,PKY,018,10,0,0,NML,6,2025
2762.,A320,PKSAY,SJV,SJV633,SJV636,23/13:53,23/13:56,23/16:20,23/16:30,2:24:00,BDJ,BDJ,17A,10,0,0,NML,6,2025
2763.,B735,PKNAQ,LKN,LKN193,LKN192,23/11:33,23/11:37,23/12:22,23/12:32,0:45:00,PKN,PKN,010,10,1,1,NML,6,2025
2764.,B739,PKLFK,LNI,LNI223,LNI973,23/13:42,23/13:46,23/14:38,23/14:52,0:52:00,BDJ,BTH,016,10,1,1,NML,6,2025
2765.,A320,PKBKG,BTK,BTK6596,BTK6595,23/13:28,23/13:31,23/14:37,23/14:46,1:06:00,CGK,CGK,010,10,1,1,NML,6,2025
2766.,A320,PKPWG,PAS,PAS204,PAS205,23/12:06,23/12:09,23/13:22,23/13:37,1:13:00,CGK,CGK,005,10,1,1,NML,6,2025
2767.,A320,PKGLU,CTV,CTV487,CTV668,23/12:44,23/12:48,23/13:36,23/13:58,0:48:00,BDJ,DPS,009,10,1,1,NML,6,2025
2768.,A320,PKAZO,AWQ,AWQ393,AWQ324,23/12:28,23/12:33,23/13:09,23/13:24,0:36:00,JHB,KUL,A03,10,1,1,NML,6,2025
2769.,A320,PKGQO,CTV,CTV9693,CTV9692,23/12:33,23/12:37,23/13:28,23/13:48,0:51:00,DPS,DPS,006,10,1,1,NML,6,2025
2770.,B739,PKLSP,LNI,LNI787,LNI686,23/14:08,23/14:12,23/15:01,23/15:17,0:49:00,UPG,PKY,15A,10,0,0,NML,6,2025
2771.,A320,PKLAL,BTK,BTK7521,BTK5003,22/20:37,22/20:41,23/14:07,23/14:17,17:26:00,HLP,LBJ,020,10,0,0,NML,6,2025
2772.,A320,PKSJO,SJV,SJV619,SJV726,23/16:10,23/16:14,23/17:42,23/17:53,1:28:00,BPN,LBJ,008,10,1,1,NML,6,2025
2773.,B738,PKLOJ,LNI,LNI839,LNI836,23/14:29,23/14:34,23/15:40,23/15:51,1:06:00,PNK,PNK,17B,10,0,0,NML,6,2025
2774.,A320,PKGLX,CTV,CTV431,CTV948,23/13:45,23/13:49,23/14:33,23/14:41,0:44:00,BPN,BTH,008,10,1,1,NML,6,2025
2775.,B739,PKLJI,LNI,LNI857,LNI910,23/14:12,23/14:16,23/15:24,23/15:33,1:08:00,PLM,DPS,018,10,0,0,NML,6,2025
2776.,A320,PKGQE,CTV,CTV716,CTV717,23/13:39,23/13:42,23/14:27,23/14:37,0:45:00,CGK,CGK,007,10,1,1,NML,6,2025
2777.,B738,PKGNA,GIA,GIA312,GIA317,23/13:31,23/13:33,23/14:36,23/14:51,1:03:00,CGK,CGK,004,10,1,1,NML,6,2025
2778.,B739,PKLSR,LNI,LNI823,LNI260,23/14:34,23/14:38,23/16:04,23/16:14,1:26:00,LOP,BPN,020,10,0,0,NML,6,2025
2779.,A320,9VJSL,JSA,JSA247,JSA248,23/13:55,23/14:00,23/14:48,23/15:01,0:48:00,SIN,SIN,A08,10,1,1,NML,6,2025
2780.,A320,PKLUY,BTK,BTK7515,BTK7514,23/14:02,23/14:06,23/14:57,23/15:07,0:51:00,HLP,HLP,009,10,1,1,NML,6,2025
2781.,A320,PKPWE,PAS,PAS208,PAS209,23/13:49,23/13:52,23/14:57,23/15:09,1:05:00,CGK,CGK,006,10,1,1,NML,6,2025
2782.,B738,PKGUC,GIA,GIA330,GIA331,23/14:05,23/14:08,23/15:02,23/15:15,0:54:00,HLP,HLP,005,10,1,1,NML,6,2025
2783.,B738,PKLKV,LNI,LNI879,LNI722,23/14:25,23/14:29,23/15:35,23/15:47,1:06:00,AMQ,KDI,15B,10,0,0,NML,6,2025
2784.,B739,PKLFO,LNI,LNI919,LNI920,23/14:54,23/14:58,23/16:21,23/16:33,1:23:00,DPS,DPS,021,10,0,0,NML,6,2025
2785.,A320,PKLAQ,BTK,BTK6347,BTK7512,23/15:11,23/15:15,23/16:08,23/16:18,0:53:00,BEJ,HLP,009,10,1,1,NML,6,2025
2786.,A320,PKGLG,CTV,CTV699,CTV434,23/15:49,23/15:52,23/16:35,23/16:47,0:43:00,DPS,BPN,006,10,1,1,NML,6,2025
2787.,B739,PKLSK,LNI,LNI707,LNI581,23/15:54,23/15:59,23/16:55,23/17:03,0:56:00,UPG,CGK,011,10,1,1,NML,6,2025
2788.,BK17,PKFCN,FCN,PKFCN,PKFCN,23/13:14,23/13:18,23/14:08,23/14:16,0:50:00,DPS,SRG,H05,10,0,0,NML,6,2025
2789.,A320,PKLUQ,BTK,BTK7501,BTK6401,23/14:48,23/14:52,23/16:04,23/16:16,1:12:00,HLP,CGK,010,10,1,1,NML,6,2025
2790.,A320,PKSTH,SJV,SJV643,SJV672,23/17:47,23/17:52,23/18:50,23/19:04,0:58:00,AAP,BEJ,010,10,1,1,NML,6,2025
2791.,B739,PKLJI,LNI,LNI923,LNI316,23/18:26,23/18:32,23/19:29,23/19:38,0:57:00,DPS,BDJ,014,10,1,1,NML,6,2025
2792.,B738,HSLUY,TLM,TLM268,TLM269,23/15:03,23/15:09,23/16:18,23/16:29,1:09:00,DMK,DMK,A04,10,1,1,NML,6,2025
2793.,B738MAX,9VMBC,SIA,SIA926,SIA927,23/15:38,23/15:43,23/16:31,23/16:44,0:48:00,SIN,SIN,A07,10,1,1,NML,6,2025
2794.,B738,PKGMF,GIA,GIA310,GIA315,23/15:31,23/15:35,23/16:30,23/16:42,0:55:00,CGK,CGK,004,10,1,1,NML,6,2025
2795.,A333,ECNOG,SVA,SVA5628,SVA4628,23/14:16,23/14:21,23/16:24,23/16:36,2:03:00,MCT,JED,012,10,1,1,NML,6,2025
2796.,B739,PKLSU,LNI,LNI681,LNI268,23/16:26,23/16:31,23/17:15,23/17:28,0:44:00,PKY,TRK,016,10,1,1,NML,6,2025
2797.,A320,PKPWI,PAS,PAS206,PAS623,23/15:44,23/15:48,23/16:40,23/16:56,0:52:00,CGK,BPN,005,10,1,1,NML,6,2025
2798.,B739,PKLFF,LNI,LNI692,LNI692,23/17:56,23/18:00,23/18:57,23/19:11,0:57:00,CGK,KOE,012,10,1,1,NML,6,2025
2799.,A320,PKSAY,SJV,SJV637,SJV648,23/19:23,23/19:27,23/21:00,23/21:14,1:33:00,BDJ,BPN,009,10,1,1,NML,6,2025
2800.,A320,PKGQO,CTV,CTV669,CTV488,23/16:39,23/16:43,23/17:13,23/17:24,0:30:00,DPS,BDJ,007,10,1,1,NML,6,2025
2801.,B739,PKLGU,LNI,LNI972,LNI226,23/16:54,23/16:58,23/17:48,23/18:00,0:50:00,BTH,BDJ,014,10,1,1,NML,6,2025
2802.,B738,PKLOH,LNI,LNI869,LNI838,23/15:35,23/15:39,23/17:37,23/17:50,1:58:00,TTE,PNK,022,10,0,0,NML,6,2025
2803.,A320,PKAZL,AWQ,AWQ323,AWQ326,23/17:22,23/17:27,23/18:05,23/18:15,0:38:00,KUL,KUL,A03,10,1,1,NML,6,2025
2804.,B739,PKLSP,LNI,LNI687,LNI642,23/18:13,23/18:16,23/19:19,23/19:30,1:02:00,PKY,LOP,15A,10,0,0,NML,6,2025
2805.,A320,PKPWC,PAS,PAS622,PAS207,23/17:18,23/17:22,23/18:07,23/18:22,0:45:00,BPN,CGK,006,10,1,1,NML,6,2025
2806.,B738,9MMXC,MAS,MAS875,MAS874,23/17:31,23/17:37,23/18:32,23/18:41,0:55:00,KUL,KUL,A06,10,1,1,NML,6,2025
2807.,B738,PKGNM,GIA,GIA349,GIA313,23/18:09,23/18:12,23/19:00,23/19:21,0:48:00,DPS,CGK,005,10,1,1,NML,6,2025
2808.,A320,PKSJO,SJV,SJV725,SJV716,23/21:12,23/21:16,23/22:14,23/22:24,0:58:00,LBJ,LOP,008,10,1,1,NML,6,2025
2809.,A320,PKLUI,BTK,BTK7503,BTK7502,23/18:06,23/18:09,23/18:50,23/19:02,0:41:00,HLP,HLP,008,10,1,1,NML,6,2025
2810.,B738,PKGMI,GIA,GIA320,GIA325,23/17:26,23/17:30,23/18:57,23/19:18,1:27:00,CGK,CGK,004,10,1,1,NML,6,2025
2811.,A320,PKGQI,CTV,CTV172,CTV173,23/18:02,23/18:08,23/18:54,23/19:06,0:46:00,HLP,HLP,007,10,1,1,NML,6,2025
2812.,B738MAX,9VMBF,SIA,SIA928,SIA929,23/18:23,23/18:29,23/19:20,23/19:36,0:50:59,SIN,SIN,A07,10,1,1,NML,6,2025
2813.,A320,PKBLA,BTK,BTK6576,BTK6575,23/18:19,23/18:23,23/19:18,23/19:27,0:55:00,CGK,CGK,011,10,1,1,NML,6,2025
2814.,A320,PKGQR,CTV,CTV495,CTV494,23/16:08,23/16:11,23/19:29,23/19:40,3:18:00,BDJ,BDJ,003,10,0,0,NML,6,2025
2815.,A320,PKLAQ,BTK,BTK7519,BTK7518,23/19:13,23/19:17,23/19:58,23/20:10,0:41:00,HLP,HLP,008,10,1,1,NML,6,2025
2816.,B738,PKLKV,LNI,LNI727,LNI880,23/19:59,23/20:03,23/20:53,23/21:03,0:50:00,KDI,UPG,15B,10,0,0,NML,6,2025
2817.,A320,PKGQQ,CTV,CTV736,CTV9694,23/19:19,23/19:23,23/19:58,23/20:12,0:35:00,CGK,DPS,005,10,1,1,NML,6,2025
2818.,B738,PKGUI,GIA,GIA326,GIA319,23/19:15,23/19:19,23/20:19,23/20:32,1:00:00,CGK,CGK,004,10,1,1,NML,6,2025
2819.,A320,PKGLR,CTV,CTV724,CTV354,23/19:34,23/19:37,23/20:20,23/20:33,0:43:00,CGK,UPG,007,10,1,1,NML,6,2025
2820.,A320,PKGLG,CTV,CTV435,CTV737,23/20:06,23/20:09,23/20:47,23/20:57,0:38:00,BPN,CGK,005,10,1,1,NML,6,2025
2821.,B738,PKCRH,SJY,SJY567,SJY562,23/21:29,23/21:33,23/22:18,23/22:26,0:45:00,UPG,UPG,012,10,1,1,NML,6,2025
2822.,A320,PKGLV,CTV,CTV489,CTV693,23/20:17,23/20:27,23/21:03,23/21:16,0:36:00,BDJ,DPS,007,10,1,1,NML,6,2025
2823.,A320,PKSTT,SJV,SJV567,SJV7008,23/19:52,23/19:56,23/22:07,23/22:18,2:11:00,PLW,UPG,010,10,1,1,NML,6,2025
2824.,A320,PKLUG,BTK,BTK6137,BTK6136,23/19:43,23/19:48,23/22:19,23/22:29,2:31:00,UPG,UPG,011,10,1,1,NML,6,2025
2825.,A333,ECODR,SVA,SVA5620,SVA4620,24/00:32,24/00:37,24/02:45,24/02:54,2:08:00,MCT,JED,012,28,1,1,NML,6,2025
2826.,A320,PKAZO,AWQ,AWQ325,AWQ320,23/19:09,23/19:14,24/05:00,24/05:17,9:46:00,KUL,KUL,A01,28,1,1,NML,6,2025
2827.,A320,PKSAG,SJV,SJV613,SJV610,23/21:55,23/21:59,24/04:57,24/05:13,6:58:00,BPN,BPN,17B,28,0,0,NML,6,2025
2828.,A320,PKBLB,BTK,BTK6406,BTK7508,23/14:20,23/14:24,24/05:01,24/05:19,14:37:00,CGK,HLP,025,28,0,0,NML,6,2025
2829.,B738,PKLJQ,LNI,LNI885,LNI878,23/21:51,24/01:08,24/04:57,24/05:07,7:03:00,UPG,AMQ,011,28,1,0,NML,6,2025
2830.,A320,PKGQQ,CTV,CTV9695,CTV430,23/22:42,23/22:46,24/05:00,24/05:15,6:14:00,DPS,BPN,007,28,1,1,NML,6,2025
2831.,B739,PKLSP,LNI,LNI865,LNI786,23/21:59,23/22:02,24/05:07,24/05:21,7:05:00,LOP,UPG,022,28,0,0,NML,6,2025
2832.,B738,PKGFR,GIA,GIA855,GIA301,23/20:02,23/23:37,24/05:10,24/05:20,9:03:00,SIN,CGK,005,28,1,1,NML,6,2025
2833.,A320,PKGLY,CTV,CTV949,CTV725,23/18:34,23/18:38,24/05:45,24/05:56,11:07:00,BTH,CGK,006,28,1,1,NML,6,2025
2834.,B739,PKLHL,LNI,LNI690,LNI690,24/05:04,24/05:09,24/06:05,24/06:15,0:56:00,CGK,KOE,011,28,1,1,NML,6,2025
2835.,B739,PKLSR,LNI,LNI261,LNI266,23/19:54,23/19:59,24/06:00,24/06:11,10:01:00,BPN,BPN,021,28,0,0,NML,6,2025
2836.,B738,PKLOP,LNI,LNI749,LNI868,23/14:58,24/01:09,24/05:59,24/06:09,14:57:00,MDC,TTE,010,28,1,0,NML,6,2025
2837.,A320,V8RBE,RBA,RBA795,RBA796,23/20:08,23/20:15,24/05:52,24/06:07,9:37:00,BWN,BWN,A06,28,1,1,NML,6,2025
2838.,A320,PKGLE,CTV,CTV353,CTV9670,24/05:00,24/05:09,24/06:04,24/06:17,0:55:00,UPG,LOP,007,28,1,1,NML,6,2025
2839.,A320,PKSAL,SJV,SJV7007,SJV640,24/05:10,24/05:15,24/06:12,24/06:22,0:57:00,CGK,AAP,020,28,0,0,NML,6,2025
2840.,A320,PKLUS,BTK,BTK6588,BTK6589,23/21:08,23/21:13,24/06:01,24/06:13,8:48:00,CGK,CGK,17A,28,0,0,NML,6,2025
2841.,A333,ECODQ,SVA,SVA5254,SVA4254,24/03:53,24/04:02,24/06:10,24/06:23,2:08:00,MCT,JED,012,28,1,1,NML,6,2025
2842.,A320,PKAZL,AWQ,AWQ327,AWQ386,23/23:33,23/23:37,24/06:09,24/06:27,6:32:00,KUL,PEN,A03,28,1,1,NML,6,2025
2843.,A320,PKBKV,BTK,BTK6413,BTK6412,23/21:42,23/21:47,24/06:27,24/06:39,8:40:00,DPS,DPS,009,28,1,1,NML,6,2025
2844.,A320,PKSJM,SJV,SJV7009,SJV634,24/05:44,24/05:51,24/06:37,24/06:45,0:46:00,UPG,BDJ,008,28,1,1,NML,6,2025
2845.,B738MAX,PKOFI,AFE,AFE921,AFE921,24/05:35,24/05:41,24/06:37,24/06:48,0:56:00,CGK,TIM,005,28,1,1,NML,6,2025
2846.,A320,PKSJF,SJV,SJV649,SJV566,24/07:07,24/07:13,24/07:55,24/08:06,0:42:00,BPN,PLW,009,10,1,1,NML,6,2025
"2847.,C208,PKVVF,SUS,PKVVF,PKVVF,20/11:38,20/11:42,24/07:21,24/07:29,""3 days, 19:39:00"",BXW,BXW,C07,28,0,0,NML,6,2025"
2848.,B739,PKLJG,LNI,LNI695,LNI971,23/16:22,23/16:28,24/06:57,24/07:06,14:29:00,KOE,BTH,023,28,0,0,NML,6,2025
2849.,A320,PKLUU,BTK,BTK7521,BTK6135,23/20:37,23/20:41,24/07:01,24/07:12,10:20:00,HLP,PKN,018,28,0,0,NML,6,2025
2850.,B738,PKGFG,GIA,GIA328,GIA305,23/20:14,23/20:22,24/07:00,24/07:10,10:38:00,CGK,CGK,004,28,1,1,NML,6,2025
2851.,B738,PKGFH,GIA,GIA324,GIA854,23/21:05,23/23:16,24/07:07,24/07:20,9:59:00,CGK,SIN,A02,28,1,1,NML,6,2025
2852.,A320,PKSJO,SJV,SJV717,SJV706,24/06:05,24/06:10,24/07:40,24/07:50,1:30:00,LOP,DPS,17B,28,0,0,NML,6,2025
2853.,B739,PKLFY,LNI,LNI363,LNI646,24/06:20,24/06:26,24/07:24,24/07:33,0:58:00,BPN,LOP,015,28,1,1,NML,6,2025
2854.,A320,PKLAI,BTK,BTK7511,BTK7510,24/06:37,24/06:43,24/07:31,24/07:42,0:48:00,HLP,HLP,010,28,1,1,NML,6,2025
2855.,A320,PKGLV,CTV,CTV690,CTV460,24/06:43,24/06:50,24/07:36,24/07:45,0:46:00,DPS,AAP,006,28,1,1,NML,6,2025
2856.,B739,PKLJI,LNI,LNI311,LNI693,24/05:58,24/06:04,24/07:56,24/08:05,1:52:00,BDJ,CGK,022,28,0,0,NML,6,2025
2857.,B739,PKLFW,LNI,LNI929,LNI982,24/06:52,24/06:57,24/08:05,24/08:16,1:08:00,DPS,PKU,011,28,1,1,NML,6,2025
2858.,A21N,B320Y,CSN,CSN8137,CSN8138,23/21:22,23/21:29,24/07:54,24/08:08,10:25:00,CAN,CAN,A07,28,1,1,NML,6,2025
2859.,A320,PKGQA,CTV,CTV170,CTV175,24/07:20,24/07:20,24/08:02,24/08:12,0:42:00,HLP,HLP,007,28,1,1,NML,6,2025
2860.,A333,BLBG,CPA,CPA779,CPA780,23/17:50,23/17:57,24/08:14,24/08:29,14:17:00,HKG,HKG,A08,28,1,1,NML,6,2025
2861.,B739,PKLSU,LNI,LNI267,LNI990,24/07:04,24/07:09,24/08:26,24/08:37,1:17:00,TRK,DPS,17A,28,0,0,NML,6,2025
"2862.,DHC6,PKICP,PGT,PKICP,PKICP,21/11:22,21/11:25,24/08:04,24/08:14,""2 days, 20:39:00"",PAG,PAG,028,10,0,0,NML,6,2025"
2863.,A320,PKBLD,BTK,BTK6572,BTK6573,24/07:48,24/07:55,24/08:46,24/08:56,0:51:00,CGK,CGK,008,28,1,1,NML,6,2025
2864.,B739,PKLGU,LNI,LNI315,LNI222,24/07:53,24/07:59,24/08:50,24/09:00,0:51:00,BDJ,BDJ,016,28,1,1,NML,6,2025
2865.,B739,PKLFF,LNI,LNI693,LNI682,24/06:47,24/06:51,24/08:55,24/09:06,2:04:00,KOE,PKY,021,28,0,0,NML,6,2025
2866.,B738,PKLOH,LNI,LNI837,LNI748,24/07:58,24/08:04,24/08:58,24/09:08,0:54:00,PNK,MDC,014,28,1,1,NML,6,2025
2867.,B738,PKGMI,GIA,GIA304,GIA342,24/08:10,24/08:15,24/09:17,24/09:27,1:02:00,CGK,DPS,004,28,1,1,NML,6,2025
2868.,A320,PKPWE,PAS,PAS200,PAS201,24/08:21,24/08:28,24/09:16,24/09:23,0:48:00,CGK,CGK,005,28,1,1,NML,6,2025
2869.,A320,PKSAG,SJV,SJV611,SJV642,24/08:40,24/08:45,24/09:32,24/09:47,0:47:00,BPN,AAP,010,28,1,1,NML,6,2025
2870.,A320,PKGLE,CTV,CTV9671,CTV486,24/08:45,24/08:51,24/09:31,24/09:41,0:40:00,LOP,BDJ,006,28,1,1,NML,6,2025
2871.,B738,PKLZO,MXD,MXD352,MXD353,23/20:42,23/20:47,24/09:52,24/10:01,13:05:00,KUL,KUL,A04,10,1,1,NML,6,2025
2872.,B738,9MMXF,MAS,MAS871,MAS870,24/09:20,24/09:25,24/10:21,24/10:30,0:56:00,KUL,KUL,A07,10,1,1,NML,6,2025
2873.,A359,9VSHB,SIA,SIA922,SIA923,24/09:03,24/09:06,24/10:07,24/10:24,1:01:00,SIN,SIN,A08,10,1,1,NML,6,2025
2874.,A320,PKLUS,BTK,BTK6584,BTK6585,24/09:39,24/09:44,24/11:00,24/11:12,1:16:00,CGK,CGK,009,10,1,1,NML,6,2025
2875.,A320,PKGLT,CTV,CTV351,CTV350,24/09:36,24/09:42,24/10:24,24/10:38,0:42:00,UPG,UPG,006,10,1,1,NML,6,2025
2876.,A320,PKSAG,SJV,SJV641,SJV612,24/13:39,24/13:44,24/14:43,24/14:52,0:59:00,AAP,BPN,010,10,1,1,NML,6,2025
2877.,A320,PKSJO,SJV,SJV703,SJV632,24/10:14,24/10:17,24/11:18,24/11:31,1:01:00,DPS,BDJ,17B,10,0,0,NML,6,2025
2878.,B739,PKLSR,LNI,LNI367,LNI262,24/09:45,24/09:50,24/10:36,24/10:47,0:46:00,BPN,BPN,014,10,1,1,NML,6,2025
2879.,B739,PKLSI,LNI,LNI970,LNI706,24/09:55,24/10:00,24/11:11,24/11:25,1:11:00,BTH,UPG,011,10,1,1,NML,6,2025
2880.,A20N,9VTNG,TGW,TGW296,TGW297,24/09:51,24/09:54,24/11:01,24/11:19,1:07:00,SIN,SIN,A02,10,1,1,NML,6,2025
2881.,B739,PKLHS,LNI,LNI683,LNI973,24/08:35,24/08:39,24/11:11,24/11:29,2:32:00,PKY,BTH,023,10,0,0,NML,6,2025
2882.,A320,PKPWF,PAS,PAS210,PAS211,24/09:43,24/09:48,24/10:39,24/10:53,0:51:00,CGK,CGK,005,10,1,1,NML,6,2025
2883.,A320,PKLUU,BTK,BTK6134,BTK6346,24/09:58,24/10:04,24/11:05,24/11:23,1:01:00,PKN,BEJ,010,10,1,1,NML,6,2025
2884.,A320,PKLUT,BTK,BTK7513,BTK7516,24/10:33,24/10:38,24/11:29,24/11:38,0:51:00,HLP,HLP,008,10,1,1,NML,6,2025
2885.,B739,PKLFY,LNI,LNI645,LNI822,24/10:09,24/10:14,24/11:24,24/11:36,1:10:00,LOP,LOP,015,10,1,1,NML,6,2025
2886.,B739,PKLSL,LNI,LNI694,LNI694,24/10:39,24/10:44,24/11:46,24/12:00,1:02:00,CGK,KOE,018,10,0,0,NML,6,2025
2887.,B739,PKLHL,LNI,LNI697,LNI697,24/10:43,24/10:48,24/11:51,24/12:04,1:03:00,KOE,CGK,016,10,1,1,NML,6,2025
2888.,A320,PKAZO,AWQ,AWQ321,AWQ322,24/10:35,24/10:40,24/11:18,24/11:27,0:38:00,KUL,KUL,A03,10,1,1,NML,6,2025
2889.,A320,PKLAI,BTK,BTK7517,BTK7520,24/11:17,24/11:25,24/12:18,24/12:27,0:53:00,HLP,HLP,010,10,1,1,NML,6,2025
2890.,B738,PKGMW,GIA,GIA322,GIA327,24/10:21,24/10:24,24/11:33,24/11:44,1:09:00,CGK,CGK,004,10,1,1,NML,6,2025
2891.,B739,PKLSU,LNI,LNI805,LNI804,24/11:06,24/11:12,24/11:58,24/12:14,0:46:00,DPS,DPS,014,10,1,1,NML,6,2025
2892.,A320,PKGLV,CTV,CTV461,CTV698,24/11:09,24/11:13,24/11:58,24/12:11,0:45:00,AAP,DPS,006,10,1,1,NML,6,2025
2893.,A320,PKBKL,BTK,BTK6582,BTK6581,24/11:33,24/11:37,24/12:31,24/12:42,0:54:00,CGK,CGK,008,10,1,1,NML,6,2025
2894.,A320,PKSJF,SJV,SJV567,SJV636,24/12:07,24/12:11,24/13:20,24/13:29,1:09:00,PLW,BDJ,018,10,0,0,NML,6,2025
2895.,B739,PKLGU,LNI,LNI223,LNI780,24/11:53,24/11:57,24/13:12,24/13:24,1:15:00,BDJ,UPG,020,10,0,0,NML,6,2025
2896.,A320,PKSAA,SJV,SJV363,SJV362,24/12:25,24/12:29,24/13:44,24/13:54,1:15:00,KNO,KNO,014,10,1,1,NML,6,2025
2897.,A320,PKAZL,AWQ,AWQ387,AWQ324,24/12:35,24/12:39,24/13:21,24/13:27,0:42:00,PEN,KUL,A03,10,1,1,NML,6,2025
2898.,A320,PKGLE,CTV,CTV487,CTV668,24/12:21,24/12:24,24/13:25,24/13:46,1:01:00,BDJ,DPS,007,10,1,1,NML,6,2025
2899.,A320,PKPWL,PAS,PAS204,PAS205,24/11:57,24/12:01,24/13:30,24/13:41,1:29:00,CGK,CGK,005,10,1,1,NML,6,2025
2900.,B735,PKNAS,LKN,LKN671,LKN670,24/11:03,24/11:06,24/13:29,24/13:50,2:23:00,TMC,TMC,009,10,1,1,NML,6,2025
2901.,A320,PKGQG,CTV,CTV9693,CTV9692,24/12:39,24/12:43,24/13:38,24/13:49,0:55:00,DPS,DPS,006,10,1,1,NML,6,2025
2902.,GLF4,PKTMI,TVR,PKTMI,PKTMI,24/11:24,24/11:27,24/11:57,24/12:07,0:30:00,HLP,HLP,C07,10,0,0,NML,6,2025
2903.,B738,PKLOP,LNI,LNI869,LNI680,24/12:02,24/12:06,24/13:54,24/14:03,1:48:00,TTE,PKY,021,10,0,0,NML,6,2025
2904.,A320,PKSJO,SJV,SJV633,SJV726,24/14:38,24/14:43,24/15:50,24/16:11,1:07:00,BDJ,LBJ,017,10,1,1,NML,6,2025
2905.,B738,PKLOJ,LNI,LNI839,LNI836,24/12:55,24/13:00,24/14:04,24/14:18,1:04:00,PNK,PNK,015,10,1,1,NML,6,2025
2906.,B738MAX,PKOFM,AFE,AFE920,AFE920,24/13:36,24/13:40,24/14:17,24/14:31,0:37:00,TIM,CGK,004,10,1,1,NML,6,2025
2907.,A320,PKGQQ,CTV,CTV431,CTV948,24/13:33,24/13:37,24/14:23,24/14:35,0:46:00,BPN,BTH,007,10,1,1,NML,6,2025
2908.,B739,PKLHI,LNI,LNI791,LNI910,24/09:48,24/09:53,24/14:29,24/14:40,4:36:00,UPG,DPS,17A,10,0,0,NML,6,2025
2909.,LJ60,VHAND,SEL,MEDIC78,MEDIC78,24/12:51,24/12:54,24/13:29,24/13:44,0:35:00,XSP,XSP,C01,10,0,0,NML,6,2025
2910.,B738,PKGFR,GIA,GIA312,GIA317,24/13:30,24/13:33,24/14:33,24/14:49,1:00:00,CGK,CGK,008,10,1,1,NML,6,2025
2911.,B739,PKLHH,LNI,LNI801,LNI260,24/15:33,24/15:37,24/16:37,24/16:50,1:00:00,UPG,BPN,011,10,1,1,NML,6,2025
2912.,A320,9VJSQ,JSA,JSA247,JSA248,24/13:56,24/14:02,24/14:47,24/14:59,0:45:00,SIN,SIN,A07,10,1,1,NML,6,2025
2913.,A320,PKLUY,BTK,BTK7515,BTK7514,24/13:47,24/13:51,24/14:45,24/14:57,0:54:00,HLP,HLP,011,10,1,1,NML,6,2025
2914.,A320,PKPWK,PAS,PAS208,PAS209,24/13:43,24/13:46,24/14:59,24/15:14,1:13:00,CGK,CGK,005,10,1,1,NML,6,2025
2915.,B739,PKLSR,LNI,LNI261,LNI642,24/14:17,24/14:22,24/15:51,24/16:02,1:29:00,BPN,LOP,016,10,1,1,NML,6,2025
2916.,B738,PKGFJ,GIA,GIA330,GIA331,24/14:24,24/14:27,24/15:17,24/15:37,0:50:00,HLP,HLP,004,10,1,1,NML,6,2025
2917.,B739,PKLSU,LNI,LNI919,LNI722,24/14:54,24/15:00,24/16:05,24/16:20,1:05:00,DPS,KDI,024,10,0,0,NML,6,2025
2918.,B739,PKLFW,LNI,LNI983,LNI920,24/13:51,24/13:55,24/16:11,24/16:21,2:16:00,PKU,DPS,018,10,0,0,NML,6,2025
2919.,A320,PKLAI,BTK,BTK7501,BTK7512,24/15:28,24/15:33,24/16:28,24/16:49,0:55:00,HLP,HLP,008,10,1,1,NML,6,2025
2920.,A320,PKGLV,CTV,CTV699,CTV434,24/14:45,24/14:48,24/15:31,24/15:45,0:43:00,DPS,BPN,006,10,1,1,NML,6,2025
2921.,B739,PKLFY,LNI,LNI823,LNI581,24/14:06,24/14:11,24/16:03,24/16:15,1:52:00,LOP,CGK,014,10,1,1,NML,6,2025
2922.,A320,PKBKG,BTK,BTK6406,BTK6401,24/14:50,24/14:53,24/16:23,24/16:34,1:30:00,CGK,CGK,010,10,1,1,NML,6,2025
2923.,B739,PKLSI,LNI,LNI707,LNI316,24/15:11,24/15:16,24/16:24,24/16:38,1:08:00,UPG,BDJ,015,10,1,1,NML,6,2025
2924.,B738,PKGMW,GIA,GIA310,GIA315,24/15:21,24/15:24,24/16:25,24/16:36,1:01:00,CGK,CGK,004,10,1,1,NML,6,2025
2925.,B738MAX,9VMBC,SIA,SIA926,SIA927,24/15:35,24/15:40,24/16:28,24/16:43,0:48:00,SIN,SIN,A07,10,1,1,NML,6,2025
2926.,A320,PKSAL,SJV,SJV643,SJV648,24/15:17,24/15:21,24/16:48,24/16:57,1:27:00,AAP,BPN,009,10,1,1,NML,6,2025
2927.,A320,PKGQO,CTV,CTV495,CTV721,24/15:55,24/15:59,24/16:41,24/16:55,0:42:00,BDJ,CGK,007,10,1,1,NML,6,2025
2928.,B739,PKLSL,LNI,LNI695,LNI268,24/16:40,24/16:44,24/17:46,24/17:57,1:02:00,KOE,TRK,012,10,1,1,NML,6,2025
2929.,A320,PKPWJ,PAS,PAS206,PAS623,24/15:51,24/15:54,24/16:36,24/16:53,0:42:00,CGK,BPN,005,10,1,1,NML,6,2025
2930.,B739,PKLSO,LNI,LNI692,LNI692,24/16:51,24/16:56,24/17:38,24/17:46,0:42:00,CGK,KOE,014,10,1,1,NML,6,2025
2931.,B739,PKLKV,LNI,LNI709,LNI880,24/16:13,24/16:17,24/17:19,24/17:29,1:02:00,UPG,UPG,020,10,0,0,NML,6,2025
2932.,A320,PKGQG,CTV,CTV669,CTV488,24/16:43,24/16:46,24/17:19,24/17:33,0:33:00,DPS,BDJ,006,10,1,1,NML,6,2025
2933.,B739,PKLFK,LNI,LNI972,LNI226,24/16:46,24/16:50,24/17:40,24/18:00,0:50:00,BTH,BDJ,011,10,1,1,NML,6,2025
2934.,B738,PKLOH,LNI,LNI749,LNI838,24/15:04,24/15:10,24/17:45,24/17:55,2:35:00,MDC,PNK,023,10,0,0,NML,6,2025
2935.,A320,PKAZO,AWQ,AWQ323,AWQ326,24/17:02,24/17:08,24/17:41,24/17:52,0:33:00,KUL,KUL,A03,10,1,1,NML,6,2025
2936.,A320,PKPWF,PAS,PAS622,PAS207,24/17:11,24/17:15,24/18:12,24/18:26,0:57:00,BPN,CGK,005,10,1,1,NML,6,2025
2937.,B738,9MMXF,MAS,MAS875,MAS874,24/17:27,24/17:35,24/18:27,24/18:39,0:52:00,KUL,KUL,A06,10,1,1,NML,6,2025
2938.,B738,PKGMI,GIA,GIA349,GIA313,24/17:30,24/17:33,24/18:27,24/18:42,0:54:00,DPS,CGK,004,10,1,1,NML,6,2025
2939.,A320,PKSJO,SJV,SJV725,SJV716,24/19:25,24/19:29,24/20:17,24/20:27,0:48:00,LBJ,LOP,012,10,1,1,NML,6,2025
2940.,B738,PKLSR,LNI,LNI865,LNI800,24/18:20,24/18:24,24/19:21,24/19:32,0:57:00,LOP,UPG,015,10,1,1,NML,6,2025
2941.,A320,PKLUT,BTK,BTK7503,BTK7502,24/18:16,24/18:21,24/18:55,24/19:04,0:34:00,HLP,HLP,010,10,1,1,NML,6,2025
2942.,B738,PKGUA,GIA,GIA320,GIA325,24/18:02,24/18:06,24/18:57,24/19:10,0:51:00,CGK,CGK,006,10,1,1,NML,6,2025
2943.,A320,PKGQI,CTV,CTV172,CTV173,24/17:59,24/18:02,24/19:01,24/19:14,0:59:00,HLP,HLP,007,10,1,1,NML,6,2025
2944.,B738MAX,9VMBL,SIA,SIA928,SIA929,24/18:30,24/18:37,24/19:31,24/19:48,0:54:00,SIN,SIN,A07,10,1,1,NML,6,2025
2945.,B738,PKBGF,BTK,BTK6576,BTK6575,24/18:13,24/18:17,24/19:06,24/19:19,0:49:00,CGK,CGK,009,10,1,1,NML,6,2025
2946.,A320,PKGLG,CTV,CTV949,CTV494,24/18:45,24/18:48,24/19:28,24/19:39,0:40:00,BTH,BDJ,008,10,1,1,NML,6,2025
2947.,B788,9VOFG,TGW,TGW266,TGW267,24/18:33,24/18:40,24/19:46,24/19:57,1:06:00,SIN,SIN,A06,10,1,1,NML,6,2025
2948.,A320,PKLUY,BTK,BTK7519,BTK7518,24/18:50,24/18:55,24/19:35,24/19:51,0:40:00,HLP,HLP,011,10,1,1,NML,6,2025
2949.,A320,PKGQF,CTV,CTV736,CTV9694,24/18:57,24/19:01,24/19:51,24/20:01,0:50:00,CGK,DPS,005,10,1,1,NML,6,2025
2950.,B738,PKGFF,GIA,GIA326,GIA319,24/19:11,24/19:14,24/20:08,24/20:23,0:54:00,CGK,CGK,004,10,1,1,NML,6,2025
2951.,A320,PKGLV,CTV,CTV435,CTV737,24/19:16,24/19:20,24/20:15,24/20:25,0:55:00,BPN,CGK,007,10,1,1,NML,6,2025
2952.,B738,PKCRH,SJY,SJY567,SJY562,24/20:21,24/20:24,24/21:08,24/21:21,0:44:00,UPG,UPG,011,10,1,1,NML,6,2025
2953.,A320,PKGLT,CTV,CTV724,CTV354,24/20:40,24/20:47,24/22:10,24/22:23,1:23:47,CGK,UPG,007,10,1,1,NML,6,2025
2954.,A320,PKGLU,CTV,CTV489,CTV693,24/21:25,24/21:26,24/22:04,24/22:18,0:38:31,BDJ,DPS,006,10,1,1,NML,6,2025
2955.,A320,PKLZH,BTK,BTK6137,BTK6136,24/19:45,24/19:50,24/21:47,24/21:59,1:57:00,UPG,UPG,009,10,1,1,NML,6,2025
2956.,,,SVA,-,SVA4302,--:--,--:--,--:--,--:--,None,-,JED,None,-,-1,-,NML,6,2025
2957.,A320,PKBKT,BTK,BTK6588,BTK7508,24/21:15,24/21:16,25/05:25,25/05:32,8:08:59,CGK,HLP,011,10,1,1,NML,6,2025
2958.,A320,PKAZO,AWQ,AWQ327,AWQ320,24/23:22,24/23:27,25/05:01,25/05:09,5:34:00,KUL,KUL,A03,10,1,1,NML,6,2025
2959.,A320,PKSAL,SJV,SJV613,SJV610,24/20:30,24/20:34,25/05:03,25/05:16,8:29:00,BPN,BPN,014,10,1,1,NML,6,2025
2960.,A320,PKGQF,CTV,CTV9695,CTV430,24/22:15,24/22:19,25/05:12,25/05:24,6:53:00,DPS,BPN,006,10,1,1,NML,6,2025
2961.,B738,PKLJQ,LNI,LNI879,LNI878,24/14:14,24/23:07,25/05:00,25/05:13,14:42:00,AMQ,AMQ,009,10,1,1,NML,6,2025
2962.,B738,PKLKV,LNI,LNI883,LNI786,24/20:53,24/20:57,25/05:05,25/05:18,8:08:00,UPG,UPG,017,10,1,1,NML,6,2025
2963.,B738,PKGMV,GIA,GIA324,GIA301,24/21:01,24/21:05,25/05:08,25/05:21,8:03:00,CGK,CGK,004,10,1,1,NML,6,2025
2964.,B739,PKLQR,LNI,LNI690,LNI690,25/05:10,25/05:15,25/06:08,25/06:18,0:52:20,CGK,KOE,024,10,0,0,NML,6,2025
2965.,A320,PKLUU,BTK,BTK6347,BTK6589,24/15:42,24/15:46,25/06:02,25/06:14,14:16:58,BEJ,CGK,021,10,0,0,NML,6,2025
2966.,B738,PKLOP,LNI,LNI681,LNI868,24/16:58,24/17:01,25/06:01,25/06:12,13:00:45,PKY,TTE,018,10,0,0,NML,6,2025
2967.,A320,PKGLE,CTV,CTV353,CTV670,25/05:05,25/05:09,25/05:50,25/06:08,0:41:00,UPG,LOP,007,10,1,1,NML,6,2025
2968.,B739,PKLHI,LNI,LNI923,LNI266,24/17:22,24/17:25,25/05:54,25/06:06,12:29:00,DPS,BPN,020,10,0,0,NML,6,2025
2969.,A320,PKSJF,SJV,SJV637,SJV640,24/16:17,24/16:20,25/06:05,25/06:16,13:45:00,BDJ,AAP,022,10,0,0,NML,6,2025
2970.,B739,PKLSU,LNI,LNI727,LNI882,24/20:18,24/20:24,25/05:56,25/06:10,9:32:00,KDI,UPG,015,10,1,1,NML,6,2025
2971.,A320,PKBKV,BTK,BTK6413,BTK6412,24/19:35,24/19:42,25/06:20,25/06:31,10:38:00,DPS,DPS,016,10,1,1,NML,6,2025
2972.,A320,PKGQQ,CTV,CTV720,CTV725,24/21:20,24/21:23,25/06:40,25/06:57,9:17:00,CGK,CGK,008,28,1,1,NML,6,2025
2973.,B739,PKLSI,LNI,LNI311,LNI971,25/06:03,25/06:08,25/07:01,25/07:15,0:53:00,BDJ,BTH,017,28,1,1,NML,6,2025
2974.,A320,PKLAO,BTK,BTK7521,BTK6135,24/20:39,24/20:43,25/06:56,25/07:08,10:13:00,HLP,PKN,010,28,1,1,NML,6,2025
2975.,B738,PKGNA,GIA,GIA328,GIA854,24/20:10,24/22:42,25/06:56,25/07:11,10:43:00,CGK,SIN,A02,28,1,1,NML,6,2025
2976.,B738,PKGFH,GIA,GIA855,GIA305,24/20:56,24/23:00,25/06:57,25/07:10,9:55:00,SIN,CGK,005,28,1,1,NML,6,2025
2977.,B739,PKLHH,LNI,LNI363,LNI646,25/06:25,25/06:29,25/07:17,25/07:25,0:48:00,BPN,LOP,011,28,1,1,NML,6,2025
2978.,A320,PKSTZ,SJV,SJV717,SJV634,25/06:42,25/06:48,25/07:30,25/07:39,0:42:00,LOP,BDJ,020,28,0,0,NML,6,2025
2979.,A320,PKLAI,BTK,BTK7511,BTK7510,25/06:33,25/06:37,25/07:22,25/07:37,0:45:00,HLP,HLP,009,28,1,1,NML,6,2025
2980.,A320,PKAZL,AWQ,AWQ325,AWQ392,24/19:00,24/19:06,25/07:20,25/07:32,12:14:00,KUL,JHB,A01,28,1,1,NML,6,2025
"2981.,AW139,PKTVN,TVR,PKTVN,PKTVN,18/09:29,18/09:30,25/07:35,25/07:36,""6 days, 22:05:00"",ZZZZ,MBH,H02,28,0,0,NML,6,2025"
2982.,B739,PKLSO,LNI,LNI693,LNI693,25/07:13,25/07:18,25/08:03,25/08:14,0:45:00,KOE,CGK,018,28,0,0,NML,6,2025
2983.,A320,PKGLU,CTV,CTV690,CTV460,25/06:55,25/07:00,25/07:35,25/07:42,0:35:00,DPS,AAP,006,28,1,1,NML,6,2025
2984.,A320,PKSJM,SJV,SJV635,SJV706,24/09:25,24/14:18,25/08:03,25/08:16,22:32:00,BDJ,DPS,025,28,0,1,NML,6,2025
2985.,A320,PKGQI,CTV,CTV170,CTV175,25/07:05,25/07:11,25/08:08,25/08:22,0:57:00,HLP,HLP,007,28,1,1,NML,6,2025
2986.,A320,PKSJR,SJV,SJV611,SJV566,25/07:27,25/07:34,25/08:24,25/08:33,0:50:00,BPN,PLW,009,28,1,1,NML,6,2025
2987.,A333,BLBE,CPA,CPA779,CPA780,24/17:43,24/17:50,25/08:28,25/08:44,14:38:00,HKG,HKG,A08,28,1,1,NML,6,2025
2988.,B739,PKLSL,LNI,LNI267,LNI990,25/07:22,25/07:27,25/08:20,25/08:29,0:53:00,TRK,DPS,010,28,1,1,NML,6,2025
2989.,A320,PKBLD,BTK,BTK6572,BTK6573,25/07:53,25/07:58,25/09:03,25/09:11,1:05:00,CGK,CGK,008,28,1,1,NML,6,2025
2990.,B739,PKLFK,LNI,LNI315,LNI222,25/08:01,25/08:06,25/08:52,25/09:02,0:46:00,BDJ,BDJ,011,28,1,1,NML,6,2025
2991.,B739,PKLSY,LNI,LNI683,LNI682,25/07:57,25/08:02,25/08:52,25/09:04,0:50:00,PKY,PKY,015,28,1,1,NML,6,2025
2992.,B739,PKLFO,LNI,LNI929,LNI856,25/07:02,25/07:07,25/09:01,25/09:09,1:54:00,DPS,PLM,016,28,1,1,NML,6,2025
2993.,B738,PKLOH,LNI,LNI837,LNI748,25/08:04,25/08:10,25/09:08,25/09:16,0:58:00,PNK,MDC,017,28,1,1,NML,6,2025
2994.,A333,ECNOF,SVA,SVA5304,SVA4304,25/06:48,25/06:57,25/09:12,25/09:29,2:15:00,MCT,JED,012,28,1,1,NML,6,2025
2995.,B738,PKGMD,GIA,GIA304,GIA342,25/08:19,25/08:26,25/09:22,25/09:35,0:56:00,CGK,DPS,004,28,1,1,NML,6,2025
2996.,A320,PKPWK,PAS,PAS200,PAS201,25/08:12,25/08:18,25/09:12,25/09:23,0:54:00,CGK,CGK,005,28,1,1,NML,6,2025
2997.,A320,PKGLE,CTV,CTV671,CTV486,25/08:37,25/08:43,25/09:24,25/09:37,0:41:00,LOP,BDJ,006,28,1,1,NML,6,2025
2998.,A320,PKSJK,SJV,SJV649,SJV612,25/08:51,25/08:58,25/10:00,25/10:11,1:02:00,BPN,BPN,009,28,1,1,NML,6,2025
2999.,B738,9MMXI,MAS,MAS871,MAS870,25/09:06,25/09:09,25/10:00,25/10:16,0:51:00,KUL,KUL,A07,28,1,1,NML,6,2025
3000.,B733,PKMYJ,MYU,MYU935,MYU815,25/08:47,25/08:50,25/09:34,25/09:50,0:44:00,SRG,CGK,C02,28,0,0,NML,6,2025
3001.,A359,9VSHN,SIA,SIA922,SIA923,25/09:00,25/09:03,25/10:02,25/10:18,0:59:00,SIN,SIN,A08,28,1,1,NML,6,2025
3002.,A320,PKGQL,CTV,CTV351,CTV350,25/09:25,25/09:30,25/10:09,25/10:22,0:39:00,UPG,UPG,007,10,1,1,NML,6,2025
3003.,A20N,9VTNG,TGW,TGW296,TGW297,25/09:27,25/09:31,25/10:27,25/10:39,0:56:00,SIN,SIN,A02,10,1,1,NML,6,2025
3004.,B739,PKLHI,LNI,LNI367,LNI262,25/09:32,25/09:38,25/10:27,25/10:37,0:49:00,BPN,BPN,010,10,1,1,NML,6,2025
3005.,B739,PKLSU,LNI,LNI791,LNI706,25/09:43,25/09:48,25/10:47,25/10:58,0:59:00,UPG,UPG,018,10,0,0,NML,6,2025
3006.,B739,PKLHH,LNI,LNI645,LNI822,25/09:58,25/10:02,25/11:25,25/11:41,1:23:00,LOP,LOP,020,10,0,0,NML,6,2025
3007.,A320,PKLAQ,BTK,BTK7513,BTK6585,25/10:31,25/10:35,25/11:30,25/11:43,0:55:00,HLP,CGK,015,10,1,1,NML,6,2025
3008.,A320,PKPWG,PAS,PAS210,PAS211,25/09:52,25/09:57,25/10:53,25/11:08,0:56:00,CGK,CGK,005,10,1,1,NML,6,2025
3009.,A320,PKSJF,SJV,SJV641,SJV618,25/09:46,25/09:51,25/10:51,25/11:04,1:00:00,AAP,BPN,011,10,1,1,NML,6,2025
3010.,A320,PKLAJ,BTK,BTK6584,BTK7516,25/10:14,25/10:21,25/11:34,25/11:45,1:13:00,CGK,HLP,009,10,1,1,NML,6,2025
3011.,A320,PKLAO,BTK,BTK6134,BTK6346,25/09:49,25/09:55,25/10:56,25/11:10,1:01:00,PKN,BEJ,008,10,1,1,NML,6,2025
3012.,A320,PKSTZ,SJV,SJV635,SJV642,25/10:27,25/10:30,25/11:22,25/11:36,0:52:00,BDJ,AAP,016,10,1,1,NML,6,2025
3013.,B739,PKLHO,LNI,LNI694,LNI694,25/10:35,25/10:38,25/12:08,25/12:19,1:30:00,CGK,KOE,010,10,1,1,NML,6,2025
3014.,B739,PKLQR,LNI,LNI697,LNI697,25/10:41,25/10:46,25/11:41,25/11:51,0:55:00,KOE,CGK,017,10,1,1,NML,6,2025
3015.,A320,PKAZO,AWQ,AWQ321,AWQ322,25/11:29,25/11:34,25/12:09,25/12:16,0:35:00,KUL,KUL,A03,10,1,1,NML,6,2025
3016.,A320,PKSJA,SJV,SJV567,SJV632,25/12:58,25/13:01,25/13:57,25/14:06,0:56:00,PLW,BDJ,010,10,1,1,NML,6,2025
3017.,A320,PKLAI,BTK,BTK7517,BTK7520,25/11:26,25/11:30,25/12:19,25/12:29,0:49:00,HLP,HLP,008,10,1,1,NML,6,2025
3018.,B738,PKGMC,GIA,GIA322,GIA327,25/10:09,25/10:15,25/11:21,25/11:32,1:06:00,CGK,CGK,004,10,1,1,NML,6,2025
3019.,A320,PKGLU,CTV,CTV461,CTV698,25/11:02,25/11:05,25/11:50,25/12:02,0:45:00,AAP,DPS,005,10,1,1,NML,6,2025
3020.,B739,PKLHP,LNI,LNI805,LNI804,25/11:06,25/11:09,25/12:25,25/12:36,1:16:00,DPS,DPS,011,10,1,1,NML,6,2025
3021.,C208,PKVVF,SUS,PKVVF,PKVVF,25/11:35,25/11:39,25/12:26,25/12:32,0:47:00,BXW,BXW,C07,10,0,0,NML,6,2025
3022.,A333,ECODQ,SVA,SVA5306,SVA4306,25/09:54,25/10:01,25/12:08,25/12:23,2:07:00,MCT,JED,012,10,1,1,NML,6,2025
3023.,A320,PKGQE,CTV,CTV9693,CTV9692,25/11:34,25/11:37,25/13:20,25/13:31,1:43:21,DPS,DPS,006,10,1,1,NML,6,2025
3024.,B739,PKLFK,LNI,LNI223,LNI780,25/11:47,25/11:53,25/14:03,25/14:13,2:10:32,BDJ,UPG,016,10,1,1,NML,6,2025
3025.,B735,PKNAQ,LKN,LKN193,LKN242,25/11:37,25/11:41,25/12:35,25/12:46,0:54:00,PKN,SMQ,009,10,1,1,NML,6,2025
3026.,A320,PKBLD,BTK,BTK6582,BTK6581,25/12:53,25/12:57,25/13:46,25/13:58,0:49:00,CGK,CGK,008,10,1,1,NML,6,2025
3027.,B739,PKLSH,LNI,LNI970,LNI973,25/12:30,25/12:34,25/13:20,25/13:35,0:46:00,BTH,BTH,011,10,1,1,NML,6,2025
3028.,B738,PKLOP,LNI,LNI869,LNI680,25/12:14,25/12:17,25/13:19,25/13:29,1:02:35,TTE,PKY,015,10,1,1,NML,6,2025
3029.,A320,PKBLA,BTK,BTK6596,BTK6595,25/13:53,25/13:56,25/14:51,25/15:14,0:55:21,CGK,CGK,009,10,1,1,NML,6,2025
3030.,A320,PKAZL,AWQ,AWQ393,AWQ324,25/12:21,25/12:30,25/13:24,25/13:38,0:54:48,JHB,KUL,A03,10,1,1,NML,6,2025
3031.,A320,PKGLE,CTV,CTV487,CTV668,25/12:26,25/12:30,25/13:25,25/13:45,0:55:51,BDJ,DPS,007,10,1,1,NML,6,2025
3032.,A320,PKSJH,SJV,SJV7005,SJV636,25/15:30,25/15:35,25/16:47,25/16:57,1:12:26,CGK,BDJ,016,10,1,1,NML,6,2025
3033.,B739,PKLHH,LNI,LNI823,LNI260,25/14:08,25/14:13,25/15:05,25/15:28,0:52:01,LOP,BPN,016,10,1,1,NML,6,2025
3034.,B738,PKLOH,LNI,LNI749,LNI686,25/15:38,25/15:42,25/16:39,25/16:50,0:57:22,MDC,PKY,014,10,1,1,NML,6,2025
3035.,B738,PKLJQ,LNI,LNI879,LNI836,25/15:01,25/15:05,25/16:52,25/17:09,1:47:07,AMQ,PNK,015,10,1,1,NML,6,2025
3036.,A320,PKGQF,CTV,CTV431,CTV948,25/14:03,25/14:05,25/14:44,25/15:00,0:39:00,BPN,BTH,007,10,1,1,NML,6,2025
3037.,B739,PKLFO,LNI,LNI857,LNI910,25/13:36,25/13:40,25/14:52,25/15:19,1:12:00,PLM,DPS,011,10,1,1,NML,6,2025
3038.,B738,PKGNM,GIA,GIA312,GIA317,25/13:33,25/13:36,25/14:48,25/15:11,1:12:13,CGK,CGK,004,10,1,1,NML,6,2025
3039.,A320,9VJSJ,JSA,JSA247,JSA248,25/13:56,25/14:02,25/14:47,25/14:57,0:45:00,SIN,SIN,A06,10,1,1,NML,6,2025
3040.,A320,PKBKQ,BTK,BTK7515,BTK7514,25/15:22,25/15:26,25/16:09,25/16:26,0:43:00,HLP,HLP,009,10,1,1,NML,6,2025
3041.,A320,PKSJP,SJV,SJV703,SJV726,25/16:11,25/16:16,25/17:26,25/17:38,1:10:00,DPS,LBJ,010,10,1,1,NML,6,2025
3042.,A320,PKPWE,PAS,PAS208,PAS209,25/13:40,25/13:43,25/14:58,25/15:21,1:15:29,CGK,CGK,005,10,1,1,NML,6,2025
3043.,B738,PKGFG,GIA,GIA330,GIA331,25/13:59,25/14:01,25/15:06,25/15:33,1:05:00,HLP,HLP,006,10,1,1,NML,6,2025
3044.,B739,PKLHI,LNI,LNI261,LNI642,25/14:18,25/14:22,25/15:22,25/15:37,1:00:00,BPN,LOP,017,10,1,1,NML,6,2025
3045.,A320,PKGLU,CTV,CTV699,CTV434,25/15:12,25/15:15,25/16:06,25/16:22,0:51:16,DPS,BPN,007,10,1,1,NML,6,2025
3046.,A333,ECODR,SVA,SVA5440,SVA4440,25/14:44,25/14:49,25/15:58,25/16:15,1:09:47,MCT,JED,012,10,1,1,NML,6,2025
3047.,A320,PKGLT,CTV,CTV716,CTV717,25/14:37,25/14:40,25/15:30,25/15:41,0:50:11,CGK,CGK,008,10,1,1,NML,6,2025
3048.,B739,PKLHP,LNI,LNI919,LNI920,25/16:01,25/16:06,25/17:15,25/17:24,1:09:07,DPS,DPS,17B,10,0,0,NML,6,2025
3049.,B735,PKNAT,LKN,LKN243,LKN192,25/15:20,25/15:22,25/16:01,25/16:14,0:39:24,SMQ,PKN,010,10,1,1,NML,6,2025
3050.,A320,PKLAI,BTK,BTK7501,BTK7512,25/15:54,25/15:58,25/16:51,25/17:04,0:53:53,HLP,HLP,008,10,1,1,NML,6,2025
3051.,B739,PKLSU,LNI,LNI801,LNI722,25/14:33,25/14:38,25/15:51,25/16:01,1:13:12,UPG,KDI,020,10,0,0,NML,6,2025
3052.,B739,PKLFW,LNI,LNI707,LNI581,25/15:47,25/15:51,25/16:57,25/17:06,1:05:25,UPG,CGK,17A,10,0,0,NML,6,2025
3053.,B738,9MMLN,MAS,MAS873,MAS872,25/14:58,25/15:04,25/15:56,25/16:06,0:52:50,KUL,KUL,A06,10,1,1,NML,6,2025
3054.,A320,PKSTZ,SJV,SJV643,SJV672,25/15:08,25/15:11,25/17:06,25/17:21,1:54:25,AAP,BEJ,022,10,0,0,NML,6,2025
3055.,A320,PKLAO,BTK,BTK6347,BTK6401,25/15:35,25/15:38,25/16:28,25/16:40,0:50:41,BEJ,CGK,011,10,1,1,NML,6,2025
3056.,B738,HSLUH,TLM,TLM268,TLM269,25/15:16,25/15:22,25/16:29,25/16:38,1:07:00,DMK,DMK,A03,10,1,1,NML,6,2025
3057.,B738,PKGNE,GIA,GIA310,GIA315,25/15:26,25/15:28,25/16:29,25/16:43,1:01:15,CGK,CGK,004,10,1,1,NML,6,2025
3058.,B738MAX,9VMBN,SIA,SIA926,SIA927,25/15:51,25/15:55,25/16:42,25/16:59,0:47:58,SIN,SIN,A07,10,1,1,NML,6,2025
3059.,A320,PKGQP,CTV,CTV495,CTV721,25/15:42,25/15:45,25/16:34,25/16:46,0:49:36,BDJ,CGK,006,10,1,1,NML,6,2025
3060.,B739,PKLHO,LNI,LNI695,LNI268,25/16:52,25/16:55,25/17:51,25/18:03,0:56:17,KOE,TRK,012,10,1,1,NML,6,2025
3061.,A320,PKPWC,PAS,PAS206,PAS623,25/16:24,25/16:28,25/17:02,25/17:19,0:34:59,CGK,BPN,005,10,1,1,NML,6,2025
3062.,B739,PKLJI,LNI,LNI692,LNI886,25/17:25,25/17:30,25/19:01,25/19:12,1:31:00,CGK,UPG,15A,10,0,0,NML,6,2025
3063.,A320,PKGQE,CTV,CTV669,CTV488,25/17:09,25/17:12,25/17:47,25/17:59,0:35:00,DPS,BDJ,007,10,1,1,NML,6,2025
3064.,A320,PKSJK,SJV,SJV619,SJV614,25/18:47,25/18:51,25/19:37,25/19:51,0:46:00,BPN,BPN,012,10,1,1,NML,6,2025
3065.,B739,PKLFK,LNI,LNI709,LNI226,25/18:04,25/18:09,25/19:05,25/19:15,0:56:00,UPG,BDJ,15B,10,0,0,NML,6,2025
3066.,B739,PKLSI,LNI,LNI972,LNI692,25/17:01,25/17:07,25/18:34,25/18:50,1:27:32,BTH,KOE,011,10,1,1,NML,6,2025
3067.,A320,PKBLD,BTK,BTK6578,BTK7579,25/17:33,25/17:36,25/18:30,25/18:37,0:54:31,CGK,CGK,009,10,1,1,NML,6,2025
3068.,B738,PKLSF,LNI,LNI839,LNI838,25/16:47,25/16:51,25/18:29,25/18:44,1:38:00,PNK,PNK,014,10,1,1,NML,6,2025
3069.,A320,PKAZO,AWQ,AWQ323,AWQ326,25/17:50,25/17:55,25/18:30,25/18:42,0:35:25,KUL,KUL,A03,10,1,1,NML,6,2025
3070.,B739,PKLFO,LNI,LNI923,LNI316,25/18:31,25/18:34,25/19:24,25/19:36,0:50:00,DPS,BDJ,016,10,1,1,NML,6,2025
3071.,A320,PKPWG,PAS,PAS622,PAS207,25/17:35,25/17:38,25/18:19,25/18:34,0:41:09,BPN,CGK,006,10,1,1,NML,6,2025
3072.,B738,PKGMD,GIA,GIA349,GIA313,25/18:08,25/18:11,25/19:32,25/19:43,1:21:00,DPS,CGK,005,10,1,1,NML,6,2025
3073.,B738,PKLOH,LNI,LNI687,LNI800,25/19:45,25/19:49,25/20:45,25/20:56,0:56:00,PKY,UPG,014,10,1,1,NML,6,2025
3074.,A320,PKBKQ,BTK,BTK7503,BTK7502,25/19:37,25/19:42,25/20:31,25/20:42,0:49:00,HLP,HLP,008,10,1,1,NML,6,2025
3075.,B738,PKGNF,GIA,GIA320,GIA325,25/17:44,25/17:47,25/18:55,25/19:08,1:08:27,CGK,CGK,004,10,1,1,NML,6,2025
3076.,A320,PKGQA,CTV,CTV172,CTV173,25/17:57,25/18:00,25/18:54,25/19:07,0:54:48,HLP,HLP,007,10,1,1,NML,6,2025
3077.,B738MAX,9VMBL,SIA,SIA928,SIA929,25/18:39,25/18:45,25/19:34,25/19:48,0:49:00,SIN,SIN,A07,10,1,1,NML,6,2025
3078.,A320,PKSJH,SJV,SJV637,SJV648,25/19:55,25/19:59,25/21:07,25/21:16,1:08:00,BDJ,BPN,011,10,1,1,NML,6,2025
3079.,A320,PKGQH,CTV,CTV949,CTV494,25/18:55,25/19:00,25/19:37,25/19:53,0:37:14,BTH,BDJ,009,10,1,1,NML,6,2025
3080.,A320,PKSJP,SJV,SJV725,SJV716,25/21:16,25/21:20,25/22:09,25/22:20,0:49:00,LBJ,LOP,011,10,1,1,NML,6,2025
3081.,A320,PKBKT,BTK,BTK7519,BTK7518,25/20:17,25/20:21,25/21:16,25/21:32,0:55:00,HLP,HLP,009,10,1,1,NML,6,2025
3082.,B738,PKBGF,BTK,BTK6576,BTK6575,25/20:29,25/20:33,25/21:52,25/22:03,1:19:00,CGK,CGK,012,10,1,1,NML,6,2025
3083.,B738,PKGUF,GIA,GIA326,GIA319,25/21:13,25/21:17,25/22:00,25/22:11,0:43:00,CGK,CGK,005,10,1,1,NML,6,2025
3084.,A320,PKGLU,CTV,CTV435,CTV737,25/19:40,25/19:43,25/20:25,25/20:40,0:42:00,BPN,CGK,006,10,1,1,NML,6,2025
3085.,B738,PKLBS,MXD,MXD352,MXD353,25/20:08,25/20:15,25/20:55,25/21:05,0:40:00,KUL,KUL,A03,10,1,1,NML,6,2025
3086.,A320,PKGLT,CTV,CTV736,CTV9694,25/19:32,25/19:36,25/20:41,25/20:51,1:05:00,CGK,DPS,007,10,1,1,NML,6,2025
3087.,A320,PKGLR,CTV,CTV489,CTV693,25/20:19,25/20:23,25/20:57,25/21:09,0:34:00,BDJ,DPS,005,10,1,1,NML,6,2025
3088.,B739,PKLQT,LNI,LNI787,LNI880,25/15:58,25/16:03,25/21:10,25/21:21,5:06:35,UPG,UPG,025,10,0,0,NML,6,2025
3089.,A320,PKLUO,BTK,BTK6137,BTK6136,25/19:49,25/19:52,25/22:39,25/22:50,2:47:00,UPG,UPG,017,10,1,1,NML,6,2025
3090.,B735,PKCLE,SJY,SJY567,SJY562,25/21:51,25/21:55,25/22:35,25/22:46,0:40:00,UPG,UPG,010,10,1,1,NML,6,2025
3091.,A320,PKGLS,CTV,CTV724,CTV354,25/21:31,25/21:35,25/22:12,25/22:23,0:37:00,CGK,UPG,007,10,1,1,NML,6,2025
3092.,A320,PKSAG,SJV,SJV615,SJV7007,25/22:00,25/22:09,25/22:45,25/22:49,0:36:00,BPN,DPS,012,10,1,1,NML,6,2025
"3093.,A320,PKSTH,SJV,SJV673,SJV7008,23/23:14,24/00:11,25/23:23,25/23:34,""2 days, 0:05:00"",BEJ,CGK,A19,28,0,1,NML,6,2025"
3094.,B738,PKLOP,LNI,LNI681,LNI878,25/16:19,25/16:24,26/05:00,26/05:10,12:36:00,PKY,AMQ,024,28,0,0,NML,6,2025
3095.,A320,PKLUV,BTK,BTK5010,BTK7508,25/14:48,25/14:53,26/05:07,26/05:17,14:13:58,LBJ,HLP,021,28,0,0,NML,6,2025
3096.,A320,PKSTZ,SJV,SJV673,SJV610,25/21:36,26/02:58,26/05:08,26/05:23,7:25:00,BEJ,BPN,C05,28,0,1,NML,6,2025
3097.,A320,PKAZL,AWQ,AWQ325,AWQ320,25/19:10,25/19:15,26/05:03,26/05:13,9:48:00,KUL,KUL,A01,28,1,1,NML,6,2025
3098.,A320,PKSJK,SJV,SJV617,SJV706,25/23:09,25/23:15,26/05:09,26/05:22,5:54:00,BPN,DPS,17A,28,0,0,NML,6,2025
3099.,B739,PKLJI,LNI,LNI883,LNI786,25/23:18,25/23:38,26/05:04,26/05:14,5:26:00,UPG,UPG,17B,28,0,0,NML,6,2025
3100.,A320,PKGLT,CTV,CTV9695,CTV430,25/23:37,25/23:42,26/05:14,26/05:26,5:32:00,DPS,BPN,005,28,1,1,NML,6,2025
3101.,B738,PKGMY,GIA,GIA328,GIA301,25/20:12,25/20:17,26/05:09,26/05:20,8:52:00,CGK,CGK,004,28,1,1,NML,6,2025
3102.,A320,PKSJA,SJV,SJV633,SJV634,25/17:16,25/17:21,26/05:53,26/05:59,12:31:41,BDJ,BDJ,023,28,0,0,NML,6,2025
3103.,B739,PKLQR,LNI,LNI690,LNI690,26/05:15,26/05:20,26/06:10,26/06:27,0:50:44,CGK,KOE,011,10,1,1,NML,6,2025
3104.,A333,ECNOG,SVA,SVA5308,SVA4308,26/03:34,26/03:40,26/06:09,26/06:28,2:29:05,MCT,MED,012,10,1,1,NML,6,2025
3105.,A320,PKGLV,CTV,CTV720,CTV725,25/21:23,25/21:27,26/05:51,26/05:59,8:24:00,CGK,CGK,008,28,1,1,NML,6,2025
3106.,B739,PKLSU,LNI,LNI727,LNI882,25/20:23,25/20:28,26/06:04,26/06:14,9:36:22,KDI,UPG,020,28,0,0,NML,6,2025
3107.,B739,PKLHI,LNI,LNI865,LNI266,25/18:00,25/18:05,26/06:10,26/06:23,12:05:00,LOP,BPN,022,10,0,0,NML,6,2025
3108.,A320,PKBKR,BTK,BTK6406,BTK6589,25/14:53,25/14:57,26/06:24,26/06:37,15:26:37,CGK,CGK,018,10,0,0,NML,6,2025
3109.,A320,V8RBC,RBA,RBA795,RBA796,25/19:58,25/20:06,26/05:52,26/06:07,9:46:00,BWN,BWN,A06,28,1,1,NML,6,2025
3110.,A320,PKGLE,CTV,CTV353,CTV9670,26/05:03,26/05:10,26/05:55,26/06:05,0:45:00,UPG,LOP,010,28,1,1,NML,6,2025
3111.,B738,PKLOR,LNI,LNI885,LNI868,25/21:56,25/22:00,26/06:16,26/06:31,8:16:56,UPG,TTE,025,28,0,0,NML,6,2025
3112.,A320,PKAZO,AWQ,AWQ327,AWQ386,26/00:10,26/00:14,26/06:08,26/06:21,5:54:00,KUL,PEN,A03,10,1,1,NML,6,2025
3113.,A320,PKBKV,BTK,BTK6413,BTK6412,25/21:47,25/21:50,26/06:22,26/06:33,8:32:00,DPS,DPS,009,10,1,1,NML,6,2025
3114.,A320,PKSAU,SJV,SJV717,SJV612,26/06:11,26/06:16,26/07:20,26/07:29,1:04:00,LOP,BPN,011,10,1,1,NML,6,2025
3115.,A320,PKSJK,SJV,SJV703,SJV566,26/08:05,26/11:42,26/13:18,26/13:25,5:08:00,DPS,PLW,025,28,0,1,NML,6,2025
3116.,C208,PKVVF,SUS,PKVVF,PKVVF,25/14:24,25/14:27,26/07:12,26/07:20,16:44:53,BXW,BXW,C07,10,0,0,NML,6,2025
3117.,A320,PKLUH,BTK,BTK6588,BTK6135,25/22:36,25/22:40,26/06:57,26/07:09,8:17:00,CGK,PKN,007,10,1,1,NML,6,2025
3118.,B739,PKLFK,LNI,LNI311,LNI971,26/06:03,26/06:07,26/07:08,26/07:21,1:01:53,BDJ,BTH,016,10,1,1,NML,6,2025
3119.,B738,PKGUI,GIA,GIA324,GIA305,25/21:07,25/21:11,26/07:02,26/07:19,9:51:00,CGK,CGK,006,10,1,1,NML,6,2025
3120.,B738,PKGNA,GIA,GIA855,GIA854,25/20:38,25/20:45,26/06:59,26/07:11,10:14:00,SIN,SIN,A02,10,1,1,NML,6,2025
3121.,A333,ECNYJ,SVA,SVA5110,SVA4110,26/04:40,26/04:47,26/07:35,26/07:49,2:48:28,MCT,MED,015,28,1,1,NML,6,2025
3122.,A320,PKBKQ,BTK,BTK7511,BTK7510,26/06:35,26/06:38,26/07:24,26/07:35,0:46:00,HLP,HLP,010,10,1,1,NML,6,2025
3123.,AW139,PKTVN,TVR,PKTVN,PKTVN,25/09:36,25/09:39,26/07:33,26/07:38,21:54:00,ZZZZ,ZZZZ,H02,28,0,0,NML,6,2025
3124.,B739,PKLHP,LNI,LNI929,LNI646,26/07:23,26/07:27,26/08:28,26/08:40,1:01:59,DPS,LOP,017,28,1,1,NML,6,2025
3125.,A320,PKGQE,CTV,CTV690,CTV460,26/07:03,26/07:05,26/07:40,26/07:53,0:35:00,DPS,AAP,005,28,1,1,NML,6,2025
3126.,B739,PKLSI,LNI,LNI693,LNI693,26/06:52,26/06:56,26/07:53,26/08:03,0:57:13,KOE,CGK,012,28,1,1,NML,6,2025
3127.,B739,PKLHH,LNI,LNI363,LNI982,26/06:18,26/06:23,26/08:21,26/08:33,1:58:37,BPN,PKU,014,28,1,1,NML,6,2025
3128.,A21N,B32M3,CSN,CSN8137,CSN8138,25/21:43,25/21:49,26/07:43,26/07:56,9:54:00,CAN,CAN,A07,28,1,1,NML,6,2025
3129.,A320,PKGQA,CTV,CTV170,CTV175,26/07:00,26/07:05,26/07:53,26/08:10,0:48:00,HLP,HLP,008,28,1,1,NML,6,2025
3130.,A333,BHLV,CPA,CPA779,CPA780,25/17:47,25/17:53,26/08:06,26/08:23,14:13:00,HKG,HKG,A08,28,1,1,NML,6,2025
3131.,A320,PKSJH,SJV,SJV649,SJV702,26/07:45,26/07:51,26/08:59,26/09:15,1:08:24,BPN,DPS,011,28,1,1,NML,6,2025
3132.,B739,PKLHO,LNI,LNI267,LNI990,26/08:10,26/08:16,26/09:07,26/09:25,0:51:00,TRK,DPS,010,28,1,1,NML,6,2025
"3133.,DHC6,PKICP,PGT,PKICP,PKICP,24/11:10,24/11:15,26/07:56,26/08:11,""1 day, 20:41:00"",PAG,PAG,028,28,0,0,NML,6,2025"
3134.,A320,PKBLD,BTK,BTK6572,BTK6573,26/07:37,26/07:41,26/08:53,26/08:59,1:12:00,CGK,CGK,009,28,1,1,NML,6,2025
3135.,B739,PKLFO,LNI,LNI315,LNI222,26/08:42,26/08:47,26/09:44,26/09:56,0:57:00,BDJ,BDJ,014,10,1,1,NML,6,2025
3136.,B739,PKLHL,LNI,LNI683,LNI682,26/08:06,26/08:12,26/08:56,26/09:09,0:44:00,PKY,PKY,015,28,1,1,NML,6,2025
3137.,A320,PKSJA,SJV,SJV635,SJV618,26/09:09,26/09:16,26/10:32,26/10:41,1:16:00,BDJ,BPN,011,10,1,1,NML,6,2025
3138.,B738,PKLSF,LNI,LNI837,LNI748,26/08:00,26/08:04,26/09:01,26/09:17,0:57:24,PNK,MDC,016,28,1,1,NML,6,2025
"3139.,A320,PKSJG,SJV,SJV363,SJV640,14/19:28,26/02:57,26/09:42,26/09:51,""11 days, 14:11:00"",KNO,AAP,C04,10,0,0,NML,6,2025"
3140.,G700,T7MYR,TVR,T7MYR,T7MYR,26/08:34,26/08:37,26/09:12,26/09:16,0:34:47,HLP,HLP,C07,28,0,0,NML,6,2025
3141.,B738,PKGNF,GIA,GIA304,GIA342,26/08:17,26/08:23,26/09:20,26/09:35,0:57:00,CGK,DPS,004,28,1,1,NML,6,2025
3142.,A320,PKPWK,PAS,PAS200,PAS201,26/08:28,26/08:34,26/09:20,26/09:33,0:46:35,CGK,CGK,005,10,1,1,NML,6,2025
3143.,A320,PKSTZ,SJV,SJV611,SJV642,26/08:53,26/08:59,26/10:13,26/10:26,1:14:42,BPN,AAP,008,10,1,1,NML,6,2025
3144.,A320,PKGLE,CTV,CTV9671,CTV486,26/08:25,26/08:30,26/09:28,26/09:42,0:58:00,LOP,BDJ,006,10,1,1,NML,6,2025
3145.,C208,PKVVF,SUS,PKVVF,PKVVF,26/09:14,26/09:16,26/09:42,26/09:48,0:25:49,BXW,BXW,C06,10,0,0,NML,6,2025
3146.,B733,PKMYJ,MYU,MYU935,MYU815,26/08:45,26/08:50,26/09:44,26/09:49,0:53:21,SRG,CGK,C02,10,0,0,NML,6,2025
3147.,B738MAX,9MMVJ,MAS,MAS871,MAS870,26/08:56,26/08:59,26/09:48,26/10:01,0:49:00,KUL,KUL,A07,10,1,1,NML,6,2025
3148.,A359,9VSHV,SIA,SIA922,SIA923,26/09:05,26/09:05,26/10:03,26/10:18,0:58:00,SIN,SIN,A08,10,1,1,NML,6,2025
3149.,A320,PKGLU,CTV,CTV351,CTV350,26/09:39,26/09:41,26/10:26,26/10:37,0:45:00,UPG,UPG,006,10,1,1,NML,6,2025
3150.,A320,PKBKR,BTK,BTK6584,BTK6585,26/10:12,26/10:17,26/11:28,26/11:37,1:11:51,CGK,CGK,015,10,1,1,NML,6,2025
3151.,B739,PKLHS,LNI,LNI970,LNI973,26/09:43,26/09:46,26/11:17,26/11:30,1:31:00,BTH,BTH,010,10,1,1,NML,6,2025
3152.,B739,PKLHI,LNI,LNI367,LNI262,26/09:50,26/09:56,26/10:51,26/11:04,0:55:47,BPN,BPN,014,10,1,1,NML,6,2025
3153.,A20N,9VTNG,TGW,TGW296,TGW297,26/09:27,26/09:34,26/10:27,26/10:32,0:53:00,SIN,SIN,A02,10,1,1,NML,6,2025
3154.,B739,PKLSO,LNI,LNI791,LNI706,26/10:30,26/10:33,26/11:30,26/11:39,0:56:27,UPG,UPG,018,10,0,0,NML,6,2025
3155.,A320,PKPWH,PAS,PAS210,PAS211,26/09:37,26/09:40,26/10:36,26/10:48,0:56:11,CGK,CGK,005,10,1,1,NML,6,2025
3156.,A320,PKLUH,BTK,BTK6134,BTK7516,26/09:49,26/09:53,26/11:13,26/11:24,1:20:03,PKN,HLP,009,10,1,1,NML,6,2025
3157.,A320,PKLZH,BTK,BTK7513,BTK6346,26/10:15,26/10:20,26/11:18,26/11:32,0:58:22,HLP,BEJ,008,10,1,1,NML,6,2025
3158.,A320,PKGLG,CTV,CTV722,CTV723,26/09:46,26/09:48,26/10:55,26/11:06,1:07:00,CGK,CGK,007,10,1,1,NML,6,2025
3159.,B739,PKLHP,LNI,LNI645,LNI822,26/11:07,26/11:11,26/12:10,26/12:19,0:59:00,LOP,LOP,014,10,1,1,NML,6,2025
3160.,B739,PKLSP,LNI,LNI694,LNI694,26/10:23,26/10:28,26/11:37,26/11:48,1:09:42,CGK,KOE,016,10,1,1,NML,6,2025
3161.,A320,PKAZL,AWQ,AWQ321,AWQ322,26/10:34,26/10:39,26/11:13,26/11:21,0:34:00,KUL,KUL,A01,10,1,1,NML,6,2025
3162.,B739,PKLQR,LNI,LNI697,LNI697,26/10:54,26/10:59,26/12:18,26/12:29,1:19:00,KOE,CGK,017,10,1,1,NML,6,2025
3163.,B738,PKGFD,GIA,GIA322,GIA327,26/10:03,26/10:05,26/11:23,26/11:35,1:18:20,CGK,CGK,004,10,1,1,NML,6,2025
3164.,A320,PKBKQ,BTK,BTK7517,BTK7520,26/10:46,26/10:49,26/11:37,26/11:50,0:48:49,HLP,HLP,011,10,1,1,NML,6,2025
3165.,A320,PKSJH,SJV,SJV705,SJV632,26/12:14,26/12:17,26/13:42,26/14:03,1:25:00,DPS,BDJ,009,10,1,1,NML,6,2025
3166.,B739,PKLQT,LNI,LNI805,LNI804,26/12:37,26/12:41,26/14:00,26/14:18,1:19:00,DPS,DPS,011,10,1,1,NML,6,2025
3167.,A320,PKGQE,CTV,CTV461,CTV698,26/11:12,26/11:15,26/11:59,26/12:09,0:44:02,AAP,DPS,006,10,1,1,NML,6,2025
3168.,B739,PKLFO,LNI,LNI223,LNI680,26/12:53,26/12:57,26/13:49,26/14:07,0:52:00,BDJ,PKY,016,10,1,1,NML,6,2025
3169.,A320,PKSTZ,SJV,SJV641,SJV636,26/13:51,26/13:54,26/14:46,26/14:57,0:52:00,AAP,BDJ,010,10,1,1,NML,6,2025
3170.,B738,PKBLD,BTK,BTK6582,BTK6581,26/12:31,26/12:34,26/13:39,26/13:53,1:05:50,CGK,CGK,008,10,1,1,NML,6,2025
3171.,A320,PKSTS,SJV,SJV363,SJV362,26/12:21,26/12:25,26/13:32,26/13:49,1:07:00,KNO,KNO,010,10,1,1,NML,6,2025
3172.,B739,PKLJI,LNI,LNI801,LNI780,26/13:43,26/13:50,26/14:48,26/14:58,0:58:00,UPG,UPG,17B,10,0,0,NML,6,2025
3173.,A320,PKLUJ,BTK,BTK6596,BTK6595,26/12:45,26/12:49,26/13:42,26/13:57,0:52:46,CGK,CGK,018,10,0,0,NML,6,2025
3174.,A320,PKPWJ,PAS,PAS204,PAS205,26/11:56,26/11:58,26/13:14,26/13:26,1:16:00,CGK,CGK,005,10,1,1,NML,6,2025
3175.,A320,PKAZO,AWQ,AWQ387,AWQ324,26/12:41,26/12:45,26/13:25,26/13:34,0:40:45,PEN,KUL,A01,10,1,1,NML,6,2025
3176.,A320,PKGLE,CTV,CTV487,CTV668,26/12:26,26/12:29,26/14:02,26/14:14,1:33:00,BDJ,DPS,007,10,1,1,NML,6,2025
3177.,A320,PKGQP,CTV,CTV9693,CTV9692,26/13:40,26/13:43,26/14:23,26/14:28,0:40:00,DPS,DPS,006,10,1,1,NML,6,2025
3178.,A320,PKGQP,CTV,CTV9692,CTV9692A,26/15:00,26/15:10,26/16:30,26/16:35,1:20:00,SUB,DPS,C04,10,0,0,NML,6,2025
3179.,B738,PKLOR,LNI,LNI869,LNI686,26/12:34,26/12:39,26/14:53,26/15:03,2:14:00,TTE,PKY,015,10,1,1,NML,6,2025
3180.,B738,PKLJQ,LNI,LNI839,LNI836,26/14:16,26/14:20,26/15:13,26/15:35,0:52:33,PNK,PNK,020,10,0,0,NML,6,2025
3181.,A320,PKGLT,CTV,CTV431,CTV948,26/13:47,26/13:52,26/14:40,26/14:52,0:48:00,BPN,BTH,008,10,1,1,NML,6,2025
3182.,B739,PKLHH,LNI,LNI983,LNI910,26/14:12,26/14:17,26/15:15,26/15:37,0:57:52,PKU,DPS,17A,10,0,0,NML,6,2025
3183.,A320,PKGQO,CTV,CTV686,CTV686,26/14:20,26/14:27,26/16:40,26/16:42,2:13:00,CGK,DPS,C05,10,0,0,DVT,6,2025
3184.,B738,PKGFS,GIA,GIA312,GIA317,26/13:35,26/13:38,26/14:35,26/14:49,0:57:59,CGK,CGK,004,10,1,1,NML,6,2025
3185.,A320,9VJSO,JSA,JSA247,JSA248,26/14:01,26/14:06,26/14:52,26/15:05,0:46:00,SIN,SIN,A06,10,1,1,NML,6,2025
3186.,A320,PKBKQ,BTK,BTK7515,BTK7514,26/15:00,26/15:05,26/15:52,26/16:05,0:47:00,HLP,HLP,008,10,1,1,NML,6,2025
3187.,B739,PKLHI,LNI,LNI261,LNI260,26/14:40,26/14:41,26/15:34,26/15:48,0:53:00,BPN,BPN,011,10,1,1,NML,6,2025
3188.,A320,PKPWE,PAS,PAS208,PAS209,26/14:04,26/14:08,26/14:58,26/15:10,0:50:26,CGK,CGK,003,10,0,0,NML,6,2025
3189.,B738,PKGFR,GIA,GIA330,GIA331,26/14:08,26/14:11,26/15:07,26/15:26,0:56:00,HLP,HLP,005,10,1,1,NML,6,2025
3190.,A320,PKGLY,CTV,CTV716,CTV717,26/14:20,26/14:27,26/15:15,26/15:41,0:48:12,CGK,CGK,007,10,1,1,NML,6,2025
3191.,B738,PKLOP,LNI,LNI879,LNI722,26/14:29,26/14:33,26/15:26,26/15:45,0:52:32,AMQ,KDI,018,10,0,0,NML,6,2025
3192.,A320,PKLAQ,BTK,BTK6406,BTK6220,26/16:56,26/17:01,26/17:47,26/18:03,0:46:00,CGK,BPN,008,10,1,1,NML,6,2025
3193.,B739,PKLHP,LNI,LNI823,LNI642,26/14:42,26/14:48,26/15:49,26/16:03,1:01:00,LOP,LOP,022,10,0,0,NML,6,2025
3194.,B739,PKLHQ,LNI,LNI787,LNI581,26/15:50,26/15:55,26/16:54,26/17:11,0:59:00,UPG,CGK,010,10,1,1,NML,6,2025
3195.,A320,PKSJH,SJV,SJV633,SJV726,26/17:08,26/17:11,26/18:09,26/18:21,0:58:00,BDJ,LBJ,010,10,1,1,NML,6,2025
3196.,B738,PKLSF,LNI,LNI749,LNI800,26/15:16,26/15:20,26/16:34,26/16:45,1:13:18,MDC,UPG,015,10,1,1,NML,6,2025
3197.,B739,PKLHM,LNI,LNI707,LNI920,26/15:42,26/15:45,26/18:43,26/18:59,2:58:26,UPG,DPS,020,10,0,0,NML,6,2025
3198.,A320,PKGQI,CTV,CTV164,CTV165,26/13:59,26/14:04,26/15:47,26/15:58,1:42:46,HLP,HLP,021,10,0,0,NML,6,2025
3199.,A320,PKBKU,BTK,BTK7521,BTK7512,25/21:59,25/22:06,26/15:57,26/16:09,17:51:00,HLP,HLP,C03,10,0,0,NML,6,2025
3200.,A320,PKGQE,CTV,CTV699,CTV434,26/15:21,26/15:24,26/16:12,26/16:23,0:48:00,DPS,BPN,006,10,1,1,NML,6,2025
3201.,A333,ECNOF,SVA,SVA5300,SVA4300,26/13:55,26/13:59,26/16:06,26/16:17,2:07:00,MCT,MED,012,10,1,1,NML,6,2025
3202.,B738,9MMXF,MAS,MAS873,MAS872,26/15:13,26/15:19,26/16:14,26/16:21,0:55:00,KUL,KUL,A06,10,1,1,NML,6,2025
3203.,A320,PKLZH,BTK,BTK6347,BTK6401,26/15:55,26/16:00,26/16:51,26/17:06,0:51:00,BEJ,CGK,009,10,1,1,NML,6,2025
3204.,B739,PKLFO,LNI,LNI681,LNI316,26/16:51,26/17:01,26/17:51,26/18:08,0:50:00,PKY,BDJ,17B,10,0,0,NML,6,2025
3205.,E135,T7JCI,AFS,T7JCI,T7JCI,26/15:41,26/15:45,26/16:00,26/16:10,0:15:00,CGK,CGK,003,10,0,0,NML,6,2025
3206.,B738MAX,9VMBJ,SIA,SIA926,SIA927,26/15:28,26/15:34,26/16:25,26/16:39,0:51:00,SIN,SIN,A08,10,1,1,NML,6,2025
3207.,B738,PKGFD,GIA,GIA310,GIA315,26/15:24,26/15:27,26/16:29,26/16:43,1:02:00,CGK,CGK,004,10,1,1,NML,6,2025
3208.,A320,PKSAU,SJV,SJV619,SJV648,26/16:32,26/16:39,26/17:45,26/17:58,1:06:00,BPN,BPN,021,10,0,0,NML,6,2025
3209.,A320,PKPWN,PAS,PAS206,PAS623,26/15:58,26/16:02,26/16:43,26/16:54,0:41:00,CGK,BPN,005,10,1,1,NML,6,2025
3210.,B739,PKLSP,LNI,LNI695,LNI268,26/16:14,26/16:19,26/17:23,26/17:37,1:04:00,KOE,TRK,011,10,1,1,NML,6,2025
3211.,B738,PKLOH,LNI,LNI709,LNI3856,26/16:25,26/16:31,26/17:56,26/18:09,1:25:30,UPG,PLM,17A,10,0,0,NML,6,2025
3212.,A320,PKGLV,CTV,CTV495,CTV721,26/15:45,26/15:49,26/16:49,26/17:02,1:00:00,BDJ,CGK,007,10,1,1,NML,6,2025
"3213.,B738,PKLZZ,MXD,MXD352,MXD353,24/19:30,24/19:36,26/15:35,26/15:53,""1 day, 19:59:00"",KUL,KUL,A04,10,1,1,NML,6,2025"
3214.,A320,PKGQP,CTV,CTV669,CTV488,26/19:13,26/19:16,26/19:54,26/20:06,0:38:00,DPS,BDJ,007,10,1,1,NML,6,2025
3215.,B739,PKLFK,LNI,LNI972,LNI226,26/17:03,26/17:08,26/17:55,26/18:17,0:47:00,BTH,BDJ,009,10,1,1,NML,6,2025
3216.,A320,PKLUH,BTK,BTK7501,BTK7579,26/18:00,26/18:05,26/20:19,26/20:30,2:13:46,HLP,CGK,025,10,0,0,NML,6,2025
3217.,B738,PKLOR,LNI,LNI687,LNI838,26/17:47,26/17:55,26/18:46,26/19:04,0:51:00,PKY,PNK,007,10,1,1,NML,6,2025
3218.,A320,PKAZL,AWQ,AWQ323,AWQ326,26/16:59,26/17:04,26/17:42,26/17:54,0:38:00,KUL,KUL,A03,10,1,1,NML,6,2025
3219.,B739,PKLGU,LNI,LNI692,LNI692,26/18:14,26/18:21,26/19:11,26/19:21,0:50:04,CGK,KOE,17B,10,0,0,NML,6,2025
3220.,A320,PKPWH,PAS,PAS622,PAS207,26/17:18,26/17:21,26/18:22,26/18:35,1:01:00,BPN,CGK,006,10,1,1,NML,6,2025
3221.,B738,PKGNF,GIA,GIA349,GIA313,26/17:51,26/17:55,26/18:45,26/19:01,0:50:00,DPS,CGK,005,10,1,1,NML,6,2025
3222.,A320,PKLUI,BTK,BTK7503,BTK7502,26/19:42,26/19:49,26/20:29,26/20:42,0:40:00,HLP,HLP,009,10,1,1,NML,6,2025
3223.,B738,PKGUH,GIA,GIA320,GIA325,26/17:43,26/17:46,26/19:00,26/19:19,1:14:00,CGK,CGK,004,10,1,1,NML,6,2025
3224.,A320,PKGQI,CTV,CTV172,CTV173,26/18:57,26/19:00,26/19:45,26/19:58,0:45:00,HLP,HLP,006,10,1,1,NML,6,2025
3225.,A333,ECODQ,SVA,SVA5114,SVA4114,26/18:11,26/18:19,26/20:09,26/20:25,1:50:00,MCT,MED,012,10,1,1,NML,6,2025
3226.,B738MAX,9VMBE,SIA,SIA928,SIA929,26/18:18,26/18:24,26/19:15,26/19:30,0:51:00,SIN,SIN,A07,10,1,1,NML,6,2025
3227.,A320,PKBKL,BTK,BTK6576,BTK6575,26/18:26,26/18:31,26/19:26,26/19:39,0:55:00,CGK,CGK,008,10,1,1,NML,6,2025
3228.,B738,PKCRH,SJY,SJY567,SJY562,26/18:53,26/18:56,26/19:44,26/19:56,0:48:00,UPG,UPG,010,10,1,1,NML,6,2025
3229.,A333,ECODR,SVA,SVA5302,SVA4302,26/18:47,26/18:53,26/20:24,26/20:37,1:31:00,MCT,MED,015,10,1,1,NML,6,2025
3230.,A320,PKSJG,SJV,SJV643,SJV716,26/18:51,26/18:54,26/22:35,26/22:44,3:40:34,AAP,LOP,020,10,0,0,NML,6,2025
3231.,A320,PKBKU,BTK,BTK7519,BTK7518,26/20:03,26/20:07,26/21:07,26/21:20,1:00:00,HLP,HLP,010,10,1,1,NML,6,2025
3232.,B738,PKLSF,LNI,LNI885,LNI880,26/20:12,26/20:16,26/21:11,26/21:27,0:55:00,UPG,UPG,016,10,1,1,NML,6,2025
3233.,B738,PKGMY,GIA,GIA326,GIA319,26/19:09,26/19:12,26/20:11,26/20:24,0:59:00,CGK,CGK,004,10,1,1,NML,6,2025
3234.,A320,PKGQN,CTV,CTV736,CTV9694,26/20:51,26/20:55,26/21:35,26/21:47,0:40:00,CGK,DPS,008,10,1,1,NML,6,2025
3235.,A320,PKGQS,CTV,CTV489,CTV693,26/20:15,26/20:19,26/20:54,26/21:07,0:35:00,BDJ,DPS,007,10,1,1,NML,6,2025
3236.,A320,PKGQE,CTV,CTV435,CTV494,26/19:48,26/19:51,26/21:11,26/21:31,1:20:00,BPN,BDJ,005,10,1,1,NML,6,2025
3237.,A320,PKGQL,CTV,CTV949,CTV737,26/20:19,26/20:22,26/21:13,26/21:33,0:51:00,BTH,CGK,006,10,1,1,NML,6,2025
3238.,A320,PKGLT,CTV,CTV724,CTV354,26/21:18,26/21:22,26/22:08,26/22:19,0:46:00,CGK,UPG,007,10,1,1,NML,6,2025
3239.,A320,PKLAF,BTK,BTK6137,BTK6136,26/21:24,26/21:30,26/22:39,26/22:48,1:09:00,UPG,UPG,010,10,1,1,NML,6,2025
3240.,A320,PKGLX,CTV,CTV720,CTV9696,26/23:07,26/23:11,26/23:44,26/23:55,0:33:00,CGK,DPS,006,10,1,1,NML,6,2025
3241.,A320,PKSTZ,SJV,SJV637,SJV610,26/17:56,26/18:00,27/04:57,27/05:09,10:56:15,BDJ,BPN,024,10,0,0,NML,6,2025
3242.,A320,PKAZL,AWQ,AWQ327,AWQ320,26/23:33,26/23:38,27/04:59,27/05:11,5:21:00,KUL,KUL,A03,10,1,1,NML,6,2025
3243.,A320,PKLAQ,BTK,BTK6221,BTK7508,26/21:28,26/21:32,27/05:04,27/05:18,7:32:00,BPN,HLP,17A,10,0,0,NML,6,2025
3244.,B738,PKLOP,LNI,LNI727,LNI878,26/19:52,26/19:58,27/05:04,27/05:20,9:06:00,KDI,AMQ,C04,10,0,0,NML,6,2025
3245.,A320,PKLUQ,BTK,BTK6588,BTK6132,26/21:21,26/21:25,27/05:00,27/05:13,7:35:00,CGK,LOP,014,10,1,1,NML,6,2025
3246.,B739,PKLQT,LNI,LNI919,LNI786,26/17:39,26/17:45,27/05:00,27/05:16,11:15:00,DPS,UPG,022,10,0,0,NML,6,2025
3247.,A320,PKGQS,CTV,CTV9697,CTV430,26/23:22,26/23:27,27/04:54,27/05:05,5:27:00,DPS,BPN,007,10,1,1,NML,6,2025
3248.,B738,PKGNA,GIA,GIA855,GIA301,26/20:47,26/23:22,27/05:11,27/05:22,8:17:00,SIN,CGK,005,10,1,1,NML,6,2025
3249.,B739,PKLHP,LNI,LNI865,LNI266,26/18:32,26/18:38,27/05:17,27/05:25,10:38:54,LOP,BPN,018,10,0,0,NML,6,2025
3250.,A320,PKSJH,SJV,SJV725,SJV706,26/21:56,26/22:00,27/05:30,27/05:41,7:30:00,LBJ,DPS,17B,10,0,0,NML,6,2025
3251.,A320,PKBKT,BTK,BTK7521,BTK6589,26/22:21,26/22:26,27/05:34,27/05:43,7:08:00,HLP,CGK,008,10,1,1,NML,6,2025
3252.,A320,PKGQN,CTV,CTV9695,CTV725,27/00:08,27/00:11,27/05:39,27/05:48,5:28:00,DPS,CGK,009,10,1,1,NML,6,2025
3253.,B739,PKLSH,LNI,LNI690,LNI690,27/05:07,27/05:14,27/06:01,27/06:16,0:47:24,CGK,KOE,010,28,1,1,NML,6,2025
3254.,A320,PKGLE,CTV,CTV353,CTV670,27/05:03,27/05:09,27/05:58,27/06:08,0:49:00,UPG,LOP,006,10,1,1,NML,6,2025
3255.,A320,V8RBG,RBA,RBA795,RBA796,26/20:22,26/20:27,27/05:55,27/06:06,9:28:00,BWN,BWN,A07,10,1,1,NML,6,2025
3256.,A320,PKSTI,SJV,SJV615,SJV640,26/23:29,26/23:32,27/05:58,27/06:13,6:26:00,BPN,AAP,015,10,1,1,NML,6,2025
3257.,B739,PKLHH,LNI,LNI923,LNI882,26/18:22,26/18:27,27/05:58,27/06:11,11:30:15,DPS,UPG,021,10,0,0,NML,6,2025
3258.,A320,PKBKV,BTK,BTK6413,BTK6412,26/21:37,26/21:42,27/06:21,27/06:30,8:39:00,DPS,DPS,016,28,1,1,NML,6,2025
3259.,A320,PKSAV,SJV,SJV717,SJV566,27/05:58,27/06:04,27/06:52,27/07:02,0:48:00,LOP,PLW,012,28,1,1,NML,6,2025
3260.,C208,PKVVF,SUS,PKVVF,PKVVF,26/11:22,26/11:30,27/07:13,27/07:19,19:42:43,BXW,BXW,C07,28,0,0,NML,6,2025
3261.,B739,PKLFK,LNI,LNI311,LNI971,27/06:04,27/06:10,27/07:03,27/07:14,0:53:00,BDJ,BTH,014,28,1,1,NML,6,2025
3262.,B738,PKGFH,GIA,GIA324,GIA854,26/21:14,26/23:11,27/06:59,27/07:20,9:41:00,CGK,SIN,A02,28,1,1,NML,6,2025
3263.,B738,PKGNQ,GIA,GIA328,GIA305,26/20:28,26/20:31,27/06:55,27/07:04,10:24:00,CGK,CGK,004,28,1,1,NML,6,2025
3264.,A320,PKBKU,BTK,BTK7511,BTK7510,27/06:35,27/06:40,27/07:24,27/07:33,0:44:00,HLP,HLP,009,28,1,1,NML,6,2025
3265.,A320,PKAZO,AWQ,AWQ325,AWQ392,26/19:16,26/19:21,27/07:16,27/07:26,11:55:00,KUL,JHB,A01,28,1,1,NML,6,2025
3266.,A320,PKSJK,SJV,SJV567,SJV634,26/17:23,26/17:27,27/07:37,27/07:48,14:10:00,PLW,BDJ,023,10,0,0,NML,6,2025
3267.,A320,PKGLX,CTV,CTV690,CTV460,27/06:38,27/06:45,27/07:36,27/07:53,0:51:00,DPS,AAP,007,10,1,1,NML,6,2025
3268.,B739,PKLGU,LNI,LNI693,LNI693,27/06:46,27/06:51,27/07:44,27/07:57,0:53:00,KOE,CGK,010,10,1,1,NML,6,2025
3269.,A320,PKGQI,CTV,CTV170,CTV175,27/07:12,27/07:19,27/08:03,27/08:15,0:44:00,HLP,HLP,006,10,1,1,NML,6,2025
3270.,B739,PKLSI,LNI,LNI363,LNI646,27/07:15,27/07:21,27/08:04,27/08:16,0:43:00,BPN,LOP,015,10,1,1,NML,6,2025
3271.,A333,BHLM,CPA,CPA779,CPA780,26/18:05,26/18:11,27/08:14,27/08:26,14:03:00,HKG,HKG,A08,10,1,1,NML,6,2025
3272.,A320,PKLUQ,BTK,BTK6133,BTK6135,27/07:46,27/07:50,27/08:35,27/08:48,0:45:00,LOP,PKN,009,10,1,1,NML,6,2025
3273.,B739,PKLSP,LNI,LNI267,LNI990,27/07:08,27/07:14,27/08:17,27/08:30,1:03:00,TRK,DPS,008,28,1,1,NML,6,2025
3274.,B738,PKLJS,LNI,LNI837,LNI868,27/07:51,27/07:55,27/08:44,27/08:59,0:49:00,PNK,TTE,012,10,1,1,NML,6,2025
3275.,A320,PKSJH,SJV,SJV703,SJV612,27/08:19,27/08:24,27/09:13,27/09:32,0:49:00,DPS,BPN,010,10,1,1,NML,6,2025
3276.,A320,PKBLD,BTK,BTK6578,BTK6391,26/17:34,26/17:38,27/08:58,27/09:07,15:20:00,CGK,CGK,011,10,1,1,NML,6,2025
3277.,B739,PKLJG,LNI,LNI683,LNI682,27/08:13,27/08:17,27/09:03,27/09:16,0:46:00,PKY,PKY,017,10,1,1,NML,6,2025
3278.,A320,PKSJT,SJV,SJV649,SJV618,27/08:46,27/08:51,27/09:39,27/09:49,0:48:00,BPN,BPN,020,10,0,0,NML,6,2025
3279.,B739,PKLHM,LNI,LNI929,LNI856,27/06:58,27/07:02,27/08:59,27/09:13,1:57:00,DPS,PLM,016,10,1,1,NML,6,2025
3280.,B738,PKLPK,LNI,LNI3857,LNI748,26/19:04,26/19:10,27/09:12,27/09:26,14:01:12,PLM,MDC,C05,10,0,0,NML,6,2025
3281.,B739,PKLSL,LNI,LNI315,LNI222,27/08:30,27/08:34,27/09:17,27/09:34,0:43:00,BDJ,BDJ,008,10,1,1,NML,6,2025
3282.,B738,PKGMX,GIA,GIA304,GIA342,27/08:22,27/08:25,27/09:27,27/09:41,1:02:00,CGK,DPS,004,10,1,1,NML,6,2025
3283.,A320,PKPWK,PAS,PAS200,PAS201,27/08:08,27/08:11,27/09:10,27/09:24,0:59:00,CGK,CGK,005,10,1,1,NML,6,2025
3284.,A320,PKSTZ,SJV,SJV611,SJV642,27/08:34,27/08:38,27/09:36,27/09:46,0:58:00,BPN,AAP,018,10,0,0,NML,6,2025
3285.,A320,PKGLE,CTV,CTV671,CTV486,27/08:38,27/08:40,27/09:22,27/09:36,0:42:00,LOP,BDJ,006,10,1,1,NML,6,2025
3286.,A320,PKBKT,BTK,BTK6584,BTK6585,27/09:30,27/09:33,27/10:26,27/10:38,0:53:00,CGK,CGK,009,10,1,1,NML,6,2025
3287.,B739,PKLHP,LNI,LNI367,LNI262,27/08:53,27/08:59,27/09:45,27/09:55,0:46:00,BPN,BPN,015,10,1,1,NML,6,2025
3288.,B738,9MMXS,MAS,MAS871,MAS870,27/09:02,27/09:09,27/10:00,27/10:13,0:51:00,KUL,KUL,A06,10,1,1,NML,6,2025
3289.,B735,PKNAS,LKN,LKN243,LKN242,27/09:20,27/09:24,27/10:05,27/10:17,0:41:00,SMQ,SMQ,010,10,1,1,NML,6,2025
3290.,A359,9VSHK,SIA,SIA922,SIA923,27/09:10,27/09:17,27/10:14,27/10:28,0:57:00,SIN,SIN,A08,10,1,1,NML,6,2025
3291.,A320,PKGQF,CTV,CTV351,CTV350,27/09:39,27/09:42,27/10:21,27/10:32,0:39:00,UPG,UPG,007,10,1,1,NML,6,2025
3292.,B739,PKLQS,LNI,LNI970,LNI706,27/10:10,27/10:14,27/11:16,27/11:32,1:02:00,BTH,UPG,010,10,1,1,NML,6,2025
3293.,A20N,9VTNG,TGW,TGW296,TGW297,27/10:01,27/10:06,27/10:59,27/11:11,0:53:00,SIN,SIN,A02,10,1,1,NML,6,2025
3294.,B739,PKLHH,LNI,LNI791,LNI973,27/09:44,27/09:48,27/11:19,27/11:37,1:31:00,UPG,BTH,011,10,1,1,NML,6,2025
3295.,A320,PKLUT,BTK,BTK7513,BTK7516,27/10:04,27/10:08,27/10:50,27/11:00,0:42:00,HLP,HLP,008,10,1,1,NML,6,2025
3296.,B739,PKLFF,LNI,LNI694,LNI694,27/10:35,27/10:40,27/11:37,27/11:47,0:57:00,CGK,KOE,017,10,1,1,NML,6,2025
3297.,B739,PKLSH,LNI,LNI697,LNI697,27/11:25,27/11:30,27/12:25,27/12:41,0:55:00,KOE,CGK,021,10,0,0,NML,6,2025
3298.,A320,PKAZL,AWQ,AWQ321,AWQ322,27/10:38,27/10:43,27/11:18,27/11:28,0:35:00,KUL,KUL,A03,10,1,1,NML,6,2025
3299.,A320,PKSJK,SJV,SJV635,SJV702,27/10:45,27/10:49,27/11:43,27/11:53,0:54:00,BDJ,DPS,007,10,1,1,NML,6,2025
3300.,B739,PKLSI,LNI,LNI645,LNI822,27/10:54,27/10:59,27/11:56,27/12:06,0:57:00,LOP,LOP,018,10,0,0,NML,6,2025
3301.,A320,PKBKU,BTK,BTK7517,BTK7520,27/10:41,27/10:45,27/12:16,27/12:30,1:31:00,HLP,HLP,009,10,1,1,NML,6,2025
3302.,B738,PKGFD,GIA,GIA322,GIA327,27/10:19,27/10:24,27/11:30,27/11:36,1:06:00,CGK,CGK,004,10,1,1,NML,6,2025
3303.,A320,PKGLT,CTV,CTV722,CTV723,27/10:50,27/10:54,27/11:40,27/11:50,0:46:00,CGK,CGK,006,10,1,1,NML,6,2025
3304.,B739,PKLSP,LNI,LNI805,LNI804,27/11:09,27/11:13,27/12:15,27/12:28,1:02:00,DPS,DPS,020,10,0,0,NML,6,2025
3305.,A320,PKGLX,CTV,CTV461,CTV698,27/11:19,27/11:22,27/12:12,27/12:22,0:50:00,AAP,DPS,008,10,1,1,NML,6,2025
3306.,A320,PKLUQ,BTK,BTK6134,BTK6346,27/11:29,27/11:33,27/12:22,27/12:32,0:49:00,PKN,BEJ,010,10,1,1,NML,6,2025
3307.,B738,PKLBK,MXD,MXD352,MXD353,26/22:26,26/22:32,27/11:54,27/12:02,13:22:00,KUL,KUL,A04,10,1,1,NML,6,2025
3308.,B738,PKLBW,BTK,BTK6582,BTK6581,27/12:54,27/12:57,27/13:53,27/14:03,0:56:00,CGK,CGK,007,10,1,1,NML,6,2025
3309.,A320,PKSAV,SJV,SJV567,SJV636,27/11:34,27/11:38,27/12:33,27/12:44,0:55:00,PLW,BDJ,011,10,1,1,NML,6,2025
3310.,A333,ECNOG,SVA,SVA5112,SVA4112,27/10:25,27/10:30,27/12:28,27/12:38,1:58:00,MCT,MED,012,10,1,1,NML,6,2025
3311.,B735,PKNAQ,LKN,LKN193,LKN192,27/13:58,27/14:02,27/14:42,27/14:51,0:40:00,PKN,PKN,010,10,1,1,NML,6,2025
3312.,B739,PKLSL,LNI,LNI223,LNI680,27/12:33,27/12:38,27/13:32,27/13:45,0:54:00,BDJ,PKY,010,10,1,1,NML,6,2025
3313.,A320,PKBLD,BTK,BTK6596,BTK6595,27/12:46,27/12:51,27/14:06,27/14:19,1:15:00,CGK,CGK,008,10,1,1,NML,6,2025
3314.,A320,PKGLE,CTV,CTV487,CTV668,27/12:25,27/12:30,27/13:23,27/13:38,0:53:00,BDJ,DPS,006,10,1,1,NML,6,2025
3315.,A320,PKAZO,AWQ,AWQ393,AWQ324,27/12:17,27/12:22,27/13:13,27/13:25,0:51:00,JHB,KUL,A03,10,1,1,NML,6,2025
3316.,A320,PKPWA,PAS,PAS204,PAS205,27/11:57,27/12:00,27/13:20,27/13:33,1:20:00,CGK,CGK,005,10,1,1,NML,6,2025
3317.,A320,PKGQO,CTV,CTV9693,CTV9692,27/13:28,27/13:32,27/14:12,27/14:24,0:40:00,DPS,DPS,004,10,1,1,NML,6,2025
3318.,B739,PKLHL,LNI,LNI801,LNI260,27/12:12,27/12:19,27/14:03,27/14:17,1:44:00,UPG,BPN,009,10,1,1,NML,6,2025
3319.,B739,PKLHP,LNI,LNI261,LNI642,27/13:56,27/14:01,27/14:54,27/15:02,0:53:00,BPN,LOP,17B,10,0,0,NML,6,2025
3320.,A320,PKSTZ,SJV,SJV641,SJV726,27/13:42,27/13:46,27/14:46,27/14:55,1:00:00,AAP,LBJ,17A,10,0,0,NML,6,2025
3321.,B738,PKLJQ,LNI,LNI839,LNI836,27/13:31,27/13:36,27/14:30,27/14:41,0:54:00,PNK,PNK,016,10,1,1,NML,6,2025
3322.,A320,PKGQS,CTV,CTV431,CTV948,27/13:39,27/13:41,27/14:33,27/14:43,0:52:00,BPN,BTH,006,10,1,1,NML,6,2025
3323.,B739,PKLHM,LNI,LNI857,LNI910,27/13:36,27/13:39,27/14:34,27/14:47,0:55:00,PLM,DPS,011,10,1,1,NML,6,2025
3324.,A320,PKSJK,SJV,SJV705,SJV632,27/14:49,27/14:52,27/15:30,27/15:44,0:38:00,DPS,BDJ,009,10,1,1,NML,6,2025
3325.,A320,9VJSK,JSA,JSA247,JSA248,27/14:05,27/14:10,27/14:53,27/15:06,0:43:00,SIN,SIN,A06,10,1,1,NML,6,2025
3326.,A320,PKBKQ,BTK,BTK7515,BTK7514,27/13:50,27/13:54,27/15:18,27/15:31,1:24:00,HLP,HLP,015,10,1,1,NML,6,2025
3327.,A320,PKPWE,PAS,PAS208,PAS209,27/13:53,27/13:56,27/14:55,27/15:08,0:59:00,CGK,CGK,005,10,1,1,NML,6,2025
3328.,B738,PKGMF,GIA,GIA330,GIA331,27/14:45,27/14:48,27/15:36,27/15:50,0:48:00,HLP,HLP,004,10,1,1,NML,6,2025
3329.,B738,PKLOP,LNI,LNI879,LNI722,27/14:31,27/14:35,27/15:38,27/15:47,1:03:00,AMQ,KDI,018,10,0,0,NML,6,2025
3330.,A320,PKBLB,BTK,BTK6406,BTK6220,27/15:54,27/15:57,27/16:46,27/17:00,0:49:00,CGK,BPN,009,10,1,1,NML,6,2025
3331.,B739,PKLSP,LNI,LNI919,LNI920,27/15:37,27/15:41,27/16:37,27/16:54,0:56:00,DPS,DPS,17A,10,0,0,NML,6,2025
3332.,B738,PKLPK,LNI,LNI749,LNI838,27/15:20,27/15:25,27/16:47,27/17:05,1:22:00,MDC,PNK,17B,10,0,0,NML,6,2025
3333.,A320,PKGLX,CTV,CTV699,CTV434,27/15:03,27/15:07,27/15:50,27/16:05,0:43:00,DPS,BPN,006,10,1,1,NML,6,2025
3334.,A320,PKBKU,BTK,BTK7501,BTK7512,27/16:12,27/16:16,27/17:13,27/17:28,0:57:00,HLP,HLP,008,10,1,1,NML,6,2025
3335.,A333,ECNYJ,SVA,SVA5434,SVA4434,27/13:46,27/13:51,27/15:45,27/16:01,1:54:00,MCT,MED,012,10,1,1,NML,6,2025
3336.,B738,PKLJS,LNI,LNI869,LNI886,27/14:57,27/15:02,27/15:54,27/16:09,0:52:00,TTE,UPG,016,10,1,1,NML,6,2025
3337.,B739,PKLQS,LNI,LNI707,LNI581,27/15:28,27/15:32,27/16:35,27/16:47,1:03:00,UPG,CGK,011,10,1,1,NML,6,2025
3338.,A320,PKSTI,SJV,SJV643,SJV614,27/15:14,27/15:19,27/16:09,27/16:19,0:50:00,AAP,BPN,010,10,1,1,NML,6,2025
3339.,A333,PKGHD,GIA,GIA971,GIA3252,27/14:15,27/15:53,27/16:44,27/16:58,2:23:00,JED,CGK,004,10,1,1,NML,6,2025
3340.,A320,PKSAV,SJV,SJV637,SJV672,27/15:41,27/15:45,27/16:42,27/16:57,0:57:00,BDJ,BEJ,015,10,1,1,NML,6,2025
3341.,B739,PKLSI,LNI,LNI823,LNI316,27/14:39,27/14:43,27/16:40,27/16:54,1:57:00,LOP,BDJ,020,10,0,0,NML,6,2025
3342.,B738,HSLGS,TLM,TLM268,TLM269,27/15:09,27/15:15,27/16:18,27/16:27,1:03:00,DMK,DMK,A04,10,1,1,NML,6,2025
3343.,B738MAX,9VMBH,SIA,SIA926,SIA927,27/15:58,27/16:04,27/16:53,27/17:16,0:49:00,SIN,SIN,A08,10,1,1,NML,6,2025
3344.,B738,PKGFD,GIA,GIA310,GIA315,27/15:34,27/15:38,27/16:35,27/16:48,0:57:00,CGK,CGK,007,10,1,1,NML,6,2025
3345.,BK17,PKFGG,SAG,PKFGG,PKFGG,27/15:46,27/15:50,27/16:00,27/16:03,0:10:00,DHX,DHX,H05,10,0,0,NML,6,2025
3346.,A320,PKPWD,PAS,PAS206,PAS623,27/16:08,27/16:11,27/16:53,27/17:12,0:42:00,CGK,BPN,005,10,1,1,NML,6,2025
3347.,B739,PKLFF,LNI,LNI695,LNI268,27/16:17,27/16:22,27/17:13,27/17:26,0:51:00,KOE,TRK,016,10,1,1,NML,6,2025
3348.,A320,PKGQA,CTV,CTV495,CTV721,27/16:02,27/16:05,27/16:51,27/17:10,0:46:00,BDJ,CGK,006,10,1,1,NML,6,2025
3349.,B739,PKLSR,LNI,LNI692,LNI692,27/18:09,27/18:13,27/18:53,27/19:12,0:40:00,CGK,KOE,015,10,1,1,NML,6,2025
3350.,A320,PKGLE,CTV,CTV669,CTV488,27/17:13,27/17:17,27/17:49,27/18:03,0:32:00,DPS,BDJ,006,10,1,1,NML,6,2025
3351.,B739,PKLFK,LNI,LNI972,LNI226,27/16:51,27/16:58,27/17:49,27/18:02,0:51:00,BTH,BDJ,010,10,1,1,NML,6,2025
3352.,A320,PKLUQ,BTK,BTK6347,BTK6401,27/16:39,27/16:44,27/17:38,27/17:50,0:54:00,BEJ,CGK,012,10,1,1,NML,6,2025
3353.,A320,PKAZL,AWQ,AWQ323,AWQ326,27/17:02,27/17:07,27/17:48,27/17:55,0:41:00,KUL,KUL,A01,10,1,1,NML,6,2025
3354.,A320,PKBKR,BTK,BTK6578,BTK7579,27/19:18,27/19:21,27/20:12,27/20:26,0:51:00,CGK,CGK,009,10,1,1,NML,6,2025
3355.,A320,PKPWI,PAS,PAS622,PAS207,27/17:07,27/17:11,27/18:03,27/18:15,0:52:00,BPN,CGK,005,10,1,1,NML,6,2025
3356.,B738,9MMXH,MAS,MAS875,MAS874,27/17:19,27/17:25,27/18:20,27/18:30,0:55:00,KUL,KUL,A06,10,1,1,NML,6,2025
3357.,B739,PKLGJ,LNI,LNI923,LNI800,27/18:13,27/18:17,27/19:24,27/19:41,1:07:00,DPS,UPG,014,10,1,1,NML,6,2025
3358.,B738,PKGMX,GIA,GIA349,GIA313,27/18:42,27/18:46,27/19:33,27/19:45,0:47:00,DPS,CGK,005,10,1,1,NML,6,2025
3359.,A320,PKSTZ,SJV,SJV725,SJV716,27/18:17,27/18:22,27/20:03,27/20:14,1:41:00,LBJ,LOP,010,10,1,1,NML,6,2025
3360.,A320,PKLUT,BTK,BTK7503,BTK7502,27/18:57,27/19:02,27/19:46,27/20:03,0:44:00,HLP,HLP,011,10,1,1,NML,6,2025
3361.,B738,PKGMW,GIA,GIA320,GIA325,27/17:41,27/17:45,27/18:50,27/19:07,1:05:00,CGK,CGK,004,10,1,1,NML,6,2025
3362.,A320,PKGQH,CTV,CTV172,CTV173,27/19:09,27/19:12,27/19:48,27/20:11,0:36:00,HLP,HLP,007,10,1,1,NML,6,2025
3363.,B738MAX,9VMBD,SIA,SIA928,SIA929,27/18:23,27/18:29,27/19:19,27/19:39,0:50:00,SIN,SIN,A06,10,1,1,NML,6,2025
3364.,B788,9VOFB,TGW,TGW266,TGW267,27/19:21,27/19:27,27/20:28,27/20:42,1:01:00,SIN,SIN,A07,10,1,1,NML,6,2025
3365.,A320,PKBLB,BTK,BTK6221,BTK7518,27/20:24,27/20:28,27/21:05,27/21:18,0:37:00,BPN,HLP,009,10,1,1,NML,6,2025
3366.,B738,PKLDJ,BTK,BTK6576,BTK6575,27/19:48,27/20:03,27/20:46,27/20:56,0:43:00,CGK,CGK,012,10,1,1,NML,6,2025
3367.,B738,PKGUA,GIA,GIA326,GIA319,27/19:33,27/19:39,27/20:22,27/20:39,0:43:00,CGK,CGK,004,10,1,1,NML,6,2025
3368.,A320,PKGQP,CTV,CTV736,CTV9694,27/19:37,27/19:41,27/20:22,27/20:35,0:41:00,CGK,DPS,003,10,0,0,NML,6,2025
3369.,A320,PKGLX,CTV,CTV435,CTV737,27/19:24,27/19:27,27/20:16,27/20:31,0:49:00,BPN,CGK,008,10,1,1,NML,6,2025
3370.,A320,PKSTD,SJV,SJV617,SJV616,27/21:30,27/21:33,27/22:16,27/22:26,0:43:00,BPN,BPN,014,10,1,1,NML,6,2025
3371.,B738,PKLBW,BTK,BTK6586,BTK6587,27/21:20,27/21:24,27/22:10,27/22:21,0:46:00,CGK,CGK,009,10,1,1,NML,6,2025
3372.,A320,PKGQF,CTV,CTV489,CTV693,27/20:00,27/20:04,27/20:45,27/20:51,0:41:00,BDJ,DPS,007,10,1,1,NML,6,2025
3373.,A320,PKGLS,CTV,CTV949,CTV494,27/20:17,27/20:21,27/20:54,27/21:06,0:33:00,BTH,BDJ,008,10,1,1,NML,6,2025
3374.,A320,PKGQA,CTV,CTV724,CTV354,27/20:28,27/20:31,27/21:08,27/21:32,0:37:00,CGK,UPG,005,10,1,1,NML,6,2025
3375.,A320,PKLAY,BTK,BTK6594,BTK6136,27/20:33,27/20:37,27/22:05,27/22:16,1:28:00,CGK,UPG,010,10,1,1,NML,6,2025
3376.,B738,PKCRI,SJY,SJY567,SJY562,27/23:47,27/23:51,28/00:37,28/00:49,0:46:00,UPG,UPG,012,10,1,1,NML,6,2025
3377.,A320,PKGLR,CTV,CTV720,CTV430,27/21:51,27/21:55,28/04:57,28/05:12,7:02:00,CGK,BPN,007,28,1,1,NML,6,2025
3378.,A320,PKBKU,BTK,BTK7519,BTK7508,27/21:12,27/21:16,28/05:09,28/05:20,7:53:00,HLP,HLP,015,28,1,1,NML,6,2025
3379.,A320,PKSJH,SJV,SJV615,SJV610,27/22:07,27/22:13,28/05:50,28/05:59,7:37:00,BPN,BPN,010,10,1,1,NML,6,2025
3380.,A320,PKAZO,AWQ,AWQ325,AWQ320,27/19:03,27/19:09,28/05:00,28/05:13,9:51:00,KUL,KUL,A01,28,1,1,NML,6,2025
3381.,B738,PKLOP,LNI,LNI727,LNI878,27/19:54,27/19:58,28/05:08,28/05:18,9:10:00,KDI,AMQ,020,28,0,0,NML,6,2025
3382.,B739,PKLSL,LNI,LNI681,LNI786,27/17:23,27/17:27,28/05:04,28/05:16,11:37:00,PKY,UPG,023,28,0,0,NML,6,2025
3383.,B738,PKGFH,GIA,GIA855,GIA301,27/21:35,27/23:59,28/05:09,28/05:22,7:29:00,SIN,CGK,004,28,1,1,NML,6,2025
3384.,A320,PKLAJ,BTK,BTK6588,BTK6132,27/22:01,27/22:05,28/05:15,28/05:24,7:10:00,CGK,LOP,17A,28,0,0,NML,6,2025
3385.,B739,PKLJG,LNI,LNI690,LNI690,28/05:03,28/05:07,28/05:58,28/06:17,0:51:00,CGK,KOE,012,10,1,1,NML,6,2025
3386.,A320,PKGQP,CTV,CTV9695,CTV725,27/22:51,27/22:54,28/05:40,28/05:48,6:46:00,DPS,CGK,008,28,1,1,NML,6,2025
3387.,A320,PKGQA,CTV,CTV353,CTV670,28/05:08,28/05:12,28/05:55,28/06:10,0:43:00,UPG,LOP,007,10,1,1,NML,6,2025
3388.,B739,PKLHP,LNI,LNI865,LNI882,27/17:32,27/17:36,28/05:59,28/06:16,12:23:00,LOP,UPG,024,10,0,0,NML,6,2025
3389.,A320,V8RBA,RBA,RBA795,RBA796,27/19:56,27/20:02,28/05:53,28/06:08,9:51:00,BWN,BWN,A06,10,1,1,NML,6,2025
3390.,A320,PKLUR,BTK,BTK7521,BTK6589,27/20:58,27/21:03,28/05:55,28/06:07,8:52:00,HLP,CGK,011,10,1,1,NML,6,2025
3391.,A320,PKSJK,SJV,SJV633,SJV706,27/18:20,27/18:23,28/06:03,28/06:26,11:40:00,BDJ,DPS,025,10,0,0,NML,6,2025
3392.,B739,PKLGY,LNI,LNI883,LNI266,27/21:57,27/22:02,28/06:03,28/06:24,8:01:00,UPG,BPN,17B,10,0,0,NML,6,2025
3393.,A320,PKPWF,PAS,PAS202,PAS213,27/18:51,27/18:56,28/05:59,28/06:19,11:03:00,CGK,CGK,006,10,1,1,NML,6,2025
3394.,A320,PKAZL,AWQ,AWQ327,AWQ386,28/00:13,28/00:18,28/06:06,28/06:28,5:48:00,KUL,PEN,A07,10,1,1,NML,6,2025
3395.,A320,PKBKV,BTK,BTK6413,BTK6412,27/20:49,27/20:55,28/06:23,28/06:32,9:28:00,DPS,DPS,016,10,1,1,NML,6,2025
3396.,A320,PKSAV,SJV,SJV673,SJV634,27/21:16,27/21:19,28/06:29,28/06:51,9:10:00,BEJ,BDJ,018,10,0,0,NML,6,2025
3397.,A320,PKSAJ,SJV,SJV717,SJV634D,28/06:13,28/06:16,28/08:09,28/08:25,1:53:00,LOP,BDJ,020,10,0,0,NML,6,2025
3398.,B733,PKMYJ,MYU,MYU935,MYU934,27/08:50,27/08:52,28/06:17,28/06:29,21:25:00,SRG,SIN,C02,10,0,0,NML,6,2025
3399.,B738MAX,PKOFM,AFE,AFE921,AFE921,28/05:45,28/05:51,28/06:36,28/06:50,0:45:00,CGK,TIM,004,10,1,1,NML,6,2025
3400.,A320,PKSTD,SJV,SJV649,SJV612,28/07:12,28/07:16,28/08:14,28/08:28,0:58:00,BPN,BPN,016,10,1,1,NML,6,2025
3401.,B739,PKLFK,LNI,LNI311,LNI971,28/06:05,28/06:09,28/06:58,28/07:13,0:49:00,BDJ,BTH,014,10,1,1,NML,6,2025
3402.,B738,PKGNC,GIA,GIA328,GIA854,27/20:37,27/23:36,28/07:07,28/07:18,10:27:00,CGK,SIN,A02,10,1,1,NML,6,2025
3403.,B738,PKGNM,GIA,GIA324,GIA305,27/21:47,27/21:51,28/07:03,28/07:15,9:12:00,CGK,CGK,005,10,1,1,NML,6,2025
3404.,B739,PKLHL,LNI,LNI363,LNI646,28/06:22,28/06:26,28/07:20,28/07:33,0:54:00,BPN,LOP,012,10,1,1,NML,6,2025
3405.,A320,PKSAV,SJV,-,SJV640,--:--,--:--,--:--,--:--,None,-,AAP,None,10,1,-,NML,6,2025
3406.,A320,PKSAV,SJV,SJV634A,SJV640,28/06:38,28/06:45,28/09:35,28/09:44,2:50:00,SUB,AAP,018,10,0,0,NML,6,2025
3407.,A320,PKGLE,CTV,CTV690,CTV460,28/07:06,28/07:09,28/07:50,28/08:04,0:41:00,DPS,AAP,006,10,1,1,NML,6,2025
3408.,B739,PKLFF,LNI,LNI267,LNI693,28/07:03,28/07:06,28/08:01,28/08:21,0:55:00,TRK,CGK,015,10,1,1,NML,6,2025
3409.,B739,PKLSP,LNI,LNI929,LNI982,28/06:58,28/07:02,28/07:54,28/08:12,0:52:00,DPS,PKU,011,10,1,1,NML,6,2025
3410.,A21N,B32L3,CSN,CSN8137,CSN8138,27/22:44,27/22:51,28/07:52,28/08:08,9:01:00,CAN,CAN,A03,10,1,1,NML,6,2025
3411.,A320,PKGQH,CTV,CTV170,CTV175,28/06:57,28/07:00,28/07:56,28/08:16,0:56:00,HLP,HLP,007,10,1,1,NML,6,2025
3412.,A333,BHLN,CPA,CPA779,CPA780,27/17:50,27/17:56,28/08:12,28/08:30,14:16:00,HKG,HKG,A08,10,1,1,NML,6,2025
3413.,B739,PKLSR,LNI,LNI693,LNI990,28/06:48,28/06:52,28/08:15,28/08:34,1:23:00,KOE,DPS,010,10,1,1,NML,6,2025
3414.,A320,PKLUH,BTK,BTK6137,BTK6135,27/22:13,27/22:17,28/08:31,28/08:42,10:14:00,UPG,PKN,009,10,1,1,NML,6,2025
3415.,A320,PKBLD,BTK,BTK6572,BTK6573,28/07:50,28/07:54,28/08:39,28/08:52,0:45:00,CGK,CGK,008,10,1,1,NML,6,2025
"3416.,DHC6,PKICP,PGT,PKICP,PKICP,26/11:15,26/11:20,28/07:56,28/08:04,""1 day, 20:36:00"",PAG,PAG,028,10,0,0,NML,6,2025"
3417.,BK17,PKFGW,SAG,PKFGW,PKFGW,28/08:39,28/08:41,28/08:46,28/08:51,0:05:00,DHX,DHX,003,10,0,0,NML,6,2025
3418.,B738,PKLZO,MXD,MXD352,MXD353,27/19:28,27/19:35,28/08:38,28/08:40,13:03:00,KUL,KUL,A04,10,1,1,NML,6,2025
3419.,B739,PKLFO,LNI,LNI315,LNI222,28/08:02,28/08:06,28/09:00,28/09:10,0:54:00,BDJ,BDJ,012,10,1,1,NML,6,2025
3420.,BK17,PKFGG,SAG,PKFGG,PKFGG,28/08:17,28/08:19,28/08:25,28/08:30,0:06:00,DHX,DHX,A01,10,0,0,NML,6,2025
3421.,B739,PKLHQ,LNI,LNI683,LNI682,28/08:24,28/08:29,28/09:11,28/09:30,0:42:00,PKY,PKY,014,10,1,1,NML,6,2025
3422.,A320,9VJSN,JSA,JSA249,JSA250,28/08:13,28/08:23,28/09:07,28/09:21,0:44:00,SIN,SIN,A07,10,1,1,NML,6,2025
3423.,B738,PKLJQ,LNI,LNI837,LNI748,28/08:06,28/08:12,28/09:11,28/09:28,0:59:00,PNK,MDC,17B,10,0,0,NML,6,2025
3424.,B738,PKGMC,GIA,GIA304,GIA342,28/08:19,28/08:22,28/09:26,28/09:37,1:04:00,CGK,DPS,004,10,1,1,NML,6,2025
3425.,A320,PKSJK,SJV,SJV703,SJV618,28/08:49,28/08:53,28/09:47,28/10:00,0:54:00,DPS,BPN,010,10,1,1,NML,6,2025
3426.,A320,PKPWK,PAS,PAS200,PAS201,28/08:09,28/08:12,28/09:08,28/09:23,0:56:00,CGK,CGK,005,10,1,1,NML,6,2025
3427.,A320,PKGQA,CTV,CTV671,CTV486,28/08:31,28/08:35,28/09:20,28/09:32,0:45:00,LOP,BDJ,006,10,1,1,NML,6,2025
3428.,B738,9MMLU,MAS,MAS871,MAS870,28/09:26,28/09:32,28/10:28,28/10:42,0:56:00,KUL,KUL,A06,10,1,1,NML,6,2025
3429.,A359,9VSHC,SIA,SIA922,SIA923,28/09:04,28/09:11,28/10:15,28/10:29,1:04:00,SIN,SIN,A08,10,1,1,NML,6,2025
3430.,A320,PKLAJ,BTK,BTK6133,BTK6585,28/07:55,28/07:59,28/10:09,28/10:20,2:10:00,LOP,CGK,17A,10,0,0,NML,6,2025
3431.,A320,PKSAJ,SJV,SJV635,SJV632,28/11:03,28/11:07,28/11:53,28/12:05,0:46:00,BDJ,BDJ,009,10,1,1,NML,6,2025
3432.,A320,PKGLU,CTV,CTV351,CTV350,28/09:34,28/09:37,28/10:23,28/10:38,0:46:00,UPG,UPG,007,10,1,1,NML,6,2025
3433.,B739,PKLHS,LNI,LNI970,LNI262,28/09:58,28/10:02,28/10:48,28/11:05,0:46:00,BTH,BPN,014,10,1,1,NML,6,2025
3434.,A20N,9VTNG,TGW,TGW296,TGW297,28/09:44,28/09:49,28/10:44,28/10:57,0:55:00,SIN,SIN,A02,10,1,1,NML,6,2025
3435.,B739,PKLHP,LNI,LNI791,LNI706,28/09:55,28/09:58,28/10:53,28/11:12,0:55:00,UPG,UPG,010,10,1,1,NML,6,2025
3436.,B739,PKLGY,LNI,LNI367,LNI973,28/09:52,28/09:56,28/11:01,28/11:17,1:05:00,BPN,BTH,012,10,1,1,NML,6,2025
3437.,A320,PKPWF,PAS,PAS210,PAS211,28/09:48,28/09:51,28/10:32,28/10:47,0:41:00,CGK,CGK,005,10,1,1,NML,6,2025
3438.,A320,PKSGC,SJV,SJV611,SJV642,28/09:19,28/09:23,28/10:45,28/10:53,1:22:00,BPN,AAP,011,10,1,1,NML,6,2025
3439.,A320,PKLAQ,BTK,BTK7513,BTK7516,28/10:02,28/10:06,28/10:46,28/11:02,0:40:00,HLP,HLP,009,10,1,1,NML,6,2025
3440.,B739,PKLHL,LNI,LNI645,LNI822,28/10:30,28/10:34,28/11:22,28/11:34,0:48:00,LOP,LOP,015,10,1,1,NML,6,2025
3441.,B429,P3201,POL,P3201,P3201,28/10:36,28/10:39,28/11:07,28/11:12,0:28:00,ZPL,ZPL,H05,10,0,0,NML,6,2025
3442.,B739,PKLSH,LNI,LNI694,LNI694,28/10:26,28/10:31,28/11:31,28/11:39,1:00:00,CGK,KOE,17B,10,0,0,NML,6,2025
3443.,A320,PKAZO,AWQ,AWQ321,AWQ322,28/11:20,28/11:24,28/11:56,28/12:05,0:32:00,KUL,KUL,A03,10,1,1,NML,6,2025
3444.,B739,PKLJG,LNI,LNI697,LNI697,28/10:40,28/10:45,28/11:41,28/11:53,0:56:00,KOE,CGK,016,10,1,1,NML,6,2025
3445.,B738,PKGMA,GIA,GIA322,GIA327,28/10:18,28/10:21,28/11:31,28/11:42,1:10:00,CGK,CGK,004,10,1,1,NML,6,2025
3446.,A320,PKLUV,BTK,BTK7517,BTK7520,28/10:59,28/11:02,28/11:46,28/11:57,0:44:00,HLP,HLP,008,10,1,1,NML,6,2025
3447.,B739,PKLSR,LNI,LNI805,LNI804,28/11:18,28/11:22,28/12:11,28/12:23,0:49:00,DPS,DPS,012,10,1,1,NML,6,2025
"3448.,B737,PH849,USF,PH849,PH849,23/13:43,23/13:49,28/12:05,28/12:13,""4 days, 22:16:00"",DNA,ZZZZ,BO,10,0,0,NML,6,2025"
3449.,A319,VPBMH,BBJ,VPBMH,VPBMH,28/10:38,28/10:42,28/12:16,28/12:28,1:34:00,XSP,XSP,A09,10,0,0,NML,6,2025
3450.,A320,PKLUH,BTK,BTK6134,BTK6346,28/11:14,28/11:18,28/12:05,28/12:15,0:47:00,PKN,BEJ,011,10,1,1,NML,6,2025
3451.,A320,PKGLE,CTV,CTV461,CTV698,28/11:32,28/11:35,28/12:18,28/12:27,0:43:00,AAP,DPS,006,10,1,1,NML,6,2025
3452.,A320,PKSAV,SJV,SJV641,SJV636,28/13:36,28/13:42,28/14:32,28/14:44,0:50:00,AAP,BDJ,010,10,1,1,NML,6,2025
3453.,B739,PKLQT,LNI,LNI801,LNI780,28/12:18,28/12:22,28/13:18,28/13:29,0:56:00,UPG,UPG,014,10,1,1,NML,6,2025
3454.,A320,PKSAA,SJV,SJV363,SJV362,28/12:32,28/12:36,28/13:39,28/13:49,1:03:00,KNO,KNO,011,10,1,1,NML,6,2025
3455.,A320,PKLZH,BTK,BTK6596,BTK6595,28/12:57,28/13:01,28/13:51,28/14:00,0:50:00,CGK,CGK,009,10,1,1,NML,6,2025
3456.,A320,PKAZL,AWQ,AWQ387,AWQ324,28/12:52,28/12:57,28/13:42,28/13:52,0:45:00,PEN,KUL,A03,10,1,1,NML,6,2025
3457.,A320,PKPWJ,PAS,PAS204,PAS205,28/12:07,28/12:10,28/13:14,28/13:23,1:04:00,CGK,CGK,005,10,1,1,NML,6,2025
3458.,A320,PKGQA,CTV,CTV487,CTV668,28/12:12,28/12:15,28/13:20,28/13:32,1:05:00,BDJ,DPS,007,10,1,1,NML,6,2025
3459.,B735,PKNAT,LKN,LKN671,LKN670,28/11:06,28/11:10,28/13:25,28/13:34,2:15:00,TMC,TMC,010,10,1,1,NML,6,2025
3460.,A320,PKGQG,CTV,CTV9693,CTV9692,28/13:00,28/13:03,28/13:46,28/13:57,0:43:00,DPS,DPS,006,10,1,1,NML,6,2025
3461.,B739,PKLHH,LNI,LNI787,LNI680,28/13:45,28/13:50,28/14:47,28/15:00,0:57:00,UPG,PKY,012,10,1,1,NML,6,2025
3462.,B738,PKLSF,LNI,LNI709,LNI836,27/18:27,27/18:32,28/14:14,28/14:26,19:42:00,UPG,PNK,021,10,0,0,NML,6,2025
3463.,A320,PKSGC,SJV,SJV643,SJV726,28/14:36,28/14:41,28/15:39,28/15:51,0:58:00,AAP,LBJ,15B,10,0,0,NML,6,2025
3464.,A320,PKGQK,CTV,CTV716,CTV717,28/13:26,28/13:29,28/14:11,28/14:21,0:42:00,CGK,CGK,007,10,1,1,NML,6,2025
3465.,A320,PKGLR,CTV,CTV431,CTV948,28/13:30,28/13:34,28/14:24,28/14:38,0:50:00,BPN,BTH,008,10,1,1,NML,6,2025
3466.,B739,PKLHL,LNI,LNI823,LNI910,28/14:07,28/14:11,28/15:27,28/15:35,1:16:00,LOP,DPS,014,10,1,1,NML,6,2025
3467.,B738,PKGFQ,GIA,GIA312,GIA317,28/13:41,28/13:44,28/14:47,28/15:04,1:03:00,CGK,CGK,004,10,1,1,NML,6,2025
3468.,B739,PKLSP,LNI,LNI983,LNI260,28/13:33,28/13:37,28/14:36,28/14:46,0:59:00,PKU,BPN,15A,10,0,0,NML,6,2025
3469.,A320,PKBKU,BTK,BTK7515,BTK7514,28/13:50,28/13:55,28/14:53,28/15:08,0:58:00,HLP,HLP,011,10,1,1,NML,6,2025
3470.,A320,PKPWE,PAS,PAS208,PAS209,28/13:54,28/13:57,28/15:00,28/15:10,1:03:00,CGK,CGK,006,10,1,1,NML,6,2025
3471.,B739,PKLHS,LNI,LNI261,LNI642,28/14:32,28/14:38,28/15:30,28/15:40,0:52:00,BPN,LOP,016,10,1,1,NML,6,2025
3472.,B738,PKGMV,GIA,GIA330,GIA331,28/14:01,28/14:04,28/15:03,28/15:18,0:59:00,HLP,HLP,005,10,1,1,NML,6,2025
3473.,B733,PKMYJ,MYU,MYU935,MYU815,28/14:28,28/14:32,28/15:04,28/15:13,0:32:00,SRG,CGK,C02,10,0,0,NML,6,2025
3474.,A320,PKLAJ,BTK,BTK6406,BTK6220,28/14:14,28/14:18,28/15:11,28/15:23,0:53:00,CGK,BPN,009,10,1,1,NML,6,2025
3475.,A320,PKSAJ,SJV,SJV633,SJV614,28/14:58,28/15:01,28/16:04,28/16:11,1:03:00,BDJ,BPN,17B,10,0,0,NML,6,2025
3476.,B739,PKLSK,LNI,LNI707,LNI920,28/15:05,28/15:09,28/16:00,28/16:08,0:51:00,UPG,DPS,010,10,1,1,NML,6,2025
3477.,A320,PKLUV,BTK,BTK7501,BTK7512,28/15:02,28/15:05,28/15:55,28/16:03,0:50:00,HLP,HLP,008,10,1,1,NML,6,2025
3478.,B738,9MMXJ,MAS,MAS873,MAS872,28/15:12,28/15:17,28/16:10,28/16:18,0:53:00,KUL,KUL,A07,10,1,1,NML,6,2025
3479.,B739,PKLSR,LNI,LNI919,LNI581,28/15:20,28/15:24,28/16:20,28/16:34,0:56:00,DPS,CGK,011,10,1,1,NML,6,2025
3480.,A320,PKGLE,CTV,CTV699,CTV434,28/15:08,28/15:11,28/15:59,28/16:07,0:48:00,DPS,BPN,006,10,1,1,NML,6,2025
3481.,A320,PKLUJ,BTK,BTK6582,BTK6401,28/11:24,28/11:29,28/16:06,28/16:16,4:37:00,CGK,CGK,018,10,0,0,NML,6,2025
3482.,B739,PKLSI,LNI,LNI223,LNI316,28/14:51,28/14:55,28/16:23,28/16:35,1:28:00,BDJ,BDJ,17A,10,0,0,NML,6,2025
"3483.,A320,PKSTC,SJV,SJV619,SJV648,27/16:45,27/16:48,28/18:04,28/18:11,""1 day, 1:16:00"",BPN,BPN,022,10,0,0,NML,6,2025"
3484.,B738,PKGFW,GIA,GIA310,GIA315,28/15:25,28/15:29,28/16:30,28/16:42,1:01:00,CGK,CGK,004,10,1,1,NML,6,2025
3485.,B738MAX,PKOFM,AFE,AFE920,AFE920,28/15:49,28/15:52,28/16:25,28/16:37,0:33:00,TIM,CGK,007,10,1,1,NML,6,2025
3486.,A320,PKPWL,PAS,PAS206,PAS623,28/15:53,28/15:56,28/16:35,28/16:48,0:39:00,CGK,BPN,005,10,1,1,NML,6,2025
3487.,B739,PKLSH,LNI,LNI695,LNI268,28/16:01,28/16:06,28/16:50,28/17:03,0:44:00,KOE,TRK,009,10,1,1,NML,6,2025
3488.,B739,PKLGW,LNI,LNI692,LNI692,28/17:57,28/18:01,28/18:57,28/19:09,0:56:00,CGK,KOE,15B,10,0,0,NML,6,2025
3489.,B738,PKLJQ,LNI,LNI749,LNI886,28/15:15,28/15:19,28/17:00,28/17:11,1:41:00,MDC,UPG,020,10,0,0,NML,6,2025
3490.,A320,PKGQA,CTV,CTV669,CTV488,28/16:13,28/16:16,28/17:09,28/17:22,0:53:00,DPS,BDJ,006,10,1,1,NML,6,2025
3491.,B739,PKLFK,LNI,LNI972,LNI226,28/17:00,28/17:04,28/17:59,28/18:07,0:55:00,BTH,BDJ,010,10,1,1,NML,6,2025
3492.,B738,PKLOP,LNI,LNI879,LNI838,28/14:24,28/14:28,28/18:55,28/19:07,4:27:00,AMQ,PNK,025,10,0,0,NML,6,2025
3493.,A320,PKAZO,AWQ,AWQ323,AWQ326,28/17:27,28/17:32,28/18:10,28/18:18,0:38:00,KUL,KUL,A03,10,1,1,NML,6,2025
3494.,B739,PKLHH,LNI,LNI681,LNI800,28/17:53,28/17:57,28/19:02,28/19:14,1:05:00,PKY,UPG,016,10,1,1,NML,6,2025
3495.,A320,PKGQL,CTV,CTV495,CTV721,28/17:09,28/17:13,28/17:49,28/18:02,0:36:00,BDJ,CGK,006,10,1,1,NML,6,2025
"3496.,AW139,PKTVN,TVR,PKTVN,PKTVN,26/16:41,26/16:43,28/18:11,28/18:12,""2 days, 1:28:00"",ZZZZ,ZZZZ,H02,10,0,0,NML,6,2025"
3497.,A333,ECODQ,SVA,SVA5450,SVA4450,28/15:45,28/15:49,28/18:14,28/18:24,2:25:00,MCT,MED,012,10,1,1,NML,6,2025
3498.,A320,PKPWF,PAS,PAS622,PAS207,28/17:23,28/17:27,28/18:10,28/18:22,0:43:00,BPN,CGK,005,10,1,1,NML,6,2025
3499.,B738,PKGMC,GIA,GIA349,GIA313,28/17:19,28/17:23,28/18:27,28/18:41,1:04:00,DPS,CGK,004,10,1,1,NML,6,2025
3500.,A320,PKSGC,SJV,SJV725,SJV716,28/19:04,28/19:08,28/20:00,28/20:15,0:52:00,LBJ,LOP,011,10,1,1,NML,6,2025
3501.,A320,PKLAQ,BTK,BTK7503,BTK7502,28/18:36,28/18:40,28/19:13,28/19:23,0:33:00,HLP,HLP,009,10,1,1,NML,6,2025
3502.,A320,PKGQI,CTV,CTV172,CTV173,28/18:15,28/18:18,28/18:56,28/19:11,0:38:00,HLP,HLP,006,10,1,1,NML,6,2025
3503.,B738MAX,9VMBI,SIA,SIA928,SIA929,28/18:39,28/18:45,28/19:32,28/19:48,0:47:00,SIN,SIN,A07,10,1,1,NML,6,2025
3504.,A320,PKBLD,BTK,BTK6576,BTK6575,28/18:53,28/18:57,28/19:57,28/20:10,1:00:00,CGK,CGK,008,10,1,1,NML,6,2025
3505.,A320,PKGQS,CTV,CTV949,CTV494,28/18:43,28/18:47,28/19:25,28/19:35,0:38:00,BTH,BDJ,007,10,1,1,NML,6,2025
3506.,B738,PKCRH,SJY,SJY567,SJY562,28/23:23,28/23:26,29/00:06,29/00:17,0:40:00,UPG,UPG,009,10,1,1,NML,6,2025
3507.,A320,PKGLX,CTV,CTV736,CTV9694,28/19:00,28/19:03,28/19:46,28/19:59,0:43:00,CGK,DPS,005,10,1,1,NML,6,2025
3508.,A320,PKLUV,BTK,BTK7519,BTK7518,28/18:56,28/19:00,28/19:42,28/19:54,0:42:00,HLP,HLP,010,10,1,1,NML,6,2025
3509.,B738,PKGUI,GIA,GIA326,GIA319,28/19:45,28/19:50,28/20:40,28/20:57,0:50:00,CGK,CGK,004,10,1,1,NML,6,2025
3510.,A320,PKGQK,CTV,CTV489,CTV693,28/20:16,28/20:20,28/20:50,28/21:04,0:30:00,BDJ,DPS,007,10,1,1,NML,6,2025
3511.,A320,PKGLE,CTV,CTV435,CTV737,28/19:30,28/19:34,28/20:26,28/20:35,0:52:00,BPN,CGK,006,10,1,1,NML,6,2025
3512.,A333,ECNYJ,SVA,SVA5210,SVA4210,28/20:06,28/20:11,28/22:02,28/22:13,1:51:41,MCT,MED,012,10,1,1,NML,6,2025
3513.,A320,PKLUW,BTK,BTK6137,BTK6136,28/19:52,28/19:57,28/22:17,28/22:29,2:20:00,UPG,UPG,009,10,1,1,NML,6,2025
3514.,A320,PKGLR,CTV,CTV724,CTV354,28/21:10,28/21:14,28/21:51,28/22:05,0:37:00,CGK,UPG,006,10,1,1,NML,6,2025
3515.,A320,PKSJQ,SJV,SJV615,SJV7020,28/21:54,28/21:58,28/22:45,28/22:55,0:47:00,BPN,CGK,008,10,1,1,NML,6,2025
3516.,A333,ECODR,SVA,SVA5220,SVA4220,29/00:45,29/00:51,29/02:52,29/03:05,2:01:00,MCT,MED,012,10,1,1,NML,6,2025
3517.,B738,PKLQY,LNI,LNI839,LNI878,28/13:58,29/00:34,29/05:04,29/05:13,15:02:00,PNK,AMQ,009,28,1,0,NML,6,2025
3518.,A320,PKSJC,SJV,SJV619,SJV610,28/19:56,28/20:01,29/05:10,29/05:17,9:09:00,BPN,BPN,025,28,0,0,NML,6,2025
3519.,A320,PKLUF,BTK,BTK6588,BTK7508,28/21:46,28/21:51,29/05:02,29/05:10,7:11:00,CGK,HLP,011,28,1,1,NML,6,2025
3520.,A320,PKGQL,CTV,CTV720,CTV430,28/21:27,28/21:31,29/04:54,29/05:06,7:23:00,CGK,BPN,007,28,1,1,NML,6,2025
3521.,A320,PKAZL,AWQ,AWQ325,AWQ320,28/19:20,28/19:26,29/05:00,29/05:11,9:34:00,KUL,KUL,A01,10,1,1,NML,6,2025
3522.,B739,PKLHL,LNI,LNI923,LNI786,28/18:20,28/18:24,29/05:07,29/05:15,10:43:00,DPS,UPG,018,28,0,0,NML,6,2025
3523.,B738,PKGUA,GIA,GIA328,GIA301,28/20:44,28/20:49,29/05:08,29/05:18,8:19:00,CGK,CGK,005,28,1,1,NML,6,2025
3524.,A320,PKLAJ,BTK,BTK6221,BTK6132,28/18:47,28/18:53,29/05:13,29/05:22,10:20:00,BPN,LOP,022,28,0,0,NML,6,2025
3525.,A320,PKSTC,SJV,SJV613,SJV706,28/21:31,28/21:35,29/05:25,29/05:32,7:49:20,BPN,DPS,17B,28,0,0,NML,6,2025
3526.,A320,PKGLX,CTV,CTV9695,CTV725,28/22:24,28/22:27,29/05:39,29/05:57,7:12:00,DPS,CGK,006,28,1,1,NML,6,2025
3527.,B739,PKLSO,LNI,LNI690,LNI690,29/05:07,29/05:13,29/06:00,29/06:08,0:47:13,CGK,KOE,012,28,1,1,NML,6,2025
3528.,B738,PKLQZ,LNI,LNI709,LNI868,28/20:13,28/20:19,29/06:05,29/06:16,9:46:00,UPG,TTE,17A,28,0,0,NML,6,2025
3529.,B739,PKLHS,LNI,LNI865,LNI266,28/18:03,28/18:06,29/06:05,29/06:19,11:59:00,LOP,BPN,020,28,0,0,NML,6,2025
3530.,A320,PKLUH,BTK,BTK6347,BTK6589,28/16:31,29/00:48,29/06:01,29/06:10,13:26:00,BEJ,CGK,008,28,1,0,NML,6,2025
3531.,A320,PKSAV,SJV,SJV637,SJV640,28/17:42,28/17:46,29/06:17,29/06:31,12:31:00,BDJ,AAP,021,28,0,0,NML,6,2025
3532.,B739,PKLHH,LNI,LNI883,LNI882,28/22:49,28/22:55,29/06:09,29/06:22,7:14:00,UPG,UPG,016,28,1,1,NML,6,2025
3533.,A320,PKGQF,CTV,CTV353,CTV9670,29/05:04,29/05:11,29/05:49,29/05:59,0:38:00,UPG,LOP,007,28,1,1,NML,6,2025
3534.,A320,PKBKV,BTK,BTK6413,BTK6412,28/20:40,28/20:45,29/06:24,29/06:33,9:39:00,DPS,DPS,15A,28,0,0,NML,6,2025
3535.,A320,PKGLX,CTV,CTV725,CTV725,29/05:34,29/05:58,29/06:29,29/06:36,0:31:00,SUB,CGK,003,28,0,0,NML,6,2025
3536.,B739,PKLSI,LNI,LNI315,LNI222,29/06:19,29/06:26,29/07:33,29/07:55,1:07:00,BDJ,BDJ,011,10,1,1,NML,6,2025
3537.,B739,PKLFK,LNI,LNI311,LNI971,29/06:17,29/06:24,29/07:14,29/07:25,0:50:00,BDJ,BTH,014,10,1,1,NML,6,2025
3538.,A320,PKLAI,BTK,BTK7521,BTK6135,28/20:54,28/20:59,29/06:58,29/07:15,9:59:00,HLP,PKN,010,10,1,1,NML,6,2025
3539.,B738,PKGNC,GIA,GIA855,GIA305,28/23:50,29/01:36,29/07:01,29/07:19,7:06:00,SIN,CGK,004,10,1,1,NML,6,2025
3540.,B738,PKGFF,GIA,GIA324,GIA854,28/21:49,29/01:21,29/06:58,29/07:11,9:04:00,CGK,SIN,A02,10,1,1,NML,6,2025
3541.,A320,PKSTS,SJV,SJV649,SJV634,29/06:22,29/06:29,29/07:08,29/07:20,0:39:00,BPN,BDJ,012,10,1,1,NML,6,2025
3542.,B739,PKLSP,LNI,LNI363,LNI646,29/06:26,29/06:31,29/07:20,29/07:30,0:49:00,BPN,LOP,017,10,1,1,NML,6,2025
3543.,A320,PKSGC,SJV,SJV717,SJV566,29/06:13,29/06:20,29/07:25,29/07:35,1:05:00,LOP,PLW,009,10,1,1,NML,6,2025
3544.,A320,PKLAQ,BTK,BTK7511,BTK7510,29/06:56,29/07:00,29/07:44,29/07:58,0:44:00,HLP,HLP,008,10,1,1,NML,6,2025
3545.,A320,PKAZO,AWQ,AWQ327,AWQ392,28/23:55,28/23:59,29/07:27,29/07:37,7:28:00,KUL,JHB,A03,10,1,1,NML,6,2025
3546.,A320,PKGLS,CTV,CTV690,CTV460,29/07:04,29/07:07,29/07:48,29/08:01,0:41:00,DPS,AAP,006,10,1,1,NML,6,2025
3547.,B739,PKLGW,LNI,LNI693,LNI693,29/06:56,29/07:00,29/08:04,29/08:14,1:04:00,KOE,CGK,018,10,0,0,NML,6,2025
"3548.,A320,PKSAQ,SJV,SJV567,SJV612,22/11:37,22/11:40,29/08:16,29/08:29,""6 days, 20:36:00"",PLW,BPN,026,10,0,0,NML,6,2025"
3549.,A320,PKGQP,CTV,CTV170,CTV175,29/07:08,29/07:12,29/07:58,29/08:09,0:46:00,HLP,HLP,007,10,1,1,NML,6,2025
3550.,A333,BHLV,CPA,CPA779,CPA780,28/17:48,28/17:55,29/08:08,29/08:23,14:13:00,HKG,HKG,A08,10,1,1,NML,6,2025
3551.,B739,PKLSH,LNI,LNI267,LNI990,29/07:13,29/07:17,29/08:24,29/08:34,1:07:00,TRK,DPS,010,10,1,1,NML,6,2025
3552.,B738,PKLZM,MXD,MXD352,MXD353,28/19:25,28/19:33,29/08:35,29/08:43,13:02:00,KUL,KUL,A04,10,1,1,NML,6,2025
3553.,A320,PKSTC,SJV,SJV703,SJV632,29/08:02,29/08:06,29/08:56,29/09:12,0:50:00,DPS,BDJ,011,10,1,1,NML,6,2025
3554.,A320,PKLAJ,BTK,BTK6133,BTK6391,29/08:06,29/08:10,29/08:54,29/09:10,0:44:00,LOP,CGK,009,10,1,1,NML,6,2025
3555.,B739,PKLFY,LNI,LNI683,LNI682,29/07:59,29/08:03,29/08:51,29/09:08,0:48:00,PKY,PKY,014,10,1,1,NML,6,2025
3556.,B739,PKLHP,LNI,LNI929,LNI856,29/07:17,29/07:22,29/08:48,29/09:03,1:26:00,DPS,PLM,015,10,1,1,NML,6,2025
3557.,B738,PKLOP,LNI,LNI837,LNI748,29/07:53,29/07:57,29/09:08,29/09:19,1:11:00,PNK,MDC,012,10,1,1,NML,6,2025
3558.,B738,PKGNG,GIA,GIA304,GIA342,29/08:37,29/08:40,29/09:26,29/09:36,0:46:00,CGK,DPS,004,10,1,1,NML,6,2025
3559.,A320,PKPWK,PAS,PAS200,PAS201,29/08:12,29/08:14,29/09:20,29/09:33,1:06:00,CGK,CGK,005,10,1,1,NML,6,2025
3560.,A320,PKSJC,SJV,SJV611,SJV642,29/08:54,29/08:59,29/09:43,29/09:54,0:44:00,BPN,AAP,014,10,1,1,NML,6,2025
3561.,A320,PKGQF,CTV,CTV9671,CTV486,29/08:26,29/08:29,29/09:32,29/09:44,1:03:00,LOP,BDJ,006,10,1,1,NML,6,2025
3562.,B738,9MMXE,MAS,MAS871,MAS870,29/08:57,29/09:03,29/10:01,29/10:13,0:58:00,KUL,KUL,A07,10,1,1,NML,6,2025
3563.,B735,PKNAS,LKN,LKN243,LKN242,29/09:00,29/09:03,29/09:45,29/10:01,0:42:00,SMQ,SMQ,010,10,1,1,NML,6,2025
3564.,A359,9VSHV,SIA,SIA922,SIA923,29/09:05,29/09:11,29/10:11,29/10:25,1:00:00,SIN,SIN,A08,10,1,1,NML,6,2025
3565.,A320,PKLUJ,BTK,BTK6584,BTK6585,29/09:28,29/09:31,29/10:24,29/10:31,0:53:00,CGK,CGK,008,10,1,1,NML,6,2025
3566.,A320,PKGLE,CTV,CTV351,CTV350,29/09:31,29/09:35,29/10:28,29/10:40,0:53:00,UPG,UPG,007,10,1,1,NML,6,2025
3567.,B739,PKLSI,LNI,LNI223,LNI680,29/11:07,29/11:13,29/13:35,29/14:02,2:22:11,BDJ,PKY,012,10,1,1,NML,6,2025
3568.,B739,PKLSP,LNI,LNI645,LNI822,29/10:28,29/10:31,29/11:45,29/11:50,1:14:00,LOP,LOP,17A,10,0,0,NML,6,2025
3569.,B739,PKLGY,LNI,LNI970,LNI262,29/09:52,29/09:56,29/11:03,29/11:17,1:07:00,BTH,BPN,015,10,1,1,NML,6,2025
3570.,A20N,9VTNG,TGW,TGW296,TGW297,29/09:45,29/09:51,29/10:41,29/10:50,0:50:00,SIN,SIN,A02,10,1,1,NML,6,2025
3571.,B739,PKLHH,LNI,LNI791,LNI706,29/10:02,29/10:06,29/11:14,29/11:27,1:08:00,UPG,UPG,011,10,1,1,NML,6,2025
3572.,B739,PKLHS,LNI,LNI367,LNI973,29/09:55,29/09:59,29/11:10,29/11:25,1:11:00,BPN,BTH,012,10,1,1,NML,6,2025
3573.,A320,PKPWA,PAS,PAS210,PAS211,29/09:49,29/09:52,29/10:41,29/10:52,0:49:00,CGK,CGK,005,10,1,1,NML,6,2025
3574.,A320,PKBLB,BTK,BTK7513,BTK7516,29/10:10,29/10:14,29/10:55,29/11:06,0:41:00,HLP,HLP,010,10,1,1,NML,6,2025
3575.,A320,PKLAI,BTK,BTK6134,BTK6346,29/09:41,29/09:45,29/11:07,29/11:19,1:22:00,PKN,BEJ,009,10,1,1,NML,6,2025
3576.,A320,PKSTS,SJV,SJV635,SJV618,29/09:58,29/10:02,29/10:58,29/11:09,0:56:00,BDJ,BPN,018,10,0,0,NML,6,2025
3577.,B739,PKLQS,LNI,LNI694,LNI694,29/10:33,29/10:37,29/11:49,29/12:00,1:12:00,CGK,KOE,17B,10,0,0,NML,6,2025
3578.,B739,PKLSO,LNI,LNI697,LNI697,29/10:45,29/10:49,29/11:48,29/12:02,0:59:00,KOE,CGK,014,10,1,1,NML,6,2025
3579.,A320,PKAZL,AWQ,AWQ321,AWQ322,29/10:22,29/10:26,29/11:07,29/11:15,0:41:00,KUL,KUL,A03,10,1,1,NML,6,2025
3580.,A320,PKLAQ,BTK,BTK7517,BTK7520,29/11:04,29/11:08,29/11:58,29/12:12,0:50:00,HLP,HLP,010,10,1,1,NML,6,2025
3581.,B738,PKGFX,GIA,GIA322,GIA327,29/10:06,29/10:09,29/11:33,29/11:44,1:24:00,CGK,CGK,004,10,1,1,NML,6,2025
3582.,A320,PKGQG,CTV,CTV722,CTV723,29/11:00,29/11:04,29/11:56,29/12:08,0:52:00,CGK,CGK,007,10,1,1,NML,6,2025
3583.,B739,PKLHJ,LNI,LNI805,LNI804,29/11:13,29/11:20,29/12:08,29/12:20,0:48:00,DPS,DPS,015,10,1,1,NML,6,2025
3584.,A320,PKGLS,CTV,CTV461,CTV698,29/11:31,29/11:35,29/12:15,29/12:28,0:40:00,AAP,DPS,006,10,1,1,NML,6,2025
3585.,A320,PKSTC,SJV,SJV633,SJV702,29/11:58,29/12:02,29/13:17,29/13:33,1:15:00,BDJ,DPS,011,10,1,1,NML,6,2025
3586.,A320,PKSGC,SJV,SJV567,SJV636,29/11:45,29/11:49,29/12:44,29/12:49,0:55:00,PLW,BDJ,009,10,1,1,NML,6,2025
3587.,B735,PKNAQ,LKN,LKN193,LKN192,29/12:34,29/12:39,29/13:22,29/13:42,0:43:00,PKN,PKN,010,10,1,1,NML,6,2025
3588.,A320,PKLUO,BTK,BTK6582,BTK6581,29/12:06,29/12:09,29/13:17,29/13:39,1:08:00,CGK,CGK,008,10,1,1,NML,6,2025
3589.,A320,PKPWD,PAS,PAS204,PAS205,29/12:09,29/12:12,29/13:17,29/13:29,1:05:00,CGK,CGK,005,10,1,1,NML,6,2025
3590.,A320,PKAZO,AWQ,AWQ393,AWQ324,29/12:25,29/12:31,29/13:18,29/13:37,0:47:00,JHB,KUL,A03,10,1,1,NML,6,2025
3591.,A320,PKBLD,BTK,BTK6596,BTK6595,29/13:02,29/13:06,29/14:15,29/14:24,1:09:00,CGK,CGK,17A,10,0,0,NML,6,2025
3592.,A320,PKGQF,CTV,CTV487,CTV668,29/12:17,29/12:22,29/13:22,29/13:46,1:00:00,BDJ,DPS,007,10,1,1,NML,6,2025
3593.,A320,PKGQC,CTV,CTV9693,CTV9692,29/12:22,29/12:25,29/13:45,29/13:58,1:20:00,DPS,DPS,006,10,1,1,NML,6,2025
3594.,B738,PKLOP,LNI,LNI749,LNI686,29/15:08,29/15:12,29/16:13,29/16:23,1:01:00,MDC,PKY,017,28,1,1,NML,6,2025
3595.,B738,PKLQZ,LNI,LNI869,LNI6008,29/12:29,29/12:33,29/14:00,29/14:09,1:27:00,TTE,AMQ,020,10,0,0,NML,6,2025
3596.,B738,PKLSF,LNI,LNI839,LNI836,29/14:35,29/14:38,29/15:33,29/15:46,0:55:00,PNK,PNK,014,10,1,1,NML,6,2025
3597.,B739,PKLHP,LNI,LNI857,LNI260,29/13:30,29/13:35,29/14:52,29/15:01,1:16:49,PLM,BPN,17B,10,0,0,NML,6,2025
3598.,B739,PKLSI,LNI,LNI681,LNI316,29/16:45,29/16:49,29/17:41,29/17:52,0:52:00,PKY,BDJ,017,10,1,1,NML,6,2025
3599.,A320,PKSJC,SJV,SJV641,SJV726,29/13:40,29/13:44,29/14:31,29/14:45,0:47:41,AAP,LBJ,010,10,1,1,NML,6,2025
3600.,A320,PKGLT,CTV,CTV716,CTV717,29/13:55,29/13:58,29/14:42,29/14:53,0:44:00,CGK,CGK,006,10,1,1,NML,6,2025
3601.,A320,PKGQL,CTV,CTV431,CTV948,29/13:52,29/13:55,29/14:36,29/14:50,0:41:54,BPN,BTH,007,10,1,1,NML,6,2025
3602.,B739,PKLSP,LNI,LNI823,LNI910,29/14:20,29/14:24,29/15:20,29/15:30,0:56:14,LOP,DPS,011,10,1,1,NML,6,2025
3603.,B738,PKGMP,GIA,GIA312,GIA317,29/13:34,29/13:36,29/14:41,29/14:49,1:05:00,CGK,CGK,004,10,1,1,NML,6,2025
3604.,A320,9VJSO,JSA,JSA247,JSA248,29/13:59,29/14:03,29/14:53,29/15:07,0:50:52,SIN,SIN,A07,10,1,1,NML,6,2025
3605.,A320,PKBKQ,BTK,BTK7515,BTK7514,29/13:48,29/13:51,29/14:50,29/15:03,0:59:44,HLP,HLP,008,10,1,1,NML,6,2025
3606.,GL7T,VPCTC,RJP,VPCTC,VPCTC,29/11:55,29/11:59,29/18:53,29/19:06,6:54:00,SOC,HLP,001,10,0,0,NML,6,2025
3607.,B739,PKLGY,LNI,LNI261,LNI642,29/14:40,29/14:46,29/15:51,29/16:02,1:05:00,BPN,LOP,018,10,0,0,NML,6,2025
3608.,B738,PKGNM,GIA,GIA330,GIA331,29/14:06,29/14:09,29/15:01,29/15:16,0:52:00,HLP,HLP,005,10,1,1,NML,6,2025
3609.,B739,PKLSU,LNI,LNI787,LNI722,29/14:43,29/14:47,29/15:43,29/15:59,0:56:22,UPG,KDI,012,10,1,1,NML,6,2025
3610.,B739,PKLHH,LNI,LNI707,LNI920,29/15:12,29/15:15,29/16:17,29/16:28,1:02:00,UPG,DPS,009,10,1,1,NML,6,2025
3611.,A320,PKGLS,CTV,CTV699,CTV434,29/14:57,29/15:00,29/15:41,29/15:57,0:41:07,DPS,BPN,007,10,1,1,NML,6,2025
3612.,A320,PKLAQ,BTK,BTK7501,BTK7512,29/15:23,29/15:27,29/17:31,29/17:42,2:04:00,HLP,HLP,008,10,1,1,NML,6,2025
3613.,A320,PKSTC,SJV,SJV705,SJV704,29/16:57,29/17:02,29/17:51,29/17:59,0:49:00,DPS,DPS,011,10,1,1,NML,6,2025
3614.,A333,ECNOG,SVA,SVA5442,SVA4442,29/13:25,29/13:32,29/15:36,29/15:54,2:04:44,MCT,MED,015,10,1,1,NML,6,2025
3615.,B738,PKLKV,LNI,LNI709,LNI886,29/17:06,29/17:10,29/18:02,29/18:13,0:52:00,UPG,UPG,012,10,1,1,NML,6,2025
3616.,B738MAX,9MMVE,MAS,MAS873,MAS872,29/14:46,29/14:52,29/15:50,29/16:05,0:58:00,KUL,KUL,A06,10,1,1,NML,6,2025
3617.,B739,PKLHJ,LNI,LNI919,LNI581,29/15:04,29/15:08,29/16:13,29/16:26,1:05:00,DPS,CGK,010,10,1,1,NML,6,2025
3618.,A320,PKSAV,SJV,SJV643,SJV672,29/15:33,29/15:37,29/16:30,29/16:42,0:53:09,AAP,BEJ,011,10,1,1,NML,6,2025
3619.,A320,PKLAI,BTK,BTK6347,BTK6401,29/15:43,29/15:49,29/16:36,29/16:48,0:47:40,BEJ,CGK,014,10,1,1,NML,6,2025
3620.,A320,PKSGC,SJV,SJV637,SJV614,29/15:52,29/15:55,29/16:47,29/17:00,0:52:00,BDJ,BPN,012,10,1,1,NML,6,2025
3621.,A320,PKBLA,BTK,BTK6406,BTK6220,29/16:14,29/16:19,29/17:20,29/17:30,1:01:00,CGK,BPN,015,10,1,1,NML,6,2025
3622.,A320,PKSAF,SJV,SJV715,SJV714,29/16:19,29/16:22,29/17:11,29/17:21,0:49:00,LOP,LOP,009,10,1,1,NML,6,2025
3623.,B738,PKGFX,GIA,GIA310,GIA315,29/15:28,29/15:33,29/16:27,29/16:40,0:54:11,CGK,CGK,004,10,1,1,NML,6,2025
3624.,B739,PKLQS,LNI,LNI695,LNI268,29/16:23,29/16:26,29/17:31,29/17:43,1:05:00,KOE,TRK,010,10,1,1,NML,6,2025
3625.,B739,PKLQR,LNI,LNI692,LNI692,29/16:32,29/16:36,29/17:45,29/17:55,1:09:00,CGK,KOE,016,10,1,1,NML,6,2025
3626.,A320,PKGLR,CTV,CTV495,CTV721,29/16:00,29/16:03,29/17:01,29/17:13,0:58:00,BDJ,CGK,006,10,1,1,NML,6,2025
3627.,B739,PKLFK,LNI,LNI972,LNI226,29/16:50,29/16:55,29/17:49,29/18:04,0:54:00,BTH,BDJ,014,10,1,1,NML,6,2025
3628.,A320,PKGQC,CTV,CTV669,CTV488,29/17:02,29/17:06,29/17:38,29/17:49,0:32:00,DPS,BDJ,007,10,1,1,NML,6,2025
3629.,B738,PKLOP,LNI,LNI687,LNI838,29/19:03,29/19:08,29/19:57,29/20:08,0:49:53,PKY,PNK,011,10,1,1,NML,6,2025
3630.,A320,PKAZL,AWQ,AWQ323,AWQ326,29/16:54,29/16:58,29/17:38,29/17:46,0:40:00,KUL,KUL,A03,10,1,1,NML,6,2025
3631.,A320,PKBLD,BTK,BTK6578,BTK7579,29/18:16,29/18:20,29/19:12,29/19:27,0:52:00,CGK,CGK,008,10,1,1,NML,6,2025
3632.,A320,PKPWA,PAS,PAS622,PAS207,29/17:33,29/17:36,29/18:18,29/18:36,0:42:08,BPN,CGK,006,10,1,1,NML,6,2025
3633.,B739,PKLSU,LNI,LNI727,LNI800,29/19:57,29/20:02,29/20:51,29/21:08,0:49:00,KDI,UPG,014,10,1,1,NML,6,2025
3634.,B738,PKGNG,GIA,GIA349,GIA313,29/17:37,29/17:40,29/18:30,29/18:46,0:50:40,DPS,CGK,005,10,1,1,NML,6,2025
3635.,A320,PKSJC,SJV,SJV725,SJV716,29/17:58,29/18:02,29/18:49,29/19:02,0:47:06,LBJ,LOP,010,10,1,1,NML,6,2025
3636.,A320,PKBLB,BTK,BTK7503,BTK7502,29/18:29,29/18:34,29/19:57,29/20:13,1:23:44,HLP,HLP,009,10,1,1,NML,6,2025
3637.,A320,PKSAQ,SJV,SJV619,SJV708,29/17:11,29/17:14,29/19:10,29/19:20,1:55:20,BPN,DPS,018,10,0,0,NML,6,2025
3638.,B738,PKGFJ,GIA,GIA320,GIA325,29/17:27,29/17:30,29/18:58,29/19:10,1:28:30,CGK,CGK,004,10,1,1,NML,6,2025
3639.,A320,PKGQI,CTV,CTV172,CTV173,29/18:23,29/18:26,29/19:08,29/19:19,0:42:00,HLP,HLP,007,10,1,1,NML,6,2025
3640.,A320,PKPWC,PAS,PAS206,PAS623,29/18:33,29/18:36,29/19:19,29/19:37,0:43:00,CGK,BPN,006,10,1,1,NML,6,2025
3641.,B738MAX,9VMBG,SIA,SIA928,SIA929,29/18:11,29/18:17,29/19:08,29/19:23,0:51:49,SIN,SIN,A07,10,1,1,NML,6,2025
3642.,B788,9VOFH,TGW,TGW266,TGW267,29/19:31,29/19:39,29/20:46,29/21:04,1:07:00,SIN,SIN,A06,10,1,1,NML,6,2025
3643.,A320,PKGLE,CTV,CTV489,CTV693,29/19:16,29/19:19,29/19:52,29/20:03,0:33:05,BDJ,DPS,004,10,1,1,NML,6,2025
3644.,B738,PKLZV,BTK,BTK6576,BTK6575,29/19:49,29/19:52,29/20:55,29/21:10,1:03:00,CGK,CGK,012,10,1,1,NML,6,2025
3645.,A320,PKLUP,BTK,BTK6137,BTK7518,29/20:15,29/20:19,29/21:24,29/21:38,1:05:00,UPG,HLP,011,10,1,1,NML,6,2025
3646.,B738,PKGUH,GIA,GIA326,GIA319,29/18:59,29/19:02,29/20:00,29/20:18,0:58:01,CGK,CGK,005,10,1,1,NML,6,2025
3647.,A320,PKSTC,SJV,SJV723,SJV616,29/20:41,29/20:46,29/21:32,29/21:42,0:46:00,DPS,BPN,010,10,1,1,NML,6,2025
3648.,A320,PKGLY,CTV,CTV736,CTV9694,29/19:39,29/19:42,29/20:26,29/20:37,0:44:00,CGK,DPS,010,10,1,1,NML,6,2025
3649.,A320,PKGLS,CTV,CTV435,CTV494,29/19:25,29/19:27,29/20:29,29/20:44,1:02:00,BPN,BDJ,006,10,1,1,NML,6,2025
3650.,A320,PKGQN,CTV,CTV949,CTV737,29/19:34,29/19:37,29/20:22,29/20:33,0:45:00,BTH,CGK,007,10,1,1,NML,6,2025
3651.,A320,PKBLC,BTK,BTK6586,BTK6587,29/20:23,29/20:28,29/22:28,29/22:40,2:00:00,CGK,CGK,018,10,0,0,NML,6,2025
3652.,A320,PKGLX,CTV,CTV724,CTV354,29/19:51,29/19:54,29/20:50,29/21:06,0:56:00,CGK,UPG,008,10,1,1,NML,6,2025
3653.,B738,PKCRH,SJY,SJY567,SJY562,29/21:45,29/21:49,29/22:48,29/23:02,0:59:00,UPG,UPG,010,10,1,1,NML,6,2025
3654.,A320,PKLAQ,BTK,BTK7519,BTK6136,29/21:20,29/21:25,29/22:14,29/22:25,0:49:00,HLP,UPG,008,10,1,1,NML,6,2025
3655.,A320,PKGLU,CTV,CTV720,CTV9696,29/21:59,29/22:03,29/22:38,29/22:45,0:35:00,CGK,DPS,007,10,1,1,NML,6,2025
3656.,A333,ECODQ,SVA,SVA5132,SVA4132,29/22:04,29/22:09,30/00:09,30/00:25,2:00:00,MCT,MED,012,10,1,1,NML,6,2025
3657.,A333,ECNYJ,SVA,SVA5456,SVA4456,30/02:07,30/02:16,30/04:48,30/05:00,2:32:00,MCT,MED,012,28,1,1,NML,6,2025
3658.,A320,PKLUR,BTK,BTK6594,BTK7508,29/21:55,29/21:59,30/05:02,30/05:12,7:03:00,CGK,HLP,17B,28,0,0,NML,6,2025
3659.,A320,PKSAV,SJV,SJV673,SJV706,29/20:58,29/21:03,30/05:41,30/05:51,8:38:00,BEJ,DPS,022,28,0,0,NML,6,2025
3660.,A320,PKGLY,CTV,CTV9695,CTV430,29/23:08,29/23:12,30/04:59,30/05:09,5:47:00,DPS,BPN,007,28,1,1,NML,6,2025
3661.,B733F,PKMYV,MYU,MYU935,MYU815,29/13:44,29/13:47,30/05:20,30/05:31,15:32:18,SRG,CGK,C02,28,0,0,NML,6,2025
3662.,A320,PKAZO,AWQ,AWQ325,AWQ320,29/19:12,29/19:18,30/05:01,30/05:14,9:43:00,KUL,KUL,A01,28,1,1,NML,6,2025
3663.,B738,PKLQZ,LNI,LNI879,LNI878,29/22:54,29/22:59,30/05:03,30/05:18,6:04:00,AMQ,AMQ,008,28,1,1,NML,6,2025
3664.,B739,PKLSP,LNI,LNI923,LNI786,29/18:19,29/18:24,30/05:05,30/05:16,10:40:51,DPS,UPG,026,28,0,0,NML,6,2025
3665.,B738,PKGNG,GIA,GIA324,GIA301,29/22:31,29/22:35,30/05:09,30/05:20,6:34:00,CGK,CGK,005,28,1,1,NML,6,2025
3666.,A320,PKBKU,BTK,BTK7521,BTK6132,29/21:35,29/21:43,30/05:14,30/05:25,7:31:00,HLP,LOP,009,28,1,1,NML,6,2025
3667.,A320,PKGLE,CTV,CTV9697,CTV725,29/22:59,29/23:02,30/05:47,30/05:58,6:45:00,DPS,CGK,010,28,1,1,NML,6,2025
3668.,B739,PKLVF,LNI,LNI690,LNI690,30/05:02,30/05:07,30/05:59,30/06:08,0:52:00,CGK,KOE,012,28,1,1,NML,6,2025
3669.,A333,ECNOF,SVA,SVA5320,SVA4320,30/03:25,30/03:33,30/05:37,30/05:48,2:04:00,MCT,MED,015,28,1,1,NML,6,2025
3670.,B739,PKLHH,LNI,LNI883,LNI882,29/22:15,29/22:21,30/06:01,30/06:13,7:40:00,UPG,UPG,C04,28,0,0,NML,6,2025
3671.,A320,V8RBF,RBA,RBA795,RBA796,29/20:01,29/20:07,30/05:49,30/06:03,9:42:00,BWN,BWN,A07,28,1,1,NML,6,2025
3672.,A320,PKGLX,CTV,CTV353,CTV9670,30/05:06,30/05:14,30/05:55,30/06:05,0:41:00,UPG,LOP,007,28,1,1,NML,6,2025
3673.,A320,PKSGC,SJV,SJV613,SJV640,29/20:19,29/20:24,30/05:59,30/06:11,9:35:00,BPN,AAP,024,28,0,0,NML,6,2025
3674.,B739,PKLGY,LNI,LNI865,LNI266,29/18:37,29/18:40,30/06:10,30/06:20,11:29:03,LOP,BPN,025,28,0,0,NML,6,2025
3675.,A320,PKPWF,PAS,PAS202,PAS213,29/21:01,29/21:04,30/06:03,30/06:15,8:59:00,CGK,CGK,006,28,1,1,NML,6,2025
3676.,A320,PKBKV,BTK,BTK6413,BTK6412,29/20:10,29/20:16,30/06:21,30/06:31,10:05:00,DPS,DPS,023,28,0,0,NML,6,2025
3677.,B739,PKLSI,LNI,LNI315,LNI222,30/06:03,30/06:08,30/07:01,30/07:10,0:52:15,BDJ,BDJ,009,28,1,1,NML,6,2025
3678.,A320,PKSJQ,SJV,SJV717,SJV566,30/06:17,30/06:22,30/07:15,30/07:24,0:53:00,LOP,PLW,018,28,0,0,NML,6,2025
3679.,A320,PKLAF,BTK,BTK6588,BTK6135,29/22:34,29/22:38,30/07:04,30/07:14,8:26:00,CGK,PKN,17A,28,0,0,NML,6,2025
3680.,A320,PKLUK,BTK,BTK6370,BTK6597,30/05:53,30/06:00,30/07:05,30/07:15,1:05:00,CGK,CGK,008,28,1,1,NML,6,2025
3681.,B739,PKLFK,LNI,LNI311,LNI971,30/06:09,30/06:14,30/07:26,30/07:33,1:11:38,BDJ,BTH,016,28,1,1,NML,6,2025
3682.,B738,PKGMF,GIA,GIA328,GIA854,29/21:16,30/00:13,30/07:11,30/07:25,9:52:00,CGK,SIN,A02,28,1,1,NML,6,2025
3683.,B738,PKGFF,GIA,GIA855,GIA305,29/20:24,30/00:20,30/06:55,30/07:05,10:24:00,SIN,CGK,004,28,1,1,NML,6,2025
3684.,B739,PKLHP,LNI,LNI363,LNI646,30/06:22,30/06:26,30/07:19,30/07:30,0:53:49,BPN,LOP,015,28,1,1,NML,6,2025
3685.,A320,PKBLB,BTK,BTK7511,BTK7510,30/06:50,30/06:56,30/07:37,30/07:48,0:41:56,HLP,HLP,010,28,1,1,NML,6,2025
3686.,A320,PKAZL,AWQ,AWQ327,AWQ392,29/23:13,29/23:18,30/07:28,30/07:40,8:10:00,KUL,JHB,A03,28,1,1,NML,6,2025
3687.,B739,PKLQT,LNI,LNI929,LNI856,30/07:08,30/07:12,30/08:12,30/08:21,1:00:54,DPS,PLM,017,28,1,1,NML,6,2025
3688.,A320,PKGLU,CTV,CTV690,CTV460,30/06:39,30/06:45,30/07:31,30/07:41,0:46:49,DPS,AAP,006,28,1,1,NML,6,2025
3689.,B739,PKLQR,LNI,LNI693,LNI693,30/06:46,30/06:49,30/07:51,30/08:06,1:01:09,KOE,CGK,022,28,0,0,NML,6,2025
"3690.,C208,PKVVF,SUS,PKVVF,SUS6197,27/09:16,27/09:18,30/07:58,30/08:05,""2 days, 22:40:00"",BXW,BXW,C07,28,0,0,NML,6,2025"
3691.,A21N,B30FW,CSN,CSN8137,CSN8138,29/21:26,29/21:33,30/07:56,30/08:10,10:23:22,CAN,CAN,A06,28,1,1,NML,6,2025
3692.,A320,PKGQP,CTV,CTV170,CTV175,30/07:02,30/07:08,30/07:52,30/08:02,0:44:00,HLP,HLP,007,28,1,1,NML,6,2025
3693.,A320,PKSAV,SJV,SJV703,SJV610,30/08:03,30/08:09,30/09:05,30/09:18,0:56:00,DPS,BPN,011,28,1,1,NML,6,2025
3694.,B739,PKLQS,LNI,LNI267,LNI990,30/06:58,30/07:03,30/08:20,30/08:32,1:16:05,TRK,DPS,023,28,0,0,NML,6,2025
3695.,A320,PKSAL,SJV,SJV649,SJV634,30/07:37,30/07:42,30/08:31,30/08:41,0:49:00,BPN,BDJ,016,28,1,1,NML,6,2025
3696.,A320,PKBKM,BTK,BTK6572,BTK6573,30/07:28,30/07:33,30/08:33,30/08:44,1:00:00,CGK,CGK,008,28,1,1,NML,6,2025
3697.,A333,BHLT,CPA,CPA779,CPA780,29/18:43,29/18:49,30/08:20,30/08:38,13:31:00,HKG,HKG,A08,28,1,1,NML,6,2025
3698.,B738,PKLZM,MXD,MXD352,MXD353,29/19:05,29/19:10,30/08:42,30/08:51,13:32:00,KUL,KUL,A04,28,1,1,NML,6,2025
3699.,B738,PKLOP,LNI,LNI837,LNI868,30/08:18,30/08:24,30/09:10,30/09:23,0:46:00,PNK,TTE,010,28,1,1,NML,6,2025
3700.,B739,PKLSR,LNI,LNI683,LNI682,30/08:00,30/08:05,30/08:43,30/08:53,0:38:32,PKY,PKY,015,28,1,1,NML,6,2025
3701.,A320,PKSAJ,SJV,SJV615,SJV618,29/21:39,29/21:44,30/09:45,30/09:53,12:01:00,BPN,BPN,020,10,0,0,NML,6,2025
3702.,A320,PKBKU,BTK,BTK6133,BTK6589,30/08:11,30/08:16,30/09:18,30/09:25,1:02:00,LOP,CGK,009,28,1,1,NML,6,2025
3703.,B738,PKGMY,GIA,GIA304,GIA342,30/08:30,30/08:36,30/09:37,30/09:56,1:01:00,CGK,DPS,004,10,1,1,NML,6,2025
3704.,A320,PKPWK,PAS,PAS200,PAS201,30/08:38,30/08:44,30/09:27,30/09:37,0:43:00,CGK,CGK,005,28,1,1,NML,6,2025
3705.,A320,PKGLX,CTV,CTV9671,CTV486,30/08:27,30/08:33,30/09:18,30/09:31,0:45:44,LOP,BDJ,006,28,1,1,NML,6,2025
3706.,B738,9MMXT,MAS,MAS871,MAS870,30/09:15,30/09:21,30/10:15,30/10:28,0:54:10,KUL,KUL,A07,10,1,1,NML,6,2025
3707.,B735,PKNAT,LKN,LKN243,LKN242,30/09:22,30/09:26,30/10:02,30/10:14,0:36:00,SMQ,SMQ,011,10,1,1,NML,6,2025
3708.,A320,PKGLT,CTV,CTV351,CTV350,30/09:18,30/09:26,30/10:02,30/10:19,0:36:00,UPG,UPG,007,10,1,1,NML,6,2025
3709.,A359,9VSHT,SIA,SIA922,SIA923,30/09:05,30/09:09,30/10:06,30/10:24,0:57:54,SIN,SIN,A08,10,1,1,NML,6,2025
3710.,A320,PKBLB,BTK,BTK7517,BTK6585,30/10:52,30/10:54,30/11:56,30/12:06,1:02:00,HLP,CGK,007,10,1,1,NML,6,2025
3711.,A320,PKSJU,SJV,SJV635,SJV632,30/09:39,30/09:42,30/10:43,30/10:54,1:01:22,BDJ,BDJ,010,10,1,1,NML,6,2025
3712.,B739,PKLGY,LNI,LNI367,LNI748,30/10:01,30/10:07,30/11:19,30/11:30,1:12:00,BPN,MDC,016,10,1,1,NML,6,2025
3713.,B739,PKLSI,LNI,LNI223,LNI680,30/10:07,30/10:12,30/11:19,30/11:29,1:06:39,BDJ,PKY,018,10,0,0,NML,6,2025
3714.,B739,PKLHH,LNI,LNI791,LNI706,30/10:12,30/10:20,30/11:29,30/11:39,1:09:02,UPG,UPG,017,10,1,1,NML,6,2025
3715.,A320,9VTRN,TGW,TGW296,TGW297,30/09:51,30/09:57,30/10:56,30/11:12,0:59:53,SIN,SIN,A02,10,1,1,NML,6,2025
3716.,B739,PKLHP,LNI,LNI645,LNI822,30/10:16,30/10:20,30/11:17,30/11:26,0:57:00,LOP,LOP,011,10,1,1,NML,6,2025
3717.,A320,PKGQA,CTV,CTV722,CTV723,30/09:44,30/09:47,30/10:32,30/10:43,0:45:26,CGK,CGK,006,10,1,1,NML,6,2025
3718.,A320,PKLUY,BTK,BTK7513,BTK7516,30/09:47,30/09:51,30/10:41,30/10:49,0:50:00,HLP,HLP,008,10,1,1,NML,6,2025
3719.,A320,PKLAF,BTK,BTK6134,BTK6346,30/09:54,30/09:57,30/10:55,30/11:07,0:58:57,PKN,BEJ,009,10,1,1,NML,6,2025
3720.,A333,ECODR,SVA,SVA5222,SVA4222,30/08:35,30/08:44,30/10:58,30/11:15,2:14:13,MCT,MED,012,10,1,1,NML,6,2025
3721.,A320,PKSGC,SJV,SJV641,SJV642,30/09:57,30/10:02,30/11:04,30/11:17,1:02:43,AAP,AAP,015,10,1,1,NML,6,2025
3722.,B739,PKLSO,LNI,LNI694,LNI694,30/10:33,30/10:38,30/11:40,30/11:54,1:02:15,CGK,KOE,014,10,1,1,NML,6,2025
3723.,B739,PKLVF,LNI,LNI697,LNI697,30/10:37,30/10:41,30/11:43,30/11:56,1:01:41,KOE,CGK,020,10,0,0,NML,6,2025
3724.,A320,PKAZJ,AWQ,AWQ321,AWQ322,30/11:09,30/11:14,30/11:51,30/11:59,0:37:00,KUL,KUL,A03,10,1,1,NML,6,2025
3725.,B738,PKGFH,GIA,GIA322,GIA327,30/10:21,30/10:24,30/11:35,30/11:46,1:11:02,CGK,CGK,004,10,1,1,NML,6,2025
3726.,A320,PKBLA,BTK,BTK6221,BTK7520,29/20:55,29/20:59,30/14:10,30/14:20,17:11:00,BPN,HLP,021,10,0,0,NML,6,2025
3727.,B739,PKLQS,LNI,LNI805,LNI262,30/11:13,30/11:16,30/12:08,30/12:20,0:52:16,DPS,BPN,012,10,1,1,NML,6,2025
3728.,A320,PKGLU,CTV,CTV461,CTV698,30/11:03,30/11:06,30/11:50,30/12:03,0:44:59,AAP,DPS,006,10,1,1,NML,6,2025
3729.,A320,PKSJQ,SJV,SJV567,SJV636,30/11:48,30/11:53,30/12:44,30/12:56,0:51:00,PLW,BDJ,009,10,1,1,NML,6,2025
3730.,B739,PKLQT,LNI,LNI857,LNI780,30/12:26,30/12:30,30/13:32,30/13:43,1:02:00,PLM,UPG,015,10,1,1,NML,6,2025
3731.,B735,PKNAQ,LKN,LKN193,LKN192,30/11:51,30/11:54,30/12:34,30/12:46,0:40:24,PKN,PKN,010,10,1,1,NML,6,2025
3732.,B739,PKLJG,LNI,LNI970,LNI973,30/12:48,30/12:52,30/13:48,30/13:59,0:56:00,BTH,BTH,011,10,1,1,NML,6,2025
3733.,A320,PKLAY,BTK,BTK6582,BTK6581,30/12:53,30/12:56,30/13:50,30/14:03,0:54:00,CGK,CGK,008,10,1,1,NML,6,2025
3734.,A320,PKAZL,AWQ,AWQ393,AWQ324,30/12:31,30/12:35,30/13:18,30/13:28,0:43:00,JHB,KUL,A03,10,1,1,NML,6,2025
3735.,A320,PKPWA,PAS,PAS204,PAS205,30/12:17,30/12:20,30/13:21,30/13:35,1:00:44,CGK,CGK,005,10,1,1,NML,6,2025
3736.,A320,PKGLX,CTV,CTV487,CTV668,30/12:20,30/12:25,30/13:23,30/13:39,0:58:00,BDJ,DPS,006,10,1,1,NML,6,2025
3737.,A320,PKGQH,CTV,CTV9693,CTV9692,30/12:44,30/12:47,30/13:28,30/13:42,0:41:00,DPS,DPS,007,10,1,1,NML,6,2025
3738.,B739,PKLHP,LNI,LNI823,LNI260,30/14:00,30/14:07,30/15:18,30/15:26,1:11:00,LOP,BPN,014,10,0,0,NML,6,2025
3739.,B739,PKLHH,LNI,LNI787,LNI686,30/15:58,30/16:03,30/17:05,30/17:14,1:02:00,UPG,PKY,17A,10,0,0,NML,6,2025
3740.,B738,PKLSF,LNI,LNI839,LNI836,30/13:25,30/13:29,30/14:15,30/14:30,0:46:00,PNK,PNK,012,10,1,1,NML,6,2025
3741.,A320,PKSJU,SJV,SJV633,SJV726,30/13:55,30/13:59,30/14:55,30/15:06,0:56:00,BDJ,LBJ,010,10,1,1,NML,6,2025
3742.,A320,PKLUS,BTK,BTK6596,BTK6595,30/13:29,30/13:33,30/14:30,30/14:42,0:57:00,CGK,CGK,009,10,1,1,NML,6,2025
3743.,B739,PKLSI,LNI,LNI681,LNI804,30/14:15,30/14:19,30/15:21,30/15:36,1:02:00,PKY,DPS,011,10,1,1,NML,6,2025
3744.,B739,PKLGJ,LNI,LNI801,LNI316,30/13:52,30/13:57,30/15:22,30/15:40,1:25:00,UPG,BDJ,016,10,1,1,NML,6,2025
3745.,A320,PKGLY,CTV,CTV431,CTV948,30/13:37,30/13:40,30/14:25,30/14:37,0:45:00,BPN,BTH,007,10,1,1,NML,6,2025
3746.,A320,PKGQN,CTV,CTV716,CTV717,30/13:33,30/13:35,30/14:20,30/14:32,0:45:00,CGK,CGK,006,10,1,1,NML,6,2025
3747.,A320,9VJSU,JSA,JSA247,JSA248,30/13:46,30/13:51,30/14:35,30/14:48,0:44:00,SIN,SIN,A07,10,1,1,NML,6,2025
3748.,A320,PKLUR,BTK,BTK7515,BTK7514,30/14:57,30/15:02,30/15:43,30/15:56,0:41:00,HLP,HLP,008,10,1,1,NML,6,2025
3749.,B738,PKGNC,GIA,GIA312,GIA317,30/14:21,30/14:23,30/15:19,30/15:32,0:56:00,CGK,CGK,004,10,1,1,NML,6,2025
3750.,B739,PKLSK,LNI,LNI707,LNI910,30/15:46,30/15:50,30/16:51,30/17:01,1:01:00,UPG,DPS,016,10,1,1,NML,6,2025
3751.,A320,PKPWE,PAS,PAS208,PAS209,30/13:49,30/13:53,30/14:49,30/15:04,0:56:00,CGK,CGK,005,10,1,1,NML,6,2025
3752.,B738,PKGMW,GIA,GIA330,GIA331,30/14:28,30/14:31,30/15:28,30/15:45,0:57:00,HLP,HLP,006,10,1,1,NML,6,2025
3753.,B738,PKLQZ,LNI,LNI879,LNI722,30/14:25,30/14:30,30/15:29,30/15:48,0:59:00,AMQ,KDI,015,10,1,1,NML,6,2025
3754.,A320,PKBKU,BTK,BTK6584,BTK6220,30/12:59,30/13:05,30/15:56,30/16:06,2:51:00,CGK,BPN,018,10,0,0,NML,6,2025
3755.,A320,PKGLU,CTV,CTV699,CTV434,30/14:34,30/14:37,30/15:23,30/15:43,0:46:00,DPS,BPN,007,10,1,1,NML,6,2025
3756.,A320,PKSJQ,SJV,SJV637,SJV614,30/15:41,30/15:45,30/16:47,30/16:57,1:02:00,BDJ,BPN,011,10,1,1,NML,6,2025
3757.,A320,PKLAF,BTK,BTK6347,BTK7512,30/15:21,30/15:26,30/16:22,30/16:32,0:56:00,BEJ,HLP,010,10,1,1,NML,6,2025
3758.,B738,PKLQY,LNI,LNI709,LNI886,30/16:01,30/16:04,30/17:00,30/17:11,0:56:00,UPG,UPG,17B,10,0,0,NML,6,2025
3759.,A320,PKSGC,SJV,SJV643,SJV672,30/14:52,30/14:56,30/16:03,30/16:14,1:07:00,AAP,BEJ,012,10,1,1,NML,6,2025
3760.,A320,PKBKG,BTK,BTK6406,BTK6401,30/14:45,30/14:49,30/16:33,30/16:43,1:44:00,CGK,CGK,009,10,1,1,NML,6,2025
3761.,B739,PKLQS,LNI,LNI261,LNI642,30/15:53,30/15:59,30/16:57,30/17:06,0:58:00,BPN,LOP,015,10,1,1,NML,6,2025
3762.,B738,HSLUZ,TLM,TLM268,TLM269,30/15:14,30/15:21,30/16:20,30/16:31,0:59:00,DMK,DMK,A04,10,1,1,NML,6,2025
3763.,B738,PKGFH,GIA,GIA310,GIA315,30/15:32,30/15:37,30/16:39,30/16:52,1:02:00,CGK,CGK,005,10,1,1,NML,6,2025
3764.,B738MAX,9VMBN,SIA,SIA926,SIA927,30/15:30,30/15:35,30/16:23,30/16:36,0:48:00,SIN,SIN,A08,10,1,1,NML,6,2025
3765.,A320,PKSAV,SJV,SJV619,SJV648,30/17:55,30/17:59,30/19:03,30/19:16,1:04:00,BPN,BPN,011,10,1,1,NML,6,2025
3766.,B739,PKLSO,LNI,LNI695,LNI268,30/16:21,30/16:25,30/17:24,30/17:35,0:59:00,KOE,TRK,014,10,0,0,NML,6,2025
3767.,A320,PKGQF,CTV,CTV495,CTV721,30/15:49,30/15:52,30/16:42,30/16:54,0:50:00,BDJ,CGK,006,10,1,1,NML,6,2025
3768.,B739,PKLGW,LNI,LNI692,LNI692,30/16:30,30/16:33,30/17:39,30/17:49,1:06:00,CGK,KOE,018,10,0,0,NML,6,2025
3769.,B739,PKLGY,LNI,LNI749,LNI581,30/17:08,30/17:13,30/18:11,30/18:21,0:58:00,MDC,CGK,012,10,1,1,NML,6,2025
3770.,A320,PKGQH,CTV,CTV669,CTV488,30/16:12,30/16:15,30/17:03,30/17:13,0:48:00,DPS,BDJ,007,10,1,1,NML,6,2025
3771.,B738,PKLOP,LNI,LNI869,LNI838,30/15:01,30/15:08,30/18:59,30/19:09,3:51:00,TTE,PNK,020,10,0,0,NML,6,2025
3772.,A320,PKAZJ,AWQ,AWQ323,AWQ326,30/17:33,30/17:38,30/18:18,30/18:28,0:40:00,KUL,KUL,A03,10,1,1,NML,6,2025
3773.,B739,PKLJI,LNI,LNI972,LNI920,30/18:06,30/18:12,30/19:09,30/19:30,0:57:00,BTH,DPS,009,10,1,1,NML,6,2025
3774.,B739,PKLSI,LNI,LNI919,LNI226,30/18:26,30/18:30,30/19:29,30/19:43,0:59:00,DPS,BDJ,015,10,1,1,NML,6,2025
3775.,A320,PKPWD,PAS,PAS622,PAS207,30/17:29,30/17:34,30/18:15,30/18:33,0:41:00,BPN,CGK,006,10,1,1,NML,6,2025
3776.,B738,9MMXR,MAS,MAS875,MAS874,30/17:20,30/17:27,30/18:28,30/18:37,1:01:00,KUL,KUL,A07,10,1,1,NML,6,2025
3777.,B738,PKGMY,GIA,GIA349,GIA313,30/17:26,30/17:29,30/18:27,30/18:42,0:58:00,DPS,CGK,004,10,1,1,NML,6,2025
3778.,B738,PKLQS,LNI,LNI865,LNI800,30/19:27,30/19:32,30/20:41,30/20:51,1:09:00,LOP,UPG,016,10,1,1,NML,6,2025
3779.,A320,PKSJU,SJV,SJV725,SJV716,30/18:39,30/18:43,30/19:27,30/19:41,0:44:00,LBJ,LOP,010,10,1,1,NML,6,2025
3780.,A320,PKLUR,BTK,BTK7503,BTK7502,30/19:22,30/19:27,30/20:15,30/20:31,0:48:00,HLP,HLP,011,10,1,1,NML,6,2025
3781.,B738,PKGMU,GIA,GIA320,GIA325,30/17:38,30/17:41,30/18:58,30/19:14,1:17:00,CGK,CGK,005,10,1,1,NML,6,2025
3782.,B738MAX,9VMBH,SIA,SIA928,SIA929,30/18:30,30/18:37,30/19:27,30/19:47,0:50:00,SIN,SIN,A06,10,1,1,NML,6,2025
3783.,A320,PKGQI,CTV,CTV172,CTV494,30/18:34,30/18:38,30/19:32,30/19:51,0:54:00,HLP,BDJ,008,10,1,1,NML,6,2025
3784.,A320,PKPWL,PAS,PAS206,PAS623,30/18:59,30/19:02,30/19:42,30/19:57,0:40:00,CGK,BPN,004,10,1,1,NML,6,2025
3785.,B738,PKLDJ,BTK,BTK6576,BTK6575,30/19:11,30/19:15,30/20:14,30/20:26,0:59:00,CGK,CGK,009,10,1,1,NML,6,2025
3786.,A320,PKLAF,BTK,BTK7519,BTK7518,30/19:32,30/19:37,30/20:19,30/20:36,0:42:00,HLP,HLP,008,10,1,1,NML,6,2025
3787.,A320,PKGLS,CTV,CTV736,CTV9694,30/18:51,30/18:54,30/19:39,30/19:53,0:45:00,CGK,DPS,006,10,1,1,NML,6,2025
3788.,A320,PKGQG,CTV,CTV949,CTV737,30/18:18,30/18:22,30/20:05,30/20:16,1:43:00,BTH,CGK,007,10,1,1,NML,6,2025
3789.,A320,PKGQE,CTV,CTV489,CTV693,30/20:08,30/20:11,30/20:43,30/20:59,0:32:00,BDJ,DPS,006,10,1,1,NML,6,2025
3790.,B738,PKCRH,SJY,SJY567,SJY562,30/21:26,30/21:29,30/22:14,30/22:25,0:45:00,UPG,UPG,009,10,1,1,NML,6,2025
3791.,A333,ECNOG,SVA,SVA5446,SVA4446,30/19:19,30/19:24,30/21:52,30/22:04,2:28:00,MCT,MED,012,10,1,1,NML,6,2025
3792.,A320,PKGQO,CTV,CTV724,CTV354,30/21:08,30/21:12,30/21:54,30/22:11,0:42:00,CGK,UPG,007,10,1,1,NML,6,2025
3793.,A320,PKBKP,BTK,BTK6137,BTK6136,30/20:56,30/21:00,30/21:45,30/21:54,0:45:00,UPG,UPG,018,10,0,0,NML,6,2025
