no,act_type,reg_no,opr,flight_number_origin,flight_number_dest,ata,block_on,block_off,atd,ground_time,org,des,ps,runway,avio_a,avio_d,f_stat,bulan,tahun
1.,B739,PKLSK,LNI,LNI923,LNI786,30/19:38,30/19:45,01/04:46,01/05:04,9:01:00,DPS,UPG,022,10,0,0,NML,7,2025
2.,A320,PKSJQ,SJV,SJV613,SJV610,30/20:12,30/20:18,01/05:02,01/05:13,8:44:00,BPN,BPN,010,28,1,1,NML,7,2025
3.,A320,PKLUY,BTK,BTK7521,BTK7508,30/23:19,30/23:21,01/04:59,01/05:09,5:38:00,HLP,HLP,15A,28,0,0,NML,7,2025
4.,A320,PKAZL,AWQ,AWQ325,AWQ320,30/19:02,30/19:08,01/05:00,01/05:11,9:52:00,KUL,KUL,A01,28,1,1,NML,7,2025
5.,A320,PKGLX,CTV,CTV353,CTV430,01/05:06,01/05:14,01/05:53,01/06:10,0:39:00,UPG,BPN,007,10,1,1,NML,7,2025
6.,B738,PKGUG,GIA,GIA328,GIA301,30/20:24,30/20:28,01/05:19,01/05:31,8:51:00,CGK,CGK,004,28,1,1,NML,7,2025
7.,A320,PKBKU,BTK,BTK6221,BTK6132,30/19:35,30/19:40,01/05:20,01/05:33,9:40:00,BPN,LOP,17A,28,0,0,NML,7,2025
8.,B739,PKLVF,LNI,LNI690,LNI690,01/05:02,01/05:07,01/05:58,01/06:19,0:51:00,CGK,KOE,011,10,1,1,NML,7,2025
9.,A320,PKGLS,CTV,CTV9695,CTV725,30/22:08,30/22:11,01/05:39,01/05:48,7:28:00,DPS,CGK,006,28,1,1,NML,7,2025
10.,A320,V8RBD,RBA,RBA795,RBA796,30/20:00,30/20:07,01/05:53,01/05:59,9:46:00,BWN,BWN,A07,10,1,1,NML,7,2025
"11.,A320,PKSAQ,SJV,SJV727,SJV706,29/21:51,30/07:50,01/06:10,01/06:31,""1 day, 8:16:00"",DPS,DPS,026,10,0,1,NML,7,2025"
12.,A320,PKSJO,SJV,SJV615,SJV640,30/21:13,30/21:18,01/05:58,01/06:24,8:40:00,BPN,AAP,008,10,1,1,NML,7,2025
13.,A320,PKGLU,CTV,CTV435,CTV9670,30/19:06,30/19:09,01/06:01,01/06:25,10:52:00,BPN,LOP,003,10,0,0,NML,7,2025
14.,B739,PKLHQ,LNI,LNI883,LNI882,30/23:07,30/23:12,01/06:08,01/06:30,6:56:00,UPG,UPG,15B,10,0,0,NML,7,2025
15.,B738,PKLQZ,LNI,LNI727,LNI868,30/19:49,30/19:55,01/05:54,01/06:08,9:59:00,KDI,TTE,17B,10,0,0,NML,7,2025
16.,A320,PKLUI,BTK,BTK7501,BTK6589,30/15:38,30/15:43,01/06:05,01/06:28,14:22:00,HLP,CGK,021,10,0,0,NML,7,2025
17.,B739,PKLHH,LNI,LNI687,LNI266,30/19:55,30/19:58,01/05:56,01/06:15,9:58:00,PKY,BPN,023,10,0,0,NML,7,2025
18.,A320,PKAZJ,AWQ,AWQ327,AWQ386,30/23:46,30/23:51,01/06:02,01/06:17,6:11:00,KUL,PEN,A03,10,1,1,NML,7,2025
19.,A333,ECODQ,SVA,SVA5214,SVA4214,01/04:02,01/04:07,01/06:14,01/06:25,2:07:00,MCT,MED,012,10,1,1,NML,7,2025
20.,A320,PKSGC,SJV,SJV673,SJV634,30/20:28,30/20:31,01/06:31,01/06:43,10:00:00,BEJ,BDJ,024,10,0,0,NML,7,2025
21.,B738MAX,PKOFM,AFE,PKOFM,AFE921,01/06:01,01/06:08,01/06:53,01/06:59,0:45:00,CGK,TIM,004,10,1,1,NML,7,2025
22.,A320,PKBKQ,BTK,BTK6578,BTK6412,01/05:55,01/06:01,01/07:02,01/07:12,1:01:00,CGK,DPS,009,10,1,1,NML,7,2025
23.,A320,PKLUH,BTK,BTK6588,BTK6135,30/23:29,30/23:35,01/06:57,01/07:08,7:22:00,CGK,PKN,016,10,1,1,NML,7,2025
24.,A320,PKSJU,SJV,SJV717,SJV612,01/05:51,01/05:57,01/06:57,01/07:07,1:00:00,LOP,BPN,010,10,1,1,NML,7,2025
25.,C208,PKVVF,SUS,PKVVF,PKVVF,30/10:01,30/10:05,01/07:19,01/07:27,21:14:00,BXW,BXW,C07,10,0,0,NML,7,2025
26.,B738,PKGFM,GIA,GIA324,GIA854,30/21:03,30/22:51,01/07:09,01/07:17,10:02:00,CGK,SIN,A02,10,1,1,NML,7,2025
27.,B738,PKGMF,GIA,GIA855,GIA305,30/20:33,30/23:13,01/07:10,01/07:19,10:31:00,SIN,CGK,005,10,1,1,NML,7,2025
28.,B739,PKLHP,LNI,LNI363,LNI971,01/06:21,01/06:25,01/07:23,01/07:35,0:58:00,BPN,BTH,17B,10,0,0,NML,7,2025
29.,B739,PKLQR,LNI,LNI311,LNI646,01/06:13,01/06:17,01/07:15,01/07:29,0:58:00,BDJ,LOP,17A,10,0,0,NML,7,2025
30.,E135,T7JCI,AFS,T7JCI,T7JCI,01/06:41,01/06:45,01/07:32,01/07:39,0:47:00,CGK,CGK,A09,10,0,0,NML,7,2025
31.,A320,PKBLA,BTK,BTK7511,BTK7510,01/06:37,01/06:41,01/07:32,01/07:45,0:51:00,HLP,HLP,011,10,1,1,NML,7,2025
32.,A320,PKGLV,CTV,CTV690,CTV460,01/07:00,01/07:05,01/07:40,01/07:54,0:35:00,DPS,AAP,006,10,1,1,NML,7,2025
33.,B739,PKLGW,LNI,LNI693,LNI693,01/07:06,01/07:09,01/07:54,01/08:12,0:45:00,KOE,CGK,008,10,1,1,NML,7,2025
34.,B739,PKLHR,LNI,LNI929,LNI982,01/07:12,01/07:16,01/08:13,01/08:24,0:57:00,DPS,PKU,015,10,1,1,NML,7,2025
35.,A21N,B32L0,CSN,CSN8137,CSN8138,30/21:39,30/21:46,01/07:51,01/08:05,10:05:00,CAN,CAN,A06,10,1,1,NML,7,2025
36.,A333,BHLU,CPA,CPA779,CPA780,30/17:42,30/17:50,01/08:29,01/08:43,14:39:00,HKG,HKG,A08,10,1,1,NML,7,2025
37.,B739,PKLSO,LNI,LNI267,LNI990,01/06:57,01/07:02,01/08:22,01/08:30,1:20:00,TRK,DPS,018,10,0,0,NML,7,2025
"38.,DHC6,PKICP,PGT,PKICP,PKICP,28/11:08,28/11:12,01/08:05,01/08:12,""2 days, 20:53:00"",PAG,PAG,028,10,0,0,NML,7,2025"
39.,A320,PKBLD,BTK,BTK6572,BTK6573,01/07:39,01/07:44,01/08:41,01/08:55,0:57:00,CGK,CGK,009,10,1,1,NML,7,2025
40.,A320,PKGQO,CTV,CTV355,CTV171,01/07:57,01/08:01,01/08:45,01/08:59,0:44:00,UPG,HLP,007,10,1,1,NML,7,2025
41.,B739,PKLHM,LNI,LNI315,LNI222,01/08:03,01/08:06,01/08:54,01/09:05,0:48:00,BDJ,BDJ,011,10,1,1,NML,7,2025
42.,A320,PKSTC,SJV,SJV649,SJV618,01/07:43,01/07:47,01/08:52,01/09:02,1:05:00,BPN,BPN,010,10,1,1,NML,7,2025
43.,B738,PKLOP,LNI,LNI837,LNI748,01/07:51,01/07:55,01/08:57,01/09:07,1:02:00,PNK,MDC,17A,10,0,0,NML,7,2025
44.,B739,PKLHY,LNI,LNI683,LNI682,01/07:55,01/08:01,01/09:08,01/09:15,1:07:00,PKY,PKY,17B,10,0,0,NML,7,2025
45.,B738,PKGFX,GIA,GIA304,GIA342,01/08:13,01/08:16,01/09:17,01/09:33,1:01:00,CGK,DPS,004,10,1,1,NML,7,2025
46.,A320,PKPWK,PAS,PAS200,PAS201,01/08:10,01/08:12,01/09:14,01/09:24,1:02:00,CGK,CGK,005,10,1,1,NML,7,2025
47.,A320,PKGLU,CTV,CTV9671,CTV486,01/08:46,01/08:51,01/09:27,01/09:40,0:36:00,LOP,BDJ,006,10,1,1,NML,7,2025
48.,A320,PKSJQ,SJV,SJV611,SJV642,01/08:37,01/08:41,01/09:45,01/09:58,1:04:00,BPN,AAP,008,10,1,1,NML,7,2025
49.,B738,9MMXR,MAS,MAS871,MAS870,01/08:52,01/08:58,01/09:51,01/10:03,0:53:00,KUL,KUL,A07,10,1,1,NML,7,2025
50.,A359,9VSHP,SIA,SIA922,SIA923,01/08:57,01/09:03,01/10:03,01/10:21,1:00:00,SIN,SIN,A08,10,1,1,NML,7,2025
51.,A320,PKGQS,CTV,CTV351,CTV350,01/09:31,01/09:34,01/10:10,01/10:26,0:36:00,UPG,UPG,006,10,1,1,NML,7,2025
52.,B738,PKLBS,MXD,MXD350,MXD353,01/08:50,01/08:56,01/10:08,01/10:27,1:12:00,KUL,KUL,A04,10,1,1,NML,7,2025
53.,A333,ECNYJ,SVA,SVA5318,SVA4318,01/07:48,01/07:52,01/10:10,01/10:16,2:18:00,MCT,MED,012,10,1,1,NML,7,2025
54.,A320,PKLUI,BTK,BTK6584,BTK6585,01/09:46,01/09:50,01/10:39,01/11:00,0:49:00,CGK,CGK,010,10,1,1,NML,7,2025
55.,A320,PKSGC,SJV,SJV635,SJV632,01/09:19,01/09:23,01/10:13,01/10:38,0:50:00,BDJ,BDJ,009,10,1,1,NML,7,2025
56.,B739,PKLHH,LNI,LNI367,LNI262,01/09:43,01/09:48,01/10:39,01/10:56,0:51:00,BPN,BPN,011,10,1,1,NML,7,2025
57.,A20N,9VTNF,TGW,TGW296,TGW297,01/10:01,01/10:07,01/10:57,01/11:12,0:50:00,SIN,SIN,A02,10,1,1,NML,7,2025
58.,B739,PKLFY,LNI,LNI791,LNI706,01/10:29,01/10:33,01/11:45,01/11:59,1:12:00,UPG,UPG,012,10,1,1,NML,7,2025
59.,A320,PKPWI,PAS,PAS210,PAS211,01/09:37,01/09:40,01/10:38,01/10:54,0:58:00,CGK,CGK,005,10,1,1,NML,7,2025
60.,A320,PKLUH,BTK,BTK6134,BTK6346,01/09:50,01/09:55,01/10:47,01/11:05,0:52:00,PKN,BEJ,007,10,1,1,NML,7,2025
61.,A320,PKLUT,BTK,BTK7513,BTK7516,01/09:54,01/09:58,01/10:45,01/11:02,0:47:00,HLP,HLP,008,10,1,1,NML,7,2025
62.,B739,PKLHI,LNI,LNI694,LNI822,01/10:22,01/10:25,01/11:20,01/11:31,0:55:00,CGK,LOP,009,10,1,1,NML,7,2025
63.,B739,PKLQR,LNI,LNI645,LNI694,01/10:13,01/10:18,01/11:34,01/11:46,1:16:00,LOP,KOE,17B,10,0,0,NML,7,2025
64.,B739,PKLVF,LNI,LNI697,LNI697,01/10:35,01/10:39,01/11:29,01/11:41,0:50:00,KOE,CGK,014,10,1,1,NML,7,2025
65.,A320,PKAZL,AWQ,AWQ321,AWQ322,01/10:51,01/10:57,01/11:27,01/11:38,0:30:00,KUL,KUL,A03,10,1,1,NML,7,2025
66.,B738,PKGFQ,GIA,GIA322,GIA327,01/10:18,01/10:22,01/11:29,01/11:43,1:07:00,CGK,CGK,004,10,1,1,NML,7,2025
67.,A320,PKBKU,BTK,BTK6133,BTK7520,01/08:07,01/08:12,01/11:37,01/11:51,3:25:00,LOP,HLP,021,10,0,0,NML,7,2025
68.,A333,ECNOF,SVA,SVA5310,SVA4310,01/09:27,01/09:33,01/11:40,01/11:56,2:07:00,MCT,MED,015,10,1,1,NML,7,2025
69.,A320,PKGLV,CTV,CTV461,CTV698,01/11:14,01/11:18,01/11:58,01/12:12,0:40:00,AAP,DPS,006,10,1,1,NML,7,2025
70.,B739,PKLSO,LNI,LNI805,LNI804,01/11:25,01/11:30,01/12:40,01/12:49,1:10:00,DPS,DPS,018,10,0,0,NML,7,2025
71.,B739,PKLJG,LNI,LNI970,LNI973,01/11:08,01/11:12,01/12:03,01/12:15,0:51:00,BTH,BTH,008,10,1,1,NML,7,2025
72.,A320,PKBLA,BTK,BTK7517,BTK6581,01/10:50,01/10:54,01/12:13,01/12:27,1:19:00,HLP,CGK,010,10,1,1,NML,7,2025
73.,A320,PKGLY,CTV,CTV9693,CTV9692,01/11:35,01/11:38,01/12:25,01/12:35,0:47:00,DPS,DPS,007,10,1,1,NML,7,2025
74.,B739,PKLHM,LNI,LNI223,LNI680,01/11:49,01/11:52,01/13:24,01/13:42,1:32:00,BDJ,PKY,012,10,1,1,NML,7,2025
75.,A320,PKSAQ,SJV,SJV703,SJV636,01/08:41,01/08:45,01/12:31,01/12:39,3:46:00,DPS,BDJ,022,10,0,0,NML,7,2025
76.,A320,PKSJH,SJV,SJV363,SJV362,01/12:25,01/12:30,01/13:36,01/13:53,1:06:00,KNO,KNO,009,10,1,1,NML,7,2025
77.,B738,PKLQZ,LNI,LNI869,LNI3838,01/12:06,01/12:12,01/13:22,01/13:35,1:10:00,TTE,PNK,016,10,1,1,NML,7,2025
78.,A320,PKBLD,BTK,BTK6596,BTK6595,01/12:31,01/12:35,01/13:26,01/13:47,0:51:00,CGK,CGK,008,10,1,1,NML,7,2025
79.,A320,PKPWN,PAS,PAS204,PAS205,01/11:53,01/11:56,01/13:22,01/13:39,1:26:00,CGK,CGK,005,10,1,1,NML,7,2025
80.,A320,PKAZJ,AWQ,AWQ387,AWQ324,01/12:29,01/12:33,01/13:22,01/13:31,0:49:00,PEN,KUL,A03,10,1,1,NML,7,2025
81.,A320,PKGLU,CTV,CTV487,CTV668,01/12:10,01/12:13,01/13:31,01/13:50,1:18:00,BDJ,DPS,006,10,1,1,NML,7,2025
82.,B735,PKNAS,LKN,LKN671,LKN670,01/10:56,01/11:01,01/13:26,01/13:36,2:25:00,TMC,TMC,011,10,1,1,NML,7,2025
83.,B738,PKLSF,LNI,LNI839,LNI836,01/13:03,01/13:09,01/14:08,01/14:24,0:59:00,PNK,PNK,017,10,1,1,NML,7,2025
84.,A320,PKSGC,SJV,SJV633,SJV726,01/13:37,01/13:41,01/14:31,01/14:41,0:50:00,BDJ,LBJ,010,10,1,1,NML,7,2025
85.,B739,PKLFY,LNI,LNI707,LNI910,01/15:38,01/15:44,01/16:42,01/16:54,0:58:00,UPG,DPS,015,10,1,1,NML,7,2025
86.,B739,PKLFF,LNI,LNI801,LNI780,01/14:19,01/14:23,01/15:21,01/15:36,0:58:00,UPG,UPG,016,10,1,1,NML,7,2025
87.,B738,PKGUI,GIA,GIA312,GIA317,01/13:40,01/13:43,01/14:41,01/14:53,0:58:00,CGK,CGK,004,10,1,1,NML,7,2025
88.,A320,9VJSM,JSA,JSA247,JSA248,01/13:59,01/14:04,01/14:48,01/14:57,0:44:00,SIN,SIN,A06,10,1,1,NML,7,2025
89.,A320,PKLAM,BTK,BTK7515,BTK7514,01/13:43,01/13:50,01/14:53,01/15:07,1:03:00,HLP,HLP,009,10,1,1,NML,7,2025
90.,B739,PKLHH,LNI,LNI261,LNI260,01/14:16,01/14:20,01/15:29,01/15:40,1:09:00,BPN,BPN,015,10,1,1,NML,7,2025
91.,A320,PKPWE,PAS,PAS208,PAS209,01/13:51,01/13:54,01/14:57,01/15:09,1:03:00,CGK,CGK,006,10,1,1,NML,7,2025
92.,B738,PKGFF,GIA,GIA330,GIA331,01/14:33,01/14:36,01/15:30,01/15:46,0:54:00,HLP,HLP,005,10,1,1,NML,7,2025
93.,B739,PKLHP,LNI,LNI972,LNI642,01/17:31,01/17:35,01/18:24,01/18:36,0:49:00,BTH,LOP,014,10,1,1,NML,7,2025
94.,A320,PKGLX,CTV,CTV431,CTV948,01/14:37,01/14:41,01/15:36,01/15:55,0:55:00,BPN,BTH,008,10,1,1,NML,7,2025
95.,B739,PKLHI,LNI,LNI823,LNI581,01/14:10,01/14:14,01/15:32,01/15:49,1:18:00,LOP,CGK,011,10,1,1,NML,7,2025
96.,A320,PKGLV,CTV,CTV699,CTV434,01/15:05,01/15:08,01/15:48,01/16:01,0:40:00,DPS,BPN,006,10,1,1,NML,7,2025
97.,A320,PKGQC,CTV,CTV716,CTV717,01/14:29,01/14:35,01/15:19,01/15:30,0:44:00,CGK,CGK,007,10,1,1,NML,7,2025
98.,A320,PKSJQ,SJV,SJV641,SJV614,01/13:33,01/13:37,01/15:34,01/15:53,1:57:00,AAP,BPN,018,10,0,0,NML,7,2025
99.,B738,PKLOP,LNI,LNI749,LNI722,01/14:49,01/14:53,01/15:52,01/16:03,0:59:00,MDC,KDI,17A,10,0,0,NML,7,2025
100.,B739,PKLSO,LNI,LNI919,LNI920,01/15:41,01/15:46,01/16:39,01/16:50,0:53:00,DPS,DPS,016,10,1,1,NML,7,2025
101.,A320,PKLUS,BTK,BTK6582,BTK7512,01/11:22,01/11:27,01/15:45,01/15:57,4:18:00,CGK,HLP,023,10,0,0,NML,7,2025
102.,A320,PKSJO,SJV,SJV643,SJV672,01/15:16,01/15:19,01/16:35,01/16:44,1:16:00,AAP,BEJ,17B,10,0,0,NML,7,2025
103.,A320,PKBKG,BTK,BTK6406,BTK6401,01/14:54,01/14:59,01/16:10,01/16:22,1:11:00,CGK,CGK,010,10,1,1,NML,7,2025
104.,B739,PKLHY,LNI,LNI681,LNI316,01/18:41,01/18:45,01/19:36,01/19:48,0:51:00,PKY,BDJ,012,10,1,1,NML,7,2025
105.,B738,PKLJQ,LNI,LNI709,LNI800,01/18:26,01/18:31,01/19:27,01/19:37,0:56:00,UPG,UPG,016,10,1,1,NML,7,2025
106.,A320,PKSAQ,SJV,SJV637,SJV648,01/15:47,01/15:51,01/16:36,01/16:48,0:45:00,BDJ,BPN,009,10,1,1,NML,7,2025
107.,B738,PKGFQ,GIA,GIA310,GIA315,01/15:31,01/15:34,01/16:24,01/16:36,0:50:00,CGK,CGK,004,10,1,1,NML,7,2025
108.,B738MAX,9VMBF,SIA,SIA926,SIA927,01/15:33,01/15:38,01/16:38,01/16:52,1:00:00,SIN,SIN,A08,10,1,1,NML,7,2025
109.,B738MAX,PKOFM,AFE,PKOFM,AFE920,01/15:53,01/15:56,01/16:28,01/16:38,0:32:00,TIM,CGK,008,10,1,1,NML,7,2025
110.,B739,PKLQR,LNI,LNI695,LNI268,01/16:28,01/16:35,01/17:30,01/17:42,0:55:00,KOE,TRK,018,10,0,0,NML,7,2025
111.,A320,PKPWD,PAS,PAS206,PAS623,01/15:44,01/15:47,01/16:34,01/16:46,0:47:00,CGK,BPN,005,10,1,1,NML,7,2025
112.,A333,ECODR,SVA,SVA5231,SVA4231,01/14:21,01/14:27,01/16:52,01/17:10,2:25:00,MCT,MED,012,10,1,1,NML,7,2025
113.,B739,PKLQT,LNI,LNI787,LNI692,01/16:24,01/16:30,01/18:33,01/18:43,2:03:00,UPG,KOE,011,10,1,1,NML,7,2025
114.,A320,PKGLY,CTV,CTV669,CTV9694,01/16:07,01/16:12,01/16:55,01/17:16,0:43:00,DPS,DPS,007,10,1,1,NML,7,2025
115.,B739,PKLGW,LNI,LNI983,LNI226,01/18:51,01/18:55,01/20:02,01/20:14,1:07:00,PKU,BDJ,17A,10,0,0,NML,7,2025
116.,A320,PKGQO,CTV,CTV174,CTV715,01/17:05,01/17:09,01/17:49,01/18:05,0:40:00,HLP,CGK,007,10,1,1,NML,7,2025
117.,A320,PKAZL,AWQ,AWQ323,AWQ326,01/17:08,01/17:12,01/17:47,01/17:54,0:35:00,KUL,KUL,A03,10,1,1,NML,7,2025
118.,B738,PKLQZ,LNI,LNI3839,LNI838,01/17:46,01/17:50,01/19:04,01/19:19,1:14:00,PNK,PNK,010,10,1,1,NML,7,2025
119.,B738,9MMXQ,MAS,MAS875,MAS874,01/17:14,01/17:20,01/18:20,01/18:34,1:00:00,KUL,KUL,A06,10,1,1,NML,7,2025
120.,A320,PKPWH,PAS,PAS622,PAS207,01/17:18,01/17:21,01/18:10,01/18:24,0:49:00,BPN,CGK,006,10,1,1,NML,7,2025
121.,B738,PKGFX,GIA,GIA349,GIA313,01/17:26,01/17:28,01/18:22,01/18:32,0:54:00,DPS,CGK,004,10,1,1,NML,7,2025
122.,A320,PKSGC,SJV,SJV725,SJV716,01/18:07,01/18:13,01/18:54,01/19:06,0:41:00,LBJ,LOP,009,10,1,1,NML,7,2025
123.,B738,PKGMD,GIA,GIA320,GIA325,01/17:40,01/17:44,01/18:57,01/19:10,1:13:00,CGK,CGK,005,10,1,1,NML,7,2025
124.,A320,PKGQP,CTV,CTV172,CTV173,01/19:04,01/19:08,01/19:41,01/19:56,0:33:00,HLP,HLP,007,10,1,1,NML,7,2025
125.,B738MAX,9VMBB,SIA,SIA928,SIA929,01/18:03,01/18:09,01/19:09,01/19:17,1:00:00,SIN,SIN,A02,10,1,1,NML,7,2025
126.,A320,PKLAJ,BTK,BTK6576,BTK6575,01/19:00,01/19:04,01/19:48,01/20:00,0:44:00,CGK,CGK,011,10,1,1,NML,7,2025
127.,A320,PKGQG,CTV,CTV736,CTV352,01/19:13,01/19:16,01/19:58,01/20:11,0:42:00,CGK,UPG,005,10,1,1,NML,7,2025
128.,B788,9VOFE,TGW,TGW266,TGW267,01/19:42,01/19:48,01/20:56,01/21:08,1:08:00,SIN,SIN,A07,10,1,1,NML,7,2025
129.,A320,PKLUS,BTK,BTK7519,BTK7518,01/19:50,01/19:55,01/20:38,01/20:55,0:43:00,HLP,HLP,010,10,1,1,NML,7,2025
130.,B738,PKGUI,GIA,GIA326,GIA319,01/18:56,01/19:00,01/19:52,01/20:05,0:52:00,CGK,CGK,004,10,1,1,NML,7,2025
131.,A320,PKGLV,CTV,CTV435,CTV737,01/19:22,01/19:25,01/20:16,01/20:26,0:51:00,BPN,CGK,008,10,1,1,NML,7,2025
132.,A320,PKGQA,CTV,CTV949,CTV494,01/19:28,01/19:33,01/20:23,01/20:33,0:50:00,BTH,BDJ,009,10,1,1,NML,7,2025
133.,A320,PKGQH,CTV,CTV489,CTV693,01/20:23,01/20:28,01/21:01,01/21:16,0:33:00,BDJ,DPS,007,10,1,1,NML,7,2025
134.,B738,PKLOP,LNI,LNI727,LNI880,01/19:53,01/19:58,01/20:55,01/21:05,0:57:00,KDI,UPG,016,10,1,1,NML,7,2025
135.,B738,PKCRH,SJY,SJY567,SJY562,01/21:32,01/21:36,01/22:22,01/22:32,0:46:00,UPG,UPG,010,10,1,1,NML,7,2025
136.,A320,PKGQL,CTV,CTV724,CTV354,01/21:14,01/21:18,01/21:54,01/22:08,0:36:00,CGK,UPG,008,10,1,1,NML,7,2025
137.,A320,PKBKM,BTK,BTK6137,BTK6136,01/19:57,01/20:02,01/22:07,01/22:18,2:05:00,UPG,UPG,014,10,1,1,NML,7,2025
138.,A333,ECNOG,SVA,SVA5606,SVA4606,02/00:38,02/00:45,02/02:39,02/02:53,1:54:00,MCT,MED,012,10,1,1,NML,7,2025
139.,A320,PKAZJ,AWQ,AWQ325,AWQ320,01/19:07,01/19:14,02/05:00,02/05:15,9:46:00,KUL,KUL,A01,28,1,1,NML,7,2025
"140.,A320,PKBKV,BTK,BTK6413,BTK7508,30/19:44,30/19:49,02/04:58,02/05:08,""1 day, 9:09:00"",DPS,HLP,020,28,0,0,NML,7,2025"
141.,A320,PKBKU,BTK,BTK7501,BTK6132,01/15:12,01/15:17,02/04:57,02/05:14,13:40:00,HLP,LOP,026,28,0,0,NML,7,2025
142.,A320,PKSJU,SJV,SJV619,SJV610,01/16:13,01/16:16,02/05:05,02/05:19,12:49:00,BPN,BPN,024,28,0,0,NML,7,2025
143.,A320,PKBLD,BTK,BTK6588,BTK6589,01/22:04,01/22:09,02/05:12,02/05:24,7:03:00,CGK,CGK,009,28,1,1,NML,7,2025
144.,A320,PKGLY,CTV,CTV9695,CTV430,01/19:46,01/19:50,02/05:06,02/05:20,9:16:00,DPS,BPN,003,28,0,0,NML,7,2025
145.,B739,PKLGL,LNI,LNI692,LNI786Z,01/18:01,01/18:05,02/05:10,02/05:20,11:05:00,CGK,UPG,023,28,0,0,NML,7,2025
146.,B738,PKGMV,GIA,GIA328,GIA301,01/20:35,01/20:39,02/05:02,02/05:11,8:23:00,CGK,CGK,004,28,1,1,NML,7,2025
147.,B739,PKLHP,LNI,LNI865,LNI971A,01/21:06,01/21:11,02/05:30,02/05:40,8:19:00,LOP,BTH,022,28,0,0,NML,7,2025
148.,A320,PKGQI,CTV,CTV726,CTV725,01/21:41,01/21:45,02/05:45,02/05:54,8:00:00,CGK,CGK,007,28,1,1,NML,7,2025
149.,B739,PKLGY,LNI,LNI690,LNI690,02/05:16,02/05:22,02/06:13,02/06:22,0:51:00,CGK,KOE,012,28,1,1,NML,7,2025
150.,B738,PKLJQ,LNI,LNI885,LNI868,01/23:19,01/23:24,02/06:08,02/06:16,6:44:00,UPG,TTE,016,28,1,1,NML,7,2025
151.,A320,PKSJO,SJV,SJV673,SJV706,01/20:51,01/20:55,02/05:58,02/06:08,9:03:00,BEJ,DPS,17A,28,0,0,NML,7,2025
152.,A320,PKGLU,CTV,CTV353,CTV670,02/05:00,02/05:08,02/05:52,02/06:01,0:44:00,UPG,LOP,008,28,1,1,NML,7,2025
153.,A320,PKSJQ,SJV,SJV617,SJV640,01/19:34,01/19:38,02/06:03,02/06:11,10:25:00,BPN,AAP,17B,28,0,0,NML,7,2025
154.,A320,PKPWG,PAS,PAS202,PAS213,01/19:15,01/19:19,02/05:56,02/06:04,10:37:00,CGK,CGK,006,28,1,1,NML,7,2025
155.,A320,PKBKP,BTK,BTK6413,BTK6412,01/20:48,01/20:54,02/06:17,02/06:27,9:23:00,DPS,DPS,011,28,1,1,NML,7,2025
156.,A320,PKBKR,BTK,BTK6370,BTK6597,02/05:46,02/05:52,02/06:53,02/07:05,1:01:00,CGK,CGK,009,28,1,1,NML,7,2025
157.,B739,PKLHY,LNI,LNI311,LNI266Z,02/06:44,02/06:49,02/07:45,02/07:55,0:56:00,BDJ,BPN,016,28,1,1,NML,7,2025
158.,A320,PKSTI,SJV,SJV717,SJV566,02/05:59,02/06:05,02/07:04,02/07:11,0:59:00,LOP,PLW,010,28,1,1,NML,7,2025
159.,A320,PKLUV,BTK,BTK7521,BTK5002,01/20:31,01/20:35,02/07:45,02/07:54,11:10:00,HLP,UPG,15B,28,0,0,NML,7,2025
160.,A320,PKLUH,BTK,BTK6347,BTK6135,01/15:20,01/15:25,02/07:03,02/07:14,15:38:00,BEJ,PKN,025,28,0,0,NML,7,2025
161.,B738,PKGFJ,GIA,GIA324,GIA305,01/21:45,01/21:49,02/06:54,02/07:08,9:05:00,CGK,CGK,005,28,1,1,NML,7,2025
162.,B738,PKGFM,GIA,GIA855,GIA854,01/20:39,01/20:45,02/06:52,02/07:10,10:07:00,SIN,SIN,A02,28,1,1,NML,7,2025
163.,A320,PKBKL,BTK,BTK6572,BTK6573,02/06:25,02/06:30,02/07:29,02/07:38,0:59:00,CGK,CGK,008,28,1,1,NML,7,2025
164.,B739,PKLQS,LNI,LNI363,LNI878,02/06:20,02/06:25,02/07:20,02/07:31,0:55:00,BPN,AMQ,014,28,1,1,NML,7,2025
165.,B739,PKLSP,LNI,LNI929,LNI646,02/07:00,02/07:04,02/08:41,02/08:51,1:37:00,DPS,LOP,17A,28,0,0,NML,7,2025
166.,A320,PKLUS,BTK,BTK7511,BTK7510,02/06:30,02/06:36,02/07:21,02/07:29,0:45:00,HLP,HLP,011,28,1,1,NML,7,2025
167.,A320,PKAZL,AWQ,AWQ327,AWQ392,01/23:16,01/23:20,02/07:21,02/07:32,8:01:00,KUL,JHB,A03,28,1,1,NML,7,2025
168.,B739,PKLQT,LNI,LNI693,LNI693,02/06:55,02/07:00,02/08:02,02/08:12,1:02:00,KOE,CGK,012,28,1,1,NML,7,2025
169.,A320,PKSAV,SJV,SJV649,SJV634,02/06:48,02/06:53,02/07:56,02/08:04,1:03:00,BPN,BDJ,17B,28,0,0,NML,7,2025
170.,A320,PKGLR,CTV,CTV690,CTV460,02/06:57,02/07:02,02/07:40,02/07:49,0:38:00,DPS,AAP,006,28,1,1,NML,7,2025
171.,B739,PKLQR,LNI,LNI267,LNI990,02/07:03,02/07:08,02/08:00,02/08:08,0:52:00,TRK,DPS,009,28,1,1,NML,7,2025
172.,A333,BLBG,CPA,CPA779,CPA780,01/17:37,01/17:44,02/08:07,02/08:23,14:23:00,HKG,HKG,A08,28,1,1,NML,7,2025
173.,B739,PKLGU,LNI,LNI970,LNI222,02/09:29,02/09:35,02/10:34,02/10:46,0:59:00,BTH,BDJ,011,10,1,1,NML,7,2025
174.,A320,PKBKU,BTK,BTK6133,BTK6585,02/07:41,02/07:46,02/08:39,02/08:49,0:53:00,LOP,CGK,010,28,1,1,NML,7,2025
175.,B739,PKLSY,LNI,LNI6010,LNI973,02/10:34,02/10:39,02/11:43,02/11:56,1:04:00,CGK,BTH,015,10,1,1,NML,7,2025
176.,B738,PKLZZ,MXD,MXD352,MXD353,01/18:25,02/02:02,02/08:48,02/09:00,14:20:00,KUL,KUL,A04,28,1,1,NML,7,2025
177.,A320,PKGLX,CTV,CTV355,CTV171,02/07:47,02/07:53,02/08:46,02/08:55,0:53:00,UPG,HLP,007,28,1,1,NML,7,2025
178.,B738,PKLQZ,LNI,LNI837,LNI748,02/08:00,02/08:06,02/09:03,02/09:14,0:57:00,PNK,MDC,016,28,1,1,NML,7,2025
179.,A320,PKSTC,SJV,SJV615,SJV618,01/20:17,01/20:22,02/09:09,02/09:30,12:47:00,BPN,BPN,15A,10,0,0,NML,7,2025
180.,B739,PKLHM,LNI,LNI683,LNI856,02/08:09,02/08:14,02/09:08,02/09:27,0:54:00,PKY,PLM,17B,10,0,0,NML,7,2025
181.,B738,PKGNE,GIA,GIA304,GIA342,02/08:16,02/08:24,02/09:17,02/09:34,0:53:00,CGK,DPS,004,10,1,1,NML,7,2025
182.,A320,PKPWK,PAS,PAS200,PAS201,02/08:37,02/08:43,02/09:24,02/09:37,0:41:00,CGK,CGK,005,10,1,1,NML,7,2025
183.,A320,PKGLU,CTV,CTV671,CTV486,02/08:25,02/08:31,02/09:16,02/09:32,0:45:00,LOP,BDJ,006,10,1,1,NML,7,2025
184.,B738,9MMXJ,MAS,MAS871,MAS870,02/09:24,02/09:30,02/10:14,02/10:33,0:44:00,KUL,KUL,A07,10,1,1,NML,7,2025
185.,B735,PKNAT,LKN,LKN243,LKN242,02/09:15,02/09:21,02/10:19,02/10:28,0:58:00,SMQ,SMQ,010,10,1,1,NML,7,2025
186.,A359,9VSHQ,SIA,SIA922,SIA923,02/09:03,02/09:07,02/10:09,02/10:23,1:02:00,SIN,SIN,A08,10,1,1,NML,7,2025
187.,B733F,PKMYV,MYU,MYU935,MYU815,02/09:08,02/09:12,02/09:55,02/10:05,0:43:00,SRG,CGK,C02,10,0,0,NML,7,2025
188.,A320,PKGLG,CTV,CTV351,CTV350,02/10:01,02/10:04,02/10:44,02/10:55,0:40:00,UPG,UPG,006,10,1,1,NML,7,2025
189.,A320,PKSJO,SJV,SJV703,SJV632,02/08:21,02/08:26,02/10:22,02/10:39,1:56:00,DPS,BDJ,020,10,0,0,NML,7,2025
190.,B739,PKLQR,LNI,LNI805,LNI706,02/10:41,02/10:45,02/11:52,02/12:03,1:07:00,DPS,UPG,17B,10,0,0,NML,7,2025
191.,B739,PKLSP,LNI,LNI645,LNI822,02/11:27,02/11:30,02/12:18,02/12:28,0:48:00,LOP,LOP,009,10,1,1,NML,7,2025
192.,A20N,9VTNF,TGW,TGW296,TGW297,02/10:08,02/10:13,02/11:07,02/11:15,0:54:00,SIN,SIN,A02,10,1,1,NML,7,2025
193.,A320,PKLUH,BTK,BTK6134,BTK6346,02/09:41,02/09:45,02/10:41,02/10:51,0:56:00,PKN,BEJ,008,10,1,1,NML,7,2025
194.,A320,PKLUY,BTK,BTK7513,BTK7516,02/09:49,02/09:52,02/10:45,02/10:59,0:53:00,HLP,HLP,009,10,1,1,NML,7,2025
195.,A320,PKSAV,SJV,SJV635,SJV642,02/11:07,02/11:11,02/12:16,02/12:26,1:05:00,BDJ,AAP,021,10,0,0,NML,7,2025
196.,B739,PKLFO,LNI,LNI315,LNI682,02/13:38,02/13:43,02/14:45,02/14:56,1:02:00,BDJ,PKY,015,10,1,1,NML,7,2025
197.,B739,PKLHY,LNI,LNI367,LNI262,02/11:19,02/11:22,02/12:07,02/12:18,0:45:00,BPN,BPN,011,10,1,1,NML,7,2025
198.,A320,PKAZJ,AWQ,AWQ321,AWQ322,02/10:52,02/10:58,02/11:30,02/11:39,0:32:00,KUL,KUL,A03,10,1,1,NML,7,2025
199.,A320,PKBKL,BTK,BTK6596,BTK6595,02/12:04,02/12:07,02/13:17,02/13:33,1:10:00,CGK,CGK,008,10,1,1,NML,7,2025
200.,B739,PKLGY,LNI,LNI697,LNI697,02/10:57,02/11:01,02/12:39,02/12:50,1:38:00,KOE,CGK,016,10,1,1,NML,7,2025
201.,A320,PKLUS,BTK,BTK7517,BTK7520,02/10:36,02/10:40,02/11:35,02/11:44,0:55:00,HLP,HLP,010,10,1,1,NML,7,2025
202.,B738,PKGFR,GIA,GIA322,GIA327,02/10:17,02/10:21,02/11:33,02/11:48,1:12:00,CGK,CGK,004,10,1,1,NML,7,2025
203.,B738,PKLZO,MXD,MXD350,MXD351,02/10:30,02/10:35,02/11:36,02/14:35,1:01:00,KUL,KUL,A04,10,1,1,NML,7,2025
204.,B739,PKLQT,LNI,LNI694,LNI694,02/12:01,02/12:06,02/13:16,02/13:26,1:10:00,CGK,KOE,015,10,1,1,NML,7,2025
205.,A320,PKGLR,CTV,CTV461,CTV698,02/11:23,02/11:25,02/12:14,02/12:24,0:49:00,AAP,DPS,006,10,1,1,NML,7,2025
206.,A333,ECODQ,SVA,SVA5624,SVA4624,02/09:51,02/09:55,02/12:08,02/12:21,2:13:00,MCT,MED,012,10,1,1,NML,7,2025
207.,A320,PKGLT,CTV,CTV9693,CTV9692,02/11:36,02/11:39,02/12:29,02/12:39,0:50:00,DPS,DPS,007,10,1,1,NML,7,2025
208.,A320,PKSTI,SJV,SJV567,SJV636,02/11:31,02/11:34,02/12:39,02/12:48,1:04:55,PLW,BDJ,022,10,0,0,NML,7,2025
209.,B739,PKLGU,LNI,LNI223,LNI780,02/13:50,02/13:56,02/14:56,02/15:13,1:00:00,BDJ,UPG,17B,10,0,0,NML,7,2025
210.,A320,PKLUK,BTK,BTK6584,BTK6581,02/15:10,02/15:14,02/16:13,02/16:23,0:59:00,CGK,CGK,008,10,1,1,NML,7,2025
211.,B735,PKNAQ,LKN,LKN193,LKN192,02/12:07,02/12:11,02/12:46,02/12:56,0:35:00,PKN,PKN,011,10,1,1,NML,7,2025
212.,B739,PKLGL,LNI,LNI801,LNI680,02/13:28,02/13:32,02/14:42,02/14:51,1:10:00,UPG,PKY,011,10,1,1,NML,7,2025
213.,B738,PKLJQ,LNI,LNI869,LNI3838,02/12:19,02/12:23,02/13:28,02/13:44,1:05:00,TTE,PNK,17B,10,0,0,NML,7,2025
214.,A320,PKGLU,CTV,CTV487,CTV668,02/12:13,02/12:17,02/13:24,02/13:42,1:07:00,BDJ,DPS,006,10,1,1,NML,7,2025
215.,A320,PKAZL,AWQ,AWQ393,AWQ324,02/12:35,02/12:40,02/13:18,02/13:30,0:38:00,JHB,KUL,A03,10,1,1,NML,7,2025
216.,A320,PKPWA,PAS,PAS204,PAS205,02/12:09,02/12:12,02/13:21,02/13:37,1:09:00,CGK,CGK,005,10,1,1,NML,7,2025
217.,B739,PKLSP,LNI,LNI823,LNI260,02/14:56,02/15:01,02/16:01,02/16:11,1:00:00,LOP,BPN,020,10,0,0,NML,7,2025
218.,B738,PKLSF,LNI,LNI839,LNI836,02/13:31,02/13:35,02/14:30,02/14:40,0:55:00,PNK,PNK,016,10,1,1,NML,7,2025
219.,A320,PKSJO,SJV,SJV633,SJV726,02/13:58,02/14:02,02/14:53,02/15:09,0:51:00,BDJ,LBJ,009,10,1,1,NML,7,2025
220.,B739,PKLHM,LNI,LNI857,LNI910,02/13:35,02/13:39,02/15:02,02/15:19,1:23:00,PLM,DPS,010,10,1,1,NML,7,2025
221.,A320,PKGLY,CTV,CTV431,CTV948,02/13:45,02/13:48,02/14:32,02/14:46,0:44:00,BPN,BTH,007,10,1,1,NML,7,2025
222.,,,LNI,-,LNI910D,--:--,--:--,--:--,--:--,None,-,DPS,None,-,-1,-,NML,7,2025
223.,B739,PKLSV,LNI,LNI787,LNI804,02/15:14,02/15:18,02/16:20,02/16:33,1:02:00,UPG,DPS,010,10,1,1,NML,7,2025
224.,B738,PKGUI,GIA,GIA312,GIA317,02/14:07,02/14:12,02/15:30,02/15:47,1:18:00,CGK,CGK,004,10,1,1,NML,7,2025
225.,A320,9VJSN,JSA,JSA247,JSA248,02/14:12,02/14:18,02/15:14,02/15:23,0:56:00,SIN,SIN,A08,10,1,1,NML,7,2025
226.,A320,PKLAM,BTK,BTK7515,BTK7514,02/13:55,02/14:00,02/14:47,02/15:02,0:47:00,HLP,HLP,008,10,1,1,NML,7,2025
227.,B739,PKLJI,LNI,LNI692,LNI581,02/17:22,02/17:27,02/18:26,02/18:38,0:59:00,CGK,CGK,009,10,1,1,NML,7,2025
228.,B738,PKGFF,GIA,GIA330,GIA331,02/14:27,02/14:31,02/15:22,02/15:37,0:51:00,HLP,HLP,005,10,1,1,NML,7,2025
229.,B738,PKLQZ,LNI,LNI749,LNI722,02/15:04,02/15:10,02/16:10,02/16:19,1:00:00,MDC,KDI,021,10,0,0,NML,7,2025
230.,A320,PKSAV,SJV,SJV643,SJV614,02/16:14,02/16:19,02/17:15,02/17:25,0:56:00,AAP,BPN,020,10,0,0,NML,7,2025
231.,A320,PKLUS,BTK,BTK7501,BTK7512,02/14:48,02/14:53,02/15:47,02/16:00,0:54:00,HLP,HLP,011,10,1,1,NML,7,2025
232.,A320,PKGLR,CTV,CTV699,CTV434,02/14:44,02/14:47,02/15:32,02/15:50,0:45:00,DPS,BPN,006,10,1,1,NML,7,2025
233.,B737MAX,9MMVK,MAS,MAS873,MAS872,02/15:00,02/15:06,02/15:56,02/16:09,0:50:00,KUL,KUL,A07,10,1,1,NML,7,2025
234.,A320,PKSJU,SJV,SJV619,SJV672,02/16:06,02/16:10,02/17:08,02/17:21,0:58:00,BPN,BEJ,17A,10,0,0,NML,7,2025
235.,A320,PKLUH,BTK,BTK6347,BTK6401,02/15:18,02/15:22,02/16:28,02/16:40,1:06:00,BEJ,CGK,009,10,1,1,NML,7,2025
236.,A333,ECNYJ,SVA,SVA5241,SVA4241,02/14:02,02/14:08,02/16:17,02/16:27,2:09:00,MCT,MED,012,10,1,1,NML,7,2025
237.,B738,HSLGI,TLM,TLM268,TLM269,02/15:21,02/15:27,02/16:20,02/16:32,0:53:00,DMK,DMK,A04,10,1,1,NML,7,2025
238.,A320,PKSTI,SJV,SJV637,SJV648,02/15:35,02/15:38,02/16:35,02/16:44,0:57:00,BDJ,BPN,17B,10,0,0,NML,7,2025
239.,B738MAX,9VMBH,SIA,SIA926,SIA927,02/15:45,02/15:50,02/16:39,02/16:54,0:49:00,SIN,SIN,A08,10,1,1,NML,7,2025
240.,B738,PKGUA,GIA,GIA310,GIA315,02/15:38,02/15:42,02/16:38,02/16:49,0:56:00,CGK,CGK,004,10,1,1,NML,7,2025
241.,A320,PKPWG,PAS,PAS206,PAS623,02/15:42,02/15:45,02/16:41,02/16:51,0:56:00,CGK,BPN,005,10,1,1,NML,7,2025
242.,B739,PKLQT,LNI,LNI695,LNI692,02/17:53,02/17:58,02/18:50,02/19:14,0:52:00,KOE,KOE,010,10,1,1,NML,7,2025
243.,A320,PKGLX,CTV,CTV174,CTV715,02/15:47,02/15:51,02/16:54,02/17:04,1:03:00,HLP,CGK,007,10,1,1,NML,7,2025
244.,A320,PKGLT,CTV,CTV669,CTV9694,02/16:02,02/16:06,02/16:59,02/17:11,0:53:00,DPS,DPS,006,10,1,1,NML,7,2025
245.,B739,PKLGL,LNI,LNI681,LNI316,02/17:41,02/17:45,02/18:31,02/18:40,0:46:00,PKY,BDJ,012,10,1,1,NML,7,2025
246.,B739,PKLQR,LNI,LNI707,LNI268,02/15:57,02/16:01,02/17:49,02/17:59,1:48:00,UPG,TRK,011,10,1,1,NML,7,2025
247.,B739,PKLQS,LNI,LNI879,LNI920,02/16:30,02/16:34,02/17:34,02/17:46,1:00:00,AMQ,DPS,010,10,1,1,NML,7,2025
248.,A333,ECNOF,SVA,SVA5202,SVA4202,02/15:06,02/15:12,02/17:23,02/17:37,2:11:00,MCT,MED,015,10,1,1,NML,7,2025
249.,B738,PKLJQ,LNI,LNI3839,LNI838,02/17:34,02/17:40,02/18:35,02/18:47,0:55:00,PNK,PNK,014,10,1,1,NML,7,2025
250.,A320,PKAZJ,AWQ,AWQ323,AWQ326,02/17:09,02/17:14,02/17:45,02/17:55,0:31:00,KUL,KUL,A01,10,1,1,NML,7,2025
251.,B739,PKLSV,LNI,LNI919,LNI642,02/19:14,02/19:20,02/20:08,02/20:22,0:48:04,DPS,LOP,014,10,1,1,NML,7,2025
252.,B739,PKLSY,LNI,LNI261,LNI226,02/20:35,02/20:39,02/21:34,02/21:46,0:55:00,BPN,BDJ,014,10,1,1,NML,7,2025
253.,B739,PKLQY,LNI,LNI709,LNI800,02/19:01,02/19:06,02/19:52,02/20:10,0:46:00,UPG,UPG,012,10,1,1,NML,7,2025
254.,A320,PKPWH,PAS,PAS622,PAS207,02/17:26,02/17:29,02/18:12,02/18:26,0:43:00,BPN,CGK,006,10,1,1,NML,7,2025
255.,B738,PKGNE,GIA,GIA349,GIA313,02/17:30,02/17:34,02/18:26,02/18:36,0:52:00,DPS,CGK,005,10,1,1,NML,7,2025
256.,A320,PKSJO,SJV,SJV725,SJV716,02/18:24,02/18:29,02/19:14,02/19:23,0:45:00,LBJ,LOP,011,10,1,1,NML,7,2025
257.,A320,PKLAL,BTK,BTK7503,BTK7579,02/19:09,02/19:14,02/19:55,02/20:13,0:41:00,HLP,CGK,010,10,1,1,NML,7,2025
258.,A320,PKBKP,BTK,BTK6413,BTK7502,02/20:17,02/20:21,02/21:38,02/21:57,1:17:00,DPS,HLP,012,10,1,1,NML,7,2025
259.,B738,PKGUD,GIA,GIA320,GIA325,02/17:18,02/17:22,02/18:47,02/19:07,1:25:00,CGK,CGK,004,10,1,1,NML,7,2025
260.,A320,PKGQP,CTV,CTV172,CTV173,02/18:44,02/18:48,02/19:20,02/19:35,0:32:00,HLP,HLP,007,10,1,1,NML,7,2025
261.,B738MAX,9VMBG,SIA,SIA928,SIA929,02/19:04,02/19:11,02/20:05,02/20:20,0:54:00,SIN,SIN,A07,10,1,1,NML,7,2025
262.,A320,PKGQI,CTV,CTV949,CTV494,02/18:59,02/19:02,02/19:43,02/20:05,0:41:00,BTH,BDJ,009,10,1,1,NML,7,2025
263.,A320,PKGQG,CTV,CTV736,CTV352,02/18:55,02/18:58,02/19:42,02/20:03,0:44:00,CGK,UPG,005,10,1,1,NML,7,2025
264.,B738,PKGFF,GIA,GIA3304,GIA3354,02/20:14,02/20:17,02/21:11,02/21:28,0:54:00,HLP,HLP,008,10,1,1,NML,7,2025
265.,A320,PKLUS,BTK,BTK7519,BTK7518,02/19:52,02/19:58,02/20:38,02/20:48,0:40:00,HLP,HLP,011,10,1,1,NML,7,2025
266.,B738,PKGUI,GIA,GIA326,GIA319,02/19:20,02/19:24,02/20:07,02/20:26,0:43:00,CGK,CGK,004,10,1,1,NML,7,2025
267.,A320,PKGLV,CTV,CTV724,CTV737,02/19:55,02/20:00,02/20:50,02/21:07,0:50:11,CGK,CGK,007,10,1,1,NML,7,2025
268.,A320,PKGQE,CTV,CTV489,CTV693,02/20:01,02/20:05,02/20:40,02/20:52,0:35:07,BDJ,DPS,009,10,1,1,NML,7,2025
269.,B738,PKLQZ,LNI,LNI727,LNI880A,02/20:23,02/20:28,02/22:06,02/22:16,1:38:29,KDI,UPG,015,10,1,1,NML,7,2025
270.,A320,PKGLT,CTV,CTV9695,CTV354,02/20:10,02/20:15,02/21:03,02/21:25,0:48:38,DPS,UPG,010,10,1,1,NML,7,2025
271.,B738,PKCRH,SJY,SJY567,SJY562,02/20:55,02/20:58,02/21:45,02/21:50,0:47:00,UPG,UPG,011,10,1,1,NML,7,2025
272.,A320,PKLUV,BTK,BTK6137,BTK6136P,02/20:43,02/20:46,03/05:15,03/05:26,8:29:00,UPG,UPG,009,28,1,1,NML,7,2025
273.,B739,PKLHR,LNI,LNI972,LNI6014,02/22:56,02/23:00,03/04:50,03/05:01,5:50:00,BTH,CGK,011,28,1,1,NML,7,2025
274.,A320,PKSAV,SJV,SJV617,SJV610,02/20:46,02/20:50,03/05:15,03/05:29,8:24:08,BPN,BPN,021,28,0,0,NML,7,2025
275.,B739,PKLQS,LNI,LNI923,LNI878,02/21:00,02/21:01,03/05:10,03/05:24,8:09:00,DPS,AMQ,016,28,1,1,NML,7,2025
276.,A320,PKAZL,AWQ,AWQ325,AWQ320,02/19:11,02/19:17,03/05:00,03/05:10,9:43:00,KUL,KUL,A01,28,1,1,NML,7,2025
277.,A320,PKGLY,CTV,CTV726,CTV430,02/21:42,02/21:45,03/05:00,03/05:15,7:15:00,CGK,BPN,007,28,1,1,NML,7,2025
278.,A320,PKBKL,BTK,BTK6406,BTK6589,02/21:04,02/21:07,03/05:06,03/05:24,7:59:10,CGK,CGK,017,28,1,1,NML,7,2025
279.,A320,PKLAF,BTK,BTK6578,BTK7508,02/21:14,02/21:19,03/05:02,03/05:13,7:43:00,CGK,HLP,010,28,1,1,NML,7,2025
"280.,B739,PKLFY,LNI,LNI923,LNI786,01/19:39,01/19:43,03/05:07,03/05:22,""1 day, 9:24:35"",DPS,UPG,018,28,0,0,NML,7,2025"
281.,B738,PKGMV,GIA,GIA324,GIA301,02/21:16,02/21:19,03/05:06,03/05:17,7:47:00,CGK,CGK,004,28,1,1,NML,7,2025
282.,A320,PKLAI,BTK,BTK6582,BTK6132,02/19:30,02/19:38,03/05:52,03/06:00,10:14:44,CGK,LOP,025,28,0,0,NML,7,2025
283.,B739,PKLHI,LNI,LNI690,LNI690,03/05:06,03/05:13,03/06:00,03/06:09,0:47:03,CGK,KOE,011,28,1,1,NML,7,2025
284.,A320,PKGLR,CTV,CTV435,CTV725,02/19:18,02/19:22,03/05:45,03/05:53,10:23:00,BPN,CGK,003,28,0,0,NML,7,2025
285.,A320,PKSTC,SJV,SJV615,SJV640,02/20:40,02/20:44,03/06:02,03/06:11,9:17:04,BPN,AAP,020,28,0,0,NML,7,2025
286.,B738,PKLOH,LNI,LNI885,LNI868,02/23:53,02/23:56,03/06:05,03/06:21,6:09:00,UPG,TTE,014,28,1,1,NML,7,2025
287.,A320,PKGLU,CTV,CTV353,CTV9670,03/05:03,03/05:11,03/05:51,03/06:04,0:40:42,UPG,LOP,008,28,1,1,NML,7,2025
288.,A320,V8RBF,RBA,RBA795,RBA796,02/19:58,02/20:04,03/05:59,03/06:19,9:55:00,BWN,BWN,A06,28,1,1,NML,7,2025
289.,B739,PKLSV,LNI,LNI865,LNI882,02/22:40,02/22:47,03/06:00,03/06:15,7:13:00,LOP,UPG,015,28,1,1,NML,7,2025
290.,A320,PKAZJ,AWQ,AWQ327,AWQ386,02/23:25,02/23:30,03/06:06,03/06:25,6:36:00,KUL,PEN,A03,28,1,1,NML,7,2025
291.,A320,PKPWF,PAS,PAS202,PAS213,02/18:51,02/18:55,03/06:04,03/06:17,11:09:00,CGK,CGK,006,28,1,1,NML,7,2025
292.,A320,PKSJU,SJV,SJV673,SJV706,02/21:20,02/21:24,03/06:06,03/06:23,8:41:58,BEJ,DPS,022,28,0,0,NML,7,2025
293.,A320,PKBKV,BTK,BTK7521,BTK6412,02/21:22,02/21:24,03/06:33,03/06:45,9:08:22,HLP,DPS,023,28,0,0,NML,7,2025
294.,A320,PKLUI,BTK,BTK6588,BTK6573,02/23:19,02/23:25,03/07:14,03/07:23,7:49:00,CGK,CGK,012,28,1,1,NML,7,2025
295.,A320,PKSJQ,SJV,SJV641,SJV566,02/10:26,02/15:50,03/07:02,03/07:13,20:31:00,AAP,PLW,026,28,0,0,NML,7,2025
296.,A320,PKSJO,SJV,SJV717,SJV612,03/06:02,03/06:08,03/07:05,03/07:14,0:57:00,LOP,BPN,011,28,1,1,NML,7,2025
297.,C208,PKVVF,SUS,PKVVF,PKVVF,02/11:51,02/11:55,03/07:09,03/07:17,19:14:00,BXW,BXW,C07,28,0,0,NML,7,2025
298.,B738,PKGFM,GIA,GIA855,GIA854,02/20:48,02/20:54,03/07:03,03/07:16,10:09:00,SIN,SIN,A02,28,1,1,NML,7,2025
299.,B738,PKGFD,GIA,GIA328,GIA305,02/20:06,02/20:11,03/07:00,03/07:10,10:49:00,CGK,CGK,005,28,1,1,NML,7,2025
300.,B739,PKLQT,LNI,LNI693,LNI971,03/06:51,03/06:56,03/08:13,03/08:25,1:17:00,KOE,BTH,015,28,1,1,NML,7,2025
301.,B739,PKLSY,LNI,LNI311,LNI693,03/06:07,03/06:14,03/08:00,03/08:11,1:46:00,BDJ,CGK,009,28,1,1,NML,7,2025
302.,B739,PKLSL,LNI,LNI363,LNI646,03/06:17,03/06:23,03/07:17,03/07:26,0:54:00,BPN,LOP,010,28,1,1,NML,7,2025
303.,A320,PKLUY,BTK,BTK7511,BTK7510,03/06:34,03/06:42,03/07:23,03/07:34,0:41:00,HLP,HLP,008,28,1,1,NML,7,2025
304.,A320,PKSTI,SJV,SJV649,SJV634,03/06:42,03/06:49,03/07:38,03/07:48,0:49:00,BPN,BDJ,014,28,1,1,NML,7,2025
305.,A320,PKGQQ,CTV,CTV690,CTV460,03/06:46,03/06:53,03/07:28,03/07:36,0:35:00,DPS,AAP,006,28,1,1,NML,7,2025
306.,B739,PKLQR,LNI,LNI267,LNI990,03/07:05,03/07:11,03/08:02,03/08:14,0:51:00,TRK,DPS,016,28,1,1,NML,7,2025
307.,A21N,B322A,CSN,CSN8137,CSN8138,02/21:55,02/22:01,03/07:48,03/08:03,9:47:00,CAN,CAN,A07,28,1,1,NML,7,2025
308.,A333,BHLM,CPA,CPA779,CPA780,02/17:47,02/17:55,03/08:08,03/08:21,14:13:00,HKG,HKG,A08,28,1,1,NML,7,2025
"309.,DHC6,PKICP,PGT,PKICP,PKICP,01/11:18,01/11:21,03/07:58,03/08:06,""1 day, 20:37:00"",PAG,PAG,028,28,0,0,NML,7,2025"
310.,B738,PKLBK,MXD,MXD352,MXD353,02/19:28,02/19:34,03/08:35,03/08:47,13:01:00,KUL,KUL,A04,28,1,1,NML,7,2025
311.,B739,PKLGU,LNI,LNI929,LNI982,03/08:01,03/08:07,03/09:04,03/09:13,0:57:00,DPS,PKU,014,28,1,1,NML,7,2025
312.,A320,PKGTA,CTV,CTV355,CTV171,03/07:31,03/07:38,03/08:38,03/08:56,1:00:00,UPG,HLP,008,28,1,1,NML,7,2025
313.,FA8X,MPTGG,AFI,MPTGG,MPTGG,03/08:16,03/08:21,03/08:42,03/08:54,0:21:00,XSP,DHX,A01,28,1,1,NML,7,2025
314.,B739,PKLGL,LNI,LNI315,LNI222,03/07:57,03/08:03,03/08:55,03/09:05,0:52:00,BDJ,BDJ,011,28,1,1,NML,7,2025
315.,A320,PKLZH,BTK,BTK6572,BTK6135,03/06:12,03/06:19,03/09:35,03/09:45,3:16:00,CGK,PKN,007,10,1,1,NML,7,2025
316.,B738,PKLJQ,LNI,LNI837,LNI748,03/08:05,03/08:10,03/09:15,03/09:30,1:05:00,PNK,MDC,012,28,1,1,NML,7,2025
317.,A320,PKBKL,BTK,BTK6584,BTK6585,03/08:53,03/08:59,03/09:35,03/10:06,0:36:00,CGK,CGK,009,10,1,1,NML,7,2025
318.,B738,PKGFI,GIA,GIA304,GIA342,03/08:31,03/08:37,03/09:30,03/09:43,0:53:00,CGK,DPS,004,10,1,1,NML,7,2025
319.,A320,PKPWK,PAS,PAS200,PAS201,03/08:09,03/08:16,03/09:13,03/09:22,0:57:00,CGK,CGK,005,28,1,1,NML,7,2025
320.,A320,PKGLU,CTV,CTV9671,CTV486,03/08:40,03/08:50,03/09:30,03/09:41,0:40:00,LOP,BDJ,006,10,1,1,NML,7,2025
321.,A320,PKSAV,SJV,SJV611,SJV642,03/08:50,03/08:56,03/09:48,03/09:57,0:52:00,BPN,AAP,015,28,1,1,NML,7,2025
322.,A320,PKSJU,SJV,SJV703,SJV618,03/08:44,03/08:50,03/09:42,03/09:55,0:52:00,DPS,BPN,010,10,1,1,NML,7,2025
323.,B733,PKMYJ,MYU,MYU935,MYU815,03/09:10,03/09:13,03/10:20,03/10:33,1:07:00,SRG,CGK,C02,10,0,0,NML,7,2025
324.,B738,9MMSA,MAS,MAS871,MAS870,03/09:03,03/09:08,03/10:00,03/10:16,0:52:00,KUL,KUL,A07,10,1,1,NML,7,2025
325.,C208,PKVVF,SUS,PKVVF,PKVVF,03/09:00,03/09:03,03/09:53,03/09:59,0:50:00,BXW,TMC,C07,10,0,0,NML,7,2025
326.,A359,9VSHB,SIA,SIA922,SIA923,03/09:14,03/09:18,03/10:18,03/10:29,1:00:00,SIN,SIN,A08,10,1,1,NML,7,2025
327.,A320,PKGLX,CTV,CTV351,CTV350,03/09:27,03/09:33,03/10:23,03/10:36,0:50:00,UPG,UPG,005,10,1,1,NML,7,2025
328.,A320,PKGQN,CTV,CTV722,CTV723,03/09:50,03/09:53,03/10:38,03/10:54,0:45:00,CGK,CGK,006,10,1,1,NML,7,2025
329.,A20N,9VTNF,TGW,TGW296,TGW297,03/09:52,03/09:59,03/10:53,03/11:06,0:54:00,SIN,SIN,A02,10,1,1,NML,7,2025
330.,B739,PKLSV,LNI,LNI791,LNI706,03/10:10,03/10:14,03/11:17,03/11:31,1:03:00,UPG,UPG,011,10,1,1,NML,7,2025
331.,A320,PKLAM,BTK,BTK7513,BTK7516,03/10:07,03/10:11,03/10:54,03/11:04,0:43:00,HLP,HLP,010,10,1,1,NML,7,2025
332.,A320,PKLAI,BTK,BTK6133,BTK6581,03/08:26,03/08:32,03/11:07,03/11:16,2:35:00,LOP,CGK,018,10,0,0,NML,7,2025
333.,B739,PKLFK,LNI,LNI970,LNI973,03/11:47,03/11:52,03/12:42,03/12:55,0:50:00,BTH,BTH,011,10,1,1,NML,7,2025
334.,B739,PKLSL,LNI,LNI645,LNI682,03/10:12,03/10:16,03/11:26,03/11:36,1:10:00,LOP,PKY,017,10,1,1,NML,7,2025
335.,B739,PKLHI,LNI,LNI697,LNI822,03/10:31,03/10:36,03/11:22,03/11:32,0:46:00,KOE,LOP,014,10,1,1,NML,7,2025
336.,B739,PKLFO,LNI,LNI683,LNI262,03/10:27,03/10:33,03/11:28,03/11:44,0:55:00,PKY,BPN,012,10,1,1,NML,7,2025
337.,A320,PKAZL,AWQ,AWQ321,AWQ322,03/10:52,03/10:57,03/11:30,03/11:41,0:33:00,KUL,KUL,A03,10,1,1,NML,7,2025
338.,A320,PKSTI,SJV,SJV635,SJV632,03/10:57,03/11:01,03/11:55,03/12:05,0:54:00,BDJ,BDJ,008,10,1,1,NML,7,2025
339.,B739,PKLSO,LNI,LNI694,LNI694,03/11:42,03/11:47,03/12:35,03/12:47,0:48:00,CGK,KOE,015,10,1,1,NML,7,2025
340.,A320,PKLUY,BTK,BTK7517,BTK7520,03/10:44,03/10:48,03/11:33,03/11:52,0:45:00,HLP,HLP,009,10,1,1,NML,7,2025
341.,B738,PKGNG,GIA,GIA322,GIA327,03/10:04,03/10:07,03/11:31,03/11:49,1:24:00,CGK,CGK,004,10,1,1,NML,7,2025
342.,A320,PKGQQ,CTV,CTV461,CTV698,03/11:09,03/11:13,03/12:09,03/12:21,0:56:00,AAP,DPS,006,10,1,1,NML,7,2025
343.,A320,PKGQF,CTV,CTV9693,CTV9692,03/11:38,03/11:42,03/12:24,03/12:34,0:42:00,DPS,DPS,007,10,1,1,NML,7,2025
344.,A320,PKSJQ,SJV,SJV567,SJV636,03/11:28,03/11:32,03/12:33,03/12:45,1:01:00,PLW,BDJ,010,10,1,1,NML,7,2025
345.,B739,PKLGL,LNI,LNI223,LNI680,03/11:54,03/11:59,03/12:46,03/12:57,0:47:00,BDJ,PKY,016,10,1,1,NML,7,2025
346.,A320,PKLZH,BTK,BTK6134,BTK6346,03/12:28,03/12:32,03/13:38,03/13:49,1:06:00,PKN,BEJ,009,10,1,1,NML,7,2025
347.,A320,PKSJR,SJV,SJV363,SJV362,03/12:25,03/12:29,03/13:32,03/13:44,1:03:00,KNO,KNO,018,10,0,0,NML,7,2025
348.,B738,PKLHO,LNI,LNI869,LNI3838,03/12:14,03/12:17,03/13:21,03/13:31,1:04:00,TTE,PNK,017,10,1,1,NML,7,2025
349.,A320,PKPWD,PAS,PAS204,PAS205,03/12:17,03/12:20,03/13:14,03/13:24,0:54:00,CGK,CGK,005,10,1,1,NML,7,2025
350.,A320,PKAZJ,AWQ,AWQ387,AWQ324,03/12:36,03/12:41,03/13:22,03/13:33,0:41:00,PEN,KUL,A03,10,1,1,NML,7,2025
351.,A320,PKGLU,CTV,CTV487,CTV668,03/12:03,03/12:08,03/13:26,03/13:35,1:18:00,BDJ,DPS,008,10,1,1,NML,7,2025
352.,A320,PKBKL,BTK,BTK6596,BTK6595,03/13:46,03/13:50,03/15:05,03/15:20,1:15:00,CGK,CGK,009,10,1,1,NML,7,2025
353.,B735,PKNAS,LKN,LKN2450,LKN2440,03/12:50,03/12:53,03/13:44,03/13:58,0:51:00,SMQ,SMQ,010,10,1,1,NML,7,2025
354.,A320,PKBLA,BTK,BTK6582,BTK6401,03/16:09,03/16:12,03/16:56,03/17:13,0:44:00,CGK,CGK,008,10,1,1,NML,7,2025
355.,B738,PKLSF,LNI,LNI839,LNI836,03/13:29,03/13:37,03/14:27,03/14:37,0:50:00,PNK,PNK,015,10,1,1,NML,7,2025
356.,B739,PKLSR,LNI,LNI787,LNI780,03/13:33,03/13:41,03/14:31,03/14:42,0:50:00,UPG,UPG,016,10,1,1,NML,7,2025
357.,A333,ECNOG,SVA,SVA5212,SVA4212,03/12:10,03/12:16,03/14:16,03/14:29,2:00:00,MCT,MED,012,10,1,1,NML,7,2025
358.,A320,PKSAV,SJV,SJV641,SJV726,03/13:37,03/13:43,03/14:38,03/14:52,0:55:00,AAP,LBJ,011,10,1,1,NML,7,2025
359.,A320,PKGLY,CTV,CTV431,CTV948,03/13:51,03/13:54,03/14:37,03/14:49,0:43:00,BPN,BTH,006,10,1,1,NML,7,2025
360.,A320,9VJSO,JSA,JSA247,JSA248,03/14:06,03/14:12,03/15:01,03/15:09,0:49:00,SIN,SIN,A07,10,1,1,NML,7,2025
361.,A320,PKLUS,BTK,BTK7515,BTK7514,03/13:41,03/13:45,03/14:48,03/14:59,1:03:00,HLP,HLP,007,10,1,1,NML,7,2025
362.,B739,PKLGU,LNI,LNI983,LNI910,03/14:31,03/14:35,03/15:37,03/15:52,1:02:00,PKU,DPS,018,10,0,0,NML,7,2025
363.,A320,PKPWE,PAS,PAS208,PAS209,03/13:55,03/13:59,03/14:48,03/15:01,0:49:00,CGK,CGK,005,10,1,1,NML,7,2025
364.,B739,PKLHJ,LNI,LNI707,LNI581,03/15:38,03/15:44,03/16:49,03/17:04,1:05:00,UPG,CGK,020,10,0,0,NML,7,2025
365.,B739,PKLFO,LNI,LNI261,LNI260,03/15:04,03/15:08,03/16:02,03/16:12,0:54:00,BPN,BPN,012,10,1,1,NML,7,2025
366.,B739,PKLQR,LNI,LNI919,LNI804,03/15:18,03/15:22,03/16:25,03/16:35,1:03:38,DPS,DPS,016,10,1,1,NML,7,2025
367.,B738,PKGFF,GIA,GIA330,GIA317,03/14:27,03/14:31,03/15:34,03/15:49,1:03:00,HLP,CGK,010,10,1,1,NML,7,2025
368.,B738,PKGFH,GIA,GIA312,GIA331,03/14:23,03/14:26,03/15:37,03/15:57,1:11:00,CGK,HLP,004,10,1,1,NML,7,2025
369.,A320,PKSTI,SJV,SJV633,SJV614,03/15:15,03/15:19,03/16:13,03/16:27,0:54:25,BDJ,BPN,009,10,1,1,NML,7,2025
370.,B738,PKLJQ,LNI,LNI749,LNI722,03/15:24,03/15:29,03/16:21,03/16:31,0:52:00,MDC,KDI,011,10,1,1,NML,7,2025
371.,A320,PKLUY,BTK,BTK7501,BTK7512,03/14:56,03/15:00,03/15:41,03/16:01,0:41:00,HLP,HLP,008,10,1,1,NML,7,2025
372.,B739,PKLHI,LNI,LNI823,LNI697,03/14:00,03/14:04,03/16:09,03/16:18,2:05:00,LOP,CGK,014,10,1,1,NML,7,2025
373.,B738,9MMLV,MAS,MAS873,MAS872,03/14:46,03/14:51,03/15:43,03/16:06,0:52:00,KUL,KUL,A06,10,1,1,NML,7,2025
374.,A320,PKGQF,CTV,CTV699,CTV434,03/15:35,03/15:38,03/16:13,03/16:29,0:35:37,DPS,BPN,006,10,1,1,NML,7,2025
375.,B739,PKLQS,LNI,LNI879,LNI642,03/15:11,03/15:16,03/16:22,03/16:33,1:06:16,AMQ,LOP,015,10,1,1,NML,7,2025
376.,A320,PKSJQ,SJV,SJV637,SJV672,03/15:45,03/15:47,03/16:45,03/16:55,0:58:00,BDJ,BEJ,021,10,0,0,NML,7,2025
377.,B739,PKLGL,LNI,LNI681,LNI316,03/15:59,03/16:03,03/17:04,03/17:09,1:01:00,PKY,BDJ,017,10,1,1,NML,7,2025
378.,B738MAX,9VMBM,SIA,SIA926,SIA927,03/15:41,03/15:46,03/16:38,03/16:53,0:52:00,SIN,SIN,A07,10,1,1,NML,7,2025
379.,B738,PKGNG,GIA,GIA310,GIA315,03/15:31,03/15:33,03/16:40,03/16:51,1:07:00,CGK,CGK,005,10,1,1,NML,7,2025
380.,B739,PKLFW,LNI,LNI3857,LNI268,03/17:08,03/17:11,03/18:02,03/18:19,0:51:00,PLM,TRK,009,10,1,1,NML,7,2025
381.,A320,PKPWF,PAS,PAS206,PAS623,03/15:47,03/15:50,03/16:35,03/16:47,0:45:00,CGK,BPN,004,10,1,1,NML,7,2025
382.,A320,PKGTA,CTV,CTV174,CTV715,03/15:50,03/15:53,03/16:50,03/17:06,0:57:00,HLP,CGK,007,10,1,1,NML,7,2025
383.,B739,PKLJG,LNI,LNI692,LNI692,03/16:25,03/16:29,03/17:28,03/17:37,0:59:00,CGK,KOE,012,10,1,1,NML,7,2025
384.,A320,PKGQQ,CTV,CTV669,CTV9694,03/17:02,03/17:05,03/17:43,03/17:59,0:38:00,DPS,DPS,006,10,1,1,NML,7,2025
385.,A320,PKSTC,SJV,SJV643,SJV648,03/16:04,03/16:08,03/17:14,03/17:27,1:06:00,AAP,BPN,010,10,1,1,NML,7,2025
386.,A320,PKAZL,AWQ,AWQ323,AWQ326,03/17:19,03/17:24,03/17:55,03/18:05,0:31:00,KUL,KUL,A03,10,1,1,NML,7,2025
387.,B739,PKLQR,LNI,LNI805,LNI226,03/19:15,03/19:19,03/20:08,03/20:21,0:49:00,DPS,BDJ,014,10,1,1,NML,7,2025
388.,B738,PKLOH,LNI,LNI3839,LNI838,03/17:29,03/17:32,03/18:32,03/18:42,1:00:34,PNK,PNK,016,10,1,1,NML,7,2025
389.,B739,PKLJI,LNI,LNI972,LNI3856,03/18:09,03/18:13,03/19:03,03/19:22,0:50:17,BTH,PLM,011,10,1,1,NML,7,2025
390.,A320,PKPWL,PAS,PAS622,PAS207,03/17:15,03/17:17,03/18:13,03/18:27,0:56:57,BPN,CGK,005,10,1,1,NML,7,2025
391.,B739,PKLHP,LNI,LNI801,LNI920,03/17:51,03/17:54,03/20:18,03/20:29,2:24:00,UPG,DPS,012,10,1,1,NML,7,2025
392.,B738,PKGFI,GIA,GIA349,GIA313,03/17:39,03/17:43,03/18:32,03/18:44,0:49:19,DPS,CGK,004,10,1,1,NML,7,2025
393.,B739,PKLSO,LNI,LNI695,LNI800,03/17:10,03/17:16,03/21:38,03/21:49,4:22:00,KOE,UPG,025,10,0,0,NML,7,2025
394.,A320,PKBKP,BTK,BTK7503,BTK7502,03/19:09,03/19:14,03/19:58,03/20:10,0:44:00,HLP,HLP,009,10,1,1,NML,7,2025
395.,A320,PKSAV,SJV,SJV725,SJV716,03/18:30,03/18:35,03/19:22,03/19:35,0:47:00,LBJ,LOP,010,10,1,1,NML,7,2025
396.,B738,PKGFR,GIA,GIA320,GIA325,03/17:34,03/17:38,03/18:55,03/19:20,1:17:00,CGK,CGK,007,10,1,1,NML,7,2025
397.,B738MAX,9VMBE,SIA,SIA928,SIA929,03/18:16,03/18:21,03/19:09,03/19:27,0:48:00,SIN,SIN,A07,10,1,1,NML,7,2025
398.,A320,PKLUQ,BTK,BTK6576,BTK6575,03/21:09,03/21:16,03/22:03,03/22:17,0:47:00,CGK,CGK,008,10,1,1,NML,7,2025
399.,A320,PKGQP,CTV,CTV172,CTV737,03/18:24,03/18:28,03/19:54,03/20:07,1:26:00,HLP,CGK,006,10,1,1,NML,7,2025
400.,A320,PKLUY,BTK,BTK7519,BTK7518,03/19:12,03/19:17,03/19:54,03/20:05,0:37:00,HLP,HLP,011,10,1,1,NML,7,2025
401.,B738,PKGFH,GIA,GIA3304,GIA3354,03/19:25,03/19:28,03/20:21,03/20:41,0:53:00,HLP,HLP,005,10,1,1,NML,7,2025
402.,A320,PKGLR,CTV,CTV736,CTV352,03/20:23,03/20:26,03/21:08,03/21:18,0:42:00,CGK,UPG,006,10,1,1,NML,7,2025
403.,B738,PKGUC,GIA,GIA326,GIA319,03/18:54,03/18:57,03/20:08,03/20:18,1:11:00,CGK,CGK,004,10,1,1,NML,7,2025
404.,A320,PKGQI,CTV,CTV489,CTV693,03/19:42,03/19:46,03/20:31,03/20:45,0:45:00,BDJ,DPS,003,10,0,0,NML,7,2025
405.,A320,PKGLV,CTV,CTV949,CTV494,03/19:37,03/19:40,03/20:18,03/20:37,0:38:00,BTH,BDJ,008,10,1,1,NML,7,2025
406.,A320,PKGQF,CTV,CTV435,CTV173,03/19:50,03/19:54,03/20:54,03/21:06,1:00:00,BPN,HLP,002,10,0,0,NML,7,2025
407.,B738,PKCRH,SJY,SJY567,SJY562,03/20:52,03/20:56,03/21:39,03/21:51,0:43:00,UPG,UPG,010,10,1,1,NML,7,2025
408.,A320,PKGQL,CTV,CTV724,CTV354,03/21:13,03/21:16,03/21:48,03/22:02,0:32:00,CGK,UPG,006,10,1,1,NML,7,2025
409.,A320,PKLUU,BTK,BTK6137,BTK6136,03/20:48,03/20:52,03/21:56,03/22:06,1:04:00,UPG,UPG,009,10,1,1,NML,7,2025
410.,A333,ECODQ,SVA,SVA5210,SVA4210,03/20:12,03/20:17,03/22:10,03/22:45,1:53:00,MCT,MED,015,10,1,1,NML,7,2025
411.,A333,ECNOF,SVA,SVA5142,SVA4142,03/21:28,03/21:33,03/23:23,03/23:40,1:50:00,MCT,MED,012,10,1,1,NML,7,2025
412.,A333,ECNYJ,SVA,SVA5122,SVA4122,04/00:24,04/00:29,04/02:37,04/02:56,2:08:00,MCT,MED,012,10,1,1,NML,7,2025
413.,A320,PKLUG,BTK,BTK6413,BTK7508,03/20:01,03/20:08,04/04:54,04/05:07,8:46:00,DPS,HLP,018,28,0,0,NML,7,2025
414.,B739,PKLQS,LNI,LNI865,LNI878,03/19:00,03/19:06,04/04:56,04/05:09,9:50:00,LOP,AMQ,022,28,0,0,NML,7,2025
415.,A320,PKAZJ,AWQ,AWQ325,AWQ320,03/19:18,03/19:23,04/05:00,04/05:13,9:37:00,KUL,KUL,A03,28,1,1,NML,7,2025
416.,A320,PKGLX,CTV,CTV726,CTV430,03/21:32,03/21:38,04/05:00,04/05:11,7:22:00,CGK,BPN,011,28,1,0,NML,7,2025
417.,A320,PKSJQ,SJV,SJV673,SJV610,03/20:59,03/21:03,04/05:09,04/05:20,8:06:00,BEJ,BPN,17B,28,0,0,NML,7,2025
418.,B739,PKLSI,LNI,LNI923,LNI786,03/22:44,03/22:48,04/05:09,04/05:22,6:21:00,DPS,UPG,010,28,1,1,NML,7,2025
419.,B738,PKBGZ,BTK,BTK6406,BTK6589,03/17:24,03/17:30,04/05:11,04/05:24,11:41:00,CGK,CGK,024,28,0,0,NML,7,2025
420.,B738,PKGUI,GIA,GIA328,GIA301,03/20:16,03/20:21,04/05:07,04/05:18,8:46:00,CGK,CGK,004,28,1,1,NML,7,2025
421.,A320,PKLUZ,BTK,BTK6588,BTK6132,03/23:38,03/23:42,04/05:16,04/05:26,5:34:00,CGK,LOP,008,28,1,1,NML,7,2025
422.,A320,PKGQQ,CTV,CTV9695,CTV725,03/20:42,03/20:46,04/05:46,04/06:05,9:00:00,DPS,CGK,003,10,0,0,NML,7,2025
423.,B739,PKLVF,LNI,LNI690,LNI690,04/06:16,04/06:20,04/07:12,04/07:22,0:52:00,CGK,KOE,012,10,1,1,NML,7,2025
424.,A320,V8RBD,RBA,RBA795,RBA796,03/20:26,03/20:32,04/05:52,04/06:09,9:20:00,BWN,BWN,A06,10,1,1,NML,7,2025
425.,B738,PKLJQ,LNI,LNI727,LNI868,03/20:34,03/20:38,04/06:48,04/06:58,10:10:00,KDI,TTE,C04,10,0,0,NML,7,2025
426.,A320,PKGLU,CTV,CTV353,CTV670,04/05:04,04/05:14,04/05:54,04/06:19,0:40:00,UPG,LOP,006,10,1,1,NML,7,2025
427.,A320,PKSJU,SJV,SJV615,SJV706,03/20:38,03/20:42,04/05:56,04/06:13,9:14:00,BPN,DPS,021,10,0,0,NML,7,2025
428.,B739,PKLSV,LNI,LNI883,LNI882,03/21:03,03/21:10,04/05:59,04/06:25,8:49:00,UPG,UPG,17A,10,0,0,NML,7,2025
429.,A320,PKSTI,SJV,SJV617,SJV640,03/19:56,03/20:01,04/05:56,04/06:15,9:55:00,BPN,AAP,C03,10,0,0,NML,7,2025
430.,A320,PKPWH,PAS,PAS202,PAS213,03/18:57,03/19:03,04/05:55,04/06:22,10:52:00,CGK,CGK,007,10,1,1,NML,7,2025
431.,B739,PKLHY,LNI,LNI311,LNI222,04/06:03,04/06:07,04/07:03,04/07:14,0:56:00,BDJ,BDJ,011,10,1,1,NML,7,2025
432.,B429,P3202,POL,P3202,P3202,04/06:11,04/06:13,04/06:57,04/06:58,0:44:00,SUB,BWX,H05,10,0,0,NML,7,2025
433.,A320,PKSAG,SJV,SJV717,SJV566,04/06:07,04/06:10,04/07:23,04/07:35,1:13:00,LOP,PLW,009,10,1,1,NML,7,2025
434.,A320,PKLZH,BTK,BTK6347,BTK6135,03/17:54,03/17:59,04/07:08,04/07:16,13:09:00,BEJ,PKN,023,10,0,0,NML,7,2025
435.,A320,PKSAH,SJV,SJV619,SJV612,03/15:55,03/16:01,04/07:00,04/07:08,14:58:50,BPN,BPN,026,10,0,0,NML,7,2025
436.,B738,PKGMP,GIA,GIA324,GIA854,03/20:54,03/23:00,04/06:59,04/07:10,10:01:00,CGK,SIN,A02,10,1,1,NML,7,2025
437.,B738,PKGFM,GIA,GIA855,GIA305,03/20:30,03/23:22,04/07:05,04/07:18,10:28:00,SIN,CGK,005,10,1,1,NML,7,2025
438.,A320,PKLUT,BTK,BTK7521,BTK6412,03/21:36,03/21:41,04/07:11,04/07:21,9:30:00,HLP,DPS,020,10,0,0,NML,7,2025
439.,B739,PKLFO,LNI,LNI363,LNI646,04/06:20,04/06:24,04/07:22,04/07:29,0:58:00,BPN,LOP,014,10,1,1,NML,7,2025
440.,A320,PKLUY,BTK,BTK7511,BTK7510,04/06:30,04/06:34,04/07:31,04/07:44,0:56:59,HLP,HLP,008,10,1,1,NML,7,2025
441.,A320,PKAZL,AWQ,AWQ327,AWQ392,03/23:31,03/23:35,04/07:25,04/07:37,7:50:00,KUL,JHB,A01,10,1,1,NML,7,2025
442.,A320,PKBKL,BTK,BTK6572,BTK6573,04/06:47,04/06:51,04/07:40,04/07:48,0:49:00,CGK,CGK,007,10,1,1,NML,7,2025
443.,B739,PKLHR,LNI,LNI929,LNI971,04/07:04,04/07:09,04/08:04,04/08:10,0:55:00,DPS,BTH,015,10,1,1,NML,7,2025
444.,A320,PKSTC,SJV,SJV649,SJV634,04/06:51,04/06:54,04/08:12,04/08:20,1:17:22,BPN,BDJ,018,10,0,0,NML,7,2025
445.,A320,PKGQS,CTV,CTV690,CTV460,04/06:43,04/06:47,04/07:28,04/07:41,0:41:00,DPS,AAP,006,10,1,1,NML,7,2025
446.,B739,PKLJG,LNI,LNI693,LNI693,04/06:54,04/06:58,04/07:52,04/08:04,0:54:00,KOE,CGK,010,10,1,1,NML,7,2025
447.,B739,PKLFW,LNI,LNI267,LNI990,04/07:12,04/07:16,04/08:13,04/08:25,0:57:00,TRK,DPS,011,10,1,1,NML,7,2025
448.,A333,BHLO,CPA,CPA779,CPA780,03/18:03,03/18:09,04/08:16,04/08:28,14:07:00,HKG,HKG,A08,10,1,1,NML,7,2025
449.,C208,PKVVF,SUS,PKVVF,PKVVF,04/07:39,04/07:42,04/08:16,04/08:23,0:33:12,BXW,BXW,C07,10,0,0,NML,7,2025
450.,B738,PKLBK,MXD,MXD352,MXD353,03/19:32,03/19:38,04/08:37,04/08:49,12:59:00,KUL,KUL,A04,10,1,1,NML,7,2025
451.,A320,PKGQL,CTV,CTV355,CTV171,04/07:33,04/07:36,04/08:50,04/09:05,1:14:00,UPG,HLP,006,10,1,1,NML,7,2025
452.,A320,PKLUZ,BTK,BTK6133,BTK6391,04/08:07,04/08:11,04/08:57,04/09:07,0:46:00,LOP,CGK,008,10,1,1,NML,7,2025
453.,B738,PKLOH,LNI,LNI837,LNI748,04/07:57,04/08:01,04/09:03,04/09:12,1:01:44,PNK,MDC,014,10,1,1,NML,7,2025
454.,E135,T7JCI,AFS,T7JCI,T7JCI,04/08:46,04/08:49,04/09:09,04/09:14,0:20:00,CGK,CGK,003,10,0,0,NML,7,2025
455.,B738,PKGFR,GIA,GIA304,GIA342,04/08:14,04/08:16,04/09:25,04/09:43,1:09:00,CGK,DPS,004,10,1,1,NML,7,2025
456.,A320,PKSJU,SJV,SJV703,SJV618,04/08:41,04/08:46,04/09:31,04/10:00,0:45:00,DPS,BPN,012,10,1,1,NML,7,2025
457.,A320,PKSJQ,SJV,SJV611,SJV642,04/08:36,04/08:40,04/09:31,04/09:44,0:51:00,BPN,AAP,010,10,1,1,NML,7,2025
458.,A320,PKGLU,CTV,CTV671,CTV486,04/08:55,04/08:56,04/09:34,04/09:47,0:38:00,LOP,BDJ,007,10,1,1,NML,7,2025
459.,B738,9MMXW,MAS,MAS871,MAS870,04/08:59,04/09:06,04/09:59,04/10:10,0:53:00,KUL,KUL,A07,10,1,1,NML,7,2025
460.,B735,PKNAT,LKN,LKN243,LKN242,04/09:35,04/09:38,04/10:12,04/10:23,0:34:00,SMQ,SMQ,009,10,1,1,NML,7,2025
461.,A359,9VSHF,SIA,SIA922,SIA923,04/09:01,04/09:08,04/10:12,04/10:32,1:04:00,SIN,SIN,A08,10,1,1,NML,7,2025
462.,A320,PKGQC,CTV,CTV351,CTV350,04/09:23,04/09:26,04/10:20,04/10:35,0:54:00,UPG,UPG,006,10,1,1,NML,7,2025
463.,B739,PKLHY,LNI,LNI315,LNI856,04/10:14,04/10:18,04/11:09,04/11:22,0:50:29,BDJ,PLM,012,10,1,1,NML,7,2025
464.,A320,9VTRS,TGW,TGW296,TGW297,04/10:01,04/10:08,04/11:04,04/11:15,0:56:00,SIN,SIN,A02,10,1,1,NML,7,2025
465.,A320,PKPWH,PAS,PAS210,PAS211,04/09:46,04/09:49,04/10:39,04/10:56,0:50:00,CGK,CGK,005,10,1,1,NML,7,2025
466.,A320,PKLZH,BTK,BTK6134,BTK7516,04/09:49,04/09:52,04/11:30,04/11:40,1:38:00,PKN,HLP,008,10,1,1,NML,7,2025
467.,A320,PKLUR,BTK,BTK7513,BTK6346,04/10:29,04/10:34,04/11:25,04/11:36,0:51:00,HLP,BEJ,009,10,1,1,NML,7,2025
468.,A320,PKBKF,BTK,BTK6584,BTK6585,04/11:33,04/11:37,04/12:32,04/12:42,0:55:00,CGK,CGK,007,10,1,1,NML,7,2025
469.,B739,PKLFO,LNI,LNI645,LNI262,04/10:06,04/10:10,04/11:07,04/11:17,0:57:00,LOP,BPN,015,10,1,1,NML,7,2025
470.,A320,PKGLT,CTV,CTV722,CTV723,04/09:57,04/10:00,04/10:48,04/11:02,0:48:00,CGK,CGK,007,10,1,1,NML,7,2025
471.,A320,PKBKQ,BTK,BTK6582,BTK6581,04/12:09,04/12:13,04/13:17,04/13:27,1:04:00,CGK,CGK,008,10,1,1,NML,7,2025
472.,B739,PKLSV,LNI,LNI791,LNI822,04/09:41,04/09:45,04/11:37,04/11:54,1:51:31,UPG,LOP,018,10,0,0,NML,7,2025
473.,B739,PKLHI,LNI,LNI694,LNI973,04/10:21,04/10:25,04/11:18,04/11:28,0:53:00,CGK,BTH,010,10,1,1,NML,7,2025
474.,B739,PKLSL,LNI,LNI970,LNI694,04/09:52,04/09:56,04/11:36,04/11:49,1:40:00,BTH,KOE,014,10,1,1,NML,7,2025
475.,B739,PKLFW,LNI,LNI805,LNI804,04/11:19,04/11:24,04/12:15,04/12:24,0:51:00,DPS,DPS,020,10,0,0,NML,7,2025
476.,A320,PKAZJ,AWQ,AWQ321,AWQ322,04/11:13,04/11:18,04/11:49,04/12:00,0:31:00,KUL,KUL,A03,10,1,1,NML,7,2025
477.,A320,PKSTC,SJV,SJV635,SJV632,04/10:59,04/11:02,04/12:03,04/12:14,1:01:00,BDJ,BDJ,017,10,1,1,NML,7,2025
478.,B739,PKLVF,LNI,LNI697,LNI697,04/11:46,04/11:50,04/12:40,04/12:50,0:50:00,KOE,CGK,012,10,1,1,NML,7,2025
479.,A320,PKLUY,BTK,BTK7517,BTK7520,04/10:39,04/10:43,04/11:41,04/11:56,0:58:00,HLP,HLP,016,10,1,1,NML,7,2025
480.,B738,PKGFJ,GIA,GIA322,GIA327,04/10:24,04/10:28,04/11:34,04/13:03,1:06:00,CGK,CGK,004,10,1,1,NML,7,2025
481.,B738,PKGFJ,GIA,GIA327A,GIA327A,04/11:55,04/11:57,04/12:46,04/12:56,0:49:00,CGK,CGK,004,10,1,1,NML,7,2025
482.,A320,PKGQS,CTV,CTV461,CTV698,04/11:04,04/11:08,04/11:50,04/12:02,0:42:00,AAP,DPS,006,10,1,1,NML,7,2025
483.,A320,PKBKY,BTK,BTK6596,BTK6595,04/12:06,04/12:11,04/13:21,04/13:38,1:10:00,CGK,CGK,009,10,1,1,NML,7,2025
484.,A320,PKGLY,CTV,CTV9693,CTV9692,04/11:41,04/11:44,04/12:26,04/12:37,0:42:00,DPS,DPS,005,10,1,1,NML,7,2025
485.,B739,PKLHJ,LNI,LNI683,LNI682,04/12:35,04/12:40,04/13:35,04/13:46,0:55:00,PKY,PKY,014,10,1,1,NML,7,2025
486.,A320,PKSAG,SJV,SJV567,SJV636,04/11:38,04/11:43,04/12:43,04/12:53,1:00:00,PLW,BDJ,021,10,0,0,NML,7,2025
487.,B739,PKLJG,LNI,LNI223,LNI780,04/14:08,04/14:13,04/15:10,04/15:22,0:57:00,BDJ,UPG,015,10,1,1,NML,7,2025
488.,B735,PKNAQ,LKN,LKN193,LKN192,04/12:19,04/12:23,04/13:17,04/13:32,0:54:00,PKN,PKN,011,10,1,1,NML,7,2025
489.,B738,PKLJQ,LNI,LNI869,LNI3838,04/12:45,04/12:52,04/13:53,04/14:00,1:01:00,TTE,PNK,015,10,1,1,NML,7,2025
490.,A320,PKAZL,AWQ,AWQ393,AWQ324,04/12:31,04/12:36,04/13:22,04/13:35,0:45:28,JHB,KUL,A03,10,1,1,NML,7,2025
491.,A320,PKPWC,PAS,PAS204,PAS205,04/12:16,04/12:18,04/13:17,04/13:31,0:59:00,CGK,CGK,006,10,1,1,NML,7,2025
492.,A320,PKGLU,CTV,CTV487,CTV668,04/12:13,04/12:15,04/13:33,04/13:43,1:18:00,BDJ,DPS,003,10,0,0,NML,7,2025
493.,B739,PKLFF,LNI,LNI801,LNI260,04/13:36,04/13:42,04/14:35,04/14:45,0:53:00,UPG,BPN,011,10,1,1,NML,7,2025
494.,B738,PKLSF,LNI,LNI839,LNI836,04/13:00,04/13:04,04/14:06,04/14:16,1:02:00,PNK,PNK,012,10,1,1,NML,7,2025
495.,A320,PKSJQ,SJV,SJV641,SJV726,04/13:28,04/13:33,04/14:20,04/14:38,0:47:00,AAP,LBJ,010,10,1,1,NML,7,2025
496.,A320,PKGLX,CTV,CTV431,CTV948,04/13:33,04/13:37,04/14:23,04/14:39,0:46:00,BPN,BTH,007,10,1,1,NML,7,2025
497.,B739,PKLSL,LNI,LNI695,LNI920,04/16:14,04/16:17,04/17:15,04/17:27,0:58:00,KOE,DPS,015,10,1,1,NML,7,2025
498.,B739,PKLFW,LNI,LNI919,LNI686,04/14:53,04/14:57,04/15:46,04/15:49,0:49:00,DPS,PKY,011,10,1,1,NML,7,2025
499.,A320,9VJSI,JSA,JSA247,JSA248,04/14:02,04/14:08,04/14:58,04/15:10,0:50:00,SIN,SIN,A08,10,1,1,NML,7,2025
500.,A320,PKLAO,BTK,BTK7515,BTK7514,04/13:50,04/13:55,04/14:46,04/14:57,0:51:00,HLP,HLP,009,10,1,1,NML,7,2025
501.,B738,PKGFH,GIA,GIA330,GIA331,04/14:13,04/14:17,04/15:17,04/15:33,1:00:00,HLP,HLP,004,10,1,1,NML,7,2025
502.,B739,PKLQS,LNI,LNI879,LNI722,04/14:18,04/14:23,04/15:14,04/15:26,0:51:00,AMQ,KDI,014,10,1,1,NML,7,2025
503.,B738,PKGFD,GIA,GIA312,GIA317,04/14:31,04/14:34,04/15:26,04/15:39,0:52:00,CGK,CGK,005,10,1,1,NML,7,2025
504.,A320,PKSTC,SJV,SJV633,SJV614,04/15:19,04/15:24,04/16:05,04/16:15,0:41:00,BDJ,BPN,012,10,1,1,NML,7,2025
505.,B739,PKLHR,LNI,LNI972,LNI910,04/17:46,04/17:50,04/18:37,04/18:47,0:47:00,BTH,DPS,011,28,1,1,NML,7,2025
506.,A320,PKGQS,CTV,CTV699,CTV434,04/14:47,04/14:50,04/15:29,04/15:41,0:39:00,DPS,BPN,006,10,1,1,NML,7,2025
507.,A320,PKLUY,BTK,BTK7501,BTK7512,04/15:45,04/15:49,04/16:44,04/16:54,0:55:00,HLP,HLP,014,10,1,1,NML,7,2025
508.,A320,PKSTI,SJV,SJV643,SJV672,04/15:16,04/15:20,04/17:22,04/17:36,2:02:00,AAP,BEJ,017,10,1,1,NML,7,2025
509.,A320,PKLUR,BTK,BTK6347,BTK6401,04/15:59,04/16:04,04/17:25,04/17:41,1:21:00,BEJ,CGK,009,10,1,1,NML,7,2025
510.,B739,PKLHP,LNI,LNI787,LNI642,04/17:42,04/17:48,04/18:48,04/18:58,1:00:00,UPG,LOP,016,28,1,1,NML,7,2025
511.,B739,PKLFO,LNI,LNI261,LNI316,04/14:35,04/14:38,04/16:36,04/16:46,1:58:00,BPN,BDJ,018,10,0,0,NML,7,2025
512.,B738,HSLUH,TLM,TLM268,TLM269,04/15:07,04/15:14,04/16:19,04/16:28,1:05:00,DMK,DMK,A04,10,1,1,NML,7,2025
513.,B738,PKGFW,GIA,GIA310,GIA315,04/15:31,04/15:34,04/16:33,04/16:47,0:59:00,CGK,CGK,004,10,1,1,NML,7,2025
514.,B738MAX,9VMBM,SIA,SIA926,SIA927,04/15:36,04/15:42,04/16:38,04/16:50,0:56:00,SIN,SIN,A08,10,1,1,NML,7,2025
515.,A320,PKPWD,PAS,PAS206,PAS623,04/15:49,04/15:53,04/16:44,04/16:57,0:51:00,CGK,BPN,005,10,1,1,NML,7,2025
516.,B739,PKLHY,LNI,LNI857,LNI268,04/15:24,04/15:28,04/17:18,04/17:30,1:50:00,PLM,TRK,010,10,1,1,NML,7,2025
517.,A320,PKGQL,CTV,CTV174,CTV715,04/16:08,04/16:10,04/16:49,04/17:01,0:39:00,HLP,CGK,007,10,1,1,NML,7,2025
518.,B739,PKLGY,LNI,LNI692,LNI692,04/18:25,04/18:30,04/19:09,04/19:22,0:39:00,CGK,KOE,17B,28,0,0,NML,7,2025
519.,A320,PKGLY,CTV,CTV669,CTV9694,04/16:31,04/16:36,04/17:11,04/17:24,0:35:00,DPS,DPS,006,10,1,1,NML,7,2025
520.,B738,PKLOH,LNI,LNI749,LNI886,04/15:12,04/15:18,04/19:16,04/19:29,3:58:00,MDC,UPG,020,28,0,0,NML,7,2025
521.,A320,PKAZJ,AWQ,AWQ323,AWQ326,04/17:22,04/17:27,04/18:01,04/18:11,0:34:00,KUL,KUL,A03,28,1,1,NML,7,2025
522.,B738,PKLJQ,LNI,LNI3839,LNI838,04/17:34,04/17:38,04/19:15,04/19:24,1:37:00,PNK,PNK,009,28,1,1,NML,7,2025
523.,A320,PKPWN,PAS,PAS622,PAS207,04/17:25,04/17:29,04/18:18,04/18:28,0:49:00,BPN,CGK,005,28,1,1,NML,7,2025
524.,B738,9MMXL,MAS,MAS875,MAS874,04/17:16,04/17:25,04/18:20,04/18:36,0:55:00,KUL,KUL,A07,28,1,1,NML,7,2025
525.,B738,PKGNF,GIA,GIA349,GIA313,04/18:02,04/18:09,04/19:00,04/19:13,0:51:00,DPS,CGK,004,28,1,1,NML,7,2025
526.,A320,PKSJQ,SJV,SJV725,SJV716,04/17:58,04/18:07,04/18:50,04/19:01,0:43:00,LBJ,LOP,010,28,1,1,NML,7,2025
527.,A320,PKBKP,BTK,BTK7503,BTK7502,04/18:55,04/19:00,04/19:52,04/20:03,0:52:00,HLP,HLP,011,28,1,1,NML,7,2025
528.,B739,PKLQS,LNI,LNI727,LNI581,04/19:32,04/19:38,04/20:27,04/20:37,0:49:00,KDI,CGK,009,28,1,1,NML,7,2025
529.,B739,PKLFW,LNI,LNI687,LNI226,04/18:41,04/18:48,04/19:58,04/20:14,1:10:00,PKY,BDJ,008,28,1,1,NML,7,2025
530.,A320,PKGQF,CTV,CTV172,CTV173,04/17:25,04/18:46,04/19:20,04/19:34,0:34:00,HLP,HLP,007,28,1,1,NML,7,2025
531.,B738MAX,9VMBH,SIA,SIA928,SIA929,04/18:33,04/18:39,04/19:31,04/19:47,0:52:00,SIN,SIN,A07,28,1,1,NML,7,2025
532.,B738,PKGNM,GIA,GIA320,GIA325,04/18:29,04/18:36,04/19:26,04/19:41,0:50:00,CGK,CGK,005,28,1,1,NML,7,2025
533.,B789,9VOJF,TGW,TGW266,TGW267,04/19:10,04/19:14,04/20:23,04/20:35,1:09:00,SIN,SIN,A06,28,1,1,NML,7,2025
534.,B738,PKGFH,GIA,GIA3304,GIA3354,04/18:55,04/18:59,04/19:55,04/20:09,0:56:00,HLP,HLP,006,28,1,1,NML,7,2025
535.,B738,PKLPK,LNI,LNI709,LNI880,04/18:20,04/18:28,04/20:37,04/20:49,2:09:00,UPG,UPG,17A,28,0,0,NML,7,2025
536.,A320,PKLUY,BTK,BTK7519,BTK7518,04/20:12,04/20:18,04/20:52,04/21:07,0:34:00,HLP,HLP,008,28,1,1,NML,7,2025
537.,A333,ECNOG,SVA,SVA5216,SVA4216,04/17:38,04/17:43,04/19:44,04/19:54,2:01:00,MCT,MED,012,28,1,1,NML,7,2025
538.,A320,PKLAY,BTK,BTK6578,BTK7579,04/21:09,04/21:14,04/21:55,04/22:03,0:41:00,CGK,CGK,011,28,1,1,NML,7,2025
539.,A320,PKSJO,SJV,SJV619,SJV616,04/15:55,04/15:58,04/20:33,04/20:40,4:35:00,BPN,BPN,021,28,0,0,NML,7,2025
540.,B738,PKGUH,GIA,GIA326,GIA319,04/20:04,04/20:10,04/21:04,04/21:15,0:54:00,CGK,CGK,006,28,1,1,NML,7,2025
541.,A320,PKGLR,CTV,CTV736,CTV352,04/19:27,04/19:33,04/20:10,04/20:18,0:37:00,CGK,UPG,007,28,1,1,NML,7,2025
542.,A320,PKGQI,CTV,CTV489,CTV693,04/19:49,04/19:57,04/21:04,04/21:19,1:07:00,BDJ,DPS,018,28,0,0,NML,7,2025
543.,A320,PKGQE,CTV,CTV949,CTV494,04/20:42,04/20:49,04/21:29,04/21:43,0:40:00,BTH,BDJ,009,28,1,1,NML,7,2025
544.,A320,PKGQK,CTV,CTV724,CTV737,04/20:01,04/20:06,04/20:59,04/21:11,0:53:00,CGK,CGK,020,28,0,0,NML,7,2025
545.,A320,PKGQS,CTV,CTV435,CTV354,04/19:07,04/19:14,04/20:59,04/21:13,1:45:00,BPN,UPG,010,28,1,1,NML,7,2025
546.,B738,PKBGZ,BTK,BTK6586,BTK6587,04/21:38,04/21:43,04/22:34,04/22:43,0:51:00,CGK,CGK,016,28,1,1,NML,7,2025
547.,A320,PKLAQ,BTK,BTK6137,BTK6136,04/22:05,04/22:12,04/23:02,04/23:12,0:50:00,UPG,UPG,009,28,1,1,NML,7,2025
548.,B738,PKCRH,SJY,SJY567,SJY562,04/21:05,04/21:11,04/22:02,04/22:12,0:51:00,UPG,UPG,010,28,1,1,NML,7,2025
549.,A333,ECODR,SVA,SVA5271,SVA4271,04/21:45,04/21:53,04/23:38,04/23:48,1:45:00,MCT,MED,012,28,1,1,NML,7,2025
550.,A333,ECODQ,SVA,SVA5218,SVA4218,05/02:18,05/02:28,05/04:12,05/04:20,1:44:00,MCT,MED,012,28,1,1,NML,7,2025
551.,A320,PKSJU,SJV,SJV615,SJV610,04/20:30,04/20:35,05/05:04,05/05:17,8:29:00,BPN,BPN,C03,28,0,0,NML,7,2025
552.,A320,PKAZL,AWQ,AWQ325,AWQ320,04/19:19,04/19:22,05/05:00,05/05:11,9:38:00,KUL,KUL,A01,28,1,1,NML,7,2025
553.,B738,PKLQZ,LNI,LNI885,LNI878,04/21:59,04/22:06,05/04:54,05/05:04,6:48:00,UPG,AMQ,011,28,1,1,NML,7,2025
554.,A320,PKLUS,BTK,BTK6406,BTK7508,04/16:25,04/18:09,05/05:16,05/05:24,12:47:00,CGK,HLP,024,28,0,1,NML,7,2025
555.,A320,PKGLY,CTV,CTV9695,CTV430,04/19:38,04/19:45,05/04:59,05/05:08,9:14:00,DPS,BPN,005,28,1,1,NML,7,2025
556.,B739,PKLSL,LNI,LNI923,LNI786,04/19:58,04/20:03,05/05:06,05/05:19,9:03:00,DPS,UPG,026,28,0,0,NML,7,2025
557.,B738,PKGMP,GIA,GIA855,GIA301,04/21:19,04/23:12,05/05:05,05/05:14,7:42:00,SIN,CGK,007,28,1,1,NML,7,2025
558.,A320,PKLAF,BTK,BTK7521,BTK6132,04/21:35,04/21:40,05/05:13,05/05:21,7:33:00,HLP,LOP,021,28,0,0,NML,7,2025
559.,A333,ECNOF,SVA,SVA5208,SVA4208,05/03:16,05/03:24,05/05:22,05/05:31,1:58:00,MCT,MED,015,28,1,1,NML,7,2025
560.,A320,PKGLX,CTV,CTV726,CTV725,04/21:33,04/21:41,05/05:44,05/05:56,8:03:00,CGK,CGK,008,28,1,1,NML,7,2025
561.,B739,PKLHQ,LNI,LNI690,LNI690,05/05:01,05/05:06,05/05:58,05/06:12,0:52:00,CGK,KOE,011,28,1,1,NML,7,2025
562.,A320,PKSAG,SJV,SJV637,SJV706,04/15:52,04/15:57,05/05:58,05/06:14,14:01:00,BDJ,DPS,023,28,0,0,NML,7,2025
563.,A320,PKLUK,BTK,BTK6594,BTK6589,04/21:27,04/21:34,05/05:59,05/06:17,8:25:00,CGK,CGK,17A,28,0,0,NML,7,2025
564.,A320,V8RBA,RBA,RBA795,RBA796,04/20:07,04/20:10,05/05:55,05/06:07,9:45:00,BWN,BWN,A07,28,1,1,NML,7,2025
565.,A320,PKSTI,SJV,SJV673,SJV640,04/21:49,04/21:56,05/06:08,05/06:25,8:12:00,BEJ,AAP,020,28,0,0,NML,7,2025
566.,A320,PKGLR,CTV,CTV353,CTV670,05/05:05,05/05:12,05/05:57,05/06:09,0:45:00,UPG,LOP,007,28,1,1,NML,7,2025
567.,B739,PKLHP,LNI,LNI865,LNI882,04/21:23,04/21:27,05/06:10,05/06:27,8:43:00,LOP,UPG,018,28,0,0,NML,7,2025
568.,A320,PKAZJ,AWQ,AWQ327,AWQ386,04/23:34,04/23:38,05/05:56,05/06:10,6:18:00,KUL,PEN,A03,28,1,1,NML,7,2025
569.,A320,PKPWH,PAS,PAS202,PAS213,04/18:59,04/19:07,05/05:59,05/06:14,10:52:00,CGK,CGK,004,28,1,1,NML,7,2025
570.,A320,PKBKV,BTK,BTK6413,BTK6412,04/19:45,04/19:50,05/06:19,05/06:29,10:29:00,DPS,DPS,17B,28,0,0,NML,7,2025
571.,A320,PKSJQ,SJV,SJV717,SJV566,05/06:18,05/06:25,05/07:14,05/07:23,0:49:00,LOP,PLW,009,28,1,1,NML,7,2025
572.,B412,HA5140,TAD,-,HA5140,--:--,--:--,--:--,--:--,None,-,DPS,None,-,-1,-,NML,7,2025
573.,B733,PKMYJ,MYU,MYU935,MYU934,04/09:19,04/09:25,05/06:51,05/06:56,21:26:00,SRG,SIN,C02,28,0,0,NML,7,2025
574.,B738MAX,PKOFM,AFE,AFE921,AFE921,05/06:04,05/06:08,05/06:53,05/07:03,0:45:00,CGK,TIM,005,28,1,1,NML,7,2025
575.,A320,PKLAZ,BTK,BTK6588,BTK6135,04/22:25,04/23:00,05/07:01,05/07:12,8:01:00,CGK,PKN,010,28,1,1,NML,7,2025
576.,B738,PKGUG,GIA,GIA324,GIA305,04/21:29,04/21:36,05/07:01,05/07:10,9:25:00,CGK,CGK,006,28,1,1,NML,7,2025
577.,B738,PKGNC,GIA,GIA328,GIA854,04/20:38,04/22:52,05/06:58,05/07:16,10:10:00,CGK,SIN,A02,28,1,1,NML,7,2025
578.,B739,PKLFF,LNI,LNI363,LNI971,05/06:21,05/06:26,05/07:17,05/07:26,0:51:00,BPN,BTH,015,28,1,1,NML,7,2025
579.,B739,PKLGL,LNI,LNI311,LNI646,05/06:05,05/06:10,05/07:46,05/07:58,1:36:00,BDJ,LOP,016,28,1,1,NML,7,2025
580.,A320,PKSTC,SJV,SJV617,SJV612,04/19:42,04/19:47,05/07:27,05/07:38,11:40:00,BPN,BPN,022,28,0,0,NML,7,2025
581.,A320,PKLUY,BTK,BTK7511,BTK7510,05/06:36,05/06:43,05/07:23,05/07:33,0:40:00,HLP,HLP,008,28,1,1,NML,7,2025
582.,A320,PKSAV,SJV,SJV649,SJV634,05/06:55,05/07:00,05/07:58,05/08:06,0:58:00,BPN,BDJ,011,28,1,1,NML,7,2025
583.,B739,PKLGY,LNI,LNI693,LNI693,05/06:49,05/06:55,05/07:51,05/07:59,0:56:00,KOE,CGK,17A,28,0,0,NML,7,2025
584.,A320,PKGLG,CTV,CTV690,CTV460,05/06:45,05/06:53,05/07:35,05/07:45,0:42:00,DPS,AAP,007,28,1,1,NML,7,2025
585.,A21N,B30FW,CSN,CSN8137,CSN8138,04/21:41,04/21:46,05/07:58,05/08:11,10:12:00,CAN,CAN,A06,28,1,1,NML,7,2025
586.,A333,BLBG,CPA,CPA779,CPA780,04/18:06,04/18:09,05/08:05,05/08:20,13:56:00,HKG,HKG,A08,28,1,1,NML,7,2025
587.,B739,PKLHY,LNI,LNI267,LNI990,05/07:03,05/07:09,05/08:18,05/08:28,1:09:00,TRK,DPS,010,28,1,1,NML,7,2025
588.,A320,PKBKU,BTK,BTK6572,BTK6573,05/07:55,05/08:02,05/08:51,05/08:59,0:49:00,CGK,CGK,009,28,1,1,NML,7,2025
"589.,DHC6,PKICP,PGT,PKICP,PKICP,03/11:12,03/11:14,05/08:02,05/08:07,""1 day, 20:48:00"",PAG,PAG,028,28,0,0,NML,7,2025"
590.,AS56,HS1309,TAL,-,HS1309,--:--,--:--,--:--,--:--,None,-,MBH,None,-,-1,-,NML,7,2025
591.,B738,PKLJQ,LNI,LNI837,LNI868,05/07:41,05/07:46,05/08:42,05/08:51,0:56:00,PNK,TTE,015,28,1,1,NML,7,2025
592.,B739,PKLHR,LNI,LNI929,LNI982,05/07:00,05/07:05,05/08:30,05/08:43,1:25:00,DPS,PKU,17B,28,0,0,NML,7,2025
593.,B738,PKLZZ,MXD,MXD352,MXD353,04/19:52,04/19:56,05/09:18,05/09:32,13:22:00,KUL,KUL,A04,28,1,1,NML,7,2025
594.,B739,PKLFW,LNI,LNI315,LNI222,05/07:50,05/07:56,05/08:50,05/09:01,0:54:00,BDJ,BDJ,016,28,1,1,NML,7,2025
595.,A320,PKLAF,BTK,BTK6133,BTK6391,05/07:49,05/07:56,05/08:47,05/08:55,0:51:00,LOP,CGK,008,28,1,1,NML,7,2025
596.,A320,9VJSN,JSA,JSA249,JSA250,05/08:25,05/08:28,05/09:13,05/09:26,0:45:00,SIN,SIN,A06,28,1,1,NML,7,2025
597.,A333,ECNYJ,SVA,SVA5256,SVA4256,05/07:29,05/07:39,05/09:22,05/09:32,1:43:00,MCT,MED,012,28,1,1,NML,7,2025
598.,B738,PKGNE,GIA,GIA304,GIA342,05/08:18,05/08:24,05/09:15,05/09:24,0:51:00,CGK,DPS,004,28,1,1,NML,7,2025
599.,A320,PKSAG,SJV,SJV703,SJV618,05/08:32,05/08:36,05/10:06,05/10:16,1:30:00,DPS,BPN,011,10,1,1,NML,7,2025
600.,A320,PKPWI,PAS,PAS200,PAS201,05/08:20,05/08:28,05/09:19,05/09:28,0:51:00,CGK,CGK,005,28,1,1,NML,7,2025
601.,A320,PKGLR,CTV,CTV671,CTV486,05/08:40,05/08:47,05/09:24,05/09:37,0:37:00,LOP,BDJ,006,28,1,1,NML,7,2025
602.,B738,9MMXF,MAS,MAS871,MAS870,05/09:29,05/09:35,05/10:21,05/10:35,0:46:00,KUL,KUL,A07,10,1,1,NML,7,2025
"603.,C208,PKVVF,SUS,PKVVF,PKVVF,04/10:07,04/10:11,05/10:15,05/10:20,""1 day, 0:04:00"",BXW,JOG,C07,10,0,0,NML,7,2025"
604.,A359,9VSHW,SIA,SIA922,SIA923,05/09:03,05/09:07,05/10:05,05/10:20,0:58:00,SIN,SIN,A08,10,1,1,NML,7,2025
"605.,AW139,PKTVN,TVR,PKTVN,PKTVN,28/19:58,28/20:00,05/10:14,05/10:24,""6 days, 14:14:00"",MBH,MBH,H02,10,0,0,NML,7,2025"
606.,A320,PKGQK,CTV,CTV351,CTV350,05/09:42,05/09:48,05/10:24,05/10:40,0:36:00,UPG,UPG,007,10,1,1,NML,7,2025
607.,A320,PKSJU,SJV,SJV611,SJV632,05/08:44,05/08:49,05/10:25,05/10:36,1:36:00,BPN,BDJ,018,10,0,0,NML,7,2025
608.,B739,PKLHP,LNI,LNI791,LNI748,05/10:09,05/10:13,05/11:31,05/11:38,1:18:00,UPG,MDC,016,10,1,1,NML,7,2025
609.,A20N,9VTNF,TGW,TGW296,TGW297,05/09:33,05/09:37,05/10:31,05/10:46,0:54:00,SIN,SIN,A02,10,1,1,NML,7,2025
610.,B429,P3201,POL,P3201,P3201,05/09:55,05/09:57,05/10:38,05/10:55,0:41:00,MBH,MBH,H05,10,0,0,NML,7,2025
611.,B739,PKLSO,LNI,LNI683,LNI682,05/09:52,05/09:56,05/10:55,05/11:10,0:59:00,PKY,PKY,015,10,1,1,NML,7,2025
612.,A320,PKPWH,PAS,PAS210,PAS211,05/09:39,05/09:45,05/10:33,05/10:47,0:48:00,CGK,CGK,005,10,1,1,NML,7,2025
613.,A320,PKLAZ,BTK,BTK6134,BTK6346,05/09:46,05/09:52,05/10:42,05/10:58,0:50:00,PKN,BEJ,014,10,1,1,NML,7,2025
614.,A320,PKLUG,BTK,BTK7513,BTK7516,05/09:49,05/09:55,05/10:42,05/10:53,0:47:00,HLP,HLP,009,10,1,1,NML,7,2025
615.,B739,PKLHI,LNI,LNI970,LNI973,05/10:05,05/10:10,05/11:01,05/11:13,0:51:00,BTH,BTH,012,10,1,1,NML,7,2025
616.,B739,PKLGL,LNI,LNI645,LNI262,05/10:38,05/10:42,05/11:40,05/11:49,0:58:00,LOP,BPN,011,10,1,1,NML,7,2025
617.,A320,PKSTI,SJV,SJV641,SJV642,05/10:01,05/10:04,05/10:59,05/11:11,0:55:00,AAP,AAP,010,10,1,1,NML,7,2025
618.,B739,PKLFK,LNI,LNI694,LNI694,05/12:00,05/12:05,05/13:17,05/13:33,1:12:00,CGK,KOE,015,10,1,1,NML,7,2025
619.,A320,PKAZL,AWQ,AWQ321,AWQ322,05/10:50,05/10:56,05/11:34,05/11:44,0:38:00,KUL,KUL,A03,10,1,1,NML,7,2025
620.,A320,PKLUY,BTK,BTK7517,BTK7520,05/10:30,05/10:34,05/11:32,05/11:42,0:58:00,HLP,HLP,008,10,1,1,NML,7,2025
621.,B738,PKGFF,GIA,GIA322,GIA327,05/10:11,05/10:14,05/11:34,05/11:48,1:20:00,CGK,CGK,004,10,1,1,NML,7,2025
622.,B739,PKLHY,LNI,LNI805,LNI822,05/11:08,05/11:12,05/12:09,05/12:22,0:57:00,DPS,LOP,014,10,1,1,NML,7,2025
623.,A320,PKGLG,CTV,CTV461,CTV698,05/11:15,05/11:17,05/12:00,05/12:14,0:43:00,AAP,DPS,006,10,1,1,NML,7,2025
624.,B735,PKNAS,LKN,LKN671,LKN2420,05/11:20,05/11:23,05/12:05,05/12:19,0:42:00,TMC,SMQ,009,10,1,1,NML,7,2025
625.,A320,PKBKR,BTK,BTK6582,BTK6581,05/12:09,05/12:13,05/13:19,05/13:38,1:06:00,CGK,CGK,010,10,1,1,NML,7,2025
626.,A320,PKGQG,CTV,CTV417,CTV723,05/11:45,05/11:50,05/12:25,05/12:37,0:35:00,PNK,CGK,007,10,1,1,NML,7,2025
627.,B739,PKLHQ,LNI,LNI697,LNI680,05/10:43,05/10:49,05/12:30,05/12:40,1:41:00,KOE,PKY,020,10,0,0,NML,7,2025
628.,A320,PKSAV,SJV,SJV635,SJV636,05/10:54,05/10:59,05/12:31,05/12:42,1:32:00,BDJ,BDJ,018,10,0,0,NML,7,2025
629.,B739,PKLHS,LNI,LNI223,LNI697,05/13:52,05/13:56,05/14:47,05/15:06,0:51:00,BDJ,CGK,014,10,1,1,NML,7,2025
630.,B739,PKLJG,LNI,LNI801,LNI780,05/12:16,05/12:20,05/13:26,05/13:46,1:06:00,UPG,UPG,016,10,1,1,NML,7,2025
631.,B738,PKLBW,BTK,BTK6596,BTK6595,05/13:27,05/13:31,05/14:17,05/14:29,0:46:00,CGK,CGK,008,10,1,1,NML,7,2025
632.,A320,PKPWG,PAS,PAS204,PAS205,05/11:54,05/11:57,05/13:17,05/13:30,1:20:00,CGK,CGK,005,10,1,1,NML,7,2025
633.,A320,PKAZJ,AWQ,AWQ387,AWQ324,05/12:24,05/12:28,05/13:17,05/13:25,0:49:00,PEN,KUL,A01,10,1,1,NML,7,2025
634.,A320,PKGQQ,CTV,CTV9693,CTV9692,05/12:19,05/12:23,05/13:28,05/13:50,1:05:00,DPS,DPS,004,10,1,1,NML,7,2025
635.,A320,PKGLR,CTV,CTV487,CTV668,05/12:10,05/12:14,05/13:23,05/13:42,1:09:00,BDJ,DPS,006,10,1,1,NML,7,2025
636.,B739,PKLSL,LNI,LNI787,LNI686,05/13:40,05/13:44,05/14:32,05/14:42,0:48:00,UPG,PKY,17A,10,0,0,NML,7,2025
637.,B738,PKLSF,LNI,LNI839,LNI836,05/12:53,05/12:56,05/14:13,05/14:21,1:17:00,PNK,PNK,012,10,1,1,NML,7,2025
638.,A320,PKSJU,SJV,SJV633,SJV726,05/13:44,05/13:47,05/14:43,05/14:56,0:56:00,BDJ,LBJ,011,10,1,1,NML,7,2025
639.,A320,PKGQO,CTV,CTV716,CTV717,05/13:30,05/13:34,05/14:19,05/14:32,0:45:00,CGK,CGK,007,10,1,1,NML,7,2025
640.,A320,PKGLY,CTV,CTV431,CTV948,05/13:55,05/13:58,05/14:44,05/15:00,0:46:00,BPN,BTH,006,10,1,1,NML,7,2025
641.,B738,PKGUI,GIA,GIA312,GIA317,05/13:34,05/13:37,05/14:34,05/14:50,0:57:00,CGK,CGK,004,10,1,1,NML,7,2025
642.,A320,PKSAO,SJV,SJV363,SJV362,05/14:17,05/14:21,05/15:23,05/15:35,1:02:00,KNO,KNO,010,10,1,1,NML,7,2025
643.,A320,PKLUS,BTK,BTK7515,BTK7514,05/13:47,05/13:51,05/14:49,05/15:09,0:58:00,HLP,HLP,009,10,1,1,NML,7,2025
644.,B739,PKLHR,LNI,LNI983,LNI910,05/14:25,05/14:28,05/15:28,05/15:42,1:00:00,PKU,DPS,008,10,1,1,NML,7,2025
645.,B738,PKGFH,GIA,GIA330,GIA331,05/14:07,05/14:11,05/15:07,05/15:19,0:56:00,HLP,HLP,005,10,1,1,NML,7,2025
646.,B733,PKMYJ,MYU,MYU935,MYU815,05/14:11,05/14:15,05/14:50,05/15:00,0:35:00,SRG,CGK,C02,10,0,0,NML,7,2025
647.,B739,PKLGL,LNI,LNI261,LNI804,05/15:54,05/15:58,05/16:55,05/17:07,0:57:00,BPN,DPS,012,10,1,1,NML,7,2025
648.,A320,PKBKY,BTK,BTK6406,BTK6220,05/15:11,05/15:14,05/16:09,05/16:20,0:55:00,CGK,BPN,009,10,1,1,NML,7,2025
649.,A320,PKGLG,CTV,CTV699,CTV434,05/14:40,05/14:44,05/15:32,05/15:46,0:48:00,DPS,BPN,007,10,1,1,NML,7,2025
650.,B739,PKLPK,LNI,LNI709,LNI800,05/15:39,05/15:43,05/16:32,05/16:45,0:49:00,UPG,UPG,17B,10,0,0,NML,7,2025
651.,B735,PKNAS,LKN,LKN2430,LKN670,05/14:44,05/14:47,05/15:27,05/15:39,0:40:00,SMQ,TMC,012,10,1,1,NML,7,2025
652.,B738,PKLJQ,LNI,LNI869,LNI3838,05/14:48,05/14:53,05/15:50,05/16:02,0:57:00,TTE,PNK,015,10,1,1,NML,7,2025
653.,A320,PKLUY,BTK,BTK7501,BTK7512,05/14:52,05/14:56,05/15:44,05/15:57,0:48:00,HLP,HLP,011,10,1,1,NML,7,2025
654.,B737MAX,9MMVK,MAS,MAS873,MAS872,05/14:54,05/15:00,05/15:59,05/16:09,0:59:00,KUL,KUL,A07,10,1,1,NML,7,2025
655.,A320,PKSTI,SJV,SJV643,SJV672,05/15:02,05/15:06,05/16:12,05/16:25,1:06:00,AAP,BEJ,014,10,1,1,NML,7,2025
656.,A320,PKLAZ,BTK,BTK6347,BTK6401,05/15:17,05/15:23,05/16:21,05/16:32,0:58:00,BEJ,CGK,022,10,0,0,NML,7,2025
657.,B739,PKLHY,LNI,LNI823,LNI722,05/15:07,05/15:12,05/16:17,05/16:30,1:05:00,LOP,KDI,016,10,1,1,NML,7,2025
658.,B739,PKLHQ,LNI,LNI681,LNI260,05/15:48,05/15:52,05/16:58,05/17:11,1:06:00,PKY,BPN,17A,10,0,0,NML,7,2025
659.,A320,PKSAV,SJV,SJV637,SJV648,05/15:32,05/15:37,05/16:38,05/16:53,1:01:00,BDJ,BPN,018,10,0,0,NML,7,2025
660.,B738,PKGMX,GIA,GIA310,GIA315,05/15:42,05/15:46,05/16:39,05/16:58,0:53:00,CGK,CGK,004,10,1,1,NML,7,2025
661.,AT42,PKTHT,IAT,PKTHT,PKTHT,04/17:06,05/15:24,05/16:31,05/16:42,23:22:00,HLP,HLP,001,10,0,0,NML,7,2025
662.,B738MAX,PKOFM,AFE,AFE920,AFE920,05/16:06,05/16:11,05/17:16,05/17:28,1:05:00,TIM,CGK,006,10,1,1,NML,7,2025
663.,B739,PKLSL,LNI,LNI687,LNI268,05/17:29,05/17:34,05/18:55,05/19:06,1:21:00,PKY,TRK,014,10,1,1,NML,7,2025
664.,A320,PKPWC,PAS,PAS206,PAS623,05/15:50,05/15:54,05/16:36,05/16:48,0:42:00,CGK,BPN,005,10,1,1,NML,7,2025
665.,B739,PKLHJ,LNI,LNI692,LNI692,05/18:41,05/18:47,05/19:32,05/19:47,0:45:00,CGK,KOE,15A,10,0,0,NML,7,2025
"666.,B739,PKLSV,LNI,LNI823,LNI642,04/14:24,04/16:11,05/16:56,05/17:10,""1 day, 2:27:00"",LOP,LOP,025,28,0,1,NML,7,2025"
667.,A320,PKGQQ,CTV,CTV669,CTV9694,05/16:24,05/16:28,05/17:00,05/17:14,0:32:00,DPS,DPS,007,10,1,1,NML,7,2025
668.,B739,PKLFF,LNI,LNI972,LNI226,05/17:41,05/17:45,05/18:40,05/18:52,0:55:00,BTH,BDJ,012,10,1,1,NML,7,2025
669.,B738,PKLQZ,LNI,LNI879,LNI838,05/14:58,05/15:03,05/17:37,05/17:49,2:34:00,AMQ,PNK,020,10,0,0,NML,7,2025
670.,A320,PKAZL,AWQ,AWQ323,AWQ326,05/17:11,05/17:17,05/17:50,05/18:01,0:33:00,KUL,KUL,A03,10,1,1,NML,7,2025
671.,B739,PKLFK,LNI,LNI695,LNI316,05/18:02,05/18:07,05/19:53,05/20:04,1:46:00,KOE,BDJ,011,10,1,1,NML,7,2025
672.,A320,PKPWH,PAS,PAS622,PAS207,05/17:17,05/17:22,05/18:15,05/18:29,0:53:00,BPN,CGK,005,10,1,1,NML,7,2025
673.,B738,PKGNE,GIA,GIA349,GIA313,05/17:20,05/17:25,05/18:24,05/18:36,0:59:00,DPS,CGK,004,10,1,1,NML,7,2025
674.,B739,PKLSV,LNI,LNI865,LNI920,05/19:35,05/19:41,05/20:43,05/20:56,1:02:00,LOP,DPS,17B,10,0,0,NML,7,2025
675.,A320,PKSJU,SJV,SJV725,SJV716,05/18:23,05/18:27,05/19:10,05/19:27,0:43:00,LBJ,LOP,009,10,1,1,NML,7,2025
676.,A320,PKLUG,BTK,BTK7503,BTK7502,05/17:48,05/17:52,05/18:31,05/18:43,0:39:00,HLP,HLP,010,10,1,1,NML,7,2025
677.,B739,PKLHH,LNI,LNI727,LNI581,05/21:05,05/21:10,05/21:53,05/22:01,0:43:00,KDI,CGK,17B,10,0,0,NML,7,2025
678.,B738,PKGUD,GIA,GIA320,GIA325,05/18:13,05/18:18,05/19:03,05/19:20,0:45:00,CGK,CGK,005,10,1,1,NML,7,2025
679.,A320,PKGQF,CTV,CTV172,CTV173,05/18:20,05/18:24,05/18:58,05/19:13,0:34:00,HLP,HLP,006,10,1,1,NML,7,2025
680.,B738MAX,9VMBD,SIA,SIA928,SIA929,05/18:17,05/18:22,05/19:05,05/19:26,0:43:00,SIN,SIN,A07,10,1,1,NML,7,2025
681.,A320,PKGLX,CTV,CTV949,CTV494,05/18:34,05/18:38,05/19:18,05/19:32,0:40:00,BTH,BDJ,007,10,1,1,NML,7,2025
682.,B738,PKLDK,BTK,BTK6578,BTK6575,05/16:31,05/16:36,05/19:29,05/19:43,2:53:00,CGK,CGK,023,10,0,0,NML,7,2025
683.,B738,PKGFG,GIA,GIA326,GIA3354,05/19:50,05/19:54,05/20:40,05/20:55,0:46:00,CGK,HLP,005,10,1,1,NML,7,2025
684.,A320,PKLUY,BTK,BTK7519,BTK7518,05/19:18,05/19:22,05/20:13,05/20:27,0:51:00,HLP,HLP,010,10,1,1,NML,7,2025
685.,B738,PKLOJ,LNI,LNI885,LNI880,05/18:50,05/18:54,05/20:00,05/20:11,1:06:00,UPG,UPG,15B,10,0,0,NML,7,2025
686.,A320,PKGLT,CTV,CTV736,CTV352,05/19:13,05/19:18,05/19:56,05/20:09,0:38:00,CGK,UPG,006,10,1,1,NML,7,2025
687.,A320,PKGLV,CTV,CTV489,CTV693,05/19:30,05/19:33,05/20:04,05/20:20,0:31:00,BDJ,DPS,007,10,1,1,NML,7,2025
688.,B738,PKGFH,GIA,GIA3304,GIA319,05/18:38,05/18:41,05/20:00,05/20:13,1:19:00,HLP,CGK,004,10,1,1,NML,7,2025
689.,A320,PKGLG,CTV,CTV435,CTV737,05/19:22,05/19:26,05/20:50,05/21:04,1:24:00,BPN,CGK,008,10,1,1,NML,7,2025
690.,A320,PKGQP,CTV,CTV724,CTV354,05/19:54,05/19:58,05/20:33,05/20:44,0:35:00,CGK,UPG,009,10,1,1,NML,7,2025
691.,B735,PKCLE,SJY,SJY567,SJY562,05/20:52,05/20:57,05/21:40,05/21:50,0:43:00,UPG,UPG,011,10,1,1,NML,7,2025
692.,A320,PKBKJ,BTK,BTK6137,BTK6136,05/19:45,05/19:49,05/21:53,05/22:05,2:04:00,UPG,UPG,014,10,1,1,NML,7,2025
693.,A333,ECNOG,SVA,SVA5154,SVA4154,06/00:02,06/00:09,06/01:42,06/01:52,1:33:00,MCT,MED,012,28,1,1,NML,7,2025
694.,B739,PKLJQ,LNI,LNI3839,LNI878,05/19:41,05/19:46,06/05:01,06/05:10,9:15:00,PNK,AMQ,17A,28,0,0,NML,7,2025
695.,A320,PKSJQ,SJV,SJV567,SJV610,05/11:50,05/11:56,06/05:00,06/05:12,17:04:00,PLW,BPN,021,28,0,0,NML,7,2025
696.,A320,PKAZJ,AWQ,AWQ325,AWQ320,05/19:00,05/19:04,06/05:00,06/05:14,9:56:00,KUL,KUL,A01,28,1,1,NML,7,2025
697.,A320,PKBLB,BTK,BTK6586,BTK7508,05/22:25,05/22:29,06/04:57,06/05:07,6:28:00,CGK,HLP,009,28,1,1,NML,7,2025
698.,B739,PKLQT,LNI,LNI923,LNI786,05/22:28,05/22:35,06/05:09,06/05:20,6:34:00,DPS,UPG,025,28,0,0,NML,7,2025
699.,B738,PKGNC,GIA,GIA855,GIA301,05/20:57,05/23:07,06/05:04,06/05:15,8:00:00,SIN,CGK,004,28,1,1,NML,7,2025
700.,A320,PKGQN,CTV,CTV726,CTV430,05/21:21,05/21:25,06/05:04,06/05:17,7:39:00,CGK,BPN,007,28,1,1,NML,7,2025
701.,A320,PKBKY,BTK,BTK6221,BTK8412,05/19:38,05/19:43,06/05:27,06/05:37,9:44:00,BPN,DPS,018,28,0,0,NML,7,2025
702.,A320,PKSTI,SJV,SJV673,SJV706,05/20:25,05/20:29,06/05:26,06/05:35,8:57:00,BEJ,DPS,020,28,0,0,NML,7,2025
703.,A333,ECODR,SVA,SVA5281,SVA4281,06/03:22,06/03:30,06/05:28,06/05:39,1:58:00,MCT,MED,012,28,1,1,NML,7,2025
704.,A320,PKGQQ,CTV,CTV9695,CTV725,05/20:01,05/20:05,06/05:45,06/05:55,9:40:00,DPS,CGK,006,28,1,1,NML,7,2025
705.,B739,PKLFW,LNI,LNI690,LNI690,06/05:04,06/05:10,06/06:09,06/06:18,0:59:00,CGK,KOE,014,28,1,1,NML,7,2025
706.,A320,PKGLR,CTV,CTV353,CTV9670,06/05:00,06/05:08,06/05:49,06/05:57,0:41:00,UPG,LOP,008,28,1,1,NML,7,2025
707.,B739,PKLGL,LNI,LNI919,LNI882,05/20:48,05/20:53,06/06:09,06/06:21,9:16:00,DPS,UPG,023,28,0,0,NML,7,2025
708.,A320,PKSTC,SJV,SJV619,SJV640,05/16:02,05/16:07,06/06:02,06/06:11,13:55:00,BPN,AAP,024,28,0,0,NML,7,2025
709.,B738,PKBGF,BTK,BTK6588,BTK6589,06/01:43,06/01:48,06/06:07,06/06:16,4:19:00,CGK,CGK,011,28,1,1,NML,7,2025
710.,A320,PKBKV,BTK,BTK6413,BTK6412,05/20:17,05/20:24,06/06:21,06/06:31,9:57:00,DPS,DPS,022,28,0,0,NML,7,2025
711.,A320,PKSAG,SJV,SJV615,SJV634,05/21:08,05/21:14,06/06:32,06/06:43,9:18:00,BPN,BDJ,026,28,0,0,NML,7,2025
712.,A320,PKSJU,SJV,SJV717,SJV566,06/06:02,06/06:07,06/07:08,06/07:17,1:01:00,LOP,PLW,009,28,1,1,NML,7,2025
713.,A320,PKLUF,BTK,BTK7521,BTK6135,05/21:01,05/21:05,06/07:01,06/07:09,9:56:00,HLP,PKN,010,28,1,1,NML,7,2025
714.,B738,PKGMW,GIA,GIA328,GIA854,05/20:36,05/22:46,06/07:02,06/07:15,10:22:00,CGK,SIN,A02,28,1,1,NML,7,2025
715.,B738,PKGFF,GIA,GIA324,GIA305,05/21:36,05/21:40,06/07:02,06/07:13,9:22:00,CGK,CGK,005,28,1,1,NML,7,2025
716.,B739,PKLFK,LNI,LNI311,LNI646,06/06:20,06/06:25,06/07:28,06/07:40,1:03:00,BDJ,LOP,015,28,1,1,NML,7,2025
717.,A320,PKLUY,BTK,BTK7511,BTK7510,06/06:38,06/06:45,06/07:26,06/07:40,0:41:00,HLP,HLP,008,28,1,1,NML,7,2025
718.,A320,PKAZL,AWQ,AWQ327,AWQ392,05/23:21,05/23:27,06/07:25,06/07:36,7:58:00,KUL,JHB,A03,28,1,1,NML,7,2025
719.,A320,PKLUZ,BTK,BTK6572,BTK6573,06/07:06,06/07:17,06/08:22,06/08:34,1:05:00,CGK,CGK,009,28,1,1,NML,7,2025
720.,B739,PKLHJ,LNI,LNI693,LNI693,06/06:45,06/06:50,06/07:46,06/07:57,0:56:00,KOE,CGK,016,28,1,1,NML,7,2025
721.,A320,PKGLS,CTV,CTV690,CTV460,06/07:01,06/07:09,06/07:54,06/08:03,0:45:00,DPS,AAP,006,28,1,1,NML,7,2025
722.,B739,PKLSP,LNI,LNI363,LNI222,06/06:41,06/06:47,06/08:17,06/08:30,1:30:00,BPN,BDJ,011,28,1,1,NML,7,2025
723.,B739,PKLFO,LNI,LNI929,LNI990,06/07:13,06/07:19,06/08:17,06/08:26,0:58:00,DPS,DPS,010,28,1,1,NML,7,2025
724.,B739,PKLSL,LNI,LNI267,LNI971,06/06:54,06/06:58,06/08:02,06/08:10,1:04:00,TRK,BTH,018,28,0,0,NML,7,2025
725.,A333,BLBE,CPA,CPA779,CPA780,05/17:52,05/17:59,06/08:05,06/08:21,14:06:00,HKG,HKG,A08,28,1,1,NML,7,2025
726.,B738,PKLQZ,LNI,LNI837,LNI868,06/07:46,06/07:51,06/08:39,06/08:45,0:48:00,PNK,TTE,17A,28,0,0,NML,7,2025
727.,A320,PKSTI,SJV,SJV703,SJV612,06/08:16,06/08:21,06/09:11,06/09:21,0:50:00,DPS,BPN,015,28,1,1,NML,7,2025
728.,B738,PKLZZ,MXD,MXD352,MXD353,05/19:11,05/19:16,06/08:39,06/08:50,13:23:00,KUL,KUL,A04,28,1,1,NML,7,2025
729.,A320,PKSGC,SJV,SJV649,SJV618,06/07:37,06/07:45,06/08:56,06/09:04,1:11:00,BPN,BPN,008,28,1,1,NML,7,2025
730.,B738,PKGMV,GIA,GIA304,GIA342,06/08:20,06/08:25,06/09:18,06/09:28,0:53:00,CGK,DPS,004,28,1,1,NML,7,2025
731.,A320,PKPWK,PAS,PAS200,PAS201,06/08:23,06/08:29,06/09:15,06/09:26,0:46:00,CGK,CGK,005,28,1,1,NML,7,2025
732.,A320,PKSJQ,SJV,SJV611,SJV642,06/08:31,06/08:36,06/09:34,06/09:44,0:58:00,BPN,AAP,016,28,1,1,NML,7,2025
733.,A320,PKGLR,CTV,CTV9671,CTV486,06/08:27,06/08:34,06/09:25,06/09:35,0:51:00,LOP,BDJ,006,28,1,1,NML,7,2025
734.,B738MAX,9MMVH,MAS,MAS871,MAS870,06/08:54,06/08:59,06/09:53,06/10:06,0:54:00,KUL,KUL,A07,28,1,1,NML,7,2025
735.,B735,PKNAT,LKN,LKN243,LKN242,06/09:23,06/09:28,06/10:07,06/10:14,0:39:00,SMQ,SMQ,010,28,1,1,NML,7,2025
736.,A359,9VSHM,SIA,SIA922,SIA923,06/09:07,06/09:10,06/10:14,06/10:32,1:04:00,SIN,SIN,A08,28,1,1,NML,7,2025
737.,A320,PKBKY,BTK,BTK8413,BTK6585,06/08:00,06/08:06,06/10:13,06/10:23,2:07:00,DPS,CGK,020,28,0,0,NML,7,2025
738.,A333,ECODQ,SVA,SVA5656,SVA4656,06/07:54,06/08:04,06/10:11,06/10:24,2:07:00,MCT,MED,012,28,1,1,NML,7,2025
739.,A320,PKSAG,SJV,SJV635,SJV632,06/09:33,06/09:39,06/10:24,06/10:35,0:45:00,BDJ,BDJ,015,28,1,1,NML,7,2025
740.,A320,PKGLU,CTV,CTV351,CTV350,06/09:18,06/09:26,06/10:14,06/10:25,0:48:00,UPG,UPG,007,28,1,1,NML,7,2025
741.,A320,PKSJH,SJV,SJV2363,SJV2362,06/09:52,06/09:57,06/11:11,06/11:18,1:14:00,KNO,KNO,011,28,1,1,NML,7,2025
742.,B739,PKLFK,LNI,LNI645,LNI822,06/10:18,06/10:24,06/11:29,06/11:39,1:05:00,LOP,LOP,016,28,1,1,NML,7,2025
743.,A20N,9VTNF,TGW,TGW296,TGW297,06/09:46,06/09:49,06/10:47,06/11:02,0:58:00,SIN,SIN,A02,28,1,1,NML,7,2025
744.,B739,PKLGL,LNI,LNI791,LNI262,06/09:42,06/09:47,06/10:46,06/11:00,0:59:00,UPG,BPN,17B,28,0,0,NML,7,2025
745.,B739,PKLGW,LNI,LNI970,LNI748,06/09:58,06/10:01,06/11:01,06/11:11,1:00:00,BTH,MDC,17A,28,0,0,NML,7,2025
746.,A320,PKLUV,BTK,BTK7513,BTK7516,06/10:49,06/10:55,06/11:37,06/11:48,0:42:00,HLP,HLP,009,28,1,1,NML,7,2025
747.,A320,PKLUF,BTK,BTK6134,BTK6346,06/09:49,06/09:55,06/11:09,06/11:17,1:14:00,PKN,BEJ,008,28,1,1,NML,7,2025
748.,A320,PKGQE,CTV,CTV722,CTV723,06/09:59,06/10:04,06/10:47,06/10:57,0:43:00,CGK,CGK,006,28,1,1,NML,7,2025
749.,B739,PKLFW,LNI,LNI697,LNI694,06/10:57,06/11:05,06/12:48,06/12:58,1:43:00,KOE,KOE,015,10,1,1,NML,7,2025
750.,B739,PKLSO,LNI,LNI683,LNI682,06/10:21,06/10:26,06/11:20,06/11:29,0:54:00,PKY,PKY,018,28,0,0,NML,7,2025
751.,B739,PKLVF,LNI,LNI694,LNI697,06/10:40,06/10:45,06/11:57,06/12:07,1:12:00,CGK,CGK,021,28,0,0,NML,7,2025
752.,A320,PKAZJ,AWQ,AWQ321,AWQ322,06/10:51,06/10:55,06/11:32,06/11:41,0:37:00,KUL,KUL,A03,28,1,1,NML,7,2025
753.,B739,PKLSP,LNI,LNI223,LNI856,06/11:09,06/11:22,06/12:11,06/12:23,0:49:00,BDJ,PLM,17B,28,0,0,NML,7,2025
754.,A320,PKLUY,BTK,BTK7517,BTK7520,06/10:54,06/11:01,06/11:51,06/12:02,0:50:00,HLP,HLP,010,28,1,1,NML,7,2025
755.,B738,PKGUG,GIA,GIA322,GIA327,06/10:26,06/10:35,06/11:35,06/11:46,1:00:00,CGK,CGK,004,28,1,1,NML,7,2025
756.,A320,PKGLS,CTV,CTV461,CTV698,06/11:32,06/11:37,06/12:20,06/12:29,0:43:00,AAP,DPS,006,28,1,1,NML,7,2025
757.,A320,PKGQC,CTV,CTV9693,CTV9692,06/11:37,06/11:44,06/12:24,06/12:34,0:40:00,DPS,DPS,007,28,1,1,NML,7,2025
758.,A320,PKSJU,SJV,SJV567,SJV636,06/11:27,06/11:32,06/12:29,06/12:42,0:57:00,PLW,BDJ,17A,28,0,0,NML,7,2025
759.,B739,PKLSR,LNI,LNI801,LNI780,06/12:50,06/12:55,06/14:03,06/14:16,1:08:00,UPG,UPG,016,10,1,1,NML,7,2025
760.,B735,PKNAQ,LKN,LKN193,LKN192,06/11:43,06/11:47,06/12:29,06/12:37,0:42:00,PKN,PKN,011,28,1,1,NML,7,2025
761.,B739,PKLHR,LNI,LNI805,LNI804,06/12:21,06/12:26,06/13:27,06/13:46,1:01:00,DPS,DPS,010,10,1,1,NML,7,2025
762.,B739,PKLJI,LNI,LNI315,LNI973,06/12:05,06/12:10,06/13:17,06/13:27,1:07:00,BDJ,BTH,009,10,1,1,NML,7,2025
763.,A320,PKPWF,PAS,PAS204,PAS205,06/12:08,06/12:14,06/13:25,06/13:42,1:11:00,CGK,CGK,005,10,1,1,NML,7,2025
764.,A320,PKAZL,AWQ,AWQ393,AWQ324,06/12:26,06/12:29,06/13:10,06/13:24,0:41:00,JHB,KUL,A03,10,1,1,NML,7,2025
765.,A320,PKGLR,CTV,CTV487,CTV668,06/12:13,06/12:20,06/13:20,06/13:35,1:00:00,BDJ,DPS,008,10,1,1,NML,7,2025
766.,B739,PKLGW,LNI,LNI749,LNI260,06/17:06,06/17:09,06/18:11,06/18:20,1:02:00,MDC,BPN,012,28,1,1,NML,7,2025
767.,B739,PKLFK,LNI,LNI823,LNI680,06/14:31,06/14:36,06/15:33,06/15:45,0:57:00,LOP,PKY,010,10,1,1,NML,7,2025
768.,B738,PKLSF,LNI,LNI839,LNI836,06/13:33,06/13:38,06/16:12,06/16:24,2:34:00,PNK,PNK,015,10,1,1,NML,7,2025
769.,A320,PKSAG,SJV,SJV633,SJV726,06/13:53,06/13:57,06/15:01,06/15:10,1:04:00,BDJ,LBJ,011,10,1,1,NML,7,2025
770.,B739,PKLHL,LNI,LNI787,LNI686,06/15:31,06/15:37,06/16:26,06/16:41,0:49:00,UPG,PKY,017,10,1,1,NML,7,2025
771.,A320,PKGQN,CTV,CTV431,CTV948,06/13:43,06/13:47,06/14:34,06/14:44,0:47:00,BPN,BTH,007,10,1,1,NML,7,2025
772.,B738,PKGFI,GIA,GIA312,GIA317,06/13:46,06/13:50,06/14:45,06/14:58,0:55:00,CGK,CGK,004,10,1,1,NML,7,2025
773.,A320,9VJSO,JSA,JSA247,JSA248,06/14:05,06/14:10,06/15:05,06/15:20,0:55:00,SIN,SIN,A07,10,1,1,NML,7,2025
774.,A320,PKLZH,BTK,BTK7515,BTK7514,06/13:50,06/13:54,06/14:44,06/14:53,0:50:00,HLP,HLP,009,10,1,1,NML,7,2025
775.,B738,PKGFG,GIA,GIA330,GIA331,06/14:17,06/14:20,06/15:13,06/15:27,0:53:00,HLP,HLP,005,10,1,1,NML,7,2025
776.,A320,PKLUI,BTK,BTK6582,BTK6581,06/14:56,06/14:59,06/16:01,06/16:12,1:02:00,CGK,CGK,008,10,1,1,NML,7,2025
777.,B739,PKLGL,LNI,LNI261,LNI642,06/14:24,06/14:29,06/15:17,06/15:29,0:48:00,BPN,LOP,017,10,1,1,NML,7,2025
778.,B738,PKLQZ,LNI,LNI869,LNI3838,06/14:42,06/14:48,06/16:36,06/16:46,1:48:00,TTE,PNK,016,10,1,1,NML,7,2025
779.,A333,ECNOF,SVA,SVA5170,SVA4170,06/13:37,06/13:42,06/15:31,06/15:46,1:49:00,MCT,MED,012,10,1,1,NML,7,2025
780.,A320,PKLUY,BTK,BTK7501,BTK7512,06/15:15,06/15:19,06/17:02,06/17:13,1:43:00,HLP,HLP,009,10,1,1,NML,7,2025
781.,A320,PKGLS,CTV,CTV699,CTV434,06/15:00,06/15:03,06/15:41,06/15:52,0:38:00,DPS,BPN,006,10,1,1,NML,7,2025
782.,B738MAX,9MMVE,MAS,MAS873,MAS872,06/14:50,06/14:58,06/15:45,06/15:57,0:47:00,KUL,KUL,A06,10,1,1,NML,7,2025
783.,B739,PKLHR,LNI,LNI919,LNI920,06/17:25,06/17:29,06/18:28,06/18:43,0:59:00,DPS,DPS,016,28,1,1,NML,7,2025
784.,A320,PKSTC,SJV,SJV643,SJV672,06/15:05,06/15:10,06/16:16,06/16:26,1:06:00,AAP,BEJ,014,10,1,1,NML,7,2025
785.,B739,PKLSP,LNI,LNI727,LNI920B,06/22:23,06/22:29,06/23:13,06/23:24,0:43:59,KDI,DPS,015,10,1,1,,7,2025
786.,A320,PKLUF,BTK,BTK6347,BTK6401,06/15:24,06/15:28,06/16:18,06/16:28,0:50:00,BEJ,CGK,011,10,1,1,NML,7,2025
787.,B739,PKLFW,LNI,LNI695,LNI910,06/17:37,06/17:42,06/20:52,06/21:02,3:10:00,KOE,DPS,020,28,0,0,NML,7,2025
788.,A320,PKSJU,SJV,SJV637,SJV648,06/15:17,06/15:20,06/16:20,06/16:30,1:00:00,BDJ,BPN,020,10,0,0,NML,7,2025
789.,B738,PKGFW,GIA,GIA310,GIA315,06/15:37,06/15:43,06/16:35,06/16:49,0:52:00,CGK,CGK,004,10,1,1,NML,7,2025
790.,A320,PKPWH,PAS,PAS206,PAS623,06/15:59,06/16:02,06/16:45,06/16:58,0:43:00,CGK,BPN,005,10,1,1,NML,7,2025
791.,B739,PKLQT,LNI,LNI692,LNI268,06/17:11,06/17:16,06/18:16,06/18:31,1:00:00,CGK,TRK,014,28,1,1,NML,7,2025
792.,B739,PKLSL,LNI,LNI972,LNI692,06/17:43,06/17:48,06/18:57,06/19:07,1:09:00,BTH,KOE,015,28,1,1,NML,7,2025
793.,A320,PKPWC,PAS,PAS208,PAS209,06/16:05,06/16:08,06/16:54,06/17:08,0:46:00,CGK,CGK,006,10,1,1,NML,7,2025
794.,B738,PKLOJ,LNI,LNI709,LNI706,06/17:22,06/17:27,06/18:28,06/18:45,1:01:00,UPG,UPG,017,28,1,1,NML,7,2025
795.,A320,PKGQC,CTV,CTV669,CTV9694,06/16:43,06/16:47,06/17:20,06/17:31,0:33:00,DPS,DPS,007,10,1,1,NML,7,2025
796.,A320,PKLUU,BTK,BTK6406,BTK6220,06/17:09,06/17:13,06/18:03,06/18:15,0:50:00,CGK,BPN,011,28,1,1,NML,7,2025
797.,B739,PKLSP,LNI,LNI857,LNI722,06/16:52,06/16:56,06/17:59,06/18:08,1:03:00,PLM,KDI,010,28,1,1,NML,7,2025
798.,B738,PKLJQ,LNI,LNI879,LNI838,06/14:21,06/14:25,06/18:23,06/18:38,3:58:00,AMQ,PNK,018,28,0,0,NML,7,2025
799.,A320,PKAZJ,AWQ,AWQ323,AWQ326,06/16:56,06/17:01,06/17:38,06/17:46,0:37:00,KUL,KUL,A03,10,1,1,NML,7,2025
800.,B739,PKLFK,LNI,LNI681,LNI316,06/18:36,06/18:44,06/20:09,06/20:18,1:25:00,PKY,BDJ,014,28,1,1,NML,7,2025
801.,B739,PKLQS,LNI,LNI883,LNI226,06/20:39,06/20:43,06/21:59,06/22:11,1:16:30,UPG,BDJ,014,28,1,1,NML,7,2025
802.,A320,PKPWD,PAS,PAS622,PAS207,06/17:19,06/17:22,06/18:16,06/18:24,0:54:00,BPN,CGK,006,28,1,1,NML,7,2025
803.,B739,PKLHL,LNI,LNI687,LNI800,06/19:28,06/19:34,06/20:32,06/20:43,0:58:00,PKY,UPG,015,28,1,1,NML,7,2025
804.,B738,PKGMV,GIA,GIA349,GIA313,06/17:59,06/18:03,06/19:00,06/19:10,0:57:00,DPS,CGK,004,28,1,1,NML,7,2025
805.,A320,PKSTC,SJV,SJV673,SJV716,06/20:36,06/20:42,06/21:56,06/22:05,1:14:32,BEJ,LOP,010,10,1,1,NML,7,2025
806.,A320,PKLUV,BTK,BTK7503,BTK7502,06/20:50,06/20:55,06/21:55,06/22:07,0:59:03,HLP,HLP,15A,10,0,0,NML,7,2025
807.,B738,PKGUC,GIA,GIA320,GIA325,06/17:29,06/17:33,06/18:55,06/19:03,1:22:00,CGK,CGK,005,28,1,1,NML,7,2025
808.,A320,PKGQF,CTV,CTV172,CTV173,06/20:33,06/20:38,06/21:23,06/21:36,0:45:00,HLP,HLP,008,28,1,1,NML,7,2025
809.,B738MAX,9VMBE,SIA,SIA928,SIA929,06/18:33,06/18:37,06/19:33,06/19:52,0:56:00,SIN,SIN,A07,28,1,1,NML,7,2025
810.,A320,PKGQQ,CTV,CTV949,CTV494,06/19:08,06/19:16,06/19:55,06/20:10,0:39:00,BTH,BDJ,008,28,1,1,NML,7,2025
811.,A320,PKBLC,BTK,BTK6576,BTK6575,06/19:23,06/19:30,06/20:39,06/20:52,1:09:00,CGK,CGK,010,28,1,1,NML,7,2025
812.,A320,PKGLE,CTV,CTV489,CTV693,06/19:01,06/19:07,06/20:45,06/20:57,1:38:00,BDJ,DPS,006,28,1,1,NML,7,2025
813.,B788,9VOFD,TGW,TGW266,TGW267,06/18:40,06/18:43,06/19:48,06/20:06,1:05:00,SIN,SIN,A06,28,1,1,NML,7,2025
814.,B738,PKGFG,GIA,GIA3304,GIA3354,06/20:20,06/20:25,06/21:19,06/21:30,0:54:00,HLP,HLP,007,28,1,1,NML,7,2025
815.,A320,PKLUY,BTK,BTK7519,BTK7518,06/21:00,06/21:05,06/22:01,06/22:16,0:56:00,HLP,HLP,15B,10,0,0,NML,7,2025
816.,B739,PKLHR,LNI,LNI920B,LNI581,06/19:54,06/19:58,06/21:47,06/21:58,1:49:00,DPS,CGK,C05,10,0,0,NML,7,2025
817.,B739,PKLGL,LNI,LNI642B,LNI642D,06/17:15,06/17:20,06/20:05,06/20:15,2:45:00,LOP,LOP,024,28,0,0,NML,7,2025
818.,B738,PKGMA,GIA,GIA326,GIA319,06/19:20,06/19:27,06/20:11,06/20:22,0:44:00,CGK,CGK,004,28,1,1,NML,7,2025
819.,A320,PKGQE,CTV,CTV736,CTV352,06/19:41,06/19:47,06/20:45,06/20:55,0:58:00,CGK,UPG,009,28,1,1,NML,7,2025
820.,B735,PKCLE,SJY,SJY567,SJY562,06/21:45,06/21:49,06/22:29,06/22:40,0:40:00,UPG,UPG,011,10,1,1,NML,7,2025
821.,A320,PKGLS,CTV,CTV435,CTV737,06/19:14,06/19:20,06/20:13,06/20:24,0:53:00,BPN,CGK,007,28,1,1,NML,7,2025
822.,B738,PKLDJ,BTK,BTK6586,BTK6587,06/20:26,06/20:32,06/21:25,06/21:40,0:53:00,CGK,CGK,011,28,1,1,NML,7,2025
823.,A320,PKGQL,CTV,CTV724,CTV354,06/21:38,06/21:40,06/22:16,06/22:28,0:36:00,CGK,UPG,007,10,1,1,NML,7,2025
824.,A359,TCLGH,THY,THY066,THY066,06/19:41,06/19:42,06/21:25,06/21:35,1:43:00,IST,DPS,A07,28,1,1,NML,7,2025
825.,A320,PKSAS,SJV,SJV736,SJV736,06/19:18,06/19:25,06/21:08,06/21:20,1:43:00,CGK,DPS,C03,28,0,0,DVT,7,2025
826.,A320,PKGQC,CTV,CTV9694B,CTV9694B,06/19:37,06/19:43,06/20:57,06/21:07,1:14:00,DPS,DPS,C04,28,0,0,NML,7,2025
827.,A320,PKLUQ,TLM,TLM7636,TLM7636,06/19:50,06/19:56,06/21:20,06/21:30,1:24:00,DMK,DPS,C01,10,0,0,DVT,7,2025
828.,B738,PKGFI,GIA,GIA420,GIA420,06/20:08,06/20:10,06/21:38,06/21:47,1:27:00,CGK,DPS,C06,10,0,0,NML,7,2025
829.,A320,PKBKJ,BTK,BTK6137,BTK6136,06/20:01,06/20:06,06/22:13,06/22:26,2:07:00,UPG,UPG,012,10,1,1,NML,7,2025
830.,CL60,N779LG,MPU,N779LG,N779LG,06/16:16,06/16:20,06/23:42,06/23:47,7:22:00,CGK,CGK,A09,28,0,0,NML,7,2025
831.,B738,PKGMI,GIA,GIA414,GIA414,06/18:28,06/18:37,06/23:03,06/23:17,4:26:00,CGK,DPS,003,10,0,0,DVT,7,2025
832.,B739,PKLHS,LNI,LNI747,LNI747,06/23:09,06/23:13,06/23:52,07/00:01,0:39:00,UPG,DPS,014,10,1,1,NML,7,2025
833.,A320,PKLUW,BTK,BTK6594,BTK7508,06/21:04,06/21:10,07/04:55,07/05:05,7:45:15,CGK,HLP,024,28,0,0,NML,7,2025
834.,A320,PKSAG,SJV,SJV725,SJV706,06/21:50,06/21:59,07/05:38,07/05:47,7:39:01,LBJ,DPS,17B,28,0,0,NML,7,2025
835.,A320,PKAZL,AWQ,AWQ325,AWQ320,06/19:04,06/19:07,07/04:57,07/05:10,9:50:00,KUL,KUL,A01,28,1,1,NML,7,2025
836.,A320,PKGQC,CTV,CTV9695,CTV430,07/00:23,07/00:26,07/04:55,07/05:03,4:29:12,DPS,BPN,007,28,1,1,NML,7,2025
837.,A320,PKSTI,SJV,SJV619,SJV610,06/18:12,06/18:20,07/05:01,07/05:12,10:41:38,BPN,BPN,023,28,0,0,NML,7,2025
838.,B733F,PKMYV,MYU,MYU935,MYU815,06/13:29,06/13:36,07/05:04,07/05:14,15:28:00,SRG,CGK,C02,28,0,0,NML,7,2025
839.,A320,PKLAL,BTK,BTK6413,BTK6132,07/01:59,07/02:05,07/05:12,07/05:21,3:07:08,DPS,LOP,15B,28,0,0,NML,7,2025
840.,B738,PKGFW,GIA,GIA324,GIA301,06/21:06,06/21:15,07/05:05,07/05:16,7:50:53,CGK,CGK,006,28,1,1,NML,7,2025
841.,B739,PKLHH,LNI,LNI690,LNI690,07/05:07,07/05:13,07/06:06,07/06:17,0:53:00,CGK,KOE,011,28,1,1,NML,7,2025
842.,A320,PKGQS,CTV,CTV726,CTV725,06/22:17,06/22:21,07/05:39,07/05:49,7:18:00,CGK,CGK,008,28,1,1,NML,7,2025
843.,B739,PKLHO,LNI,LNI923,LNI786,07/01:31,07/01:35,07/05:50,07/06:00,4:15:00,DPS,UPG,15A,28,0,0,NML,7,2025
844.,B738,PKLQZ,LNI,LNI3839,LNI868,06/20:30,06/20:35,07/05:56,07/06:10,9:21:28,PNK,TTE,022,28,0,0,NML,7,2025
845.,A320,PKSJQ,SJV,SJV641,SJV640,06/13:40,06/13:43,07/06:04,07/06:19,16:21:20,AAP,AAP,025,28,0,0,NML,7,2025
846.,A320,PKGQL,CTV,CTV353,CTV9670,07/05:01,07/05:08,07/05:50,07/05:58,0:42:00,UPG,LOP,007,28,1,1,NML,7,2025
847.,A320,V8RBE,RBA,RBA795,RBA796,06/20:04,06/20:08,07/05:51,07/06:03,9:43:28,BWN,BWN,A03,28,1,1,NML,7,2025
848.,A320,PKPWI,PAS,PAS202,PAS213,06/19:45,06/19:52,07/06:00,07/06:15,10:08:00,CGK,CGK,005,28,1,1,NML,7,2025
849.,A320,PKBKP,BTK,BTK7521,BTK6412,06/22:15,06/22:18,07/06:17,07/06:28,7:59:00,HLP,DPS,010,28,1,1,NML,7,2025
850.,A320,PKSGC,SJV,SJV615,SJV634,06/20:45,06/20:50,07/06:29,07/06:38,9:38:57,BPN,BDJ,021,28,0,0,NML,7,2025
851.,B739,PKLQS,LNI,LNI311,LNI878,07/06:08,07/06:14,07/07:13,07/07:24,0:59:00,BDJ,AMQ,011,28,1,1,NML,7,2025
852.,A320,PKLUU,BTK,BTK6221,BTK6135,06/21:33,06/21:39,07/07:02,07/07:12,9:23:00,BPN,PKN,016,28,1,1,NML,7,2025
853.,B738,PKLZV,BTK,BTK6370,BTK6597,07/06:05,07/06:11,07/07:05,07/07:14,0:54:00,CGK,CGK,009,28,1,1,NML,7,2025
854.,B739,PKLGL,LNI,LNI865,LNI971,06/22:52,06/22:57,07/07:12,07/07:22,8:15:00,LOP,BTH,17A,28,0,0,NML,7,2025
855.,B738,PKGFM,GIA,GIA328,GIA854,06/20:14,07/00:37,07/06:50,07/07:00,10:30:00,CGK,SIN,A02,28,1,1,NML,7,2025
856.,B738,PKGMW,GIA,GIA855,GIA305,06/20:53,07/00:59,07/06:56,07/07:05,10:00:00,SIN,CGK,004,28,1,1,NML,7,2025
857.,A320,PKBLA,BTK,BTK6588,BTK6589,06/21:21,06/21:27,07/07:10,07/07:20,9:42:22,CGK,CGK,018,28,0,0,NML,7,2025
858.,B739,PKLSI,LNI,LNI363,LNI646,07/06:13,07/06:18,07/07:08,07/07:17,0:50:00,BPN,LOP,015,28,1,1,NML,7,2025
859.,A320,PKBKR,BTK,BTK6572,BTK6573,07/06:52,07/06:58,07/07:59,07/08:07,1:01:00,CGK,CGK,007,28,1,1,NML,7,2025
860.,A320,PKLUY,BTK,BTK7511,BTK7510,07/06:35,07/06:40,07/07:32,07/07:41,0:52:00,HLP,HLP,010,28,1,1,NML,7,2025
861.,A320,PKAZJ,AWQ,AWQ327,AWQ392,06/23:30,06/23:35,07/07:32,07/07:43,7:57:00,KUL,JHB,A07,28,1,1,NML,7,2025
862.,B739,PKLSL,LNI,LNI693,LNI882,07/06:49,07/06:54,07/07:47,07/07:57,0:53:00,KOE,UPG,17B,28,0,0,NML,7,2025
863.,A320,PKGLG,CTV,CTV690,CTV460,07/06:46,07/06:52,07/07:32,07/07:45,0:40:00,DPS,AAP,006,28,1,1,NML,7,2025
864.,B739,PKLQT,LNI,LNI267,LNI693,07/07:03,07/07:08,07/08:06,07/08:17,0:58:00,TRK,CGK,021,28,0,0,NML,7,2025
"865.,C208,PKVVO,SUS,PKVVO,PKVVO,05/13:45,05/13:50,07/08:17,07/08:23,""1 day, 18:27:00"",JOG,BXW,C07,28,0,0,NML,7,2025"
866.,A21N,B32L3,CSN,CSN8137,CSN8138,06/21:56,06/22:02,07/08:01,07/08:12,9:59:00,CAN,CAN,A06,28,1,1,NML,7,2025
867.,B412,HA5140,TAD,-,HA5140,--:--,--:--,--:--,--:--,None,-,SRG,None,-,-1,-,NML,7,2025
868.,A333,BLBE,CPA,CPA779,CPA780,06/18:58,06/19:02,07/09:04,07/09:32,14:02:00,HKG,HKG,A08,10,1,1,NML,7,2025
869.,B739,PKLHS,LNI,LNI929,LNI990,07/06:55,07/07:01,07/08:23,07/08:33,1:22:00,DPS,DPS,020,28,0,0,NML,7,2025
870.,A320,PKLAL,BTK,BTK6133,BTK6391,07/07:55,07/08:02,07/08:47,07/08:59,0:45:00,LOP,CGK,009,10,1,1,NML,7,2025
871.,B738,PKLZZ,MXD,MXD352,MXD353,06/19:11,06/19:15,07/08:36,07/08:49,13:21:00,KUL,KUL,A04,28,1,1,NML,7,2025
872.,B739,PKLFK,LNI,LNI315,LNI222,07/07:49,07/07:54,07/08:47,07/08:57,0:53:00,BDJ,BDJ,014,10,1,1,NML,7,2025
873.,A333,ECNOG,SVA,SVA5164,SVA4164,07/06:25,07/06:34,07/08:55,07/09:10,2:21:00,MCT,MED,012,10,1,1,NML,7,2025
874.,A320,PKSAL,SJV,SJV649,SJV618,07/07:37,07/07:42,07/08:57,07/09:06,1:15:00,BPN,BPN,011,10,1,1,NML,7,2025
875.,B738,PKLJQ,LNI,LNI837,LNI748,07/07:58,07/08:02,07/09:11,07/09:24,1:09:00,PNK,MDC,017,10,1,1,NML,7,2025
876.,A320,PKSAG,SJV,SJV703,SJV612,07/08:15,07/08:20,07/10:59,07/11:08,2:39:00,DPS,BPN,010,10,1,1,NML,7,2025
877.,B738,PKGNG,GIA,GIA304,GIA342,07/08:21,07/08:27,07/09:21,07/09:36,0:54:00,CGK,DPS,008,10,1,1,NML,7,2025
878.,A320,PKGQL,CTV,CTV9671,CTV486,07/08:26,07/08:32,07/09:17,07/09:30,0:45:00,LOP,BDJ,007,10,1,1,NML,7,2025
879.,A320,PKSJM,SJV,SJV717,SJV566,07/10:22,07/10:26,07/11:10,07/11:25,0:44:00,LOP,PLW,009,10,1,1,NML,7,2025
880.,B738,9MMLN,MAS,MAS871,MAS870,07/09:08,07/09:18,07/10:05,07/10:19,0:47:00,KUL,KUL,A06,10,1,1,NML,7,2025
881.,B735,PKNAT,LKN,LKN243,LKN242,07/09:27,07/09:31,07/10:09,07/10:24,0:38:00,SMQ,SMQ,009,10,1,1,NML,7,2025
882.,A359,9VSHD,SIA,SIA922,SIA923,07/09:21,07/09:29,07/10:27,07/10:40,0:58:00,SIN,SIN,A08,10,1,1,NML,7,2025
883.,C208,PKVVO,SUS,PKVVO,PKVVO,07/10:11,07/10:16,07/10:50,07/10:55,0:34:00,BXW,BXW,C07,10,0,0,NML,7,2025
884.,A320,PKSGC,SJV,SJV635,SJV632,07/09:17,07/09:21,07/10:18,07/10:30,0:57:00,BDJ,BDJ,011,10,1,1,NML,7,2025
885.,A320,PKGLE,CTV,CTV351,CTV350,07/09:33,07/09:37,07/10:25,07/10:36,0:48:00,UPG,UPG,006,10,1,1,NML,7,2025
886.,B739,PKLSI,LNI,LNI645,LNI822,07/10:06,07/10:10,07/11:09,07/11:19,0:59:00,LOP,LOP,016,10,1,1,NML,7,2025
887.,A320,9VTRP,TGW,TGW296,TGW297,07/09:46,07/09:51,07/10:43,07/10:53,0:52:00,SIN,SIN,A02,10,1,1,NML,7,2025
888.,A320,PKPWI,PAS,PAS210,PAS211,07/09:41,07/09:45,07/10:32,07/10:46,0:47:00,CGK,CGK,005,10,1,1,NML,7,2025
889.,A320,PKLUU,BTK,BTK6134,BTK6346,07/09:38,07/09:42,07/10:45,07/11:01,1:03:00,PKN,BEJ,008,10,1,1,NML,7,2025
890.,A320,PKLUY,BTK,BTK7517,BTK7516,07/11:56,07/12:00,07/12:50,07/13:01,0:50:00,HLP,HLP,008,10,1,1,NML,7,2025
891.,A320,PKGQK,CTV,CTV722,CTV723,07/09:55,07/09:59,07/10:50,07/11:03,0:51:00,CGK,CGK,007,10,1,1,NML,7,2025
892.,A320,PKSJQ,SJV,SJV641,SJV642,07/09:58,07/10:01,07/11:01,07/11:11,1:00:00,AAP,AAP,015,10,1,1,NML,7,2025
893.,B739,PKLGY,LNI,LNI694,LNI694,07/10:14,07/10:19,07/11:17,07/11:29,0:58:00,CGK,KOE,017,10,1,1,NML,7,2025
894.,B739,PKLHH,LNI,LNI697,LNI697,07/10:43,07/10:47,07/11:35,07/11:49,0:48:00,KOE,CGK,011,10,1,1,NML,7,2025
895.,A320,PKAZL,AWQ,AWQ321,AWQ322,07/10:28,07/10:33,07/11:08,07/11:18,0:35:00,KUL,KUL,A03,10,1,1,NML,7,2025
896.,A320,PKBLA,BTK,BTK6584,BTK6585,07/10:58,07/11:02,07/11:48,07/11:59,0:46:00,CGK,CGK,008,10,1,1,NML,7,2025
897.,A320,PKLUW,BTK,BTK7513,BTK7520,07/12:41,07/12:46,07/13:35,07/13:45,0:49:00,HLP,HLP,010,10,1,1,NML,7,2025
898.,A333,ECODR,SVA,SVA5291,SVA4291,07/09:13,07/09:17,07/11:26,07/11:40,2:09:00,MCT,MED,012,10,1,1,NML,7,2025
899.,B738,PKGMX,GIA,GIA322,GIA327,07/10:02,07/10:06,07/11:30,07/11:45,1:24:00,CGK,CGK,004,10,1,1,NML,7,2025
900.,B739,PKLHI,LNI,LNI683,LNI682,07/11:43,07/11:47,07/12:29,07/12:38,0:42:00,PKY,PKY,015,10,1,1,NML,7,2025
901.,A320,PKGLG,CTV,CTV461,CTV698,07/11:23,07/11:26,07/12:01,07/12:12,0:35:00,AAP,DPS,006,10,1,1,NML,7,2025
902.,B739,PKLSL,LNI,LNI791,LNI856,07/11:31,07/11:36,07/12:24,07/12:32,0:48:00,UPG,PLM,016,10,1,1,NML,7,2025
903.,B739,PKLHS,LNI,LNI805,LNI804,07/11:15,07/11:19,07/12:12,07/12:22,0:53:00,DPS,DPS,010,10,1,1,NML,7,2025
904.,A320,PKBKT,BTK,BTK6582,BTK6581,07/11:35,07/11:41,07/12:46,07/12:58,1:05:00,CGK,CGK,009,10,1,1,NML,7,2025
905.,A320,PKGQN,CTV,CTV9693,CTV9692,07/11:26,07/11:30,07/12:27,07/12:36,0:57:00,DPS,DPS,007,10,1,1,NML,7,2025
906.,A320,PKSTI,SJV,SJV611,SJV636,07/08:31,07/08:36,07/12:28,07/12:47,3:52:00,BPN,BDJ,018,10,0,0,NML,7,2025
907.,B739,PKLFF,LNI,LNI801,LNI780,07/14:21,07/14:26,07/15:25,07/15:37,0:59:12,UPG,UPG,018,10,0,0,NML,7,2025
908.,B739,PKLFK,LNI,LNI223,LNI262,07/11:35,07/11:40,07/12:46,07/12:56,1:06:00,BDJ,BPN,017,10,1,1,NML,7,2025
909.,B735,PKNAQ,LKN,LKN193,LKN192,07/11:58,07/12:01,07/12:39,07/12:54,0:38:00,PKN,PKN,011,10,1,1,NML,7,2025
910.,B738,PKLQZ,LNI,LNI869,LNI3838,07/12:16,07/12:19,07/13:45,07/13:52,1:26:00,TTE,PNK,020,10,0,0,NML,7,2025
911.,A320,PKAZJ,AWQ,AWQ393,AWQ324,07/12:30,07/12:36,07/13:16,07/13:26,0:40:00,JHB,KUL,A03,10,1,1,NML,7,2025
912.,A320,PKPWA,PAS,PAS204,PAS205,07/12:48,07/12:51,07/13:55,07/14:05,1:04:00,CGK,CGK,005,10,1,1,NML,7,2025
913.,A320,PKGQL,CTV,CTV487,CTV668,07/12:09,07/12:12,07/13:25,07/13:35,1:13:00,BDJ,DPS,006,10,1,1,NML,7,2025
914.,B739,PKLSI,LNI,LNI823,LNI260,07/14:01,07/14:08,07/15:24,07/15:39,1:16:00,LOP,BPN,016,10,1,1,NML,7,2025
915.,B739,PKLHO,LNI,LNI787,LNI686,07/14:16,07/14:21,07/15:26,07/15:42,1:05:06,UPG,PKY,010,10,1,1,NML,7,2025
916.,A320,PKSAY,SJV,-,SJV726,--:--,--:--,--:--,--:--,None,-,LBJ,None,-,-1,-,NML,7,2025
917.,B738,PKLSF,LNI,LNI839,LNI836,07/12:52,07/12:56,07/14:45,07/14:55,1:49:03,PNK,PNK,015,10,1,1,NML,7,2025
918.,A320,PKGQO,CTV,CTV716,CTV717,07/13:33,07/13:36,07/14:35,07/14:41,0:58:59,CGK,CGK,007,10,1,1,NML,7,2025
919.,A320,PKGQC,CTV,CTV431,CTV948,07/13:30,07/13:34,07/14:25,07/14:39,0:51:00,BPN,BTH,008,10,1,1,NML,7,2025
920.,B738,PKGUH,GIA,GIA312,GIA317,07/13:50,07/13:52,07/14:41,07/14:53,0:49:39,CGK,CGK,004,10,1,1,NML,7,2025
921.,A320,9VJSV,JSA,JSA247,JSA248,07/13:57,07/14:03,07/14:55,07/15:09,0:52:00,SIN,SIN,A07,10,1,1,NML,7,2025
922.,A320,PKLAO,BTK,BTK7515,BTK7514,07/13:48,07/13:53,07/14:51,07/15:02,0:58:06,HLP,HLP,009,10,1,1,NML,7,2025
923.,B738,PKGFG,GIA,GIA330,GIA331,07/14:07,07/14:10,07/15:10,07/15:22,1:00:00,HLP,HLP,005,10,1,1,NML,7,2025
924.,B739,PKLHS,LNI,LNI919,LNI722,07/15:40,07/15:45,07/16:38,07/16:53,0:53:00,DPS,KDI,010,10,1,1,NML,7,2025
925.,A320,PKGLG,CTV,CTV699,CTV434,07/14:37,07/14:40,07/15:23,07/15:33,0:43:00,DPS,BPN,006,10,1,1,NML,7,2025
926.,A320,PKLAI,BTK,BTK6406,BTK6220,07/15:03,07/15:05,07/15:57,07/16:07,0:52:26,CGK,BPN,009,10,1,1,NML,7,2025
927.,A320,PKLUY,BTK,BTK7501,BTK7512,07/16:39,07/16:43,07/17:24,07/17:35,0:41:33,HLP,HLP,008,10,1,1,NML,7,2025
928.,A320,PKSJQ,SJV,SJV643,SJV672,07/14:57,07/15:01,07/16:13,07/16:28,1:12:00,AAP,BEJ,015,10,1,1,NML,7,2025
929.,A320,PKLUU,BTK,BTK6347,BTK6401,07/15:07,07/15:10,07/16:11,07/16:20,1:01:00,BEJ,CGK,008,10,1,1,NML,7,2025
930.,,,SVA,-,SVA4101,--:--,--:--,--:--,--:--,None,-,MED,None,-,-1,-,NML,7,2025
931.,A333,ECNYJ,SVA,SVA5104,SVA4104,07/14:12,07/14:18,07/16:11,07/16:15,1:53:00,MCT,MED,012,10,1,1,NML,7,2025
932.,B738,HSLGM,TLM,TLM268,TLM269,07/15:54,07/15:59,07/16:48,07/16:55,0:49:00,DMK,DMK,A04,10,1,1,NML,7,2025
933.,A320,PKSTI,SJV,SJV637,SJV648,07/15:46,07/15:51,07/16:45,07/16:57,0:54:00,BDJ,BPN,016,10,1,1,NML,7,2025
934.,B738,PKGMX,GIA,GIA310,GIA315,07/15:29,07/15:31,07/16:35,07/16:45,1:04:00,CGK,CGK,004,10,1,1,NML,7,2025
935.,B738MAX,9VMBN,SIA,SIA926,SIA927,07/15:35,07/15:41,07/16:32,07/16:49,0:51:00,SIN,SIN,A06,10,1,1,NML,7,2025
936.,B739,PKLQS,LNI,LNI879,LNI910,07/19:12,07/19:16,07/20:07,07/20:10,0:51:00,AMQ,DPS,011,10,1,1,NML,7,2025
937.,A320,PKPWG,PAS,PAS206,PAS623,07/15:52,07/15:52,07/16:35,07/16:47,0:43:00,CGK,BPN,005,10,1,1,NML,7,2025
938.,B739,PKLSL,LNI,LNI857,LNI692,07/16:51,07/16:55,07/18:13,07/18:26,1:18:57,PLM,KOE,018,10,0,0,NML,7,2025
939.,B739,PKLGY,LNI,LNI695,LNI268,07/16:04,07/16:09,07/17:06,07/17:15,0:57:00,KOE,TRK,017,10,1,1,NML,7,2025
940.,B739,PKLSV,LNI,LNI692,LNI920,07/17:03,07/17:07,07/18:13,07/18:21,1:06:23,CGK,DPS,010,10,1,1,NML,7,2025
941.,A320,PKGQN,CTV,CTV669,CTV9694,07/16:21,07/16:25,07/17:04,07/17:19,0:39:00,DPS,DPS,006,10,1,1,NML,7,2025
942.,B739,,LNI,-,LNI920D,--:--,--:--,--:--,--:--,None,-,DPS,None,-,-1,-,NML,7,2025
943.,B739,PKLHO,LNI,LNI687,LNI642,07/18:23,07/18:27,07/19:17,07/19:28,0:50:00,PKY,LOP,010,10,1,1,NML,7,2025
944.,B739,PKLGL,LNI,LNI972,LNI226,07/17:47,07/17:52,07/18:52,07/19:04,1:00:00,BTH,BDJ,017,10,1,1,NML,7,2025
945.,B738,PKLDK,BTK,BTK6578,BTK7579,07/17:08,07/17:12,07/18:03,07/18:15,0:51:00,CGK,CGK,009,10,1,1,NML,7,2025
946.,B738,PKLJQ,LNI,LNI749,LNI838,07/15:10,07/15:14,07/18:09,07/18:17,2:54:52,MDC,PNK,020,10,0,0,NML,7,2025
947.,A320,PKAZL,AWQ,AWQ323,AWQ326,07/17:13,07/17:19,07/17:47,07/17:59,0:28:41,KUL,KUL,A03,10,1,1,NML,7,2025
948.,B738,PKLQZ,LNI,LNI3839,LNI800,07/17:38,07/17:42,07/19:32,07/19:44,1:50:00,PNK,UPG,016,10,1,1,NML,7,2025
949.,B739,PKLFK,LNI,LNI261,LNI316,07/16:25,07/16:30,07/17:56,07/18:03,1:26:00,BPN,BDJ,015,10,1,1,NML,7,2025
950.,A320,PKPWL,PAS,PAS622,PAS207,07/17:10,07/17:15,07/18:09,07/18:21,0:54:02,BPN,CGK,005,10,1,1,NML,7,2025
951.,B738,9MMLR,MAS,MAS875,MAS874,07/17:17,07/17:24,07/18:13,07/18:30,0:49:00,KUL,KUL,A06,10,1,1,NML,7,2025
952.,B738,PKGNG,GIA,GIA349,GIA313,07/17:31,07/17:35,07/18:30,07/18:42,0:55:00,DPS,CGK,004,10,1,1,NML,7,2025
953.,A320,PKSGC,SJV,SJV633,SJV716,07/13:39,07/13:42,07/18:37,07/18:46,4:54:04,BDJ,LOP,011,10,1,1,NML,7,2025
954.,A320,PKLUY,BTK,BTK7503,BTK7502,07/20:47,07/20:52,07/21:27,07/21:37,0:35:00,HLP,HLP,15B,10,0,0,NML,7,2025
955.,A320,PKGQF,CTV,CTV172,CTV173,07/17:56,07/18:00,07/18:51,07/19:01,0:51:00,HLP,HLP,006,10,1,1,NML,7,2025
956.,B738MAX,9VMBG,SIA,SIA928,SIA929,07/18:05,07/18:11,07/19:04,07/19:23,0:53:00,SIN,SIN,A07,10,1,1,NML,7,2025
957.,A320,PKGQS,CTV,CTV949,CTV494,07/18:28,07/18:31,07/19:12,07/19:25,0:40:22,BTH,BDJ,007,10,1,1,NML,7,2025
958.,A320,PKGLR,CTV,CTV736,CTV352,07/18:20,07/18:21,07/19:27,07/19:33,1:06:00,CGK,UPG,005,10,1,1,NML,7,2025
959.,B738,PKGFG,GIA,GIA3304,GIA3354,07/18:44,07/18:47,07/19:41,07/19:52,0:54:13,HLP,HLP,008,10,1,1,NML,7,2025
960.,A320,PKLAI,BTK,BTK6221,BTK7518,07/19:35,07/19:39,07/21:09,07/21:17,1:30:00,BPN,HLP,010,10,1,1,NML,7,2025
961.,B738,PKLOH,LNI,LNI709,LNI880,07/22:17,07/22:23,07/23:20,07/23:29,0:57:00,UPG,UPG,014,28,1,1,NML,7,2025
962.,B739,PKLHS,LNI,LNI727,LNI581,07/20:51,07/20:55,07/21:41,07/21:50,0:46:00,KDI,CGK,15A,10,0,0,NML,7,2025
963.,A320,PKGLG,CTV,CTV435,CTV737,07/18:53,07/18:57,07/19:58,07/20:22,1:01:20,BPN,CGK,009,10,1,1,NML,7,2025
964.,B738,PKGUI,GIA,GIA326,GIA319,07/20:19,07/20:23,07/21:13,07/21:29,0:50:00,CGK,CGK,004,10,1,1,NML,7,2025
965.,A320,PKGQP,CTV,CTV489,CTV693,07/19:38,07/19:44,07/20:24,07/20:36,0:40:00,BDJ,DPS,008,10,1,1,NML,7,2025
966.,B735,PKCLE,SJY,SJY567,SJY562,07/20:34,07/20:37,07/21:19,07/21:35,0:42:00,UPG,UPG,011,10,1,1,NML,7,2025
967.,A320,PKGLV,CTV,CTV724,CTV354,07/19:16,07/19:20,07/20:14,07/20:29,0:54:00,CGK,UPG,007,10,1,1,NML,7,2025
968.,B738,PKLBW,BTK,BTK6586,BTK6587,07/20:17,07/20:23,07/21:11,07/21:21,0:48:00,CGK,CGK,017,10,1,1,NML,7,2025
969.,A333,ECNOF,SVA,SVA5150,SVA4150,07/19:20,07/19:25,07/21:29,07/21:38,2:03:21,MCT,MED,012,10,1,1,NML,7,2025
970.,A320,PKBKY,BTK,BTK6137,BTK6136,07/22:01,07/22:05,07/23:21,07/23:31,1:16:00,UPG,UPG,008,28,1,1,NML,7,2025
971.,A320,PKLUV,BTK,BTK7521,BTK7508,07/21:30,07/21:37,08/05:01,08/05:10,7:24:00,HLP,HLP,022,28,0,0,NML,7,2025
972.,A320,PKGQN,CTV,CTV9695,CTV430,07/20:26,07/20:30,08/05:12,08/05:20,8:42:00,DPS,BPN,007,28,1,1,NML,7,2025
973.,B739,PKLQS,LNI,LNI923,LNI878,07/22:44,07/22:51,08/06:07,08/06:25,7:16:00,DPS,AMQ,017,28,1,1,NML,7,2025
974.,A320,PKAZL,AWQ,AWQ327,AWQ320,07/23:35,07/23:39,08/05:01,08/05:12,5:22:00,KUL,KUL,A03,28,1,1,NML,7,2025
975.,B739,PKLHO,LNI,LNI865,LNI786,07/21:53,07/21:58,08/05:13,08/05:23,7:15:00,LOP,UPG,011,28,1,1,NML,7,2025
976.,B738,PKGNC,GIA,GIA328,GIA301,07/20:23,07/20:27,08/05:04,08/05:18,8:37:00,CGK,CGK,005,28,1,1,NML,7,2025
977.,A320,PKLUS,BTK,BTK6576,BTK6132,07/20:30,07/20:35,08/05:19,08/05:28,8:44:00,CGK,LOP,018,28,0,0,NML,7,2025
978.,B739,PKLJG,LNI,LNI690,LNI690,08/05:06,08/05:12,08/06:04,08/06:16,0:52:00,CGK,KOE,012,28,1,1,NML,7,2025
979.,A320,PKGQP,CTV,CTV353,CTV725,08/05:02,08/05:11,08/05:49,08/05:56,0:38:00,UPG,CGK,008,28,1,1,NML,7,2025
980.,A320,PKLAM,BTK,BTK7519,BTK6589,07/21:15,07/21:23,08/05:56,08/06:11,8:33:00,HLP,CGK,023,28,0,0,NML,7,2025
981.,A320,PKGLX,CTV,CTV726,CTV670,07/20:13,07/20:17,08/06:01,08/06:12,9:44:00,CGK,LOP,009,28,1,1,NML,7,2025
982.,A320,PKSJQ,SJV,SJV673,SJV640,07/20:38,07/20:43,08/06:08,08/06:25,9:25:00,BEJ,AAP,020,28,0,0,NML,7,2025
983.,A320,PKSAH,SJV,SJV615,SJV706,07/20:55,07/20:59,08/06:02,08/06:18,9:03:00,BPN,DPS,021,28,0,0,NML,7,2025
984.,B738,PKLOJ,LNI,LNI885,LNI868,07/22:53,07/22:58,08/05:54,08/06:05,6:56:00,UPG,TTE,015,28,1,1,NML,7,2025
985.,A320,V8RBG,RBA,RBA795,RBA796,07/20:03,07/20:06,08/05:46,08/06:03,9:40:00,BWN,BWN,A06,28,1,1,NML,7,2025
986.,A320,PKAZJ,AWQ,AWQ325,AWQ386,07/19:08,07/19:11,08/06:04,08/06:22,10:53:00,KUL,PEN,A01,28,1,1,NML,7,2025
987.,A320,PKPWC,PAS,PAS202,PAS213,07/18:59,07/19:01,08/06:01,08/06:14,11:00:00,CGK,CGK,006,28,1,1,NML,7,2025
988.,B738MAX,PKOFI,AFE,FS921,AFE921,08/05:24,08/05:24,08/07:27,08/07:37,2:03:10,CGK,TIM,005,28,1,1,NML,7,2025
989.,A320,PKBKP,BTK,BTK6413,BTK6412,07/19:55,07/20:00,08/06:28,08/06:43,10:28:00,DPS,DPS,016,28,1,1,NML,7,2025
990.,A320,PKSJM,SJV,SJV567,SJV634,07/16:00,07/16:03,08/06:29,08/06:51,14:25:10,PLW,BDJ,025,28,0,0,NML,7,2025
991.,B739,PKLHQ,LNI,LNI311,LNI882,08/06:02,08/06:07,08/06:55,08/07:11,0:48:38,BDJ,UPG,014,28,1,1,NML,7,2025
992.,A320,PKSTA,SJV,SJV717,SJV566,08/05:54,08/06:00,08/06:46,08/06:59,0:46:39,LOP,PLW,011,28,1,1,NML,7,2025
993.,C208,PKVVO,SUS,PKVVO,PKVVO,07/12:45,07/12:49,08/07:28,08/07:29,18:39:00,BXW,BXW,C07,28,0,0,NML,7,2025
994.,E135,T7JCI,AFS,T7JCI,T7JCI,08/06:08,08/06:11,08/06:55,08/07:05,0:44:00,CGK,CGK,A09,28,0,0,NML,7,2025
995.,A320,PKLUK,BTK,BTK6370,BTK6135,08/05:57,08/06:03,08/07:00,08/07:16,0:57:00,CGK,PKN,007,28,1,1,NML,7,2025
996.,B738,PKBGF,BTK,BTK6588,BTK6597,07/22:40,07/22:45,08/06:52,08/07:09,8:07:28,CGK,CGK,010,28,1,1,NML,7,2025
997.,B738,PKGFJ,GIA,GIA324,GIA305,07/21:19,07/21:22,08/06:50,08/07:01,9:28:00,CGK,CGK,004,28,1,1,NML,7,2025
998.,B738,PKGFM,GIA,GIA855,GIA854,07/21:10,07/21:18,08/06:51,08/07:05,9:33:00,SIN,SIN,A02,28,1,1,NML,7,2025
999.,B739,PKLSI,LNI,LNI363,LNI646,08/06:20,08/06:26,08/07:19,08/07:30,0:53:00,BPN,LOP,012,28,1,1,NML,7,2025
1000.,A320,PKLUY,BTK,BTK7511,BTK7510,08/06:41,08/06:47,08/08:03,08/08:20,1:16:55,HLP,HLP,008,28,1,1,NML,7,2025
1001.,B739,PKLSL,LNI,LNI693,LNI693,08/06:57,08/07:02,08/07:53,08/08:06,0:51:20,KOE,CGK,014,28,1,1,NML,7,2025
1002.,B739,PKLSV,LNI,LNI929,LNI982,08/06:45,08/06:52,08/08:00,08/08:10,1:08:16,DPS,PKU,009,28,1,1,NML,7,2025
1003.,A21N,B32LQ,CSN,CSN8137,CSN8138,07/21:26,07/21:33,08/07:54,08/08:08,10:21:00,CAN,CAN,A07,28,1,1,NML,7,2025
1004.,B739,PKLGW,LNI,LNI367,LNI266,08/07:13,08/07:18,08/08:12,08/08:24,0:54:58,BPN,BPN,015,10,1,1,NML,7,2025
1005.,A320,PKGQI,CTV,CTV690,CTV460,08/06:47,08/06:53,08/08:12,08/08:28,1:19:05,DPS,AAP,006,10,1,1,NML,7,2025
1006.,A333,BLBG,CPA,CPA779,CPA780,07/17:43,07/17:49,08/08:16,08/08:32,14:27:00,HKG,HKG,A08,10,1,1,NML,7,2025
1007.,B739,PKLGY,LNI,LNI267,LNI990,08/07:03,08/07:08,08/08:22,08/08:35,1:14:55,TRK,DPS,010,10,1,1,NML,7,2025
1008.,B738,PKGUE,GIA,GIA314,GIA323,08/07:19,08/07:27,08/08:28,08/08:42,1:01:00,CGK,CGK,004,10,1,1,NML,7,2025
"1009.,DHC6,PKICP,PGT,PKICP,PKICP,05/11:05,05/11:07,08/08:07,08/08:15,""2 days, 21:00:00"",PAG,PAG,028,10,0,0,NML,7,2025"
1010.,B738,PKLBS,MXD,MXD352,MXD353,07/19:31,07/19:36,08/08:42,08/08:50,13:06:00,KUL,KUL,A04,10,1,1,NML,7,2025
1011.,B739,PKLSO,LNI,LNI315,LNI222,08/08:22,08/08:25,08/09:43,08/09:50,1:18:00,BDJ,BDJ,014,10,1,1,NML,7,2025
1012.,A320,PKLUS,BTK,BTK6133,BTK6391,08/07:53,08/07:58,08/08:50,08/09:00,0:52:00,LOP,CGK,011,10,1,1,NML,7,2025
1013.,B739,PKLFW,LNI,LNI683,LNI971,08/08:13,08/08:16,08/09:11,08/09:21,0:55:00,PKY,BTH,012,10,1,1,NML,7,2025
1014.,A320,PKSAG,SJV,SJV619,SJV618,07/19:41,07/19:48,08/09:06,08/09:15,13:17:39,BPN,BPN,024,10,0,0,NML,7,2025
1015.,B738,PKLJQ,LNI,LNI837,LNI748,08/07:56,08/08:02,08/09:04,08/09:17,1:02:31,PNK,MDC,016,10,1,1,NML,7,2025
1016.,B429,P3202,POL,P3202,P3202,08/07:56,08/08:00,08/09:05,08/09:15,1:04:17,BWXX,ZPL,H05,10,0,0,NML,7,2025
1017.,B738,PKGUG,GIA,GIA304,GIA342,08/08:17,08/08:20,08/09:12,08/09:24,0:52:00,CGK,DPS,005,10,1,1,NML,7,2025
1018.,B429,P3201,POL,P3201,P3201,08/08:00,08/08:05,08/09:20,08/09:28,1:15:00,ZPL,ZPL,C07,10,0,0,NML,7,2025
1019.,A320,PKSAH,SJV,SJV703,SJV612,08/08:39,08/08:43,08/09:46,08/09:55,1:03:00,DPS,BPN,008,10,1,1,NML,7,2025
1020.,A320,PKPWK,PAS,PAS200,PAS201,08/08:26,08/08:31,08/09:18,08/09:29,0:47:22,CGK,CGK,006,10,1,1,NML,7,2025
1021.,A320,PKGLX,CTV,CTV671,CTV486,08/08:44,08/08:47,08/09:27,08/09:40,0:39:09,LOP,BDJ,007,10,1,1,NML,7,2025
1022.,A320,PKSAY,SJV,SJV611,SJV642,08/08:30,08/08:35,08/09:28,08/09:44,0:52:44,BPN,AAP,009,10,1,1,NML,7,2025
1023.,B738MAX,9MMVH,MAS,MAS871,MAS870,08/08:57,08/09:03,08/09:57,08/10:12,0:54:21,KUL,KUL,A07,10,1,1,NML,7,2025
1024.,A359,9VSHL,SIA,SIA922,SIA923,08/09:10,08/09:16,08/10:11,08/10:24,0:55:39,SIN,SIN,A08,10,1,1,NML,7,2025
1025.,A320,PKLAF,BTK,BTK6584,BTK6585,08/09:34,08/09:37,08/10:20,08/10:29,0:43:26,CGK,CGK,010,10,1,1,NML,7,2025
1026.,A320,PKGQO,CTV,CTV351,CTV350,08/09:27,08/09:29,08/10:12,08/10:22,0:43:00,UPG,UPG,006,10,1,1,NML,7,2025
1027.,A320,PKSJT,SJV,SJV635,SJV632,08/09:42,08/09:46,08/10:41,08/10:52,0:55:00,BDJ,BDJ,011,10,1,1,NML,7,2025
1028.,B738,PKLPK,LNI,LNI791,LNI706,08/10:10,08/10:13,08/11:03,08/11:18,0:50:08,UPG,UPG,012,10,1,1,NML,7,2025
1029.,B739,PKLHH,LNI,LNI970,LNI262,08/11:12,08/11:16,08/12:10,08/12:21,0:54:00,BTH,BPN,017,10,1,1,NML,7,2025
1030.,A320,9VTRP,TGW,TGW296,TGW297,08/10:56,08/11:01,08/12:00,08/12:16,0:59:00,SIN,SIN,A02,10,1,1,NML,7,2025
1031.,A320,PKPWC,PAS,PAS210,PAS211,08/09:45,08/09:48,08/10:29,08/10:41,0:41:00,CGK,CGK,005,10,1,1,NML,7,2025
1032.,A320,PKLUK,BTK,BTK6134,BTK7516,08/09:38,08/09:41,08/12:08,08/12:20,2:27:49,PKN,HLP,009,10,1,1,NML,7,2025
1033.,A320,PKLAO,BTK,BTK7513,BTK6346,08/11:15,08/11:19,08/12:14,08/12:26,0:55:05,HLP,BEJ,014,10,1,1,NML,7,2025
1034.,B739,PKLSI,LNI,LNI645,LNI822,08/10:16,08/10:20,08/11:11,08/11:27,0:51:00,LOP,LOP,015,10,1,1,NML,7,2025
1035.,A320,PKAZL,AWQ,AWQ321,AWQ322,08/10:32,08/10:36,08/11:18,08/11:28,0:42:44,KUL,KUL,A01,10,1,1,NML,7,2025
1036.,B739,PKLJG,LNI,LNI697,LNI697,08/10:45,08/10:50,08/12:33,08/12:43,1:43:21,KOE,CGK,016,10,1,1,NML,7,2025
1037.,B738,PKGNM,GIA,GIA322,GIA327,08/10:06,08/10:09,08/11:35,08/11:47,1:26:00,CGK,CGK,004,10,1,1,NML,7,2025
1038.,A320,PKLUY,BTK,BTK7517,BTK7520,08/11:34,08/11:39,08/12:25,08/12:36,0:46:08,HLP,HLP,008,10,1,1,NML,7,2025
1039.,B735,PKNAS,LKN,LKN671,LKN2420,08/11:03,08/11:04,08/11:51,08/12:01,0:47:00,TMC,SMQ,010,10,1,1,NML,7,2025
1040.,B739,PKLGY,LNI,LNI805,LNI804,08/11:06,08/11:09,08/12:04,08/12:18,0:55:00,DPS,DPS,011,10,1,1,NML,7,2025
1041.,B739,PKLSV,LNI,LNI983,LNI973,08/13:50,08/13:54,08/14:49,08/14:59,0:55:00,PKU,BTH,009,10,1,1,NML,7,2025
1042.,B739,PKLSL,LNI,LNI694,LNI694,08/11:39,08/11:44,08/12:40,08/12:51,0:56:58,CGK,KOE,015,10,1,1,NML,7,2025
1043.,A320,PKGLY,CTV,CTV9693,CTV9692,08/11:31,08/11:34,08/12:16,08/12:30,0:42:19,DPS,DPS,006,10,1,1,NML,7,2025
1044.,B739,PKLSO,LNI,LNI223,LNI680,08/13:28,08/13:32,08/14:31,08/14:48,0:59:00,BDJ,PKY,011,10,1,1,NML,7,2025
1045.,A320,PKSTA,SJV,SJV567,SJV636,08/11:43,08/11:48,08/12:40,08/12:48,0:52:00,PLW,BDJ,018,10,0,0,NML,7,2025
1046.,B739,PKLHO,LNI,LNI801,LNI780,08/12:13,08/12:17,08/13:13,08/13:24,0:55:41,UPG,UPG,020,10,0,0,NML,7,2025
1047.,A320,PKSAW,SJV,SJV363,SJV362,08/12:10,08/12:14,08/13:05,08/13:19,0:51:00,KNO,KNO,010,10,1,1,NML,7,2025
1048.,B738,PKLSF,LNI,LNI839,LNI3838,08/13:25,08/13:31,08/14:24,08/14:38,0:53:00,PNK,PNK,015,10,1,1,NML,7,2025
1049.,A320,PKPWL,PAS,PAS204,PAS205,08/11:59,08/12:01,08/13:12,08/13:22,1:11:00,CGK,CGK,005,10,1,1,NML,7,2025
1050.,A320,PKGQN,CTV,CTV431,CTV698,08/13:31,08/13:34,08/14:25,08/14:40,0:51:00,BPN,DPS,006,10,1,1,NML,7,2025
1051.,A320,PKGLX,CTV,CTV487,CTV668,08/12:16,08/12:20,08/13:26,08/13:41,1:06:00,BDJ,DPS,007,10,1,1,NML,7,2025
1052.,B739,PKLHS,LNI,LNI787,LNI686,08/13:39,08/13:43,08/15:23,08/15:52,1:40:00,UPG,PKY,010,10,1,1,NML,7,2025
1053.,A320,PKSAY,SJV,SJV641,SJV726,08/14:03,08/14:06,08/16:00,08/16:11,1:54:00,AAP,LBJ,025,10,0,0,NML,7,2025
1054.,B738,PKLJQ,LNI,LNI749,LNI836,08/15:03,08/15:08,08/16:07,08/16:21,0:59:00,MDC,PNK,009,10,1,1,NML,7,2025
1055.,A320,PKLAF,BTK,BTK6596,BTK6595,08/14:14,08/14:19,08/15:08,08/15:17,0:49:00,CGK,CGK,018,10,0,0,NML,7,2025
1056.,B738MAX,PKOFM,AFE,AFE920,AFE920,08/14:00,08/14:04,08/14:35,08/14:45,0:31:00,TIM,CGK,007,10,1,1,NML,7,2025
1057.,B739,PKLHH,LNI,LNI261,LNI910,08/15:50,08/15:55,08/16:53,08/17:09,0:58:00,BPN,DPS,018,10,0,0,NML,7,2025
1058.,A320,PKGQI,CTV,CTV461,CTV948,08/16:43,08/16:46,08/17:23,08/17:35,0:37:00,AAP,BTH,007,10,1,1,NML,7,2025
1059.,B738,PKGUI,GIA,GIA312,GIA317,08/13:44,08/13:48,08/15:03,08/15:14,1:15:00,CGK,CGK,004,10,1,1,NML,7,2025
1060.,A320,9VJSY,JSA,JSA247,JSA248,08/14:31,08/14:37,08/15:23,08/15:29,0:46:00,SIN,SIN,A06,10,1,1,NML,7,2025
1061.,B739,PKLSI,LNI,LNI823,LNI260,08/14:11,08/14:16,08/15:20,08/15:44,1:04:00,LOP,BPN,17B,10,0,0,NML,7,2025
1062.,A320,PKGQG,CTV,CTV716,CTV717,08/13:57,08/14:00,08/14:43,08/14:52,0:43:00,CGK,CGK,008,10,1,1,NML,7,2025
1063.,A333,ECNOG,SVA,SVA5160,SVA4160,08/12:23,08/12:28,08/14:43,08/14:52,2:15:00,MCT,MED,012,10,1,1,NML,7,2025
1064.,A320,PKLZH,BTK,BTK7515,BTK7514,08/14:07,08/14:12,08/15:00,08/15:11,0:48:00,HLP,HLP,17A,10,0,0,NML,7,2025
1065.,A320,PKPWE,PAS,PAS208,PAS209,08/13:54,08/13:57,08/14:57,08/15:07,1:00:00,CGK,CGK,005,10,1,1,NML,7,2025
1066.,B738,PKGFG,GIA,GIA330,GIA331,08/14:27,08/14:32,08/15:24,08/15:33,0:52:00,HLP,HLP,006,10,1,1,NML,7,2025
1067.,B735,PKNAS,LKN,LKN2430,LKN670,08/14:35,08/14:39,08/15:19,08/15:29,0:40:00,SMQ,TMC,011,10,1,1,NML,7,2025
1068.,B739,PKLGY,LNI,LNI919,LNI920,08/15:27,08/15:33,08/16:30,08/16:41,0:57:00,DPS,DPS,17A,10,0,0,NML,7,2025
1069.,B739,PKLQS,LNI,LNI879,LNI722,08/16:39,08/16:43,08/17:48,08/17:57,1:05:00,AMQ,KDI,17B,10,0,0,NML,7,2025
1070.,,,LNI,-,LNI920A,--:--,--:--,--:--,--:--,None,-,DPS,None,-,-1,-,NML,7,2025
1071.,A320,PKLUY,BTK,BTK7501,BTK7512,08/15:36,08/15:41,08/16:24,08/16:38,0:43:00,HLP,HLP,011,10,1,1,NML,7,2025
1072.,A320,PKSJQ,SJV,SJV643,SJV672,08/15:09,08/15:13,08/18:00,08/18:10,2:47:00,AAP,BEJ,008,10,1,1,NML,7,2025
1073.,A320,PKLAO,BTK,BTK6347,BTK6401,08/16:35,08/16:40,08/17:26,08/17:37,0:46:00,BEJ,CGK,011,10,1,1,NML,7,2025
1074.,B739,PKLHS,LNI,LNI687,LNI642,08/18:52,08/18:57,08/19:55,08/20:10,0:58:00,PKY,LOP,17B,10,0,0,NML,7,2025
1075.,B739,PKLFW,LNI,LNI972,LNI316,08/19:06,08/19:11,08/20:22,08/20:34,1:11:00,BTH,BDJ,018,10,0,0,NML,7,2025
1076.,B738,PKGNM,GIA,GIA310,GIA315,08/15:31,08/15:35,08/16:32,08/16:46,0:57:00,CGK,CGK,004,10,1,1,NML,7,2025
1077.,A320,PKSTA,SJV,SJV637,SJV648,08/15:39,08/15:43,08/16:33,08/16:50,0:50:00,BDJ,BPN,010,10,1,1,NML,7,2025
1078.,B738MAX,9VMBM,SIA,SIA926,SIA927,08/15:46,08/15:51,08/16:42,08/16:55,0:51:00,SIN,SIN,A07,10,1,1,NML,7,2025
1079.,B739,PKLSL,LNI,LNI695,LNI268,08/17:20,08/17:24,08/18:30,08/18:40,1:06:00,KOE,TRK,010,10,1,1,NML,7,2025
1080.,A320,PKPWH,PAS,PAS206,PAS623,08/15:54,08/15:56,08/16:35,08/16:47,0:39:00,CGK,BPN,005,10,1,1,NML,7,2025
1081.,B739,PKLSP,LNI,LNI692,LNI692,08/18:21,08/18:26,08/19:30,08/19:45,1:04:00,CGK,KOE,012,10,1,1,NML,7,2025
1082.,A320,PKGLY,CTV,CTV669,CTV9694,08/16:18,08/16:22,08/16:57,08/17:11,0:35:00,DPS,DPS,006,10,1,1,NML,7,2025
1083.,A320,PKGQN,CTV,CTV699,CTV434,08/17:06,08/17:10,08/18:04,08/18:18,0:54:00,DPS,BPN,006,10,1,1,NML,7,2025
1084.,A333,ECODR,SVA,SVA5301,SVA4301,08/15:42,08/15:47,08/17:30,08/17:49,1:43:00,MCT,MED,012,10,1,1,NML,7,2025
1085.,A320,PKAZL,AWQ,AWQ323,AWQ326,08/17:02,08/17:07,08/18:10,08/18:16,1:03:00,KUL,KUL,A01,10,1,1,NML,7,2025
1086.,B739,PKLVF,LNI,LNI707,LNI581,08/20:44,08/20:48,08/21:37,08/21:48,0:49:00,UPG,CGK,010,10,1,1,NML,7,2025
1087.,B738,PKLSF,LNI,LNI3839,LNI838,08/18:24,08/18:27,08/19:19,08/19:32,0:52:00,PNK,PNK,17A,10,0,0,NML,7,2025
1088.,B739,PKLOP,LNI,LNI709,LNI800,08/18:49,08/18:53,08/19:44,08/19:56,0:51:00,UPG,UPG,015,10,1,1,NML,7,2025
1089.,A320,PKPWC,PAS,PAS622,PAS207,08/17:20,08/17:20,08/18:11,08/18:23,0:51:00,BPN,CGK,005,10,1,1,NML,7,2025
1090.,B738,9MMXL,MAS,MAS875,MAS874,08/17:12,08/17:19,08/18:18,08/18:30,0:59:00,KUL,KUL,A06,10,1,1,NML,7,2025
1091.,B738,PKGUG,GIA,GIA349,GIA313,08/17:28,08/17:31,08/18:23,08/18:35,0:52:00,DPS,CGK,004,10,1,1,NML,7,2025
1092.,A320,PKSAY,SJV,SJV725,SJV716,08/19:25,08/19:30,08/20:27,08/20:43,0:57:00,LBJ,LOP,010,10,1,1,NML,7,2025
1093.,A320,PKLZH,BTK,BTK7503,BTK7502,08/18:27,08/18:32,08/19:15,08/19:28,0:43:00,HLP,HLP,009,10,1,1,NML,7,2025
1094.,B739,PKLHH,LNI,LNI923,LNI226,08/20:19,08/20:25,08/21:22,08/21:33,0:57:00,DPS,BDJ,17A,10,0,0,NML,7,2025
1095.,B738MAX,9VMBG,SIA,SIA928,SIA929,08/18:55,08/19:02,08/19:47,08/20:00,0:45:00,SIN,SIN,A06,10,1,1,NML,7,2025
1096.,B738,PKGMV,GIA,GIA320,GIA325,08/18:46,08/18:49,08/19:37,08/19:51,0:48:00,CGK,CGK,004,10,1,1,NML,7,2025
1097.,B738,PKLDK,BTK,BTK6576,BTK6575,08/20:40,08/20:43,08/21:36,08/21:40,0:53:00,CGK,CGK,009,10,1,1,NML,7,2025
1098.,A320,PKGQG,CTV,CTV736,CTV352,08/18:13,08/18:16,08/19:24,08/19:38,1:08:00,CGK,UPG,006,10,1,1,NML,7,2025
1099.,A320,PKGQK,CTV,CTV949,CTV494,08/19:00,08/19:03,08/19:43,08/19:54,0:40:00,BTH,BDJ,008,10,1,1,NML,7,2025
1100.,B788,9VOFH,TGW,TGW266,TGW267,08/18:41,08/18:49,08/19:55,08/20:13,1:06:00,SIN,SIN,A07,10,1,1,NML,7,2025
1101.,B738,PKGFG,GIA,GIA3304,GIA3354,08/19:03,08/19:06,08/19:52,08/20:08,0:46:00,HLP,HLP,007,10,1,1,NML,7,2025
1102.,A320,PKLUK,BTK,BTK7519,BTK7518,08/19:12,08/19:16,08/20:05,08/20:16,0:49:00,HLP,HLP,011,10,1,1,NML,7,2025
1103.,B739,PKLPK,LNI,LNI885,LNI880,08/20:58,08/21:03,08/21:59,08/22:07,0:56:00,UPG,UPG,012,10,1,1,NML,7,2025
1104.,B738,PKGUC,GIA,GIA326,GIA319,08/19:08,08/19:11,08/20:09,08/20:24,0:58:00,CGK,CGK,005,10,1,1,NML,7,2025
1105.,A320,PKGQH,CTV,CTV489,CTV693,08/19:41,08/19:44,08/20:20,08/20:38,0:36:00,BDJ,DPS,006,10,1,1,NML,7,2025
1106.,A320,PKGQC,CTV,CTV724,CTV354,08/19:30,08/19:34,08/20:20,08/20:31,0:46:00,CGK,UPG,009,10,1,1,NML,7,2025
1107.,B735,PKCLE,SJY,SJY567,SJY562,08/20:14,08/20:17,08/20:49,08/21:00,0:32:00,UPG,UPG,011,10,1,1,NML,7,2025
1108.,A320,PKGQN,CTV,CTV435,CTV737,08/21:45,08/21:49,08/22:29,08/22:44,0:40:00,BPN,CGK,006,10,1,1,NML,7,2025
1109.,A320,PKLUZ,BTK,BTK6137,BTK6136,08/22:38,08/22:42,08/23:29,08/23:41,0:47:00,UPG,UPG,009,10,1,1,NML,7,2025
1110.,A333,ECNYJ,SVA,SVA5236,SVA4236,09/00:06,09/00:13,09/02:16,09/02:30,2:03:00,MCT,MED,012,28,1,1,NML,7,2025
1111.,A333,ECNOF,SVA,SVA5158,SVA4158,09/02:21,09/02:30,09/03:47,09/03:56,1:17:00,MCT,MED,015,10,1,1,NML,7,2025
1112.,A320,PKLUQ,BTK,BTK6413,BTK7508,08/20:36,08/20:39,09/05:10,09/05:20,8:31:00,DPS,HLP,17B,28,0,0,NML,7,2025
1113.,A320,PKAZL,AWQ,AWQ327,AWQ320,08/23:45,08/23:52,09/05:01,09/05:13,5:09:00,KUL,KUL,A01,28,1,1,NML,7,2025
1114.,A320,PKSAG,SJV,SJV615,SJV610,08/20:26,08/20:30,09/05:02,09/05:17,8:32:00,BPN,BPN,023,28,0,0,NML,7,2025
1115.,B739,PKLQS,LNI,LNI727,LNI878,08/22:41,08/22:46,09/05:01,09/05:09,6:15:00,KDI,AMQ,018,28,0,0,NML,7,2025
1116.,B739,PKLHS,LNI,LNI865,LNI786,08/22:34,08/22:39,09/05:45,09/05:54,7:06:00,LOP,UPG,17A,28,0,0,NML,7,2025
1117.,A320,PKGLE,CTV,CTV726,CTV430,08/20:22,08/20:26,09/05:11,09/05:22,8:45:00,CGK,BPN,007,28,1,1,NML,7,2025
1118.,B738,PKGMF,GIA,GIA328,GIA301,08/20:02,08/20:07,09/04:59,09/05:11,8:52:00,CGK,CGK,008,28,1,1,NML,7,2025
1119.,A320,PKLAO,BTK,BTK6594,BTK6132,08/21:06,08/21:10,09/05:14,09/05:24,8:04:00,CGK,LOP,021,28,0,0,NML,7,2025
1120.,B739,PKLHQ,LNI,LNI690,LNI690,09/05:07,09/05:13,09/07:07,09/07:25,1:54:00,CGK,KOE,012,10,1,1,NML,7,2025
1121.,A320,PKGQL,CTV,CTV353,CTV670,09/05:03,09/05:10,09/05:50,09/05:59,0:40:00,UPG,LOP,006,28,1,1,NML,7,2025
"1122.,B739,PKLHP,LNI,LNI749,LNI882,05/17:35,06/07:45,09/06:55,09/07:10,""3 days, 13:16:00"",MDC,UPG,026,10,0,1,NML,7,2025"
1123.,B738,PKLOH,LNI,LNI869,LNI868,08/19:33,08/19:38,09/05:56,09/06:05,10:18:00,TTE,TTE,022,28,0,0,NML,7,2025
1124.,A320,PKSAH,SJV,SJV619,SJV640,08/18:38,08/18:41,09/06:05,09/06:21,11:24:00,BPN,AAP,025,28,0,0,NML,7,2025
1125.,B738,PKBGF,BTK,BTK6588,BTK6589,08/23:10,09/05:05,09/06:07,09/06:17,6:46:00,CGK,CGK,009,28,1,0,NML,7,2025
1126.,A320,PKGLY,CTV,CTV9695,CTV725,08/19:49,08/19:53,09/06:25,09/06:30,10:32:00,DPS,CGK,004,28,1,1,NML,7,2025
1127.,A320,PKLUG,BTK,BTK7521,BTK6412,08/22:31,08/22:35,09/06:17,09/06:27,7:42:00,HLP,DPS,011,28,1,1,NML,7,2025
1128.,A320,PKSJT,SJV,SJV633,SJV634,08/14:18,08/14:22,09/06:32,09/06:42,16:10:00,BDJ,BDJ,020,28,0,0,NML,7,2025
1129.,A320,PKSJK,SJV,SJV717,SJV566,09/06:03,09/06:04,09/07:02,09/07:16,0:58:00,LOP,PLW,17B,10,0,0,NML,7,2025
1130.,B739,PKLHH,LNI,LNI311,LNI971,09/05:56,09/06:02,09/06:56,09/07:05,0:54:00,BDJ,BTH,014,10,1,1,NML,7,2025
1131.,A320,PKLAL,BTK,BTK6406,BTK6135,08/16:59,08/17:01,09/07:04,09/07:21,14:03:00,CGK,PKN,024,10,0,0,NML,7,2025
1132.,B738,PKGFM,GIA,GIA855,GIA854,08/20:29,08/20:34,09/07:03,09/07:19,10:29:00,SIN,SIN,A02,10,1,1,NML,7,2025
1133.,B738,PKGFX,GIA,GIA324,GIA305,08/21:08,08/21:12,09/06:55,09/07:11,9:43:00,CGK,CGK,005,28,1,1,NML,7,2025
1134.,B739,PKLSI,LNI,LNI363,LNI646,09/06:19,09/06:25,09/07:07,09/07:23,0:42:00,BPN,LOP,015,10,1,1,NML,7,2025
"1135.,AW139,PKTVN,TVR,PKTVN,PKTVN,05/11:00,05/11:02,09/07:33,09/07:48,""3 days, 20:31:00"",MBH,ZZZS,H02,10,0,0,NML,7,2025"
1136.,A320,PKBKP,BTK,BTK7511,BTK7510,09/06:35,09/06:41,09/07:24,09/07:34,0:43:00,HLP,HLP,008,28,1,1,NML,7,2025
1137.,A320,PKAXY,AWQ,AWQ88,AWQ392,09/07:14,09/07:14,09/07:46,09/07:56,0:32:00,DPS,JHB,A01,28,1,1,NML,7,2025
1138.,B739,PKLSR,LNI,LNI929,LNI856,09/07:13,09/07:18,09/08:18,09/08:29,1:00:00,DPS,PLM,012,28,1,1,NML,7,2025
1139.,A320,PKGQA,CTV,CTV690,CTV460,09/06:40,09/06:46,09/07:32,09/07:44,0:46:00,DPS,AAP,006,28,1,1,NML,7,2025
1140.,B739,PKLSP,LNI,LNI693,LNI693,09/06:44,09/06:50,09/07:45,09/07:51,0:55:00,KOE,CGK,011,28,1,1,NML,7,2025
1141.,A333,BHLN,CPA,CPA779,CPA780,08/17:41,08/17:48,09/08:19,09/08:34,14:31:00,HKG,HKG,A08,28,1,1,NML,7,2025
1142.,B739,PKLSL,LNI,LNI267,LNI990,09/07:17,09/07:21,09/08:26,09/08:36,1:05:00,TRK,DPS,010,28,1,1,NML,7,2025
1143.,A320,PKBKQ,BTK,BTK6572,BTK6573,09/07:39,09/07:43,09/08:37,09/08:46,0:54:00,CGK,CGK,009,28,1,1,NML,7,2025
1144.,B739,PKLFW,LNI,LNI315,LNI222,09/07:54,09/08:00,09/08:54,09/09:02,0:54:00,BDJ,BDJ,014,28,1,1,NML,7,2025
1145.,A320,PKLAO,BTK,BTK6133,BTK6391,09/08:03,09/08:09,09/08:50,09/08:58,0:41:00,LOP,CGK,007,10,1,1,NML,7,2025
1146.,A320,PKSJC,SJV,SJV649,SJV706,09/08:31,09/08:37,09/09:28,09/09:38,0:51:00,BPN,DPS,008,28,1,1,NML,7,2025
1147.,A320,PKSJQ,SJV,SJV673,SJV618,08/22:23,09/06:40,09/09:39,09/09:48,11:11:00,BEJ,BPN,023,28,0,1,NML,7,2025
1148.,B738,PKLSF,LNI,LNI837,LNI748,09/08:00,09/08:05,09/08:59,09/09:08,0:54:00,PNK,MDC,017,28,1,1,NML,7,2025
1149.,B738,PKGUF,GIA,GIA304,GIA342,09/08:22,09/08:29,09/09:21,09/09:34,0:52:00,CGK,DPS,004,28,1,1,NML,7,2025
1150.,A320,PKSAG,SJV,SJV611,SJV612,09/08:44,09/08:50,09/09:34,09/09:44,0:44:00,BPN,BPN,010,28,1,1,NML,7,2025
1151.,A320,PKPWK,PAS,PAS200,PAS201,09/08:17,09/08:25,09/09:15,09/09:28,0:50:00,CGK,CGK,005,28,1,1,NML,7,2025
1152.,A320,PKGQL,CTV,CTV671,CTV486,09/08:27,09/08:32,09/09:19,09/09:31,0:47:00,LOP,BDJ,006,28,1,1,NML,7,2025
1153.,B733,PKMYB,MYU,MYU935,MYU815,09/08:38,09/08:43,09/09:20,09/09:26,0:37:00,SRG,CGK,C02,28,0,0,NML,7,2025
1154.,B738,9MMLR,MAS,MAS871,MAS870,09/09:02,09/09:08,09/10:02,09/10:18,0:54:00,KUL,KUL,A07,28,1,1,NML,7,2025
1155.,B735,PKNAT,LKN,LKN243,LKN242,09/09:15,09/09:20,09/10:02,09/10:12,0:42:00,SMQ,SMQ,011,28,1,1,NML,7,2025
1156.,A359,9VSHF,SIA,SIA922,SIA923,09/08:59,09/09:03,09/10:03,09/10:20,1:00:00,SIN,SIN,A08,28,1,1,NML,7,2025
1157.,A320,PKLUJ,BTK,BTK6584,BTK6585,09/09:59,09/10:06,09/10:48,09/10:57,0:42:00,CGK,CGK,008,28,1,1,NML,7,2025
1158.,A320,PKGQN,CTV,CTV351,CTV350,09/09:49,09/09:58,09/10:36,09/10:50,0:38:00,UPG,UPG,006,28,1,1,NML,7,2025
1159.,A320,PKSJT,SJV,SJV635,SJV632,09/09:26,09/09:34,09/10:17,09/10:26,0:43:00,BDJ,BDJ,009,28,1,1,NML,7,2025
1160.,B739,PKLSV,LNI,LNI970,LNI973,09/09:53,09/09:59,09/10:53,09/11:04,0:54:00,BTH,BTH,014,28,1,1,NML,7,2025
1161.,A20N,9VTNG,TGW,TGW296,TGW297,09/10:07,09/10:11,09/11:03,09/11:20,0:52:00,SIN,SIN,A02,28,1,1,NML,7,2025
1162.,B739,PKLSI,LNI,LNI645,LNI822,09/10:02,09/10:08,09/11:03,09/11:16,0:55:00,LOP,LOP,016,28,1,1,NML,7,2025
1163.,A320,PKPWD,PAS,PAS210,PAS211,09/09:42,09/09:47,09/10:33,09/10:46,0:46:00,CGK,CGK,005,28,1,1,NML,7,2025
1164.,A320,PKLAL,BTK,BTK6134,BTK6346,09/09:56,09/10:04,09/10:55,09/11:09,0:51:00,PKN,BEJ,007,28,1,1,NML,7,2025
1165.,A320,PKLUY,BTK,BTK7513,BTK7516,09/10:04,09/10:10,09/10:55,09/11:08,0:45:00,HLP,HLP,010,28,1,1,NML,7,2025
1166.,B738,PKLZO,MXD,MXD352,MXD353,08/21:41,08/21:48,09/11:06,09/11:22,13:18:00,KUL,KUL,A04,28,1,1,NML,7,2025
1167.,A320,PKSAH,SJV,SJV641,SJV642,09/09:46,09/09:52,09/10:58,09/11:12,1:06:00,AAP,AAP,012,28,1,1,NML,7,2025
1168.,B739,PKLHM,LNI,LNI694,LNI694,09/10:21,09/10:24,09/11:20,09/11:33,0:56:00,CGK,KOE,017,28,1,1,NML,7,2025
1169.,A320,PKAZL,AWQ,AWQ321,AWQ322,09/11:10,09/11:16,09/11:48,09/11:58,0:32:00,KUL,KUL,A01,28,1,1,NML,7,2025
1170.,B739,PKLHQ,LNI,LNI697,LNI697,09/12:01,09/12:07,09/13:11,09/13:22,1:04:00,KOE,CGK,015,10,1,1,NML,7,2025
1171.,B738,PKGFF,GIA,GIA322,GIA327,09/10:13,09/10:21,09/11:25,09/11:37,1:04:00,CGK,CGK,004,28,1,1,NML,7,2025
1172.,A320,PKBKP,BTK,BTK7517,BTK7520,09/11:23,09/11:27,09/12:17,09/12:28,0:50:00,HLP,HLP,008,10,1,1,NML,7,2025
1173.,B738,PKLPK,LNI,LNI791,LNI706,09/11:14,09/11:18,09/12:10,09/12:23,0:52:00,UPG,UPG,011,10,1,1,NML,7,2025
1174.,A320,PKGQA,CTV,CTV461,CTV698,09/11:18,09/11:21,09/12:01,09/12:10,0:40:00,AAP,DPS,006,28,1,1,NML,7,2025
"1175.,B738,PKLZM,MXD,MXD352,MXD5001,30/19:24,03/09:51,09/12:23,09/12:36,""8 days, 16:52:00"",KUL,KUL,A18,10,0,1,NML,7,2025"
1176.,B739,PKLSL,LNI,LNI805,LNI804,09/11:06,09/11:09,09/12:07,09/12:19,0:58:00,DPS,DPS,009,28,1,1,NML,7,2025
1177.,A320,PKBLA,BTK,BTK6582,BTK6581,09/11:35,09/11:38,09/12:29,09/12:41,0:51:00,CGK,CGK,007,10,1,1,NML,7,2025
1178.,A320,PKGLR,CTV,CTV9693,CTV9692,09/13:46,09/13:50,09/14:33,09/14:44,0:43:00,DPS,DPS,006,10,1,1,NML,7,2025
1179.,A320,PKSJC,SJV,SJV703,SJV636,09/11:56,09/12:00,09/13:47,09/13:57,1:47:00,DPS,BDJ,018,10,0,0,NML,7,2025
1180.,B739,PKLFW,LNI,LNI223,LNI680,09/11:50,09/11:54,09/12:42,09/12:53,0:48:00,BDJ,PKY,012,10,1,1,NML,7,2025
1181.,B735,PKNAQ,LKN,LKN193,LKN192,09/11:38,09/11:42,09/12:36,09/12:47,0:54:00,PKN,PKN,010,10,1,1,NML,7,2025
1182.,B739,PKLSR,LNI,LNI857,LNI262,09/12:31,09/12:35,09/13:35,09/13:48,1:00:00,PLM,BPN,011,10,1,1,NML,7,2025
1183.,A320,PKSJK,SJV,SJV567,SJV7001,09/12:21,09/12:25,09/13:42,09/13:53,1:17:00,PLW,LOP,020,10,0,0,NML,7,2025
1184.,B738,PKLOH,LNI,LNI869,LNI3838,09/12:17,09/12:21,09/13:21,09/13:39,1:00:00,TTE,PNK,014,10,1,1,NML,7,2025
1185.,A320,PKPWC,PAS,PAS204,PAS205,09/12:07,09/12:10,09/13:08,09/13:19,0:58:00,CGK,CGK,005,10,1,1,NML,7,2025
1186.,A320,PKAXY,AWQ,AWQ393,AWQ324,09/12:38,09/12:45,09/13:16,09/13:26,0:31:00,JHB,KUL,A01,10,1,1,NML,7,2025
1187.,A320,PKGQL,CTV,CTV487,CTV668,09/12:12,09/12:16,09/13:22,09/13:43,1:06:00,BDJ,DPS,006,10,1,1,NML,7,2025
1188.,B739,PKLSO,LNI,LNI683,LNI682,09/13:30,09/13:34,09/14:19,09/14:30,0:45:00,PKY,PKY,016,10,1,1,NML,7,2025
1189.,B739,PKLHO,LNI,LNI801,LNI780,09/13:34,09/13:38,09/14:33,09/14:43,0:55:00,UPG,UPG,017,10,1,1,NML,7,2025
1190.,B739,PKLSI,LNI,LNI823,LNI260,09/13:49,09/13:54,09/14:45,09/15:05,0:51:00,LOP,BPN,015,10,1,1,NML,7,2025
1191.,B739,PKLHI,LNI,LNI787,LNI686,09/13:23,09/13:27,09/14:13,09/14:24,0:46:00,UPG,PKY,010,10,1,1,NML,7,2025
1192.,A320,PKSJT,SJV,SJV633,SJV726,09/13:40,09/13:44,09/14:45,09/15:08,1:01:00,BDJ,LBJ,009,10,1,1,NML,7,2025
1193.,A320,PKGQC,CTV,CTV716,CTV717,09/13:26,09/13:30,09/14:17,09/14:28,0:47:00,CGK,CGK,008,10,1,1,NML,7,2025
1194.,A320,PKGLE,CTV,CTV431,CTV948,09/13:44,09/13:46,09/14:45,09/14:57,0:59:00,BPN,BTH,005,10,1,1,NML,7,2025
1195.,B738,PKGFQ,GIA,GIA312,GIA317,09/13:37,09/13:40,09/14:38,09/14:49,0:58:00,CGK,CGK,007,10,1,1,NML,7,2025
1196.,A320,9VJSV,JSA,JSA247,JSA248,09/14:10,09/14:16,09/15:05,09/15:16,0:49:00,SIN,SIN,A06,10,1,1,NML,7,2025
1197.,B738,PKLQZ,LNI,LNI839,LNI836,09/16:58,09/17:02,09/17:52,09/18:04,0:50:00,PNK,PNK,010,10,1,1,NML,7,2025
1198.,A320,PKLUK,BTK,BTK7515,BTK7514,09/14:39,09/14:43,09/15:36,09/15:49,0:53:00,HLP,HLP,008,10,1,1,NML,7,2025
1199.,B738,PKGFG,GIA,GIA330,GIA331,09/14:02,09/14:06,09/14:59,09/15:14,0:53:00,HLP,HLP,004,10,1,1,NML,7,2025
1200.,A320,PKGQA,CTV,CTV699,CTV434,09/14:49,09/14:53,09/15:30,09/15:43,0:37:00,DPS,BPN,006,10,1,1,NML,7,2025
1201.,B739,PKLFF,LNI,LNI707,LNI581,09/15:02,09/15:07,09/16:26,09/16:38,1:19:00,UPG,CGK,010,10,1,1,NML,7,2025
1202.,B738,PKLSF,LNI,LNI749,LNI722,09/14:54,09/14:59,09/15:49,09/15:59,0:50:00,MDC,KDI,014,10,1,1,NML,7,2025
1203.,B739,PKLFW,LNI,LNI681,LNI920,09/15:44,09/15:49,09/16:35,09/16:50,0:46:00,PKY,DPS,015,10,1,1,NML,7,2025
1204.,A320,PKBKP,BTK,BTK7501,BTK7512,09/15:47,09/15:50,09/16:35,09/16:48,0:45:00,HLP,HLP,008,10,1,1,NML,7,2025
1205.,A320,PKBKF,BTK,BTK6406,BTK6595,09/14:32,09/14:37,09/16:10,09/16:21,1:33:00,CGK,CGK,011,10,1,1,NML,7,2025
1206.,B738MAX,9MMVI,MAS,MAS873,MAS872,09/15:06,09/15:12,09/16:15,09/16:27,1:03:00,KUL,KUL,A07,10,1,1,NML,7,2025
1207.,A320,PKLAL,BTK,BTK6347,BTK6220,09/15:09,09/15:13,09/16:03,09/16:15,0:50:00,BEJ,BPN,009,10,1,1,NML,7,2025
1208.,A320,PKSAH,SJV,SJV643,SJV672,09/14:58,09/15:01,09/16:45,09/16:55,1:44:00,AAP,BEJ,012,10,1,1,NML,7,2025
1209.,A320,PKLUP,BTK,BTK6596,BTK6401,09/16:22,09/16:26,09/17:26,09/17:37,1:00:00,CGK,CGK,011,10,1,1,NML,7,2025
1210.,B739,PKLHH,LNI,LNI972,LNI316,09/16:52,09/16:56,09/17:55,09/18:04,0:59:00,BTH,BDJ,016,10,1,1,NML,7,2025
1211.,B738,HSLGI,TLM,TLM268,TLM269,09/15:25,09/15:32,09/16:19,09/16:29,0:47:00,DMK,DMK,A04,10,1,1,NML,7,2025
1212.,A320,PKSJC,SJV,SJV637,SJV648,09/16:44,09/16:48,09/17:32,09/17:52,0:44:00,BDJ,BPN,012,10,1,1,NML,7,2025
1213.,B738MAX,9VMBP,SIA,SIA926,SIA927,09/15:51,09/15:57,09/16:48,09/17:01,0:51:00,SIN,SIN,A08,10,1,1,NML,7,2025
1214.,B738,PKGFF,GIA,GIA310,GIA315,09/15:20,09/15:24,09/16:27,09/16:41,1:03:00,CGK,CGK,004,10,1,1,NML,7,2025
1215.,A320,PKPWN,PAS,PAS206,PAS623,09/15:40,09/15:44,09/16:32,09/16:47,0:48:00,CGK,BPN,005,10,1,1,NML,7,2025
1216.,B739,PKLHM,LNI,LNI695,LNI268,09/16:38,09/16:44,09/17:48,09/17:56,1:04:00,KOE,TRK,014,10,1,1,NML,7,2025
1217.,B739,PKLQR,LNI,LNI692,LNI692,09/18:10,09/18:14,09/19:02,09/19:15,0:48:00,CGK,KOE,012,10,1,1,NML,7,2025
1218.,A320,PKGLR,CTV,CTV669,CTV418,09/17:35,09/17:38,09/18:12,09/18:31,0:34:00,DPS,PNK,007,10,1,1,NML,7,2025
1219.,B739,PKLHP,LNI,LNI919,LNI642,09/19:42,09/19:47,09/20:33,09/20:45,0:46:00,DPS,LOP,016,10,1,1,NML,7,2025
1220.,B739,PKLSR,LNI,LNI261,LNI910,09/17:31,09/17:36,09/18:22,09/18:35,0:46:00,BPN,DPS,017,10,1,1,NML,7,2025
1221.,B739,PKLHI,LNI,LNI687,LNI226,09/17:11,09/17:15,09/18:10,09/18:24,0:55:00,PKY,BDJ,015,10,1,1,NML,7,2025
1222.,A320,PKAZL,AWQ,AWQ323,AWQ326,09/17:27,09/17:33,09/18:06,09/18:14,0:33:00,KUL,KUL,A01,10,1,1,NML,7,2025
1223.,B738,PKLOH,LNI,LNI3839,LNI838,09/17:24,09/17:28,09/18:17,09/18:30,0:49:00,PNK,PNK,021,10,0,0,NML,7,2025
1224.,B739,PKLHO,LNI,LNI709,LNI800,09/18:19,09/18:23,09/19:24,09/19:37,1:01:00,UPG,UPG,011,10,1,1,NML,7,2025
1225.,A320,PKPWD,PAS,PAS622,PAS207,09/17:17,09/17:21,09/18:06,09/18:22,0:45:00,BPN,CGK,005,10,1,1,NML,7,2025
1226.,B738,PKGMD,GIA,GIA349,GIA313,09/17:40,09/17:44,09/18:32,09/18:46,0:48:00,DPS,CGK,004,10,1,1,NML,7,2025
1227.,A320,PKSJT,SJV,SJV725,SJV716,09/18:29,09/18:33,09/19:21,09/19:33,0:48:00,LBJ,LOP,014,10,1,1,NML,7,2025
1228.,A320,PKLUY,BTK,BTK7503,BTK7502,09/17:45,09/17:49,09/18:36,09/18:48,0:47:00,HLP,HLP,009,10,1,1,NML,7,2025
1229.,B738,PKGFR,GIA,GIA320,GIA325,09/17:50,09/17:55,09/19:05,09/19:22,1:10:00,CGK,CGK,006,10,1,1,NML,7,2025
1230.,A320,PKGQF,CTV,CTV172,CTV173,09/18:07,09/18:12,09/18:58,09/19:08,0:46:00,HLP,HLP,010,10,1,1,NML,7,2025
1231.,B738MAX,9VMBG,SIA,SIA928,SIA929,09/18:15,09/18:21,09/19:11,09/19:25,0:50:00,SIN,SIN,A07,10,1,1,NML,7,2025
1232.,A320,PKGQH,CTV,CTV949,CTV494,09/18:56,09/19:00,09/19:33,09/19:49,0:33:00,BTH,BDJ,007,10,1,1,NML,7,2025
1233.,A320,PKGLV,CTV,CTV736,CTV352,09/18:44,09/18:48,09/19:29,09/19:45,0:41:00,CGK,UPG,005,10,1,1,NML,7,2025
1234.,A320,PKGQQ,CTV,CTV489,CTV693,09/19:09,09/19:14,09/19:50,09/20:00,0:36:00,BDJ,DPS,006,10,1,1,NML,7,2025
1235.,A320,PKLAL,BTK,BTK6221,BTK7518,09/19:40,09/19:44,09/20:19,09/20:29,0:35:00,BPN,HLP,011,10,1,1,NML,7,2025
1236.,B738,PKLDJ,BTK,BTK6576,BTK6575,09/19:06,09/19:10,09/20:03,09/20:14,0:53:00,CGK,CGK,009,10,1,1,NML,7,2025
1237.,B739,PKLSR,LNI,LNI923,LNI880,09/21:08,09/21:14,09/22:02,09/22:11,0:48:00,DPS,UPG,016,28,1,1,NML,7,2025
1238.,B738,PKGFG,GIA,GIA3304,GIA3354,09/18:39,09/18:43,09/19:56,09/20:10,1:13:00,HLP,HLP,008,10,1,1,NML,7,2025
1239.,B738,PKGNA,GIA,GIA326,GIA319,09/20:32,09/20:35,09/21:25,09/21:37,0:50:00,CGK,CGK,005,28,1,1,NML,7,2025
1240.,B735,PKCLE,SJY,SJY567,SJY562,10/00:13,10/00:19,10/01:00,10/01:10,0:41:00,UPG,UPG,010,28,1,1,NML,7,2025
1241.,A320,PKBLA,BTK,BTK6137,BTK6136,09/19:46,09/19:50,09/21:59,09/22:06,2:09:00,UPG,UPG,010,28,1,1,NML,7,2025
1242.,A320,PKGQP,CTV,CTV724,CTV354,09/21:22,09/21:28,09/22:10,09/22:18,0:42:00,CGK,UPG,005,28,1,1,NML,7,2025
1243.,LJ60,VHAND,SEL,VHAND,VHAND,09/20:55,09/20:59,09/23:02,09/23:07,2:03:00,XSP,XSP,C01,28,0,0,NML,7,2025
1244.,A333,ECNOG,SVA,SVA5226,SVA4226,09/21:19,09/21:26,09/23:30,09/23:41,2:04:00,MCT,MED,012,28,1,1,NML,7,2025
1245.,A333,ECODR,SVA,SVA5311,SVA4311,09/23:31,09/23:39,10/01:47,10/01:58,2:08:00,MCT,JED,015,28,1,1,NML,7,2025
1246.,B739,PKLHP,LNI,LNI865,LNI266,09/23:27,09/23:34,10/05:06,10/05:19,5:32:00,LOP,BPN,026,28,0,0,NML,7,2025
1247.,A320,PKSAH,SJV,SJV673,SJV640,09/21:16,09/21:20,10/05:43,10/05:52,8:23:00,BEJ,AAP,011,28,1,1,NML,7,2025
1248.,A320,PKAZL,AWQ,AWQ327,AWQ320,09/23:40,09/23:43,10/05:09,10/05:17,5:26:00,KUL,KUL,C01,28,0,0,NML,7,2025
1249.,A320,PKLAF,BTK,BTK6578,BTK7508,09/16:35,09/16:41,10/05:00,10/05:10,12:19:00,CGK,HLP,020,28,0,0,NML,7,2025
1250.,B739,PKLHS,LNI,LNI690,LNI786,10/05:05,10/05:10,10/06:15,10/06:25,1:05:00,CGK,UPG,010,28,1,1,NOP,7,2025
1251.,A320,PKGQI,CTV,CTV726,CTV430,09/20:18,09/20:21,10/05:06,10/05:15,8:45:00,CGK,BPN,007,28,1,1,NML,7,2025
1252.,B738,PKGUF,GIA,GIA324,GIA301,09/21:01,09/21:05,10/05:11,10/05:22,8:06:00,CGK,CGK,008,28,1,1,NML,7,2025
1253.,A320,PKBKP,BTK,BTK7519,BTK6132,09/20:03,09/20:08,10/05:14,10/05:24,9:06:00,HLP,LOP,021,28,0,0,NML,7,2025
1254.,A320,PKSAG,SJV,SJV615,SJV706,09/22:26,09/22:31,10/05:37,10/05:48,7:06:00,BPN,DPS,024,28,0,0,NML,7,2025
1255.,B738,PKLSF,LNI,LNI727,LNI868,09/19:51,09/19:54,10/05:43,10/05:54,9:49:00,KDI,TTE,022,28,0,0,NML,7,2025
1256.,B739,PKLFY,LNI,LNI885,LNI690,09/22:55,09/23:01,10/06:18,10/06:26,7:17:00,UPG,KOE,025,28,0,0,NML,7,2025
1257.,A320,PKGQA,CTV,CTV435,CTV725,09/19:02,09/19:06,10/05:54,10/06:07,10:48:00,BPN,CGK,003,28,0,0,NML,7,2025
1258.,A320,PKGQP,CTV,CTV353,CTV670,10/05:01,10/05:09,10/05:52,10/06:05,0:43:00,UPG,LOP,006,28,1,1,NML,7,2025
1259.,A320,V8RBD,RBA,RBA795,RBA796,09/19:56,09/20:02,10/05:54,10/06:09,9:52:00,BWN,BWN,A06,28,1,1,NML,7,2025
1260.,A320,PKLZH,BTK,BTK7521,BTK6589,09/21:13,09/21:17,10/06:06,10/06:14,8:49:00,HLP,CGK,017,28,1,1,NML,7,2025
1261.,A320,PKPWF,PAS,PAS202,PAS213,09/18:59,09/19:03,10/06:02,10/06:13,10:59:00,CGK,CGK,004,28,1,1,NML,7,2025
1262.,A320,PKAXY,AWQ,AWQ325,AWQ386,09/19:12,09/19:17,10/05:58,10/06:11,10:41:00,KUL,PEN,A01,28,1,1,NML,7,2025
1263.,A320,PKBKT,BTK,BTK6413,BTK6412,09/20:08,09/20:12,10/06:13,10/06:29,10:01:00,DPS,DPS,018,28,0,0,NML,7,2025
1264.,A320,PKSAO,SJV,SJV717,SJV634,10/06:03,10/06:08,10/07:08,10/07:20,1:00:00,LOP,BDJ,011,28,1,1,NOP,7,2025
1265.,A320,PKSJC,SJV,SJV619,SJV566,09/21:35,09/21:40,10/06:55,10/07:05,9:15:00,BPN,PLW,023,28,0,0,NML,7,2025
1266.,C208,PKVVO,SUS,PKVVO,PKVVO,09/11:24,09/11:30,10/07:09,10/07:17,19:39:00,BXW,BXW,C07,28,0,0,NML,7,2025
1267.,A320,PKLUT,BTK,BTK6370,BTK6135,10/06:01,10/06:06,10/07:06,10/07:16,1:00:00,CGK,PKN,008,28,1,1,NML,7,2025
1268.,B738,PKLDK,BTK,BTK6588,BTK6597,09/21:24,09/21:28,10/07:00,10/07:10,9:32:00,CGK,CGK,009,28,1,1,NML,7,2025
1269.,B739,PKLHI,LNI,LNI311,LNI971,10/06:22,10/06:26,10/07:16,10/07:27,0:50:00,BDJ,BTH,17B,28,0,0,NML,7,2025
1270.,B738,PKGFI,GIA,GIA328,GIA854,09/20:42,09/23:08,10/07:00,10/07:11,10:15:00,CGK,SIN,A02,28,1,1,NML,7,2025
1271.,B738,PKGFM,GIA,GIA855,GIA305,09/20:26,09/23:26,10/07:05,10/07:13,10:31:00,SIN,CGK,005,28,1,1,NML,7,2025
1272.,A320,PKSTI,SJV,SJV649,SJV610,10/06:36,10/06:41,10/07:25,10/07:33,0:44:00,BPN,BPN,018,28,0,0,NML,7,2025
1273.,B739,PKLSI,LNI,LNI363,LNI646,10/06:19,10/06:24,10/07:16,10/07:25,0:52:00,BPN,LOP,17A,28,0,0,NML,7,2025
1274.,A320,PKLUY,BTK,BTK7511,BTK7510,10/06:33,10/06:39,10/07:24,10/07:35,0:45:00,HLP,HLP,010,28,1,1,NML,7,2025
1275.,B739,PKLQR,LNI,LNI693,LNI882,10/06:45,10/06:50,10/07:49,10/07:59,0:59:00,KOE,UPG,020,28,0,0,NML,7,2025
1276.,A320,PKGLX,CTV,CTV690,CTV460,10/06:53,10/06:59,10/07:41,10/07:52,0:42:00,DPS,AAP,006,28,1,1,NML,7,2025
1277.,B739,PKLFW,LNI,LNI929,LNI982,10/06:55,10/07:02,10/08:06,10/08:14,1:04:00,DPS,PKU,021,28,0,0,NML,7,2025
1278.,B739,PKLHM,LNI,LNI267,LNI693,10/07:23,10/07:29,10/08:28,10/08:38,0:59:00,TRK,CGK,011,28,1,1,NML,7,2025
1279.,A21N,B32L3,CSN,CSN8137,CSN8138,09/21:06,09/21:13,10/08:00,10/08:17,10:47:00,CAN,CAN,A07,28,1,1,NML,7,2025
1280.,A333,ECNYJ,SVA,SVA5624,SVA4624,10/05:56,10/06:04,10/08:12,10/08:27,2:08:00,MCT,MED,012,28,1,1,NML,7,2025
1281.,A333,BHLO,CPA,CPA779,CPA780,09/18:25,09/18:30,10/08:18,10/08:31,13:48:00,HKG,HKG,A08,28,1,1,NML,7,2025
"1282.,DHC6,PKICP,PGT,PKICP,PKICP,08/11:21,08/11:24,10/07:58,10/08:08,""1 day, 20:34:00"",PAG,PAG,028,28,0,0,NML,7,2025"
1283.,B738,PKLBK,MXD,MXD352,MXD353,09/19:35,09/19:41,10/08:46,10/08:59,13:05:00,KUL,KUL,A04,10,1,1,NML,7,2025
1284.,A320,PKSAG,SJV,SJV703,SJV642,10/08:12,10/08:16,10/09:15,10/09:26,0:59:00,DPS,AAP,010,10,1,1,NML,7,2025
1285.,A320,PKBKP,BTK,BTK6133,BTK6391,10/08:07,10/08:11,10/08:57,10/09:06,0:46:00,LOP,CGK,009,10,1,1,NML,7,2025
"1286.,DHC6,PKOCG,AFE,PKOCG,PKOCG,08/16:08,08/16:10,10/08:54,10/09:00,""1 day, 16:44:00"",KWB,KWB,MH,10,0,0,NML,7,2025"
1287.,B738,PKLOH,LNI,LNI837,LNI748,10/08:23,10/08:28,10/09:15,10/09:24,0:47:00,PNK,MDC,17A,10,0,0,NML,7,2025
1288.,B738,PKGUG,GIA,GIA304,GIA342,10/08:07,10/08:13,10/09:11,10/09:22,0:58:00,CGK,DPS,004,10,1,1,NML,7,2025
1289.,A320,PKPWE,PAS,PAS200,PAS201,10/08:15,10/08:20,10/09:16,10/09:27,0:56:00,CGK,CGK,005,10,1,1,NML,7,2025
1290.,B739,PKLHP,LNI,LNI367,LNI262,10/08:53,10/08:58,10/10:10,10/10:21,1:12:00,BPN,BPN,011,10,1,1,NML,7,2025
1291.,A320,PKGQP,CTV,CTV671,CTV486,10/08:20,10/08:26,10/09:16,10/09:31,0:50:00,LOP,BDJ,006,10,1,1,NML,7,2025
1292.,B733,PKMYB,MYU,MYU935,MYU815,10/08:43,10/08:47,10/09:22,10/09:32,0:35:00,SRG,CGK,C02,10,0,0,NML,7,2025
1293.,B738MAX,9MMVF,MAS,MAS871,MAS870,10/09:08,10/09:14,10/10:07,10/10:18,0:53:00,KUL,KUL,A07,10,1,1,NML,7,2025
1294.,A359,9VSHC,SIA,SIA922,SIA923,10/09:13,10/09:18,10/10:31,10/10:41,1:13:00,SIN,SIN,A08,10,1,1,NML,7,2025
1295.,A320,PKLZH,BTK,BTK6584,BTK6585,10/09:33,10/09:37,10/10:31,10/10:39,0:54:00,CGK,CGK,009,10,1,1,NML,7,2025
1296.,A333,ECNOF,SVA,SVA5224,SVA4224,10/07:57,10/08:03,10/10:11,10/10:30,2:08:00,MCT,MED,015,10,1,1,NML,7,2025
1297.,A320,PKGQC,CTV,CTV351,CTV350,10/09:19,10/09:24,10/10:12,10/10:24,0:48:00,UPG,UPG,006,10,1,1,NML,7,2025
1298.,A320,PKSAO,SJV,SJV635,SJV632,10/10:53,10/10:58,10/12:00,10/12:16,1:02:00,BDJ,BDJ,009,10,1,1,NML,7,2025
1299.,B739,PKLSV,LNI,LNI970,LNI706,10/09:37,10/09:41,10/11:19,10/11:36,1:38:00,BTH,UPG,012,10,1,1,NML,7,2025
1300.,B739,PKLSI,LNI,LNI645,LNI822,10/09:59,10/10:04,10/11:05,10/11:16,1:01:00,LOP,LOP,014,10,1,1,NML,7,2025
1301.,A20N,9VTNF,TGW,TGW296,TGW297,10/09:29,10/09:34,10/10:34,10/10:43,1:00:00,SIN,SIN,A02,10,1,1,NML,7,2025
1302.,A320,PKPWF,PAS,PAS210,PAS211,10/09:40,10/09:43,10/10:27,10/10:39,0:44:00,CGK,CGK,005,10,1,1,NOP,7,2025
1303.,B739,PKLGL,LNI,LNI315,LNI973,10/12:10,10/12:14,10/13:25,10/13:50,1:11:00,BDJ,BTH,012,10,1,1,NML,7,2025
1304.,A320,PKLAL,BTK,BTK7513,BTK7516,10/10:15,10/10:19,10/11:00,10/11:15,0:41:00,HLP,HLP,010,10,1,1,NML,7,2025
1305.,A320,PKSAS,SJV,SJV363,SJV362,10/10:12,10/10:14,10/11:00,10/11:25,0:46:00,KNO,KNO,17A,10,0,0,NML,7,2025
1306.,B739,PKLHR,LNI,LNI791,LNI990,10/10:22,10/10:25,10/11:24,10/11:38,0:59:00,UPG,DPS,011,10,1,1,NML,7,2025
1307.,A320,PKGLU,CTV,CTV722,CTV723,10/09:51,10/09:55,10/10:39,10/10:50,0:44:00,CGK,CGK,007,10,1,1,NML,7,2025
1308.,A320,PKLUT,BTK,BTK6134,BTK6346,10/09:44,10/09:48,10/10:47,10/10:58,0:59:00,PKN,BEJ,008,10,1,1,NML,7,2025
1309.,B739,PKLSU,LNI,LNI694,LNI694,10/10:28,10/10:35,10/11:51,10/12:02,1:16:00,CGK,KOE,17B,10,0,0,NOP,7,2025
1310.,B739,PKLFY,LNI,LNI697,LNI697,10/11:03,10/11:09,10/12:23,10/12:32,1:14:00,KOE,CGK,018,10,0,0,NML,7,2025
1311.,A320,PKAZT,AWQ,AWQ321,AWQ322,10/11:23,10/11:28,10/12:17,10/12:25,0:49:00,KUL,KUL,A01,10,1,1,NML,7,2025
1312.,B738,PKGFF,GIA,GIA322,GIA327,10/10:03,10/10:06,10/11:37,10/11:50,1:31:00,CGK,CGK,004,10,1,1,NML,7,2025
1313.,A320,PKLUK,BTK,BTK7517,BTK7520,10/11:00,10/11:05,10/11:56,10/12:08,0:51:00,HLP,HLP,008,10,1,1,NML,7,2025
1314.,A320,PKSTI,SJV,SJV611,SJV612,10/10:56,10/11:01,10/12:06,10/12:21,1:05:00,BPN,BPN,020,10,0,0,NML,7,2025
1315.,B738MAX,9MLRF,MXD,MXD350,MXD351,10/09:46,10/09:51,10/10:53,10/11:08,1:02:00,KUL,KUL,A04,10,1,1,NML,7,2025
1316.,A320,PKGLX,CTV,CTV461,CTV698,10/11:18,10/11:22,10/11:57,10/12:12,0:35:00,AAP,DPS,005,10,1,1,NML,7,2025
1317.,A320,PKBDF,BTK,BTK6582,BTK6581,10/11:31,10/11:35,10/12:35,10/12:56,1:00:00,CGK,CGK,010,10,1,1,NML,7,2025
1318.,A320,PKGQO,CTV,CTV9693,CTV9692,10/11:40,10/11:43,10/12:26,10/12:37,0:43:00,DPS,DPS,007,10,1,1,NML,7,2025
1319.,A320,PKSJC,SJV,SJV567,SJV636,10/11:34,10/11:38,10/12:27,10/12:35,0:49:00,PLW,BDJ,011,10,1,1,NML,7,2025
1320.,B739,PKLQR,LNI,LNI223,LNI680,10/13:34,10/13:37,10/14:33,10/14:48,0:56:00,BDJ,PKY,012,10,1,1,NML,7,2025
1321.,B738,PKLQZ,LNI,LNI839,LNI722,10/13:31,10/13:35,10/14:34,10/14:45,0:59:00,PNK,KDI,010,10,1,1,NOP,7,2025
1322.,B739,PKLHS,LNI,LNI787,LNI780,10/14:18,10/14:23,10/15:32,10/15:45,1:09:00,UPG,UPG,014,10,1,1,NML,7,2025
1323.,A320,PKBKG,BTK,BTK6596,BTK6595,10/12:29,10/12:32,10/13:22,10/13:38,0:50:00,CGK,CGK,009,10,1,1,NML,7,2025
1324.,A320,PKAXY,AWQ,AWQ387,AWQ324,10/12:18,10/12:24,10/13:17,10/13:26,0:53:00,PEN,KUL,A03,10,1,1,NML,7,2025
1325.,A320,PKSAG,SJV,SJV641,SJV618,10/13:28,10/13:32,10/14:26,10/14:36,0:54:00,AAP,BPN,011,10,1,1,NML,7,2025
1326.,A320,PKGQP,CTV,CTV487,CTV668,10/12:06,10/12:09,10/13:24,10/13:47,1:15:00,BDJ,DPS,006,10,1,1,NML,7,2025
1327.,B739,PKLQS,LNI,LNI879,LNI222,10/13:42,10/13:46,10/14:53,10/15:07,1:07:00,AMQ,BDJ,016,10,1,1,NML,7,2025
1328.,B739,PKLSI,LNI,LNI823,LNI682,10/13:52,10/13:57,10/14:58,10/15:09,1:01:00,LOP,PKY,017,10,1,1,NML,7,2025
1329.,B739,PKLHR,LNI,LNI805,LNI804,10/14:14,10/14:18,10/15:18,10/15:31,1:00:00,DPS,DPS,020,10,0,0,NML,7,2025
1330.,A320,PKSAO,SJV,SJV633,SJV726,10/15:18,10/15:22,10/16:18,10/16:28,0:56:00,BDJ,LBJ,012,10,1,1,NML,7,2025
1331.,B739,PKLFW,LNI,LNI983,LNI910,10/13:39,10/13:44,10/14:42,10/14:53,0:58:00,PKU,DPS,018,10,0,0,NML,7,2025
1332.,A320,PKGQI,CTV,CTV431,CTV948,10/13:36,10/13:39,10/14:21,10/14:34,0:42:00,BPN,BTH,007,10,1,1,NML,7,2025
1333.,,,LNI,-,LNI910D,--:--,--:--,--:--,--:--,None,-,DPS,None,-,-1,-,NML,7,2025
1334.,B738,PKGNF,GIA,GIA312,GIA317,10/13:49,10/13:51,10/14:59,10/15:11,1:08:00,CGK,CGK,004,10,1,1,NML,7,2025
1335.,A320,9VJSJ,JSA,JSA247,JSA248,10/13:56,10/14:01,10/15:08,10/15:23,1:07:00,SIN,SIN,A06,10,1,1,NML,7,2025
1336.,A320,PKLUY,BTK,BTK7515,BTK7514,10/13:44,10/13:49,10/14:51,10/15:03,1:02:00,HLP,HLP,008,10,1,1,NML,7,2025
1337.,A320,PKPWK,PAS,PAS208,PAS209,10/14:01,10/14:05,10/15:00,10/15:16,0:55:00,CGK,CGK,006,10,1,1,NML,7,2025
1338.,B738,PKGFG,GIA,GIA330,GIA331,10/14:24,10/14:26,10/15:12,10/15:26,0:46:00,HLP,HLP,005,10,1,1,NML,7,2025
1339.,A320,PKBKR,BTK,BTK6406,BTK6220,10/14:26,10/14:29,10/15:31,10/15:43,1:02:00,CGK,BPN,009,10,1,1,NML,7,2025
1340.,A320,PKGLX,CTV,CTV699,CTV434,10/14:41,10/14:46,10/15:28,10/15:39,0:42:00,DPS,BPN,010,10,1,1,NML,7,2025
1341.,B738,PKLQY,LNI,LNI3857,LNI836,10/17:26,10/17:30,10/22:34,10/22:34,5:04:00,PLM,PNK,014,10,1,1,NML,7,2025
1342.,B738,PKLOH,LNI,LNI749,LNI3838,10/15:12,10/15:16,10/16:09,10/16:20,0:53:00,MDC,PNK,017,10,1,1,NML,7,2025
1343.,,,LNI,-,LNI836A,--:--,--:--,--:--,--:--,None,-,PNK,None,-,-1,-,,7,2025
1344.,A320,PKGQK,CTV,CTV716,CTV717,10/14:31,10/14:36,10/15:38,10/15:49,1:02:00,CGK,CGK,007,10,1,1,NML,7,2025
1345.,B738,9MMXA,MAS,MAS873,MAS872,10/14:37,10/14:43,10/15:47,10/15:56,1:04:00,KUL,KUL,A07,10,1,1,NML,7,2025
1346.,A320,PKSAH,SJV,SJV643,SJV672,10/15:04,10/15:08,10/16:01,10/16:10,0:53:00,AAP,BEJ,011,10,1,1,NML,7,2025
1347.,A320,PKLUT,BTK,BTK6347,BTK7512,10/15:29,10/15:36,10/16:20,10/16:30,0:44:00,BEJ,HLP,009,10,1,1,NML,7,2025
1348.,A320,PKBKV,BTK,BTK7501,BTK6401,10/15:01,10/15:05,10/16:12,10/16:23,1:07:00,HLP,CGK,008,10,1,1,NML,7,2025
1349.,B739,PKLGW,LNI,LNI261,LNI642,10/15:47,10/15:52,10/16:46,10/16:59,0:54:00,BPN,LOP,014,10,1,1,NML,7,2025
1350.,B739,PKLQR,LNI,LNI681,LNI316,10/18:06,10/18:11,10/19:08,10/19:24,0:57:00,PKY,BDJ,017,10,0,0,NML,7,2025
1351.,B738,PKGFF,GIA,GIA310,GIA315,10/15:24,10/15:27,10/16:32,10/16:50,1:05:00,CGK,CGK,004,10,1,1,NML,7,2025
1352.,B738MAX,9VMBQ,SIA,SIA926,SIA927,10/15:41,10/15:46,10/16:34,10/16:48,0:48:00,SIN,SIN,A08,10,1,1,NML,7,2025
1353.,A320,PKSJC,SJV,SJV637,SJV648,10/15:20,10/15:24,10/16:39,10/16:52,1:15:00,BDJ,BPN,018,10,0,0,NML,7,2025
1354.,B739,PKLFW,LNI,LNI919,LNI268,10/17:54,10/17:59,10/18:53,10/19:08,0:54:00,DPS,TRK,016,10,1,1,NML,7,2025
1355.,A320,PKPWD,PAS,PAS206,PAS623,10/15:37,10/15:40,10/16:31,10/16:41,0:51:00,CGK,BPN,006,10,1,1,NML,7,2025
1356.,B738,PKLSF,LNI,LNI869,LNI3856,10/12:14,10/12:19,10/18:21,10/18:36,6:02:00,TTE,PLM,015,10,1,1,NML,7,2025
1357.,B739,PKLFY,LNI,LNI692,LNI692,10/17:22,10/17:27,10/18:49,10/19:04,1:22:00,CGK,KOE,012,10,1,1,NML,7,2025
1358.,A320,PKGQO,CTV,CTV669,CTV9694,10/16:13,10/16:17,10/17:12,10/17:25,0:55:00,DPS,DPS,007,10,1,1,NML,7,2025
1359.,B739,PKLHI,LNI,LNI972,LNI226,10/18:23,10/18:27,10/19:29,10/19:40,1:02:00,BTH,BDJ,015,10,1,1,NML,7,2025
1360.,B739,PKLSI,LNI,LNI683,LNI920,10/18:18,10/18:23,10/19:35,10/19:53,1:12:00,PKY,DPS,011,10,1,1,NML,7,2025
1361.,A320,PKBDF,BTK,BTK6578,BTK7579,10/16:17,10/16:22,10/17:52,10/18:05,1:30:00,CGK,CGK,010,10,1,1,NML,7,2025
1362.,A320,PKAZT,AWQ,AWQ323,AWQ326,10/18:03,10/18:08,10/18:38,10/18:45,0:30:00,KUL,KUL,A03,10,1,1,NML,7,2025
1363.,B738,PKLOH,LNI,LNI3839,LNI838,10/19:51,10/19:55,10/23:07,10/23:18,3:12:00,PNK,PNK,17B,10,0,0,NML,7,2025
1364.,B739,PKLGW,LNI,LNI865,LNI581,10/19:41,10/19:46,10/20:48,10/21:00,1:02:00,LOP,CGK,016,10,1,1,NML,7,2025
1365.,A320,PKPWF,PAS,PAS622,PAS207,10/17:18,10/17:21,10/18:15,10/18:26,0:54:00,BPN,CGK,005,10,1,1,NML,7,2025
1366.,B738,PKGUG,GIA,GIA349,GIA313,10/17:29,10/17:33,10/18:35,10/18:47,1:02:00,DPS,CGK,008,10,1,1,NML,7,2025
1367.,B739,PKLSV,LNI,LNI885,LNI800,10/21:06,10/21:17,10/22:30,10/22:42,1:13:00,UPG,UPG,026,10,0,0,NML,7,2025
1368.,A320,PKSAH,SJV,SJV673,SJV716,10/20:34,10/20:38,10/21:45,10/21:58,1:07:00,BEJ,LOP,021,10,0,0,NML,7,2025
1369.,B738,PKGMD,GIA,GIA320,GIA325,10/17:51,10/17:55,10/18:53,10/19:19,0:58:00,CGK,CGK,004,10,1,1,NML,7,2025
1370.,A320,PKGQF,CTV,CTV172,CTV173,10/18:10,10/18:14,10/19:00,10/19:20,0:46:00,HLP,HLP,006,10,1,1,NML,7,2025
1371.,A320,PKLUS,BTK,BTK6576,BTK7502,10/18:16,10/18:20,10/19:13,10/19:28,0:53:00,CGK,HLP,009,10,1,1,NML,7,2025
1372.,B739,PKLSP,LNI,LNI709,LNI260,10/18:42,10/18:46,10/20:24,10/20:36,1:38:00,UPG,BPN,018,10,0,0,NML,7,2025
1373.,B739,PKLJI,LNI,LNI707,LNI880,10/15:07,10/15:11,10/16:25,10/16:35,1:14:00,UPG,UPG,016,10,1,1,NML,7,2025
1374.,B738MAX,9VMBH,SIA,SIA928,SIA929,10/18:00,10/18:06,10/18:53,10/19:15,0:47:00,SIN,SIN,A07,10,1,1,NML,7,2025
1375.,A320,PKLAL,BTK,BTK7503,BTK6575,10/18:13,10/18:18,10/19:33,10/19:43,1:15:00,HLP,CGK,010,10,1,1,NML,7,2025
1376.,A320,PKGLV,CTV,CTV736,CTV352,10/18:33,10/18:36,10/19:35,10/19:54,0:59:00,CGK,UPG,005,10,1,1,NML,7,2025
1377.,A320,PKGQA,CTV,CTV949,CTV494,10/18:53,10/19:01,10/19:42,10/19:59,0:41:00,BTH,BDJ,004,10,1,1,NML,7,2025
1378.,A320,PKGLE,CTV,CTV489,CTV693,10/19:09,10/19:13,10/19:57,10/20:09,0:44:00,BDJ,DPS,003,10,0,0,NML,7,2025
1379.,B738,PKGNF,GIA,GIA326,GIA3354,10/18:59,10/19:05,10/19:58,10/20:10,0:53:00,CGK,HLP,007,10,1,1,NML,7,2025
1380.,A320,PKLUT,BTK,BTK7519,BTK7518,10/19:22,10/19:26,10/20:11,10/20:23,0:45:00,HLP,HLP,009,10,1,1,NML,7,2025
1381.,B738,PKGFG,GIA,GIA3304,GIA319,10/18:49,10/18:53,10/20:07,10/20:20,1:14:00,HLP,CGK,008,10,1,1,NML,7,2025
1382.,A320,PKGLX,CTV,CTV435,CTV737,10/19:06,10/19:09,10/20:17,10/20:27,1:08:00,BPN,CGK,006,10,1,1,NOP,7,2025
1383.,A320,PKGQL,CTV,CTV724,CTV354,10/20:13,10/20:17,10/21:01,10/21:17,0:44:00,CGK,UPG,007,10,1,1,NML,7,2025
1384.,A320,PKBLB,BTK,BTK7521,BTK6136,10/20:57,10/21:02,10/22:25,10/22:39,1:23:00,HLP,UPG,008,10,1,1,NML,7,2025
1385.,B735,PKCLH,SJY,SJY567,SJY562,10/23:00,10/23:05,10/23:45,10/23:55,0:40:00,UPG,UPG,012,28,1,1,NML,7,2025
1386.,B738,PKLQY,LNI,LNI836A,LNI836Z,10/22:59,10/22:59,11/05:33,11/05:40,6:34:00,SUB,PNK,021,28,0,0,NML,7,2025
1387.,A320,PKAXY,AWQ,AWQ325,AWQ320,10/19:01,10/19:06,11/05:00,11/05:10,9:54:00,KUL,KUL,A03,28,1,1,NML,7,2025
1388.,B739,PKLJI,LNI,LNI883,LNI878,10/20:40,10/20:45,11/05:03,11/05:16,8:18:00,UPG,AMQ,025,28,0,0,NML,7,2025
1389.,A320,PKLUR,BTK,BTK6594,BTK7508,10/20:30,10/20:34,11/04:59,11/05:08,8:25:00,CGK,HLP,023,28,0,0,NML,7,2025
1390.,A320,PKGQG,CTV,CTV726,CTV430,10/21:15,10/21:19,11/05:00,11/05:12,7:41:00,CGK,BPN,007,28,1,1,NML,7,2025
1391.,B739,PKLHH,LNI,LNI6013,LNI786,10/23:50,10/23:57,11/05:06,11/05:18,5:09:00,UPG,UPG,008,28,1,1,NML,7,2025
1392.,B738,PKGMA,GIA,GIA324,GIA301,10/20:52,10/20:56,11/05:01,11/05:14,8:05:00,CGK,CGK,004,28,1,1,NML,7,2025
1393.,A320,PKBKR,BTK,BTK6221,BTK6132,10/19:13,10/19:21,11/05:37,11/05:45,10:16:00,BPN,LOP,020,28,0,0,NML,7,2025
1394.,A320,PKSJM,SJV,SJV615,SJV640,10/21:53,10/21:56,11/05:28,11/05:37,7:32:00,BPN,AAP,018,28,0,0,NML,7,2025
1395.,B738,PKLQZ,LNI,LNI727,LNI868,10/18:56,11/01:30,11/05:39,11/05:48,10:34:00,KDI,TTE,17B,28,0,1,NML,7,2025
1396.,A320,PKGQO,CTV,CTV9695,CTV725,10/20:00,10/20:06,11/05:47,11/05:53,9:41:00,DPS,CGK,005,28,1,1,NML,7,2025
1397.,B739,PKLGW,LNI,LNI690,LNI690,11/05:03,11/05:09,11/06:00,11/06:14,0:51:00,CGK,KOE,010,10,1,1,NML,7,2025
1398.,A333,ECNOG,SVA,SVA5230,SVA4230,11/03:27,11/03:35,11/06:07,11/06:17,2:32:00,MCT,JED,012,10,1,1,NML,7,2025
1399.,A320,PKSTI,SJV,SJV619,SJV706,10/21:09,10/21:16,11/06:00,11/06:12,8:44:00,BPN,DPS,016,10,1,1,NML,7,2025
1400.,B739,PKLSI,LNI,LNI923,LNI882,10/22:37,10/22:43,11/06:00,11/06:16,7:17:00,DPS,UPG,026,10,0,0,NML,7,2025
1401.,A320,V8RBE,RBA,RBA795,RBA796,10/21:12,10/21:18,11/08:34,11/08:46,11:16:00,BWN,BWN,A07,10,1,1,NML,7,2025
1402.,A320,PKGQL,CTV,CTV353,CTV670,11/05:06,11/05:15,11/05:56,11/06:10,0:41:00,UPG,LOP,007,10,1,1,NML,7,2025
1403.,A320,PKBKT,BTK,BTK6413,BTK6412,10/20:17,10/20:24,11/06:22,11/06:32,9:58:00,DPS,DPS,022,10,0,0,NML,7,2025
1404.,B738,PKLZV,BTK,BTK6588,BTK6597,10/22:48,10/22:52,11/06:45,11/07:00,7:53:00,CGK,CGK,009,10,1,1,NML,7,2025
1405.,A320,PKSAH,SJV,SJV717,SJV566,11/06:01,11/06:11,11/06:56,11/07:16,0:45:00,LOP,PLW,014,10,1,1,NML,7,2025
1406.,A320,PKLUZ,BTK,BTK6137,BTK6135,10/19:57,10/20:02,11/06:58,11/07:20,10:56:00,UPG,PKN,17A,10,0,0,NML,7,2025
1407.,C208,PKVVO,SUS,PKVVO,PKVVO,10/09:13,10/09:17,11/07:17,11/07:24,22:00:00,BXW,BXW,C07,10,0,0,NML,7,2025
1408.,B738,PKGFI,GIA,GIA855,GIA854,10/20:21,10/20:29,11/06:58,11/07:13,10:29:00,SIN,SIN,A02,10,1,1,NML,7,2025
1409.,B738,PKGFJ,GIA,GIA328,GIA305,10/21:02,10/21:06,11/06:54,11/07:09,9:48:00,CGK,CGK,006,10,1,1,NML,7,2025
1410.,B739,PKLHI,LNI,LNI311,LNI971,11/06:29,11/06:33,11/07:33,11/07:44,1:00:00,BDJ,BTH,012,10,1,1,NML,7,2025
1411.,B739,PKLHP,LNI,LNI363,LNI266,11/09:16,11/09:21,11/11:03,11/11:16,1:42:00,BPN,BPN,015,10,1,1,NML,7,2025
1412.,A320,PKLUY,BTK,BTK7511,BTK7510,11/06:38,11/06:48,11/07:30,11/07:42,0:42:00,HLP,HLP,009,10,1,1,NML,7,2025
1413.,A320,PKAZT,AWQ,AWQ327,AWQ392,11/00:11,11/00:15,11/07:36,11/07:46,7:21:00,KUL,JHB,A04,10,1,1,NML,7,2025
1414.,B739,PKLJG,LNI,LNI929,LNI222,11/07:22,11/07:26,11/08:27,11/08:46,1:01:00,DPS,BDJ,010,10,1,1,NML,7,2025
1415.,A320,PKGLR,CTV,CTV690,CTV460,11/07:18,11/07:21,11/07:53,11/08:05,0:32:00,DPS,AAP,006,10,1,1,NML,7,2025
1416.,A320,PKBDF,BTK,BTK6572,BTK6573,11/07:10,11/07:13,11/08:05,11/08:17,0:52:00,CGK,CGK,008,10,1,1,NML,7,2025
1417.,B739,PKLFW,LNI,LNI267,LNI693,11/07:07,11/07:11,11/08:16,11/08:27,1:05:00,TRK,CGK,016,10,1,1,NML,7,2025
1418.,B739,PKLFY,LNI,LNI693,LNI990,11/06:51,11/06:56,11/08:11,11/08:26,1:15:00,KOE,DPS,015,10,1,1,NML,7,2025
1419.,A320,PKSJH,SJV,SJV649,SJV610,11/08:23,11/08:27,11/09:28,11/09:48,1:01:00,BPN,BPN,009,10,1,1,NML,7,2025
1420.,B738,PKGUD,GIA,GIA314,GIA323,11/07:14,11/07:17,11/08:35,11/08:48,1:18:00,CGK,CGK,004,10,1,1,NML,7,2025
1421.,A320,PKBKR,BTK,BTK6133,BTK6391,11/08:38,11/08:42,11/09:52,11/10:04,1:10:00,LOP,CGK,008,10,1,1,NML,7,2025
1422.,A320,PKSAT,SJV,SJV7000,SJV618,11/11:41,11/11:45,11/12:43,11/12:50,0:58:00,DPS,BPN,015,10,1,1,NML,7,2025
1423.,E135,T7JCI,AFS,T7JCI,T7JCI,11/09:00,11/09:03,11/09:36,11/09:42,0:33:00,CGK,CGK,003,10,0,0,NML,7,2025
1424.,B738,PKLQY,LNI,LNI837,LNI748,11/09:23,11/09:26,11/11:10,11/11:19,1:44:00,PNK,MDC,016,10,1,1,NML,7,2025
1425.,B738,PKGUF,GIA,GIA304,GIA342,11/08:09,11/08:12,11/09:17,11/09:32,1:05:00,CGK,DPS,005,10,1,1,NML,7,2025
1426.,A320,PKSTI,SJV,SJV703,SJV612,11/08:32,11/08:35,11/09:28,11/09:39,0:53:00,DPS,BPN,012,10,1,1,NML,7,2025
1427.,,,SJV,-,SJV612D,--:--,--:--,--:--,--:--,None,-,BPN,None,-,-1,-,NML,7,2025
1428.,A320,PKPWK,PAS,PAS200,PAS201,11/08:12,11/08:15,11/09:11,11/09:22,0:56:00,CGK,CGK,006,10,1,1,NML,7,2025
1429.,A320,PKGQL,CTV,CTV671,CTV486,11/08:42,11/08:46,11/09:33,11/09:44,0:47:00,LOP,BDJ,007,10,1,1,NML,7,2025
1430.,A333,BLBE,CPA,CPA779,CPA780,10/19:16,10/19:22,11/09:19,11/09:38,13:57:00,HKG,HKG,A08,10,1,1,NML,7,2025
1431.,B739,PKLGL,LNI,LNI970,LNI856,11/09:07,11/09:13,11/10:10,11/10:25,0:57:00,BTH,PLM,014,10,1,1,NML,7,2025
1432.,B738,9MMXO,MAS,MAS871,MAS870,11/08:53,11/09:01,11/09:52,11/10:02,0:51:00,KUL,KUL,A03,10,1,1,NML,7,2025
1433.,B735,PKNAT,LKN,LKN243,LKN242,11/09:30,11/09:35,11/10:10,11/10:27,0:35:00,SMQ,SMQ,012,10,1,1,NML,7,2025
1434.,A359,9VSHR,SIA,SIA922,SIA923,11/08:56,11/09:03,11/10:06,11/10:21,1:03:00,SIN,SIN,A07,10,1,1,NML,7,2025
1435.,A320,PKSJM,SJV,SJV643,SJV642,11/09:19,11/09:23,11/10:23,11/10:34,1:00:00,AAP,AAP,010,10,1,1,NML,7,2025
1436.,A320,PKLAZ,BTK,BTK6584,BTK6585,11/10:06,11/10:11,11/10:54,11/11:10,0:43:00,CGK,CGK,008,10,1,1,NML,7,2025
1437.,B739,PKLSI,LNI,LNI791,LNI706,11/09:49,11/09:55,11/10:46,11/10:58,0:51:00,UPG,UPG,009,10,1,1,NML,7,2025
1438.,A320,PKGQC,CTV,CTV351,CTV350,11/09:27,11/09:31,11/10:14,11/10:28,0:43:00,UPG,UPG,006,10,1,1,NML,7,2025
1439.,B738,PKLZZ,MXD,MXD352,MXD353,10/19:25,10/19:32,11/10:29,11/10:36,14:57:00,KUL,KUL,C01,10,0,0,NML,7,2025
1440.,A320,9VTRN,TGW,TGW296,TGW297,11/10:19,11/10:25,11/11:13,11/11:21,0:48:00,SIN,SIN,A02,10,1,1,NML,7,2025
1441.,A320,PKPWH,PAS,PAS210,PAS211,11/09:35,11/09:39,11/10:29,11/10:41,0:50:00,CGK,CGK,005,10,1,1,NML,7,2025
1442.,A320,PKLUW,BTK,BTK7513,BTK6346,11/10:16,11/10:19,11/11:32,11/11:44,1:13:00,HLP,BEJ,020,10,0,0,NML,7,2025
1443.,A320,PKLUZ,BTK,BTK6134,BTK7516,11/09:52,11/09:57,11/11:22,11/11:31,1:25:00,PKN,HLP,018,10,0,0,NML,7,2025
1444.,A320,PKGLG,CTV,CTV722,CTV723,11/09:45,11/09:50,11/10:53,11/11:08,1:03:00,CGK,CGK,007,10,1,1,NML,7,2025
1445.,PA34,PKARY,BPB,PKARY,PKARY,11/10:31,11/10:35,11/11:00,11/11:03,0:25:00,BWX,BWX,029,10,0,0,NML,7,2025
1446.,B739,PKLGW,LNI,LNI697,LNI697,11/10:38,11/10:43,11/11:40,11/11:57,0:57:00,KOE,CGK,011,10,1,1,NML,7,2025
1447.,A320,PKSAH,SJV,SJV567,SJV632,11/11:36,11/11:43,11/12:40,11/12:51,0:57:00,PLW,BDJ,009,10,1,1,NML,7,2025
1448.,B739,PKLFY,LNI,LNI805,LNI822,11/10:50,11/10:56,11/11:51,11/12:02,0:55:00,DPS,LOP,017,10,1,1,NML,7,2025
1449.,B739,PKLJG,LNI,LNI315,LNI646,11/12:31,11/12:35,11/13:24,11/13:39,0:49:37,BDJ,LOP,018,10,0,0,NML,7,2025
1450.,A320,PKAXY,AWQ,AWQ321,AWQ322,11/10:23,11/10:26,11/11:06,11/11:14,0:40:00,KUL,KUL,A03,10,1,1,NML,7,2025
1451.,B739,PKLHH,LNI,LNI787,LNI262,11/13:26,11/13:30,11/14:36,11/14:46,1:06:23,UPG,BPN,020,10,0,0,NML,7,2025
1452.,B738,PKGFS,GIA,GIA322,GIA327,11/10:09,11/10:13,11/11:25,11/11:43,1:12:00,CGK,CGK,004,10,1,1,NML,7,2025
1453.,A320,PKLUY,BTK,BTK7517,BTK7520,11/10:44,11/10:50,11/11:39,11/11:50,0:49:00,HLP,HLP,010,10,1,1,NML,7,2025
1454.,A320,PKGLS,CTV,CTV9693,CTV698,11/11:27,11/11:30,11/12:11,11/12:24,0:41:00,DPS,DPS,006,10,1,1,NML,7,2025
1455.,A320,PKSTC,SJV,SJV619,SJV636,11/15:44,11/15:48,11/16:26,11/16:37,0:38:31,BPN,BDJ,012,10,1,1,NML,7,2025
1456.,A320,PKSJH,SJV,SJV611,SJV634,11/13:34,11/13:39,11/15:02,11/15:20,1:23:00,BPN,BDJ,009,10,1,1,NML,7,2025
1457.,A320,PKBDF,BTK,BTK6582,BTK6581,11/12:08,11/12:11,11/13:14,11/13:25,1:03:00,CGK,CGK,008,10,1,1,NML,7,2025
1458.,A320,PKBLA,BTK,BTK6406,BTK6581A,11/14:51,11/14:55,11/16:06,11/16:09,1:11:00,CGK,CGK,007,10,1,1,,7,2025
1459.,A320,PKGLR,CTV,CTV461,CTV9692,11/11:48,11/11:52,11/12:33,11/12:44,0:41:00,AAP,DPS,007,10,1,1,NML,7,2025
1460.,B739,PKLFF,LNI,LNI694,LNI694,11/11:51,11/11:55,11/12:47,11/12:57,0:52:00,CGK,KOE,016,10,1,1,NML,7,2025
1461.,B738,PKLQZ,LNI,LNI869,LNI722,11/11:45,11/11:50,11/13:14,11/13:24,1:24:00,TTE,KDI,021,10,0,0,NML,7,2025
1462.,B735,PKNAQ,LKN,LKN193,LKN192,11/12:21,11/12:25,11/13:17,11/13:29,0:52:00,PKN,PKN,010,10,1,1,NML,7,2025
1463.,B739,PKLHR,LNI,LNI223,LNI682,11/12:41,11/12:46,11/13:36,11/13:51,0:50:28,BDJ,PKY,017,10,1,1,NML,7,2025
1464.,B739,PKLJI,LNI,LNI879,LNI680,11/14:27,11/14:31,11/15:25,11/15:37,0:54:00,AMQ,PKY,017,10,1,1,NML,7,2025
1465.,B739,PKLSL,LNI,LNI683,LNI804,11/13:57,11/14:01,11/15:24,11/15:34,1:23:00,PKY,DPS,011,10,1,1,NML,7,2025
1466.,B739,PKLGJ,LNI,LNI801,LNI780,11/13:37,11/13:41,11/14:40,11/14:49,0:59:00,UPG,UPG,022,10,0,0,NML,7,2025
1467.,A320,PKAZT,AWQ,AWQ393,AWQ324,11/12:37,11/12:41,11/13:19,11/13:32,0:38:30,JHB,KUL,A03,10,1,1,NML,7,2025
1468.,A320,PKGQL,CTV,CTV487,CTV668,11/12:28,11/12:31,11/13:27,11/13:47,0:56:00,BDJ,DPS,006,10,1,1,NML,7,2025
1469.,GLF4,PKBON,CEO,CEO54,CEO54,11/13:30,11/13:33,11/14:44,11/14:52,1:10:54,HLP,XSP,001,10,0,0,NML,7,2025
1470.,A333,ECNYJ,SVA,SVA5628,SVA4628,11/12:00,11/12:04,11/14:14,11/14:28,2:10:00,MCT,JED,012,10,1,1,NML,7,2025
1471.,A320,PKGQG,CTV,CTV431,CTV948,11/13:49,11/13:51,11/14:38,11/14:54,0:47:00,BPN,BTH,007,10,1,1,NML,7,2025
"1472.,A320,PKSAO,SJV,SJV725,SJV726,10/19:48,11/10:37,11/21:24,11/21:29,""1 day, 1:31:00"",LBJ,LBJ,023,10,0,1,NML,7,2025"
1473.,B738,PKGUG,GIA,GIA312,GIA317,11/13:42,11/13:44,11/14:44,11/14:58,1:00:00,CGK,CGK,004,10,1,1,NML,7,2025
1474.,A320,9VJSU,JSA,JSA247,JSA248,11/14:01,11/14:06,11/14:50,11/15:00,0:44:00,SIN,SIN,A06,10,1,1,NML,7,2025
1475.,B739,PKLJG,LNI,LNI823,LNI260,11/16:13,11/16:16,11/17:13,11/17:30,0:57:00,LOP,BPN,014,10,1,1,NML,7,2025
1476.,B739,PKLFY,LNI,LNI645,LNI973,11/14:41,11/14:46,11/15:40,11/15:52,0:53:45,LOP,BTH,018,10,0,0,NML,7,2025
1477.,B739,PKLGL,LNI,LNI857,LNI800,11/15:39,11/15:45,11/16:37,11/16:52,0:52:46,PLM,UPG,016,10,1,1,NML,7,2025
1478.,B739,PKLSI,LNI,LNI707,LNI686,11/14:37,11/14:42,11/15:33,11/15:46,0:51:00,UPG,PKY,014,10,1,1,NML,7,2025
1479.,A320,PKLUT,BTK,BTK7515,BTK7514,11/13:44,11/13:49,11/14:50,11/15:01,1:01:00,HLP,HLP,010,10,1,1,NML,7,2025
1480.,A320,PKPWE,PAS,PAS208,PAS209,11/13:52,11/13:56,11/14:59,11/15:15,1:03:23,CGK,CGK,006,10,1,1,NML,7,2025
1481.,B738,PKGNF,GIA,GIA330,GIA331,11/14:11,11/14:13,11/15:08,11/15:21,0:55:27,HLP,HLP,005,10,1,1,NML,7,2025
1482.,A320,PKLUW,BTK,BTK6347,BTK6220,11/16:07,11/16:12,11/17:06,11/17:24,0:54:53,BEJ,BPN,008,10,1,1,NML,7,2025
1483.,A320,PKGLS,CTV,CTV699,CTV434,11/15:17,11/15:21,11/15:59,11/16:15,0:38:00,DPS,BPN,006,10,1,1,NML,7,2025
1484.,B738,PKLQY,LNI,LNI749,LNI3838,11/16:56,11/17:03,11/17:53,11/18:07,0:50:00,MDC,PNK,016,10,1,1,NML,7,2025
1485.,A320,PKLUY,BTK,BTK7501,BTK7512,11/15:13,11/15:16,11/16:08,11/16:22,0:52:00,HLP,HLP,009,10,1,1,NML,7,2025
1486.,A320,PKSTC,SJV,SJV637,SJV648,11/20:01,11/20:06,11/21:31,11/21:36,1:25:00,BDJ,BPN,018,10,0,0,NML,7,2025
1487.,B739,PKLHP,LNI,LNI367,LNI642,11/15:04,11/15:10,11/17:13,11/17:28,2:02:43,BPN,LOP,025,10,0,0,NML,7,2025
1488.,A320,PKSAH,SJV,SJV633,SJV672,11/15:35,11/15:38,11/16:57,11/17:08,1:19:57,BDJ,BEJ,011,10,1,1,NML,7,2025
1489.,A320,PKLUZ,BTK,BTK7503,BTK6401,11/19:34,11/19:38,11/20:40,11/20:54,1:02:00,HLP,CGK,011,10,1,1,NML,7,2025
1490.,B739,PKLHH,LNI,LNI261,LNI316,11/18:22,11/18:26,11/19:25,11/19:36,0:59:00,BPN,BDJ,017,10,1,1,NML,7,2025
1491.,B738,HSLUQ,TLM,TLM268,TLM269,11/15:32,11/15:38,11/16:29,11/16:42,0:51:33,DMK,DMK,A04,10,1,1,NML,7,2025
1492.,A333,ECNOF,SVA,SVA5228,SVA4228,11/14:08,11/14:13,11/16:17,11/16:29,2:04:14,MCT,JED,015,10,1,1,NML,7,2025
1493.,B738MAX,9VMBJ,SIA,SIA926,SIA927,11/15:56,11/16:03,11/17:02,11/17:22,0:59:34,SIN,SIN,A06,10,1,1,NML,7,2025
1494.,B738,PKGFW,GIA,GIA310,GIA315,11/15:50,11/15:53,11/16:46,11/16:59,0:53:24,CGK,CGK,004,10,1,1,NML,7,2025
1495.,B739,PKLHM,LNI,LNI923,LNI268,11/16:00,11/16:05,11/17:18,11/17:32,1:13:00,DPS,TRK,017,10,1,1,NML,7,2025
1496.,A320,PKPWA,PAS,PAS206,PAS623,11/16:03,11/16:06,11/16:53,11/17:01,0:47:00,CGK,BPN,005,10,1,1,NML,7,2025
1497.,B739,PKLSH,LNI,LNI919,LNI920,11/16:40,11/16:46,11/17:30,11/17:41,0:44:00,DPS,DPS,015,10,1,1,NML,7,2025
1498.,B739,PKLFF,LNI,LNI695,LNI692,11/17:26,11/17:29,11/18:45,11/18:57,1:16:12,KOE,KOE,011,10,1,1,NML,7,2025
1499.,A320,PKGLR,CTV,CTV669,CTV9694,11/16:10,11/16:13,11/16:56,11/17:05,0:43:00,DPS,DPS,006,10,1,1,NML,7,2025
1500.,B739,PKLHI,LNI,LNI972,LNI226,11/18:04,11/18:09,11/19:26,11/19:46,1:17:00,BTH,BDJ,014,10,1,1,NML,7,2025
1501.,B738,PKLOH,LNI,LNI839,LNI836,11/18:31,11/18:36,11/19:32,11/19:38,0:56:00,PNK,PNK,016,10,1,1,NML,7,2025
1502.,A320,PKAXY,AWQ,AWQ323,AWQ326,11/16:49,11/16:53,11/17:25,11/17:38,0:32:56,KUL,KUL,A03,10,1,1,NML,7,2025
1503.,A320,PKLUU,BTK,BTK6137,BTK7579,11/22:43,11/22:50,12/00:50,12/01:00,2:00:00,UPG,CGK,15A,10,0,0,NML,7,2025
1504.,B738,PKLQZ,LNI,LNI727,LNI838,11/17:17,11/17:20,11/18:11,11/18:26,0:51:00,KDI,PNK,012,10,1,1,NML,7,2025
1505.,,,LNI,-,LNI838D,--:--,--:--,--:--,--:--,None,-,PNK,None,-,-1,-,NML,7,2025
1506.,B739,PKLJI,LNI,LNI681,LNI910,11/18:18,11/18:21,11/19:11,11/19:33,0:50:00,PKY,DPS,012,10,1,1,NML,7,2025
1507.,B738,9MMLT,MAS,MAS875,MAS874,11/17:13,11/17:19,11/18:22,11/18:36,1:03:00,KUL,KUL,A07,10,1,1,NML,7,2025
1508.,A320,PKPWH,PAS,PAS622,PAS207,11/17:20,11/17:22,11/18:17,11/18:34,0:55:00,BPN,CGK,006,10,1,1,NML,7,2025
1509.,B738,PKGUF,GIA,GIA349,GIA313,11/17:35,11/17:38,11/18:38,11/18:55,1:00:46,DPS,CGK,004,10,1,1,NML,7,2025
1510.,A320,PKLUY,BTK,BTK7519,BTK7502,11/19:38,11/19:42,11/20:33,11/20:45,0:51:00,HLP,HLP,012,10,1,1,NML,7,2025
1511.,A320,PKBLA,BTK,BTK6596,BTK6595,11/19:50,11/19:52,11/20:37,11/20:46,0:45:00,CGK,CGK,014,10,1,1,NML,7,2025
1512.,A320,PKSJM,SJV,SJV641,SJV716,11/19:58,11/20:02,11/21:51,11/22:04,1:49:00,AAP,LOP,015,10,1,1,NML,7,2025
1513.,B738,PKGUC,GIA,GIA320,GIA325,11/18:00,11/18:04,11/19:08,11/19:29,1:04:31,CGK,CGK,005,10,1,1,NML,7,2025
1514.,B738MAX,9VMBM,SIA,SIA928,SIA929,11/18:09,11/18:15,11/19:01,11/19:17,0:46:00,SIN,SIN,A06,10,1,1,NML,7,2025
1515.,A320,PKBLC,BTK,BTK6576,BTK6575,11/19:41,11/19:47,11/20:49,11/21:01,1:02:00,CGK,CGK,017,10,1,1,NML,7,2025
1516.,A320,PKGQS,CTV,CTV949,CTV494,11/18:49,11/18:54,11/19:33,11/20:06,0:39:51,BTH,BDJ,009,10,1,1,NML,7,2025
1517.,B788,9VOFC,TGW,TGW266,TGW267,11/18:42,11/18:49,11/20:01,11/20:29,1:12:00,SIN,SIN,A07,10,1,1,NML,7,2025
1518.,A320,PKLUW,BTK,BTK6221,BTK7518,11/21:15,11/21:21,11/22:35,11/22:50,1:14:00,BPN,HLP,012,10,1,1,NML,7,2025
1519.,B738,PKGMA,GIA,GIA326,GIA3354,11/19:21,11/19:24,11/20:16,11/20:27,0:52:00,CGK,HLP,005,10,1,1,NML,7,2025
1520.,A320,PKGLG,CTV,CTV736,CTV352,11/19:30,11/19:32,11/20:31,11/20:43,0:58:00,CGK,UPG,003,10,0,0,NML,7,2025
1521.,B738,PKLHO,LNI,LNI885,LNI880,11/19:44,11/19:49,11/21:11,11/21:23,1:22:00,UPG,UPG,016,10,1,1,NML,7,2025
1522.,A320,PKSAH,SJV,SJV673,SJV614,11/21:10,11/21:14,11/23:15,11/23:30,2:01:00,BEJ,BPN,17B,10,0,0,NML,7,2025
1523.,B738,PKGNF,GIA,GIA3304,GIA319,11/18:38,11/18:42,11/19:53,11/20:10,1:11:00,HLP,CGK,004,10,1,1,NML,7,2025
1524.,A320,PKGQF,CTV,CTV172,CTV737,11/18:14,11/18:17,11/20:27,11/20:40,2:10:00,HLP,CGK,007,10,1,1,NML,7,2025
1525.,A320,PKGLS,CTV,CTV435,CTV173,11/19:54,11/19:58,11/20:44,11/20:56,0:46:00,BPN,HLP,008,10,1,1,NML,7,2025
1526.,B738,PKCRH,SJY,SJY567,SJY562,11/21:50,11/21:54,11/22:34,11/22:46,0:40:00,UPG,UPG,011,10,1,1,NML,7,2025
1527.,CL60,N779LG,MPU,N779LG,N779LG,11/18:47,11/18:48,11/18:58,11/19:00,0:10:14,KOE,CGK,003,10,0,0,NML,7,2025
1528.,B738,PKLDK,BTK,BTK6586,BTK6587,11/21:40,11/21:47,11/23:02,11/23:12,1:15:00,CGK,CGK,17A,10,0,0,NML,7,2025
1529.,,,BTK,-,BTK6587D,--:--,--:--,--:--,--:--,None,-,CGK,None,-,-1,-,NML,7,2025
1530.,A320,PKGQE,CTV,CTV489,CTV693,11/20:07,11/20:10,11/20:58,11/21:08,0:48:00,BDJ,DPS,004,10,1,1,NML,7,2025
1531.,A320,PKGLE,CTV,CTV724,CTV354,11/20:59,11/21:02,11/21:51,11/22:02,0:49:00,CGK,UPG,007,10,1,1,NML,7,2025
1532.,A320,PKLAF,BTK,BTK7521,BTK6136,11/20:51,11/20:55,11/23:56,12/00:06,3:01:00,HLP,UPG,020,10,0,0,NML,7,2025
1533.,A339,PKGHH,GIA,GIA3242,GIA974,11/22:17,11/22:25,12/02:47,12/03:00,4:22:00,CGK,JED,A07,10,1,1,NML,7,2025
1534.,A320,PKSAJ,SJV,SJV615,SJV610,11/22:08,11/22:14,12/05:02,12/05:13,6:48:00,BPN,BPN,15B,28,0,0,NML,7,2025
1535.,A320,PKAZT,AWQ,AWQ325,AWQ320,11/19:24,11/19:29,12/05:01,12/05:14,9:32:00,KUL,KUL,A03,28,1,1,NML,7,2025
1536.,A320,PKBKF,BTK,BTK6578,BTK7508,11/23:29,12/00:35,12/05:20,12/05:33,5:46:00,CGK,HLP,17A,28,0,1,NML,7,2025
1537.,A320,PKGLR,CTV,CTV9695,CTV430,11/19:51,11/19:55,12/05:05,12/05:20,9:10:00,DPS,BPN,009,28,1,1,NML,7,2025
1538.,B739,PKLSI,LNI,LNI687,LNI786,11/18:26,11/18:32,12/05:12,12/05:23,10:40:00,PKY,UPG,026,28,0,0,NML,7,2025
1539.,,,AWQ,-,AWQ88,--:--,--:--,--:--,--:--,None,-,CGK,None,-,-1,-,NML,7,2025
1540.,B738,PKGFJ,GIA,GIA328,GIA301,11/20:15,11/20:19,12/05:04,12/05:16,8:45:00,CGK,CGK,005,28,1,1,NML,7,2025
1541.,A320,PKBKU,BTK,BTK6594,BTK6132,11/22:12,11/22:18,12/05:59,12/06:12,7:41:00,CGK,LOP,007,28,1,1,NML,7,2025
1542.,B738,PKLQY,LNI,LNI3839,LNI868,11/21:44,11/21:51,12/05:33,12/05:42,7:42:00,PNK,TTE,016,28,1,1,NML,7,2025
1543.,A320,PKGQN,CTV,CTV726,CTV725,11/21:21,11/21:25,12/05:45,12/05:57,8:20:00,CGK,CGK,008,28,1,1,NML,7,2025
1544.,B739,PKLSR,LNI,LNI690,LNI690,12/05:03,12/05:08,12/05:57,12/06:06,0:49:00,CGK,KOE,17B,28,0,0,NML,7,2025
1545.,A320,PKGLE,CTV,CTV353,CTV670,12/05:06,12/05:12,12/05:56,12/06:08,0:44:00,UPG,LOP,009,28,1,1,NML,7,2025
1546.,A320,V8RBA,RBA,RBA795,RBA796,11/21:29,11/21:36,12/06:00,12/06:13,8:24:00,BWN,BWN,A06,28,1,1,NML,7,2025
1547.,A320,PKSJC,SJV,SJV617,SJV640,11/21:59,11/22:07,12/06:03,12/06:15,7:56:00,BPN,AAP,014,28,1,1,NML,7,2025
1548.,B739,PKLSV,LNI,LNI709,LNI882,11/23:20,11/23:25,12/06:05,12/06:17,6:40:00,UPG,UPG,018,28,0,0,NML,7,2025
1549.,B738,PKBGF,BTK,BTK6588,BTK6597,11/22:54,11/22:58,12/06:10,12/06:20,7:12:22,CGK,CGK,012,28,1,1,NML,7,2025
1550.,B739,PKLHP,LNI,LNI865,LNI266,11/20:04,11/20:08,12/06:42,12/06:55,10:34:39,LOP,BPN,025,28,0,0,NML,7,2025
1551.,A320,PKPWG,PAS,PAS202,PAS213,11/19:04,11/19:07,12/06:07,12/06:19,11:00:00,CGK,CGK,006,28,1,1,NML,7,2025
1552.,A320,PKAXY,AWQ,AWQ327,AWQ386,11/23:11,11/23:16,12/05:57,12/06:10,6:41:00,KUL,PEN,A01,28,1,1,NML,7,2025
1553.,A320,PKBKT,BTK,BTK6413,BTK6412,11/21:05,11/21:11,12/06:23,12/06:33,9:12:00,DPS,DPS,022,28,0,0,NML,7,2025
1554.,A320,PKSAO,SJV,SJV725,SJV634,12/01:13,12/01:19,12/07:22,12/07:32,6:03:00,LBJ,BDJ,15A,28,0,0,NML,7,2025
1555.,B733,PKMYJ,MYU,MYU935,MYU934,11/08:51,11/08:56,12/06:48,12/06:58,21:52:00,SRG,SIN,C02,28,0,0,NML,7,2025
1556.,B738MAX,PKOFI,AFE,AFE921,AFE921,12/05:52,12/05:58,12/07:02,12/07:12,1:04:00,CGK,TIM,005,28,1,1,NML,7,2025
1557.,A320,PKSGB,SJV,SJV717,SJV566,12/05:54,12/06:03,12/06:53,12/07:06,0:50:52,LOP,PLW,008,28,1,1,NML,7,2025
1558.,B739,PKLVF,LNI,LNI311,LNI971,12/06:01,12/06:06,12/07:04,12/07:12,0:57:41,BDJ,BTH,15B,28,0,0,NML,7,2025
1559.,B738,PKGFI,GIA,GIA855,GIA854,11/20:33,11/20:41,12/06:53,12/07:05,10:12:00,SIN,SIN,A02,28,1,1,NML,7,2025
1560.,B738,PKGMI,GIA,GIA324,GIA305,11/21:03,11/21:06,12/06:56,12/07:08,9:50:00,CGK,CGK,004,28,1,1,NML,7,2025
1561.,B739,PKLGY,LNI,LNI363,LNI646,12/06:24,12/06:29,12/07:16,12/07:25,0:47:00,BPN,LOP,016,28,1,1,NML,7,2025
1562.,A320,PKLUU,BTK,BTK6370,BTK6135,12/06:03,12/06:08,12/07:40,12/07:49,1:32:00,CGK,PKN,17A,28,0,0,NML,7,2025
1563.,A320,PKLUW,BTK,BTK7511,BTK7510,12/06:59,12/07:03,12/08:12,12/08:22,1:09:00,HLP,HLP,009,28,1,1,NML,7,2025
1564.,B739,PKLFF,LNI,LNI693,LNI693,12/06:56,12/07:01,12/07:51,12/08:03,0:50:03,KOE,CGK,012,28,1,1,NML,7,2025
1565.,A320,PKGLV,CTV,CTV690,CTV460,12/06:52,12/06:59,12/07:42,12/07:54,0:43:22,DPS,AAP,006,28,1,1,NML,7,2025
1566.,B739,PKLHM,LNI,LNI267,LNI982,12/07:02,12/07:08,12/08:05,12/08:18,0:57:58,TRK,PKU,014,28,1,1,NML,7,2025
1567.,A21N,B32MC,CSN,CSN8137,CSN8138,11/21:25,11/21:31,12/07:48,12/08:07,10:17:00,CAN,CAN,A04,28,1,1,NML,7,2025
1568.,B739,PKLSW,LNI,LNI929,LNI973,12/10:09,12/10:13,12/11:20,12/11:32,1:06:40,DPS,BTH,018,10,0,0,NML,7,2025
1569.,A320,PKLUO,BTK,BTK6572,BTK6573,12/07:29,12/07:36,12/08:29,12/08:35,0:53:00,CGK,CGK,007,28,1,1,NML,7,2025
"1570.,DHC6,PKICP,PGT,PKICP,PKICP,10/11:11,10/11:15,12/07:56,12/08:02,""1 day, 20:41:56"",PAG,PAG,028,28,0,0,NML,7,2025"
1571.,B738,PKLBK,MXD,MXD352,MXD353,11/19:26,12/03:30,12/08:41,12/08:55,13:08:00,KUL,KUL,A07,28,1,1,NML,7,2025
1572.,B739,PKLJI,LNI,LNI315,LNI222,12/08:01,12/08:05,12/09:03,12/09:14,0:58:00,BDJ,BDJ,015,28,1,1,NML,7,2025
1573.,A320,PKBKU,BTK,BTK6133,BTK6391,12/08:53,12/08:58,12/09:46,12/09:55,0:48:00,LOP,CGK,008,28,1,1,NML,7,2025
1574.,B739,PKLHR,LNI,LNI683,LNI682,12/08:11,12/08:16,12/09:05,12/09:15,0:49:00,PKY,PKY,012,28,1,1,NML,7,2025
1575.,A320,PKSTC,SJV,SJV649,SJV618,12/07:51,12/07:56,12/08:57,12/09:10,1:01:38,BPN,BPN,017,28,1,1,NML,7,2025
1576.,A333,BHLO,CPA,CPA779,CPA780,11/18:52,11/18:59,12/08:49,12/09:05,13:50:00,HKG,HKG,A08,28,1,1,NML,7,2025
1577.,B738,PKLQZ,LNI,LNI837,LNI748,12/08:04,12/08:08,12/09:09,12/09:19,1:01:27,PNK,MDC,016,28,1,1,NML,7,2025
1578.,A320,9VJSY,JSA,JSA249,JSA250,12/08:37,12/08:40,12/09:36,12/09:52,0:56:58,SIN,SIN,A04,28,1,1,NML,7,2025
1579.,B738,PKGFM,GIA,GIA304,GIA342,12/08:15,12/08:23,12/09:23,12/09:32,0:59:39,CGK,DPS,004,28,1,1,NML,7,2025
1580.,A320,PKSJG,SJV,SJV611,SJV612,12/09:11,12/09:17,12/10:16,12/10:32,0:59:00,BPN,BPN,009,28,1,1,NML,7,2025
1581.,A320,PKPWK,PAS,PAS200,PAS201,12/08:28,12/08:34,12/09:18,12/09:27,0:44:17,CGK,CGK,005,28,1,1,NML,7,2025
1582.,A320,PKGLE,CTV,CTV671,CTV486,12/08:25,12/08:30,12/09:23,12/09:35,0:53:25,LOP,BDJ,006,28,1,1,NML,7,2025
1583.,FA8X,MPTGG,AFI,MPTGG,MPTGG,12/09:02,12/09:06,12/09:32,12/09:40,0:26:00,XSP,DHX,A01,28,0,0,NML,7,2025
1584.,A332,9MMTZ,MAS,MAS871,MAS870,12/09:08,12/09:13,12/10:07,12/10:24,0:54:00,KUL,KUL,A06,28,1,1,NML,7,2025
1585.,A359,9VSHV,SIA,SIA922,SIA923,12/09:28,12/09:32,12/10:23,12/10:38,0:51:06,SIN,SIN,A08,28,1,1,NML,7,2025
1586.,A320,PKGQC,CTV,CTV351,CTV350,12/09:16,12/09:22,12/10:16,12/10:28,0:54:00,UPG,UPG,007,28,1,1,NML,7,2025
1587.,B739,PKLFY,LNI,LNI970,LNI706,12/09:32,12/09:37,12/10:47,12/11:01,1:10:00,BTH,UPG,014,10,1,1,NML,7,2025
1588.,B739,PKLSV,LNI,LNI791,LNI990,12/09:42,12/09:48,12/11:00,12/11:14,1:12:00,UPG,DPS,015,10,1,1,NML,7,2025
1589.,A320,PKSAO,SJV,SJV635,SJV632,12/10:26,12/10:30,12/14:09,12/14:15,3:38:18,BDJ,BDJ,020,10,0,0,NML,7,2025
1590.,A320,PKLUY,BTK,BTK7513,BTK6585,12/10:22,12/10:27,12/11:21,12/11:28,0:54:00,HLP,CGK,008,10,1,1,NML,7,2025
1591.,A20N,9VTNG,TGW,TGW296,TGW297,12/09:49,12/09:53,12/10:53,12/11:04,1:00:34,SIN,SIN,A02,10,1,1,NML,7,2025
1592.,B739,PKLHP,LNI,LNI367,LNI822,12/10:36,12/10:42,12/13:21,12/13:40,2:38:32,BPN,LOP,023,10,0,0,NML,7,2025
1593.,A320,PKBLB,BTK,BTK6584,BTK7516,12/09:39,12/09:42,12/11:25,12/11:41,1:43:20,CGK,HLP,012,10,1,1,NML,7,2025
1594.,A320,PKSJC,SJV,SJV641,SJV642,12/09:45,12/09:51,12/10:55,12/11:05,1:04:28,AAP,AAP,016,10,1,1,NML,7,2025
1595.,B739,PKLSR,LNI,LNI697,LNI697,12/10:30,12/10:34,12/11:37,12/11:57,1:03:10,KOE,CGK,022,10,0,0,NML,7,2025
1596.,A320,PKLUU,BTK,BTK6134,BTK6346,12/10:17,12/10:22,12/11:30,12/11:48,1:08:53,PKN,BEJ,009,10,1,1,NML,7,2025
1597.,A320,PKAZT,AWQ,AWQ321,AWQ322,12/10:54,12/10:59,12/11:35,12/11:52,0:36:01,KUL,KUL,A03,10,1,1,NML,7,2025
1598.,A320,PKSJF,SJV,SJV363,SJV706,12/11:24,12/11:34,12/12:24,12/12:30,0:50:00,KNO,DPS,025,10,0,0,NML,7,2025
1599.,FA8X,MPTGG,AFI,MPTGG,MPTGG,12/11:01,12/11:05,12/11:28,12/11:36,0:23:00,DHX,XSP,A01,10,0,0,NML,7,2025
1600.,B738,PKGFS,GIA,GIA322,GIA327,12/10:05,12/10:12,12/11:29,12/11:45,1:17:00,CGK,CGK,004,10,1,1,NML,7,2025
1601.,A320,PKLUW,BTK,BTK7517,BTK7520,12/11:34,12/11:38,12/12:50,12/12:59,1:12:00,HLP,HLP,009,10,1,1,NML,7,2025
1602.,B739,PKLGY,LNI,LNI645,LNI262,12/10:00,12/10:05,12/11:49,12/11:59,1:44:12,LOP,BPN,017,10,1,1,NML,7,2025
1603.,B735,PKNAT,LKN,LKN671,LKN2420,12/11:19,12/11:21,12/12:04,12/12:17,0:43:00,TMC,SMQ,008,10,1,1,NML,7,2025
1604.,B739,PKLFF,LNI,LNI694,LNI694,12/11:26,12/11:31,12/12:30,12/12:37,0:59:00,CGK,KOE,014,10,1,1,NML,7,2025
1605.,A320,PKGLV,CTV,CTV461,CTV698,12/11:42,12/11:46,12/12:22,12/12:33,0:36:00,AAP,DPS,006,10,1,1,NML,7,2025
1606.,A339,PKLER,LNI,LNI692,LNI104,11/16:27,12/02:18,12/12:10,12/12:23,19:38:00,CGK,JED,A05,10,1,1,NML,7,2025
1607.,A320,PKBKP,BTK,BTK6582,BTK6581,12/11:39,12/11:43,12/13:14,12/13:24,1:31:00,CGK,CGK,015,10,1,1,NML,7,2025
1608.,A320,PKGQG,CTV,CTV9693,CTV9692,12/11:50,12/11:52,12/12:33,12/12:39,0:41:11,DPS,DPS,007,10,1,1,NML,7,2025
1609.,B739,PKLJI,LNI,LNI223,LNI680,12/12:15,12/12:18,12/13:18,12/13:34,1:00:00,BDJ,PKY,017,10,1,1,NML,7,2025
1610.,A320,PKSGB,SJV,SJV567,SJV636,12/11:30,12/11:36,12/13:14,12/13:19,1:38:00,PLW,BDJ,016,10,1,1,NML,7,2025
1611.,,,SJV,-,SJV636D,--:--,--:--,--:--,--:--,None,-,BDJ,None,-,-1,-,NML,7,2025
1612.,B738,PKLQY,LNI,LNI869,LNI722,12/11:46,12/11:49,12/12:43,12/12:54,0:54:00,TTE,KDI,012,10,1,1,NML,7,2025
1613.,A320,PKBKU,BTK,BTK6596,BTK6595,12/13:41,12/13:45,12/15:38,12/15:46,1:53:00,CGK,CGK,017,10,1,1,NML,7,2025
1614.,A320,PKPWN,PAS,PAS204,PAS205,12/11:54,12/11:57,12/13:15,12/13:31,1:18:00,CGK,CGK,005,10,1,1,NML,7,2025
1615.,A320,PKAXY,AWQ,AWQ387,AWQ324,12/12:19,12/12:23,12/13:20,12/13:38,0:57:00,PEN,KUL,A03,10,1,1,NML,7,2025
1616.,B739,PKLHH,LNI,LNI801,LNI780,12/13:49,12/13:54,12/14:54,12/15:11,1:00:00,UPG,UPG,015,10,1,1,NML,7,2025
1617.,A320,PKGLE,CTV,CTV487,CTV668,12/12:10,12/12:13,12/13:37,12/13:48,1:24:00,BDJ,DPS,008,10,1,1,NML,7,2025
1618.,B739,PKLSV,LNI,LNI805,LNI804,12/14:11,12/14:15,12/15:15,12/15:28,1:00:00,DPS,DPS,009,10,1,1,NML,7,2025
1619.,B739,PKLSI,LNI,LNI787,LNI686,12/12:45,12/12:50,12/14:45,12/14:56,1:55:00,UPG,PKY,014,10,1,1,NML,7,2025
1620.,B739,PKLHP,LNI,LNI823,LNI260,12/16:29,12/16:34,12/17:55,12/18:10,1:21:00,LOP,BPN,014,10,1,1,NML,7,2025
1621.,A320,PKSJC,SJV,SJV643,SJV726,12/15:04,12/15:10,12/16:04,12/16:20,0:54:00,AAP,LBJ,016,10,1,1,NML,7,2025
1622.,B738,PKLOH,LNI,LNI839,LNI836,12/13:29,12/13:34,12/14:50,12/15:03,1:16:00,PNK,PNK,016,10,1,1,NML,7,2025
1623.,A320,PKGQF,CTV,CTV716,CTV717,12/13:25,12/13:28,12/14:18,12/14:31,0:50:00,CGK,CGK,006,10,1,1,NML,7,2025
1624.,A320,PKGLR,CTV,CTV431,CTV948,12/13:36,12/13:41,12/14:28,12/14:41,0:47:00,BPN,BTH,007,10,1,1,NML,7,2025
1625.,B739,PKLHM,LNI,LNI983,LNI910,12/13:55,12/13:59,12/15:05,12/15:16,1:06:00,PKU,DPS,018,10,0,0,NML,7,2025
1626.,B738,PKGUH,GIA,GIA312,GIA317,12/13:32,12/13:35,12/14:34,12/14:44,0:59:00,CGK,CGK,004,10,1,1,NML,7,2025
1627.,B739,PKLFY,LNI,LNI707,LNI886,12/14:28,12/14:33,12/15:29,12/15:39,0:56:00,UPG,UPG,022,10,0,0,NML,7,2025
1628.,A320,PKSJF,SJV,SJV703,SJV362,12/15:12,12/15:16,12/16:02,12/16:16,0:46:00,DPS,KNO,012,10,1,1,NML,7,2025
1629.,A320,PKLAM,BTK,BTK7515,BTK7514,12/13:46,12/13:50,12/14:55,12/15:06,1:05:00,HLP,HLP,012,10,1,1,NML,7,2025
1630.,A320,PKPWE,PAS,PAS208,PAS209,12/13:52,12/13:55,12/14:57,12/15:14,1:02:00,CGK,CGK,008,10,1,1,NML,7,2025
1631.,B738,PKGMA,GIA,GIA330,GIA331,12/14:02,12/14:06,12/15:04,12/15:20,0:58:00,HLP,HLP,005,10,1,1,NML,7,2025
1632.,B735,PKNAT,LKN,LKN2430,LKN670,12/14:48,12/14:52,12/15:38,12/15:49,0:46:00,SMQ,TMC,014,10,1,1,NML,7,2025
1633.,B738,PKLQZ,LNI,LNI749,LNI3838,12/15:09,12/15:13,12/17:42,12/17:57,2:29:00,MDC,PNK,015,10,1,1,NML,7,2025
1634.,A320,PKGLV,CTV,CTV699,CTV434,12/15:00,12/15:04,12/15:47,12/15:58,0:43:00,DPS,BPN,006,10,1,1,NML,7,2025
1635.,A320,PKLUV,BTK,BTK6406,BTK7512,12/15:17,12/15:21,12/16:06,12/16:24,0:45:00,CGK,HLP,009,10,1,1,NML,7,2025
1636.,B738,9MMXV,MAS,MAS873,MAS872,12/14:54,12/15:00,12/15:56,12/16:12,0:56:00,KUL,KUL,A07,10,1,1,NML,7,2025
1637.,A320,PKSGB,SJV,SJV633,SJV672,12/16:26,12/16:29,12/17:24,12/17:33,0:55:00,BDJ,BEJ,022,10,0,0,NML,7,2025
1638.,B739,PKLGY,LNI,LNI261,LNI642,12/15:44,12/15:49,12/17:00,12/17:11,1:11:00,BPN,LOP,018,10,0,0,NML,7,2025
1639.,A320,PKSAO,SJV,SJV637,SJV614,12/17:15,12/17:20,12/18:43,12/18:57,1:23:00,BDJ,BPN,012,10,1,1,NML,7,2025
1640.,B738MAX,PKOFM,AFE,FS920,AFE920,12/15:30,12/15:34,12/16:12,12/16:20,0:38:00,TIM,CGK,005,10,1,1,NML,7,2025
1641.,B738,PKGFS,GIA,GIA310,GIA315,12/15:25,12/15:28,12/16:30,12/16:41,1:02:00,CGK,CGK,004,10,1,1,NML,7,2025
1642.,A320,PKLUW,BTK,BTK7501,BTK6401,12/16:18,12/16:22,12/17:15,12/17:30,0:53:00,HLP,CGK,007,10,1,1,NML,7,2025
1643.,B739,PKLJI,LNI,LNI681,LNI268,12/16:22,12/16:25,12/17:29,12/17:40,1:04:00,PKY,TRK,020,10,0,0,NML,7,2025
1644.,A320,PKPWF,PAS,PAS206,PAS623,12/17:22,12/17:26,12/18:08,12/18:18,0:42:00,CGK,BPN,008,10,1,1,NML,7,2025
1645.,A320,PKGQO,CTV,CTV669,CTV9694,12/16:14,12/16:19,12/16:58,12/17:09,0:39:00,DPS,DPS,008,10,1,1,NML,7,2025
1646.,B739,PKLSV,LNI,LNI919,LNI920,12/18:23,12/18:28,12/19:13,12/19:26,0:45:00,DPS,DPS,014,10,1,1,NML,7,2025
1647.,B739,PKLSI,LNI,LNI687,LNI316,12/17:50,12/17:55,12/18:42,12/18:52,0:47:00,PKY,BDJ,016,10,1,1,NML,7,2025
1648.,A320,PKSAH,SJV,SJV613,SJV648,12/16:49,12/16:54,12/17:41,12/17:49,0:47:00,BPN,BPN,009,10,1,1,NML,7,2025
1649.,,,SJV,-,SJV648D,--:--,--:--,--:--,--:--,None,-,BPN,None,-,-1,-,NML,7,2025
1650.,A320,PKAZT,AWQ,AWQ323,AWQ326,12/17:37,12/17:42,12/18:18,12/18:25,0:36:00,KUL,KUL,A03,10,1,1,NML,7,2025
1651.,B738,PKLQY,LNI,LNI727,LNI838,12/17:02,12/17:07,12/18:07,12/18:14,1:00:00,KDI,PNK,17B,10,0,0,NML,7,2025
1652.,B739,PKLQR,LNI,LNI692,LNI226,12/19:31,12/19:37,12/20:40,12/20:52,1:03:00,CGK,BDJ,014,10,1,1,NML,7,2025
1653.,A320,PKPWI,PAS,PAS622,PAS207,12/17:19,12/17:23,12/18:19,12/18:29,0:56:00,BPN,CGK,006,10,1,1,NML,7,2025
1654.,B738,PKGFM,GIA,GIA349,GIA313,12/17:28,12/17:32,12/18:49,12/19:04,1:17:00,DPS,CGK,005,10,1,1,NML,7,2025
1655.,B739,PKLGY,LNI,LNI865,LNI800,12/19:38,12/19:42,12/21:08,12/21:19,1:26:00,LOP,UPG,016,10,1,1,NML,7,2025
1656.,A320,PKSJC,SJV,SJV725,SJV716,12/19:50,12/19:56,12/20:54,12/21:07,0:58:00,LBJ,LOP,15B,10,0,0,NML,7,2025
1657.,A320,PKBLB,BTK,BTK7503,BTK7502,12/19:12,12/19:17,12/19:51,12/20:08,0:34:00,HLP,HLP,15A,10,0,0,NML,7,2025
1658.,B733,PKMYJ,MYU,MYU935,MYU815,12/13:59,12/14:03,12/15:23,12/15:27,1:20:00,SRG,CGK,C02,10,0,0,NML,7,2025
1659.,B738,PKGUF,GIA,GIA320,GIA325,12/17:30,12/17:35,12/18:55,12/19:08,1:20:00,CGK,CGK,004,10,1,1,NML,7,2025
1660.,B739,PKLFY,LNI,LNI709,LNI581,12/19:09,12/19:16,12/20:14,12/20:25,0:58:00,UPG,CGK,012,10,1,1,NML,7,2025
1661.,B739,PKLFF,LNI,LNI695,LNI692,12/17:06,12/17:13,12/19:08,12/19:24,1:55:00,KOE,KOE,17A,10,0,0,NML,7,2025
1662.,A320,PKGLS,CTV,CTV172,CTV173,12/17:53,12/17:57,12/18:56,12/19:02,0:59:00,HLP,HLP,007,10,1,1,NML,7,2025
1663.,B738MAX,9VMBB,SIA,SIA928,SIA929,12/18:03,12/18:08,12/19:03,12/19:22,0:55:00,SIN,SIN,A07,10,1,1,NML,7,2025
1664.,B738,PKLDK,BTK,BTK6576,BTK6575,12/21:02,12/21:07,12/22:14,12/22:24,1:07:00,CGK,CGK,009,10,1,1,NML,7,2025
1665.,B735,PKCLE,SJY,SJY567,SJY562,12/18:34,12/18:39,12/19:29,12/19:44,0:50:00,UPG,UPG,009,10,1,1,NML,7,2025
1666.,A320,PKGQH,CTV,CTV949,CTV494,12/18:58,12/19:03,12/19:40,12/19:56,0:37:00,BTH,BDJ,007,10,1,1,NML,7,2025
1667.,A320,PKLUV,BTK,BTK7519,BTK7518,12/19:59,12/20:02,12/20:42,12/20:55,0:40:00,HLP,HLP,17A,10,0,0,NML,7,2025
1668.,B738,PKGMY,GIA,GIA326,GIA3354,12/18:54,12/18:59,12/19:50,12/20:02,0:51:00,CGK,HLP,006,10,1,1,NML,7,2025
1669.,A320,PKGQS,CTV,CTV736,CTV352,12/18:46,12/18:51,12/19:36,12/19:52,0:45:00,CGK,UPG,008,10,1,1,NML,7,2025
1670.,B738,PKGMA,GIA,GIA3304,GIA319,12/19:06,12/19:10,12/19:58,12/20:10,0:48:00,HLP,CGK,004,10,1,1,NML,7,2025
1671.,A320,PKSAJ,SJV,SJV619,SJV616,12/19:41,12/19:45,12/20:30,12/20:39,0:45:00,BPN,BPN,009,10,1,1,NML,7,2025
1672.,B739,PKLJQ,LNI,LNI883,LNI880,12/20:27,12/20:33,12/21:40,12/21:49,1:07:00,UPG,UPG,012,10,1,1,NML,7,2025
1673.,A320,PKGLV,CTV,CTV435,CTV737,12/19:19,12/19:24,12/20:16,12/20:30,0:52:00,BPN,CGK,002,10,0,0,NML,7,2025
1674.,A320,PKGQL,CTV,CTV724,CTV354,12/19:35,12/19:41,12/20:19,12/20:32,0:38:00,CGK,UPG,008,10,1,1,NML,7,2025
1675.,A320,PKGQF,CTV,CTV489,CTV693,12/20:22,12/20:26,12/20:56,12/21:10,0:30:00,BDJ,DPS,006,10,1,1,NML,7,2025
1676.,A320,PKLAF,BTK,BTK6137,BTK6136,12/22:03,12/22:07,12/23:11,12/23:26,1:04:00,UPG,UPG,014,10,1,1,NML,7,2025
1677.,B739,PKLQS,LNI,LNI885,LNI878,12/19:53,12/19:59,13/05:02,13/05:16,9:03:00,UPG,AMQ,018,10,0,0,NML,7,2025
1678.,A320,PKLAM,BTK,BTK7521,BTK7508,12/21:27,12/21:34,13/04:58,13/05:14,7:24:00,HLP,HLP,016,10,1,1,NML,7,2025
1679.,A320,PKSTC,SJV,SJV615,SJV610,12/21:16,12/21:20,13/05:27,13/05:36,8:07:00,BPN,BPN,15A,10,0,0,NML,7,2025
1680.,A320,PKAXY,AWQ,AWQ325,AWQ320,12/19:15,12/19:20,13/05:00,13/05:11,9:40:00,KUL,KUL,A01,10,1,1,NML,7,2025
"1681.,A320,PKAZJ,AWQ,AWQ387,AWQ88,08/15:23,10/11:10,13/05:13,13/05:25,""4 days, 13:45:00"",PEN,CGK,C05,10,0,1,NML,7,2025"
1682.,B739,PKLSW,LNI,LNI972,LNI786,12/22:38,12/22:42,13/05:14,13/05:28,6:32:00,BTH,UPG,012,10,1,1,NML,7,2025
1683.,A320,PKGQO,CTV,CTV9695,CTV430,12/19:46,12/19:50,13/05:08,13/05:24,9:18:00,DPS,BPN,007,10,1,1,NML,7,2025
1684.,B738,PKGNA,GIA,GIA324,GIA301,12/22:10,12/22:13,13/05:07,13/05:22,6:54:00,CGK,CGK,006,10,1,1,NML,7,2025
1685.,A320,PKLAZ,BTK,BTK6578,BTK6132,12/16:59,12/17:02,13/05:19,13/05:30,12:17:00,CGK,LOP,025,10,0,0,NML,7,2025
1686.,A339,PKGHH,GIA,GIA975,GIA974,13/02:19,13/02:28,13/05:41,13/05:53,3:13:00,JED,JED,A07,10,1,1,NML,7,2025
1687.,B738,PKLQZ,LNI,LNI3839,LNI868,12/21:21,12/21:26,13/05:46,13/05:58,8:20:00,PNK,TTE,020,10,0,0,NML,7,2025
1688.,B739,PKLGJ,LNI,LNI690,LNI690,13/05:07,13/05:12,13/06:18,13/06:32,1:06:17,CGK,KOE,014,10,1,1,NML,7,2025
1689.,A320,PKGQK,CTV,CTV726,CTV725,12/21:11,12/21:15,13/05:51,13/06:01,8:36:00,CGK,CGK,008,10,1,1,NML,7,2025
1690.,A320,PKGLE,CTV,CTV353,CTV670,13/05:12,13/05:14,13/05:59,13/06:10,0:45:00,UPG,LOP,005,10,1,1,NML,7,2025
1691.,A320,PKSAO,SJV,SJV617,SJV706,12/22:28,12/22:31,13/06:23,13/06:39,7:52:01,BPN,DPS,022,10,0,0,NML,7,2025
1692.,B738,PKLZV,BTK,BTK6588,BTK6597,12/23:12,12/23:17,13/06:11,13/06:27,6:54:00,CGK,CGK,009,10,1,1,NML,7,2025
1693.,B739,PKLSV,LNI,LNI923,LNI882,12/22:22,12/22:25,13/06:08,13/06:25,7:43:00,DPS,UPG,15B,10,0,0,NML,7,2025
1694.,A320,PKSGB,SJV,SJV673,SJV640,12/21:43,12/21:47,13/07:01,13/07:18,9:14:00,BEJ,AAP,17A,10,0,0,NML,7,2025
1695.,A320,PKPWD,PAS,PAS202,PAS213,12/19:02,12/19:06,13/06:06,13/06:19,11:00:00,CGK,CGK,003,10,0,0,NML,7,2025
1696.,A320,PKBKT,BTK,BTK6413,BTK6412,12/20:15,12/20:19,13/06:19,13/06:34,10:00:12,DPS,DPS,17B,10,0,0,NML,7,2025
1697.,A320,PKSTQ,SJV,SJV717,SJV566,13/06:07,13/06:11,13/07:02,13/07:19,0:51:00,LOP,PLW,010,10,1,1,NML,7,2025
1698.,B739,PKLSI,LNI,LNI311,LNI971,13/06:17,13/06:22,13/07:15,13/07:30,0:53:00,BDJ,BTH,012,10,1,1,NML,7,2025
1699.,B738,PKGFI,GIA,GIA855,GIA854,12/21:05,12/21:11,13/07:01,13/07:09,9:50:00,SIN,SIN,A02,10,1,1,NML,7,2025
1700.,B738,PKGMD,GIA,GIA328,GIA305,12/20:05,12/20:09,13/06:55,13/07:13,10:46:00,CGK,CGK,004,10,1,1,NML,7,2025
1701.,B739,PKLHP,LNI,LNI363,LNI646,13/06:22,13/06:26,13/07:17,13/07:27,0:51:00,BPN,LOP,016,10,1,1,NML,7,2025
1702.,A320,PKLUU,BTK,BTK6347,BTK6135,12/16:10,12/16:15,13/07:08,13/07:12,14:53:00,BEJ,PKN,023,10,0,0,NML,7,2025
1703.,B739,PKLFW,LNI,LNI315,LNI222,13/06:45,13/06:50,13/07:34,13/07:44,0:44:00,BDJ,BDJ,015,10,1,1,NML,7,2025
1704.,A320,PKLUJ,BTK,BTK6572,BTK6573,13/06:41,13/06:44,13/07:29,13/07:38,0:45:00,CGK,CGK,008,10,1,1,NML,7,2025
1705.,A320,PKBLB,BTK,BTK7511,BTK7510,13/06:37,13/06:41,13/07:24,13/07:35,0:42:33,HLP,HLP,009,10,1,1,NML,7,2025
1706.,A320,PKAZT,AWQ,AWQ327,AWQ392,12/23:46,12/23:52,13/07:15,13/07:22,7:23:00,KUL,JHB,A03,10,1,1,NML,7,2025
1707.,B739,PKLFF,LNI,LNI693,LNI856,13/06:50,13/06:55,13/08:04,13/08:15,1:09:00,KOE,PLM,17B,10,0,0,NML,7,2025
1708.,A320,PKGLG,CTV,CTV690,CTV460,13/07:00,13/07:10,13/07:49,13/08:00,0:39:00,DPS,AAP,006,10,1,1,NML,7,2025
1709.,B739,PKLJI,LNI,LNI267,LNI693,13/07:11,13/07:16,13/08:01,13/08:14,0:45:00,TRK,CGK,010,10,1,1,NML,7,2025
1710.,A333,BLBI,CPA,CPA779,CPA780,12/18:08,12/18:25,13/08:03,13/08:17,13:38:00,HKG,HKG,A08,10,1,1,NML,7,2025
1711.,B739,PKLGW,LNI,LNI970,LNI990,13/09:49,13/09:53,13/11:24,13/11:35,1:31:00,BTH,DPS,015,10,1,1,NML,7,2025
1712.,B738,PKGUI,GIA,GIA314,GIA323,13/07:15,13/07:19,13/08:28,13/08:46,1:09:00,CGK,CGK,004,10,1,1,NML,7,2025
1713.,B739,PKLHI,LNI,LNI929,LNI624,13/06:56,13/07:02,13/11:45,13/12:04,4:43:00,DPS,BPN,018,10,0,0,DVT,7,2025
1714.,B738,PKLBK,MXD,MXD352,MXD353,12/20:11,12/20:18,13/09:20,13/09:29,13:02:00,KUL,KUL,A04,10,1,1,NML,7,2025
1715.,B738,PKLQY,LNI,LNI837,LNI748,13/07:50,13/07:55,13/09:01,13/09:09,1:06:00,PNK,MDC,016,10,1,1,NML,7,2025
1716.,B738,PKGMC,GIA,GIA304,GIA342,13/08:06,13/08:10,13/09:15,13/09:27,1:05:00,CGK,DPS,005,10,1,1,NML,7,2025
1717.,A320,PKSAG,SJV,SJV2363,SJV612,13/08:47,13/08:52,13/10:00,13/10:12,1:08:00,KNO,BPN,009,10,1,1,NML,7,2025
1718.,A320,PKPWK,PAS,PAS200,PAS201,13/08:02,13/08:06,13/09:12,13/09:22,1:06:00,CGK,CGK,006,10,1,1,NML,7,2025
1719.,A320,PKSAO,SJV,SJV703,SJV618,13/09:06,13/09:11,13/10:19,13/10:31,1:08:00,DPS,BPN,012,10,1,1,NML,7,2025
1720.,A320,PKSJK,SJV,SJV649,SJV642,13/06:00,13/06:33,13/11:18,13/11:31,4:44:05,BPN,AAP,014,10,1,1,NML,7,2025
1721.,A320,PKGLE,CTV,CTV671,CTV486,13/08:39,13/08:42,13/09:29,13/09:43,0:47:00,LOP,BDJ,007,10,1,1,NML,7,2025
1722.,A320,PKSTC,SJV,SJV611,SJV632,13/08:58,13/09:02,13/10:17,13/10:24,1:15:00,BPN,BDJ,008,10,1,1,NML,7,2025
1723.,GLF4,PKBON,CEO,PKBON,PKBON,12/15:35,12/15:40,13/10:17,13/10:19,18:37:00,DPS,HLP,001,10,0,0,NML,7,2025
1724.,B738,9MMXK,MAS,MAS871,MAS870,13/08:50,13/08:58,13/09:50,13/10:01,0:52:00,KUL,KUL,A07,10,1,1,NML,7,2025
1725.,B735,PKNAS,LKN,LKN243,LKN242,13/09:18,13/09:22,13/10:05,13/10:16,0:43:00,SMQ,SMQ,010,10,1,1,NML,7,2025
1726.,A359,9VSHK,SIA,SIA922,SIA923,13/09:15,13/09:21,13/10:23,13/10:28,1:02:00,SIN,SIN,A08,10,1,1,NML,7,2025
1727.,A320,PKLAZ,BTK,BTK6133,BTK6585,13/08:11,13/08:15,13/10:09,13/10:20,1:54:00,LOP,CGK,17A,10,0,0,NML,7,2025
1728.,A320,PKGQC,CTV,CTV351,CTV350,13/09:30,13/09:38,13/10:24,13/10:37,0:46:00,UPG,UPG,006,10,1,1,NML,7,2025
1729.,B739,PKLSV,LNI,LNI791,LNI706,13/09:58,13/10:03,13/11:09,13/11:18,1:06:00,UPG,UPG,17B,10,0,0,NML,7,2025
1730.,B739,PKLHP,LNI,LNI645,LNI822,13/10:06,13/10:10,13/11:03,13/11:13,0:53:00,LOP,LOP,016,10,1,1,NML,7,2025
1731.,A20N,9VTNG,TGW,TGW296,TGW297,13/10:02,13/10:07,13/11:00,13/11:09,0:53:00,SIN,SIN,A02,10,1,1,NML,7,2025
1732.,B739,PKLGL,LNI,LNI694,LNI973,13/10:13,13/10:21,13/11:46,13/11:57,1:25:00,CGK,BTH,009,10,1,1,NML,7,2025
1733.,A320,PKPWD,PAS,PAS210,PAS211,13/09:40,13/09:43,13/10:29,13/10:48,0:46:00,CGK,CGK,005,10,1,1,NML,7,2025
1734.,A320,PKLUU,BTK,BTK6134,BTK7516,13/09:52,13/09:57,13/10:50,13/11:02,0:53:00,PKN,HLP,022,10,0,0,NML,7,2025
1735.,A320,PKLUV,BTK,BTK7513,BTK6346,13/09:55,13/10:02,13/11:04,13/11:16,1:02:00,HLP,BEJ,023,10,0,0,NML,7,2025
1736.,A320,PKGQI,CTV,CTV722,CTV723,13/09:43,13/09:47,13/10:44,13/10:58,0:57:00,CGK,CGK,007,10,1,1,NML,7,2025
1737.,B739,PKLFW,LNI,LNI223,LNI262,13/10:29,13/10:33,13/11:28,13/11:37,0:55:00,BDJ,BPN,012,10,1,1,NML,7,2025
1738.,B739,PKLGJ,LNI,LNI697,LNI697,13/11:00,13/11:05,13/12:17,13/12:27,1:12:00,KOE,CGK,010,10,1,1,NML,7,2025
1739.,B739,PKLHP,LNI,LNI823,LNI682,13/13:47,13/13:52,13/15:02,13/15:16,1:10:00,LOP,PKY,017,10,1,1,NML,7,2025
1740.,A320,PKAXY,AWQ,AWQ321,AWQ322,13/10:44,13/10:49,13/11:24,13/11:33,0:35:00,KUL,KUL,A03,10,1,1,NML,7,2025
1741.,B738,PKGMX,GIA,GIA322,GIA327,13/10:09,13/10:13,13/11:30,13/11:43,1:17:00,CGK,CGK,004,10,1,1,NML,7,2025
1742.,A320,PKBLB,BTK,BTK7517,BTK7520,13/10:56,13/10:59,13/11:51,13/12:06,0:52:00,HLP,HLP,008,10,1,1,NML,7,2025
1743.,B739,PKLHS,LNI,LNI683,LNI266,13/11:11,13/11:15,13/12:28,13/12:38,1:13:00,PKY,BPN,17A,10,0,0,NML,7,2025
1744.,A320,PKGLG,CTV,CTV461,CTV698,13/11:22,13/11:26,13/12:11,13/12:22,0:45:00,AAP,DPS,007,10,1,1,NML,7,2025
1745.,B739,PKLQS,LNI,LNI879,LNI804,13/14:33,13/14:36,13/15:52,13/16:03,1:16:00,AMQ,DPS,012,10,1,1,NML,7,2025
1746.,A320,PKSTQ,SJV,SJV567,SJV636,13/11:29,13/11:34,13/12:40,13/12:49,1:06:00,PLW,BDJ,17B,10,0,0,NML,7,2025
1747.,A320,PKLUW,BTK,BTK6582,BTK6581,13/11:55,13/11:58,13/13:27,13/13:39,1:29:00,CGK,CGK,008,10,1,1,NML,7,2025
1748.,A320,PKGLR,CTV,CTV9693,CTV9692,13/11:25,13/11:29,13/12:20,13/12:31,0:51:00,DPS,DPS,006,10,1,1,NML,7,2025
1749.,B738,PKLOH,LNI,LNI839,LNI722,13/12:56,13/13:01,13/14:16,13/14:27,1:15:00,PNK,KDI,016,10,1,1,NML,7,2025
1750.,B735,PKNAQ,LKN,LKN193,LKN192,13/11:48,13/11:52,13/12:33,13/12:43,0:41:00,PKN,PKN,012,10,1,1,NML,7,2025
1751.,B739,PKLFF,LNI,LNI857,LNI694,13/12:25,13/12:29,13/13:43,13/13:55,1:14:00,PLM,KOE,015,10,1,1,NML,7,2025
1752.,A320,PKAZT,AWQ,AWQ393,AWQ324,13/12:13,13/12:17,13/13:15,13/13:27,0:58:00,JHB,KUL,A03,10,1,1,NML,7,2025
1753.,A320,PKPWL,PAS,PAS204,PAS205,13/12:02,13/12:05,13/13:24,13/13:37,1:19:00,CGK,CGK,005,10,1,1,NML,7,2025
1754.,B739,PKLHH,LNI,LNI801,LNI780,13/12:52,13/12:57,13/13:50,13/13:59,0:53:00,UPG,UPG,014,10,1,1,NML,7,2025
1755.,A320,PKGLE,CTV,CTV487,CTV668,13/12:17,13/12:20,13/13:32,13/13:43,1:12:00,BDJ,DPS,007,10,1,1,NML,7,2025
1756.,B739,PKLSV,LNI,LNI787,LNI260,13/14:55,13/15:00,13/16:29,13/16:40,1:29:00,UPG,BPN,014,10,1,1,NML,7,2025
1757.,B738,PKLQY,LNI,LNI749,LNI836,13/14:46,13/14:49,13/15:57,13/16:06,1:08:00,MDC,PNK,015,10,1,1,NML,7,2025
1758.,A320,PKSTQ,SJV,SJV633,SJV726,13/15:49,13/15:54,13/16:53,13/17:03,0:59:00,BDJ,LBJ,008,10,1,1,NML,7,2025
"1759.,A339,PKLES,LNI,LNI6013,LNI106,10/01:47,12/22:06,13/14:11,13/14:24,""3 days, 12:20:00"",DAC,JED,A06,10,1,1,NML,7,2025"
1760.,A320,PKGQO,CTV,CTV431,CTV948,13/13:56,13/13:59,13/14:41,13/15:01,0:42:00,BPN,BTH,007,10,1,1,NML,7,2025
1761.,B738,PKGFD,GIA,GIA312,GIA317,13/13:41,13/13:45,13/14:40,13/14:52,0:55:00,CGK,CGK,004,10,1,1,NML,7,2025
1762.,B739,PKLGW,LNI,LNI805,LNI910,13/15:57,13/16:04,13/17:17,13/17:29,1:13:00,DPS,DPS,025,10,0,0,NML,7,2025
1763.,A320,9VJSK,JSA,JSA247,JSA248,13/13:52,13/13:57,13/14:43,13/14:57,0:46:00,SIN,SIN,A07,10,1,1,NML,7,2025
1764.,A320,PKSJK,SJV,SJV641,SJV2362,13/15:14,13/15:17,13/18:10,13/18:20,2:53:00,AAP,KNO,022,10,0,0,NML,7,2025
1765.,A320,PKLUS,BTK,BTK7515,BTK7514,13/13:44,13/13:49,13/14:51,13/15:03,1:02:00,HLP,HLP,010,10,1,1,NML,7,2025
1766.,A320,PKSTC,SJV,SJV635,SJV634,13/13:24,13/13:29,13/15:16,13/15:25,1:47:00,BDJ,BDJ,009,10,1,1,NML,7,2025
1767.,B738,PKGMY,GIA,GIA330,GIA331,13/14:14,13/14:17,13/15:09,13/15:20,0:52:00,HLP,HLP,006,10,1,1,NML,7,2025
1768.,B739,PKLSY,LNI,LNI707,LNI886,13/15:32,13/15:37,13/16:53,13/17:09,1:16:00,UPG,UPG,018,10,0,0,NML,7,2025
1769.,B739,PKLHS,LNI,LNI367,LNI680,13/16:12,13/16:16,13/17:14,13/17:25,0:58:00,BPN,PKY,015,10,1,1,NML,7,2025
1770.,B739,PKLFW,LNI,LNI261,LNI686,13/14:59,13/15:02,13/16:01,13/16:17,0:59:00,BPN,PKY,016,10,1,1,NML,7,2025
1771.,A320,PKBKY,BTK,BTK6596,BTK6595,13/15:05,13/15:09,13/16:00,13/16:11,0:51:00,CGK,CGK,010,10,1,1,NML,7,2025
1772.,A320,PKGLG,CTV,CTV699,CTV434,13/14:43,13/14:48,13/15:25,13/15:39,0:37:00,DPS,BPN,008,10,1,1,NML,7,2025
"1773.,B737,T7DGA,LTD,T7DGA,T7DGA,09/14:06,09/14:11,13/15:25,13/15:33,""4 days, 1:14:00"",CGK,CGK,MH,10,0,0,NML,7,2025"
1774.,B739,PKLFW,LNI,LNI687,LNI920,13/19:08,13/19:12,13/20:01,13/20:10,0:49:00,PKY,DPS,014,10,1,1,NML,7,2025
1775.,B738,PKLQZ,LNI,LNI869,LNI3838,13/17:34,13/17:38,13/18:40,13/18:49,1:02:00,TTE,PNK,010,10,1,1,NML,7,2025
1776.,A320,PKBLB,BTK,BTK7501,BTK7512,13/15:12,13/15:15,13/16:10,13/16:19,0:55:00,HLP,HLP,017,10,1,1,NML,7,2025
1777.,A320,PKSTC,SJV,SJV637,SJV648,13/18:21,13/18:24,13/19:14,13/19:29,0:50:00,BDJ,BPN,017,10,1,1,NML,7,2025
1778.,B738MAX,9MMVD,MAS,MAS873,MAS872,13/14:50,13/14:55,13/15:44,13/15:56,0:49:00,KUL,KUL,A08,10,1,1,NML,7,2025
1779.,A320,PKSGB,SJV,SJV643,SJV672,13/15:54,13/15:59,13/16:52,13/17:07,0:53:00,AAP,BEJ,012,10,1,1,NML,7,2025
1780.,B739,PKLFY,LNI,LNI972,LNI642,13/17:23,13/17:27,13/18:20,13/18:35,0:53:00,BTH,LOP,014,10,1,1,NML,7,2025
1781.,A320,PKLUV,BTK,BTK6347,BTK6401,13/15:23,13/15:30,13/16:29,13/16:38,0:59:00,BEJ,CGK,009,10,1,1,NML,7,2025
1782.,B738,PKGMA,GIA,GIA310,GIA315,13/15:29,13/15:34,13/16:31,13/16:44,0:57:00,CGK,CGK,004,10,1,1,NML,7,2025
1783.,A320,PKPWH,PAS,PAS206,PAS623,13/16:08,13/16:12,13/16:52,13/17:05,0:40:00,CGK,BPN,006,10,1,1,NML,7,2025
1784.,B739,PKLFK,LNI,LNI692,LNI692,13/18:18,13/18:23,13/19:23,13/19:42,1:00:00,CGK,KOE,012,10,1,1,NML,7,2025
1785.,A320,PKGLR,CTV,CTV669,CTV9694,13/16:15,13/16:19,13/17:00,13/17:10,0:41:00,DPS,DPS,007,10,1,1,NML,7,2025
1786.,B739,PKLFY,LNI,LNI865,LNI226,13/21:28,13/21:33,13/23:14,13/23:24,1:41:00,LOP,BDJ,17A,10,0,0,NML,7,2025
1787.,B738,PKLVF,LNI,LNI923,LNI581,13/15:44,13/15:52,13/17:45,13/17:58,1:53:00,DPS,CGK,023,10,0,0,NML,7,2025
1788.,A320,PKAXY,AWQ,AWQ323,AWQ326,13/17:01,13/17:05,13/17:42,13/17:51,0:37:00,KUL,KUL,A03,10,1,1,NML,7,2025
1789.,B738,PKLOH,LNI,LNI727,LNI838,13/18:37,13/18:42,13/19:34,13/19:44,0:52:00,KDI,PNK,018,10,0,0,NML,7,2025
1790.,B739,PKLFF,LNI,LNI695,LNI268,13/18:24,13/18:28,13/19:34,13/19:49,1:06:00,KOE,TRK,015,10,1,1,NML,7,2025
1791.,A320,PKPWD,PAS,PAS622,PAS207,13/17:16,13/17:18,13/18:14,13/18:32,0:56:00,BPN,CGK,006,10,1,1,NML,7,2025
1792.,B738,PKGMC,GIA,GIA349,GIA313,13/17:27,13/17:30,13/18:30,13/18:43,1:00:00,DPS,CGK,004,10,1,1,NML,7,2025
1793.,A320,PKSTQ,SJV,SJV725,SJV716,13/20:24,13/20:28,13/21:22,13/21:35,0:54:00,LBJ,LOP,014,10,1,1,NML,7,2025
1794.,A320,PKLUU,BTK,BTK7503,BTK7502,13/18:30,13/18:30,13/19:17,13/19:38,0:47:00,HLP,HLP,008,10,1,1,NML,7,2025
1795.,B738,PKGNQ,GIA,GIA320,GIA325,13/18:13,13/18:17,13/19:09,13/19:24,0:52:00,CGK,CGK,005,10,1,1,NML,7,2025
1796.,A320,PKBLC,BTK,BTK6578,BTK7579,13/19:14,13/19:19,13/20:05,13/20:20,0:46:00,CGK,CGK,016,10,1,1,NML,7,2025
1797.,B739,PKLHS,LNI,LNI681,LNI316,13/20:17,13/20:23,13/21:17,13/21:30,0:54:00,PKY,BDJ,015,10,1,1,NML,7,2025
1798.,A320,PKGLS,CTV,CTV172,CTV173,13/18:09,13/18:13,13/18:55,13/19:06,0:42:00,HLP,HLP,007,10,1,1,NML,7,2025
1799.,B738MAX,9VMBN,SIA,SIA928,SIA929,13/18:06,13/18:12,13/18:58,13/19:17,0:46:00,SIN,SIN,A07,10,1,1,NML,7,2025
1800.,A320,PKGQA,CTV,CTV949,CTV494,13/18:33,13/18:37,13/19:23,13/19:40,0:46:00,BTH,BDJ,009,10,1,1,NML,7,2025
1801.,A320,PKGLU,CTV,CTV489,CTV693,13/19:35,13/19:39,13/20:13,13/20:36,0:34:00,BDJ,DPS,008,10,1,1,NML,7,2025
1802.,B788,9VOFL,TGW,TGW266,TGW267,13/19:32,13/19:38,13/20:48,13/20:57,1:10:00,SIN,SIN,A07,10,1,1,NML,7,2025
1803.,A320,PKBLB,BTK,BTK7519,BTK7518,13/19:22,13/19:26,13/20:20,13/20:38,0:54:00,HLP,HLP,017,10,1,1,NML,7,2025
1804.,B739,PKLHO,LNI,LNI709,LNI880,14/00:27,14/00:34,14/01:42,14/01:51,1:08:00,UPG,UPG,012,28,1,1,NML,7,2025
1805.,B738,PKGUA,GIA,GIA326,GIA3354,13/19:03,13/19:07,13/20:04,13/20:26,0:57:00,CGK,HLP,003,10,0,0,NML,7,2025
1806.,A320,PKGQI,CTV,CTV736,CTV352,13/18:59,13/19:03,13/19:48,13/20:00,0:45:00,CGK,UPG,007,10,1,1,NML,7,2025
1807.,B738,PKGMY,GIA,GIA3304,GIA319,13/18:57,13/19:00,13/20:11,13/20:30,1:11:00,HLP,CGK,004,10,1,1,NML,7,2025
1808.,A320,PKSAG,SJV,SJV619,SJV614,13/18:51,13/18:56,13/20:52,13/21:05,1:56:00,BPN,BPN,010,10,1,1,NML,7,2025
1809.,A320,PKGLG,CTV,CTV435,CTV737,13/19:10,13/19:15,13/20:07,13/20:28,0:52:00,BPN,CGK,005,10,1,1,NML,7,2025
1810.,B738,PKBGF,BTK,BTK6586,BTK6587,13/19:26,13/19:31,13/20:30,13/20:49,0:59:00,CGK,CGK,012,10,1,1,NML,7,2025
1811.,B738,PKCRH,SJY,SJY567,SJY562,13/21:03,13/21:07,13/21:59,13/22:08,0:52:00,UPG,UPG,010,10,1,1,NML,7,2025
1812.,A320,PKBKQ,BTK,BTK6137,BTK6136,13/20:54,13/20:59,13/22:00,13/22:15,1:01:00,UPG,UPG,012,10,1,1,NML,7,2025
1813.,A320,PKGQS,CTV,CTV724,CTV354,13/21:24,13/21:28,13/22:02,13/22:13,0:34:00,CGK,UPG,007,10,1,1,NML,7,2025
1814.,B739,PKLGY,LNI,LNI885,LNI878,13/23:41,13/23:46,14/05:02,14/05:13,5:16:00,UPG,AMQ,17A,28,0,0,NML,7,2025
1815.,A320,PKBKP,BTK,BTK6594,BTK7508,13/21:33,13/21:38,14/05:08,14/05:17,7:30:00,CGK,HLP,17B,28,0,0,NML,7,2025
1816.,A320,PKSGB,SJV,SJV673,SJV640,13/21:20,13/21:25,14/06:24,14/06:33,8:59:00,BEJ,AAP,022,28,0,0,NML,7,2025
1817.,A320,PKAZT,AWQ,AWQ325,AWQ320,13/18:53,13/18:58,14/05:00,14/05:11,10:02:00,KUL,KUL,A01,28,1,1,NML,7,2025
1818.,B739,PKLGW,LNI,LNI919,LNI786,13/21:00,13/21:05,14/05:09,14/05:20,8:04:00,DPS,UPG,016,28,1,1,NML,7,2025
1819.,A320,PKGLR,CTV,CTV9695,CTV430,13/19:47,13/19:51,14/05:05,14/05:15,9:14:00,DPS,BPN,009,28,1,1,NML,7,2025
1820.,B738,PKGUC,GIA,GIA324,GIA301,13/21:08,13/21:11,14/05:14,14/05:23,8:03:00,CGK,CGK,005,28,1,1,NML,7,2025
1821.,A320,PKBKU,BTK,BTK6406,BTK6132,13/17:12,13/17:16,14/05:18,14/05:30,12:02:00,CGK,LOP,026,28,0,0,NML,7,2025
1822.,B738,PKLQY,LNI,LNI3839,LNI868,13/22:17,13/22:20,14/05:40,14/05:49,7:20:00,PNK,TTE,025,28,0,0,NML,7,2025
1823.,B739,PKLJI,LNI,LNI690,LNI690,14/05:05,14/05:11,14/06:09,14/06:16,0:58:00,CGK,KOE,012,28,1,1,NML,7,2025
1824.,A320,PKGLE,CTV,CTV353,CTV670,14/05:01,14/05:09,14/05:54,14/06:03,0:45:00,UPG,LOP,007,28,1,1,NML,7,2025
1825.,A320,PKGLY,CTV,CTV726,CTV725,13/21:37,13/21:42,14/05:55,14/06:09,8:13:00,CGK,CGK,008,28,1,1,NML,7,2025
1826.,A320,V8RBB,RBA,RBA795,RBA796,13/19:57,13/20:06,14/05:52,14/06:07,9:46:00,BWN,BWN,A06,28,1,1,NML,7,2025
1827.,A320,PKLUY,BTK,BTK7521,BTK6589,13/20:33,13/20:38,14/05:57,14/06:11,9:19:00,HLP,CGK,018,28,0,0,NML,7,2025
1828.,A320,PKPWN,PAS,PAS202,PAS213,13/18:47,13/18:50,14/06:05,14/06:13,11:15:00,CGK,CGK,006,28,1,1,NML,7,2025
1829.,A320,PKBKT,BTK,BTK6413,BTK6412,13/21:16,13/21:22,14/06:29,14/06:38,9:07:00,DPS,DPS,023,28,0,0,NML,7,2025
1830.,A320,PKSAJ,SJV,SJV617,SJV634,13/23:49,13/23:54,14/06:30,14/06:42,6:36:00,BPN,BDJ,010,28,1,1,NML,7,2025
1831.,A320,PKSAF,SJV,SJV717,SJV566,14/06:01,14/06:06,14/06:56,14/07:08,0:50:00,LOP,PLW,016,28,1,1,NML,7,2025
1832.,A320,PKLUO,BTK,BTK6370,BTK6135,14/06:05,14/06:11,14/07:11,14/07:19,1:00:00,CGK,PKN,009,28,1,1,NML,7,2025
1833.,B738,PKLDK,BTK,BTK6588,BTK6597,13/21:53,13/21:58,14/07:01,14/07:16,9:03:00,CGK,CGK,014,28,1,1,NML,7,2025
1834.,B739,PKLQR,LNI,LNI624,LNI882,13/08:23,13/08:27,14/07:01,14/07:10,22:34:00,SRG,UPG,020,28,0,0,NML,7,2025
1835.,B739,PKLHS,LNI,LNI311,LNI971,14/06:23,14/06:28,14/07:23,14/07:33,0:55:00,BDJ,BTH,017,28,1,1,NML,7,2025
1836.,B738,PKGFI,GIA,GIA855,GIA305,13/20:52,13/23:36,14/07:11,14/07:21,10:12:00,SIN,CGK,004,28,1,1,NML,7,2025
1837.,B738,PKGMU,GIA,GIA328,GIA854,13/20:45,13/23:12,14/06:59,14/07:13,10:08:00,CGK,SIN,A02,28,1,1,NML,7,2025
1838.,B739,PKLSH,LNI,LNI363,LNI646,14/06:20,14/06:25,14/07:15,14/07:24,0:50:00,BPN,LOP,012,28,1,1,NML,7,2025
1839.,A320,PKBKG,BTK,BTK6572,BTK6573,14/06:43,14/06:49,14/07:57,14/08:04,1:08:00,CGK,CGK,010,28,1,1,NML,7,2025
1840.,A320,PKLUS,BTK,BTK7511,BTK7510,14/06:39,14/06:46,14/08:04,14/08:14,1:18:00,HLP,HLP,008,28,1,1,NML,7,2025
1841.,A320,PKSJD,SJV,SJV615,SJV706,13/22:37,13/22:41,14/07:34,14/07:44,8:53:00,BPN,DPS,015,28,1,1,NML,7,2025
1842.,A320,PKAXY,AWQ,AWQ327,AWQ392,13/23:25,13/23:31,14/07:25,14/07:36,7:54:00,KUL,JHB,A04,28,1,1,NML,7,2025
1843.,B739,PKLSL,LNI,LNI929,LNI856,14/06:47,14/06:51,14/07:41,14/07:51,0:50:00,DPS,PLM,018,28,0,0,NML,7,2025
1844.,B739,PKLFK,LNI,LNI693,LNI693,14/06:51,14/06:57,14/07:46,14/07:55,0:49:00,KOE,CGK,022,28,0,0,NML,7,2025
1845.,A320,PKGLV,CTV,CTV690,CTV460,14/07:02,14/07:11,14/07:52,14/08:02,0:41:00,DPS,AAP,006,28,1,1,NML,7,2025
"1846.,C208,PKVVO,SUS,PKVVO,PKVVO,11/09:14,11/09:17,14/08:13,14/08:23,""2 days, 22:56:00"",BXW,BXW,C07,28,0,0,NML,7,2025"
1847.,A21N,B320Y,CSN,CSN8137,CSN8138,13/21:11,13/21:18,14/07:49,14/08:00,10:31:00,CAN,CAN,A03,28,1,1,NML,7,2025
1848.,A333,BHLN,CPA,CPA779,CPA780,13/17:55,13/18:02,14/12:17,14/12:34,18:15:00,HKG,HKG,A08,10,1,1,NML,7,2025
1849.,B739,PKLFF,LNI,LNI267,LNI990,14/07:06,14/07:11,14/08:27,14/08:35,1:16:00,TRK,DPS,014,28,1,1,NML,7,2025
1850.,A339,PKGHH,GIA,GIA975,GIA974,14/05:47,14/05:53,14/08:39,14/08:55,2:46:00,JED,JED,A07,28,1,1,NML,7,2025
1851.,A320,PKBKU,BTK,BTK6133,BTK6391,14/08:09,14/08:15,14/09:00,14/09:08,0:45:00,LOP,CGK,009,28,1,1,NML,7,2025
1852.,B738,PKLOH,LNI,LNI837,LNI748,14/08:12,14/08:17,14/09:18,14/09:29,1:01:00,PNK,MDC,016,10,1,1,NML,7,2025
1853.,B738,PKGMX,GIA,GIA304,GIA342,14/08:19,14/08:27,14/09:20,14/09:32,0:53:00,CGK,DPS,004,10,1,1,NML,7,2025
1854.,B738,PKLHP,LNI,LNI315,LNI222,14/08:28,14/08:33,14/10:50,14/11:01,2:17:00,BDJ,BDJ,012,10,1,1,NML,7,2025
1855.,A320,PKPWK,PAS,PAS200,PAS201,14/08:15,14/08:22,14/09:11,14/09:24,0:49:00,CGK,CGK,005,10,1,1,NML,7,2025
1856.,A320,PKGLE,CTV,CTV671,CTV486,14/08:24,14/08:31,14/09:20,14/09:38,0:49:00,LOP,BDJ,007,10,1,1,NML,7,2025
1857.,A320,PKSGB,SJV,SJV641,SJV618,14/09:54,14/09:59,14/11:12,14/11:21,1:13:00,AAP,BPN,016,10,1,1,NML,7,2025
1858.,B739,PKLGJ,LNI,LNI694,LNI266,14/10:24,14/10:28,14/11:47,14/11:56,1:19:00,CGK,BPN,022,10,0,0,NML,7,2025
1859.,B738MAX,9MMVI,MAS,MAS871,MAS870,14/09:04,14/09:08,14/10:01,14/10:13,0:53:00,KUL,KUL,A06,10,1,1,NML,7,2025
1860.,B735,PKNAT,LKN,LKN243,LKN242,14/09:21,14/09:27,14/10:06,14/10:16,0:39:00,SMQ,SMQ,009,10,1,1,NML,7,2025
1861.,A359,9VSHG,SIA,SIA922,SIA923,14/09:13,14/09:16,14/10:16,14/10:28,1:00:00,SIN,SIN,A07,10,1,1,NML,7,2025
1862.,A320,PKLUY,BTK,BTK6584,BTK6585,14/09:33,14/09:37,14/10:15,14/10:26,0:38:00,CGK,CGK,008,10,1,1,NML,7,2025
1863.,A320,PKGQC,CTV,CTV351,CTV350,14/09:47,14/09:51,14/10:28,14/10:38,0:37:00,UPG,UPG,005,10,1,1,NML,7,2025
1864.,A320,PKSAJ,SJV,SJV635,SJV632,14/09:39,14/09:43,14/10:43,14/10:55,1:00:00,BDJ,BDJ,014,10,1,1,NML,7,2025
1865.,A320,PKGQH,CTV,CTV722,CTV723,14/09:58,14/10:02,14/10:40,14/10:53,0:38:00,CGK,CGK,006,10,1,1,NML,7,2025
1866.,B739,PKLSH,LNI,LNI645,LNI822,14/09:51,14/09:55,14/10:39,14/10:51,0:44:00,LOP,LOP,015,10,1,1,NML,7,2025
1867.,A320,9VTRS,TGW,TGW296,TGW297,14/09:35,14/09:41,14/10:36,14/10:48,0:55:00,SIN,SIN,A02,10,1,1,NML,7,2025
1868.,A320,PKLUO,BTK,BTK6134,BTK6346,14/10:14,14/10:19,14/11:30,14/11:43,1:11:00,PKN,BEJ,020,10,0,0,NML,7,2025
1869.,A320,PKLAM,BTK,BTK7513,BTK7516,14/10:01,14/10:05,14/11:26,14/11:38,1:21:00,HLP,HLP,017,10,1,1,NML,7,2025
1870.,B739,PKLQT,LNI,LNI683,LNI262,14/12:27,14/12:32,14/13:47,14/13:58,1:15:00,PKY,BPN,017,10,1,1,NML,7,2025
1871.,A320,PKSJD,SJV,SJV703,SJV642,14/10:05,14/10:10,14/11:21,14/11:33,1:11:00,DPS,AAP,018,10,0,0,NML,7,2025
1872.,B738,PKLZO,MXD,MXD352,MXD353,13/22:02,13/22:07,14/11:17,14/11:23,13:10:00,KUL,KUL,C01,10,0,0,NML,7,2025
1873.,A320,PKAZT,AWQ,AWQ321,AWQ322,14/10:46,14/10:51,14/11:38,14/11:49,0:47:00,KUL,KUL,A03,10,1,1,NML,7,2025
1874.,B739,PKLJI,LNI,LNI697,LNI697,14/10:35,14/10:39,14/11:52,14/12:04,1:13:00,KOE,CGK,023,10,0,0,NML,7,2025
1875.,B739,PKLQR,LNI,LNI791,LNI706,14/11:08,14/11:12,14/12:03,14/12:13,0:51:00,UPG,UPG,009,10,1,1,NML,7,2025
1876.,A320,PKLUK,BTK,BTK7517,BTK7520,14/12:11,14/12:15,14/13:16,14/13:37,1:01:00,HLP,HLP,009,10,1,1,NML,7,2025
1877.,B738,PKGNH,GIA,GIA322,GIA327,14/10:11,14/10:13,14/11:30,14/11:45,1:17:00,CGK,CGK,004,10,1,1,NML,7,2025
1878.,B739,PKLGW,LNI,LNI787,LNI682,14/12:32,14/12:36,14/13:51,14/14:01,1:15:00,UPG,PKY,012,10,1,1,NML,7,2025
1879.,A320,PKGLV,CTV,CTV461,CTV698,14/11:46,14/11:50,14/12:25,14/12:37,0:35:00,AAP,DPS,006,10,1,1,NML,7,2025
1880.,B739,PKLFF,LNI,LNI805,LNI804,14/11:04,14/11:08,14/11:54,14/12:05,0:46:00,DPS,DPS,012,10,1,1,NML,7,2025
1881.,A320,PKBKJ,BTK,BTK6582,BTK6581,14/15:34,14/15:42,14/16:26,14/16:39,0:44:00,CGK,CGK,008,10,1,1,NML,7,2025
1882.,A320,PKGQK,CTV,CTV9693,CTV9692,14/11:36,14/11:39,14/12:16,14/12:30,0:37:00,DPS,DPS,007,10,1,1,NML,7,2025
1883.,A320,PKSAF,SJV,SJV567,SJV636,14/11:30,14/11:34,14/12:30,14/12:40,0:56:00,PLW,BDJ,015,10,1,1,NML,7,2025
1884.,B738,PKLQZ,LNI,LNI869,LNI722,14/11:53,14/11:57,14/14:08,14/14:18,2:11:00,TTE,KDI,016,10,1,1,NML,7,2025
1885.,B735,PKNAS,LKN,LKN193,LKN192,14/14:55,14/14:59,14/15:35,14/15:47,0:36:00,PKN,PKN,010,10,1,1,NML,7,2025
1886.,B739,PKLSL,LNI,LNI857,LNI694,14/11:41,14/11:45,14/13:15,14/13:33,1:30:00,PLM,KOE,014,10,1,1,NML,7,2025
1887.,B739,PKLHP,LNI,LNI223,LNI680,14/14:46,14/14:50,14/16:03,14/16:13,1:13:00,BDJ,PKY,012,10,1,1,NML,7,2025
1888.,A320,PKBKU,BTK,BTK6596,BTK6595,14/12:46,14/12:50,14/14:22,14/14:32,1:32:00,CGK,CGK,010,10,1,1,NML,7,2025
1889.,,,BTK,-,BTK6595D,--:--,--:--,--:--,--:--,None,-,CGK,None,-,-1,-,NML,7,2025
1890.,A320,PKPWI,PAS,PAS204,PAS205,14/11:58,14/12:00,14/13:14,14/13:26,1:14:00,CGK,CGK,005,10,1,1,NML,7,2025
1891.,A320,PKAXY,AWQ,AWQ393,AWQ324,14/12:23,14/12:29,14/13:17,14/13:31,0:48:00,JHB,KUL,A03,10,1,1,NML,7,2025
1892.,A320,PKGLE,CTV,CTV487,CTV668,14/12:18,14/12:22,14/13:27,14/13:39,1:05:00,BDJ,DPS,008,10,1,1,NML,7,2025
1893.,B739,PKLHO,LNI,LNI801,LNI780,14/14:07,14/14:12,14/15:07,14/15:24,0:55:00,UPG,UPG,014,10,1,1,NML,7,2025
1894.,B739,PKLGJ,LNI,LNI367,LNI686,14/15:18,14/15:22,14/16:14,14/16:23,0:52:00,BPN,PKY,020,10,0,0,NML,7,2025
1895.,B739,PKLSH,LNI,LNI823,LNI260,14/13:31,14/13:36,14/14:34,14/14:43,0:58:00,LOP,BPN,018,10,0,0,NML,7,2025
1896.,A320,PKSAJ,SJV,SJV633,SJV726,14/14:11,14/14:16,14/15:09,14/15:26,0:53:00,BDJ,LBJ,009,10,1,1,NML,7,2025
1897.,B738,PKLQY,LNI,LNI839,LNI836,14/13:28,14/13:32,14/14:28,14/14:39,0:56:00,PNK,PNK,015,10,1,1,NML,7,2025
1898.,A320,PKGQE,CTV,CTV716,CTV717,14/13:24,14/13:27,14/14:08,14/14:22,0:41:00,CGK,CGK,006,10,1,1,NML,7,2025
1899.,B739,PKLQT,LNI,LNI261,LNI973,14/17:19,14/17:23,14/18:10,14/18:20,0:47:00,BPN,BTH,009,10,1,1,NML,7,2025
1900.,A320,PKGLR,CTV,CTV431,CTV948,14/13:35,14/13:38,14/14:22,14/14:37,0:44:00,BPN,BTH,007,10,1,1,NML,7,2025
1901.,B738,PKGNG,GIA,GIA312,GIA317,14/13:44,14/13:47,14/14:43,14/14:58,0:56:00,CGK,CGK,004,10,1,1,NML,7,2025
1902.,A320,9VJSM,JSA,JSA247,JSA248,14/14:20,14/14:25,14/15:13,14/15:28,0:48:00,SIN,SIN,A07,10,1,1,NML,7,2025
1903.,A320,PKBLB,BTK,BTK7515,BTK7514,14/14:24,14/14:28,14/15:04,14/15:20,0:36:00,HLP,HLP,008,10,1,1,NML,7,2025
1904.,B738,PKGUA,GIA,GIA330,GIA331,14/14:04,14/14:07,14/15:04,14/15:15,0:57:00,HLP,HLP,005,10,1,1,NML,7,2025
1905.,B739,PKLGY,LNI,LNI879,LNI910,14/14:28,14/14:33,14/15:37,14/15:55,1:04:00,AMQ,DPS,015,10,1,1,NML,7,2025
1906.,B739,PKLGL,LNI,LNI972,LNI642,14/17:06,14/17:11,14/18:14,14/18:26,1:03:00,BTH,LOP,015,28,1,1,NML,7,2025
1907.,A320,PKGLV,CTV,CTV699,CTV434,14/15:00,14/15:03,14/15:36,14/15:57,0:33:00,DPS,BPN,006,10,1,1,NML,7,2025
1908.,B739,PKLFF,LNI,LNI919,LNI920,14/14:40,14/14:46,14/15:40,14/15:54,0:54:00,DPS,DPS,017,10,1,1,NML,7,2025
1909.,B738,PKLOH,LNI,LNI749,LNI3838,14/15:12,14/15:19,14/16:12,14/16:22,0:53:00,MDC,PNK,016,10,1,1,NML,7,2025
1910.,A320,PKLUU,BTK,BTK7501,BTK7512,14/15:44,14/15:48,14/16:38,14/16:50,0:50:00,HLP,HLP,009,10,1,1,NML,7,2025
1911.,A320,PKSJD,SJV,SJV643,SJV672,14/15:07,14/15:11,14/16:05,14/16:15,0:54:00,AAP,BEJ,018,10,0,0,NML,7,2025
1912.,A320,PKSAF,SJV,SJV637,SJV614,14/15:22,14/15:29,14/16:24,14/16:33,0:55:00,BDJ,BPN,014,10,1,1,NML,7,2025
1913.,B738,HSLGK,TLM,TLM268,TLM269,14/15:39,14/15:43,14/16:42,14/16:48,0:59:00,DMK,DMK,A04,10,1,1,NML,7,2025
1914.,B738,PKGNH,GIA,GIA310,GIA315,14/15:52,14/15:55,14/16:44,14/16:55,0:49:00,CGK,CGK,004,10,1,1,NML,7,2025
1915.,B738MAX,9VMBD,SIA,SIA926,SIA927,14/15:39,14/15:45,14/16:28,14/16:41,0:43:00,SIN,SIN,A07,10,1,1,NML,7,2025
1916.,A320,PKPWN,PAS,PAS206,PAS623,14/15:49,14/15:51,14/16:31,14/16:44,0:40:00,CGK,BPN,005,10,1,1,NML,7,2025
1917.,B739,PKLHM,LNI,LNI692,LNI692,14/19:00,14/19:07,14/20:01,14/20:11,0:54:00,CGK,KOE,017,28,1,1,NML,7,2025
1918.,B739,PKLHP,LNI,LNI681,LNI316,14/18:57,14/19:02,14/19:40,14/19:53,0:38:00,PKY,BDJ,020,28,0,0,NML,7,2025
1919.,A320,PKGQK,CTV,CTV669,CTV9694,14/16:01,14/16:03,14/16:49,14/17:04,0:46:00,DPS,DPS,006,10,1,1,NML,7,2025
"1920.,B733F,PKMYV,MYU,MYU935,MYU936,13/12:34,13/12:38,14/17:00,14/17:10,""1 day, 4:22:00"",SRG,SIN,C02,10,0,0,NML,7,2025"
1921.,A320,PKLUO,BTK,BTK6347,BTK6401,14/16:38,14/16:42,14/17:50,14/18:04,1:08:00,BEJ,CGK,010,10,1,1,NML,7,2025
1922.,A320,PKAZT,AWQ,AWQ323,AWQ326,14/17:22,14/17:27,14/17:56,14/18:11,0:29:00,KUL,KUL,A02,10,1,1,NML,7,2025
1923.,B738,PKLQZ,LNI,LNI727,LNI838,14/18:36,14/18:41,14/19:28,14/19:36,0:47:00,KDI,PNK,015,28,1,1,NML,7,2025
1924.,A320,PKSTI,SJV,SJV619,SJV648,14/17:02,14/17:06,14/17:50,14/18:06,0:44:00,BPN,BPN,012,10,1,1,NML,7,2025
1925.,B739,PKLGJ,LNI,LNI687,LNI226,14/19:11,14/19:16,14/20:56,14/21:06,1:40:00,PKY,BDJ,018,28,0,0,NML,7,2025
1926.,B739,PKLGY,LNI,LNI923,LNI800,14/18:39,14/18:44,14/19:27,14/19:40,0:43:00,DPS,UPG,012,28,1,1,NML,7,2025
1927.,B739,PKLSL,LNI,LNI695,LNI268,14/18:01,14/18:05,14/19:23,14/19:33,1:18:00,KOE,TRK,014,28,1,1,NML,7,2025
"1928.,AW139,PKTVN,TVR,PKTVN,PKTVN,09/09:30,09/09:31,14/18:03,14/18:05,""5 days, 8:32:00"",ZZZZ,ZZZZ,H02,28,0,0,NML,7,2025"
1929.,B738,9MMXC,MAS,MAS875,MAS874,14/17:47,14/17:56,14/18:42,14/18:56,0:46:00,KUL,KUL,A04,28,1,1,NML,7,2025
1930.,A320,PKPWG,PAS,PAS622,PAS207,14/17:13,14/17:17,14/18:04,14/18:16,0:47:00,BPN,CGK,006,10,1,1,NML,7,2025
1931.,B738,PKGMX,GIA,GIA349,GIA313,14/17:56,14/17:59,14/18:50,14/18:59,0:51:00,DPS,CGK,004,28,1,1,NML,7,2025
1932.,B739,PKLOJ,LNI,LNI707,LNI581,14/21:45,14/21:50,14/22:35,14/22:45,0:45:39,UPG,CGK,015,10,1,1,NML,7,2025
1933.,A320,PKSAJ,SJV,SJV725,SJV716,14/18:53,14/18:59,14/19:57,14/20:10,0:58:00,LBJ,LOP,016,28,1,1,NML,7,2025
1934.,A320,PKLAM,BTK,BTK7503,BTK7502,14/18:28,14/18:32,14/19:13,14/19:22,0:41:00,HLP,HLP,010,28,1,1,NML,7,2025
1935.,A320,PKGQG,CTV,CTV720,CTV721,14/18:24,14/18:34,14/18:59,14/19:13,0:25:00,CGK,CGK,008,28,1,1,NML,7,2025
1936.,B738,PKGNC,GIA,GIA320,GIA325,14/17:26,14/17:29,14/18:55,14/19:10,1:26:00,CGK,CGK,005,28,1,1,NML,7,2025
1937.,A320,PKGLS,CTV,CTV172,CTV173,14/18:21,14/18:30,14/19:06,14/19:18,0:36:00,HLP,HLP,007,28,1,1,NML,7,2025
1938.,B738MAX,9VMBN,SIA,SIA928,SIA929,14/18:07,14/18:15,14/19:11,14/19:30,0:56:00,SIN,SIN,A07,28,1,1,NML,7,2025
1939.,A320,PKGLG,CTV,CTV949,CTV494,14/18:50,14/18:57,14/19:36,14/19:48,0:39:00,BTH,BDJ,009,28,1,1,NML,7,2025
1940.,A320,PKLUU,BTK,BTK7519,BTK7518,14/19:38,14/19:45,14/20:19,14/20:29,0:34:00,HLP,HLP,012,28,1,1,NML,7,2025
1941.,A320,PKGQH,CTV,CTV736,CTV352,14/19:07,14/19:17,14/19:49,14/19:57,0:32:00,CGK,UPG,003,28,0,0,NML,7,2025
1942.,B739,PKLGL,LNI,LNI865,LNI880,14/20:59,14/21:06,14/23:05,14/23:17,1:59:54,LOP,UPG,014,28,1,1,NML,7,2025
1943.,B738,PKGFX,GIA,GIA326,GIA3354,14/19:54,14/20:02,14/20:44,14/20:53,0:42:00,CGK,HLP,004,28,1,1,NML,7,2025
1944.,B738,PKGUA,GIA,GIA3304,GIA319,14/18:42,14/18:49,14/19:57,14/20:07,1:08:00,HLP,CGK,006,28,1,1,NML,7,2025
1945.,A320,PKGLV,CTV,CTV435,CTV693,14/19:15,14/19:24,14/20:10,14/20:15,0:46:00,BPN,DPS,007,28,1,1,NML,7,2025
1946.,B738,PKLZV,BTK,BTK6586,BTK6587,14/20:17,14/20:26,14/21:02,14/21:13,0:36:00,CGK,CGK,009,28,1,1,NML,7,2025
1947.,A320,PKSAF,SJV,SJV617,SJV616,14/19:50,14/19:55,14/20:37,14/20:49,0:42:00,BPN,BPN,014,28,1,1,NML,7,2025
1948.,A320,PKGQF,CTV,CTV724,CTV354,14/19:45,14/19:53,14/20:28,14/20:40,0:35:00,CGK,UPG,008,28,1,1,DEP,7,2025
1949.,A320,PKGQE,CTV,CTV489,CTV737,14/20:46,14/20:52,14/21:25,14/21:34,0:33:00,BDJ,CGK,007,28,1,1,NML,7,2025
1950.,B738,PKCRH,SJY,SJY567,SJY562,14/20:37,14/20:44,14/21:23,14/21:33,0:39:00,UPG,UPG,012,28,1,1,NML,7,2025
1951.,A320,PKLUF,BTK,BTK6578,BTK5011,14/20:23,14/20:30,14/21:08,14/21:19,0:38:00,CGK,LOP,025,28,0,0,NML,7,2025
1952.,A320,PKBKG,BTK,BTK6406,BTK6136,14/19:59,14/20:05,14/22:17,14/22:29,2:12:41,CGK,UPG,023,28,0,0,NML,7,2025
1953.,A320,PKBKJ,BTK,BTK6137,BTK7508,14/23:27,14/23:32,15/05:02,15/05:07,5:30:00,UPG,HLP,009,28,1,1,NML,7,2025
1954.,A320,PKAXY,AWQ,AWQ325,AWQ320,14/19:20,14/19:24,15/05:01,15/05:14,9:37:00,KUL,KUL,A01,28,1,1,NML,7,2025
1955.,A320,PKGQK,CTV,CTV9695,CTV430,14/19:28,14/19:35,15/05:04,15/05:16,9:29:00,DPS,BPN,010,28,1,1,NML,7,2025
1956.,B739,PKLSO,LNI,LNI885,LNI786,14/23:07,14/23:12,15/05:05,15/05:18,5:53:00,UPG,UPG,015,28,1,1,NML,7,2025
1957.,B738,PKGMU,GIA,GIA855,GIA301,14/20:31,14/23:22,15/05:08,15/05:21,8:32:00,SIN,CGK,008,28,1,1,NML,7,2025
1958.,A320,PKLUT,BTK,BTK7521,BTK6132,14/22:38,14/22:43,15/05:11,15/05:23,6:28:00,HLP,LOP,012,28,1,1,NML,7,2025
1959.,B738,PKLQY,LNI,LNI3839,LNI868,14/22:14,14/22:17,15/06:27,15/06:38,8:09:26,PNK,TTE,018,28,0,0,NML,7,2025
1960.,A320,PKSGB,SJV,SJV615,SJV706,14/22:57,14/22:57,15/05:44,15/05:54,6:47:00,BPN,DPS,016,28,1,1,NML,7,2025
1961.,A320,PKGQO,CTV,CTV726,CTV725,14/21:18,14/21:24,15/05:47,15/05:56,8:22:04,CGK,CGK,003,28,0,0,NML,7,2025
1962.,B739,PKLSH,LNI,LNI363,LNI690,15/06:16,15/06:22,15/07:20,15/07:29,0:58:00,BPN,KOE,016,28,1,1,NML,7,2025
1963.,A320,PKGLE,CTV,CTV353,CTV670,15/05:11,15/05:18,15/05:53,15/06:01,0:35:48,UPG,LOP,007,28,1,1,NML,7,2025
1964.,B739,PKLSL,LNI,LNI267,LNI266,15/07:09,15/07:15,15/08:08,15/08:22,0:53:00,TRK,BPN,015,28,1,1,NML,7,2025
1965.,A320,V8RBD,RBA,RBA795,RBA796,14/20:04,14/20:07,15/05:54,15/06:07,9:47:06,BWN,BWN,A07,28,1,1,NML,7,2025
1966.,B738,PKLDJ,BTK,BTK6588,BTK6589,14/23:01,14/23:06,15/05:59,15/06:15,6:53:00,CGK,CGK,017,28,1,1,NML,7,2025
1967.,B739,PKLGU,LNI,LNI709,LNI882,14/23:11,14/23:15,15/05:58,15/06:11,6:43:00,UPG,UPG,014,28,1,1,NML,7,2025
1968.,A320,PKPWD,PAS,PAS202,PAS213,14/19:04,14/19:15,15/06:00,15/06:13,10:45:00,CGK,CGK,005,28,1,1,NML,7,2025
1969.,A320,PKAZT,AWQ,AWQ327,AWQ386,14/23:31,14/23:36,15/05:59,15/06:19,6:23:00,KUL,PEN,A04,28,1,1,NML,7,2025
1970.,B738MAX,PKOFM,AFE,AFE921,AFE921,15/05:54,15/05:59,15/06:43,15/06:53,0:44:00,CGK,TIM,006,28,1,1,NML,7,2025
1971.,A320,PKBKT,BTK,BTK6413,BTK6412,14/20:07,14/20:15,15/06:16,15/06:25,10:01:00,DPS,DPS,020,28,0,0,NML,7,2025
1972.,A320,PKSJD,SJV,SJV673,SJV634,14/20:13,14/20:20,15/06:29,15/06:39,10:09:00,BEJ,BDJ,022,28,0,0,NML,7,2025
1973.,A320,PKSTH,SJV,SJV717,SJV566,15/06:03,15/06:09,15/06:53,15/07:03,0:44:00,LOP,PLW,010,28,1,1,NML,7,2025
1974.,A320,PKLZH,BTK,BTK6572,BTK6135,15/06:36,15/06:40,15/07:22,15/07:31,0:42:00,CGK,PKN,009,28,1,1,NML,7,2025
1975.,B739,PKLHP,LNI,LNI311,LNI971,15/06:09,15/06:14,15/06:58,15/07:07,0:44:00,BDJ,BTH,015,28,1,1,NML,7,2025
1976.,C208,PKVVO,SUS,PKVVO,PKVVO,14/10:08,14/10:12,15/07:25,15/07:33,21:13:00,BXW,BXW,C07,28,0,0,NML,7,2025
1977.,B738,PKGNQ,GIA,GIA328,GIA854,14/20:01,14/22:54,15/06:58,15/07:12,10:49:00,CGK,SIN,A02,28,1,1,NML,7,2025
1978.,B738,PKGFI,GIA,GIA324,GIA305,14/21:09,14/21:17,15/06:54,15/07:05,9:37:00,CGK,CGK,004,28,1,1,NML,7,2025
1979.,A320,PKSAF,SJV,SJV611,SJV640,15/06:28,15/06:34,15/07:36,15/07:47,1:02:00,BPN,AAP,020,28,0,0,NML,7,2025
1980.,A320,PKLUS,BTK,BTK7511,BTK7510,15/06:32,15/06:38,15/07:28,15/07:36,0:50:00,HLP,HLP,008,28,1,1,NML,7,2025
1981.,B739,PKLHM,LNI,LNI693,LNI693,15/06:45,15/06:50,15/07:42,15/07:52,0:52:00,KOE,CGK,017,28,1,1,NML,7,2025
1982.,A320,PKGLR,CTV,CTV690,CTV460,15/06:47,15/06:54,15/07:36,15/07:45,0:42:00,DPS,AAP,006,28,1,1,NML,7,2025
1983.,B739,PKLGL,LNI,LNI690,LNI990,15/06:06,15/06:12,15/08:10,15/08:23,1:58:00,CGK,DPS,012,28,1,1,NML,7,2025
1984.,B739,PKLFF,LNI,LNI929,LNI982,15/06:50,15/06:55,15/07:48,15/07:59,0:53:00,DPS,PKU,014,28,1,1,NML,7,2025
1985.,A21N,B32L3,CSN,CSN8137,CSN8138,14/21:21,14/21:26,15/07:40,15/07:54,10:14:00,CAN,CAN,A03,28,1,1,NML,7,2025
1986.,A333,BHLT,CPA,CPA779,CPA780,14/18:31,14/18:34,15/08:03,15/08:19,13:29:00,HKG,HKG,A08,28,1,1,NML,7,2025
1987.,B738,PKGUD,GIA,GIA314,GIA323,15/07:13,15/07:19,15/08:29,15/08:37,1:10:00,CGK,CGK,004,28,1,1,NML,7,2025
"1988.,DHC6,PKICP,PGT,PKICP,PKICP,12/11:11,12/11:15,15/07:55,15/08:02,""2 days, 20:40:00"",PAG,PAG,028,28,0,0,NML,7,2025"
1989.,A320,PKLUT,BTK,BTK6133,BTK6391,15/08:04,15/08:10,15/08:50,15/08:58,0:40:00,LOP,CGK,008,28,1,1,NML,7,2025
1990.,B738,PKLQZ,LNI,LNI645,LNI222,15/11:39,15/11:44,15/12:35,15/12:47,0:51:00,LOP,BDJ,017,10,1,1,NML,7,2025
1991.,B739,PKLQZ,LNI,LNI837,LNI646,15/08:00,15/08:05,15/08:58,15/09:08,0:53:00,PNK,LOP,016,28,1,1,NML,7,2025
1992.,B739,PKLGW,LNI,LNI683,LNI682,15/08:06,15/08:13,15/08:51,15/09:06,0:38:00,PKY,PKY,014,28,1,1,NML,7,2025
1993.,A320,PKSGB,SJV,SJV703,SJV618,15/08:11,15/08:18,15/09:14,15/09:23,0:56:00,DPS,BPN,009,28,1,1,NML,7,2025
1994.,B738,PKGMX,GIA,GIA304,GIA342,15/08:28,15/08:38,15/09:25,15/09:34,0:47:00,CGK,DPS,005,28,1,1,NML,7,2025
1995.,A320,PKPWK,PAS,PAS200,PAS201,15/08:17,15/08:22,15/09:19,15/09:27,0:57:00,CGK,CGK,006,28,1,1,NML,7,2025
1996.,A320,PKGLE,CTV,CTV671,CTV486,15/08:24,15/08:30,15/09:26,15/09:39,0:56:00,LOP,BDJ,007,28,1,1,NML,7,2025
1997.,B738,9MMXF,MAS,MAS871,MAS870,15/09:04,15/09:08,15/09:59,15/10:14,0:51:00,KUL,KUL,A04,28,1,1,NML,7,2025
1998.,A359,9VSHF,SIA,SIA922,SIA923,15/09:57,15/10:00,15/10:57,15/11:14,0:57:00,SIN,SIN,A08,10,1,1,NML,7,2025
1999.,A320,PKLUY,BTK,BTK6584,BTK6573,15/09:30,15/09:36,15/10:30,15/10:39,0:54:00,CGK,CGK,008,28,1,1,NML,7,2025
2000.,A320,PKSJZ,SJV,SJV635,SJV632,15/10:12,15/10:17,15/11:23,15/11:35,1:06:00,BDJ,BDJ,015,10,1,1,NML,7,2025
2001.,A320,PKGLY,CTV,CTV351,CTV350,15/09:36,15/09:43,15/10:26,15/10:34,0:43:00,UPG,UPG,006,28,1,1,NML,7,2025
2002.,B739,PKLGU,LNI,LNI791,LNI822,15/09:40,15/09:44,15/10:37,15/10:49,0:53:00,UPG,LOP,014,10,1,1,NML,7,2025
2003.,A20N,9VTNF,TGW,TGW296,TGW297,15/09:48,15/09:52,15/10:41,15/10:53,0:49:00,SIN,SIN,A02,10,1,1,NML,7,2025
2004.,B739,PKLSL,LNI,LNI367,LNI262,15/12:06,15/12:10,15/13:24,15/13:34,1:14:00,BPN,BPN,015,10,1,1,NML,7,2025
2005.,B739,PKLHL,LNI,LNI970,LNI973,15/10:04,15/10:10,15/10:53,15/11:06,0:43:00,BTH,BTH,012,10,1,1,NML,7,2025
2006.,A320,PKPWD,PAS,PAS210,PAS211,15/09:44,15/09:50,15/10:32,15/10:43,0:42:00,CGK,CGK,005,28,1,1,NML,7,2025
2007.,B738,PKLZO,MXD,MXD352,MXD353,14/21:29,14/21:33,15/11:00,15/11:54,13:26:28,KUL,KUL,C01,10,0,0,NML,7,2025
2008.,A320,PKLZH,BTK,BTK6134,BTK7516,15/10:00,15/10:05,15/11:37,15/11:48,1:32:00,PKN,HLP,009,10,1,1,NML,7,2025
2009.,A320,PKLAM,BTK,BTK7513,BTK6346,15/10:28,15/10:34,15/11:25,15/11:36,0:51:00,HLP,BEJ,010,10,1,1,NML,7,2025
2010.,B739,PKLQR,LNI,LNI694,LNI694,15/10:32,15/10:37,15/11:37,15/11:50,1:00:00,CGK,KOE,016,10,1,1,NML,7,2025
2011.,B739,PKLSH,LNI,LNI697,LNI697,15/11:46,15/11:50,15/12:46,15/12:56,0:56:00,KOE,CGK,010,10,1,1,NML,7,2025
2012.,A320,PKAXY,AWQ,AWQ321,AWQ322,15/11:07,15/11:12,15/11:49,15/12:05,0:37:00,KUL,KUL,A03,10,1,1,NML,7,2025
2013.,A339,PKGHH,GIA,GIA975,GIA974,15/08:34,15/08:38,15/11:17,15/11:30,2:39:00,JED,JED,A07,10,1,1,NML,7,2025
2014.,B738,PKGNM,GIA,GIA322,GIA327,15/10:07,15/10:12,15/11:25,15/11:38,1:13:00,CGK,CGK,004,10,1,1,NML,7,2025
2015.,A320,PKLUS,BTK,BTK7517,BTK7520,15/10:41,15/10:47,15/11:30,15/11:42,0:43:00,HLP,HLP,008,10,1,1,NML,7,2025
2016.,B739,PKLSV,LNI,LNI805,LNI804,15/11:10,15/11:14,15/12:02,15/12:14,0:48:00,DPS,DPS,012,10,1,1,NML,7,2025
2017.,A320,PKGLR,CTV,CTV461,CTV698,15/11:15,15/11:19,15/11:56,15/12:09,0:37:00,AAP,DPS,006,10,1,1,NML,7,2025
2018.,A320,PKBKU,BTK,BTK6596,BTK6585,15/11:58,15/12:02,15/12:50,15/13:00,0:48:00,CGK,CGK,009,10,1,1,NML,7,2025
2019.,B738,PKLQY,LNI,LNI869,LNI748,15/12:37,15/12:42,15/13:45,15/13:56,1:03:00,TTE,MDC,018,10,0,0,NML,7,2025
2020.,A320,PKSAF,SJV,SJV643,SJV642,15/11:32,15/11:37,15/12:32,15/12:45,0:55:00,AAP,AAP,018,10,0,0,NML,7,2025
2021.,A339,PKLES,LNI,LNI107,LNI104,14/14:31,14/14:38,15/13:13,15/13:26,22:35:00,JED,JED,A06,10,1,1,NML,7,2025
2022.,A320,PKGLX,CTV,CTV9693,CTV9692,15/12:24,15/12:26,15/13:16,15/13:37,0:50:15,DPS,DPS,006,10,1,1,NML,7,2025
2023.,B739,PKLQS,LNI,LNI787,LNI680,15/13:57,15/14:02,15/15:00,15/15:12,0:58:00,UPG,PKY,012,10,1,1,NML,7,2025
2024.,B739,PKLHR,LNI,LNI223,LNI780,15/14:32,15/14:37,15/15:42,15/15:56,1:05:00,BDJ,UPG,016,10,1,1,NML,7,2025
2025.,B739,PKLKV,LNI,LNI315,LNI722,15/12:29,15/12:35,15/13:24,15/13:43,0:49:00,BDJ,KDI,016,10,1,1,NML,7,2025
2026.,A320,PKSAQ,SJV,SJV363,SJV362,15/12:33,15/12:38,15/13:41,15/13:51,1:03:00,KNO,KNO,012,10,1,1,NML,7,2025
"2027.,A320,PKBDF,BTK,BTK6581A,BTK5001,11/13:38,11/13:38,15/10:36,15/10:45,""3 days, 20:58:00"",SUB,CGK,021,10,0,0,NML,7,2025"
2028.,A320,PKAZT,AWQ,AWQ387,AWQ324,15/12:21,15/12:26,15/13:13,15/13:28,0:47:00,PEN,KUL,A03,10,1,1,NML,7,2025
2029.,A320,PKPWL,PAS,PAS204,PAS205,15/11:51,15/11:54,15/13:15,15/13:30,1:21:02,CGK,CGK,005,10,1,1,NML,7,2025
2030.,B735,PKNAQ,LKN,LKN671,LKN670,15/10:57,15/10:59,15/13:32,15/13:39,2:33:27,TMC,TMC,014,10,1,1,NML,7,2025
2031.,A320,PKGLE,CTV,CTV487,CTV668,15/12:26,15/12:29,15/13:25,15/13:47,0:56:37,BDJ,DPS,007,10,1,1,NML,7,2025
2032.,A320,PKSJZ,SJV,SJV633,SJV726,15/14:21,15/14:25,15/15:16,15/15:26,0:51:00,BDJ,LBJ,010,10,1,1,NML,7,2025
2033.,B738,PKLOH,LNI,LNI839,LNI836,15/13:40,15/13:45,15/14:39,15/14:52,0:54:11,PNK,PNK,015,10,1,1,NML,7,2025
2034.,A320,PKGQQ,CTV,CTV716,CTV717,15/13:32,15/13:35,15/14:15,15/14:26,0:40:01,CGK,CGK,008,10,1,1,NML,7,2025
2035.,BK17,PKFGG,SAG,PKFGG,PKFGG,15/14:38,15/14:42,15/15:15,15/15:20,0:33:34,ZKD,ZKD,003,10,0,0,NML,7,2025
2036.,B739,PKLGU,LNI,LNI823,LNI260,15/13:44,15/13:48,15/14:45,15/14:55,0:57:05,LOP,BPN,017,10,1,1,NML,7,2025
2037.,A320,PKGQK,CTV,CTV431,CTV948,15/13:38,15/13:40,15/14:24,15/14:35,0:43:30,BPN,BTH,007,10,1,1,NML,7,2025
2038.,B739,PKLFF,LNI,LNI983,LNI910,15/13:35,15/13:38,15/14:28,15/14:41,0:50:00,PKU,DPS,014,10,1,1,NML,7,2025
2039.,B738MAX,PKOFI,AFE,AFE920,AFE920,15/13:50,15/13:50,15/14:24,15/14:35,0:34:19,TIM,CGK,004,10,1,1,NML,7,2025
2040.,A320,9VJSI,JSA,JSA247,JSA248,15/14:08,15/14:13,15/15:18,15/15:34,1:05:00,SIN,SIN,A07,10,1,1,NML,7,2025
2041.,B739,PKLFK,LNI,LNI707,LNI886,15/15:59,15/16:03,15/17:02,15/17:10,0:59:00,UPG,UPG,014,10,1,1,NML,7,2025
2042.,A320,PKLUR,BTK,BTK7515,BTK6595,15/13:53,15/13:56,15/14:48,15/14:59,0:52:19,HLP,CGK,009,10,1,1,NML,7,2025
"2043.,E135,T7JCI,AFS,T7JCI,T7JCI,14/10:43,14/10:48,15/14:59,15/15:00,""1 day, 4:11:00"",CGK,CGK,A12,10,0,0,NML,7,2025"
2044.,H900,PKDJV,ALT,PKDJV,PKDJV,15/09:53,15/09:56,15/15:12,15/15:19,5:16:00,HLP,DPS,A09,10,0,0,NML,7,2025
2045.,B738,PKGFX,GIA,GIA330,GIA331,15/14:28,15/14:31,15/15:26,15/15:42,0:55:00,HLP,HLP,005,10,1,1,NML,7,2025
2046.,A320,PKLUW,BTK,BTK6406,BTK7514,15/14:37,15/14:42,15/15:27,15/15:44,0:45:00,CGK,HLP,008,10,1,1,NML,7,2025
2047.,EC130T2,PKJTZ,APU,PKJTZ,PKJTZ,15/15:21,15/15:25,15/15:28,15/15:30,0:03:00,ZZZZ,ZZZZ,A09,10,0,0,NML,7,2025
2048.,B739,PKLSV,LNI,LNI919,LNI920,15/15:04,15/15:09,15/16:21,15/16:33,1:12:56,DPS,DPS,015,10,1,1,NML,7,2025
2049.,B738,PKGFR,GIA,GIA312,GIA317,15/14:53,15/14:55,15/15:57,15/16:15,1:02:17,CGK,CGK,004,10,1,1,NML,7,2025
2050.,A320,PKGLR,CTV,CTV699,CTV434,15/14:49,15/14:52,15/15:41,15/15:52,0:49:55,DPS,BPN,006,10,1,1,NML,7,2025
2051.,A320,PKLUS,BTK,BTK7501,BTK7512,15/15:09,15/15:14,15/15:53,15/16:06,0:39:49,HLP,HLP,009,10,1,1,NML,7,2025
2052.,A320,PKSTH,SJV,SJV567,SJV672,15/11:28,15/11:33,15/15:58,15/16:11,4:25:00,PLW,BEJ,020,10,0,0,NML,7,2025
2053.,B739,PKLSL,LNI,LNI261,LNI642,15/17:02,15/17:06,15/18:15,15/18:36,1:09:00,BPN,LOP,014,10,1,1,NML,7,2025
2054.,B738MAX,9VMBH,SIA,SIA926,SIA927,15/15:39,15/15:45,15/16:40,15/16:57,0:55:17,SIN,SIN,A07,10,1,1,NML,7,2025
2055.,B738,PKGNM,GIA,GIA310,GIA315,15/15:37,15/15:40,15/16:42,15/16:55,1:02:00,CGK,CGK,005,10,1,1,NML,7,2025
2056.,B739,PKLQR,LNI,LNI695,LNI268,15/16:15,15/16:20,15/17:14,15/17:26,0:54:18,KOE,TRK,012,10,1,1,NML,7,2025
2057.,A320,PKPWF,PAS,PAS206,PAS623,15/15:54,15/15:57,15/16:41,15/16:52,0:44:18,CGK,BPN,006,10,1,1,NML,7,2025
2058.,B739,PKLSO,LNI,LNI692,LNI692,15/16:37,15/16:42,15/18:32,15/18:43,1:50:00,CGK,KOE,015,10,1,1,NML,7,2025
2059.,B739,PKLFF,LNI,LNI923,LNI316,15/17:11,15/17:17,15/18:27,15/18:40,1:10:00,DPS,BDJ,009,10,1,1,NML,7,2025
2060.,A320,PKGLX,CTV,CTV669,CTV9694,15/16:08,15/16:11,15/17:08,15/17:13,0:57:00,DPS,DPS,007,10,1,1,NML,7,2025
2061.,A320,PKSAF,SJV,SJV641,SJV636,15/16:20,15/16:24,15/17:13,15/17:24,0:49:49,AAP,BDJ,010,10,1,1,NML,7,2025
2062.,A320,PKLAM,BTK,BTK6347,BTK7579,15/15:31,15/15:35,15/17:25,15/17:35,1:50:43,BEJ,CGK,018,10,0,0,NML,7,2025
2063.,A320,PKAXY,AWQ,AWQ323,AWQ326,15/17:33,15/17:38,15/18:09,15/18:19,0:31:00,KUL,KUL,A02,10,1,1,NML,7,2025
2064.,B738,PKLKV,LNI,LNI727,LNI838,15/17:43,15/17:47,15/18:36,15/18:48,0:49:35,KDI,PNK,012,10,1,1,NML,7,2025
2065.,A320,PKSTI,SJV,SJV619,SJV648,15/17:07,15/17:15,15/18:18,15/18:38,1:03:11,BPN,BPN,017,10,1,1,NML,7,2025
2066.,B739,PKLQS,LNI,LNI681,LNI226,15/18:02,15/18:07,15/19:04,15/19:15,0:57:50,PKY,BDJ,010,10,1,1,NML,7,2025
2067.,B739,PKLHP,LNI,LNI972,LNI581,15/16:12,15/16:16,15/18:11,15/18:32,1:55:41,BTH,CGK,016,10,1,1,NML,7,2025
2068.,A320,PKPWD,PAS,PAS622,PAS207,15/17:19,15/17:26,15/18:08,15/18:27,0:42:55,BPN,CGK,006,10,1,1,NML,7,2025
2069.,B738,9MMXK,MAS,MAS875,MAS874,15/17:15,15/17:21,15/18:11,15/18:22,0:50:24,KUL,KUL,A06,10,1,1,NML,7,2025
2070.,B738,PKGMX,GIA,GIA349,GIA313,15/17:38,15/17:41,15/18:38,15/18:53,0:57:00,DPS,CGK,004,10,1,1,NML,7,2025
2071.,A320,PKSJZ,SJV,SJV725,SJV716,15/18:54,15/18:59,15/19:42,15/19:56,0:43:08,LBJ,LOP,012,10,1,1,NML,7,2025
2072.,A320,PKGLS,CTV,CTV172,CTV173,15/18:16,15/18:23,15/19:02,15/19:20,0:39:00,HLP,HLP,007,10,1,1,NML,7,2025
2073.,B738MAX,9VMBQ,SIA,SIA928,SIA929,15/18:36,15/18:41,15/19:38,15/19:49,0:57:22,SIN,SIN,A06,10,1,1,NML,7,2025
2074.,A320,PKLUR,BTK,BTK6576,BTK6575,15/18:33,15/18:36,15/19:30,15/19:43,0:54:00,CGK,CGK,009,10,1,1,NML,7,2025
2075.,A320,PKGLR,CTV,CTV435,CTV494,15/19:09,15/19:12,15/20:19,15/20:36,1:07:00,BPN,BDJ,007,10,1,1,NML,7,2025
2076.,A320,PKGQE,CTV,CTV736,CTV352,15/18:29,15/18:33,15/19:27,15/19:38,0:54:00,CGK,UPG,006,10,1,1,NML,7,2025
2077.,B788,9VOFI,TGW,TGW266,TGW267,15/18:24,15/18:29,15/19:30,15/19:45,1:01:00,SIN,SIN,A07,10,1,1,NML,7,2025
2078.,A320,PKLZH,BTK,BTK7519,BTK7518,15/18:56,15/18:59,15/20:23,15/20:42,1:24:00,HLP,HLP,014,10,1,1,NML,7,2025
2079.,B739,PKLSL,LNI,LNI865,LNI880,15/21:00,15/21:05,15/22:06,15/22:18,1:01:00,LOP,UPG,014,10,1,1,NML,7,2025
2080.,B738,PKGFW,GIA,GIA320,GIA325,15/18:59,15/19:03,15/19:53,15/20:05,0:50:25,CGK,CGK,004,10,1,1,NML,7,2025
2081.,B738,PKGFX,GIA,GIA3304,GIA319,15/18:46,15/18:49,15/20:01,15/20:12,1:12:59,HLP,CGK,005,10,1,1,NML,7,2025
2082.,A320,PKGLU,CTV,CTV949,CTV737,15/19:29,15/19:32,15/20:25,15/20:44,0:53:00,BTH,CGK,006,10,1,1,NML,7,2025
2083.,A320,PKGQH,CTV,CTV724,CTV354,15/19:17,15/19:20,15/20:18,15/20:30,0:57:09,CGK,UPG,003,10,0,0,NML,7,2025
2084.,B738,PKGNF,GIA,GIA326,GIA3354,15/20:07,15/20:10,15/20:54,15/21:06,0:44:00,CGK,HLP,004,10,1,1,NML,7,2025
2085.,A320,PKGQQ,CTV,CTV489,CTV693,15/20:10,15/20:14,15/20:48,15/21:03,0:34:00,BDJ,DPS,005,10,1,1,NML,7,2025
2086.,A320,PKLUG,BTK,BTK6137,BTK6136,15/19:36,15/19:41,15/22:08,15/22:22,2:27:00,UPG,UPG,009,10,1,1,NML,7,2025
2087.,B738,PKCRI,SJY,SJY567,SJY562,15/22:40,15/22:45,15/23:28,15/23:39,0:43:00,UPG,UPG,014,10,1,1,NML,7,2025
2088.,A320,PKAZT,AWQ,AWQ325,AWQ320,15/19:07,15/19:12,16/05:00,16/05:10,9:48:00,KUL,KUL,A01,10,1,1,NML,7,2025
2089.,A320,PKLUQ,BTK,BTK7521,BTK7508,15/21:25,15/21:30,16/05:01,16/05:14,7:31:00,HLP,HLP,012,10,1,1,NML,7,2025
2090.,B739,PKLQS,LNI,LNI709,LNI878,15/20:39,15/20:45,16/06:09,16/06:20,9:24:00,UPG,AMQ,15A,28,0,0,NML,7,2025
"2091.,B739,PKLSK,LNI,LNI970,LNI786,14/09:26,14/12:32,16/05:09,16/05:19,""1 day, 19:39:00"",BTH,UPG,026,10,0,1,NML,7,2025"
2092.,A320,PKSAF,SJV,SJV637,SJV640,15/19:54,15/19:57,16/06:55,16/07:05,10:57:38,BDJ,AAP,018,28,0,0,NML,7,2025
2093.,A320,PKGQI,CTV,CTV726,CTV430,15/22:12,15/22:18,16/04:56,16/05:07,6:38:00,CGK,BPN,006,10,1,1,NML,7,2025
2094.,B738,PKGMV,GIA,GIA328,GIA301,15/21:00,15/21:16,16/05:12,16/05:25,7:56:00,CGK,CGK,004,10,1,1,NML,7,2025
2095.,A320,PKLAO,BTK,BTK6594,BTK6132,15/20:15,15/20:21,16/05:12,16/05:21,8:51:00,CGK,LOP,016,10,1,1,NML,7,2025
2096.,A320,PKSTH,SJV,SJV673,SJV634,15/20:19,15/20:22,16/05:31,16/05:42,9:09:00,BEJ,BDJ,017,10,1,1,NML,7,2025
2097.,B738,PKLQY,LNI,LNI749,LNI868,15/19:32,15/19:36,16/05:30,16/05:40,9:53:32,MDC,TTE,025,10,0,0,NML,7,2025
2098.,B738,PKLVF,LNI,LNI690,LNI690,16/05:01,16/05:06,16/05:59,16/06:12,0:53:00,CGK,KOE,011,28,1,1,NML,7,2025
2099.,A320,PKGLX,CTV,CTV9695,CTV725,15/19:39,15/19:43,16/05:48,16/05:58,10:05:00,DPS,CGK,010,10,1,1,NML,7,2025
2100.,A320,PKGLE,CTV,CTV353,CTV670,16/05:05,16/05:08,16/05:45,16/05:55,0:37:00,UPG,LOP,006,10,1,1,NML,7,2025
2101.,B739,PKLJI,LNI,LNI885,LNI882,15/22:19,15/22:24,16/06:04,16/06:18,7:40:00,UPG,UPG,009,28,1,1,NML,7,2025
2102.,A320,PKPWC,PAS,PAS202,PAS213,15/18:50,15/18:54,16/05:59,16/06:10,11:05:00,CGK,CGK,008,28,1,1,NML,7,2025
2103.,A320,PKBKT,BTK,BTK6413,BTK6412,15/19:58,15/20:07,16/06:16,16/06:27,10:09:00,DPS,DPS,020,28,0,0,NML,7,2025
2104.,A320,PKSJA,SJV,SJV717,SJV566,16/06:13,16/06:20,16/07:06,16/07:27,0:46:00,LOP,PLW,011,28,1,1,NML,7,2025
2105.,B738,PKLDJ,BTK,BTK6588,BTK6597,15/21:51,15/21:55,16/07:03,16/07:12,9:08:00,CGK,CGK,007,28,1,1,NML,7,2025
2106.,A320,PKSTT,SJV,SJV615,SJV610,15/20:53,15/20:55,16/07:05,16/07:18,10:10:00,BPN,BPN,15B,28,0,0,NML,7,2025
2107.,A320,PKLUO,BTK,BTK6370,BTK6135,16/06:08,16/06:14,16/07:06,16/07:19,0:52:00,CGK,PKN,010,28,1,1,NML,7,2025
2108.,B739,PKLHQ,LNI,LNI311,LNI971,16/06:15,16/06:20,16/07:10,16/07:23,0:50:00,BDJ,BTH,017,28,1,1,NML,7,2025
2109.,B738,PKGNQ,GIA,GIA855,GIA854,15/20:34,15/20:42,16/06:54,16/07:07,10:12:00,SIN,SIN,A02,28,1,1,NML,7,2025
2110.,B738,PKGNM,GIA,GIA324,GIA305,15/20:50,15/20:54,16/07:05,16/07:16,10:11:00,CGK,CGK,005,28,1,1,NML,7,2025
2111.,B739,PKLHO,LNI,LNI363,LNI646,16/06:21,16/06:27,16/07:10,16/07:22,0:43:00,BPN,LOP,016,28,1,1,NML,7,2025
2112.,B739,PKLQS,LNI,LNI315,LNI222,16/06:42,16/06:48,16/07:44,16/07:57,0:55:14,BDJ,BDJ,014,28,1,1,NML,7,2025
2113.,E135,T7JCI,AFS,T7JCI,T7JCI,16/06:37,16/06:40,16/07:16,16/07:25,0:35:38,CGK,CGK,A09,28,0,0,NML,7,2025
2114.,A320,PKLUU,BTK,BTK7511,BTK7510,16/06:48,16/06:54,16/07:44,16/07:56,0:49:59,HLP,HLP,008,10,1,1,NML,7,2025
2115.,A320,PKSAG,SJV,SJV649,SJV706,16/06:33,16/06:40,16/07:28,16/07:36,0:48:00,BPN,DPS,009,28,1,1,NML,7,2025
2116.,A320,PKAXY,AWQ,AWQ327,AWQ392,15/23:50,15/23:56,16/07:20,16/07:30,7:24:00,KUL,JHB,A03,28,1,1,NML,7,2025
2117.,B739,PKLSO,LNI,LNI693,LNI266,16/06:46,16/06:51,16/08:47,16/09:00,1:55:16,KOE,BPN,012,10,1,1,NML,7,2025
2118.,B739,PKLGL,LNI,LNI929,LNI693,16/06:51,16/07:05,16/08:08,16/08:16,1:02:56,DPS,CGK,020,10,0,0,NML,7,2025
2119.,A320,PKGQK,CTV,CTV690,CTV460,16/06:56,16/07:02,16/07:39,16/07:49,0:37:00,DPS,AAP,006,28,1,1,NML,7,2025
"2120.,AW139,PKTVN,TVR,PKTVN,PKTVN,14/18:47,14/18:54,16/07:38,16/07:40,""1 day, 12:44:00"",MBH,MBH,H02,28,0,0,NML,7,2025"
2121.,A333,BHLU,CPA,CPA779,CPA780,15/17:55,15/18:02,16/08:16,16/08:31,14:14:00,HKG,HKG,A08,10,1,1,NML,7,2025
2122.,B739,PKLQR,LNI,LNI267,LNI990,16/07:00,16/07:06,16/08:17,16/08:26,1:10:29,TRK,DPS,021,10,0,0,NML,7,2025
2123.,A320,PKBKF,BTK,BTK6572,BTK6573,16/07:40,16/07:46,16/08:42,16/08:53,0:56:00,CGK,CGK,010,10,1,1,NML,7,2025
2124.,B739,PKLHY,LNI,LNI683,LNI682,16/08:05,16/08:05,16/08:56,16/09:11,0:51:59,PKY,PKY,015,10,1,1,NML,7,2025
2125.,A320,PKLAO,BTK,BTK6133,BTK6391,16/07:47,16/07:52,16/08:51,16/08:58,0:59:00,LOP,CGK,009,10,1,1,NML,7,2025
2126.,B738,PKLOP,LNI,LNI837,LNI748,16/08:04,16/08:08,16/09:03,16/09:13,0:55:47,PNK,MDC,014,10,1,1,NML,7,2025
2127.,A320,PKSTH,SJV,SJV635,SJV618,16/08:21,16/08:25,16/09:42,16/09:53,1:17:00,BDJ,BPN,011,10,1,1,NML,7,2025
2128.,B738,PKGMX,GIA,GIA304,GIA342,16/08:13,16/08:15,16/09:15,16/09:29,1:00:06,CGK,DPS,004,10,1,1,NML,7,2025
2129.,A320,PKPWK,PAS,PAS200,PAS201,16/08:09,16/08:11,16/09:14,16/09:27,1:03:00,CGK,CGK,005,10,1,1,NML,7,2025
2130.,A320,PKGLE,CTV,CTV671,CTV486,16/08:34,16/08:38,16/09:17,16/09:35,0:39:00,LOP,BDJ,006,10,1,1,NML,7,2025
2131.,B738MAX,9MMVI,MAS,MAS871,MAS870,16/09:08,16/09:15,16/10:02,16/10:16,0:47:56,KUL,KUL,A07,10,1,1,NML,7,2025
"2132.,GL5T,N878HL,WSN,N878HL,N878HL,13/23:22,13/23:31,16/09:55,16/09:58,""2 days, 10:24:00"",DEL,NRT,A10,10,0,0,NML,7,2025"
2133.,B733F,PKMYV,MYU,MYU935,MYU815,16/09:05,16/09:10,16/10:20,16/10:31,1:10:00,SRG,CGK,C02,28,0,0,NML,7,2025
2134.,B738,PKLZO,MXD,MXD352,MXD353,15/20:57,15/21:02,16/10:07,16/10:23,13:05:00,KUL,KUL,A04,10,1,1,NML,7,2025
2135.,B735,PKNAQ,LKN,LKN243,LKN242,16/09:18,16/09:22,16/10:05,16/10:14,0:43:00,SMQ,SMQ,010,10,1,1,NML,7,2025
2136.,A359,9VSHL,SIA,SIA922,SIA923,16/09:03,16/09:07,16/10:11,16/10:28,1:04:51,SIN,SIN,A08,10,1,1,NML,7,2025
2137.,A320,PKGQO,CTV,CTV351,CTV350,16/09:24,16/09:27,16/10:09,16/10:18,0:42:59,UPG,UPG,006,10,1,1,NML,7,2025
2138.,A320,PKSAF,SJV,SJV641,SJV632,16/10:41,16/10:45,16/11:40,16/11:49,0:55:00,AAP,BDJ,015,10,1,1,NML,7,2025
2139.,B739,PKLJI,LNI,LNI791,LNI706,16/10:20,16/10:24,16/11:22,16/11:33,0:58:00,UPG,UPG,011,10,1,1,NML,7,2025
2140.,A20N,9VTNG,TGW,TGW296,TGW297,16/09:58,16/10:03,16/10:56,16/11:09,0:53:39,SIN,SIN,A02,28,1,1,NML,7,2025
2141.,B739,PKLHO,LNI,LNI645,LNI822,16/10:04,16/10:08,16/11:01,16/11:13,0:53:00,LOP,LOP,014,28,1,1,NML,7,2025
2142.,B739,PKLHM,LNI,LNI970,LNI973,16/09:37,16/09:37,16/10:38,16/10:51,1:01:00,BTH,BTH,012,28,1,1,NML,7,2025
2143.,A320,PKLUO,BTK,BTK6134,BTK6346,16/09:46,16/09:50,16/10:57,16/11:05,1:07:39,PKN,BEJ,008,28,1,1,NML,7,2025
2144.,A320,PKLZH,BTK,BTK7513,BTK7516,16/10:29,16/10:35,16/11:19,16/11:32,0:44:00,HLP,HLP,009,10,1,1,NML,7,2025
2145.,A320,PKSGC,SJV,SJV703,SJV642,16/10:09,16/10:14,16/11:11,16/11:21,0:57:00,DPS,AAP,010,28,1,1,NML,7,2025
2146.,B739,PKLQS,LNI,LNI223,LNI856,16/10:34,16/10:38,16/11:29,16/11:41,0:51:00,BDJ,PLM,017,10,1,1,NML,7,2025
2147.,B739,PKLSP,LNI,LNI694,LNI694,16/10:49,16/10:54,16/11:51,16/12:05,0:57:00,CGK,KOE,016,10,1,1,NML,7,2025
2148.,A320,PKAZT,AWQ,AWQ321,AWQ322,16/10:44,16/10:46,16/11:12,16/11:29,0:26:00,KUL,KUL,A03,10,1,1,NML,7,2025
2149.,B738,PKLJG,LNI,LNI805,LNI697,16/10:55,16/11:00,16/11:46,16/11:52,0:46:54,DPS,CGK,012,10,1,1,NML,7,2025
2150.,A320,PKLUU,BTK,BTK7517,BTK7520,16/11:11,16/11:17,16/12:07,16/12:23,0:50:56,HLP,HLP,008,10,1,1,NML,7,2025
2151.,B738,PKGFR,GIA,GIA322,GIA327,16/10:26,16/10:32,16/11:40,16/11:59,1:08:00,CGK,CGK,004,10,1,1,NML,7,2025
2152.,B739,PKLVF,LNI,LNI697,LNI804,16/10:38,16/10:42,16/12:05,16/12:20,1:22:31,KOE,DPS,018,10,0,0,NML,7,2025
2153.,A320,PKGQK,CTV,CTV461,CTV698,16/11:22,16/11:28,16/12:05,16/12:13,0:37:00,AAP,DPS,006,10,1,1,NML,7,2025
"2154.,A339,PKLER,LNI,LNI105,LNI104,13/11:59,13/12:07,16/12:02,16/12:18,""2 days, 23:55:00"",JED,JED,A05,10,1,1,NML,7,2025"
2155.,A320,PKSJA,SJV,SJV567,SJV636,16/11:38,16/11:44,16/12:35,16/12:43,0:51:49,PLW,BDJ,010,10,1,1,NML,7,2025
2156.,A320,PKLUP,BTK,BTK6584,BTK6585,16/11:56,16/12:01,16/12:56,16/13:03,0:55:28,CGK,CGK,009,10,1,1,NML,7,2025
2157.,A320,PKGLV,CTV,CTV9693,CTV9692,16/11:07,16/11:15,16/12:13,16/12:25,0:58:06,DPS,DPS,007,10,1,1,NML,7,2025
2158.,B738,PKLSI,LNI,LNI261,LNI680,16/11:42,16/11:46,16/12:36,16/12:46,0:50:00,BPN,PKY,014,10,1,1,NML,7,2025
2159.,B739,PKLSK,LNI,LNI801,LNI722,16/12:57,16/13:02,16/14:35,16/14:46,1:33:00,UPG,KDI,016,10,1,1,NML,7,2025
2160.,B735,PKCLH,SJY,SJY9193,SJY9192,16/13:56,16/14:01,16/15:24,16/15:38,1:23:00,PKN,PKN,010,10,1,1,NML,7,2025
2161.,A320,PKAXY,AWQ,AWQ393,AWQ324,16/12:15,16/12:20,16/13:17,16/13:25,0:57:39,JHB,KUL,A03,10,1,1,NML,7,2025
2162.,A320,PKGLE,CTV,CTV487,CTV668,16/12:11,16/12:13,16/13:27,16/13:38,1:14:00,BDJ,DPS,005,10,1,1,NML,7,2025
2163.,A339,PKGHH,GIA,GIA975,GIA974,16/11:19,16/11:22,16/14:05,16/14:17,2:43:00,JED,JED,A08,10,1,1,NML,7,2025
"2164.,B739,PKLSU,LNI,LNI695,LNI6017,10/16:39,10/18:09,16/14:14,16/14:25,""5 days, 21:30:00"",KOE,CGK,024,10,0,1,NML,7,2025"
2165.,B739,PKLHI,LNI,LNI919,LNI260,16/14:40,16/14:47,16/15:59,16/16:18,1:12:46,DPS,BPN,015,10,1,1,NML,7,2025
2166.,B738,PKLOH,LNI,LNI839,LNI836,16/13:00,16/13:03,16/14:05,16/14:15,1:02:00,PNK,PNK,014,10,1,1,NML,7,2025
2167.,A320,PKSAF,SJV,SJV633,SJV726,16/14:46,16/14:51,16/15:40,16/15:54,0:49:44,BDJ,LBJ,007,10,1,1,NML,7,2025
2168.,A320,PKGQA,CTV,CTV716,CTV717,16/13:30,16/13:36,16/14:18,16/14:29,0:42:00,CGK,CGK,006,10,1,1,NML,7,2025
2169.,A320,PKGQI,CTV,CTV431,CTV948,16/13:35,16/13:38,16/14:26,16/14:36,0:48:00,BPN,BTH,007,10,1,1,NML,7,2025
2170.,B739,PKLHO,LNI,LNI823,LNI886,16/13:46,16/13:55,16/14:41,16/14:52,0:46:00,LOP,UPG,012,10,1,1,NML,7,2025
2171.,A320,9VJSK,JSA,JSA247,JSA248,16/13:52,16/13:57,16/14:43,16/14:54,0:46:00,SIN,SIN,A07,10,1,1,NML,7,2025
2172.,A320,PKLUQ,BTK,BTK7515,BTK7514,16/13:45,16/13:48,16/14:39,16/14:49,0:51:00,HLP,HLP,009,10,1,1,NML,7,2025
2173.,A320,PKPWE,PAS,PAS208,PAS209,16/13:59,16/14:04,16/14:53,16/15:06,0:49:00,CGK,CGK,008,10,1,1,NML,7,2025
2174.,B738,PKGNF,GIA,GIA330,GIA331,16/14:12,16/14:16,16/15:12,16/15:28,0:56:00,HLP,HLP,004,10,1,1,NML,7,2025
2175.,B739,PKLSL,LNI,LNI707,LNI642,16/15:26,16/15:30,16/16:21,16/16:31,0:51:00,UPG,LOP,012,10,1,1,NML,7,2025
2176.,B738,PKGFM,GIA,GIA312,GIA317,16/14:20,16/14:24,16/15:30,16/15:43,1:06:00,CGK,CGK,005,10,1,1,NML,7,2025
2177.,B739,PKLFK,LNI,LNI879,LNI920,16/15:55,16/15:59,16/16:52,16/17:03,0:53:00,AMQ,DPS,016,10,1,1,NML,7,2025
2178.,A320,PKGQK,CTV,CTV699,CTV434,16/14:30,16/14:37,16/15:36,16/15:50,0:59:00,DPS,BPN,006,10,1,1,NML,7,2025
2179.,A320,PKLUU,BTK,BTK7501,BTK7512,16/15:20,16/15:24,16/16:10,16/16:23,0:46:00,HLP,HLP,008,10,1,1,NML,7,2025
2180.,B738,9MMSF,MAS,MAS873,MAS872,16/14:38,16/14:44,16/15:46,16/15:58,1:02:00,KUL,KUL,A03,10,1,1,NML,7,2025
2181.,A320,PKSJA,SJV,SJV637,SJV614,16/15:40,16/15:43,16/16:50,16/17:01,1:06:29,BDJ,BPN,022,10,0,0,NML,7,2025
2182.,A320,PKSGC,SJV,SJV643,SJV672,16/15:02,16/15:07,16/16:50,16/16:59,1:43:00,AAP,BEJ,011,10,1,1,NML,7,2025
2183.,A320,PKLUO,BTK,BTK6347,BTK6401,16/15:13,16/15:17,16/16:14,16/16:27,0:57:00,BEJ,CGK,009,10,1,1,NML,7,2025
2184.,B739,PKLQS,LNI,LNI857,LNI910,16/15:50,16/15:52,16/16:48,16/16:57,0:55:25,PLM,DPS,17A,10,0,0,NML,7,2025
2185.,A320,PKLUG,BTK,BTK6596,BTK6595,16/16:12,16/16:20,16/17:11,16/17:24,0:51:00,CGK,CGK,008,10,1,1,NML,7,2025
2186.,B738,HSLGK,TLM,TLM268,TLM269,16/15:35,16/15:41,16/16:39,16/16:48,0:58:00,DMK,DMK,A04,10,1,1,NML,7,2025
2187.,B739,PKLSI,LNI,LNI681,LNI316,16/15:52,16/15:57,16/17:15,16/17:26,1:18:00,PKY,BDJ,014,10,1,1,NML,7,2025
2188.,B738MAX,9VMBN,SIA,SIA926,SIA927,16/15:32,16/15:38,16/16:27,16/16:40,0:49:00,SIN,SIN,A08,10,1,1,NML,7,2025
2189.,A320,PKLUP,BTK,BTK6582,BTK6581,16/16:25,16/16:30,16/17:05,16/17:16,0:35:00,CGK,CGK,009,10,1,1,NML,7,2025
2190.,B738,PKGUD,GIA,GIA310,GIA315,16/16:00,16/16:03,16/16:59,16/17:13,0:56:00,CGK,CGK,004,10,1,1,NML,7,2025
2191.,A320,PKPWC,PAS,PAS206,PAS623,16/15:45,16/15:48,16/16:36,16/16:46,0:47:39,CGK,BPN,005,10,1,1,NML,7,2025
2192.,B739,PKLHQ,LNI,LNI972,LNI268,16/16:09,16/16:12,16/17:30,16/17:45,1:18:00,BTH,TRK,010,10,1,1,NML,7,2025
2193.,B739,PKLGW,LNI,LNI692,LNI692,16/16:04,16/16:09,16/17:10,16/17:23,1:01:00,CGK,KOE,015,10,1,1,NML,7,2025
2194.,A320,PKGLV,CTV,CTV669,CTV9694,16/16:15,16/16:20,16/16:58,16/17:14,0:38:00,DPS,DPS,007,10,1,1,NML,7,2025
2195.,B738,PKLQY,LNI,LNI869,LNI6011,16/15:23,16/15:28,16/17:17,16/17:29,1:49:00,TTE,KOE,021,10,0,0,NML,7,2025
"2196.,A339,PKLET,LNI,LNI6017,LNI100,11/01:24,15/23:05,16/16:56,16/17:09,""5 days, 15:27:00"",MED,JED,A06,10,1,1,NML,7,2025"
2197.,B739,PKLSK,LNI,LNI727,LNI226,16/18:45,16/18:49,16/19:57,16/20:07,1:08:00,KDI,BDJ,011,10,1,1,NML,7,2025
2198.,A320,PKAZT,AWQ,AWQ323,AWQ326,16/17:43,16/17:47,16/18:23,16/18:33,0:36:00,KUL,KUL,A03,10,1,1,NML,7,2025
2199.,B738,PKLOP,LNI,LNI749,LNI838,16/15:10,16/15:14,16/17:38,16/17:55,2:24:00,MDC,PNK,17B,10,0,0,NML,7,2025
2200.,B739,PKLSL,LNI,LNI865,LNI581,16/19:06,16/19:11,16/20:05,16/20:19,0:54:00,LOP,CGK,012,10,1,1,NML,7,2025
2201.,A320,PKPWI,PAS,PAS622,PAS207,16/17:20,16/17:23,16/18:09,16/18:24,0:46:00,BPN,CGK,006,10,1,1,NML,7,2025
2202.,B738,PKGFR,GIA,GIA349,GIA313,16/18:30,16/18:33,16/19:30,16/19:46,0:57:00,DPS,CGK,005,10,1,1,NML,7,2025
2203.,A320,PKSAF,SJV,SJV725,SJV716,16/19:16,16/19:21,16/20:07,16/20:21,0:46:00,LBJ,LOP,016,10,1,1,NML,7,2025
2204.,A320,PKLZH,BTK,BTK7503,BTK7502,16/18:21,16/18:26,16/19:04,16/19:19,0:38:00,HLP,HLP,010,10,1,1,NML,7,2025
2205.,B738,PKGUH,GIA,GIA320,GIA325,16/18:11,16/18:14,16/18:57,16/19:08,0:43:00,CGK,CGK,004,10,1,1,NML,7,2025
2206.,A320,PKGLS,CTV,CTV172,CTV173,16/18:05,16/18:10,16/18:59,16/19:15,0:49:00,HLP,HLP,007,10,1,1,NML,7,2025
2207.,B738MAX,9VMBE,SIA,SIA928,SIA929,16/18:15,16/18:21,16/19:21,16/19:37,1:00:00,SIN,SIN,A07,10,1,1,NML,7,2025
2208.,A320,PKBKM,BTK,BTK6576,BTK6575,16/19:09,16/19:14,16/22:29,16/22:38,3:15:00,CGK,CGK,15A,28,0,0,NML,7,2025
2209.,A320,PKGLX,CTV,CTV949,CTV494,16/18:00,16/18:44,16/19:21,16/19:32,0:37:00,BTH,BDJ,008,10,1,1,NML,7,2025
2210.,A320,PKGQK,CTV,CTV435,CTV352,16/19:19,16/19:23,16/20:18,16/20:30,0:55:00,BPN,UPG,007,10,1,1,NML,7,2025
2211.,A320,PKLUU,BTK,BTK7519,BTK7518,16/19:12,16/19:17,16/20:01,16/20:10,0:44:00,HLP,HLP,014,10,1,1,NML,7,2025
2212.,A320,PKGQL,CTV,CTV489,CTV693,16/19:00,16/19:04,16/19:46,16/19:59,0:42:00,BDJ,DPS,004,10,1,1,NML,7,2025
"2213.,B738,9MMXA,MAS,MAS872B,MAS5170,10/17:35,15/16:34,16/20:33,16/20:42,""6 days, 2:50:00"",SUB,KUL,A13,10,0,1,NML,7,2025"
2214.,B738,PKGUF,GIA,GIA326,GIA3354,16/19:35,16/19:38,16/20:37,16/20:50,0:59:00,CGK,HLP,005,10,1,1,NML,7,2025
2215.,B738,PKGNF,GIA,GIA3304,GIA319,16/18:57,16/19:01,16/20:02,16/20:17,1:01:00,HLP,CGK,006,10,1,1,NML,7,2025
2216.,A320,PKSJA,SJV,SJV617,SJV616,16/21:17,16/21:24,16/22:12,16/22:20,0:48:00,BPN,BPN,009,28,1,1,NML,7,2025
2217.,A320,PKGLU,CTV,CTV736,CTV737,16/18:26,16/18:31,16/20:14,16/20:24,1:43:00,CGK,CGK,009,10,1,1,NML,7,2025
2218.,B739,PKLQS,LNI,LNI923,LNI880,16/19:22,16/19:26,16/20:39,16/20:49,1:13:00,DPS,UPG,15B,10,0,0,NML,7,2025
2219.,A320,PKGQH,CTV,CTV724,CTV354,16/20:52,16/20:55,16/21:39,16/21:49,0:44:00,CGK,UPG,006,28,1,1,NML,7,2025
2220.,A320,PKLAZ,BTK,BTK6413,BTK6136,16/19:42,16/19:48,16/22:40,16/22:50,2:52:00,DPS,UPG,17B,28,0,0,NML,7,2025
2221.,B738,PKCRI,SJY,SJY567,SJY562,16/21:06,16/21:10,16/22:00,16/22:14,0:50:00,UPG,UPG,011,28,1,1,NML,7,2025
2222.,A320,PKLUR,BTK,BTK6137,BTK7508,16/21:36,16/21:44,17/04:58,17/05:07,7:14:00,UPG,HLP,012,28,1,1,NML,7,2025
2223.,A320,PKAXY,AWQ,AWQ325,AWQ320,16/19:01,16/19:07,17/05:02,17/05:18,9:55:00,KUL,KUL,A01,28,1,1,NML,7,2025
2224.,A320,PKGLR,CTV,CTV726,CTV430,16/20:59,16/21:03,17/05:00,17/05:13,7:57:00,CGK,BPN,007,28,1,1,NML,7,2025
2225.,B739,PKLJI,LNI,LNI885,LNI786,16/20:27,16/20:31,17/05:01,17/05:15,8:30:00,UPG,UPG,17A,28,0,0,NML,7,2025
2226.,B738,PKGNQ,GIA,GIA855,GIA301,16/20:46,16/22:59,17/05:00,17/05:11,8:03:00,SIN,CGK,004,28,1,1,NML,7,2025
2227.,A320,PKLUG,BTK,BTK6594,BTK6132,16/21:31,16/21:38,17/05:09,17/05:19,7:31:00,CGK,LOP,014,28,1,1,NML,7,2025
2228.,A320,PKSJI,SJV,SJV7005,SJV706,16/09:50,16/09:53,17/05:36,17/05:47,19:43:00,DPS,DPS,025,28,0,0,NML,7,2025
2229.,A320,PKGLV,CTV,CTV9695,CTV725,16/19:50,16/19:56,17/05:39,17/05:50,9:43:00,DPS,CGK,010,28,1,1,NML,7,2025
2230.,B738,PKLOR,LNI,LNI690,LNI690,17/05:06,17/05:11,17/05:58,17/06:06,0:47:00,CGK,KOE,012,28,1,1,NML,7,2025
2231.,A320,PKGQK,CTV,CTV353,CTV670,17/05:01,17/05:09,17/05:52,17/06:01,0:43:00,UPG,LOP,006,28,1,1,NML,7,2025
2232.,A320,V8RBF,RBA,RBA795,RBA796,16/19:54,16/20:00,17/05:50,17/06:03,9:50:00,BWN,BWN,A06,28,1,1,NML,7,2025
2233.,B739,PKLSR,LNI,LNI709,LNI266,16/22:08,16/22:14,17/05:58,17/06:08,7:44:00,UPG,BPN,011,28,1,1,NML,7,2025
2234.,B738,PKLDK,BTK,BTK6588,BTK6589,16/21:28,16/21:33,17/06:01,17/06:12,8:28:00,CGK,CGK,016,28,1,1,NML,7,2025
2235.,A320,PKSGC,SJV,SJV673,SJV640A,16/21:25,17/03:56,17/07:23,17/07:29,9:53:00,BEJ,AAP,022,28,0,1,NML,7,2025
2236.,A320,PKPWF,PAS,PAS202,PAS213,16/18:53,16/18:56,17/06:00,17/06:14,11:04:00,CGK,CGK,003,28,0,0,NML,7,2025
2237.,A320,PKAZN,AWQ,AWQ327P,AWQ386,17/05:09,17/05:12,17/06:03,17/06:16,0:51:00,KUL,PEN,A03,28,1,1,NML,7,2025
2238.,B738,PKLQY,LNI,LNI695,LNI868,16/21:51,16/21:58,17/06:18,17/06:27,8:20:00,KOE,TTE,15B,28,0,0,NML,7,2025
2239.,A320,PKBKP,BTK,BTK7521,BTK6412,16/22:40,16/22:47,17/06:20,17/06:29,7:33:00,HLP,DPS,008,28,1,1,NML,7,2025
2240.,A320,PKSTT,SJV,SJV619,SJV634,16/16:54,16/17:00,17/06:29,17/06:40,13:29:00,BPN,BDJ,018,28,0,0,NML,7,2025
2241.,A320,PKSJD,SJV,SJV717,SJV566,17/05:45,17/05:51,17/06:49,17/06:58,0:58:00,LOP,PLW,009,28,1,1,NML,7,2025
2242.,A320,PKLAI,BTK,BTK6406,BTK6135,16/16:20,16/16:25,17/07:02,17/07:11,14:37:00,CGK,PKN,020,28,0,0,NML,7,2025
2243.,C208,PKVVO,SUS,PKVVO,PKVVO,16/11:50,16/11:50,17/07:37,17/07:39,19:47:00,PAG,BXW,C07,28,0,0,NML,7,2025
2244.,B739,PKLSI,LNI,LNI311,LNI971,17/06:10,17/06:16,17/07:03,17/07:13,0:47:00,BDJ,BTH,014,28,1,1,NML,7,2025
2245.,B738,PKGFX,GIA,GIA328,GIA854,16/20:14,16/22:33,17/07:01,17/07:15,10:43:00,CGK,SIN,A02,28,1,1,NML,7,2025
2246.,B738,PKGMX,GIA,GIA324,GIA305,16/21:44,16/21:49,17/07:00,17/07:10,9:11:00,CGK,CGK,005,28,1,1,NML,7,2025
2247.,B739,PKLHI,LNI,LNI363,LNI646,17/06:21,17/06:26,17/07:15,17/07:25,0:49:00,BPN,LOP,017,28,1,1,NML,7,2025
2248.,A320,PKBKF,BTK,BTK6572,BTK6573,17/06:56,17/07:02,17/08:04,17/08:16,1:02:00,CGK,CGK,010,28,1,1,NML,7,2025
2249.,A320,PKLUQ,BTK,BTK7511,BTK7510,17/06:35,17/06:41,17/07:32,17/07:39,0:51:00,HLP,HLP,007,28,1,1,NML,7,2025
2250.,B739,PKLGW,LNI,LNI693,LNI693,17/06:48,17/06:54,17/07:44,17/07:55,0:50:00,KOE,CGK,012,28,1,1,NML,7,2025
2251.,A320,PKGQP,CTV,CTV690,CTV460,17/06:45,17/06:54,17/07:25,17/07:35,0:31:00,DPS,AAP,006,28,1,1,NML,7,2025
2252.,B739,PKLHQ,LNI,LNI267,LNI982,17/07:00,17/07:06,17/08:00,17/08:13,0:54:00,TRK,PKU,016,28,1,1,NML,7,2025
2253.,A21N,B32MA,CSN,CSN8137,CSN8138,16/21:21,16/21:25,17/07:47,17/08:00,10:22:00,CAN,CAN,A07,28,1,1,NML,7,2025
2254.,A333,BHLN,CPA,CPA779,CPA780,16/17:48,16/17:55,17/08:12,17/08:26,14:17:00,HKG,HKG,A08,10,1,1,NML,7,2025
2255.,B739,PKLHR,LNI,LNI929,LNI990,17/06:53,17/06:59,17/08:18,17/08:31,1:19:00,DPS,DPS,011,10,1,1,NML,7,2025
"2256.,DHC6,PKICP,PGT,PKICP,PKICP,15/11:04,15/11:06,17/08:02,17/08:09,""1 day, 20:56:00"",PAG,PAG,028,10,0,0,NML,7,2025"
2257.,B739,PKLSK,LNI,LNI315,LNI222,17/07:53,17/07:59,17/08:45,17/08:58,0:46:00,BDJ,BDJ,015,10,1,1,NML,7,2025
2258.,A320,PKLUG,BTK,BTK6133,BTK6391,17/07:57,17/08:02,17/08:53,17/09:03,0:51:00,LOP,CGK,008,10,1,1,NML,7,2025
2259.,A320,PKSJC,SJV,SJV615,SJV618,16/20:40,16/20:42,17/09:16,17/09:26,12:34:00,BPN,BPN,021,10,0,0,NML,7,2025
2260.,B738,PKLOP,LNI,LNI837,LNI748,17/08:04,17/08:09,17/09:17,17/09:28,1:08:00,PNK,MDC,017,10,1,1,NML,7,2025
2261.,B738,PKGNG,GIA,GIA304,GIA342,17/08:35,17/08:38,17/09:35,17/09:52,0:57:00,CGK,DPS,004,10,1,1,NML,7,2025
2262.,A320,PKSJK,SJV,SJV703,SJV642,17/08:52,17/08:57,17/10:07,17/10:16,1:10:00,DPS,AAP,011,10,1,1,NML,7,2025
2263.,A320,PKGQK,CTV,CTV671,CTV486,17/08:28,17/08:32,17/09:16,17/09:33,0:44:00,LOP,BDJ,006,10,1,1,NML,7,2025
2264.,B738MAX,9MMVC,MAS,MAS871,MAS870,17/08:55,17/09:02,17/09:59,17/10:09,0:57:00,KUL,KUL,A07,10,1,1,NML,7,2025
2265.,B733F,PKMYV,MYU,MYU935,MYU815,17/09:04,17/09:10,17/10:06,17/10:09,0:56:00,SRG,CGK,C02,10,0,0,NML,7,2025
2266.,B738,PKLBS,MXD,MXD352,MXD353,16/20:55,16/21:01,17/10:18,17/10:28,13:17:00,KUL,KUL,A04,10,1,1,NML,7,2025
2267.,A359,9VSHT,SIA,SIA922,SIA923,17/09:00,17/09:05,17/10:09,17/10:22,1:04:00,SIN,SIN,A08,10,1,1,NML,7,2025
2268.,A320,PKBKT,BTK,BTK6584,BTK6585,17/09:39,17/09:43,17/10:30,17/10:42,0:47:00,CGK,CGK,008,10,1,1,NML,7,2025
2269.,A320,PKGQO,CTV,CTV351,CTV350,17/09:42,17/09:45,17/10:20,17/10:40,0:35:00,UPG,UPG,006,10,1,1,NML,7,2025
2270.,A320,PKSAW,SJV,SJV635,SJV632,17/10:04,17/10:09,17/10:56,17/11:07,0:47:00,BDJ,BDJ,012,10,1,1,NML,7,2025
2271.,A320,PKGLG,CTV,CTV722,CTV723,17/09:30,17/09:34,17/10:26,17/10:36,0:52:00,CGK,CGK,007,10,1,1,NML,7,2025
2272.,B739,PKLSK,LNI,LNI223,LNI706,17/11:39,17/11:44,17/12:53,17/12:56,1:09:00,BDJ,UPG,015,10,1,1,NML,7,2025
2273.,A20N,9VTNF,TGW,TGW296,TGW297,17/09:34,17/09:39,17/10:32,17/10:44,0:53:00,SIN,SIN,A02,10,1,1,NML,7,2025
2274.,B739,PKLSR,LNI,LNI367,LNI262,17/09:48,17/09:52,17/10:38,17/10:48,0:46:00,BPN,BPN,015,10,1,1,NML,7,2025
2275.,A320,PKPWF,PAS,PAS210,PAS211,17/09:50,17/09:54,17/10:46,17/11:01,0:52:00,CGK,CGK,005,10,1,1,NML,7,2025
2276.,A320,PKLAI,BTK,BTK6134,BTK6346,17/09:45,17/09:49,17/10:42,17/10:53,0:53:00,PKN,BEJ,009,10,1,1,NML,7,2025
2277.,A320,PKLUF,BTK,BTK7513,BTK7516,17/10:00,17/10:04,17/10:52,17/11:03,0:48:00,HLP,HLP,014,10,1,1,NML,7,2025
2278.,B739,PKLHI,LNI,LNI645,LNI822,17/10:11,17/10:16,17/11:20,17/11:30,1:04:00,LOP,LOP,017,10,1,1,NML,7,2025
2279.,B739,PKLHP,LNI,LNI801,LNI694,17/12:41,17/12:47,17/13:42,17/13:55,0:55:00,UPG,KOE,012,10,1,1,NML,7,2025
2280.,B739,PKLHS,LNI,LNI683,LNI682,17/10:33,17/10:38,17/11:26,17/11:36,0:48:00,PKY,PKY,018,10,0,0,NML,7,2025
2281.,A320,PKAXY,AWQ,AWQ321,AWQ322,17/10:46,17/10:51,17/11:25,17/11:31,0:34:00,KUL,KUL,A01,10,1,1,NML,7,2025
2282.,B738,PKLOR,LNI,LNI697,LNI697,17/10:38,17/10:42,17/11:26,17/11:37,0:44:00,KOE,CGK,016,10,1,1,NML,7,2025
2283.,B738,PKGMW,GIA,GIA322,GIA327,17/10:06,17/10:11,17/11:38,17/11:49,1:27:00,CGK,CGK,004,10,1,1,NML,7,2025
2284.,A320,PKLUQ,BTK,BTK7517,BTK7520,17/10:51,17/10:55,17/11:40,17/11:51,0:45:00,HLP,HLP,008,10,1,1,NML,7,2025
2285.,B739,PKLHR,LNI,LNI805,LNI804,17/11:09,17/11:13,17/12:40,17/12:54,1:27:00,DPS,DPS,010,10,1,1,NML,7,2025
2286.,A320,PKGQP,CTV,CTV461,CTV698,17/11:22,17/11:25,17/12:10,17/12:20,0:45:00,AAP,DPS,006,10,1,1,NML,7,2025
2287.,A320,PKBKU,BTK,BTK6582,BTK6581,17/12:04,17/12:09,17/13:17,17/13:30,1:08:00,CGK,CGK,008,10,1,1,NML,7,2025
2288.,A320,PKGLY,CTV,CTV9693,CTV9692,17/11:33,17/11:36,17/12:26,17/12:39,0:50:00,DPS,DPS,007,10,1,1,NML,7,2025
2289.,A320,PKSJD,SJV,SJV567,SJV636,17/11:18,17/11:21,17/12:27,17/12:35,1:06:00,PLW,BDJ,020,10,0,0,NML,7,2025
2290.,B739,PKLSI,LNI,LNI970,LNI780,17/12:11,17/12:13,17/13:15,17/13:26,1:02:00,BTH,UPG,014,10,1,1,NML,7,2025
2291.,A320,PKSAQ,SJV,SJV363,SJV362,17/12:52,17/12:57,17/13:56,17/14:14,0:59:00,KNO,KNO,009,10,1,1,NML,7,2025
2292.,B739,PKLGU,LNI,LNI787,LNI973,17/13:27,17/13:31,17/14:16,17/14:29,0:45:00,UPG,BTH,010,10,1,1,NML,7,2025
2293.,B738,PKLQY,LNI,LNI869,LNI722,17/13:00,17/13:03,17/14:02,17/14:19,0:59:00,TTE,KDI,018,10,0,0,NML,7,2025
2294.,A320,PKPWD,PAS,PAS204,PAS205,17/11:57,17/11:59,17/13:22,17/13:36,1:23:00,CGK,CGK,005,10,1,1,NML,7,2025
2295.,A320,PKAZN,AWQ,AWQ387,AWQ324,17/12:37,17/12:42,17/13:23,17/13:34,0:41:00,PEN,KUL,A02,10,1,1,NML,7,2025
2296.,A320,PKGQK,CTV,CTV487,CTV668,17/11:59,17/12:03,17/13:24,17/13:40,1:21:00,BDJ,DPS,004,10,1,1,NML,7,2025
2297.,A320,PKSAW,SJV,SJV633,SJV726,17/14:17,17/14:21,17/15:10,17/15:22,0:49:00,BDJ,LBJ,011,10,1,1,NML,7,2025
2298.,B738,PKLOH,LNI,LNI839,LNI836,17/12:57,17/13:01,17/14:08,17/14:21,1:07:00,PNK,PNK,016,10,1,1,NML,7,2025
2299.,B738,PKLOP,LNI,LNI749,LNI680,17/15:12,17/15:16,17/16:07,17/16:17,0:51:00,MDC,PKY,014,10,1,1,NML,7,2025
2300.,A320,PKGLR,CTV,CTV431,CTV948,17/13:32,17/13:35,17/14:30,17/14:45,0:55:00,BPN,BTH,007,10,1,1,NML,7,2025
2301.,B739,PKLHQ,LNI,LNI983,LNI581,17/13:37,17/13:42,17/14:35,17/14:49,0:53:00,PKU,CGK,014,10,1,1,NML,7,2025
2302.,A320,9VJSU,JSA,JSA247,JSA248,17/14:00,17/14:06,17/14:47,17/14:57,0:41:00,SIN,SIN,A04,10,1,1,NML,7,2025
2303.,B739,PKLHI,LNI,LNI823,LNI910,17/14:03,17/14:07,17/15:07,17/15:19,1:00:00,LOP,DPS,015,10,1,1,NML,7,2025
2304.,B738,PKGUD,GIA,GIA312,GIA317,17/13:53,17/13:56,17/14:49,17/15:04,0:53:00,CGK,CGK,004,10,1,1,NML,7,2025
2305.,B739,PKLSK,LNI,LNI707,LNI260,17/16:46,17/16:51,17/17:31,17/17:43,0:40:00,UPG,BPN,014,10,1,1,NML,7,2025
2306.,A320,PKLUU,BTK,BTK7515,BTK7514,17/13:51,17/13:54,17/14:45,17/14:56,0:51:00,HLP,HLP,008,10,1,1,NML,7,2025
2307.,B738,PKGUF,GIA,GIA330,GIA331,17/14:12,17/14:15,17/15:14,17/15:32,0:59:00,HLP,HLP,005,10,1,1,NML,7,2025
2308.,B739,PKLSR,LNI,LNI261,LNI642,17/14:09,17/14:13,17/15:14,17/15:24,1:01:00,BPN,LOP,017,10,1,1,NML,7,2025
2309.,A320,PKBKY,BTK,BTK6596,BTK6595,17/14:36,17/14:40,17/15:57,17/16:08,1:17:00,CGK,CGK,009,10,1,1,NML,7,2025
2310.,A320,PKSJK,SJV,SJV641,SJV614,17/13:57,17/14:01,17/15:47,17/16:02,1:46:00,AAP,BPN,020,10,0,0,NML,7,2025
2311.,B739,PKLHR,LNI,LNI919,LNI920,17/15:30,17/15:34,17/16:23,17/16:37,0:49:00,DPS,DPS,012,10,1,1,NML,7,2025
2312.,A320,PKGQP,CTV,CTV699,CTV434,17/15:05,17/15:08,17/15:40,17/15:53,0:32:00,DPS,BPN,006,10,1,1,NML,7,2025
2313.,A320,PKLUQ,BTK,BTK7501,BTK7512,17/15:17,17/15:22,17/16:11,17/16:22,0:49:00,HLP,HLP,010,10,1,1,NML,7,2025
2314.,A320,PKGQA,CTV,CTV716,CTV717,17/14:39,17/14:43,17/15:45,17/15:59,1:02:00,CGK,CGK,007,10,1,1,NML,7,2025
2315.,B738MAX,9MMVG,MAS,MAS873,MAS872,17/14:46,17/14:52,17/15:52,17/16:06,1:00:00,KUL,KUL,A03,10,1,1,NML,7,2025
2316.,A320,PKSGC,SJV,SJV643,SJV672,17/16:31,17/16:35,17/17:18,17/17:27,0:43:00,AAP,BEJ,009,10,1,1,NML,7,2025
2317.,A320,PKLAI,BTK,BTK6347,BTK6401,17/15:02,17/15:05,17/16:01,17/16:10,0:56:00,BEJ,CGK,008,10,1,1,NML,7,2025
2318.,A320,PKSJD,SJV,SJV637,SJV648,17/15:34,17/15:39,17/16:28,17/16:38,0:49:00,BDJ,BPN,011,10,1,1,NML,7,2025
2319.,B738MAX,9VMBN,SIA,SIA926,SIA927,17/15:51,17/15:56,17/16:49,17/17:00,0:53:00,SIN,SIN,A04,10,1,1,NML,7,2025
2320.,A339,PKGHH,GIA,GIA975,GIA972,17/14:06,17/14:11,17/16:37,17/16:49,2:26:00,JED,MED,A08,10,1,1,NML,7,2025
2321.,A320,PKPWL,PAS,PAS206,PAS623,17/15:48,17/15:51,17/16:31,17/16:41,0:40:00,CGK,BPN,005,10,1,1,NML,7,2025
2322.,B739,PKLHP,LNI,LNI695,LNI268,17/18:54,17/18:59,17/19:51,17/20:05,0:52:00,KOE,TRK,014,10,1,1,NML,7,2025
2323.,B738,PKLSF,LNI,LNI3857,LNI3856,17/15:55,17/15:59,17/17:02,17/17:11,1:03:00,PLM,PLM,018,10,0,0,NML,7,2025
2324.,A320,PKGLY,CTV,CTV669,CTV9694,17/16:04,17/16:08,17/16:55,17/17:08,0:47:00,DPS,DPS,007,10,1,1,NML,7,2025
2325.,B738,PKGMD,GIA,GIA310,GIA315,17/16:34,17/16:38,17/17:39,17/17:51,1:01:00,CGK,CGK,004,10,1,1,NML,7,2025
2326.,B739,PKLFY,LNI,LNI692,LNI692,17/16:13,17/16:19,17/17:11,17/17:21,0:52:00,CGK,KOE,015,10,1,1,NML,7,2025
2327.,A339,PKLER,LNI,LNI105,LNI100,17/12:16,17/12:22,17/17:02,17/17:13,4:40:00,JED,JED,A06,10,1,1,NML,7,2025
2328.,B739,PKLHL,LNI,LNI972,LNI226,17/17:44,17/17:48,17/18:35,17/18:57,0:47:00,BTH,BDJ,011,10,1,1,NML,7,2025
2329.,A320,PKAXY,AWQ,AWQ323,AWQ326,17/16:54,17/16:59,17/17:35,17/17:47,0:35:11,KUL,KUL,A01,10,1,1,NML,7,2025
2330.,B735,PKCLE,SJY,SJY567,SJY562,17/18:07,17/18:11,17/18:56,17/19:10,0:45:00,UPG,UPG,010,10,1,1,NML,7,2025
2331.,B739,PKLHI,LNI,LNI923,LNI316,17/17:32,17/17:37,17/19:18,17/19:31,1:41:00,DPS,BDJ,016,10,1,1,NML,7,2025
2332.,A320,PKPWF,PAS,PAS622,PAS207,17/17:39,17/17:42,17/18:20,17/18:30,0:38:00,BPN,CGK,006,10,1,1,NML,7,2025
2333.,B738,PKLQY,LNI,LNI727,LNI838,17/18:15,17/18:20,17/19:16,17/19:26,0:55:49,KDI,PNK,012,10,1,1,NML,7,2025
2334.,B738,PKGNG,GIA,GIA349,GIA313,17/17:15,17/17:19,17/18:27,17/18:53,1:08:00,DPS,CGK,005,10,1,1,NML,7,2025
2335.,A320,PKSAW,SJV,SJV725,SJV716,17/18:45,17/18:50,17/19:32,17/19:43,0:41:23,LBJ,LOP,17A,10,0,0,NML,7,2025
2336.,A320,PKLUF,BTK,BTK7503,BTK7502,17/18:40,17/18:43,17/19:29,17/19:38,0:45:02,HLP,HLP,011,10,1,1,NML,7,2025
2337.,B738,PKGUE,GIA,GIA320,GIA325,17/18:03,17/18:07,17/19:05,17/19:19,0:58:00,CGK,CGK,004,10,1,1,NML,7,2025
2338.,E35L,PKRSS,IAT,PKRSS,PKRSS,17/15:27,17/15:31,17/19:18,17/19:28,3:47:00,CPF,HLP,001,10,0,0,NML,7,2025
2339.,B738MAX,9VMBO,SIA,SIA928,SIA929,17/18:25,17/18:31,17/19:23,17/19:36,0:51:10,SIN,SIN,A06,10,1,1,NML,7,2025
2340.,B738,PKGQS,CTV,CTV949,CTV494,17/18:20,17/18:23,17/19:07,17/19:22,0:43:04,BTH,BDJ,009,10,1,1,NML,7,2025
2341.,A320,PKLAF,BTK,BTK6576,BTK6575,17/18:43,17/18:48,17/19:50,17/20:01,1:01:16,CGK,CGK,020,10,0,0,NML,7,2025
2342.,A320,PKGLX,CTV,CTV736,CTV352,17/18:48,17/18:50,17/19:32,17/19:45,0:41:13,CGK,UPG,008,10,1,1,NML,7,2025
2343.,A320,PKGLS,CTV,CTV172,CTV737,17/18:17,17/18:20,17/19:36,17/19:51,1:15:18,HLP,CGK,007,10,1,1,NML,7,2025
2344.,B739,PKLSR,LNI,LNI865,LNI880,17/17:54,17/17:58,17/19:57,17/20:08,1:59:00,LOP,UPG,015,10,1,1,NML,7,2025
2345.,A320,PKLUQ,BTK,BTK7519,BTK7518,17/19:24,17/19:28,17/20:08,17/20:19,0:40:00,HLP,HLP,010,10,1,1,NML,7,2025
2346.,A320,PKGQL,CTV,CTV489,CTV693,17/19:41,17/19:45,17/20:18,17/20:30,0:33:00,BDJ,DPS,008,10,1,1,NML,7,2025
2347.,B738,PKGUF,GIA,GIA3304,GIA319,17/19:13,17/19:16,17/20:12,17/20:25,0:56:00,HLP,CGK,004,10,1,1,NML,7,2025
2348.,A320,PKGQP,CTV,CTV435,CTV173,17/19:18,17/19:22,17/20:10,17/20:22,0:48:00,BPN,HLP,009,10,1,1,NML,7,2025
2349.,B738,PKGFR,GIA,GIA326,GIA3354,17/20:17,17/20:20,17/23:52,18/00:04,3:32:00,CGK,HLP,005,10,1,1,NML,7,2025
2350.,A320,PKGLU,CTV,CTV724,CTV354,17/20:50,17/20:54,17/21:43,17/21:56,0:49:00,CGK,UPG,008,10,1,1,NML,7,2025
2351.,A320,PKLUO,BTK,BTK6137,BTK6136,17/19:54,17/19:58,17/21:59,17/22:11,2:01:00,UPG,UPG,011,10,1,1,NML,7,2025
2352.,A320,PKAZN,AWQ,AWQ325,AWQ320,17/19:03,17/19:09,18/05:00,18/05:12,9:51:00,KUL,KUL,A01,28,1,1,NML,7,2025
2353.,A320,PKLUS,BTK,BTK7521,BTK7508,17/21:02,17/21:06,18/04:58,18/05:07,7:52:00,HLP,HLP,012,28,1,1,NML,7,2025
2354.,A320,PKSAK,SJV,SJV619,SJV610,17/18:11,17/18:16,18/04:54,18/05:03,10:38:00,BPN,BPN,018,28,0,0,NML,7,2025
2355.,B739,PKLHH,LNI,LNI885,LNI786,17/20:46,17/20:51,18/05:02,18/05:14,8:11:00,UPG,UPG,015,28,1,1,NML,7,2025
2356.,A320,PKGQQ,CTV,CTV726,CTV430,17/21:12,17/21:16,18/05:00,18/05:09,7:44:00,CGK,BPN,009,28,1,1,NML,7,2025
2357.,B738,PKGNA,GIA,GIA324,GIA301,17/21:17,18/00:10,18/05:07,18/05:16,7:47:00,CGK,CGK,005,28,1,0,NML,7,2025
2358.,A320,PKBKU,BTK,BTK6594,BTK6132,17/20:22,17/20:25,18/05:16,18/05:24,8:51:00,CGK,LOP,17A,28,0,0,NML,7,2025
2359.,B738,PKLOP,LNI,LNI681,LNI868,17/18:51,17/18:55,18/05:37,18/05:47,10:42:00,PKY,TTE,021,28,0,0,NML,7,2025
2360.,B739,PKLGW,LNI,LNI690,LNI690,18/05:04,18/05:10,18/05:58,18/06:09,0:48:00,CGK,KOE,012,28,1,1,NML,7,2025
2361.,A320,PKGLX,CTV,CTV353,CTV670,18/05:00,18/05:08,18/05:45,18/05:51,0:37:00,UPG,LOP,008,28,1,1,NML,7,2025
2362.,A320,PKGLY,CTV,CTV9695,CTV725,17/19:48,17/19:53,18/05:52,18/06:01,9:59:00,DPS,CGK,007,28,1,1,NML,7,2025
2363.,A320,PKSJK,SJV,SJV617,SJV706,17/19:11,17/19:17,18/05:59,18/06:13,10:42:00,BPN,DPS,17B,10,0,0,NML,7,2025
2364.,A320,PKSGC,SJV,SJV673,SJV640,17/21:26,17/21:30,18/05:58,18/06:11,8:28:00,BEJ,AAP,020,28,0,0,NML,7,2025
2365.,A320,PKLUY,BTK,BTK6588,BTK6589,17/22:02,17/22:06,18/05:58,18/06:08,7:52:00,CGK,CGK,010,28,1,1,NML,7,2025
2366.,A320,V8RBD,RBA,RBA795,RBA796,17/20:26,17/20:32,18/06:01,18/06:14,9:29:00,BWN,BWN,A06,28,1,1,NML,7,2025
2367.,A320,PKPWA,PAS,PAS202,PAS213,17/19:20,17/19:24,18/06:08,18/06:20,10:44:00,CGK,CGK,006,28,1,1,NML,7,2025
2368.,A320,PKBKP,BTK,BTK6413,BTK6412,17/19:57,17/20:01,18/06:25,18/06:33,10:24:00,DPS,DPS,016,28,1,1,NML,7,2025
2369.,A320,PKSAJ,SJV,SJV615,SJV634,17/20:36,17/20:40,18/06:20,18/06:30,9:40:00,BPN,BDJ,014,28,1,1,NML,7,2025
2370.,B739,PKLFF,LNI,LNI311,LNI882,18/06:05,18/06:11,18/06:59,18/07:06,0:48:00,BDJ,UPG,010,28,1,1,NML,7,2025
2371.,A320,PKSAW,SJV,SJV717,SJV566,18/05:49,18/05:54,18/06:53,18/07:04,0:59:00,LOP,PLW,009,28,1,1,NML,7,2025
2372.,A320,PKLUJ,BTK,BTK6406,BTK6135,17/16:26,17/22:41,18/07:00,18/07:13,14:27:00,CGK,PKN,022,28,0,1,NML,7,2025
2373.,C208,PKVVO,SUS,PKVVO,PKVVO,17/09:33,17/09:39,18/07:31,18/07:39,21:52:00,BXW,BXW,C07,28,0,0,NML,7,2025
2374.,B738,PKGMV,GIA,GIA855,GIA854,17/21:31,17/21:39,18/06:57,18/07:08,9:18:00,SIN,SIN,A02,28,1,1,NML,7,2025
2375.,B738,PKGFM,GIA,GIA328,GIA305,17/21:04,17/21:07,18/07:05,18/07:16,9:58:00,CGK,CGK,004,28,1,1,NML,7,2025
2376.,B739,PKLSK,LNI,LNI363,LNI878,18/06:18,18/06:23,18/07:20,18/07:29,0:57:00,BPN,AMQ,012,28,1,1,NML,7,2025
2377.,B739,PKLHI,LNI,LNI315,LNI646,18/07:11,18/07:16,18/08:05,18/08:15,0:49:00,BDJ,LOP,016,10,1,1,NML,7,2025
2378.,A320,PKLUU,BTK,BTK7511,BTK7510,18/06:41,18/06:46,18/08:21,18/08:30,1:35:00,HLP,HLP,014,10,1,1,NML,7,2025
2379.,A320,PKBKF,BTK,BTK6572,BTK6573,18/06:44,18/06:50,18/07:43,18/07:51,0:53:00,CGK,CGK,015,10,1,1,NML,7,2025
2380.,A320,PKAXY,AWQ,AWQ327,AWQ392,17/23:20,17/23:25,18/07:29,18/07:46,8:04:00,KUL,JHB,A03,28,1,1,NML,7,2025
2381.,B739,PKLHR,LNI,LNI929,LNI222,18/06:57,18/07:03,18/07:49,18/08:06,0:46:00,DPS,BDJ,018,10,0,0,NML,7,2025
2382.,A320,PKGLV,CTV,CTV690,CTV460,18/06:37,18/06:44,18/07:28,18/07:37,0:44:00,DPS,AAP,006,28,1,1,NML,7,2025
2383.,B739,PKLHP,LNI,LNI267,LNI971,18/06:54,18/07:00,18/07:54,18/08:11,0:54:00,TRK,BTH,017,10,1,1,NML,7,2025
2384.,A333,BHLT,CPA,CPA779,CPA780,17/18:23,17/18:29,18/08:12,18/08:25,13:43:00,HKG,HKG,A08,10,1,1,NML,7,2025
2385.,B739,PKLSP,LNI,LNI693,LNI990,18/06:50,18/06:58,18/08:36,18/08:46,1:38:00,KOE,DPS,020,10,0,0,NML,7,2025
2386.,B738,PKLZM,MXD,MXD352,MXD353,17/19:07,17/19:13,18/08:46,18/08:53,13:33:00,KUL,KUL,A04,10,1,1,NML,7,2025
2387.,A320,PKBKU,BTK,BTK6133,BTK6391,18/07:55,18/08:01,18/09:01,18/09:08,1:00:00,LOP,CGK,008,10,1,1,NML,7,2025
2388.,B739,PKLHS,LNI,LNI683,LNI856,18/08:08,18/08:12,18/09:01,18/09:12,0:49:00,PKY,PLM,012,10,1,1,NML,7,2025
2389.,B738,PKLQY,LNI,LNI837,LNI748,18/08:13,18/08:18,18/09:16,18/09:35,0:58:00,PNK,MDC,015,10,1,1,NML,7,2025
2390.,B738,PKGMX,GIA,GIA304,GIA342,18/08:17,18/08:20,18/09:19,18/09:37,0:59:00,CGK,DPS,004,10,1,1,NML,7,2025
2391.,A320,PKSJK,SJV,SJV703,SJV612,18/08:35,18/08:39,18/09:26,18/09:40,0:47:00,DPS,BPN,009,10,1,1,NML,7,2025
2392.,A320,PKPWK,PAS,PAS200,PAS201,18/08:04,18/08:06,18/09:15,18/09:29,1:09:00,CGK,CGK,005,10,1,1,NML,7,2025
2393.,A320,PKGLX,CTV,CTV671,CTV486,18/08:21,18/08:24,18/09:10,18/09:22,0:46:00,LOP,BDJ,007,10,1,1,NML,7,2025
2394.,B738MAX,9MMVE,MAS,MAS871,MAS870,18/09:04,18/09:09,18/09:56,18/10:06,0:47:00,KUL,KUL,A07,10,1,1,NML,7,2025
2395.,A359,9VSHE,SIA,SIA922,SIA923,18/09:17,18/09:22,18/10:35,18/10:46,1:13:00,SIN,SIN,A08,10,1,1,NML,7,2025
2396.,A320,PKBKQ,BTK,BTK6584,BTK6585,18/10:08,18/10:13,18/11:01,18/11:11,0:48:00,CGK,CGK,014,10,1,1,NML,7,2025
2397.,A320,PKSTH,SJV,SJV649,SJV632,18/07:44,18/07:48,18/10:53,18/11:06,3:05:00,BPN,BDJ,021,10,0,0,NML,7,2025
2398.,A320,PKGQN,CTV,CTV351,CTV350,18/09:40,18/09:44,18/10:26,18/10:44,0:42:00,UPG,UPG,006,10,1,1,NML,7,2025
2399.,B739,PKLGJ,LNI,LNI970,LNI973,18/09:48,18/09:54,18/10:49,18/10:59,0:55:00,BTH,BTH,012,10,1,1,NML,7,2025
2400.,A320,PKGQO,CTV,CTV722,CTV723,18/09:33,18/09:36,18/10:31,18/10:49,0:55:00,CGK,CGK,007,10,1,1,NML,7,2025
2401.,B739,PKLHI,LNI,LNI645,LNI822,18/10:51,18/10:55,18/11:55,18/12:08,1:00:00,LOP,LOP,17A,10,0,0,NML,7,2025
2402.,A20N,9VTNG,TGW,TGW296,TGW297,18/10:54,18/11:00,18/11:56,18/12:03,0:56:00,SIN,SIN,A02,10,1,1,NML,7,2025
2403.,A320,PKPWA,PAS,PAS210,PAS211,18/09:38,18/09:40,18/10:41,18/10:56,1:01:00,CGK,CGK,005,10,1,1,NML,7,2025
2404.,A320,PKLUJ,BTK,BTK6134,BTK6346,18/09:44,18/09:48,18/10:39,18/10:53,0:51:00,PKN,BEJ,009,10,1,1,NML,7,2025
2405.,A320,PKLUR,BTK,BTK7513,BTK7516,18/10:04,18/10:07,18/10:50,18/11:00,0:43:00,HLP,HLP,008,10,1,1,NML,7,2025
2406.,B739,PKLFY,LNI,LNI6006,LNI682,18/10:41,18/10:46,18/11:35,18/11:45,0:49:00,KOE,PKY,016,10,1,1,NML,7,2025
2407.,B739,PKLSU,LNI,LNI694,LNI694,18/10:30,18/10:36,18/11:27,18/11:41,0:51:00,CGK,KOE,015,10,1,1,NML,7,2025
2408.,B739,PKLHR,LNI,LNI223,LNI262,18/10:47,18/10:52,18/11:49,18/11:59,0:57:00,BDJ,BPN,17B,10,0,0,NML,7,2025
2409.,A320,PKAZN,AWQ,AWQ321,AWQ322,18/10:33,18/10:38,18/11:14,18/11:26,0:36:00,KUL,KUL,A03,10,1,1,NML,7,2025
2410.,B738,PKGNE,GIA,GIA322,GIA327,18/10:11,18/10:14,18/11:27,18/11:43,1:13:00,CGK,CGK,004,10,1,1,NML,7,2025
2411.,A320,PKLUU,BTK,BTK7517,BTK7520,18/11:20,18/11:25,18/12:16,18/12:26,0:51:00,HLP,HLP,008,10,1,1,NML,7,2025
2412.,B739,PKLSP,LNI,LNI805,LNI697,18/11:28,18/11:32,18/12:24,18/12:34,0:52:00,DPS,CGK,021,10,0,0,NML,7,2025
2413.,B739,PKLGW,LNI,LNI697,LNI804,18/10:44,18/10:48,18/12:32,18/12:42,1:44:00,KOE,DPS,022,10,0,0,NML,7,2025
2414.,A320,PKGLV,CTV,CTV461,CTV698,18/11:03,18/11:06,18/11:53,18/12:05,0:47:00,AAP,DPS,005,10,1,1,NML,7,2025
2415.,A320,PKLUG,BTK,BTK6582,BTK6581,18/11:39,18/11:43,18/12:32,18/12:44,0:49:00,CGK,CGK,012,10,1,1,NML,7,2025
2416.,A320,PKGQG,CTV,CTV9693,CTV9692,18/11:34,18/11:38,18/12:23,18/12:36,0:45:00,DPS,DPS,006,10,1,1,NML,7,2025
2417.,B739,PKLFF,LNI,LNI791,LNI780,18/10:38,18/10:43,18/12:39,18/12:52,1:56:00,UPG,UPG,018,10,0,0,NML,7,2025
2418.,A320,PKSAW,SJV,SJV567,SJV636,18/11:23,18/11:29,18/12:28,18/12:38,0:59:00,PLW,BDJ,009,10,1,1,NML,7,2025
2419.,B738,PKLOP,LNI,LNI869,LNI722,18/11:53,18/12:00,18/13:29,18/13:40,1:29:00,TTE,KDI,015,10,1,1,NML,7,2025
2420.,B735,PKNAT,LKN,LKN193,LKN192,18/11:47,18/11:51,18/12:39,18/12:47,0:48:00,PKN,PKN,014,10,1,1,NML,7,2025
2421.,A320,PKAXY,AWQ,AWQ393,AWQ324,18/12:50,18/12:55,18/13:27,18/13:36,0:32:00,JHB,KUL,A03,10,1,1,NML,7,2025
2422.,A320,PKGLX,CTV,CTV487,CTV668,18/11:57,18/12:00,18/13:22,18/13:33,1:22:00,BDJ,DPS,007,10,1,1,NML,7,2025
2423.,B739,PKLHS,LNI,LNI857,LNI260,18/13:27,18/13:30,18/14:21,18/14:33,0:51:00,PLM,BPN,012,10,1,1,NML,7,2025
2424.,B739,PKLSR,LNI,LNI787,LNI686,18/12:30,18/12:32,18/13:57,18/14:07,1:25:00,UPG,PKY,009,10,1,1,NML,7,2025
2425.,A320,PKSTH,SJV,SJV633,SJV726,18/14:12,18/14:15,18/15:07,18/15:18,0:52:00,BDJ,LBJ,015,10,1,1,NML,7,2025
2426.,B738,PKLOH,LNI,LNI839,LNI836,18/12:58,18/13:03,18/14:11,18/14:20,1:08:00,PNK,PNK,016,10,1,1,NML,7,2025
2427.,B739,PKLHI,LNI,LNI823,LNI910,18/14:45,18/14:49,18/15:56,18/16:10,1:07:00,LOP,DPS,012,10,1,1,NML,7,2025
2428.,A320,PKGQQ,CTV,CTV431,CTV948,18/13:30,18/13:33,18/14:16,18/14:27,0:43:00,BPN,BTH,006,10,1,1,NML,7,2025
2429.,A320,9VJSO,JSA,JSA247,JSA248,18/13:50,18/13:57,18/14:48,18/15:01,0:51:00,SIN,SIN,A07,10,1,1,NML,7,2025
2430.,A320,PKLUS,BTK,BTK7515,BTK7514,18/13:44,18/13:48,18/14:59,18/15:08,1:11:00,HLP,HLP,014,10,1,1,NML,7,2025
2431.,A320,PKPWE,PAS,PAS208,PAS209,18/13:55,18/14:00,18/14:59,18/15:13,0:59:00,CGK,CGK,005,10,1,1,NML,7,2025
2432.,B738,PKGFR,GIA,GIA330,GIA331,18/14:09,18/14:12,18/15:11,18/15:25,0:59:00,HLP,HLP,004,10,1,1,NML,7,2025
2433.,A320,PKLAL,BTK,BTK6596,BTK6595,18/14:42,18/14:47,18/15:36,18/15:46,0:49:00,CGK,CGK,009,10,1,1,NML,7,2025
2434.,B739,PKLHY,LNI,LNI919,LNI920,18/15:48,18/15:53,18/16:52,18/17:00,0:59:00,DPS,DPS,021,10,0,0,NML,7,2025
2435.,B738,PKGMC,GIA,GIA312,GIA317,18/14:38,18/14:42,18/15:41,18/15:51,0:59:00,CGK,CGK,006,10,1,1,NML,7,2025
2436.,B738,PKLQY,LNI,LNI749,LNI982,18/15:15,18/15:19,18/16:11,18/16:21,0:52:00,MDC,PKU,008,10,1,1,NML,7,2025
2437.,A320,PKGLV,CTV,CTV699,CTV434,18/14:50,18/14:53,18/15:31,18/15:41,0:38:00,DPS,BPN,007,10,1,1,NML,7,2025
2438.,A320,PKLUU,BTK,BTK7501,BTK7512,18/15:23,18/15:27,18/16:21,18/16:35,0:54:00,HLP,HLP,015,10,1,1,NML,7,2025
2439.,B739,PKLHR,LNI,LNI261,LNI642,18/15:11,18/15:16,18/16:16,18/16:27,1:00:00,BPN,LOP,016,10,1,1,NML,7,2025
2440.,A320,PKSGC,SJV,SJV643,SJV672,18/15:06,18/15:09,18/16:10,18/16:23,1:01:00,AAP,BEJ,014,10,1,1,NML,7,2025
2441.,A320,PKLUJ,BTK,BTK6347,BTK6401,18/14:58,18/15:02,18/16:26,18/16:37,1:24:00,BEJ,CGK,017,10,1,1,NML,7,2025
2442.,B738,HSLGK,TLM,TLM268,TLM269,18/15:27,18/15:33,18/16:20,18/16:29,0:47:00,DMK,DMK,A04,10,1,1,NML,7,2025
2443.,A320,PKSAW,SJV,SJV637,SJV648,18/15:30,18/15:34,18/16:59,18/17:09,1:25:00,BDJ,BPN,018,10,0,0,NML,7,2025
2444.,B738MAX,9VMBM,SIA,SIA926,SIA927,18/15:37,18/15:43,18/16:39,18/16:48,0:56:00,SIN,SIN,A08,10,1,1,NML,7,2025
2445.,A320,PKPWI,PAS,PAS206,PAS623,18/16:25,18/16:28,18/17:06,18/17:18,0:38:00,CGK,BPN,005,10,1,1,NML,7,2025
2446.,B739,PKLSU,LNI,LNI695,LNI268,18/16:19,18/16:23,18/17:08,18/17:20,0:45:00,KOE,TRK,009,10,1,1,NML,7,2025
2447.,B739,PKLHQ,LNI,LNI692,LNI692,18/17:07,18/17:11,18/18:03,18/18:16,0:52:00,CGK,KOE,014,10,1,1,NML,7,2025
2448.,A320,PKGQG,CTV,CTV669,CTV9694,18/16:15,18/16:19,18/17:01,18/17:17,0:42:00,DPS,DPS,006,10,1,1,NML,7,2025
2449.,B738,PKGNA,GIA,GIA310,GIA315,18/16:51,18/16:54,18/17:58,18/18:14,1:04:00,CGK,CGK,004,10,1,1,NML,7,2025
2450.,B739,PKLSK,LNI,LNI879,LNI581,18/16:46,18/16:50,18/17:55,18/18:06,1:05:00,AMQ,CGK,015,10,1,1,NML,7,2025
2451.,A320,PKAZN,AWQ,AWQ323,AWQ326,18/17:03,18/17:09,18/17:39,18/17:48,0:30:00,KUL,KUL,A01,10,1,1,NML,7,2025
2452.,B738,PKLOP,LNI,LNI727,LNI838,18/17:34,18/17:38,18/18:32,18/18:44,0:54:00,KDI,PNK,17B,10,0,0,NML,7,2025
2453.,B739,PKLSR,LNI,LNI687,LNI226,18/16:58,18/17:02,18/18:35,18/18:45,1:33:00,PKY,BDJ,016,10,1,1,NML,7,2025
2454.,B739,PKLHI,LNI,LNI923,LNI316,18/19:02,18/19:07,18/19:59,18/20:08,0:52:00,DPS,BDJ,014,10,1,1,NML,7,2025
2455.,A320,PKPWC,PAS,PAS622,PAS207,18/17:14,18/17:18,18/18:14,18/18:32,0:56:00,BPN,CGK,006,10,1,1,NML,7,2025
2456.,B738,9MMLS,MAS,MAS875,MAS874,18/17:10,18/17:16,18/18:18,18/18:34,1:02:00,KUL,KUL,A02,10,1,1,NML,7,2025
2457.,A320,PKSTH,SJV,SJV725,SJV716,18/18:41,18/18:45,18/19:32,18/19:41,0:47:00,LBJ,LOP,15A,10,0,0,NML,7,2025
2458.,A320,PKLUR,BTK,BTK7503,BTK7502,18/17:56,18/18:00,18/18:48,18/19:02,0:48:00,HLP,HLP,009,10,1,1,NML,7,2025
2459.,A339,PKGHI,GIA,GIA320,GIA325,18/17:43,18/17:47,18/19:05,18/19:24,1:18:00,CGK,CGK,005,10,1,1,NML,7,2025
2460.,A320,PKGQP,CTV,CTV172,CTV173,18/18:02,18/18:06,18/18:57,18/19:15,0:51:00,HLP,HLP,004,10,1,1,NML,7,2025
2461.,B738MAX,9VMBE,SIA,SIA928,SIA929,18/21:34,18/21:41,18/22:25,18/22:40,0:44:00,SIN,SIN,A03,10,1,1,NML,7,2025
2462.,A320,PKLUV,BTK,BTK6578,BTK7579,18/19:21,18/19:25,18/20:10,18/20:23,0:45:00,CGK,CGK,009,10,1,1,NML,7,2025
2463.,A320,PKGQA,CTV,CTV949,CTV494,18/18:27,18/18:30,18/19:26,18/19:38,0:56:00,BTH,BDJ,008,10,1,1,NML,7,2025
2464.,A320,PKGLU,CTV,CTV736,CTV352,18/18:30,18/18:34,18/19:21,18/19:34,0:47:00,CGK,UPG,006,10,1,1,NML,7,2025
2465.,B788,9VOFH,TGW,TGW266,TGW267,18/18:37,18/18:42,18/19:53,18/20:06,1:11:00,SIN,SIN,A07,10,1,1,NML,7,2025
2466.,A320,PKBLC,BTK,BTK6576,BTK6575,18/18:47,18/18:51,18/20:11,18/20:21,1:20:00,CGK,CGK,15B,10,0,0,NML,7,2025
2467.,B739,PKLHP,LNI,LNI972,LNI880,18/17:39,18/17:43,18/19:49,18/19:59,2:06:00,BTH,UPG,17A,10,0,0,NML,7,2025
2468.,A320,PKLUU,BTK,BTK7519,BTK7518,18/19:32,18/19:35,18/20:36,18/20:41,1:01:00,HLP,HLP,17B,10,0,0,NML,7,2025
2469.,B738,PKGMW,GIA,GIA326,GIA3354,18/19:17,18/19:21,18/20:18,18/20:31,0:57:00,CGK,HLP,005,10,1,1,NML,7,2025
2470.,B738,PKGFR,GIA,GIA3304,GIA319,18/18:53,18/18:56,18/20:07,18/20:19,1:11:00,HLP,CGK,003,10,0,0,NML,7,2025
2471.,A320,PKGLV,CTV,CTV435,CTV737,18/19:11,18/19:22,18/20:30,18/20:35,1:08:00,BPN,CGK,021,10,0,0,NML,7,2025
2472.,B738,PKCRH,SJY,SJY567,SJY562,18/19:36,18/19:40,18/21:17,18/21:32,1:37:00,UPG,UPG,012,10,1,1,NML,7,2025
2473.,B738,PKLDK,BTK,BTK6586,BTK6587,18/21:01,18/21:05,18/21:53,18/22:04,0:48:00,CGK,CGK,009,10,1,1,NML,7,2025
2474.,A320,PKGQK,CTV,CTV724,CTV354,18/19:52,18/19:56,18/20:34,18/20:48,0:38:00,CGK,UPG,008,10,1,1,NML,7,2025
2475.,A320,PKGLE,CTV,CTV489,CTV693,18/20:50,18/20:52,18/21:32,18/21:43,0:40:00,BDJ,DPS,005,10,1,1,NML,7,2025
2476.,A320,PKBKY,BTK,-,BTK6136,--:--,--:--,--:--,--:--,None,-,UPG,None,10,-1,-,NML,7,2025
2477.,A339,PKGHH,GIA,GIA973,GIA974,18/16:40,18/16:47,19/02:54,19/03:08,10:07:00,MED,JED,A06,28,1,1,NML,7,2025
2478.,A320,PKLUG,BTK,BTK6588,BTK6136P,18/21:19,18/21:25,19/05:19,19/05:28,7:54:00,CGK,UPG,014,28,1,1,NML,7,2025
2479.,A320,PKSGC,SJV,SJV673,SJV610,18/20:25,18/20:31,19/05:02,19/05:15,8:31:00,BEJ,BPN,026,28,0,0,NML,7,2025
2480.,A320,PKBKF,BTK,BTK6594,BTK7508,18/22:37,18/22:42,19/05:02,19/05:11,6:20:00,CGK,HLP,012,28,1,1,NML,7,2025
2481.,A320,PKAZN,AWQ,AWQ327,AWQ320,18/23:35,18/23:40,19/05:02,19/05:13,5:22:00,KUL,KUL,C01,28,0,0,NML,7,2025
2482.,A320,PKGLY,CTV,CTV726,CTV430,18/21:52,18/21:56,19/04:57,19/05:09,7:01:00,CGK,BPN,008,28,1,1,NML,7,2025
2483.,B739,PKLHR,LNI,LNI865,LNI786,18/18:50,18/18:54,19/05:10,19/05:17,10:16:00,LOP,UPG,023,28,0,0,NML,7,2025
2484.,B738,PKGNA,GIA,GIA324,GIA301,18/22:09,18/22:13,19/05:19,19/05:27,7:06:00,CGK,CGK,005,28,1,1,NML,7,2025
2485.,A320,PKBKP,BTK,BTK6413,BTK6132,18/20:11,18/20:15,19/05:23,19/05:32,9:08:00,DPS,LOP,018,28,0,0,NML,7,2025
2486.,B738,PKLQY,LNI,LNI983,LNI868,18/21:22,18/21:28,19/05:42,19/05:51,8:13:05,PKU,TTE,17A,28,0,0,NML,7,2025
2487.,B739,PKLGY,LNI,LNI690,LNI690,19/05:07,19/05:13,19/06:04,19/06:19,0:51:00,CGK,KOE,012,28,1,1,NML,7,2025
2488.,A320,PKGLX,CTV,CTV353,CTV670,19/05:03,19/05:11,19/05:48,19/05:59,0:36:43,UPG,LOP,008,28,1,1,NML,7,2025
2489.,A320,PKGQG,CTV,CTV9695,CTV725,18/19:44,18/19:48,19/05:54,19/06:01,10:06:00,DPS,CGK,006,28,1,1,NML,7,2025
2490.,A320,PKSAU,SJV,SJV635,SJV706,18/09:57,18/10:02,19/06:02,19/06:17,20:00:00,BDJ,DPS,020,28,0,0,NML,7,2025
2491.,A320,V8RBA,RBA,RBA795,RBA796,18/21:24,18/21:30,19/05:56,19/06:15,8:26:00,BWN,BWN,A07,28,1,1,NML,7,2025
2492.,A320,PKSAW,SJV,SJV619,SJV640,18/20:56,18/21:00,19/05:56,19/06:10,8:56:00,BPN,AAP,016,28,1,1,NML,7,2025
2493.,A320,PKLUP,BTK,BTK6406,BTK6589,18/16:32,18/16:35,19/06:08,19/06:23,13:33:00,CGK,CGK,022,28,0,0,NML,7,2025
2494.,A320,PKAXY,AWQ,AWQ325,AWQ386,18/19:13,18/19:19,19/05:57,19/06:21,10:38:00,KUL,PEN,A01,28,1,1,NML,7,2025
2495.,A320,PKPWN,PAS,PAS202,PAS213,18/18:55,18/19:00,19/05:57,19/06:08,10:57:00,CGK,CGK,004,28,1,1,NML,7,2025
2496.,A320,PKBKY,BTK,BTK6137,BTK6412,18/22:25,18/22:28,19/06:31,19/06:40,8:03:00,UPG,DPS,009,28,1,1,NML,7,2025
2497.,B733,PKMYJ,MYU,MYU935,MYU934,18/09:13,18/09:18,19/06:31,19/06:41,21:13:00,SRG,SIN,C02,28,0,0,NML,7,2025
2498.,B738MAX,PKOFM,AFE,AFE921,AFE921,19/06:07,19/06:13,19/07:02,19/07:12,0:49:00,CGK,TIM,005,28,1,1,NML,7,2025
2499.,A320,PKSJI,SJV,SJV717,SJV566,19/05:56,19/06:03,19/06:55,19/07:05,0:52:00,LOP,PLW,018,28,0,0,NML,7,2025
2500.,A320,PKLUQ,BTK,BTK7521,BTK6135,18/21:30,18/21:40,19/07:46,19/07:58,10:06:00,HLP,PKN,015,10,1,1,NML,7,2025
2501.,B739,PKLHI,LNI,LNI311,LNI971,19/06:13,19/06:18,19/07:08,19/07:17,0:50:00,BDJ,BTH,014,28,1,1,NML,7,2025
2502.,B738,PKGMX,GIA,GIA349,GIA305,18/17:25,18/17:29,19/07:00,19/07:08,13:31:00,DPS,CGK,007,28,1,1,NML,7,2025
2503.,B738,PKGMV,GIA,GIA855,GIA854,18/20:38,18/20:43,19/06:57,19/07:15,10:14:00,SIN,SIN,A02,28,1,1,NML,7,2025
2504.,B739,PKLSY,LNI,LNI885P,LNI646,19/06:28,19/06:33,19/07:23,19/07:33,0:50:00,UPG,LOP,016,28,1,1,NML,7,2025
2505.,A320,PKLUK,BTK,BTK7511,BTK7510,19/06:38,19/06:43,19/07:28,19/07:35,0:45:00,HLP,HLP,009,28,1,1,NML,7,2025
2506.,B739,PKLHQ,LNI,LNI693,LNI693,19/06:45,19/06:50,19/07:41,19/07:50,0:51:00,KOE,CGK,012,10,1,1,NML,7,2025
2507.,A320,PKGLG,CTV,CTV690,CTV460,19/06:54,19/07:00,19/07:40,19/07:49,0:40:00,DPS,AAP,006,10,1,1,NML,7,2025
2508.,B739,PKLJI,LNI,LNI709,LNI982,18/20:46,18/20:52,19/07:57,19/08:09,11:05:00,UPG,PKU,025,10,0,0,NML,7,2025
2509.,A21N,B32M3,CSN,CSN8137,CSN8138,18/23:24,18/23:31,19/07:53,19/08:03,8:22:00,CAN,CAN,A03,10,1,1,NML,7,2025
2510.,A339,PKLER,LNI,LNI101,LNI102,18/16:55,18/17:03,19/08:07,19/08:22,15:04:00,JED,JED,A05,10,1,1,NML,7,2025
2511.,B739,PKLHO,LNI,LNI929,LNI990,19/06:48,19/06:54,19/08:27,19/08:36,1:33:00,DPS,DPS,17A,10,0,0,NML,7,2025
"2512.,DHC6,PKICP,PGT,PKICP,PKICP,17/11:05,17/11:05,19/07:47,19/07:52,""1 day, 20:42:00"",PAG,PAG,028,10,0,0,NML,7,2025"
2513.,A320,PKBKU,BTK,BTK6572,BTK6573,19/07:41,19/07:49,19/08:46,19/08:53,0:57:00,CGK,CGK,009,10,1,1,NML,7,2025
2514.,B739,PKLSP,LNI,LNI315,LNI222,19/08:00,19/08:04,19/08:54,19/09:05,0:50:00,BDJ,BDJ,014,10,1,1,NML,7,2025
2515.,B738,PKLOP,LNI,LNI837,LNI748,19/07:56,19/08:00,19/09:01,19/09:12,1:01:00,PNK,MDC,015,10,1,1,NML,7,2025
2516.,A320,PKBKP,BTK,BTK6133,BTK6391,19/08:06,19/08:11,19/08:48,19/09:03,0:37:00,LOP,CGK,008,10,1,1,NML,7,2025
"2517.,B739,PKLHJ,LNI,LNI694,LNI856,17/10:19,19/02:00,19/09:34,19/09:47,""1 day, 23:10:00"",CGK,PLM,024,10,0,1,NML,7,2025"
2518.,A320,9VJSM,JSA,JSA249,JSA250,19/08:20,19/08:25,19/09:10,19/09:23,0:45:00,SIN,SIN,A02,10,1,1,NML,7,2025
2519.,A333,BLBF,CPA,CPA779,CPA780,18/18:59,18/19:07,19/09:07,19/09:29,14:00:00,HKG,HKG,A08,10,1,1,NML,7,2025
2520.,B738,PKGMC,GIA,GIA304,GIA342,19/08:23,19/08:25,19/09:21,19/09:36,0:56:00,CGK,DPS,004,10,1,1,NML,7,2025
2521.,A320,PKPWK,PAS,PAS200,PAS201,19/08:12,19/08:16,19/09:13,19/09:32,0:57:00,CGK,CGK,005,10,1,1,NML,7,2025
2522.,A320,PKSGC,SJV,SJV649,SJV618,19/08:50,19/08:55,19/09:41,19/09:52,0:46:00,BPN,BPN,009,10,1,1,NML,7,2025
2523.,A320,PKGLX,CTV,CTV671,CTV486,19/08:16,19/08:20,19/09:18,19/09:34,0:58:00,LOP,BDJ,007,10,1,1,NML,7,2025
2524.,B429,P3201,POL,P3201,P3201,19/08:47,19/08:50,19/09:27,19/09:29,0:37:00,ZPL,ZPL,H05,10,0,0,NML,7,2025
2525.,B738,PKLZO,MXD,MXD352,MXD353,18/19:39,18/19:45,19/09:56,19/10:04,14:11:00,KUL,KUL,A04,10,1,1,NML,7,2025
2526.,B738MAX,9MMVA,MAS,MAS871,MAS870,19/08:46,19/08:53,19/09:45,19/09:56,0:52:00,KUL,KUL,A03,10,1,1,NML,7,2025
2527.,A359,9VSHV,SIA,SIA922,SIA923,19/09:10,19/09:18,19/10:16,19/10:34,0:58:00,SIN,SIN,A07,10,1,1,NML,7,2025
2528.,A320,PKLUP,BTK,BTK6584,BTK6585,19/09:45,19/09:49,19/10:32,19/10:44,0:43:00,CGK,CGK,014,10,1,1,NML,7,2025
2529.,A320,PKGLE,CTV,CTV351,CTV350,19/09:26,19/09:30,19/10:16,19/10:32,0:46:00,UPG,UPG,006,10,1,1,NML,7,2025
2530.,B739,PKLSO,LNI,LNI267,LNI706,19/12:22,19/12:28,19/13:31,19/13:53,1:03:41,TRK,UPG,010,10,1,1,NML,7,2025
2531.,A320,PKSAU,SJV,SJV703,SJV632,19/08:42,19/08:46,19/10:23,19/10:36,1:37:00,DPS,BDJ,010,10,1,1,NML,7,2025
2532.,IL76,4KAZ101,7L,AZQ9991,AZQ9992,18/20:43,18/20:50,19/10:49,19/11:10,13:59:00,CGK,SYD,A13,10,0,0,NML,7,2025
2533.,B739,PKLSP,LNI,LNI223,LNI262,19/12:02,19/12:06,19/12:47,19/13:01,0:41:00,BDJ,BPN,015,10,1,1,NML,7,2025
2534.,A20N,9VTNF,TGW,TGW296,TGW297,19/09:41,19/09:48,19/10:39,19/10:50,0:51:00,SIN,SIN,A02,10,1,1,NML,7,2025
2535.,A320,PKLAJ,BTK,BTK7513,BTK7516,19/09:50,19/09:54,19/10:38,19/10:58,0:44:00,HLP,HLP,008,10,1,1,NML,7,2025
2536.,A320,PKLUQ,BTK,BTK6134,BTK6346,19/10:22,19/10:26,19/11:31,19/11:39,1:05:00,PKN,BEJ,010,10,1,1,NML,7,2025
2537.,B739,PKLGL,LNI,LNI970,LNI973,19/10:12,19/10:16,19/11:15,19/11:26,0:59:00,BTH,BTH,012,10,1,1,NML,7,2025
2538.,A320,PKSJA,SJV,SJV615,SJV642,18/21:38,18/21:43,19/11:47,19/11:58,14:04:00,BPN,AAP,17B,10,0,0,NML,7,2025
2539.,B739,PKLSY,LNI,LNI645,LNI822,19/10:19,19/10:23,19/11:20,19/11:28,0:57:00,LOP,LOP,018,10,0,0,NML,7,2025
2540.,B739,PKLGY,LNI,LNI697,LNI697,19/10:48,19/10:52,19/12:07,19/12:28,1:15:00,KOE,CGK,016,10,1,1,NML,7,2025
2541.,B739,PKLHM,LNI,LNI694,LNI694,19/10:15,19/10:20,19/11:23,19/11:37,1:03:00,CGK,KOE,020,10,0,0,NML,7,2025
2542.,B739,PKLQT,LNI,LNI683,LNI682,19/10:26,19/10:31,19/11:21,19/11:32,0:50:00,PKY,PKY,015,10,1,1,NML,7,2025
2543.,A320,PKAZN,AWQ,AWQ321,AWQ322,19/11:43,19/11:48,19/12:23,19/12:31,0:35:00,KUL,KUL,A03,10,1,1,NML,7,2025
2544.,B738,PKGFV,GIA,GIA322,GIA327,19/10:30,19/10:33,19/11:34,19/11:48,1:01:00,CGK,CGK,004,10,1,1,NML,7,2025
2545.,A320,PKBLB,BTK,BTK7517,BTK7520,19/10:42,19/10:46,19/11:43,19/11:53,0:57:00,HLP,HLP,009,10,1,1,NML,7,2025
2546.,DHC6,PKICP,PGT,PKICP,PKICP,19/11:03,19/11:06,19/11:23,19/11:29,0:17:00,PAG,SUB,028,10,0,0,NML,7,2025
2547.,B739,PKLHO,LNI,LNI805,LNI804,19/11:10,19/11:14,19/12:04,19/12:24,0:50:00,DPS,DPS,014,10,1,1,NML,7,2025
2548.,A320,PKGLG,CTV,CTV461,CTV698,19/11:14,19/11:17,19/12:07,19/12:17,0:50:00,AAP,DPS,006,10,1,1,NML,7,2025
"2549.,A339,PKLES,LNI,LNI105,LNI104,16/12:41,19/07:18,19/12:06,19/12:19,""2 days, 23:20:00"",JED,JED,A06,10,1,1,NML,7,2025"
2550.,A320,PKSJI,SJV,SJV567,SJV636,19/11:18,19/11:21,19/12:28,19/12:42,1:07:00,PLW,BDJ,008,10,1,1,NML,7,2025
2551.,B739,PKLQY,LNI,LNI869,LNI722,19/11:55,19/12:00,19/13:15,19/13:28,1:15:00,TTE,KDI,012,10,1,1,NML,7,2025
2552.,B739,PKLFF,LNI,LNI801,LNI780,19/12:26,19/12:29,19/13:29,19/13:45,1:00:36,UPG,UPG,016,10,1,1,NML,7,2025
2553.,A320,PKBKU,BTK,BTK6582,BTK6581,19/12:07,19/12:10,19/13:41,19/14:00,1:31:49,CGK,CGK,009,10,1,1,NML,7,2025
2554.,A320,PKSAW,SJV,SJV641,SJV362,19/09:37,19/09:41,19/13:28,19/13:57,3:47:22,AAP,KNO,17A,10,0,0,NML,7,2025
2555.,B739,PKLHR,LNI,LNI787,LNI680,19/13:37,19/13:41,19/14:26,19/14:38,0:45:02,UPG,PKY,015,10,1,1,NML,7,2025
2556.,A320,PKAXY,AWQ,AWQ387,AWQ324,19/12:43,19/12:48,19/13:30,19/13:49,0:42:52,PEN,KUL,A03,10,1,1,NML,7,2025
2557.,A320,PKPWG,PAS,PAS204,PAS205,19/11:51,19/11:54,19/13:14,19/13:26,1:20:00,CGK,CGK,005,10,1,1,NML,7,2025
2558.,B735,PKNAT,LKN,LKN671,LKN670,19/16:30,19/16:35,19/17:14,19/17:27,0:39:00,TMC,TMC,009,10,1,1,NML,7,2025
2559.,A320,PKGLX,CTV,CTV487,CTV668,19/12:11,19/12:15,19/13:25,19/13:42,1:10:00,BDJ,DPS,007,10,1,1,NML,7,2025
2560.,A320,PKLAM,BTK,BTK6596,BTK6595,19/13:40,19/13:45,19/14:34,19/14:47,0:49:14,CGK,CGK,008,10,1,1,NML,7,2025
2561.,A320,PKSAA,SJV,SJV363,SJV726,19/12:15,19/12:18,19/15:16,19/15:28,2:58:00,KNO,LBJ,018,10,0,0,NML,7,2025
2562.,B738,PKLOH,LNI,LNI839,LNI836,19/13:33,19/13:38,19/14:24,19/14:36,0:46:00,PNK,PNK,014,10,1,1,NML,7,2025
2563.,A320,PKGLY,CTV,CTV431,CTV948,19/14:01,19/14:03,19/14:44,19/14:57,0:41:00,BPN,BTH,006,10,1,1,NML,7,2025
2564.,B739,PKLHJ,LNI,LNI857,LNI910,19/13:55,19/13:59,19/14:59,19/15:10,1:00:38,PLM,DPS,012,10,1,1,NML,7,2025
2565.,B738,PKGUG,GIA,GIA312,GIA317,19/13:58,19/14:00,19/14:59,19/15:13,0:59:00,CGK,CGK,004,10,1,1,NML,7,2025
2566.,A320,PKLUS,BTK,BTK7515,BTK7514,19/14:05,19/14:07,19/14:52,19/15:03,0:45:00,HLP,HLP,009,10,1,1,NML,7,2025
2567.,B738,PKGMW,GIA,GIA330,GIA331,19/14:13,19/14:15,19/15:22,19/15:33,1:07:26,HLP,HLP,005,10,1,1,NML,7,2025
2568.,A320,PKSJA,SJV,SJV643,SJV614,19/15:26,19/15:28,19/16:18,19/16:28,0:50:00,AAP,BPN,015,10,1,1,NML,7,2025
2569.,B739,PKLHO,LNI,LNI919,LNI920,19/15:01,19/15:05,19/16:01,19/16:11,0:56:31,DPS,DPS,014,10,1,1,NML,7,2025
2570.,A320,PKGLG,CTV,CTV699,CTV434,19/14:45,19/14:49,19/15:26,19/15:42,0:37:00,DPS,BPN,007,10,1,1,NML,7,2025
2571.,B738MAX,9MMVE,MAS,MAS873,MAS872,19/14:40,19/14:45,19/15:41,19/15:53,0:56:00,KUL,KUL,A06,10,1,1,NML,7,2025
2572.,A320,PKLUQ,BTK,BTK6347,BTK7512,19/16:05,19/16:09,19/17:04,19/17:16,0:55:00,BEJ,HLP,010,10,1,1,NML,7,2025
2573.,A320,PKBLB,BTK,BTK7501,BTK6401,19/15:23,19/15:27,19/16:09,19/16:18,0:42:00,HLP,CGK,008,10,1,1,NML,7,2025
2574.,B739,PKLHS,LNI,LNI367,LNI316,19/12:40,19/12:44,19/18:02,19/18:11,5:18:00,BPN,BDJ,020,10,0,0,NML,7,2025
2575.,B738MAX,PKOFI,AFE,AFE920,AFE920,19/15:35,19/15:40,19/16:23,19/16:29,0:43:47,TIM,CGK,005,10,1,1,NML,7,2025
2576.,B738,PKGUI,GIA,GIA310,GIA315,19/15:17,19/15:21,19/16:27,19/16:39,1:06:46,CGK,CGK,004,10,1,1,NML,7,2025
2577.,A320,PKSJI,SJV,SJV637,SJV648,19/15:39,19/15:43,19/16:29,19/16:37,0:46:00,BDJ,BPN,012,10,1,1,NML,7,2025
2578.,B739,PKLSY,LNI,LNI823,LNI268,19/14:09,19/14:14,19/16:45,19/16:54,2:31:23,LOP,TRK,022,10,0,0,NML,7,2025
2579.,A320,PKPWN,PAS,PAS206,PAS623,19/15:47,19/15:50,19/16:32,19/16:44,0:42:46,CGK,BPN,006,10,1,1,NML,7,2025
2580.,B739,PKLHL,LNI,LNI692,LNI692,19/16:49,19/16:53,19/17:50,19/18:06,0:57:00,CGK,KOE,012,10,1,1,NML,7,2025
2581.,B739,PKLSO,LNI,LNI707,LNI226,19/17:28,19/17:34,19/18:25,19/18:37,0:51:13,UPG,BDJ,015,10,1,1,NML,7,2025
2582.,A320,PKBKV,BTK,BTK6578,BTK7579,19/16:57,19/17:02,19/17:50,19/18:02,0:48:00,CGK,CGK,016,10,1,1,NML,7,2025
2583.,A320,PKAZN,AWQ,AWQ323,AWQ326,19/18:07,19/18:15,19/18:51,19/18:59,0:36:12,KUL,KUL,A03,10,1,1,NML,7,2025
2584.,B738,PKLOP,LNI,LNI749,LNI838,19/15:07,19/15:10,19/17:55,19/18:09,2:45:00,MDC,PNK,023,10,0,0,NML,7,2025
2585.,B739,PKLHI,LNI,LNI972,LNI581,19/17:00,19/17:05,19/19:33,19/19:40,2:28:00,BTH,CGK,014,10,1,1,NML,7,2025
2586.,A320,PKPWH,PAS,PAS622,PAS207,19/17:05,19/17:08,19/18:11,19/18:25,1:03:09,BPN,CGK,005,10,1,1,NML,7,2025
2587.,B738,PKGMC,GIA,GIA349,GIA313,19/17:25,19/17:29,19/18:28,19/18:44,0:59:35,DPS,CGK,004,10,1,1,NML,7,2025
2588.,A320,PKSAA,SJV,SJV725,SJV716,19/18:46,19/18:50,19/19:47,19/19:56,0:57:11,LBJ,LOP,010,10,1,1,NML,7,2025
2589.,A320,PKLUF,BTK,BTK7503,BTK7502,19/17:36,19/17:40,19/18:33,19/18:49,0:53:59,HLP,HLP,008,10,1,1,NML,7,2025
2590.,B733,PKMYJ,MYU,MYU935,MYU815,19/13:50,19/13:55,19/14:35,19/14:41,0:40:00,SRG,CGK,C02,10,0,0,NML,7,2025
2591.,B738,PKGNN,GIA,GIA320,GIA325,19/17:31,19/17:34,19/18:56,19/19:09,1:22:44,CGK,CGK,006,10,1,1,NML,7,2025
2592.,A320,PKGQP,CTV,CTV172,CTV173,19/17:59,19/18:03,19/18:52,19/19:03,0:49:16,HLP,HLP,007,10,1,1,NML,7,2025
2593.,B738MAX,9VMBD,SIA,SIA928,SIA929,19/18:13,19/18:19,19/19:08,19/19:22,0:49:00,SIN,SIN,A07,10,1,1,NML,7,2025
2594.,A320,PKGQG,CTV,CTV949,CTV494,19/18:28,19/18:31,19/19:16,19/19:26,0:45:00,BTH,BDJ,005,10,1,1,NML,7,2025
2595.,A320,PKGQA,CTV,CTV736,CTV352,19/18:35,19/18:39,19/19:24,19/19:36,0:45:10,CGK,UPG,009,10,1,1,NML,7,2025
2596.,B739,PKLHM,LNI,LNI695,LNI880,19/16:01,19/16:07,19/20:06,19/20:16,3:58:28,KOE,UPG,025,10,0,0,NML,7,2025
2597.,B738,PKGMW,GIA,GIA3304,GIA3354,19/18:38,19/18:42,19/19:49,19/20:04,1:07:00,CGK,HLP,004,10,1,1,NML,7,2025
2598.,A320,PKLUS,BTK,BTK7519,BTK7518,19/19:01,19/19:05,19/19:55,19/20:06,0:50:00,HLP,HLP,012,10,1,1,NML,7,2025
2599.,B738,PKGUH,GIA,GIA326,GIA319,19/19:05,19/19:09,19/20:04,19/20:18,0:55:00,CGK,CGK,006,10,1,1,NML,7,2025
2600.,B738,PKCRH,SJY,SJY567,SJY562,19/19:29,19/19:34,19/20:12,19/20:27,0:38:00,UPG,UPG,009,10,1,1,NML,7,2025
2601.,B738,PKLBW,BTK,BTK6586,BTK6587,19/19:19,19/19:23,19/20:30,19/20:42,1:07:00,CGK,CGK,007,10,1,1,NML,7,2025
2602.,A320,PKGLE,CTV,CTV489,CTV693,19/20:39,19/20:43,19/21:15,19/21:33,0:32:00,BDJ,DPS,007,10,1,1,NML,7,2025
2603.,A320,PKGQQ,CTV,CTV724,CTV354,19/20:13,19/20:17,19/21:11,19/21:22,0:54:00,CGK,UPG,006,10,1,1,NML,7,2025
2604.,A320,PKLUI,BTK,BTK6137,BTK6136,19/20:02,19/20:06,19/22:02,19/22:12,1:56:00,UPG,UPG,010,10,1,1,NML,7,2025
2605.,A320,PKSAU,SJV,SJV633,SJV610,19/13:43,19/13:45,20/05:02,20/05:10,15:16:21,BDJ,BPN,021,28,0,0,NML,7,2025
2606.,A320,PKAXY,AWQ,AWQ325,AWQ320,19/19:32,19/19:36,20/05:01,20/05:12,9:25:00,KUL,KUL,A01,28,1,1,NML,7,2025
2607.,B739,PKLQT,LNI,LNI681,LNI878,19/18:23,19/18:28,20/05:14,20/05:23,10:45:41,PKY,AMQ,022,28,0,0,NML,7,2025
2608.,A320,PKBKU,BTK,BTK6406,BTK7508,19/17:22,19/17:25,20/05:06,20/05:19,11:41:00,CGK,HLP,026,28,0,0,NML,7,2025
2609.,B739,PKLGJ,LNI,LNI885,LNI786,19/20:28,19/20:33,20/04:59,20/05:09,8:26:00,UPG,UPG,012,28,1,1,NML,7,2025
2610.,A320,PKGLI,CTV,CTV726,CTV430,19/21:30,19/21:35,20/05:06,20/05:14,7:31:00,CGK,BPN,009,28,1,1,NML,7,2025
2611.,A320,PKBKJ,BTK,BTK7521,BTK6132,19/20:54,19/20:59,20/05:19,20/05:30,8:20:00,HLP,LOP,025,28,0,0,NML,7,2025
2612.,A320,PKLUY,BTK,BTK6576,BTK6589,19/18:19,19/18:23,20/05:39,20/05:52,11:15:15,CGK,CGK,018,28,0,0,NML,7,2025
2613.,A339,PKGHH,GIA,GIA975,GIA974,20/02:32,20/02:36,20/05:22,20/05:38,2:46:00,JED,JED,A07,28,1,1,NML,7,2025
2614.,B739,PKLHY,LNI,LNI690,LNI690,20/05:04,20/05:10,20/06:07,20/06:19,0:57:00,CGK,KOE,011,28,1,1,NML,7,2025
2615.,A320,PKGLG,CTV,CTV435,CTV725,19/19:15,19/19:19,20/05:46,20/05:55,10:27:00,BPN,CGK,005,28,1,1,NML,7,2025
2616.,A320,PKGQQ,CTV,CTV353,CTV670,20/05:06,20/05:13,20/05:51,20/05:59,0:38:00,UPG,LOP,009,28,1,1,NML,7,2025
2617.,B739,PKLJI,LNI,LNI983,LNI882,19/19:11,19/19:14,20/06:00,20/06:08,10:46:00,PKU,UPG,020,28,0,0,NML,7,2025
2618.,A320,PKSJC,SJV,SJV619,SJV640,19/18:04,19/18:11,20/06:05,20/06:16,11:53:31,BPN,AAP,024,28,0,0,NML,7,2025
2619.,A320,PKPWF,PAS,PAS202,PAS213,19/18:52,19/18:56,20/05:56,20/06:06,11:00:00,CGK,CGK,008,28,1,1,NML,7,2025
2620.,A320,PKLUG,BTK,BTK6588,BTK6412,19/22:05,19/22:09,20/06:43,20/06:55,8:34:00,CGK,DPS,007,28,1,1,NML,7,2025
2621.,A320,PKSJZ,SJV,SJV717,SJV706,20/06:44,20/06:50,20/07:47,20/07:55,0:57:00,LOP,DPS,010,28,1,1,NML,7,2025
2622.,A320,PKSGC,SJV,SJV615,SJV566,19/20:25,19/20:31,20/07:58,20/08:11,11:27:00,BPN,PLW,016,28,1,1,NML,7,2025
2623.,A320,PKBKY,BTK,BTK6413,BTK6135,19/19:50,19/19:55,20/07:15,20/07:29,11:19:42,DPS,PKN,15A,28,0,0,NML,7,2025
2624.,B738,PKGMF,GIA,GIA324,GIA305,19/21:27,19/21:31,20/06:57,20/07:05,9:26:00,CGK,CGK,006,28,1,1,NML,7,2025
2625.,B738,PKGFG,GIA,GIA328,GIA854,19/19:57,19/22:50,20/06:57,20/07:10,10:56:00,CGK,SIN,A02,28,1,1,NML,7,2025
2626.,B739,PKLHJ,LNI,LNI923,LNI646,19/17:54,19/17:58,20/07:09,20/07:18,13:11:00,DPS,LOP,017,28,1,1,NML,7,2025
2627.,A320,PKLUR,BTK,BTK7511,BTK7510,20/06:34,20/06:39,20/07:19,20/07:29,0:40:00,HLP,HLP,008,28,1,1,NML,7,2025
2628.,A320,PKAZN,AWQ,AWQ327,AWQ392,20/05:00,20/05:04,20/07:24,20/07:35,2:20:00,KUL,JHB,A04,28,1,1,NML,7,2025
2629.,B739,PKLHL,LNI,LNI693,LNI693,20/06:50,20/06:55,20/07:40,20/07:50,0:45:00,KOE,CGK,011,28,1,1,NML,7,2025
2630.,A320,PKGQL,CTV,CTV690,CTV460,20/07:11,20/07:18,20/07:51,20/08:00,0:33:27,DPS,AAP,005,28,1,1,NML,7,2025
2631.,B739,PKLSY,LNI,LNI267,LNI990,20/07:16,20/07:22,20/08:21,20/08:31,0:59:00,TRK,DPS,012,28,1,1,NML,7,2025
2632.,B738,PKGMV,GIA,GIA855,GIA323,19/21:12,19/22:43,20/08:28,20/08:37,11:09:00,SIN,CGK,004,28,1,1,NML,7,2025
2633.,B738,PKLBK,MXD,MXD352,MXD353,19/19:54,19/20:00,20/08:55,20/09:09,12:55:00,KUL,KUL,A03,28,1,1,NML,7,2025
2634.,A320,PKBKJ,BTK,BTK6133,BTK6391,20/07:53,20/07:56,20/08:48,20/08:55,0:52:00,LOP,CGK,008,28,1,1,NML,7,2025
2635.,B738,PKLOP,LNI,LNI837,LNI868,20/07:57,20/08:02,20/08:58,20/09:10,0:55:46,PNK,TTE,018,28,0,0,NML,7,2025
2636.,B739,PKLQY,LNI,LNI727,LNI748,19/18:31,19/18:36,20/09:08,20/09:19,14:31:04,KDI,MDC,023,28,0,0,NML,7,2025
2637.,B739,PKLSO,LNI,LNI315,LNI222,20/09:07,20/09:11,20/09:59,20/10:08,0:48:07,BDJ,BDJ,017,10,1,1,NML,7,2025
2638.,A320,PKSJI,SJV,SJV649,SJV618,20/07:48,20/07:54,20/09:11,20/09:25,1:17:11,BPN,BPN,015,28,1,1,NML,7,2025
2639.,B738,PKLHO,LNI,LNI929,LNI856,20/06:52,20/07:00,20/08:56,20/09:03,1:56:08,DPS,PLM,014,28,1,1,NML,7,2025
2640.,A320,PKBKQ,BTK,BTK6572,BTK6573,20/08:14,20/08:20,20/09:03,20/09:14,0:43:35,CGK,CGK,009,28,1,1,NML,7,2025
2641.,B738,PKGMC,GIA,GIA304,GIA342,20/08:08,20/08:14,20/09:09,20/09:22,0:55:37,CGK,DPS,005,28,1,1,NML,7,2025
2642.,A320,PKPWK,PAS,PAS200,PAS201,20/08:17,20/08:22,20/09:12,20/09:24,0:50:00,CGK,CGK,006,28,1,1,NML,7,2025
2643.,A320,PKGQQ,CTV,CTV671,CTV486,20/08:20,20/08:27,20/09:16,20/09:27,0:48:46,LOP,BDJ,007,28,1,1,NML,7,2025
2644.,A320,PKBLB,BTK,BTK6584,BTK6585,20/09:17,20/09:22,20/10:14,20/10:25,0:52:18,CGK,CGK,010,10,1,1,NML,7,2025
2645.,B737MAX,9MMVK,MAS,MAS871,MAS870,20/09:01,20/09:05,20/10:06,20/10:18,1:01:32,KUL,KUL,A04,10,1,1,NML,7,2025
2646.,B735,PKNAT,LKN,LKN243,LKN242,20/09:35,20/09:41,20/10:25,20/10:40,0:44:00,SMQ,SMQ,012,10,1,1,NML,7,2025
2647.,A359,9VSHJ,SIA,SIA922,SIA923,20/08:57,20/09:00,20/10:03,20/10:16,1:03:00,SIN,SIN,A07,10,1,1,NML,7,2025
2648.,A320,PKSJA,SJV,SJV617,SJV632,19/19:42,20/07:36,20/10:55,20/11:05,15:08:00,BPN,BDJ,026,10,0,0,NML,7,2025
2649.,B739,PKLJI,LNI,LNI791,LNI706,20/09:20,20/09:26,20/10:33,20/10:42,1:07:18,UPG,UPG,011,10,1,1,NML,7,2025
2650.,A320,PKGLT,CTV,CTV351,CTV350,20/09:12,20/09:19,20/10:13,20/10:24,0:54:10,UPG,UPG,005,10,1,1,NML,7,2025
2651.,A320,PKGQK,CTV,CTV722,CTV723,20/09:41,20/09:47,20/10:24,20/10:39,0:37:00,CGK,CGK,007,10,1,1,NML,7,2025
2652.,B739,PKLHI,LNI,LNI694,LNI822,20/09:53,20/09:57,20/10:50,20/10:59,0:53:46,CGK,LOP,018,10,0,0,NML,7,2025
2653.,A20N,9VTNG,TGW,TGW296,TGW297,20/10:09,20/10:16,20/11:03,20/11:12,0:47:00,SIN,SIN,A02,10,1,1,NML,7,2025
2654.,B739,PKLSU,LNI,LNI367,LNI262,20/09:50,20/09:55,20/10:42,20/10:56,0:47:45,BPN,BPN,014,10,1,1,NML,7,2025
2655.,B739,PKLHJ,LNI,LNI645,LNI973,20/10:01,20/10:07,20/11:08,20/11:20,1:01:23,LOP,BTH,020,10,0,0,NML,7,2025
2656.,A320,PKLUF,BTK,BTK7513,BTK6346,20/10:06,20/10:10,20/11:08,20/11:22,0:58:00,HLP,BEJ,009,10,1,1,NML,7,2025
2657.,A320,PKBKY,BTK,BTK6134,BTK7516,20/09:56,20/10:01,20/11:00,20/11:09,0:59:00,PKN,HLP,008,10,1,1,NML,7,2025
2658.,B739,PKLHP,LNI,LNI683,LNI697,20/10:27,20/10:32,20/11:31,20/11:40,0:59:00,PKY,CGK,015,10,1,1,NML,7,2025
2659.,A320,PKAXY,AWQ,AWQ321,AWQ322,20/10:57,20/11:02,20/11:41,20/11:50,0:39:00,KUL,KUL,A01,10,1,1,NML,7,2025
2660.,B739,PKLHY,LNI,LNI697,LNI694,20/10:53,20/10:59,20/12:02,20/12:15,1:03:20,KOE,KOE,016,10,1,1,NML,7,2025
2661.,A320,PKBKU,BTK,BTK7517,BTK7520,20/10:50,20/10:54,20/11:52,20/12:02,0:58:39,HLP,HLP,010,10,1,1,NML,7,2025
2662.,B738,PKGFP,GIA,GIA322,GIA327,20/10:13,20/10:19,20/11:31,20/11:43,1:12:00,CGK,CGK,004,10,1,1,NML,7,2025
2663.,B739,PKLSY,LNI,LNI805,LNI804,20/11:18,20/11:22,20/12:24,20/12:36,1:02:00,DPS,DPS,012,10,1,1,NML,7,2025
2664.,A320,PKGQL,CTV,CTV461,CTV698,20/11:37,20/11:40,20/12:18,20/12:30,0:38:09,AAP,DPS,006,10,1,1,NML,7,2025
2665.,A320,PKLAY,BTK,BTK6582,BTK6581,20/11:55,20/12:00,20/13:16,20/13:37,1:16:00,CGK,CGK,008,10,1,1,NML,7,2025
2666.,A339,PKLER,LNI,LNI103,LNI104,20/08:24,20/08:29,20/12:06,20/12:20,3:37:58,JED,JED,A05,10,1,1,NML,7,2025
2667.,B739,PKLSO,LNI,LNI223,LNI680,20/12:50,20/12:54,20/13:45,20/13:55,0:51:00,BDJ,PKY,012,10,1,1,NML,7,2025
2668.,A320,PKSJZ,SJV,SJV703,SJV636,20/10:33,20/10:38,20/13:14,20/13:32,2:35:40,DPS,BDJ,021,10,0,0,NML,7,2025
2669.,B735,PKNAQ,LKN,LKN193,LKN192,20/11:48,20/14:15,20/20:47,20/20:57,8:56:00,PKN,PKN,023,10,0,1,NML,7,2025
2670.,A320,PKPWL,PAS,PAS204,PAS205,20/12:34,20/12:37,20/13:34,20/13:48,0:57:00,CGK,CGK,005,10,1,1,NML,7,2025
2671.,A320,PKAZN,AWQ,AWQ393,AWQ324,20/12:23,20/12:29,20/13:13,20/13:27,0:44:00,JHB,KUL,A01,10,1,1,NML,7,2025
2672.,A320,PKGQQ,CTV,CTV487,CTV668,20/12:12,20/12:16,20/13:21,20/13:46,1:05:00,BDJ,DPS,007,10,1,1,NML,7,2025
2673.,B739,PKLGU,LNI,LNI2970,LNI682,20/12:59,20/13:03,20/13:56,20/14:06,0:53:00,BTH,PKY,017,10,1,1,NML,7,2025
2674.,B739,PKLFK,LNI,LNI787,LNI722,20/14:43,20/14:46,20/15:41,20/15:52,0:55:00,UPG,KDI,014,10,1,1,NML,7,2025
2675.,B739,PKLHI,LNI,LNI823,LNI260,20/13:35,20/13:39,20/15:13,20/15:29,1:34:00,LOP,BPN,016,10,1,1,NML,7,2025
2676.,A320,PKLUV,BTK,BTK6596,BTK6595,20/15:06,20/15:11,20/16:10,20/16:21,0:59:00,CGK,CGK,009,10,1,1,NML,7,2025
2677.,A320,PKSJZ,SJV,SJV637,SJV726,20/16:49,20/16:54,20/17:44,20/17:56,0:50:00,BDJ,LBJ,009,10,1,1,NML,7,2025
"2678.,A339,PKLET,LNI,LNI101,LNI106,17/17:03,19/22:10,20/14:08,20/14:21,""2 days, 20:59:00"",JED,JED,A06,10,1,1,NML,7,2025"
2679.,A320,PKGLI,CTV,CTV431,CTV948,20/13:38,20/13:41,20/14:29,20/14:40,0:48:00,BPN,BTH,007,10,1,1,NML,7,2025
2680.,B739,PKLHO,LNI,LNI857,LNI910,20/13:30,20/13:34,20/15:19,20/15:33,1:45:00,PLM,DPS,010,10,1,1,NML,7,2025
2681.,A320,9VJSY,JSA,JSA247,JSA248,20/13:57,20/14:02,20/14:54,20/15:09,0:52:00,SIN,SIN,A03,10,1,1,NML,7,2025
2682.,B738,PKGNG,GIA,GIA312,GIA317,20/14:14,20/14:18,20/15:26,20/15:41,1:08:00,CGK,CGK,004,10,1,1,NML,7,2025
2683.,B739,PKLJI,LNI,LNI707,LNI886,20/14:18,20/14:21,20/16:22,20/16:36,2:01:00,UPG,UPG,015,10,1,1,NML,7,2025
2684.,A320,PKLUS,BTK,BTK7515,BTK7514,20/13:44,20/13:49,20/14:46,20/14:55,0:57:00,HLP,HLP,009,10,1,1,NML,7,2025
2685.,A320,PKPWG,PAS,PAS208,PAS209,20/13:52,20/13:56,20/14:59,20/15:13,1:03:00,CGK,CGK,005,10,1,1,NML,7,2025
2686.,B738,PKGMW,GIA,GIA330,GIA331,20/14:11,20/14:16,20/15:14,20/15:25,0:58:00,HLP,HLP,008,10,1,1,NML,7,2025
2687.,B739,PKLSU,LNI,LNI261,LNI642,20/14:26,20/14:31,20/15:44,20/15:58,1:13:00,BPN,LOP,018,10,0,0,NML,7,2025
2688.,B739,PKLQT,LNI,LNI879,LNI982,20/14:32,20/14:36,20/15:55,20/16:05,1:19:00,AMQ,PKU,012,10,1,1,NML,7,2025
2689.,B739,PKLSY,LNI,LNI919,LNI920,20/15:23,20/15:27,20/16:23,20/16:33,0:56:00,DPS,DPS,010,10,1,1,NML,7,2025
2690.,A320,PKGQL,CTV,CTV699,CTV434,20/15:10,20/15:13,20/15:42,20/15:54,0:29:00,DPS,BPN,005,10,1,1,NML,7,2025
2691.,A320,PKBKU,BTK,BTK7501,BTK7512,20/15:02,20/15:07,20/16:15,20/16:25,1:08:00,HLP,HLP,007,10,1,1,NML,7,2025
2692.,B738MAX,9MMVD,MAS,MAS873,MAS872,20/14:38,20/14:44,20/15:42,20/15:56,0:58:00,KUL,KUL,A06,10,1,1,NML,7,2025
2693.,B738,PKLQY,LNI,LNI749,LNI836,20/14:56,20/15:01,20/16:09,20/16:17,1:08:00,MDC,PNK,017,10,1,1,NML,7,2025
2694.,A320,PKSGC,SJV,SJV567,SJV672,20/12:20,20/12:25,20/16:09,20/16:19,3:44:00,PLW,BEJ,026,10,0,0,NML,7,2025
2695.,A320,PKLUF,BTK,BTK6347,BTK6401,20/15:44,20/15:49,20/16:48,20/16:57,0:59:00,BEJ,CGK,008,10,1,1,NML,7,2025
2696.,B739,PKLSO,LNI,LNI681,LNI316,20/16:46,20/16:50,20/17:45,20/17:58,0:55:00,PKY,BDJ,012,10,1,1,NML,7,2025
2697.,B738,PKGFP,GIA,GIA310,GIA315,20/15:27,20/15:30,20/16:31,20/16:52,1:01:00,CGK,CGK,004,10,1,1,NML,7,2025
2698.,A320,PKSJC,SJV,SJV643,SJV648,20/14:59,20/15:03,20/16:30,20/16:42,1:27:00,AAP,BPN,011,10,1,1,NML,7,2025
2699.,A320,PKPWF,PAS,PAS206,PAS623,20/15:39,20/15:41,20/16:31,20/16:44,0:50:00,CGK,BPN,006,10,1,1,NML,7,2025
2700.,B739,PKLHY,LNI,LNI695,LNI268,20/16:54,20/16:58,20/17:55,20/18:06,0:57:00,KOE,TRK,011,10,1,1,NML,7,2025
2701.,B739,PKLSR,LNI,LNI692,LNI692,20/17:16,20/17:20,20/18:04,20/18:14,0:44:00,CGK,KOE,017,10,1,1,NML,7,2025
2702.,B739,PKLHQ,LNI,LNI972,LNI2971,20/16:40,20/16:44,20/17:41,20/17:54,0:57:00,BTH,BTH,014,10,1,1,NML,7,2025
2703.,B739,PKLSU,LNI,LNI865,LNI226,20/18:35,20/18:40,20/19:39,20/19:51,0:59:00,LOP,BDJ,015,10,1,1,NML,7,2025
2704.,A320,PKAXY,AWQ,AWQ323,AWQ326,20/17:28,20/17:33,20/18:11,20/18:17,0:38:00,KUL,KUL,A01,10,1,1,NML,7,2025
2705.,B738,PKLOP,LNI,LNI869,LNI838,20/14:53,20/14:56,20/17:50,20/17:59,2:54:00,TTE,PNK,020,10,0,0,NML,7,2025
2706.,B739,PKLHO,LNI,LNI923,LNI581,20/18:03,20/18:08,20/20:45,20/20:56,2:37:00,DPS,CGK,012,10,1,1,NML,7,2025
2707.,A320,PKPWC,PAS,PAS622,PAS207,20/17:11,20/17:14,20/18:16,20/18:27,1:02:00,BPN,CGK,006,10,1,1,NML,7,2025
2708.,B738,PKGMC,GIA,GIA349,GIA313,20/17:24,20/17:27,20/18:30,20/18:44,1:03:00,DPS,CGK,004,10,1,1,NML,7,2025
2709.,A320,PKLUS,BTK,BTK7503,BTK7502,20/18:56,20/19:01,20/19:40,20/19:56,0:39:00,HLP,HLP,008,10,1,1,NML,7,2025
2710.,A320,PKSJC,SJV,SJV619,SJV716,20/20:08,20/20:12,20/21:38,20/21:47,1:26:00,BPN,LOP,15B,10,0,0,NML,7,2025
2711.,A320,PKBLD,BTK,BTK6578,BTK7579,20/19:42,20/19:48,20/20:29,20/20:41,0:41:00,CGK,CGK,011,10,1,1,NML,7,2025
2712.,B738,PKGUA,GIA,GIA320,GIA325,20/17:48,20/17:51,20/18:57,20/19:14,1:06:00,CGK,CGK,005,10,1,1,NML,7,2025
2713.,A320,PKGQP,CTV,CTV172,CTV173,20/18:46,20/18:50,20/19:23,20/19:36,0:33:00,HLP,HLP,006,10,1,1,NML,7,2025
2714.,B738MAX,9VMBI,SIA,SIA928,SIA929,20/18:11,20/18:16,20/19:11,20/19:27,0:55:00,SIN,SIN,A06,10,1,1,NML,7,2025
2715.,A320,PKGQI,CTV,CTV949,CTV494,20/18:29,20/18:33,20/19:10,20/19:22,0:37:00,BTH,BDJ,007,10,1,1,NML,7,2025
2716.,A320,PKLDK,BTK,BTK6576,BTK6575,20/20:05,20/20:09,20/20:56,20/21:05,0:47:00,CGK,CGK,008,10,1,1,NML,7,2025
2717.,B788,9VOFK,TGW,TGW266,TGW267,20/18:40,20/18:46,20/19:52,20/20:02,1:06:00,SIN,SIN,A07,10,1,1,NML,7,2025
2718.,A320,PKBKU,BTK,BTK7519,BTK7518,20/19:38,20/19:43,20/20:34,20/20:44,0:51:00,HLP,HLP,014,10,1,1,NML,7,2025
2719.,B739,PKLFK,LNI,LNI727,LNI880,20/19:54,20/19:58,20/21:22,20/21:33,1:24:00,KDI,UPG,15A,10,0,0,NML,7,2025
2720.,B738,PKGMA,GIA,GIA326,GIA3354,20/19:29,20/19:33,20/20:33,20/20:52,1:00:00,CGK,HLP,006,10,1,1,NML,7,2025
2721.,B738,PKGMW,GIA,GIA3304,GIA319,20/19:25,20/19:29,20/20:25,20/20:38,0:56:00,HLP,CGK,005,10,1,1,NML,7,2025
2722.,A320,PKGQN,CTV,CTV736,CTV352,20/19:11,20/19:16,20/20:02,20/20:17,0:46:00,CGK,UPG,009,10,1,1,NML,7,2025
2723.,A320,PKGQL,CTV,CTV435,CTV9666,20/19:15,20/19:20,20/20:18,20/20:32,0:58:00,BPN,DPS,003,10,0,0,NML,7,2025
2724.,B735,PKCRH,SJY,SJY567,SJY562,20/19:48,20/19:53,20/20:31,20/20:42,0:38:00,UPG,UPG,010,10,1,1,NML,7,2025
2725.,B738,PKLBW,BTK,BTK6586,BTK6587,20/19:34,20/19:37,20/20:28,20/20:39,0:51:00,CGK,CGK,007,10,1,1,NML,7,2025
2726.,A320,PKGQF,CTV,CTV489,CTV693,20/20:49,20/20:54,20/21:26,20/21:37,0:32:00,BDJ,DPS,007,10,1,1,NML,7,2025
2727.,A320,PKLUI,BTK,BTK6137,BTK6136,20/21:08,20/21:13,20/22:05,20/22:19,0:52:00,UPG,UPG,010,10,1,1,NML,7,2025
2728.,A320,PKGLV,CTV,CTV724,CTV354,20/21:01,20/21:05,20/21:53,20/22:05,0:48:00,CGK,UPG,006,10,1,1,NML,7,2025
2729.,B739,PKLHM,LNI,LNI709,LNI786,20/22:25,20/22:29,21/05:03,21/05:20,6:34:00,UPG,UPG,15A,28,0,0,NML,7,2025
2730.,B733F,PKMYV,MYU,MYU935,MYU815,20/12:56,20/13:01,21/05:06,21/05:20,16:05:00,SRG,CGK,C02,10,0,0,NML,7,2025
2731.,A320,PKAZN,AWQ,AWQ325,AWQ320,20/19:07,20/19:12,21/05:01,21/05:17,9:49:00,KUL,KUL,A01,28,1,1,NML,7,2025
2732.,A320,PKSGC,SJV,SJV673,SJV610,20/20:25,20/20:28,21/04:57,21/05:13,8:29:00,BEJ,BPN,021,28,0,0,NML,7,2025
2733.,A320,PKLUU,BTK,BTK7521,BTK7508,20/22:16,20/22:21,21/04:56,21/05:08,6:35:00,HLP,HLP,012,28,1,1,NML,7,2025
2734.,A320,PKGLE,CTV,CTV726,CTV430,20/21:39,20/21:43,21/05:00,21/05:14,7:17:00,CGK,BPN,008,28,1,1,NML,7,2025
2735.,B739,PKLFW,LNI,LNI885,LNI878,20/22:43,20/22:48,21/06:34,21/06:45,7:46:52,UPG,AMQ,15B,28,0,0,NML,7,2025
2736.,B738,PKGFX,GIA,GIA324,GIA301,20/21:35,20/21:39,21/05:02,21/05:16,7:23:00,CGK,CGK,005,28,1,1,NML,7,2025
2737.,A320,PKLUH,BTK,BTK6406,BTK6132,20/19:46,20/19:51,21/05:10,21/05:23,9:19:00,CGK,LOP,018,28,0,0,NML,7,2025
2738.,A320,PKLAM,BTK,BTK6594,BTK6589,20/20:45,20/20:50,21/05:40,21/05:48,8:50:00,CGK,CGK,17B,28,0,0,NML,7,2025
2739.,B739,PKLHO,LNI,LNI690,LNI690,21/05:01,21/05:06,21/05:49,21/05:57,0:43:00,CGK,KOE,011,28,1,1,NML,7,2025
2740.,A320,PKGLV,CTV,CTV353,CTV670,21/05:05,21/05:12,21/05:47,21/05:55,0:35:00,UPG,LOP,005,28,1,1,NML,7,2025
2741.,A320,PKGQL,CTV,CTV669,CTV725,20/22:50,20/22:53,21/05:50,21/05:59,6:57:00,DPS,CGK,007,28,1,1,NML,7,2025
2742.,A320,PKSJI,SJV,SJV615,SJV640,20/20:29,20/20:38,21/06:14,21/06:26,9:36:57,BPN,AAP,17A,10,0,0,NML,7,2025
2743.,A320,V8RBB,RBA,RBA795,RBA796,20/19:58,20/20:05,21/05:49,21/06:04,9:44:00,BWN,BWN,A06,10,1,1,NML,7,2025
2744.,A320,PKSJZ,SJV,SJV725,SJV706,20/21:12,20/21:16,21/05:58,21/06:10,8:42:00,LBJ,DPS,014,10,1,1,NML,7,2025
2745.,A320,PKPWJ,PAS,PAS202,PAS213,20/18:49,20/18:53,21/05:56,21/06:08,11:03:00,CGK,CGK,004,28,1,1,NML,7,2025
2746.,A320,PKBKV,BTK,BTK6413,BTK6412,20/20:20,20/20:23,21/06:23,21/06:34,10:00:50,DPS,DPS,022,10,0,0,NML,7,2025
2747.,A320,PKSJC,SJV,SJV717,SJV566,21/05:51,21/05:57,21/06:44,21/06:54,0:47:00,LOP,PLW,012,28,1,1,NML,7,2025
2748.,A320,PKBLC,BTK,BTK6370,BTK6597,21/06:02,21/06:08,21/06:56,21/07:07,0:48:34,CGK,CGK,009,28,1,1,NML,7,2025
2749.,B739,PKLSU,LNI,LNI311,LNI971,21/06:06,21/06:11,21/06:53,21/06:59,0:42:00,BDJ,BTH,014,10,1,1,NML,7,2025
2750.,A320,PKLUY,BTK,BTK6588,BTK6135,20/23:23,20/23:28,21/06:51,21/07:00,7:23:40,CGK,PKN,010,10,1,1,NML,7,2025
2751.,B738,PKGFG,GIA,GIA855,GIA854,20/20:34,20/20:41,21/06:59,21/07:12,10:18:00,SIN,SIN,A02,10,1,1,NML,7,2025
2752.,B738,PKGFR,GIA,GIA328,GIA305,20/20:15,20/22:16,21/06:56,21/07:10,10:35:00,CGK,CGK,006,28,1,1,NML,7,2025
2753.,A320,PKLAQ,BTK,BTK6572,BTK6573,21/07:22,21/07:28,21/08:18,21/08:38,0:50:00,CGK,CGK,009,28,1,1,NML,7,2025
2754.,A320,PKLUS,BTK,BTK7511,BTK7510,21/06:39,21/06:44,21/07:31,21/07:39,0:46:06,HLP,HLP,008,28,1,1,NML,7,2025
2755.,A320,PKAXY,AWQ,AWQ327,AWQ392,20/23:52,20/23:57,21/07:21,21/07:31,7:24:00,KUL,JHB,A03,28,1,1,NML,7,2025
2756.,B738,PKLOR,LNI,LNI839,LNI646,20/20:12,20/20:16,21/07:41,21/07:57,11:25:00,PNK,LOP,020,28,0,0,NML,7,2025
2757.,B739,PKLSR,LNI,LNI693,LNI693,21/06:47,21/06:53,21/07:41,21/07:50,0:48:00,KOE,CGK,011,28,1,1,NML,7,2025
2758.,B739,PKLHH,LNI,LNI929,LNI882,21/06:50,21/06:56,21/07:52,21/08:02,0:56:00,DPS,UPG,012,28,1,1,NML,7,2025
2759.,A320,PKGQG,CTV,CTV690,CTV460,21/06:56,21/07:04,21/07:39,21/07:53,0:35:00,DPS,AAP,006,28,1,1,NML,7,2025
"2760.,C208,PKVVO,SUS,PKVVO,PKVVO,18/09:52,18/09:56,21/08:15,21/08:19,""2 days, 22:19:49"",BXW,BXW,C07,28,0,0,NML,7,2025"
2761.,A21N,B30F7,CSN,CSN8137,CSN8138,20/21:50,20/21:58,21/07:47,21/08:00,9:49:00,CAN,CAN,A04,28,1,1,NML,7,2025
"2762.,A333,BHLM,CPA,CPA779,CPA780,19/17:50,19/17:56,21/08:07,21/08:33,""1 day, 14:11:00"",HKG,HKG,A08,28,1,1,NML,7,2025"
2763.,B739,PKLHY,LNI,LNI267,LNI990,21/07:02,21/07:07,21/08:21,21/08:40,1:14:33,TRK,DPS,010,28,1,1,NML,7,2025
2764.,A339,PKGHH,GIA,GIA975,GIA974,21/05:10,21/05:16,21/08:35,21/08:48,3:19:00,JED,JED,A07,10,1,1,NML,7,2025
2765.,B738,PKLZO,MXD,MXD352,MXD353,20/18:53,20/18:57,21/08:53,21/09:11,13:56:34,KUL,KUL,C01,10,0,0,NML,7,2025
2766.,B738,PKLOP,LNI,LNI837,LNI868,21/07:47,21/07:52,21/08:47,21/08:57,0:55:18,PNK,TTE,011,10,1,1,NML,7,2025
2767.,A320,PKLUH,BTK,BTK6133,BTK6391,21/07:55,21/08:02,21/08:48,21/09:01,0:46:35,LOP,CGK,008,10,1,1,NML,7,2025
2768.,B738,PKGNM,GIA,GIA304,GIA342,21/08:24,21/08:30,21/09:21,21/09:40,0:51:00,CGK,DPS,004,10,1,1,NML,7,2025
2769.,A320,PKSAZ,SJV,SJV649,SJV612,21/07:51,21/07:57,21/09:19,21/09:36,1:22:00,BPN,BPN,014,10,1,1,NML,7,2025
2770.,B739,PKLHS,LNI,LNI315,LNI222,21/08:28,21/08:32,21/09:14,21/09:30,0:41:48,BDJ,BDJ,015,10,1,1,NML,7,2025
2771.,A320,PKPWK,PAS,PAS200,PAS201,21/08:11,21/08:15,21/09:11,21/09:26,0:56:32,CGK,CGK,005,10,1,1,NML,7,2025
2772.,A320,PKGLV,CTV,CTV671,CTV486,21/08:16,21/08:23,21/09:15,21/09:33,0:52:00,LOP,BDJ,006,10,1,1,NML,7,2025
2773.,B738MAX,9MMVM,MAS,MAS871,MAS870,21/09:02,21/09:09,21/09:58,21/10:11,0:49:00,KUL,KUL,A06,10,1,1,NML,7,2025
2774.,B735,PKNAS,LKN,LKN243,LKN242,21/09:17,21/09:21,21/10:03,21/10:14,0:41:49,SMQ,SMQ,010,10,1,1,NML,7,2025
2775.,A359,9VSHC,SIA,SIA922,SIA923,21/08:59,21/09:05,21/10:10,21/10:22,1:05:22,SIN,SIN,A08,10,1,1,NML,7,2025
2776.,A320,PKSJZ,SJV,SJV703,SJV632,21/08:31,21/08:35,21/10:18,21/10:30,1:42:30,DPS,BDJ,018,10,0,0,NML,7,2025
2777.,A320,PKGLG,CTV,CTV351,CTV350,21/09:23,21/09:27,21/10:10,21/10:28,0:43:41,UPG,UPG,006,10,1,1,NML,7,2025
2778.,B739,PKLSP,LNI,LNI367,LNI748,21/09:31,21/09:35,21/10:22,21/10:34,0:46:22,BPN,MDC,016,10,1,1,NML,7,2025
2779.,A320,PKGLU,CTV,CTV722,CTV723,21/09:28,21/09:32,21/10:24,21/10:37,0:52:00,CGK,CGK,007,10,1,1,NML,7,2025
2780.,B739,PKLJI,LNI,LNI6000,LNI822,21/09:21,21/09:24,21/11:42,21/11:53,2:17:20,BDJ,LOP,017,10,1,1,NML,7,2025
2781.,A320,9VTRS,TGW,TGW296,TGW297,21/09:34,21/09:38,21/10:32,21/10:47,0:54:47,SIN,SIN,A02,10,1,1,NML,7,2025
2782.,A320,PKPWJ,PAS,PAS210,PAS211,21/09:37,21/09:39,21/10:28,21/10:43,0:49:43,CGK,CGK,005,10,1,1,NML,7,2025
2783.,A320,PKLUQ,BTK,BTK7513,BTK6346,21/09:58,21/10:01,21/11:32,21/11:47,1:30:33,HLP,BEJ,009,10,1,1,NML,7,2025
2784.,A320,PKLUY,BTK,BTK6134,BTK7516,21/09:41,21/09:45,21/10:59,21/11:13,1:14:53,PKN,HLP,008,10,1,1,NML,7,2025
2785.,A320,PKSJI,SJV,SJV641,SJV642,21/09:50,21/09:55,21/10:55,21/11:06,0:59:47,AAP,AAP,011,10,1,1,NML,7,2025
2786.,B738,PKLOR,LNI,LNI645,LNI856,21/10:45,21/10:49,21/11:43,21/11:54,0:54:00,LOP,PLM,015,10,1,1,NML,7,2025
2787.,B739,PKLSL,LNI,LNI694,LNI694,21/10:20,21/10:24,21/11:12,21/11:25,0:48:00,CGK,KOE,012,10,1,1,NML,7,2025
2788.,B739,PKLHS,LNI,LNI223,LNI262,21/12:22,21/12:26,21/13:44,21/13:54,1:18:00,BDJ,BPN,015,10,1,1,NML,7,2025
2789.,B739,PKLGU,LNI,LNI683,LNI682,21/10:31,21/10:35,21/11:24,21/11:38,0:49:00,PKY,PKY,010,10,1,1,NML,7,2025
2790.,A320,PKLUG,BTK,BTK6584,BTK6585,21/11:09,21/11:14,21/11:56,21/12:10,0:41:56,CGK,CGK,008,10,1,1,NML,7,2025
2791.,B739,PKLHO,LNI,LNI697,LNI697,21/10:24,21/10:27,21/11:27,21/11:40,1:00:00,KOE,CGK,014,10,1,1,NML,7,2025
2792.,A320,PKAZN,AWQ,AWQ321,AWQ322,21/10:48,21/10:53,21/11:26,21/11:35,0:33:00,KUL,KUL,A03,10,1,1,NML,7,2025
2793.,A320,PKLUS,BTK,BTK7517,BTK7520,21/10:40,21/10:45,21/12:34,21/12:44,1:48:26,HLP,HLP,007,10,1,1,NML,7,2025
2794.,B738,PKGFP,GIA,GIA322,GIA327,21/10:02,21/10:04,21/11:29,21/11:44,1:25:00,CGK,CGK,004,10,1,1,NML,7,2025
2795.,B738,9MLNQ,MXD,MXD350,MXD351,21/11:04,21/11:10,21/12:04,21/12:15,0:54:00,KUL,KUL,A04,10,1,1,NML,7,2025
2796.,B739,PKLHH,LNI,LNI791,LNI804,21/11:45,21/11:50,21/12:41,21/12:51,0:51:00,UPG,DPS,011,10,1,1,NML,7,2025
2797.,A320,PKGQG,CTV,CTV461,CTV698,21/11:27,21/11:34,21/12:08,21/12:24,0:34:00,AAP,DPS,006,10,1,1,NML,7,2025
2798.,A320,PKGLR,CTV,CTV9693,CTV9692,21/11:36,21/11:39,21/12:24,21/12:34,0:45:21,DPS,DPS,005,10,1,1,NML,7,2025
2799.,A320,PKSJC,SJV,SJV567,SJV636,21/11:33,21/11:37,21/13:38,21/13:49,2:01:00,PLW,BDJ,010,10,1,1,NML,7,2025
2800.,B739,PKLHY,LNI,LNI805,LNI722,21/11:22,21/11:27,21/12:29,21/12:40,1:02:00,DPS,KDI,018,10,0,0,NML,7,2025
2801.,B735,PKNAQ,LKN,LKN193,LKN192,21/11:41,21/11:44,21/12:27,21/12:37,0:43:00,PKN,PKN,009,10,1,1,NML,7,2025
2802.,B739,PKLSL,LNI,LNI695,LNI780,21/16:05,21/16:10,21/16:58,21/17:10,0:48:00,KOE,UPG,016,10,1,1,NML,7,2025
2803.,B739,PKLHM,LNI,LNI787,LNI973,21/12:13,21/12:16,21/13:16,21/13:25,1:00:00,UPG,BTH,012,10,1,1,NML,7,2025
2804.,A320,PKAXY,AWQ,AWQ393,AWQ324,21/12:42,21/12:46,21/13:27,21/13:40,0:41:00,JHB,KUL,A03,10,1,1,NML,7,2025
2805.,A320,PKGLV,CTV,CTV487,CTV668,21/12:02,21/12:05,21/13:24,21/13:34,1:19:00,BDJ,DPS,004,10,1,1,NML,7,2025
2806.,A320,PKBKM,BTK,BTK6596,BTK6595,21/13:32,21/13:35,21/14:31,21/14:43,0:56:00,CGK,CGK,008,10,1,1,NML,7,2025
2807.,B738,PKLQY,LNI,LNI839,LNI836,21/13:03,21/13:08,21/14:06,21/14:17,0:58:00,PNK,PNK,017,10,1,1,NML,7,2025
2808.,A320,PKSJZ,SJV,SJV633,SJV726,21/13:36,21/13:40,21/14:34,21/14:45,0:54:00,BDJ,LBJ,011,10,1,1,NML,7,2025
"2809.,A339,PKLES,LNI,LNI105,LNI106,20/12:17,20/12:27,21/14:07,21/14:20,""1 day, 1:40:00"",JED,JED,A05,10,1,1,NML,7,2025"
2810.,A320,PKGLE,CTV,CTV431,CTV948,21/13:38,21/13:41,21/14:47,21/15:05,1:06:00,BPN,BTH,006,10,1,1,NML,7,2025
2811.,B739,PKLJI,LNI,LNI823,LNI910,21/14:32,21/14:39,21/15:29,21/15:38,0:50:00,LOP,DPS,012,10,1,1,NML,7,2025
2812.,A320,9VJSM,JSA,JSA247,JSA248,21/14:23,21/14:28,21/15:15,21/15:27,0:47:00,SIN,SIN,A07,10,1,1,NML,7,2025
2813.,B738,PKGFS,GIA,GIA312,GIA317,21/16:14,21/16:16,21/17:04,21/17:21,0:48:00,CGK,CGK,005,10,1,1,NML,7,2025
2814.,B738,PKLOP,LNI,LNI869,LNI686,21/14:48,21/14:52,21/15:50,21/16:12,0:58:00,TTE,PKY,011,10,1,1,NML,7,2025
2815.,A320,PKLUR,BTK,BTK7515,BTK7514,21/14:05,21/14:09,21/14:57,21/15:09,0:48:00,HLP,HLP,009,10,1,1,NML,7,2025
2816.,A320,PKPWE,PAS,PAS208,PAS209,21/13:51,21/13:54,21/14:49,21/15:01,0:55:00,CGK,CGK,005,10,1,1,NML,7,2025
2817.,B738,PKGMA,GIA,GIA330,GIA331,21/14:14,21/14:17,21/15:06,21/15:19,0:49:00,HLP,HLP,004,10,1,1,NML,7,2025
2818.,B739,PKLHH,LNI,LNI919,LNI982,21/15:31,21/15:36,21/16:21,21/16:31,0:45:00,DPS,PKU,015,10,1,1,NML,7,2025
2819.,A320,PKGQG,CTV,CTV699,CTV434,21/14:53,21/14:58,21/15:35,21/15:44,0:37:00,DPS,BPN,007,10,1,1,NML,7,2025
2820.,A320,PKLUS,BTK,BTK7501,BTK7512,21/15:40,21/15:45,21/16:32,21/16:40,0:47:00,HLP,HLP,008,10,1,1,NML,7,2025
2821.,B739,PKLSK,LNI,LNI707,LNI642,21/16:27,21/16:32,21/17:20,21/17:29,0:48:00,UPG,LOP,010,10,1,1,NML,7,2025
2822.,A320,PKSJI,SJV,SJV643,SJV614,21/14:58,21/15:03,21/15:54,21/16:15,0:51:00,AAP,BPN,010,10,1,1,NML,7,2025
2823.,A320,PKLUQ,BTK,BTK6347,BTK6401,21/15:59,21/16:06,21/17:02,21/17:11,0:56:00,BEJ,CGK,009,10,1,1,NML,7,2025
2824.,B738,HSLGK,TLM,TLM268,TLM269,21/15:04,21/15:10,21/16:22,21/16:30,1:12:00,DMK,DMK,A04,10,1,1,NML,7,2025
"2825.,A320,PKSJA,SJV,SJV633,SJV648,20/15:31,21/07:37,21/16:43,21/16:54,""1 day, 1:07:00"",BDJ,BPN,025,10,0,1,NML,7,2025"
2826.,B738,PKGFP,GIA,GIA310,GIA315,21/15:25,21/15:28,21/16:33,21/16:46,1:05:00,CGK,CGK,004,10,1,1,NML,7,2025
2827.,B738MAX,9VMBN,SIA,SIA926,SIA927,21/15:45,21/15:51,21/16:44,21/17:00,0:53:00,SIN,SIN,A07,10,1,1,NML,7,2025
2828.,B739,PKLHL,LNI,LNI970,LNI268,21/16:10,21/16:15,21/17:06,21/17:17,0:51:00,BTH,TRK,17B,10,0,0,NML,7,2025
2829.,A320,PKPWD,PAS,PAS206,PAS623,21/15:48,21/15:50,21/16:38,21/16:51,0:48:00,CGK,BPN,006,10,1,1,NML,7,2025
2830.,B739,PKLGJ,LNI,LNI692,LNI692,21/16:24,21/16:28,21/17:26,21/17:34,0:58:00,CGK,KOE,011,10,1,1,NML,7,2025
2831.,A320,PKSAV,SJV,SJV363,SJV362,21/16:08,21/16:12,21/16:57,21/17:08,0:45:00,KNO,KNO,012,10,1,1,NML,7,2025
2832.,B739,PKLSP,LNI,LNI749,LNI920,21/15:52,21/15:54,21/16:50,21/17:07,0:56:00,MDC,DPS,014,10,1,1,NML,7,2025
2833.,A320,PKGLR,CTV,CTV669,CTV9694,21/16:02,21/16:05,21/16:51,21/17:02,0:46:00,DPS,DPS,007,10,1,1,NML,7,2025
2834.,B739,PKLSU,LNI,LNI972,LNI316,21/16:21,21/16:27,21/17:24,21/17:32,0:57:00,BTH,BDJ,17A,10,0,0,NML,7,2025
2835.,A320,PKAZN,AWQ,AWQ323,AWQ326,21/16:57,21/17:02,21/17:39,21/17:47,0:37:00,KUL,KUL,A03,10,1,1,NML,7,2025
2836.,B738,PKLOR,LNI,LNI857,LNI838,21/15:56,21/16:00,21/17:51,21/18:00,1:51:00,PLM,PNK,018,10,0,0,NML,7,2025
2837.,B739,PKLJI,LNI,LNI923,LNI581,21/18:16,21/18:20,21/19:20,21/19:34,1:00:00,DPS,CGK,010,10,1,1,NML,7,2025
2838.,A320,PKPWJ,PAS,PAS622,PAS207,21/17:14,21/17:17,21/18:08,21/18:21,0:51:00,BPN,CGK,006,10,1,1,NML,7,2025
2839.,B738MAX,9MMVM,MAS,MAS875,MAS874,21/17:19,21/17:25,21/18:21,21/18:35,0:56:00,KUL,KUL,A07,10,1,1,NML,7,2025
2840.,B738,PKGNM,GIA,GIA349,GIA313,21/17:23,21/17:26,21/18:24,21/18:37,0:58:00,DPS,CGK,004,10,1,1,NML,7,2025
2841.,B739,PKLHY,LNI,LNI727,LNI226,21/16:49,21/16:57,21/18:31,21/18:43,1:34:00,KDI,BDJ,015,10,1,1,NML,7,2025
2842.,A320,PKSJZ,SJV,SJV725,SJV716,21/17:56,21/18:00,21/18:46,21/18:58,0:46:00,LBJ,LOP,009,10,1,1,NML,7,2025
2843.,B738,PKGMY,GIA,GIA320,GIA325,21/18:02,21/18:05,21/18:59,21/19:17,0:54:00,CGK,CGK,005,10,1,1,NML,7,2025
2844.,A320,PKGQP,CTV,CTV172,CTV173,21/19:11,21/19:15,21/19:53,21/20:06,0:38:00,HLP,HLP,008,10,1,1,NML,7,2025
2845.,B738MAX,9VMBQ,SIA,SIA928,SIA929,21/18:13,21/18:19,21/19:14,21/19:28,0:55:00,SIN,SIN,A02,10,1,1,NML,7,2025
2846.,A320,PKGQL,CTV,CTV949,CTV494,21/18:30,21/18:33,21/19:09,21/19:21,0:36:00,BTH,BDJ,007,10,1,1,NML,7,2025
2847.,A320,PKLUS,BTK,BTK7519,BTK7518,21/20:34,21/20:38,21/21:21,21/21:30,0:43:00,HLP,HLP,011,10,1,1,NML,7,2025
2848.,B739,PKLVF,LNI,LNI885,LNI880,21/20:21,21/20:24,21/21:19,21/21:28,0:55:00,UPG,UPG,014,10,1,1,NML,7,2025
2849.,A320,PKLAQ,BTK,BTK6576,BTK6575,21/20:42,21/20:45,21/21:46,21/21:55,1:01:00,CGK,CGK,010,10,1,1,NML,7,2025
2850.,B738,PKGMA,GIA,GIA3304,GIA3354,21/21:07,21/21:12,21/22:24,21/22:37,1:12:00,HLP,HLP,005,10,1,1,NML,7,2025
2851.,A320,PKGQQ,CTV,CTV736,CTV352,21/19:32,21/19:35,21/20:06,21/20:19,0:31:00,CGK,UPG,007,10,1,1,NML,7,2025
2852.,B738,PKGNH,GIA,GIA326,GIA319,21/21:22,21/21:27,21/22:15,21/22:32,0:48:00,CGK,CGK,007,10,1,1,NML,7,2025
2853.,A320,PKGLR,CTV,CTV9695,CTV737,21/19:40,21/19:43,21/20:35,21/20:48,0:52:00,DPS,CGK,009,10,1,1,NML,7,2025
2854.,A320,PKGQI,CTV,CTV489,CTV693,21/20:31,21/20:35,21/21:12,21/21:26,0:37:00,BDJ,DPS,007,10,1,1,NML,7,2025
2855.,A320,PKGQO,CTV,CTV724,CTV354,21/20:56,21/20:59,21/21:49,21/22:05,0:50:00,CGK,UPG,008,10,1,1,NML,7,2025
2856.,A320,PKLAO,BTK,BTK6137,BTK6136,21/22:34,21/22:38,21/23:17,21/23:28,0:39:00,UPG,UPG,011,10,1,1,NML,7,2025
2857.,B735,PKCLE,SJY,SJY567,SJY562,21/21:12,21/21:16,21/21:56,21/22:07,0:40:00,UPG,UPG,012,10,1,1,NML,7,2025
2858.,A320,PKLUG,BTK,BTK6406,BTK7508,21/19:36,21/19:40,22/05:03,22/05:15,9:23:00,CGK,HLP,17A,28,0,0,NML,7,2025
2859.,A320,PKSJC,SJV,SJV637,SJV610,21/16:34,21/16:42,22/05:02,22/05:12,12:20:00,BDJ,BPN,021,28,0,0,NML,7,2025
2860.,A320,PKAXY,AWQ,AWQ325,AWQ320,21/19:18,21/19:25,22/05:05,22/05:17,9:40:00,KUL,KUL,A01,28,1,1,NML,7,2025
2861.,A320,PKGQF,CTV,CTV726,CTV430,21/22:21,21/22:25,22/04:59,22/05:10,6:34:00,CGK,BPN,008,28,1,1,NML,7,2025
2862.,B738,PKGFI,GIA,GIA328,GIA301,21/22:02,21/22:52,22/05:25,22/05:34,7:19:00,CGK,CGK,005,28,1,1,NML,7,2025
2863.,A320,PKBLB,BTK,BTK6588,BTK6132,21/22:29,21/22:33,22/05:11,22/05:19,6:38:00,CGK,LOP,010,28,1,1,NML,7,2025
2864.,B738,PKLOP,LNI,LNI687,LNI868,21/18:56,21/19:01,22/07:23,22/07:32,12:22:00,PKY,TTE,018,28,0,0,NML,7,2025
2865.,B739,PKLQR,LNI,LNI690,LNI690,22/05:03,22/05:08,22/05:45,22/05:54,0:37:00,CGK,KOE,012,28,1,1,NML,7,2025
2866.,A320,PKGQG,CTV,CTV435,CTV725,21/19:15,21/19:19,22/05:51,22/06:05,10:32:00,BPN,CGK,003,28,0,0,NML,7,2025
2867.,A320,PKGLV,CTV,CTV353,CTV670,22/05:07,22/05:14,22/05:54,22/06:03,0:40:00,UPG,LOP,007,28,1,1,NML,7,2025
2868.,B739,PKLSK,LNI,LNI865,LNI882,21/19:53,21/19:58,22/05:57,22/06:09,9:59:00,LOP,UPG,15A,28,0,0,NML,7,2025
2869.,A320,PKBKU,BTK,BTK7521,BTK6589,21/20:53,21/20:57,22/06:01,22/06:11,9:04:00,HLP,CGK,15B,28,0,0,NML,7,2025
2870.,A320,PKSJZ,SJV,SJV717,SJV706,22/05:58,22/06:03,22/07:01,22/07:13,0:58:00,LOP,DPS,010,28,1,1,NML,7,2025
2871.,A320,V8RBB,RBA,RBA795,RBA796,21/20:03,21/20:10,22/05:50,22/06:00,9:40:00,BWN,BWN,A07,28,1,1,NML,7,2025
2872.,A320,PKPWL,PAS,PAS202,PAS213,21/18:52,21/18:55,22/06:02,22/06:13,11:07:00,CGK,CGK,006,28,1,1,NML,7,2025
2873.,A320,PKAZN,AWQ,AWQ327,AWQ386,21/23:25,21/23:32,22/06:11,22/06:21,6:39:00,KUL,PEN,A03,28,1,1,NML,7,2025
2874.,A320,PKBKV,BTK,BTK6413,BTK6412,21/19:58,21/20:02,22/06:15,22/06:24,10:13:00,DPS,DPS,016,28,1,1,NML,7,2025
2875.,B738MAX,PKOFM,AFE,AFE921,AFE921,22/05:42,22/05:48,22/06:42,22/06:53,0:54:00,CGK,TIM,005,28,1,1,NML,7,2025
2876.,A320,PKSJQ,SJV,SJV615,SJV566,21/20:45,21/20:49,22/06:52,22/07:02,10:03:00,BPN,PLW,026,28,0,0,NML,7,2025
2877.,B739,PKLSU,LNI,LNI311,LNI971,22/06:07,22/06:13,22/06:54,22/07:06,0:41:00,BDJ,BTH,012,28,1,1,NML,7,2025
2878.,A320,PKBKJ,BTK,BTK6582,BTK6135,21/15:36,21/15:38,22/07:13,22/07:28,15:35:00,CGK,PKN,020,28,0,0,NML,7,2025
2879.,C208,PKVVO,SUS,PKVVO,PKVVO,21/10:30,21/10:30,22/07:09,22/07:20,20:38:48,BXW,BXW,C07,28,0,0,NML,7,2025
2880.,B738,PKGFG,GIA,GIA855,GIA854,21/20:16,21/20:23,22/06:49,22/07:00,10:26:00,SIN,SIN,A02,28,1,1,NML,7,2025
2881.,B738,PKGUF,GIA,GIA324,GIA305,21/20:59,21/21:03,22/06:55,22/07:08,9:52:00,CGK,CGK,004,28,1,1,NML,7,2025
2882.,A320,PKLAQ,BTK,BTK6572,BTK6573,22/06:44,22/06:49,22/07:33,22/07:46,0:44:00,CGK,CGK,008,28,1,1,NML,7,2025
2883.,A320,PKSJI,SJV,SJV619,SJV640,21/19:45,21/19:49,22/07:23,22/07:30,11:34:00,BPN,AAP,17B,28,0,0,NML,7,2025
2884.,A320,PKLUW,BTK,BTK7511,BTK7510,22/06:49,22/06:54,22/07:40,22/07:52,0:46:00,HLP,HLP,009,28,1,1,NML,7,2025
2885.,B739,PKLGJ,LNI,LNI693,LNI693,22/06:41,22/06:46,22/07:44,22/07:56,0:58:00,KOE,CGK,011,28,1,1,NML,7,2025
2886.,A320,PKGQI,CTV,CTV690,CTV460,22/06:56,22/07:07,22/07:45,22/07:58,0:38:00,DPS,AAP,006,28,1,1,NML,7,2025
2887.,B739,PKLSI,LNI,LNI929,LNI982,22/06:58,22/07:03,22/07:53,22/08:00,0:50:00,DPS,PKU,014,28,1,1,NML,7,2025
2888.,B739,PKLHL,LNI,LNI267,LNI990,22/07:04,22/07:10,22/07:54,22/08:03,0:44:00,TRK,DPS,012,28,1,1,NML,7,2025
2889.,A21N,B32KY,CSN,CSN8137,CSN8138,21/21:44,21/21:52,22/07:46,22/08:02,9:54:00,CAN,CAN,A04,28,1,1,NML,7,2025
2890.,A333,BHLT,CPA,CPA779,CPA780,21/17:36,21/17:41,22/08:08,22/08:26,14:27:00,HKG,HKG,A08,28,1,1,NML,7,2025
2891.,B738,PKGUI,GIA,GIA314,GIA323,22/07:17,22/07:23,22/08:29,22/08:37,1:06:00,CGK,CGK,004,28,1,1,NML,7,2025
"2892.,DHC6,PKICP,PGT,PKICP,PKICP,19/11:41,19/11:44,22/08:05,22/08:11,""2 days, 20:21:00"",MBH,PAG,028,28,0,0,NML,7,2025"
2893.,B738MAX,9MLRS,MXD,MXD352,MXD353,21/21:04,21/21:10,22/10:46,22/10:56,13:36:00,KUL,KUL,C01,10,0,0,NML,7,2025
2894.,A320,PKBLB,BTK,BTK6133,BTK6391,22/07:54,22/08:00,22/08:45,22/08:54,0:45:00,LOP,CGK,010,28,1,1,NML,7,2025
2895.,B739,PKLSO,LNI,LNI315,LNI222,22/07:51,22/07:56,22/08:42,22/08:52,0:46:00,BDJ,BDJ,015,28,1,1,NML,7,2025
2896.,B738,PKLOR,LNI,LNI837,LNI748,22/08:33,22/08:39,22/09:21,22/09:41,0:42:00,PNK,MDC,014,10,1,1,NML,7,2025
2897.,B739,PKLHS,LNI,LNI363,LNI804,22/06:18,22/06:22,22/08:51,22/09:11,2:29:00,BPN,DPS,17A,28,0,0,NML,7,2025
2898.,B739,PKLHH,LNI,LNI983,LNI856,21/21:32,21/21:37,22/08:53,22/09:06,11:16:00,PKU,PLM,023,28,0,0,NML,7,2025
2899.,A320,PKSJG,SJV,SJV649,SJV612,22/06:52,22/06:57,22/09:26,22/09:43,2:29:00,BPN,BPN,021,10,0,0,NML,7,2025
2900.,B738,PKGMC,GIA,GIA304,GIA342,22/08:21,22/08:28,22/09:23,22/09:38,0:55:00,CGK,DPS,005,10,1,1,NML,7,2025
2901.,A320,PKPWK,PAS,PAS200,PAS201,22/08:09,22/08:14,22/09:17,22/09:33,1:03:00,CGK,CGK,006,10,1,1,NML,7,2025
2902.,A320,PKGLV,CTV,CTV671,CTV486,22/08:16,22/08:23,22/09:18,22/09:35,0:55:00,LOP,BDJ,007,10,1,1,NML,7,2025
2903.,B737MAX,9MMVK,MAS,MAS871,MAS870,22/09:04,22/09:07,22/09:57,22/10:08,0:50:00,KUL,KUL,A03,10,1,1,NML,7,2025
2904.,A359,9VSHQ,SIA,SIA922,SIA923,22/09:09,22/09:13,22/10:10,22/10:24,0:57:00,SIN,SIN,A08,10,1,1,NML,7,2025
2905.,A320,PKBKU,BTK,BTK6584,BTK6585,22/09:22,22/09:26,22/10:11,22/10:22,0:45:00,CGK,CGK,009,10,1,1,NML,7,2025
2906.,A320,PKGLT,CTV,CTV351,CTV350,22/09:31,22/09:33,22/10:16,22/10:31,0:43:00,UPG,UPG,006,10,1,1,NML,7,2025
2907.,B739,PKLFW,LNI,LNI879,LNI706,21/17:04,21/17:10,22/10:17,22/10:29,17:07:00,AMQ,UPG,022,10,0,0,NML,7,2025
2908.,B739,PKLSK,LNI,LNI801,LNI262,22/10:03,22/10:06,22/10:46,22/11:01,0:40:00,UPG,BPN,015,10,1,1,NML,7,2025
2909.,A20N,9VTNF,TGW,TGW296,TGW297,22/09:47,22/09:53,22/10:53,22/11:08,1:00:00,SIN,SIN,A02,10,1,1,NML,7,2025
2910.,B739,PKLGL,LNI,LNI970,LNI973,22/09:44,22/09:48,22/10:39,22/10:47,0:51:00,BTH,BTH,011,10,1,1,NML,7,2025
2911.,A320,PKPWL,PAS,PAS210,PAS211,22/09:39,22/09:41,22/10:32,22/10:44,0:51:00,CGK,CGK,005,10,1,1,NML,7,2025
2912.,A320,PKLUU,BTK,BTK7513,BTK7516,22/10:06,22/10:10,22/10:57,22/11:12,0:47:00,HLP,HLP,010,10,1,1,NML,7,2025
2913.,A320,PKBKJ,BTK,BTK6134,BTK6346,22/09:57,22/10:01,22/10:49,22/11:06,0:48:00,PKN,BEJ,012,10,1,1,NML,7,2025
2914.,B739,PKLQR,LNI,LNI697,LNI697,22/10:12,22/10:17,22/11:30,22/11:42,1:13:00,KOE,CGK,016,10,1,1,NML,7,2025
2915.,B739,PKLHQ,LNI,LNI694,LNI694,22/10:18,22/10:22,22/11:19,22/11:29,0:57:00,CGK,KOE,014,10,1,1,NML,7,2025
2916.,B739,PKLFY,LNI,LNI805,LNI822,22/10:39,22/10:44,22/11:43,22/11:56,0:59:00,DPS,LOP,017,10,1,1,NML,7,2025
2917.,A320,PKAXY,AWQ,AWQ321,AWQ322,22/10:59,22/11:04,22/11:56,22/12:04,0:51:47,KUL,KUL,A03,10,1,1,NML,7,2025
2918.,A339,PKGHH,GIA,GIA975,GIA974,22/08:59,22/09:05,22/11:33,22/11:50,2:28:00,JED,JED,A07,10,1,1,NML,7,2025
2919.,B738,PKGFQ,GIA,GIA322,GIA327,22/09:59,22/10:03,22/11:27,22/11:46,1:24:00,CGK,CGK,004,10,1,1,NML,7,2025
2920.,A320,PKLUW,BTK,BTK7517,BTK7520,22/11:03,22/11:07,22/11:58,22/12:08,0:50:16,HLP,HLP,009,10,1,1,NML,7,2025
2921.,A320,PKGQI,CTV,CTV461,CTV698,22/11:36,22/11:40,22/12:22,22/12:33,0:41:36,AAP,DPS,006,10,1,1,NML,7,2025
2922.,A320,PKLUP,BTK,BTK6582,BTK6581,22/12:23,22/12:27,22/13:17,22/13:31,0:50:00,CGK,CGK,009,10,1,1,NML,7,2025
2923.,A339,PKLER,LNI,LNI105,LNI104,21/12:08,21/12:15,22/12:06,22/12:19,23:51:00,JED,JED,A06,10,1,1,NML,7,2025
2924.,A320,PKGLY,CTV,CTV9693,CTV9692,22/11:27,22/11:30,22/12:19,22/12:28,0:49:00,DPS,DPS,007,10,1,1,NML,7,2025
2925.,A320,PKSJQ,SJV,SJV567,SJV636,22/11:23,22/11:27,22/12:27,22/12:37,0:59:45,PLW,BDJ,008,10,1,1,NML,7,2025
2926.,B738,PKLSO,LNI,LNI223,LNI680,22/11:44,22/11:49,22/12:36,22/12:49,0:47:00,BDJ,PKY,012,10,1,1,NML,7,2025
2927.,B739,PKLFF,LNI,LNI787,LNI780,22/11:40,22/11:43,22/13:09,22/13:18,1:25:21,UPG,UPG,014,10,1,1,NML,7,2025
"2928.,B739,PKLQT,LNI,LNI983,LNI722,20/21:20,20/21:25,22/13:21,22/13:34,""1 day, 15:56:00"",PKU,KDI,024,10,0,0,NML,7,2025"
2929.,A320,PKPWG,PAS,PAS204,PAS205,22/11:54,22/11:56,22/13:13,22/13:27,1:17:00,CGK,CGK,005,10,1,1,NML,7,2025
2930.,A320,PKAZN,AWQ,AWQ387,AWQ324,22/12:41,22/12:46,22/13:26,22/13:38,0:40:00,PEN,KUL,A03,10,1,1,NML,7,2025
2931.,B735,PKNAT,LKN,LKN671,LKN670,22/11:10,22/11:15,22/13:28,22/13:41,2:13:00,TMC,TMC,011,10,1,1,NML,7,2025
2932.,A320,PKGLV,CTV,CTV487,CTV668,22/12:14,22/12:17,22/13:38,22/13:48,1:21:00,BDJ,DPS,004,10,1,1,NML,7,2025
2933.,B738,PKLQY,LNI,LNI839,LNI836,22/13:29,22/13:34,22/14:18,22/14:30,0:44:00,PNK,PNK,016,10,1,1,NML,7,2025
2934.,A320,PKSJA,SJV,SJV613,SJV726,21/20:37,21/20:41,22/14:08,22/14:18,17:27:00,BPN,LBJ,025,10,0,0,Nml,7,2025
2935.,B739,PKLHH,LNI,LNI857,LNI910,22/13:25,22/13:30,22/14:22,22/14:32,0:52:00,PLM,DPS,010,10,1,1,NML,7,2025
2936.,A320,PKGQF,CTV,CTV431,CTV948,22/13:35,22/13:38,22/14:25,22/14:38,0:47:00,BPN,BTH,006,10,1,1,NML,7,2025
2937.,B738,PKGMV,GIA,GIA312,GIA317,22/13:39,22/13:43,22/14:50,22/15:02,1:07:00,CGK,CGK,008,10,1,1,NML,7,2025
2938.,A320,9VJSY,JSA,JSA247,JSA248,22/14:07,22/14:14,22/14:56,22/15:11,0:42:00,SIN,SIN,A07,10,1,1,NML,7,2025
2939.,A320,PKLUR,BTK,BTK7515,BTK7514,22/14:25,22/14:28,22/15:09,22/15:22,0:41:00,HLP,HLP,009,10,1,1,NML,7,2025
2940.,B739,PKLSK,LNI,LNI261,LNI260,22/14:10,22/14:14,22/15:18,22/15:32,1:04:00,BPN,BPN,012,10,1,1,NML,7,2025
2941.,B739,PKLFY,LNI,LNI823,LNI642,22/15:00,22/15:04,22/15:51,22/16:05,0:47:00,LOP,LOP,014,10,1,1,NML,7,2025
"2942.,AW139,PKTVN,TVR,PKTVN,PKTVN,16/09:30,16/09:37,22/15:15,22/15:16,""6 days, 5:38:00"",ZZZZ,MBH,H02,10,0,0,NML,7,2025"
2943.,B738,PKGMA,GIA,GIA330,GIA331,22/14:28,22/14:31,22/15:23,22/15:34,0:52:00,HLP,HLP,004,10,1,1,NML,7,2025
2944.,A320,PKGQI,CTV,CTV699,CTV434,22/14:55,22/14:58,22/15:39,22/15:48,0:41:00,DPS,BPN,006,10,1,1,NML,7,2025
2945.,A320,PKLUW,BTK,BTK7501,BTK7512,22/15:09,22/15:14,22/16:05,22/16:15,0:51:00,HLP,HLP,011,10,1,1,NML,7,2025
2946.,A320,PKBKJ,BTK,BTK6347,BTK6401,22/15:20,22/15:24,22/16:23,22/16:30,0:59:00,BEJ,CGK,010,10,1,1,NML,7,2025
2947.,B739,PKLSO,LNI,LNI681,LNI316,22/15:52,22/15:56,22/16:46,22/16:56,0:50:00,PKY,BDJ,016,10,1,1,NML,7,2025
2948.,B738MAX,9VMBK,SIA,SIA926,SIA927,22/15:46,22/15:52,22/16:41,22/16:55,0:49:00,SIN,SIN,A07,10,1,1,NML,7,2025
2949.,A320,PKSJQ,SJV,SJV637,SJV648,22/15:23,22/15:28,22/16:24,22/16:34,0:56:00,BDJ,BPN,009,10,1,1,NML,7,2025
2950.,B738,PKGFQ,GIA,GIA310,GIA315,22/15:30,22/15:34,22/16:37,22/16:48,1:03:00,CGK,CGK,004,10,1,1,NML,7,2025
2951.,B738MAX,PKOFM,AFE,AFE920,AFE920,22/16:01,22/16:05,22/16:44,22/16:57,0:39:00,TIM,CGK,007,10,1,1,NML,7,2025
2952.,A320,PKPWC,PAS,PAS206,PAS623,22/15:40,22/15:43,22/16:33,22/16:46,0:50:00,CGK,BPN,005,10,1,1,NML,7,2025
2953.,B739,PKLHQ,LNI,LNI695,LNI268,22/16:12,22/16:17,22/17:04,22/17:16,0:47:00,KOE,TRK,012,10,1,1,NML,7,2025
2954.,A320,PKGLY,CTV,CTV669,CTV9694,22/16:20,22/16:24,22/17:05,22/17:18,0:41:00,DPS,DPS,006,10,1,1,NML,7,2025
2955.,B739,PKLQT,LNI,LNI727,LNI226,22/17:39,22/17:42,22/20:45,22/20:53,3:03:00,KDI,BDJ,011,10,1,1,NML,7,2025
2956.,B739,PKLHH,LNI,LNI919,LNI920,22/17:42,22/17:46,22/18:29,22/19:01,0:43:00,DPS,DPS,012,10,1,1,NML,7,2025
2957.,B739,PKLSU,LNI,LNI972,LNI692,22/16:41,22/16:46,22/17:36,22/17:49,0:50:00,BTH,KOE,015,10,1,1,NML,7,2025
2958.,A320,PKAXY,AWQ,AWQ323,AWQ326,22/17:48,22/17:53,22/18:28,22/18:56,0:35:00,KUL,KUL,A01,10,1,1,NML,7,2025
2959.,B738,PKLOR,LNI,LNI749,LNI838,22/15:35,22/15:39,22/18:21,22/18:38,2:42:00,MDC,PNK,020,10,0,0,NML,7,2025
2960.,B739,PKLJI,LNI,LNI707,LNI581,22/14:43,22/14:47,22/20:19,22/20:29,5:32:00,UPG,CGK,018,10,0,0,NML,7,2025
2961.,A320,PKPWL,PAS,PAS622,PAS207,22/17:13,22/17:16,22/18:12,22/18:23,0:56:00,BPN,CGK,006,10,1,1,NML,7,2025
2962.,B738,9MMLN,MAS,MAS875,MAS874,22/17:24,22/17:31,22/18:16,22/18:28,0:45:00,KUL,KUL,A02,10,1,1,NML,7,2025
2963.,B738,PKGNG,GIA,GIA320,GIA313,22/17:29,22/17:33,22/18:26,22/18:44,0:53:00,CGK,CGK,005,10,1,1,NML,7,2025
2964.,B739,PKLHO,LNI,LNI692,LNI800,22/18:29,22/18:36,22/19:46,22/19:58,1:10:00,CGK,UPG,015,10,1,1,NML,7,2025
2965.,A320,PKSJA,SJV,SJV725,SJV716,22/17:45,22/17:49,22/18:29,22/19:05,0:40:00,LBJ,LOP,009,10,1,1,NML,7,2025
2966.,A320,PKLUV,BTK,BTK6406,BTK7502,22/17:03,22/17:08,22/19:35,22/19:47,2:27:00,CGK,HLP,008,10,1,1,NML,7,2025
2967.,B738,PKGMC,GIA,GIA349,GIA325,22/17:34,22/17:39,22/18:53,22/19:08,1:14:00,DPS,CGK,004,10,1,1,NML,7,2025
2968.,A320,PKGQP,CTV,CTV172,CTV173,22/18:04,22/18:08,22/18:59,22/19:13,0:51:00,HLP,HLP,007,10,1,1,NML,7,2025
2969.,B738MAX,9VMBP,SIA,SIA928,SIA929,22/18:25,22/18:31,22/19:18,22/19:30,0:47:00,SIN,SIN,A04,10,1,1,NML,7,2025
2970.,A320,PKLUS,BTK,BTK7503,BTK6575,22/18:33,22/18:37,22/19:55,22/20:08,1:18:00,HLP,CGK,010,10,1,1,NML,7,2025
2971.,A320,PKGQG,CTV,CTV949,CTV494,22/18:36,22/18:39,22/19:18,22/19:28,0:39:00,BTH,BDJ,009,10,1,1,NML,7,2025
2972.,B788,9VOFD,TGW,TGW266,TGW267,22/18:42,22/18:48,22/19:58,22/20:12,1:10:00,SIN,SIN,A07,10,1,1,NML,7,2025
2973.,A320,PKLUW,BTK,BTK7519,BTK7518,22/19:18,22/19:22,22/20:05,22/20:17,0:43:00,HLP,HLP,014,10,1,1,NML,7,2025
2974.,B738,PKGMV,GIA,GIA326,GIA3354,22/18:54,22/19:00,22/19:55,22/20:11,0:55:00,CGK,HLP,004,10,1,1,NML,7,2025
2975.,A320,PKGQH,CTV,CTV736,CTV352,22/18:58,22/19:02,22/19:50,22/20:03,0:48:00,CGK,UPG,007,10,1,1,NML,7,2025
2976.,B738,PKGMA,GIA,GIA3304,GIA319,22/18:49,22/18:52,22/20:01,22/20:15,1:09:00,HLP,CGK,005,10,1,1,NML,7,2025
2977.,A320,PKGQI,CTV,CTV435,CTV737,22/19:21,22/19:25,22/20:14,22/20:25,0:49:00,BPN,CGK,009,10,1,1,NML,7,2025
2978.,A320,PKGLX,CTV,CTV489,CTV693,22/20:06,22/20:10,22/20:41,22/20:55,0:31:08,BDJ,DPS,007,10,1,1,NML,7,2025
2979.,A320,PKGQE,CTV,CTV724,CTV354,22/20:23,22/20:26,22/21:00,22/21:12,0:34:51,CGK,UPG,009,10,1,1,NML,7,2025
2980.,B735,PKCLE,SJY,SJY567,SJY562,22/20:38,22/20:46,22/21:19,22/21:32,0:33:42,UPG,UPG,014,10,1,1,NML,7,2025
2981.,A320,PKLUP,BTK,BTK6137,BTK6136,22/20:35,22/20:40,22/21:48,22/22:00,1:08:00,UPG,UPG,010,10,1,1,NML,7,2025
2982.,A320,PKSTC,SJV,SJV619,SJV610,22/17:59,22/18:03,23/05:12,23/05:25,11:09:32,BPN,BPN,024,28,0,0,NML,7,2025
2983.,A320,PKBKU,BTK,BTK6594,BTK7508,22/22:24,22/22:28,23/05:05,23/05:16,6:37:00,CGK,HLP,014,28,1,1,NML,7,2025
2984.,B739,PKLHI,LNI,LNI885,LNI878,22/19:03,22/19:07,23/05:07,23/05:18,10:00:47,UPG,AMQ,021,28,0,0,NML,7,2025
2985.,A320,PKAZN,AWQ,AWQ325,AWQ320,22/19:11,22/19:17,23/05:00,23/05:14,9:43:00,KUL,KUL,A01,28,1,1,NML,7,2025
2986.,A320,PKGLY,CTV,CTV9695,CTV430,22/19:39,22/19:43,23/05:05,23/05:11,9:22:00,DPS,BPN,008,28,1,1,NML,7,2025
2987.,B739,PKLSI,LNI,LNI983,LNI786,22/19:14,22/19:17,23/05:08,23/05:20,9:51:00,PKU,UPG,016,28,1,1,NML,7,2025
2988.,B738,PKGUD,GIA,GIA328,GIA301,22/19:52,22/20:00,23/05:10,23/05:22,9:10:00,CGK,CGK,004,28,1,1,NML,7,2025
2989.,A320,PKBKY,BTK,BTK7521,BTK6132,22/20:47,22/20:53,23/05:20,23/05:34,8:27:00,HLP,LOP,015,28,1,1,NML,7,2025
2990.,B738,PKLOP,LNI,LNI869,LNI868,22/13:32,22/13:37,23/05:38,23/05:47,16:01:00,TTE,TTE,022,28,0,0,NML,7,2025
2991.,B738,PKLSF,LNI,LNI690,LNI690,23/05:05,23/05:11,23/06:06,23/06:18,0:55:00,CGK,KOE,011,28,1,1,NML,7,2025
2992.,A320,PKGQK,CTV,CTV726,CTV725,22/21:25,22/21:28,23/05:50,23/06:00,8:22:00,CGK,CGK,007,28,1,1,NML,7,2025
2993.,A320,PKGQH,CTV,CTV353,CTV670,23/05:01,23/05:07,23/05:53,23/06:04,0:46:00,UPG,LOP,009,28,1,1,NML,7,2025
2994.,A320,PKLAI,BTK,BTK6578,BTK6589,22/17:10,22/17:18,23/05:57,23/06:09,12:39:36,CGK,CGK,025,28,0,0,NML,7,2025
2995.,B739,PKLHH,LNI,LNI923,LNI882,22/21:29,22/21:34,23/06:00,23/06:11,8:25:45,DPS,UPG,018,28,0,0,NML,7,2025
2996.,A320,PKSJZ,SJV,SJV703,SJV706,22/09:27,22/09:33,23/06:07,23/06:20,20:34:00,DPS,DPS,023,28,0,0,NML,7,2025
2997.,B739,PKLFY,LNI,LNI865,LNI266,22/18:39,22/23:25,23/05:59,23/06:15,11:15:42,LOP,BPN,010,28,1,1,NML,7,2025
2998.,A320,PKPWH,PAS,PAS202,PAS213,22/18:46,22/18:51,23/05:57,23/06:06,11:06:00,CGK,CGK,006,28,1,1,NML,7,2025
2999.,A320,PKBKV,BTK,BTK6413,BTK6412,22/20:01,22/20:05,23/06:16,23/06:25,10:11:00,DPS,DPS,012,28,1,1,NML,7,2025
3000.,A320,PKSJI,SJV,SJV643,SJV566,22/16:37,22/16:40,23/07:10,23/07:21,14:30:00,AAP,PLW,026,10,0,0,NML,7,2025
3001.,B739,PKLSO,LNI,LNI311,LNI971,23/06:02,23/06:08,23/06:59,23/07:09,0:51:00,BDJ,BTH,014,28,1,1,NML,7,2025
3002.,A320,PKLAL,BTK,BTK6576,BTK6135,22/18:52,22/18:56,23/07:06,23/07:17,12:10:00,CGK,PKN,020,28,0,0,NML,7,2025
3003.,A320,PKBKG,BTK,BTK6370,BTK6597,23/06:07,23/06:13,23/06:54,23/07:06,0:41:00,CGK,CGK,010,28,1,1,NML,7,2025
3004.,B738,PKGFG,GIA,GIA855,GIA305,22/20:51,22/22:15,23/06:53,23/07:05,9:55:00,SIN,CGK,005,28,1,1,NML,7,2025
3005.,B738,PKGFQ,GIA,GIA324,GIA854,22/20:41,22/22:59,23/07:03,23/07:12,10:18:00,CGK,SIN,A02,28,1,1,NML,7,2025
3006.,B739,PKLSK,LNI,LNI363,LNI646,23/06:16,23/06:22,23/07:09,23/07:19,0:47:00,BPN,LOP,015,28,1,1,NML,7,2025
3007.,A320,PKLUV,BTK,BTK7511,BTK7510,23/06:38,23/06:42,23/07:44,23/07:54,1:02:00,HLP,HLP,009,10,1,1,NML,7,2025
3008.,A320,PKAXY,AWQ,AWQ327,AWQ392,23/05:09,23/05:12,23/07:34,23/07:43,2:22:00,KUL,JHB,A04,10,1,1,NML,7,2025
3009.,B739,PKLSU,LNI,LNI693,LNI693,23/06:47,23/06:51,23/07:40,23/07:50,0:49:00,KOE,CGK,012,10,1,1,NML,7,2025
3010.,A320,PKLUS,BTK,BTK6572,BTK6573,23/07:10,23/07:14,23/07:49,23/08:02,0:35:00,CGK,CGK,008,10,1,1,NML,7,2025
3011.,A320,PKGLX,CTV,CTV690,CTV460,23/07:02,23/07:08,23/07:43,23/07:56,0:35:00,DPS,AAP,006,10,1,1,NML,7,2025
3012.,A333,BHLN,CPA,CPA779,CPA780,22/18:07,22/18:16,23/08:07,23/08:22,13:51:00,HKG,HKG,A08,10,1,1,NML,7,2025
3013.,B739,PKLHQ,LNI,LNI267,LNI990,23/06:57,23/07:03,23/08:19,23/08:32,1:16:00,TRK,DPS,011,10,1,1,NML,7,2025
3014.,B738,PKLZZ,MXD,MXD352,MXD353,22/19:06,22/19:12,23/08:39,23/08:46,13:27:00,KUL,KUL,A03,10,1,1,NML,7,2025
3015.,B738,PKLOR,LNI,LNI837,LNI748,23/09:04,23/09:08,23/09:58,23/10:09,0:50:00,PNK,MDC,015,10,1,1,NML,7,2025
3016.,A320,PKBKY,BTK,BTK6133,BTK6391,23/08:26,23/08:30,23/09:13,23/09:24,0:43:00,LOP,CGK,009,10,1,1,NML,7,2025
3017.,B739,PKLSP,LNI,LNI929,LNI856,23/06:43,23/06:48,23/08:57,23/09:09,2:09:00,DPS,PLM,016,10,1,1,NML,7,2025
3018.,A320,PKSAZ,SJV,SJV649,SJV618,23/07:40,23/07:44,23/09:05,23/09:14,1:21:00,BPN,BPN,010,10,1,1,NML,7,2025
3019.,B738,PKGNG,GIA,GIA304,GIA342,23/08:30,23/08:34,23/09:34,23/09:51,1:00:00,CGK,DPS,004,10,1,1,NML,7,2025
3020.,A320,PKPWE,PAS,PAS200,PAS201,23/08:04,23/08:07,23/09:18,23/09:34,1:11:00,CGK,CGK,005,10,1,1,NML,7,2025
3021.,A320,PKGQH,CTV,CTV671,CTV486,23/08:34,23/08:37,23/09:17,23/09:27,0:40:00,LOP,BDJ,006,10,1,1,NML,7,2025
3022.,B738,9MMXL,MAS,MAS871,MAS870,23/09:00,23/09:07,23/09:58,23/10:11,0:51:00,KUL,KUL,A07,10,1,1,NML,7,2025
3023.,B735,PKNAQ,LKN,LKN243,LKN242,23/09:07,23/09:11,23/10:04,23/10:14,0:53:00,SMQ,SMQ,011,10,1,1,NML,7,2025
3024.,A359,9VSHW,SIA,SIA922,SIA923,23/09:12,23/09:17,23/10:12,23/10:25,0:55:00,SIN,SIN,A08,10,1,1,NML,7,2025
3025.,B733,PKMYJ,MYU,MYU935,MYU815,23/09:42,23/09:47,23/10:28,23/10:35,0:41:00,SRG,CGK,C02,10,0,0,NML,7,2025
3026.,A320,PKLAI,BTK,BTK6584,BTK6585,23/09:31,23/09:35,23/10:21,23/10:33,0:46:00,CGK,CGK,010,10,1,1,NML,7,2025
3027.,A320,PKGQF,CTV,CTV351,CTV350,23/09:45,23/09:49,23/10:26,23/10:35,0:37:00,UPG,UPG,007,10,1,1,NML,7,2025
3028.,B739,PKLSW,LNI,LNI315,LNI706,23/11:20,23/11:23,23/12:28,23/12:36,1:05:00,BDJ,UPG,015,10,1,1,NML,7,2025
3029.,A20N,9VTNG,TGW,TGW296,TGW297,23/09:39,23/09:43,23/10:37,23/10:48,0:54:00,SIN,SIN,A02,10,1,1,NML,7,2025
3030.,B739,PKLSK,LNI,LNI645,LNI822,23/10:02,23/10:06,23/11:16,23/11:27,1:10:00,LOP,LOP,016,10,1,1,NML,7,2025
3031.,B739,PKLHJ,LNI,LNI970,LNI973,23/09:53,23/09:57,23/10:49,23/11:03,0:52:00,BTH,BTH,014,10,1,1,NML,7,2025
3032.,A320,PKLAL,BTK,BTK6134,BTK6346,23/09:49,23/09:53,23/10:47,23/11:00,0:54:00,PKN,BEJ,009,10,1,1,NML,7,2025
3033.,A320,PKBKF,BTK,BTK7513,BTK7516,23/10:23,23/10:27,23/11:30,23/11:41,1:03:00,HLP,HLP,011,10,1,1,NML,7,2025
3034.,A320,PKSJQ,SJV,SJV613,SJV642,22/19:56,22/20:01,23/11:01,23/11:12,15:00:00,BPN,AAP,017,10,1,1,NML,7,2025
3035.,B739,PKLGW,LNI,LNI683,LNI694,23/10:30,23/10:35,23/11:49,23/11:59,1:14:00,PKY,KOE,021,10,0,0,NML,7,2025
3036.,B739,PKLHR,LNI,LNI694,LNI682,23/10:26,23/10:30,23/11:44,23/11:53,1:14:00,CGK,PKY,020,10,0,0,NML,7,2025
3037.,A320,PKAZJ,AWQ,AWQ321,AWQ322,23/10:58,23/11:03,23/11:42,23/11:51,0:39:00,KUL,KUL,A04,10,1,1,NML,7,2025
3038.,A320,PKLUV,BTK,BTK7517,BTK7520,23/11:18,23/11:22,23/12:14,23/12:25,0:52:00,HLP,HLP,008,10,1,1,NML,7,2025
3039.,B738,PKGNF,GIA,GIA322,GIA327,23/10:16,23/10:20,23/11:26,23/11:37,1:06:00,CGK,CGK,004,10,1,1,NML,7,2025
3040.,B739,PKLHH,LNI,LNI791,LNI222,23/09:35,23/09:39,23/10:44,23/10:54,1:05:00,UPG,BDJ,012,10,1,1,NML,7,2025
3041.,B739,PKLHQ,LNI,LNI805,LNI804,23/11:14,23/11:18,23/12:04,23/12:16,0:46:00,DPS,DPS,012,10,1,1,NML,7,2025
3042.,A320,PKGLX,CTV,CTV461,CTV698,23/11:25,23/11:28,23/12:07,23/12:18,0:39:00,AAP,DPS,007,10,1,1,NML,7,2025
3043.,A339,PKLES,LNI,LNI107,LNI104,22/14:14,22/14:22,23/11:43,23/11:57,21:21:00,JED,JED,A06,10,1,1,NML,7,2025
3044.,A320,PKLUT,BTK,BTK6582,BTK6581,23/11:31,23/11:35,23/12:36,23/12:48,1:01:00,CGK,CGK,009,10,1,1,NML,7,2025
3045.,A320,PKGQN,CTV,CTV9693,CTV9692,23/11:39,23/11:42,23/12:27,23/12:39,0:45:00,DPS,DPS,005,10,1,1,NML,7,2025
3046.,A320,PKSAY,SJV,SJV717,SJV636,23/06:13,23/06:17,23/12:46,23/12:54,6:29:00,LOP,BDJ,025,10,0,0,NML,7,2025
3047.,B738,PKLSF,LNI,LNI697,LNI722,23/10:45,23/10:52,23/12:34,23/12:42,1:42:00,KOE,KDI,018,10,0,0,NML,7,2025
3048.,B738,PKLOP,LNI,LNI869,LNI697,23/11:46,23/11:50,23/12:38,23/12:52,0:48:00,TTE,CGK,014,10,1,1,NML,7,2025
3049.,B735,PKNAS,LKN,-,LKN192,--:--,--:--,--:--,--:--,None,-,PKN,None,-,-1,-,NML,7,2025
3050.,B738,PKLPK,LNI,LNI223,LNI680,23/12:13,23/12:19,23/13:20,23/13:27,1:01:00,BDJ,PKY,016,10,1,1,NML,7,2025
3051.,A320,PKAXY,AWQ,AWQ393,AWQ324,23/12:21,23/12:26,23/13:19,23/13:27,0:53:00,JHB,KUL,A04,10,1,1,NML,7,2025
3052.,A320,PKGQH,CTV,CTV487,CTV668,23/11:59,23/12:02,23/13:23,23/13:35,1:21:00,BDJ,DPS,006,10,1,1,NML,7,2025
3053.,A339,PKGHH,GIA,GIA975,GIA974,23/11:10,23/11:18,23/14:01,23/14:15,2:43:00,JED,JED,A07,10,1,1,NML,7,2025
3054.,B739,PKLSK,LNI,LNI823,LNI260,23/14:16,23/14:20,23/15:17,23/15:28,0:57:00,LOP,BPN,012,10,1,1,NML,7,2025
3055.,A320,PKSJI,SJV,SJV567,SJV726,23/11:33,23/11:38,23/14:09,23/14:24,2:31:00,PLW,LBJ,010,10,1,1,NML,7,2025
3056.,B738,PKLQY,LNI,LNI839,LNI836,23/13:45,23/13:50,23/14:36,23/14:47,0:46:47,PNK,PNK,014,10,1,1,NML,7,2025
3057.,A320,PKGLY,CTV,CTV431,CTV948,23/13:32,23/13:35,23/14:27,23/14:37,0:52:00,BPN,BTH,007,10,1,1,NML,7,2025
3058.,B739,PKLSP,LNI,LNI857,LNI910,23/13:25,23/13:29,23/15:23,23/15:38,1:53:59,PLM,DPS,011,10,1,1,NML,7,2025
3059.,B429,P3201,POL,P3201,P3201,23/14:00,23/14:10,23/14:50,23/14:55,0:40:00,SUB,SUB,H05,10,0,0,NML,7,2025
3060.,B738,PKGFJ,GIA,GIA312,GIA317,23/14:30,23/14:33,23/15:30,23/15:41,0:57:00,CGK,CGK,004,10,1,1,NML,7,2025
3061.,A320,9VJSO,JSA,JSA247,JSA248,23/13:53,23/13:58,23/14:45,23/14:58,0:47:00,SIN,SIN,A08,10,1,1,NML,7,2025
3062.,A320,PKLUG,BTK,BTK7515,BTK7514,23/13:36,23/13:39,23/14:49,23/15:03,1:10:00,HLP,HLP,008,10,1,1,NML,7,2025
3063.,A320,PKPWK,PAS,PAS208,PAS209,23/14:08,23/14:10,23/14:57,23/15:11,0:47:00,CGK,CGK,006,10,1,1,NML,7,2025
3064.,B739,PKLGY,LNI,LNI261,LNI642,23/14:10,23/14:15,23/16:45,23/16:57,2:30:00,BPN,LOP,018,10,0,0,NML,7,2025
3065.,B738,PKGMV,GIA,GIA330,GIA331,23/14:19,23/14:22,23/15:21,23/15:33,0:59:00,HLP,HLP,005,10,1,1,NML,7,2025
3066.,B739,PKLHI,LNI,LNI879,LNI982,23/14:34,23/14:39,23/15:34,23/15:43,0:55:00,AMQ,PKU,015,10,1,1,NML,7,2025
3067.,B739,PKLSW,LNI,LNI707,LNI920,23/16:01,23/16:05,23/17:04,23/17:15,0:59:00,UPG,DPS,020,10,0,0,NML,7,2025
3068.,A320,PKLUV,BTK,BTK7501,BTK7512,23/15:29,23/15:33,23/16:26,23/16:38,0:53:00,HLP,HLP,011,10,1,1,NML,7,2025
3069.,A320,PKGLX,CTV,CTV699,CTV434,23/14:51,23/14:54,23/15:37,23/15:48,0:43:00,DPS,BPN,007,10,1,1,NML,7,2025
3070.,A320,PKLUS,BTK,BTK6596,BTK6595,23/15:26,23/15:31,23/16:18,23/16:28,0:47:00,CGK,CGK,009,10,1,1,NML,7,2025
3071.,B738,9MMXQ,MAS,MAS873,MAS872,23/14:39,23/14:45,23/15:39,23/15:52,0:54:00,KUL,KUL,A07,10,1,1,NML,7,2025
3072.,A320,PKSJQ,SJV,SJV643,SJV672,23/14:56,23/15:00,23/16:43,23/16:53,1:43:00,AAP,BEJ,010,10,1,1,NML,7,2025
3073.,A320,PKLAL,BTK,BTK6347,BTK6401,23/15:16,23/15:22,23/16:21,23/16:31,0:59:00,BEJ,CGK,008,10,1,1,NML,7,2025
3074.,A320,PKSAY,SJV,SJV637,SJV614,23/16:13,23/16:16,23/17:20,23/17:27,1:04:00,BDJ,BPN,021,10,0,0,NML,7,2025
3075.,A320,PKLUQ,TLM,TLM268,TLM269,23/15:08,23/15:14,23/16:19,23/16:30,1:05:00,DMK,DMK,A04,10,1,1,NML,7,2025
3076.,B739,PKLHM,LNI,LNI787,LNI316,23/15:35,23/15:40,23/17:43,23/17:55,2:03:00,UPG,BDJ,016,10,1,1,NML,7,2025
3077.,B738,PKGNF,GIA,GIA310,GIA315,23/15:31,23/15:35,23/16:37,23/16:51,1:02:00,CGK,CGK,005,10,1,1,NML,7,2025
3078.,B738MAX,9VMBE,SIA,SIA926,SIA927,23/15:39,23/15:44,23/16:35,23/16:48,0:51:00,SIN,SIN,A08,10,1,1,NML,7,2025
3079.,B739,PKLHQ,LNI,LNI919,LNI268,23/15:12,23/15:16,23/17:04,23/17:17,1:48:00,DPS,TRK,014,10,1,1,NML,7,2025
3080.,A320,PKPWH,PAS,PAS206,PAS623,23/15:50,23/15:53,23/16:44,23/16:55,0:51:00,CGK,BPN,006,10,1,1,NML,7,2025
3081.,B739,PKLHY,LNI,LNI692,LNI692,23/15:57,23/16:01,23/17:05,23/17:20,1:04:00,CGK,KOE,012,10,1,1,NML,7,2025
3082.,A320,PKGQN,CTV,CTV669,CTV9694,23/16:09,23/16:12,23/16:55,23/17:08,0:43:00,DPS,DPS,007,10,1,1,NML,7,2025
3083.,A339,PKLER,LNI,LNI105,LNI100,23/12:48,23/12:56,23/16:54,23/17:05,3:58:00,JED,JED,A06,10,1,1,NML,7,2025
3084.,B739,PKLSO,LNI,LNI972,LNI226,23/16:06,23/16:12,23/17:25,23/17:31,1:13:00,BTH,BDJ,015,10,1,1,NML,7,2025
3085.,A320,PKAZJ,AWQ,AWQ323,AWQ326,23/17:17,23/17:22,23/17:57,23/18:02,0:35:00,KUL,KUL,A02,10,1,1,NML,7,2025
3086.,B738,PKLOR,LNI,LNI749,LNI838,23/15:54,23/15:58,23/17:51,23/17:59,1:53:00,MDC,PNK,017,10,1,1,NML,7,2025
3087.,B739,PKLGW,LNI,LNI695,LNI581,23/16:23,23/16:27,23/18:15,23/18:22,1:48:00,KOE,CGK,022,10,0,0,NML,7,2025
3088.,A320,PKPWD,PAS,PAS622,PAS207,23/17:22,23/17:26,23/18:12,23/18:27,0:46:00,BPN,CGK,006,10,1,1,NML,7,2025
3089.,B738,PKGMY,GIA,GIA320,GIA313,23/17:30,23/17:33,23/18:23,23/18:35,0:50:00,CGK,CGK,004,10,1,1,NML,7,2025
3090.,A320,PKSJI,SJV,SJV725,SJV716,23/17:38,23/17:43,23/18:38,23/18:45,0:55:00,LBJ,LOP,009,10,1,1,NML,7,2025
3091.,A320,PKBKF,BTK,BTK7503,BTK7502,23/19:03,23/19:09,23/19:57,23/20:11,0:48:00,HLP,HLP,011,10,1,1,NML,7,2025
3092.,B738,PKGNG,GIA,GIA349,GIA325,23/17:33,23/17:37,23/18:51,23/19:11,1:14:56,DPS,CGK,005,10,1,1,NML,7,2025
3093.,B738MAX,9VMBF,SIA,SIA928,SIA929,23/18:08,23/18:14,23/19:05,23/19:20,0:51:00,SIN,SIN,A07,10,1,1,NML,7,2025
3094.,A320,PKGQK,CTV,CTV949,CTV494,23/18:56,23/18:59,23/19:37,23/19:47,0:38:00,BTH,BDJ,006,10,1,1,NML,7,2025
3095.,A320,PKBKY,BTK,BTK6406,BTK7518,23/18:38,23/18:41,23/20:16,23/20:28,1:35:00,CGK,HLP,010,10,1,1,NML,7,2025
3096.,A320,PKGLV,CTV,CTV736,CTV352,23/19:08,23/19:12,23/19:50,23/20:03,0:38:00,CGK,UPG,007,10,1,1,NML,7,2025
3097.,A320,PKLUV,BTK,BTK7519,BTK7579,23/19:33,23/19:37,23/20:27,23/20:39,0:50:00,HLP,CGK,009,10,1,1,NML,7,2025
3098.,B738,PKGFJ,GIA,GIA326,GIA3354,23/19:19,23/19:21,23/20:06,23/20:20,0:45:00,CGK,HLP,005,10,1,1,NML,7,2025
3099.,B738,PKLSW,LNI,LNI923,LNI880,23/20:13,23/20:19,23/21:33,23/21:48,1:14:00,DPS,UPG,014,10,1,1,NML,7,2025
3100.,B738,PKGMV,GIA,GIA3304,GIA319,23/18:53,23/18:57,23/20:08,23/20:21,1:11:00,HLP,CGK,004,10,1,1,NML,7,2025
3101.,A320,PKGLX,CTV,CTV435,CTV173,23/19:17,23/19:23,23/20:23,23/20:38,1:00:00,BPN,HLP,012,10,1,1,NML,7,2025
3102.,A320,PKGQP,CTV,CTV172,CTV737,23/17:52,23/17:57,23/20:19,23/20:33,2:22:00,HLP,CGK,008,10,1,1,NML,7,2025
3103.,A320,PKLAL,BTK,BTK6586,BTK6587,23/21:02,23/21:06,23/21:48,23/21:59,0:42:00,CGK,CGK,009,10,1,1,NML,7,2025
3104.,B735,PKCLE,SJY,SJY567,SJY562,23/20:59,23/21:04,23/21:48,23/22:01,0:44:00,UPG,UPG,012,10,1,1,NML,7,2025
3105.,A320,PKGLU,CTV,CTV724,CTV354,23/20:51,23/20:56,23/21:42,23/21:54,0:46:00,CGK,UPG,007,10,1,1,NML,7,2025
3106.,B206,PKFBH,CUK,PKFBH,PKFBH,23/14:53,23/15:00,23/22:00,23/22:10,7:00:00,DPS,ZZZS,MH,10,0,0,NML,7,2025
3107.,A320,PKGLG,CTV,CTV489,CTV693,23/21:13,23/21:17,23/21:58,23/22:06,0:41:00,BDJ,DPS,008,10,1,1,NML,7,2025
3108.,A320,PKBKT,BTK,BTK6137,BTK6136,23/21:44,23/21:50,23/22:41,23/22:53,0:51:00,UPG,UPG,010,10,1,1,NML,7,2025
3109.,A320,PKAZJ,AWQ,AWQ327,AWQ320,23/23:31,23/23:36,24/05:00,24/05:12,5:24:00,KUL,KUL,A03,28,1,1,NML,7,2025
3110.,A320,PKLUS,BTK,BTK6578,BTK7508,23/20:01,23/20:05,24/05:04,24/05:15,8:59:00,CGK,HLP,016,10,1,1,NML,7,2025
3111.,A320,PKGQN,CTV,CTV9695,CTV430,23/19:43,23/19:47,24/05:00,24/05:10,9:13:00,DPS,BPN,006,28,1,1,NML,7,2025
3112.,B739,PKLHI,LNI,LNI983,LNI786,23/20:45,23/20:50,24/05:11,24/05:21,8:21:00,PKU,UPG,17A,28,0,0,NML,7,2025
3113.,A320,PKLUR,BTK,BTK7521,BTK6132,23/21:20,23/21:25,24/05:15,24/05:24,7:50:00,HLP,LOP,17B,28,0,0,NML,7,2025
3114.,B739,PKLJG,LNI,LNI690,LNI690,24/05:08,24/05:14,24/05:53,24/06:07,0:39:00,CGK,KOE,010,28,1,1,NML,7,2025
3115.,A320,PKGLI,CTV,CTV726,CTV725,23/21:26,23/21:30,24/05:50,24/06:00,8:20:00,CGK,CGK,005,28,1,1,NML,7,2025
3116.,A320,PKGLV,CTV,CTV353,CTV670,24/05:03,24/05:10,24/05:50,24/06:04,0:40:00,UPG,LOP,007,28,1,1,NML,7,2025
3117.,B739,PKLGY,LNI,LNI865,LNI266,23/19:22,24/00:47,24/05:57,24/06:11,10:29:00,LOP,BPN,012,28,1,1,NML,7,2025
3118.,B739,PKLHO,LNI,LNI727,LNI882,23/20:09,23/20:13,24/06:06,24/06:20,9:53:00,KDI,UPG,021,28,0,0,NML,7,2025
3119.,A320,V8RBD,RBA,RBA795,RBA796,23/19:54,23/19:59,24/05:49,24/06:06,9:50:00,BWN,BWN,A07,28,1,1,NML,7,2025
3120.,A320,PKLAZ,BTK,BTK6576,BTK6589,23/21:29,23/21:33,24/05:53,24/06:09,8:20:00,CGK,CGK,015,28,1,1,NML,7,2025
3121.,A320,PKSJQ,SJV,SJV673,SJV706,23/20:56,23/21:00,24/06:00,24/06:12,9:00:00,BEJ,DPS,023,28,0,0,NML,7,2025
3122.,A320,PKPWG,PAS,PAS202,PAS213,23/18:59,23/19:02,24/06:01,24/06:14,10:58:10,CGK,CGK,003,28,0,0,NML,7,2025
3123.,A320,PKAXY,AWQ,AWQ325,AWQ386,23/19:05,23/19:10,24/06:08,24/06:30,10:58:00,KUL,PEN,A01,28,1,1,NML,7,2025
3124.,A320,PKBKV,BTK,BTK6413,BTK6412,23/20:22,23/20:27,24/06:17,24/06:28,9:50:00,DPS,DPS,022,28,0,0,NML,7,2025
3125.,A320,PKSJK,SJV,SJV617,SJV640,23/20:48,23/20:53,24/06:46,24/06:58,9:53:00,BPN,AAP,024,28,0,0,NML,7,2025
3126.,C208,PKVVO,SUS,PKVVO,PKVVO,23/11:26,23/11:31,24/07:15,24/07:25,19:44:00,BXW,BXW,C06,28,0,0,NML,7,2025
3127.,A320,PKLAJ,BTK,BTK6588,BTK6135,23/22:32,23/22:35,24/06:53,24/07:05,8:18:00,CGK,PKN,014,28,1,1,NML,7,2025
3128.,B739,PKLSO,LNI,LNI311,LNI971,24/06:01,24/06:06,24/07:01,24/07:10,0:55:10,BDJ,BTH,016,28,1,1,NML,7,2025
3129.,A320,PKLAQ,BTK,BTK6370,BTK6597,24/06:17,24/06:25,24/07:06,24/07:17,0:41:00,CGK,CGK,009,28,1,1,NML,7,2025
3130.,B738,PKGFQ,GIA,GIA855,GIA305,23/20:26,23/23:05,24/07:02,24/07:08,10:30:00,SIN,CGK,004,28,1,1,NML,7,2025
3131.,B738,PKGUA,GIA,GIA328,GIA854,23/20:16,23/22:39,24/07:00,24/07:14,10:39:00,CGK,SIN,A02,28,1,1,NML,7,2025
3132.,A320,PKLUY,BTK,BTK7511,BTK7510,24/06:33,24/06:40,24/07:29,24/07:38,0:49:59,HLP,HLP,008,28,1,1,NML,7,2025
3133.,B739,PKLSK,LNI,LNI363,LNI646,24/06:22,24/06:28,24/07:23,24/07:34,0:55:58,BPN,LOP,015,28,1,1,NML,7,2025
3134.,A320,PKBKL,BTK,BTK6572,BTK6573,24/06:55,24/07:01,24/07:58,24/08:18,0:57:29,CGK,CGK,010,28,1,1,NML,7,2025
3135.,B739,PKLHH,LNI,LNI885,LNI6011,23/20:04,23/20:10,24/07:33,24/07:45,11:23:00,UPG,BDJ,018,10,0,0,NML,7,2025
3136.,B739,PKLHY,LNI,LNI693,LNI693,24/06:51,24/06:59,24/07:53,24/08:08,0:54:39,KOE,CGK,014,28,1,1,NML,7,2025
3137.,A320,PKGLG,CTV,CTV690,CTV460,24/06:44,24/06:48,24/07:38,24/07:57,0:50:00,DPS,AAP,006,28,1,1,NML,7,2025
3138.,B739,PKLHS,LNI,LNI929,LNI982,24/06:47,24/06:52,24/07:53,24/08:13,1:01:37,DPS,PKU,012,28,1,1,NML,7,2025
3139.,B739,PKLPK,LNI,LNI681,LNI856,23/16:36,23/16:42,24/08:06,24/08:15,15:24:00,PKY,PLM,025,10,0,0,NML,7,2025
3140.,A21N,B30FW,CSN,CSN8137,CSN8138,23/21:51,23/21:58,24/07:41,24/08:06,9:43:00,CAN,CAN,A06,28,1,1,NML,7,2025
3141.,A333,BHLT,CPA,CPA779,CPA780,23/18:15,23/18:21,24/08:07,24/08:24,13:46:00,HKG,HKG,A08,10,1,1,NML,7,2025
3142.,B739,PKLHQ,LNI,LNI267,LNI990,24/07:03,24/07:09,24/08:32,24/08:44,1:23:00,TRK,DPS,016,28,1,1,NML,7,2025
"3143.,DHC6,PKICP,PGT,PKICP,PKICP,22/11:14,22/11:18,24/07:45,24/07:55,""1 day, 20:27:00"",PAG,PAG,028,28,0,0,NML,7,2025"
3144.,B738,PKLZZ,MXD,MXD352,MXD353,23/19:25,23/19:31,24/08:31,24/08:42,13:00:00,KUL,KUL,A04,10,1,1,NML,7,2025
3145.,A320,PKLUR,BTK,BTK6133,BTK6391,24/08:04,24/08:09,24/08:55,24/09:06,0:46:00,LOP,CGK,009,10,1,1,NML,7,2025
3146.,B738,PKLQY,LNI,LNI837,LNI748,24/10:36,24/10:40,24/11:27,24/11:41,0:47:02,PNK,MDC,017,10,1,1,NML,7,2025
3147.,A320,PKGLR,CTV,CTV355,CTV9171,24/07:32,24/07:36,24/08:41,24/08:54,1:05:13,UPG,HLP,007,28,1,1,NML,7,2025
3148.,A320,PKSJF,SJV,SJV717,SJV618,24/05:57,24/06:02,24/08:56,24/09:08,2:54:18,LOP,BPN,017,10,1,1,NML,7,2025
3149.,B739,PKLHH,LNI,LNI315,LNI222,24/10:49,24/10:52,24/11:50,24/12:00,0:58:00,BDJ,BDJ,010,10,1,1,NML,7,2025
3150.,B738,PKGNH,GIA,GIA304,GIA342,24/08:11,24/08:19,24/09:17,24/09:32,0:58:00,CGK,DPS,004,10,1,1,NML,7,2025
3151.,A320,PKSJQ,SJV,SJV703,SJV612,24/08:22,24/08:28,24/09:26,24/09:36,0:58:00,DPS,BPN,012,10,1,1,NML,7,2025
3152.,A320,PKGLV,CTV,CTV671,CTV486,24/08:25,24/08:31,24/09:15,24/09:28,0:44:54,LOP,BDJ,006,10,1,1,NML,7,2025
3153.,B733,PKMYJ,MYU,MYU935,MYU815,24/09:25,24/09:30,24/10:06,24/10:15,0:35:34,SRG,CGK,C02,10,0,0,NML,7,2025
3154.,B738MAX,9MMVD,MAS,MAS871,MAS870,24/08:59,24/09:05,24/09:56,24/10:10,0:51:00,KUL,KUL,A07,10,1,1,NML,7,2025
3155.,A359,9VSHK,SIA,SIA922,SIA923,24/09:48,24/09:55,24/11:00,24/11:10,1:05:55,SIN,SIN,A08,10,1,1,NML,7,2025
3156.,A320,PKLAZ,BTK,BTK6584,BTK6585,24/09:45,24/09:49,24/10:33,24/10:47,0:44:00,CGK,CGK,009,10,1,1,NML,7,2025
3157.,A320,PKGLE,CTV,CTV351,CTV350,24/09:30,24/09:34,24/10:15,24/10:30,0:41:00,UPG,UPG,006,10,1,1,NML,7,2025
3158.,B739,PKLHO,LNI,LNI791,LNI706,24/10:04,24/10:08,24/11:03,24/11:14,0:55:00,UPG,UPG,016,10,1,1,NML,7,2025
3159.,A320,PKGQA,CTV,CTV722,CTV723,24/09:17,24/09:21,24/10:23,24/10:33,1:02:00,CGK,CGK,007,10,1,1,NML,7,2025
3160.,A20N,9VTNG,TGW,TGW296,TGW297,24/09:42,24/09:47,24/10:35,24/10:53,0:48:00,SIN,SIN,A02,10,1,1,NML,7,2025
3161.,B739,PKLFW,LNI,LNI970,LNI973,24/10:01,24/10:05,24/10:57,24/11:05,0:52:31,BTH,BTH,014,10,1,1,NML,7,2025
3162.,A320,PKPWG,PAS,PAS210,PAS211,24/09:33,24/09:35,24/10:29,24/10:46,0:54:24,CGK,CGK,005,10,1,1,NML,7,2025
3163.,A320,PKLAJ,BTK,BTK6134,BTK6346,24/09:37,24/09:40,24/10:39,24/10:55,0:59:00,PKN,BEJ,010,10,1,1,NML,7,2025
3164.,A320,PKLUU,BTK,BTK7513,BTK7516,24/10:07,24/10:11,24/11:01,24/11:12,0:50:00,HLP,HLP,012,10,1,1,NML,7,2025
3165.,EC25,VHHGM,GEN,VHHGM,VHHGM,24/09:56,24/10:01,24/11:13,24/11:20,1:12:20,LOP,SRG,H05,10,0,0,NML,7,2025
3166.,B739,PKLSK,LNI,LNI645,LNI697,24/10:13,24/10:18,24/11:21,24/11:32,1:03:16,LOP,CGK,015,10,1,1,NML,7,2025
3167.,B739,PKLJG,LNI,LNI697,LNI822,24/10:18,24/10:22,24/11:29,24/11:43,1:06:44,KOE,LOP,021,10,0,0,NML,7,2025
3168.,B739,PKLQR,LNI,LNI694,LNI694,24/10:28,24/10:33,24/11:33,24/11:46,1:00:14,CGK,KOE,023,10,0,0,NML,7,2025
3169.,B739,PKLHR,LNI,LNI683,LNI682,24/10:23,24/10:27,24/11:16,24/11:22,0:49:20,PKY,PKY,022,10,0,0,NML,7,2025
3170.,A320,PKAZJ,AWQ,AWQ321,AWQ322,24/10:40,24/10:44,24/11:25,24/11:37,0:41:58,KUL,KUL,A03,10,1,1,NML,7,2025
3171.,B738,PKGNC,GIA,GIA322,GIA327,24/09:51,24/09:54,24/11:29,24/11:44,1:35:00,CGK,CGK,004,10,1,1,NML,7,2025
3172.,A320,PKBKF,BTK,BTK7517,BTK7520,24/11:26,24/11:29,24/12:29,24/12:41,1:00:00,HLP,HLP,008,10,1,1,NML,7,2025
3173.,B739,PKLJI,LNI,LNI805,LNI804,24/10:56,24/11:00,24/11:55,24/12:06,0:55:08,DPS,DPS,014,10,1,1,NML,7,2025
3174.,A320,PKGLG,CTV,CTV461,CTV698,24/11:30,24/11:32,24/12:12,24/12:24,0:40:36,AAP,DPS,006,10,1,1,NML,7,2025
3175.,A320,PKLUV,BTK,BTK6582,BTK6581,24/12:15,24/12:19,24/13:23,24/13:33,1:04:00,CGK,CGK,010,10,1,1,NML,7,2025
3176.,A320,PKSJK,SJV,SJV643,SJV636,24/11:00,24/11:06,24/12:36,24/12:46,1:30:58,AAP,BDJ,009,10,1,1,NML,7,2025
3177.,B738,PKLHP,LNI,LNI801,LNI680,24/13:49,24/13:54,24/14:38,24/14:48,0:44:00,UPG,PKY,012,10,1,1,NML,7,2025
3178.,B739,PKLHS,LNI,LNI983,LNI780,24/13:41,24/13:45,24/15:06,24/15:17,1:21:00,PKU,UPG,016,10,1,1,NML,7,2025
3179.,B735,PKNAQ,LKN,LKN193,LKN192,24/11:38,24/11:41,24/12:23,24/12:32,0:42:35,PKN,PKN,012,10,1,1,NML,7,2025
3180.,A320,PKLAF,BTK,BTK6596,BTK6595,24/12:20,24/12:24,24/13:18,24/13:30,0:54:00,CGK,CGK,014,10,1,1,NML,7,2025
3181.,A320,PKAXY,AWQ,AWQ387,AWQ324,24/12:44,24/12:48,24/13:28,24/13:37,0:40:00,PEN,KUL,A03,10,1,1,NML,7,2025
3182.,A320,PKGLV,CTV,CTV487,CTV668,24/12:07,24/12:10,24/13:28,24/13:39,1:18:00,BDJ,DPS,007,10,1,1,NML,7,2025
3183.,A320,PKSAY,SJV,SJV611,SJV726,24/08:28,24/08:31,24/14:11,24/14:28,5:39:06,BPN,LBJ,018,10,0,0,NML,7,2025
3184.,B738,PKLOR,LNI,LNI839,LNI836,24/12:59,24/13:02,24/14:11,24/14:24,1:09:00,PNK,PNK,015,10,1,1,NML,7,2025
3185.,A320,PKGQN,CTV,CTV431,CTV948,24/13:34,24/13:39,24/14:20,24/14:38,0:41:00,BPN,BTH,006,10,1,1,NML,7,2025
3186.,B739,PKLQT,LNI,LNI919,LNI910,24/15:37,24/15:42,24/17:04,24/17:15,1:22:00,DPS,DPS,17B,10,0,0,NML,7,2025
3187.,A320,9VJSL,JSA,JSA247,JSA248,24/13:56,24/14:02,24/14:48,24/14:59,0:46:00,SIN,SIN,A07,10,1,1,NML,7,2025
3188.,B739,PKLJG,LNI,LNI823,LNI260,24/14:26,24/14:31,24/15:27,24/15:40,0:56:00,LOP,BPN,015,10,1,1,NML,7,2025
3189.,B739,PKLFO,LNI,LNI707,LNI886,24/15:27,24/15:31,24/16:28,24/16:42,0:57:00,UPG,UPG,010,10,1,1,NML,7,2025
3190.,A320,PKLUS,BTK,BTK7515,BTK7514,24/13:43,24/13:47,24/14:54,24/15:07,1:07:00,HLP,HLP,008,10,1,1,NML,7,2025
3191.,A320,PKPWK,PAS,PAS208,PAS209,24/13:46,24/13:48,24/14:55,24/15:12,1:07:00,CGK,CGK,005,10,1,1,NML,7,2025
3192.,B738,PKGFJ,GIA,GIA330,GIA331,24/14:01,24/14:04,24/15:04,24/15:14,1:00:00,HLP,HLP,004,10,1,1,NML,7,2025
3193.,B739,PKLGY,LNI,LNI261,LNI642,24/14:06,24/14:10,24/16:44,24/16:53,2:34:00,BPN,LOP,014,10,1,1,NML,7,2025
3194.,B738,PKGNG,GIA,GIA312,GIA317,24/14:45,24/14:50,24/15:48,24/16:03,0:58:00,CGK,CGK,006,10,1,1,NML,7,2025
3195.,B739,PKLHH,LNI,LNI223,LNI920,24/15:05,24/15:09,24/16:59,24/17:08,1:50:00,BDJ,DPS,17A,10,0,0,NML,7,2025
3196.,A320,PKGLG,CTV,CTV699,CTV434,24/15:00,24/15:05,24/15:40,24/15:52,0:35:00,DPS,BPN,007,10,1,1,NML,7,2025
3197.,B738,9MMSA,MAS,MAS873,MAS872,24/14:53,24/15:00,24/15:49,24/15:58,0:49:00,KUL,KUL,A04,10,1,1,NML,7,2025
3198.,A320,PKLAJ,BTK,BTK6347,BTK7512,24/15:09,24/15:14,24/16:00,24/16:09,0:46:00,BEJ,HLP,009,10,1,1,NML,7,2025
3199.,A320,PKBKF,BTK,BTK7501,BTK6401,24/16:00,24/16:04,24/17:05,24/17:17,1:01:00,HLP,CGK,008,10,1,1,NML,7,2025
3200.,B739,PKLHP,LNI,LNI681,LNI316,24/17:39,24/17:47,24/18:49,24/19:00,1:02:00,PKY,BDJ,022,10,0,0,NML,7,2025
3201.,B738,PKGNC,GIA,GIA310,GIA315,24/15:21,24/15:24,24/16:26,24/16:37,1:02:00,CGK,CGK,004,10,1,1,NML,7,2025
3202.,B738MAX,9VMBM,SIA,SIA926,SIA927,24/15:33,24/15:38,24/16:32,24/16:45,0:54:00,SIN,SIN,A07,10,1,1,NML,7,2025
3203.,A320,PKSJK,SJV,SJV637,SJV648,24/15:42,24/15:47,24/16:38,24/16:47,0:51:00,BDJ,BPN,012,10,1,1,NML,7,2025
3204.,A339,PKGHH,GIA,GIA975,GIA972,24/13:53,24/14:00,24/17:11,24/17:28,3:11:00,JED,MED,A08,10,1,1,NML,7,2025
3205.,A320,PKPWL,PAS,PAS206,PAS623,24/16:06,24/16:10,24/16:46,24/16:57,0:36:00,CGK,BPN,005,10,1,1,NML,7,2025
3206.,B739,PKLQR,LNI,LNI695,LNI268,24/16:17,24/16:22,24/17:05,24/17:30,0:43:00,KOE,TRK,016,10,1,1,NML,7,2025
3207.,A320,PKGLR,CTV,CTV9174,CTV715,24/15:48,24/15:53,24/16:43,24/16:55,0:50:00,HLP,CGK,007,10,1,1,NML,7,2025
3208.,B739,PKLGW,LNI,LNI692,LNI692,24/16:39,24/16:43,24/18:10,24/18:21,1:27:00,CGK,KOE,012,10,1,1,NML,7,2025
3209.,A339,PKLES,LNI,LNI105,LNI100,24/11:35,24/11:41,24/17:38,24/17:51,5:57:00,JED,JED,A06,10,1,1,NML,7,2025
3210.,A320,PKLUQ,BTK,BTK6578,BTK7579,24/17:06,24/17:11,24/17:53,24/18:06,0:42:00,CGK,CGK,009,10,1,1,NML,7,2025
3211.,A320,PKAZJ,AWQ,AWQ323,AWQ326,24/17:26,24/17:31,24/18:03,24/18:11,0:32:00,KUL,KUL,A01,10,1,1,NML,7,2025
3212.,B739,PKLSO,LNI,LNI972,LNI226,24/16:43,24/16:49,24/17:55,24/18:09,1:06:00,BTH,BDJ,15A,10,0,0,NML,7,2025
3213.,B738,PKLOH,LNI,LNI857,LNI838,24/13:28,24/13:33,24/19:00,24/19:10,5:27:00,PLM,PNK,021,10,0,0,NML,7,2025
3214.,B739,PKLSI,LNI,LNI787,LNI581,24/17:32,24/17:37,24/18:24,24/18:34,0:47:00,UPG,CGK,014,10,1,1,NML,7,2025
3215.,A320,PKPWG,PAS,PAS622,PAS207,24/17:10,24/17:13,24/18:04,24/18:19,0:51:00,BPN,CGK,005,10,1,1,NML,7,2025
3216.,B738,PKGNE,GIA,GIA320,GIA313,24/17:52,24/17:55,24/18:55,24/19:08,1:00:00,CGK,CGK,004,10,1,1,NML,7,2025
3217.,A320,PKSAY,SJV,SJV725,SJV716,24/17:57,24/18:02,24/19:07,24/19:17,1:05:00,LBJ,LOP,010,10,1,1,NML,7,2025
3218.,A320,PKLUU,BTK,BTK7503,BTK7502,24/17:49,24/17:52,24/18:39,24/18:54,0:47:00,HLP,HLP,008,10,1,1,NML,7,2025
3219.,B738,PKGNH,GIA,GIA349,GIA325,24/18:06,24/18:10,24/19:02,24/19:13,0:52:00,DPS,CGK,006,10,1,1,NML,7,2025
3220.,A320,PKGLX,CTV,CTV172,CTV173,24/18:03,24/18:07,24/18:55,24/19:05,0:48:00,HLP,HLP,007,10,1,1,NML,7,2025
3221.,B738MAX,9VMBK,SIA,SIA928,SIA929,24/18:16,24/18:23,24/19:16,24/19:36,0:53:00,SIN,SIN,A07,10,1,1,NML,7,2025
3222.,A320,PKGLI,CTV,CTV949,CTV494,24/18:44,24/18:49,24/19:29,24/19:40,0:40:00,BTH,BDJ,009,10,1,1,NML,7,2025
3223.,A320,PKGQA,CTV,CTV736,CTV352,24/18:48,24/18:53,24/19:31,24/19:45,0:38:00,CGK,UPG,008,10,1,1,NML,7,2025
3224.,B738,PKCRI,SJY,SJY567,SJY562,24/18:57,24/19:01,24/19:50,24/20:01,0:49:00,UPG,UPG,012,10,1,1,NML,7,2025
3225.,B738,PKLDJ,BTK,BTK6576,BTK6575,24/19:58,24/20:03,24/20:49,24/20:59,0:46:00,CGK,CGK,010,10,1,1,NML,7,2025
3226.,B739,PKLQY,LNI,LNI749,LNI880,24/17:20,24/17:25,24/20:16,24/20:30,2:51:00,MDC,UPG,15B,10,0,0,NML,7,2025
3227.,A320,PKLUR,BTK,BTK6406,BTK7518,24/18:00,24/18:04,24/19:57,24/20:07,1:53:00,CGK,HLP,018,10,0,0,NML,7,2025
3228.,B738,PKGFJ,GIA,GIA3304,GIA319,24/18:31,24/18:34,24/20:05,24/20:17,1:31:00,HLP,CGK,005,10,1,1,NML,7,2025
3229.,B738,PKGNG,GIA,GIA326,GIA3354,24/20:05,24/20:08,24/20:56,24/21:09,0:48:00,CGK,HLP,004,10,1,1,NML,7,2025
3230.,A320,PKGQH,CTV,CTV489,CTV693,24/20:15,24/20:19,24/20:54,24/21:05,0:35:00,BDJ,DPS,008,10,1,1,NML,7,2025
3231.,A320,PKGLY,CTV,CTV724,CTV354,24/20:49,24/20:53,24/21:30,24/21:41,0:37:00,CGK,UPG,006,10,1,1,NML,7,2025
3232.,A320,PKLUV,BTK,BTK6137,BTK6136,24/20:53,24/20:58,24/22:02,24/22:14,1:04:00,UPG,UPG,009,10,1,1,NML,7,2025
"3233.,A320,PKSJZ,SJV,SJV703,SJV610,23/08:41,23/08:45,25/05:05,25/05:18,""1 day, 20:20:00"",DPS,BPN,026,10,0,0,NML,7,2025"
3234.,A320,PKAZJ,AWQ,AWQ327,AWQ320,24/23:46,24/23:52,25/05:00,25/05:13,5:08:00,KUL,KUL,A03,10,1,1,NML,7,2025
3235.,B739,PKLHO,LNI,LNI883,LNI878,24/22:03,24/22:08,25/05:00,25/05:17,6:52:00,UPG,AMQ,15B,10,0,0,NML,7,2025
3236.,A320,PKBKV,BTK,BTK6413,BTK7508,24/20:03,24/20:07,25/04:56,25/05:15,8:49:00,DPS,HLP,014,10,1,1,NML,7,2025
3237.,A320,PKGLT,CTV,CTV726,CTV430,24/21:51,24/21:55,25/04:56,25/05:11,7:01:00,CGK,BPN,006,10,1,1,NML,7,2025
3238.,B739,PKLHP,LNI,LNI311,LNI786,25/06:09,25/06:13,25/07:15,25/07:31,1:02:00,BDJ,UPG,016,10,1,1,NML,7,2025
3239.,B738,PKGUH,GIA,GIA328,GIA301,24/20:26,24/20:29,25/05:05,25/05:20,8:36:00,CGK,CGK,005,10,1,1,NML,7,2025
3240.,A320,PKLAL,BTK,BTK6594,BTK6132,24/21:48,24/21:52,25/05:22,25/05:33,7:30:00,CGK,LOP,010,10,1,1,NML,7,2025
3241.,B738,PKLSF,LNI,LNI709,LNI868,24/20:36,24/20:42,25/05:37,25/05:48,8:55:00,UPG,TTE,016,10,1,1,NML,7,2025
3242.,B739,PKLFW,LNI,LNI690,LNI690,25/05:04,25/05:09,25/05:57,25/06:11,0:48:00,CGK,KOE,014,10,1,1,NML,7,2025
3243.,A320,PKGLG,CTV,CTV435,CTV725,24/19:25,24/19:29,25/05:48,25/06:01,10:19:00,BPN,CGK,007,10,1,1,NML,7,2025
3244.,A320,PKGLV,CTV,CTV353,CTV670,25/05:09,25/05:12,25/05:53,25/06:04,0:41:00,UPG,LOP,006,10,1,1,NML,7,2025
"3245.,A320,PKSJC,SJV,SJV619,SJV706,23/17:57,23/18:01,25/05:55,25/06:06,""1 day, 11:54:00"",BPN,DPS,020,10,0,0,NML,7,2025"
3246.,A320,PKLAQ,BTK,BTK6588,BTK6589,24/22:22,24/22:26,25/05:58,25/06:14,7:32:00,CGK,CGK,009,10,1,1,NML,7,2025
3247.,A320,PKSJF,SJV,SJV615,SJV640,24/20:44,24/20:47,25/06:11,25/06:18,9:24:00,BPN,AAP,024,10,0,0,NML,7,2025
3248.,A320,V8RBE,RBA,RBA795,RBA796,24/20:12,24/20:18,25/05:46,25/05:56,9:28:00,BWN,BWN,A06,10,1,1,NML,7,2025
3249.,B739,PKLQT,LNI,LNI923,LNI882,24/20:20,24/20:25,25/06:20,25/06:29,9:55:00,DPS,UPG,021,10,0,0,NML,7,2025
3250.,A320,PKPWD,PAS,PAS202,PAS213,24/18:51,24/18:55,25/05:58,25/06:13,11:03:00,CGK,CGK,003,10,0,0,NML,7,2025
3251.,A320,PKLUY,BTK,BTK7521,BTK6412,24/21:24,24/21:28,25/06:20,25/06:29,8:52:00,HLP,DPS,012,10,1,1,NML,7,2025
3252.,A320,PKSTF,SJV,SJV717,SJV566,25/05:59,25/06:07,25/06:54,25/07:08,0:47:00,LOP,PLW,010,10,1,1,NML,7,2025
3253.,C208,PKVVO,SUS,PKVVO,PKVVO,24/09:15,24/09:15,25/07:17,25/07:25,22:02:00,BXW,BXW,C07,10,0,0,NML,7,2025
3254.,A320,PKLAJ,BTK,BTK7519,BTK6135,24/19:02,24/19:07,25/06:58,25/07:11,11:51:00,HLP,PKN,15A,10,0,0,NML,7,2025
3255.,B739,PKLJI,LNI,LNI929,LNI971,25/07:33,25/07:36,25/08:32,25/08:48,0:56:00,DPS,BTH,15A,10,0,0,NML,7,2025
3256.,B738,PKGMP,GIA,GIA324,GIA854,24/23:53,25/01:10,25/06:55,25/07:04,6:56:00,CGK,SIN,A02,10,1,1,NML,7,2025
3257.,B738,PKGUA,GIA,GIA855,GIA305,24/20:28,25/00:56,25/06:59,25/07:00,10:23:00,SIN,CGK,004,10,1,1,NML,7,2025
3258.,B739,PKLSO,LNI,LNI315,LNI646,25/06:38,25/06:42,25/07:38,25/07:50,0:56:00,BDJ,LOP,014,10,1,1,NML,7,2025
3259.,A320,PKBKF,BTK,BTK6572,BTK6573,25/06:48,25/06:52,25/07:53,25/08:04,1:01:00,CGK,CGK,009,10,1,1,NML,7,2025
3260.,A320,PKLUR,BTK,BTK7511,BTK7510,25/06:35,25/06:38,25/07:25,25/07:37,0:47:00,HLP,HLP,008,10,1,1,NML,7,2025
3261.,A320,PKAXY,AWQ,AWQ325,AWQ392,24/19:19,24/19:25,25/07:26,25/07:36,12:01:00,KUL,JHB,A01,10,1,1,NML,7,2025
3262.,B739,PKLGW,LNI,LNI693,LNI693,25/06:55,25/06:59,25/07:47,25/07:58,0:48:00,KOE,CGK,012,10,1,1,NML,7,2025
3263.,A320,PKGQH,CTV,CTV690,CTV460,25/07:06,25/07:09,25/07:50,25/08:00,0:41:00,DPS,AAP,006,10,1,1,NML,7,2025
3264.,A333,BHLU,CPA,CPA779,CPA780,24/17:44,24/17:52,25/08:07,25/08:20,14:15:00,HKG,HKG,A08,10,1,1,NML,7,2025
3265.,B739,PKLQR,LNI,LNI267,LNI990,25/07:02,25/07:06,25/08:20,25/08:30,1:14:00,TRK,DPS,15B,10,0,0,NML,7,2025
3266.,B738,PKGUD,GIA,GIA314,GIA323,25/07:15,25/07:19,25/08:25,25/08:44,1:06:00,CGK,CGK,004,10,1,1,NML,7,2025
3267.,B738,PKLZO,MXD,MXD352,MXD353,24/19:33,24/19:39,25/08:39,25/08:49,13:00:00,KUL,KUL,A04,10,1,1,NML,7,2025
3268.,B739,PKLHR,LNI,LNI683,LNI748,25/10:31,25/10:36,25/11:44,25/11:55,1:08:00,PKY,MDC,015,10,1,1,NML,7,2025
3269.,A320,PKLAL,BTK,BTK6133,BTK6391,25/08:17,25/08:21,25/09:07,25/09:18,0:46:00,LOP,CGK,008,10,1,1,NML,7,2025
3270.,B739,PKLGY,LNI,LNI865,LNI856,24/19:15,24/19:20,25/09:19,25/09:37,13:59:00,LOP,PLM,17A,10,0,0,NML,7,2025
3271.,B738,PKGNM,GIA,GIA304,GIA342,25/08:10,25/08:13,25/09:17,25/09:28,1:04:00,CGK,DPS,005,10,1,1,NML,7,2025
3272.,A320,PKSJC,SJV,SJV703,SJV612,25/08:28,25/08:32,25/09:22,25/09:46,0:50:00,DPS,BPN,012,10,1,1,NML,7,2025
3273.,A320,PKPWE,PAS,PAS200,PAS201,25/08:13,25/08:16,25/09:11,25/09:24,0:55:00,CGK,CGK,006,10,1,1,NML,7,2025
3274.,A320,PKGLV,CTV,CTV671,CTV486,25/08:34,25/08:37,25/09:18,25/09:32,0:41:00,LOP,BDJ,007,10,1,1,NML,7,2025
3275.,B739,PKLHL,LNI,LNI970,LNI222,25/09:12,25/09:16,25/09:59,25/10:12,0:43:00,BTH,BDJ,014,10,1,1,NML,7,2025
3276.,C208,PKVVO,SUS,PKVVO,PKVVO,25/09:14,25/09:18,25/09:52,25/10:05,0:34:00,BXW,JOG,C07,10,0,0,NML,7,2025
3277.,B737MAX,9MMVK,MAS,MAS871,MAS870,25/08:57,25/09:03,25/09:46,25/10:01,0:43:00,KUL,KUL,A07,10,1,1,NML,7,2025
3278.,B206,PKZGK,SGI,PKZGK,PKZGK,25/10:12,25/10:13,25/11:10,25/11:11,0:57:00,FBH,SRG,H05,10,0,0,NML,7,2025
3279.,A359,9VSHW,SIA,SIA922,SIA923,25/09:07,25/09:13,25/10:12,25/10:25,0:59:00,SIN,SIN,A08,10,1,1,NML,7,2025
3280.,A320,PKLAQ,BTK,BTK6584,BTK6585,25/09:52,25/09:58,25/10:48,25/10:59,0:50:00,CGK,CGK,008,10,1,1,NML,7,2025
3281.,A320,PKGQF,CTV,CTV351,CTV350,25/09:35,25/09:38,25/10:15,25/10:29,0:37:00,UPG,UPG,006,10,1,1,NML,7,2025
3282.,A320,PKSAA,SJV,SJV649,SJV632,25/07:55,25/07:58,25/10:22,25/10:33,2:24:00,BPN,BDJ,018,10,0,0,NML,7,2025
3283.,A320,9VTRP,TGW,TGW296,TGW297,25/09:30,25/09:34,25/10:28,25/10:41,0:54:00,SIN,SIN,A02,10,1,1,NML,7,2025
3284.,A320,PKLUW,BTK,BTK7513,BTK7516,25/09:49,25/09:53,25/10:37,25/10:46,0:44:00,HLP,HLP,009,10,1,1,NML,7,2025
3285.,A320,PKLAJ,BTK,BTK6134,BTK6346,25/09:59,25/10:03,25/10:56,25/11:05,0:53:00,PKN,BEJ,010,10,1,1,NML,7,2025
3286.,B739,PKLSO,LNI,LNI645,LNI822,25/10:34,25/10:39,25/11:37,25/11:51,0:58:00,LOP,LOP,17A,10,0,0,NML,7,2025
3287.,B739,PKLFW,LNI,LNI697,LNI697,25/10:38,25/10:43,25/11:42,25/11:59,0:59:00,KOE,CGK,016,10,1,1,NML,7,2025
3288.,B739,PKLSL,LNI,LNI787,LNI682,25/13:55,25/13:59,25/14:47,25/14:59,0:48:00,UPG,PKY,017,10,1,1,NML,7,2025
3289.,A320,PKAZJ,AWQ,AWQ321,AWQ322,25/10:53,25/10:58,25/11:35,25/11:45,0:37:00,KUL,KUL,A03,10,1,1,NML,7,2025
3290.,B739,PKLFO,LNI,LNI791,LNI973,25/11:27,25/11:31,25/12:29,25/12:44,0:58:00,UPG,BTH,010,10,1,1,NML,7,2025
3291.,B739,PKLGU,LNI,LNI261,LNI706,25/10:18,25/10:21,25/11:26,25/11:38,1:05:00,BPN,UPG,012,10,1,1,NML,7,2025
3292.,A320,PKGLR,CTV,CTV722,CTV723,25/10:43,25/10:47,25/11:34,25/11:47,0:47:00,CGK,CGK,006,10,1,1,NML,7,2025
3293.,B738,PKGNC,GIA,GIA322,GIA327,25/10:09,25/10:12,25/11:34,25/11:49,1:22:00,CGK,CGK,004,10,1,1,NML,7,2025
3294.,A320,PKBKU,BTK,BTK7517,BTK7520,25/10:49,25/10:53,25/11:48,25/12:05,0:55:00,HLP,HLP,008,10,1,1,NML,7,2025
3295.,B739,PKLGW,LNI,LNI694,LNI694,25/11:24,25/11:29,25/12:26,25/12:40,0:57:00,CGK,KOE,018,10,0,0,NML,7,2025
3296.,B739,PKLQR,LNI,LNI805,LNI804,25/11:08,25/11:12,25/12:27,25/12:42,1:15:00,DPS,DPS,014,10,1,1,NML,7,2025
3297.,A320,PKGQH,CTV,CTV461,CTV698,25/11:39,25/11:43,25/12:25,25/12:38,0:42:00,AAP,DPS,005,10,1,1,NML,7,2025
3298.,A320,PKBKP,BTK,BTK6582,BTK6581,25/11:53,25/11:57,25/12:51,25/13:01,0:54:00,CGK,CGK,008,10,1,1,NML,7,2025
3299.,A320,PKGQE,CTV,CTV9693,CTV9692,25/11:30,25/11:34,25/12:21,25/12:31,0:47:00,DPS,DPS,007,10,1,1,NML,7,2025
3300.,A320,PKSJV,SJV,SJV619,SJV636,24/18:55,24/18:58,25/12:40,25/12:50,17:42:00,BPN,BDJ,17B,10,0,0,NML,7,2025
3301.,G100,N24ZD,AR7,N24ZD,N24ZD,25/11:43,25/11:47,25/14:15,25/14:25,2:28:00,XSP,XSP,C01,10,0,0,NML,7,2025
3302.,B735,PKNAQ,LKN,LKN193,LKN242,25/12:00,25/12:03,25/12:43,25/12:55,0:40:00,PKN,SMQ,009,10,1,1,NML,7,2025
3303.,B738,PKLSF,LNI,LNI869,LNI722,25/11:56,25/12:00,25/13:20,25/13:30,1:20:00,TTE,KDI,012,10,1,1,NML,7,2025
3304.,GLF4,PKBON,CEO,PKBON,PKBON,25/11:36,25/11:38,25/11:52,25/11:59,0:14:00,HLP,WGP,001,10,0,0,NML,7,2025
3305.,B738,PKLJS,LNI,LNI837,LNI680,25/13:35,25/13:41,25/14:24,25/14:33,0:43:00,PNK,PKY,015,10,1,1,NML,7,2025
3306.,A320,PKPWI,PAS,PAS204,PAS205,25/12:02,25/12:06,25/13:16,25/13:27,1:10:00,CGK,CGK,004,10,1,1,NML,7,2025
3307.,A320,PKAXY,AWQ,AWQ393,AWQ324,25/12:32,25/12:37,25/13:44,25/13:53,1:07:00,JHB,KUL,A03,10,1,1,NML,7,2025
3308.,A320,PKGLV,CTV,CTV487,CTV668,25/12:11,25/12:15,25/13:32,25/13:46,1:17:00,BDJ,DPS,006,10,1,1,NML,7,2025
3309.,B739,PKLQT,LNI,LNI223,LNI260,25/13:44,25/13:48,25/14:38,25/14:51,0:50:00,BDJ,BPN,014,10,1,1,NML,7,2025
3310.,B738,PKLOR,LNI,LNI839,LNI836,25/12:52,25/12:56,25/14:06,25/14:14,1:10:00,PNK,PNK,016,10,1,1,NML,7,2025
3311.,A320,PKSAA,SJV,SJV633,SJV726,25/14:26,25/14:30,25/15:21,25/15:32,0:51:00,BDJ,LBJ,009,10,1,1,NML,7,2025
3312.,A320,PKGLT,CTV,CTV431,CTV948,25/13:47,25/13:51,25/14:45,25/14:54,0:54:00,BPN,BTH,007,10,1,1,NML,7,2025
3313.,B739,PKLGY,LNI,LNI857,LNI910,25/13:38,25/13:42,25/14:58,25/15:16,1:16:00,PLM,DPS,010,10,1,1,NML,7,2025
3314.,A320,9VJSK,JSA,JSA247,JSA248,25/13:58,25/14:04,25/14:54,25/15:07,0:50:00,SIN,SIN,A07,10,1,1,NML,7,2025
3315.,B738,PKGUH,GIA,GIA312,GIA317,25/13:42,25/13:45,25/14:44,25/15:04,0:59:00,CGK,CGK,004,10,1,1,NML,7,2025
3316.,A320,PKLUR,BTK,BTK7515,BTK7514,25/14:36,25/14:42,25/15:30,25/15:41,0:48:00,HLP,HLP,008,10,1,1,NML,7,2025
3317.,A320,PKPWK,PAS,PAS208,PAS209,25/13:51,25/13:54,25/14:54,25/15:12,1:00:00,CGK,CGK,006,10,1,1,NML,7,2025
3318.,B738,PKGNG,GIA,GIA330,GIA331,25/14:02,25/14:06,25/15:15,25/15:31,1:09:00,HLP,HLP,005,10,1,1,NML,7,2025
3319.,B739,PKLHO,LNI,LNI879,LNI642,25/14:57,25/15:00,25/16:05,25/16:15,1:05:00,AMQ,LOP,012,10,1,1,NML,7,2025
3320.,A320,PKLUF,BTK,BTK6596,BTK6595,25/15:25,25/15:30,25/16:25,25/16:35,0:55:00,CGK,CGK,009,10,1,1,NML,7,2025
3321.,B739,PKLQR,LNI,LNI919,LNI920,25/15:46,25/15:50,25/16:48,25/17:00,0:58:00,DPS,DPS,016,10,1,1,NML,7,2025
3322.,A320,PKGQH,CTV,CTV699,CTV434,25/15:10,25/15:14,25/15:50,25/15:59,0:36:00,DPS,BPN,007,10,1,1,NML,7,2025
3323.,A320,PKLAZ,BTK,BTK6578,BTK7512,25/17:02,25/17:07,25/17:58,25/18:11,0:51:00,CGK,HLP,012,10,1,1,NML,7,2025
3324.,A320,PKLAJ,BTK,BTK6347,BTK6401,25/15:43,25/15:46,25/16:45,25/16:55,0:59:00,BEJ,CGK,17A,10,0,0,NML,7,2025
3325.,B735,PKNAQ,LKN,LKN243,LKN192,25/15:28,25/15:32,25/16:09,25/16:20,0:37:00,SMQ,PKN,010,10,1,1,NML,7,2025
3326.,B738,HSLUQ,TLM,TLM268,TLM269,25/15:14,25/15:20,25/16:26,25/16:37,1:06:00,DMK,DMK,A04,10,1,1,NML,7,2025
3327.,B738MAX,9VMBH,SIA,SIA926,SIA927,25/15:35,25/15:41,25/16:36,25/16:51,0:55:00,SIN,SIN,A08,10,1,1,NML,7,2025
3328.,B738,PKGNC,GIA,GIA310,GIA315,25/15:39,25/15:42,25/16:45,25/17:06,1:03:00,CGK,CGK,004,10,1,1,NML,7,2025
3329.,A320,PKSJF,SJV,SJV643,SJV648,25/15:01,25/15:05,25/17:12,25/17:21,2:07:00,AAP,BPN,018,10,0,0,NML,7,2025
3330.,A320,PKPWD,PAS,PAS206,PAS623,25/15:49,25/15:53,25/16:38,25/16:49,0:45:00,CGK,BPN,005,10,1,1,NML,7,2025
3331.,B739,PKLSO,LNI,LNI823,LNI268,25/15:05,25/15:09,25/16:57,25/17:08,1:48:00,LOP,TRK,020,10,0,0,NML,7,2025
3332.,B739,PKLSK,LNI,LNI692,LNI692,25/17:36,25/17:41,25/18:22,25/18:35,0:41:00,CGK,KOE,017,10,1,1,NML,7,2025
3333.,A320,PKGQE,CTV,CTV669,CTV9694,25/16:27,25/16:31,25/17:02,25/17:15,0:31:00,DPS,DPS,006,10,1,1,NML,7,2025
3334.,B739,PKLFK,LNI,LNI707,LNI226,25/15:18,25/15:22,25/19:34,25/19:47,4:12:00,UPG,BDJ,015,10,1,1,NML,7,2025
3335.,A320,PKLAM,BTK,BTK6406,BTK7579,25/16:32,25/16:37,25/17:57,25/18:09,1:20:00,CGK,CGK,008,10,1,1,NML,7,2025
3336.,B739,PKLGY,LNI,LNI923,LNI581,25/18:21,25/18:25,25/19:23,25/19:35,0:58:00,DPS,CGK,012,10,1,1,NML,7,2025
3337.,A320,PKAZJ,AWQ,AWQ323,AWQ326,25/17:14,25/17:17,25/17:49,25/17:58,0:32:00,KUL,KUL,A03,10,1,1,NML,7,2025
3338.,B738,PKLJS,LNI,LNI681,LNI838,25/17:30,25/17:35,25/18:47,25/18:58,1:12:00,PKY,PNK,016,10,1,1,NML,7,2025
3339.,A320,PKPWF,PAS,PAS622,PAS207,25/17:22,25/17:26,25/18:17,25/18:29,0:51:00,BPN,CGK,006,10,1,1,NML,7,2025
3340.,B738,9MMXG,MAS,MAS875,MAS874,25/17:33,25/17:40,25/18:28,25/18:40,0:48:00,KUL,KUL,A02,10,1,1,NML,7,2025
3341.,B738,PKGFF,GIA,GIA320,GIA313,25/17:27,25/17:30,25/18:33,25/18:46,1:03:00,CGK,CGK,004,10,1,1,NML,7,2025
3342.,A320,PKSAA,SJV,SJV725,SJV716,25/18:54,25/18:58,25/19:48,25/19:57,0:50:00,LBJ,LOP,009,10,1,1,NML,7,2025
3343.,A320,PKBKU,BTK,BTK7503,BTK7502,25/19:09,25/19:13,25/20:24,25/20:33,1:11:00,HLP,HLP,016,10,1,1,NML,7,2025
3344.,B738,PKGFR,GIA,GIA349,GIA325,25/18:06,25/18:09,25/19:08,25/19:24,0:59:00,DPS,CGK,005,10,1,1,NML,7,2025
3345.,A320,PKGLX,CTV,CTV172,CTV173,25/18:13,25/18:16,25/18:58,25/19:11,0:42:00,HLP,HLP,008,10,1,1,NML,7,2025
3346.,B738MAX,9VMBM,SIA,SIA928,SIA929,25/18:17,25/18:22,25/19:18,25/19:33,0:56:00,SIN,SIN,A01,10,1,1,NML,7,2025
3347.,A320,PKBLD,BTK,BTK6576,BTK6575,25/18:44,25/18:48,25/21:40,25/21:49,2:51:58,CGK,CGK,17B,10,0,0,NML,7,2025
3348.,B788,9VOFA,TGW,TGW266,TGW267,25/18:37,25/18:41,25/19:52,25/20:07,1:11:00,SIN,SIN,A06,10,1,1,NML,7,2025
3349.,A320,PKGQQ,CTV,CTV949,CTV494,25/19:06,25/19:11,25/19:56,25/20:09,0:45:00,BTH,BDJ,008,10,1,1,NML,7,2025
3350.,A320,PKBKR,BTK,BTK7501,BTK7518,25/17:47,25/17:55,25/20:06,25/20:17,2:11:00,HLP,HLP,018,10,0,0,NML,7,2025
3351.,B739,PKLHO,LNI,LNI865,LNI880,25/19:00,25/19:07,25/21:20,25/21:31,2:13:00,LOP,UPG,17A,10,0,0,NML,7,2025
3352.,B738,PKGUA,GIA,GIA326,GIA3354,25/19:31,25/19:34,25/20:40,25/20:52,1:06:00,CGK,HLP,005,10,1,1,NML,7,2025
3353.,B738,PKGNG,GIA,GIA3304,GIA319,25/18:50,25/18:53,25/20:14,25/20:25,1:21:00,HLP,CGK,004,10,1,1,NML,7,2025
3354.,A339,PKGHH,GIA,GIA973,GIA3192,25/17:19,25/17:27,25/20:51,25/21:05,3:24:00,MED,CGK,A07,10,1,1,NML,7,2025
3355.,A320,PKGQG,CTV,CTV736,CTV352,25/19:40,25/19:44,25/20:24,25/20:35,0:40:00,CGK,UPG,012,10,1,1,NML,7,2025
3356.,A320,PKLUT,BTK,BTK6586,BTK6587,25/20:31,25/20:37,25/22:04,25/22:15,1:27:00,CGK,CGK,009,10,1,1,NML,7,2025
3357.,A320,PKGLR,CTV,CTV489,CTV737,25/21:21,25/21:26,25/22:13,25/22:23,0:47:00,BDJ,CGK,016,10,1,1,NML,7,2025
3358.,A320,PKGQH,CTV,CTV435,CTV693,25/19:25,25/19:29,25/22:21,25/22:33,2:52:00,BPN,DPS,003,10,0,0,NML,7,2025
3359.,B738,PKCRI,SJY,SJY567,SJY562,25/20:48,25/20:53,25/21:42,25/21:55,0:49:00,UPG,UPG,012,10,1,1,NML,7,2025
3360.,A320,PKGLU,CTV,CTV724,CTV354,25/21:03,25/21:06,25/21:40,25/21:52,0:34:00,CGK,UPG,005,10,1,1,NML,7,2025
3361.,A320,PKLAL,BTK,BTK6137,BTK6136,25/21:29,25/21:34,25/22:21,25/22:30,0:47:00,UPG,UPG,17A,10,0,0,NML,7,2025
3362.,H800XP,VHRIO,SEL,VHRIO,VHRIO,25/22:09,25/22:12,25/23:45,25/23:50,1:33:00,XSP,XSP,030,28,0,0,NML,7,2025
3363.,A339,PKGHI,GIA,GIA6031,GIA974,25/17:55,26/00:09,26/02:35,26/02:50,8:34:00,UPG,JED,A07,28,1,1,NML,7,2025
3364.,A320,PKLAI,BTK,BTK6588,BTK7508,25/22:49,25/22:52,26/04:53,26/05:07,6:01:00,CGK,HLP,009,28,1,1,NML,7,2025
3365.,A320,PKAZJ,AWQ,AWQ327,AWQ320,25/23:26,25/23:31,26/05:01,26/05:12,5:30:00,KUL,KUL,A03,28,1,1,NML,7,2025
3366.,A320,PKSJV,SJV,SJV637,SJV610,25/16:05,25/16:10,26/06:38,26/06:51,14:28:00,BDJ,BPN,021,28,0,0,NML,7,2025
3367.,A320,PKGQN,CTV,CTV726,CTV430,25/21:36,25/21:41,26/05:06,26/05:18,7:25:00,CGK,BPN,C04,28,0,0,NML,7,2025
3368.,B738,PKGMP,GIA,GIA855,GIA301,25/21:12,26/00:22,26/05:07,26/05:16,7:50:00,SIN,CGK,005,28,1,1,NML,7,2025
3369.,A320,PKBKV,BTK,BTK7521,BTK6132,25/21:16,25/21:22,26/05:22,26/05:32,8:00:00,HLP,LOP,C03,28,0,0,NML,7,2025
3370.,A320,PKLAZ,BTK,BTK7519,BTK6589,25/21:07,25/21:13,26/05:24,26/05:35,8:11:00,HLP,CGK,026,28,0,0,NML,7,2025
3371.,B739,PKLSI,LNI,LNI690,LNI690,26/05:01,26/05:06,26/05:47,26/05:54,0:41:00,CGK,KOE,012,28,1,1,NML,7,2025
3372.,A320,PKGQE,CTV,CTV9695,CTV725,25/19:44,25/19:49,26/05:51,26/06:02,10:02:00,DPS,CGK,025,28,0,0,NML,7,2025
3373.,A320,PKGLV,CTV,CTV353,CTV670,26/05:04,26/05:13,26/05:50,26/05:58,0:37:00,UPG,LOP,007,28,1,1,NML,7,2025
3374.,A320,PKSAW,SJV,SJV619,SJV706,25/18:47,25/18:59,26/06:22,26/06:29,11:23:00,BPN,DPS,024,28,0,0,NML,7,2025
3375.,A320,PKSJF,SJV,SJV615,SJV640,25/20:56,25/21:00,26/05:58,26/06:11,8:58:00,BPN,AAP,018,28,0,0,NML,7,2025
3376.,B739,PKLHR,LNI,LNI749,LNI882,25/17:40,25/17:46,26/06:10,26/06:22,12:24:00,MDC,UPG,020,28,0,0,NML,7,2025
3377.,A320,V8RBA,RBA,RBA795,RBA796,25/19:59,25/20:06,26/06:00,26/06:13,9:54:00,BWN,BWN,A06,28,1,1,NML,7,2025
3378.,B739,PKLGW,LNI,LNI695,LNI266,25/17:10,25/17:15,26/05:55,26/06:09,12:40:00,KOE,BPN,014,28,1,1,NML,7,2025
3379.,A320,PKPWJ,PAS,PAS202,PAS213,25/18:56,25/18:58,26/05:56,26/06:07,10:58:00,CGK,CGK,006,28,1,1,NML,7,2025
3380.,A320,PKAXY,AWQ,AWQ325,AWQ386,25/19:28,25/19:33,26/06:10,26/06:20,10:37:00,KUL,PEN,A01,28,1,1,NML,7,2025
3381.,A320,PKBKP,BTK,BTK6594,BTK6412,25/23:03,25/23:09,26/06:26,26/06:36,7:17:00,CGK,DPS,016,28,1,1,NML,7,2025
3382.,B733,PKMYJ,MYU,MYU935,MYU934,25/08:00,25/08:50,26/06:45,26/06:59,21:55:00,SRG,SIN,C02,28,0,0,NML,7,2025
3383.,B738MAX,PKOFI,AFE,AFE921,AFE921,26/05:37,26/05:43,26/06:42,26/06:52,0:59:00,CGK,TIM,005,28,1,1,NML,7,2025
3384.,A320,PKSJG,SJV,SJV717,SJV634,26/06:05,26/06:10,26/07:21,26/07:34,1:11:00,LOP,BDJ,012,10,1,1,NML,7,2025
3385.,A320,PKSTF,SJV,SJV567,SJV566,25/13:32,26/00:25,26/07:24,26/07:35,17:46:00,PLW,PLW,017,10,1,1,NML,7,2025
3386.,B739,PKLJI,LNI,LNI972,LNI971,25/18:02,25/18:08,26/07:32,26/07:41,13:24:00,BTH,BTH,023,10,0,0,NML,7,2025
3387.,A320,PKBKG,BTK,BTK6370,BTK6597,26/07:03,26/07:10,26/08:26,26/09:38,1:16:00,CGK,CGK,009,10,1,1,NML,7,2025
3388.,B739,PKLFY,LNI,LNI885,LNI6011,25/20:12,25/20:17,26/06:53,26/07:01,10:35:36,UPG,BDJ,15A,28,0,0,NML,7,2025
3389.,A320,PKLUY,BTK,BTK6134,BTK6597A,26/09:58,26/10:02,26/10:55,26/11:07,0:53:00,PKN,CGK,016,10,1,1,NML,7,2025
3390.,A320,PKLUY,BTK,BTK6413,BTK6135,25/20:41,25/20:47,26/07:06,26/07:15,10:19:00,DPS,PKN,15B,10,0,0,NML,7,2025
3391.,B738,PKGMV,GIA,GIA328,GIA854,25/20:05,26/00:06,26/07:02,26/07:11,10:53:00,CGK,SIN,A02,10,1,1,NML,7,2025
3392.,B738,PKGNM,GIA,GIA324,GIA305,25/21:32,25/21:35,26/06:59,26/07:13,9:24:00,CGK,CGK,004,10,1,1,NML,7,2025
3393.,A320,PKBKF,BTK,BTK6572,BTK6573,26/07:22,26/07:33,26/09:01,26/09:11,1:28:00,CGK,CGK,015,10,1,1,NML,7,2025
3394.,B739,PKLQT,LNI,LNI363,LNI646,26/06:17,26/06:25,26/10:15,26/10:31,3:50:00,BPN,LOP,014,10,1,1,NML,7,2025
3395.,A320,PKBKR,BTK,BTK7511,BTK7510,26/06:49,26/06:55,26/08:00,26/08:11,1:05:00,HLP,HLP,008,10,1,1,NML,7,2025
3396.,B739,PKLSK,LNI,LNI693,LNI693,26/06:46,26/06:53,26/07:46,26/07:56,0:53:00,KOE,CGK,016,10,1,1,NML,7,2025
3397.,A320,PKGQH,CTV,CTV690,CTV460,26/06:54,26/07:00,26/07:33,26/07:44,0:33:00,DPS,AAP,006,10,1,1,NML,7,2025
3398.,B738,PKLSF,LNI,LNI727,LNI982,25/17:43,25/17:49,26/07:58,26/08:07,14:09:00,KDI,PKU,022,10,0,0,NML,7,2025
3399.,FA8X,MPTGG,AFI,MPTGG,MPTGG,26/08:02,26/08:09,26/08:28,26/08:40,0:19:00,XSP,DHX,A01,10,0,0,NML,7,2025
3400.,A21N,B32M9,CSN,CSN8137,CSN8138,25/21:25,25/21:32,26/07:50,26/08:05,10:18:00,CAN,CAN,A04,10,1,1,NML,7,2025
3401.,A339,PKLES,LNI,LNI101,LNI102,25/16:58,25/17:08,26/08:14,26/08:31,15:06:00,JED,JED,A05,10,1,1,NML,7,2025
3402.,A333,BHLT,CPA,CPA779,CPA780,25/18:32,25/18:38,26/08:21,26/08:34,13:43:00,HKG,HKG,A08,10,1,1,NML,7,2025
3403.,B739,PKLSO,LNI,LNI267,LNI990,26/06:58,26/07:03,26/08:20,26/08:32,1:17:00,TRK,DPS,018,10,0,0,NML,7,2025
"3404.,DHC6,PKICP,PGT,PKICP,PKICP,24/11:00,24/11:05,26/07:48,26/07:55,""1 day, 20:43:00"",PAG,PAG,028,10,0,0,NML,7,2025"
3405.,B738,PKLZZ,MXD,MXD352,MXD353,25/19:21,25/19:26,26/08:54,26/09:02,13:28:00,KUL,KUL,C01,10,0,0,NML,7,2025
3406.,B738,PKLOH,LNI,LNI837,LNI748,26/11:25,26/11:29,26/12:16,26/12:28,0:47:00,PNK,MDC,016,10,1,1,NML,7,2025
3407.,A320,PKBKV,BTK,BTK6133,BTK6391,26/07:58,26/08:02,26/08:47,26/08:57,0:45:00,LOP,CGK,012,10,1,1,NML,7,2025
3408.,A320,9VJSU,JSA,JSA249,JSA250,26/08:24,26/08:30,26/09:23,26/09:40,0:53:00,SIN,SIN,A07,10,1,1,NML,7,2025
3409.,B738,PKGUG,GIA,GIA304,GIA342,26/08:19,26/08:22,26/09:18,26/09:31,0:56:00,CGK,DPS,004,10,1,1,NML,7,2025
3410.,A320,PKGLV,CTV,CTV671,CTV486,26/08:28,26/08:30,26/09:23,26/09:36,0:53:00,LOP,BDJ,006,10,1,1,NML,7,2025
3411.,B738MAX,9MMVF,MAS,MAS871,MAS870,26/08:59,26/09:06,26/09:54,26/10:09,0:48:00,KUL,KUL,A03,10,1,1,NML,7,2025
3412.,A359,9VSHF,SIA,SIA922,SIA923,26/09:16,26/09:21,26/10:23,26/10:35,1:02:00,SIN,SIN,A08,10,1,1,NML,7,2025
3413.,A320,PKGLT,CTV,CTV351,CTV350,26/09:34,26/09:38,26/10:19,26/10:33,0:41:00,UPG,UPG,007,10,1,1,NML,7,2025
3414.,B739,PKLFY,LNI,LNI311,LNI706,26/09:37,26/09:41,26/10:49,26/11:01,1:08:00,BDJ,UPG,015,10,1,1,NML,7,2025
3415.,A320,PKSAW,SJV,SJV703,SJV632,26/08:55,26/08:59,26/12:10,26/12:24,3:11:00,DPS,BDJ,010,10,1,1,NML,7,2025
3416.,B739,PKLGW,LNI,LNI367,LNI856,26/10:11,26/10:16,26/11:17,26/11:24,1:01:00,BPN,PLM,017,10,1,1,NML,7,2025
3417.,A320,9VTRM,TGW,TGW296,TGW297,26/10:01,26/10:06,26/11:13,26/11:13,1:07:00,SIN,SIN,A02,10,1,1,NML,7,2025
3418.,A320,PKPWJ,PAS,PAS210,PAS211,26/09:42,26/09:46,26/10:34,26/10:46,0:48:00,CGK,CGK,005,10,1,1,NML,7,2025
3419.,A320,PKLAJ,BTK,BTK6584,BTK6346,26/11:49,26/11:54,26/12:49,26/13:00,0:55:00,CGK,BEJ,012,10,1,1,NML,7,2025
3420.,A320,PKLUU,BTK,BTK7513,BTK7516,26/09:47,26/09:52,26/10:47,26/10:56,0:55:00,HLP,HLP,008,10,1,1,NML,7,2025
3421.,B739,PKLHH,LNI,LNI791,LNI822,26/09:54,26/09:58,26/11:36,26/11:47,1:38:00,UPG,LOP,012,10,1,1,NML,7,2025
3422.,A320,PKSJF,SJV,SJV641,SJV642,26/10:05,26/10:08,26/11:01,26/11:15,0:53:00,AAP,AAP,020,10,0,0,NML,7,2025
3423.,B739,PKLSI,LNI,LNI697,LNI697,26/10:19,26/10:24,26/11:17,26/11:28,0:53:00,KOE,CGK,021,10,0,0,NML,7,2025
3424.,FA8X,MPTGG,AFI,MPTGG,MPTGG,26/09:53,26/09:57,26/10:20,26/10:32,0:23:00,DHX,XSP,A5T,10,0,0,NML,7,2025
3425.,B739,PKLHQ,LNI,LNI683,LNI682,26/10:24,26/10:28,26/12:02,26/12:18,1:34:00,PKY,PKY,014,10,1,1,NML,7,2025
3426.,A320,PKAZJ,AWQ,AWQ321,AWQ322,26/10:39,26/10:44,26/11:21,26/11:31,0:37:00,KUL,KUL,A03,10,1,1,NML,7,2025
3427.,A320,PKBKR,BTK,BTK7517,BTK7520,26/11:17,26/11:21,26/12:18,26/12:32,0:56:31,HLP,HLP,009,10,1,1,NML,7,2025
3428.,B738,PKGMI,GIA,GIA322,GIA327,26/10:07,26/10:14,26/11:36,26/11:45,1:22:00,CGK,CGK,004,10,1,1,NML,7,2025
3429.,B739,PKLGJ,LNI,LNI694,LNI694,26/10:58,26/11:03,26/11:54,26/12:04,0:50:18,CGK,KOE,15A,10,0,0,NML,7,2025
3430.,A320,PKLAM,BTK,BTK6582,BTK6581,26/11:33,26/11:37,26/12:36,26/12:46,0:58:42,CGK,CGK,17B,10,0,0,NML,7,2025
3431.,B739,PKLQT,LNI,LNI645,LNI910,26/12:56,26/13:00,26/14:03,26/14:13,1:03:00,LOP,DPS,010,10,1,1,NML,7,2025
3432.,B739,PKLSO,LNI,LNI805,LNI804,26/11:04,26/11:09,26/12:09,26/12:22,1:00:00,DPS,DPS,15B,10,0,0,NML,7,2025
3433.,A320,PKGQH,CTV,CTV461,CTV698,26/11:11,26/11:13,26/11:57,26/12:11,0:43:51,AAP,DPS,006,10,1,1,NML,7,2025
3434.,A320,PKBKG,BTK,BTK6597A,BTK6585,26/08:40,26/10:56,26/16:36,26/16:45,7:52:00,SUB,CGK,025,10,0,1,NML,7,2025
"3435.,A339,PKLER,LNI,LNI101,LNI104,24/17:02,26/07:53,26/12:15,26/12:30,""1 day, 19:05:00"",JED,JED,A06,10,1,1,NML,7,2025"
3436.,A320,PKSTF,SJV,SJV567,SJV636,26/11:29,26/11:34,26/12:46,26/12:58,1:12:00,PLW,BDJ,17A,10,0,0,NML,7,2025
3437.,B739,PKLSR,LNI,LNI801,LNI780,26/12:20,26/12:25,26/13:25,26/13:36,1:00:00,UPG,UPG,014,10,1,1,NML,7,2025
3438.,B739,PKLSL,LNI,LNI929,LNI680,26/10:15,26/10:18,26/13:36,26/13:47,3:18:00,DPS,PKY,018,10,0,0,NML,7,2025
3439.,A320,PKPWN,PAS,PAS204,PAS205,26/11:58,26/12:02,26/13:14,26/13:30,1:12:00,CGK,CGK,005,10,1,1,NML,7,2025
3440.,A320,PKAXY,AWQ,AWQ387,AWQ324,26/12:34,26/12:39,26/13:17,26/13:28,0:38:00,PEN,KUL,A03,10,1,1,NML,7,2025
3441.,A320,PKGLG,CTV,CTV9693,CTV9692,26/12:08,26/12:11,26/13:18,26/13:33,1:07:00,DPS,DPS,006,10,1,1,NML,7,2025
3442.,B735,PKNAT,LKN,LKN671,LKN670,26/10:48,26/10:52,26/13:36,26/13:49,2:44:00,TMC,TMC,008,10,1,1,NML,7,2025
3443.,A320,PKGLV,CTV,CTV487,CTV668,26/12:13,26/12:16,26/13:25,26/13:40,1:09:00,BDJ,DPS,007,10,1,1,NML,7,2025
3444.,A320,PKSJG,SJV,SJV635,SJV726,26/10:29,26/10:36,26/15:56,26/16:06,5:20:00,BDJ,LBJ,022,10,0,0,NML,7,2025
3445.,A320,PKGQN,CTV,CTV431,CTV948,26/13:52,26/13:55,26/14:34,26/14:46,0:39:00,BPN,BTH,007,10,1,1,NML,7,2025
3446.,B739,PKLHH,LNI,LNI823,LNI920,26/14:27,26/14:31,26/15:36,26/15:48,1:05:00,LOP,DPS,016,10,1,1,NML,7,2025
3447.,B738,PKGUI,GIA,GIA312,GIA317,26/13:38,26/13:42,26/14:48,26/15:00,1:06:00,CGK,CGK,004,10,1,1,NML,7,2025
3448.,A320,PKBKU,BTK,BTK7515,BTK7514,26/13:56,26/14:00,26/14:55,26/15:04,0:55:00,HLP,HLP,009,10,1,1,NML,7,2025
3449.,B739,PKLFY,LNI,LNI707,LNI642,26/15:41,26/15:45,26/16:48,26/16:59,1:03:00,UPG,LOP,014,10,1,1,NML,7,2025
3450.,B738,PKGUA,GIA,GIA330,GIA331,26/14:11,26/14:14,26/15:13,26/15:25,0:59:00,HLP,HLP,005,10,1,1,NML,7,2025
3451.,B738,PKLJS,LNI,LNI839,LNI836,26/13:34,26/13:38,26/15:15,26/15:28,1:37:00,PNK,PNK,015,10,1,1,NML,7,2025
3452.,A320,PKLAZ,BTK,BTK6596,BTK6595,26/14:42,26/14:45,26/15:45,26/15:55,1:00:00,CGK,CGK,008,10,1,1,NML,7,2025
3453.,,,BTK,-,BTK6595D,--:--,--:--,--:--,--:--,None,-,CGK,None,-,-1,-,NML,7,2025
3454.,B739,PKLGW,LNI,LNI857,LNI262,26/15:26,26/15:30,26/16:18,26/16:26,0:48:00,PLM,BPN,012,10,1,1,NML,7,2025
3455.,A320,PKSAW,SJV,SJV633,SJV614,26/15:30,26/15:34,26/16:44,26/16:54,1:10:00,BDJ,BPN,015,10,1,1,NML,7,2025
3456.,A320,PKGQH,CTV,CTV699,CTV434,26/14:50,26/14:53,26/15:42,26/15:53,0:49:00,DPS,BPN,006,10,1,1,NML,7,2025
3457.,A320,PKBKR,BTK,BTK7501,BTK7512,26/15:46,26/15:50,26/17:00,26/17:12,1:10:00,HLP,HLP,009,10,1,1,NML,7,2025
3458.,B738MAX,9MMVM,MAS,MAS873,MAS872,26/14:57,26/15:03,26/15:57,26/16:07,0:54:00,KUL,KUL,A07,10,1,1,NML,7,2025
3459.,A320,PKSJF,SJV,SJV643,SJV672,26/14:55,26/15:00,26/16:02,26/16:10,1:02:00,AAP,BEJ,010,10,1,1,NML,7,2025
3460.,A320,PKBKV,BTK,BTK6406,BTK6401,26/16:18,26/16:21,26/17:33,26/17:44,1:12:00,CGK,CGK,026,10,0,0,NML,7,2025
3461.,B739,PKLGJ,LNI,LNI695,LNI316,26/16:24,26/16:29,26/17:16,26/17:31,0:47:00,KOE,BDJ,017,10,1,1,NML,7,2025
3462.,A320,PKSTF,SJV,SJV637,SJV648,26/16:03,26/16:07,26/17:07,26/17:22,1:00:00,BDJ,BPN,008,10,1,1,NML,7,2025
3463.,B738,PKGFP,GIA,GIA310,GIA315,26/15:23,26/15:26,26/16:26,26/16:40,1:00:00,CGK,CGK,004,10,1,1,NML,7,2025
3464.,B738MAX,PKOFI,AFE,AFE920,AFE920,26/15:37,26/15:40,26/16:21,26/16:34,0:41:00,TIM,CGK,007,10,1,1,NML,7,2025
3465.,A320,PKPWA,PAS,PAS206,PAS623,26/15:59,26/16:02,26/16:40,26/16:50,0:38:00,CGK,BPN,005,10,1,1,NML,7,2025
3466.,B739,PKLSO,LNI,LNI919,LNI268,26/15:02,26/15:06,26/17:07,26/17:18,2:01:00,DPS,TRK,018,10,0,0,NML,7,2025
3467.,A320,PKSJR,SJV,SJV363,SJV362,26/16:14,26/16:19,26/17:53,26/18:05,1:34:00,KNO,KNO,010,10,1,1,NML,7,2025
3468.,B739,PKLSP,LNI,LNI692,LNI692,26/16:27,26/16:32,26/17:36,26/17:47,1:04:00,CGK,KOE,012,10,1,1,NML,7,2025
3469.,A320,PKGLG,CTV,CTV669,CTV9694,26/16:21,26/16:24,26/17:13,26/17:24,0:49:00,DPS,DPS,006,10,1,1,NML,7,2025
3470.,B739,PKLFO,LNI,LNI972,LNI226,26/18:09,26/18:13,26/18:59,26/19:10,0:46:00,BTH,BDJ,015,10,1,1,NML,7,2025
3471.,A320,PKLUV,BTK,BTK6578,BTK7579,26/18:30,26/18:35,26/19:20,26/19:31,0:45:00,CGK,CGK,010,10,1,1,NML,7,2025
3472.,A320,PKAZJ,AWQ,AWQ323,AWQ326,26/17:08,26/17:12,26/17:41,26/17:54,0:29:00,KUL,KUL,A03,10,1,1,NML,7,2025
3473.,B738,PKLOH,LNI,LNI749,LNI838,26/17:52,26/17:55,26/18:50,26/19:00,0:55:00,MDC,PNK,014,10,1,1,NML,7,2025
3474.,E135,T7JCI,AFS,T7JCI,T7JCI,26/17:05,26/17:10,26/17:42,26/17:55,0:32:00,XSP,CGK,A09,10,0,0,NML,7,2025
3475.,A320,PKPWF,PAS,PAS622,PAS207,26/17:15,26/17:18,26/18:05,26/18:18,0:47:00,BPN,CGK,006,10,1,1,NML,7,2025
3476.,B738,PKGMA,GIA,GIA320,GIA313,26/17:26,26/17:29,26/18:20,26/18:33,0:51:00,CGK,CGK,004,10,1,1,NML,7,2025
3477.,A320,PKSJG,SJV,SJV725,SJV716,26/19:33,26/19:38,26/20:33,26/20:50,0:55:00,LBJ,LOP,012,10,1,1,NML,7,2025
3478.,A320,PKLUU,BTK,BTK7503,BTK7502,26/17:42,26/17:45,26/18:35,26/18:48,0:50:00,HLP,HLP,009,10,1,1,NML,7,2025
3479.,B739,PKLFY,LNI,LNI865,LNI800,26/19:26,26/19:30,26/20:24,26/20:37,0:54:00,LOP,UPG,014,10,1,1,NML,7,2025
3480.,B733,PKMYJ,MYU,MYU935,MYU815,26/14:05,26/14:10,26/14:34,26/14:44,0:24:00,SRG,CGK,C02,10,0,0,NML,7,2025
3481.,B738,PKGUG,GIA,GIA349,GIA325,26/17:29,26/17:32,26/18:51,26/19:04,1:19:00,DPS,CGK,005,10,1,1,NML,7,2025
3482.,A320,PKGLX,CTV,CTV172,CTV173,26/17:56,26/18:00,26/18:59,26/19:12,0:59:00,HLP,HLP,007,10,1,1,NML,7,2025
3483.,B738MAX,9VMBJ,SIA,SIA928,SIA929,26/18:14,26/18:20,26/19:10,26/19:25,0:50:00,SIN,SIN,A07,10,1,1,NML,7,2025
3484.,B739,PKLSL,LNI,LNI681,LNI581,26/16:32,26/16:35,26/19:09,26/19:21,2:34:00,PKY,CGK,020,10,0,0,NML,7,2025
3485.,A320,PKBLC,BTK,BTK6576,BTK6575,26/18:36,26/18:40,26/19:52,26/20:03,1:12:00,CGK,CGK,016,10,1,1,NML,7,2025
3486.,A320,PKGQE,CTV,CTV949,CTV494,26/18:43,26/18:47,26/19:27,26/19:41,0:40:00,BTH,BDJ,008,10,1,1,NML,7,2025
3487.,B738,PKCRI,SJY,SJY567,SJY562,26/18:03,26/18:07,26/18:55,26/19:06,0:48:00,UPG,UPG,012,10,1,1,NML,7,2025
3488.,A320,PKBKR,BTK,BTK7519,BTK7518,26/20:01,26/20:06,26/20:44,26/20:56,0:38:00,HLP,HLP,010,10,1,1,NML,7,2025
3489.,A320,PKGLI,CTV,CTV736,CTV352,26/18:46,26/18:50,26/19:43,26/19:54,0:53:00,CGK,UPG,009,10,1,1,NML,7,2025
3490.,B738,PKGFI,GIA,GIA326,GIA3354,26/19:28,26/19:32,26/20:25,26/20:44,0:53:30,CGK,HLP,005,10,1,1,NML,7,2025
3491.,B738,PKGUA,GIA,GA3304,GIA319,26/18:54,26/18:58,26/19:59,26/20:11,1:01:00,HLP,CGK,004,10,1,1,NML,7,2025
3492.,A320,PKGQH,CTV,CTV435,CTV737,26/19:19,26/19:22,26/20:27,26/20:48,1:05:22,BPN,CGK,007,10,1,1,NML,7,2025
3493.,A320,PKGQS,CTV,CTV724,CTV354,26/19:39,26/19:42,26/20:39,26/20:54,0:57:35,CGK,UPG,008,10,1,1,NML,7,2025
3494.,A320,PKGLR,CTV,CTV489,CTV693,26/20:34,26/20:38,26/21:16,26/21:27,0:38:34,BDJ,DPS,007,10,1,1,NML,7,2025
3495.,A320,PKBLB,BTK,BTK6137,BTK6136,26/19:56,26/20:01,26/21:57,26/22:06,1:55:24,UPG,UPG,018,10,0,0,NML,7,2025
3496.,A320,PKLUJ,BTK,BTK6588,BTK7508,26/22:57,26/23:01,27/04:59,27/05:13,5:58:00,CGK,HLP,010,10,1,1,NML,7,2025
3497.,A320,PKSTF,SJV,SJV615,SJV610,26/20:42,26/20:47,27/05:03,27/05:45,8:16:27,BPN,BPN,021,10,0,0,NML,7,2025
3498.,A320,PKAZJ,AWQ,AWQ327,AWQ320,26/23:14,26/23:18,27/04:59,27/05:11,5:41:00,KUL,KUL,A03,10,1,1,NML,7,2025
3499.,B739,PKLHP,LNI,LNI885,LNI878,26/20:52,26/20:55,27/05:24,27/05:37,8:29:00,UPG,AMQ,020,28,0,0,NML,7,2025
3500.,A320,PKGQI,CTV,CTV726,CTV430,26/21:10,26/21:16,27/04:53,27/05:07,7:37:00,CGK,BPN,008,10,1,1,NML,7,2025
3501.,B739,PKLHL,LNI,LNI983,LNI786,26/22:26,26/22:32,27/05:19,27/05:32,6:47:00,PKU,UPG,022,10,0,0,NML,7,2025
3502.,B738,PKGUI,GIA,GIA328,GIA301,26/19:49,26/21:30,27/05:08,27/05:22,9:15:00,CGK,CGK,004,10,1,0,NML,7,2025
3503.,A320,PKLAJ,BTK,BTK6347,BTK6132,26/17:19,26/17:23,27/05:28,27/05:40,12:05:00,BEJ,LOP,025,28,0,0,NML,7,2025
3504.,A320,PKBKY,BTK,BTK7521,BTK6589,26/20:46,26/20:51,27/05:19,27/05:34,8:28:00,HLP,CGK,014,10,1,1,NML,7,2025
3505.,B738,PKLKV,LNI,LNI6026,LNI868,26/22:43,26/22:48,27/05:46,27/05:59,6:58:17,DPS,TTE,023,28,0,0,NML,7,2025
3506.,A339,PKGHI,GIA,GIA975,GIA974,27/03:04,27/03:13,27/05:51,27/06:18,2:38:00,JED,JED,A06,10,1,1,NML,7,2025
3507.,B739,PKLSL,LNI,LNI690,LNI690,27/05:05,27/05:09,27/05:51,27/06:02,0:42:27,CGK,KOE,011,28,1,1,NML,7,2025
3508.,A320,PKGLG,CTV,CTV9695,CTV725,26/19:45,26/19:50,27/05:48,27/06:04,9:58:29,DPS,CGK,009,28,1,1,NML,7,2025
3509.,B739,PKLJI,LNI,LNI923,LNI971,26/22:30,26/22:34,27/07:14,27/07:23,8:40:00,DPS,BTH,018,28,0,0,NML,7,2025
3510.,A320,PKSTT,SJV,SJV717,SJV706,27/06:14,27/06:19,27/07:09,27/07:18,0:50:00,LOP,DPS,014,28,1,1,NML,7,2025
3511.,A320,PKSJL,SJV,SJV619,SJV640,26/17:59,26/18:03,27/05:58,27/06:08,11:55:26,BPN,AAP,024,28,0,0,NML,7,2025
3512.,A320,PKGLV,CTV,CTV353,CTV484,27/05:09,27/05:13,27/05:55,27/06:06,0:42:33,UPG,BDJ,007,28,1,1,NML,7,2025
3513.,A320,PKPWJ,PAS,PAS202,PAS213,26/18:49,26/18:53,27/06:00,27/06:12,11:07:00,CGK,CGK,006,28,1,1,NML,7,2025
3514.,A320,PKBKP,BTK,BTK6413,BTK6412,26/20:38,26/20:44,27/06:18,27/06:28,9:34:00,DPS,DPS,017,28,1,1,NML,7,2025
3515.,A320,PKSAW,SJV,SJV617,SJV634,26/20:22,26/20:27,27/06:32,27/06:39,10:05:00,BPN,BDJ,015,28,1,1,NML,7,2025
3516.,A320,PKSTC,SJV,SJV649,SJV566,27/07:43,27/07:51,27/08:30,27/08:41,0:39:00,BPN,PLW,010,10,1,1,NML,7,2025
3517.,A320,PKLAF,BTK,BTK6594,BTK6135,26/21:34,26/21:37,27/06:51,27/07:03,9:14:00,CGK,PKN,012,28,1,1,NML,7,2025
3518.,B738,PKGMV,GIA,GIA855,GIA854,26/21:01,26/21:08,27/06:59,27/07:14,9:51:00,SIN,SIN,A02,28,1,1,NML,7,2025
3519.,B738,PKGFG,GIA,GIA324,GIA305,26/21:07,26/21:10,27/07:05,27/07:16,9:55:00,CGK,CGK,005,28,1,1,NML,7,2025
3520.,A320,PKBKG,BTK,BTK6572,BTK6573,27/06:41,27/06:47,27/07:44,27/07:54,0:57:00,CGK,CGK,008,28,1,1,NML,7,2025
3521.,A320,PKLUO,BTK,BTK7511,BTK7510,27/06:48,27/06:52,27/07:38,27/07:40,0:46:00,HLP,HLP,009,28,1,1,NML,7,2025
3522.,A320,PKAXY,AWQ,AWQ325,AWQ392,26/19:08,26/19:13,27/07:27,27/07:37,12:14:00,KUL,JHB,A01,28,1,1,NML,7,2025
3523.,B739,PKLSP,LNI,LNI693,LNI693,27/06:45,27/06:50,27/07:38,27/07:46,0:48:00,KOE,CGK,010,28,1,1,NML,7,2025
3524.,A320,PKGLR,CTV,CTV690,CTV460,27/06:53,27/07:02,27/07:38,27/07:48,0:36:00,DPS,AAP,006,28,1,1,NML,7,2025
3525.,A333,BHLV,CPA,CPA779,CPA780,26/18:40,26/18:45,27/08:15,27/08:29,13:30:00,HKG,HKG,A08,28,1,1,NML,7,2025
3526.,B739,PKLSO,LNI,LNI267,LNI990,27/07:04,27/07:10,27/08:19,27/08:28,1:09:00,TRK,DPS,012,28,1,1,NML,7,2025
3527.,B738,PKGUA,GIA,GIA314,GIA323,27/07:11,27/07:16,27/08:31,27/08:43,1:15:00,CGK,CGK,004,10,1,1,NML,7,2025
3528.,B739,PKLGW,LNI,LNI363,LNI646,27/07:52,27/07:57,27/08:58,27/09:05,1:01:00,BPN,LOP,015,10,1,1,NML,7,2025
3529.,B738,PKLZM,MXD,MXD352,MXD353,26/19:22,26/19:28,27/08:42,27/08:51,13:14:00,KUL,KUL,A04,10,1,1,NML,7,2025
3530.,B739,PKLJG,LNI,LNI315,LNI222,27/08:00,27/08:06,27/08:51,27/09:02,0:45:00,BDJ,BDJ,014,10,1,1,NML,7,2025
3531.,B738,PKLOH,LNI,LNI837,LNI748,27/08:06,27/08:10,27/09:00,27/09:10,0:50:00,PNK,MDC,016,10,1,1,NML,7,2025
3532.,A320,PKLAJ,BTK,BTK6133,BTK6391,27/08:20,27/08:26,27/09:23,27/09:33,0:57:00,LOP,CGK,008,10,1,1,NML,7,2025
3533.,B739,PKLHJ,LNI,LNI929,LNI856,27/07:01,27/07:05,27/08:58,27/09:07,1:53:00,DPS,PLM,011,10,1,1,NML,7,2025
3534.,B738,PKGNM,GIA,GIA304,GIA342,27/08:13,27/08:19,27/09:13,27/09:25,0:54:00,CGK,DPS,005,10,1,1,NML,7,2025
3535.,A320,PKSAW,SJV,SJV635,SJV612,27/09:36,27/09:39,27/10:58,27/11:09,1:19:00,BDJ,BPN,012,10,1,1,NML,7,2025
3536.,A320,PKPWK,PAS,PAS200,PAS201,27/08:09,27/08:14,27/09:09,27/09:19,0:55:00,CGK,CGK,006,10,1,1,NML,7,2025
3537.,A320,PKGLV,CTV,CTV485,CTV486,27/08:31,27/08:38,27/09:20,27/09:31,0:42:00,BDJ,BDJ,007,10,1,1,NML,7,2025
3538.,A320,PKSTT,SJV,SJV703,SJV642,27/09:40,27/09:42,27/10:38,27/10:48,0:56:00,DPS,AAP,011,10,1,1,NML,7,2025
"3539.,GLEX,VPCGO,AFI,VPCGO,VPCGO,25/19:15,25/19:19,27/09:27,27/09:33,""1 day, 14:08:00"",HLP,CGK,A10,10,0,0,NML,7,2025"
3540.,B738MAX,9MMVC,MAS,MAS871,MAS870,27/09:00,27/09:06,27/09:57,27/10:08,0:51:00,KUL,KUL,A07,10,1,1,NML,7,2025
"3541.,GLF4,PKBON,CEO,PKBON,PKBON,25/15:22,27/08:44,27/11:02,27/11:05,""1 day, 19:36:00"",WGP,HLP,001,10,0,0,NML,7,2025"
3542.,A359,9VSHT,SIA,SIA922,SIA923,27/08:53,27/08:59,27/10:03,27/10:16,1:04:00,SIN,SIN,A08,10,1,1,NML,7,2025
3543.,A320,PKGQK,CTV,CTV351,CTV350,27/09:17,27/09:19,27/10:15,27/10:28,0:56:00,UPG,UPG,006,10,1,1,NML,7,2025
3544.,A320,PKSTC,SJV,SJV567,SJV632,27/12:39,27/12:42,27/13:37,27/13:48,0:55:00,PLW,BDJ,015,10,1,1,NML,7,2025
3545.,A320,PKGLY,CTV,CTV722,CTV723,27/09:27,27/09:31,27/10:22,27/10:31,0:51:00,CGK,CGK,007,10,1,1,NML,7,2025
3546.,B739,PKLFO,LNI,LNI311,LNI822,27/06:10,27/06:15,27/10:43,27/10:52,4:28:00,BDJ,LOP,020,10,0,0,NML,7,2025
3547.,A320,9VTRN,TGW,TGW296,TGW297,27/09:49,27/09:54,27/10:39,27/10:49,0:45:00,SIN,SIN,A02,10,1,1,NML,7,2025
3548.,B739,PKLSL,LNI,LNI697,LNI262,27/10:26,27/10:29,27/11:22,27/11:31,0:53:00,KOE,BPN,015,10,1,1,NML,7,2025
3549.,B739,PKLGL,LNI,LNI970,LNI973,27/10:00,27/10:03,27/10:55,27/11:04,0:52:00,BTH,BTH,014,10,1,1,NML,7,2025
3550.,A320,PKLAF,BTK,BTK6134,BTK6346,27/09:44,27/09:47,27/10:42,27/10:54,0:55:00,PKN,BEJ,009,10,1,1,NML,7,2025
3551.,A320,PKBKU,BTK,BTK7513,BTK7516,27/10:10,27/10:13,27/10:55,27/11:06,0:42:00,HLP,HLP,010,10,1,1,NML,7,2025
3552.,B739,PKLSI,LNI,LNI694,LNI694,27/10:50,27/10:55,27/11:48,27/12:02,0:53:00,CGK,KOE,017,10,1,1,NML,7,2025
3553.,A320,PKLAZ,BTK,BTK6584,BTK6585,27/11:24,27/11:29,27/12:15,27/12:25,0:46:00,CGK,CGK,010,10,1,1,NML,7,2025
3554.,B739,PKLHQ,LNI,LNI683,LNI682,27/10:18,27/10:21,27/11:08,27/11:18,0:47:00,PKY,PKY,016,10,1,1,NML,7,2025
3555.,A320,PKAZJ,AWQ,AWQ321,AWQ322,27/10:42,27/10:48,27/11:24,27/11:35,0:36:00,KUL,KUL,A03,10,1,1,NML,7,2025
3556.,A320,PKBKR,BTK,BTK7517,BTK7520,27/10:38,27/10:45,27/11:29,27/11:39,0:44:00,HLP,HLP,009,10,1,1,NML,7,2025
3557.,B738,PKGUF,GIA,GIA322,GIA327,27/10:06,27/10:09,27/11:36,27/11:47,1:27:00,CGK,CGK,004,10,1,1,NML,7,2025
3558.,A320,PKGLR,CTV,CTV461,CTV698,27/11:16,27/11:21,27/12:41,27/12:54,1:20:00,AAP,DPS,008,10,1,1,NML,7,2025
3559.,B739,PKLSO,LNI,LNI805,LNI804,27/12:28,27/12:31,27/13:32,27/13:45,1:01:00,DPS,DPS,010,10,1,1,NML,7,2025
3560.,B739,PKLGW,LNI,LNI645,LNI706,27/11:49,27/11:53,27/14:06,27/14:20,2:13:00,LOP,UPG,011,10,1,1,NML,7,2025
3561.,A320,PKBLB,BTK,BTK6582,BTK6581,27/12:52,27/12:56,27/13:52,27/14:05,0:56:00,CGK,CGK,008,10,1,1,NML,7,2025
3562.,A339,PKLES,LNI,LNI103,LNI104,27/08:24,27/08:28,27/12:08,27/12:22,3:40:00,JED,JED,A06,10,1,1,NML,7,2025
3563.,A320,PKGQN,CTV,CTV9693,CTV9692,27/11:33,27/11:36,27/12:23,27/12:36,0:47:00,DPS,DPS,006,10,1,1,NML,7,2025
3564.,B739,PKLJG,LNI,LNI223,LNI680,27/11:44,27/11:48,27/13:53,27/14:03,2:05:00,BDJ,PKY,014,10,1,1,NML,7,2025
3565.,A320,PKSJF,SJV,SJV673,SJV636,26/20:26,27/07:30,27/14:31,27/14:42,17:59:00,BEJ,BDJ,024,10,0,1,NML,7,2025
3566.,B739,PKLQT,LNI,LNI801,LNI780,27/13:01,27/13:04,27/14:05,27/14:18,1:01:00,UPG,UPG,017,10,1,1,NML,7,2025
3567.,B738,PKLKV,LNI,LNI869,LNI722,27/12:00,27/12:04,27/13:17,27/13:30,1:13:00,TTE,KDI,009,10,1,1,NML,7,2025
3568.,B735,PKNAQ,LKN,LKN193,LKN192,27/12:08,27/12:12,27/12:43,27/13:03,0:31:00,PKN,PKN,012,10,1,1,NML,7,2025
3569.,A320,PKBKF,BTK,BTK6596,BTK6595,27/14:44,27/14:50,27/15:55,27/16:06,1:05:00,CGK,CGK,008,10,1,1,NML,7,2025
3570.,A320,PKPWC,PAS,PAS204,PAS205,27/11:54,27/11:58,27/13:18,27/13:33,1:20:00,CGK,CGK,005,10,1,1,NML,7,2025
3571.,A320,PKAXY,AWQ,AWQ393,AWQ324,27/12:20,27/12:25,27/13:18,27/13:28,0:53:00,JHB,KUL,A03,10,1,1,NML,7,2025
3572.,A320,PKGLV,CTV,CTV487,CTV668,27/12:13,27/12:16,27/13:28,27/13:40,1:12:00,BDJ,DPS,007,10,1,1,NML,7,2025
3573.,B735,PKNAS,LKN,LKN243,LKN242,27/12:55,27/12:58,27/13:49,27/13:58,0:51:00,SMQ,SMQ,012,10,1,1,NML,7,2025
3574.,B739,PKLFO,LNI,LNI823,LNI260,27/13:38,27/13:41,27/15:37,27/15:47,1:56:00,LOP,BPN,018,10,0,0,NML,7,2025
3575.,B738,PKLJS,LNI,LNI839,LNI836,27/12:58,27/13:02,27/15:41,27/15:54,2:39:25,PNK,PNK,016,10,1,1,NML,7,2025
3576.,A320,PKSTT,SJV,SJV641,SJV726,27/14:08,27/14:12,27/15:53,27/16:04,1:41:00,AAP,LBJ,014,10,1,1,NML,7,2025
3577.,B739,PKLHJ,LNI,LNI857,LNI697,27/13:35,27/13:38,27/14:45,27/14:58,1:07:00,PLM,CGK,009,10,1,1,NML,7,2025
"3578.,A339,PKLET,LNI,LNI107,LNI106,21/14:08,26/22:56,27/14:25,27/14:37,""6 days, 0:08:00"",JED,JED,A05,10,1,1,NML,7,2025"
3579.,A320,PKGQI,CTV,CTV431,CTV948,27/13:41,27/13:45,27/14:22,27/14:33,0:37:00,BPN,BTH,007,10,1,1,NML,7,2025
3580.,B739,PKLFY,LNI,LNI787,LNI910,27/14:56,27/15:00,27/15:49,27/16:00,0:49:00,UPG,DPS,012,10,1,1,NML,7,2025
3581.,B738,PKGMD,GIA,GIA312,GIA317,27/13:43,27/13:46,27/14:45,27/15:01,0:59:00,CGK,CGK,004,10,1,1,NML,7,2025
3582.,A320,9VJSY,JSA,JSA247,JSA248,27/14:13,27/14:19,27/15:10,27/15:22,0:51:00,SIN,SIN,A07,10,1,1,NML,7,2025
3583.,A320,PKLAI,BTK,BTK7515,BTK7514,27/13:50,27/13:58,27/14:50,27/15:08,0:52:00,HLP,HLP,010,10,1,1,NML,7,2025
3584.,A320,PKPWE,PAS,PAS208,PAS209,27/13:55,27/13:58,27/14:50,27/15:05,0:52:00,CGK,CGK,006,10,1,1,NML,7,2025
3585.,B738,PKGFI,GIA,GIA330,GIA331,27/14:16,27/14:19,27/15:09,27/15:20,0:50:00,HLP,HLP,005,10,1,1,NML,7,2025
3586.,B739,PKLHP,LNI,LNI879,LNI642,27/14:52,27/14:56,27/15:58,27/16:08,1:02:00,AMQ,LOP,015,10,1,1,NML,7,2025
3587.,A320,PKGLR,CTV,CTV699,CTV434,27/15:24,27/15:27,27/16:00,27/16:11,0:33:00,DPS,BPN,006,10,1,1,NML,7,2025
3588.,E135,PKTFS,IAT,PKTFS,PKTFS,27/13:06,27/13:10,27/14:45,27/14:53,1:35:00,HLP,HLP,A09,10,0,0,NML,7,2025
3589.,B739,PKLSO,LNI,LNI919,LNI920,27/16:37,27/16:41,27/17:29,27/17:39,0:48:21,DPS,DPS,014,10,1,1,NML,7,2025
3590.,A320,PKBKR,BTK,BTK7501,BTK7512,27/14:49,27/14:55,27/15:41,27/15:50,0:46:31,HLP,HLP,007,10,1,1,NML,7,2025
3591.,B738,9MMLQ,MAS,MAS873,MAS872,27/14:39,27/14:46,27/15:36,27/15:49,0:50:00,KUL,KUL,A08,10,1,1,NML,7,2025
3592.,A320,PKSTC,SJV,SJV633,SJV672,27/16:42,27/16:47,27/17:42,27/17:58,0:55:00,BDJ,BEJ,010,10,1,1,NML,7,2025
3593.,A320,PKLAF,BTK,BTK6347,BTK6401,27/15:06,27/15:11,27/16:07,27/16:18,0:56:00,BEJ,CGK,009,10,1,1,NML,7,2025
3594.,B739,PKLSL,LNI,LNI261,LNI316,27/15:03,27/15:06,27/16:20,27/16:31,1:14:00,BPN,BDJ,011,10,1,1,NML,7,2025
3595.,B738,PKGNH,GIA,GIA310,GIA315,27/16:15,27/16:18,27/17:11,27/17:22,0:53:00,CGK,CGK,004,10,1,1,NML,7,2025
3596.,A320,PKSJF,SJV,SJV637,SJV648,27/17:35,27/17:39,27/18:32,27/18:43,0:53:00,BDJ,BPN,011,10,1,1,NML,7,2025
3597.,A320,PKPWD,PAS,PAS206,PAS623,27/15:52,27/15:55,27/16:40,27/16:52,0:45:00,CGK,BPN,005,10,1,1,NML,7,2025
3598.,B739,PKLSI,LNI,LNI695,LNI268,27/16:27,27/16:30,27/17:23,27/17:37,0:53:44,KOE,TRK,012,10,1,1,NML,7,2025
3599.,A320,PKGLV,CTV,CTV669,CTV9694,27/16:19,27/16:22,27/16:59,27/17:13,0:37:00,DPS,DPS,007,10,1,1,NML,7,2025
3600.,B739,PKLQT,LNI,LNI707,LNI226,27/18:00,27/18:02,27/19:00,27/19:18,0:58:00,UPG,BDJ,012,10,1,1,NML,7,2025
3601.,B739,PKLFW,LNI,LNI692,LNI692,27/17:15,27/17:18,27/18:10,27/18:21,0:52:00,CGK,KOE,015,10,1,1,NML,7,2025
3602.,A320,PKAZJ,AWQ,AWQ323,AWQ326,27/17:08,27/17:12,27/17:46,27/17:54,0:34:09,KUL,KUL,A03,10,1,1,NML,7,2025
3603.,A320,PKBLD,BTK,BTK6578,BTK7579,27/19:49,27/19:53,27/20:38,27/20:48,0:45:00,CGK,CGK,011,10,1,1,NML,7,2025
3604.,B738,PKLOH,LNI,LNI749,LNI838,27/14:59,27/15:03,27/17:42,27/17:52,2:39:37,MDC,PNK,020,10,0,0,NML,7,2025
3605.,B739,PKLFY,LNI,LNI923,LNI581,27/19:00,27/19:04,27/19:58,27/20:10,0:54:00,DPS,CGK,015,10,1,1,NML,7,2025
3606.,A320,PKPWF,PAS,PAS622,PAS207,27/17:11,27/17:13,27/18:05,27/18:18,0:52:00,BPN,CGK,006,10,1,1,NML,7,2025
3607.,B738,PKGFR,GIA,GIA320,GIA313,27/17:31,27/17:34,27/18:24,27/18:39,0:50:00,CGK,CGK,004,10,1,1,NML,7,2025
3608.,A320,PKSTT,SJV,SJV725,SJV716,27/19:22,27/19:26,27/20:13,27/20:24,0:47:00,LBJ,LOP,012,10,1,1,NML,7,2025
3609.,A320,PKBKU,BTK,BTK7503,BTK7502,27/18:06,27/18:10,27/19:01,27/19:14,0:51:00,HLP,HLP,010,10,1,1,NML,7,2025
3610.,B738,PKGNM,GIA,GIA349,GIA325,27/17:49,27/17:52,27/18:57,27/19:11,1:05:00,DPS,CGK,005,10,1,1,NML,7,2025
3611.,B738MAX,9VMBL,SIA,SIA928,SIA929,27/18:03,27/18:08,27/19:01,27/19:21,0:53:00,SIN,SIN,A07,10,1,1,NML,7,2025
3612.,A320,PKGQQ,CTV,CTV736,CTV352,27/18:34,27/18:39,27/19:19,27/19:31,0:40:00,CGK,UPG,006,10,1,1,NML,7,2025
3613.,A320,PKGQK,CTV,CTV489,CTV693,27/19:08,27/19:11,27/19:48,27/20:02,0:37:00,BDJ,DPS,005,10,1,1,NML,7,2025
3614.,B788,9VOFC,TGW,TGW266,TGW267,27/18:31,27/18:32,27/19:55,27/20:08,1:23:00,SIN,SIN,A06,10,1,1,NML,7,2025
3615.,B738,PKCRI,SJY,SJY567,SJY562,27/19:05,27/19:09,27/19:47,27/20:00,0:38:00,UPG,UPG,014,10,1,1,NML,7,2025
3616.,A320,PKLZH,BTK,BTK6406,BTK7518,27/17:19,27/17:23,27/19:44,27/19:52,2:20:39,CGK,HLP,018,10,0,0,NML,7,2025
3617.,B739,PKLSH,LNI,LNI885,LNI880,27/19:16,27/19:20,27/20:10,27/20:22,0:50:00,UPG,UPG,016,10,1,1,NML,7,2025
3618.,B738,PKGNG,GIA,GIA326,GIA3354,27/18:53,27/18:56,27/19:57,27/20:17,1:01:00,CGK,HLP,004,10,1,1,NML,7,2025
3619.,B738,PKGFI,GIA,GIA3304,GIA319,27/18:28,27/18:32,27/20:02,27/20:18,1:30:00,CGK,CGK,008,10,1,1,NML,7,2025
3620.,A320,PKGLR,CTV,CTV435,CTV494,27/19:34,27/19:38,27/20:15,27/20:32,0:37:00,BPN,BDJ,006,10,1,1,NML,7,2025
3621.,A320,PKGLG,CTV,CTV949,CTV737,27/18:41,27/18:44,27/20:07,27/20:20,1:23:00,BTH,CGK,007,10,1,1,NML,7,2025
3622.,A320,PKBKR,BTK,BTK7519,BTK6587,27/18:45,27/18:48,27/20:54,27/21:04,2:06:00,HLP,CGK,009,10,1,1,NML,7,2025
3623.,A320,PKBKL,BTK,BTK6576,BTK6575,27/22:49,27/22:53,27/23:28,28/23:38,0:35:00,CGK,CGK,011,10,1,1,NML,7,2025
3624.,A320,PKGQL,CTV,CTV724,CTV354,27/21:00,27/21:04,27/21:40,27/22:07,0:36:00,CGK,UPG,006,10,1,1,NML,7,2025
3625.,A320,PKLUS,BTK,BTK7521,BTK6136,27/20:35,27/20:40,27/22:03,27/22:17,1:23:00,HLP,UPG,014,10,1,1,NML,7,2025
3626.,A320,PKGLX,CTV,CTV172,CTV173,27/21:40,27/21:44,27/22:27,27/22:39,0:43:00,HLP,HLP,007,10,1,1,NML,7,2025
3627.,A320,PKLUP,BTK,BTK6137,BTK7508,27/23:39,27/23:43,28/04:58,28/05:09,5:15:00,UPG,HLP,009,28,1,1,NML,7,2025
3628.,A320,PKSJD,SJV,SJV643,SJV610,27/20:03,27/20:06,28/05:05,28/05:17,8:59:00,AAP,BPN,020,28,0,0,NML,7,2025
3629.,B739,PKLHP,LNI,LNI865,LNI878,27/18:37,27/18:40,28/04:59,28/05:13,10:19:00,LOP,AMQ,023,28,0,0,NML,7,2025
3630.,B733F,PKMYV,MYU,MYU935,MYU815,27/12:49,27/12:53,28/05:00,28/05:09,16:07:00,SRG,CGK,C02,28,0,0,NML,7,2025
3631.,A320,PKAZJ,AWQ,AWQ327,AWQ320,27/23:18,27/23:23,28/05:00,28/05:15,5:37:00,KUL,KUL,A03,28,1,1,NML,7,2025
3632.,A320,PKBLB,BTK,BTK6594,BTK6589,27/23:33,27/23:38,28/05:08,28/05:19,5:30:00,CGK,CGK,015,28,1,1,NML,7,2025
3633.,A320,PKGQE,CTV,CTV726,CTV430,27/23:02,27/23:06,28/04:54,28/05:07,5:48:00,CGK,BPN,007,28,1,1,NML,7,2025
3634.,B738,PKGUI,GIA,GIA328,GIA301,27/20:05,27/20:09,28/05:11,28/05:21,9:02:00,CGK,CGK,004,28,1,1,NML,7,2025
3635.,A320,PKLAF,BTK,BTK6586,BTK6132,27/19:46,27/19:52,28/05:20,28/05:29,9:28:00,CGK,LOP,010,28,1,1,NML,7,2025
3636.,B738,PKLKV,LNI,LNI727,LNI868,27/17:25,27/17:30,28/05:35,28/05:46,12:04:44,KDI,TTE,024,28,0,0,NML,7,2025
3637.,B739,PKLFF,LNI,LNI690,LNI690,28/05:01,28/05:06,28/05:51,28/06:02,0:45:00,CGK,KOE,011,28,1,1,NML,7,2025
3638.,A320,PKGQQ,CTV,CTV353,CTV670,28/05:04,28/05:12,28/05:54,28/06:04,0:42:00,UPG,LOP,007,28,1,1,NML,7,2025
3639.,A320,PKGQK,CTV,CTV9695,CTV725,27/22:23,27/22:27,28/05:49,28/06:00,7:22:00,DPS,CGK,008,28,1,1,NML,7,2025
3640.,A320,PKSTC,SJV,SJV673,SJV706,27/22:01,27/22:06,28/05:56,28/06:08,7:50:00,BEJ,DPS,17A,28,0,0,NML,7,2025
3641.,A320,V8RBB,RBA,RBA795,RBA796,27/19:58,27/20:04,28/06:01,28/06:12,9:57:00,BWN,BWN,A07,28,1,1,NML,7,2025
3642.,B739,PKLJI,LNI,LNI972,LNI882,27/21:53,27/22:00,28/07:05,28/07:15,9:05:22,BTH,UPG,022,28,0,0,NML,7,2025
3643.,A320,PKPWH,PAS,PAS202,PAS213,27/20:12,27/20:15,28/06:01,28/06:10,9:46:00,CGK,CGK,005,28,1,1,NML,7,2025
3644.,A320,PKBKP,BTK,BTK6413,BTK6412,27/20:39,27/20:45,28/06:17,28/06:25,9:32:00,DPS,DPS,012,28,1,1,NML,7,2025
3645.,A320,PKSTF,SJV,SJV615,SJV634,27/22:04,27/22:10,28/07:10,28/07:22,9:00:00,BPN,BDJ,17B,28,0,0,NML,7,2025
3646.,A320,PKSTI,SJV,SJV717,SJV566,28/06:22,28/06:27,28/07:34,28/07:43,1:07:21,LOP,PLW,010,10,1,1,NML,7,2025
3647.,A320,PKBKG,BTK,BTK6370,BTK6597,28/06:27,28/06:32,28/07:23,28/07:35,0:51:00,CGK,CGK,009,10,1,1,NML,7,2025
3648.,A320,PKLUF,BTK,BTK6588,BTK6135,27/23:29,27/23:33,28/07:01,28/07:13,7:28:00,CGK,PKN,014,10,1,1,NML,7,2025
3649.,B739,PKLSL,LNI,LNI311,LNI971,28/06:06,28/06:12,28/07:05,28/07:11,0:52:57,BDJ,BTH,015,10,1,1,NML,7,2025
3650.,B738,PKGMV,GIA,GIA855,GIA305,27/20:43,27/23:50,28/07:07,28/07:19,10:16:00,SIN,CGK,006,10,1,1,NML,7,2025
3651.,B738,PKGMP,GIA,GIA324,GIA854,27/22:10,27/23:33,28/07:00,28/07:07,8:46:00,CGK,SIN,A02,10,1,1,NML,7,2025
3652.,B739,PKLJG,LNI,LNI681,LNI646,27/16:47,27/16:52,28/07:14,28/07:24,14:22:20,PKY,LOP,025,10,0,0,NML,7,2025
3653.,A320,PKLUI,BTK,BTK7511,BTK7510,28/06:33,28/06:38,28/07:29,28/07:40,0:51:11,HLP,HLP,008,10,1,1,NML,7,2025
3654.,A320,PKAXY,AWQ,AWQ325,AWQ392,27/19:12,27/19:17,28/07:30,28/07:38,12:13:00,KUL,JHB,A01,10,1,1,NML,7,2025
3655.,B739,PKLFW,LNI,LNI693,LNI693,28/06:53,28/06:57,28/08:00,28/08:14,1:03:16,KOE,CGK,011,10,1,1,NML,7,2025
3656.,A320,PKBKV,BTK,BTK6572,BTK6573,28/06:57,28/07:01,28/08:00,28/08:18,0:59:18,CGK,CGK,012,10,1,1,NML,7,2025
3657.,A21N,B32L6,CSN,CSN8137,CSN8138,27/21:06,27/21:13,28/08:01,28/08:11,10:48:00,CAN,CAN,A04,10,1,1,NML,7,2025
"3658.,C208,PKVVF,SUS,PKVVF,SUS6137,25/14:49,25/14:51,28/08:24,28/08:30,""2 days, 17:33:36"",JOG,BXW,C07,10,0,0,NML,7,2025"
3659.,A333,BHLT,CPA,CPA779,CPA780,27/17:55,27/18:03,28/08:11,28/08:30,14:08:00,HKG,HKG,A08,10,1,1,NML,7,2025
3660.,B739,PKLSI,LNI,LNI267,LNI990,28/07:01,28/07:06,28/08:24,28/08:40,1:18:57,TRK,DPS,016,10,1,1,NML,7,2025
3661.,A320,PKGQA,CTV,CTV690,CTV460,28/07:50,28/07:50,28/08:31,28/08:42,0:41:00,DPS,AAP,006,10,1,1,NML,7,2025
3662.,A339,PKGHI,GIA,GIA975,GIA974,28/06:14,28/06:20,28/08:42,28/08:54,2:22:00,JED,JED,A06,10,1,1,NML,7,2025
3663.,B738,PKLOH,LNI,LNI837,LNI748,28/08:12,28/08:15,28/09:08,28/09:20,0:53:00,PNK,MDC,017,10,1,1,NML,7,2025
3664.,B739,PKLQT,LNI,LNI315,LNI222,28/09:08,28/09:12,28/10:04,28/10:18,0:52:47,BDJ,BDJ,014,10,1,1,NML,7,2025
3665.,B407,PKZGO,SGI,PKZGO,PKZGO,28/07:53,28/07:57,28/08:52,28/08:55,0:55:00,FBH,MSI,H05,10,0,0,NML,7,2025
3666.,A320,PKLAF,BTK,BTK6133,BTK6391,28/08:20,28/08:21,28/09:07,28/09:17,0:46:00,LOP,CGK,009,10,1,1,NML,7,2025
3667.,B739,PKLHI,LNI,LNI929,LNI856,28/07:11,28/07:14,28/08:56,28/09:06,1:42:37,DPS,PLM,015,10,1,1,NML,7,2025
3668.,A320,PKBKR,BTK,BTK6584,BTK6585,28/09:15,28/09:19,28/10:12,28/10:29,0:53:00,CGK,CGK,008,10,1,1,NML,7,2025
3669.,B738,PKGNM,GIA,GIA304,GIA342,28/08:16,28/08:21,28/09:15,28/09:28,0:54:00,CGK,DPS,004,10,1,1,NML,7,2025
3670.,A320,PKSTC,SJV,SJV703,SJV612,28/08:35,28/08:38,28/09:25,28/09:40,0:47:00,DPS,BPN,012,10,1,1,NML,7,2025
3671.,A320,PKPWK,PAS,PAS200,PAS201,28/08:23,28/08:25,28/09:19,28/09:30,0:54:09,CGK,CGK,005,10,1,1,NML,7,2025
3672.,A320,PKGQQ,CTV,CTV671,CTV486,28/08:27,28/08:30,28/09:23,28/09:37,0:53:00,LOP,BDJ,007,10,1,1,NML,7,2025
3673.,B738MAX,9MMVJ,MAS,MAS871,MAS870,28/08:55,28/09:01,28/09:55,28/10:02,0:54:00,KUL,KUL,A07,10,1,1,NML,7,2025
3674.,B735,PKNAS,LKN,LKN243,LKN242,28/09:03,28/09:05,28/09:50,28/10:03,0:45:00,SMQ,SMQ,011,10,1,1,NML,7,2025
3675.,A359,9VSHM,SIA,SIA922,SIA923,28/09:00,28/09:05,28/10:03,28/10:23,0:58:27,SIN,SIN,A08,10,1,1,NML,7,2025
3676.,A320,PKSAQ,SJV,SJV649,SJV632,28/07:52,28/07:55,28/11:13,28/11:22,3:17:40,BPN,BDJ,018,10,0,0,NML,7,2025
3677.,A320,PKGQI,CTV,CTV351,CTV350,28/09:18,28/09:23,28/10:15,28/10:34,0:52:00,UPG,UPG,006,10,1,1,NML,7,2025
3678.,B739,PKLJI,LNI,LNI791,LNI706,28/11:03,28/11:05,28/11:57,28/12:08,0:52:00,UPG,UPG,014,10,1,1,NML,7,2025
3679.,A320,9VTRS,TGW,TGW296,TGW297,28/09:26,28/09:32,28/10:26,28/10:37,0:54:18,SIN,SIN,A02,10,1,1,NML,7,2025
3680.,B739,PKLJG,LNI,LNI645,LNI822,28/10:31,28/10:35,28/11:33,28/11:45,0:58:00,LOP,LOP,015,10,1,1,NML,7,2025
3681.,A320,PKPWH,PAS,PAS210,PAS211,28/09:42,28/09:44,28/10:33,28/10:45,0:49:16,CGK,CGK,005,10,1,1,NML,7,2025
3682.,B738,PKLSF,LNI,LNI970,LNI973,28/09:46,28/09:50,28/10:43,28/10:55,0:53:18,BTH,BTH,010,10,1,1,NML,7,2025
3683.,A320,PKLUF,BTK,BTK6134,BTK6346,28/09:35,28/09:38,28/10:49,28/10:59,1:10:44,PKN,BEJ,009,10,1,1,NML,7,2025
3684.,A320,PKBKU,BTK,BTK7513,BTK7516,28/10:20,28/10:24,28/11:16,28/11:35,0:52:51,HLP,HLP,008,10,1,1,NML,7,2025
3685.,A320,PKGQH,CTV,CTV722,CTV723,28/09:50,28/09:56,28/10:54,28/11:09,0:58:29,CGK,CGK,007,10,1,1,NML,7,2025
3686.,B738,PKLBK,MXD,MXD352,MXD353,27/21:57,27/22:05,28/11:04,28/11:11,12:59:00,KUL,KUL,A5T,10,0,0,NML,7,2025
3687.,A320,PKSTF,SJV,SJV635,SJV642,28/10:16,28/10:20,28/11:28,28/11:39,1:08:00,BDJ,AAP,011,10,1,1,NML,7,2025
3688.,B739,PKLFF,LNI,LNI697,LNI697,28/10:25,28/10:28,28/11:25,28/11:37,0:57:01,KOE,CGK,012,10,1,1,NML,7,2025
3689.,B739,PKLSP,LNI,LNI694,LNI694,28/10:56,28/10:59,28/11:44,28/11:56,0:45:45,CGK,KOE,010,10,1,1,NML,7,2025
3690.,A320,PKAZJ,AWQ,AWQ321,AWQ322,28/11:07,28/11:12,28/11:50,28/11:59,0:38:00,KUL,KUL,A03,10,1,1,NML,7,2025
3691.,B738,PKGMX,GIA,GIA322,GIA327,28/10:05,28/10:08,28/11:30,28/11:43,1:22:00,CGK,CGK,004,10,1,1,NML,7,2025
3692.,A320,PKLUI,BTK,BTK7517,BTK7520,28/10:39,28/10:42,28/11:37,28/11:50,0:55:00,HLP,HLP,016,10,1,1,NML,7,2025
3693.,B739,PKLGJ,LNI,LNI683,LNI682,28/11:26,28/11:29,28/12:16,28/12:30,0:47:22,PKY,PKY,017,10,1,1,NML,7,2025
3694.,B739,PKLSI,LNI,LNI805,LNI804,28/11:20,28/11:23,28/12:17,28/12:32,0:54:00,DPS,DPS,009,10,1,1,NML,7,2025
3695.,A320,PKBKR,BTK,BTK6582,BTK6581,28/14:15,28/14:17,28/15:56,28/16:09,1:39:00,CGK,CGK,011,10,1,1,NML,7,2025
3696.,A320,PKGLT,CTV,CTV9693,CTV9692,28/11:29,28/11:34,28/12:25,28/12:37,0:51:00,DPS,DPS,006,10,1,1,NML,7,2025
3697.,A320,PKSTI,SJV,SJV567,SJV636,28/11:48,28/11:52,28/12:41,28/12:56,0:49:54,PLW,BDJ,011,10,1,1,NML,7,2025
3698.,B738,PKLKV,LNI,LNI869,LNI722,28/11:53,28/11:56,28/12:45,28/12:58,0:49:05,TTE,KDI,012,10,1,1,NML,7,2025
3699.,B739,PKLHR,LNI,LNI801,LNI780,28/11:41,28/11:45,28/12:52,28/13:01,1:07:07,UPG,UPG,015,10,1,1,NML,7,2025
3700.,B735,PKNAQ,LKN,LKN193,LKN192,28/12:15,28/12:17,28/12:47,28/12:59,0:30:55,PKN,PKN,010,10,1,1,NML,7,2025
3701.,A320,PKGQQ,CTV,CTV487,CTV698,28/12:11,28/12:14,28/13:11,28/13:27,0:57:00,BDJ,DPS,007,10,1,1,NML,7,2025
3702.,A320,PKBKF,BTK,BTK6596,BTK6595,28/15:28,28/15:33,28/16:45,28/16:57,1:12:00,CGK,CGK,008,10,1,1,NML,7,2025
3703.,A320,PKAXY,AWQ,AWQ393,AWQ324,28/12:23,28/12:28,28/13:16,28/13:28,0:48:00,JHB,KUL,A03,10,1,1,NML,7,2025
3704.,A320,PKPWA,PAS,PAS204,PAS205,28/12:05,28/12:08,28/13:17,28/13:30,1:09:00,CGK,CGK,005,10,1,1,NML,7,2025
3705.,A320,PKGQA,CTV,CTV461,CTV668,28/12:27,28/12:31,28/13:29,28/13:44,0:58:00,AAP,DPS,006,10,1,1,NML,7,2025
3706.,B739,PKLQT,LNI,LNI223,LNI260,28/13:31,28/13:35,28/15:16,28/15:31,1:41:00,BDJ,BPN,014,10,1,1,NML,7,2025
3707.,B739,PKLJG,LNI,LNI823,LNI686,28/14:39,28/14:43,28/15:35,28/15:45,0:52:00,LOP,PKY,015,10,1,1,NML,7,2025
3708.,A320,PKSAQ,SJV,SJV633,SJV726,28/14:44,28/14:54,28/16:01,28/16:15,1:07:00,BDJ,LBJ,007,10,1,1,NML,7,2025
3709.,B738,PKLOH,LNI,LNI749,LNI836,28/15:01,28/15:04,28/15:56,28/16:10,0:52:00,MDC,PNK,012,10,1,1,NML,7,2025
"3710.,A339,PKLER,LNI,LNI105,LNI106,27/12:33,28/09:31,28/14:14,28/14:25,""1 day, 1:33:00"",JED,JED,A06,10,1,1,NML,7,2025"
3711.,A320,PKGQE,CTV,CTV431,CTV948,28/13:35,28/13:40,28/14:15,28/14:30,0:35:00,BPN,BTH,007,10,1,1,NML,7,2025
3712.,B739,PKLHI,LNI,LNI857,LNI910,28/13:50,28/13:53,28/15:13,28/15:26,1:20:00,PLM,DPS,010,10,1,1,NML,7,2025
3713.,B738,PKGFR,GIA,GIA312,GIA317,28/13:42,28/13:46,28/14:46,28/14:57,1:00:00,CGK,CGK,004,10,1,1,NML,7,2025
3714.,A320,9VJSY,JSA,JSA247,JSA248,28/13:55,28/14:01,28/14:50,28/15:03,0:49:00,SIN,SIN,A07,10,1,1,NML,7,2025
3715.,A320,PKLAI,BTK,BTK7515,BTK7514,28/13:39,28/13:44,28/14:47,28/14:59,1:03:00,HLP,HLP,009,10,1,1,NML,7,2025
3716.,B738,PKGNG,GIA,GIA330,GIA331,28/14:03,28/14:07,28/15:09,28/15:26,1:02:00,HLP,HLP,008,10,1,1,NML,7,2025
3717.,B739,PKLHP,LNI,LNI879,LNI642,28/14:27,28/14:31,28/16:39,28/16:51,2:08:00,AMQ,LOP,016,10,1,1,NML,7,2025
3718.,B739,PKLHJ,LNI,LNI707,LNI920,28/15:58,28/16:01,28/16:56,28/17:08,0:55:00,UPG,DPS,015,10,1,1,NML,7,2025
3719.,A320,PKLUI,BTK,BTK7501,BTK7512,28/15:06,28/15:10,28/16:05,28/16:19,0:55:00,HLP,HLP,009,10,1,1,NML,7,2025
3720.,A320,PKSJL,SJV,SJV619,SJV362,27/19:40,27/19:46,28/17:16,28/17:26,21:30:00,BPN,KNO,021,10,0,0,NML,7,2025
3721.,A320,PKSJU,SJV,SJV363,SJV672,28/16:06,28/16:10,28/17:25,28/17:32,1:15:00,KNO,BEJ,023,10,0,0,NML,7,2025
3722.,A320,PKBKV,BTK,BTK6406,BTK6401,28/19:00,28/19:04,28/19:58,28/20:10,0:54:00,CGK,CGK,009,10,1,1,NML,7,2025
3723.,B739,PKLSI,LNI,LNI919,LNI316,28/15:38,28/15:42,28/16:36,28/16:48,0:54:00,DPS,BDJ,014,10,1,1,NML,7,2025
3724.,B738,HSLGK,TLM,TLM268,TLM269,28/15:52,28/15:58,28/16:42,28/16:53,0:44:00,DMK,DMK,A04,10,1,1,NML,7,2025
3725.,B738,PKGFF,GIA,GIA310,GIA315,28/15:32,28/15:36,28/16:27,28/16:38,0:51:00,CGK,CGK,004,10,1,1,NML,7,2025
3726.,A320,PKSTI,SJV,SJV637,SJV648,28/15:41,28/15:44,28/16:30,28/16:49,0:46:00,BDJ,BPN,010,10,1,1,NML,7,2025
3727.,B738MAX,9VMBM,SIA,SIA926,SIA927,28/15:49,28/15:55,28/16:42,28/16:55,0:47:00,SIN,SIN,A07,10,1,1,NML,7,2025
3728.,A320,PKGQQ,CTV,CTV699,CTV434,28/16:13,28/16:15,28/16:50,28/17:00,0:35:00,DPS,BPN,006,10,1,1,NML,7,2025
3729.,A320,PKPWL,PAS,PAS206,PAS623,28/16:17,28/16:20,28/16:54,28/17:03,0:34:00,CGK,BPN,005,10,1,1,NML,7,2025
3730.,B739,PKLSP,LNI,LNI695,LNI268,28/16:28,28/16:31,28/17:32,28/17:42,1:01:00,KOE,TRK,011,10,1,1,NML,7,2025
3731.,B739,PKLGY,LNI,LNI692,LNI692,28/17:14,28/17:19,28/18:06,28/18:23,0:47:00,CGK,KOE,014,10,1,1,NML,7,2025
3732.,A320,PKGLT,CTV,CTV669,CTV9694,28/16:24,28/16:28,28/17:09,28/17:23,0:41:00,DPS,DPS,007,10,1,1,NML,7,2025
3733.,B739,PKLSL,LNI,LNI972,LNI226,28/16:20,28/16:23,28/18:03,28/18:15,1:40:00,BTH,BDJ,012,10,1,1,NML,7,2025
3734.,A320,PKBKF,BTK,BTK6578,BTK7579,28/21:07,28/21:11,28/21:47,28/22:04,0:36:00,CGK,CGK,010,10,1,1,NML,7,2025
3735.,A320,PKAZJ,AWQ,AWQ323,AWQ326,28/17:29,28/17:35,28/18:15,28/18:26,0:40:00,KUL,KUL,A01,10,1,1,NML,7,2025
3736.,B738,PKLJS,LNI,LNI839,LNI838,28/12:54,28/12:59,28/18:15,28/18:24,5:15:08,PNK,PNK,018,10,0,0,NML,7,2025
3737.,B739,PKLJG,LNI,LNI687,LNI581,28/18:49,28/18:53,28/19:50,28/20:00,0:57:00,PKY,CGK,010,10,1,1,NML,7,2025
3738.,A320,PKPWJ,PAS,PAS622,PAS207,28/17:10,28/17:15,28/18:06,28/18:19,0:51:00,BPN,CGK,006,10,1,1,NML,7,2025
3739.,B738,9MMXS,MAS,MAS875,MAS874,28/17:04,28/17:11,28/18:11,28/18:21,1:00:00,KUL,KUL,A03,10,1,1,NML,7,2025
3740.,B738,PKGMD,GIA,GIA320,GIA313,28/17:35,28/17:40,28/18:32,28/18:40,0:52:00,CGK,CGK,004,10,1,1,NML,7,2025
3741.,A320,PKSAQ,SJV,SJV725,SJV716,28/19:27,28/19:32,28/20:17,28/20:29,0:45:00,LBJ,LOP,012,10,1,1,NML,7,2025
3742.,A320,PKLUJ,BTK,BTK7503,BTK7502,28/19:57,28/20:03,28/20:44,28/20:59,0:41:00,HLP,HLP,011,10,1,1,NML,7,2025
3743.,B738,PKGNM,GIA,GIA349,GIA325,28/17:45,28/17:49,28/18:48,28/19:03,0:59:00,DPS,CGK,005,10,1,1,NML,7,2025
3744.,A320,PKGLX,CTV,CTV172,CTV173,28/17:56,28/17:59,28/18:57,28/19:13,0:58:00,HLP,HLP,007,10,1,1,NML,7,2025
3745.,B738MAX,9VMBK,SIA,SIA928,SIA929,28/18:12,28/18:21,28/19:14,28/19:29,0:53:00,SIN,SIN,A07,10,1,1,NML,7,2025
3746.,A320,PKGQH,CTV,CTV736,CTV494,28/19:11,28/19:15,28/19:51,28/20:02,0:36:00,CGK,BDJ,007,10,1,1,NML,7,2025
3747.,B738,PKCRH,SJY,SJY567,SJY562,28/18:28,28/18:32,28/19:26,28/19:37,0:54:00,UPG,UPG,011,10,1,1,NML,7,2025
3748.,A320,PKBKU,BTK,BTK7519,BTK7518,28/20:17,28/20:21,28/21:08,28/21:19,0:47:00,HLP,HLP,009,10,1,1,NML,7,2025
3749.,B739,PKLHP,LNI,LNI865,LNI880,28/19:15,28/19:17,28/21:22,28/21:42,2:05:00,LOP,UPG,016,10,1,1,NML,7,2025
3750.,B738,PKGFD,GIA,GIA326,GIA3354,28/19:07,28/19:12,28/19:55,28/20:06,0:43:00,CGK,HLP,004,10,1,1,NML,7,2025
3751.,A320,PKGQF,CTV,CTV949,CTV352,28/18:38,28/18:40,28/20:07,28/20:25,1:27:00,BTH,UPG,008,10,1,1,NML,7,2025
3752.,B738,PKGNG,GIA,GIA3304,GIA319,28/18:57,28/19:02,28/20:00,28/20:16,0:58:00,HLP,CGK,005,10,1,1,NML,7,2025
3753.,A320,PKLUO,BTK,BTK7521,BTK6587,28/21:28,28/21:31,28/22:24,28/22:36,0:53:00,HLP,CGK,012,10,1,1,NML,7,2025
3754.,A320,PKGLT,CTV,CTV9695,CTV737,28/19:39,28/19:44,28/20:42,28/20:52,0:58:00,DPS,CGK,003,10,0,0,NML,7,2025
3755.,A320,PKGTG,CTV,CTV489,CTV693,28/21:16,28/21:20,28/21:55,28/22:08,0:35:00,BDJ,DPS,009,10,1,1,NML,7,2025
3756.,A320,PKGQI,CTV,CTV724,CTV354,28/20:32,28/20:36,28/21:30,28/21:46,0:54:00,CGK,UPG,008,10,1,1,NML,7,2025
3757.,A320,PKLUS,BTK,BTK6137,BTK6136,28/21:03,28/21:07,28/22:12,28/22:26,1:05:00,UPG,UPG,011,10,1,1,NML,7,2025
3758.,A320,PKAXY,AWQ,AWQ325,AWQ320,28/19:04,28/19:08,29/05:00,29/05:12,9:52:00,KUL,KUL,A01,28,1,1,NML,7,2025
3759.,A320,PKSTF,SJV,SJV643,SJV610,28/15:18,28/15:22,29/05:06,29/05:21,13:44:00,AAP,BPN,022,10,0,0,NML,7,2025
3760.,A320,PKBKV,BTK,BTK6586,BTK7508,28/23:38,28/23:42,29/04:53,29/05:03,5:11:00,CGK,HLP,012,28,1,1,NML,7,2025
3761.,A320,PKGLG,CTV,CTV726,CTV430,28/21:31,28/21:38,29/04:58,29/05:10,7:20:00,CGK,BPN,008,28,1,1,NML,7,2025
3762.,B739,PKLHS,LNI,LNI885,LNI786,28/20:12,28/20:16,29/05:05,29/05:19,8:49:00,UPG,UPG,017,10,1,1,NML,7,2025
3763.,B738,PKGMP,GIA,GIA855,GIA301,28/20:27,28/23:07,29/05:14,29/05:30,8:36:00,SIN,CGK,005,10,1,1,NML,7,2025
3764.,A320,PKBKP,BTK,BTK6413,BTK6132,28/19:45,28/19:46,29/05:12,29/05:23,9:26:00,DPS,LOP,018,10,0,0,NML,7,2025
3765.,B739,PKLJG,LNI,LNI690,LNI690,29/05:05,29/05:11,29/05:55,29/06:04,0:44:00,CGK,KOE,014,10,1,1,NML,7,2025
3766.,A320,PKGQQ,CTV,CTV435,CTV725,28/20:20,28/20:24,29/05:40,29/05:51,9:16:00,BPN,CGK,007,10,1,1,NML,7,2025
3767.,A320,PKSTI,SJV,SJV615,SJV640,28/20:35,28/20:39,29/06:05,29/06:19,9:26:00,BPN,AAP,025,10,0,0,NML,7,2025
3768.,B739,PKLFY,LNI,LNI261,LNI266,28/14:11,28/14:15,29/05:51,29/06:02,15:36:00,BPN,BPN,020,10,0,0,NML,7,2025
3769.,A320,PKGQA,CTV,CTV353,CTV484,29/05:08,29/05:15,29/05:55,29/06:06,0:40:00,UPG,BDJ,008,10,1,1,NML,7,2025
3770.,A320,PKSTH,SJV,SJV619,SJV706,28/18:05,28/18:11,29/06:01,29/06:16,11:50:00,BPN,DPS,023,10,0,0,NML,7,2025
3771.,B738,PKLKV,LNI,LNI727,LNI882,28/16:45,28/16:49,29/05:56,29/06:12,13:07:00,KDI,UPG,024,10,0,0,NML,7,2025
3772.,A320,PKLAF,BTK,BTK6588,BTK6589,28/22:18,28/22:24,29/05:59,29/06:14,7:35:00,CGK,CGK,015,10,1,1,NML,7,2025
3773.,A320,V8RBC,RBA,RBA795,RBA796,28/20:22,28/20:27,29/05:56,29/06:11,9:29:00,BWN,BWN,A07,10,1,1,NML,7,2025
3774.,A320,PKPWC,PAS,PAS202,PAS213,28/18:52,28/18:55,29/05:59,29/06:17,11:04:00,CGK,CGK,006,10,1,1,NML,7,2025
3775.,A320,PKAZJ,AWQ,AWQ327P,AWQ386,29/05:01,29/05:04,29/06:14,29/06:22,1:10:00,KUL,PEN,A03,10,1,1,NML,7,2025
3776.,A320,PKLUH,BTK,BTK6576,BTK6412,28/21:54,28/21:58,29/06:27,29/06:38,8:29:00,CGK,DPS,016,10,1,1,NML,7,2025
3777.,A320,PKSAQ,SJV,SJV717,SJV634,29/06:20,29/06:25,29/07:18,29/07:28,0:53:00,LOP,BDJ,010,10,1,1,NML,7,2025
3778.,B738MAX,PKOFI,AFE,AFE921,AFE921,29/05:37,29/05:41,29/06:40,29/06:47,0:59:00,CGK,TIM,005,10,1,1,NML,7,2025
3779.,B739,PKLSI,LNI,LNI311,LNI971,29/06:08,29/06:13,29/06:58,29/07:09,0:45:00,BDJ,BTH,012,10,1,1,NML,7,2025
3780.,A320,PKLUF,BTK,BTK6347,BTK6135,28/15:10,28/19:25,29/06:56,29/07:07,15:42:00,BEJ,PKN,026,10,0,1,NML,7,2025
3781.,C208,PKVVF,SUS,PKVVF,PKVVF,28/10:27,28/10:30,29/07:24,29/07:29,20:54:00,BXW,BXW,C07,10,0,0,NML,7,2025
3782.,B738,PKGNQ,GIA,GIA324,GIA854,28/20:57,28/22:38,29/06:55,29/07:03,9:53:00,CGK,SIN,A02,10,1,1,NML,7,2025
3783.,B738,PKGNF,GIA,GIA328,GIA305,28/20:08,28/20:13,29/06:53,29/07:06,10:40:00,CGK,CGK,004,10,1,1,NML,7,2025
3784.,B739,PKLHI,LNI,LNI923,LNI646,28/18:17,28/18:20,29/07:30,29/07:40,13:10:00,DPS,LOP,021,10,0,0,NML,7,2025
3785.,A320,PKBKU,BTK,BTK7511,BTK7510,29/06:30,29/06:33,29/07:29,29/07:34,0:56:00,HLP,HLP,009,10,1,1,NML,7,2025
3786.,B739,PKLQT,LNI,LNI363,LNI693,29/06:26,29/06:30,29/07:40,29/07:54,1:10:00,BPN,CGK,011,10,1,1,NML,7,2025
3787.,A320,PKGTG,CTV,CTV690,CTV460,29/06:48,29/06:52,29/07:35,29/07:51,0:43:00,DPS,AAP,006,10,1,1,NML,7,2025
3788.,B739,PKLHJ,LNI,LNI929,LNI982,29/07:19,29/07:22,29/08:07,29/08:21,0:45:00,DPS,PKU,014,10,1,1,NML,7,2025
3789.,A21N,B32L3,CSN,CSN8137,CSN8138,28/21:57,28/22:05,29/07:38,29/07:49,9:33:00,CAN,CAN,A04,10,1,1,NML,7,2025
3790.,A333,BLBF,CPA,CPA779,CPA780,28/18:00,28/18:06,29/08:13,29/08:29,14:07:00,HKG,HKG,A08,10,1,1,NML,7,2025
3791.,B739,PKLSP,LNI,LNI267,LNI990,29/07:15,29/07:18,29/08:23,29/08:34,1:05:00,TRK,DPS,012,10,1,1,NML,7,2025
"3792.,DHC6,PKICP,PGT,PKICP,PKICP,26/10:53,26/10:56,29/08:06,29/08:09,""2 days, 21:09:50"",PAG,PAG,028,10,0,0,NML,7,2025"
3793.,B738,PKGUE,GIA,GIA314,GIA323,29/07:11,29/07:17,29/08:24,29/08:44,1:07:00,CGK,CGK,005,10,1,1,NML,7,2025
3794.,A320,PKBKL,BTK,BTK6572,BTK6573,29/07:38,29/07:42,29/08:40,29/08:56,0:58:00,CGK,CGK,009,10,1,1,NML,7,2025
3795.,B738,PKLJS,LNI,LNI837,LNI748,29/07:52,29/07:55,29/09:04,29/09:20,1:09:00,PNK,MDC,016,10,1,1,NML,7,2025
3796.,A320,PKBKP,BTK,BTK6133,BTK6391,29/08:16,29/08:21,29/09:00,29/09:16,0:39:00,LOP,CGK,008,10,1,1,NML,7,2025
3797.,B739,PKLFK,LNI,LNI315,LNI856,29/09:01,29/09:04,29/09:51,29/10:04,0:47:00,BDJ,PLM,014,10,1,1,NML,7,2025
3798.,A320,PKSTH,SJV,SJV703,SJV612,29/08:31,29/08:35,29/09:32,29/09:45,0:57:00,DPS,BPN,010,10,1,1,NML,7,2025
3799.,B738,PKGFP,GIA,GIA304,GIA342,29/08:11,29/08:16,29/09:13,29/09:22,0:57:00,CGK,DPS,004,10,1,1,NML,7,2025
3800.,A320,PKPWE,PAS,PAS200,PAS201,29/08:02,29/08:05,29/09:13,29/09:27,1:08:00,CGK,CGK,006,10,1,1,NML,7,2025
3801.,A320,PKGQA,CTV,CTV485,CTV486,29/08:54,29/08:58,29/09:37,29/09:49,0:39:00,BDJ,BDJ,007,10,1,1,NML,7,2025
3802.,B738MAX,9MMVH,MAS,MAS871,MAS870,29/09:04,29/09:11,29/10:00,29/10:09,0:49:00,KUL,KUL,A03,10,1,1,NML,7,2025
3803.,A359,9VSHF,SIA,SIA922,SIA923,29/09:23,29/09:28,29/11:01,29/11:09,1:33:00,SIN,SIN,A08,10,1,1,NML,7,2025
3804.,A320,PKLAF,BTK,BTK6584,BTK6585,29/09:36,29/09:39,29/10:20,29/10:31,0:41:00,CGK,CGK,009,10,1,1,NML,7,2025
3805.,A320,PKGQN,CTV,CTV351,CTV350,29/09:53,29/09:57,29/10:29,29/10:42,0:32:00,UPG,UPG,006,10,1,1,NML,7,2025
3806.,B739,PKLKV,LNI,LNI791,LNI706,29/09:46,29/09:49,29/10:44,29/10:58,0:55:00,UPG,UPG,012,10,1,1,NML,7,2025
3807.,A320,PKSAQ,SJV,SJV635,SJV632,29/10:25,29/10:29,29/11:21,29/11:30,0:52:00,BDJ,BDJ,009,10,1,1,NML,7,2025
3808.,A20N,9VTNG,TGW,TGW296,TGW297,29/09:43,29/09:49,29/10:39,29/10:49,0:50:00,SIN,SIN,A02,10,1,1,NML,7,2025
3809.,A320,PKPWC,PAS,PAS210,PAS211,29/09:33,29/09:36,29/10:27,29/10:37,0:51:00,CGK,CGK,005,10,1,1,NML,7,2025
3810.,B739,PKLSO,LNI,LNI970,LNI973,29/09:40,29/09:43,29/10:44,29/11:00,1:01:00,BTH,BTH,008,10,1,1,NML,7,2025
3811.,A320,PKLUV,BTK,BTK7513,BTK7516,29/09:57,29/09:59,29/10:42,29/10:57,0:43:00,HLP,HLP,010,10,1,1,NML,7,2025
3812.,B739,PKLHI,LNI,LNI645,LNI822,29/10:29,29/10:33,29/11:38,29/11:49,1:05:00,LOP,LOP,015,10,1,1,NML,7,2025
3813.,B739,PKLJG,LNI,LNI697,LNI697,29/10:19,29/10:22,29/11:12,29/11:26,0:50:00,KOE,CGK,014,10,1,1,NML,7,2025
3814.,B739,PKLGJ,LNI,LNI683,LNI682,29/10:35,29/10:38,29/11:25,29/11:36,0:47:00,PKY,PKY,016,10,1,1,NML,7,2025
3815.,A320,PKAXY,AWQ,AWQ321,AWQ322,29/10:47,29/10:52,29/11:28,29/11:37,0:36:00,KUL,KUL,A03,10,1,1,NML,7,2025
3816.,A339,PKGHI,GIA,GIA975,GIA974,29/08:57,29/09:05,29/11:54,29/12:08,2:49:00,JED,JED,A07,10,1,1,NML,7,2025
3817.,H25B,T7PTL,AOP,T7PTL,T7PTL,29/08:37,29/08:42,29/11:33,29/11:39,2:51:00,CGK,CGK,A09,10,0,0,NML,7,2025
3818.,A320,PKBKU,BTK,BTK7517,BTK7520,29/10:39,29/10:43,29/11:42,29/11:53,0:59:00,HLP,HLP,007,10,1,1,NML,7,2025
3819.,B738,PKGUG,GIA,GIA322,GIA327,29/10:02,29/10:05,29/11:36,29/11:47,1:31:00,CGK,CGK,004,10,1,1,NML,7,2025
3820.,B739,PKLSP,LNI,LNI805,LNI804,29/11:17,29/11:21,29/12:28,29/12:38,1:07:00,DPS,DPS,012,10,1,1,NML,7,2025
3821.,A320,PKGTG,CTV,CTV461,CTV698,29/11:23,29/11:27,29/12:06,29/12:21,0:39:00,AAP,DPS,006,10,1,1,NML,7,2025
3822.,B739,PKLSY,LNI,LNI694,LNI694,29/11:57,29/12:01,29/12:48,29/13:00,0:47:00,CGK,KOE,016,10,1,1,NML,7,2025
3823.,A339,PKLES,LNI,LNI105,LNI104,28/12:50,28/12:57,29/12:19,29/12:30,23:22:00,JED,JED,A05,10,1,1,NML,7,2025
3824.,A320,PKLUT,BTK,BTK6582,BTK6581,29/11:43,29/11:46,29/12:40,29/12:48,0:54:00,CGK,CGK,009,10,1,1,NML,7,2025
3825.,A320,PKGQE,CTV,CTV9693,CTV9692,29/11:28,29/11:32,29/12:20,29/12:36,0:48:00,DPS,DPS,008,10,1,1,NML,7,2025
3826.,A320,PKSAY,SJV,SJV649,SJV636,29/07:44,29/07:50,29/12:36,29/12:47,4:46:00,BPN,BDJ,022,10,0,0,NML,7,2025
3827.,B739,PKLHY,LNI,LNI801,LNI780,29/11:54,29/11:57,29/12:51,29/13:02,0:54:00,UPG,UPG,011,10,1,1,NML,7,2025
3828.,B739,PKLGY,LNI,LNI693,LNI680,29/08:50,29/08:53,29/12:48,29/12:58,3:55:00,KOE,PKY,020,10,0,0,NML,7,2025
3829.,A320,PKBKP,BTK,BTK6596,BTK6595,29/12:33,29/12:37,29/13:31,29/13:48,0:54:00,CGK,CGK,008,10,1,1,NML,7,2025
3830.,A320,PKAZJ,AWQ,AWQ387,AWQ324,29/13:38,29/13:43,29/14:24,29/14:32,0:41:00,PEN,KUL,A03,10,1,1,NML,7,2025
3831.,A320,PKPWJ,PAS,PAS204,PAS205,29/11:51,29/11:53,29/13:16,29/13:29,1:23:00,CGK,CGK,005,10,1,1,NML,7,2025
3832.,B735,PKNAT,LKN,LKN671,LKN670,29/11:00,29/11:04,29/13:30,29/13:49,2:26:00,TMC,TMC,010,10,1,1,NML,7,2025
3833.,A320,PKGQA,CTV,CTV487,CTV668,29/12:26,29/12:30,29/13:25,29/13:37,0:55:00,BDJ,DPS,007,10,1,1,NML,7,2025
3834.,B738,PKLOH,LNI,LNI839,LNI836,29/13:54,29/13:58,29/14:52,29/15:06,0:54:00,PNK,PNK,012,10,1,1,NML,7,2025
3835.,A320,PKSAQ,SJV,SJV633,SJV726,29/14:33,29/14:37,29/15:37,29/15:47,1:00:00,BDJ,LBJ,011,10,1,1,NML,7,2025
3836.,B739,PKLFK,LNI,LNI857,LNI910,29/14:03,29/14:07,29/15:02,29/15:15,0:55:00,PLM,DPS,010,10,1,1,NML,7,2025
3837.,A320,PKGLG,CTV,CTV431,CTV948,29/13:32,29/13:35,29/14:12,29/14:30,0:37:00,BPN,BTH,006,10,1,1,NML,7,2025
3838.,B738MAX,PKOFM,AFE,AFE920,AFE920,29/13:35,29/13:39,29/14:09,29/14:23,0:30:00,TIM,CGK,004,10,1,1,Nml,7,2025
3839.,B738,PKGUI,GIA,GIA312,GIA317,29/13:48,29/13:52,29/14:47,29/15:04,0:55:00,CGK,CGK,005,10,1,1,NML,7,2025
3840.,B739,PKLHI,LNI,LNI823,LNI260,29/14:37,29/14:41,29/15:46,29/15:57,1:05:00,LOP,BPN,015,10,1,1,NML,7,2025
3841.,A320,9VJSY,JSA,JSA247,JSA248,29/13:58,29/14:02,29/14:49,29/15:01,0:47:00,SIN,SIN,A07,10,1,1,NML,7,2025
3842.,A320,PKLAI,BTK,BTK7515,BTK7514,29/13:43,29/13:47,29/14:44,29/14:56,0:57:00,HLP,HLP,009,10,1,1,NML,7,2025
3843.,B738,PKGFD,GIA,GIA330,GIA331,29/14:13,29/14:18,29/15:07,29/15:17,0:49:00,HLP,HLP,004,10,1,1,NML,7,2025
3844.,B739,PKLHS,LNI,LNI787,LNI642,29/13:45,29/13:48,29/15:38,29/15:49,1:50:00,UPG,LOP,014,10,1,1,NML,7,2025
3845.,B739,PKLQR,LNI,LNI919,LNI920,29/15:45,29/15:49,29/16:34,29/16:44,0:45:00,DPS,DPS,014,10,1,1,NML,7,2025
3846.,A320,PKGQS,CTV,CTV699,CTV434,29/15:02,29/15:06,29/15:40,29/15:53,0:34:00,DPS,BPN,006,10,1,1,NML,7,2025
3847.,A320,PKLUZ,BTK,BTK6406,BTK7512,29/14:27,29/14:32,29/17:15,29/17:26,2:43:00,CGK,HLP,020,10,0,0,NML,7,2025
3848.,A320,PKSTI,SJV,SJV643,SJV672,29/15:13,29/15:17,29/16:08,29/16:18,0:51:00,AAP,BEJ,010,10,1,1,NML,7,2025
3849.,A320,PKLUF,BTK,BTK6134,BTK6401,29/09:50,29/09:54,29/16:14,29/16:22,6:20:00,PKN,CGK,021,10,0,0,NML,7,2025
3850.,B739,PKLFY,LNI,LNI261,LNI316,29/14:42,29/14:46,29/16:57,29/17:08,2:11:00,BPN,BDJ,016,10,1,1,NML,7,2025
3851.,A320,PKSJR,SJV,SJV637,SJV648,29/17:45,29/17:48,29/18:33,29/18:56,0:45:00,BDJ,BPN,010,10,1,1,NML,7,2025
3852.,B738MAX,9VMBM,SIA,SIA926,SIA927,29/15:36,29/15:42,29/16:35,29/16:49,0:53:00,SIN,SIN,A07,10,1,1,NML,7,2025
3853.,B738,PKGNM,GIA,GIA310,GIA315,29/15:20,29/15:24,29/16:25,29/16:33,1:01:00,CGK,CGK,004,10,1,1,NML,7,2025
3854.,A320,PKPWD,PAS,PAS206,PAS623,29/15:41,29/15:44,29/16:35,29/16:47,0:51:00,CGK,BPN,005,10,1,1,NML,7,2025
3855.,A320,PKSAZ,SJV,SJV363,SJV362,29/16:05,29/16:10,29/17:02,29/17:13,0:52:00,KNO,KNO,011,10,1,1,NML,7,2025
3856.,B739,PKLQT,LNI,LNI692,LNI692,29/15:51,29/15:53,29/16:57,29/17:10,1:04:00,CGK,KOE,012,10,1,1,NML,7,2025
3857.,A320,PKGQE,CTV,CTV669,CTV9694,29/16:09,29/16:12,29/16:57,29/17:11,0:45:00,DPS,DPS,006,10,1,1,NML,7,2025
3858.,B739,PKLSI,LNI,LNI972,LNI226,29/16:38,29/16:47,29/17:49,29/18:00,1:02:00,BTH,BDJ,15B,10,0,0,NML,7,2025
3859.,A320,PKAXY,AWQ,AWQ323,AWQ326,29/16:57,29/17:02,29/17:35,29/17:43,0:33:00,KUL,KUL,A01,10,1,1,NML,7,2025
3860.,B738,PKLJS,LNI,LNI749,LNI838,29/16:45,29/16:51,29/17:59,29/18:08,1:08:00,MDC,PNK,15A,10,0,0,NML,7,2025
3861.,B739,PKLGY,LNI,LNI681,LNI581,29/15:55,29/15:59,29/18:57,29/19:14,2:58:00,PKY,CGK,017,10,1,1,NML,7,2025
3862.,A320,PKPWN,PAS,PAS622,PAS207,29/17:06,29/17:09,29/18:09,29/18:22,1:00:00,BPN,CGK,006,10,1,1,NML,7,2025
3863.,B738,9MMXD,MAS,MAS875,MAS874,29/17:41,29/17:46,29/18:51,29/19:03,1:05:00,KUL,KUL,A03,10,1,1,NML,7,2025
3864.,B738,PKGNF,GIA,GIA320,GIA313,29/17:32,29/17:37,29/18:26,29/18:43,0:49:00,CGK,CGK,004,10,1,1,NML,7,2025
3865.,A320,PKSAQ,SJV,SJV725,SJV716,29/19:27,29/19:31,29/20:32,29/20:41,1:01:00,LBJ,LOP,012,10,1,1,NML,7,2025
3866.,A320,PKLUV,BTK,BTK7503,BTK7502,29/18:27,29/18:30,29/19:19,29/19:30,0:49:00,HLP,HLP,011,10,1,1,NML,7,2025
3867.,B738,PKGFP,GIA,GIA349,GIA325,29/17:38,29/17:41,29/18:50,29/19:06,1:09:00,DPS,CGK,005,10,1,1,NML,7,2025
3868.,B738MAX,9VMBJ,SIA,SIA928,SIA929,29/17:58,29/18:03,29/19:02,29/19:21,0:59:00,SIN,SIN,A02,10,1,1,NML,7,2025
3869.,B738,PKCRI,SJY,SJY567,SJY562,29/19:16,29/19:23,29/20:10,29/20:24,0:47:00,UPG,UPG,010,10,1,1,NML,7,2025
3870.,B788,9VOFD,TGW,TGW266,TGW267,29/18:38,29/18:45,29/19:44,29/19:56,0:59:00,SIN,SIN,A07,10,1,1,NML,7,2025
3871.,A320,PKGQH,CTV,CTV949,CTV494,29/19:43,29/19:47,29/20:24,29/20:39,0:37:00,BTH,BDJ,009,10,1,1,NML,7,2025
3872.,A320,PKLAQ,BTK,BTK6578,BTK7518,29/16:23,29/16:27,29/20:56,29/21:06,4:29:00,CGK,HLP,018,10,0,0,NML,7,2025
3873.,B739,PKLFK,LNI,LNI923,LNI880,29/17:54,29/17:58,29/20:53,29/21:04,2:55:00,DPS,UPG,014,10,1,1,NML,7,2025
3874.,B738,PKGMW,GIA,GIA326,GIA3354,29/19:12,29/19:16,29/19:59,29/20:14,0:43:00,CGK,HLP,005,10,1,1,NML,7,2025
3875.,B738,PKGFD,GIA,GIA3304,GIA319,29/19:01,29/19:05,29/20:04,29/20:19,0:59:00,HLP,CGK,004,10,1,1,NML,7,2025
3876.,A320,PKGLX,CTV,CTV172,CTV737,29/18:31,29/18:35,29/20:15,29/20:27,1:40:00,HLP,CGK,007,10,1,1,NML,7,2025
3877.,A320,PKGQS,CTV,CTV435,CTV173,29/19:35,29/19:39,29/20:22,29/20:37,0:43:00,BPN,HLP,008,10,1,1,NML,7,2025
3878.,A320,PKBKR,BTK,BTK6576,BTK6575,29/20:12,29/20:15,29/21:41,29/21:53,1:26:00,CGK,CGK,011,10,1,1,NML,7,2025
3879.,A320,PKGQL,CTV,CTV736,CTV352,29/20:30,29/20:34,29/21:10,29/21:20,0:36:00,CGK,UPG,008,10,1,1,NML,7,2025
3880.,A320,PKGQP,CTV,CTV724,CTV354,29/20:17,29/20:21,29/20:59,29/21:11,0:38:00,CGK,UPG,007,10,1,1,NML,7,2025
3881.,A320,PKGLV,CTV,CTV489,CTV693,29/21:13,29/21:17,29/21:52,29/22:04,0:35:00,BDJ,DPS,007,10,1,1,NML,7,2025
3882.,A320,PKLUW,BTK,BTK6137,BTK6136,29/20:25,29/20:31,29/21:52,29/22:06,1:21:00,UPG,UPG,009,10,1,1,NML,7,2025
3883.,A320,PKGLY,CTV,CTV726,CTV430,29/23:02,29/23:06,30/05:00,30/05:11,5:54:00,CGK,BPN,007,28,1,1,NML,7,2025
3884.,B739,PKLSY,LNI,LNI695,LNI878,29/17:28,29/17:36,30/05:08,30/05:16,11:32:00,KOE,AMQ,021,28,0,0,NML,7,2025
3885.,A320,PKLUK,BTK,BTK6588,BTK7508A,29/22:12,29/22:16,30/04:54,30/05:00,6:38:00,CGK,HLP,010,28,1,1,NML,7,2025
3886.,A320,PKAZJ,AWQ,AWQ325,AWQ320,29/20:05,29/20:11,30/05:00,30/05:13,8:49:00,KUL,KUL,A01,28,1,1,NML,7,2025
3887.,B739,PKLHS,LNI,LNI865,LNI786,29/18:23,29/18:28,30/04:56,30/05:09,10:28:00,LOP,UPG,020,28,0,0,NML,7,2025
3888.,B738,PKGNE,GIA,GIA328,GIA301,29/20:21,29/20:25,30/04:57,30/05:07,8:32:00,CGK,CGK,004,28,1,1,NML,7,2025
3889.,A320,PKBKU,BTK,BTK7501,BTK6132,29/14:59,29/17:24,30/06:17,30/06:27,15:13:00,HLP,LOP,024,28,0,1,NML,7,2025
3890.,A320,PKGQE,CTV,CTV9695,CTV725,29/19:53,29/19:57,30/05:42,30/05:53,9:45:00,DPS,CGK,003,28,0,0,NML,7,2025
3891.,B738,PKLVF,LNI,LNI690,LNI690,30/05:04,30/05:13,30/06:02,30/06:18,0:49:00,CGK,KOE,011,28,1,1,NML,7,2025
3892.,A320,PKGQP,CTV,CTV353,CTV670,30/05:07,30/05:15,30/05:52,30/06:02,0:37:00,UPG,LOP,008,28,1,1,NML,7,2025
3893.,B739,PKLHP,LNI,LNI885,LNI266,29/19:31,29/19:44,30/06:01,30/06:15,10:17:00,UPG,BPN,023,28,0,0,NML,7,2025
3894.,A320,PKSTA,SJV,SJV619,SJV706,29/19:09,29/19:12,30/05:55,30/06:08,10:43:00,BPN,DPS,016,28,1,1,NML,7,2025
3895.,A320,PKLUR,BTK,BTK7521,BTK6589,29/20:53,29/20:58,30/06:00,30/06:15,9:02:00,HLP,CGK,017,28,1,1,NML,7,2025
3896.,B739,PKLFO,LNI,LNI929,LNI266A,30/07:04,30/07:09,30/08:33,30/08:45,1:24:00,DPS,BPN,020,28,0,0,NML,7,2025
3897.,B739,PKLHJ,LNI,LNI983,LNI882,29/19:50,29/19:54,30/06:06,30/06:20,10:12:00,PKU,UPG,15A,28,0,0,NML,7,2025
3898.,A320,PKSTI,SJV,SJV673,SJV640,29/20:35,29/20:42,30/06:06,30/06:25,9:24:00,BEJ,AAP,025,28,0,0,NML,7,2025
3899.,A320,PKPWC,PAS,PAS202,PAS213,29/19:04,29/19:08,30/05:55,30/06:04,10:47:00,CGK,CGK,006,28,1,1,NML,7,2025
3900.,A320,PKLUZ,BTK,BTK7519,BTK7508,29/20:45,29/20:52,30/06:52,30/07:01,10:00:00,HLP,HLP,012,28,1,1,NML,7,2025
3901.,A320,PKBKT,BTK,BTK6413,BTK6412,29/20:02,29/20:05,30/06:23,30/06:32,10:18:00,DPS,DPS,15B,28,0,0,NML,7,2025
3902.,A320,PKSJH,SJV,SJV717,SJV634,30/06:16,30/06:21,30/07:19,30/07:31,0:58:00,LOP,BDJ,009,28,1,1,NML,7,2025
3903.,A320,PKSJR,SJV,SJV613,SJV566,29/22:15,29/22:18,30/07:22,30/07:37,9:04:00,BPN,PLW,014,28,1,1,NML,7,2025
3904.,A320,PKBKG,BTK,BTK6370,BTK6597,30/06:11,30/06:17,30/07:14,30/07:35,0:57:00,CGK,CGK,008,28,1,1,NML,7,2025
"3905.,AW139,PKTVN,TVR,PKTVN,PKTVN,22/17:11,23/10:06,30/07:22,30/07:24,""7 days, 14:07:00"",MBH,ZZZZ,H02,28,0,0,NML,7,2025"
3906.,B739,PKLSI,LNI,LNI311,LNI971,30/06:06,30/06:11,30/07:11,30/07:28,1:00:00,BDJ,BTH,018,28,0,0,NML,7,2025
3907.,A320,PKLUJ,BTK,BTK7511,BTK6135,30/07:58,30/08:04,30/08:55,30/09:04,0:51:00,HLP,PKN,008,28,1,1,NML,7,2025
3908.,B738,PKGMU,GIA,GIA324,GIA854,29/20:57,29/23:15,30/06:54,30/07:07,9:54:00,CGK,SIN,A02,28,1,1,NML,7,2025
3909.,B738,PKGNQ,GIA,GIA855,GIA305,29/20:09,29/23:34,30/07:04,30/07:12,10:49:00,SIN,CGK,005,28,1,1,NML,7,2025
3910.,B739,PKLHI,LNI,LNI363,LNI646,30/06:23,30/06:28,30/07:40,30/07:48,1:12:00,BPN,LOP,016,28,1,1,NML,7,2025
3911.,A320,PKSJV,SJV,SJV611,SJV610,30/06:55,30/07:00,30/07:57,30/08:05,0:57:00,BPN,BPN,015,28,1,1,NML,7,2025
3912.,A320,PKBKR,BTK,BTK6572,BTK7510,30/07:48,30/07:52,30/09:18,30/09:27,1:26:00,CGK,HLP,009,10,1,1,NML,7,2025
3913.,A320,PKAXY,AWQ,AWQ327,AWQ392,29/23:40,29/23:45,30/07:24,30/07:40,7:39:00,KUL,JHB,A03,28,1,1,NML,7,2025
3914.,B739,PKLHH,LNI,LNI315,LNI856,30/08:02,30/08:06,30/09:41,30/09:54,1:35:00,BDJ,PLM,016,10,1,1,NML,7,2025
3915.,B739,PKLQT,LNI,LNI693,LNI693,30/07:00,30/07:04,30/07:45,30/07:57,0:41:00,KOE,CGK,011,28,1,1,NML,7,2025
3916.,B739,PKLSI,LNI,LNI971A,LNI971A,30/07:35,30/07:39,30/08:40,30/08:52,1:01:00,SUB,BTH,018,28,0,0,NML,7,2025
3917.,A333,BLBE,CPA,CPA779,CPA780,29/17:49,29/17:54,30/08:05,30/08:21,14:11:00,HKG,HKG,A08,28,1,1,NML,7,2025
3918.,B738,PKLQZ,LNI,LNI707,LNI868,30/13:29,30/13:34,30/14:43,30/14:53,1:09:00,UPG,TTE,010,10,1,1,NML,7,2025
3919.,A320,PKGQA,CTV,CTV690,CTV460,30/07:55,30/08:01,30/08:37,30/08:44,0:36:00,DPS,AAP,006,28,1,1,NML,7,2025
3920.,B739,PKLJI,LNI,LNI683,LNI222,30/10:24,30/10:27,30/13:28,30/13:44,3:01:00,PKY,BDJ,014,10,1,1,NML,7,2025
3921.,A320,PKBKU,BTK,BTK6133,BTK6391,30/08:57,30/09:03,30/10:03,30/10:15,1:00:00,LOP,CGK,008,10,1,1,NML,7,2025
3922.,B738,PKLZO,MXD,MXD352,MXD353,29/19:39,29/19:45,30/09:23,30/09:35,13:38:00,KUL,KUL,A04,10,1,1,NML,7,2025
3923.,EC130T2,PKJTZ,APU,PKJTZ,PKJTZ,30/08:05,30/08:07,30/08:52,30/09:02,0:45:00,ZZZZ,ZZZZ,001,28,0,0,NML,7,2025
3924.,A320,PKSTA,SJV,SJV703,SJV612,30/08:27,30/08:32,30/09:42,30/09:55,1:10:00,DPS,BPN,011,10,1,1,NML,7,2025
3925.,B738,PKGFS,GIA,GIA304,GIA342,30/08:11,30/08:17,30/09:11,30/09:21,0:54:00,CGK,DPS,004,10,1,1,NML,7,2025
3926.,A320,PKPWK,PAS,PAS200,PAS201,30/08:16,30/08:21,30/09:18,30/09:30,0:57:00,CGK,CGK,005,10,1,1,NML,7,2025
3927.,A320,PKGQP,CTV,CTV671,CTV486,30/08:35,30/08:43,30/09:22,30/09:37,0:39:00,LOP,BDJ,007,10,1,1,NML,7,2025
3928.,B733,PKMYJ,MYU,MYU935,MYU815,30/09:24,30/09:30,30/10:13,30/10:25,0:43:00,SRG,CGK,C02,10,0,0,NML,7,2025
3929.,B738MAX,9MMVJ,MAS,MAS871,MAS870,30/09:06,30/09:09,30/09:59,30/10:09,0:50:00,KUL,KUL,A07,10,1,1,NML,7,2025
3930.,B735,PKNAS,LKN,LKN243,LKN242,30/08:51,30/08:55,30/09:55,30/10:03,1:00:00,SMQ,SMQ,010,10,1,1,NML,7,2025
3931.,A359,9VSHD,SIA,SIA922,SIA923,30/09:02,30/09:04,30/10:11,30/10:26,1:07:00,SIN,SIN,A08,10,1,1,NML,7,2025
3932.,A320,PKBKQ,BTK,BTK6584,BTK6585,30/09:45,30/09:48,30/11:18,30/11:29,1:30:00,CGK,CGK,009,10,1,1,NML,7,2025
3933.,B739,PKLHJ,LNI,LNI791,LNI990,30/09:52,30/09:54,30/11:11,30/11:20,1:17:00,UPG,DPS,011,10,1,1,NML,7,2025
3934.,A320,PKGLE,CTV,CTV351,CTV350,30/09:14,30/09:17,30/10:09,30/10:18,0:52:00,UPG,UPG,006,10,1,1,NML,7,2025
3935.,A320,PKSJH,SJV,SJV635,SJV632,30/10:20,30/10:23,30/11:15,30/11:24,0:52:00,BDJ,BDJ,012,10,1,1,NML,7,2025
3936.,B738,PKLSO,LNI,LNI970,LNI748,30/10:10,30/10:14,30/11:32,30/11:48,1:18:00,BTH,MDC,015,10,1,1,NML,7,2025
3937.,B739,PKLHI,LNI,LNI645,LNI822,30/10:35,30/10:39,30/11:52,30/12:02,1:13:00,LOP,LOP,17B,10,0,0,NML,7,2025
3938.,A320,PKPWC,PAS,PAS210,PAS211,30/09:32,30/09:35,30/10:25,30/10:37,0:50:00,CGK,CGK,005,10,1,1,NML,7,2025
3939.,A320,PKBKV,BTK,BTK7513,BTK7516,30/10:07,30/10:12,30/10:55,30/11:06,0:43:00,HLP,HLP,008,10,1,1,NML,7,2025
3940.,A320,PKSTI,SJV,SJV641,SJV642,30/10:46,30/10:50,30/11:44,30/11:55,0:54:00,AAP,AAP,020,10,0,0,NML,7,2025
3941.,B738,PKLVF,LNI,LNI697,LNI697,30/10:40,30/10:43,30/11:48,30/11:58,1:05:00,KOE,CGK,018,10,0,0,NML,7,2025
3942.,B739,PKLGU,LNI,LNI694,LNI694,30/10:27,30/10:31,30/11:28,30/11:39,0:57:00,CGK,KOE,17A,10,0,0,NML,7,2025
3943.,B739,PKLHS,LNI,LNI787,LNI682,30/12:42,30/12:46,30/15:04,30/15:15,2:18:00,UPG,PKY,012,10,1,1,NML,7,2025
3944.,A320,PKAZJ,AWQ,AWQ321,AWQ322,30/10:51,30/10:56,30/11:36,30/11:49,0:40:00,KUL,KUL,A03,10,1,1,NML,7,2025
3945.,A320,PKLUJ,BTK,BTK6134,BTK7520,30/11:45,30/11:49,30/12:45,30/12:54,0:56:00,PKN,HLP,009,10,1,1,NML,7,2025
3946.,B738,PKGMV,GIA,GIA322,GIA327,30/10:16,30/10:21,30/11:38,30/11:52,1:17:00,CGK,CGK,004,10,1,1,NML,7,2025
"3947.,A339,PKLET,LNI,LNI107,LNI104,28/14:31,28/14:40,30/12:06,30/12:20,""1 day, 21:26:00"",JED,JED,A06,10,1,1,NML,7,2025"
3948.,A320,PKBLD,BTK,BTK6582,BTK6581,30/13:26,30/13:31,30/14:23,30/14:39,0:52:00,CGK,CGK,009,10,1,1,NML,7,2025
3949.,B739,PKLHJ,LNI,LNI805,LNI706,30/13:59,30/14:03,30/15:09,30/15:24,1:06:00,DPS,UPG,014,10,1,1,NML,7,2025
3950.,A320,PKSJR,SJV,SJV567,SJV636,30/11:41,30/11:45,30/12:39,30/12:49,0:54:00,PLW,BDJ,011,10,1,1,NML,7,2025
3951.,B735,PKNAQ,LKN,LKN193,LKN192,30/11:34,30/11:37,30/12:31,30/12:41,0:54:00,PKN,PKN,010,10,1,1,NML,7,2025
3952.,B739,PKLHI,LNI,LNI823,LNI804,30/15:06,30/15:09,30/16:36,30/16:49,1:27:00,LOP,DPS,15A,10,0,0,NML,7,2025
3953.,A320,PKBKR,BTK,BTK7517,BTK6595,30/12:38,30/12:42,30/14:12,30/14:21,1:30:00,HLP,CGK,018,10,0,0,NML,7,2025
3954.,A320,PKGQA,CTV,CTV461,CTV698,30/12:24,30/12:27,30/13:24,30/13:38,0:57:00,AAP,DPS,005,10,1,1,NML,7,2025
3955.,A320,PKAXY,AWQ,AWQ393,AWQ324,30/12:30,30/12:36,30/13:12,30/13:22,0:36:00,JHB,KUL,A03,10,1,1,NML,7,2025
3956.,A320,PKGQP,CTV,CTV487,CTV668,30/12:06,30/12:09,30/13:30,30/13:46,1:21:00,BDJ,DPS,006,10,1,1,NML,7,2025
3957.,B739,PKLGL,LNI,LNI692,LNI973,30/17:08,30/17:12,30/18:47,30/19:09,1:35:00,CGK,BTH,014,10,1,1,NML,7,2025
3958.,A339,PKGHI,GIA,GIA975,GIA974,30/11:37,30/11:51,30/13:57,30/14:14,2:06:00,JED,JED,A08,10,1,1,NML,7,2025
3959.,B738,PKLKV,LNI,LNI707,LNI686,29/15:07,29/15:11,30/15:02,30/15:14,23:51:00,UPG,PKY,022,10,0,0,NML,7,2025
3960.,B739,PKLFO,LNI,LNI261,LNI260,30/17:12,30/17:17,30/18:16,30/18:28,0:59:00,BPN,BPN,016,10,1,1,NML,7,2025
3961.,B738,PKLOR,LNI,LNI839,LNI836,30/12:59,30/13:02,30/14:04,30/14:16,1:02:00,PNK,PNK,015,10,1,1,NML,7,2025
3962.,A320,PKSJH,SJV,SJV633,SJV726,30/14:17,30/14:21,30/15:28,30/15:39,1:07:00,BDJ,LBJ,17B,10,0,0,NML,7,2025
3963.,A320,PKGQN,CTV,CTV716,CTV717,30/13:32,30/13:36,30/14:21,30/14:35,0:45:00,CGK,CGK,007,10,1,1,NML,7,2025
3964.,A320,PKGLY,CTV,CTV431,CTV948,30/13:42,30/13:46,30/14:33,30/14:47,0:47:00,BPN,BTH,008,10,1,1,NML,7,2025
3965.,A320,9VJSU,JSA,JSA247,JSA248,30/14:08,30/14:14,30/15:04,30/15:17,0:50:00,SIN,SIN,A06,10,1,1,NML,7,2025
3966.,B738,PKGUI,GIA,GIA312,GIA317,30/13:36,30/13:40,30/14:44,30/14:56,1:04:00,CGK,CGK,004,10,1,1,NML,7,2025
3967.,A320,PKLAI,BTK,BTK7515,BTK7514,30/14:05,30/14:08,30/15:03,30/15:04,0:55:00,HLP,HLP,011,10,1,1,NML,7,2025
"3968.,B738,PKLBS,MXD,MXD352,MXD351,28/19:20,28/19:26,30/18:58,30/19:23,""1 day, 23:32:00"",KUL,KUL,C01,10,0,0,NML,7,2025"
3969.,A320,PKPWE,PAS,PAS208,PAS209,30/13:50,30/13:53,30/14:52,30/15:12,0:59:00,CGK,CGK,006,10,1,1,NML,7,2025
3970.,B738,PKGMW,GIA,GIA330,GIA331,30/14:12,30/14:16,30/15:09,30/15:22,0:53:00,HLP,HLP,005,10,1,1,NML,7,2025
3971.,B739,PKLSO,LNI,LNI749,LNI642,30/17:25,30/17:29,30/18:48,30/19:03,1:19:00,MDC,LOP,17A,10,0,0,NML,7,2025
3972.,B739,PKLSY,LNI,LNI879,LNI722,30/14:37,30/14:41,30/15:52,30/16:03,1:11:00,AMQ,KDI,016,10,1,1,NML,7,2025
3973.,B739,PKLHH,LNI,LNI857,LNI910,30/17:44,30/17:48,30/19:10,30/19:29,1:22:00,PLM,DPS,17B,10,0,0,NML,7,2025
3974.,A320,PKLUZ,BTK,BTK7501,BTK7512,30/14:42,30/14:48,30/15:54,30/16:05,1:06:00,HLP,HLP,009,10,1,1,NML,7,2025
3975.,B738,9MMXL,MAS,MAS873,MAS872,30/15:01,30/15:09,30/15:59,30/16:10,0:50:00,KUL,KUL,A08,10,1,1,NML,7,2025
3976.,A320,PKSTI,SJV,SJV643,SJV672,30/15:36,30/15:41,30/16:36,30/16:43,0:55:00,AAP,BEJ,010,10,1,1,NML,7,2025
3977.,A320,PKBKU,BTK,BTK6596,BTK6401,30/14:31,30/14:35,30/16:14,30/16:21,1:39:00,CGK,CGK,17A,10,0,0,NML,7,2025
3978.,B739,PKLHI,LNI,LNI919,LNI316,30/19:53,30/19:57,30/20:56,30/21:09,0:59:00,DPS,BDJ,15A,10,0,0,NML,7,2025
3979.,B738,HSLGK,TLM,TLM268,TLM269,30/15:19,30/15:25,30/16:23,30/16:32,0:58:00,DMK,DMK,A04,10,1,1,NML,7,2025
3980.,B738,PKGMV,GIA,GIA310,GIA315,30/15:43,30/15:48,30/16:45,30/16:56,0:57:00,CGK,CGK,004,10,1,1,NML,7,2025
3981.,B738MAX,9VMBM,SIA,SIA926,SIA927,30/18:53,30/18:59,30/19:52,30/20:15,0:53:00,SIN,SIN,A06,10,1,1,NML,7,2025
3982.,A320,PKPWG,PAS,PAS206,PAS623,30/15:49,30/15:52,30/16:38,30/16:51,0:46:00,CGK,BPN,005,10,1,1,NML,7,2025
3983.,B738,PKLGU,LNI,LNI695,LNI268,30/16:24,30/16:28,30/18:16,30/18:30,1:48:00,KOE,TRK,012,10,1,1,NML,7,2025
3984.,B739,PKLFK,LNI,LNI223,LNI692,30/18:12,30/18:15,30/19:08,30/19:25,0:53:00,BDJ,KOE,010,10,1,1,NML,7,2025
3985.,A320,PKGQA,CTV,CTV699,CTV434,30/16:08,30/16:11,30/16:57,30/17:14,0:46:00,DPS,BPN,006,10,1,1,NML,7,2025
3986.,B739,PKLHJ,LNI,LNI885,LNI920,30/19:15,30/19:20,30/20:15,30/20:23,0:55:00,UPG,DPS,016,10,1,1,NML,7,2025
3987.,A320,PKSJR,SJV,SJV637,SJV648,30/15:53,30/15:57,30/18:25,30/18:37,2:28:00,BDJ,BPN,018,10,0,0,NML,7,2025
3988.,A339,PKLES,LNI,LNI105,LNI100,30/12:20,30/12:26,30/16:55,30/17:10,4:29:00,JED,JED,A07,10,1,1,NML,7,2025
3989.,B739,PKLSY,LNI,LNI727,LNI226,30/20:13,30/20:20,30/21:14,30/21:26,0:54:00,KDI,BDJ,15B,10,0,0,NML,7,2025
3990.,B738,PKBKR,BTK,BTK6578,BTK7579,30/17:53,30/17:59,30/19:02,30/19:22,1:03:00,CGK,CGK,009,10,1,1,NML,7,2025
3991.,A320,PKAZJ,AWQ,AWQ323,AWQ326,30/17:21,30/17:25,30/18:00,30/18:08,0:35:00,KUL,KUL,A03,10,1,1,NML,7,2025
3992.,B738,PKLKV,LNI,LNI687,LNI838,30/18:01,30/18:04,30/19:00,30/19:20,0:56:00,PKY,PNK,011,10,1,1,NML,7,2025
3993.,A320,PKPWJ,PAS,PAS622,PAS207,30/17:18,30/17:21,30/18:12,30/18:23,0:51:00,BPN,CGK,006,10,1,1,NML,7,2025
3994.,B738,PKGMP,GIA,GIA320,GIA313,30/17:40,30/17:44,30/18:41,30/19:02,0:57:00,CGK,CGK,004,10,1,1,NML,7,2025
3995.,A320,PKSJH,SJV,SJV725,SJV716,30/19:12,30/19:16,30/20:15,30/20:28,0:59:00,LBJ,LOP,011,10,1,1,NML,7,2025
3996.,A320,PKLUZ,BTK,BTK7503,BTK7502,30/19:27,30/19:30,30/20:26,30/20:41,0:56:00,HLP,HLP,009,10,1,1,NML,7,2025
3997.,B738,PKGNG,GIA,GIA349,GIA325,30/17:28,30/17:33,30/19:03,30/19:24,1:30:00,DPS,CGK,005,10,1,1,NML,7,2025
3998.,A320,PKGQS,CTV,CTV172,CTV173,30/17:47,30/17:50,30/18:57,30/19:17,1:07:00,HLP,HLP,007,10,1,1,NML,7,2025
3999.,B738MAX,9VMBO,SIA,SIA928,SIA929,30/18:47,30/18:53,30/19:44,30/19:59,0:51:00,SIN,SIN,A07,10,1,1,NML,7,2025
4000.,B739,PKLSK,LNI,LNI972,LNI581,30/19:56,30/20:00,30/20:52,30/21:06,0:52:00,BTH,CGK,014,10,1,1,NML,7,2025
4001.,B738,PKCRI,SJY,SJY567,SJY562,30/19:00,30/19:04,30/19:52,30/20:11,0:48:00,UPG,UPG,012,10,1,1,NML,7,2025
4002.,A320,PKBKV,BTK,BTK7519,BTK7518,30/20:53,30/20:57,30/21:39,30/21:54,0:42:00,HLP,HLP,009,10,1,1,NML,7,2025
4003.,A320,PKGLX,CTV,CTV489,CTV693,30/19:07,30/19:12,30/19:52,30/20:02,0:40:00,BDJ,DPS,005,10,1,1,NML,7,2025
4004.,A320,PKGQQ,CTV,CTV736,CTV494,30/18:44,30/18:48,30/19:46,30/20:00,0:58:00,CGK,BDJ,008,10,1,1,NML,7,2025
4005.,B738,PKGMA,GIA,GIA326,GIA3354,30/20:36,30/20:40,30/21:25,30/21:34,0:45:00,CGK,HLP,004,10,1,1,NML,7,2025
4006.,A320,PKGQO,CTV,CTV949,CTV352,30/18:50,30/18:54,30/19:56,30/20:16,1:02:00,BTH,UPG,006,10,1,1,NML,7,2025
4007.,B738,PKGMW,GIA,GIA3304,GIA319,30/18:40,30/18:44,30/20:00,30/20:18,1:16:00,HLP,CGK,004,10,1,1,NML,7,2025
4008.,A320,PKGLU,CTV,CTV724,CTV354,30/20:41,30/20:44,30/21:17,30/21:29,0:33:42,CGK,UPG,006,10,1,1,NML,7,2025
4009.,A320,PKLUO,BTK,BTK6586,BTK6587,30/21:51,30/21:57,30/22:21,30/23:01,0:24:00,CGK,CGK,009,10,1,1,NML,7,2025
4010.,B738,PKLQZ,LNI,LNI869,LNI880,30/21:04,30/21:06,30/22:09,30/22:22,1:03:00,TTE,UPG,011,10,1,1,NML,7,2025
4011.,A320,PKSJV,SJV,SJV619,SJV7002,30/19:18,30/19:22,30/21:08,30/21:23,1:46:00,BPN,DPS,022,10,0,0,NML,7,2025
4012.,A320,PKBKJ,BTK,BTK6137,BTK6136,30/21:14,30/21:19,30/22:06,30/22:19,0:47:00,UPG,UPG,010,10,1,1,NML,7,2025
4013.,A320,PKLUQ,BTK,BTK6576,BTK7508,30/20:26,30/20:32,31/05:00,31/05:09,8:27:07,CGK,HLP,018,28,0,0,NML,7,2025
4014.,A320,PKSTI,SJV,SJV673,SJV610,30/20:57,30/21:01,31/05:03,31/05:16,8:02:00,BEJ,BPN,17A,28,0,0,NML,7,2025
4015.,A320,PKAZJ,AWQ,AWQ327,AWQ320,30/23:28,30/23:33,31/05:00,31/05:12,5:27:00,KUL,KUL,A03,28,1,1,NML,7,2025
4016.,B739,PKLSP,LNI,LNI923,LNI786,30/22:26,30/22:30,31/05:08,31/05:18,6:38:00,DPS,UPG,015,28,1,1,NML,7,2025
4017.,A320,PKGLY,CTV,CTV726,CTV430,30/21:18,30/21:21,31/04:57,31/05:10,7:36:00,CGK,BPN,008,28,1,1,NML,7,2025
4018.,B738,PKGMI,GIA,GIA328,GIA301,30/20:04,30/20:07,31/05:05,31/05:15,8:58:00,CGK,CGK,005,28,1,1,NML,7,2025
4019.,A320,PKLZH,BTK,BTK7521,BTK6132,30/21:01,30/21:06,31/05:15,31/05:26,8:09:00,HLP,LOP,016,28,1,1,NML,7,2025
4020.,A320,PKGQK,CTV,CTV435,CTV725,30/20:46,30/20:50,31/05:44,31/05:50,8:54:00,BPN,CGK,003,28,0,0,NML,7,2025
4021.,B738,PKLOH,LNI,LNI690,LNI690,31/05:01,31/05:06,31/05:52,31/06:01,0:45:01,CGK,KOE,011,28,1,1,NML,7,2025
4022.,A320,PKGQP,CTV,CTV353,CTV670,31/05:04,31/05:12,31/05:48,31/06:00,0:36:00,UPG,LOP,006,28,1,1,NML,7,2025
4023.,A320,V8RBF,RBA,RBA795,RBA796,30/20:07,30/20:14,31/05:57,31/06:16,9:43:00,BWN,BWN,A06,28,1,1,NML,7,2025
4024.,B739,PKLSO,LNI,LNI865,LNI882,30/22:04,30/22:08,31/06:00,31/06:09,7:52:00,LOP,UPG,014,28,1,1,NML,7,2025
4025.,B738,PKLKV,LNI,LNI837,LNI266,31/08:00,31/08:05,31/09:07,31/09:19,1:02:00,PNK,BPN,009,10,1,1,NML,7,2025
4026.,A320,PKBKR,BTK,BTK6588,BTK6589,30/23:04,30/23:09,31/06:08,31/06:18,6:59:00,CGK,CGK,010,28,1,1,NML,7,2025
4027.,A320,PKSJR,SJV,SJV615,SJV706,30/22:17,30/22:21,31/06:00,31/06:12,7:38:09,BPN,DPS,17B,28,0,0,NML,7,2025
4028.,A320,PKPWC,PAS,PAS202,PAS213,30/18:57,30/19:01,31/05:58,31/06:07,10:57:00,CGK,CGK,007,28,1,1,NML,7,2025
4029.,A320,PKAXY,AWQ,AWQ325,AWQ386,30/19:04,30/19:10,31/05:58,31/06:14,10:48:00,KUL,PEN,A01,28,1,1,NML,7,2025
4030.,A320,PKBKT,BTK,BTK6413,BTK6412,30/20:09,30/20:13,31/06:15,31/06:26,10:01:59,DPS,DPS,012,28,1,1,NML,7,2025
4031.,A320,PKSJH,SJV,SJV717,SJV634,31/06:05,31/06:12,31/07:09,31/07:15,0:57:00,LOP,BDJ,009,28,1,1,NML,7,2025
4032.,A320,PKLAM,BTK,BTK6406,BTK6135,30/17:00,30/17:04,31/07:10,31/07:19,14:06:00,CGK,PKN,026,28,0,0,NML,7,2025
4033.,B739,PKLHI,LNI,LNI311,LNI971,31/05:57,31/06:03,31/06:55,31/07:05,0:52:00,BDJ,BTH,015,28,1,1,NML,7,2025
4034.,A320,PKBKG,BTK,BTK6370,BTK6597,31/06:10,31/06:15,31/07:00,31/07:10,0:45:00,CGK,CGK,008,28,1,1,NML,7,2025
4035.,C208,PKVVF,SUS,PKVVF,PKVVF,30/11:25,30/11:30,31/07:26,31/07:35,19:56:00,BXW,BXW,C07,28,0,0,NML,7,2025
4036.,A320,PKBKQ,BTK,BTK6572,BTK5009,31/06:29,31/06:37,31/07:31,31/07:44,0:54:00,CGK,CGK,018,28,0,0,NML,7,2025
4037.,B738,PKGMU,GIA,GIA855,GIA854,30/20:19,30/20:27,31/07:01,31/07:12,10:34:00,SIN,SIN,A02,28,1,1,NML,7,2025
4038.,B738,PKGFF,GIA,GIA324,GIA305,30/21:23,30/21:27,31/07:25,31/07:38,9:58:00,CGK,CGK,004,28,1,1,NML,7,2025
4039.,B739,PKLFO,LNI,LNI363,LNI646,31/06:23,31/06:27,31/07:23,31/07:33,0:56:00,BPN,LOP,016,28,1,1,NML,7,2025
"4040.,A320,PKLUK,BTK,BTK7508A,BTK7510,30/05:09,30/08:16,31/07:53,31/08:03,""1 day, 2:41:00"",SUB,HLP,024,28,0,1,NML,7,2025"
4041.,A320,PKLAQ,BTK,BTK7511,BTK6573,31/06:36,31/06:41,31/07:39,31/07:47,0:58:00,HLP,CGK,010,28,1,1,NML,7,2025
4042.,B739,PKLFK,LNI,LNI693,LNI693,31/06:50,31/06:56,31/07:48,31/07:54,0:52:00,KOE,CGK,011,28,1,1,NML,7,2025
4043.,A320,PKGLX,CTV,CTV690,CTV460,31/06:45,31/06:51,31/07:30,31/07:42,0:39:00,DPS,AAP,006,28,1,1,NML,7,2025
4044.,B739,PKLFW,LNI,LNI929,LNI982,31/07:29,31/07:34,31/08:27,31/08:36,0:53:00,DPS,PKU,015,28,1,1,NML,7,2025
4045.,A21N,B320Y,CSN,CSN8137,CSN8138,30/21:39,30/21:45,31/07:44,31/07:57,9:59:00,CAN,CAN,A07,28,1,1,NML,7,2025
4046.,A320,PKSAE,SJV,SJV7013,SJV640,31/06:54,31/06:58,31/08:41,31/08:52,1:43:00,YIA,AAP,014,10,1,1,NML,7,2025
4047.,BK17,PKFGG,SAG,PKFGG,PKFGG,31/08:10,31/08:13,31/08:18,31/08:20,0:05:00,ZKD,ZKD,A01,28,0,0,NML,7,2025
4048.,A333,BHLT,CPA,CPA779,CPA780,30/18:21,30/18:27,31/08:13,31/08:29,13:46:00,HKG,HKG,A08,28,1,1,NML,7,2025
4049.,B739,PKLGU,LNI,LNI267,LNI990,31/07:03,31/07:09,31/08:20,31/08:32,1:11:00,TRK,DPS,012,28,1,1,NML,7,2025
"4050.,DHC6,PKICP,PGT,PKICP,PKICP,29/11:10,29/11:14,31/08:02,31/08:09,""1 day, 20:48:00"",PAG,PAG,028,28,0,0,NML,7,2025"
4051.,B738,PKLZO,MXD,MXD352,MXD353,30/19:32,30/19:39,31/10:10,31/10:17,14:31:00,KUL,KUL,C01,10,0,0,NML,7,2025
4052.,B738,PKLOR,LNI,LNI697,LNI748,31/10:32,31/10:36,31/11:36,31/11:48,1:00:00,KOE,MDC,15A,10,0,0,NML,7,2025
4053.,A320,PKLZH,BTK,BTK6133,BTK6391,31/08:05,31/08:12,31/08:53,31/09:04,0:41:00,LOP,CGK,008,10,1,1,NML,7,2025
"4054.,B739,PKLHP,LNI,LNI266B,LNI856,30/06:44,30/06:49,31/12:15,31/12:28,""1 day, 5:26:00"",SUB,PLM,023,10,0,0,NML,7,2025"
4055.,A320,PKSGC,SJV,SJV649,SJV618,31/07:52,31/07:57,31/09:20,31/09:38,1:23:00,BPN,BPN,010,10,1,1,NML,7,2025
4056.,B738,PKGMP,GIA,GIA304,GIA342,31/08:16,31/08:22,31/09:17,31/09:34,0:55:00,CGK,DPS,004,10,1,1,NML,7,2025
4057.,A320,PKPWE,PAS,PAS200,PAS201,31/08:08,31/08:17,31/09:22,31/09:41,1:05:00,CGK,CGK,005,10,1,1,NML,7,2025
4058.,A320,PKGQP,CTV,CTV671,CTV486,31/08:22,31/08:28,31/09:15,31/09:30,0:47:00,LOP,BDJ,007,10,1,1,NML,7,2025
4059.,A320,PKSJR,SJV,SJV703,SJV642,31/08:27,31/08:33,31/09:27,31/09:43,0:54:00,DPS,AAP,012,10,1,1,NML,7,2025
4060.,B733,PKMYJ,MYU,MYU935,MYU815,31/09:28,31/09:32,31/10:16,31/10:24,0:44:00,SRG,CGK,C02,10,0,0,NML,7,2025
4061.,B738MAX,9MMVA,MAS,MAS871,MAS870,31/08:59,31/09:07,31/10:01,31/10:10,0:54:00,KUL,KUL,A06,10,1,1,NML,7,2025
4062.,B735,PKNAS,LKN,LKN2430,LKN2420,31/08:48,31/08:52,31/09:59,31/10:08,1:07:00,TMC,SMQ,011,10,1,1,NML,7,2025
4063.,A359,9VSHD,SIA,SIA922,SIA923,31/09:07,31/09:14,31/10:12,31/10:26,0:58:00,SIN,SIN,A08,10,1,1,NML,7,2025
4064.,A320,PKBKR,BTK,BTK6584,BTK6585,31/10:06,31/10:10,31/11:17,31/11:30,1:07:00,CGK,CGK,009,10,1,1,NML,7,2025
4065.,B739,PKLGU,LNI,LNI805,LNI706,31/11:24,31/11:27,31/12:28,31/12:38,1:01:00,DPS,UPG,014,10,1,1,NML,7,2025
4066.,A320,PKGQF,CTV,CTV351,CTV350,31/09:32,31/09:36,31/10:19,31/10:30,0:43:00,UPG,UPG,006,10,1,1,NML,7,2025
4067.,A320,PKGQA,CTV,CTV722,CTV723,31/09:22,31/09:26,31/10:24,31/10:34,0:58:00,CGK,CGK,007,10,1,1,NML,7,2025
4068.,A20N,9VTNG,TGW,TGW296,TGW297,31/09:39,31/09:45,31/10:42,31/10:52,0:57:00,SIN,SIN,A02,10,1,1,NML,7,2025
4069.,A320,PKSJH,SJV,SJV635,SJV632,31/10:15,31/10:18,31/11:10,31/11:22,0:52:00,BDJ,BDJ,011,10,1,1,NML,7,2025
4070.,B739,PKLSL,LNI,LNI801,LNI973,31/12:35,31/12:38,31/13:35,31/13:54,0:57:00,UPG,BTH,011,10,1,1,NML,7,2025
4071.,A320,PKPWC,PAS,PAS210,PAS211,31/09:36,31/09:39,31/10:31,31/10:44,0:52:00,CGK,CGK,005,10,1,1,NML,7,2025
4072.,A320,PKLAL,BTK,BTK7513,BTK7516,31/10:19,31/10:23,31/11:05,31/11:16,0:42:00,HLP,HLP,010,10,1,1,NML,7,2025
4073.,A320,PKLAM,BTK,BTK6134,BTK6346,31/09:48,31/09:52,31/10:45,31/10:55,0:53:00,PKN,BEJ,008,10,1,1,NML,7,2025
4074.,B739,PKLFO,LNI,LNI645,LNI822,31/10:23,31/10:26,31/11:29,31/11:37,1:03:00,LOP,LOP,018,10,0,0,NML,7,2025
"4075.,B738,PKLJS,LNI,LNI837,LNI697,30/07:49,30/10:24,31/16:46,31/16:56,""1 day, 8:50:21"",PNK,CGK,025,10,0,1,NML,7,2025"
4076.,B739,PKLHS,LNI,LNI683,LNI682,31/10:29,31/10:33,31/11:18,31/11:28,0:45:00,PKY,PKY,15B,10,0,0,NML,7,2025
4077.,A320,PKAZJ,AWQ,AWQ321,AWQ322,31/10:37,31/10:42,31/11:18,31/11:26,0:36:00,KUL,KUL,A03,10,1,1,NML,7,2025
4078.,A320,PKLUK,BTK,BTK7517,BTK7520,31/11:00,31/11:03,31/11:58,31/12:08,0:55:00,HLP,HLP,008,10,1,1,NML,7,2025
4079.,B738,PKGNE,GIA,GIA322,GIA327,31/10:13,31/10:16,31/11:45,31/11:56,1:29:00,CGK,CGK,004,10,1,1,NML,7,2025
4080.,B739,PKLQT,LNI,LNI315,LNI222,31/12:23,31/12:27,31/13:19,31/13:35,0:52:45,BDJ,BDJ,015,10,1,1,NML,7,2025
4081.,B739,PKLSP,LNI,LNI787,LNI804,31/14:02,31/14:05,31/15:03,31/15:13,0:58:36,UPG,DPS,012,10,1,1,NML,7,2025
4082.,B739,PKLGY,LNI,LNI694,LNI694,31/12:03,31/12:07,31/13:27,31/13:38,1:20:00,CGK,KOE,016,10,1,1,NML,7,2025
4083.,A320,PKGLX,CTV,CTV461,CTV698,31/11:20,31/11:23,31/12:06,31/12:16,0:43:00,AAP,DPS,006,10,1,1,NML,7,2025
4084.,A320,PKLUO,BTK,BTK6582,BTK6581,31/13:36,31/13:40,31/14:49,31/15:07,1:09:55,CGK,CGK,009,10,1,1,NML,7,2025
4085.,A320,PKSAE,SJV,SJV641,SJV636,31/12:30,31/12:35,31/13:26,31/13:48,0:51:56,AAP,BDJ,010,10,1,1,NML,7,2025
4086.,B739,PKLFO,LNI,LNI823,LNI260,31/14:15,31/14:19,31/15:19,31/15:29,1:00:20,LOP,BPN,011,10,1,1,NML,7,2025
4087.,A320,PKLAM,BTK,BTK6347,BTK6595,31/15:09,31/15:12,31/16:05,31/16:17,0:53:00,BEJ,CGK,008,10,1,1,NML,7,2025
4088.,B739,PKLQR,LNI,LNI223,LNI780,31/13:40,31/13:43,31/14:50,31/15:02,1:07:00,BDJ,UPG,015,10,1,1,NML,7,2025
4089.,A320,PKPWJ,PAS,PAS204,PAS205,31/11:59,31/12:02,31/13:14,31/13:27,1:12:00,CGK,CGK,005,10,1,1,NML,7,2025
4090.,A320,PKAXY,AWQ,AWQ387,AWQ324,31/12:26,31/12:30,31/13:19,31/13:30,0:49:36,PEN,KUL,A03,10,1,1,NML,7,2025
4091.,A320,PKGQP,CTV,CTV487,CTV668,31/12:12,31/12:15,31/13:27,31/13:52,1:12:00,BDJ,DPS,007,10,1,1,NML,7,2025
4092.,B739,PKLHP,LNI,LNI857,LNI680,31/16:29,31/16:32,31/17:24,31/17:36,0:52:00,PLM,PKY,012,10,1,1,NML,7,2025
4093.,B738,PKLQY,LNI,LNI839,LNI836,31/13:33,31/13:35,31/14:33,31/14:44,0:58:00,PNK,PNK,014,10,1,1,NML,7,2025
4094.,A320,PKSJH,SJV,SJV633,SJV726,31/14:26,31/14:30,31/15:23,31/15:36,0:53:24,BDJ,LBJ,010,10,1,1,NML,7,2025
4095.,A320,PKGLY,CTV,CTV431,CTV948,31/13:50,31/13:54,31/14:41,31/15:00,0:46:19,BPN,BTH,007,10,1,1,NML,7,2025
4096.,B739,PKLHI,LNI,LNI972,LNI910,31/17:12,31/17:16,31/18:28,31/18:38,1:12:00,BTH,DPS,011,10,1,1,NML,7,2025
4097.,B738,PKGNM,GIA,GIA312,GIA317,31/13:43,31/13:47,31/14:50,31/15:06,1:03:00,CGK,CGK,004,10,1,1,NML,7,2025
4098.,A320,9VJSY,JSA,JSA247,JSA248,31/14:10,31/14:15,31/15:29,31/15:38,1:14:13,SIN,SIN,A06,10,1,1,NML,7,2025
4099.,A320,PKLAI,BTK,BTK7515,BTK7514,31/13:57,31/14:00,31/15:00,31/15:11,1:00:37,HLP,HLP,008,10,1,1,NML,7,2025
4100.,B739,PKLGU,LNI,LNI707,LNI642,31/16:15,31/16:17,31/17:14,31/17:29,0:57:00,UPG,LOP,014,10,1,1,NML,7,2025
4101.,B738,PKGMA,GIA,GIA330,GIA331,31/14:41,31/14:45,31/15:26,31/15:39,0:41:43,HLP,HLP,005,10,1,1,NML,7,2025
4102.,A320,PKBKV,BTK,BTK7501,BTK7512,31/14:49,31/14:55,31/15:45,31/15:57,0:50:08,HLP,HLP,009,10,1,1,NML,7,2025
4103.,B738MAX,9MMVD,MAS,MAS873,MAS872,31/14:57,31/15:02,31/15:48,31/15:59,0:46:37,KUL,KUL,A03,10,1,1,NML,7,2025
4104.,A320,PKGLX,CTV,CTV699,CTV434,31/14:55,31/14:59,31/15:44,31/15:56,0:45:58,DPS,BPN,006,10,1,1,NML,7,2025
4105.,A320,PKBLD,BTK,BTK6596,BTK6401,31/15:53,31/15:57,31/16:53,31/17:05,0:56:26,CGK,CGK,010,10,1,1,NML,7,2025
4106.,B738,PKGFJ,GIA,GIA310,GIA315,31/17:09,31/17:11,31/18:07,31/18:21,0:56:00,CGK,CGK,004,10,1,1,NML,7,2025
4107.,B738MAX,9VMBN,SIA,SIA926,SIA927,31/15:34,31/15:39,31/16:28,31/16:45,0:49:19,SIN,SIN,A06,10,1,1,NML,7,2025
4108.,A320,PKSAE,SJV,SJV637,SJV648,31/16:48,31/16:52,31/17:42,31/17:52,0:50:00,BDJ,BPN,009,10,1,1,NML,7,2025
4109.,A339,PKGHI,GIA,GIA975,GIA972,31/14:20,31/14:26,31/16:47,31/17:00,2:21:38,JED,MED,A08,10,1,1,NML,7,2025
4110.,A320,PKPWE,PAS,PAS206,PAS623,31/16:09,31/16:12,31/16:45,31/16:58,0:33:00,CGK,BPN,005,10,1,1,NML,7,2025
4111.,B738,PKLKV,LNI,LNI261,LNI268,31/17:45,31/17:47,31/18:50,31/19:05,1:03:23,BPN,TRK,010,10,1,1,NML,7,2025
4112.,A339,PKLET,LNI,LNI105,LNI100A,31/12:18,31/12:25,31/16:54,31/17:04,4:29:32,JED,JED,A07,10,1,1,RTA,7,2025
4113.,B739,PKLSK,LNI,LNI692,LNI692,31/17:20,31/17:24,31/18:24,31/18:32,1:00:07,CGK,KOE,014,10,1,1,NML,7,2025
4114.,B739,PKLGU,LNI,LNI865,LNI226,31/19:56,31/20:00,31/20:43,31/20:53,0:43:00,LOP,BDJ,014,10,1,1,NML,7,2025
4115.,B739,PKLGY,LNI,LNI695,LNI316,31/18:01,31/18:05,31/19:19,31/19:34,1:14:47,KOE,BDJ,15B,10,0,0,NML,7,2025
4116.,B738,PKLBW,BTK,BTK6406,BTK7579,31/16:43,31/16:46,31/18:38,31/18:56,1:52:07,CGK,CGK,008,10,1,1,NML,7,2025
4117.,A320,PKAZJ,AWQ,AWQ323,AWQ326,31/18:12,31/18:17,31/18:50,31/18:59,0:33:00,KUL,KUL,A02,10,1,1,NML,7,2025
4118.,B738,PKLOR,LNI,LNI749,LNI838,31/17:27,31/17:31,31/18:32,31/18:45,1:01:35,MDC,PNK,15A,10,0,0,NML,7,2025
4119.,B739,PKLFW,LNI,LNI983,LNI581,31/20:32,31/20:35,31/21:27,31/21:37,0:52:00,PKU,CGK,012,10,1,1,NML,7,2025
4120.,A320,PKPWC,PAS,PAS622,PAS207,31/17:15,31/17:19,31/18:15,31/18:27,0:56:00,BPN,CGK,007,10,1,1,NML,7,2025
4121.,B738,PKGUE,GIA,GIA320,GIA313,31/17:33,31/17:37,31/18:32,31/18:42,0:55:14,CGK,CGK,006,10,1,1,NML,7,2025
4122.,A320,PKSJH,SJV,SJV725,SJV716,31/19:15,31/19:19,31/20:19,31/20:28,1:00:00,LBJ,LOP,016,10,1,1,NML,7,2025
4123.,A339,PKLES,LNI,LNI101,LNI100,31/16:53,31/17:01,31/19:57,31/20:07,2:56:31,JED,JED,A07,10,1,1,NML,7,2025
4124.,A320,PKBKV,BTK,BTK7503,BTK7502,31/19:11,31/19:14,31/20:00,31/20:15,0:46:00,HLP,HLP,011,10,1,1,NML,7,2025
4125.,B739,PKLGW,LNI,LNI919,LNI920,31/18:57,31/19:00,31/19:47,31/19:58,0:47:45,DPS,DPS,014,10,1,1,NML,7,2025
4126.,B738,PKGFW,GIA,GIA349,GIA325,31/17:39,31/17:43,31/18:56,31/19:08,1:13:23,DPS,CGK,005,10,1,1,NML,7,2025
4127.,A320,PKGQS,CTV,CTV172,CTV173,31/18:19,31/18:23,31/19:10,31/19:17,0:47:00,HLP,HLP,007,10,1,1,NML,7,2025
4128.,B738MAX,9VMBD,SIA,SIA928,SIA929,31/18:04,31/18:12,31/19:04,31/19:24,0:52:00,SIN,SIN,A03,10,1,1,NML,7,2025
4129.,A320,PKGLG,CTV,CTV949,CTV494,31/18:54,31/18:57,31/19:28,31/19:39,0:31:00,BTH,BDJ,008,10,1,1,NML,7,2025
4130.,B738,PKCRI,SJY,SJY567,SJY562,31/19:06,31/19:10,31/20:02,31/20:12,0:52:00,UPG,UPG,012,10,1,1,NML,7,2025
4131.,A320,PKGQI,CTV,CTV736,CTV737,31/19:31,31/19:35,31/20:11,31/20:21,0:36:00,CGK,CGK,007,10,1,1,NML,7,2025
4132.,A320,PKLUJ,BTK,BTK7519,BTK7518,31/19:21,31/19:26,31/20:28,31/20:41,1:02:00,HLP,HLP,010,10,1,1,NML,7,2025
4133.,B739,PKLHP,LNI,LNI681,LNI880,31/20:35,31/20:39,31/21:42,31/21:53,1:03:00,PKY,UPG,015,10,1,1,NML,7,2025
4134.,A320,PKGQQ,CTV,CTV489,CTV693,31/20:13,31/20:19,31/20:52,31/21:06,0:33:00,BDJ,DPS,008,10,1,1,NML,7,2025
4135.,B738,PKGMP,GIA,GIA326,GIA3354,31/20:59,31/21:03,31/21:47,31/21:59,0:44:00,CGK,HLP,004,10,1,1,NML,7,2025
4136.,B738,PKGMA,GIA,GIA3304,GIA319,31/18:43,31/18:48,31/19:57,31/20:06,1:09:00,HLP,CGK,004,10,1,1,NML,7,2025
4137.,A320,PKBLC,BTK,BTK6576,BTK6587,31/20:23,31/20:30,31/22:02,31/22:15,1:32:00,CGK,CGK,011,10,1,1,NML,7,2025
4138.,A320,PKGLX,CTV,CTV435,CTV9484,31/19:26,31/19:30,31/20:20,31/20:30,0:50:00,BPN,BDJ,009,10,1,1,NML,7,2025
4139.,A320,PKGLE,CTV,CTV724,CTV354,31/21:20,31/21:26,31/22:09,31/22:26,0:43:00,CGK,UPG,007,10,1,1,NML,7,2025
4140.,A320,PKLAF,BTK,BTK6137,BTK6136,31/21:48,31/21:53,31/22:49,31/23:06,0:56:00,UPG,UPG,009,10,1,1,NML,7,2025
