no,act_type,reg_no,opr,flight_number_origin,flight_number_dest,ata,block_on,block_off,atd,ground_time,org,des,ps,runway,avio_a,avio_d,f_stat,bulan,tahun
1.,A320,PKBKP,BTK,BTK6586,BTK7508,31/20:50,31/20:56,01/05:01,01/05:12,8:05:00,CGK,HLP,17B,28,0,0,NML,8,2025
2.,A320,PKAXY,AWQ,AWQ325,AWQ320,31/19:02,31/19:12,01/05:01,01/05:14,9:49:00,KUL,KUL,A03,28,1,1,NML,8,2025
3.,B739,PKLHY,LNI,LNI885,LNI878,31/23:43,31/23:49,01/04:56,01/05:09,5:07:00,UPG,AMQ,15A,28,0,0,NML,8,2025
4.,B738,PKGUI,GIA,GIA324,GIA301,31/22:05,31/22:09,01/05:08,01/05:18,6:59:00,CGK,CGK,004,28,1,1,NML,8,2025
5.,A320,PKLUW,BTK,BTK6588,BTK6132,31/22:28,31/22:33,01/05:10,01/05:20,6:37:00,CGK,LOP,012,28,1,1,NML,8,2025
6.,A320,PKGLG,CTV,CTV485,CTV488,31/22:22,31/22:26,01/05:28,01/05:37,7:02:00,BDJ,BDJ,008,28,1,1,NML,8,2025
7.,B739,PKLFW,LNI,LNI690,LNI690,01/05:02,01/05:09,01/05:48,01/06:03,0:39:00,CGK,KOE,15A,28,0,0,NML,8,2025
8.,A320,PKGQF,CTV,CTV726,CTV670,31/23:03,31/23:07,01/06:01,01/06:14,6:54:00,CGK,LOP,007,28,1,1,NML,8,2025
9.,A320,V8RBC,RBA,RBA795,RBA796,31/20:17,31/20:27,01/05:55,01/06:12,9:28:00,BWN,BWN,A07,28,1,1,NML,8,2025
10.,A320,PKGQP,CTV,CTV353,CTV460,01/05:06,01/05:13,01/05:54,01/06:04,0:41:00,UPG,AAP,009,28,1,1,RTA,8,2025
11.,A320,PKBKG,BTK,BTK6578,BTK6589,31/17:31,31/17:36,01/06:00,01/06:07,12:24:00,CGK,CGK,023,28,0,0,NML,8,2025
12.,A320,PKSJM,SJV,SJV619,SJV706,31/18:23,31/18:26,01/06:09,01/06:20,11:43:00,BPN,DPS,025,28,0,0,NML,8,2025
13.,B739,PKLSO,LNI,LNI791,LNI882,31/10:00,31/12:52,01/06:10,01/06:18,20:07:00,UPG,UPG,026,28,0,1,NML,8,2025
"14.,A320,PKSJU,SJV,SJV673,SJV640,28/21:38,31/23:45,01/06:54,01/07:05,""3 days, 9:12:24"",BEJ,AAP,018,28,0,1,NML,8,2025"
15.,A320,PKPWF,PAS,PAS202,PAS213,31/18:47,31/18:50,01/06:08,01/06:16,11:18:00,CGK,CGK,006,28,1,1,NML,8,2025
16.,A320,PKBKT,BTK,BTK6413,BTK6412,31/21:25,31/21:32,01/06:27,01/06:38,8:55:00,DPS,DPS,016,28,1,1,NML,8,2025
17.,A320,PKSGC,SJV,SJV615,SJV634,31/23:22,31/23:25,01/06:32,01/06:47,7:07:15,BPN,BDJ,15B,28,0,0,NML,8,2025
18.,A320,PKGLG,CTV,CTV489,CTV460A,01/08:27,01/08:33,01/09:08,01/09:18,0:35:29,BDJ,AAP,007,10,1,1,NML,8,2025
19.,A320,PKSAK,SJV,SJV717,SJV566,01/06:09,01/06:15,01/07:01,01/07:09,0:46:48,LOP,PLW,007,28,1,1,NML,8,2025
20.,C208,PKVVF,SUS,PKVVF,PKVVF,31/09:16,31/09:18,01/07:20,01/07:30,22:02:00,BXW,BXW,C07,28,0,0,NML,8,2025
21.,A320,PKLUU,BTK,BTK7521,BTK6135,31/21:34,31/21:37,01/06:59,01/07:11,9:22:00,HLP,PKN,014,28,1,1,NML,8,2025
22.,B739,PKLQT,LNI,LNI311,LNI971,01/06:00,01/06:05,01/06:55,01/07:07,0:50:24,BDJ,BTH,012,28,1,1,NML,8,2025
23.,B738,PKGMU,GIA,GIA855,GIA854,31/20:26,31/20:31,01/06:58,01/07:12,10:27:19,SIN,SIN,A02,28,1,1,NML,8,2025
24.,B738,PKGMC,GIA,GIA328,GIA305,31/20:04,31/20:08,01/07:05,01/07:16,10:57:00,CGK,CGK,005,28,1,1,NML,8,2025
25.,B739,PKLHI,LNI,LNI923,LNI646,31/21:10,31/21:15,01/07:07,01/07:18,9:52:34,DPS,LOP,17A,28,0,0,NML,8,2025
26.,A320,PKSAG,SJV,SJV611,SJV610,01/06:30,01/06:36,01/07:31,01/07:40,0:55:00,BPN,BPN,016,28,1,1,NML,8,2025
27.,A320,PKBKV,BTK,BTK7511,BTK7510,01/06:35,01/06:42,01/07:26,01/07:35,0:44:02,HLP,HLP,008,28,1,1,NML,8,2025
28.,A320,PKAZJ,AWQ,AWQ327,AWQ392,01/05:10,01/05:14,01/07:28,01/07:38,2:14:00,KUL,JHB,A01,28,1,1,NML,8,2025
29.,B739,PKLSP,LNI,LNI929,LNI990,01/07:02,01/07:07,01/08:08,01/08:18,1:01:00,DPS,DPS,012,28,1,1,NML,8,2025
30.,B738,PKLKV,LNI,LNI267,LNI868,01/07:00,01/07:05,01/09:06,01/09:20,2:01:00,TRK,TTE,014,10,1,1,NML,8,2025
31.,B739,PKLSK,LNI,LNI693,LNI693,01/06:48,01/06:53,01/08:36,01/08:47,1:43:27,KOE,CGK,015,28,1,1,NML,8,2025
32.,AS65,CGSGJ,ZZZZ,CGSGJ,CGSGJ,01/07:52,01/07:56,01/08:15,01/08:25,0:19:00,ZZZZ,ZZZZ,MH,28,0,0,NML,8,2025
33.,A333,BHLO,CPA,CPA779,CPA780,31/18:51,31/18:58,01/08:18,01/08:21,13:20:00,HKG,HKG,A08,28,1,1,NML,8,2025
34.,A320,PKBKR,BTK,BTK6572,BTK6573,01/07:53,01/07:58,01/08:44,01/08:54,0:46:15,CGK,CGK,008,10,1,1,NML,8,2025
35.,B738,PKGUD,GIA,GIA314,GIA323,01/07:13,01/07:20,01/08:20,01/08:33,1:00:00,CGK,CGK,004,28,1,1,NML,8,2025
36.,B739,PKLSH,LNI,LNI315,LNI222,01/11:25,01/11:29,01/12:20,01/12:28,0:51:00,BDJ,BDJ,016,10,1,1,NML,8,2025
37.,A320,PKLUW,BTK,BTK6133,BTK6391,01/08:02,01/08:08,01/09:00,01/09:13,0:52:18,LOP,CGK,018,10,0,0,NML,8,2025
38.,B738,PKLOR,LNI,LNI837,LNI748,01/08:06,01/08:10,01/09:10,01/09:26,1:00:00,PNK,MDC,016,10,1,1,NML,8,2025
39.,B739,PKLSO,LNI,LNI791,LNI804,01/09:53,01/09:55,01/11:06,01/11:16,1:11:00,UPG,DPS,012,10,1,1,NML,8,2025
40.,B738,PKGFS,GIA,GIA304,GIA342,01/08:24,01/08:31,01/09:18,01/09:32,0:47:34,CGK,DPS,004,10,1,1,NML,8,2025
41.,A320,PKSJM,SJV,SJV703,SJV612,01/08:31,01/08:36,01/09:15,01/09:28,0:39:33,DPS,BPN,012,10,1,1,NML,8,2025
42.,A320,PKPWK,PAS,PAS200,PAS201,01/08:13,01/08:17,01/09:24,01/09:34,1:07:01,CGK,CGK,005,10,1,1,NML,8,2025
43.,A320,PKGQH,CTV,CTV351,CTV486,01/09:29,01/09:34,01/10:25,01/10:37,0:51:12,UPG,BDJ,007,10,1,1,NML,8,2025
44.,A320,PKGQF,CTV,CTV671,CTV434,01/08:35,01/08:40,01/09:30,01/09:44,0:50:33,LOP,BPN,006,10,1,1,NML,8,2025
45.,B738,PKLZO,MXD,MXD352,MXD353,31/20:39,01/00:24,01/09:47,01/09:57,13:01:00,KUL,KUL,A04,10,1,0,NML,8,2025
46.,B739,PKLHS,LNI,LNI683,LNI856,01/09:16,01/09:19,01/10:18,01/10:31,0:59:00,PKY,PLM,015,10,1,1,NML,8,2025
47.,B738,9MMLR,MAS,MAS871,MAS870,01/09:08,01/09:14,01/10:10,01/10:16,0:56:00,KUL,KUL,A07,10,1,1,NML,8,2025
48.,B735,PKNAS,LKN,LKN243,LKN242,01/09:11,01/09:14,01/09:56,01/10:06,0:42:05,SMQ,SMQ,014,10,1,1,NML,8,2025
49.,A359,9VSHA,SIA,SIA922,SIA923,01/08:58,01/09:03,01/10:10,01/10:26,1:07:00,SIN,SIN,A08,10,1,1,NML,8,2025
50.,A320,PKBKG,BTK,BTK6584,BTK6585,01/09:41,01/09:44,01/10:35,01/10:41,0:51:00,CGK,CGK,008,10,1,1,NML,8,2025
51.,A320,PKGQP,CTV,CTV460A,CTV350,01/05:57,01/06:02,01/10:23,01/10:36,4:21:44,SUB,UPG,009,10,1,1,NML,8,2025
"52.,B739,PKLSR,LNI,LNI970,LNI706,31/09:56,31/10:00,01/12:00,01/12:10,""1 day, 2:00:00"",BTH,UPG,024,10,0,0,NML,8,2025"
53.,A320,PKSAQ,SJV,SJV635,SJV632,01/10:03,01/10:06,01/10:45,01/10:54,0:38:59,BDJ,BDJ,018,10,0,0,NML,8,2025
54.,A320,PKGLG,CTV,CTV461,CTV715,01/13:26,01/13:30,01/14:11,01/14:22,0:41:00,AAP,CGK,006,10,1,1,NML,8,2025
55.,A20N,9VTNG,TGW,TGW296,TGW297,01/09:24,01/09:28,01/10:19,01/10:34,0:51:00,SIN,SIN,A02,10,1,1,NML,8,2025
56.,B739,PKLHI,LNI,LNI645,LNI822,01/10:13,01/10:16,01/11:05,01/11:14,0:49:00,LOP,LOP,016,10,1,1,NML,8,2025
57.,A320,PKPWF,PAS,PAS210,PAS211,01/09:49,01/09:51,01/10:40,01/10:53,0:49:00,CGK,CGK,005,10,1,1,NML,8,2025
58.,A320,PKLUQ,BTK,BTK7513,BTK7516,01/10:28,01/10:31,01/11:13,01/11:23,0:42:00,HLP,HLP,014,10,1,1,NML,8,2025
59.,B739,PKLSP,LNI,LNI805,LNI682,01/10:58,01/11:00,01/11:52,01/12:02,0:52:00,DPS,PKY,021,10,0,0,NML,8,2025
60.,A320,PKAXY,AWQ,AWQ321,AWQ322,01/10:43,01/10:49,01/11:23,01/11:31,0:34:00,KUL,KUL,A03,10,1,1,NML,8,2025
61.,B739,PKLFW,LNI,LNI697,LNI697,01/10:32,01/10:35,01/11:30,01/11:39,0:54:39,KOE,CGK,015,10,1,1,NML,8,2025
62.,B738,PKGUA,GIA,GIA322,GIA327,01/10:23,01/10:26,01/11:30,01/11:42,1:04:00,CGK,CGK,004,10,1,1,NML,8,2025
63.,A320,PKBKV,BTK,BTK7517,BTK7520,01/11:18,01/11:22,01/12:11,01/12:20,0:49:00,HLP,HLP,009,10,1,1,NML,8,2025
64.,B739,PKLSI,LNI,LNI970,LNI973,01/11:02,01/11:05,01/11:54,01/12:05,0:49:00,BTH,BTH,008,10,1,1,NML,8,2025
65.,B739,PKLHI,LNI,LNI823,LNI262,01/14:06,01/14:10,01/15:07,01/15:17,0:57:00,LOP,BPN,016,10,1,1,NML,8,2025
66.,A320,PKSAK,SJV,SJV567,SJV636,01/11:33,01/11:38,01/12:30,01/12:40,0:52:33,PLW,BDJ,018,10,0,0,NML,8,2025
67.,B739,PKLSH,LNI,LNI223,LNI680,01/15:29,01/15:34,01/16:21,01/16:33,0:47:00,BDJ,PKY,016,10,1,1,NML,8,2025
68.,B735,PKNAQ,LKN,LKN193,LKN192,01/11:28,01/11:30,01/12:34,01/12:44,1:04:11,PKN,PKN,012,10,1,1,NML,8,2025
69.,B739,PKLSK,LNI,LNI694,LNI694,01/12:23,01/12:27,01/13:25,01/13:39,0:58:00,CGK,KOE,015,10,1,1,NML,8,2025
70.,A320,PKBLD,BTK,BTK6582,BTK6581,01/12:08,01/12:13,01/13:08,01/13:21,0:55:00,CGK,CGK,007,10,1,1,NML,8,2025
71.,A320,PKLAJ,BTK,BTK6596,BTK6595,01/14:18,01/14:22,01/15:23,01/15:35,1:01:00,CGK,CGK,012,10,1,1,NML,8,2025
72.,A320,PKAZJ,AWQ,AWQ393,AWQ324,01/12:26,01/12:31,01/13:06,01/13:19,0:35:00,JHB,KUL,A03,10,1,1,NML,8,2025
73.,A320,PKPWI,PAS,PAS204,PAS205,01/11:57,01/12:01,01/13:18,01/13:32,1:17:00,CGK,CGK,005,10,1,1,NML,8,2025
74.,B739,PKLHR,LNI,LNI3223,LNI3222,01/12:38,01/12:42,01/13:26,01/13:42,0:43:59,BDJ,BDJ,012,10,1,1,NML,8,2025
75.,A320,PKGQH,CTV,CTV487,CTV668,01/13:34,01/13:37,01/14:20,01/14:31,0:43:00,BDJ,DPS,009,10,1,1,NML,8,2025
76.,B739,PKLHS,LNI,LNI857,LNI260,01/14:24,01/14:29,01/15:27,01/15:38,0:58:00,PLM,BPN,021,10,0,0,NML,8,2025
77.,A320,PKGLT,CTV,CTV716,CTV717,01/13:22,01/13:26,01/14:25,01/14:37,0:59:00,CGK,CGK,008,10,1,1,NML,8,2025
78.,A320,PKSAQ,SJV,SJV633,SJV726,01/13:37,01/13:43,01/15:13,01/15:26,1:30:00,BDJ,LBJ,018,10,0,0,NML,8,2025
79.,B738,PKLQY,LNI,LNI839,LNI836,01/13:40,01/13:43,01/14:33,01/14:41,0:50:00,PNK,PNK,015,10,1,1,NML,8,2025
80.,A320,PKGQF,CTV,CTV431,CTV948,01/13:30,01/13:33,01/14:32,01/14:43,0:59:00,BPN,BTH,007,10,1,1,NML,8,2025
81.,B738,PKGFI,GIA,GIA312,GIA317,01/14:00,01/14:04,01/14:58,01/15:12,0:54:00,CGK,CGK,004,10,1,1,NML,8,2025
82.,A320,PKLUZ,BTK,BTK7515,BTK7514,01/14:45,01/14:50,01/15:42,01/15:50,0:52:00,HLP,HLP,009,10,1,1,NML,8,2025
83.,B739,PKLHH,LNI,LNI707,LNI910,01/14:55,01/15:00,01/15:52,01/16:03,0:52:00,UPG,DPS,014,10,1,1,NML,8,2025
84.,B738,PKGMP,GIA,GIA330,GIA331,01/14:33,01/14:37,01/15:31,01/15:44,0:54:00,HLP,HLP,005,10,1,1,NML,8,2025
85.,B738,PKLKV,LNI,LNI869,LNI722,01/15:14,01/15:20,01/16:16,01/16:23,0:56:00,TTE,KDI,023,10,0,0,NML,8,2025
86.,A320,PKLUU,BTK,BTK6134,BTK6685,01/09:44,01/09:48,01/16:05,01/16:15,6:17:25,PKN,AAP,020,10,0,0,NML,8,2025
87.,A320,PKBKV,BTK,BTK7501,BTK7512,01/15:24,01/15:29,01/16:19,01/16:31,0:50:16,HLP,HLP,008,10,1,1,NML,8,2025
88.,B739,PKLGL,LNI,LNI972,LNI642,01/16:41,01/16:44,01/17:42,01/17:51,0:58:00,BTH,LOP,016,10,1,1,NML,8,2025
89.,A320,PKSJU,SJV,SJV643,SJV672,01/15:32,01/15:36,01/16:32,01/16:43,0:56:00,AAP,BEJ,012,10,1,1,NML,8,2025
90.,A320,PKBKQ,BTK,BTK6406,BTK6401,01/15:02,01/15:06,01/16:28,01/16:37,1:22:33,CGK,CGK,024,10,0,0,NML,8,2025
91.,B739,PKLHY,LNI,LNI879,LNI316,01/16:09,01/16:12,01/17:19,01/17:35,1:07:00,AMQ,BDJ,014,10,1,1,NML,8,2025
92.,B738,HSLGK,TLM,TLM268,TLM269,01/15:20,01/15:26,01/16:17,01/16:25,0:51:08,DMK,DMK,A04,10,1,1,NML,8,2025
93.,B738MAX,9VMBN,SIA,SIA926,SIA927,01/15:36,01/15:40,01/16:32,01/16:45,0:51:23,SIN,SIN,A08,10,1,1,NML,8,2025
94.,A320,PKSAK,SJV,SJV637,SJV648,01/15:57,01/16:01,01/16:55,01/17:06,0:54:00,BDJ,BPN,009,10,1,1,NML,8,2025
95.,B738,PKGFV,GIA,GIA310,GIA315,01/16:28,01/16:33,01/17:33,01/17:49,1:00:00,CGK,CGK,004,10,1,1,NML,8,2025
96.,A320,PKPWJ,PAS,PAS206,PAS623,01/16:00,01/16:03,01/16:44,01/16:55,0:41:00,CGK,BPN,005,10,1,1,NML,8,2025
97.,B739,PKLGW,LNI,LNI919,LNI268,01/17:05,01/17:07,01/18:02,01/18:19,0:55:00,DPS,TRK,012,10,1,1,NML,8,2025
98.,B739,PKLGU,LNI,LNI692,LNI692,01/16:04,01/16:08,01/16:52,01/17:02,0:43:46,CGK,KOE,018,10,0,0,NML,8,2025
99.,B739,PKLSY,LNI,LNI367,LNI226,01/08:19,01/17:00,01/20:14,01/20:27,11:50:00,BPN,BDJ,026,10,0,1,NML,8,2025
100.,A320,PKGLI,CTV,CTV669,CTV698,01/16:59,01/17:01,01/17:48,01/18:00,0:47:00,DPS,DPS,005,10,1,1,NML,8,2025
101.,A320,PKLAI,BTK,BTK6578,BTK7579,01/18:22,01/18:25,01/19:12,01/19:24,0:47:00,CGK,CGK,009,10,1,1,NML,8,2025
102.,B738,PKLOR,LNI,LNI749,LNI838,01/15:07,01/15:12,01/17:42,01/17:53,2:30:00,MDC,PNK,022,10,0,0,NML,8,2025
103.,A320,PKAXY,AWQ,AWQ323,AWQ326,01/16:52,01/16:57,01/17:22,01/17:33,0:25:00,KUL,KUL,A01,10,1,1,NML,8,2025
104.,A320,PKBKR,BTK,BTK7519,BTK7518,01/19:11,01/19:11,01/20:17,01/20:28,1:05:11,HLP,CGK,17A,10,0,0,NML,8,2025
105.,B739,PKLHH,LNI,LNI923,LNI920,01/19:15,01/19:19,01/20:24,01/20:35,1:04:28,DPS,DPS,17B,10,0,0,NML,8,2025
106.,B739,PKLSK,LNI,LNI695,LNI581,01/18:06,01/18:10,01/21:37,01/21:50,3:27:00,KOE,CGK,014,10,1,1,NML,8,2025
107.,B738MAX,9MMVM,MAS,MAS875,MAS874,01/17:23,01/17:30,01/18:17,01/18:35,0:47:00,KUL,KUL,A03,10,1,1,NML,8,2025
108.,A320,PKPWG,PAS,PAS622,PAS207,01/17:31,01/17:35,01/18:19,01/18:38,0:44:29,BPN,CGK,006,10,1,1,NML,8,2025
109.,B738,PKGNC,GIA,GIA320,GIA313,01/17:43,01/17:47,01/18:54,01/19:12,1:07:23,CGK,CGK,004,10,1,1,NML,8,2025
110.,B739,PKLSH,LNI,LNI681,LNI800,01/19:22,01/19:26,01/20:43,01/20:52,1:16:30,PKY,UPG,018,10,0,0,NML,8,2025
111.,A320,PKSAQ,SJV,SJV725,SJV716,01/18:40,01/18:43,01/19:43,01/19:54,0:59:10,LBJ,LOP,15A,10,0,0,NML,8,2025
112.,B738,PKGFS,GIA,GIA349,GIA325,01/17:47,01/17:51,01/19:00,01/19:18,1:09:19,DPS,CGK,005,10,1,1,NML,8,2025
113.,A320,PKGQS,CTV,CTV172,CTV173,01/18:26,01/18:30,01/19:05,01/19:21,0:35:00,HLP,HLP,006,10,1,1,NML,8,2025
114.,A320,PKLUF,BTK,BTK6576,BTK7502,01/18:36,01/18:40,01/19:55,01/20:05,1:14:35,CGK,HLP,15B,10,0,0,NML,8,2025
115.,B738MAX,9VMBE,SIA,SIA928,SIA929,01/18:17,01/18:25,01/19:21,01/19:34,0:56:29,SIN,SIN,A02,10,1,1,NML,8,2025
116.,A320,PKLUQ,BTK,BTK7503,BTK6575,01/18:47,01/18:51,01/19:35,01/19:46,0:44:00,HLP,CGK,008,10,1,1,NML,8,2025
117.,B788,9VOFG,TGW,TGW266,TGW267,01/18:32,01/18:37,01/19:37,01/19:52,0:59:58,SIN,SIN,A06,10,1,1,NML,8,2025
118.,B738,PKCRI,SJY,SJY567,SJY562,01/18:50,01/18:54,01/19:48,01/19:58,0:54:00,UPG,UPG,012,10,1,1,NML,8,2025
119.,B738,PKGUC,GIA,GIA326,GIA319,01/19:38,01/19:40,01/20:29,01/20:47,0:49:00,CGK,CGK,005,10,1,1,NML,8,2025
120.,A320,PKGLG,CTV,CTV736,CTV352,01/19:08,01/19:08,01/20:03,01/20:18,0:55:00,CGK,UPG,006,10,1,1,NML,8,2025
121.,A339,PKGHH,GIA,GIA6031,GIA3192,01/17:38,01/17:43,01/20:21,01/20:39,2:38:00,UPG,CGK,007,10,1,1,NML,8,2025
122.,A320,PKLAO,BTK,BTK6586,BTK6587,01/19:32,01/19:35,01/20:29,01/20:45,0:54:00,CGK,CGK,009,10,1,1,NML,8,2025
123.,A320,PKGLI,CTV,CTV699,CTV737,01/20:25,01/20:30,01/21:22,01/21:33,0:52:00,DPS,CGK,007,10,1,1,NML,8,2025
124.,A320,PKBLA,BTK,BTK6137,BTK6136,01/21:07,01/21:10,01/22:05,01/22:16,0:55:00,UPG,UPG,012,10,1,1,NML,8,2025
125.,A339,PKGHI,GIA,GIA973,GIA974,01/17:27,01/17:34,02/02:40,02/02:57,9:06:00,MED,JED,A07,28,1,1,NML,8,2025
126.,B739,PKLFW,LNI,LNI885,LNI266,01/19:19,01/19:24,02/05:03,02/05:13,9:38:13,UPG,BPN,025,28,0,0,NML,8,2025
127.,A320,PKLUS,BTK,BTK6588,BTK7508,01/22:21,01/22:24,02/04:57,02/05:07,6:33:00,CGK,HLP,012,28,1,1,NML,8,2025
128.,A320,PKAXY,AWQ,AWQ327,AWQ320,01/23:21,01/23:29,02/05:00,02/05:11,5:31:00,KUL,KUL,A03,28,1,1,NML,8,2025
129.,A320,PKSAG,SJV,SJV615,SJV610,01/21:04,01/21:08,02/05:03,02/05:15,7:55:00,BPN,BPN,15B,28,0,0,NML,8,2025
130.,B738,PKLKV,LNI,LNI727,LNI786,01/20:42,01/20:47,02/05:07,02/05:17,8:20:00,KDI,UPG,022,28,0,0,NML,8,2025
131.,A320,PKGQN,CTV,CTV724,CTV430,01/21:13,01/21:16,02/04:57,02/05:09,7:41:00,CGK,BPN,009,28,1,1,NML,8,2025
132.,B738,PKGNG,GIA,GIA328,GIA301,01/20:01,01/20:07,02/05:24,02/05:33,9:17:00,CGK,CGK,006,28,1,1,NML,8,2025
133.,A320,PKLUJ,BTK,BTK7521,BTK6132,01/21:29,01/21:35,02/05:17,02/05:27,7:42:00,HLP,LOP,023,28,0,0,NML,8,2025
134.,B739,PKLSV,LNI,LNI690,LNI690,02/05:05,02/05:11,02/06:33,02/06:45,1:22:00,CGK,KOE,014,10,1,1,NML,8,2025
135.,A320,PKGLG,CTV,CTV353,CTV670,02/05:03,02/05:09,02/05:48,02/06:02,0:39:00,UPG,LOP,007,10,1,1,NML,8,2025
136.,A320,PKGQO,CTV,CTV726,CTV725,01/21:00,01/21:04,02/05:52,02/06:04,8:48:00,CGK,CGK,008,10,1,1,NML,8,2025
137.,A320,PKGLU,CTV,CTV949,CTV460,01/18:30,01/18:34,02/05:56,02/06:09,11:21:01,BTH,AAP,003,10,0,0,NML,8,2025
138.,A320,V8RBA,RBA,RBA795,RBA796,01/20:16,01/20:22,02/06:03,02/06:16,9:41:00,BWN,BWN,A04,10,1,1,NML,8,2025
139.,A320,PKSJU,SJV,SJV673,SJV640,01/21:10,01/21:14,02/06:47,02/06:52,9:33:00,BEJ,AAP,17A,10,0,0,NML,8,2025
140.,B739,PKLHI,LNI,LNI261,LNI882,01/18:43,01/18:46,02/05:56,02/06:07,11:10:00,BPN,UPG,016,10,1,1,NML,8,2025
141.,A320,PKSJM,SJV,SJV619,SJV706,01/18:09,01/18:15,02/06:00,02/06:13,11:45:00,BPN,DPS,020,10,0,0,NML,8,2025
142.,A320,PKLUU,BTK,BTK6684,BTK6589,01/19:49,01/19:53,02/06:00,02/06:11,10:07:00,AAP,CGK,15A,10,0,0,NML,8,2025
143.,A320,PKPWF,PAS,PAS202,PAS213,01/19:00,01/19:03,02/06:02,02/06:17,10:59:00,CGK,CGK,004,10,1,1,NML,8,2025
144.,A320,PKAZJ,AWQ,AWQ325,AWQ386,01/19:13,01/19:18,02/06:11,02/06:19,10:53:00,KUL,PEN,A01,10,1,1,NML,8,2025
145.,A320,PKBKT,BTK,BTK6413,BTK6412,01/20:56,01/21:02,02/06:21,02/06:33,9:19:00,DPS,DPS,17B,10,0,0,NML,8,2025
146.,A320,PKSAQ,SJV,SJV717,SJV634,02/06:31,02/06:35,02/07:24,02/07:33,0:49:00,LOP,BDJ,009,28,1,1,NML,8,2025
147.,B733,PKMYJ,MYU,MYU935,MYU934,01/09:02,01/09:08,02/06:33,02/06:36,21:25:00,SRG,SIN,C02,10,0,0,NML,8,2025
148.,A320,PKLAQ,BTK,BTK6594,BTK6135,01/21:26,01/21:30,02/07:07,02/07:21,9:37:00,CGK,PKN,018,28,0,0,NML,8,2025
149.,B739,PKLSY,LNI,LNI311,LNI971,02/06:00,02/06:03,02/06:50,02/07:02,0:47:00,BDJ,BTH,012,10,1,1,NML,8,2025
150.,B738MAX,PKOFI,AFE,AFE921,AFE921,02/06:24,02/06:26,02/07:15,02/07:25,0:49:00,CGK,TIM,006,28,1,1,NML,8,2025
151.,B738,PKGFJ,GIA,GIA855,GIA305,01/20:33,01/23:27,02/07:03,02/07:12,10:25:00,SIN,CGK,005,10,1,1,NML,8,2025
152.,B738,PKGFV,GIA,GIA324,GIA854,01/21:47,01/22:56,02/07:00,02/07:14,9:09:00,CGK,SIN,A02,10,1,1,NML,8,2025
153.,B739,PKLHS,LNI,LNI363,LNI646,02/06:27,02/06:30,02/07:18,02/07:27,0:48:00,BPN,LOP,015,28,1,1,NML,8,2025
154.,A320,PKLUZ,BTK,BTK7511,BTK7510,02/06:39,02/06:43,02/07:28,02/07:39,0:45:00,HLP,HLP,008,28,1,1,NML,8,2025
155.,B739,PKLGU,LNI,LNI693,LNI693,02/07:00,02/07:02,02/07:49,02/07:59,0:47:00,KOE,CGK,014,28,1,1,NML,8,2025
156.,B739,PKLGW,LNI,LNI267,LNI982,02/07:18,02/07:25,02/08:24,02/08:36,0:59:00,TRK,PKU,016,10,1,1,NML,8,2025
157.,A21N,B32M3,CSN,CSN8137,CSN8138,01/21:19,01/21:25,02/08:06,02/08:19,10:41:00,CAN,CAN,A06,10,1,1,NML,8,2025
"158.,A339,PKLER,LNI,LNI107,LNI102,29/14:18,02/00:25,02/08:19,02/08:32,""3 days, 17:53:00"",JED,JED,A05,10,1,1,NML,8,2025"
159.,A333,BLBK,CPA,CPA779,CPA780,01/18:14,01/18:20,02/08:12,02/08:28,13:52:00,HKG,HKG,A08,10,1,1,NML,8,2025
160.,B739,PKLHQ,LNI,LNI929,LNI990,02/07:09,02/07:13,02/08:25,02/08:38,1:12:00,DPS,DPS,012,10,1,1,NML,8,2025
161.,A320,PKBKQ,BTK,BTK6572,BTK6573,02/07:31,02/07:36,02/08:31,02/08:42,0:55:00,CGK,CGK,009,10,1,1,NML,8,2025
"162.,DHC6,PKICP,PGT,PKICP,PKICP,31/11:05,31/12:29,02/07:59,02/08:04,""1 day, 20:51:00"",PAG,PAG,028,10,0,0,NML,8,2025"
163.,B738,PKLZO,MXD,MXD352,MXD353,01/19:10,01/19:14,02/08:46,02/08:58,13:31:11,KUL,KUL,C01,10,0,0,NML,8,2025
164.,B739,PKLFO,LNI,LNI315,LNI222,02/08:34,02/08:38,02/09:41,02/09:51,1:03:00,BDJ,BDJ,021,10,0,0,NML,8,2025
165.,A320,PKLUJ,BTK,BTK6133,BTK6391,02/08:17,02/08:22,02/09:08,02/09:21,0:46:00,LOP,CGK,008,10,1,1,NML,8,2025
166.,B738,PKGMC,GIA,GIA304,GIA342,02/08:21,02/08:23,02/09:24,02/09:38,1:01:00,CGK,DPS,004,10,1,1,NML,8,2025
167.,A320,PKGLG,CTV,CTV671,CTV486,02/08:26,02/08:28,02/09:14,02/09:24,0:46:00,LOP,BDJ,006,10,1,1,NML,8,2025
168.,A320,PKSJM,SJV,SJV703,SJV612,02/08:40,02/08:44,02/10:00,02/10:10,1:16:00,DPS,BPN,015,10,1,1,NML,8,2025
169.,A320,PKPWK,PAS,PAS200,PAS201,02/08:06,02/08:09,02/09:21,02/09:36,1:12:00,CGK,CGK,005,10,1,1,NML,8,2025
170.,B738,9MMSA,MAS,MAS871,MAS870,02/08:56,02/09:01,02/09:55,02/10:04,0:54:00,KUL,KUL,A07,10,1,1,NML,8,2025
171.,A359,9VSHF,SIA,SIA922,SIA923,02/09:11,02/09:17,02/10:16,02/10:32,0:59:00,SIN,SIN,A08,10,1,1,NML,8,2025
172.,A320,PKLUU,BTK,BTK6584,BTK6585,02/09:40,02/09:45,02/10:40,02/10:52,0:55:00,CGK,CGK,009,10,1,1,NML,8,2025
173.,A320,PKGQN,CTV,CTV435,CTV715,02/08:49,02/08:53,02/10:16,02/10:27,1:23:00,BPN,CGK,007,10,1,1,NML,8,2025
174.,A320,PKGQP,CTV,CTV351,CTV350,02/10:30,02/10:34,02/11:20,02/11:22,0:46:00,UPG,UPG,007,10,1,1,NML,8,2025
175.,B739,PKLHH,LNI,LNI791,LNI706,02/10:02,02/10:06,02/11:05,02/11:18,0:59:00,UPG,UPG,012,10,1,1,NML,8,2025
176.,A320,PKSAQ,SJV,SJV635,SJV632,02/10:18,02/10:21,02/11:18,02/11:29,0:57:00,BDJ,BDJ,014,10,1,1,NML,8,2025
177.,A320,9VTRS,TGW,TGW296,TGW297,02/09:44,02/09:49,02/10:44,02/10:57,0:55:00,SIN,SIN,A02,10,1,1,NML,8,2025
178.,B739,PKLQT,LNI,LNI970,LNI822,02/10:54,02/11:00,02/12:01,02/12:14,1:01:00,BTH,LOP,016,10,1,1,NML,8,2025
179.,A320,PKPWF,PAS,PAS210,PAS211,02/09:58,02/10:02,02/11:04,02/11:15,1:02:00,CGK,CGK,005,10,1,1,NML,8,2025
180.,A320,PKGLU,CTV,CTV461,CTV488,02/09:49,02/09:52,02/10:34,02/10:44,0:42:00,AAP,BDJ,006,10,1,1,NML,8,2025
181.,B739,PKLHS,LNI,LNI645,LNI973,02/10:52,02/10:56,02/11:59,02/12:12,1:03:00,LOP,BTH,015,10,1,1,NML,8,2025
182.,A320,PKLAQ,BTK,BTK6134,BTK6346,02/09:54,02/09:57,02/11:06,02/11:20,1:09:00,PKN,BEJ,008,10,1,1,NML,8,2025
183.,A320,PKLUF,BTK,BTK7513,BTK7516,02/10:41,02/10:43,02/11:31,02/11:41,0:48:00,HLP,HLP,011,10,1,1,NML,8,2025
184.,A320,PKAXY,AWQ,AWQ321,AWQ322,02/10:59,02/11:04,02/11:41,02/11:50,0:37:00,KUL,KUL,A03,10,1,1,NML,8,2025
185.,B739,PKLSV,LNI,LNI697,LNI697,02/11:34,02/11:39,02/12:51,02/13:01,1:12:00,KOE,CGK,017,10,1,1,NML,8,2025
186.,B738,PKGNH,GIA,GIA322,GIA327,02/10:34,02/10:37,02/11:33,02/11:46,0:56:00,CGK,CGK,004,10,1,1,NML,8,2025
187.,A320,PKLUZ,BTK,BTK7517,BTK7520,02/10:47,02/10:51,02/11:42,02/11:52,0:51:00,HLP,HLP,009,10,1,1,NML,8,2025
188.,B739,PKLGL,LNI,LNI865,LNI804,01/20:30,02/07:07,02/12:45,02/12:57,16:12:00,LOP,DPS,020,10,0,0,NML,8,2025
"189.,A339,PKLET,LNI,LNI100A,LNI104,31/17:26,02/09:23,02/12:09,02/12:22,""1 day, 18:39:00"",SUB,JED,A05,10,1,1,NML,8,2025"
190.,A320,PKLUW,BTK,BTK6582,BTK6581,02/13:35,02/13:38,02/14:34,02/14:53,0:56:00,CGK,CGK,009,10,1,1,NML,8,2025
191.,A320,PKSJU,SJV,SJV641,SJV636,02/10:38,02/10:43,02/12:26,02/12:34,1:43:00,AAP,BDJ,022,10,0,0,NML,8,2025
192.,B739,PKLFO,LNI,LNI223,LNI680,02/12:47,02/12:51,02/13:58,02/14:08,1:07:00,BDJ,PKY,011,10,1,1,NML,8,2025
193.,B739,PKLHQ,LNI,LNI805,LNI780,02/11:27,02/11:30,02/14:45,02/14:59,3:15:00,DPS,UPG,014,10,1,1,NML,8,2025
194.,B739,PKLSP,LNI,LNI694,LNI694,02/12:29,02/12:33,02/13:51,02/14:04,1:18:00,CGK,KOE,016,10,1,1,NML,8,2025
195.,A320,PKPWA,PAS,PAS204,PAS205,02/12:55,02/12:59,02/13:57,02/14:09,0:58:00,CGK,CGK,005,10,1,1,NML,8,2025
196.,A320,PKAZJ,AWQ,AWQ387,AWQ324,02/12:33,02/12:38,02/13:19,02/13:26,0:41:00,PEN,KUL,A03,10,1,1,NML,8,2025
197.,B735,PKNAT,LKN,LKN671,LKN670,02/11:39,02/11:42,02/13:22,02/13:34,1:40:00,TMC,TMC,012,10,1,1,NML,8,2025
198.,B739,PKLSH,LNI,LNI3223,LNI3222,02/13:59,02/14:02,02/14:50,02/15:02,0:48:00,BDJ,BDJ,012,10,1,1,NML,8,2025
199.,A320,PKGLG,CTV,CTV487,CTV668,02/12:06,02/12:09,02/13:21,02/13:33,1:12:00,BDJ,DPS,007,10,1,1,NML,8,2025
200.,B739,PKLJQ,LNI,LNI787,LNI682,02/13:44,02/13:48,02/14:39,02/14:54,0:51:00,UPG,PKY,017,10,1,1,NML,8,2025
201.,A320,PKSAQ,SJV,SJV633,SJV726,02/14:17,02/14:20,02/15:10,02/15:22,0:50:00,BDJ,LBJ,011,10,1,1,NML,8,2025
202.,A320,PKGQK,CTV,CTV716,CTV717,02/13:41,02/13:49,02/14:24,02/14:35,0:35:00,CGK,CGK,006,10,1,1,NML,8,2025
203.,B738,PKLSF,LNI,LNI839,LNI836,02/13:31,02/13:34,02/14:29,02/14:43,0:55:00,PNK,PNK,015,10,1,1,NML,8,2025
204.,B739,PKLGW,LNI,LNI983,LNI910,02/14:02,02/14:05,02/15:04,02/15:12,0:59:00,PKU,DPS,020,10,0,0,NML,8,2025
205.,A320,PKGLU,CTV,CTV489,CTV948,02/13:38,02/13:41,02/14:24,02/14:33,0:43:00,BDJ,BTH,008,10,1,1,NML,8,2025
206.,B738,PKGFD,GIA,GIA312,GIA317,02/13:51,02/13:57,02/14:57,02/15:07,1:00:00,CGK,CGK,004,10,1,1,NML,8,2025
207.,A320,PKLUS,BTK,BTK7515,BTK7514,02/14:48,02/14:52,02/15:43,02/15:55,0:51:00,HLP,HLP,009,10,1,1,NML,8,2025
208.,A320,PKPWE,PAS,PAS208,PAS209,02/13:56,02/13:59,02/14:48,02/15:00,0:49:00,CGK,CGK,007,10,1,1,NML,8,2025
209.,B739,PKLQT,LNI,LNI823,LNI642,02/14:56,02/15:00,02/16:16,02/16:27,1:16:00,LOP,LOP,016,10,1,1,NML,8,2025
210.,B733,PKMYJ,MYU,MYU935,MYU815,02/13:47,02/13:52,02/14:33,02/14:45,0:41:00,SRG,CGK,C02,10,0,0,NML,8,2025
211.,A320,PKLUU,BTK,BTK6406,BTK6685,02/14:46,02/14:51,02/15:40,02/15:53,0:49:00,CGK,AAP,008,10,1,1,NML,8,2025
212.,A320,PKLUZ,BTK,BTK7501,BTK7512,02/15:19,02/15:23,02/16:11,02/16:20,0:48:00,HLP,HLP,011,10,1,1,NML,8,2025
213.,B738,9MMLN,MAS,MAS873,MAS872,02/14:41,02/14:48,02/15:43,02/15:58,0:55:00,KUL,KUL,A07,10,1,1,NML,8,2025
214.,A320,PKLAQ,BTK,BTK6347,BTK6401,02/15:39,02/15:42,02/16:34,02/16:45,0:52:00,BEJ,CGK,012,10,1,1,NML,8,2025
215.,B739,PKLHI,LNI,LNI801,LNI316,02/15:35,02/15:39,02/16:56,02/17:05,1:17:00,UPG,BDJ,014,10,1,1,NML,8,2025
216.,B738,PKGFM,GIA,GIA310,GIA315,02/16:12,02/16:16,02/17:16,02/17:30,1:00:00,CGK,CGK,004,10,1,1,NML,8,2025
217.,A320,PKPWL,PAS,PAS206,PAS623,02/16:43,02/16:47,02/17:28,02/17:41,0:41:00,CGK,BPN,005,10,1,1,NML,8,2025
218.,B739,PKLFO,LNI,LNI681,LNI268,02/17:07,02/17:11,02/18:06,02/18:16,0:55:00,PKY,TRK,016,10,1,1,NML,8,2025
219.,B739,PKLSV,LNI,LNI692,LNI692,02/16:59,02/17:03,02/18:03,02/18:11,1:00:00,CGK,KOE,015,10,1,1,NML,8,2025
220.,B738MAX,PKOFI,AFE,AFE920,AFE920,02/16:25,02/16:30,02/16:55,02/17:07,0:25:00,TIM,CGK,006,10,1,1,NML,8,2025
221.,A320,PKSAL,SJV,SJV363,SJV362,02/16:47,02/16:51,02/17:50,02/18:00,0:59:00,KNO,KNO,009,10,1,1,NML,8,2025
222.,B739,PKLQT,LNI,LNI865,LNI226,02/18:46,02/18:50,02/20:08,02/20:18,1:18:00,LOP,BDJ,17A,10,0,0,NML,8,2025
223.,A320,PKGQN,CTV,CTV669,CTV698,02/16:33,02/16:37,02/17:22,02/17:36,0:45:00,DPS,DPS,007,10,1,1,NML,8,2025
224.,B738,PKLQY,LNI,LNI837,LNI838,02/08:10,02/08:14,02/18:09,02/18:19,9:55:00,PNK,PNK,018,10,0,0,NML,8,2025
225.,A320,PKAXY,AWQ,AWQ323,AWQ326,02/17:11,02/17:16,02/17:42,02/17:53,0:26:00,KUL,KUL,A03,10,1,1,NML,8,2025
226.,A320,PKLAI,BTK,BTK7519,BTK7518,02/18:20,02/18:24,02/19:33,02/19:44,1:09:00,HLP,CGK,17B,10,0,0,NML,8,2025
227.,B739,PKLSP,LNI,LNI695,LNI920,02/18:34,02/18:39,02/20:35,02/20:45,1:56:00,KOE,DPS,014,10,1,1,NML,8,2025
228.,B739,PKLGW,LNI,LNI923,LNI581,02/17:51,02/17:56,02/18:41,02/18:49,0:45:00,DPS,CGK,011,10,1,1,NML,8,2025
229.,A320,PKPWF,PAS,PAS622,PAS207,02/17:34,02/17:37,02/18:13,02/18:27,0:36:00,BPN,CGK,006,10,1,1,NML,8,2025
230.,A320,PKSJU,SJV,SJV637,SJV648,02/15:31,02/15:34,02/18:30,02/18:40,2:56:00,BDJ,BPN,020,10,0,0,NML,8,2025
231.,B738,PKGMC,GIA,GIA349,GIA313,02/17:39,02/17:43,02/18:38,02/19:02,0:55:00,DPS,CGK,004,10,1,1,NML,8,2025
232.,A320,PKSAQ,SJV,SJV726B,SJV716,02/16:27,02/16:32,02/19:21,02/19:27,2:49:00,LBJ,LOP,022,10,0,0,NML,8,2025
233.,A320,PKLAM,BTK,BTK6578,BTK7502,02/18:02,02/18:06,02/20:04,02/20:15,1:58:00,CGK,HLP,012,10,1,1,NML,8,2025
234.,B738,PKGMW,GIA,GIA320,GIA325,02/18:06,02/18:09,02/19:10,02/19:23,1:01:00,CGK,CGK,005,10,1,1,NML,8,2025
235.,A320,PKGQS,CTV,CTV172,CTV173,02/18:24,02/18:28,02/19:03,02/19:13,0:35:00,HLP,HLP,008,10,1,1,NML,8,2025
236.,B738MAX,9VMBA,SIA,SIA928,SIA929,02/18:38,02/18:45,02/19:35,02/19:48,0:50:00,SIN,SIN,A07,10,1,1,NML,8,2025
237.,A320,PKGQQ,CTV,CTV736,CTV352,02/19:10,02/19:15,02/19:48,02/20:02,0:33:00,CGK,UPG,009,10,1,1,NML,8,2025
238.,B738,PKLFW,LNI,LNI709,LNI880,02/18:42,02/18:46,02/20:31,02/20:41,1:45:00,UPG,UPG,15A,10,0,0,NML,8,2025
239.,B738,PKGFD,GIA,GIA326,GIA319,02/18:54,02/18:58,02/19:51,02/20:07,0:53:00,CGK,CGK,004,10,1,1,NML,8,2025
240.,A320,PKLUJ,BTK,BTK6586,BTK6587,02/19:32,02/19:37,02/20:43,02/20:55,1:06:00,CGK,CGK,011,10,1,1,NML,8,2025
241.,A320,PKGQO,CTV,CTV949,CTV737,02/19:07,02/19:11,02/20:55,02/21:11,1:44:00,BTH,CGK,007,10,1,1,NML,8,2025
242.,B735,PKCLH,SJY,SJY567,SJY562,02/21:01,02/21:04,02/21:47,02/21:57,0:43:00,UPG,UPG,011,10,1,1,NML,8,2025
243.,A320,PKLUP,BTK,BTK6137,BTK6136,02/20:25,02/20:29,02/22:23,02/22:33,1:54:00,UPG,UPG,012,10,1,1,NML,8,2025
244.,A320,PKAXY,AWQ,AWQ327,AWQ320,02/23:20,02/23:26,03/05:00,03/05:10,5:34:00,KUL,KUL,A03,28,1,1,NML,8,2025
245.,A320,PKLUU,BTK,BTK6684,BTK7508,02/19:20,02/19:24,03/04:58,03/05:06,9:34:00,AAP,HLP,026,28,0,0,NML,8,2025
246.,A320,PKSAE,SJV,SJV615,SJV610,02/20:28,02/20:32,03/05:15,03/05:26,8:43:00,BPN,BPN,17B,28,0,0,NML,8,2025
247.,A320,PKGQN,CTV,CTV699,CTV430,02/20:04,02/20:07,03/05:08,03/05:18,9:01:00,DPS,BPN,005,28,1,1,NML,8,2025
248.,A320,PKBKT,BTK,BTK6413,BTK6412,02/20:00,02/20:04,03/05:20,03/05:29,9:16:00,DPS,DPS,016,28,1,1,NML,8,2025
249.,A320,PKLUV,BTK,BTK7503,BTK6132,02/21:21,02/21:25,03/05:16,03/05:23,7:51:00,HLP,LOP,014,28,1,1,NML,8,2025
250.,A320,PKSAG,SJV,SJV611,SJV634,02/08:44,02/08:48,03/05:41,03/05:48,20:53:00,BPN,BDJ,023,28,0,0,NML,8,2025
251.,A339,PKGHI,GIA,GIA975,GIA974,03/02:36,03/02:45,03/05:20,03/05:35,2:35:00,JED,JED,A06,28,1,1,NML,8,2025
252.,A320,PKGQL,CTV,CTV726,CTV725,02/20:21,02/20:25,03/05:35,03/05:46,9:10:00,CGK,CGK,009,28,1,1,NML,8,2025
253.,B739,PKLVF,LNI,LNI690,LNI690,03/05:04,03/05:09,03/05:55,03/06:08,0:46:00,CGK,KOE,015,28,1,1,NML,8,2025
254.,A320,PKGQQ,CTV,CTV353,CTV670,03/05:00,03/05:06,03/05:47,03/05:53,0:41:00,UPG,LOP,003,28,0,0,NML,8,2025
255.,A320,PKGLX,CTV,CTV724,CTV460,02/19:41,02/19:46,03/05:58,03/06:09,10:12:00,CGK,AAP,008,28,1,1,NML,8,2025
256.,A320,PKLUW,BTK,BTK6588,BTK6589,02/22:54,02/22:58,03/05:54,03/06:02,6:56:00,CGK,CGK,011,28,1,1,NML,8,2025
257.,B739,PKLSK,LNI,LNI885,LNI882,02/18:57,03/04:19,03/06:06,03/06:19,11:04:00,UPG,UPG,020,28,0,1,NML,8,2025
258.,A320,PKSJD,SJV,SJV619,SJV640,02/17:55,02/17:59,03/06:42,03/06:51,12:43:00,BPN,AAP,024,28,0,0,NML,8,2025
259.,B738,PKLJQ,LNI,LNI683,LNI868,02/17:31,02/17:35,03/06:00,03/06:12,12:25:00,PKY,TTE,025,28,0,0,NML,8,2025
260.,DA40,VH8AA,SCL,VH8AA,VH8AA,02/12:40,02/12:43,03/06:04,03/06:14,17:21:00,BME,XSP,030,10,0,0,NML,8,2025
261.,A320,PKPWN,PAS,PAS202,PAS213,02/19:03,02/19:07,03/05:54,03/06:04,10:47:00,CGK,CGK,006,28,1,1,NML,8,2025
262.,A320,PKSAQ,SJV,SJV717,SJV566,03/06:13,03/06:18,03/07:11,03/07:21,0:53:00,LOP,PLW,009,10,1,1,NML,8,2025
263.,B739,PKLHI,LNI,LNI311,LNI971,03/06:05,03/06:11,03/07:09,03/07:19,0:58:00,BDJ,BTH,014,10,1,1,NML,8,2025
264.,B738,PKGFV,GIA,GIA855,GIA305,02/20:49,02/23:17,03/06:57,03/07:10,10:05:00,SIN,CGK,007,10,1,1,NML,8,2025
265.,B738,PKGFJ,GIA,GIA324,GIA854,02/21:25,02/22:48,03/07:02,03/07:12,9:34:00,CGK,SIN,A02,10,1,1,NML,8,2025
266.,B739,PKLHS,LNI,LNI972,LNI646,02/21:49,02/21:53,03/07:22,03/07:34,9:29:00,BTH,LOP,17A,10,0,0,NML,8,2025
267.,B739,PKLSY,LNI,LNI363,LNI878,03/06:23,03/06:28,03/07:23,03/07:36,0:55:00,BPN,AMQ,011,10,1,1,NML,8,2025
268.,A320,PKSJU,SJV,SJV649,SJV706,03/06:34,03/06:38,03/07:39,03/07:48,1:01:00,BPN,DPS,17B,10,0,0,NML,8,2025
269.,A320,PKLAM,BTK,BTK7511,BTK7510,03/06:28,03/06:32,03/07:19,03/07:31,0:47:00,HLP,HLP,008,10,1,1,NML,8,2025
270.,A320,PKLUZ,BTK,BTK7521,BTK6135,02/23:06,02/23:09,03/07:39,03/07:50,8:30:00,HLP,PKN,012,10,1,1,NML,8,2025
271.,A320,PKAZJ,AWQ,AWQ325,AWQ392,02/18:59,02/19:05,03/07:21,03/07:30,12:16:00,KUL,JHB,A01,10,1,1,NML,8,2025
272.,B739ER,PKLRI,LNI,LNI919,LNI693,02/15:51,02/15:55,03/07:48,03/07:59,15:53:00,DPS,CGK,021,10,0,0,NML,8,2025
273.,B739,PKLFO,LNI,LNI267,LNI856,03/07:28,03/07:32,03/08:26,03/08:37,0:54:00,TRK,PLM,016,10,1,1,NML,8,2025
274.,B739,PKLSP,LNI,LNI929,LNI990,03/07:17,03/07:21,03/08:35,03/08:48,1:14:00,DPS,DPS,020,10,0,0,NML,8,2025
275.,A320,PKBKF,BTK,BTK6572,BTK6573,03/07:42,03/07:46,03/08:44,03/08:53,0:58:00,CGK,CGK,009,10,1,1,NML,8,2025
276.,B738,PKGUH,GIA,GIA328,GIA323,02/20:53,02/20:57,03/08:24,03/08:35,11:27:00,CGK,CGK,004,10,1,1,NML,8,2025
"277.,A320,PKSJR,SJV,SJV643,SJV7000,31/15:03,02/23:16,03/08:10,03/08:22,""2 days, 17:02:00"",AAP,CGK,018,10,0,1,NML,8,2025"
278.,B738,PKLBK,MXD,MXD352,MXD353,02/18:50,02/18:56,03/09:03,03/09:12,14:07:00,KUL,KUL,A04,10,1,1,NML,8,2025
279.,B739,PKLSV,LNI,LNI693,LNI222,03/06:53,03/06:59,03/08:50,03/09:04,1:51:00,KOE,BDJ,015,10,1,1,NML,8,2025
280.,A320,PKLUV,BTK,BTK6133,BTK6391,03/08:11,03/08:16,03/09:02,03/09:14,0:46:00,LOP,CGK,010,10,1,1,NML,8,2025
281.,A320,PKSAG,SJV,SJV635,SJV618,03/08:28,03/08:30,03/09:42,03/09:49,1:12:00,BDJ,BPN,011,10,1,1,NML,8,2025
282.,B738,PKLQY,LNI,LNI837,LNI748,03/07:57,03/07:59,03/09:16,03/09:29,1:17:00,PNK,MDC,014,10,1,1,NML,8,2025
283.,B738,PKGMC,GIA,GIA304,GIA342,03/08:04,03/08:07,03/09:14,03/09:24,1:07:00,CGK,DPS,005,10,1,1,NML,8,2025
284.,A320,PKPWK,PAS,PAS200,PAS201,03/08:00,03/08:02,03/09:11,03/09:22,1:09:00,CGK,CGK,006,10,1,1,NML,8,2025
285.,A320,PKGQQ,CTV,CTV671,CTV486,03/08:22,03/08:27,03/09:16,03/09:28,0:49:00,BDJ,BDJ,008,10,1,1,NML,8,2025
286.,A320,PKGQN,CTV,CTV435,CTV9692,03/08:46,03/08:49,03/09:42,03/09:53,0:53:00,BPN,DPS,007,10,1,1,NML,8,2025
287.,B738,9MMLU,MAS,MAS871,MAS870,03/09:06,03/09:12,03/10:04,03/10:16,0:52:00,KUL,KUL,A02,10,1,1,NML,8,2025
288.,B735,PKNAS,LKN,LKN243,LKN242,03/09:09,03/09:12,03/10:03,03/10:14,0:51:00,SMQ,SMQ,009,10,1,1,NML,8,2025
289.,A359,9VSHL,SIA,SIA922,SIA923,03/09:00,03/09:06,03/10:10,03/10:25,1:04:00,SIN,SIN,A07,10,1,1,NML,8,2025
290.,A320,PKGQP,CTV,CTV351,CTV350,03/09:31,03/09:36,03/10:17,03/10:36,0:41:00,UPG,UPG,006,10,1,1,NML,8,2025
291.,A320,PKGLX,CTV,CTV461,CTV715,03/09:40,03/09:44,03/10:22,03/10:37,0:38:00,AAP,CGK,008,10,1,1,NML,8,2025
292.,B739,PKLHS,LNI,LNI645,LNI706,03/10:17,03/10:21,03/11:22,03/11:38,1:01:00,LOP,UPG,014,10,1,1,NML,8,2025
293.,A333,BHLV,CPA,CPA779,CPA780,02/19:36,02/19:43,03/10:19,03/10:33,14:36:00,HKG,HKG,A08,10,1,1,NML,8,2025
294.,B739,PKLSO,LNI,LNI791,LNI822,03/09:54,03/09:57,03/10:46,03/10:58,0:49:00,UPG,LOP,012,10,1,1,NML,8,2025
295.,A20N,9VTNF,TGW,TGW296,TGW297,03/09:37,03/09:42,03/10:29,03/10:39,0:47:00,SIN,SIN,A03,10,1,1,NML,8,2025
296.,A320,PKPWN,PAS,PAS210,PAS211,03/09:34,03/09:38,03/10:28,03/10:41,0:50:00,CGK,CGK,005,10,1,1,NML,8,2025
297.,B739,PKLHL,LNI,LNI970,LNI973,03/09:45,03/09:48,03/10:44,03/10:55,0:56:00,BTH,BTH,010,10,1,1,NML,8,2025
298.,A320,PKLAZ,BTK,BTK7513,BTK7516,03/09:51,03/09:54,03/10:50,03/11:00,0:56:00,HLP,HLP,011,10,1,1,NML,8,2025
299.,A320,PKSAS,SJV,SJV703,SJV632,03/11:08,03/11:12,03/12:05,03/12:24,0:53:00,DPS,BDJ,009,10,1,1,NML,8,2025
300.,B739,PKLGJ,LNI,LNI683,LNI682,03/10:30,03/10:34,03/11:20,03/11:33,0:46:00,PKY,PKY,016,10,1,1,NML,8,2025
301.,B739,PKLVF,LNI,LNI697,LNI697,03/10:43,03/10:47,03/11:45,03/11:59,0:58:00,KOE,CGK,015,10,1,1,NML,8,2025
302.,A320,PKAXY,AWQ,AWQ321,AWQ322,03/10:49,03/10:54,03/11:31,03/11:42,0:37:00,KUL,KUL,A01,10,1,1,NML,8,2025
303.,B738,PKGFM,GIA,GIA322,GIA327,03/10:26,03/10:28,03/11:25,03/11:40,0:57:00,CGK,CGK,004,10,1,1,NML,8,2025
304.,A320,PKLUQ,BTK,BTK6584,BTK6585,03/11:54,03/11:58,03/12:49,03/13:05,0:51:00,CGK,CGK,008,10,1,1,NML,8,2025
305.,A320,PKLAM,BTK,BTK7517,BTK7520,03/10:46,03/10:50,03/11:41,03/11:57,0:51:00,HLP,HLP,008,10,1,1,NML,8,2025
306.,B739,PKLHJ,LNI,LNI805,LNI804,03/11:31,03/11:34,03/12:32,03/12:42,0:58:00,DPS,DPS,012,10,1,1,NML,8,2025
307.,E35L,PKRSS,IAT,PKRSS,PKRSS,02/21:08,02/21:13,03/12:16,03/12:25,15:03:00,DJJ,BDJ,001,10,0,0,NML,8,2025
308.,A339,PKLER,LNI,LNI103,LNI104,03/09:47,03/09:55,03/12:02,03/12:15,2:07:00,JED,JED,A05,10,1,1,NML,8,2025
309.,A320,PKBKF,BTK,BTK6582,BTK6581,03/12:59,03/13:03,03/14:14,03/14:25,1:11:00,CGK,CGK,010,10,1,1,Nml,8,2025
310.,B739,PKLJI,LNI,LNI315,LNI262,03/08:50,03/08:54,03/12:55,03/13:06,4:01:00,BDJ,BPN,021,10,0,0,NML,8,2025
311.,A320,PKSAQ,SJV,SJV567,SJV636,03/11:36,03/11:40,03/12:39,03/12:48,0:59:00,PLW,BDJ,010,10,1,1,NML,8,2025
312.,B739,PKLSV,LNI,LNI223,LNI780,03/12:03,03/12:06,03/14:08,03/14:23,2:02:00,BDJ,UPG,015,10,1,1,NML,8,2025
313.,B735,PKNAQ,LKN,LKN193,LKN192,03/11:45,03/11:49,03/12:33,03/12:44,0:44:00,PKN,PKN,011,10,1,1,NML,8,2025
314.,B739,PKLHQ,LNI,LNI694,LNI694,03/11:51,03/11:56,03/12:45,03/12:57,0:49:00,CGK,KOE,014,10,1,1,NML,8,2025
315.,B739,PKLFO,LNI,LNI857,LNI680,03/12:37,03/12:43,03/13:53,03/14:04,1:10:00,PLM,PKY,012,10,1,1,NML,8,2025
316.,B738,PKLJQ,LNI,LNI869,LNI722,03/12:17,03/12:22,03/13:34,03/13:50,1:12:00,TTE,KDI,016,10,1,1,NML,8,2025
317.,A320,PKLDJ,BTK,BTK6596,BTK6595,03/13:38,03/13:41,03/14:33,03/14:41,0:52:00,CGK,CGK,011,10,1,1,NML,8,2025
318.,A320,PKPWC,PAS,PAS204,PAS205,03/11:57,03/12:02,03/13:19,03/13:29,1:17:00,CGK,CGK,005,10,1,1,NML,8,2025
319.,A320,PKAZJ,AWQ,AWQ393,AWQ324,03/12:09,03/12:14,03/13:29,03/13:40,1:15:00,JHB,KUL,A01,10,1,1,NML,8,2025
320.,E55P,PKJCO,PWB,PKJCO,PKJCO,03/11:03,03/11:06,03/12:10,03/12:20,1:04:00,PWL,SRGX,A09,10,0,0,NML,8,2025
321.,A320,PKGQQ,CTV,CTV487,CTV668,03/12:04,03/12:09,03/13:29,03/13:46,1:20:00,BDJ,DPS,006,10,1,1,NML,8,2025
322.,A320,PKLUZ,BTK,BTK6134,BTK6401,03/10:22,03/10:26,03/14:22,03/14:31,3:56:00,PKN,CGK,020,10,0,0,NML,8,2025
323.,B739,PKLSO,LNI,LNI823,LNI260,03/13:41,03/13:44,03/14:32,03/14:43,0:48:00,LOP,BPN,014,10,1,1,NML,8,2025
324.,B738,PKLSF,LNI,LNI839,LNI836,03/13:33,03/13:37,03/14:25,03/14:36,0:48:00,PNK,PNK,017,10,1,1,NML,8,2025
325.,A320,PKGQF,CTV,CTV716,CTV717,03/13:02,03/13:06,03/14:22,03/14:34,1:16:00,CGK,CGK,009,10,1,1,NML,8,2025
"326.,A339,PKLES,LNI,LNI101A,LNI106,01/20:40,03/07:58,03/14:07,03/14:18,""1 day, 17:22:00"",JED,JED,A06,10,1,1,NML,8,2025"
327.,A320,PKGQN,CTV,CTV9693,CTV948,03/12:22,03/12:25,03/14:17,03/14:29,1:52:00,DPS,BTH,007,10,1,1,NML,8,2025
328.,A320,PKBKV,BTK,BTK7515,BTK7514,03/13:52,03/13:58,03/14:45,03/14:58,0:47:00,HLP,HLP,008,10,1,1,NML,8,2025
329.,B738,PKGFP,GIA,GIA312,GIA317,03/14:20,03/14:25,03/15:29,03/15:39,1:04:00,CGK,CGK,005,10,1,1,NML,8,2025
330.,A320,PKSAE,SJV,SJV611,SJV726,03/09:02,03/09:06,03/16:00,03/16:10,6:54:00,BPN,LBJ,018,10,0,0,NML,8,2025
331.,A320,PKPWE,PAS,PAS208,PAS209,03/13:47,03/13:51,03/14:52,03/15:10,1:01:00,CGK,CGK,006,10,1,1,NML,8,2025
332.,B739,PKLSK,LNI,LNI801,LNI642,03/15:41,03/15:45,03/16:35,03/16:45,0:50:00,UPG,LOP,016,10,1,1,NML,8,2025
333.,B738,PKGFI,GIA,GIA330,GIA331,03/14:14,03/14:17,03/15:08,03/15:18,0:51:00,HLP,HLP,004,10,1,1,NML,8,2025
334.,A320,PKLUW,BTK,BTK6406,BTK6685,03/14:47,03/14:51,03/15:40,03/15:51,0:49:00,CGK,AAP,010,10,1,1,NML,8,2025
335.,B739,PKLHJ,LNI,LNI919,LNI910,03/15:23,03/15:27,03/16:26,03/16:37,0:59:00,DPS,DPS,015,10,1,1,NML,8,2025
336.,A320,PKLAM,BTK,BTK7501,BTK7512,03/14:56,03/14:59,03/16:03,03/16:14,1:04:00,HLP,HLP,009,10,1,1,NML,8,2025
337.,B738MAX,9MMVF,MAS,MAS873,MAS872,03/15:07,03/15:14,03/16:05,03/16:21,0:51:00,KUL,KUL,A06,10,1,1,NML,8,2025
338.,A320,PKSJD,SJV,SJV643,SJV672,03/15:29,03/15:33,03/16:57,03/17:09,1:24:00,AAP,BEJ,011,10,1,1,NML,8,2025
339.,B738,PKGNH,GIA,GIA310,GIA315,03/15:37,03/15:40,03/16:39,03/16:55,0:59:00,CGK,CGK,004,10,1,1,NML,8,2025
340.,A320,PKSAQ,SJV,SJV637,SJV648,03/18:28,03/18:32,03/19:40,03/19:50,1:08:00,BDJ,BPN,010,10,1,1,NML,8,2025
341.,A320,PKPWD,PAS,PAS206,PAS623,03/15:49,03/15:52,03/16:38,03/16:50,0:46:00,CGK,BPN,005,10,1,1,NML,8,2025
342.,B739,PKLHS,LNI,LNI707,LNI268,03/15:33,03/15:37,03/16:48,03/16:59,1:11:00,UPG,TRK,014,10,1,1,NML,8,2025
343.,B739,PKLGU,LNI,LNI692,LNI692,03/15:54,03/15:58,03/17:21,03/17:31,1:23:00,CGK,KOE,012,10,1,1,NML,8,2025
344.,B739,PKLHI,LNI,LNI972,LNI226,03/17:16,03/17:19,03/18:14,03/18:30,0:55:00,BTH,BDJ,014,10,1,1,NML,8,2025
345.,B739,PKLSY,LNI,LNI879,LNI316,03/16:57,03/17:01,03/17:59,03/18:09,0:58:00,AMQ,BDJ,017,10,1,1,NML,8,2025
346.,A320,PKBLC,BTK,BTK6578,BTK7579,03/18:48,03/18:51,03/20:02,03/20:12,1:11:00,CGK,CGK,009,10,1,1,NML,8,2025
347.,A320,PKGLX,CTV,CTV669,CTV698,03/16:18,03/16:21,03/17:22,03/17:34,1:01:00,DPS,DPS,006,10,1,1,NML,8,2025
348.,B739,PKLHO,LNI,LNI261,LNI581,03/16:22,03/16:26,03/17:35,03/17:43,1:09:00,BPN,CGK,010,10,1,1,NML,8,2025
349.,B738,PKLQY,LNI,LNI749,LNI838,03/15:03,03/15:07,03/17:43,03/17:54,2:36:00,MDC,PNK,021,10,0,0,NML,8,2025
350.,A320,PKAXY,AWQ,AWQ323,AWQ326,03/17:06,03/17:12,03/17:44,03/17:56,0:32:00,KUL,KUL,A03,10,1,1,NML,8,2025
351.,A320,PKBKG,BTK,BTK7519,BTK7518,03/19:17,03/19:21,03/23:09,03/23:20,3:48:00,HLP,CGK,012,10,1,1,NML,8,2025
352.,B739,PKLFO,LNI,LNI681,LNI920,03/16:52,03/16:57,03/18:14,03/18:25,1:17:00,PKY,DPS,009,10,1,1,NML,8,2025
353.,A320,PKPWN,PAS,PAS622,PAS207,03/17:20,03/17:25,03/18:14,03/18:23,0:49:00,BPN,CGK,005,10,1,1,NML,8,2025
354.,B738,PKGMC,GIA,GIA349,GIA313,03/17:24,03/17:27,03/18:25,03/18:38,0:58:00,DPS,CGK,004,10,1,1,NML,8,2025
355.,B738,PKGUD,GIA,GIA320,GIA325,03/19:14,03/19:17,03/20:05,03/20:23,0:48:57,CGK,CGK,004,10,1,1,NML,8,2025
356.,A320,PKSAE,SJV,SJV725,SJV716,03/19:32,03/19:36,03/20:24,03/20:35,0:48:00,LBJ,LOP,014,10,1,1,NML,8,2025
357.,B738MAX,9VMBD,SIA,SIA928,SIA929,03/18:11,03/18:17,03/19:13,03/19:30,0:56:00,SIN,SIN,A06,10,1,1,NML,8,2025
358.,A320,PKGLU,CTV,CTV949,CTV488,03/18:35,03/18:39,03/19:21,03/19:38,0:42:00,BTH,BDJ,007,10,1,1,NML,8,2025
359.,A320,PKGQF,CTV,CTV736,CTV352,03/18:20,03/18:25,03/19:14,03/19:34,0:49:00,CGK,UPG,006,10,1,1,NML,8,2025
360.,B735,PKCRI,SJY,SJY567,SJY562,03/19:27,03/19:30,03/20:16,03/20:26,0:46:00,UPG,UPG,011,10,1,1,NML,8,2025
361.,B788,9VOFE,TGW,TGW266,TGW267,03/18:43,03/18:50,03/20:03,03/20:14,1:13:00,SIN,SIN,A07,10,1,1,NML,8,2025
362.,B738,PKLKV,LNI,LNI885,LNI880,03/20:21,03/20:24,03/21:14,03/21:32,0:50:00,UPG,UPG,015,10,1,1,NML,8,2025
363.,B738,PKGUI,GIA,GIA326,GIA319,03/19:48,03/19:51,03/20:42,03/20:57,0:51:00,CGK,CGK,006,10,1,1,NML,8,2025
364.,A320,PKLUW,BTK,BTK6684,BTK7502,03/19:21,03/19:25,03/20:40,03/20:51,1:15:00,AAP,HLP,016,10,1,1,NML,8,2025
365.,A320,PKBLA,BTK,BTK6586,BTK6587,03/22:43,03/22:47,03/23:33,03/23:42,0:46:00,CGK,CGK,010,10,1,1,NML,8,2025
366.,A320,PKBKM,BTK,BTK6576,BTK6575,03/22:38,03/22:41,03/23:44,03/23:54,1:03:00,CGK,CGK,011,10,1,1,NML,8,2025
367.,A320,PKGQO,CTV,CTV726,CTV737,03/19:56,03/19:59,03/21:04,03/21:17,1:05:00,CGK,CGK,008,10,1,1,NML,8,2025
368.,A320,PKBKQ,BTK,BTK6137,BTK6136,03/22:05,03/22:08,03/22:56,03/23:07,0:48:00,UPG,UPG,009,10,1,1,NML,8,2025
369.,A320,PKAZJ,AWQ,AWQ325,AWQ320,03/19:10,03/19:14,04/05:00,04/05:13,9:46:00,KUL,KUL,A01,28,1,1,NML,8,2025
370.,B733F,PKMYV,MYU,MYU935,MYU815,03/13:43,03/13:47,04/04:59,04/05:10,15:12:00,SRG,CGK,C02,28,0,0,NML,8,2025
371.,A320,PKLAO,BTK,BTK6594,BTK7508,03/23:27,03/23:32,04/04:58,04/05:07,5:26:00,CGK,HLP,012,28,1,1,NML,8,2025
372.,B739,PKLHJ,LNI,LNI923,LNI786,03/19:37,03/19:41,04/05:01,04/05:12,9:20:00,DPS,UPG,021,28,0,0,NML,8,2025
373.,B738,PKGMF,GIA,GIA324,GIA301,03/21:26,03/21:29,04/05:06,04/05:17,7:37:00,CGK,CGK,006,28,1,1,NML,8,2025
374.,A320,PKGLX,CTV,CTV699,CTV430,03/20:00,03/20:05,04/05:02,04/05:15,8:56:59,DPS,BPN,003,28,0,0,NML,8,2025
375.,A320,PKLUK,BTK,BTK7521,BTK6132,03/22:49,03/22:55,04/05:12,04/05:20,6:17:00,HLP,LOP,016,28,1,1,NML,8,2025
376.,A320,PKSAG,SJV,SJV615,SJV634,03/20:55,03/20:59,04/05:19,04/05:28,8:20:00,BPN,BDJ,022,28,0,0,NML,8,2025
377.,A320,PKSJD,SJV,SJV673,SJV610,03/21:29,03/21:32,04/05:23,04/05:35,7:51:00,BEJ,BPN,017,28,1,1,NML,8,2025
378.,B739,PKLSO,LNI,LNI690,LNI690,04/05:01,04/05:07,04/05:49,04/06:01,0:42:00,CGK,KOE,010,28,1,1,NML,8,2025
379.,A320,PKGQG,CTV,CTV724,CTV725,03/19:44,03/19:48,04/05:41,04/05:51,9:53:00,CGK,CGK,007,28,1,1,NML,8,2025
380.,A320,PKGQQ,CTV,CTV353,CTV670,04/05:04,04/05:12,04/05:46,04/05:54,0:34:00,UPG,LOP,006,28,1,1,NML,8,2025
381.,B739,PKLSK,LNI,LNI865,LNI882,03/19:24,03/19:28,04/06:00,04/06:13,10:32:00,LOP,UPG,018,28,0,0,NML,8,2025
382.,A320,PKGLU,CTV,CTV489,CTV460,03/22:01,03/22:05,04/05:53,04/06:03,7:48:00,BDJ,AAP,008,28,1,1,NML,8,2025
383.,B738,PKLJQ,LNI,LNI727,LNI868,03/18:03,03/18:07,04/05:57,04/06:11,11:50:00,KDI,TTE,026,28,0,0,NML,8,2025
384.,A320,PKLAL,BTK,BTK6588,BTK6589,03/23:37,03/23:40,04/06:03,04/06:15,6:23:00,CGK,CGK,009,28,1,1,NML,8,2025
385.,A320,V8RBB,RBA,RBA795,RBA796,03/20:10,03/20:15,04/05:46,04/05:59,9:31:00,BWN,BWN,A06,28,1,1,NML,8,2025
386.,A320,PKPWI,PAS,PAS202,PAS213,03/18:54,03/18:57,04/06:03,04/06:17,11:06:00,CGK,CGK,005,28,1,1,NML,8,2025
387.,A320,PKBKP,BTK,BTK7503,BTK6412,03/21:56,03/21:58,04/06:29,04/06:42,8:31:00,HLP,DPS,014,28,1,1,NML,8,2025
388.,B739,PKLSY,LNI,LNI311,LNI878,04/05:57,04/06:03,04/11:33,04/11:46,5:30:00,BDJ,AMQ,012,10,1,1,NML,8,2025
389.,A320,PKSAE,SJV,SJV717,SJV566,04/06:04,04/06:09,04/06:56,04/07:05,0:47:00,LOP,PLW,021,28,0,0,NML,8,2025
390.,A320,PKSTA,SJV,SJV7003,SJV640,04/06:22,04/06:27,04/07:53,04/08:08,1:26:00,CGK,AAP,010,28,1,1,NML,8,2025
391.,A320,PKLUP,BTK,BTK6413,BTK6135,03/22:33,03/22:37,04/07:07,04/07:17,8:30:00,DPS,PKN,015,28,1,1,NML,8,2025
392.,A320,PKBLB,BTK,BTK6370,BTK6597,04/06:09,04/06:15,04/07:09,04/07:21,0:54:00,CGK,CGK,007,28,1,1,NML,8,2025
393.,B738,PKGMU,GIA,GIA328,GIA854,03/20:06,03/23:42,04/07:09,04/07:23,10:56:00,CGK,SIN,A02,28,1,1,NML,8,2025
394.,B738,PKGFJ,GIA,GIA855,GIA305,03/22:17,03/23:58,04/06:59,04/07:08,8:37:00,SIN,CGK,004,28,1,1,NML,8,2025
395.,B739,PKLHI,LNI,LNI315,LNI971,04/06:18,04/06:24,04/07:42,04/07:49,1:18:00,BDJ,BTH,009,28,1,1,NML,8,2025
396.,B739,PKLHQ,LNI,LNI695,LNI222,03/18:39,04/04:20,04/07:27,04/07:37,12:40:00,KOE,BDJ,011,28,1,1,NML,8,2025
397.,B739,PKLVF,LNI,LNI363,LNI646,04/06:26,04/06:32,04/07:25,04/07:35,0:53:00,BPN,LOP,016,28,1,1,NML,8,2025
398.,A320,PKLUF,BTK,BTK7511,BTK7510,04/06:39,04/06:45,04/07:32,04/07:40,0:47:00,HLP,HLP,008,28,1,1,NML,8,2025
399.,E55P,PKJCO,PWB,PKJCO,PKJCO,03/18:07,03/18:12,04/07:27,04/07:32,13:15:00,SRG,PWL,A10,28,0,0,NML,8,2025
400.,A320,PKAXY,AWQ,AWQ327,AWQ392,03/23:30,03/23:36,04/07:34,04/07:45,7:58:00,KUL,JHB,C01,28,0,0,NML,8,2025
401.,B739,PKLFO,LNI,LNI929,LNI266,04/07:10,04/07:14,04/08:11,04/08:21,0:57:00,DPS,BPN,017,10,1,1,NML,8,2025
402.,B739,PKLGU,LNI,LNI693,LNI693,04/06:53,04/06:58,04/07:51,04/08:02,0:53:00,KOE,CGK,014,28,1,1,NML,8,2025
403.,A320,PKSJF,SJV,SJV635,SJV706,04/07:18,04/07:23,04/08:17,04/08:27,0:54:00,BDJ,DPS,015,10,1,1,NML,8,2025
"404.,C208,PKVVF,SUS,PKVVF,SUS6197,01/09:02,01/09:07,04/08:04,04/08:15,""2 days, 22:56:39"",BXW,BXW,C07,10,0,0,NML,8,2025"
405.,E135,T7JCI,AFS,T7JCI,T7JCI,04/07:13,04/07:17,04/08:00,04/08:14,0:43:00,CGK,CGK,A09,10,0,0,NML,8,2025
406.,A21N,B32L7,CSN,CSN8137,CSN8138,03/22:59,03/23:06,04/07:48,04/08:10,8:42:00,CAN,CAN,A03,28,1,1,NML,8,2025
407.,A333,BLBK,CPA,CPA779,CPA780,03/17:51,03/17:58,04/08:23,04/08:36,14:25:00,HKG,HKG,A08,10,1,1,NML,8,2025
408.,B739,PKLHS,LNI,LNI267,LNI990,04/07:02,04/07:08,04/08:22,04/08:34,1:14:00,TRK,DPS,022,10,0,0,NML,8,2025
409.,A320,PKBKU,BTK,BTK6572,BTK6573,04/07:42,04/07:48,04/08:38,04/08:47,0:50:00,CGK,CGK,008,10,1,1,NML,8,2025
410.,A339,PKGHI,GIA,GIA975,GIA974,04/05:32,04/05:41,04/08:47,04/08:58,3:06:00,JED,JED,A07,10,1,1,NML,8,2025
411.,B738,PKLZO,MXD,MXD352,MXD353,03/18:58,03/19:04,04/08:47,04/08:56,13:43:00,KUL,KUL,A04,10,1,1,NML,8,2025
412.,A320,PKLUK,BTK,BTK6133,BTK6391,04/08:05,04/08:10,04/08:54,04/09:06,0:44:00,LOP,CGK,009,10,1,1,NML,8,2025
413.,B739,PKLGJ,LNI,LNI683,LNI856,04/07:59,04/08:05,04/08:58,04/09:11,0:53:00,PKY,PLM,011,10,1,1,NML,8,2025
414.,B738,PKLQY,LNI,LNI837,LNI748,04/08:02,04/08:09,04/09:09,04/09:19,1:00:00,PNK,MDC,016,10,1,1,NML,8,2025
415.,B738,PKGNM,GIA,GIA304,GIA342,04/08:23,04/08:26,04/09:20,04/09:34,0:54:00,CGK,DPS,004,10,1,1,NML,8,2025
416.,A320,PKGQQ,CTV,CTV671,CTV486,04/08:32,04/08:36,04/09:18,04/09:30,0:42:00,LOP,BDJ,006,10,1,1,NML,8,2025
417.,A320,PKPWK,PAS,PAS200,PAS201,04/08:29,04/08:32,04/09:15,04/09:24,0:43:00,CGK,CGK,005,10,1,1,NML,8,2025
418.,A320,PKSJD,SJV,SJV611,SJV612,04/09:17,04/09:20,04/10:19,04/10:31,0:59:00,BPN,BPN,010,10,1,1,NML,8,2025
419.,F2TH,T758GG,AFI,T758GG,T758GG,04/10:36,04/10:40,04/11:05,04/11:10,0:25:00,XSP,DHX,A01,10,0,0,NML,8,2025
420.,B738MAX,9MMVJ,MAS,MAS871,MAS870,04/09:04,04/09:10,04/10:02,04/10:12,0:52:00,KUL,KUL,A07,10,1,1,NML,8,2025
421.,B735,PKNAS,LKN,LKN243,LKN242,04/09:13,04/09:17,04/10:15,04/10:25,0:58:00,SMQ,SMQ,009,10,1,1,NML,8,2025
422.,A359,9VSHD,SIA,SIA922,SIA923,04/09:08,04/09:14,04/10:14,04/10:27,1:00:00,SIN,SIN,A08,10,1,1,NML,8,2025
423.,A320,PKLAL,BTK,BTK6584,BTK6585,04/09:38,04/09:41,04/10:35,04/10:47,0:54:00,CGK,CGK,008,10,1,1,NML,8,2025
424.,A320,PKGQO,CTV,CTV351,CTV350,04/09:44,04/09:48,04/10:27,04/10:42,0:39:00,UPG,UPG,005,10,1,1,NML,8,2025
425.,A320,PKGLX,CTV,CTV435,CTV715,04/08:39,04/08:43,04/10:04,04/10:19,1:21:00,BPN,CGK,007,10,1,1,NML,8,2025
426.,B739,PKLSR,LNI,LNI970,LNI706,04/09:53,04/09:57,04/10:54,04/11:05,0:57:00,BTH,UPG,014,10,1,1,NML,8,2025
427.,B739,PKLVF,LNI,LNI645,LNI822,04/10:20,04/10:24,04/11:18,04/11:29,0:54:00,LOP,LOP,018,10,0,0,NML,8,2025
428.,A320,9VTRN,TGW,TGW296,TGW297,04/09:55,04/10:02,04/11:00,04/11:09,0:58:00,SIN,SIN,A03,10,1,1,NML,8,2025
429.,B739,PKLSK,LNI,LNI791,LNI973,04/09:47,04/09:50,04/11:01,04/11:16,1:11:00,UPG,BTH,011,10,1,1,NML,8,2025
430.,A320,PKGLU,CTV,CTV461,CTV488,04/09:41,04/09:44,04/10:28,04/10:38,0:44:00,AAP,BDJ,006,10,1,1,NML,8,2025
431.,A320,PKLUP,BTK,BTK6134,BTK6346,04/09:50,04/09:53,04/11:30,04/11:44,1:37:00,PKN,BEJ,016,10,1,1,NML,8,2025
432.,A320,PKLAM,BTK,BTK7513,BTK7516,04/11:01,04/11:06,04/12:36,04/12:51,1:30:00,HLP,HLP,009,10,1,1,NML,8,2025
433.,A320,PKSJF,SJV,SJV703,SJV632A,04/10:44,04/10:48,04/11:35,04/11:45,0:47:00,DPS,BDJ,010,10,1,1,RTA,8,2025
434.,A320,PKSAE,SJV,SJV567,SJV632,04/11:35,04/11:37,04/13:15,04/13:21,1:38:00,PLW,BDJ,020,10,0,0,NML,8,2025
435.,B739,PKLHQ,LNI,LNI223,LNI682,04/10:29,04/10:33,04/11:25,04/11:39,0:52:00,BDJ,PKY,017,10,1,1,NML,8,2025
436.,B739,PKLSO,LNI,LNI697,LNI697,04/10:40,04/10:44,04/11:42,04/11:57,0:58:00,KOE,CGK,015,10,1,1,NML,8,2025
437.,A320,PKAZJ,AWQ,AWQ321,AWQ322,04/10:51,04/10:56,04/11:31,04/11:43,0:35:00,KUL,KUL,A04,10,1,1,NML,8,2025
438.,A320,PKLUF,BTK,BTK7517,BTK7520,04/11:13,04/11:17,04/12:06,04/12:19,0:49:00,HLP,HLP,008,10,1,1,NML,8,2025
439.,B738,PKGUF,GIA,GIA322,GIA327,04/10:14,04/10:17,04/11:33,04/11:55,1:16:00,CGK,CGK,004,10,1,1,NML,8,2025
440.,A320,PKSTA,SJV,SJV641,SJV642,04/11:32,04/11:37,04/12:22,04/12:34,0:45:00,AAP,AAP,011,10,1,1,NML,8,2025
441.,B739,PKLHS,LNI,LNI805,LNI804,04/11:16,04/11:19,04/12:15,04/12:24,0:56:00,DPS,DPS,014,10,1,1,NML,8,2025
442.,F2TH,T758GG,AFI,T758GG,T758GG,04/12:30,04/12:34,04/12:48,04/12:52,0:14:00,DHX,XSP,A01,10,0,0,NML,8,2025
443.,A320,PKLAQ,BTK,BTK6582,BTK6581,04/12:47,04/12:51,04/13:45,04/13:57,0:54:00,CGK,CGK,011,10,1,1,NML,8,2025
444.,A320,PKSJF,SJV,SJV632A,SJV636,04/11:55,04/11:57,04/14:45,04/15:01,2:48:00,SUB,BDJ,021,10,0,0,NML,8,2025
445.,B739,PKLFO,LNI,LNI261,LNI680,04/11:49,04/11:57,04/12:47,04/12:59,0:50:00,BPN,PKY,016,10,1,1,NML,8,2025
446.,B739,PKLGU,LNI,LNI694,LNI694,04/11:40,04/11:44,04/12:36,04/12:49,0:52:00,CGK,KOE,017,10,1,1,NML,8,2025
447.,B735,PKNAQ,LKN,LKN193,LKN192,04/12:11,04/12:15,04/12:44,04/12:56,0:29:00,PKN,PKN,010,10,1,1,NML,8,2025
448.,B738,PKLJQ,LNI,LNI869,LNI722,04/15:45,04/15:50,04/16:51,04/17:04,1:01:00,TTE,KDI,011,10,1,1,NML,8,2025
449.,A320,PKPWH,PAS,PAS204,PAS205,04/11:53,04/11:56,04/13:17,04/13:34,1:21:00,CGK,CGK,005,10,1,1,NML,8,2025
450.,A320,PKAXY,AWQ,AWQ393,AWQ324,04/12:32,04/12:38,04/13:17,04/13:25,0:39:00,JHB,KUL,A03,10,1,1,NML,8,2025
451.,A320,PKBLC,BTK,BTK6596,BTK6595,04/13:44,04/13:47,04/14:36,04/14:46,0:49:00,CGK,CGK,009,10,1,1,NML,8,2025
452.,A320,PKGQQ,CTV,CTV487,CTV668,04/12:02,04/12:06,04/13:26,04/13:38,1:20:00,BDJ,DPS,006,10,1,1,NML,8,2025
453.,B738,PKLOR,LNI,LNI839,LNI836,04/13:28,04/13:31,04/14:26,04/14:35,0:55:00,PNK,PNK,012,10,1,1,NML,8,2025
454.,B739,PKLGJ,LNI,LNI857,LNI260,04/13:32,04/13:35,04/14:49,04/14:59,1:14:00,PLM,BPN,015,10,1,1,NML,8,2025
455.,A320,PKGQN,CTV,CTV716,CTV717,04/13:39,04/13:42,04/14:24,04/14:38,0:41:10,CGK,CGK,007,10,1,1,NML,8,2025
"456.,A339,PKLET,LNI,LNI105,LNI106,03/12:13,03/12:22,04/14:11,04/14:24,""1 day, 1:49:00"",JED,JED,A05,10,1,1,NML,8,2025"
457.,B739,PKLGL,LNI,LNI787,LNI910,04/14:01,04/14:02,04/14:56,04/15:06,0:54:00,UPG,DPS,010,10,1,1,NML,8,2025
458.,A320,PKGLU,CTV,CTV489,CTV948,04/13:36,04/13:38,04/14:30,04/14:42,0:52:00,BDJ,BTH,008,10,1,1,NML,8,2025
459.,B738,PKGUI,GIA,GIA312,GIA317,04/13:46,04/13:48,04/14:47,04/14:56,0:59:00,CGK,CGK,004,10,1,1,NML,8,2025
460.,A320,PKSAE,SJV,SJV633,SJV726,04/16:11,04/16:14,04/17:15,04/17:26,1:01:00,BDJ,LBJ,009,10,1,1,NML,8,2025
461.,A320,PKPWE,PAS,PAS208,PAS209,04/13:54,04/13:58,04/14:52,04/15:03,0:54:00,CGK,CGK,006,10,1,1,NML,8,2025
462.,B739,PKLVF,LNI,LNI823,LNI642,04/14:11,04/14:16,04/16:22,04/16:32,2:06:00,LOP,LOP,014,10,1,1,NML,8,2025
463.,A320,PKLAI,BTK,BTK6406,BTK7514,04/14:49,04/14:54,04/15:50,04/16:08,0:55:59,CGK,HLP,009,10,1,1,NML,8,2025
464.,B738,PKGMD,GIA,GIA330,GIA331,04/14:15,04/14:18,04/16:19,04/16:29,2:01:00,HLP,HLP,005,10,1,1,NML,8,2025
465.,A320,PKLUW,BTK,BTK7515,BTK6685,04/13:51,04/13:54,04/15:42,04/16:04,1:48:00,HLP,AAP,018,10,0,0,NML,8,2025
466.,A320,PKLUF,BTK,BTK7501,BTK7512,04/16:26,04/16:29,04/17:19,04/17:33,0:50:30,HLP,HLP,007,10,1,1,NML,8,2025
467.,A320,PKLUP,BTK,BTK6347,BTK6401,04/16:00,04/16:03,04/16:49,04/17:01,0:46:00,BEJ,CGK,008,10,1,1,NML,8,2025
468.,B738,HSLUH,TLM,TLM268,TLM269,04/15:53,04/16:00,04/16:56,04/17:10,0:56:00,DMK,DMK,A04,10,1,1,NML,8,2025
469.,B739,PKLFO,LNI,LNI681,LNI316,04/15:48,04/15:52,04/16:50,04/17:02,0:58:00,PKY,BDJ,015,10,1,1,NML,8,2025
470.,A320,PKSTA,SJV,SJV643,SJV648,04/16:41,04/16:43,04/17:46,04/17:56,1:03:00,AAP,BPN,016,10,1,1,NML,8,2025
471.,B738,PKGUF,GIA,GIA310,GIA315,04/15:38,04/15:41,04/16:31,04/16:45,0:50:00,CGK,CGK,004,10,1,1,NML,8,2025
472.,B738MAX,9VMBQ,SIA,SIA926,SIA927,04/16:06,04/16:12,04/17:08,04/17:16,0:56:00,SIN,SIN,A08,10,1,1,NML,8,2025
473.,B739,PKLHS,LNI,LNI919,LNI268,04/15:12,04/15:15,04/16:46,04/16:59,1:31:00,DPS,TRK,012,10,1,1,NML,8,2025
474.,A320,PKPWI,PAS,PAS206,PAS623,04/15:41,04/15:44,04/16:31,04/16:43,0:47:00,CGK,BPN,006,10,1,1,NML,8,2025
475.,A320,PKSJO,SJV,SJV363,SJV362,04/16:02,04/16:05,04/17:08,04/17:14,1:02:13,KNO,KNO,010,10,1,1,NML,8,2025
476.,B739,PKLGU,LNI,LNI695,LNI226,04/17:35,04/17:38,04/20:27,04/20:38,2:49:00,KOE,BDJ,011,10,1,1,NML,8,2025
477.,A320,PKLUT,BTK,BTK6578,BTK7579,04/17:40,04/17:47,04/18:44,04/18:56,0:57:00,CGK,CGK,009,10,1,1,NML,8,2025
478.,A320,PKGLY,CTV,CTV669,CTV698,04/16:51,04/16:54,04/17:36,04/17:48,0:41:45,DPS,DPS,005,10,1,1,NML,8,2025
479.,B738,PKLQY,LNI,LNI749,LNI838,04/15:16,04/15:20,04/18:45,04/18:58,3:25:00,MDC,PNK,020,10,0,0,NML,8,2025
480.,A320,PKAZJ,AWQ,AWQ323,AWQ326,04/17:18,04/17:24,04/17:51,04/18:02,0:27:57,KUL,KUL,A02,10,1,1,NML,8,2025
481.,B739,PKLJG,LNI,LNI692,LNI692,04/16:57,04/17:00,04/17:42,04/17:52,0:41:51,CGK,KOE,014,10,1,1,NML,8,2025
482.,B739,PKLSY,LNI,LNI879,LNI800,04/17:28,04/17:31,04/18:59,04/19:12,1:28:00,AMQ,UPG,015,10,1,1,NML,8,2025
483.,A320,PKBKR,BTK,BTK7519,BTK7518,04/18:19,04/18:23,04/19:23,04/19:33,1:00:00,CGK,CGK,010,10,1,1,NML,8,2025
484.,B739,PKLSK,LNI,LNI972,LNI581,04/21:39,04/21:42,04/22:32,04/22:45,0:50:00,BTH,CGK,014,10,1,1,NML,8,2025
485.,B739,PKLSW,LNI,LNI923,LNI920,04/17:46,04/17:50,04/19:00,04/19:18,1:09:59,DPS,DPS,017,10,1,1,NML,8,2025
486.,B738MAX,9MMVI,MAS,MAS875,MAS874,04/17:43,04/17:48,04/18:39,04/18:48,0:51:00,KUL,KUL,A03,10,1,1,NML,8,2025
487.,A320,PKPWN,PAS,PAS622,PAS207,04/17:08,04/17:11,04/18:06,04/18:22,0:55:30,BPN,CGK,006,10,1,1,NML,8,2025
488.,B738,PKGNM,GIA,GIA349,GIA313,04/17:31,04/17:36,04/18:28,04/18:40,0:52:00,DPS,CGK,004,10,1,1,NML,8,2025
489.,A320,PKLUW,BTK,BTK6684,BTK7502,04/19:27,04/19:32,04/20:54,04/21:04,1:22:00,AAP,HLP,016,10,1,1,NML,8,2025
490.,B738,PKGFP,GIA,GIA320,GIA325,04/17:50,04/17:54,04/18:58,04/19:14,1:04:00,CGK,CGK,005,10,1,1,NML,8,2025
491.,A320,PKGQS,CTV,CTV172,CTV173,04/18:24,04/18:28,04/19:07,04/19:20,0:39:00,HLP,HLP,008,10,1,1,NML,8,2025
492.,B738MAX,9VMBJ,SIA,SIA928,SIA929,04/18:16,04/18:22,04/19:14,04/19:22,0:52:00,SIN,SIN,A04,10,1,1,NML,8,2025
493.,B735,PKCLH,SJY,SJY567,SJY562,04/21:44,04/21:50,04/22:31,04/22:42,0:41:00,UPG,UPG,012,10,1,1,NML,8,2025
494.,B738,PKGNE,GIA,GIA326,GIA319,04/19:02,04/19:05,04/19:59,04/20:10,0:54:00,CGK,CGK,004,10,1,1,NML,8,2025
495.,A320,PKGQE,CTV,CTV736,CTV352,04/19:16,04/19:21,04/20:10,04/20:27,0:49:00,CGK,UPG,005,10,1,1,NML,8,2025
496.,A320,PKLUR,BTK,BTK6586,BTK6587,04/20:46,04/20:50,04/21:44,04/21:56,0:54:00,CGK,CGK,011,10,1,1,NML,8,2025
497.,A320,PKGQH,CTV,CTV949,CTV737,04/18:46,04/18:50,04/20:53,04/21:08,2:03:00,BTH,CGK,007,10,1,1,NML,8,2025
498.,A320,PKLAL,BTK,BTK6413,BTK6136,04/20:50,04/20:54,04/22:07,04/22:17,1:13:00,DPS,UPG,010,10,1,1,NML,8,2025
499.,A320,PKSTA,SJV,SJV615,SJV610,04/21:14,04/21:19,05/05:05,05/05:14,7:46:00,BPN,BPN,020,28,0,0,NML,8,2025
500.,A320,PKAZJ,AWQ,AWQ327,AWQ320,04/23:36,04/23:42,05/05:00,05/05:10,5:18:00,KUL,KUL,A03,28,1,1,NML,8,2025
501.,A320,PKLAI,BTK,BTK7503,BTK7508,04/20:58,04/21:02,05/05:00,05/05:13,7:58:00,HLP,HLP,016,28,1,1,NML,8,2025
502.,B739,PKLHJ,LNI,LNI709,LNI786,04/21:49,04/21:53,05/05:09,05/05:20,7:16:00,UPG,UPG,017,28,1,1,NML,8,2025
503.,A320,PKGQI,CTV,CTV724,CTV430,04/19:43,04/19:47,05/05:08,05/05:18,9:21:00,CGK,BPN,009,28,1,1,NML,8,2025
504.,B738,PKGMP,GIA,GIA324,GIA301,04/21:41,04/21:45,05/04:55,05/05:08,7:10:00,CGK,CGK,005,28,1,1,NML,8,2025
505.,A320,PKBLD,BTK,BTK6588,BTK6132,04/22:33,04/22:37,05/05:20,05/05:26,6:43:00,CGK,LOP,010,10,1,1,NML,8,2025
506.,B738,PKLOJ,LNI,LNI690,LNI690,05/05:02,05/05:08,05/05:59,05/06:18,0:51:00,CGK,KOE,012,28,1,1,NML,8,2025
507.,A320,PKGLY,CTV,CTV699,CTV725,04/20:12,04/20:16,05/05:54,05/06:12,9:38:00,DPS,CGK,008,28,1,1,NML,8,2025
508.,A320,PKGQE,CTV,CTV353,CTV670,05/05:05,05/05:15,05/05:50,05/05:57,0:35:00,UPG,LOP,007,28,1,1,NML,8,2025
509.,A320,PKGQA,CTV,CTV726,CTV460,04/19:38,04/19:42,05/06:00,05/06:22,10:18:00,CGK,AAP,003,28,0,0,NML,8,2025
510.,A320,PKSJF,SJV,SJV637,SJV706,04/17:53,04/17:59,05/05:57,05/06:15,11:58:00,BDJ,DPS,021,10,0,0,NML,8,2025
511.,B739,PKLJI,LNI,LNI885,LNI882,04/22:29,04/22:34,05/05:52,05/06:10,7:18:00,UPG,UPG,014,28,1,1,NML,8,2025
512.,B738,PKLJQ,LNI,LNI727,LNI266,04/21:05,04/21:10,05/06:03,05/06:27,8:53:00,KDI,BPN,025,28,0,0,NML,8,2025
513.,A320,PKLAM,BTK,BTK7521,BTK6589,04/22:26,04/22:28,05/05:58,05/06:13,7:30:00,HLP,CGK,011,28,1,1,NML,8,2025
514.,A320,V8RBG,RBA,RBA795,RBA796,04/20:25,04/20:30,05/06:01,05/06:26,9:31:00,BWN,BWN,A07,28,1,1,NML,8,2025
515.,A320,PKPWF,PAS,PAS202,PAS213,04/18:54,04/18:58,05/05:59,05/06:17,11:01:00,CGK,CGK,006,28,1,1,NML,8,2025
516.,A320,PKAXY,AWQ,AWQ325,AWQ386,04/19:31,04/19:36,05/06:04,05/06:31,10:28:00,KUL,PEN,A01,28,1,1,NML,8,2025
517.,A320,PKBKQ,BTK,BTK6137,BTK6412,04/21:01,04/21:05,05/06:18,05/06:33,9:13:00,UPG,DPS,018,28,0,0,NML,8,2025
518.,A320,PKSAE,SJV,SJV725,SJV634,04/20:54,04/21:00,05/07:44,05/07:51,10:44:00,LBJ,BDJ,024,28,0,0,NML,8,2025
519.,C208,PKVVF,SUS,PKVVF,PKVVF,04/10:17,04/10:19,05/08:20,05/08:30,22:01:00,BXW,BXW,C07,28,0,0,NML,8,2025
520.,B739,PKLSO,LNI,LNI311,LNI971,05/06:20,05/06:26,05/07:09,05/07:21,0:43:08,BDJ,BTH,012,28,1,1,NML,8,2025
521.,B738MAX,PKOFI,AFE,AFE921,AFE921,05/06:29,05/06:35,05/07:14,05/07:22,0:39:00,CGK,TIM,006,28,1,1,NML,8,2025
522.,A320,PKLAF,BTK,BTK6576,BTK6135,04/20:22,05/06:51,05/08:16,05/08:28,11:50:00,CGK,PKN,A07,28,1,1,NML,8,2025
523.,B738,PKGMU,GIA,GIA855,GIA305,04/20:31,04/22:59,05/06:58,05/07:06,9:18:00,SIN,CGK,004,28,1,1,NML,8,2025
524.,B738,PKGNH,GIA,GIA328,GIA854,04/20:06,04/22:30,05/07:10,05/07:18,10:58:00,CGK,SIN,A02,28,1,1,NML,8,2025
525.,B739,PKLHI,LNI,LNI363,LNI646,05/06:24,05/06:29,05/07:17,05/07:27,0:48:00,BPN,LOP,016,28,1,1,NML,8,2025
526.,A320,PKBKV,BTK,BTK7511,BTK7510,05/06:58,05/07:02,05/08:10,05/08:21,1:08:14,HLP,HLP,009,28,1,1,NML,8,2025
527.,B739,PKLJG,LNI,LNI693,LNI693,05/06:50,05/06:55,05/07:58,05/08:07,1:03:17,KOE,CGK,011,28,1,1,NML,8,2025
528.,B739,PKLGL,LNI,LNI929,LNI982,05/06:54,05/07:00,05/08:17,05/08:43,1:17:58,DPS,PKU,014,28,1,1,NML,8,2025
529.,A21N,B32L0,CSN,CSN8137,CSN8138,05/05:31,05/05:36,05/07:43,05/07:57,2:07:30,CAN,CAN,A04,28,1,1,NML,8,2025
530.,A333,BHLT,CPA,CPA779,CPA780,04/17:57,04/18:04,05/08:05,05/08:26,14:01:00,HKG,HKG,A08,28,1,1,NML,8,2025
531.,B738,PKGUI,GIA,GIA314,GIA323,05/07:13,05/07:22,05/08:16,05/08:39,0:54:00,CGK,CGK,004,28,1,1,NML,8,2025
532.,B739,PKLHS,LNI,LNI267,LNI990,05/07:04,05/07:09,05/08:22,05/08:48,1:13:00,TRK,DPS,010,28,1,1,NML,8,2025
533.,A320,PKBKU,BTK,BTK6572,BTK6573,05/07:43,05/07:49,05/08:38,05/08:59,0:49:14,CGK,CGK,012,28,1,1,NML,8,2025
"534.,DHC6,PKICP,PGT,PKICP,PKICP,02/11:03,04/16:14,05/07:46,05/07:56,""2 days, 20:41:52"",PAG,PAG,028,28,0,0,NML,8,2025"
535.,B738,PKLBK,MXD,MXD352,MXD353,04/19:23,04/19:29,05/08:48,05/09:01,13:19:54,KUL,KUL,C01,28,0,0,NML,8,2025
536.,B739,PKLGU,LNI,LNI315,LNI222,05/07:59,05/08:04,05/09:03,05/09:14,0:59:00,BDJ,BDJ,015,10,1,1,NML,8,2025
537.,A320,PKBLD,BTK,BTK6133,BTK6391,05/07:49,05/07:55,05/08:51,05/09:04,0:56:01,LOP,CGK,008,28,1,1,NML,8,2025
538.,A320,PKGQE,CTV,CTV671,CTV486,05/08:24,05/08:32,05/09:21,05/09:36,0:49:00,LOP,BDJ,007,10,1,1,NML,8,2025
539.,A320,PKSJF,SJV,SJV703,SJV612,05/08:32,05/08:38,05/09:31,05/09:49,0:53:00,DPS,BPN,011,10,1,1,NML,8,2025
540.,B738,PKGFF,GIA,GIA304,GIA342,05/08:18,05/08:34,05/09:25,05/09:41,0:51:25,CGK,DPS,005,10,1,1,NML,8,2025
541.,A320,PKPWK,PAS,PAS200,PAS201,05/08:14,05/08:22,05/09:13,05/09:24,0:51:00,CGK,CGK,006,10,1,1,NML,8,2025
542.,A320,PKSTA,SJV,SJV611,SJV642,05/08:41,05/08:46,05/09:35,05/09:50,0:49:23,BPN,AAP,010,10,1,1,NML,8,2025
543.,A359,9VSHQ,SIA,SIA922,SIA923,05/09:10,05/09:16,05/10:22,05/10:43,1:06:46,SIN,SIN,A08,10,1,1,NML,8,2025
544.,A320,PKLAM,BTK,BTK6584,BTK6585,05/09:27,05/09:30,05/10:15,05/10:27,0:45:00,CGK,CGK,008,10,1,1,NML,8,2025
545.,A320,PKSAE,SJV,SJV635,SJV632,05/10:29,05/10:32,05/11:30,05/11:39,0:57:23,BDJ,BDJ,018,10,0,0,NML,8,2025
546.,A320,PKGQI,CTV,CTV435,CTV715,05/08:45,05/08:52,05/10:19,05/10:34,1:27:08,BPN,CGK,009,10,1,1,NML,8,2025
547.,A320,PKGQP,CTV,CTV351,CTV350,05/09:36,05/09:39,05/10:21,05/10:41,0:42:29,UPG,UPG,006,10,1,1,NML,8,2025
548.,B739,PKLJI,LNI,LNI791,LNI706,05/09:53,05/09:57,05/10:51,05/11:07,0:54:54,UPG,UPG,011,10,1,1,NML,8,2025
549.,B739,PKLHI,LNI,LNI645,LNI822,05/10:12,05/10:14,05/11:03,05/11:14,0:49:00,LOP,LOP,015,10,1,1,NML,8,2025
550.,A320,9VTRT,TGW,TGW296,TGW297,05/09:39,05/09:45,05/10:45,05/11:00,1:00:00,SIN,SIN,A02,10,1,1,NML,8,2025
551.,A320,PKPWF,PAS,PAS210,PAS211,05/09:34,05/09:37,05/10:35,05/10:50,0:58:00,CGK,CGK,005,10,1,1,NML,8,2025
552.,A320,PKGQA,CTV,CTV461,CTV488,05/09:42,05/09:46,05/10:36,05/10:57,0:50:00,AAP,BDJ,007,10,1,1,NML,8,2025
553.,B739,PKLHH,LNI,LNI970,LNI973,05/09:30,05/09:33,05/10:46,05/11:02,1:13:00,BTH,BTH,012,10,1,1,NML,8,2025
554.,A320,PKLAF,BTK,BTK6134,BTK7516,05/10:51,05/10:55,05/11:43,05/11:53,0:48:00,PKN,HLP,008,10,1,1,NML,8,2025
555.,A320,PKLAZ,BTK,BTK7513,BTK6346,05/10:44,05/10:48,05/12:01,05/12:12,1:13:13,HLP,BEJ,009,10,1,1,NML,8,2025
556.,B739,PKLOJ,LNI,LNI697,LNI697,05/10:47,05/10:52,05/11:37,05/11:46,0:45:00,KOE,CGK,014,10,1,1,NML,8,2025
557.,A320,PKAZJ,AWQ,AWQ321,AWQ322,05/10:38,05/10:43,05/11:21,05/11:31,0:38:29,KUL,KUL,A03,10,1,1,NML,8,2025
558.,A339,PKGHI,GIA,GIA975,GIA974,05/08:35,05/08:43,05/11:41,05/11:51,2:58:00,JED,JED,A07,10,1,1,NML,8,2025
559.,B738,PKGMX,GIA,GIA322,GIA327,05/11:05,05/11:08,05/12:05,05/12:17,0:57:34,CGK,CGK,004,10,1,1,NML,8,2025
560.,A320,PKBKV,BTK,BTK7517,BTK7520,05/11:20,05/11:24,05/12:25,05/12:34,1:01:00,HLP,HLP,010,10,1,1,NML,8,2025
561.,C172,PKVIN,VIA,PKVIN,PKVIN,05/10:35,05/10:40,05/11:52,05/12:02,1:12:00,JBB,JBB,C06,10,0,0,NML,8,2025
562.,B739,PKLHS,LNI,LNI805,LNI804,05/11:24,05/11:28,05/12:30,05/12:44,1:02:00,DPS,DPS,012,10,1,1,NML,8,2025
563.,A320,PKBKY,BTK,BTK6582,BTK6581,05/12:10,05/12:13,05/13:19,05/13:36,1:06:00,CGK,CGK,009,10,1,1,NML,8,2025
564.,A339,PKLER,LNI,LNI105,LNI104,04/12:17,04/12:24,05/12:13,05/12:27,23:49:00,JED,JED,A06,10,1,1,NML,8,2025
565.,B739,PKLSK,LNI,LNI694,LNI780,05/11:56,05/11:59,05/13:16,05/13:29,1:17:00,CGK,UPG,015,10,1,1,NML,8,2025
566.,A320,PKSJD,SJV,SJV619,SJV636,04/19:05,04/19:10,05/13:15,05/13:25,18:05:00,BPN,BDJ,023,10,0,0,NML,8,2025
567.,B738,PKLGU,LNI,LNI223,LNI680,05/13:57,05/14:00,05/14:56,05/15:08,0:56:47,BDJ,PKY,016,10,1,1,NML,8,2025
568.,B739,PKLQR,LNI,LNI801,LNI694,05/13:38,05/13:42,05/14:39,05/14:52,0:57:00,UPG,KOE,012,10,1,1,NML,8,2025
569.,A320,PKLAI,BTK,BTK7515,BTK7514,05/12:59,05/13:01,05/13:54,05/14:05,0:53:00,HLP,HLP,010,10,1,1,NML,8,2025
570.,A320,PKAXY,AWQ,AWQ387,AWQ324,05/12:42,05/12:47,05/13:21,05/13:32,0:34:00,PEN,KUL,A03,10,1,1,NML,8,2025
571.,B735,PKNAT,LKN,LKN671,LKN670,05/14:45,05/14:45,05/15:16,05/15:20,0:31:00,TMC,TMC,011,10,1,1,NML,8,2025
572.,A320,PKGQE,CTV,CTV487,CTV668,05/12:14,05/12:18,05/13:26,05/13:40,1:08:00,BDJ,DPS,007,10,1,1,NML,8,2025
573.,B739,PKLHI,LNI,LNI823,LNI260,05/13:53,05/13:56,05/14:56,05/15:06,1:00:00,LOP,BPN,015,10,1,1,NML,8,2025
574.,A320,PKLAZ,BTK,BTK6347,BTK6595,05/16:26,05/16:30,05/17:21,05/17:33,0:51:00,BEJ,CGK,009,10,1,1,NML,8,2025
575.,A320,PKSAE,SJV,SJV633,SJV726,05/14:27,05/14:30,05/15:18,05/15:29,0:48:41,BDJ,LBJ,010,10,1,1,NML,8,2025
576.,A320,PKGQN,CTV,CTV716,CTV717,05/13:27,05/13:30,05/14:17,05/14:29,0:47:34,CGK,CGK,005,10,1,1,NML,8,2025
577.,B738,PKLQY,LNI,LNI839,LNI836,05/13:01,05/13:04,05/14:02,05/14:12,0:57:07,PNK,PNK,014,10,1,1,NML,8,2025
578.,B739,PKLVF,LNI,LNI865,LNI910,04/19:10,05/10:43,05/14:35,05/14:49,19:20:55,LOP,DPS,021,10,0,0,NML,8,2025
579.,A320,PKGQA,CTV,CTV489,CTV948,05/13:45,05/13:49,05/14:35,05/14:50,0:46:00,BDJ,BTH,007,10,1,1,NML,8,2025
580.,A320,PKSJD,SJV,SJV636A,SJV636A,05/13:34,05/13:37,05/14:24,05/14:32,0:47:36,SUB,BDJ,023,10,0,0,NML,8,2025
581.,B738,PKGMC,GIA,GIA312,GIA317,05/13:30,05/13:34,05/14:34,05/14:47,1:00:09,CGK,CGK,004,10,1,1,NML,8,2025
582.,A320,PKPWE,PAS,PAS208,PAS209,05/13:48,05/13:53,05/14:58,05/15:12,1:05:26,CGK,CGK,006,10,1,1,NML,8,2025
583.,B738,PKLJQ,LNI,LNI261,LNI642,05/14:00,05/14:04,05/15:04,05/15:14,1:00:28,BPN,LOP,017,10,1,1,NML,8,2025
584.,B738,PKGNC,GIA,GIA330,GIA331,05/14:37,05/14:40,05/15:25,05/15:37,0:45:10,HLP,HLP,005,10,1,1,NML,8,2025
585.,A320,PKLUK,BTK,BTK6596,BTK6685,05/14:24,05/14:27,05/15:11,05/15:21,0:44:17,CGK,AAP,009,10,1,1,NML,8,2025
586.,A320,PKBKV,BTK,BTK7501,BTK7512,05/16:00,05/16:04,05/16:49,05/16:59,0:45:00,HLP,HLP,008,10,1,1,NML,8,2025
587.,A320,PKBKF,BTK,BTK6406,BTK6401,05/16:51,05/16:54,05/17:43,05/17:54,0:49:00,CGK,CGK,012,28,1,1,NML,8,2025
588.,B739,PKLGU,LNI,LNI681,LNI316,05/18:04,05/18:09,05/19:04,05/19:14,0:55:00,PKY,BDJ,012,10,1,1,NML,8,2025
589.,B738,PKGUG,GIA,GIA310,GIA315,05/16:05,05/16:08,05/16:55,05/17:10,0:47:00,CGK,CGK,004,10,1,1,NML,8,2025
590.,B738MAX,9VMBQ,SIA,SIA926,SIA927,05/16:19,05/16:26,05/17:18,05/17:31,0:52:00,SIN,SIN,A08,10,1,1,NML,8,2025
591.,A320,PKSJD,SJV,SJV637,SJV648,05/17:25,05/17:30,05/18:21,05/18:31,0:51:00,BDJ,BPN,008,28,1,1,NML,8,2025
592.,A320,PKPWC,PAS,PAS206,PAS623,05/15:53,05/15:56,05/16:41,05/16:53,0:45:00,CGK,BPN,005,10,1,1,NML,8,2025
593.,B739,PKLSH,LNI,LNI787,LNI268,05/14:07,05/14:14,05/16:56,05/17:08,2:41:43,UPG,TRK,018,10,0,0,NML,8,2025
594.,B739,PKLHR,LNI,LNI692,LNI692,05/16:32,05/16:35,05/17:27,05/17:38,0:52:00,CGK,KOE,014,10,1,1,NML,8,2025
595.,B738MAX,PKOFI,AFE,AFE920,AFE920,05/16:24,05/16:26,05/17:00,05/17:10,0:34:00,TIM,CGK,006,10,1,1,NML,8,2025
596.,B739,PKLFY,LNI,LNI919,LNI226,05/15:49,05/15:53,05/17:15,05/17:25,1:21:46,DPS,BDJ,021,10,0,0,NML,8,2025
597.,B739,,LNI,-,LNI226D,--:--,--:--,--:--,--:--,None,-,BDJ,None,10,-1,-,NML,8,2025
598.,A320,PKGQI,CTV,CTV669,CTV698,05/16:35,05/16:39,05/17:25,05/17:35,0:46:00,DPS,DPS,007,10,1,1,NML,8,2025
599.,B738,PKLJQ,LNI,LNI865,LNI838,05/17:49,05/17:54,05/18:59,05/19:09,1:05:00,LOP,PNK,009,10,1,1,NML,8,2025
600.,A320,PKAZJ,AWQ,AWQ323,AWQ326,05/17:06,05/17:11,05/17:44,05/17:57,0:33:00,KUL,KUL,A01,28,1,1,NML,8,2025
601.,A320,PKLUK,BTK,BTK6684,BTK7518,05/19:15,05/19:18,05/20:00,05/20:09,0:42:10,AAP,CGK,17B,10,0,0,NML,8,2025
602.,B739,PKLHQ,LNI,LNI683,LNI920,05/16:57,05/17:01,05/18:25,05/18:36,1:24:00,PKY,DPS,015,28,1,1,NML,8,2025
603.,B739,PKLSW,LNI,LNI972,LNI581,05/16:10,05/16:13,05/18:10,05/18:27,1:57:00,BTH,CGK,010,28,1,1,NML,8,2025
604.,A320,PKPWF,PAS,PAS622,PAS207,05/17:11,05/17:15,05/18:03,05/18:13,0:48:00,BPN,CGK,006,28,1,1,NML,8,2025
605.,B738,9MMXS,MAS,MAS875,MAS874,05/17:16,05/17:23,05/18:14,05/18:29,0:51:00,KUL,KUL,A02,28,1,1,NML,8,2025
606.,B738,PKGFF,GIA,GIA349,GIA313,05/17:29,05/17:32,05/18:26,05/18:38,0:54:00,DPS,CGK,004,28,1,1,NML,8,2025
607.,A320,PKLAF,BTK,BTK7503,BTK7502,05/19:32,05/19:37,05/20:33,05/20:43,0:56:00,HLP,HLP,009,10,1,1,NML,8,2025
608.,B738,PKGUF,GIA,GIA320,GIA325,05/17:46,05/17:49,05/18:49,05/19:01,1:00:00,CGK,CGK,005,10,1,1,NML,8,2025
609.,A320,PKGQS,CTV,CTV172,CTV173,05/18:18,05/18:25,05/19:05,05/19:17,0:40:00,HLP,HLP,006,10,1,1,NML,8,2025
610.,B738MAX,9VMBO,SIA,SIA928,SIA929,05/18:44,05/18:48,05/19:34,05/19:47,0:46:00,SIN,SIN,A03,10,1,1,NML,8,2025
611.,A320,PKGQN,CTV,CTV736,CTV352,05/18:10,05/18:18,05/19:28,05/19:41,1:10:00,CGK,UPG,007,10,1,1,NML,8,2025
612.,B788,9VOFG,TGW,TGW266,TGW267,05/18:47,05/18:51,05/19:50,05/20:02,0:59:35,SIN,SIN,A07,10,1,1,NML,8,2025
613.,B739,PKLSR,LNI,LNI885,LNI880,05/19:54,05/19:58,05/20:50,05/21:01,0:51:27,UPG,UPG,15B,10,0,0,NML,8,2025
614.,B738,PKGUC,GIA,GIA326,GIA319,05/19:39,05/19:42,05/20:23,05/20:36,0:41:00,CGK,CGK,004,10,1,1,NML,8,2025
615.,A320,PKLAM,BTK,BTK7519,BTK6587,05/21:14,05/21:18,05/22:47,05/22:56,1:29:00,HLP,CGK,009,10,1,1,NML,8,2025
616.,A320,PKGLY,CTV,CTV949,CTV737,05/19:07,05/19:10,05/20:55,05/21:05,1:45:00,BTH,CGK,010,10,1,1,NML,8,2025
617.,B735,PKCLH,SJY,SJY567,SJY562,05/20:54,05/20:58,05/21:40,05/21:52,0:42:00,UPG,UPG,012,10,1,1,NML,8,2025
618.,A320,PKLUU,BTK,BTK6413,BTK6136,05/20:07,05/20:11,05/21:53,05/22:05,1:42:00,DPS,UPG,016,10,1,1,NML,8,2025
619.,B739,PKLVF,LNI,LNI923,LNI878,05/17:20,06/05:12,06/06:10,06/06:21,12:44:00,DPS,AMQ,15B,28,0,0,NML,8,2025
620.,A320,PKSAO,SJV,SJV619,SJV610,05/18:24,05/18:30,06/05:02,06/05:15,10:32:00,BPN,BPN,021,28,0,0,NML,8,2025
621.,A320,PKAZJ,AWQ,AWQ327,AWQ320,05/23:19,05/23:25,06/05:00,06/05:13,5:35:00,KUL,KUL,A03,28,1,1,NML,8,2025
622.,A320,PKLUQ,BTK,BTK6586,BTK7508,05/22:01,05/22:05,06/04:57,06/05:08,6:52:00,CGK,HLP,014,28,1,1,NML,8,2025
623.,A320,PKGQO,CTV,CTV726,CTV430,05/19:44,05/19:48,06/05:11,06/05:21,9:23:00,CGK,BPN,007,28,1,1,NML,8,2025
624.,B738,PKGNM,GIA,GIA324,GIA301,05/21:09,05/21:13,06/05:03,06/05:11,7:50:00,CGK,CGK,004,28,1,1,NML,8,2025
625.,A320,PKBKR,BTK,BTK6594,BTK6132,05/23:12,05/23:16,06/05:17,06/05:25,6:01:00,CGK,LOP,012,28,1,1,NML,8,2025
626.,B739,PKLQR,LNI,LNI695,LNI882,05/19:35,05/19:39,06/05:36,06/05:44,9:56:05,KOE,UPG,17A,28,0,0,NML,8,2025
627.,B739,PKLFK,LNI,LNI690,LNI690,06/05:01,06/05:08,06/05:56,06/06:05,0:48:00,CGK,KOE,010,28,1,1,NML,8,2025
628.,A320,PKGQE,CTV,CTV353,CTV670,06/05:04,06/05:13,06/05:51,06/06:00,0:38:00,UPG,LOP,009,28,1,1,NML,8,2025
629.,A320,PKGQK,CTV,CTV724,CTV725,05/19:28,05/19:33,06/05:58,06/06:12,10:25:00,CGK,CGK,006,28,1,1,NML,8,2025
630.,B739,PKLJI,LNI,LNI709,LNI266,05/18:40,05/18:46,06/06:06,06/06:19,11:20:00,UPG,BPN,023,28,0,0,NML,8,2025
631.,A320,PKSAE,SJV,SJV725,SJV706,05/19:11,05/19:13,06/06:00,06/06:16,10:46:39,LBJ,DPS,024,28,0,0,NML,8,2025
632.,A320,PKLAI,BTK,BTK7521,BTK6589,05/22:47,05/22:52,06/06:02,06/06:14,7:10:00,HLP,CGK,008,28,1,1,NML,8,2025
633.,A320,PKGQI,CTV,CTV699,CTV460,05/20:03,05/20:08,06/05:55,06/06:08,9:47:00,DPS,AAP,011,28,1,1,NML,8,2025
634.,A320,PKPWH,PAS,PAS202,PAS213,05/19:22,05/19:25,06/06:06,06/06:18,10:40:20,CGK,CGK,003,28,0,0,NML,8,2025
635.,A320,PKBKT,BTK,BTK6137,BTK6412,05/20:27,05/20:31,06/06:16,06/06:26,9:45:00,UPG,DPS,15A,10,0,0,NML,8,2025
636.,A320,PKSGB,SJV,SJV615,SJV634,05/20:45,05/20:48,06/06:30,06/06:37,9:42:00,BPN,BDJ,17B,10,0,0,NML,8,2025
637.,A320,PKSTA,SJV,SJV641,SJV566,05/13:34,05/13:38,06/06:55,06/07:10,17:16:25,AAP,PLW,026,28,0,0,NML,8,2025
638.,B738,PKLBW,BTK,BTK6588,BTK6597,05/22:35,05/22:41,06/06:55,06/07:06,8:14:00,CGK,CGK,016,28,1,1,NML,8,2025
639.,B739,PKLFY,LNI,LNI311,LNI971,06/05:59,06/06:04,06/07:02,06/07:14,0:58:00,BDJ,BTH,012,28,1,1,NML,8,2025
640.,A320,PKLUG,BTK,BTK6370,BTK6135,06/06:12,06/06:18,06/07:02,06/07:02,0:44:00,CGK,PKN,010,28,1,1,NML,8,2025
641.,B738,PKGFP,GIA,GIA328,GIA305,05/20:24,05/20:29,06/06:58,06/07:12,10:29:00,CGK,CGK,005,28,1,1,NML,8,2025
642.,B738,PKGNH,GIA,GIA855,GIA854,05/20:29,05/20:34,06/07:03,06/07:19,10:29:00,SIN,SIN,A02,28,1,1,NML,8,2025
643.,B739,PKLHI,LNI,LNI363,LNI646,06/06:30,06/06:30,06/07:07,06/07:17,0:37:00,BPN,LOP,014,28,1,1,NML,8,2025
644.,A320,PKBLA,BTK,BTK7511,BTK7510,06/06:31,06/06:37,06/07:25,06/07:34,0:48:00,HLP,HLP,009,28,1,1,NML,8,2025
645.,A320,PKAXY,AWQ,AWQ325,AWQ392,05/19:25,05/19:30,06/07:22,06/07:31,11:52:00,KUL,JHB,A01,28,1,1,NML,8,2025
646.,B739,PKLHR,LNI,LNI693,LNI693,06/06:47,06/06:52,06/07:34,06/07:47,0:42:00,KOE,CGK,011,28,1,1,NML,8,2025
647.,B739,PKLSH,LNI,LNI267,LNI990,06/07:52,06/07:57,06/08:44,06/08:54,0:47:00,TRK,DPS,014,10,1,1,NML,8,2025
648.,A320,PKLDK,BTK,BTK6572,BTK6573,06/07:08,06/07:14,06/07:56,06/08:03,0:42:00,CGK,CGK,008,28,1,1,NML,8,2025
649.,A320,PKSJD,SJV,SJV611,SJV640,06/07:26,06/07:33,06/08:23,06/08:32,0:50:00,BPN,AAP,010,10,1,1,NML,8,2025
650.,B738,PKLJQ,LNI,LNI837,LNI868,06/07:45,06/07:52,06/08:35,06/08:47,0:43:00,PNK,TTE,012,10,1,1,NML,8,2025
651.,B738,PKLZO,MXD,MXD352,MXD353,05/19:18,05/19:24,06/08:41,06/08:51,13:17:00,KUL,KUL,A04,10,1,1,NML,8,2025
652.,A333,BLBF,CPA,CPA779,CPA780,05/18:51,05/18:54,06/08:58,06/09:18,14:04:00,HKG,HKG,A08,10,1,1,NML,8,2025
653.,A320,PKBKR,BTK,BTK6133,BTK6391,06/07:56,06/08:03,06/08:52,06/09:04,0:49:00,LOP,CGK,009,10,1,1,NML,8,2025
654.,C208,PKGSA,DNA,PKGSA,PKGSA,05/17:13,05/17:17,06/09:13,06/09:17,15:56:00,BTO,BMU,C07,10,0,0,NML,8,2025
655.,B739,PKLSP,LNI,LNI929,LNI748,06/06:55,06/07:01,06/09:02,06/09:17,2:01:00,DPS,MDC,015,10,1,1,NML,8,2025
656.,A320,PKGQE,CTV,CTV671,CTV486,06/08:18,06/08:26,06/09:12,06/09:26,0:46:00,LOP,BDJ,006,10,1,1,NML,8,2025
657.,B738,PKGUF,GIA,GIA304,GIA342,06/08:37,06/08:41,06/09:31,06/09:43,0:50:00,CGK,DPS,004,10,1,1,NML,8,2025
658.,A320,PKSAE,SJV,SJV703,SJV612,06/08:44,06/08:48,06/09:41,06/09:56,0:53:00,DPS,BPN,011,10,1,1,NML,8,2025
659.,A320,PKPWK,PAS,PAS200,PAS201,06/08:11,06/08:18,06/09:17,06/09:33,0:59:00,CGK,CGK,005,10,1,1,NML,8,2025
660.,A320,PKGQO,CTV,CTV435,CTV434,06/08:59,06/09:03,06/09:41,06/09:54,0:38:00,BPN,BPN,007,10,1,1,NML,8,2025
661.,B733,PKMYJ,MYU,MYU935,MYU815,06/09:10,06/09:15,06/09:58,06/10:08,0:43:00,SRG,CGK,C02,10,0,0,NML,8,2025
662.,B738MAX,9MMVG,MAS,MAS871,MAS870,06/08:48,06/08:54,06/09:47,06/10:03,0:53:00,KUL,KUL,A07,10,1,1,NML,8,2025
663.,B735,PKNAT,LKN,LKN243,LKN242,06/09:15,06/09:17,06/10:08,06/10:22,0:51:00,SMQ,SMQ,010,10,1,1,NML,8,2025
664.,A359,9VSHV,SIA,SIA922,SIA923,06/09:20,06/09:25,06/10:21,06/10:35,0:56:00,SIN,SIN,A08,10,1,1,NML,8,2025
665.,A320,PKLAI,BTK,BTK6584,BTK6585,06/09:35,06/09:38,06/10:26,06/10:38,0:48:00,CGK,CGK,012,10,1,1,NML,8,2025
666.,A320,PKGQI,CTV,CTV461,CTV715,06/09:52,06/09:52,06/10:28,06/10:52,0:36:00,AAP,CGK,007,10,1,1,NML,8,2025
667.,A320,PKSGB,SJV,SJV635,SJV632,06/09:27,06/09:30,06/10:18,06/10:29,0:48:00,BDJ,BDJ,009,10,1,1,NML,8,2025
668.,B738,PKLHP,LNI,LNI791,LNI706,06/09:51,06/09:54,06/10:47,06/11:00,0:53:00,UPG,UPG,011,10,1,1,NML,8,2025
669.,A320,PKGLU,CTV,CTV351,CTV350,06/09:24,06/09:27,06/10:14,06/10:25,0:47:00,UPG,UPG,006,10,1,1,NML,8,2025
670.,B739,PKLFO,LNI,LNI315,LNI222,06/09:44,06/09:48,06/10:39,06/10:55,0:51:00,BDJ,BDJ,015,10,1,1,NML,8,2025
671.,B739,PKLHH,LNI,LNI970,LNI822,06/09:38,06/09:41,06/10:43,06/10:55,1:02:00,BTH,LOP,014,10,1,1,NML,8,2025
672.,A320,9VTRP,TGW,TGW296,TGW297,06/09:31,06/09:36,06/10:31,06/10:43,0:55:00,SIN,SIN,A02,10,1,1,NML,8,2025
673.,A320,PKPWH,PAS,PAS210,PAS211,06/09:40,06/09:44,06/10:28,06/10:48,0:44:00,CGK,CGK,005,10,1,1,NML,8,2025
674.,B739,PKLHI,LNI,LNI645,LNI973,06/10:07,06/10:10,06/11:13,06/11:21,1:03:00,LOP,BTH,017,10,1,1,NML,8,2025
675.,A320,PKBKV,BTK,BTK7513,BTK7516,06/10:20,06/10:25,06/11:27,06/11:41,1:02:00,HLP,HLP,008,10,1,1,NML,8,2025
676.,B739,PKLSH,LNI,LNI805,LNI856,06/11:42,06/11:44,06/12:39,06/12:50,0:55:00,DPS,PLM,011,10,1,1,NML,8,2025
677.,A320,PKAZJ,AWQ,AWQ321,AWQ322,06/10:40,06/10:45,06/11:23,06/11:31,0:38:00,KUL,KUL,A03,10,1,1,NML,8,2025
678.,B738,PKGMW,GIA,GIA322,GIA327,06/10:11,06/10:15,06/11:34,06/11:50,1:19:00,CGK,CGK,004,10,1,1,NML,8,2025
679.,A320,PKLUG,BTK,BTK6134,BTK7520,06/09:59,06/10:03,06/11:32,06/11:44,1:29:00,PKN,HLP,016,10,1,1,NML,8,2025
680.,A339,PKLET,LNI,LNI107,LNI104,05/14:17,05/14:25,06/11:50,06/12:03,21:24:59,JED,JED,A06,10,1,1,NML,8,2025
681.,A320,PKLUR,BTK,BTK6582,BTK6581,06/11:35,06/11:40,06/12:40,06/12:52,1:00:00,CGK,CGK,007,10,1,1,NML,8,2025
682.,A320,PKSTA,SJV,SJV567,SJV636,06/11:38,06/11:43,06/12:37,06/12:49,0:54:00,PLW,BDJ,009,10,1,1,NML,8,2025
683.,B739,PKLFK,LNI,LNI697,LNI780,06/10:45,06/10:50,06/12:25,06/12:35,1:35:00,KOE,UPG,012,10,1,1,NML,8,2025
684.,B739,PKLQR,LNI,LNI801,LNI694,06/11:56,06/11:59,06/13:18,06/13:30,1:19:00,UPG,KOE,014,10,1,1,NML,8,2025
685.,B735,PKNAQ,LKN,LKN193,LKN192,06/11:48,06/11:50,06/12:28,06/12:37,0:38:00,PKN,PKN,010,10,1,1,NML,8,2025
686.,A320,PKBKU,BTK,BTK6406,BTK6595,06/14:46,06/14:49,06/16:13,06/16:24,1:24:00,CGK,CGK,009,10,1,1,NML,8,2025
687.,B739,PKLSW,LNI,LNI694,LNI804,06/12:04,06/12:08,06/13:13,06/13:26,1:05:00,CGK,DPS,015,10,1,1,NML,8,2025
688.,A320,PKPWN,PAS,PAS204,PAS205,06/12:00,06/12:04,06/13:14,06/13:28,1:10:00,CGK,CGK,005,10,1,1,NML,8,2025
689.,A320,PKAXY,AWQ,AWQ393,AWQ324,06/12:23,06/12:23,06/13:11,06/13:24,0:48:00,JHB,KUL,A03,10,1,1,NML,8,2025
690.,GLEX,9HVJS,VJT,VJT929,VJT929,06/11:45,06/11:50,06/13:22,06/13:33,1:32:00,HKG,XSP,A09,10,0,0,NML,8,2025
691.,A320,PKGQE,CTV,CTV487,CTV668,06/12:09,06/12:13,06/13:31,06/13:45,1:18:00,BDJ,DPS,006,10,1,1,NML,8,2025
692.,A339,PKGHI,GIA,GIA975,GIA974,06/11:53,06/12:03,06/14:09,06/14:23,2:06:00,JED,JED,A07,10,1,1,NML,8,2025
693.,B739,PKLFO,LNI,LNI223,LNI722,06/13:49,06/13:52,06/14:57,06/15:08,1:05:00,BDJ,KDI,014,10,1,1,NML,8,2025
694.,G650,T7X14,T7X,T7X14,T7X14,06/08:42,06/08:45,06/11:42,06/11:52,2:57:00,HLP,HLP,A10,10,0,0,NML,8,2025
695.,B738,PKLOJ,LNI,LNI839,LNI836,06/13:31,06/13:35,06/14:35,06/14:49,1:00:00,PNK,PNK,012,10,1,1,NML,8,2025
696.,B739,PKLHH,LNI,LNI823,LNI697,06/13:45,06/13:48,06/14:41,06/14:53,0:53:00,LOP,CGK,011,10,1,1,NML,8,2025
697.,A320,PKSJD,SJV,SJV641,SJV726,06/12:15,06/12:20,06/14:17,06/14:30,1:57:00,AAP,LBJ,022,10,0,0,NML,8,2025
698.,A320,PKGLE,CTV,CTV716,CTV717,06/13:01,06/13:05,06/14:13,06/14:25,1:08:00,CGK,CGK,007,10,1,1,NML,8,2025
699.,A320,PKGQO,CTV,CTV431,CTV948,06/13:35,06/13:39,06/14:28,06/14:43,0:49:00,BPN,BTH,009,10,1,1,NML,8,2025
700.,B738,PKGUI,GIA,GIA312,GIA317,06/13:59,06/14:02,06/15:11,06/15:22,1:09:00,CGK,CGK,004,10,1,1,NML,8,2025
701.,A320,PKLUQ,BTK,BTK7515,BTK7514,06/14:09,06/14:13,06/15:08,06/15:17,0:55:00,HLP,HLP,008,10,1,1,NML,8,2025
702.,B739,PKLHP,LNI,LNI707,LNI686,06/14:27,06/14:31,06/15:25,06/15:39,0:54:00,UPG,PKY,010,10,1,1,NML,8,2025
703.,A320,PKPWE,PAS,PAS208,PAS209,06/13:53,06/13:58,06/14:50,06/15:03,0:52:00,CGK,CGK,006,10,1,1,NML,8,2025
704.,B739,PKLJI,LNI,LNI261,LNI642,06/14:02,06/14:05,06/15:14,06/15:24,1:09:00,BPN,LOP,015,10,1,1,NML,8,2025
705.,B738,PKGNF,GIA,GIA330,GIA331,06/14:21,06/14:24,06/15:18,06/15:28,0:54:00,HLP,HLP,005,10,1,1,NML,8,2025
706.,A320,PKBKJ,BTK,BTK6596,BTK6401,06/16:30,06/16:35,06/17:20,06/17:29,0:45:00,CGK,CGK,009,10,1,1,NML,8,2025
"707.,B739,PKLOR,LNI,LNI837,LNI680,05/08:03,05/08:07,06/16:02,06/16:14,""1 day, 7:54:10"",PNK,PKY,020,10,0,0,NML,8,2025"
708.,A320,PKBLA,BTK,BTK7517,BTK6685,06/10:50,06/10:53,06/15:54,06/16:03,5:01:00,HLP,AAP,021,10,0,0,NML,8,2025
709.,A320,PKGQN,CTV,CTV720,CTV721,06/14:36,06/14:39,06/15:26,06/15:43,0:47:00,CGK,CGK,007,10,1,1,NML,8,2025
710.,B739,PKLSP,LNI,LNI749,LNI260,06/14:51,06/14:54,06/15:53,06/16:01,0:59:00,MDC,BPN,012,10,1,1,NML,8,2025
711.,A320,PKLUG,BTK,BTK7501,BTK7512,06/15:05,06/15:08,06/16:10,06/16:20,1:02:00,HLP,HLP,011,10,1,1,NML,8,2025
712.,A320,PKSGB,SJV,SJV633,SJV672,06/13:46,06/13:50,06/16:13,06/16:26,2:23:00,BDJ,BEJ,018,10,0,0,NML,8,2025
713.,B738,HSLGJ,TLM,TLM268,TLM269,06/15:10,06/15:16,06/16:25,06/16:33,1:09:00,DMK,DMK,A04,10,1,1,NML,8,2025
714.,B739,PKLSH,LNI,LNI857,LNI316,06/16:46,06/16:50,06/17:44,06/17:57,0:54:00,PLM,BDJ,015,10,1,1,NML,8,2025
715.,B739,PKLSW,LNI,LNI919,LNI910,06/16:08,06/16:12,06/17:13,06/17:24,1:01:00,DPS,DPS,012,10,1,1,NML,8,2025
716.,A320,PKSTA,SJV,SJV637,SJV648,06/15:40,06/15:45,06/16:40,06/16:54,0:55:00,BDJ,BPN,010,10,1,1,NML,8,2025
717.,B738MAX,9VMBF,SIA,SIA926,SIA927,06/15:31,06/15:35,06/16:26,06/16:39,0:51:00,SIN,SIN,A08,10,1,1,NML,8,2025
718.,B738,PKGMW,GIA,GIA310,GIA315,06/15:37,06/15:40,06/16:44,06/16:58,1:04:00,CGK,CGK,004,10,1,1,NML,8,2025
719.,A320,PKPWA,PAS,PAS206,PAS623,06/16:12,06/16:16,06/16:57,06/17:10,0:41:54,CGK,BPN,005,10,1,1,NML,8,2025
720.,B739,PKLSR,LNI,LNI692,LNI692,06/16:43,06/16:46,06/17:43,06/17:56,0:57:00,CGK,KOE,011,10,1,1,NML,8,2025
721.,A339,PKLER,LNI,LNI105,LNI100,06/12:58,06/13:05,06/16:56,06/17:15,3:51:00,JED,JED,A06,10,1,1,NML,8,2025
722.,B739,PKLHL,LNI,LNI972,LNI226,06/16:50,06/16:54,06/17:49,06/18:03,0:55:00,BTH,BDJ,014,10,1,1,NML,8,2025
723.,A320,PKBKM,BTK,BTK6578,BTK7579,06/17:37,06/17:40,06/18:26,06/18:36,0:46:00,CGK,CGK,009,10,1,1,NML,8,2025
724.,AW169,P3309,POL,P3309,P3309,06/17:06,06/17:09,06/18:03,06/18:06,0:54:00,MLG,SUB,003,10,0,0,NML,8,2025
725.,AW169,P3302,POL,P3302,P3302,06/17:05,06/17:08,06/18:03,06/18:06,0:55:00,MLG,SUB,002,10,0,0,NML,8,2025
726.,A109,P3303,POL,P3303,P3303,06/17:05,06/17:07,06/18:03,06/18:06,0:56:00,MLG,SUB,002,10,0,0,NML,8,2025
727.,A320,PKGQI,CTV,CTV669,CTV698,06/17:00,06/17:05,06/17:37,06/17:51,0:32:00,DPS,DPS,005,10,1,1,NML,8,2025
728.,B738,PKLJQ,LNI,LNI869,LNI838,06/14:40,06/14:45,06/17:46,06/18:00,3:01:00,TTE,PNK,023,10,0,0,NML,8,2025
729.,A320,PKAZJ,AWQ,AWQ323,AWQ326,06/16:54,06/16:58,06/17:29,06/17:39,0:31:00,KUL,KUL,A03,10,1,1,NML,8,2025
730.,B739,PKLQR,LNI,LNI695,LNI920,06/18:53,06/18:56,06/19:39,06/19:51,0:43:00,KOE,DPS,014,10,1,1,NML,8,2025
731.,A320,PKPWH,PAS,PAS622,PAS207,06/17:12,06/17:16,06/18:15,06/18:27,0:59:00,BPN,CGK,006,10,1,1,NML,8,2025
732.,B738,PKGUF,GIA,GIA349,GIA313,06/17:40,06/17:43,06/18:32,06/18:47,0:49:00,DPS,CGK,004,10,1,1,NML,8,2025
733.,A320,PKBLA,BTK,BTK6684,BTK7502,06/19:54,06/19:57,06/21:18,06/21:27,1:21:00,AAP,HLP,008,10,1,1,NML,8,2025
734.,B738,PKGFD,GIA,GIA320,GIA325,06/18:04,06/18:08,06/18:59,06/19:11,0:51:00,CGK,CGK,005,10,1,1,NML,8,2025
735.,B739,PKLVF,LNI,LNI879,LNI581,06/16:36,06/16:43,06/20:22,06/20:33,3:39:00,AMQ,CGK,022,10,0,0,NML,8,2025
736.,A320,PKGQS,CTV,CTV172,CTV173,06/18:40,06/18:43,06/19:13,06/19:23,0:30:00,HLP,HLP,008,10,1,1,NML,8,2025
737.,B738MAX,9VMBR,SIA,SIA928,SIA929,06/18:14,06/18:20,06/19:07,06/19:25,0:47:00,SIN,SIN,A07,10,1,1,NML,8,2025
738.,A320,PKGLE,CTV,CTV736,CTV352,06/18:11,06/18:15,06/19:15,06/19:27,1:00:00,CGK,UPG,007,10,1,1,NML,8,2025
739.,B738,PKBLC,BTK,BTK6576,BTK6575,06/20:54,06/20:59,06/21:55,06/22:05,0:56:00,CGK,CGK,15B,10,0,0,NML,8,2025
740.,B738,PKGUI,GIA,GIA326,GIA319,06/19:13,06/19:18,06/20:04,06/20:22,0:46:00,CGK,CGK,004,10,1,1,NML,8,2025
741.,A320,PKGQK,CTV,CTV949,CTV737,06/18:48,06/18:52,06/20:55,06/21:09,2:03:00,BTH,CGK,009,10,1,1,NML,8,2025
742.,B738,PKCLH,SJY,SJY567,SJY562,06/20:30,06/20:34,06/21:14,06/21:23,0:40:00,UPG,UPG,011,10,1,1,NML,8,2025
743.,B739,PKLHQ,LNI,LNI885,LNI880,06/21:59,06/22:03,06/23:00,06/23:11,0:57:00,UPG,UPG,011,10,1,1,NML,8,2025
744.,A320,PKLUT,BTK,BTK6137,BTK6136,06/20:35,06/20:39,06/21:50,06/22:03,1:11:00,UPG,UPG,15A,10,0,0,NML,8,2025
"745.,A320,PKSAS,SJV,SJV633,SJV610,03/15:44,06/23:52,07/05:04,07/05:15,""3 days, 13:16:00"",BDJ,BPN,15B,28,0,0,NML,8,2025"
746.,A320,PKLUZ,BTK,BTK6594,BTK7508,07/00:19,07/00:24,07/04:58,07/05:09,4:34:00,CGK,HLP,15A,28,0,0,NML,8,2025
747.,B737-200,PKMBA,TMG,TMG095,TMG096,06/16:18,06/16:23,07/06:25,07/06:35,14:02:00,DJJ,TIM,C03,28,0,0,NML,8,2025
748.,A320,PKAZJ,AWQ,AWQ327,AWQ320,06/23:29,06/23:35,07/05:00,07/05:13,5:25:00,KUL,KUL,A06,28,1,1,NML,8,2025
749.,B739,PKLHP,LNI,LNI687,LNI786,06/18:24,06/18:27,07/05:01,07/05:12,10:34:00,PKY,UPG,012,28,1,1,NML,8,2025
750.,A320,PKGQP,CTV,CTV724,CTV430,06/19:30,06/19:34,07/05:05,07/05:17,9:31:00,CGK,BPN,003,28,0,0,NML,8,2025
751.,B738,PKGMD,GIA,GIA324,GIA301,06/21:08,06/21:12,07/05:22,07/05:31,8:10:00,CGK,CGK,004,28,1,1,NML,8,2025
752.,B738,PKLBK,BTK,BTK7503,BTK6132,06/20:14,06/20:18,07/05:11,07/05:20,8:53:00,HLP,LOP,016,28,1,1,NML,8,2025
753.,A320,PKSJF,SJV,SJV619,SJV640,06/17:58,06/18:01,07/05:33,07/05:41,11:32:00,BPN,AAP,020,28,0,0,NML,8,2025
754.,B739,PKLVF,LNI,LNI690,LNI690,07/05:02,07/05:07,07/06:03,07/06:13,0:56:00,CGK,KOE,011,28,1,1,NML,8,2025
755.,A320,PKGQE,CTV,CTV353,CTV670,07/05:07,07/05:13,07/06:03,07/06:15,0:50:00,UPG,LOP,003,28,0,0,NML,8,2025
756.,A320,PKGQI,CTV,CTV699,CTV725,06/20:17,06/20:22,07/05:55,07/06:07,9:33:00,DPS,CGK,010,28,1,1,NML,8,2025
757.,A320,PKSJD,SJV,SJV725,SJV706,06/17:52,06/17:56,07/05:59,07/06:12,12:03:00,LBJ,DPS,018,28,0,0,NML,8,2025
758.,B739,PKLJI,LNI,LNI865,LNI266,06/18:06,06/18:11,07/06:04,07/06:19,11:53:00,LOP,BPN,021,28,0,0,NML,8,2025
759.,A320,PKGQQ,CTV,CTV726,CTV460,06/19:44,06/19:48,07/06:01,07/06:10,10:13:00,CGK,AAP,007,28,1,1,NML,8,2025
760.,A320,V8RBA,RBA,RBA795,RBA796,06/19:47,06/19:53,07/05:43,07/05:55,9:50:00,BWN,BWN,A07,28,1,1,NML,8,2025
761.,A320,PKLUG,BTK,BTK7521,BTK6589,06/21:31,06/21:34,07/06:13,07/06:24,8:39:00,HLP,CGK,008,28,1,1,NML,8,2025
762.,B739,PKLSW,LNI,LNI923,LNI882,06/20:04,06/20:08,07/06:01,07/06:21,9:53:00,DPS,UPG,023,28,0,0,NML,8,2025
763.,A320,PKAXY,AWQ,AWQ325,AWQ386,06/19:01,06/19:07,07/11:17,07/11:21,16:10:00,KUL,PEN,A01,10,1,1,NML,8,2025
764.,A320,PKPWJ,PAS,PAS202,PAS213,06/18:44,06/18:47,07/05:55,07/06:05,11:08:00,CGK,CGK,006,28,1,1,NML,8,2025
765.,A320,PKLUY,BTK,BTK6413,BTK6412,06/20:20,06/20:24,07/06:18,07/06:28,9:54:00,DPS,DPS,014,28,1,1,NML,8,2025
766.,A320,PKSTA,SJV,SJV617,SJV634,06/20:23,06/20:27,07/06:34,07/06:45,10:07:00,BPN,BDJ,024,28,0,0,NML,8,2025
767.,C208,PKVVF,SUS,PKVVF,PKVVF,06/11:56,06/12:00,07/07:13,07/07:26,19:13:00,BXW,BXW,C07,28,0,0,NML,8,2025
768.,B739,PKLFO,LNI,LNI727,LNI971,06/19:16,06/19:20,07/07:08,07/07:18,11:48:00,KDI,BTH,17B,28,0,0,NML,8,2025
769.,A320,PKBKY,BTK,BTK6370,BTK6135,07/05:52,07/05:58,07/06:57,07/07:04,0:59:00,CGK,PKN,012,28,1,1,NML,8,2025
770.,B738,PKLDK,BTK,BTK6588,BTK6597,06/21:17,06/21:20,07/06:57,07/07:06,9:37:00,CGK,CGK,009,28,1,1,NML,8,2025
771.,B738,PKGNH,GIA,GIA855,GIA854,06/20:27,06/20:34,07/06:55,07/07:11,10:21:00,SIN,SIN,A02,28,1,1,NML,8,2025
772.,B738,PKGFV,GIA,GIA328,GIA305,06/21:36,06/21:40,07/06:58,07/07:08,9:18:00,CGK,CGK,005,28,1,1,NML,8,2025
773.,B739,PKLSP,LNI,LNI363,LNI646,07/06:16,07/06:21,07/07:15,07/07:26,0:54:00,BPN,LOP,016,28,1,1,NML,8,2025
774.,A320,PKBLA,BTK,BTK7511,BTK7510,07/06:43,07/06:48,07/07:41,07/07:49,0:53:00,HLP,HLP,008,28,1,1,NML,8,2025
775.,A320,PKLUJ,BTK,BTK6572,BTK6573,07/07:15,07/07:23,07/08:16,07/08:27,0:53:00,CGK,CGK,009,28,1,1,NML,8,2025
776.,B739,PKLSR,LNI,LNI693,LNI693,07/06:51,07/06:57,07/07:46,07/07:53,0:49:00,KOE,CGK,011,28,1,1,NML,8,2025
777.,B739,PKLHJ,LNI,LNI929,LNI982,07/06:49,07/06:54,07/08:02,07/08:10,1:08:00,DPS,PKU,014,28,1,1,NML,8,2025
778.,A21N,B321Z,CSN,CSN8137,CSN8138,06/21:20,06/21:25,07/07:59,07/08:16,10:34:00,CAN,CAN,A03,28,1,1,NML,8,2025
779.,A333,BLBG,CPA,CPA779,CPA780,06/17:48,06/17:55,07/08:09,07/08:22,14:14:00,HKG,HKG,A08,28,1,1,NML,8,2025
780.,B739,PKLSW,LNI,LNI791,LNI990,07/10:09,07/10:11,07/11:09,07/11:19,0:58:00,UPG,DPS,014,10,1,1,NML,8,2025
"781.,DHC6,PKICP,PGT,PKICP,PKICP,05/10:55,05/10:58,07/07:53,07/07:58,""1 day, 20:55:00"",PAG,PAG,028,28,0,0,NML,8,2025"
782.,B738,PKLBK,MXD,MXD352,MXD353,06/19:07,06/19:13,07/08:37,07/08:50,13:24:00,KUL,KUL,A04,28,1,1,NML,8,2025
783.,B739,PKLSH,LNI,LNI315,LNI222,07/08:03,07/08:08,07/08:56,07/09:09,0:48:00,BDJ,BDJ,016,28,1,1,NML,8,2025
784.,A320,PKBKV,BTK,BTK6133,BTK6391,07/07:56,07/08:02,07/08:52,07/09:03,0:50:00,LOP,CGK,010,28,1,1,NML,8,2025
785.,B738,PKLOR,LNI,LNI681,LNI748,06/19:21,06/19:25,07/09:05,07/09:16,13:40:00,PKY,MDC,17A,10,0,0,Nml,8,2025
786.,B738,PKGFD,GIA,GIA304,GIA342,07/08:08,07/08:14,07/09:19,07/09:32,1:05:00,CGK,DPS,004,10,1,1,NML,8,2025
787.,A320,PKSJD,SJV,SJV703,SJV612,07/08:29,07/08:35,07/09:22,07/09:41,0:47:00,DPS,BPN,011,10,1,1,NML,8,2025
788.,A320,PKGQE,CTV,CTV671,CTV486,07/08:32,07/08:39,07/09:24,07/09:46,0:45:00,LOP,BDJ,007,10,1,1,NML,8,2025
789.,A320,PKPWK,PAS,PAS200,PAS201,07/08:14,07/08:22,07/09:20,07/09:34,0:58:00,CGK,CGK,005,10,1,1,NML,8,2025
790.,A320,PKGQP,CTV,CTV435,CTV434,07/08:41,07/08:50,07/09:55,07/10:08,1:05:00,BPN,BPN,006,10,1,1,NML,8,2025
791.,B733,PKMYJ,MYU,MYU935,MYU815,07/08:53,07/08:57,07/10:39,07/10:50,1:42:00,SRG,CGK,C02,10,0,0,NML,8,2025
792.,B738,9MMXS,MAS,MAS871,MAS870,07/09:04,07/09:09,07/09:59,07/10:11,0:50:00,KUL,KUL,A07,10,1,1,NML,8,2025
793.,B735,PKNAS,LKN,LKN2430,LKN670,07/09:07,07/09:11,07/09:52,07/10:03,0:41:00,SMQ,TMC,009,10,1,1,NML,8,2025
794.,A359,9VSHQ,SIA,SIA922,SIA923,07/09:01,07/09:04,07/10:06,07/10:18,1:02:00,SIN,SIN,A08,10,1,1,NML,8,2025
795.,A320,PKLUG,BTK,BTK6584,BTK6585,07/09:57,07/10:01,07/10:46,07/10:56,0:45:00,CGK,CGK,008,10,1,1,NML,8,2025
796.,B739,PKLJQ,LNI,LNI837,LNI706,07/07:51,07/07:55,07/10:40,07/10:51,2:45:00,PNK,UPG,024,10,0,0,NML,8,2025
797.,A320,PKGQQ,CTV,CTV461,CTV715,07/09:29,07/09:33,07/10:16,07/10:28,0:43:00,AAP,CGK,007,10,1,1,NML,8,2025
798.,A320,PKGQN,CTV,CTV351,CTV350,07/09:44,07/09:47,07/10:29,07/10:43,0:42:00,UPG,UPG,003,10,0,0,NML,8,2025
799.,A320,PKSTA,SJV,SJV635,SJV632,07/09:24,07/09:27,07/11:41,07/11:52,2:14:00,BDJ,BDJ,012,10,1,1,NML,8,2025
800.,A20N,9VTNH,TGW,TGW296,TGW297,07/09:47,07/09:53,07/10:48,07/11:00,0:55:00,SIN,SIN,A02,10,1,1,NML,8,2025
801.,B739,PKLSP,LNI,LNI645,LNI822,07/10:01,07/10:04,07/10:53,07/11:05,0:49:00,LOP,LOP,011,10,1,1,NML,8,2025
802.,A320,PKPWJ,PAS,PAS210,PAS211,07/09:37,07/09:40,07/10:32,07/10:45,0:52:00,CGK,CGK,005,10,1,1,NML,8,2025
803.,A320,PKLUQ,BTK,BTK7513,BTK7516,07/10:22,07/10:25,07/11:02,07/11:12,0:37:00,HLP,HLP,009,10,1,1,NML,8,2025
804.,A320,PKBKY,BTK,BTK6134,BTK6346,07/09:51,07/09:54,07/10:52,07/11:03,0:58:00,PKN,BEJ,010,10,1,1,NML,8,2025
805.,B739,PKLVF,LNI,LNI697,LNI697,07/10:33,07/10:36,07/11:36,07/11:47,1:00:00,KOE,CGK,015,10,1,1,NML,8,2025
806.,A320,PKAZJ,AWQ,AWQ321,AWQ322,07/10:38,07/10:43,07/11:26,07/11:35,0:43:00,KUL,KUL,A03,10,1,1,NML,8,2025
807.,B739,PKLFO,LNI,LNI970,LNI973,07/12:40,07/12:44,07/13:56,07/14:12,1:12:00,BTH,BTH,011,10,1,1,NML,8,2025
808.,A320,PKBLA,BTK,BTK7517,BTK7520,07/10:54,07/10:59,07/11:55,07/12:03,0:56:00,HLP,HLP,016,10,1,1,NML,8,2025
809.,B738,PKGMP,GIA,GIA322,GIA327,07/10:05,07/10:08,07/11:26,07/11:38,1:18:00,CGK,CGK,004,10,1,1,NML,8,2025
810.,C172,PKVIN,VIA,PKVIN,PKVIN,07/09:27,07/09:31,07/10:16,07/10:22,0:45:00,JBB,JBB,C06,10,0,0,NML,8,2025
811.,B739,PKLSW,LNI,LNI805,LNI804,07/14:07,07/14:11,07/15:01,07/15:18,0:50:00,DPS,DPS,014,10,1,1,NML,8,2025
812.,A320,PKBKF,BTK,BTK6582,BTK6581,07/11:50,07/11:54,07/12:50,07/13:05,0:56:00,CGK,CGK,008,10,1,1,NML,8,2025
813.,A320,PKSJL,SJV,SJV649,SJV636,07/08:46,07/08:52,07/12:30,07/12:42,3:38:00,BPN,BDJ,020,10,0,0,NML,8,2025
814.,B739,PKLSH,LNI,LNI223,LNI780,07/11:53,07/11:57,07/13:47,07/14:02,1:50:00,BDJ,UPG,015,10,1,1,NML,8,2025
815.,B739,PKLHH,LNI,LNI694,LNI694,07/12:13,07/12:17,07/12:56,07/13:06,0:39:00,CGK,KOE,014,10,1,1,NML,8,2025
816.,B739,PKLHP,LNI,LNI787,LNI680,07/13:55,07/13:59,07/14:52,07/15:10,0:53:00,UPG,PKY,012,10,1,1,NML,8,2025
817.,A320,PKAZJ,AWQ,AWQ323,AWQ324,07/17:10,07/17:15,07/17:50,07/18:00,0:35:00,KUL,KUL,A03,10,1,1,NML,8,2025
818.,A320,PKPWH,PAS,PAS204,PAS205,07/11:57,07/12:01,07/13:25,07/13:40,1:24:00,CGK,CGK,005,10,1,1,NML,8,2025
819.,A320,PKGQE,CTV,CTV487,CTV668,07/12:25,07/12:29,07/13:42,07/13:54,1:13:00,BDJ,DPS,007,10,1,1,NML,8,2025
820.,B738,PKLSF,LNI,LNI801,LNI682,07/14:10,07/14:13,07/15:08,07/15:28,0:55:00,UPG,PKY,15A,10,0,0,NML,8,2025
821.,B738,PKLOJ,LNI,LNI839,LNI836,07/12:57,07/13:04,07/14:17,07/14:28,1:13:00,PNK,PNK,016,10,1,1,NML,8,2025
822.,A320,PKSTA,SJV,SJV633,SJV726,07/14:50,07/14:54,07/15:45,07/15:55,0:51:00,BDJ,LBJ,016,10,1,1,NML,8,2025
823.,A320,PKGQO,CTV,CTV716,CTV717,07/13:00,07/13:04,07/14:06,07/14:17,1:02:00,CGK,CGK,006,10,1,1,NML,8,2025
824.,B735,PKNAS,LKN,LKN671,LKN2420,07/13:46,07/13:50,07/14:22,07/14:35,0:32:00,TMC,SMQ,009,10,1,1,NML,8,2025
825.,B739,PKLHJ,LNI,LNI983,LNI910,07/13:51,07/13:55,07/14:55,07/15:14,1:00:00,PKU,DPS,017,10,1,1,NML,8,2025
826.,A320,PKGQP,CTV,CTV431,CTV948,07/13:48,07/13:52,07/14:36,07/14:53,0:44:00,BPN,BTH,008,10,1,1,NML,8,2025
827.,B738,PKGUH,GIA,GIA312,GIA317,07/13:58,07/14:02,07/14:59,07/15:26,0:57:00,CGK,CGK,004,10,1,1,NML,8,2025
828.,A320,PKLUW,BTK,BTK7515,BTK7514,07/14:04,07/14:08,07/14:57,07/15:15,0:49:00,HLP,HLP,010,10,1,1,NML,8,2025
829.,A320,PKPWE,PAS,PAS208,PAS209,07/14:01,07/14:04,07/14:50,07/15:06,0:46:00,CGK,CGK,007,10,1,1,NML,8,2025
830.,B739,PKLSP,LNI,LNI823,LNI642,07/14:19,07/14:23,07/15:20,07/15:31,0:57:00,LOP,LOP,15B,10,0,0,NML,8,2025
831.,B738,PKGNN,GIA,GIA330,GIA331,07/14:15,07/14:19,07/15:17,07/15:29,0:58:00,HLP,HLP,005,10,1,1,NML,8,2025
832.,A320,PKLUH,BTK,BTK6406,BTK6685,07/14:55,07/15:00,07/15:50,07/16:02,0:50:00,CGK,AAP,011,10,1,1,NML,8,2025
833.,A320,PKBLA,BTK,BTK7501,BTK7512,07/15:08,07/15:12,07/16:03,07/16:14,0:51:00,HLP,HLP,009,10,1,1,NML,8,2025
834.,B738,9MMXI,MAS,MAS873,MAS872,07/14:57,07/15:05,07/15:49,07/16:00,0:44:00,KUL,KUL,A06,10,1,1,NML,8,2025
835.,A320,PKBKY,BTK,BTK6347,BTK6401,07/15:24,07/15:28,07/16:21,07/16:33,0:53:00,BEJ,CGK,010,10,1,1,NML,8,2025
836.,B739,PKLHP,LNI,LNI681,LNI316,07/17:58,07/18:01,07/19:01,07/19:11,1:00:00,PKY,BDJ,021,10,0,0,NML,8,2025
837.,A320,PKSJF,SJV,SJV643,SJV648,07/15:00,07/15:04,07/16:55,07/17:03,1:51:00,AAP,BPN,018,10,0,0,NML,8,2025
838.,B738,PKGMP,GIA,GIA310,GIA315,07/15:21,07/15:24,07/16:37,07/16:50,1:13:00,CGK,CGK,004,10,1,1,NML,8,2025
839.,B738MAX,9VMBA,SIA,SIA926,SIA927,07/15:33,07/15:39,07/16:31,07/16:46,0:52:00,SIN,SIN,A03,10,1,1,NML,8,2025
840.,A339,PKGHI,GIA,GIA975,GIA972,07/15:03,07/15:11,07/17:01,07/17:18,1:50:00,JED,MED,A08,10,1,1,NML,8,2025
841.,A320,PKPWD,PAS,PAS206,PAS623,07/15:44,07/15:47,07/16:31,07/16:41,0:44:00,CGK,BPN,005,10,1,1,NML,8,2025
842.,B739,PKLHH,LNI,LNI695,LNI268,07/17:21,07/17:24,07/18:30,07/18:42,1:06:00,KOE,TRK,016,10,1,1,NML,8,2025
"843.,A339,PKLES,LNI,LNI107,LNI100,04/15:55,04/16:05,07/16:53,07/17:06,""3 days, 0:48:00"",JED,JED,A05,10,1,1,NML,8,2025"
844.,B739,PKLSP,LNI,LNI865,LNI226,07/18:02,07/18:06,07/19:25,07/19:38,1:19:00,LOP,BDJ,011,10,1,1,NML,8,2025
845.,B739,PKLFK,LNI,LNI692,LNI692,07/16:44,07/16:48,07/17:30,07/17:39,0:42:00,CGK,KOE,014,10,1,1,NML,8,2025
846.,A320,PKGLE,CTV,CTV669,CTV698,07/16:48,07/16:51,07/17:34,07/17:43,0:43:00,DPS,DPS,007,10,1,1,NML,8,2025
847.,B738,PKLOR,LNI,LNI749,LNI838,07/15:12,07/15:16,07/18:24,07/18:36,3:08:00,MDC,PNK,020,10,0,0,NML,8,2025
848.,A320,PKAXY,AWQ,AWQ387,AWQ326,07/17:34,07/17:40,07/18:09,07/18:23,0:29:00,PEN,KUL,A02,10,1,1,NML,8,2025
849.,A320,PKLAI,BTK,BTK7519,BTK7518,07/17:53,07/17:57,07/18:54,07/19:06,0:57:00,HLP,CGK,010,10,1,1,NML,8,2025
850.,B739,PKLSW,LNI,LNI919,LNI920,07/17:46,07/17:50,07/18:38,07/18:47,0:48:00,DPS,DPS,015,10,1,1,NML,8,2025
851.,B738,PKLSF,LNI,LNI683,LNI581,07/18:08,07/18:12,07/19:01,07/19:08,0:49:00,PKY,CGK,012,10,1,1,NML,8,2025
852.,A320,PKPWJ,PAS,PAS622,PAS207,07/17:16,07/17:19,07/18:09,07/18:27,0:50:00,BPN,CGK,006,10,1,1,NML,8,2025
853.,B738,PKGFD,GIA,GIA349,GIA313,07/17:27,07/17:31,07/18:27,07/18:40,0:56:00,DPS,CGK,004,10,1,1,NML,8,2025
854.,A320,PKSTA,SJV,SJV725,SJV716,07/19:14,07/19:18,07/19:56,07/20:11,0:38:00,LBJ,LOP,010,10,1,1,NML,8,2025
855.,A320,PKLUW,BTK,BTK7503,BTK7502,07/18:34,07/18:38,07/19:22,07/19:34,0:44:00,HLP,HLP,014,10,1,1,NML,8,2025
856.,B738,PKGNM,GIA,GIA320,GIA325,07/17:41,07/17:45,07/18:50,07/19:02,1:05:00,CGK,CGK,005,10,1,1,NML,8,2025
857.,A320,PKGQS,CTV,CTV172,CTV173,07/18:13,07/18:17,07/18:59,07/19:16,0:42:00,HLP,HLP,007,10,1,1,NML,8,2025
858.,B738MAX,9VMBN,SIA,SIA928,SIA929,07/18:17,07/18:24,07/19:12,07/19:26,0:48:00,SIN,SIN,A07,10,1,1,NML,8,2025
859.,A320,PKLZV,BTK,BTK6576,BTK6575,07/22:04,07/22:08,07/22:42,07/22:53,0:34:00,CGK,CGK,009,10,1,1,NML,8,2025
860.,A320,PKGTG,CTV,CTV736,CTV352,07/18:56,07/19:02,07/19:53,07/20:10,0:51:00,CGK,UPG,008,10,1,1,NML,8,2025
861.,B738MAX,PKGDC,GIA,GIA326,GIA319,07/19:35,07/19:39,07/20:28,07/20:42,0:49:00,CGK,CGK,004,10,1,1,NML,8,2025
862.,A320,PKLUG,BTK,BTK6586,BTK6587,07/20:51,07/20:56,07/21:50,07/22:05,0:54:00,CGK,CGK,015,10,1,1,NML,8,2025
863.,,,BTK,-,BTK6587D,--:--,--:--,--:--,--:--,None,-,CGK,None,-,-1,-,NML,8,2025
864.,A320,PKGQF,CTV,CTV949,CTV737,07/18:25,07/18:29,07/20:55,07/21:06,2:26:00,BTH,CGK,009,10,1,1,NML,8,2025
865.,B738,PKCRI,SJY,SJY567,SJY562,07/23:07,07/23:11,07/23:42,07/23:52,0:31:00,UPG,UPG,011,10,1,1,NML,8,2025
866.,B739,PKLQT,LNI,LNI885,LNI880,07/20:18,07/20:21,07/21:32,07/21:44,1:11:23,UPG,UPG,014,10,1,1,NML,8,2025
867.,A320,PKLAJ,BTK,BTK7521,BTK6136,07/21:32,07/21:37,07/22:28,07/22:38,0:50:50,HLP,UPG,008,10,1,1,NML,8,2025
868.,A320,PKLUP,BTK,BTK6594,BTK7508,07/22:18,07/22:22,08/05:00,08/05:13,6:38:00,CGK,HLP,014,10,1,1,NML,8,2025
869.,A320,PKAZJ,AWQ,AWQ325,AWQ320,07/23:28,07/23:33,08/05:02,08/05:11,5:29:00,KUL,KUL,A01,10,1,1,NML,8,2025
870.,B739,PKLFO,LNI,LNI972,LNI878,07/19:24,07/19:28,08/04:58,08/05:09,9:30:00,BTH,AMQ,023,10,0,0,NML,8,2025
871.,B739,PKLHJ,LNI,LNI923,LNI786,07/17:49,07/17:53,08/05:08,08/05:18,11:15:00,DPS,UPG,025,10,0,0,NML,8,2025
872.,B738,PKGFR,GIA,GIA324,GIA301,07/21:29,07/21:32,08/05:08,08/05:22,7:36:00,CGK,CGK,004,10,1,1,NML,8,2025
873.,A320,PKGQT,CTV,CTV724,CTV430,07/19:28,07/19:31,08/05:02,08/05:15,9:31:00,CGK,BPN,003,10,0,0,NML,8,2025
874.,A320,PKLAM,BTK,BTK6413,BTK6132,07/21:34,07/21:38,08/05:16,08/05:25,7:38:00,DPS,LOP,018,10,0,0,NML,8,2025
875.,A320,PKGLY,CTV,CTV726,CTV725,07/20:14,07/20:17,08/05:52,08/06:03,9:35:00,CGK,CGK,010,10,1,1,NML,8,2025
876.,B739,PKLSO,LNI,LNI690,LNI690,08/05:04,08/05:10,08/06:02,08/06:15,0:51:50,CGK,KOE,014,10,1,1,NML,8,2025
877.,A320,PKGQE,CTV,CTV353,CTV670,08/05:07,08/05:11,08/05:59,08/06:09,0:48:00,UPG,LOP,008,10,1,1,NML,8,2025
878.,A320,V8RBE,RBA,RBA795,RBA796,07/20:22,07/20:28,08/05:43,08/05:52,9:15:00,BWN,BWN,A07,10,1,1,NML,8,2025
879.,A320,PKSTT,SJV,SJV617,SJV640,07/19:49,07/19:53,08/06:15,08/06:27,10:22:00,BPN,AAP,021,10,0,0,NML,8,2025
880.,A320,PKGLE,CTV,CTV699,CTV460,07/19:56,07/20:00,08/05:47,08/05:58,9:47:00,DPS,AAP,007,10,1,1,NML,8,2025
881.,A320,PKBKQ,BTK,BTK6137,BTK6589,07/19:40,07/19:44,08/05:53,08/06:07,10:09:00,UPG,CGK,012,10,1,1,NML,8,2025
882.,B738,PKLJQ,LNI,LNI707,LNI868,07/15:36,07/15:40,08/06:02,08/06:11,14:22:00,UPG,TTE,026,10,0,0,NML,8,2025
883.,A320,PKSJL,SJV,SJV637,SJV706,07/15:46,08/00:10,08/06:02,08/06:17,14:10:00,BDJ,DPS,009,10,1,1,NML,8,2025
884.,A320,PKPWC,PAS,PAS202,PAS213,07/18:51,07/18:54,08/06:03,08/06:19,11:09:00,CGK,CGK,006,10,1,1,NML,8,2025
885.,A320,PKLUH,BTK,BTK6684,BTK6412,07/19:32,07/19:36,08/06:26,08/06:35,10:50:00,AAP,DPS,016,10,1,1,NML,8,2025
886.,B738,PKLDK,BTK,BTK6588,BTK6597,07/22:23,07/22:25,08/07:03,08/07:14,8:38:00,CGK,CGK,015,10,1,1,NML,8,2025
887.,A320,PKSAO,SJV,SJV619,SJV634,07/18:21,07/18:24,08/06:32,08/06:42,12:08:00,BPN,BDJ,024,10,0,0,NML,8,2025
888.,A320,PKSTA,SJV,SJV717,SJV566,08/06:13,08/06:16,08/07:08,08/07:22,0:52:00,LOP,PLW,012,10,1,1,NML,8,2025
889.,C208,PKVVF,SUS,PKVVF,PKVVF,07/09:12,07/09:16,08/07:14,08/07:19,21:58:00,BXW,BXW,C07,10,0,0,NML,8,2025
890.,B739,PKLHP,LNI,LNI311,LNI971,08/06:25,08/06:29,08/07:22,08/07:33,0:53:00,BDJ,BTH,014,10,1,1,NML,8,2025
891.,A320,PKBKY,BTK,BTK6370,BTK6135,08/06:01,08/06:05,08/07:03,08/07:17,0:58:00,CGK,PKN,010,10,1,1,NML,8,2025
892.,B738,PKGUF,GIA,GIA328,GIA305,07/20:07,07/20:11,08/06:56,08/07:11,10:45:00,CGK,CGK,005,10,1,1,NML,8,2025
893.,B738,PKGNH,GIA,GIA855,GIA854,07/20:33,07/20:41,08/06:55,08/07:06,10:14:00,SIN,SIN,A02,10,1,1,NML,8,2025
894.,B739,PKLHI,LNI,LNI363,LNI646,08/06:30,08/06:35,08/07:27,08/07:38,0:52:00,BPN,LOP,018,10,0,0,NML,8,2025
895.,A320,PKLUQ,BTK,BTK7511,BTK7510,08/06:39,08/06:42,08/08:11,08/08:22,1:29:00,HLP,HLP,008,10,1,1,NML,8,2025
896.,A320,PKAXY,AWQ,AWQ327,AWQ392,07/23:47,07/23:55,08/07:25,08/07:35,7:30:00,KUL,JHB,A03,10,1,1,NML,8,2025
897.,A320,PKBKF,BTK,BTK6572,BTK6573,08/06:55,08/06:59,08/07:55,08/08:06,0:56:00,CGK,CGK,009,10,1,1,NML,8,2025
898.,B739,PKLSR,LNI,LNI929,LNI882,08/07:15,08/07:20,08/08:32,08/08:42,1:12:00,DPS,UPG,021,10,0,0,NML,8,2025
899.,B739,PKLHH,LNI,LNI267,LNI682,08/07:12,08/07:16,08/08:25,08/08:35,1:09:00,TRK,PKY,024,10,0,0,NML,8,2025
900.,B739,PKLFK,LNI,LNI693,LNI856,08/06:59,08/07:04,08/08:24,08/08:34,1:20:00,KOE,PLM,023,10,0,0,NML,8,2025
"901.,B739ER,PKLRI,LNI,LNI983,LNI693,05/17:40,08/07:10,08/08:16,08/08:29,""2 days, 14:31:00"",PKU,CGK,016,10,1,0,NML,8,2025"
902.,A333,BLBK,CPA,CPA779,CPA780,07/18:29,07/18:36,08/08:13,08/08:26,13:37:00,HKG,HKG,A08,10,1,1,NML,8,2025
903.,B738,PKGUD,GIA,GIA314,GIA323,08/07:09,08/07:12,08/08:27,08/08:37,1:15:00,CGK,CGK,004,10,1,1,NML,8,2025
904.,B738,PKLZZ,MXD,MXD352,MXD353,07/19:20,07/19:26,08/08:48,08/08:58,13:22:00,KUL,KUL,A04,10,1,1,NML,8,2025
905.,A320,PKLAM,BTK,BTK6133,BTK6391,08/08:04,08/08:09,08/09:06,08/09:21,0:57:00,LOP,CGK,010,10,1,1,NML,8,2025
906.,B738,PKLOR,LNI,LNI837,LNI748,08/07:56,08/08:00,08/09:05,08/09:19,1:05:00,PNK,MDC,014,10,1,1,NML,8,2025
907.,A320,PKGQE,CTV,CTV671,CTV486,08/08:24,08/08:28,08/09:18,08/09:30,0:50:00,LOP,BDJ,007,10,1,1,NML,8,2025
908.,A320,PKSJL,SJV,SJV703,SJV612,08/08:31,08/08:34,08/09:46,08/09:56,1:12:00,DPS,BPN,012,10,1,1,NML,8,2025
909.,B738,PKGFS,GIA,GIA304,GIA342,08/08:11,08/08:14,08/09:17,08/09:28,1:03:00,CGK,DPS,005,10,1,1,NML,8,2025
910.,A320,PKPWK,PAS,PAS200,PAS201,08/08:15,08/08:19,08/09:14,08/09:23,0:55:00,CGK,CGK,006,10,1,1,NML,8,2025
911.,A320,PKGQT,CTV,CTV435,CTV434,08/08:42,08/08:46,08/09:32,08/09:48,0:46:00,BPN,BPN,004,10,1,1,NML,8,2025
912.,B738,9MMLR,MAS,MAS871,MAS870,08/09:00,08/09:08,08/09:55,08/10:09,0:47:00,KUL,KUL,A06,10,1,1,NML,8,2025
913.,A359,9VSHH,SIA,SIA922,SIA923,08/08:56,08/09:02,08/10:02,08/10:15,1:00:00,SIN,SIN,A08,10,1,1,NML,8,2025
914.,B735,PKNAT,LKN,LKN243,LKN242,08/09:10,08/09:12,08/09:52,08/10:07,0:40:00,SMQ,SMQ,010,10,1,1,NML,8,2025
915.,A320,PKLUI,BTK,BTK6584,BTK6585,08/10:02,08/10:05,08/10:59,08/11:07,0:54:00,CGK,CGK,010,10,1,1,NML,8,2025
916.,A320,PKGQN,CTV,CTV351,CTV350,08/09:24,08/09:28,08/10:19,08/10:30,0:51:00,UPG,UPG,006,10,1,1,NML,8,2025
917.,A320,PKSAO,SJV,SJV635,SJV632,08/09:54,08/09:58,08/10:49,08/11:00,0:51:00,BDJ,BDJ,012,10,1,1,NML,8,2025
918.,A320,PKGLE,CTV,CTV461,CTV715,08/09:46,08/09:49,08/10:30,08/10:41,0:41:00,AAP,CGK,007,10,1,1,NML,8,2025
919.,B739,PKLSL,LNI,LNI970,LNI262,08/09:49,08/09:53,08/10:48,08/10:57,0:55:00,BTH,BPN,016,10,1,1,NML,8,2025
920.,B739,PKLHQ,LNI,LNI315,LNI222,08/11:42,08/11:46,08/12:43,08/12:54,0:57:00,BDJ,BDJ,012,10,1,1,NML,8,2025
921.,A20N,9VTNF,TGW,TGW296,TGW297,08/09:35,08/09:41,08/10:32,08/10:43,0:51:00,SIN,SIN,A02,10,1,1,NML,8,2025
922.,B739,PKLHJ,LNI,LNI791,LNI973,08/09:14,08/09:18,08/11:01,08/11:14,1:43:00,UPG,BTH,009,10,1,1,NML,8,2025
923.,A320,PKPWC,PAS,PAS210,PAS211,08/09:44,08/09:47,08/10:35,08/10:50,0:48:00,CGK,CGK,005,10,1,1,NML,8,2025
924.,A320,PKBLA,BTK,BTK7513,BTK7516,08/10:33,08/10:38,08/11:17,08/11:26,0:39:00,HLP,HLP,015,10,1,1,NML,8,2025
925.,A320,PKAZJ,AWQ,AWQ321,AWQ322,08/10:47,08/10:52,08/11:22,08/11:31,0:30:00,KUL,KUL,A03,10,1,1,NML,8,2025
926.,B739,PKLSO,LNI,LNI697,LNI697,08/10:45,08/10:49,08/11:48,08/11:55,0:59:00,KOE,CGK,018,10,0,0,NML,8,2025
927.,A320,PKBKY,BTK,BTK6134,BTK6595,08/09:52,08/09:58,08/11:31,08/11:47,1:33:00,PKN,CGK,008,10,1,1,NML,8,2025
928.,A320,PKLUQ,BTK,BTK7517,BTK7520,08/11:59,08/12:02,08/12:52,08/13:02,0:50:00,HLP,HLP,015,10,1,1,NML,8,2025
929.,B738,PKGMC,GIA,GIA322,GIA327,08/10:13,08/10:16,08/11:28,08/11:35,1:12:00,CGK,CGK,004,10,1,1,NML,8,2025
930.,B739,PKLHI,LNI,LNI645,LNI990,08/10:17,08/10:20,08/11:59,08/12:11,1:39:00,LOP,DPS,014,10,1,1,NML,8,2025
931.,A320,PKBLC,BTK,BTK6582,BTK6581,08/12:12,08/12:15,08/13:23,08/13:31,1:08:00,CGK,CGK,008,10,1,1,NML,8,2025
932.,A320,PKSTA,SJV,SJV567,SJV636,08/11:39,08/11:42,08/12:41,08/12:52,0:59:00,PLW,BDJ,010,10,1,1,NML,8,2025
933.,B739,PKLSR,LNI,LNI801,LNI822,08/12:04,08/12:07,08/13:15,08/13:25,1:08:00,UPG,LOP,018,10,0,0,NML,8,2025
934.,B735,PKNAQ,LKN,LKN193,LKN192,08/11:45,08/11:48,08/12:30,08/12:40,0:42:00,PKN,PKN,009,10,1,1,NML,8,2025
935.,B739,PKLGJ,LNI,LNI694,LNI694,08/11:48,08/11:51,08/12:49,08/12:57,0:58:00,CGK,KOE,016,10,1,1,NML,8,2025
936.,B739,PKLFK,LNI,LNI857,LNI780,08/12:26,08/12:29,08/13:30,08/13:41,1:01:10,PLM,UPG,014,10,1,1,NML,8,2025
937.,B738,PKLJQ,LNI,LNI869,LNI722,08/12:16,08/12:20,08/14:03,08/14:13,1:43:36,TTE,KDI,021,10,0,0,NML,8,2025
938.,A320,PKAXY,AWQ,AWQ393,AWQ324,08/12:29,08/12:35,08/13:10,08/13:24,0:35:00,JHB,KUL,A03,10,1,1,NML,8,2025
939.,A320,PKGQE,CTV,CTV487,CTV668,08/12:08,08/12:11,08/13:33,08/13:47,1:22:13,BDJ,DPS,006,10,1,1,NML,8,2025
940.,B738,PKLOJ,LNI,LNI839,LNI836,08/13:28,08/13:32,08/14:21,08/14:31,0:49:00,PNK,PNK,015,10,1,1,NML,8,2025
941.,A320,PKSAO,SJV,SJV633,SJV726,08/14:58,08/15:03,08/16:23,08/16:34,1:20:00,BDJ,LBJ,010,10,1,1,NML,8,2025
942.,A320,PKGQO,CTV,CTV716,CTV717,08/13:35,08/13:37,08/14:29,08/14:42,0:51:13,CGK,CGK,005,10,1,1,NML,8,2025
943.,B739,PKLHI,LNI,LNI805,LNI804,08/14:37,08/14:40,08/15:37,08/15:50,0:57:31,DPS,DPS,014,10,1,1,NML,8,2025
944.,A320,PKGQT,CTV,CTV431,CTV948,08/13:39,08/13:42,08/14:31,08/14:41,0:49:00,BPN,BTH,007,10,1,1,NML,8,2025
945.,B738,PKGUI,GIA,GIA312,GIA317,08/13:48,08/13:50,08/14:59,08/15:12,1:09:00,CGK,CGK,004,10,1,1,NML,8,2025
946.,A320,PKLUF,BTK,BTK7515,BTK7514,08/13:44,08/13:48,08/14:37,08/14:48,0:49:23,HLP,HLP,009,10,1,1,NML,8,2025
947.,E55P,PKJCO,PWB,PKJCO,PKJCO,08/16:27,08/16:32,08/16:52,08/16:57,0:20:00,PNK,HLP,BO,10,0,0,NML,8,2025
948.,A320,PKPWE,PAS,PAS208,PAS209,08/13:53,08/13:55,08/14:57,08/15:11,1:01:47,CGK,CGK,008,10,1,1,NML,8,2025
949.,B739,PKLHQ,LNI,LNI223,LNI680,08/15:46,08/15:50,08/16:52,08/17:01,1:02:05,BDJ,PKY,016,10,1,1,NML,8,2025
950.,B738,PKGMA,GIA,GIA330,GIA331,08/14:08,08/14:11,08/15:11,08/15:23,1:00:00,HLP,HLP,006,10,1,1,NML,8,2025
951.,B739,PKLFY,LNI,LNI787,LNI706,08/13:32,08/13:35,08/15:08,08/15:14,1:32:20,UPG,UPG,023,10,0,0,NML,8,2025
952.,A320,PKBKY,BTK,BTK6596,BTK6685,08/15:20,08/15:24,08/16:11,08/16:21,0:47:00,CGK,AAP,009,10,1,1,NML,8,2025
953.,B739,PKLFO,LNI,LNI879,LNI910,08/14:29,08/14:31,08/15:35,08/15:49,1:04:00,AMQ,DPS,012,10,1,1,NML,8,2025
954.,A320,PKBKU,BTK,BTK6406,BTK6401,08/16:49,08/16:51,08/18:09,08/18:19,1:18:00,CGK,CGK,009,10,1,1,NML,8,2025
955.,A320,PKLUQ,BTK,BTK7501,BTK7512,08/16:07,08/16:13,08/17:13,08/17:20,1:00:00,HLP,HLP,007,10,1,1,NML,8,2025
956.,B739,PKLHH,LNI,LNI683,LNI642,08/15:39,08/15:42,08/16:35,08/16:46,0:53:00,PKY,LOP,014,10,1,1,NML,8,2025
957.,B739,PKLSR,LNI,LNI823,LNI260,08/16:03,08/16:06,08/17:00,08/17:11,0:54:14,LOP,BPN,012,10,1,1,NML,8,2025
958.,A320,PKSTT,SJV,SJV643,SJV672,08/15:01,08/15:05,08/16:03,08/16:13,0:58:00,AAP,BEJ,018,10,0,0,NML,8,2025
959.,B738,HSLGR,TLM,TLM268,TLM269,08/15:28,08/15:33,08/16:16,08/16:25,0:43:00,DMK,DMK,A04,10,1,1,NML,8,2025
960.,B738,PKGFR,GIA,GIA310,GIA315,08/16:42,08/16:45,08/17:44,08/17:58,0:59:47,CGK,CGK,004,10,1,1,NML,8,2025
961.,B738MAX,9VMBH,SIA,SIA926,SIA927,08/15:31,08/15:36,08/16:31,08/16:51,0:55:00,SIN,SIN,A07,10,1,1,NML,8,2025
962.,A320,PKPWN,PAS,PAS206,PAS623,08/15:43,08/15:46,08/16:40,08/16:53,0:54:00,CGK,BPN,006,10,1,1,NML,8,2025
963.,B739,PKLSL,LNI,LNI261,LNI268,08/15:15,08/15:18,08/16:40,08/16:56,1:22:00,BPN,TRK,015,10,1,1,NML,8,2025
964.,B739,PKLSH,LNI,LNI692,LNI692,08/17:07,08/17:09,08/17:49,08/18:00,0:40:00,CGK,KOE,014,10,1,1,NML,8,2025
965.,B739,PKLHP,LNI,LNI972,LNI316,08/18:46,08/18:50,08/19:39,08/19:50,0:49:19,BTH,BDJ,015,10,1,1,NML,8,2025
966.,B739,PKLHQ,LNI,LNI681,LNI226,08/19:46,08/19:50,08/20:40,08/20:55,0:50:00,PKY,BDJ,016,10,1,1,NML,8,2025
967.,A320,PKLUI,BTK,BTK6578,BTK7579,08/18:33,08/18:36,08/19:27,08/19:40,0:51:04,CGK,CGK,010,10,1,1,NML,8,2025
968.,A320,PKGLE,CTV,CTV669,CTV698,08/16:35,08/16:39,08/17:28,08/17:39,0:49:13,DPS,DPS,005,10,1,1,NML,8,2025
969.,B738,PKLOR,LNI,LNI749,LNI838,08/15:06,08/15:10,08/17:29,08/17:43,2:19:14,MDC,PNK,021,10,0,0,NML,8,2025
970.,A320,PKAZJ,AWQ,AWQ323,AWQ326,08/17:18,08/17:23,08/17:58,08/18:06,0:35:00,KUL,KUL,A03,10,1,1,NML,8,2025
"971.,GL7T,VPCTC,RJP,VPCTC,VPCTC,05/18:02,05/18:09,08/18:11,08/18:22,""3 days, 0:02:00"",HLP,UPG,001,10,0,0,NML,8,2025"
972.,A320,PKLUU,BTK,BTK7519,BTK7518,08/21:32,08/21:35,08/22:25,08/22:35,0:50:00,CGK,CGK,15A,10,0,0,NML,8,2025
973.,B739,PKLGJ,LNI,LNI695,LNI920,08/17:21,08/17:24,08/18:13,08/18:32,0:49:00,KOE,DPS,015,10,1,1,NML,8,2025
974.,A320,PKPWG,PAS,PAS622,PAS207,08/17:36,08/17:39,08/18:18,08/18:39,0:39:00,BPN,CGK,005,10,1,1,NML,8,2025
975.,B738,9MMLP,MAS,MAS875,MAS874,08/17:25,08/17:30,08/18:18,08/18:36,0:48:00,KUL,KUL,A02,10,1,1,NML,8,2025
976.,B738,PKGFS,GIA,GIA349,GIA313,08/17:29,08/17:33,08/18:34,08/18:46,1:01:00,DPS,CGK,006,10,1,1,NML,8,2025
977.,A320,PKSAO,SJV,SJV725,SJV716,08/19:55,08/19:58,08/21:09,08/21:20,1:11:00,LBJ,LOP,010,10,1,1,NML,8,2025
978.,A320,PKBLA,BTK,BTK7503,BTK7502,08/18:11,08/18:14,08/18:56,08/19:07,0:42:09,HLP,HLP,008,10,1,1,NML,8,2025
979.,B738,PKGNA,GIA,GIA320,GIA325,08/17:41,08/17:44,08/19:10,08/19:22,1:26:00,CGK,CGK,007,10,1,1,NML,8,2025
980.,A320,PKSTA,SJV,SJV637,SJV648,08/15:35,08/15:41,08/20:27,08/20:36,4:45:17,BDJ,BPN,024,10,0,0,NML,8,2025
981.,A320,PKGQS,CTV,CTV172,CTV173,08/18:04,08/18:08,08/18:51,08/19:01,0:43:00,HLP,HLP,004,10,1,1,NML,8,2025
982.,B738MAX,9VMBI,SIA,SIA928,SIA929,08/18:20,08/18:26,08/19:21,08/19:32,0:55:58,SIN,SIN,A03,10,1,1,NML,8,2025
983.,B739,PKLHH,LNI,LNI865,LNI581,08/19:19,08/19:23,08/20:34,08/20:49,1:11:00,LOP,CGK,012,10,1,1,NML,8,2025
984.,A320,PKGQH,CTV,CTV736,CTV693,08/18:17,08/18:20,08/19:31,08/19:44,1:11:32,CGK,DPS,009,10,1,1,NML,8,2025
985.,B788,9VOFK,TGW,TGW266,TGW267,08/18:53,08/18:58,08/20:00,08/20:11,1:02:00,SIN,SIN,A07,10,1,1,NML,8,2025
986.,B738MAX,PKGDC,GIA,GIA326,GIA319,08/19:13,08/19:17,08/20:14,08/20:29,0:57:00,CGK,CGK,004,10,1,1,NML,8,2025
987.,A320,PKLAZ,BTK,BTK6586,BTK6587,08/20:32,08/20:36,08/21:52,08/22:00,1:16:00,CGK,CGK,008,10,1,1,NML,8,2025
988.,A320,PKGQF,CTV,CTV724,CTV354,08/19:42,08/19:46,08/20:31,08/20:43,0:45:00,CGK,UPG,007,10,1,1,NML,8,2025
989.,A320,PKGLG,CTV,CTV949,CTV737,08/18:29,08/18:34,08/20:54,08/21:06,2:20:00,BTH,CGK,005,10,1,1,NML,8,2025
990.,A320,PKLZH,BTK,BTK6576,BTK6575,08/22:13,08/22:19,08/23:08,08/23:19,0:49:00,CGK,CGK,15B,10,0,0,NML,8,2025
991.,B735,PKCLE,SJY,SJY567,SJY562,08/21:56,08/22:00,08/22:42,08/22:53,0:42:00,UPG,UPG,010,10,1,1,NML,8,2025
992.,B738,PKLOH,LNI,LNI885,LNI880,08/21:22,08/21:25,08/22:16,08/22:26,0:51:00,UPG,UPG,016,10,1,1,NML,8,2025
993.,A320,PKLUV,BTK,BTK6137,BTK6136,08/21:12,08/21:17,08/22:10,08/22:21,0:53:00,UPG,UPG,012,10,1,1,NML,8,2025
994.,A339,PKGHI,GIA,GIA973,GIA974,08/19:02,08/19:10,09/02:37,09/02:54,7:27:00,MED,JED,A06,10,1,1,NML,8,2025
995.,A320,PKAXY,AWQ,AWQ325,AWQ320,08/19:04,08/19:09,09/05:00,09/05:10,9:51:00,KUL,KUL,A01,28,1,1,NML,8,2025
996.,A320,PKBKY,BTK,BTK6684,BTK7508,08/19:38,08/19:42,09/05:04,09/05:14,9:21:35,AAP,HLP,021,28,0,0,NML,8,2025
997.,A320,PKSTF,SJV,SJV611,SJV610,08/08:39,08/08:43,09/05:11,09/05:21,20:28:00,BPN,BPN,025,28,0,0,NML,8,2025
998.,B739,PKLFO,LNI,LNI923,LNI786,08/18:36,08/18:40,09/05:13,09/05:23,10:33:00,DPS,UPG,018,28,0,0,NML,8,2025
999.,B738,PKGNH,GIA,GIA855,GIA301,08/20:41,09/00:06,09/05:15,09/05:25,8:28:00,SIN,CGK,005,28,1,1,NML,8,2025
1000.,A320,PKGLE,CTV,CTV699,CTV430,08/20:08,08/20:11,09/05:07,09/05:16,8:56:00,DPS,BPN,009,28,1,1,NML,8,2025
1001.,A320,PKBLD,BTK,BTK6594,BTK6132,08/23:04,08/23:08,09/05:19,09/05:29,6:11:00,CGK,LOP,016,28,1,1,NML,8,2025
1002.,B739,PKLHH,LNI,LNI690,LNI690,09/05:01,09/05:06,09/05:53,09/06:03,0:47:00,CGK,KOE,015,28,1,1,NML,8,2025
1003.,A320,PKSJL,SJV,SJV619,SJV706,08/18:24,08/18:29,09/06:07,09/06:21,11:38:00,BPN,DPS,026,28,0,0,NML,8,2025
1004.,A320,PKBKJ,BTK,BTK6413,BTK6589,08/20:47,08/20:50,09/06:00,09/06:18,9:09:46,DPS,CGK,024,28,0,0,NML,8,2025
1005.,A320,PKGLI,CTV,CTV726,CTV460,08/20:57,08/21:01,09/05:56,09/06:13,8:55:00,CGK,AAP,007,28,1,1,NML,8,2025
1006.,B739,PKLGL,LNI,LNI709,LNI882,08/19:10,08/19:15,09/05:59,09/06:17,10:43:57,UPG,UPG,C03,28,0,0,NML,8,2025
1007.,A320,V8RBA,RBA,RBA795,RBA796,08/20:01,08/20:07,09/05:45,09/05:57,9:38:00,BWN,BWN,A07,28,1,1,NML,8,2025
1008.,A320,PKPWC,PAS,PAS202,PAS213,08/18:59,08/19:01,09/05:54,09/06:04,10:53:00,CGK,CGK,006,28,1,1,NML,8,2025
1009.,A320,PKAZJ,AWQ,AWQ327,AWQ386,08/23:21,08/23:24,09/06:02,09/06:20,6:38:00,KUL,PEN,A03,28,1,1,NML,8,2025
1010.,A320,PKLAL,BTK,BTK7521,BTK6412,08/22:00,08/22:08,09/06:23,09/06:32,8:15:00,HLP,DPS,C06,10,0,0,NML,8,2025
1011.,A320,PKSTT,SJV,SJV673,SJV634,08/20:53,08/20:57,09/06:33,09/06:44,9:36:00,BEJ,BDJ,C05,10,0,0,NML,8,2025
1012.,B738,PKLDK,BTK,BTK6588,BTK6597,08/22:33,08/22:36,09/06:30,09/06:42,7:54:00,CGK,CGK,012,10,1,1,NML,8,2025
1013.,B733,PKMYJ,MYU,MYU935,MYU934,08/08:52,08/08:56,09/06:27,09/06:36,21:31:00,SRG,SIN,C02,10,0,0,NML,8,2025
1014.,B738MAX,PKOFI,AFE,AFE921,AFE921,09/05:55,09/06:00,09/06:45,09/07:00,0:45:00,CGK,TIM,005,10,1,1,NML,8,2025
1015.,A320,PKLUG,BTK,BTK6370,BTK6135,09/06:15,09/06:20,09/07:13,09/07:24,0:53:00,CGK,PKN,009,10,1,1,NML,8,2025
1016.,B739,PKLHQ,LNI,LNI311,LNI971,09/06:10,09/06:15,09/07:07,09/07:21,0:52:00,BDJ,BTH,008,10,1,1,NML,8,2025
1017.,B738,PKGUG,GIA,GIA328,GIA305,08/20:18,08/20:23,09/08:48,09/08:59,12:25:00,CGK,CGK,004,10,1,1,NML,8,2025
1018.,B738,PKGFU,GIA,GIA324,GIA854,08/21:52,08/23:16,09/07:05,09/07:19,9:07:00,CGK,SIN,A02,10,1,1,NML,8,2025
1019.,B739,PKLHI,LNI,LNI919,LNI646,08/18:49,08/18:53,09/07:09,09/07:23,12:16:00,DPS,LOP,014,10,1,1,NML,8,2025
1020.,A320,PKBLA,BTK,BTK7511,BTK7510,09/06:40,09/06:44,09/07:34,09/07:45,0:50:00,HLP,HLP,010,10,1,1,NML,8,2025
1021.,B739,PKLSH,LNI,LNI693,LNI693,09/06:55,09/06:58,09/07:40,09/07:52,0:42:00,KOE,CGK,015,10,1,1,NML,8,2025
1022.,A320,PKGQH,CTV,CTV690,CTV670,09/06:50,09/06:55,09/07:33,09/07:47,0:38:00,DPS,LOP,007,10,1,1,NML,8,2025
1023.,B739,PKLSW,LNI,LNI929,LNI982,09/07:17,09/07:21,09/08:12,09/08:23,0:51:00,DPS,PKU,016,10,1,1,NML,8,2025
1024.,A21N,B32M5,CSN,CSN8137,CSN8138,08/21:40,08/21:47,09/07:47,09/07:57,10:00:00,CAN,CAN,A04,10,1,1,NML,8,2025
1025.,AS65,CGSGJ,ZZZZ,CGSGJ,CGSGJ,08/15:18,08/15:25,09/08:22,09/08:35,16:57:08,SUB,ZZZZ,MH,10,0,0,NML,8,2025
1026.,A320,PKGQF,CTV,CTV355,CTV725,09/07:27,09/07:30,09/08:13,09/08:29,0:43:00,UPG,CGK,006,10,1,1,NML,8,2025
"1027.,A339,PKLER,LNI,LNI101,LNI102,07/16:52,09/00:40,09/07:59,09/08:12,""1 day, 15:00:00"",JED,JED,A05,10,1,1,NML,8,2025"
1028.,A333,BLBE,CPA,CPA779,CPA780,08/17:55,08/18:03,09/08:13,09/08:27,14:10:00,HKG,HKG,A08,10,1,1,NML,8,2025
1029.,B739,PKLSL,LNI,LNI267,LNI990,09/07:10,09/07:13,09/08:18,09/08:31,1:05:00,TRK,DPS,012,10,1,1,NML,8,2025
"1030.,DHC6,PKICP,PGT,PKICP,PKICP,07/10:54,07/11:00,09/08:02,09/08:07,""1 day, 21:02:00"",PAG,PAG,028,10,0,0,NML,8,2025"
1031.,B738,PKLZO,MXD,MXD352,MXD353,08/18:56,08/19:07,09/08:47,09/08:56,13:40:00,KUL,KUL,C01,10,0,0,NML,8,2025
1032.,B739,PKLHL,LNI,LNI315,LNI222,09/08:01,09/08:04,09/08:53,09/09:06,0:49:00,BDJ,BDJ,014,10,1,1,NML,8,2025
1033.,A320,PKBLD,BTK,BTK6133,BTK6391,09/08:05,09/08:09,09/08:59,09/09:10,0:50:00,LOP,CGK,008,10,1,1,NML,8,2025
1034.,A320,PKSJT,SJV,SJV649,SJV618,09/07:50,09/07:54,09/08:50,09/09:04,0:56:00,BPN,BPN,009,10,1,1,NML,8,2025
1035.,B738,PKGFV,GIA,GIA304,GIA342,09/08:15,09/08:18,09/09:18,09/09:34,1:00:49,CGK,DPS,005,10,1,1,NML,8,2025
1036.,A320,PKPWK,PAS,PAS200,PAS201,09/08:25,09/08:28,09/09:12,09/09:25,0:44:08,CGK,CGK,007,10,1,1,NML,8,2025
1037.,A320,PKGLE,CTV,CTV435,CTV434,09/08:41,09/08:44,09/09:34,09/09:49,0:50:00,BPN,BPN,006,10,1,1,NML,8,2025
1038.,B738,9MMXQ,MAS,MAS871,MAS870,09/09:02,09/09:07,09/09:56,09/10:07,0:49:00,KUL,KUL,A07,10,1,1,NML,8,2025
1039.,A359,9VSHH,SIA,SIA922,SIA923,09/08:53,09/08:58,09/09:59,09/10:13,1:01:00,SIN,SIN,A08,10,1,1,NML,8,2025
1040.,A320,PKSJO,SJV,SJV615,SJV7002,08/21:26,08/21:30,09/10:14,09/10:23,12:44:00,BPN,CGK,C04,10,0,0,NML,8,2025
1041.,A320,PKBKQ,BTK,BTK6582,BTK6585,09/11:32,09/11:35,09/13:18,09/13:36,1:43:36,CGK,CGK,008,10,1,1,NML,8,2025
1042.,A320,PKSTT,SJV,SJV635,SJV632,09/09:22,09/09:25,09/10:19,09/10:33,0:54:00,BDJ,BDJ,009,10,1,1,NML,8,2025
1043.,A320,PKGQP,CTV,CTV351,CTV350,09/09:19,09/09:23,09/10:11,09/10:28,0:48:00,UPG,UPG,004,10,1,1,NML,8,2025
1044.,A320,PKGLI,CTV,CTV461,CTV715,09/09:50,09/09:53,09/10:26,09/10:37,0:33:00,AAP,CGK,006,10,1,1,NML,8,2025
1045.,H25B,N2409K,WSA,N2409K,N2409K,09/08:19,09/08:23,09/10:40,09/10:48,2:16:10,HLP,KNO,002,10,0,0,NML,8,2025
1046.,B739,PKLJG,LNI,LNI970,LNI706,09/09:55,09/09:58,09/11:03,09/11:12,1:05:00,BTH,UPG,015,10,1,1,NML,8,2025
1047.,A320,9VTRO,TGW,TGW296,TGW297,09/09:31,09/09:37,09/10:32,09/10:40,0:55:00,SIN,SIN,A02,10,1,1,NML,8,2025
1048.,B739,PKLHI,LNI,LNI645,LNI822,09/10:19,09/10:25,09/11:20,09/11:34,0:55:53,LOP,LOP,010,10,1,1,NML,8,2025
1049.,B739,PKLGL,LNI,LNI791,LNI973,09/09:39,09/09:42,09/10:50,09/11:06,1:08:00,UPG,BTH,014,10,1,1,NML,8,2025
1050.,A320,PKPWC,PAS,PAS210,PAS211,09/09:43,09/09:47,09/10:30,09/10:45,0:43:00,CGK,CGK,005,10,1,1,NML,8,2025
1051.,A320,PKLUG,BTK,BTK6134,BTK6346,09/09:47,09/09:50,09/13:17,09/13:32,3:27:51,PKN,BEJ,007,10,1,1,NML,8,2025
1052.,A320,PKLUQ,BTK,BTK7513,BTK7516,09/10:02,09/10:07,09/10:47,09/10:57,0:40:00,HLP,HLP,012,10,1,1,NML,8,2025
1053.,A320,PKSJL,SJV,SJV703,SJV642,09/08:37,09/08:40,09/11:12,09/11:19,2:32:00,DPS,AAP,017,10,1,1,NML,8,2025
1054.,A320,PKGQH,CTV,CTV671,CTV486,09/10:25,09/10:30,09/11:17,09/11:29,0:47:57,LOP,BDJ,008,10,1,1,NML,8,2025
1055.,A320,PKAXY,AWQ,AWQ321,AWQ322,09/10:35,09/10:40,09/11:16,09/11:22,0:36:00,KUL,KUL,A03,10,1,1,NML,8,2025
1056.,B739,PKLHH,LNI,LNI697,LNI697,09/10:31,09/10:34,09/11:29,09/11:42,0:55:00,KOE,CGK,016,10,1,1,NML,8,2025
1057.,A320,PKBLA,BTK,BTK7517,BTK7520,09/10:43,09/10:46,09/11:35,09/11:47,0:49:59,HLP,HLP,006,10,1,1,NML,8,2025
1058.,B738,PKGNM,GIA,GIA322,GIA327,09/10:15,09/10:20,09/11:26,09/11:45,1:06:55,CGK,CGK,004,10,1,1,NML,8,2025
1059.,B739,PKLSU,LNI,LNI805,LNI804,09/11:00,09/11:02,09/11:57,09/12:07,0:55:00,DPS,DPS,012,10,1,1,NML,8,2025
1060.,C172,PKVIN,VIA,PKVIN,PKVIN,09/10:17,09/10:20,09/12:32,09/12:40,2:12:00,JBB,JBB,C06,10,0,0,NML,8,2025
1061.,A320,PKLAI,BTK,BTK6584,BTK6581,09/12:24,09/12:28,09/13:29,09/13:52,1:01:50,CGK,CGK,010,10,1,1,NML,8,2025
1062.,A339,PKLES,LNI,LNI101,LNI104,08/17:14,09/09:35,09/12:06,09/12:19,18:46:00,JED,JED,A06,10,1,1,NML,8,2025
1063.,A320,PKSJH,SJV,SJV717,SJV636,09/06:01,09/06:06,09/12:29,09/12:43,6:23:00,LOP,BDJ,018,10,0,0,NML,8,2025
1064.,B739,PKLHL,LNI,LNI223,LNI780,09/11:49,09/11:52,09/12:45,09/12:55,0:53:00,BDJ,UPG,015,10,1,1,NML,8,2025
1065.,B739,PKLSK,LNI,LNI694,LNI694,09/11:55,09/11:59,09/12:50,09/13:00,0:51:00,CGK,KOE,014,10,1,1,NML,8,2025
1066.,B739,PKLFO,LNI,LNI787,LNI680,09/13:33,09/13:37,09/14:26,09/14:37,0:49:04,UPG,PKY,012,10,1,1,NML,8,2025
1067.,A320,PKBKU,BTK,BTK6596,BTK6595,09/13:48,09/13:50,09/14:53,09/15:12,1:03:00,CGK,CGK,010,10,1,1,NML,8,2025
1068.,A320,PKAZJ,AWQ,AWQ387,AWQ324,09/12:38,09/12:43,09/13:20,09/13:28,0:37:00,PEN,KUL,A03,10,1,1,NML,8,2025
1069.,A320,PKPWG,PAS,PAS204,PAS205,09/12:15,09/12:18,09/13:25,09/13:42,1:07:00,CGK,CGK,005,10,1,1,NML,8,2025
1070.,B735,PKNAS,LKN,LKN671,LKN670,09/11:18,09/11:19,09/13:24,09/13:46,2:05:16,TMC,TMC,009,10,1,1,NML,8,2025
1071.,B739,PKLHI,LNI,LNI823,LNI260,09/14:22,09/14:25,09/15:22,09/15:31,0:56:40,LOP,BPN,021,10,0,0,NML,8,2025
1072.,B739,PKLHR,LNI,LNI801,LNI682,09/12:46,09/12:49,09/14:43,09/15:05,1:54:00,UPG,PKY,016,10,1,1,NML,8,2025
1073.,A320,PKGLY,CTV,CTV716,CTV717,09/13:30,09/13:34,09/14:19,09/14:29,0:44:46,CGK,CGK,006,10,1,1,RTA,8,2025
1074.,A320,PKGLY,CTV,CTV717A,CTV717A,09/14:50,09/14:52,09/16:39,09/16:49,1:47:00,SUB,CGK,025,10,0,0,NML,8,2025
1075.,A320,PKSTT,SJV,SJV633,SJV726,09/13:38,09/13:41,09/14:39,09/14:56,0:58:00,BDJ,LBJ,014,10,1,1,NML,8,2025
1076.,B738,PKLOJ,LNI,LNI839,LNI836,09/13:58,09/14:01,09/15:04,09/15:21,1:03:58,PNK,PNK,015,10,1,1,NML,8,2025
1077.,B739,PKLSW,LNI,LNI983,LNI910,09/13:50,09/13:54,09/14:51,09/15:09,0:57:54,PKU,DPS,017,10,1,1,NML,8,2025
1078.,B738,PKGUI,GIA,GIA312,GIA317,09/13:40,09/13:43,09/14:40,09/14:52,0:56:36,CGK,CGK,005,10,1,1,NML,8,2025
1079.,A320,PKLUW,BTK,BTK7515,BTK7514,09/14:32,09/14:35,09/15:27,09/15:38,0:52:24,HLP,HLP,008,10,1,1,NML,8,2025
1080.,A320,PKGLE,CTV,CTV431,CTV668,09/13:44,09/13:48,09/14:41,09/15:00,0:52:35,BPN,DPS,004,10,1,1,NML,8,2025
1081.,A320,PKGQH,CTV,CTV487,CTV948,09/14:04,09/14:07,09/14:58,09/15:17,0:50:30,BDJ,BTH,003,10,0,0,NML,8,2025
1082.,B739,PKLQR,LNI,LNI261,LNI886,09/14:12,09/14:16,09/15:26,09/15:36,1:09:18,BPN,UPG,018,10,0,0,NML,8,2025
1083.,A320,PKPWE,PAS,PAS208,PAS209,09/13:54,09/13:58,09/14:58,09/15:19,0:59:39,CGK,CGK,009,10,1,1,NML,8,2025
1084.,B738,PKGNC,GIA,GIA330,GIA331,09/14:41,09/14:46,09/15:39,09/15:54,0:53:00,HLP,HLP,007,10,1,1,NML,8,2025
1085.,A320,PKBLA,BTK,BTK7501,BTK6685,09/15:47,09/15:52,09/16:39,09/16:53,0:47:00,HLP,AAP,009,10,1,1,NML,8,2025
1086.,B739,PKLSU,LNI,LNI919,LNI642,09/14:54,09/14:57,09/15:58,09/16:09,1:01:00,DPS,LOP,014,10,1,1,NML,8,2025
1087.,A320,PKLUJ,BTK,BTK6406,BTK7512,09/15:50,09/15:53,09/16:42,09/16:54,0:49:00,CGK,HLP,008,10,1,1,NML,8,2025
1088.,B738,9MMXK,MAS,MAS873,MAS872,09/14:58,09/15:05,09/15:54,09/16:06,0:49:00,KUL,KUL,A07,10,1,1,NML,8,2025
1089.,A320,PKLUG,BTK,BTK6347,BTK6401,09/17:49,09/17:54,09/18:40,09/18:50,0:46:18,BEJ,CGK,15B,10,0,0,NML,8,2025
1090.,B738,PKGFF,GIA,GIA310,GIA315,09/15:29,09/15:33,09/16:36,09/16:47,1:03:00,CGK,CGK,004,10,1,1,NML,8,2025
1091.,A320,PKSJH,SJV,SJV637,SJV648,09/15:33,09/15:36,09/16:31,09/16:42,0:55:00,BDJ,BPN,010,10,1,1,NML,8,2025
1092.,A320,PKPWL,PAS,PAS206,PAS623,09/15:57,09/15:59,09/16:43,09/16:58,0:44:00,CGK,BPN,005,10,1,1,NML,8,2025
1093.,B739,PKLQT,LNI,LNI707,LNI268,09/14:49,09/14:52,09/16:35,09/16:45,1:43:00,UPG,TRK,012,10,1,1,NML,8,2025
1094.,B739,PKLSH,LNI,LNI692,LNI692,09/15:54,09/15:57,09/16:47,09/17:00,0:50:00,CGK,KOE,015,10,1,1,NML,8,2025
1095.,B738MAX,PKOFI,AFE,AFE920,AFE920,09/16:02,09/16:05,09/16:37,09/16:47,0:32:00,TIM,CGK,006,10,1,1,NML,8,2025
1096.,B739,PKLHQ,LNI,LNI972,LNI316,09/16:56,09/16:59,09/18:04,09/18:19,1:05:00,BTH,BDJ,012,10,1,1,NML,8,2025
1097.,A320,PKSAA,SJV,SJV363,SJV362,09/17:25,09/17:30,09/18:17,09/18:32,0:47:35,KNO,KNO,010,10,1,1,NML,8,2025
1098.,B739,PKLFO,LNI,LNI681,LNI226,09/18:06,09/18:12,09/19:25,09/19:37,1:13:36,PKY,BDJ,014,10,1,1,NML,8,2025
1099.,A320,PKLUQ,BTK,BTK7503,BTK7579,09/18:52,09/18:55,09/20:02,09/20:13,1:07:00,HLP,CGK,008,10,1,1,NML,8,2025
1100.,A320,PKGLI,CTV,CTV669,CTV698,09/16:28,09/16:31,09/17:23,09/17:36,0:52:00,DPS,DPS,007,10,1,1,NML,8,2025
"1101.,AW139,PKTVN,TVR,PKTVN,PKTVN,30/09:16,30/09:19,09/17:36,09/17:48,""10 days, 8:17:00"",ZZZZ,ZZZZ,H02,10,0,0,NML,8,2025"
1102.,B738,PKLOR,LNI,LNI837,LNI838,09/07:55,09/07:59,09/17:32,09/17:44,9:33:00,PNK,PNK,024,10,0,0,NML,8,2025
1103.,A320,PKAXY,AWQ,AWQ323,AWQ326,09/18:01,09/18:06,09/18:36,09/18:44,0:30:00,KUL,KUL,A03,10,1,1,NML,8,2025
1104.,B739,PKLHR,LNI,LNI683,LNI581,09/20:06,09/20:10,09/20:45,09/20:56,0:35:00,PKY,CGK,014,10,1,1,NML,8,2025
1105.,B739,PKLSW,LNI,LNI923,LNI920,09/17:46,09/17:52,09/18:46,09/18:58,0:54:00,DPS,DPS,016,10,1,1,NML,8,2025
1106.,A320,PKPWA,PAS,PAS622,PAS207,09/17:29,09/17:32,09/18:16,09/18:26,0:44:07,BPN,CGK,006,10,1,1,NML,8,2025
1107.,B738,PKGFV,GIA,GIA349,GIA313,09/17:34,09/17:37,09/18:26,09/18:39,0:49:56,DPS,CGK,005,10,1,1,NML,8,2025
1108.,A320,PKBKG,BTK,BTK6576,BTK7518,09/20:16,09/20:20,09/21:27,09/21:38,1:07:00,CGK,CGK,009,10,1,1,NML,8,2025
1109.,A320,PKSTT,SJV,SJV725,SJV716,09/18:17,09/18:24,09/19:10,09/19:24,0:46:00,LBJ,LOP,009,10,1,1,NML,8,2025
1110.,A320,PKLUT,BTK,BTK7519,BTK7502,09/19:08,09/19:12,09/19:49,09/19:59,0:37:00,HLP,HLP,010,10,1,1,NML,8,2025
1111.,B733,PKMYJ,MYU,MYU935,MYU815,09/14:16,09/14:20,09/14:58,09/15:08,0:37:12,SRG,CGK,C02,10,0,0,NML,8,2025
1112.,B738,PKGFR,GIA,GIA320,GIA325,09/17:37,09/17:42,09/18:49,09/19:02,1:07:00,CGK,CGK,004,10,1,1,NML,8,2025
1113.,A320,PKGQS,CTV,CTV172,CTV173,09/18:29,09/18:33,09/19:09,09/19:26,0:35:13,HLP,HLP,006,10,1,1,NML,8,2025
1114.,B738MAX,9VMBE,SIA,SIA928,SIA929,09/18:10,09/18:15,09/19:04,09/19:22,0:49:00,SIN,SIN,A07,10,1,1,NML,8,2025
1115.,A320,PKLUO,BTK,BTK6594,BTK6575,09/21:28,09/21:34,09/22:36,09/22:50,1:02:00,CGK,CGK,009,10,1,1,NML,8,2025
1116.,A320,PKGQQ,CTV,CTV736,CTV352,09/18:13,09/18:17,09/19:04,09/19:20,0:46:56,CGK,UPG,007,10,1,1,NML,8,2025
1117.,B738MAX,PKGDC,GIA,GIA326,GIA319,09/20:02,09/20:05,09/20:47,09/21:01,0:42:00,CGK,CGK,004,10,1,1,NML,8,2025
1118.,A320,PKGLI,CTV,CTV699,CTV737,09/20:09,09/20:13,09/20:53,09/21:06,0:40:00,DPS,CGK,007,10,1,1,NML,8,2025
1119.,B735,PKCLH,SJY,SJY567,SJY562,09/21:11,09/21:14,09/21:53,09/22:06,0:39:00,UPG,UPG,010,10,1,1,NML,8,2025
1120.,B738,PKLOH,LNI,LNI885,LNI880,09/20:26,09/20:30,09/21:20,09/21:37,0:50:00,UPG,UPG,15B,10,0,0,NML,8,2025
1121.,A320,PKGQF,CTV,CTV949,CTV354,09/21:08,09/21:11,09/21:47,09/22:00,0:36:00,BTH,UPG,007,10,1,1,NML,8,2025
1122.,A320,PKBLA,BTK,BTK6684,BTK6136,09/20:20,09/20:24,09/21:49,09/22:03,1:25:00,AAP,UPG,012,10,1,1,NML,8,2025
1123.,A320,PKLUK,BTK,BTK6137,BTK7508,09/22:58,09/23:03,10/04:55,10/05:06,5:52:00,UPG,HLP,15B,28,0,0,NML,8,2025
1124.,A320,PKSAG,SJV,SJV619,SJV610,09/17:59,09/18:03,10/05:02,10/05:13,10:58:28,BPN,BPN,17A,28,0,0,NML,8,2025
1125.,B739,PKLSU,LNI,LNI865,LNI878,09/18:34,09/18:38,10/05:16,10/05:25,10:37:04,LOP,AMQ,15A,28,0,0,NML,8,2025
1126.,B739,PKLSK,LNI,LNI695,LNI786,09/17:41,09/17:47,10/05:23,10/05:34,11:36:00,KOE,UPG,17B,28,0,0,NML,8,2025
1127.,B738,PKGMX,GIA,GIA324,GIA301,09/21:24,09/21:28,10/05:08,10/05:18,7:40:00,CGK,CGK,004,28,1,1,NML,8,2025
1128.,A320,PKGLU,CTV,CTV726,CTV430,09/21:04,09/21:07,10/05:01,10/05:11,7:54:00,CGK,BPN,008,28,1,1,NML,8,2025
1129.,A320,PKLUU,BTK,BTK6578,BTK6132,09/22:54,09/22:57,10/05:13,10/05:22,6:16:00,CGK,LOP,012,28,1,1,NML,8,2025
1130.,B739,PKLQR,LNI,LNI709,LNI882,09/19:17,09/19:22,10/05:32,10/05:40,10:10:09,UPG,UPG,024,28,0,0,NML,8,2025
1131.,A320,PKAXY,AWQ,AWQ327P,AWQ320,10/05:09,10/05:12,10/05:45,10/05:55,0:33:00,KUL,KUL,A03,28,1,1,NML,8,2025
1132.,A339,PKGHI,GIA,GIA975,GIA974,10/02:30,10/02:39,10/05:40,10/05:53,3:01:00,JED,JED,A07,28,1,1,NML,8,2025
1133.,B739,PKLFK,LNI,LNI690,LNI690,10/05:01,10/05:08,10/05:57,10/06:05,0:49:00,CGK,KOE,010,28,1,1,NML,8,2025
1134.,A320,PKGQQ,CTV,CTV353,CTV670,10/05:04,10/05:12,10/05:53,10/06:03,0:41:00,UPG,LOP,007,28,1,1,NML,8,2025
1135.,A320,PKGLG,CTV,CTV724,CTV460,09/19:38,09/19:40,10/05:59,10/06:11,10:19:00,CGK,AAP,003,10,0,0,NML,8,2025
1136.,B738,PKLOR,LNI,LNI837,LNI868,10/08:13,10/08:17,10/09:09,10/09:22,0:52:00,PNK,TTE,014,10,1,1,NML,8,2025
1137.,A320,PKSJL,SJV,SJV643,SJV706,09/15:02,09/15:08,10/05:59,10/06:13,14:50:06,AAP,DPS,026,10,0,0,NML,8,2025
1138.,A320,PKSJT,SJV,SJV617,SJV640,09/18:59,09/19:03,10/06:08,10/06:17,11:04:30,BPN,AAP,021,10,0,0,NML,8,2025
1139.,B738,PKLBW,BTK,BTK6588,BTK6589,09/21:46,09/21:50,10/05:58,10/06:09,8:08:00,CGK,CGK,016,10,1,1,NML,8,2025
1140.,A320,PKPWD,PAS,PAS202,PAS213,09/18:55,09/18:59,10/06:02,10/06:15,11:03:00,CGK,CGK,005,10,1,1,NML,8,2025
1141.,A320,PKLAL,BTK,BTK6413,BTK6412,09/19:41,09/19:45,10/06:19,10/06:27,10:34:00,DPS,DPS,025,10,0,0,NML,8,2025
1142.,A320,PKSJU,SJV,SJV717,SJV634,10/06:07,10/06:13,10/07:18,10/07:27,1:05:00,LOP,BDJ,009,28,1,1,NML,8,2025
"1143.,A320,PKSGB,SJV,SJV673,SJV566,06/20:39,08/00:11,10/07:20,10/07:25,""3 days, 10:37:00"",BEJ,PLW,020,28,0,0,NML,8,2025"
1144.,A320,PKLUZ,BTK,BTK7521,BTK6135,09/21:20,09/21:26,10/07:48,10/07:59,10:22:00,HLP,PKN,014,28,1,1,NML,8,2025
1145.,B739,PKLHQ,LNI,LNI311,LNI971,10/05:59,10/06:04,10/07:00,10/07:10,0:56:00,BDJ,BTH,012,28,1,1,NML,8,2025
1146.,B738,PKGFU,GIA,GIA855,GIA305,09/20:35,09/22:53,10/06:54,10/07:06,10:13:00,SIN,CGK,006,28,1,1,NML,8,2025
1147.,B738,PKGFP,GIA,GIA328,GIA854,09/20:42,09/22:26,10/06:52,10/07:02,10:05:00,CGK,SIN,A02,28,1,1,NML,8,2025
"1148.,B739,PKLGU,LNI,LNI311,LNI646,07/05:58,07/06:03,10/07:39,10/07:48,""3 days, 1:36:00"",BDJ,LOP,022,28,0,0,NML,8,2025"
1149.,A320,PKLUT,BTK,BTK7511,BTK7510,10/06:33,10/06:40,10/07:34,10/07:42,0:54:00,HLP,HLP,008,28,1,1,NML,8,2025
1150.,A320,PKAZJ,AWQ,AWQ325,AWQ392,09/19:12,09/19:17,10/07:21,10/07:33,12:04:00,KUL,JHB,A01,28,1,1,NML,8,2025
1151.,A320,PKBKU,BTK,BTK6572,BTK6573,10/06:59,10/07:07,10/08:05,10/08:19,0:58:00,CGK,CGK,010,10,1,1,NML,8,2025
1152.,B739,PKLSH,LNI,LNI693,LNI693,10/06:49,10/06:55,10/07:46,10/07:55,0:51:00,KOE,CGK,015,28,1,1,NML,8,2025
1153.,B739,PKLSY,LNI,LNI929,LNI990,10/07:04,10/07:09,10/08:23,10/08:34,1:14:00,DPS,DPS,012,10,1,1,NML,8,2025
1154.,B739,PKLQT,LNI,LNI267,LNI856,10/07:08,10/07:12,10/08:15,10/08:35,1:03:00,TRK,PLM,017,10,1,1,NML,8,2025
1155.,B739,PKLFO,LNI,LNI315,LNI682,10/06:37,10/06:42,10/08:05,10/08:16,1:23:00,BDJ,PKY,016,10,1,1,NML,8,2025
1156.,A320,PKGQF,CTV,CTV355,CTV725,10/07:16,10/07:22,10/08:11,10/08:27,0:49:00,UPG,CGK,006,10,1,1,NML,8,2025
1157.,A333,BLBG,CPA,CPA779,CPA780,09/17:54,09/18:02,10/08:09,10/08:23,14:07:00,HKG,HKG,A08,10,1,1,NML,8,2025
1158.,B738,PKGUD,GIA,GIA314,GIA323,10/07:12,10/07:21,10/08:29,10/08:42,1:08:00,CGK,CGK,004,10,1,1,NML,8,2025
1159.,B738,PKLBS,MXD,MXD352,MXD353,09/18:47,09/18:57,10/08:36,10/08:46,13:39:00,KUL,KUL,A04,10,1,1,NML,8,2025
1160.,A320,PKLUU,BTK,BTK6133,BTK6391,10/07:57,10/08:03,10/08:52,10/09:02,0:49:00,LOP,CGK,008,10,1,1,NML,8,2025
"1161.,B738,PKLJQ,LNI,LNI727,LNI748,08/18:27,08/18:31,10/09:46,10/09:56,""1 day, 15:15:00"",KDI,MDC,023,10,0,0,NML,8,2025"
1162.,B738,PKGNH,GIA,GIA304,GIA342,10/08:17,10/08:21,10/09:16,10/09:31,0:55:00,CGK,DPS,005,10,1,1,NML,8,2025
1163.,A320,PKSJL,SJV,SJV703,SJV612,10/08:32,10/08:37,10/09:28,10/09:39,0:51:00,DPS,BPN,010,10,1,1,NML,8,2025
1164.,A320,PKGQQ,CTV,CTV671,CTV486,10/08:29,10/08:33,10/09:24,10/09:35,0:51:00,LOP,BDJ,009,10,1,1,NML,8,2025
1165.,A320,PKPWK,PAS,PAS200,PAS201,10/08:21,10/08:24,10/09:08,10/09:18,0:44:00,CGK,CGK,006,10,1,1,NML,8,2025
1166.,A320,PKGLU,CTV,CTV435,CTV434,10/08:35,10/08:39,10/09:32,10/09:43,0:53:00,BPN,BPN,007,10,1,1,NML,8,2025
1167.,B739,PKLHO,LNI,LNI791,LNI222,10/09:33,10/09:37,10/10:33,10/10:46,0:56:00,UPG,BDJ,015,10,1,1,NML,8,2025
1168.,B738,9MMSB,MAS,MAS871,MAS870,10/08:56,10/09:01,10/09:58,10/10:16,0:57:00,KUL,KUL,A07,10,1,1,NML,8,2025
1169.,B735,PKNAT,LKN,LKN243,LKN242,10/09:13,10/09:17,10/09:56,10/10:08,0:39:00,SMQ,SMQ,012,10,1,1,NML,8,2025
1170.,A359,9VSHD,SIA,SIA922,SIA923,10/08:51,10/08:57,10/09:56,10/10:09,0:59:00,SIN,SIN,A08,10,1,1,NML,8,2025
1171.,A320,PKBKV,BTK,BTK6584,BTK6585,10/10:17,10/10:21,10/11:24,10/11:37,1:03:00,CGK,CGK,007,10,1,1,NML,8,2025
1172.,A320,PKGQP,CTV,CTV351,CTV350,10/09:20,10/09:23,10/10:11,10/10:23,0:48:51,UPG,UPG,008,10,1,1,NML,8,2025
1173.,A320,PKSAS,SJV,SJV7005,SJV632,10/08:01,10/08:05,10/11:04,10/11:14,2:59:22,DPS,BDJ,020,10,0,0,NML,8,2025
1174.,A320,PKGLG,CTV,CTV461,CTV715,10/09:41,10/09:45,10/10:33,10/10:44,0:48:00,AAP,CGK,006,10,1,1,NML,8,2025
1175.,B739,PKLGU,LNI,LNI645,LNI822,10/10:21,10/10:24,10/11:09,10/11:20,0:44:40,LOP,LOP,023,10,0,0,NML,8,2025
1176.,A20N,9VTNF,TGW,TGW296,TGW297,10/09:29,10/09:34,10/10:29,10/10:38,0:55:00,SIN,SIN,A02,10,1,1,NML,8,2025
1177.,A320,PKPWD,PAS,PAS210,PAS211,10/09:37,10/09:41,10/10:30,10/10:42,0:49:03,CGK,CGK,004,10,1,1,NML,8,2025
1178.,B739,PKLGL,LNI,LNI970,LNI973,10/09:52,10/09:55,10/10:45,10/10:54,0:50:00,BTH,BTH,010,10,1,1,NML,8,2025
1179.,A320,PKLUJ,BTK,BTK7513,BTK7516,10/10:11,10/10:15,10/11:08,10/11:21,0:53:11,HLP,HLP,009,10,1,1,NML,8,2025
1180.,B739,PKLGW,LNI,LNI805,LNI706,10/10:56,10/11:00,10/11:57,10/12:08,0:56:36,DPS,UPG,015,10,1,1,NML,8,2025
1181.,B739,PKLFK,LNI,LNI697,LNI697,10/10:36,10/10:39,10/11:53,10/12:02,1:13:21,KOE,CGK,016,10,1,1,NML,8,2025
1182.,B738,PKGNM,GIA,GIA322,GIA327,10/10:14,10/10:19,10/11:29,10/11:44,1:10:00,CGK,CGK,005,10,1,1,NML,8,2025
1183.,A320,PKLUT,BTK,BTK7517,BTK7520,10/10:48,10/10:54,10/11:48,10/11:59,0:54:25,HLP,HLP,008,10,1,1,NML,8,2025
1184.,A320,PKAXY,AWQ,AWQ321,AWQ322,10/11:27,10/11:32,10/12:04,10/12:15,0:32:00,KUL,KUL,A03,10,1,1,NML,8,2025
1185.,B739,PKLHI,LNI,LNI367,LNI262,10/10:52,10/10:54,10/11:48,10/11:58,0:53:10,BPN,BPN,014,10,1,1,NML,8,2025
1186.,C172,PKVIN,VIA,PKVIN,PKVIN,10/11:36,10/11:40,10/11:59,10/12:09,0:18:13,JBB,JBB,C06,10,0,0,NML,8,2025
1187.,A320,PKLUG,BTK,BTK6582,BTK6581,10/11:40,10/11:44,10/13:23,10/13:37,1:38:42,CGK,CGK,009,10,1,1,NML,8,2025
1188.,A339,PKLER,LNI,LNI103,LNI104,10/08:24,10/08:33,10/12:08,10/12:23,3:35:00,JED,JED,A06,10,1,1,NML,8,2025
1189.,A320,PKSGB,SJV,SJV567,SJV636,10/12:45,10/12:49,10/13:44,10/13:57,0:55:00,PLW,BDJ,008,10,1,1,NML,8,2025
1190.,B739,PKLSH,LNI,LNI694,LNI694,10/12:38,10/12:42,10/13:34,10/13:46,0:52:00,CGK,KOE,012,10,1,1,NML,8,2025
1191.,B735,PKNAQ,LKN,LKN193,LKN192,10/11:30,10/11:33,10/12:24,10/12:33,0:50:59,PKN,PKN,010,10,1,1,NML,8,2025
1192.,B739,PKLQT,LNI,LNI857,LNI780,10/12:41,10/12:45,10/13:38,10/13:52,0:53:00,PLM,UPG,015,10,1,1,NML,8,2025
1193.,B738,PKLOR,LNI,LNI869,LNI722,10/15:27,10/15:32,10/16:27,10/16:37,0:55:00,TTE,KDI,018,10,0,0,NML,8,2025
1194.,B739,PKLSK,LNI,LNI787,LNI680,10/13:50,10/13:52,10/14:49,10/15:00,0:57:00,UPG,PKY,014,10,1,1,NML,8,2025
1195.,A320,PKAZJ,AWQ,AWQ393,AWQ324,10/12:13,10/12:18,10/13:26,10/13:40,1:08:00,JHB,KUL,A01,10,1,1,NML,8,2025
1196.,A320,PKPWJ,PAS,PAS204,PAS205,10/11:50,10/11:53,10/13:14,10/13:30,1:21:00,CGK,CGK,005,10,1,1,NML,8,2025
1197.,B739,PKLHO,LNI,LNI223,LNI804,10/13:46,10/13:50,10/14:46,10/14:56,0:56:00,BDJ,DPS,016,10,1,1,NML,8,2025
1198.,A320,PKGQQ,CTV,CTV487,CTV668,10/12:06,10/12:09,10/13:17,10/13:33,1:08:00,BDJ,DPS,007,10,1,1,NML,8,2025
1199.,B739,PKLGU,LNI,LNI823,LNI260,10/14:12,10/14:15,10/15:06,10/15:21,0:51:00,LOP,BPN,012,10,1,1,NML,8,2025
"1200.,GL5T,MJGVJ,EJS,MJGVJ,MJGVJ,09/10:11,09/10:15,10/15:32,10/15:42,""1 day, 5:17:00"",HLP,HLP,001,10,0,0,NML,8,2025"
1201.,A320,PKBKJ,BTK,BTK6596,BTK6595,10/13:43,10/13:49,10/14:56,10/15:09,1:07:00,CGK,CGK,010,10,1,1,NML,8,2025
1202.,A320,PKGQN,CTV,CTV716,CTV717,10/13:28,10/13:32,10/14:29,10/14:41,0:57:00,CGK,CGK,006,10,1,1,NML,8,2025
1203.,B738,PKLOJ,LNI,LNI839,LNI836,10/12:53,10/12:55,10/14:16,10/14:25,1:21:00,PNK,PNK,011,10,1,1,NML,8,2025
1204.,A320,PKSAS,SJV,SJV633,SJV726,10/14:05,10/14:08,10/15:06,10/15:20,0:58:00,BDJ,LBJ,015,10,1,1,NML,8,2025
"1205.,A339,PKLET,LNI,LNI105,LNI106,07/12:04,10/12:54,10/14:33,10/14:46,""3 days, 2:25:00"",JED,JED,A06,10,1,1,NML,8,2025"
1206.,A320,PKGLU,CTV,CTV431,CTV948,10/13:35,10/13:38,10/14:21,10/14:32,0:43:00,BPN,BTH,009,10,1,1,NML,8,2025
1207.,B738,PKGUF,GIA,GIA312,GIA317,10/13:38,10/13:42,10/14:37,10/14:52,0:55:00,CGK,CGK,004,10,1,1,NML,8,2025
1208.,A320,PKLUP,BTK,BTK7515,BTK7514,10/13:58,10/14:02,10/14:50,10/15:02,0:48:00,HLP,HLP,008,10,1,1,NML,8,2025
1209.,A320,PKPWE,PAS,PAS208,PAS209,10/13:54,10/13:57,10/14:57,10/15:11,1:00:00,CGK,CGK,007,10,1,1,NML,8,2025
1210.,A320,PKBKR,BTK,BTK6406,BTK6401,10/15:17,10/15:22,10/16:16,10/16:28,0:54:00,CGK,CGK,008,10,1,1,NML,8,2025
1211.,B738,PKGMC,GIA,GIA330,GIA331,10/14:16,10/14:21,10/15:09,10/15:23,0:48:00,HLP,HLP,005,10,1,1,NML,8,2025
1212.,B739,PKLSU,LNI,LNI879,LNI581,10/14:50,10/14:54,10/15:56,10/16:05,1:02:00,AMQ,CGK,011,10,1,1,NML,8,2025
1213.,A320,PKLUZ,BTK,BTK6134,BTK6685,10/10:25,10/10:28,10/15:22,10/15:33,4:53:08,PKN,AAP,024,10,0,0,NML,8,2025
1214.,A320,PKLUT,BTK,BTK7501,BTK7512,10/15:13,10/15:16,10/15:59,10/16:09,0:43:00,HLP,HLP,010,10,1,1,NML,8,2025
1215.,A320,PKBLD,BTK,BTK6578,BTK7579,10/15:04,10/15:09,10/15:50,10/15:59,0:41:00,CGK,CGK,009,10,1,1,NML,8,2025
1216.,B738,9MMLV,MAS,MAS873,MAS872,10/14:58,10/15:04,10/15:54,10/16:08,0:50:00,KUL,KUL,A08,10,1,1,NML,8,2025
1217.,B739,PKLGW,LNI,LNI707,LNI642,10/15:30,10/15:33,10/16:17,10/16:25,0:44:00,UPG,LOP,014,10,1,1,NML,8,2025
1218.,A320,PKSJT,SJV,SJV643,SJV672,10/15:06,10/15:11,10/16:13,10/16:22,1:02:00,AAP,BEJ,017,10,1,1,NML,8,2025
1219.,A320,PKSGB,SJV,SJV637,SJV648,10/16:44,10/16:49,10/17:52,10/18:05,1:03:00,BDJ,BPN,009,10,1,1,NML,8,2025
1220.,B738,PKGFJ,GIA,GIA310,GIA315,10/15:34,10/15:38,10/16:33,10/16:49,0:55:00,CGK,CGK,004,10,1,1,NML,8,2025
1221.,B739,PKLHJ,LNI,LNI692,LNI910,10/17:08,10/17:11,10/18:08,10/18:22,0:57:00,CGK,DPS,010,10,1,1,NML,8,2025
1222.,B739,PKLSO,LNI,LNI261,LNI268,10/15:40,10/15:44,10/16:57,10/17:10,1:13:00,BPN,TRK,015,10,1,1,NML,8,2025
1223.,A320,PKPWI,PAS,PAS206,PAS623,10/15:37,10/15:39,10/16:32,10/16:46,0:53:00,CGK,BPN,005,10,1,1,NML,8,2025
1224.,B739,PKLFO,LNI,LNI683,LNI692,10/15:24,10/15:28,10/18:17,10/18:32,2:49:00,PKY,KOE,020,10,0,0,NML,8,2025
1225.,B739,PKLHQ,LNI,LNI972,LNI316,10/17:03,10/17:07,10/18:11,10/18:23,1:04:00,BTH,BDJ,014,10,1,1,NML,8,2025
1226.,A320,PKLUS,BTK,BTK7519,BTK7518,10/18:17,10/18:21,10/19:11,10/19:23,0:50:00,HLP,CGK,010,10,1,1,NML,8,2025
1227.,B739,PKLSK,LNI,LNI681,LNI226,10/17:44,10/17:48,10/18:51,10/19:05,1:03:00,PKY,BDJ,012,10,1,1,NML,8,2025
1228.,A320,PKGLG,CTV,CTV669,CTV698,10/16:20,10/16:23,10/17:22,10/17:33,0:59:00,DPS,DPS,006,10,1,1,NML,8,2025
1229.,B738,PKLJQ,LNI,LNI749,LNI838,10/16:30,10/16:34,10/18:03,10/18:14,1:29:00,MDC,PNK,011,10,1,1,NML,8,2025
1230.,A320,PKAZN,AWQ,AWQ323,AWQ326,10/18:09,10/18:15,10/19:05,10/19:17,0:50:00,KUL,KUL,A03,10,1,1,NML,8,2025
1231.,B739,PKLHO,LNI,LNI919,LNI920,10/17:36,10/17:41,10/18:39,10/18:50,0:58:00,DPS,DPS,016,10,1,1,NML,8,2025
1232.,A320,PKPWG,PAS,PAS622,PAS207,10/17:13,10/17:17,10/18:15,10/18:30,0:58:00,BPN,CGK,007,10,1,1,NML,8,2025
1233.,B738,PKGUH,GIA,GIA320,GIA313,10/18:06,10/18:10,10/19:09,10/19:27,0:59:00,CGK,CGK,005,10,1,1,NML,8,2025
1234.,A320,PKSAS,SJV,SJV725,SJV716,10/19:03,10/19:06,10/19:56,10/20:11,0:50:00,LBJ,LOP,011,10,1,1,NML,8,2025
1235.,A320,PKLUJ,BTK,BTK7503,BTK7502,10/18:01,10/18:05,10/18:48,10/19:01,0:43:00,HLP,HLP,015,10,1,1,NML,8,2025
1236.,B738,PKGNH,GIA,GIA349,GIA325,10/17:20,10/17:23,10/18:52,10/19:10,1:29:00,DPS,CGK,004,10,1,1,NML,8,2025
1237.,B738MAX,9VMBQ,SIA,SIA928,SIA929,10/18:12,10/18:18,10/19:14,10/19:29,0:56:00,SIN,SIN,A06,10,1,1,NML,8,2025
1238.,A320,PKGQF,CTV,CTV736,CTV352,10/18:27,10/18:31,10/19:27,10/19:40,0:55:35,CGK,UPG,006,10,1,1,NML,8,2025
1239.,B788,9VOFM,TGW,TGW266,TGW267,10/18:47,10/18:53,10/19:51,10/20:03,0:58:00,SIN,SIN,A07,10,1,1,NML,8,2025
1240.,A320,PKGLX,CTV,CTV724,CTV693,10/19:12,10/19:16,10/19:51,10/20:09,0:35:00,CGK,DPS,007,10,1,1,NML,8,2025
1241.,B738,PKGDC,GIA,GIA326,GIA319,10/19:14,10/19:18,10/20:13,10/20:21,0:55:00,CGK,CGK,004,10,1,1,NML,8,2025
1242.,A320,PKLUZ,BTK,BTK6684,BTK6575,10/19:07,10/19:10,10/21:21,10/21:29,2:11:00,AAP,CGK,012,10,1,1,NML,8,2025
1243.,A320,PKLUR,BTK,BTK6586,BTK6587,10/21:37,10/21:42,10/22:30,10/22:41,0:48:00,CGK,CGK,010,10,1,1,NML,8,2025
1244.,A320,PKGLG,CTV,CTV699,CTV737,10/20:23,10/20:27,10/21:01,10/21:11,0:34:00,DPS,CGK,008,10,1,1,NML,8,2025
1245.,B735,PKCLH,SJY,SJY567,SJY562,10/20:54,10/20:57,10/21:38,10/21:55,0:41:00,UPG,UPG,011,10,1,1,NML,8,2025
1246.,B738,PKLOH,LNI,LNI885,LNI880,10/20:17,10/20:21,10/21:17,10/21:27,0:56:00,UPG,UPG,15A,10,0,0,NML,8,2025
1247.,A320,PKGQG,CTV,CTV949,CTV354,10/21:02,10/21:06,10/21:38,10/21:52,0:32:00,BTH,UPG,007,10,1,1,NML,8,2025
1248.,A320,PKLUP,BTK,BTK7521,BTK6136,10/21:49,10/21:52,10/22:37,10/22:45,0:45:00,HLP,UPG,008,10,1,1,NML,8,2025
1249.,A320,PKSAE,SJV,SJV615,SJV610,10/20:39,10/20:43,11/05:02,11/05:12,8:19:00,BPN,BPN,026,28,0,0,NML,8,2025
1250.,A320,PKLAI,BTK,BTK6594,BTK7508,10/23:23,10/23:26,11/05:02,11/05:10,5:36:00,CGK,HLP,011,28,1,1,NML,8,2025
1251.,B733F,PKMYV,MYU,MYU935,MYU815,10/13:31,10/13:35,11/04:55,11/05:05,15:20:00,SRG,CGK,C02,28,0,0,NML,8,2025
1252.,B739,PKLFY,LNI,LNI709,LNI878,10/18:54,10/18:58,11/05:04,11/05:16,10:06:00,UPG,AMQ,014,28,1,1,NML,8,2025
1253.,A320,PKAZJ,AWQ,AWQ325,AWQ320,10/19:19,10/19:24,11/05:02,11/05:14,9:38:00,KUL,KUL,A01,28,1,1,NML,8,2025
1254.,B739,PKLSH,LNI,LNI695,LNI786,10/18:19,10/18:24,11/05:08,11/05:22,10:44:00,KOE,UPG,018,28,0,0,NML,8,2025
1255.,A320,PKGLY,CTV,CTV726,CTV430,10/20:36,10/20:39,11/05:06,11/05:20,8:27:00,CGK,BPN,006,28,1,1,NML,8,2025
1256.,B738,PKGNF,GIA,GIA328,GIA301,10/20:00,10/20:03,11/05:04,11/05:17,9:01:00,CGK,CGK,005,28,1,1,NML,8,2025
1257.,A320,PKBLC,BTK,BTK6576,BTK6132,10/20:12,10/20:16,11/05:15,11/05:24,8:59:00,CGK,LOP,016,28,1,1,NML,8,2025
1258.,B739,PKLGW,LNI,LNI865,LNI882,10/18:43,10/18:46,11/05:29,11/05:40,10:42:00,LOP,UPG,023,28,0,0,NML,8,2025
1259.,B739,PKLGJ,LNI,LNI690,LNI690,11/05:02,11/05:11,11/06:04,11/06:14,0:53:00,CGK,KOE,010,28,1,1,NML,8,2025
1260.,A320,PKGLX,CTV,CTV690,CTV460,10/22:29,10/22:34,11/05:49,11/05:56,7:15:00,DPS,AAP,007,28,1,1,NML,8,2025
1261.,A320,PKGQG,CTV,CTV353,CTV670,11/05:05,11/05:14,11/05:54,11/06:02,0:40:00,UPG,LOP,008,28,1,1,NML,8,2025
1262.,B738,PKLOR,LNI,LNI727,LNI868,10/20:44,10/20:48,11/05:55,11/06:07,9:07:00,KDI,TTE,020,28,0,0,NML,8,2025
1263.,A320,PKBKV,BTK,BTK6137,BTK6589,10/22:38,10/22:41,11/06:26,11/06:37,7:45:00,UPG,CGK,15A,28,0,0,NML,8,2025
1264.,A320,PKSJT,SJV,SJV673,SJV706,10/20:29,10/20:34,11/06:02,11/06:11,9:28:00,BEJ,DPS,024,28,0,0,NML,8,2025
1265.,A320,V8RBB,RBA,RBA795,RBA796,10/20:06,10/20:12,11/05:53,11/06:04,9:41:00,BWN,BWN,A06,28,1,1,NML,8,2025
1266.,A320,PKPWD,PAS,PAS202,PAS213,10/18:51,10/18:56,11/06:00,11/06:09,11:04:00,CGK,CGK,009,28,1,1,NML,8,2025
1267.,A320,PKLAL,BTK,BTK6413,BTK6412,10/20:15,10/20:19,11/06:17,11/06:28,9:58:00,DPS,DPS,15B,28,0,0,NML,8,2025
1268.,B738,PKLDK,BTK,BTK6588,BTK6597,10/22:24,10/22:28,11/06:26,11/06:34,7:58:00,CGK,CGK,012,28,1,1,NML,8,2025
1269.,A320,PKSTI,SJV,SJV619,SJV634,10/20:26,10/20:30,11/06:27,11/06:39,9:57:00,BPN,BDJ,025,28,0,0,NML,8,2025
1270.,A320,PKSAS,SJV,SJV717,SJV566,11/05:58,11/06:03,11/07:05,11/07:22,1:02:00,LOP,PLW,014,28,1,1,NML,8,2025
1271.,B739,PKLSK,LNI,LNI311,LNI971,11/05:54,11/05:59,11/06:56,11/07:10,0:57:00,BDJ,BTH,016,28,1,1,NML,8,2025
1272.,A320,PKLUO,BTK,BTK6370,BTK6135,11/06:00,11/06:05,11/06:54,11/07:05,0:49:00,CGK,PKN,011,28,1,1,NML,8,2025
1273.,B738,PKGFP,GIA,GIA855,GIA305,10/20:34,10/23:43,11/07:07,11/07:23,10:26:00,SIN,CGK,004,28,1,1,NML,8,2025
1274.,B738,PKGMX,GIA,GIA324,GIA854,10/21:13,10/23:26,11/06:58,11/07:14,9:40:00,CGK,SIN,A02,28,1,1,NML,8,2025
1275.,B739,PKLHJ,LNI,LNI923,LNI646,10/21:05,11/04:49,11/07:05,11/07:17,9:56:00,DPS,LOP,022,28,0,0,NML,8,2025
1276.,A320,PKBKY,BTK,BTK7511,BTK7510,11/07:00,11/07:06,11/07:55,11/08:06,0:49:00,HLP,HLP,009,28,1,1,NML,8,2025
1277.,A320,PKAZN,AWQ,AWQ327P,AWQ392,11/05:09,11/05:11,11/07:33,11/07:43,2:22:00,KUL,JHB,A01,28,1,1,NML,8,2025
1278.,A320,PKBKU,BTK,BTK6572,BTK6573,11/07:12,11/07:17,11/08:08,11/08:17,0:51:00,CGK,CGK,011,28,1,1,NML,8,2025
1279.,B739,PKLFO,LNI,LNI693,LNI693,11/06:56,11/07:01,11/07:49,11/08:02,0:48:00,KOE,CGK,015,28,1,1,NML,8,2025
1280.,B739,PKLGW,LNI,LNI791,LNI682,11/09:24,11/09:28,11/10:12,11/10:22,0:44:00,UPG,PKY,015,10,1,1,NML,8,2025
1281.,B739,PKLSO,LNI,LNI267,LNI856,11/07:08,11/07:14,11/08:02,11/08:11,0:48:00,TRK,PLM,014,28,1,1,NML,8,2025
"1282.,C208,PKVVF,SUS,PKVVF,PKVVF,08/09:37,08/09:40,11/08:25,11/08:42,""2 days, 22:45:00"",BXW,BXW,C07,10,0,0,NML,8,2025"
1283.,A21N,B324P,CSN,CSN8137,CSN8138,10/21:22,10/21:29,11/07:44,11/07:57,10:15:00,CAN,CAN,A03,28,1,1,NML,8,2025
1284.,B739,PKLHL,LNI,LNI929,LNI990,11/07:03,11/07:09,11/09:19,11/09:29,2:10:00,DPS,DPS,017,10,1,1,NML,8,2025
1285.,A320,PKGQF,CTV,CTV355,CTV725,11/07:19,11/07:26,11/08:09,11/08:19,0:43:00,UPG,CGK,006,28,1,1,NML,8,2025
1286.,A333,BLBH,CPA,CPA779,CPA780,10/17:49,10/17:56,11/08:12,11/08:36,14:16:00,HKG,HKG,A08,28,1,1,NML,8,2025
1287.,A339,PKGHI,GIA,GIA975,GIA974,11/05:50,11/05:55,11/08:39,11/08:59,2:44:00,JED,JED,A07,10,1,1,NML,8,2025
1288.,B738,PKLZM,MXD,MXD352,MXD353,10/19:24,10/19:30,11/08:59,11/09:07,13:29:00,KUL,KUL,A04,10,1,1,NML,8,2025
1289.,A320,PKBLC,BTK,BTK6133,BTK6391,11/08:00,11/08:07,11/08:51,11/09:02,0:44:00,LOP,CGK,008,10,1,1,NML,8,2025
1290.,CL605,T7KKT,ASI,T7KKT,T7KKT,11/08:22,11/08:27,11/09:18,11/09:28,0:51:00,CGK,MEL,A09,10,0,0,NML,8,2025
1291.,B738,PKGUI,GIA,GIA304,GIA342,11/08:29,11/08:35,11/09:35,11/09:47,1:00:00,CGK,DPS,004,10,1,1,NML,8,2025
1292.,A320,PKSJT,SJV,SJV703,SJV612,11/08:34,11/08:39,11/09:22,11/09:36,0:43:00,DPS,BPN,011,10,1,1,NML,8,2025
1293.,A320,PKGQG,CTV,CTV671,CTV486,11/08:20,11/08:28,11/09:10,11/09:21,0:42:00,LOP,BDJ,007,10,1,1,NML,8,2025
1294.,B738,PKLJQ,LNI,LNI837,LNI748,11/08:26,11/08:32,11/09:22,11/09:40,0:50:00,PNK,MDC,016,10,1,1,NML,8,2025
1295.,A320,PKPWK,PAS,PAS200,PAS201,11/08:32,11/08:38,11/09:27,11/09:42,0:49:00,CGK,CGK,005,10,1,1,NML,8,2025
1296.,A320,PKGLY,CTV,CTV435,CTV434,11/08:56,11/09:00,11/09:48,11/09:57,0:48:00,BPN,BPN,006,10,1,1,NML,8,2025
1297.,B739,PKLGJ,LNI,LNI697,LNI222,11/10:42,11/10:47,11/11:52,11/12:03,1:05:00,KOE,BDJ,016,10,1,1,NML,8,2025
1298.,B738MAX,9MMVM,MAS,MAS871,MAS870,11/08:51,11/08:56,11/09:53,11/10:08,0:57:00,KUL,KUL,A07,10,1,1,NML,8,2025
1299.,B735,PKNAT,LKN,LKN243,LKN242,11/10:06,11/10:10,11/10:49,11/10:58,0:39:00,SMQ,SMQ,010,10,1,1,NML,8,2025
1300.,A359,9VSHS,SIA,SIA922,SIA923,11/09:12,11/09:17,11/10:13,11/10:28,0:56:00,SIN,SIN,A08,10,1,1,NML,8,2025
1301.,A320,PKBKV,BTK,BTK6584,BTK6585,11/10:14,11/10:17,11/12:52,11/12:59,2:35:00,CGK,CGK,017,10,1,1,NML,8,2025
1302.,A320,PKSAJ,SJV,SJV635,SJV632,11/10:24,11/10:28,11/11:28,11/11:39,1:00:00,BDJ,BDJ,020,10,0,0,NML,8,2025
1303.,A320,PKGQO,CTV,CTV351,CTV350,11/09:34,11/09:36,11/10:18,11/10:36,0:42:00,UPG,UPG,009,10,1,1,NML,8,2025
1304.,A320,PKGLX,CTV,CTV461,CTV715,11/09:26,11/09:30,11/10:15,11/10:32,0:45:00,AAP,CGK,007,10,1,1,NML,8,2025
1305.,B739,PKLHJ,LNI,LNI645,LNI822,11/09:59,11/10:03,11/11:03,11/11:15,1:00:00,LOP,LOP,014,10,1,1,NML,8,2025
1306.,A320,9VTRP,TGW,TGW296,TGW297,11/09:30,11/09:34,11/10:27,11/10:40,0:53:00,SIN,SIN,A02,10,1,1,NML,8,2025
1307.,A320,PKPWD,PAS,PAS210,PAS211,11/09:45,11/09:48,11/10:27,11/10:44,0:39:00,CGK,CGK,005,10,1,1,NML,8,2025
1308.,A320,PKLUT,BTK,BTK7513,BTK7516,11/10:03,11/10:08,11/10:54,11/11:05,0:46:00,HLP,HLP,008,10,1,1,NML,8,2025
1309.,A320,PKLUO,BTK,BTK6134,BTK6346,11/09:38,11/09:40,11/10:50,11/11:02,1:10:00,PKN,BEJ,011,10,1,1,NML,8,2025
1310.,A320,PKSAE,SJV,SJV611,SJV642,11/08:39,11/08:44,11/11:09,11/11:21,2:25:00,BPN,AAP,018,10,0,0,NML,8,2025
1311.,B739,PKLGL,LNI,LNI970,LNI706,11/09:54,11/09:56,11/11:03,11/11:12,1:07:00,BTH,UPG,012,10,1,1,NML,8,2025
1312.,B739,PKLHL,LNI,LNI805,LNI973,11/12:01,11/12:05,11/13:17,11/13:26,1:12:00,DPS,BTH,018,10,0,0,NML,8,2025
1313.,A320,PKAZJ,AWQ,AWQ321,AWQ322,11/10:38,11/10:43,11/11:17,11/11:26,0:34:00,KUL,KUL,A03,10,1,1,NML,8,2025
1314.,B739,PKLHJ,LNI,LNI823,LNI697,11/13:53,11/13:57,11/14:50,11/15:04,0:53:00,LOP,CGK,015,10,1,1,NML,8,2025
1315.,B738,PKGMF,GIA,GIA322,GIA327,11/10:34,11/10:38,11/11:36,11/11:47,0:58:00,CGK,CGK,004,10,1,1,NML,8,2025
1316.,A320,PKLUJ,BTK,BTK7517,BTK7520,11/11:50,11/11:53,11/13:33,11/13:46,1:40:00,HLP,HLP,009,10,1,1,NML,8,2025
1317.,B739,PKLJI,LNI,LNI801,LNI262,11/11:09,11/11:13,11/12:02,11/12:13,0:49:00,UPG,BPN,014,10,1,1,NML,8,2025
1318.,C172,PKVIN,VIA,PKVIN,PKVIN,11/11:19,11/11:23,11/12:03,11/12:10,0:40:00,JBB,JBB,C06,10,0,0,NML,8,2025
1319.,A320,PKBLD,BTK,BTK6582,BTK6581,11/11:41,11/11:46,11/12:51,11/13:01,1:05:00,CGK,CGK,011,10,1,1,NML,8,2025
1320.,A320,PKSAS,SJV,SJV567,SJV636,11/11:31,11/11:35,11/12:34,11/12:43,0:59:00,PLW,BDJ,012,10,1,1,NML,8,2025
1321.,B735,PKNAQ,LKN,LKN193,LKN192,11/12:20,11/12:23,11/13:18,11/13:28,0:55:00,PKN,PKN,010,10,1,1,NML,8,2025
1322.,B739,PKLSP,LNI,LNI694,LNI694,11/12:17,11/12:21,11/13:23,11/13:38,1:02:00,CGK,KOE,015,10,1,1,NML,8,2025
1323.,B739,PKLSO,LNI,LNI857,LNI780,11/12:06,11/12:10,11/13:19,11/13:36,1:09:00,PLM,UPG,016,10,1,1,NML,8,2025
1324.,B738,PKLOR,LNI,LNI869,LNI722,11/12:23,11/12:27,11/13:31,11/13:44,1:04:00,TTE,KDI,014,10,1,1,NML,8,2025
1325.,A320,PKBLC,BTK,BTK6596,BTK6595,11/12:46,11/12:50,11/13:41,11/14:02,0:51:00,CGK,CGK,008,10,1,1,NML,8,2025
1326.,A320,PKAZN,AWQ,AWQ393,AWQ324,11/12:33,11/12:38,11/13:17,11/13:23,0:39:00,JHB,KUL,A03,10,1,1,NML,8,2025
1327.,A320,PKPWC,PAS,PAS204,PAS205,11/11:53,11/11:56,11/13:18,11/13:31,1:22:00,CGK,CGK,005,10,1,1,NML,8,2025
1328.,B739,PKLSH,LNI,LNI787,LNI804,11/13:59,11/14:03,11/14:51,11/15:07,0:48:00,UPG,DPS,012,10,1,1,NML,8,2025
1329.,B739,PKLGJ,LNI,LNI223,LNI680,11/14:54,11/14:59,11/16:12,11/16:21,1:13:00,BDJ,PKY,018,10,0,0,NML,8,2025
1330.,A320,PKGQG,CTV,CTV487,CTV668,11/11:57,11/12:00,11/13:27,11/13:42,1:27:00,BDJ,DPS,007,10,1,1,NML,8,2025
1331.,B739,PKLHI,LNI,LNI261,LNI260,11/15:56,11/15:59,11/16:51,11/17:04,0:52:00,BPN,BPN,015,10,1,1,NML,8,2025
1332.,B738,PKLOJ,LNI,LNI839,LNI836,11/13:40,11/13:43,11/14:38,11/14:50,0:55:00,PNK,PNK,014,10,1,1,NML,8,2025
1333.,A320,PKSAS,SJV,SJV633,SJV726,11/15:37,11/15:42,11/16:23,11/16:33,0:41:00,BDJ,LBJ,014,10,1,1,NML,8,2025
1334.,A320,PKGQC,CTV,CTV716,CTV717,11/13:34,11/13:38,11/14:10,11/14:28,0:32:00,CGK,CGK,006,10,1,1,NML,8,2025
"1335.,A339,PKLES,LNI,LNI105,LNI106,10/12:29,10/12:36,11/14:00,11/14:11,""1 day, 1:24:00"",JED,JED,A05,10,1,1,NML,8,2025"
1336.,A320,PKGLY,CTV,CTV431,CTV948,11/13:29,11/13:33,11/14:28,11/14:38,0:55:00,BPN,BTH,010,10,1,1,NML,8,2025
1337.,A320,PKLUW,BTK,BTK7515,BTK7514,11/13:57,11/14:02,11/14:58,11/15:11,0:56:00,HLP,HLP,009,10,1,1,NML,8,2025
1338.,A320,PKPWE,PAS,PAS208,PAS209,11/13:49,11/13:54,11/14:49,11/15:00,0:55:00,CGK,CGK,005,10,1,1,NML,8,2025
1339.,B739,PKLFY,LNI,LNI879,LNI642,11/14:23,11/14:27,11/15:49,11/15:59,1:22:00,AMQ,LOP,016,10,1,1,NML,8,2025
1340.,A320,PKLUZ,BTK,BTK6406,BTK6685,11/14:51,11/14:56,11/15:34,11/15:47,0:38:00,CGK,AAP,010,10,1,1,NML,8,2025
1341.,B739,PKLGL,LNI,LNI707,LNI910,11/14:57,11/15:00,11/16:04,11/16:16,1:04:00,UPG,DPS,011,10,1,1,NML,8,2025
1342.,BK17,PKFGG,SAG,PKFGG,PKFGG,11/15:17,11/15:19,11/15:57,11/15:59,0:38:00,ZKD,ZKD,A01,10,0,0,NML,8,2025
1343.,A320,PKLUI,BTK,BTK7501,BTK7512,11/16:44,11/16:48,11/17:35,11/17:46,0:47:00,HLP,HLP,009,10,1,1,NML,8,2025
1344.,A320,PKLUO,BTK,BTK6347,BTK6401,11/15:05,11/15:08,11/16:10,11/16:20,1:02:00,BEJ,CGK,009,10,1,1,NML,8,2025
1345.,B738,PKGMF,GIA,GIA310,GIA331,11/15:50,11/15:55,11/16:48,11/17:02,0:53:00,CGK,HLP,008,10,1,1,NML,8,2025
1346.,B738,HSLGI,TLM,TLM268,TLM269,11/15:01,11/15:07,11/16:28,11/16:36,1:21:00,DMK,DMK,A04,10,1,1,NML,8,2025
1347.,B738,PKGMY,GIA,GIA330,GIA315,11/14:03,11/14:06,11/16:32,11/16:47,2:26:00,HLP,CGK,004,10,1,1,NML,8,2025
1348.,B738MAX,9VMBD,SIA,SIA926,SIA927,11/15:30,11/15:37,11/16:35,11/16:51,0:58:00,SIN,SIN,A08,10,1,1,NML,8,2025
"1349.,A320,PKSAG,SJV,SJV611,SJV648,10/08:39,10/08:43,11/16:44,11/16:53,""1 day, 8:01:00"",BPN,BPN,021,10,0,0,NML,8,2025"
1350.,A320,PKPWF,PAS,PAS206,PAS623,11/15:42,11/15:45,11/16:31,11/16:49,0:46:00,CGK,BPN,005,10,1,1,NML,8,2025
1351.,B739,PKLHY,LNI,LNI367,LNI268,11/15:45,11/15:48,11/16:46,11/16:58,0:58:00,BPN,TRK,012,10,1,1,NML,8,2025
1352.,B739,PKLFK,LNI,LNI692,LNI692,11/17:00,11/17:03,11/17:52,11/18:04,0:49:00,CGK,KOE,014,10,1,1,NML,8,2025
1353.,B739,PKLSH,LNI,LNI919,LNI316,11/17:49,11/17:54,11/18:48,11/19:00,0:54:00,DPS,BDJ,016,10,1,1,NML,8,2025
1354.,B739,PKLFY,LNI,LNI865,LNI226,11/18:28,11/18:32,11/19:28,11/19:38,0:56:00,LOP,BDJ,010,10,1,1,NML,8,2025
1355.,A320,PKGLX,CTV,CTV669,CTV698,11/16:27,11/16:30,11/17:25,11/17:34,0:55:00,DPS,DPS,006,10,1,1,NML,8,2025
1356.,B738,PKLJQ,LNI,LNI749,LNI838,11/15:12,11/15:16,11/17:42,11/17:53,2:26:00,MDC,PNK,020,10,0,0,NML,8,2025
1357.,A320,PKAZJ,AWQ,AWQ323,AWQ326,11/16:56,11/17:02,11/17:37,11/17:51,0:35:00,KUL,KUL,A03,10,1,1,NML,8,2025
1358.,A320,PKBLC,BTK,BTK6578,BTK7579,11/17:32,11/17:36,11/18:20,11/18:30,0:44:00,CGK,CGK,010,10,1,1,NML,8,2025
1359.,B739,PKLSP,LNI,LNI695,LNI800,11/18:09,11/18:13,11/19:16,11/19:27,1:03:00,KOE,UPG,012,10,1,1,NML,8,2025
1360.,A320,PKBKG,BTK,BTK7519,BTK7518,11/17:43,11/17:47,11/18:38,11/18:49,0:51:00,HLP,CGK,018,10,0,0,NML,8,2025
1361.,B739,PKLGJ,LNI,LNI681,LNI920,11/19:12,11/19:16,11/20:02,11/20:13,0:46:28,PKY,DPS,015,10,1,1,NML,8,2025
1362.,B738,9MMXX,MAS,MAS875,MAS874,11/17:12,11/17:19,11/18:09,11/18:22,0:50:00,KUL,KUL,A02,10,1,1,NML,8,2025
1363.,A320,PKPWJ,PAS,PAS622,PAS207,11/17:17,11/17:20,11/18:04,11/18:14,0:44:00,BPN,CGK,007,10,1,1,NML,8,2025
1364.,B738,PKGUI,GIA,GIA349,GIA313,11/17:27,11/17:31,11/18:31,11/18:44,1:00:00,DPS,CGK,004,10,1,1,NML,8,2025
1365.,B739,PKLGL,LNI,LNI923,LNI581,11/19:09,11/19:14,11/19:51,11/20:04,0:37:00,DPS,CGK,011,10,1,1,NML,8,2025
1366.,A320,PKLUT,BTK,BTK7503,BTK7502,11/19:30,11/19:34,11/20:04,11/20:16,0:30:24,HLP,HLP,010,10,1,1,NML,8,2025
1367.,B738,PKGFG,GIA,GIA320,GIA325,11/17:35,11/17:38,11/18:57,11/19:16,1:19:00,CGK,CGK,005,10,1,1,NML,8,2025
1368.,A320,PKGQS,CTV,CTV172,CTV173,11/18:06,11/18:10,11/19:00,11/19:17,0:50:00,HLP,HLP,006,10,1,1,NML,8,2025
1369.,B738MAX,9VMBE,SIA,SIA928,SIA929,11/18:19,11/18:26,11/19:22,11/19:36,0:56:00,SIN,SIN,A07,10,1,1,NML,8,2025
1370.,A320,PKGQL,CTV,CTV736,CTV352,11/18:12,11/18:16,11/19:08,11/19:21,0:52:00,CGK,UPG,008,10,1,1,NML,8,2025
1371.,A320,PKBKM,BTK,BTK6576,BTK6575,11/19:19,11/19:23,11/20:34,11/20:43,1:11:00,CGK,CGK,009,10,1,1,NML,8,2025
1372.,B738,PKGFD,GIA,GIA326,GIA319,11/19:33,11/19:36,11/20:23,11/20:32,0:47:00,CGK,CGK,004,10,1,1,NML,8,2025
1373.,B738,PKCRH,SJY,SJY567,SJY562,11/20:02,11/20:06,11/20:51,11/21:03,0:45:26,UPG,UPG,012,10,1,1,NML,8,2025
1374.,A320,PKGLX,CTV,CTV699,CTV737,11/20:08,11/20:12,11/20:48,11/20:59,0:36:28,DPS,CGK,008,10,1,1,NML,8,2025
1375.,A320,PKLUZ,BTK,BTK6684,BTK6136,11/19:07,11/19:10,11/22:40,11/22:50,3:30:00,AAP,UPG,021,10,0,0,NML,8,2025
1376.,A320,PKAZJ,AWQ,AWQ327,AWQ320,11/23:24,11/23:30,12/05:00,12/05:12,5:30:00,KUL,KUL,A04,28,1,1,NML,8,2025
1377.,A320,PKSGB,SJV,SJV615,SJV610,11/22:58,11/23:02,12/05:00,12/05:11,5:58:00,BPN,BPN,017,28,1,1,NML,8,2025
1378.,B739,PKLGW,LNI,LNI885,LNI786,11/22:07,11/22:11,12/04:58,12/05:09,6:47:00,UPG,UPG,015,28,1,1,NML,8,2025
1379.,A320,PKGLI,CTV,CTV724,CTV430,11/19:24,11/19:28,12/05:04,12/05:14,9:36:00,CGK,BPN,007,28,1,1,NML,8,2025
1380.,B738,PKGUH,GIA,GIA328,GIA301,11/20:05,11/20:10,12/05:05,12/05:16,8:55:00,CGK,CGK,005,28,1,1,NML,8,2025
1381.,A320,PKBKT,BTK,BTK6413,BTK6132,11/20:19,11/20:24,12/05:18,12/05:29,8:54:00,DPS,LOP,018,28,0,0,NML,8,2025
1382.,B739,PKLQR,LNI,LNI690,LNI690,12/05:05,12/05:10,12/05:54,12/06:05,0:44:32,CGK,KOE,017,28,1,1,NML,8,2025
1383.,A320,PKGQF,CTV,CTV949,CTV725,11/21:12,11/21:17,12/05:42,12/05:52,8:25:00,BTH,CGK,008,28,1,1,NML,8,2025
1384.,A320,PKGTG,CTV,CTV726,CTV460,11/20:11,11/20:15,12/05:52,12/06:09,9:37:00,CGK,AAP,010,28,1,1,NML,8,2025
1385.,A320,PKGQL,CTV,CTV353,CTV670,12/05:02,12/05:11,12/05:48,12/05:57,0:37:00,UPG,LOP,007,28,1,1,NML,8,2025
1386.,A320,PKAZN,AWQ,AWQ325,AWQ386,11/18:55,11/18:59,12/05:49,12/06:03,10:50:00,KUL,PEN,A01,28,1,1,NML,8,2025
1387.,A320,V8RBD,RBA,RBA795,RBA796,11/20:14,11/20:21,12/05:53,12/06:07,9:32:00,BWN,BWN,A07,28,1,1,NML,8,2025
1388.,A320,PKSAS,SJV,SJV725,SJV706,11/19:43,11/19:47,12/06:00,12/06:10,10:13:00,LBJ,DPS,022,28,0,0,NML,8,2025
1389.,A320,PKBLB,BTK,BTK6588,BTK6589,11/23:01,11/23:03,12/06:04,12/06:17,7:01:00,CGK,CGK,012,28,1,1,NML,8,2025
1390.,A320,PKBKQ,BTK,BTK6594,BTK7508,11/21:26,11/21:31,12/06:01,12/06:12,8:30:18,CGK,HLP,011,28,1,1,NML,8,2025
1391.,B739,PKLOR,LNI,LNI727,LNI882,11/17:47,11/17:51,12/06:06,12/06:19,12:15:00,KDI,UPG,026,28,0,0,NML,8,2025
1392.,A320,PKPWL,PAS,PAS202,PAS213,11/19:03,11/19:06,12/06:01,12/06:14,10:55:00,CGK,CGK,006,28,1,1,NML,8,2025
1393.,A320,PKLUJ,BTK,BTK7521,BTK6412,11/23:04,11/23:08,12/06:16,12/06:25,7:08:00,HLP,DPS,016,28,1,1,NML,8,2025
1394.,A320,PKSJH,SJV,SJV619,SJV634,11/18:51,11/18:54,12/06:33,12/06:44,11:39:00,BPN,BDJ,020,28,0,0,NML,8,2025
1395.,B739,PKLFY,LNI,LNI311,LNI971,12/06:01,12/06:07,12/07:27,12/07:37,1:20:00,BDJ,BTH,015,28,1,1,NML,8,2025
1396.,C208,PKVVF,SUS,PKVVF,PKVVF,11/10:25,11/10:30,12/07:35,12/07:41,21:05:00,BXW,BXW,C07,28,0,0,NML,8,2025
1397.,B738MAX,PKOFI,AFE,AFE921,AFE921,12/05:48,12/05:56,12/06:52,12/06:59,0:56:00,CGK,TIM,005,28,1,1,NML,8,2025
1398.,A320,PKLAJ,BTK,BTK6137,BTK6135,11/22:53,11/22:56,12/06:59,12/07:08,8:03:00,UPG,PKN,009,28,1,1,NML,8,2025
1399.,B738,PKGMX,GIA,GIA855,GIA854,11/20:24,11/20:29,12/07:02,12/07:12,10:33:00,SIN,SIN,A02,28,1,1,NML,8,2025
1400.,B738,PKGNC,GIA,GIA324,GIA305,11/21:08,11/21:12,12/07:01,12/07:09,9:49:00,CGK,CGK,004,28,1,1,NML,8,2025
1401.,B739,PKLSI,LNI,LNI972,LNI646,11/21:50,11/21:53,12/07:06,12/07:16,9:13:00,BTH,LOP,014,28,1,1,NML,8,2025
1402.,A320,PKBKY,BTK,BTK7511,BTK7510,12/06:32,12/06:38,12/07:25,12/07:35,0:47:00,HLP,HLP,008,28,1,1,NML,8,2025
1403.,A320,PKLAM,BTK,BTK6572,BTK6573,12/07:14,12/07:20,12/08:14,12/08:22,0:54:00,CGK,CGK,009,28,1,1,NML,8,2025
1404.,B739,PKLFK,LNI,LNI693,LNI693,12/06:57,12/07:03,12/07:49,12/08:01,0:46:00,KOE,CGK,012,28,1,1,NML,8,2025
1405.,B739,PKLHO,LNI,LNI929,LNI982,12/06:47,12/06:53,12/07:50,12/08:04,0:57:00,DPS,PKU,011,28,1,1,NML,8,2025
1406.,A21N,B32M9,CSN,CSN8137,CSN8138,11/22:02,11/22:09,12/07:52,12/08:08,9:43:00,CAN,CAN,A03,28,1,1,NML,8,2025
1407.,A333,BLAK,CPA,CPA779,CPA780,11/17:57,11/18:04,12/08:12,12/08:33,14:08:00,HKG,HKG,A08,10,1,1,NML,8,2025
1408.,B738,PKGFV,GIA,GIA314,GIA323,12/07:22,12/07:27,12/08:20,12/08:35,0:53:00,CGK,CGK,004,10,1,1,NML,8,2025
1409.,B739,PKLHY,LNI,LNI267,LNI990,12/07:02,12/07:08,12/08:25,12/08:39,1:17:00,TRK,DPS,010,10,1,1,NML,8,2025
"1410.,DHC6,PKICP,PGT,PKICP,PKICP,09/11:12,09/11:15,12/08:10,12/08:12,""2 days, 20:55:00"",PAG,PAG,028,28,0,0,NML,8,2025"
1411.,B738,PKLZM,MXD,MXD352,MXD353,11/19:15,11/19:20,12/09:02,12/09:10,13:42:00,KUL,KUL,C01,10,0,0,NML,8,2025
1412.,B739,PKLSH,LNI,LNI315,LNI222,12/08:02,12/08:08,12/09:06,12/09:17,0:58:00,BDJ,BDJ,014,10,1,1,NML,8,2025
1413.,A320,PKBKT,BTK,BTK6133,BTK6391,12/08:06,12/08:13,12/08:55,12/09:06,0:42:00,LOP,CGK,008,10,1,1,NML,8,2025
1414.,A320,PKSAE,SJV,SJV643,SJV618,11/15:34,11/15:38,12/09:04,12/09:14,17:26:00,AAP,BPN,025,10,0,0,NML,8,2025
1415.,A320,PKGQL,CTV,CTV671,CTV486,12/08:18,12/08:25,12/09:06,12/09:19,0:41:00,LOP,BDJ,007,10,1,1,NML,8,2025
1416.,B738,PKGNM,GIA,GIA304,GIA342,12/08:20,12/08:26,12/09:20,12/09:32,0:54:00,CGK,DPS,005,10,1,1,NML,8,2025
1417.,A320,PKPWK,PAS,PAS200,PAS201,12/08:26,12/08:32,12/09:15,12/09:29,0:43:00,CGK,CGK,006,10,1,1,NML,8,2025
1418.,A320,PKSGA,SJV,SJV611,SJV642,12/08:59,12/09:03,12/09:48,12/09:58,0:45:00,BPN,AAP,009,10,1,1,NML,8,2025
1419.,A320,PKGLI,CTV,CTV435,CTV434,12/08:43,12/08:47,12/09:34,12/09:45,0:47:00,BPN,BPN,004,10,1,1,NML,8,2025
1420.,A359,9VSHD,SIA,SIA922,SIA923,12/08:49,12/08:56,12/09:55,12/10:08,0:59:00,SIN,SIN,A08,10,1,1,NML,8,2025
1421.,A320,PKBLB,BTK,BTK6584,BTK6585,12/09:47,12/09:52,12/10:59,12/11:18,1:07:00,CGK,CGK,008,10,1,1,NML,8,2025
1422.,A320,PKGQP,CTV,CTV351,CTV350,12/09:21,12/09:27,12/10:19,12/10:29,0:52:00,UPG,UPG,006,10,1,1,NML,8,2025
1423.,A320,PKGTG,CTV,CTV461,CTV715,12/09:58,12/10:02,12/10:33,12/10:52,0:31:00,AAP,CGK,007,10,1,1,NML,8,2025
"1424.,B739,PKLHQ,LNI,LNI315,LNI706,11/06:45,11/09:09,12/11:05,12/11:23,""1 day, 4:14:00"",BDJ,UPG,024,10,0,1,NML,8,2025"
1425.,A320,PKSJH,SJV,SJV635,SJV632,12/09:26,12/09:30,12/10:18,12/10:27,0:48:00,BDJ,BDJ,011,10,1,1,NML,8,2025
1426.,A320,9VTRS,TGW,TGW296,TGW297,12/09:43,12/09:48,12/10:40,12/10:56,0:52:00,SIN,SIN,A02,10,1,1,NML,8,2025
1427.,B739,PKLSK,LNI,LNI367,LNI262,12/09:35,12/09:38,12/10:31,12/10:47,0:53:00,BPN,BPN,014,10,1,1,NML,8,2025
1428.,B739,PKLHL,LNI,LNI970,LNI822,12/09:54,12/09:54,12/11:10,12/11:26,1:16:00,BTH,LOP,012,10,1,1,NML,8,2025
1429.,A320,PKPWL,PAS,PAS210,PAS211,12/09:40,12/09:43,12/10:48,12/11:02,1:05:00,CGK,CGK,005,10,1,1,NML,8,2025
1430.,B739,PKLSI,LNI,LNI645,LNI973,12/10:06,12/10:09,12/11:12,12/11:29,1:03:00,LOP,BTH,016,10,1,1,NML,8,2025
1431.,A320,PKLAJ,BTK,BTK6134,BTK6346,12/09:51,12/09:55,12/10:59,12/11:20,1:04:00,PKN,BEJ,010,10,1,1,NML,8,2025
1432.,A320,PKLUW,BTK,BTK7513,BTK7516,12/10:10,12/10:13,12/10:50,12/11:10,0:37:00,HLP,HLP,009,10,1,1,NML,8,2025
1433.,B739,PKLQR,LNI,LNI697,LNI697,12/10:30,12/10:34,12/11:23,12/11:32,0:49:00,KOE,CGK,015,10,1,1,NML,8,2025
1434.,A320,PKAZH,AWQ,AWQ321,AWQ322,12/10:45,12/10:50,12/11:28,12/11:41,0:38:00,KUL,KUL,A03,10,1,1,NML,8,2025
1435.,A339,PKGHI,GIA,GIA975,GIA974,12/08:54,12/09:02,12/11:47,12/12:02,2:45:00,JED,JED,A07,10,1,1,NML,8,2025
1436.,A320,PKBKY,BTK,BTK7517,BTK7520,12/10:50,12/10:54,12/11:38,12/11:49,0:44:00,HLP,HLP,014,10,1,1,NML,8,2025
1437.,B738,PKGUG,GIA,GIA322,GIA327,12/10:13,12/10:17,12/11:29,12/11:46,1:12:00,CGK,CGK,004,10,1,1,NML,8,2025
1438.,A320,PKSAS,SJV,SJV703,SJV636,12/08:24,12/08:29,12/12:01,12/12:14,3:32:00,DPS,BDJ,018,10,0,0,NML,8,2025
1439.,B739,PKLHY,LNI,LNI805,LNI804,12/11:07,12/11:10,12/11:58,12/12:10,0:48:00,DPS,DPS,009,10,1,1,NML,8,2025
1440.,B735,PKNAS,LKN,LKN671,LKN670,12/10:52,12/10:55,12/11:50,12/11:59,0:55:00,TMC,TMC,011,10,1,1,NML,8,2025
1441.,B739,PKLJG,LNI,LNI6000,LNI780,12/11:38,12/11:43,12/14:07,12/14:17,2:24:00,PKY,UPG,017,10,1,1,NML,8,2025
1442.,A320,PKBLD,BTK,BTK6582,BTK6581,12/12:27,12/12:30,12/14:26,12/14:39,1:56:08,CGK,CGK,009,10,1,1,NML,8,2025
1443.,A339,PKLER,LNI,LNI105,LNI104,11/12:27,11/12:34,12/12:01,12/12:17,23:27:00,JED,JED,A06,10,1,1,NML,8,2025
1444.,A320,PKAZN,AWQ,AWQ387,AWQ324,12/12:30,12/12:34,12/13:33,12/13:47,0:59:31,PEN,KUL,A03,10,1,1,NML,8,2025
1445.,A320,PKPWO,PAS,PAS204,PAS205,12/12:12,12/12:16,12/13:34,12/13:49,1:18:00,CGK,CGK,005,10,1,1,NML,8,2025
1446.,A320,PKGQL,CTV,CTV487,CTV668,12/11:57,12/12:01,12/13:57,12/14:10,1:56:13,BDJ,DPS,007,10,1,1,NML,8,2025
1447.,B739,PKLQT,LNI,LNI801,LNI682,12/11:54,12/11:58,12/14:34,12/14:43,2:36:05,UPG,PKY,020,10,0,0,NML,8,2025
1448.,A320,PKLUP,BTK,BTK6596,BTK6595,12/14:05,12/14:07,12/15:01,12/15:12,0:54:22,CGK,CGK,010,10,1,1,NML,8,2025
1449.,B738,PKLOJ,LNI,LNI839,LNI836,12/14:08,12/14:11,12/15:04,12/15:23,0:53:47,PNK,PNK,014,10,1,1,NML,8,2025
1450.,A320,PKGLY,CTV,CTV716,CTV717,12/13:53,12/13:57,12/14:42,12/14:53,0:45:18,CGK,CGK,006,10,1,1,NML,8,2025
1451.,B738,PKGUH,GIA,GIA312,GIA317,12/14:01,12/14:05,12/14:58,12/15:10,0:53:51,CGK,CGK,004,10,1,1,NML,8,2025
1452.,A320,PKLUT,BTK,BTK7515,BTK7514,12/14:29,12/14:34,12/15:19,12/15:29,0:45:11,HLP,HLP,011,10,1,1,NML,8,2025
1453.,A320,PKGLI,CTV,CTV431,CTV948,12/13:57,12/14:02,12/14:47,12/14:59,0:45:17,BPN,BTH,007,10,1,1,NML,8,2025
1454.,B739,PKLHL,LNI,LNI823,LNI694,12/14:22,12/14:26,12/15:55,12/16:03,1:29:00,LOP,KOE,017,10,1,1,NML,8,2025
1455.,B739,PKLHO,LNI,LNI983,LNI910,12/14:15,12/14:19,12/15:32,12/15:43,1:12:43,PKU,DPS,018,10,0,0,NML,8,2025
1456.,A320,PKSJH,SJV,SJV633,SJV726,12/14:25,12/14:28,12/15:22,12/15:34,0:54:06,BDJ,LBJ,016,10,1,1,NML,8,2025
1457.,A320,PKPWE,PAS,PAS208,PAS209,12/14:33,12/14:36,12/15:04,12/15:18,0:28:00,CGK,CGK,005,10,1,1,NML,8,2025
1458.,B739,PKLSH,LNI,LNI223,LNI642,12/12:08,12/12:12,12/15:17,12/15:26,3:05:47,BDJ,LOP,021,10,0,0,NML,8,2025
1459.,B738,PKGMA,GIA,GIA330,GIA331,12/16:45,12/16:49,12/17:43,12/17:58,0:54:35,HLP,HLP,004,10,1,1,NML,8,2025
1460.,A320,PKLAQ,BTK,BTK6406,BTK6685,12/18:02,12/18:06,12/18:48,12/19:10,0:42:47,CGK,AAP,009,10,1,1,NML,8,2025
1461.,A320,PKBKY,BTK,BTK7501,BTK7512,12/15:14,12/15:18,12/16:00,12/16:11,0:42:52,HLP,HLP,008,10,1,1,NML,8,2025
1462.,A320,PKLAJ,BTK,BTK6347,BTK6401,12/15:36,12/15:39,12/16:22,12/16:32,0:43:00,BEJ,CGK,009,10,1,1,NML,8,2025
1463.,B739,PKLHI,LNI,LNI787,LNI316,12/14:11,12/14:16,12/16:39,12/16:50,2:23:30,UPG,BDJ,015,10,1,1,NML,8,2025
1464.,B738,PKGUG,GIA,GIA310,GIA315,12/15:20,12/15:24,12/16:24,12/16:39,1:00:41,CGK,CGK,004,10,1,1,NML,8,2025
1465.,B738MAX,9VMBC,SIA,SIA926,SIA927,12/15:41,12/15:46,12/16:45,12/16:52,0:59:00,SIN,SIN,A07,10,1,1,NML,8,2025
1466.,A320,PKSAS,SJV,SJV637,SJV648,12/15:31,12/15:36,12/16:30,12/16:41,0:54:00,BDJ,BPN,010,10,1,1,NML,8,2025
1467.,A320,PKPWJ,PAS,PAS206,PAS623,12/16:17,12/16:20,12/16:46,12/16:58,0:26:55,CGK,BPN,005,10,1,1,NML,8,2025
1468.,B739,PKLGW,LNI,LNI692,LNI692,12/17:08,12/17:12,12/17:53,12/18:05,0:41:00,CGK,KOE,012,10,1,1,NML,8,2025
1469.,B738MAX,PKOFI,AFE,AFE920,AFE920,12/16:04,12/16:10,12/16:59,12/17:09,0:49:00,TIM,CGK,006,10,1,1,NML,8,2025
1470.,B739,PKLFY,LNI,LNI972,LNI226,12/17:25,12/17:27,12/18:20,12/18:32,0:53:00,BTH,BDJ,011,10,1,1,NML,8,2025
1471.,A320,PKLUQ,BTK,BTK6578,BTK7579,12/18:38,12/18:40,12/19:44,12/19:55,1:04:26,CGK,CGK,011,10,1,1,NML,8,2025
1472.,A320,PKGTG,CTV,CTV669,CTV698,12/16:43,12/16:46,12/17:30,12/17:45,0:44:00,DPS,DPS,007,10,1,1,NML,8,2025
1473.,B738,PKLJQ,LNI,LNI837,LNI838,12/07:59,12/08:03,12/18:55,12/19:15,10:52:57,PNK,PNK,022,10,0,0,NML,8,2025
1474.,A320,PKAZH,AWQ,AWQ323,AWQ326,12/18:06,12/18:11,12/18:47,12/19:07,0:36:35,KUL,KUL,A01,10,1,1,NML,8,2025
1475.,B739,PKLHJ,LNI,LNI694,LNI920,12/14:48,12/14:51,12/19:10,12/19:17,4:19:00,CGK,DPS,024,10,0,0,NML,8,2025
1476.,B739,PKLSO,LNI,LNI791,LNI581,12/10:23,12/10:28,12/18:43,12/19:02,8:15:54,UPG,CGK,025,10,0,0,NML,8,2025
1477.,A320,PKPWC,PAS,PAS622,PAS207,12/17:06,12/17:09,12/18:04,12/18:19,0:55:29,BPN,CGK,006,10,1,1,NML,8,2025
1478.,B738,9MMXW,MAS,MAS875,MAS874,12/17:15,12/17:21,12/18:13,12/18:24,0:52:00,KUL,KUL,A02,10,1,1,NML,8,2025
1479.,B738,PKGNM,GIA,GIA349,GIA313,12/17:42,12/17:46,12/18:40,12/18:58,0:54:56,DPS,CGK,005,10,1,1,NML,8,2025
1480.,A320,PKLUT,BTK,BTK7503,BTK7502,12/18:41,12/18:45,12/19:34,12/19:43,0:49:00,HLP,HLP,010,10,1,1,NML,8,2025
1481.,B738,PKGFS,GIA,GIA320,GIA325,12/18:56,12/18:59,12/19:45,12/20:00,0:46:21,CGK,CGK,004,10,1,1,NML,8,2025
1482.,B738MAX,9VMBP,SIA,SIA928,SIA929,12/18:16,12/18:22,12/19:15,12/19:31,0:53:00,SIN,SIN,A03,10,1,1,NML,8,2025
1483.,A320,PKBKV,BTK,BTK6576,BTK6575,12/20:15,12/20:21,12/21:07,12/21:18,0:46:00,CGK,CGK,011,10,1,1,NML,8,2025
1484.,A320,PKGQI,CTV,CTV489,CTV352,12/17:59,12/18:04,12/19:15,12/19:24,1:11:08,BDJ,UPG,007,10,1,1,NML,8,2025
1485.,A320,PKGQS,CTV,CTV172,CTV173,12/18:45,12/18:49,12/19:27,12/19:38,0:37:46,HLP,HLP,008,10,1,1,NML,8,2025
1486.,B738,PKCRI,SJY,SJY567,SJY562,12/19:00,12/19:03,12/19:49,12/20:03,0:46:19,UPG,UPG,012,10,1,1,NML,8,2025
1487.,B788,9VOFA,TGW,TGW266,TGW267,12/18:48,12/18:54,12/19:52,12/20:05,0:58:46,SIN,SIN,A07,10,1,1,NML,8,2025
1488.,B738MAX,PKGDC,GIA,GIA326,GIA319,12/20:35,12/20:39,12/21:23,12/21:39,0:44:00,CGK,CGK,004,10,1,1,NML,8,2025
1489.,A320,PKBLB,BTK,BTK6586,BTK6587,12/21:54,12/21:57,12/22:44,12/22:57,0:47:00,CGK,CGK,011,10,1,1,NML,8,2025
1490.,A320,PKGTG,CTV,CTV699,CTV737,12/19:57,12/20:01,12/21:00,12/21:14,0:59:00,DPS,CGK,008,10,1,1,NML,8,2025
1491.,B739,PKLFW,LNI,LNI709,LNI880,12/19:19,12/19:22,12/21:49,12/21:59,2:27:00,UPG,UPG,017,10,1,1,NML,8,2025
1492.,A320,PKLUZ,BTK,BTK6137,BTK6136,12/20:40,12/20:43,12/22:01,12/22:11,1:18:00,UPG,UPG,012,10,1,1,NML,8,2025
1493.,A320,PKSAS,SJV,SJV617,SJV610,12/20:29,12/20:33,13/05:06,13/05:22,8:33:00,BPN,BPN,016,28,1,1,NML,8,2025
1494.,B739,PKLQT,LNI,LNI683,LNI878,12/17:31,12/17:35,13/05:03,13/05:14,11:28:00,PKY,AMQ,021,28,0,0,NML,8,2025
1495.,A320,PKAZN,AWQ,AWQ325,AWQ320,12/19:26,12/19:32,13/05:02,13/05:12,9:30:00,KUL,KUL,A01,28,1,1,NML,8,2025
1496.,A320,PKBKT,BTK,BTK6594,BTK7508,12/22:54,12/22:59,13/04:58,13/05:08,5:59:00,CGK,HLP,014,28,1,1,NML,8,2025
1497.,B739,PKLSH,LNI,LNI865,LNI786,12/17:55,12/17:59,13/05:07,13/05:24,11:08:00,LOP,UPG,020,28,0,0,NML,8,2025
1498.,A320,PKLUT,BTK,BTK7521,BTK6589,12/22:40,12/22:43,13/05:11,13/05:26,6:28:00,HLP,CGK,012,28,1,1,NML,8,2025
1499.,A320,PKGQT,CTV,CTV724,CTV430,12/19:34,12/19:39,13/05:05,13/05:20,9:26:00,CGK,BPN,007,28,1,1,NML,8,2025
1500.,B738,PKGUH,GIA,GIA328,GIA301,12/20:54,12/20:59,13/04:59,13/05:06,8:00:00,CGK,CGK,005,28,1,1,NML,8,2025
1501.,A320,PKBLA,BTK,BTK6588,BTK6132,12/23:42,12/23:46,13/05:13,13/05:28,5:27:00,CGK,LOP,17B,28,0,0,NML,8,2025
1502.,B739,PKLHH,LNI,LNI690,LNI690,13/05:02,13/05:07,13/05:47,13/05:56,0:40:00,CGK,KOE,011,28,1,1,NML,8,2025
1503.,A320,PKGQE,CTV,CTV726,CTV460,12/20:20,12/20:23,13/05:49,13/05:58,9:26:00,CGK,AAP,010,28,1,1,NML,8,2025
1504.,A320,PKGQI,CTV,CTV353,CTV670,13/05:17,13/05:28,13/06:02,13/06:11,0:34:00,UPG,LOP,005,28,1,1,NML,8,2025
1505.,A320,PKGQO,CTV,CTV949,CTV725,12/18:52,12/18:55,13/05:53,13/06:04,10:58:00,BTH,CGK,009,28,1,1,NML,8,2025
1506.,B739,PKLSY,LNI,LNI919,LNI882,12/17:48,13/04:30,13/06:00,13/06:13,12:06:00,DPS,UPG,C03,28,0,1,NML,8,2025
1507.,A320,PKSTH,SJV,SJV619,SJV640,12/19:12,12/19:17,13/05:57,13/06:09,10:39:10,BPN,AAP,025,28,0,0,NML,8,2025
1508.,B738,PKLKV,LNI,LNI885,LNI868,12/23:21,12/23:26,13/05:59,13/06:07,6:33:00,UPG,TTE,17A,28,0,0,NML,8,2025
"1509.,A320,PKSJU,SJV,SJV635,SJV706,10/10:01,12/23:38,13/06:04,13/06:14,""2 days, 19:59:38"",BDJ,DPS,C04,28,0,0,NML,8,2025"
1510.,A320,PKPWL,PAS,PAS202,PAS213,12/19:04,12/19:07,13/06:05,13/06:19,10:58:00,CGK,CGK,006,28,1,1,NML,8,2025
1511.,A320,PKLAL,BTK,BTK6413,BTK6412,12/21:37,12/21:40,13/06:22,13/06:32,8:42:00,DPS,DPS,15B,28,0,0,NML,8,2025
1512.,A320,PKSJH,SJV,SJV725,SJV634,12/19:08,12/19:11,13/06:28,13/06:37,11:16:37,LBJ,BDJ,022,28,0,0,NML,8,2025
1513.,A320,PKBKV,BTK,BTK6370,BTK6597,13/06:01,13/06:07,13/06:56,13/07:06,0:48:26,CGK,CGK,011,28,1,1,NML,8,2025
"1514.,A320,PKSAL,SJV,SJV637,SJV566,11/18:47,11/18:51,13/06:59,13/07:09,""1 day, 12:08:00"",BDJ,PLW,023,28,0,0,NML,8,2025"
1515.,A320,PKLAQ,BTK,BTK6684,BTK6135,12/22:20,12/22:24,13/07:09,13/07:20,8:45:54,AAP,PKN,15A,28,0,0,NML,8,2025
1516.,B738,PKGFI,GIA,GIA324,GIA305,12/21:11,12/21:16,13/07:01,13/07:11,9:45:00,CGK,CGK,008,28,1,1,NML,8,2025
1517.,B738,PKGNQ,GIA,GIA855,GIA854,12/20:32,12/20:37,13/07:03,13/07:18,10:26:00,SIN,SIN,A02,28,1,1,NML,8,2025
1518.,B739,PKLSK,LNI,LNI363,LNI646,13/06:16,13/06:21,13/07:06,13/07:15,0:45:00,BPN,LOP,016,28,1,1,NML,8,2025
1519.,B739,PKLSL,LNI,LNI929,LNI856,13/06:50,13/06:55,13/07:38,13/07:44,0:43:28,DPS,PLM,014,28,1,1,NML,8,2025
1520.,A320,PKBKJ,BTK,BTK6572,BTK7510,13/06:53,13/07:00,13/08:15,13/08:24,1:15:26,CGK,HLP,010,28,1,1,NML,8,2025
"1521.,AW139,PKTVN,TVR,PKTVN,PKTVN,09/19:55,09/20:01,13/07:25,13/07:38,""3 days, 11:24:27"",ZZZZ,ZZZZ,H02,28,0,0,NML,8,2025"
1522.,B739,PKLGW,LNI,LNI693,LNI693,13/06:46,13/06:50,13/07:39,13/07:47,0:49:19,KOE,CGK,012,28,1,1,NML,8,2025
1523.,A320,PKBKF,BTK,BTK7511,BTK6573,13/06:40,13/06:45,13/07:59,13/08:10,1:14:07,HLP,CGK,009,28,1,1,NML,8,2025
1524.,BELL505,PKELS,LOP,PKELS,PKELS,--:--,12/14:32,13/08:14,13/08:25,17:41:25,FBH,BDJ,H05,28,0,0,NML,8,2025
1525.,A333,BLBK,CPA,CPA779,CPA780,12/18:26,12/18:32,13/08:07,13/08:20,13:35:00,HKG,HKG,A08,28,1,1,NML,8,2025
1526.,B739,PKLHL,LNI,LNI695,LNI990,12/20:24,12/20:28,13/08:32,13/08:41,12:04:07,KOE,DPS,024,28,0,0,NML,8,2025
1527.,A320,PKBLA,BTK,BTK6133,BTK6391,13/07:54,13/07:57,13/08:41,13/08:54,0:44:18,LOP,CGK,008,10,1,1,NML,8,2025
1528.,B739,PKLFY,LNI,LNI315,LNI222,13/07:57,13/08:03,13/08:53,13/09:03,0:50:50,BDJ,BDJ,012,10,1,1,NML,8,2025
1529.,B738,PKLJQ,LNI,LNI837,LNI748,13/08:07,13/08:12,13/09:01,13/09:12,0:49:00,PNK,MDC,014,10,1,1,NML,8,2025
1530.,A320,PKSJU,SJV,SJV703,SJV618,13/08:29,13/08:34,13/09:16,13/09:28,0:42:00,DPS,BPN,010,10,1,1,NML,8,2025
1531.,A320,PKGQI,CTV,CTV671,CTV486,13/08:22,13/08:29,13/09:10,13/09:28,0:41:00,LOP,BDJ,007,10,1,1,NML,8,2025
1532.,B738,PKGUI,GIA,GIA304,GIA342,13/08:25,13/08:33,13/09:26,13/09:43,0:53:00,CGK,DPS,004,10,1,1,NML,8,2025
1533.,A320,PKPWK,PAS,PAS200,PAS201,13/08:14,13/08:22,13/09:10,13/09:26,0:48:34,CGK,CGK,005,10,1,1,NML,8,2025
1534.,A320,PKGQT,CTV,CTV435,CTV434,13/08:49,13/08:52,13/09:35,13/09:53,0:43:00,BPN,BPN,006,10,1,1,NML,8,2025
1535.,B738,PKLBS,MXD,MXD352,MXD353,12/19:52,12/19:58,13/09:45,13/09:54,13:47:00,KUL,KUL,A04,10,1,1,NML,8,2025
1536.,B733,PKMYJ,MYU,MYU935,MYU815,13/09:14,13/09:16,13/10:44,13/10:59,1:28:25,SRG,CGK,C02,10,0,0,NML,8,2025
1537.,B738MAX,9MMVI,MAS,MAS871,MAS870,13/08:55,13/09:01,13/09:56,13/10:09,0:55:00,KUL,KUL,A07,10,1,1,NML,8,2025
1538.,B735,PKNAT,LKN,LKN243,LKN242,13/09:07,13/09:10,13/09:51,13/10:07,0:41:00,SMQ,SMQ,011,10,1,1,NML,8,2025
1539.,A359,9VSHT,SIA,SIA922,SIA923,13/09:22,13/09:26,13/10:21,13/10:37,0:55:00,SIN,SIN,A08,10,1,1,NML,8,2025
1540.,A320,PKSJH,SJV,SJV635,SJV632,13/09:21,13/09:23,13/10:11,13/10:23,0:48:00,BDJ,BDJ,009,10,1,1,NML,8,2025
1541.,A320,PKGQP,CTV,CTV351,CTV350,13/09:17,13/09:20,13/10:16,13/10:30,0:56:09,UPG,UPG,007,10,1,1,NML,8,2025
1542.,B739,PKLSY,LNI,LNI791,LNI706,13/09:44,13/09:47,13/10:40,13/11:00,0:53:45,UPG,UPG,012,10,1,1,NML,8,2025
1543.,A320,PKGQE,CTV,CTV461,CTV715,13/09:30,13/09:36,13/10:16,13/10:32,0:40:12,AAP,CGK,008,10,1,1,NML,8,2025
1544.,B739,PKLFO,LNI,LNI311,LNI262,13/07:27,13/07:32,13/10:42,13/10:49,3:10:00,BDJ,BPN,023,10,0,0,NML,8,2025
1545.,A320,PKAXD,AWQ,AWQ327P,AWQ392,13/10:18,13/10:22,13/10:57,13/11:17,0:35:10,KUL,JHB,A03,10,1,1,NML,8,2025
1546.,A320,9VTRV,TGW,TGW296,TGW297,13/09:40,13/09:45,13/10:41,13/10:51,0:56:00,SIN,SIN,A02,10,1,1,NML,8,2025
1547.,B739,PKLSK,LNI,LNI645,LNI822,13/09:47,13/09:50,13/10:49,13/11:05,0:59:00,LOP,LOP,014,10,1,1,NML,8,2025
1548.,A320,PKPWL,PAS,PAS210,PAS211,13/09:37,13/09:41,13/10:38,13/10:46,0:57:00,CGK,CGK,005,10,1,1,NML,8,2025
1549.,B739,PKLHO,LNI,LNI923,LNI973,12/18:22,12/18:26,13/10:46,13/11:03,16:19:40,DPS,BTH,018,10,0,0,NML,8,2025
1550.,A320,PKBKY,BTK,BTK7513,BTK7516,13/09:58,13/10:01,13/10:46,13/10:58,0:45:00,HLP,HLP,010,10,1,1,NML,8,2025
1551.,A320,PKBKP,BTK,BTK6584,BTK6585,13/09:55,13/09:58,13/10:51,13/11:10,0:53:00,CGK,CGK,011,10,1,1,NML,8,2025
1552.,B739,PKLHH,LNI,LNI697,LNI697,13/10:25,13/10:29,13/11:15,13/11:26,0:46:00,KOE,CGK,015,10,1,1,NML,8,2025
1553.,A320,PKAZN,AWQ,AWQ321,AWQ322,13/10:35,13/10:40,13/11:43,13/11:51,1:03:00,KUL,KUL,A04,10,1,1,NML,8,2025
1554.,B738,PKGMY,GIA,GIA322,GIA327,13/10:21,13/10:24,13/11:30,13/11:47,1:06:58,CGK,CGK,004,10,1,1,NML,8,2025
"1555.,A339,PKLET,LNI,LNI107,LNI104,11/14:15,11/14:24,13/12:06,13/12:21,""1 day, 21:42:00"",JED,JED,A05,10,1,1,NML,8,2025"
1556.,A320,PKBKJ,BTK,BTK7517,BTK7520,13/11:30,13/11:33,13/12:40,13/12:51,1:07:00,HLP,HLP,010,10,1,1,NML,8,2025
1557.,A320,PKLAQ,BTK,BTK6134,BTK6581,13/10:56,13/10:59,13/13:25,13/13:38,2:26:00,PKN,CGK,009,10,1,1,NML,8,2025
1558.,B739,PKLSK,LNI,LNI823,LNI804,13/14:00,13/14:04,13/15:02,13/15:18,0:58:00,LOP,DPS,014,10,1,1,NML,8,2025
1559.,A320,PKSAL,SJV,SJV567,SJV636,13/11:35,13/11:38,13/12:28,13/12:39,0:50:36,PLW,BDJ,011,10,1,1,NML,8,2025
1560.,B735,PKNAQ,LKN,LKN193,LKN192,13/13:56,13/13:59,13/14:37,13/14:50,0:38:00,PKN,PKN,012,10,1,1,NML,8,2025
1561.,B739,PKLGW,LNI,LNI694,LNI694,13/11:53,13/11:58,13/12:43,13/12:55,0:45:26,CGK,KOE,014,10,1,1,NML,8,2025
1562.,B739,PKLHL,LNI,LNI805,LNI680,13/11:15,13/11:18,13/13:34,13/13:47,2:16:00,DPS,PKY,012,10,1,1,NML,8,2025
1563.,CL60,N779LG,MPU,N779LG,N779LG,12/17:24,12/17:28,13/12:50,13/13:00,19:22:00,JOG,JBB,A10,10,0,0,NML,8,2025
1564.,B738,PKLKV,LNI,LNI869,LNI722,13/12:27,13/12:30,13/13:31,13/13:42,1:01:00,TTE,KDI,016,10,1,1,NML,8,2025
1565.,A320,PKPWH,PAS,PAS204,PAS205,13/12:12,13/12:14,13/13:13,13/13:27,0:59:00,CGK,CGK,005,10,1,1,NML,8,2025
1566.,A320,PKBLB,BTK,BTK6582,BTK6401,13/14:56,13/15:00,13/16:10,13/16:24,1:10:00,CGK,CGK,008,10,1,1,NML,8,2025
1567.,A320,PKGQI,CTV,CTV487,CTV668,13/12:18,13/12:22,13/13:19,13/13:32,0:57:00,BDJ,DPS,007,10,1,1,NML,8,2025
1568.,A339,PKGHI,GIA,GIA975,GIA974,13/12:22,13/12:30,13/14:24,13/14:37,1:54:00,JED,JED,A08,10,1,1,NML,8,2025
1569.,B739,PKLQT,LNI,LNI879,LNI260,13/14:47,13/14:50,13/15:51,13/16:01,1:01:00,AMQ,BPN,016,10,1,1,NML,8,2025
1570.,B739,PKLFY,LNI,LNI223,LNI686,13/12:06,13/12:09,13/14:01,13/14:11,1:52:00,BDJ,PKY,018,10,0,0,NML,8,2025
1571.,A320,PKSJH,SJV,SJV633,SJV726,13/13:29,13/13:34,13/14:28,13/14:39,0:54:00,BDJ,LBJ,011,10,1,1,NML,8,2025
1572.,B738,PKLOR,LNI,LNI707,LNI836,13/14:43,13/14:48,13/15:47,13/15:57,0:59:00,UPG,PNK,017,10,1,1,NML,8,2025
1573.,A320,PKGQT,CTV,CTV431,CTV948,13/13:40,13/13:45,13/15:03,13/15:13,1:18:00,BPN,BTH,003,10,0,0,NML,8,2025
1574.,B738,PKGNM,GIA,GIA312,GIA317,13/13:44,13/13:50,13/15:08,13/15:21,1:18:00,CGK,CGK,004,10,1,1,NML,8,2025
1575.,A320,PKBKQ,BTK,BTK7515,BTK7514,13/14:09,13/14:12,13/15:24,13/15:35,1:12:00,HLP,HLP,009,10,1,1,NML,8,2025
1576.,B739,PKLFO,LNI,LNI261,LNI910,13/14:17,13/14:20,13/15:42,13/15:55,1:22:00,BPN,DPS,010,10,1,1,NML,8,2025
1577.,A320,PKPWE,PAS,PAS208,PAS209,13/13:53,13/13:56,13/14:44,13/15:01,0:48:00,CGK,CGK,005,10,1,1,NML,8,2025
1578.,B738,PKGNA,GIA,GIA330,GIA331,13/14:34,13/14:38,13/15:39,13/15:53,1:01:00,HLP,HLP,007,10,1,1,NML,8,2025
1579.,A320,PKLUO,BTK,BTK6406,BTK6685,13/15:41,13/15:46,13/16:41,13/16:53,0:55:00,CGK,AAP,009,10,1,1,NML,8,2025
1580.,B739,PKLHL,LNI,LNI681,LNI642,13/16:41,13/16:44,13/17:44,13/17:55,1:00:00,PKY,LOP,015,10,1,1,NML,8,2025
1581.,A320,PKGQG,CTV,CTV720,CTV721,13/14:14,13/14:19,13/15:26,13/15:37,1:07:00,CGK,CGK,006,10,1,1,NML,8,2025
1582.,A320,PKLUP,BTK,BTK6596,BTK6595,13/17:07,13/17:11,13/17:55,13/18:04,0:44:00,CGK,CGK,008,10,1,1,NML,8,2025
1583.,A320,PKSTH,SJV,SJV641,SJV672,13/09:51,13/09:55,13/16:50,13/17:02,6:55:00,AAP,BEJ,020,10,0,0,NML,8,2025
1584.,A320,PKAXD,AWQ,AWQ393,AWQ324,13/16:02,13/16:07,13/16:50,13/16:58,0:43:00,JHB,KUL,A01,10,1,1,NML,8,2025
1585.,A320,PKBKT,BTK,BTK7501,BTK7512,13/17:35,13/17:37,13/18:30,13/18:43,0:53:00,HLP,HLP,009,10,1,1,NML,8,2025
1586.,B739,PKLHY,LNI,LNI919,LNI316,13/16:25,13/16:29,13/17:21,13/17:33,0:52:00,DPS,BDJ,014,10,1,1,NML,8,2025
1587.,B738,HSLGQ,TLM,TLM268,TLM269,13/15:27,13/15:34,13/16:22,13/16:33,0:48:00,DMK,DMK,A04,10,1,1,NML,8,2025
1588.,B738,PKGFP,GIA,GIA310,GIA315,13/16:22,13/16:26,13/17:27,13/17:43,1:01:00,CGK,CGK,004,10,1,1,NML,8,2025
1589.,A320,PKSAL,SJV,SJV637,SJV648,13/15:32,13/15:35,13/16:20,13/16:31,0:45:00,BDJ,BPN,011,10,1,1,NML,8,2025
1590.,B738MAX,9VMBF,SIA,SIA926,SIA927,13/15:35,13/15:41,13/16:34,13/16:47,0:53:00,SIN,SIN,A07,10,1,1,NML,8,2025
1591.,A320,PKPWD,PAS,PAS206,PAS623,13/16:07,13/16:10,13/16:39,13/16:49,0:29:00,CGK,BPN,005,10,1,1,NML,8,2025
1592.,B739,PKLSL,LNI,LNI857,LNI268,13/15:22,13/15:26,13/16:49,13/17:00,1:23:00,PLM,TRK,018,10,0,0,NML,8,2025
1593.,B739,PKLHH,LNI,LNI692,LNI692,13/16:29,13/16:31,13/17:19,13/17:29,0:48:00,CGK,KOE,012,10,1,1,NML,8,2025
"1594.,A339,PKLES,LNI,LNI107,LNI100,12/14:18,12/14:25,13/17:02,13/17:20,""1 day, 2:37:00"",JED,JED,A06,10,1,1,NML,8,2025"
1595.,B739,PKLJG,LNI,LNI972,LNI226,13/16:52,13/16:55,13/17:50,13/18:00,0:55:00,BTH,BDJ,010,10,1,1,NML,8,2025
1596.,A320,PKLUI,BTK,BTK6578,BTK7579,13/17:40,13/17:43,13/18:26,13/18:40,0:43:00,CGK,CGK,007,10,1,1,NML,8,2025
1597.,A320,PKGQE,CTV,CTV669,CTV698,13/16:34,13/16:38,13/17:26,13/17:37,0:48:00,DPS,DPS,006,10,1,1,NML,8,2025
1598.,B738,PKLJQ,LNI,LNI749,LNI838,13/14:59,13/15:09,13/17:32,13/17:47,2:23:00,MDC,PNK,021,10,0,0,NML,8,2025
1599.,A320,PKAZN,AWQ,AWQ323,AWQ326,13/17:31,13/17:37,13/18:06,13/18:15,0:29:00,KUL,KUL,A03,10,1,1,NML,8,2025
1600.,B739,PKLFY,LNI,LNI687,LNI581,13/17:04,13/17:08,13/18:06,13/18:19,0:58:00,PKY,CGK,017,10,1,1,NML,8,2025
1601.,B739,PKLGW,LNI,LNI695,LNI920,13/17:27,13/17:31,13/18:33,13/18:43,1:02:00,KOE,DPS,011,10,1,1,NML,8,2025
1602.,A320,PKPWG,PAS,PAS622,PAS207,13/17:17,13/17:20,13/18:07,13/18:21,0:47:00,BPN,CGK,005,10,1,1,NML,8,2025
1603.,B738,PKGUI,GIA,GIA349,GIA313,13/19:12,13/19:17,13/20:17,13/20:29,1:00:00,DPS,CGK,005,10,1,1,NML,8,2025
1604.,A320,PKBKY,BTK,BTK7503,BTK7502,13/19:19,13/19:22,13/20:06,13/20:16,0:44:00,HLP,HLP,009,10,1,1,NML,8,2025
1605.,B738,PKGUH,GIA,GIA320,GIA325,13/19:47,13/19:51,13/20:46,13/20:59,0:55:00,CGK,CGK,004,10,1,1,NML,8,2025
1606.,B738MAX,9VMBC,SIA,SIA928,SIA929,13/18:38,13/18:43,13/19:36,13/19:49,0:53:00,SIN,SIN,A07,10,1,1,NML,8,2025
1607.,A320,PKGQL,CTV,CTV172,CTV173,13/19:23,13/19:27,13/20:01,13/20:15,0:34:00,HLP,HLP,008,10,1,1,NML,8,2025
1608.,A320,PKLUO,BTK,BTK6684,BTK7518,13/20:21,13/20:25,13/21:36,13/21:45,1:11:00,AAP,CGK,012,10,1,1,NML,8,2025
1609.,B738,PKCRI,SJY,SJY567,SJY562,13/18:57,13/19:00,13/19:52,13/20:04,0:52:00,UPG,UPG,012,10,1,1,NML,8,2025
1610.,B738MAX,PKGDC,GIA,GIA326,GIA319,13/21:09,13/21:12,13/22:10,13/22:24,0:58:00,CGK,CGK,004,10,1,1,NML,8,2025
1611.,A320,PKGQA,CTV,CTV736,CTV737,13/18:12,13/18:17,13/21:00,13/21:12,2:43:00,CGK,CGK,003,10,0,0,NML,8,2025
1612.,B738,PKLJS,LNI,LNI885,LNI880,13/20:26,13/20:30,13/21:19,13/21:33,0:49:00,UPG,UPG,014,10,1,1,NML,8,2025
1613.,A320,PKLUQ,BTK,BTK6137,BTK6136,13/21:18,13/21:22,13/22:05,13/22:13,0:43:00,UPG,UPG,15A,10,0,0,NML,8,2025
1614.,A320,PKSAS,SJV,SJV611,SJV610,13/08:52,13/08:56,14/04:56,14/05:07,20:00:00,BPN,BPN,026,28,0,0,NML,8,2025
1615.,A320,PKLUW,BTK,BTK7521,BTK7508,14/00:21,14/00:24,14/04:56,14/05:06,4:32:00,HLP,HLP,15A,28,0,0,NML,8,2025
1616.,A320,PKAZN,AWQ,AWQ327,AWQ320,13/23:34,13/23:40,14/05:00,14/05:16,5:20:00,KUL,KUL,A03,28,1,1,NML,8,2025
1617.,B738,PKLKV,LNI,LNI727,LNI786,13/17:44,13/17:48,14/05:06,14/05:20,11:18:00,KDI,UPG,022,28,0,0,NML,8,2025
1618.,B738,PKGFJ,GIA,GIA324,GIA301,13/20:57,13/21:01,14/05:07,14/05:18,8:06:00,CGK,CGK,005,28,1,1,NML,8,2025
1619.,A320,PKGQO,CTV,CTV726,CTV430,13/20:12,13/20:16,14/05:05,14/05:14,8:49:00,CGK,BPN,008,28,1,1,NML,8,2025
1620.,A320,PKLAZ,BTK,BTK6588,BTK6132,13/22:14,13/22:18,14/05:13,14/05:22,6:55:00,CGK,LOP,012,28,1,1,NML,8,2025
1621.,B739,PKLVF,LNI,LNI690,LNI690,14/05:03,14/05:10,14/05:51,14/06:01,0:41:00,CGK,KOE,15A,28,0,0,NML,8,2025
1622.,A320,PKGLE,CTV,CTV724,CTV460,13/19:27,13/19:30,14/05:48,14/05:59,10:18:00,CGK,AAP,010,28,1,1,NML,8,2025
1623.,A320,PKGQE,CTV,CTV699,CTV670,13/19:59,13/20:02,14/05:46,14/05:57,9:44:00,DPS,LOP,011,28,1,1,NML,8,2025
1624.,B739,PKLFO,LNI,LNI923,LNI882,13/19:03,13/19:09,14/05:59,14/06:10,10:50:00,DPS,UPG,021,28,0,0,NML,8,2025
1625.,A320,PKSJO,SJV,SJV619,SJV706,13/19:51,13/19:55,14/06:04,14/06:18,10:09:47,BPN,DPS,020,28,0,0,NML,8,2025
1626.,A320,PKSTH,SJV,SJV673,SJV640,13/21:30,13/21:34,14/05:58,14/06:07,8:24:00,BEJ,AAP,17B,28,0,0,NML,8,2025
1627.,A320,V8RBE,RBA,RBA795,RBA796,13/19:54,13/20:00,14/05:55,14/06:08,9:55:00,BWN,BWN,A06,28,1,1,NML,8,2025
1628.,A320,PKBKF,BTK,BTK7519,BTK6589,13/20:45,13/20:48,14/06:03,14/06:16,9:15:00,HLP,CGK,17A,28,0,0,NML,8,2025
1629.,A320,PKAXD,AWQ,AWQ325,AWQ386,13/22:28,13/22:33,14/05:58,14/06:08,7:25:00,KUL,PEN,A01,28,1,1,NML,8,2025
1630.,A320,PKPWC,PAS,PAS202,PAS213,13/18:51,13/18:54,14/06:01,14/06:15,11:07:00,CGK,CGK,007,28,1,1,NML,8,2025
1631.,A320,PKLAL,BTK,BTK6413,BTK6412,13/21:05,13/21:09,14/06:16,14/06:26,9:07:42,DPS,DPS,15B,28,0,0,NML,8,2025
1632.,A320,PKLAI,BTK,BTK6370,BTK6597,14/06:23,14/06:29,14/07:46,14/07:55,1:16:08,CGK,CGK,008,28,1,1,NML,8,2025
1633.,A320,PKGLG,CTV,CTV949,CTV725,13/18:27,13/18:32,14/07:03,14/07:11,12:31:00,BTH,CGK,006,28,1,1,NML,8,2025
1634.,B739,PKLHI,LNI,LNI311,LNI971,14/05:55,14/05:59,14/06:50,14/06:57,0:51:34,BDJ,BTH,012,28,1,1,NML,8,2025
1635.,A320,PKLUY,BTK,BTK6594,BTK6135,13/21:47,13/21:51,14/07:00,14/07:09,9:09:00,CGK,PKN,014,28,1,1,NML,8,2025
1636.,B738,PKGNQ,GIA,GIA855,GIA854,13/20:38,13/20:44,14/06:58,14/07:15,10:14:00,SIN,SIN,A02,28,1,1,NML,8,2025
1637.,B738,PKGMC,GIA,GIA328,GIA305,13/21:13,13/21:17,14/07:51,14/08:07,10:34:00,CGK,CGK,009,28,1,1,NML,8,2025
1638.,B739,PKLHH,LNI,LNI693,LNI693,14/06:29,14/06:34,14/07:33,14/07:40,0:58:16,KOE,CGK,022,28,0,0,NML,8,2025
1639.,B739,PKLHL,LNI,LNI865,LNI646,13/20:17,13/20:22,14/07:16,14/07:27,10:54:00,LOP,LOP,018,28,0,0,NML,8,2025
1640.,A320,PKLZH,BTK,BTK6572,BTK7510,14/06:36,14/06:41,14/07:34,14/07:43,0:52:22,CGK,HLP,010,28,1,1,NML,8,2025
1641.,A320,PKLAM,BTK,BTK7511,BTK6573,14/06:41,14/06:47,14/07:43,14/07:50,0:55:26,HLP,CGK,007,28,1,1,NML,8,2025
1642.,B739,PKLHJ,LNI,LNI929,LNI982,14/06:45,14/06:50,14/07:44,14/07:53,0:53:29,DPS,PKU,011,28,1,1,NML,8,2025
1643.,A21N,B32KZ,CSN,CSN8137,CSN8138,13/21:01,13/21:08,14/07:57,14/08:14,10:49:00,CAN,CAN,A07,28,1,1,NML,8,2025
1644.,A333,BLBH,CPA,CPA779,CPA780,13/17:52,13/17:59,14/08:28,14/08:39,14:29:00,HKG,HKG,A08,28,1,1,NML,8,2025
1645.,B739,PKLSL,LNI,LNI267,LNI990,14/07:05,14/07:14,14/08:23,14/08:33,1:09:00,TRK,DPS,012,28,1,1,NML,8,2025
"1646.,DHC6,PKICP,PGT,PKICP,PKICP,12/11:16,12/11:19,14/08:05,14/08:15,""1 day, 20:46:00"",PAG,PAG,028,28,0,0,NML,8,2025"
1647.,B738,PKLBK,MXD,MXD352,MXD353,13/18:45,13/18:52,14/08:36,14/08:51,13:44:00,KUL,KUL,A04,28,1,1,NML,8,2025
1648.,B739,PKLJG,LNI,LNI315,LNI222,14/08:05,14/08:10,14/11:00,14/11:13,2:50:00,BDJ,BDJ,020,10,0,0,NML,8,2025
1649.,A320,PKLAZ,BTK,BTK6133,BTK6391,14/07:59,14/08:05,14/08:51,14/09:03,0:46:00,LOP,CGK,008,10,1,1,NML,8,2025
1650.,B738,PKLOR,LNI,LNI837,LNI748,14/08:02,14/08:06,14/08:57,14/09:08,0:51:00,PNK,MDC,016,10,1,1,NML,8,2025
1651.,B738,PKGUI,GIA,GIA304,GIA342,14/08:22,14/08:31,14/09:21,14/09:39,0:50:00,CGK,DPS,004,10,1,1,NML,8,2025
1652.,A320,PKGQE,CTV,CTV671,CTV486,14/08:12,14/08:17,14/09:24,14/09:42,1:07:00,LOP,BDJ,006,10,1,1,NML,8,2025
1653.,A320,PKSJO,SJV,SJV703,SJV612,14/08:44,14/08:48,14/09:44,14/09:54,0:56:00,DPS,BPN,009,10,1,1,NML,8,2025
1654.,A320,PKPWK,PAS,PAS200,PAS201,14/08:08,14/08:13,14/09:14,14/09:25,1:01:00,CGK,CGK,005,10,1,1,NML,8,2025
1655.,H25B,T7HAN,AFSS,T7HAN,T7HAN,14/08:49,14/08:53,14/10:54,14/11:04,2:01:00,CGK,CGK,003,10,0,0,NML,8,2025
1656.,A320,PKGQO,CTV,CTV435,CTV434,14/09:01,14/09:05,14/10:02,14/10:14,0:57:00,BPN,BPN,007,10,1,1,NML,8,2025
1657.,B738MAX,9MMVH,MAS,MAS871,MAS870,14/09:15,14/09:21,14/10:09,14/10:20,0:48:00,KUL,KUL,A06,10,1,1,NML,8,2025
1658.,B735,PKNAT,LKN,LKN2430,LKN670,14/08:58,14/09:01,14/09:51,14/10:04,0:50:00,SMQ,TMC,010,10,1,1,NML,8,2025
1659.,A359,9VSHA,SIA,SIA922,SIA923,14/08:55,14/09:01,14/10:00,14/10:16,0:59:00,SIN,SIN,A08,10,1,1,NML,8,2025
1660.,B733,PKMYJ,MYU,MYU935,MYU815,14/09:11,14/09:16,14/10:02,14/10:12,0:46:00,SRG,CGK,C02,10,0,0,NML,8,2025
1661.,A320,PKBKF,BTK,BTK6584,BTK6585,14/09:44,14/09:48,14/11:23,14/11:35,1:35:00,CGK,CGK,012,10,1,1,NML,8,2025
1662.,A320,PKSAT,SJV,SJV613,SJV632,13/21:38,13/21:42,14/10:48,14/10:58,13:06:00,BPN,BDJ,C03,10,0,0,NML,8,2025
1663.,B738,PKLOJ,LNI,LNI839,LNI706,13/13:34,13/13:38,14/10:30,14/10:46,20:52:00,PNK,UPG,025,10,0,0,NML,8,2025
1664.,A320,PKGQF,CTV,CTV351,CTV350,14/09:32,14/09:36,14/10:21,14/10:32,0:45:00,UPG,UPG,006,10,1,1,NML,8,2025
1665.,A320,PKGLE,CTV,CTV461,CTV715,14/09:28,14/09:32,14/10:22,14/10:34,0:50:00,AAP,CGK,008,10,1,1,NML,8,2025
1666.,B739,PKLQT,LNI,LNI363,LNI822,14/07:13,14/07:21,14/10:46,14/11:00,3:25:00,BPN,LOP,015,10,1,1,NML,8,2025
1667.,A20N,9VTNG,TGW,TGW296,TGW297,14/09:40,14/09:47,14/10:34,14/10:50,0:47:00,SIN,SIN,A02,10,1,1,NML,8,2025
1668.,A320,PKPWC,PAS,PAS210,PAS211,14/09:37,14/09:40,14/10:35,14/10:52,0:55:00,CGK,CGK,005,10,1,1,NML,8,2025
1669.,B739,PKLHL,LNI,LNI645,LNI973,14/10:02,14/10:05,14/11:00,14/11:11,0:55:00,LOP,BTH,016,10,1,1,NML,8,2025
1670.,A320,PKLUY,BTK,BTK6134,BTK6346,14/09:50,14/09:53,14/10:43,14/10:53,0:50:00,PKN,BEJ,011,10,1,1,NML,8,2025
1671.,A320,PKBKJ,BTK,BTK7513,BTK7516,14/10:38,14/10:42,14/11:46,14/11:55,1:04:00,HLP,HLP,008,10,1,1,NML,8,2025
1672.,B739,PKLVF,LNI,LNI697,LNI697,14/10:24,14/10:27,14/12:04,14/12:14,1:37:00,KOE,CGK,014,10,1,1,NML,8,2025
1673.,A320,PKLZH,BTK,BTK7517,BTK7520,14/11:28,14/11:32,14/12:20,14/12:30,0:48:00,HLP,HLP,009,10,1,1,NML,8,2025
1674.,A320,PKAZN,AWQ,AWQ321,AWQ322,14/10:41,14/10:47,14/11:25,14/11:33,0:38:00,KUL,KUL,A03,10,1,1,NML,8,2025
1675.,B738,PKGMX,GIA,GIA322,GIA327,14/10:54,14/10:59,14/12:12,14/12:29,1:13:00,CGK,CGK,004,10,1,1,NML,8,2025
1676.,C208,PKVVF,SUS,PKVVF,PKVVF,14/11:31,14/11:33,14/12:18,14/12:28,0:45:00,BXW,BXW,C07,10,0,0,NML,8,2025
1677.,B739,PKLGJ,LNI,LNI805,LNI804,14/11:03,14/11:06,14/12:05,14/12:19,0:59:00,DPS,DPS,011,10,1,1,NML,8,2025
1678.,A320,PKBLC,BTK,BTK6582,BTK6581,14/12:26,14/12:30,14/13:29,14/13:41,0:59:00,CGK,CGK,007,10,1,1,NML,8,2025
1679.,A320,PKSJH,SJV,SJV725,SJV636,13/18:16,13/18:19,14/12:23,14/12:35,18:04:00,LBJ,BDJ,024,10,0,0,NML,8,2025
1680.,B739,PKLQR,LNI,LNI791,LNI780,14/13:35,14/13:38,14/14:39,14/14:51,1:01:00,UPG,UPG,015,10,1,1,NML,8,2025
1681.,B739,PKLHH,LNI,LNI694,LNI694,14/12:00,14/12:04,14/13:09,14/13:19,1:05:31,CGK,KOE,008,10,1,1,NML,8,2025
1682.,B739,PKLJG,LNI,LNI223,LNI680,14/14:10,14/14:16,14/15:05,14/15:14,0:49:00,BDJ,PKY,020,10,0,0,NML,8,2025
1683.,B739,PKLQT,LNI,LNI823,LNI262,14/14:05,14/14:10,14/15:46,14/15:55,1:36:00,LOP,BPN,017,10,1,1,NML,8,2025
1684.,A320,PKBKQ,BTK,BTK6596,BTK6595,14/13:32,14/13:35,14/14:18,14/14:27,0:43:00,CGK,CGK,008,10,1,1,NML,8,2025
1685.,A320,PKAXD,AWQ,AWQ387,AWQ324,14/12:36,14/12:41,14/13:26,14/13:38,0:45:00,PEN,KUL,A03,10,1,1,NML,8,2025
1686.,A320,PKGQE,CTV,CTV487,CTV668,14/12:17,14/12:21,14/13:44,14/14:00,1:23:00,BDJ,DPS,006,10,1,1,NML,8,2025
1687.,B739,PKLSR,LNI,LNI261,LNI260,14/14:13,14/14:18,14/16:30,14/16:39,2:12:00,BPN,BPN,024,10,0,0,NML,8,2025
1688.,BK17,PKFGG,SAG,PKFGG,PKFGG,14/13:40,14/13:42,14/14:19,14/14:21,0:37:00,DHX,DHX,003,10,0,0,NML,8,2025
1689.,B739,PKLFF,LNI,LNI801,LNI682,14/15:28,14/15:31,14/16:24,14/16:36,0:53:00,UPG,PKY,015,10,1,1,NML,8,2025
1690.,B738,PKLJQ,LNI,LNI839,LNI836,14/13:28,14/13:32,14/14:44,14/14:59,1:12:00,PNK,PNK,016,10,1,1,NML,8,2025
1691.,A320,PKGQP,CTV,CTV716,CTV717,14/13:25,14/13:29,14/14:06,14/14:25,0:37:00,CGK,CGK,005,10,1,1,NML,8,2025
1692.,A320,PKSAT,SJV,SJV633,SJV726,14/13:56,14/14:00,14/14:49,14/15:04,0:49:00,BDJ,LBJ,014,10,1,1,NML,8,2025
1693.,C208,PKVVF,SUS,PKVVF,PKVVF,14/14:08,14/14:11,14/14:47,14/14:56,0:36:00,BXW,BXW,C07,10,0,0,NML,8,2025
1694.,B735,PKNAT,LKN,LKN671,LKN2420,14/14:03,14/14:05,14/14:35,14/14:47,0:30:00,TMC,SMQ,010,10,1,1,NML,8,2025
1695.,B739,PKLHJ,LNI,LNI983,LNI910,14/13:51,14/13:55,14/15:26,14/15:37,1:31:00,PKU,DPS,018,10,0,0,NML,8,2025
1696.,A320,PKGQO,CTV,CTV431,CTV948,14/13:39,14/13:43,14/14:28,14/14:39,0:45:00,BPN,BTH,007,10,1,1,NML,8,2025
1697.,A320,PKLUW,BTK,BTK7515,BTK7514,14/14:22,14/14:26,14/15:09,14/15:30,0:43:00,HLP,HLP,009,10,1,1,NML,8,2025
1698.,B738,PKGNF,GIA,GIA312,GIA317,14/13:58,14/14:03,14/15:05,14/15:26,1:02:00,CGK,CGK,004,10,1,1,NML,8,2025
1699.,A320,PKPWE,PAS,PAS208,PAS209,14/13:53,14/13:57,14/15:00,14/15:12,1:03:00,CGK,CGK,006,10,1,1,NML,8,2025
1700.,B739,PKLGJ,LNI,LNI919,LNI642,14/14:56,14/15:00,14/15:59,14/16:10,0:59:00,DPS,LOP,012,10,1,1,NML,8,2025
1701.,B738,PKGNE,GIA,GIA330,GIA331,14/14:52,14/14:56,14/16:01,14/16:15,1:05:00,HLP,HLP,005,10,1,1,NML,8,2025
1702.,A320,PKLAF,BTK,BTK6406,BTK6685,14/15:38,14/15:43,14/16:27,14/16:37,0:44:00,CGK,AAP,009,10,1,1,NML,8,2025
1703.,A320,PKLUR,BTK,BTK7501,BTK7512,14/15:46,14/15:50,14/16:38,14/16:48,0:48:00,HLP,HLP,010,10,1,1,NML,8,2025
1704.,B738,9MMXD,MAS,MAS873,MAS872,14/14:49,14/14:55,14/15:48,14/15:58,0:53:00,KUL,KUL,A06,10,1,1,NML,8,2025
1705.,A320,PKLUY,BTK,BTK6347,BTK6401,14/15:19,14/15:23,14/16:12,14/16:25,0:49:00,BEJ,CGK,008,10,1,1,NML,8,2025
1706.,A320,PKSJH,SJV,SJV637,SJV648,14/15:51,14/15:55,14/16:41,14/16:53,0:46:00,BDJ,BPN,011,10,1,1,NML,8,2025
1707.,B738,PKGMX,GIA,GIA310,GIA315,14/16:23,14/16:28,14/17:43,14/18:05,1:15:00,CGK,CGK,004,10,1,1,NML,8,2025
1708.,B738MAX,9VMBA,SIA,SIA926,SIA927,14/15:32,14/15:38,14/16:32,14/16:43,0:54:00,SIN,SIN,A02,10,1,1,NML,8,2025
1709.,A339,PKGHI,GIA,GIA975,GIA972,14/14:16,14/14:24,14/16:40,14/16:50,2:16:00,JED,MED,A08,10,1,1,NML,8,2025
1710.,A320,PKPWJ,PAS,PAS206,PAS623,14/15:43,14/15:46,14/16:31,14/16:41,0:45:00,CGK,BPN,006,10,1,1,NML,8,2025
1711.,B739,PKLSV,LNI,LNI787,LNI268,14/17:57,14/18:01,14/18:46,14/19:02,0:45:00,UPG,TRK,012,10,1,1,NML,8,2025
1712.,B739,PKLGU,LNI,LNI692,LNI692,14/16:02,14/16:07,14/16:52,14/17:05,0:45:00,CGK,KOE,014,10,1,1,NML,8,2025
1713.,B739,PKLJG,LNI,LNI681,LNI316,14/18:12,14/18:15,14/19:08,14/19:22,0:53:00,PKY,BDJ,016,10,1,1,NML,8,2025
1714.,A339,PKLET,LNI,LNI105,LNI100,14/12:08,14/12:15,14/17:03,14/17:20,4:48:00,JED,JED,A07,10,1,1,NML,8,2025
1715.,A320,PKBKQ,BTK,BTK7519,BTK7579,14/17:54,14/17:57,14/18:47,14/19:04,0:50:00,HLP,CGK,010,10,1,1,NML,8,2025
1716.,A320,PKGLE,CTV,CTV669,CTV698,14/16:19,14/16:23,14/17:48,14/18:10,1:25:00,DPS,DPS,007,10,1,1,NML,8,2025
1717.,C700,PKCAA,BAL,PKCAA,PKCAA,14/18:37,14/18:42,14/19:13,14/19:30,0:31:00,BPN,HLP,A09,10,0,0,NML,8,2025
1718.,B738,PKLOJ,LNI,LNI707,LNI838,14/15:06,14/15:10,14/17:25,14/17:33,2:15:00,UPG,PNK,025,10,0,0,NML,8,2025
1719.,A320,PKAZN,AWQ,AWQ323,AWQ326,14/17:14,14/17:20,14/17:50,14/18:02,0:30:00,KUL,KUL,A03,10,1,1,NML,8,2025
1720.,A320,PKBLD,BTK,BTK6578,BTK7518,14/18:57,14/19:00,14/19:37,14/19:46,0:37:00,CGK,CGK,009,10,1,1,NML,8,2025
1721.,A320,PKGQF,CTV,CTV736,CTV352,14/17:10,14/17:14,14/17:59,14/18:15,0:45:00,CGK,UPG,008,10,1,1,NML,8,2025
1722.,B739,PKLSO,LNI,LNI923,LNI920,14/19:16,14/19:21,14/20:14,14/20:30,0:53:00,DPS,DPS,014,10,1,1,NML,8,2025
1723.,B739,PKLHH,LNI,LNI695,LNI581,14/17:39,14/17:43,14/20:21,14/20:40,2:38:00,KOE,CGK,17A,10,0,0,NML,8,2025
1724.,A320,PKPWC,PAS,PAS622,PAS207,14/17:17,14/17:20,14/18:12,14/18:24,0:52:00,BPN,CGK,006,10,1,1,NML,8,2025
1725.,B738,PKGFS,GIA,GIA320,GIA313,14/18:03,14/18:06,14/19:12,14/19:31,1:06:00,CGK,CGK,004,10,1,1,NML,8,2025
1726.,A320,PKSAT,SJV,SJV725,SJV716,14/18:19,14/18:22,14/19:12,14/19:24,0:50:00,LBJ,LOP,011,10,1,1,NML,8,2025
1727.,A320,PKBKJ,BTK,BTK7503,BTK7502,14/19:22,14/19:26,14/20:21,14/20:33,0:55:00,HLP,HLP,010,10,1,1,NML,8,2025
1728.,B738,PKGUI,GIA,GIA349,GIA325,14/17:24,14/17:30,14/18:59,14/19:09,1:29:00,DPS,CGK,005,10,1,1,NML,8,2025
1729.,B738MAX,9VMBI,SIA,SIA928,SIA929,14/18:08,14/18:13,14/19:12,14/19:28,0:59:00,SIN,SIN,A02,10,1,1,NML,8,2025
1730.,A320,PKGLU,CTV,CTV949,CTV494,14/18:38,14/18:42,14/19:23,14/19:37,0:41:00,BTH,BDJ,006,10,1,1,NML,8,2025
1731.,A320,PKGQL,CTV,CTV172,CTV173,14/18:30,14/18:33,14/19:19,14/19:35,0:45:07,HLP,HLP,007,10,1,1,NML,8,2025
1732.,A320,PKBKM,BTK,BTK6576,BTK6575,14/19:00,14/19:04,14/19:48,14/19:59,0:44:00,CGK,CGK,012,10,1,1,NML,8,2025
1733.,B738MAX,PKGDC,GIA,GIA326,GIA319,14/19:56,14/20:00,14/20:57,14/21:12,0:57:00,CGK,CGK,004,10,1,1,NML,8,2025
1734.,A320,PKGLE,CTV,CTV699,CTV737,14/20:27,14/20:31,14/21:14,14/21:25,0:43:00,DPS,CGK,006,10,1,1,NML,8,2025
1735.,B739,PKLFW,LNI,LNI885,LNI880,14/20:34,14/20:38,14/21:33,14/21:45,0:55:00,UPG,UPG,012,10,1,1,NML,8,2025
1736.,B738,PKCRI,SJY,SJY567,SJY562,14/20:50,14/20:54,14/21:38,14/21:50,0:44:00,UPG,UPG,011,10,1,1,NML,8,2025
1737.,A320,PKLUZ,BTK,BTK6137,BTK6136,14/20:47,14/20:51,14/21:55,14/22:04,1:04:00,UPG,UPG,014,10,1,1,NML,8,2025
1738.,A320,PKSAS,SJV,SJV611,SJV610,14/08:46,14/08:50,15/05:06,15/05:19,20:16:00,BPN,BPN,022,28,0,0,NML,8,2025
1739.,A320,PKLAQ,BTK,BTK6594,BTK7508,14/21:42,14/21:46,15/05:13,15/05:26,7:27:00,CGK,HLP,15B,28,0,0,NML,8,2025
1740.,A320,PKAZN,AWQ,AWQ327,AWQ320,14/23:43,14/23:50,15/05:01,15/05:13,5:11:00,KUL,KUL,A03,28,1,1,NML,8,2025
1741.,B739,PKLHO,LNI,LNI972,LNI878,14/20:44,14/20:48,15/05:01,15/05:10,8:13:00,BTH,AMQ,023,28,0,0,NML,8,2025
1742.,B738,PKGUG,GIA,GIA328,GIA301,14/20:17,14/20:19,15/05:07,15/05:17,8:48:00,CGK,CGK,005,28,1,1,NML,8,2025
1743.,A320,PKGLY,CTV,CTV724,CTV430,14/19:48,14/19:52,15/05:06,15/05:15,9:14:00,CGK,BPN,007,28,1,1,NML,8,2025
1744.,A320,PKLAF,BTK,BTK6684,BTK6132,14/20:14,14/20:18,15/05:10,15/05:21,8:52:00,AAP,LOP,15A,28,0,0,NML,8,2025
1745.,B739,PKLSU,LNI,LNI690,LNI690,15/05:01,15/05:07,15/05:51,15/05:59,0:44:00,CGK,KOE,011,28,1,1,NML,8,2025
1746.,A320,PKGLI,CTV,CTV726,CTV460,14/20:21,14/20:26,15/05:45,15/05:54,9:19:00,CGK,AAP,009,28,1,1,NML,8,2025
1747.,A320,PKGLX,CTV,CTV353,CTV670,14/20:31,14/20:34,15/05:46,15/05:56,9:12:00,UPG,LOP,003,28,0,0,NML,8,2025
1748.,A320,PKSAH,SJV,SJV619,SJV706,14/18:00,14/18:04,15/06:10,15/06:19,12:06:00,BPN,DPS,020,28,0,0,NML,8,2025
1749.,B738,PKLOR,LNI,LNI749,LNI868,14/14:42,14/14:46,15/05:59,15/06:08,15:13:00,MDC,TTE,021,28,0,0,NML,8,2025
1750.,A320,PKBKQ,BTK,BTK6588,BTK6589,14/23:16,14/23:19,15/05:58,15/06:06,6:39:00,CGK,CGK,014,28,1,1,NML,8,2025
"1751.,A320,PKSGA,SJV,SJV641,SJV640,12/14:36,14/23:59,15/06:02,15/06:16,""2 days, 15:23:00"",AAP,AAP,17A,28,0,0,NML,8,2025"
1752.,B739,PKLGJ,LNI,LNI865,LNI882,14/18:34,14/18:40,15/06:02,15/06:12,11:22:00,LOP,UPG,024,28,0,0,NML,8,2025
1753.,A320,V8RBC,RBA,RBA795,RBA796,14/20:56,14/21:04,15/05:57,15/06:10,8:53:00,BWN,BWN,A07,28,1,1,NML,8,2025
1754.,A320,PKLAL,BTK,BTK6413,BTK6412,14/20:25,14/20:28,15/06:20,15/06:30,9:52:00,DPS,DPS,016,28,1,1,NML,8,2025
1755.,A320,PKBKR,BTK,BTK6572,BTK7510,15/07:14,15/07:20,15/10:32,15/10:46,3:12:00,CGK,HLP,010,10,1,1,NML,8,2025
1756.,A320,PKSJC,SJV,SJV717,SJV566,15/06:17,15/06:22,15/07:05,15/07:17,0:43:00,LOP,PLW,011,10,1,1,NML,8,2025
1757.,A320,PKLUW,BTK,BTK7521,BTK6135,14/22:08,14/22:12,15/06:56,15/07:06,8:44:00,HLP,PKN,012,28,1,1,NML,8,2025
1758.,B738,PKGFH,GIA,GIA324,GIA305,14/21:59,14/22:02,15/07:00,15/07:14,8:58:00,CGK,CGK,008,10,1,1,NML,8,2025
1759.,B738,PKGNQ,GIA,GIA855,GIA854,14/20:53,14/21:04,15/07:04,15/07:11,10:00:00,SIN,SIN,A02,10,1,1,NML,8,2025
1760.,B739,PKLGU,LNI,LNI693,LNI646,15/06:14,15/06:19,15/07:16,15/07:28,0:57:00,KOE,LOP,015,10,1,1,NML,8,2025
1761.,B739,PKLSR,LNI,LNI363,LNI693,15/06:22,15/06:28,15/07:12,15/07:25,0:44:00,BPN,CGK,014,10,1,1,NML,8,2025
1762.,A320,PKGQT,CTV,CTV170,CTV175,15/06:25,15/06:30,15/07:11,15/07:26,0:41:00,CGK,CGK,006,10,1,1,NML,8,2025
1763.,A320,PKBKJ,BTK,BTK7511,BTK6573,15/06:45,15/06:51,15/07:45,15/08:00,0:54:00,HLP,CGK,009,10,1,1,NML,8,2025
1764.,A320,PKAXD,AWQ,AWQ325,AWQ392,14/19:32,14/19:38,15/07:20,15/07:30,11:42:00,KUL,JHB,A01,10,1,1,NML,8,2025
1765.,B429,PKAAS,JNT,PKAAS,PKAAS,14/13:13,14/13:16,15/08:11,15/08:21,18:55:00,LOP,SRG,H05,10,0,0,NML,8,2025
1766.,A333,BHLO,CPA,CPA779,CPA780,14/20:37,14/20:44,15/12:20,15/12:36,15:36:00,HKG,HKG,A08,10,1,1,NML,8,2025
1767.,B739,PKLSV,LNI,LNI267,LNI990,15/07:58,15/08:01,15/08:59,15/09:11,0:58:00,TRK,DPS,012,10,1,1,NML,8,2025
1768.,B738,PKGUD,GIA,GIA314,GIA323,15/07:23,15/07:26,15/08:30,15/08:45,1:04:00,CGK,CGK,004,10,1,1,NML,8,2025
1769.,B738,PKLZZ,MXD,MXD352,MXD353,14/19:29,14/19:36,15/08:44,15/08:52,13:08:00,KUL,KUL,A04,10,1,1,NML,8,2025
1770.,B739,PKLGL,LNI,LNI970,LNI973,14/12:23,14/14:22,15/08:59,15/09:07,20:32:00,BTH,BTH,026,10,0,1,NML,8,2025
1771.,B739,PKLSP,LNI,LNI929,LNI222,15/07:18,15/07:23,15/09:08,15/09:18,1:45:00,DPS,BDJ,016,10,1,1,NML,8,2025
1772.,A320,PKLAF,BTK,BTK6133,BTK6391,15/08:08,15/08:12,15/09:13,15/09:30,1:01:00,LOP,CGK,009,10,1,1,NML,8,2025
1773.,B739,PKLFF,LNI,LNI683,LNI856,14/19:25,14/19:29,15/09:04,15/09:14,13:35:00,PKY,PLM,17B,10,0,0,NML,8,2025
1774.,B738,PKLOJ,LNI,LNI837,LNI748,15/08:26,15/08:29,15/09:15,15/09:29,0:46:00,PNK,MDC,014,10,1,1,NML,8,2025
1775.,B738,PKGNE,GIA,GIA304,GIA342,15/08:19,15/08:22,15/09:20,15/09:50,0:58:00,CGK,DPS,005,10,1,1,NML,8,2025
1776.,A320,PKGLX,CTV,CTV671,CTV486,15/08:30,15/08:34,15/09:13,15/09:35,0:39:00,LOP,BDJ,008,10,1,1,NML,8,2025
1777.,A320,PKSAH,SJV,SJV703,SJV612,15/09:04,15/09:08,15/09:58,15/10:17,0:50:00,DPS,BPN,015,10,1,1,NML,8,2025
1778.,A320,PKPWK,PAS,PAS200,PAS201,15/08:33,15/08:37,15/09:20,15/09:36,0:43:00,CGK,CGK,006,10,1,1,NML,8,2025
1779.,A320,PKGLY,CTV,CTV435,CTV434,15/08:42,15/08:46,15/09:36,15/09:52,0:50:00,BPN,BPN,007,10,1,1,NML,8,2025
1780.,B738,9MMXH,MAS,MAS871,MAS870,15/08:57,15/09:03,15/09:53,15/10:14,0:50:00,KUL,KUL,A06,10,1,1,NML,8,2025
1781.,B735,PKNAT,LKN,LKN243,LKN242,15/10:03,15/10:08,15/10:41,15/10:53,0:33:00,SMQ,SMQ,009,10,1,1,NML,8,2025
1782.,A359,9VSHG,SIA,SIA922,SIA923,15/09:27,15/09:33,15/10:31,15/10:44,0:58:00,SIN,SIN,A07,10,1,1,NML,8,2025
1783.,A320,PKBKF,BTK,BTK6584,BTK6585,15/12:40,15/12:43,15/13:45,15/13:58,1:02:00,CGK,CGK,010,10,1,1,NML,8,2025
1784.,A320,PKSJH,SJV,SJV613,SJV632,14/20:41,14/20:45,15/10:12,15/10:22,13:27:00,BPN,BDJ,018,10,0,0,NML,8,2025
1785.,B739,PKLGJ,LNI,LNI791,LNI706,15/10:06,15/10:10,15/10:54,15/11:03,0:44:00,UPG,UPG,016,10,1,1,NML,8,2025
1786.,A320,PKGQI,CTV,CTV351,CTV350,15/09:38,15/09:41,15/10:20,15/10:33,0:39:00,UPG,UPG,007,10,1,1,NML,8,2025
1787.,A320,PKGLI,CTV,CTV461,CTV715,15/09:23,15/09:27,15/10:14,15/10:28,0:47:00,AAP,CGK,008,10,1,1,NML,8,2025
1788.,B739,PKLJG,LNI,LNI311,LNI262,15/08:02,15/08:07,15/10:33,15/10:49,2:26:00,BDJ,BPN,020,10,0,0,NML,8,2025
1789.,A20N,9VTNH,TGW,TGW296,TGW297,15/09:41,15/09:47,15/10:40,15/10:52,0:53:00,SIN,SIN,A02,10,1,1,NML,8,2025
1790.,B739,PKLGU,LNI,LNI645,LNI822,15/10:11,15/10:14,15/11:01,15/11:09,0:47:00,LOP,LOP,014,10,1,1,NML,8,2025
1791.,A320,PKPWG,PAS,PAS210,PAS211,15/09:48,15/09:51,15/10:35,15/10:50,0:44:00,CGK,CGK,005,10,1,1,NML,8,2025
1792.,A320,PKLZH,BTK,BTK7513,BTK7516,15/10:00,15/10:04,15/10:50,15/11:00,0:46:00,HLP,HLP,012,10,1,1,NML,8,2025
1793.,B739,PKLSU,LNI,LNI697,LNI697,15/10:23,15/10:27,15/11:21,15/11:34,0:54:00,KOE,CGK,015,10,1,1,NML,8,2025
1794.,A320,PKAZN,AWQ,AWQ321,AWQ322,15/10:42,15/10:49,15/11:24,15/11:31,0:35:00,KUL,KUL,A03,10,1,1,NML,8,2025
1795.,A320,PKLUW,BTK,BTK6134,BTK7520,15/09:33,15/09:37,15/11:35,15/11:49,1:58:00,PKN,HLP,021,10,0,0,NML,8,2025
1796.,B738,PKGUF,GIA,GIA322,GIA327,15/10:15,15/10:19,15/11:18,15/11:28,0:59:00,CGK,CGK,004,10,1,1,NML,8,2025
1797.,B739,PKLSV,LNI,LNI805,LNI804,15/11:58,15/12:01,15/13:10,15/13:21,1:09:00,DPS,DPS,018,10,0,0,NML,8,2025
1798.,A320,PKBLC,BTK,BTK6582,BTK6581,15/11:50,15/11:55,15/12:43,15/12:57,0:48:00,CGK,CGK,008,10,1,1,NML,8,2025
1799.,A320,PKSJC,SJV,SJV567,SJV636,15/11:41,15/11:45,15/12:34,15/12:46,0:49:00,PLW,BDJ,009,10,1,1,NML,8,2025
1800.,B739,PKLSP,LNI,LNI223,LNI780,15/12:15,15/12:20,15/13:12,15/13:22,0:52:00,BDJ,UPG,016,10,1,1,NML,8,2025
1801.,B739,PKLSK,LNI,LNI801,LNI682,15/11:43,15/11:47,15/12:34,15/12:44,0:47:00,UPG,PKY,012,10,1,1,NML,8,2025
1802.,B735,PKNAS,LKN,LKN193,LKN192,15/11:44,15/11:50,15/12:30,15/12:42,0:40:00,PKN,PKN,010,10,1,1,NML,8,2025
1803.,B739,PKLHJ,LNI,LNI694,LNI694,15/11:54,15/11:57,15/12:42,15/12:55,0:45:00,CGK,KOE,014,10,1,1,NML,8,2025
1804.,A320,PKBKR,BTK,BTK7517,BTK6595,15/14:01,15/14:04,15/15:11,15/15:24,1:07:00,HLP,CGK,016,10,1,1,NML,8,2025
1805.,B738,PKLOR,LNI,LNI869,LNI722,15/12:18,15/12:22,15/13:16,15/13:29,0:54:00,TTE,KDI,017,10,1,1,NML,8,2025
1806.,A320,PKPWN,PAS,PAS204,PAS205,15/12:30,15/12:34,15/13:21,15/13:42,0:47:00,CGK,CGK,005,10,1,1,NML,8,2025
1807.,A320,PKAXD,AWQ,AWQ393,AWQ324,15/12:25,15/12:30,15/13:15,15/13:25,0:45:00,JHB,KUL,A03,10,1,1,NML,8,2025
1808.,A320,PKGLX,CTV,CTV487,CTV668,15/12:11,15/12:15,15/13:36,15/13:46,1:21:00,BDJ,DPS,007,10,1,1,NML,8,2025
"1809.,B739,PKLSW,LNI,LNI801,LNI260,13/12:16,15/03:36,15/15:39,15/15:54,""2 days, 3:19:00"",UPG,BPN,025,10,0,1,NML,8,2025"
1810.,A320,PKGTG,CTV,CTV716,CTV717,15/13:27,15/13:30,15/14:10,15/14:24,0:40:00,CGK,CGK,006,10,1,1,NML,8,2025
1811.,A320,PKSJH,SJV,SJV633,SJV726,15/13:39,15/13:43,15/14:38,15/14:52,0:55:00,BDJ,LBJ,015,10,1,1,NML,8,2025
1812.,B738,PKLJQ,LNI,LNI839,LNI836,15/13:23,15/13:26,15/14:16,15/14:26,0:50:00,PNK,PNK,014,10,1,1,NML,8,2025
1813.,B739,PKLFF,LNI,LNI857,LNI910,15/13:30,15/13:33,15/14:36,15/14:47,1:03:00,PLM,DPS,012,10,1,1,NML,8,2025
1814.,A320,PKGLY,CTV,CTV431,CTV948,15/13:37,15/13:41,15/14:36,15/14:49,0:55:00,BPN,BTH,007,10,1,1,NML,8,2025
1815.,B738,PKGUI,GIA,GIA312,GIA317,15/13:53,15/13:56,15/14:56,15/15:09,1:00:00,CGK,CGK,004,10,1,1,NML,8,2025
1816.,A320,PKLZH,BTK,BTK7515,BTK7514,15/14:20,15/14:23,15/15:07,15/15:20,0:44:00,HLP,HLP,010,10,1,1,NML,8,2025
1817.,A320,PKPWE,PAS,PAS208,PAS209,15/13:56,15/13:58,15/14:51,15/15:03,0:53:00,CGK,CGK,005,10,1,1,NML,8,2025
1818.,B738,PKGMA,GIA,GIA330,GIA331,15/14:17,15/14:20,15/15:13,15/15:40,0:53:00,HLP,HLP,006,10,1,1,NML,8,2025
1819.,B739,PKLJG,LNI,LNI261,LNI642,15/14:14,15/14:18,15/15:12,15/15:29,0:54:00,BPN,LOP,018,10,0,0,NML,8,2025
1820.,A320,PKLAF,BTK,BTK6596,BTK6685,15/13:34,15/13:37,15/15:12,15/15:36,1:35:00,CGK,AAP,009,10,1,1,NML,8,2025
1821.,B739,PKLSV,LNI,LNI919,LNI686,15/16:38,15/16:41,15/17:28,15/17:38,0:47:00,DPS,PKY,015,10,1,1,NML,8,2025
1822.,A320,PKLUW,BTK,BTK7501,BTK7512,15/14:54,15/14:59,15/15:35,15/15:57,0:36:00,HLP,HLP,008,10,1,1,NML,8,2025
1823.,A320,PKSJC,SJV,SJV637,SJV672,15/15:31,15/15:35,15/16:48,15/17:00,1:13:00,BDJ,BEJ,010,10,1,1,NML,8,2025
1824.,A320,PKBKJ,BTK,BTK6406,BTK6401,15/17:26,15/17:29,15/18:33,15/18:44,1:04:00,CGK,CGK,010,10,1,1,NML,8,2025
1825.,B738,HSLGK,TLM,TLM268,TLM269,15/15:16,15/15:22,15/16:23,15/16:34,1:01:00,DMK,DMK,A04,10,1,1,NML,8,2025
1826.,B738,PKGUG,GIA,GIA310,GIA315,15/15:26,15/15:30,15/16:30,15/16:43,1:00:00,CGK,CGK,004,10,1,1,NML,8,2025
1827.,B738MAX,9VMBE,SIA,SIA926,SIA927,15/15:33,15/15:41,15/16:30,15/16:47,0:49:00,SIN,SIN,A06,10,1,1,NML,8,2025
1828.,A320,PKSGA,SJV,SJV643,SJV648,15/14:57,15/15:00,15/18:20,15/18:34,3:20:00,AAP,BPN,012,10,1,1,NML,8,2025
1829.,B739,PKLHO,LNI,LNI879,LNI268,15/14:50,15/14:55,15/16:39,15/16:49,1:44:00,AMQ,TRK,021,10,0,0,NML,8,2025
1830.,A320,PKPWD,PAS,PAS206,PAS623,15/15:42,15/15:45,15/16:28,15/16:40,0:43:00,CGK,BPN,005,10,1,1,NML,8,2025
1831.,B739,PKLGJ,LNI,LNI707,LNI692,15/14:45,15/14:49,15/16:59,15/17:10,2:10:00,UPG,KOE,020,10,0,0,NML,8,2025
1832.,B739,PKLSK,LNI,LNI683,LNI226,15/15:37,15/15:41,15/17:12,15/17:23,1:31:00,PKY,BDJ,014,10,1,1,NML,8,2025
1833.,A320,PKBKR,BTK,BTK6578,BTK7579,15/19:36,15/19:40,15/20:36,15/20:45,0:56:00,CGK,CGK,010,10,1,1,NML,8,2025
1834.,A320,PKGLI,CTV,CTV669,CTV698,15/17:07,15/17:11,15/17:53,15/18:10,0:42:00,DPS,DPS,007,10,1,1,NML,8,2025
1835.,B738,PKLOJ,LNI,LNI749,LNI838,15/15:22,15/15:27,15/17:35,15/17:46,2:08:00,MDC,PNK,026,10,0,0,NML,8,2025
1836.,A320,PKAZN,AWQ,AWQ323,AWQ326,15/17:20,15/17:26,15/17:57,15/18:06,0:31:00,KUL,KUL,A03,10,1,1,NML,8,2025
1837.,A320,PKLAM,BTK,BTK7519,BTK7518,15/18:19,15/18:22,15/19:26,15/19:40,1:04:00,HLP,CGK,008,10,1,1,NML,8,2025
1838.,B739,PKLFF,LNI,LNI923,LNI581,15/17:59,15/18:03,15/18:47,15/19:00,0:44:00,DPS,CGK,014,10,1,1,NML,8,2025
1839.,A320,PKPWH,PAS,PAS622,PAS207,15/17:28,15/17:31,15/18:18,15/18:29,0:47:00,BPN,CGK,006,10,1,1,NML,8,2025
1840.,B738,9MMXH,MAS,MAS875,MAS874,15/17:30,15/17:38,15/18:27,15/18:40,0:49:00,KUL,KUL,A06,10,1,1,NML,8,2025
1841.,B738,PKGNE,GIA,GIA349,GIA313,15/18:10,15/18:14,15/19:15,15/19:32,1:01:00,DPS,CGK,004,10,1,1,NML,8,2025
1842.,A320,PKSJH,SJV,SJV725,SJV716,15/18:07,15/18:11,15/18:55,15/19:04,0:44:00,LBJ,LOP,015,10,1,1,NML,8,2025
1843.,A320,PKLUW,BTK,BTK7503,BTK7502,15/19:40,15/19:43,15/20:30,15/20:42,0:47:00,HLP,HLP,009,10,1,1,NML,8,2025
1844.,B739,PKLHJ,LNI,LNI695,LNI920,15/17:15,15/17:19,15/18:59,15/19:15,1:40:00,KOE,DPS,016,10,1,1,NML,8,2025
1845.,A320,PKGQE,CTV,CTV736,CTV352,15/18:03,15/18:06,15/18:53,15/19:06,0:47:00,CGK,UPG,007,10,1,1,NML,8,2025
1846.,B738,PKGUE,GIA,GIA320,GIA325,15/18:13,15/18:17,15/19:25,15/19:45,1:08:00,CGK,CGK,005,10,1,1,NML,8,2025
1847.,B738,PKCRI,SJY,SJY567,SJY562,15/18:37,15/18:40,15/19:22,15/19:33,0:42:00,UPG,UPG,012,10,1,1,NML,8,2025
1848.,B738MAX,9VMBA,SIA,SIA928,SIA929,15/18:21,15/18:27,15/19:24,15/19:39,0:57:00,SIN,SIN,A02,10,1,1,NML,8,2025
1849.,A320,PKLAO,BTK,BTK6576,BTK6575,15/19:54,15/19:58,15/20:45,15/20:55,0:47:00,CGK,CGK,012,10,1,1,NML,8,2025
1850.,B788,9VOFD,TGW,TGW266,TGW267,15/18:57,15/19:03,15/20:02,15/20:18,0:59:00,SIN,SIN,A06,10,1,1,NML,8,2025
1851.,A320,PKGQL,CTV,CTV172,CTV173,15/18:50,15/18:53,15/19:41,15/19:56,0:48:00,HLP,HLP,006,10,1,1,NML,8,2025
1852.,B738MAX,PKGDC,GIA,GIA326,GIA319,15/19:49,15/19:53,15/20:55,15/21:10,1:02:00,CGK,CGK,004,10,1,1,NML,8,2025
1853.,A320,PKGQG,CTV,CTV949,CTV737,15/19:57,15/20:01,15/20:54,15/21:05,0:53:00,BTH,CGK,006,10,1,1,NML,8,2025
1854.,B739,PKLQR,LNI,LNI885,LNI880,15/21:24,15/21:26,15/22:15,15/22:27,0:49:00,UPG,UPG,012,10,1,1,NML,8,2025
1855.,A320,PKLAF,BTK,BTK6684,BTK6136,15/19:08,15/19:12,15/21:56,15/22:09,2:44:00,AAP,UPG,014,10,1,1,NML,8,2025
1856.,A339,PKGHI,GIA,GIA973,GIA974,15/18:45,15/18:54,16/02:40,16/02:52,7:46:00,MED,JED,A07,10,1,1,NML,8,2025
1857.,A320,PKSAA,SJV,SJV619,SJV610,15/20:00,15/20:04,16/05:15,16/05:26,9:11:00,BPN,BPN,020,10,0,0,NML,8,2025
1858.,A320,PKLUG,BTK,BTK6594,BTK7508,15/21:35,15/21:39,16/05:00,16/05:12,7:21:00,CGK,HLP,009,10,1,1,NML,8,2025
1859.,A320,PKAXD,AWQ,AWQ325,AWQ320,15/19:11,15/19:17,16/05:00,16/05:09,9:43:00,KUL,KUL,A01,10,1,1,NML,8,2025
1860.,B739,PKLJG,LNI,LNI865,LNI786,15/17:55,15/17:59,16/05:05,16/05:24,11:06:00,LOP,UPG,021,10,0,0,NML,8,2025
1861.,A320,PKGQO,CTV,CTV724,CTV430,15/19:42,15/19:46,16/05:05,16/05:22,9:19:00,CGK,BPN,003,10,0,0,NML,8,2025
1862.,B738,PKGUH,GIA,GIA324,GIA301,15/21:02,15/21:05,16/05:06,16/05:28,8:01:00,CGK,CGK,004,10,1,1,NML,8,2025
1863.,A320,PKLUO,BTK,BTK6137,BTK6132,15/22:17,15/22:21,16/05:05,16/05:15,6:44:00,UPG,LOP,017,10,1,1,NML,8,2025
1864.,A320,PKGQE,CTV,CTV353,CTV460,15/22:29,15/22:31,16/05:45,16/05:55,7:14:00,UPG,AAP,006,10,1,1,NML,8,2025
1865.,B739,PKLFF,LNI,LNI690,LNI690,16/05:04,16/05:08,16/05:57,16/06:17,0:49:00,CGK,KOE,009,10,1,1,NML,8,2025
1866.,A320,PKGLE,CTV,CTV726,CTV725,15/20:10,15/20:14,16/05:51,16/06:06,9:37:00,CGK,CGK,008,10,1,1,NML,8,2025
1867.,A320,PKGLI,CTV,CTV699,CTV670,15/20:37,15/20:41,16/05:50,16/06:08,9:09:00,DPS,LOP,010,10,1,1,NML,8,2025
1868.,B739,PKLSV,LNI,LNI687,LNI882,15/20:24,15/20:29,16/06:00,16/06:21,9:31:00,PKY,UPG,015,10,1,1,NML,8,2025
1869.,A320,PKSAG,SJV,SJV649,SJV706,15/07:54,15/07:59,16/05:55,16/06:15,21:56:00,BPN,DPS,024,10,0,0,NML,8,2025
1870.,A320,PKSJC,SJV,SJV673,SJV640,15/21:13,15/21:20,16/05:54,16/06:09,8:34:00,BEJ,AAP,C03,10,0,0,NML,8,2025
1871.,A320,PKLZH,BTK,BTK7521,BTK6589,15/22:37,15/22:41,16/05:57,16/06:18,7:16:00,HLP,CGK,014,10,1,1,NML,8,2025
1872.,A320,V8RBA,RBA,RBA795,RBA796,15/20:04,15/20:12,16/05:50,16/06:04,9:38:00,BWN,BWN,A06,10,1,1,NML,8,2025
1873.,A320,PKAZN,AWQ,AWQ327,AWQ386,15/23:37,15/23:42,16/06:05,16/06:23,6:23:00,KUL,PEN,A03,10,1,1,NML,8,2025
1874.,A320,PKPWG,PAS,PAS202,PAS213,15/18:52,15/18:57,16/06:00,16/06:20,11:03:00,CGK,CGK,007,10,1,1,NML,8,2025
1875.,A320,PKLAL,BTK,BTK6413,BTK6412,15/20:21,15/20:25,16/06:17,16/06:27,9:52:00,DPS,DPS,016,10,1,1,NML,8,2025
1876.,B733,PKMYJ,MYU,MYU935,MYU934,15/08:59,15/09:03,16/06:45,16/06:51,21:42:00,SRG,SIN,C02,10,0,0,NML,8,2025
1877.,A320,PKSJH,SJV,SJV717,SJV634,16/06:02,16/06:05,16/06:50,16/07:03,0:45:00,LOP,BDJ,010,10,1,1,NML,8,2025
1878.,B739,PKLHQ,LNI,LNI311,LNI971,16/05:58,16/06:02,16/06:57,16/07:06,0:55:00,BDJ,BTH,017,10,1,1,NML,8,2025
1879.,A320,PKLUY,BTK,BTK6588,BTK6135,15/22:57,15/23:00,16/07:00,16/07:11,8:00:00,CGK,PKN,012,10,1,1,NML,8,2025
1880.,B738MAX,PKOFM,AFE,AFE921,AFE921,16/06:13,16/06:17,16/07:00,16/07:20,0:43:00,CGK,TIM,004,10,1,1,NML,8,2025
1881.,B738,PKGNF,GIA,GIA328,GIA305,15/20:13,15/20:17,16/07:07,16/07:21,10:50:00,CGK,CGK,005,10,1,1,NML,8,2025
1882.,B738,PKGNQ,GIA,GIA855,GIA854,15/20:16,15/20:21,16/06:58,16/07:12,10:37:00,SIN,SIN,A02,10,1,1,NML,8,2025
1883.,B739,PKLSU,LNI,LNI692,LNI646,15/16:01,15/16:05,16/07:05,16/07:15,15:00:00,CGK,LOP,018,10,0,0,NML,8,2025
1884.,A320,PKLUK,BTK,BTK7511,BTK7510,16/06:44,16/06:47,16/07:27,16/07:37,0:40:00,HLP,HLP,008,10,1,1,NML,8,2025
1885.,B739,PKLGJ,LNI,LNI693,LNI693,16/07:01,16/07:05,16/07:44,16/07:59,0:39:00,KOE,CGK,014,10,1,1,NML,8,2025
1886.,B738,PKLZV,BTK,BTK6572,BTK6573,16/06:56,16/07:00,16/07:43,16/07:56,0:43:00,CGK,CGK,009,10,1,1,NML,8,2025
1887.,B739,PKLFW,LNI,LNI929,LNI982,16/07:17,16/07:20,16/08:10,16/08:21,0:50:00,DPS,PKU,015,10,1,1,NML,8,2025
1888.,A21N,B32M9,CSN,CSN8137,CSN8138,15/21:57,15/22:04,16/07:58,16/08:10,9:54:00,CAN,CAN,A04,10,1,1,NML,8,2025
1889.,A339,PKLET,LNI,LNI101,LNI102,15/17:02,15/17:09,16/08:03,16/08:17,14:54:00,JED,JED,A05,10,1,1,NML,8,2025
1890.,B739,PKLHO,LNI,LNI267,LNI990,16/07:09,16/07:12,16/08:20,16/08:34,1:08:00,TRK,DPS,012,10,1,1,NML,8,2025
"1891.,DHC6,PKICP,PGT,PKICP,PKICP,14/11:10,14/11:12,16/08:02,16/08:10,""1 day, 20:50:00"",PAG,PAG,028,10,0,0,NML,8,2025"
1892.,B738,PKLBS,MXD,MXD352,MXD353,15/19:16,15/19:21,16/09:10,16/09:19,13:49:00,KUL,KUL,C01,10,0,0,NML,8,2025
1893.,FA8X,MPTGG,AFI,MPTGG,MPTGG,16/08:00,16/08:06,16/08:41,16/08:45,0:35:00,XSP,DHX,A01,10,1,1,NML,8,2025
1894.,B739,PKLGL,LNI,LNI972,LNI222,15/18:31,15/18:35,16/08:55,16/09:07,14:20:00,BTH,BDJ,022,10,0,0,NML,8,2025
1895.,A320,PKLUO,BTK,BTK6133,BTK6391,16/07:54,16/07:58,16/08:56,16/09:09,0:58:00,LOP,CGK,010,10,1,1,NML,8,2025
1896.,A320,PKSAG,SJV,SJV703,SJV618,16/08:35,16/08:40,16/09:21,16/09:38,0:41:00,DPS,BPN,012,10,1,1,NML,8,2025
1897.,A333,BLBH,CPA,CPA779,CPA780,15/19:29,15/19:36,16/09:00,16/09:14,13:24:00,HKG,HKG,A08,10,1,1,NML,8,2025
1898.,A320,PKGLI,CTV,CTV671,CTV486,16/08:31,16/08:34,16/09:18,16/09:31,0:44:00,LOP,BDJ,006,10,1,1,NML,8,2025
1899.,B738,PKGNE,GIA,GIA304,GIA342,16/08:14,16/08:17,16/09:20,16/09:35,1:03:00,CGK,DPS,004,10,1,1,NML,8,2025
1900.,A320,PKPWK,PAS,PAS200,PAS201,16/08:07,16/08:10,16/09:10,16/09:20,1:00:00,CGK,CGK,005,10,1,1,NML,8,2025
1901.,A320,PKGQO,CTV,CTV435,CTV434,16/08:46,16/08:50,16/09:29,16/09:42,0:39:00,BPN,BPN,007,10,1,1,NML,8,2025
1902.,B738,9MMLR,MAS,MAS871,MAS870,16/08:55,16/09:00,16/09:54,16/10:07,0:54:00,KUL,KUL,A03,10,1,1,NML,8,2025
1903.,A359,9VSHD,SIA,SIA922,SIA923,16/09:04,16/09:10,16/10:09,16/10:23,0:59:00,SIN,SIN,A07,10,1,1,NML,8,2025
1904.,A320,PKBKR,BTK,BTK6584,BTK6585,16/10:08,16/10:11,16/11:04,16/11:15,0:53:00,CGK,CGK,010,10,1,1,NML,8,2025
1905.,A320,PKGQF,CTV,CTV351,CTV350,16/09:33,16/09:37,16/10:24,16/10:38,0:47:00,UPG,UPG,006,10,1,1,NML,8,2025
1906.,B739,PKLSV,LNI,LNI791,LNI706,16/10:01,16/10:05,16/11:10,16/11:20,1:05:00,UPG,UPG,015,10,1,1,NML,8,2025
1907.,FA8X,MPTGG,AFI,MPTGG,MPTGG,16/10:08,16/10:11,16/10:36,16/10:44,0:25:00,DHX,XSP,A09,10,0,0,NML,8,2025
1908.,A320,PKSJH,SJV,SJV635,SJV632,16/09:51,16/09:55,16/10:46,16/10:57,0:51:00,BDJ,BDJ,020,10,0,0,NML,8,2025
1909.,A320,PKGQE,CTV,CTV461,CTV715,16/09:29,16/09:33,16/10:20,16/10:31,0:47:00,AAP,CGK,007,10,1,1,NML,8,2025
1910.,A20N,9VTNH,TGW,TGW296,TGW297,16/09:48,16/09:54,16/10:44,16/10:55,0:50:00,SIN,SIN,A02,10,1,1,NML,8,2025
1911.,B739,PKLSU,LNI,LNI645,LNI822,16/10:16,16/10:20,16/11:06,16/11:17,0:46:00,LOP,LOP,016,10,1,1,NML,8,2025
1912.,B739,PKLHY,LNI,LNI367,LNI262,16/09:36,16/09:39,16/10:31,16/10:51,0:52:00,BPN,BPN,014,10,1,1,NML,8,2025
1913.,A320,PKPWG,PAS,PAS210,PAS211,16/09:40,16/09:44,16/10:29,16/10:43,0:45:00,CGK,CGK,005,10,1,1,NML,8,2025
1914.,B739,PKLHI,LNI,LNI970,LNI973,16/09:44,16/09:47,16/11:10,16/11:26,1:23:00,BTH,BTH,012,10,1,1,NML,8,2025
1915.,A320,PKBKY,BTK,BTK7513,BTK7516,16/10:12,16/10:16,16/10:59,16/11:10,0:43:00,HLP,HLP,009,10,1,1,NML,8,2025
1916.,A320,PKLUY,BTK,BTK6134,BTK6346,16/09:54,16/09:59,16/10:51,16/11:05,0:52:00,PKN,BEJ,008,10,1,1,NML,8,2025
1917.,A320,PKSJC,SJV,SJV641,SJV642,16/09:58,16/10:02,16/11:10,16/11:24,1:08:00,AAP,AAP,021,10,0,0,NML,8,2025
1918.,B739,PKLFF,LNI,LNI697,LNI697,16/10:41,16/10:44,16/11:39,16/11:51,0:55:00,KOE,CGK,017,10,1,1,NML,8,2025
1919.,A320,PKAXD,AWQ,AWQ321,AWQ322,16/10:36,16/10:41,16/11:18,16/11:28,0:37:00,KUL,KUL,A03,10,1,1,NML,8,2025
1920.,A320,PKLUK,BTK,BTK7517,BTK7520,16/10:48,16/10:54,16/11:36,16/11:47,0:42:00,HLP,HLP,007,10,1,1,NML,8,2025
1921.,B738,PKGFJ,GIA,GIA322,GIA327,16/10:20,16/10:23,16/11:29,16/11:42,1:06:00,CGK,CGK,004,10,1,1,NML,8,2025
1922.,B739,PKLHO,LNI,LNI805,LNI804,16/11:21,16/11:25,16/12:19,16/12:28,0:54:00,DPS,DPS,010,10,1,1,NML,8,2025
1923.,A320,PKBLC,BTK,BTK6582,BTK6581,16/11:59,16/12:02,16/13:11,16/13:25,1:09:00,CGK,CGK,008,10,1,1,NML,8,2025
"1924.,A339,PKLER,LNI,LNI105,LNI104,13/12:49,16/07:42,16/13:18,16/13:28,""3 days, 0:22:00"",JED,JED,A06,10,1,1,NML,8,2025"
1925.,B739,PKLHJ,LNI,LNI801,LNI780,16/11:30,16/11:34,16/12:34,16/12:45,1:00:00,UPG,UPG,016,10,1,1,NML,8,2025
1926.,A320,PKSAA,SJV,SJV611,SJV636,16/09:00,16/09:04,16/12:48,16/12:56,3:44:00,BPN,BDJ,018,10,0,0,NML,8,2025
1927.,B739,PKLSI,LNI,LNI694,LNI694,16/11:45,16/11:48,16/12:38,16/12:48,0:50:00,CGK,KOE,012,10,1,1,NML,8,2025
1928.,B739,PKLGL,LNI,LNI223,LNI680,16/11:54,16/11:58,16/13:11,16/13:21,1:13:00,BDJ,PKY,015,10,1,1,NML,8,2025
1929.,A320,PKBKU,BTK,BTK6596,BTK6595,16/12:19,16/12:23,16/13:32,16/13:47,1:09:17,CGK,CGK,009,10,1,1,NML,8,2025
1930.,A320,PKAZN,AWQ,AWQ387,AWQ324,16/12:52,16/12:56,16/13:30,16/13:45,0:34:00,PEN,KUL,A03,10,1,1,NML,8,2025
"1931.,C208,PKVVF,SUS,PKVVF,PKVVF,14/16:32,14/16:37,16/13:22,16/13:32,""1 day, 20:45:57"",BXW,LBJ,C07,10,0,0,NML,8,2025"
1932.,B735,PKNAT,LKN,LKN671,LKN670,16/11:02,16/11:06,16/13:25,16/13:43,2:19:28,TMC,TMC,014,10,1,1,NML,8,2025
1933.,A320,PKGLI,CTV,CTV487,CTV668,16/12:03,16/12:07,16/13:22,16/13:42,1:15:01,BDJ,DPS,006,10,1,1,NML,8,2025
1934.,B739,PKLJG,LNI,LNI787,LNI682,16/12:54,16/12:58,16/14:02,16/14:14,1:04:36,UPG,PKY,012,10,1,1,NML,8,2025
1935.,B739,PKLSU,LNI,LNI823,LNI260,16/14:00,16/14:04,16/15:17,16/15:28,1:13:00,LOP,BPN,014,10,1,1,NML,8,2025
1936.,A320,PKSTA,SJV,SJV615,SJV726,15/20:27,15/20:31,16/14:48,16/15:02,18:17:00,BPN,LBJ,026,10,0,0,NML,8,2025
1937.,B738,PKLOJ,LNI,LNI839,LNI836,16/13:22,16/13:25,16/14:16,16/14:29,0:51:00,PNK,PNK,016,10,1,1,NML,8,2025
1938.,A320,PKGQT,CTV,CTV716,CTV717,16/13:37,16/13:40,16/14:19,16/14:31,0:39:14,CGK,CGK,006,10,1,1,NML,8,2025
1939.,B739,PKLFW,LNI,LNI983,LNI910,16/14:06,16/14:08,16/15:07,16/15:23,0:59:00,PKU,DPS,010,10,1,1,NML,8,2025
1940.,A320,PKGQO,CTV,CTV431,CTV948,16/13:27,16/13:30,16/14:30,16/14:42,1:00:46,BPN,BTH,007,10,1,1,NML,8,2025
1941.,A320,PKLUK,BTK,BTK7515,BTK7514,16/14:50,16/14:55,16/15:46,16/15:57,0:51:00,HLP,HLP,009,10,1,1,NML,8,2025
1942.,B738,PKGUI,GIA,GIA312,GIA317,16/13:34,16/13:37,16/14:38,16/14:50,1:01:00,CGK,CGK,004,10,1,1,NML,8,2025
1943.,A320,PKPWE,PAS,PAS208,PAS209,16/13:55,16/13:58,16/14:56,16/15:07,0:58:03,CGK,CGK,008,10,1,1,NML,8,2025
1944.,B738,PKGFF,GIA,GIA330,GIA331,16/14:09,16/14:12,16/15:05,16/15:20,0:53:00,HLP,HLP,005,10,1,1,NML,8,2025
1945.,B739,PKLHY,LNI,LNI261,LNI642,16/14:15,16/14:18,16/15:06,16/15:20,0:48:00,BPN,LOP,015,10,1,1,NML,8,2025
1946.,A320,PKLUW,BTK,BTK7501,BTK7512,16/15:38,16/15:43,16/16:29,16/16:41,0:46:00,HLP,HLP,010,10,1,1,NML,8,2025
1947.,B738MAX,9MMVM,MAS,MAS873,MAS872,16/14:38,16/14:44,16/15:36,16/15:47,0:52:46,KUL,KUL,A06,10,1,1,NML,8,2025
1948.,A320,PKLUJ,BTK,BTK6406,BTK6401,16/14:58,16/15:03,16/16:12,16/16:19,1:09:00,CGK,CGK,012,10,1,1,NML,8,2025
1949.,B738,PKGMI,GIA,GIA310,GIA315,16/15:29,16/15:34,16/16:31,16/16:43,0:57:17,CGK,CGK,004,10,1,1,NML,8,2025
1950.,A320,PKPWL,PAS,PAS206,PAS623,16/16:02,16/16:07,16/16:43,16/16:53,0:36:26,CGK,BPN,006,10,1,1,NML,8,2025
1951.,B739,PKLFF,LNI,LNI692,LNI692,16/15:58,16/16:02,16/16:49,16/17:05,0:47:00,CGK,KOE,014,10,1,1,NML,8,2025
1952.,B738MAX,PKOFM,AFE,AFE920,AFE920,16/16:04,16/16:10,16/16:49,16/16:55,0:39:45,TIM,CGK,005,10,1,1,NML,8,2025
1953.,B739,PKLHQ,LNI,LNI972,LNI226,16/16:31,16/16:35,16/17:33,16/17:50,0:57:59,BTH,BDJ,012,10,1,1,NML,8,2025
1954.,A320,PKBKF,BTK,BTK6578,BTK7579,16/18:29,16/18:32,16/19:26,16/19:45,0:54:00,CGK,CGK,009,10,1,1,NML,8,2025
1955.,A320,PKGQE,CTV,CTV669,CTV698,16/16:23,16/16:26,16/17:19,16/17:30,0:53:00,DPS,DPS,007,10,1,1,NML,8,2025
1956.,B738,PKLJQ,LNI,LNI837,LNI838,16/08:03,16/08:07,16/17:31,16/17:45,9:24:00,PNK,PNK,024,10,0,0,NML,8,2025
1957.,A320,PKAXD,AWQ,AWQ323,AWQ326,16/17:03,16/17:08,16/17:40,16/17:52,0:32:00,KUL,KUL,A03,10,1,1,NML,8,2025
1958.,A320,PKGQS,CTV,CTV736,CTV352,16/16:59,16/17:01,16/18:05,16/18:17,1:04:46,CGK,UPG,008,10,1,1,NML,8,2025
1959.,B739,PKLGL,LNI,LNI681,LNI581,16/16:13,16/16:16,16/18:18,16/18:27,2:02:00,PKY,CGK,017,10,1,1,NML,8,2025
1960.,B739,PKLSI,LNI,LNI695,LNI920,16/17:13,16/17:16,16/18:12,16/18:24,0:56:53,KOE,DPS,014,10,1,1,NML,8,2025
1961.,A320,PKPWI,PAS,PAS622,PAS207,16/17:17,16/17:21,16/18:08,16/18:19,0:47:00,BPN,CGK,006,10,1,1,NML,8,2025
1962.,B738,PKGNE,GIA,GIA349,GIA313,16/17:21,16/17:26,16/18:36,16/18:53,1:10:00,DPS,CGK,004,10,1,1,NML,8,2025
1963.,A320,PKLUK,BTK,BTK7503,BTK7502,16/19:01,16/19:05,16/19:41,16/19:52,0:36:00,HLP,HLP,010,10,1,1,NML,8,2025
1964.,B738,PKGUE,GIA,GIA320,GIA325,16/17:26,16/17:30,16/19:00,16/19:13,1:30:12,CGK,CGK,005,10,1,1,NML,8,2025
1965.,B733,PKMYJ,MYU,MYU935,MYU815,16/13:31,16/13:34,16/14:20,16/14:28,0:45:38,SRG,CGK,C02,10,0,0,NML,8,2025
1966.,A320,PKGQL,CTV,CTV172,CTV173,16/18:02,16/18:05,16/18:49,16/19:04,0:44:00,HLP,HLP,007,10,1,1,NML,8,2025
1967.,B738MAX,9VMBR,SIA,SIA928,SIA929,16/21:08,16/21:15,16/22:09,16/22:26,0:54:00,SIN,SIN,A07,10,1,1,NML,8,2025
1968.,A320,PKLUY,BTK,BTK6347,BTK6575,16/15:33,16/15:36,16/20:29,16/20:38,4:52:22,BEJ,CGK,018,10,0,0,NML,8,2025
1969.,B738,PKCRI,SJY,SJY567,SJY562,16/18:51,16/18:53,16/19:43,16/19:54,0:50:00,UPG,UPG,012,10,1,1,NML,8,2025
1970.,B738MAX,PKGDC,GIA,GIA326,GIA319,16/19:30,16/19:35,16/20:17,16/20:32,0:42:00,CGK,CGK,004,10,1,1,NML,8,2025
1971.,A320,PKGQG,CTV,CTV949,CTV737,16/19:40,16/19:45,16/20:46,16/21:01,1:01:00,BTH,CGK,007,10,1,1,NML,8,2025
1972.,B739,PKLFW,LNI,LNI923,LNI880,16/17:48,16/17:51,16/21:29,16/21:40,3:38:00,DPS,UPG,016,10,1,1,NML,8,2025
1973.,A320,PKLUR,BTK,BTK6137,BTK6136,16/20:10,16/20:15,16/21:44,16/21:55,1:29:00,UPG,UPG,012,10,1,1,NML,8,2025
1974.,B739,PKLQT,LNI,LNI919,LNI878,16/15:52,16/15:57,17/05:02,17/05:13,13:04:20,DPS,AMQ,C03,28,0,0,NML,8,2025
1975.,A320,PKAXD,AWQ,AWQ327,AWQ320,16/23:19,16/23:24,17/05:00,17/05:08,5:36:00,KUL,KUL,A03,28,1,1,NML,8,2025
1976.,A320,PKSAS,SJV,SJV619,SJV610,16/18:05,17/00:47,17/04:55,17/05:06,10:45:00,BPN,BPN,15B,28,0,0,NML,8,2025
1977.,A320,PKGQP,CTV,CTV724,CTV430,16/19:18,16/19:20,17/05:01,17/05:11,9:41:00,CGK,BPN,006,28,1,1,NML,8,2025
1978.,B738,PKGUH,GIA,GIA328,GIA301,16/20:07,16/20:11,17/05:04,17/05:15,8:53:00,CGK,CGK,005,28,1,1,NML,8,2025
1979.,A339,PKGHI,GIA,GIA975,GIA974,17/02:13,17/02:20,17/05:31,17/05:44,3:11:00,JED,JED,A07,28,1,1,NML,8,2025
1980.,A320,PKGLG,CTV,CTV726,CTV460,16/20:03,16/20:07,17/05:42,17/05:51,9:35:00,CGK,AAP,008,28,1,1,NML,8,2025
1981.,B739,PKLSW,LNI,LNI690,LNI690,17/05:04,17/05:09,17/05:46,17/05:55,0:37:00,CGK,KOE,012,28,1,1,NML,8,2025
1982.,A320,PKGQQ,CTV,CTV353,CTV670,16/21:29,16/21:33,17/05:43,17/05:53,8:10:00,UPG,LOP,007,28,1,1,NML,8,2025
1983.,A320,PKGQE,CTV,CTV699,CTV725,16/19:50,16/19:54,17/05:49,17/06:02,9:55:00,DPS,CGK,009,28,1,1,NML,8,2025
"1984.,B738,PKLOR,LNI,LNI727,LNI868,15/17:33,15/17:39,17/06:02,17/06:13,""1 day, 12:23:00"",KDI,TTE,025,28,0,0,NML,8,2025"
1985.,B739,PKLHY,LNI,LNI865,LNI882,16/17:43,16/17:46,17/06:07,17/06:18,12:20:55,LOP,UPG,024,28,0,0,NML,8,2025
1986.,A320,PKSJC,SJV,SJV643,SJV706,16/15:02,16/15:05,17/05:58,17/06:06,14:52:48,AAP,DPS,021,28,0,0,NML,8,2025
1987.,B738,PKLDK,BTK,BTK6588,BTK6589,16/22:28,16/22:31,17/05:59,17/06:08,7:28:00,CGK,CGK,016,28,1,1,NML,8,2025
1988.,A320,PKBKU,BTK,BTK7519,BTK6132,16/21:05,16/21:05,17/06:02,17/06:11,8:57:00,HLP,LOP,010,28,1,1,NML,8,2025
1989.,A320,PKSTA,SJV,SJV725,SJV640,16/18:14,16/18:21,17/06:04,17/06:14,11:43:00,LBJ,AAP,C07,28,0,0,NML,8,2025
1990.,A320,PKBKT,BTK,BTK6413,BTK6412,16/21:04,16/21:10,17/06:32,17/06:39,9:22:00,DPS,DPS,018,28,0,0,NML,8,2025
1991.,A320,PKSJH,SJV,SJV633,SJV566,16/14:21,16/14:25,17/06:49,17/06:58,16:24:20,BDJ,PLW,022,28,0,0,NML,8,2025
1992.,B739,PKLJG,LNI,LNI683,LNI222,16/17:09,16/17:16,17/07:02,17/07:10,13:45:29,PKY,BDJ,026,28,0,0,NML,8,2025
1993.,A320,PKLAZ,BTK,BTK6576,BTK7510,16/19:37,16/19:42,17/07:02,17/07:11,11:20:00,CGK,HLP,017,28,1,1,NML,8,2025
1994.,A320,PKLUS,BTK,BTK7521,BTK6135,16/22:23,16/22:28,17/07:26,17/07:36,8:58:00,HLP,PKN,014,28,1,1,NML,8,2025
1995.,B739,PKLSO,LNI,LNI885,LNI971,16/20:29,16/20:34,17/07:15,17/07:21,10:41:00,UPG,BTH,15A,28,0,0,NML,8,2025
1996.,B738,PKGUG,GIA,GIA324,GIA305,16/20:58,16/21:02,17/07:00,17/07:06,9:58:00,CGK,CGK,004,28,1,1,NML,8,2025
1997.,B738,PKGNQ,GIA,GIA855,GIA854,16/20:14,16/20:22,17/07:03,17/07:16,10:41:00,SIN,SIN,A02,28,1,1,NML,8,2025
1998.,B739,PKLQR,LNI,LNI707,LNI646,16/15:16,16/15:20,17/07:07,17/07:19,15:46:51,UPG,LOP,020,28,0,0,NML,8,2025
1999.,A320,PKAZN,AWQ,AWQ325,AWQ392,16/19:09,16/19:14,17/07:22,17/07:33,12:08:00,KUL,JHB,A01,28,1,1,NML,8,2025
2000.,B739,PKLHQ,LNI,LNI311,LNI693,17/06:00,17/06:06,17/07:37,17/07:45,1:31:00,BDJ,CGK,011,28,1,1,NML,8,2025
2001.,A333,BLBE,CPA,CPA779,CPA780,16/17:40,16/17:47,17/08:12,17/08:30,14:25:00,HKG,HKG,A08,28,1,1,NML,8,2025
2002.,B739,PKLFF,LNI,LNI693,LNI990,17/06:48,17/06:53,17/08:16,17/08:31,1:23:00,KOE,DPS,012,28,1,1,NML,8,2025
2003.,B739,PKLSI,LNI,LNI929,LNI856,17/06:41,17/06:46,17/09:05,17/09:14,2:19:46,DPS,PLM,016,10,1,1,NML,8,2025
2004.,B738,PKLJQ,LNI,LNI837,LNI748,17/07:57,17/08:02,17/08:59,17/09:10,0:57:48,PNK,MDC,014,10,1,1,NML,8,2025
2005.,A320,PKSJC,SJV,SJV703,SJV612,17/08:21,17/08:26,17/09:17,17/09:27,0:51:25,DPS,BPN,011,10,1,1,NML,8,2025
2006.,A320,PKGQQ,CTV,CTV671,CTV486,17/08:13,17/08:20,17/09:04,17/09:19,0:44:36,LOP,BDJ,006,10,1,1,NML,8,2025
2007.,B738,PKGMP,GIA,GIA304,GIA342,17/08:17,17/08:24,17/09:20,17/09:32,0:56:00,CGK,DPS,004,10,1,1,NML,8,2025
2008.,A320,PKBKU,BTK,BTK6133,BTK6391,17/08:40,17/08:43,17/09:35,17/09:48,0:52:00,LOP,CGK,009,10,1,1,NML,8,2025
2009.,A320,PKGQP,CTV,CTV435,CTV434,17/08:44,17/08:47,17/09:34,17/09:41,0:47:00,BPN,BPN,007,10,1,1,NML,8,2025
2010.,B738,9MMLN,MAS,MAS871,MAS870,17/08:54,17/09:00,17/09:57,17/10:06,0:57:00,KUL,KUL,A03,10,1,1,NML,8,2025
2011.,B735,PKNAT,LKN,LKN243,LKN242,17/09:03,17/09:06,17/09:45,17/09:55,0:39:00,SMQ,SMQ,012,10,1,1,NML,8,2025
2012.,A359,9VSHN,SIA,SIA922,SIA923,17/09:04,17/09:05,17/10:12,17/10:29,1:07:00,SIN,SIN,A08,10,1,1,NML,8,2025
2013.,A320,PKLAJ,BTK,BTK6584,BTK6585,17/09:30,17/09:31,17/10:23,17/10:36,0:52:00,CGK,CGK,011,10,1,1,NML,8,2025
2014.,B739,PKLHY,LNI,LNI791,LNI706,17/09:45,17/09:49,17/10:35,17/10:45,0:46:00,UPG,UPG,015,10,1,1,NML,8,2025
2015.,A320,PKGLY,CTV,CTV351,CTV350,17/09:21,17/09:24,17/10:11,17/10:26,0:47:00,UPG,UPG,006,10,1,1,NML,8,2025
2016.,A320,PKSAS,SJV,SJV611,SJV632,17/08:23,17/08:28,17/10:22,17/10:34,1:54:00,BPN,BDJ,010,10,1,1,NML,8,2025
2017.,A320,PKGLG,CTV,CTV461,CTV715,17/09:24,17/09:27,17/10:16,17/10:31,0:49:00,AAP,CGK,008,10,1,1,NML,8,2025
2018.,B739,PKLQR,LNI,LNI645,LNI822,17/09:53,17/09:57,17/11:22,17/11:32,1:25:38,LOP,LOP,016,10,1,1,NML,8,2025
2019.,A20N,9VTNH,TGW,TGW296,TGW297,17/09:16,17/09:23,17/10:18,17/10:32,0:55:00,SIN,SIN,A02,10,1,1,NML,8,2025
2020.,B739,PKLJG,LNI,LNI223,LNI682,17/10:03,17/10:07,17/11:04,17/11:14,0:57:00,BDJ,PKY,014,10,1,1,NML,8,2025
2021.,A320,PKPWJ,PAS,PAS210,PAS211,17/09:49,17/09:52,17/10:29,17/10:41,0:37:00,CGK,CGK,005,10,1,1,NML,8,2025
2022.,A320,PKLUW,BTK,BTK7513,BTK7516,17/09:57,17/10:01,17/10:51,17/11:01,0:50:00,HLP,HLP,009,10,1,1,NML,8,2025
2023.,B739,PKLSW,LNI,LNI697,LNI697,17/10:24,17/10:31,17/11:17,17/11:28,0:46:09,KOE,CGK,012,10,1,1,NML,8,2025
2024.,A320,PKAXD,AWQ,AWQ321,AWQ322,17/10:26,17/10:31,17/11:10,17/11:22,0:39:00,KUL,KUL,A03,10,1,1,NML,8,2025
2025.,B738,PKGMA,GIA,GIA322,GIA327,17/10:19,17/10:23,17/11:28,17/11:40,1:05:15,CGK,CGK,004,10,1,1,NML,8,2025
2026.,B739,PKLFF,LNI,LNI805,LNI804,17/11:09,17/11:12,17/11:54,17/12:06,0:42:00,DPS,DPS,010,10,1,1,NML,8,2025
2027.,A339,PKLET,LNI,LNI103,LNI104,17/07:59,17/08:05,17/12:04,17/12:16,3:59:00,JED,JED,A06,10,1,1,NML,8,2025
2028.,B735,PKNAU,LKN,LKN193,LKN192,17/11:49,17/11:51,17/12:26,17/12:32,0:35:00,PKN,PKN,011,10,1,1,NML,8,2025
2029.,A320,PKSJH,SJV,SJV567,SJV636,17/11:19,17/11:27,17/12:26,17/12:41,0:59:00,PLW,BDJ,008,10,1,1,NML,8,2025
2030.,B739,PKLHH,LNI,LNI694,LNI694,17/11:56,17/12:02,17/12:44,17/12:59,0:42:26,CGK,KOE,010,10,1,1,NML,8,2025
2031.,B738,PKLZZ,MXD,MXD352,MXD353,16/23:43,16/23:48,17/12:45,17/12:51,12:57:00,KUL,KUL,A04,10,1,1,NML,8,2025
2032.,B738,PKLOR,LNI,LNI869,LNI722,17/12:26,17/12:28,17/13:18,17/13:30,0:50:00,TTE,KDI,014,10,1,1,NML,8,2025
2033.,A320,PKAZN,AWQ,AWQ393,AWQ324,17/12:20,17/12:24,17/13:23,17/13:34,0:59:00,JHB,KUL,A03,10,1,1,NML,8,2025
2034.,A320,PKPWH,PAS,PAS204,PAS205,17/12:08,17/12:10,17/13:12,17/13:26,1:02:16,CGK,CGK,005,10,1,1,NML,8,2025
2035.,A320,PKGQQ,CTV,CTV487,CTV668,17/12:00,17/12:05,17/13:27,17/13:41,1:22:51,BDJ,DPS,007,10,1,1,NML,8,2025
2036.,A320,PKBKG,BTK,BTK6596,BTK6595,17/13:47,17/13:50,17/14:52,17/15:04,1:02:00,CGK,CGK,008,10,1,1,NML,8,2025
2037.,B739,PKLQR,LNI,LNI823,LNI260,17/14:09,17/14:12,17/15:04,17/15:15,0:52:14,LOP,BPN,016,10,1,1,NML,8,2025
2038.,A320,PKSAS,SJV,SJV633,SJV726,17/13:40,17/13:45,17/14:37,17/14:48,0:51:16,BDJ,LBJ,009,10,1,1,NML,8,2025
2039.,A320,PKGQO,CTV,CTV716,CTV717,17/12:56,17/13:00,17/13:56,17/14:09,0:56:00,CGK,CGK,006,10,1,1,NML,8,2025
2040.,B738,PKLOJ,LNI,LNI839,LNI836,17/13:28,17/13:31,17/14:59,17/15:10,1:28:38,PNK,PNK,015,10,1,1,NML,8,2025
2041.,B733,PKMYJ,MYU,MYU935,MYU815,17/12:48,17/12:52,17/13:27,17/13:33,0:34:38,SRG,CGK,C02,10,0,0,NML,8,2025
"2042.,A339,PKLES,LNI,LNI101,LNI106,14/17:02,16/23:05,17/14:06,17/14:19,""2 days, 20:56:00"",JED,JED,A05,10,1,1,NML,8,2025"
2043.,A320,PKGQP,CTV,CTV431,CTV948,17/13:38,17/13:42,17/14:29,17/14:42,0:47:00,BPN,BTH,007,10,1,1,NML,8,2025
2044.,B738,PKGUI,GIA,GIA312,GIA317,17/13:31,17/13:36,17/14:31,17/14:44,0:55:00,CGK,CGK,004,10,1,1,NML,8,2025
2045.,A320,PKPWE,PAS,PAS208,PAS209,17/13:54,17/13:58,17/14:51,17/15:08,0:52:32,CGK,CGK,005,10,1,1,NML,8,2025
2046.,B739,PKLHP,LNI,LNI261,LNI642,17/14:04,17/14:09,17/15:09,17/15:20,1:00:11,BPN,LOP,017,10,1,1,NML,8,2025
2047.,A320,PKLAQ,BTK,BTK7501,BTK7512,17/13:35,17/13:40,17/15:43,17/15:53,2:02:56,HLP,HLP,020,10,0,0,NML,8,2025
2048.,B738,PKGNA,GIA,GIA330,GIA331,17/14:22,17/14:26,17/15:27,17/15:41,1:01:02,HLP,HLP,006,10,1,1,NML,8,2025
2049.,B738,9MMXW,MAS,MAS873,MAS872,17/14:55,17/15:02,17/15:55,17/16:05,0:53:00,KUL,KUL,A07,10,1,1,NML,8,2025
2050.,A320,PKSTA,SJV,SJV643,SJV672,17/15:02,17/15:05,17/16:02,17/16:13,0:57:00,AAP,BEJ,010,10,1,1,NML,8,2025
2051.,A320,PKLUS,BTK,BTK6134,BTK6401,17/10:00,17/10:04,17/16:11,17/16:21,6:07:00,PKN,CGK,018,10,0,0,NML,8,2025
2052.,B739,PKLSI,LNI,LNI857,LNI910,17/13:24,17/13:27,17/16:12,17/16:24,2:44:32,PLM,DPS,021,10,0,0,NML,8,2025
2053.,B738,PKGUA,GIA,GIA310,GIA315,17/15:24,17/15:26,17/16:25,17/16:41,0:59:00,CGK,CGK,004,10,1,1,NML,8,2025
2054.,A320,PKSJH,SJV,SJV637,SJV648,17/15:36,17/15:40,17/16:25,17/16:34,0:45:00,BDJ,BPN,009,10,1,1,NML,8,2025
"2055.,B739,PKLGU,LNI,LNI823,LNI268,15/13:43,15/15:12,17/16:42,17/16:51,""2 days, 2:55:00"",LOP,TRK,023,10,0,1,NML,8,2025"
2056.,A320,PKPWI,PAS,PAS206,PAS623,17/15:43,17/15:48,17/16:31,17/16:44,0:43:00,CGK,BPN,005,10,1,1,NML,8,2025
2057.,B739,PKLGL,LNI,LNI692,LNI692,17/15:48,17/15:51,17/16:43,17/16:53,0:52:00,CGK,KOE,015,10,1,1,NML,8,2025
2058.,A320,PKGLG,CTV,CTV669,CTV698,17/16:41,17/16:45,17/17:26,17/17:44,0:41:00,DPS,DPS,006,10,1,1,NML,8,2025
2059.,B738,PKLJQ,LNI,LNI749,LNI838,17/14:50,17/14:54,17/17:26,17/17:39,2:31:29,MDC,PNK,024,10,0,0,NML,8,2025
2060.,A320,PKAXD,AWQ,AWQ323,AWQ326,17/16:55,17/17:00,17/17:34,17/17:49,0:34:00,KUL,KUL,A03,10,1,1,NML,8,2025
2061.,A320,PKLUP,BTK,BTK7519,BTK7518,17/18:09,17/18:14,17/18:59,17/19:17,0:45:00,HLP,CGK,008,10,1,1,NML,8,2025
2062.,A320,PKGLX,CTV,CTV736,CTV352,17/17:11,17/17:14,17/18:03,17/18:19,0:49:00,CGK,UPG,008,10,1,1,NML,8,2025
2063.,B739,PKLHH,LNI,LNI695,LNI920,17/17:17,17/17:21,17/18:14,17/18:26,0:53:00,KOE,DPS,014,10,1,1,NML,8,2025
2064.,B739,PKLFO,LNI,LNI707,LNI581,17/14:31,17/14:34,17/18:58,17/19:12,4:24:00,UPG,CGK,012,10,1,1,NML,8,2025
2065.,A320,PKPWJ,PAS,PAS622,PAS207,17/17:14,17/17:18,17/18:08,17/18:24,0:50:00,BPN,CGK,007,10,1,1,NML,8,2025
2066.,B739,PKLJG,LNI,LNI683,LNI316,17/18:11,17/18:14,17/19:11,17/19:22,0:56:10,PKY,BDJ,015,10,1,1,NML,8,2025
2067.,B738,PKGMP,GIA,GIA349,GIA313,17/17:37,17/17:41,17/18:28,17/18:45,0:47:24,DPS,CGK,004,10,1,1,NML,8,2025
2068.,A320,PKSAS,SJV,SJV725,SJV716,17/18:17,17/18:21,17/19:07,17/19:18,0:46:42,LBJ,LOP,010,10,1,1,NML,8,2025
2069.,A320,PKLUW,BTK,BTK7503,BTK7502,17/17:41,17/17:46,17/18:30,17/18:49,0:44:00,HLP,HLP,009,10,1,1,NML,8,2025
2070.,B738MAX,9VMBK,SIA,SIA928,SIA929,17/18:03,17/18:10,17/19:05,17/19:20,0:55:00,SIN,SIN,A02,10,1,1,NML,8,2025
2071.,A320,PKLAL,BTK,BTK6576,BTK6575,17/18:37,17/18:41,17/19:25,17/19:37,0:44:00,CGK,CGK,014,10,1,1,NML,8,2025
2072.,B788,9VOFC,TGW,TGW266,TGW267,17/18:46,17/18:53,17/20:10,17/20:20,1:17:00,SIN,SIN,A07,10,1,1,NML,8,2025
2073.,B738,PKCRI,SJY,SJY567,SJY562,17/18:50,17/18:54,17/19:33,17/19:42,0:39:00,UPG,UPG,011,10,1,1,NML,8,2025
2074.,A320,PKGQA,CTV,CTV949,CTV173,17/18:40,17/18:44,17/19:49,17/20:08,1:05:00,BTH,HLP,007,10,1,1,NML,8,2025
2075.,B738MAX,PKGDC,GIA,GIA326,GIA319,17/19:02,17/19:06,17/19:51,17/20:10,0:45:00,CGK,CGK,004,10,1,1,NML,8,2025
2076.,A320,PKGQL,CTV,CTV172,CTV737,17/18:33,17/18:36,17/20:52,17/21:05,2:16:00,HLP,CGK,006,10,1,1,NML,8,2025
2077.,B738,PKLHP,LNI,LNI865,LNI880,17/17:53,17/17:57,17/21:29,17/21:40,3:32:00,LOP,UPG,016,10,1,1,NML,8,2025
2078.,A320,PKLUI,BTK,BTK6137,BTK6136,17/19:47,17/19:53,17/21:49,17/21:59,1:56:00,UPG,UPG,008,10,1,1,NML,8,2025
2079.,A320,PKSTA,SJV,SJV673,SJV610,17/20:26,17/20:32,18/04:49,18/05:02,8:17:00,BEJ,BPN,012,10,1,1,NML,8,2025
2080.,A320,PKAZN,AWQ,AWQ325,AWQ320,17/19:17,17/19:17,18/05:01,18/05:09,9:44:00,KUL,KUL,A01,10,1,1,NML,8,2025
2081.,A320,PKLUY,BTK,BTK6594,BTK7508,17/21:02,17/22:20,18/04:55,18/05:06,7:49:00,CGK,HLP,008,10,1,1,NML,8,2025
2082.,B739,PKLQT,LNI,LNI879,LNI878,17/14:28,17/14:31,18/05:01,18/05:12,14:29:57,AMQ,AMQ,022,10,0,0,NML,8,2025
2083.,A320,PKGQF,CTV,CTV724,CTV430,17/19:14,17/19:17,18/05:05,18/05:17,9:48:00,CGK,BPN,009,10,1,1,NML,8,2025
2084.,B738,PKGMX,GIA,GIA324,GIA301,17/20:52,17/20:54,18/05:05,18/05:19,8:11:00,CGK,CGK,004,10,1,1,NML,8,2025
2085.,A320,PKBLC,BTK,BTK6582,BTK6132,17/12:03,17/12:07,18/05:04,18/05:14,16:56:15,CGK,LOP,026,10,0,0,NML,8,2025
2086.,A320,PKGQC,CTV,CTV726,CTV725,17/21:14,17/21:18,18/05:41,18/05:52,8:23:00,CGK,CGK,006,10,1,1,NML,8,2025
2087.,B739,PKLGW,LNI,LNI885,LNI690,17/20:23,17/20:26,18/05:47,18/05:59,9:21:00,UPG,KOE,014,10,1,1,NML,8,2025
2088.,A320,PKGLE,CTV,CTV353,CTV460,17/20:41,17/20:45,18/05:44,18/05:54,8:59:00,UPG,AAP,010,10,1,1,NML,8,2025
2089.,A320,PKGLG,CTV,CTV699,CTV670,17/20:14,17/20:19,18/05:45,18/05:57,9:26:00,DPS,LOP,007,10,1,1,NML,8,2025
2090.,A320,PKBKP,BTK,BTK6578,BTK6589,17/16:38,17/16:42,18/06:00,18/06:10,13:18:00,CGK,CGK,018,10,0,0,NML,8,2025
2091.,B739,PKLSI,LNI,LNI923,LNI882,17/18:54,17/18:58,18/06:12,18/06:22,11:13:53,DPS,UPG,021,10,0,0,NML,8,2025
2092.,B739,PKLSO,LNI,LNI972,LNI266,17/16:45,17/16:49,18/06:01,18/06:11,13:12:00,BTH,BPN,020,10,0,0,NML,8,2025
2093.,A320,PKSAF,SJV,SJV619,SJV640,17/18:42,17/18:46,18/06:07,18/06:15,11:20:36,BPN,AAP,024,10,0,0,NML,8,2025
2094.,A320,V8RBC,RBA,RBA795,RBA796,17/19:58,17/20:04,18/05:57,18/06:09,9:53:00,BWN,BWN,A04,10,1,1,NML,8,2025
"2095.,A320,PKSAA,SJV,SJV637,SJV706,16/15:35,16/15:40,18/06:08,18/06:18,""1 day, 14:28:00"",BDJ,DPS,C05,10,0,0,NML,8,2025"
2096.,B738,PKLOR,LNI,LNI727,LNI868,17/17:46,17/17:50,18/05:56,18/06:08,12:06:00,KDI,TTE,023,10,0,0,NML,8,2025
2097.,A320,PKBKF,BTK,BTK6572,BTK6589A,18/06:51,18/06:55,18/08:09,18/08:19,1:14:00,CGK,CGK,007,10,1,1,NML,8,2025
2098.,A320,PKLUQ,BTK,BTK7521,BTK6412,17/21:53,17/21:57,18/06:37,18/06:47,8:40:00,HLP,DPS,015,10,1,1,NML,8,2025
2099.,A320,PKSAJ,SJV,SJV717,SJV566,18/06:04,18/06:08,18/07:06,18/07:19,0:58:00,LOP,PLW,010,10,1,1,NML,8,2025
2100.,B739,PKLFF,LNI,LNI919,LNI971,17/14:39,17/14:43,18/07:04,18/07:17,16:20:32,DPS,BTH,025,10,0,0,NML,8,2025
2101.,A320,PKSJH,SJV,SJV615,SJV7000,17/20:31,17/20:35,18/07:06,18/07:15,10:31:00,BPN,CGK,17A,10,0,0,NML,8,2025
2102.,A320,PKLAJ,BTK,BTK6413,BTK6135,17/19:54,17/19:58,18/07:10,18/07:24,11:12:52,DPS,PKN,17B,10,0,0,NML,8,2025
2103.,C208,PKVVF,SUS,PKVVF,PKVVF,17/11:51,17/11:55,18/07:03,18/07:13,19:08:00,DPS,BXW,C07,10,0,0,NML,8,2025
2104.,B738,PKGNQ,GIA,GIA855,GIA305,17/20:47,17/23:44,18/07:00,18/07:13,10:06:00,SIN,CGK,005,10,1,1,NML,8,2025
2105.,B738,PKGFP,GIA,GIA328,GIA854,17/20:19,17/22:47,18/06:56,18/07:06,10:32:00,CGK,SIN,A02,10,1,1,NML,8,2025
2106.,B739,PKLQR,LNI,LNI363,LNI646,18/06:29,18/06:32,18/07:26,18/07:36,0:54:00,BPN,LOP,016,10,1,1,NML,8,2025
2107.,A320,PKLUK,BTK,BTK7511,BTK7510,18/06:34,18/06:38,18/07:39,18/07:49,1:01:00,HLP,HLP,008,10,1,1,NML,8,2025
2108.,A320,PKAXD,AWQ,AWQ327,AWQ392,17/23:15,17/23:21,18/07:18,18/07:26,7:57:00,KUL,JHB,A03,10,1,1,NML,8,2025
2109.,A320,PKBLC,BTK,BTK6133,BTK6573,18/08:00,18/08:05,18/09:26,18/09:37,1:21:10,LOP,CGK,008,10,1,1,NML,8,2025
2110.,B739,PKLHR,LNI,LNI929,LNI693,18/07:22,18/07:25,18/08:19,18/08:31,0:54:00,DPS,CGK,012,10,1,1,NML,8,2025
2111.,A21N,B32M9,CSN,CSN8137,CSN8138,17/21:23,17/21:30,18/07:47,18/08:03,10:17:00,CAN,CAN,A07,10,1,1,NML,8,2025
2112.,A333,BLBG,CPA,CPA779,CPA780,17/18:21,17/18:29,18/08:10,18/08:22,13:41:00,HKG,HKG,A08,10,1,1,NML,8,2025
2113.,B739,PKLGU,LNI,LNI267,LNI990,18/07:06,18/07:06,18/08:20,18/08:33,1:14:00,TRK,DPS,009,10,1,1,NML,8,2025
"2114.,DHC6,PKICP,PGT,PKICP,PKICP,16/11:07,16/11:10,18/08:01,18/08:11,""1 day, 20:51:00"",PAG,PAG,028,10,0,0,NML,8,2025"
2115.,A339,PKGHI,GIA,GIA975,GIA974,18/05:22,18/05:31,18/08:25,18/08:35,2:54:00,JED,JED,A06,10,1,1,NML,8,2025
2116.,B738,PKLZZ,MXD,MXD352,MXD353,17/19:09,17/19:18,18/08:33,18/08:48,13:14:19,KUL,KUL,A5T,10,0,0,NML,8,2025
2117.,B739,PKLJG,LNI,LNI315,LNI222,18/07:56,18/07:59,18/08:55,18/09:07,0:56:00,BDJ,BDJ,014,10,1,1,NML,8,2025
2118.,B739,PKLGW,LNI,LNI697,LNI856,18/10:42,18/10:46,18/12:10,18/12:24,1:24:00,KOE,PLM,016,10,1,1,NML,8,2025
2119.,B738,PKLJQ,LNI,LNI837,LNI748,18/07:53,18/07:57,18/09:01,18/09:14,1:04:00,PNK,MDC,015,10,1,1,NML,8,2025
2120.,A320,PKSAA,SJV,SJV703,SJV612,18/08:41,18/08:45,18/09:47,18/10:00,1:02:51,DPS,BPN,010,10,1,1,NML,8,2025
2121.,A320,PKGLG,CTV,CTV671,CTV486,18/08:24,18/08:28,18/09:12,18/09:29,0:44:00,LOP,BDJ,006,10,1,1,NML,8,2025
2122.,B738,PKGUG,GIA,GIA304,GIA342,18/08:14,18/08:18,18/09:12,18/09:24,0:54:00,CGK,DPS,004,10,1,1,NML,8,2025
2123.,A320,PKPWK,PAS,PAS200,PAS201,18/08:10,18/08:12,18/09:17,18/09:33,1:05:00,CGK,CGK,005,10,1,1,NML,8,2025
2124.,A320,PKGQF,CTV,CTV435,CTV434,18/08:45,18/08:50,18/09:26,18/09:45,0:36:00,BPN,BPN,007,10,1,1,NML,8,2025
2125.,B738,9MMXV,MAS,MAS871,MAS870,18/08:59,18/09:06,18/09:59,18/10:10,0:53:00,KUL,KUL,A06,10,1,1,NML,8,2025
2126.,A320,PKSJV,SJV,SJV611,SJV632,18/09:03,18/09:06,18/10:06,18/10:16,1:00:00,BPN,BDJ,009,10,1,1,NML,8,2025
2127.,A359,9VSHQ,SIA,SIA922,SIA923,18/09:11,18/09:16,18/10:13,18/10:27,0:57:00,SIN,SIN,A08,10,1,1,NML,8,2025
2128.,A320,PKLAJ,BTK,BTK6134,BTK6585,18/10:02,18/10:07,18/12:02,18/12:11,1:54:17,PKN,CGK,021,10,0,0,NML,8,2025
2129.,A320,PKGQN,CTV,CTV351,CTV350,18/09:22,18/09:24,18/10:12,18/10:22,0:48:00,UPG,UPG,005,10,1,1,NML,8,2025
2130.,B739,PKLHJ,LNI,LNI791,LNI706,18/10:38,18/10:41,18/11:33,18/11:45,0:52:00,UPG,UPG,012,10,1,1,NML,8,2025
2131.,A320,PKGLE,CTV,CTV461,CTV715,18/09:27,18/09:30,18/10:26,18/10:41,0:56:00,AAP,CGK,006,10,1,1,NML,8,2025
2132.,B739,PKLGU,LNI,LNI805,LNI822,18/11:08,18/11:12,18/12:15,18/12:26,1:03:00,DPS,LOP,014,10,1,1,NML,8,2025
2133.,A320,9VTRV,TGW,TGW296,TGW297,18/10:02,18/10:02,18/10:56,18/11:06,0:54:00,SIN,SIN,A02,10,1,1,NML,8,2025
2134.,A320,PKPWF,PAS,PAS210,PAS211,18/09:31,18/09:34,18/10:34,18/10:44,1:00:00,CGK,CGK,004,10,1,1,NML,8,2025
2135.,A320,PKLAL,BTK,BTK6596,BTK6346,18/12:27,18/12:32,18/13:40,18/13:53,1:07:33,CGK,BEJ,021,10,0,0,NML,8,2025
2136.,A320,PKLAQ,BTK,BTK7513,BTK7516,18/10:35,18/10:39,18/11:30,18/11:41,0:51:00,HLP,HLP,008,10,1,1,NML,8,2025
2137.,A320,PKSAF,SJV,SJV641,SJV642,18/09:42,18/09:46,18/10:55,18/11:10,1:09:00,AAP,AAP,014,10,1,1,NML,8,2025
2138.,B739,PKLHI,LNI,LNI694,LNI697,18/11:42,18/11:47,18/13:00,18/13:11,1:13:00,CGK,CGK,022,10,0,0,NML,8,2025
2139.,B739,PKLHQ,LNI,LNI970,LNI973,18/09:49,18/09:52,18/11:19,18/11:29,1:27:00,BTH,BTH,010,10,1,1,NML,8,2025
2140.,A320,PKAZN,AWQ,AWQ321,AWQ322,18/10:47,18/10:52,18/11:26,18/11:39,0:34:00,KUL,KUL,A03,10,1,1,NML,8,2025
2141.,A320,PKLUK,BTK,BTK7517,BTK7520,18/11:03,18/11:07,18/12:09,18/12:20,1:02:00,HLP,HLP,009,10,1,1,NML,8,2025
2142.,GLF4,PKBON,CEO,CEO54,CEO54,18/11:37,18/11:41,18/11:57,18/12:05,0:16:00,HLP,CGK,A09,10,0,0,NML,8,2025
2143.,B739,PKLSI,LNI,LNI787,LNI804,18/13:55,18/13:59,18/15:19,18/15:29,1:20:00,UPG,DPS,015,10,1,1,NML,8,2025
2144.,A320,PKBLC,BTK,BTK6582,BTK6581,18/12:47,18/12:53,18/13:57,18/14:10,1:04:00,CGK,CGK,008,10,1,1,NML,8,2025
2145.,A320,PKSAJ,SJV,SJV567,SJV636,18/11:34,18/11:38,18/12:27,18/12:38,0:49:00,PLW,BDJ,008,10,1,1,NML,8,2025
2146.,B735,PKNAU,LKN,LKN193,LKN242,18/12:40,18/12:44,18/13:48,18/13:59,1:04:00,PKN,SMQ,010,10,1,1,NML,8,2025
2147.,B739,PKLJG,LNI,LNI223,LNI780,18/12:07,18/12:10,18/13:47,18/13:58,1:37:00,BDJ,UPG,015,10,1,1,NML,8,2025
2148.,B739,PKLOJ,LNI,LNI839,LNI694,18/13:26,18/13:31,18/15:00,18/15:12,1:29:00,PNK,KOE,014,10,1,1,NML,8,2025
2149.,B738,PKGMU,GIA,GIA322,GIA327,18/11:54,18/11:58,18/13:01,18/13:13,1:03:00,CGK,CGK,004,10,1,1,NML,8,2025
2150.,B738,PKLOR,LNI,LNI869,LNI722,18/12:03,18/12:07,18/13:13,18/13:28,1:06:00,TTE,KDI,011,10,1,1,NML,8,2025
2151.,B739,PKLHJ,LNI,LNI707,LNI682,18/15:08,18/15:11,18/16:15,18/16:24,1:04:00,UPG,PKY,012,10,1,1,NML,8,2025
2152.,A320,PKBKF,BTK,BTK6584,BTK6595,18/11:49,18/11:57,18/13:51,18/14:04,1:54:00,CGK,CGK,007,10,1,1,NML,8,2025
2153.,A320,PKAXD,AWQ,AWQ393,AWQ324,18/12:32,18/12:37,18/13:19,18/13:35,0:42:00,JHB,KUL,A03,10,1,1,NML,8,2025
2154.,A320,PKPWJ,PAS,PAS204,PAS205,18/12:00,18/12:04,18/13:14,18/13:32,1:10:00,CGK,CGK,005,10,1,1,NML,8,2025
2155.,A320,PKGQG,CTV,CTV716,CTV668,18/13:16,18/13:21,18/14:02,18/14:13,0:41:00,CGK,DPS,006,10,1,1,NML,8,2025
2156.,B739,PKLSR,LNI,LNI823,LNI260,18/16:18,18/16:22,18/17:18,18/17:29,0:56:00,LOP,BPN,015,10,1,1,NML,8,2025
2157.,A320,PKSJV,SJV,SJV633,SJV726,18/13:30,18/13:34,18/14:50,18/14:59,1:16:00,BDJ,LBJ,012,10,1,1,NML,8,2025
2158.,A320,PKGLG,CTV,CTV487,CTV717,18/12:22,18/12:25,18/14:03,18/14:15,1:38:00,BDJ,CGK,009,10,1,1,NML,8,2025
2159.,B738,PKLJQ,LNI,LNI749,LNI836,18/14:44,18/14:48,18/15:53,18/16:04,1:05:00,MDC,PNK,016,10,1,1,NML,8,2025
"2160.,A339,PKLER,LNI,LNI105,LNI106,17/12:38,18/12:02,18/14:06,18/14:26,""1 day, 1:22:00"",JED,JED,A06,10,1,1,NML,8,2025"
2161.,B739,PKLGW,LNI,LNI857,LNI910,18/16:28,18/16:31,18/17:28,18/17:39,0:57:00,PLM,DPS,012,10,1,1,NML,8,2025
2162.,B738MAX,PKOFI,AFE,AFE920,AFE920,18/14:09,18/14:17,18/14:49,18/15:03,0:32:00,TIM,CGK,A09,10,0,0,NML,8,2025
2163.,A320,PKGQF,CTV,CTV431,CTV948,18/13:33,18/13:38,18/14:30,18/14:47,0:52:00,BPN,BTH,005,10,1,1,NML,8,2025
2164.,B738,PKGUI,GIA,GIA312,GIA317,18/13:48,18/13:54,18/14:59,18/15:18,1:05:00,CGK,CGK,004,10,1,1,NML,8,2025
2165.,A320,PKBKY,BTK,BTK7515,BTK7514,18/13:24,18/13:28,18/14:35,18/14:49,1:07:00,HLP,HLP,011,10,1,1,NML,8,2025
2166.,A320,PKPWE,PAS,PAS208,PAS209,18/13:52,18/13:57,18/14:58,18/15:10,1:01:00,CGK,CGK,007,10,1,1,NML,8,2025
2167.,B739,PKLSO,LNI,LNI261,LNI642,18/15:53,18/15:56,18/16:56,18/17:07,1:00:00,BPN,LOP,017,10,1,1,NML,8,2025
2168.,B738,PKLSF,LNI,LNI879,LNI686,18/15:15,18/15:18,18/17:24,18/17:35,2:06:00,AMQ,PKY,011,10,1,1,NML,8,2025
2169.,A320,PKLUK,BTK,BTK7501,BTK7512,18/15:57,18/16:00,18/19:38,18/19:49,3:38:00,HLP,HLP,008,10,1,1,NML,8,2025
2170.,A320,PKLUJ,BTK,BTK6406,BTK6401,18/14:40,18/14:42,18/16:23,18/16:33,1:41:00,CGK,CGK,010,10,1,1,NML,8,2025
2171.,B738,HSLUQ,TLM,TLM268,TLM269,18/16:39,18/16:46,18/18:03,18/18:16,1:17:00,DMK,DMK,A04,10,1,1,NML,8,2025
2172.,B739,PKLFF,LNI,LNI972,LNI316,18/16:46,18/16:51,18/17:53,18/18:05,1:02:00,BTH,BDJ,016,10,1,1,NML,8,2025
2173.,B738,PKGNC,GIA,GIA310,GIA315,18/15:45,18/15:49,18/16:39,18/16:52,0:50:00,CGK,CGK,004,10,1,1,NML,8,2025
2174.,A320,PKSAJ,SJV,SJV637,SJV648,18/15:22,18/15:26,18/16:42,18/16:53,1:16:00,BDJ,BPN,009,10,1,1,NML,8,2025
2175.,B738MAX,9VMBH,SIA,SIA926,SIA927,18/15:38,18/15:43,18/16:35,18/16:48,0:52:00,SIN,SIN,A08,10,1,1,NML,8,2025
2176.,A320,PKPWG,PAS,PAS206,PAS623,18/15:49,18/15:53,18/16:45,18/16:55,0:52:00,CGK,BPN,005,10,1,1,NML,8,2025
2177.,B739,PKLGU,LNI,LNI645,LNI268,18/15:19,18/15:25,18/16:51,18/17:04,1:26:00,LOP,TRK,022,10,0,0,NML,8,2025
2178.,A320,PKSAF,SJV,SJV643,SJV362,18/15:04,18/15:08,18/16:56,18/17:01,1:48:00,AAP,KNO,021,10,0,0,NML,8,2025
2179.,B739,PKLFO,LNI,LNI692,LNI692,18/16:50,18/16:52,18/17:51,18/18:03,0:59:00,CGK,KOE,014,10,1,1,NML,8,2025
2180.,B739,PKLHJ,LNI,LNI683,LNI226,18/19:24,18/19:28,18/20:28,18/20:38,1:00:00,PKY,BDJ,15A,10,0,0,NML,8,2025
2181.,A320,PKBLD,BTK,BTK6578,BTK7579,18/17:51,18/17:54,18/18:52,18/19:00,0:58:00,CGK,CGK,011,10,1,1,NML,8,2025
2182.,A320,PKGLE,CTV,CTV669,CTV698,18/16:31,18/16:34,18/17:25,18/17:37,0:51:00,DPS,DPS,007,10,1,1,NML,8,2025
2183.,B738,PKLOR,LNI,LNI727,LNI838,18/17:26,18/17:31,18/19:03,18/19:14,1:32:00,KDI,PNK,021,10,0,0,NML,8,2025
2184.,A320,PKAZN,AWQ,AWQ323,AWQ326,18/17:19,18/17:24,18/17:57,18/18:07,0:33:00,KUL,KUL,A03,10,1,1,NML,8,2025
2185.,A320,PKBKG,BTK,BTK7519,BTK7518,18/18:34,18/18:40,18/19:40,18/19:52,1:00:00,HLP,CGK,012,10,1,1,NML,8,2025
2186.,A320,PKGLU,CTV,CTV736,CTV352,18/17:29,18/17:34,18/18:12,18/18:23,0:38:00,CGK,UPG,009,10,1,1,NML,8,2025
2187.,B739,PKLGW,LNI,LNI923,LNI581,18/20:12,18/20:16,18/21:17,18/21:26,1:01:00,DPS,CGK,17B,10,0,0,NML,8,2025
2188.,A320,PKPWO,PAS,PAS622,PAS207,18/17:16,18/17:20,18/18:13,18/18:25,0:53:00,BPN,CGK,005,10,1,1,NML,8,2025
2189.,B738MAX,9MMVN,MAS,MAS875,MAS874,18/17:11,18/17:17,18/18:09,18/18:21,0:52:00,KUL,KUL,A02,10,1,1,NML,8,2025
2190.,B738,PKGUG,GIA,GIA349,GIA313,18/17:33,18/17:38,18/18:35,18/18:53,0:57:00,DPS,CGK,004,10,1,1,NML,8,2025
2191.,A320,PKLAL,BTK,BTK6347,BTK7502,18/18:14,18/18:18,18/20:54,18/21:06,2:36:00,BEJ,HLP,023,10,0,0,NML,8,2025
2192.,B738,PKGFF,GIA,GIA330,GIA331,18/14:23,18/14:27,18/19:18,18/19:32,4:51:00,HLP,CGK,006,10,1,1,NML,8,2025
2193.,B738,PKGFG,GIA,GIA320,GIA325,18/18:00,18/18:04,18/19:08,18/19:20,1:04:00,CGK,CGK,007,10,1,1,NML,8,2025
2194.,A320,PKGQA,CTV,CTV172,CTV173,18/21:32,18/21:35,18/22:06,18/22:20,0:31:00,HLP,HLP,005,10,1,1,NML,8,2025
2195.,B738MAX,9VMBJ,SIA,SIA928,SIA929,18/18:47,18/18:54,18/19:59,18/20:18,1:05:00,SIN,SIN,A07,10,1,1,NML,8,2025
2196.,A320,PKBLB,BTK,BTK6576,BTK6575,18/19:17,18/19:20,18/23:26,18/23:36,4:06:00,CGK,CGK,011,10,1,1,NML,8,2025
2197.,B738,PKCRI,SJY,SJY567,SJY562,18/18:44,18/18:47,18/19:42,18/19:54,0:55:00,UPG,UPG,009,10,1,1,NML,8,2025
2198.,B738MAX,PKGDC,GIA,GIA326,GIA319,18/19:55,18/19:59,18/20:55,18/21:11,0:56:00,CGK,CGK,004,10,1,1,NML,8,2025
2199.,A320,PKGQO,CTV,CTV949,CTV693,18/18:37,18/18:41,18/20:17,18/20:28,1:36:00,BTH,DPS,005,10,1,1,NML,8,2025
2200.,A320,PKGQI,CTV,CTV724,CTV737,18/19:29,18/19:34,18/20:53,18/21:08,1:19:00,CGK,CGK,007,10,1,1,NML,8,2025
2201.,B739,PKLSI,LNI,LNI919,LNI920,18/18:19,18/18:23,18/21:22,18/21:34,2:59:00,DPS,DPS,014,10,1,1,NML,8,2025
2202.,B739,PKLSF,LNI,LNI687,LNI880,18/20:23,18/20:27,18/22:33,18/22:45,2:06:00,PKY,UPG,016,10,1,1,NML,8,2025
2203.,A320,PKLAO,BTK,BTK6137,BTK6136,18/19:47,18/19:49,18/21:58,18/22:09,2:09:00,UPG,UPG,012,10,1,1,NML,8,2025
2204.,A320,PKAZN,AWQ,AWQ327,AWQ320,18/23:34,18/23:39,19/05:00,19/05:10,5:21:00,KUL,KUL,A03,10,1,1,NML,8,2025
2205.,A320,PKLAQ,BTK,BTK7503,BTK7508,18/22:29,18/22:32,19/05:03,19/05:13,6:31:00,HLP,HLP,014,10,1,1,NML,8,2025
2206.,A320,PKSTF,SJV,SJV363,SJV610,18/17:54,18/17:59,19/05:07,19/05:18,11:08:00,KNO,BPN,022,10,0,0,NML,8,2025
2207.,B738,PKLOJ,LNI,LNI695,LNI786,18/20:19,18/20:23,19/04:59,19/05:08,8:36:00,KOE,UPG,15B,10,0,0,NML,8,2025
2208.,A320,PKGQO,CTV,CTV690,CTV430,18/22:43,18/22:47,19/05:04,19/05:15,6:17:00,DPS,BPN,007,10,1,1,NML,8,2025
2209.,B738,PKGFI,GIA,GIA328,GIA301,18/20:05,18/20:09,19/05:07,19/05:21,8:58:00,CGK,CGK,006,10,1,1,NML,8,2025
2210.,A320,PKLUR,BTK,BTK6594,BTK6132,18/21:00,18/21:04,19/05:11,19/05:23,8:07:00,CGK,LOP,15A,10,0,0,NML,8,2025
2211.,A320,PKGQE,CTV,CTV353,CTV460,18/20:09,18/20:16,19/05:48,19/05:59,9:32:00,UPG,AAP,003,10,0,0,NML,8,2025
2212.,A320,PKGLY,CTV,CTV726,CTV670,18/20:15,18/20:19,19/05:51,19/06:03,9:32:00,CGK,LOP,009,10,1,1,NML,8,2025
2213.,A320,PKGLE,CTV,CTV699,CTV725,18/19:59,18/20:05,19/05:50,19/06:02,9:45:00,DPS,CGK,17A,10,0,0,NML,8,2025
2214.,A320,V8RBD,RBA,RBA795,RBA796,18/21:03,18/21:10,19/05:54,19/06:05,8:44:00,BWN,BWN,A07,10,1,1,NML,8,2025
2215.,B739,PKLSO,LNI,LNI865,LNI882,18/19:36,18/19:41,19/06:02,19/06:15,10:21:00,LOP,UPG,026,10,0,0,NML,8,2025
2216.,A320,PKLUW,BTK,BTK7521,BTK6589,18/23:21,18/23:26,19/05:56,19/06:09,6:30:00,HLP,CGK,012,10,1,1,NML,8,2025
2217.,A320,PKSAK,SJV,SJV615,SJV706,18/22:38,18/22:42,19/06:02,19/06:18,7:20:00,BPN,DPS,17B,10,0,0,NML,8,2025
2218.,B735,PKNAU,LKN,LKN243,LKN192D,18/16:42,18/16:48,19/06:10,19/06:20,13:22:00,SMQ,PKN,010,10,1,1,NML,8,2025
2219.,A320,PKAXD,AWQ,AWQ325,AWQ386,18/19:10,18/19:17,19/06:00,19/06:11,10:43:00,KUL,PEN,A01,10,1,1,NML,8,2025
2220.,A320,PKBKT,BTK,BTK6413,BTK6412,18/21:15,18/21:19,19/06:29,19/06:39,9:10:00,DPS,DPS,021,10,0,0,NML,8,2025
2221.,C208,PKVVF,SUS,PKVVF,PKVVF,18/09:08,18/09:08,19/07:02,19/07:10,21:54:00,BXW,BXW,C07,10,0,0,NML,8,2025
2222.,B738MAX,PKOFM,AFE,AFE921,AFE921,19/06:07,19/06:11,19/07:01,19/07:20,0:50:00,CGK,TIM,005,10,1,1,NML,8,2025
2223.,B738,PKGFP,GIA,GIA855,GIA854,18/20:26,18/20:33,19/07:00,19/07:11,10:27:00,SIN,SIN,A02,10,1,1,NML,8,2025
2224.,B738,PKGMY,GIA,GIA324,GIA305,18/22:49,18/22:52,19/07:11,19/07:21,8:19:00,CGK,CGK,004,10,1,1,NML,8,2025
2225.,B739,PKLHR,LNI,LNI885,LNI646,18/21:28,18/21:32,19/07:10,19/07:23,9:38:00,UPG,LOP,023,10,0,0,NML,8,2025
2226.,A320,PKGLU,CTV,CTV170,CTV175,19/06:27,19/06:31,19/07:16,19/07:26,0:45:00,HLP,CGK,007,10,1,1,NML,8,2025
2227.,A320,PKLAJ,BTK,BTK7511,BTK7510,19/06:31,19/06:34,19/07:31,19/07:39,0:57:00,HLP,HLP,008,28,1,1,NML,8,2025
2228.,H25B,T7HAN,AFSS,T7HAN,T7HAN,19/06:52,19/06:57,19/07:25,19/07:35,0:28:00,CGK,CGK,A09,28,0,0,NML,8,2025
2229.,A320,PKLUF,BTK,BTK6588,BTK6135,18/23:05,18/23:12,19/07:38,19/07:49,8:26:00,CGK,PKN,016,28,1,1,NML,8,2025
2230.,A320,PKBKJ,BTK,BTK6572,BTK6573,19/06:59,19/07:01,19/07:59,19/08:12,0:58:00,CGK,CGK,009,28,1,1,NML,8,2025
2231.,B739,PKLFF,LNI,LNI311,LNI693,19/06:13,19/06:16,19/07:45,19/07:53,1:29:00,BDJ,CGK,011,28,1,1,NML,8,2025
2232.,B739,PKLSI,LNI,LNI929,LNI982,19/07:08,19/07:12,19/08:14,19/08:24,1:02:00,DPS,PKU,014,28,1,1,NML,8,2025
2233.,A21N,B32M5,CSN,CSN8137,CSN8138,18/21:19,18/21:26,19/07:51,19/08:10,10:25:00,CAN,CAN,A04,28,1,1,NML,8,2025
2234.,A333,BLBH,CPA,CPA779,CPA780,18/17:56,18/18:03,19/08:12,19/08:26,14:09:00,HKG,HKG,A08,28,1,1,NML,8,2025
2235.,B738,PKGUD,GIA,GIA314,GIA323,19/07:05,19/07:09,19/08:24,19/08:34,1:15:00,CGK,CGK,005,28,1,1,NML,8,2025
2236.,B739,PKLFO,LNI,LNI693,LNI990,19/06:46,19/06:48,19/08:32,19/08:41,1:44:00,KOE,DPS,012,28,1,1,NML,8,2025
2237.,B738,PKLZO,MXD,MXD352,MXD353,18/19:20,18/19:25,19/09:17,19/09:26,13:52:00,KUL,KUL,C02,10,0,0,NML,8,2025
2238.,B739,PKLSK,LNI,LNI315,LNI222,19/07:56,19/08:01,19/08:55,19/09:05,0:54:00,BDJ,BDJ,015,10,1,1,NML,8,2025
2239.,B738,PKLJQ,LNI,LNI837,LNI262,19/08:00,19/08:06,19/08:51,19/09:01,0:45:00,PNK,BPN,016,10,1,1,NML,8,2025
2240.,A320,PKLUW,BTK,BTK6584,BTK6391,19/09:48,19/09:51,19/10:47,19/10:57,0:56:00,CGK,CGK,009,10,1,1,NML,8,2025
2241.,A320,PKSAU,SJV,SJV649,SJV618,19/08:07,19/08:16,19/09:01,19/09:10,0:45:00,BPN,BPN,010,10,1,1,NML,8,2025
2242.,B738,PKGNE,GIA,GIA304,GIA342,19/08:42,19/08:50,19/09:51,19/10:03,1:01:00,CGK,DPS,004,10,1,1,NML,8,2025
2243.,A320,PKGLY,CTV,CTV671,CTV486,19/08:22,19/08:28,19/09:18,19/09:29,0:50:00,LOP,BDJ,007,10,1,1,NML,8,2025
2244.,A320,PKPWK,PAS,PAS200,PAS201,19/08:28,19/08:33,19/09:21,19/09:35,0:48:00,CGK,CGK,006,10,1,1,NML,8,2025
2245.,BK17,PKFGG,SAG,PKFGG,PKFGG,19/08:57,19/09:02,19/09:34,19/09:44,0:32:00,ZKD,ZKD,A01,10,0,0,NML,8,2025
2246.,A320,PKSAK,SJV,SJV703,SJV642,19/08:20,19/08:27,19/09:38,19/09:54,1:11:00,DPS,AAP,011,10,1,1,NML,8,2025
2247.,A320,PKGQO,CTV,CTV435,CTV434,19/08:45,19/08:52,19/09:36,19/09:50,0:44:00,BPN,BPN,005,10,1,1,NML,8,2025
2248.,A359,9VSHC,SIA,SIA922,SIA923,19/09:06,19/09:12,19/10:10,19/10:25,0:58:00,SIN,SIN,A08,10,1,1,NML,8,2025
2249.,A320,PKLAI,BTK,BTK6582,BTK6585,19/11:59,19/12:04,19/13:23,19/13:37,1:19:00,CGK,CGK,009,10,1,1,NML,8,2025
2250.,A320,PKGTG,CTV,CTV351,CTV350,19/09:24,19/09:28,19/10:14,19/10:29,0:46:00,UPG,UPG,006,10,1,1,NML,8,2025
2251.,B739,PKLGU,LNI,LNI267,LNI706,19/07:02,19/07:06,19/11:05,19/11:17,3:59:00,TRK,UPG,022,10,0,0,NML,8,2025
2252.,A320,PKGQE,CTV,CTV461,CTV715,19/09:30,19/09:34,19/10:27,19/10:37,0:53:00,AAP,CGK,007,10,1,1,NML,8,2025
2253.,A320,9VTRN,TGW,TGW296,TGW297,19/09:40,19/09:45,19/10:44,19/10:53,0:59:00,SIN,SIN,A03,10,1,1,NML,8,2025
2254.,B739,PKLHR,LNI,LNI645,LNI822,19/10:22,19/10:26,19/11:23,19/11:37,0:57:00,LOP,LOP,011,10,1,1,NML,8,2025
2255.,A320,PKPWI,PAS,PAS210,PAS211,19/09:55,19/09:58,19/10:35,19/10:45,0:37:00,CGK,CGK,005,10,1,1,NML,8,2025
2256.,B739,PKLSO,LNI,LNI791,LNI973,19/09:52,19/09:55,19/10:53,19/11:02,0:58:00,UPG,BTH,012,10,1,1,NML,8,2025
2257.,A320,PKLUK,BTK,BTK7513,BTK7516,19/10:00,19/10:05,19/10:57,19/11:02,0:52:00,HLP,HLP,010,10,1,1,NML,8,2025
2258.,A320,PKSJV,SJV,SJV725,SJV7003,18/18:41,18/18:44,19/10:42,19/10:54,15:57:37,LBJ,DPS,024,10,0,0,NML,8,2025
2259.,A320,PKLUG,BTK,BTK7515,BTK6346,19/14:04,19/14:07,19/15:01,19/15:12,0:54:00,HLP,BEJ,012,10,1,1,NML,8,2025
2260.,A320,PKAZN,AWQ,AWQ321,AWQ322,19/10:40,19/10:46,19/11:22,19/11:32,0:35:45,KUL,KUL,A02,10,1,1,NML,8,2025
2261.,A339,PKGHI,GIA,GIA975,GIA974,19/08:59,19/09:07,19/11:33,19/11:46,2:26:00,JED,JED,A07,10,1,1,NML,8,2025
2262.,A320,PKLUF,BTK,BTK6134,BTK5001,19/10:27,19/10:29,19/11:32,19/11:47,1:03:00,PKN,LOP,021,10,0,0,NML,8,2025
2263.,B738,PKGFF,GIA,GIA322,GIA327,19/10:18,19/10:23,19/11:30,19/11:42,1:07:00,CGK,CGK,004,10,1,1,NML,8,2025
2264.,A320,PKLAJ,BTK,BTK7517,BTK7520,19/10:47,19/10:52,19/11:34,19/11:48,0:42:00,HLP,HLP,008,10,1,1,NML,8,2025
2265.,G100,N974MT,AR7,N974MT,N974MT,19/10:14,19/10:20,19/12:49,19/12:59,2:29:00,XSP,XSP,A09,10,0,0,NML,8,2025
2266.,B739,PKLFO,LNI,LNI805,LNI804,19/11:19,19/11:21,19/12:23,19/12:35,1:01:25,DPS,DPS,012,10,1,1,NML,8,2025
2267.,A320,PKBLD,BTK,BTK6596,BTK6581,19/13:43,19/13:46,19/14:32,19/14:44,0:46:00,CGK,CGK,010,10,1,1,NML,8,2025
2268.,A339,PKLET,LNI,LNI105,LNI104,18/12:13,18/12:19,19/12:10,19/12:23,23:51:00,JED,JED,A05,10,1,1,NML,8,2025
2269.,A320,PKSAA,SJV,SJV619,SJV636,18/18:51,18/18:55,19/12:35,19/12:44,17:40:00,BPN,BDJ,025,10,0,0,NML,8,2025
2270.,B739,PKLSK,LNI,LNI223,LNI780,19/12:04,19/12:07,19/12:51,19/13:00,0:44:00,BDJ,UPG,015,10,1,1,NML,8,2025
2271.,B739,PKLHP,LNI,LNI694,LNI694,19/11:56,19/12:00,19/12:44,19/12:54,0:44:00,CGK,KOE,014,10,1,1,NML,8,2025
2272.,A320,PKBKU,BTK,BTK6406,BTK6595,19/14:50,19/14:53,19/15:49,19/16:00,0:56:00,CGK,CGK,011,28,1,1,NML,8,2025
2273.,A320,PKAXD,AWQ,AWQ387,AWQ324,19/12:32,19/12:36,19/13:13,19/13:22,0:37:00,PEN,KUL,A03,10,1,1,NML,8,2025
2274.,A320,PKPWJ,PAS,PAS204,PAS205,19/12:01,19/12:05,19/13:20,19/13:33,1:15:00,CGK,CGK,005,10,1,1,NML,8,2025
2275.,A320,PKGLY,CTV,CTV487,CTV668,19/12:09,19/12:13,19/13:35,19/13:49,1:22:00,BDJ,DPS,007,10,1,1,NML,8,2025
2276.,B739,PKLJG,LNI,LNI801,LNI260,19/12:14,19/12:20,19/14:10,19/14:20,1:50:00,UPG,BPN,017,10,0,1,NML,8,2025
2277.,B738,PKLJQ,LNI,LNI367,LNI682,19/12:27,19/12:31,19/14:00,19/14:10,1:29:00,BPN,PKY,016,10,1,1,NML,8,2025
2278.,B738,PKLOR,LNI,LNI839,LNI836,19/13:29,19/13:33,19/15:07,19/15:21,1:34:00,PNK,PNK,014,10,1,1,NML,8,2025
2279.,A320,PKGQQ,CTV,CTV716,CTV717,19/13:31,19/13:35,19/14:12,19/14:24,0:37:00,CGK,CGK,006,10,1,1,NML,8,2025
2280.,A320,PKSAK,SJV,SJV641,SJV726,19/13:46,19/13:49,19/14:37,19/14:56,0:48:00,AAP,LBJ,011,10,1,1,Nml,8,2025
2281.,B739,PKLSI,LNI,LNI983,LNI910,19/13:53,19/13:56,19/15:03,19/15:14,1:07:00,PKU,DPS,009,10,1,1,NML,8,2025
2282.,A320,PKGQO,CTV,CTV431,CTV948,19/13:35,19/13:39,19/14:37,19/14:48,0:58:00,BPN,BTH,008,10,1,1,NML,8,2025
2283.,B738MAX,PKOFI,AFE,AFE920,AFE920,19/13:50,19/13:53,19/14:24,19/14:36,0:31:00,TIM,CGK,005,28,1,1,NML,8,2025
2284.,A320,PKLUF,BTK,BTK6133,BTK7514,19/14:29,19/14:33,19/15:22,19/15:32,0:49:00,LOP,HLP,016,28,1,1,NML,8,2025
2285.,B738,PKGUI,GIA,GIA312,GIA317,19/14:08,19/14:11,19/15:03,19/15:19,0:52:00,CGK,CGK,004,10,1,1,NML,8,2025
2286.,CL605,T7KKT,ASI,T7KKT,T7KKT,19/15:11,19/15:15,19/16:08,19/16:22,0:53:00,SYD,CGK,A09,28,0,0,NML,8,2025
2287.,B738,PKGFQ,GIA,GIA330,GIA331,19/14:22,19/14:25,19/15:22,19/15:31,0:57:00,HLP,HLP,006,28,1,1,NML,8,2025
2288.,B739,PKLHR,LNI,LNI823,LNI642,19/14:25,19/14:29,19/16:08,19/16:20,1:39:00,LOP,LOP,015,28,1,1,NML,8,2025
2289.,A320,PKLAJ,BTK,BTK7501,BTK7512,19/14:41,19/14:44,19/15:38,19/15:46,0:54:00,HLP,HLP,010,28,1,1,NML,8,2025
2290.,A320,PKLUG,BTK,BTK6347,BTK6401,19/19:31,19/19:38,19/20:25,19/20:35,0:47:00,BEJ,CGK,009,28,1,1,NML,8,2025
2291.,B739,PKLFO,LNI,LNI919,LNI316,19/15:28,19/15:33,19/17:08,19/17:18,1:35:00,DPS,BDJ,017,28,1,1,NML,8,2025
2292.,B738,PKGMP,GIA,GIA310,GIA315,19/15:57,19/16:06,19/16:55,19/17:10,0:49:00,CGK,CGK,008,28,1,1,NML,8,2025
2293.,B738MAX,9VMBP,SIA,SIA926,SIA927,19/15:54,19/15:58,19/16:50,19/17:04,0:52:00,SIN,SIN,A08,28,1,1,NML,8,2025
2294.,A320,PKPWC,PAS,PAS206,PAS623,19/16:18,19/16:24,19/17:04,19/17:15,0:40:00,CGK,BPN,005,28,1,1,NML,8,2025
2295.,B739,PKLGW,LNI,LNI692,LNI692,19/16:25,19/16:32,19/17:19,19/17:30,0:47:00,CGK,KOE,012,28,1,1,NML,8,2025
2296.,B739,PKLSI,LNI,LNI923,LNI226,19/17:42,19/17:48,19/19:57,19/20:07,2:09:00,DPS,BDJ,012,28,1,1,NML,8,2025
2297.,A320,PKBLD,BTK,BTK6578,BTK7579,19/20:13,19/20:20,19/21:06,19/21:20,0:46:49,CGK,CGK,010,28,1,1,NML,8,2025
2298.,A320,PKGQE,CTV,CTV669,CTV698,19/16:15,19/16:25,19/17:22,19/17:32,0:57:00,DPS,DPS,006,28,1,1,NML,8,2025
2299.,B738,PKLOJ,LNI,LNI787,LNI838,19/13:39,19/13:43,19/17:35,19/17:45,3:52:00,UPG,PNK,021,28,0,0,NML,8,2025
2300.,A320,PKAZN,AWQ,AWQ323,AWQ326,19/17:22,19/17:26,19/18:02,19/18:15,0:36:00,KUL,KUL,A01,28,1,1,NML,8,2025
2301.,A320,PKLAI,BTK,-,BTK7518,--:--,--:--,--:--,--:--,None,-,CGK,None,-,-1,-,NML,8,2025
2302.,A320,PKGLI,CTV,CTV736,CTV352,19/17:26,19/17:32,19/18:23,19/18:34,0:51:00,CGK,UPG,009,28,1,1,NML,8,2025
2303.,B739,PKLHP,LNI,LNI695,LNI920,19/18:06,19/18:13,19/19:17,19/19:25,1:04:00,KOE,DPS,016,28,1,1,NML,8,2025
2304.,B739,PKLSV,LNI,LNI707,LNI581,19/15:36,19/15:42,19/19:07,19/19:18,3:25:00,UPG,CGK,026,28,0,0,NML,8,2025
2305.,B738,9MMXH,MAS,MAS875,MAS874,19/17:37,19/17:40,19/18:35,19/18:48,0:55:00,KUL,KUL,A02,28,1,1,NML,8,2025
2306.,A320,PKPWD,PAS,PAS622,PAS207,19/17:08,19/17:15,19/18:13,19/18:26,0:58:00,BPN,CGK,007,28,1,1,NML,8,2025
2307.,B738,PKGNE,GIA,GIA349,GIA313,19/17:32,19/17:38,19/18:43,19/19:01,1:05:00,DPS,CGK,004,28,1,1,NML,8,2025
2308.,A320,PKLUK,BTK,BTK7503,BTK7502,19/18:10,19/18:17,19/19:23,19/19:33,1:06:00,HLP,HLP,010,28,1,1,NML,8,2025
2309.,A320,PKGQA,CTV,CTV172,CTV173,19/18:31,19/18:37,19/19:19,19/19:27,0:42:00,HLP,HLP,008,28,1,1,NML,8,2025
2310.,B738,PKGUF,GIA,GIA320,GIA325,19/17:48,19/17:56,19/19:00,19/19:10,1:04:00,CGK,CGK,005,28,1,1,NML,8,2025
2311.,B738MAX,9VMBG,SIA,SIA928,SIA929,19/18:57,19/19:02,19/20:07,19/20:15,1:05:00,SIN,SIN,A03,28,1,1,NML,8,2025
2312.,A320,PKBKU,BTK,BTK6576,BTK6575,19/21:17,19/21:24,19/22:15,19/22:22,0:51:00,CGK,CGK,010,28,1,1,NML,8,2025
2313.,B738,PKCRI,SJY,SJY567,SJY562,19/18:45,19/18:50,19/19:34,19/19:42,0:44:00,UPG,UPG,011,28,1,1,NML,8,2025
2314.,B788,9VOFD,TGW,TGW266,TGW267,19/18:39,19/18:43,19/19:44,19/19:57,1:01:00,SIN,SIN,A07,28,1,1,NML,8,2025
2315.,LJ55,N117LR,TUN,N117LR,N117LR,19/20:39,19/20:44,19/23:11,19/23:25,2:27:11,XSP,XSP,030,28,0,0,NML,8,2025
2316.,B738MAX,PKGDC,GIA,GIA326,GIA319,19/19:44,19/19:51,19/20:34,19/20:45,0:43:00,CGK,CGK,004,28,1,1,NML,8,2025
2317.,A320,PKGQJ,CTV,CTV949,CTV737,19/18:35,19/18:41,19/20:53,19/21:02,2:12:40,BTH,CGK,006,28,1,1,NML,8,2025
2318.,B739,PKLHR,LNI,LNI865,LNI880,19/18:51,19/18:57,19/21:14,19/21:25,2:17:51,LOP,UPG,014,28,1,1,NML,8,2025
2319.,A320,PKLAJ,BTK,BTK7521,BTK6136,19/21:31,19/21:38,19/22:32,19/22:43,0:54:58,HLP,UPG,011,28,1,1,NML,8,2025
2320.,A320,PKSAW,SJV,SJV619,SJV610,19/19:39,19/19:45,20/05:02,20/05:17,9:17:00,BPN,BPN,021,10,0,0,NML,8,2025
2321.,B739,PKLSR,LNI,LNI885,LNI878,19/22:27,19/22:32,20/05:07,20/05:22,6:35:00,UPG,AMQ,014,10,1,1,NML,8,2025
2322.,A320,PKSAK,SJV,SJV725,SJV640,19/18:28,19/18:32,20/05:30,20/05:38,10:58:00,LBJ,AAP,022,10,0,0,NML,8,2025
2323.,A320,PKLAO,BTK,BTK6137,BTK7508,19/22:30,19/22:37,20/05:00,20/05:11,6:23:00,UPG,HLP,015,10,1,1,NML,8,2025
2324.,A320,PKAZN,AWQ,AWQ327,AWQ320,19/23:47,19/23:50,20/05:00,20/05:13,5:10:00,KUL,KUL,A03,10,1,1,NML,8,2025
2325.,B739,PKLSO,LNI,LNI972,LNI786,19/20:43,19/20:47,20/05:08,20/05:20,8:20:25,BTH,UPG,023,10,0,0,NML,8,2025
2326.,A320,PKGQC,CTV,CTV353,CTV430,19/20:32,19/20:38,20/05:01,20/05:15,8:23:00,UPG,BPN,008,10,1,1,NML,8,2025
2327.,B738,PKGUI,GIA,GIA328,GIA301,19/20:22,19/20:31,20/05:04,20/05:18,8:33:00,CGK,CGK,005,10,1,1,NML,8,2025
2328.,A320,PKBKF,BTK,BTK7519,BTK6132,19/22:48,19/22:53,20/05:17,20/05:26,6:24:00,HLP,LOP,012,10,1,1,NML,8,2025
2329.,A320,PKLUS,BTK,BTK6594,BTK6589,19/22:04,19/22:10,20/05:44,20/05:55,7:34:00,CGK,CGK,017,10,1,1,NML,8,2025
2330.,A320,PKGQF,CTV,CTV724,CTV725,19/20:01,19/20:07,20/05:48,20/06:00,9:40:14,CGK,CGK,003,10,0,0,NML,8,2025
2331.,B739,PKLSV,LNI,LNI690,LNI690,20/05:03,20/05:07,20/06:04,20/06:19,0:57:00,CGK,KOE,015,10,1,1,NML,8,2025
2332.,A320,PKGQI,CTV,CTV726,CTV460,19/20:36,19/20:43,20/05:48,20/06:00,9:05:11,CGK,AAP,009,10,1,1,NML,8,2025
2333.,A320,PKGQE,CTV,CTV699,CTV670,19/19:52,19/19:59,20/05:48,20/06:05,9:49:31,DPS,LOP,007,10,1,1,NML,8,2025
2334.,B738,PKLJQ,LNI,LNI683,LNI868,19/17:13,19/17:18,20/06:04,20/06:17,12:46:00,PKY,TTE,025,10,0,0,NML,8,2025
"2335.,B739,PKLGL,LNI,LNI693,LNI882,18/06:56,18/07:04,20/06:11,20/06:21,""1 day, 23:07:00"",KOE,UPG,020,10,0,0,NML,8,2025"
2336.,A320,PKSAA,SJV,SJV637,SJV706,19/15:42,19/15:45,20/06:14,20/06:23,14:29:00,BDJ,DPS,024,10,0,0,NML,8,2025
2337.,A320,PKLUZ,BTK,BTK6413,BTK6135,19/20:19,19/20:25,20/06:45,20/06:55,10:20:00,DPS,PKN,016,10,1,1,NML,8,2025
2338.,A320,PKBKG,BTK,BTK6572,BTK6412,20/05:52,20/05:57,20/07:09,20/07:19,1:12:00,CGK,DPS,008,10,1,1,NML,8,2025
2339.,B739,PKLFO,LNI,LNI311,LNI971,20/06:03,20/06:08,20/07:01,20/07:16,0:53:00,BDJ,BTH,014,10,1,1,NML,8,2025
2340.,B738,PKGFP,GIA,GIA855,GIA305,19/20:29,19/23:13,20/07:12,20/07:26,10:39:00,SIN,CGK,004,10,1,1,NML,8,2025
2341.,B738,PKGFS,GIA,GIA324,GIA854,19/21:09,19/22:53,20/07:02,20/07:13,9:45:00,CGK,SIN,A02,10,1,1,NML,8,2025
2342.,B739,PKLHY,LNI,LNI261,LNI646,19/15:51,20/05:27,20/07:43,20/07:55,15:40:00,BPN,LOP,026,10,0,1,NML,8,2025
2343.,A320,PKSJU,SJV,SJV649,SJV566,20/06:26,20/06:30,20/07:19,20/07:30,0:49:00,BPN,PLW,009,10,1,1,NML,8,2025
2344.,A320,PKGTG,CTV,CTV170,CTV175,20/06:15,20/06:18,20/07:15,20/07:27,0:57:00,HLP,CGK,007,10,1,1,NML,8,2025
"2345.,AW139,PKTVN,TVR,PKTVN,PKTVN,13/09:27,13/09:29,20/07:38,20/07:40,""6 days, 22:09:00"",ZZZZ,MBH,H02,10,0,0,NML,8,2025"
2346.,A320,PKLAL,BTK,BTK7511,BTK7510,20/06:38,20/06:42,20/07:36,20/07:45,0:54:00,HLP,HLP,011,10,1,1,NML,8,2025
2347.,A320,PKAXD,AWQ,AWQ325,AWQ392,19/19:07,19/19:12,20/07:23,20/07:34,12:11:00,KUL,JHB,A01,10,1,1,NML,8,2025
2348.,B739,PKLGW,LNI,LNI693,LNI693,20/06:52,20/06:54,20/07:42,20/07:56,0:48:00,KOE,CGK,012,10,1,1,NML,8,2025
2349.,A333,BHLT,CPA,CPA779,CPA780,19/18:23,19/18:27,20/08:10,20/08:24,13:43:00,HKG,HKG,A08,10,1,1,NML,8,2025
2350.,B739,PKLGU,LNI,LNI929,LNI990,20/07:09,20/07:14,20/08:29,20/08:40,1:15:00,DPS,DPS,015,10,1,1,NML,8,2025
2351.,A320,PKBLB,BTK,BTK6588,BTK5010,19/23:00,19/23:05,20/09:04,20/09:17,9:59:00,CGK,UPG,010,10,1,1,NML,8,2025
2352.,B738,PKLZO,MXD,MXD352,MXD353,19/19:37,19/19:41,20/08:51,20/08:59,13:10:00,KUL,KUL,A04,10,1,1,NML,8,2025
2353.,B738,PKBKF,BTK,BTK6133,BTK6573,20/08:03,20/08:06,20/09:26,20/09:44,1:20:00,LOP,CGK,009,10,1,1,NML,8,2025
2354.,B739,PKLHJ,LNI,LNI315,LNI222,20/07:49,20/07:53,20/08:52,20/09:03,0:59:00,BDJ,BDJ,014,10,1,1,NML,8,2025
2355.,B739,PKLJG,LNI,LNI367,LNI856,20/08:19,20/08:22,20/09:22,20/09:41,1:00:00,BPN,PLM,011,10,1,1,NML,8,2025
2356.,B738,PKLOJ,LNI,LNI837,LNI748,20/08:00,20/08:04,20/09:06,20/09:19,1:02:00,PNK,MDC,016,10,1,1,NML,8,2025
2357.,A320,PKGQE,CTV,CTV671,CTV486,20/08:27,20/08:30,20/09:11,20/09:26,0:41:00,LOP,BDJ,007,10,1,1,NML,8,2025
2358.,B738,PKGNE,GIA,GIA304,GIA342,20/08:10,20/08:13,20/09:19,20/09:35,1:06:00,CGK,DPS,004,10,1,1,NML,8,2025
2359.,A320,PKSAA,SJV,SJV703,SJV612,20/08:38,20/08:42,20/09:42,20/09:53,1:00:00,DPS,BPN,012,10,1,1,NML,8,2025
2360.,A320,PKPWK,PAS,PAS200,PAS201,20/08:15,20/08:19,20/09:15,20/09:30,0:56:00,CGK,CGK,005,10,1,1,NML,8,2025
2361.,A320,PKGQC,CTV,CTV435,CTV434,20/08:44,20/08:47,20/09:33,20/09:51,0:46:00,BPN,BPN,006,10,1,1,NML,8,2025
2362.,A320,PKLUS,BTK,BTK6584,BTK6391,20/09:27,20/09:32,20/10:09,20/10:34,0:37:00,CGK,CGK,008,10,1,1,NML,8,2025
2363.,A320,PKSAK,SJV,SJV641,SJV632,20/09:21,20/09:25,20/10:08,20/10:29,0:43:00,AAP,BDJ,015,10,1,1,NML,8,2025
2364.,B733F,PKMYV,MYU,MYU935,MYU815,20/09:05,20/09:09,20/09:48,20/09:56,0:39:00,SRG,CGK,C02,10,0,0,NML,8,2025
"2365.,DHC6,PKICP,PGT,PKICP,PKICP,18/11:19,18/11:21,20/10:28,20/10:37,""1 day, 23:07:00"",PAG,PAG,028,10,0,0,NML,8,2025"
"2366.,A320,PKBKP,BTK,BTK6589A,BTK5011,18/06:15,18/06:18,20/09:55,20/10:13,""2 days, 3:37:00"",SUB,CGK,018,10,0,0,NML,8,2025"
2367.,B738,9MMLV,MAS,MAS871,MAS870,20/08:56,20/09:03,20/09:52,20/10:16,0:49:00,KUL,KUL,A07,10,1,1,NML,8,2025
2368.,A359,9VSHB,SIA,SIA922,SIA923,20/09:00,20/09:06,20/10:06,20/10:31,1:00:00,SIN,SIN,A08,10,1,1,NML,8,2025
2369.,A320,PKLUZ,BTK,BTK6134,BTK6585,20/09:32,20/09:35,20/10:26,20/10:44,0:51:00,PKN,CGK,010,10,1,1,NML,8,2025
2370.,B739,PKLGL,LNI,LNI791,LNI706,20/09:49,20/09:52,20/10:48,20/11:01,0:56:00,UPG,UPG,014,10,1,1,NML,8,2025
2371.,A320,PKGQN,CTV,CTV351,CTV350,20/09:46,20/09:50,20/10:29,20/10:48,0:39:00,UPG,UPG,006,10,1,1,NML,8,2025
2372.,A320,PKGQI,CTV,CTV461,CTV715,20/09:36,20/09:41,20/10:25,20/10:40,0:44:00,AAP,CGK,007,10,1,1,NML,8,2025
2373.,B739,PKLHY,LNI,LNI645,LNI822,20/10:50,20/10:53,20/11:46,20/11:57,0:53:00,LOP,LOP,015,10,1,1,NML,8,2025
2374.,A320,9VTRU,TGW,TGW296,TGW297,20/10:20,20/10:26,20/11:26,20/11:38,1:00:00,SIN,SIN,A02,10,1,1,NML,8,2025
2375.,B739,PKLHL,LNI,LNI970,LNI973,20/09:38,20/09:42,20/10:38,20/10:57,0:56:00,BTH,BTH,011,10,1,1,NML,8,2025
2376.,A320,PKPWF,PAS,PAS210,PAS211,20/09:42,20/09:45,20/10:35,20/10:55,0:50:00,CGK,CGK,005,10,1,1,NML,8,2025
2377.,A320,PKBKY,BTK,BTK7513,BTK7516,20/10:29,20/10:32,20/11:24,20/11:35,0:52:00,HLP,HLP,009,10,1,1,NML,8,2025
2378.,C25B,N5LM,S2A,N5LM,N5LM,20/09:55,20/09:58,20/10:43,20/10:50,0:45:00,BME,XSP,030,10,0,0,NML,8,2025
2379.,B739,PKLSV,LNI,LNI697,LNI697,20/10:46,20/10:50,20/11:48,20/12:06,0:58:00,KOE,CGK,016,10,1,1,NML,8,2025
2380.,A320,PKAZI,AWQ,AWQ321,AWQ322,20/10:52,20/10:58,20/11:35,20/11:45,0:37:00,KUL,KUL,A01,10,1,1,NML,8,2025
2381.,B738,PKGMU,GIA,GIA322,GIA327,20/10:42,20/10:46,20/11:44,20/12:04,0:58:00,CGK,CGK,004,10,1,1,NML,8,2025
2382.,A320,PKLAL,BTK,BTK7517,BTK7520,20/11:07,20/11:10,20/12:09,20/12:22,0:59:00,HLP,HLP,010,10,1,1,NML,8,2025
2383.,B739,PKLGU,LNI,LNI805,LNI262,20/11:11,20/11:16,20/12:14,20/12:24,0:58:00,DPS,BPN,014,10,1,1,NML,8,2025
2384.,A339,PKLER,LNI,LNI107,LNI104,19/14:55,19/15:01,20/12:03,20/12:16,21:02:00,JED,JED,A05,10,1,1,NML,8,2025
2385.,A320,PKBLC,BTK,BTK6582,BTK6581,20/11:39,20/11:43,20/12:42,20/12:54,0:59:00,CGK,CGK,008,10,1,1,NML,8,2025
2386.,B739,PKLSO,LNI,LNI787,LNI804,20/11:47,20/11:51,20/12:43,20/12:57,0:52:00,UPG,DPS,012,10,1,1,NML,8,2025
2387.,B738,PKGFG,GIA,GIA3060,GIA3081,20/10:26,20/11:43,20/12:41,20/12:51,2:08:00,HLP,CGK,003,10,0,0,NML,8,2025
2388.,A320,PKSJU,SJV,SJV567,SJV636,20/11:30,20/11:33,20/12:25,20/12:36,0:52:00,PLW,BDJ,011,10,1,1,NML,8,2025
2389.,B735,PKNAU,LKN,LKN193,LKN242,20/11:54,20/11:57,20/13:15,20/13:25,1:18:00,PKN,SMQ,009,10,1,1,NML,8,2025
2390.,B739,PKLHJ,LNI,LNI223,LNI780,20/11:51,20/11:54,20/12:46,20/13:03,0:52:00,BDJ,UPG,016,10,1,1,NML,8,2025
2391.,B739,PKLHQ,LNI,LNI694,LNI694,20/11:57,20/12:00,20/12:47,20/13:01,0:47:00,CGK,KOE,015,10,1,1,NML,8,2025
2392.,A320,PKBKP,BTK,BTK7515,BTK7514,20/13:57,20/14:00,20/14:50,20/15:00,0:50:00,HLP,HLP,011,10,1,1,NML,8,2025
2393.,B739,PKLSR,LNI,LNI879,LNI680,20/14:27,20/14:31,20/15:35,20/15:45,1:04:00,AMQ,PKY,017,10,1,1,NML,8,2025
2394.,A320,PKSAK,SJV,SJV633,SJV642,20/13:33,20/13:36,20/14:25,20/14:40,0:49:00,BDJ,AAP,009,10,1,1,NML,8,2025
2395.,A320,PKAXD,AWQ,AWQ393,AWQ324,20/12:20,20/12:25,20/13:14,20/13:23,0:49:06,JHB,KUL,A03,10,1,1,NML,8,2025
2396.,A320,PKBKR,BTK,BTK6596,BTK6595,20/14:49,20/14:53,20/15:55,20/16:05,1:02:00,CGK,CGK,016,10,1,1,NML,8,2025
2397.,A320,PKGQE,CTV,CTV487,CTV668,20/12:02,20/12:05,20/13:32,20/13:41,1:27:37,BDJ,DPS,007,10,1,1,NML,8,2025
2398.,A339,PKGHI,GIA,GIA975,GIA974,20/11:16,20/11:23,20/13:41,20/13:52,2:18:00,JED,JED,A07,10,1,1,NML,8,2025
2399.,B739,PKLHY,LNI,LNI823,LNI260,20/14:33,20/14:37,20/15:30,20/15:43,0:53:00,LOP,BPN,015,10,1,1,NML,8,2025
2400.,B738,PKLOR,LNI,LNI839,LNI836,20/13:29,20/13:32,20/14:25,20/14:36,0:53:00,PNK,PNK,010,10,1,1,NML,8,2025
2401.,A320,PKGQO,CTV,CTV716,CTV717,20/13:42,20/13:46,20/14:33,20/14:43,0:47:00,CGK,CGK,005,10,1,1,NML,8,2025
2402.,A320,PKGQC,CTV,CTV431,CTV948,20/13:35,20/13:39,20/14:32,20/14:48,0:53:00,BPN,BTH,006,10,1,1,NML,8,2025
2403.,B738,PKGUI,GIA,GIA312,GIA317,20/13:50,20/13:54,20/14:49,20/15:00,0:55:00,CGK,CGK,004,10,1,1,NML,8,2025
2404.,B739,PKLJG,LNI,LNI857,LNI722,20/13:53,20/13:57,20/16:01,20/16:19,2:04:00,PLM,KDI,012,10,1,1,NML,8,2025
2405.,A320,PKPWK,PAS,PAS208,PAS209,20/14:00,20/14:03,20/14:58,20/15:09,0:55:00,CGK,CGK,007,10,1,1,NML,8,2025
2406.,B739,PKLGL,LNI,LNI707,LNI686,20/15:01,20/15:05,20/16:12,20/16:22,1:07:00,UPG,PKY,009,28,1,1,NML,8,2025
2407.,B738,PKGFR,GIA,GIA330,GIA331,20/14:13,20/14:17,20/15:04,20/15:18,0:47:00,HLP,HLP,008,10,1,1,NML,8,2025
2408.,B739,PKLSW,LNI,LNI801,LNI642,20/13:39,20/13:41,20/16:24,20/16:35,2:43:00,UPG,LOP,014,28,1,1,NML,8,2025
2409.,B739,PKLSO,LNI,LNI919,LNI910,20/15:25,20/15:27,20/16:26,20/16:36,0:59:00,DPS,DPS,011,28,1,1,NML,8,2025
2410.,A320,PKSJR,SJV,SJV619,SJV726,20/15:41,20/15:45,20/16:40,20/16:49,0:55:00,BPN,LBJ,010,28,1,1,NML,8,2025
2411.,A320,PKLUF,BTK,BTK7501,BTK7512,20/16:38,20/16:45,20/17:35,20/17:44,0:50:00,HLP,HLP,016,28,1,1,NML,8,2025
2412.,AT42,PKTHT,IAT,PKTHT,PKTHT,20/13:48,20/13:51,20/15:48,20/15:56,1:57:00,HLP,HLP,001,10,0,0,NML,8,2025
2413.,B738,9MMLO,MAS,MAS873,MAS872,20/14:45,20/14:50,20/15:47,20/16:03,0:57:00,KUL,KUL,A07,10,1,1,NML,8,2025
2414.,A320,PKLUI,BTK,BTK6406,BTK6401,20/18:44,20/18:50,20/19:46,20/19:56,0:56:00,CGK,CGK,009,28,1,1,NML,8,2025
2415.,B735,PKNAU,LKN,LKN243,LKN192,20/15:59,20/16:04,20/16:59,20/17:10,0:55:00,SMQ,PKN,012,28,1,1,NML,8,2025
2416.,A320,PKSAK,SJV,SJV643,SJV672,20/18:14,20/18:19,20/19:24,20/19:33,1:05:00,AAP,BEJ,010,28,1,1,NML,8,2025
2417.,B738,HSLGJ,TLM,TLM268,TLM269,20/15:16,20/15:22,20/16:38,20/16:47,1:16:00,DMK,DMK,A04,28,1,1,NML,8,2025
2418.,B738,PKGNH,GIA,GIA310,GIA315,20/15:37,20/15:41,20/16:39,20/16:51,0:58:52,CGK,CGK,004,28,1,1,NML,8,2025
2419.,B738MAX,9VMBE,SIA,SIA926,SIA927,20/15:30,20/15:36,20/16:36,20/16:46,1:00:00,SIN,SIN,A08,28,1,1,NML,8,2025
2420.,A320,PKPWN,PAS,PAS206,PAS623,20/16:29,20/16:36,20/17:06,20/17:20,0:30:58,CGK,BPN,005,28,1,1,NML,8,2025
2421.,B739,PKLHQ,LNI,LNI695,LNI268,20/17:21,20/17:26,20/18:23,20/18:37,0:57:00,KOE,TRK,014,28,1,1,NML,8,2025
2422.,B739,PKLSK,LNI,LNI692,LNI692,20/15:50,20/15:54,20/16:53,20/17:01,0:59:00,CGK,KOE,015,28,1,1,NML,8,2025
2423.,A339,PKLET,LNI,LNI105,LNI100,20/12:07,20/12:15,20/17:19,20/17:34,5:04:00,JED,JED,A05,28,1,1,NML,8,2025
2424.,B739,PKLGL,LNI,LNI687,LNI226,20/19:06,20/19:15,20/20:13,20/20:26,0:58:00,PKY,BDJ,014,28,1,1,NML,8,2025
2425.,A320,PKBKU,BTK,BTK6578,BTK7579,20/19:26,20/19:32,20/20:35,20/20:43,1:03:00,CGK,CGK,011,28,1,1,NML,8,2025
2426.,A320,PKGLY,CTV,CTV669,CTV698,20/16:59,20/17:06,20/17:49,20/17:58,0:43:27,DPS,DPS,007,28,1,1,NML,8,2025
2427.,B738,PKLJQ,LNI,LNI869,LNI838,20/12:28,20/12:32,20/17:30,20/17:40,4:58:50,TTE,PNK,020,10,0,0,NML,8,2025
2428.,A320,PKAZI,AWQ,AWQ323,AWQ326,20/17:49,20/17:53,20/18:20,20/18:29,0:27:00,KUL,KUL,A03,28,1,1,NML,8,2025
2429.,A320,PKGQR,CTV,CTV736,CTV352,20/17:18,20/17:25,20/18:04,20/18:17,0:39:19,CGK,UPG,008,28,1,1,NML,8,2025
2430.,B739,PKLFO,LNI,LNI972,LNI581,20/17:31,20/17:37,20/19:16,20/19:28,1:39:00,BTH,CGK,011,28,1,1,NML,8,2025
2431.,B739,PKLSO,LNI,LNI923,LNI920,20/19:09,20/19:13,20/20:07,20/20:17,0:54:00,DPS,DPS,017,28,1,1,NML,8,2025
2432.,A320,PKPWG,PAS,PAS622,PAS207,20/17:12,20/17:18,20/18:10,20/18:19,0:52:37,BPN,CGK,006,28,1,1,NML,8,2025
2433.,A320,PKLAI,BTK,BTK7519,BTK7518,20/19:44,20/19:49,20/20:39,20/20:49,0:50:09,CGK,CGK,012,28,1,1,NML,8,2025
2434.,B738,PKGNE,GIA,GIA349,GIA313,20/17:25,20/17:33,20/18:28,20/18:38,0:54:59,DPS,CGK,004,28,1,1,NML,8,2025
2435.,A320,PKBKP,BTK,BTK7503,BTK7502,20/19:29,20/19:33,20/20:38,20/20:46,1:05:06,HLP,HLP,018,28,0,0,NML,8,2025
2436.,A320,PKSJU,SJV,SJV637,SJV648,20/18:33,20/18:39,20/19:40,20/19:52,1:01:00,BDJ,BPN,015,28,1,1,NML,8,2025
2437.,B738,PKGUI,GIA,GIA320,GIA325,20/19:02,20/19:08,20/19:53,20/20:03,0:45:00,CGK,CGK,004,28,1,1,NML,8,2025
2438.,A320,PKGQA,CTV,CTV172,CTV173,20/19:17,20/19:24,20/19:57,20/20:13,0:33:00,HLP,HLP,006,28,1,1,NML,8,2025
2439.,B738MAX,9VMBI,SIA,SIA928,SIA929,20/18:08,20/18:12,20/19:22,20/19:32,1:10:00,SIN,SIN,A07,28,1,1,NML,8,2025
2440.,B738,PKCRH,SJY,SJY567,SJY562,20/18:43,20/18:48,20/19:33,20/19:46,0:45:00,UPG,UPG,012,28,1,1,NML,8,2025
2441.,A320,PKBKF,BTK,BTK6576,BTK6575,20/22:43,20/22:46,20/23:34,20/23:45,0:48:53,CGK,CGK,010,10,1,1,NML,8,2025
2442.,B738MAX,PKGDC,GIA,GIA326,GIA319,20/19:49,20/19:53,20/20:40,20/20:54,0:47:00,CGK,CGK,005,28,1,1,NML,8,2025
2443.,A320,PKGQF,CTV,CTV949,CTV737,20/18:49,20/18:58,20/20:51,20/21:05,1:53:02,BTH,CGK,007,28,1,1,NML,8,2025
2444.,B739,PKLSR,LNI,LNI681,LNI880,20/18:40,20/18:45,20/21:57,20/22:09,3:12:00,PKY,UPG,016,10,1,1,NML,8,2025
2445.,A320,PKLZH,BTK,BTK6137,BTK6136,20/20:21,20/20:28,20/21:54,20/22:06,1:26:00,UPG,UPG,014,10,1,1,NML,8,2025
2446.,A320,PKAZI,AWQ,AWQ327,AWQ320,21/00:05,21/00:10,21/05:00,21/05:08,4:50:00,KUL,KUL,A03,28,1,1,NML,8,2025
2447.,A320,PKSJR,SJV,SJV725,SJV610,20/20:09,20/20:14,21/05:08,21/05:22,8:53:37,LBJ,BPN,022,28,0,0,NML,8,2025
2448.,A320,PKLAQ,BTK,BTK6413,BTK7508,20/20:00,20/20:05,21/05:04,21/05:16,8:59:00,DPS,HLP,023,28,0,0,NML,8,2025
2449.,B739,PKLJG,LNI,LNI727,LNI786,20/20:28,20/20:34,21/05:02,21/05:13,8:27:06,KDI,UPG,17A,28,0,0,NML,8,2025
2450.,A320,PKGLY,CTV,CTV699,CTV430,20/20:24,20/20:31,21/05:07,21/05:17,8:36:00,DPS,BPN,006,28,1,1,NML,8,2025
2451.,B738,PKGUH,GIA,GIA328,GIA301,20/20:15,20/20:24,21/05:07,21/05:19,8:43:00,CGK,CGK,004,28,1,1,NML,8,2025
2452.,A320,PKLUP,BTK,BTK6594,BTK6132,20/22:13,20/22:17,21/05:08,21/05:21,6:51:00,CGK,LOP,011,28,1,1,NML,8,2025
2453.,A320,PKSAK,SJV,SJV673,SJV706,20/23:42,20/23:46,21/05:30,21/05:41,5:44:00,BEJ,DPS,016,28,1,1,NML,8,2025
2454.,B739,PKLSP,LNI,LNI690,LNI690,21/05:12,21/05:17,21/05:59,21/06:14,0:42:00,CGK,KOE,014,28,1,1,NML,8,2025
2455.,A320,PKGQG,CTV,CTV353,CTV460,20/22:47,20/22:50,21/05:42,21/05:51,6:52:00,UPG,AAP,007,28,1,1,NML,8,2025
2456.,A320,PKGQL,CTV,CTV726,CTV725,20/20:41,20/20:49,21/05:56,21/06:08,9:07:00,CGK,CGK,008,28,1,1,NML,8,2025
2457.,A320,PKGQH,CTV,CTV724,CTV670,20/19:54,20/20:00,21/05:45,21/05:53,9:44:02,CGK,LOP,003,28,0,0,NML,8,2025
2458.,B738,PKLOJ,LNI,LNI749,LNI266,20/14:56,20/15:01,21/05:59,21/06:10,14:58:00,MDC,BPN,021,28,0,0,NML,8,2025
2459.,B739,PKLSW,LNI,LNI865,LNI882,20/19:11,20/19:16,21/05:55,21/06:06,10:38:13,LOP,UPG,026,28,0,0,NML,8,2025
2460.,A320,PKLUF,BTK,BTK7521,BTK6589,20/21:19,20/21:23,21/05:54,21/06:03,8:31:00,HLP,CGK,012,28,1,1,NML,8,2025
2461.,A320,V8RBA,RBA,RBA795,RBA796,20/20:11,20/20:14,21/05:52,21/06:04,9:38:00,BWN,BWN,A07,28,1,1,NML,8,2025
2462.,A320,PKAXD,AWQ,AWQ325,AWQ386,20/18:57,20/19:01,21/06:04,21/06:16,11:03:00,KUL,PEN,A01,28,1,1,NML,8,2025
2463.,A320,PKBKP,BTK,BTK5000,BTK6412,21/06:11,21/06:17,21/07:07,21/07:16,0:50:00,HLP,DPS,011,28,1,1,NML,8,2025
2464.,A320,PKLAJ,BTK,BTK6588,BTK6135,20/22:27,20/22:29,21/07:05,21/07:15,8:36:00,CGK,PKN,020,28,0,0,NML,8,2025
2465.,B739,PKLSI,LNI,LNI311,LNI971,21/05:58,21/06:04,21/07:01,21/07:13,0:57:00,BDJ,BTH,016,28,1,1,NML,8,2025
2466.,B738,PKGFS,GIA,GIA855,GIA854,20/20:30,20/20:34,21/06:54,21/07:07,10:20:00,SIN,SIN,A02,28,1,1,NML,8,2025
2467.,B738,PKGFH,GIA,GIA324,GIA305,20/21:02,20/21:07,21/07:03,21/07:11,9:56:00,CGK,CGK,005,28,1,1,NML,8,2025
2468.,B739,PKLHY,LNI,LNI363,LNI646,21/06:18,21/06:24,21/07:18,21/07:27,0:54:00,BPN,LOP,015,28,1,1,NML,8,2025
2469.,A320,PKLAZ,BTK,BTK7511,BTK7510,21/06:36,21/06:42,21/07:30,21/07:42,0:48:00,HLP,HLP,008,28,1,1,NML,8,2025
2470.,B739,PKLSK,LNI,LNI693,LNI693,21/06:57,21/07:04,21/08:03,21/08:15,0:59:00,KOE,CGK,012,28,1,1,NML,8,2025
2471.,B738,PKLZV,BTK,BTK6572,BTK6573,21/07:02,21/07:10,21/07:59,21/08:08,0:49:00,CGK,CGK,007,28,1,1,NML,8,2025
2472.,B739,PKLSO,LNI,LNI929,LNI982,21/06:59,21/07:05,21/07:59,21/08:10,0:54:00,DPS,PKU,014,28,1,1,NML,8,2025
2473.,A21N,B32L0,CSN,CSN8137,CSN8138,20/21:52,20/21:59,21/07:43,21/07:58,9:44:00,CAN,CAN,A04,28,1,1,NML,8,2025
"2474.,AS65,CGSGJ,ZZZZ,CGSGJ,CGSGJ,20/07:55,20/08:00,21/08:30,21/08:35,""1 day, 0:30:00"",ZZZZ,SUB,MH,28,0,0,NML,8,2025"
2475.,A333,BHLO,CPA,CPA779,CPA780,20/17:47,20/17:50,21/08:12,21/08:28,14:22:00,HKG,HKG,A08,28,1,1,NML,8,2025
2476.,B739,PKLHQ,LNI,LNI267,LNI990,21/07:05,21/07:10,21/08:20,21/08:32,1:10:00,TRK,DPS,010,28,1,1,NML,8,2025
2477.,A320,PKSAK,SJV,SJV703,SJV640,21/07:57,21/08:02,21/08:52,21/09:07,0:50:00,DPS,AAP,011,28,1,1,NML,8,2025
2478.,B738,PKLZO,MXD,MXD352,MXD353,20/19:15,20/19:19,21/08:55,21/09:09,13:35:51,KUL,KUL,C01,28,0,0,NML,8,2025
2479.,B739,PKLFW,LNI,LNI885,LNI222,20/20:51,20/20:56,21/09:35,21/10:00,12:38:11,UPG,BDJ,17B,10,0,0,NML,8,2025
2480.,A320,PKLUP,BTK,BTK6133,BTK6391,21/07:54,21/08:00,21/08:48,21/08:59,0:48:00,LOP,CGK,009,28,1,1,NML,8,2025
2481.,B739,PKLJQ,LNI,LNI837,LNI748,21/08:45,21/08:50,21/09:32,21/10:00,0:42:00,PNK,MDC,016,10,1,1,NML,8,2025
2482.,A320,PKGQH,CTV,CTV671,CTV486,21/08:18,21/08:25,21/09:07,21/09:21,0:42:00,LOP,BDJ,007,10,1,1,NML,8,2025
2483.,B738,PKGMX,GIA,GIA304,GIA342,21/08:36,21/08:44,21/10:01,21/10:16,1:17:00,CGK,DPS,005,10,1,1,NML,8,2025
2484.,A320,PKPWK,PAS,PAS200,PAS201,21/08:40,21/08:46,21/09:23,21/09:37,0:37:00,CGK,CGK,006,10,1,1,NML,8,2025
2485.,A320,PKGLY,CTV,CTV435,CTV434,21/08:48,21/08:56,21/09:39,21/10:06,0:43:00,BPN,BPN,008,10,1,1,NML,8,2025
2486.,A320,PKSJR,SJV,SJV649,SJV618,21/09:29,21/09:34,21/10:21,21/10:31,0:47:00,BPN,BPN,010,10,1,1,NML,8,2025
2487.,B738,9MMLU,MAS,MAS871,MAS870,21/09:04,21/09:08,21/10:03,21/10:19,0:55:00,KUL,KUL,A07,10,1,1,NML,8,2025
2488.,DHC6,PKICP,PGT,PKICP,PKICP,21/09:01,21/09:03,21/09:41,21/10:02,0:38:00,PAG,PAG,028,10,0,0,NML,8,2025
2489.,A359,9VSHQ,SIA,SIA922,SIA923,21/08:56,21/08:59,21/10:05,21/10:22,1:06:00,SIN,SIN,A08,10,1,1,NML,8,2025
2490.,A320,PKBKV,BTK,BTK6584,BTK6585,21/09:35,21/09:40,21/10:31,21/10:44,0:51:00,CGK,CGK,011,10,1,1,NML,8,2025
2491.,B733,PKMYJ,MYU,MYU935,MYU815,21/09:11,21/09:16,21/10:13,21/10:23,0:57:00,SRG,CGK,C02,10,0,0,NML,8,2025
2492.,A320,PKSAA,SJV,SJV617,SJV632,20/19:23,20/19:29,21/10:15,21/10:27,14:45:04,BPN,BDJ,024,10,0,0,NML,8,2025
2493.,A320,PKGQF,CTV,CTV351,CTV350,21/09:26,21/09:29,21/10:16,21/10:34,0:47:00,UPG,UPG,007,10,1,1,NML,8,2025
2494.,B739,PKLSW,LNI,LNI791,LNI706,21/10:04,21/10:07,21/11:12,21/11:24,1:05:00,UPG,UPG,012,10,1,1,NML,8,2025
2495.,A320,PKGQG,CTV,CTV461,CTV715,21/09:38,21/09:42,21/10:26,21/10:36,0:44:00,AAP,CGK,006,10,1,1,NML,8,2025
2496.,B738,PKGFF,GIA,GIA3220,GIA3080,21/07:49,21/08:53,21/10:55,21/11:03,2:58:00,CGK,BDJ,BO,10,0,1,NML,8,2025
2497.,A20N,9VTNG,TGW,TGW296,TGW297,21/10:07,21/10:12,21/11:16,21/11:28,1:04:00,SIN,SIN,A02,10,1,1,NML,8,2025
2498.,A320,PKPWA,PAS,PAS210,PAS211,21/10:01,21/10:04,21/10:48,21/10:59,0:44:00,CGK,CGK,004,10,1,1,NML,8,2025
2499.,B739,PKLHY,LNI,LNI645,LNI822,21/10:20,21/10:25,21/11:08,21/11:20,0:43:00,LOP,LOP,009,10,1,1,NML,8,2025
2500.,A320,PKBKY,BTK,BTK7513,BTK6346,21/10:50,21/10:55,21/11:52,21/12:13,0:57:00,HLP,BEJ,007,10,1,1,NML,8,2025
2501.,A320,PKLAJ,BTK,BTK6134,BTK7516,21/10:11,21/10:14,21/11:45,21/11:57,1:31:00,PKN,HLP,008,10,1,1,NML,8,2025
2502.,B739,PKLGU,LNI,LNI261,LNI697,20/19:21,20/19:25,21/11:33,21/11:45,16:08:00,BPN,CGK,025,10,0,0,NML,8,2025
2503.,A320,PKAZI,AWQ,AWQ321,AWQ322,21/11:34,21/11:38,21/12:20,21/12:28,0:42:00,KUL,KUL,A01,10,1,1,NML,8,2025
2504.,A320,PKLAZ,BTK,BTK7517,BTK7520,21/10:56,21/10:59,21/11:48,21/12:04,0:49:00,HLP,HLP,011,10,1,1,NML,8,2025
2505.,B738,PKGMP,GIA,GIA322,GIA327,21/11:49,21/11:52,21/13:14,21/13:24,1:22:40,CGK,CGK,004,10,1,1,NML,8,2025
2506.,B738MAX,9MLRU,MXD,MXD350,MXD351,21/11:00,21/11:05,21/11:51,21/12:08,0:46:00,KUL,KUL,A03,10,1,1,NML,8,2025
2507.,B735,PKNAQ,LKN,LKN671,LKN670,21/11:11,21/11:14,21/11:52,21/12:02,0:38:00,TIM,TMC,010,10,1,1,NML,8,2025
2508.,B739,PKLHQ,LNI,LNI805,LNI804,21/11:18,21/11:21,21/12:08,21/12:19,0:47:00,DPS,DPS,014,10,1,1,NML,8,2025
2509.,A320,PKBLC,BTK,BTK6582,BTK6581,21/11:43,21/11:46,21/12:40,21/12:51,0:54:00,CGK,CGK,009,10,1,1,NML,8,2025
2510.,A320,PKSJV,SJV,SJV7002,SJV636,21/11:59,21/12:03,21/12:56,21/13:04,0:53:00,LOP,BDJ,015,10,1,1,NML,8,2025
2511.,B739,PKLSV,LNI,LNI694,LNI694,21/12:15,21/12:18,21/13:15,21/13:31,0:57:56,CGK,KOE,012,10,1,1,NML,8,2025
2512.,B739,PKLFW,LNI,LNI223,LNI680,21/13:33,21/13:37,21/15:04,21/15:18,1:27:00,BDJ,PKY,015,10,1,1,NML,8,2025
2513.,A320,PKBKR,BTK,BTK6596,BTK6595,21/12:41,21/12:44,21/13:39,21/13:50,0:55:22,CGK,CGK,010,10,1,1,NML,8,2025
2514.,A320,PKPWC,PAS,PAS204,PAS205,21/12:11,21/12:13,21/13:15,21/13:26,1:02:00,CGK,CGK,005,10,1,1,NML,8,2025
2515.,A320,PKAXD,AWQ,AWQ387,AWQ324,21/12:35,21/12:40,21/13:19,21/13:35,0:39:00,PEN,KUL,A04,10,1,1,NML,8,2025
2516.,A320,PKSAK,SJV,SJV641,SJV642,21/12:47,21/12:51,21/13:35,21/13:46,0:44:00,AAP,AAP,014,10,1,1,NML,8,2025
2517.,A320,PKGQH,CTV,CTV487,CTV668,21/12:05,21/12:08,21/13:31,21/13:42,1:23:00,BDJ,DPS,006,10,1,1,NML,8,2025
2518.,B739,PKLHY,LNI,LNI823,LNI260,21/14:03,21/14:06,21/15:00,21/15:16,0:54:00,LOP,BPN,014,10,1,1,NML,8,2025
2519.,A320,PKSAA,SJV,SJV633,SJV726,21/13:44,21/13:47,21/14:51,21/14:59,1:04:00,BDJ,LBJ,009,10,1,1,NML,8,2025
2520.,A320,PKGQQ,CTV,CTV716,CTV717,21/13:28,21/13:33,21/14:08,21/14:18,0:35:00,CGK,CGK,007,10,1,1,NML,8,2025
2521.,B738,PKLOR,LNI,LNI839,LNI836,21/13:37,21/13:40,21/14:46,21/14:57,1:06:00,PNK,PNK,016,10,1,1,NML,8,2025
2522.,B739,PKLJG,LNI,LNI787,LNI910,21/13:59,21/14:02,21/14:55,21/15:05,0:53:00,UPG,DPS,011,10,1,1,NML,8,2025
2523.,A320,PKGLY,CTV,CTV431,CTV948,21/13:47,21/13:51,21/14:34,21/14:47,0:43:00,BPN,BTH,006,10,1,1,NML,8,2025
2524.,B738,PKGNA,GIA,GIA312,GIA331,21/14:21,21/14:25,21/15:32,21/15:45,1:07:00,CGK,HLP,005,10,1,1,NML,8,2025
2525.,B739,PKLSO,LNI,LNI983,LNI642,21/13:53,21/13:56,21/15:11,21/15:24,1:15:00,PKU,LOP,017,10,1,1,NML,8,2025
2526.,B738,PKGNN,GIA,GIA330,GIA317,21/14:10,21/14:14,21/15:28,21/15:43,1:13:59,HLP,CGK,004,10,1,1,NML,8,2025
2527.,A320,PKLAO,BTK,BTK7501,BTK7512,21/15:33,21/15:36,21/16:23,21/16:35,0:47:00,HLP,HLP,009,10,1,1,NML,8,2025
2528.,A320,PKLAZ,BTK,BTK7515,BTK7514,21/15:13,21/15:18,21/16:27,21/16:38,1:09:54,HLP,HLP,008,10,1,1,NML,8,2025
2529.,B738,9MMXD,MAS,MAS873,MAS872,21/14:45,21/14:52,21/15:50,21/16:01,0:58:25,KUL,KUL,A01,10,1,1,NML,8,2025
2530.,B738MAX,9VMBQ,SIA,SIA926,SIA927,21/15:43,21/15:49,21/16:44,21/16:56,0:55:37,SIN,SIN,A02,10,1,1,NML,8,2025
2531.,A320,PKSJV,SJV,SJV637,SJV648,21/15:55,21/15:59,21/16:55,21/17:08,0:56:00,BDJ,BPN,011,10,1,1,NML,8,2025
2532.,B738,PKGNE,GIA,GIA310,GIA315,21/16:58,21/17:03,21/18:05,21/18:25,1:02:00,CGK,CGK,004,10,1,1,NML,8,2025
2533.,B739,PKLHQ,LNI,LNI919,LNI268,21/14:52,21/14:56,21/16:48,21/17:00,1:52:02,DPS,TRK,016,10,1,1,NML,8,2025
2534.,A320,PKPWJ,PAS,PAS206,PAS623,21/15:40,21/15:44,21/16:37,21/16:47,0:53:02,CGK,BPN,005,10,1,1,NML,8,2025
2535.,B739,PKLFO,LNI,LNI692,LNI692,21/17:48,21/17:50,21/18:32,21/18:43,0:42:00,CGK,KOE,014,10,1,1,NML,8,2025
2536.,A339,PKLER,LNI,LNI105,LNI100,21/12:03,21/12:07,21/16:47,21/17:02,4:40:20,JED,JED,A05,10,1,1,NML,8,2025
2537.,B739,PKLSI,LNI,LNI972,LNI226,21/17:14,21/17:17,21/18:05,21/18:23,0:48:00,BTH,BDJ,017,10,1,1,NML,8,2025
2538.,A320,PKBKG,BTK,BTK6578,BTK7579,21/18:18,21/18:21,21/19:12,21/19:23,0:51:00,CGK,CGK,008,10,1,1,NML,8,2025
2539.,A320,PKBKY,BTK,BTK6347,BTK6401,21/16:27,21/16:31,21/18:38,21/18:53,2:07:00,BEJ,CGK,010,10,1,1,NML,8,2025
2540.,A320,PKGQG,CTV,CTV669,CTV698,21/16:32,21/16:35,21/17:22,21/17:35,0:47:00,DPS,DPS,006,10,1,1,NML,8,2025
2541.,B738,PKLJQ,LNI,LNI749,LNI838,21/16:02,21/16:06,21/18:29,21/18:39,2:23:00,MDC,PNK,018,10,0,0,NML,8,2025
2542.,A320,PKAZI,AWQ,AWQ323,AWQ326,21/18:03,21/18:08,21/18:37,21/18:45,0:29:00,KUL,KUL,A03,10,1,1,NML,8,2025
2543.,A320,PKGQI,CTV,CTV736,CTV352,21/17:06,21/17:11,21/17:58,21/18:22,0:47:00,CGK,UPG,007,10,1,1,NML,8,2025
2544.,B739,PKLJG,LNI,LNI923,LNI920,21/17:37,21/17:39,21/19:12,21/19:25,1:33:00,DPS,DPS,012,10,1,1,NML,8,2025
2545.,A320,PKPWG,PAS,PAS622,PAS207,21/17:10,21/17:13,21/18:12,21/18:28,0:59:00,BPN,CGK,005,10,1,1,NML,8,2025
2546.,B738,PKGMX,GIA,GIA349,GIA313,21/17:57,21/18:02,21/19:07,21/19:20,1:04:59,DPS,CGK,007,10,1,1,NML,8,2025
2547.,A320,PKSAK,SJV,SJV643,SJV716,21/17:17,21/17:20,21/19:29,21/19:43,2:08:08,AAP,LOP,025,10,0,0,NML,8,2025
2548.,A320,PKLAJ,BTK,BTK7503,BTK7502,21/18:44,21/18:47,21/19:31,21/19:44,0:44:25,HLP,HLP,010,10,1,1,NML,8,2025
2549.,A320,PKLUP,BTK,BTK7519,BTK7518,21/18:14,21/18:19,21/19:16,21/19:27,0:57:37,HLP,CGK,009,10,1,1,NML,8,2025
2550.,B738,PKGFP,GIA,GIA320,GIA325,21/17:33,21/17:37,21/18:53,21/19:06,1:16:00,CGK,CGK,006,10,1,1,NML,8,2025
2551.,A320,PKGQA,CTV,CTV172,CTV173,21/18:10,21/18:13,21/18:58,21/19:09,0:45:00,HLP,HLP,004,10,1,1,NML,8,2025
2552.,B738MAX,9VMBN,SIA,SIA928,SIA929,21/18:20,21/18:25,21/19:19,21/19:33,0:54:53,SIN,SIN,A02,10,1,1,NML,8,2025
2553.,A320,PKGQL,CTV,CTV949,CTV494,21/18:41,21/18:46,21/19:17,21/19:31,0:31:14,BTH,BDJ,005,10,1,1,NML,8,2025
2554.,A320,PKLUJ,BTK,BTK6576,BTK6575,21/20:10,21/20:14,21/21:09,21/21:21,0:55:00,CGK,CGK,011,10,1,1,NML,8,2025
2555.,A339,PKGHI,GIA,GIA975,GIA972,21/13:39,21/13:45,21/19:44,21/20:00,5:59:00,JED,MED,A08,10,1,1,NML,8,2025
2556.,B738,PKCRH,SJY,SJY567,SJY562,21/18:50,21/18:53,21/19:43,21/19:58,0:50:03,UPG,UPG,011,10,1,1,NML,8,2025
2557.,B738MAX,PKGDC,GIA,GIA326,GIA319,21/19:40,21/19:43,21/20:35,21/20:52,0:51:16,CGK,CGK,004,10,1,1,NML,8,2025
2558.,C208,PKAKR,ZZZZ,PKAKR,PKAKR,21/20:49,21/20:53,21/21:26,21/21:35,0:33:00,CGK,UPG,C06,28,0,0,NML,8,2025
2559.,A320,PKGQG,CTV,CTV699,CTV737,21/20:07,21/20:10,21/20:52,21/21:03,0:42:00,DPS,CGK,007,10,1,1,NML,8,2025
2560.,B739,PKLSP,LNI,LNI697,LNI880,21/10:42,21/10:47,21/21:24,21/21:32,10:37:00,KOE,UPG,026,28,0,0,NML,8,2025
2561.,A320,PKLUU,BTK,BTK6137,BTK6136,21/20:04,21/20:07,21/22:04,21/22:14,1:57:00,UPG,UPG,010,28,1,1,NML,8,2025
2562.,B739,PKLSV,LNI,LNI695,LNI878,21/17:54,21/17:59,22/04:59,22/05:10,10:59:15,KOE,AMQ,024,28,0,0,NML,8,2025
2563.,A320,PKSAA,SJV,SJV725,SJV610,21/18:26,21/18:30,22/05:02,22/05:14,10:32:00,LBJ,BPN,15A,28,0,0,NML,8,2025
2564.,A320,PKAXD,AWQ,AWQ325,AWQ320,21/19:04,21/19:10,22/05:00,22/05:12,9:50:00,KUL,KUL,A01,28,1,1,NML,8,2025
2565.,A320,PKGLG,CTV,CTV724,CTV430,21/19:56,21/20:00,22/04:54,22/05:07,8:54:00,CGK,BPN,006,28,1,1,NML,8,2025
2566.,A320,PKSJR,SJV,SJV615,SJV706,21/20:35,21/20:38,22/05:12,22/05:23,8:34:00,BPN,DPS,17A,28,0,0,NML,8,2025
2567.,B738,PKGUH,GIA,GIA328,GIA301,21/20:15,21/20:19,22/05:07,22/05:17,8:48:00,CGK,CGK,005,28,1,1,NML,8,2025
2568.,A320,PKBKR,BTK,BTK6406,BTK6132,21/17:29,21/17:33,22/05:12,22/05:26,11:38:00,CGK,LOP,023,28,0,0,NML,8,2025
2569.,A320,PKLAQ,BTK,BTK7521,BTK7508,21/22:04,21/22:10,22/05:20,22/05:30,7:10:00,HLP,HLP,014,28,1,1,NML,8,2025
2570.,A320,PKLUF,BTK,BTK6588,BTK6589,21/22:47,21/22:51,22/05:34,22/05:43,6:43:00,CGK,CGK,016,28,1,1,NML,8,2025
2571.,B739,PKLGU,LNI,LNI690,LNI690,22/05:04,22/05:10,22/05:58,22/06:12,0:48:00,CGK,KOE,010,28,1,1,NML,8,2025
2572.,A320,PKGQI,CTV,CTV353,CTV460,21/21:41,21/21:49,22/05:42,22/05:51,7:53:00,UPG,AAP,007,28,1,1,NML,8,2025
2573.,A320,PKGQP,CTV,CTV726,CTV670,21/20:31,21/20:35,22/05:46,22/05:54,9:11:00,CGK,LOP,008,28,1,1,NML,8,2025
2574.,B739,PKLFW,LNI,LNI681,LNI882,21/18:00,21/18:05,22/06:03,22/06:14,11:58:00,PKY,UPG,021,28,0,0,NML,8,2025
2575.,B738,PKLOJ,LNI,LNI261,LNI868,21/14:14,21/14:20,22/05:56,22/06:10,15:36:00,BPN,TTE,020,28,0,0,NML,8,2025
2576.,A320,PKSJQ,SJV,SJV619,SJV640,21/19:36,21/19:40,22/06:03,22/06:16,10:22:18,BPN,AAP,15B,28,0,0,NML,8,2025
2577.,A320,V8RBE,RBA,RBA795,RBA796,21/20:12,21/20:18,22/05:51,22/06:05,9:33:00,BWN,BWN,A04,28,1,1,NML,8,2025
2578.,A320,PKBKT,BTK,BTK6413,BTK6412,21/20:26,21/20:29,22/06:30,22/06:40,10:01:00,DPS,DPS,025,28,0,0,NML,8,2025
2579.,A320,PKBKV,BTK,BTK6572,BTK6573,22/05:58,22/06:05,22/07:01,22/07:16,0:56:00,CGK,CGK,009,28,1,1,NML,8,2025
2580.,A320,PKSAK,SJV,SJV717,SJV566,22/06:08,22/06:16,22/07:06,22/07:19,0:50:00,LOP,PLW,010,28,1,1,NML,8,2025
2581.,A320,PKLAL,BTK,BTK6594,BTK6135,21/22:11,21/22:18,22/06:57,22/07:07,8:39:00,CGK,PKN,012,28,1,1,NML,8,2025
"2582.,C208,PKVVF,SUS,PKVVF,PKVVF,20/11:20,20/11:23,22/08:08,22/08:18,""1 day, 20:45:00"",BXW,BXW,C07,28,0,0,NML,8,2025"
2583.,B739,PKLSI,LNI,LNI311,LNI971,22/06:03,22/06:10,22/07:00,22/07:14,0:50:00,BDJ,BTH,014,28,1,1,NML,8,2025
2584.,B738,PKGFX,GIA,GIA324,GIA305,21/21:24,21/21:28,22/06:52,22/07:10,9:24:00,CGK,CGK,004,28,1,1,NML,8,2025
2585.,B738,PKGFS,GIA,GIA855,GIA854,21/20:22,21/20:28,22/06:59,22/07:17,10:31:00,SIN,SIN,A02,28,1,1,NML,8,2025
2586.,B739,PKLSH,LNI,LNI363,LNI646,22/06:20,22/06:25,22/07:13,22/07:21,0:48:00,BPN,LOP,016,28,1,1,NML,8,2025
2587.,A320,PKGQG,CTV,CTV170,CTV175,22/06:29,22/06:33,22/07:13,22/07:23,0:40:00,HLP,CGK,007,28,1,1,NML,8,2025
2588.,A320,PKLUK,BTK,BTK7511,BTK7510,22/06:38,22/06:45,22/07:33,22/07:36,0:48:00,HLP,HLP,008,28,1,1,NML,8,2025
2589.,A320,PKAZI,AWQ,AWQ327,AWQ392,22/00:13,22/00:16,22/07:22,22/07:33,7:06:00,KUL,JHB,A03,28,1,1,NML,8,2025
2590.,B739,PKLFO,LNI,LNI693,LNI693,22/06:45,22/06:50,22/07:37,22/07:57,0:47:00,KOE,CGK,015,28,1,1,NML,8,2025
2591.,B739,PKLHH,LNI,LNI929,LNI682,22/07:08,22/07:13,22/08:05,22/08:21,0:52:00,DPS,PKY,014,28,1,1,NML,8,2025
2592.,CL600,PKKAS,CEO,CEO31,CEO31,22/06:46,22/06:52,22/08:24,22/08:34,1:32:00,HLP,HLP,A09,28,0,0,NML,8,2025
2593.,A333,BLBE,CPA,CPA779,CPA780,21/17:44,21/17:50,22/08:17,22/08:50,14:27:00,HKG,HKG,A07,28,1,1,NML,8,2025
2594.,B739,PKLHQ,LNI,LNI267,LNI990,22/07:04,22/07:09,22/08:19,22/08:46,1:10:00,TRK,DPS,012,28,1,1,NML,8,2025
2595.,A320,PKSJR,SJV,SJV703,SJV634,22/08:13,22/08:17,22/09:02,22/09:14,0:45:00,DPS,BDJ,016,28,1,1,NML,8,2025
"2596.,AW139,PKTVN,TVR,PKTVN,PKTVN,20/09:33,20/20:39,22/08:46,22/08:56,""1 day, 12:07:00"",MBH,MBH,H02,28,0,0,NML,8,2025"
2597.,B738,PKGUE,GIA,GIA314,GIA323,22/07:12,22/07:19,22/08:22,22/08:48,1:03:00,CGK,CGK,005,28,1,1,NML,8,2025
2598.,B739,PKLSO,LNI,LNI865,LNI222,21/17:51,21/17:56,22/08:48,22/09:03,14:51:25,LOP,BDJ,022,28,0,0,NML,8,2025
2599.,A320,PKBKR,BTK,BTK6133,BTK6391,22/08:07,22/08:13,22/09:14,22/09:31,1:01:00,LOP,CGK,008,10,1,1,NML,8,2025
2600.,B738,PKLJQ,LNI,LNI837,LNI856,22/08:02,22/08:09,22/09:06,22/09:17,0:57:00,PNK,PLM,010,10,1,1,NML,8,2025
2601.,AS65,CGSGJ,ZZZZ,CGSGJ,CGSGJ,21/11:13,21/11:16,22/08:50,22/09:00,21:34:00,SUB,ZZZZ,MH,28,0,0,NML,8,2025
2602.,B739,PKLQR,LNI,LNI707,LNI748,21/16:18,21/22:57,22/09:07,22/09:22,16:43:00,UPG,MDC,018,10,0,1,NML,8,2025
2603.,C208,PKVVF,SUS,PKVVF,PKVVF,22/10:03,22/10:08,22/10:47,22/10:57,0:39:00,BXW,BXW,C07,10,0,0,NML,8,2025
2604.,A320,PKGQP,CTV,CTV671,CTV486,22/08:18,22/08:24,22/09:07,22/09:26,0:43:00,LOP,BDJ,007,10,1,1,NML,8,2025
2605.,B738,PKGFI,GIA,GIA304,GIA342,22/08:23,22/08:30,22/09:21,22/09:46,0:51:00,CGK,DPS,004,10,1,1,NML,8,2025
2606.,A320,PKPWK,PAS,PAS200,PAS201,22/08:27,22/08:34,22/09:16,22/09:44,0:42:00,CGK,CGK,006,10,1,1,NML,8,2025
2607.,E135,T7JCI,AFS,T7JCI,T7JCI,22/08:58,22/09:03,22/09:27,22/09:37,0:24:00,CGK,CGK,003,10,0,0,NML,8,2025
2608.,A320,PKGLG,CTV,CTV435,CTV434,22/08:51,22/08:58,22/09:33,22/09:59,0:35:00,BPN,BPN,009,10,1,1,NML,8,2025
2609.,B738,9MMXG,MAS,MAS871,MAS870,22/09:15,22/09:22,22/10:10,22/10:23,0:48:00,KUL,KUL,A07,10,1,1,NML,8,2025
2610.,B735,PKNAT,LKN,LKN243,LKN242,22/09:23,22/09:26,22/10:06,22/10:17,0:40:00,SMQ,SMQ,010,10,1,1,NML,8,2025
2611.,A359,9VSHO,SIA,SIA922,SIA923,22/09:12,22/09:18,22/10:18,22/10:37,1:00:00,SIN,SIN,A08,10,1,1,NML,8,2025
2612.,A320,PKGLE,CTV,CTV351,CTV350,22/09:28,22/09:31,22/10:23,22/10:43,0:52:00,UPG,UPG,007,10,1,1,NML,8,2025
2613.,A320,PKSAA,SJV,SJV611,SJV632,22/09:00,22/09:05,22/10:18,22/10:29,1:13:00,BPN,BDJ,012,10,1,1,NML,8,2025
2614.,A320,PKGQI,CTV,CTV461,CTV715,22/09:32,22/09:35,22/10:30,22/10:47,0:55:00,AAP,CGK,006,10,1,1,NML,8,2025
2615.,B739,PKLSH,LNI,LNI645,LNI822,22/09:59,22/10:01,22/10:47,22/10:58,0:46:00,LOP,LOP,009,10,1,1,NML,8,2025
2616.,A20N,9VTNG,TGW,TGW296,TGW297,22/09:50,22/09:55,22/10:52,22/11:05,0:57:00,SIN,SIN,A02,10,1,1,NML,8,2025
2617.,B739,PKLFW,LNI,LNI791,LNI262,22/09:42,22/09:46,22/10:34,22/10:50,0:48:00,UPG,BPN,014,10,1,1,NML,8,2025
2618.,A320,PKPWL,PAS,PAS210,PAS211,22/09:39,22/09:41,22/10:34,22/10:52,0:53:00,CGK,CGK,005,10,1,1,NML,8,2025
2619.,B738,PKLZO,MXD,MXD352,MXD353,21/21:11,21/21:16,22/10:52,22/11:01,13:36:00,KUL,KUL,C01,10,0,0,NML,8,2025
2620.,A320,PKLUZ,BTK,BTK7513,BTK7516,22/10:30,22/10:34,22/11:25,22/11:39,0:51:00,HLP,HLP,008,10,1,1,NML,8,2025
2621.,A320,PKLAL,BTK,BTK6134,BTK6585,22/09:48,22/09:51,22/11:44,22/11:59,1:53:00,PKN,CGK,017,10,1,1,NML,8,2025
2622.,B739,PKLGU,LNI,LNI697,LNI697,22/10:25,22/10:30,22/11:23,22/11:36,0:53:00,KOE,CGK,015,10,1,1,NML,8,2025
2623.,A320,PKAXD,AWQ,AWQ321,AWQ322,22/10:48,22/10:54,22/11:32,22/11:42,0:38:00,KUL,KUL,A03,10,1,1,NML,8,2025
2624.,A320,PKBKV,BTK,BTK6584,BTK6595,22/11:11,22/11:15,22/12:09,22/12:18,0:54:00,CGK,CGK,010,10,1,1,NML,8,2025
2625.,B738,PKGFD,GIA,GIA322,GIA327,22/10:35,22/10:39,22/11:38,22/11:51,0:59:00,CGK,CGK,004,10,1,1,NML,8,2025
2626.,A320,PKLUK,BTK,BTK7517,BTK7520,22/10:39,22/10:45,22/11:35,22/11:47,0:50:00,HLP,HLP,007,10,1,1,NML,8,2025
2627.,B739,PKLHQ,LNI,LNI805,LNI804,22/11:18,22/11:21,22/12:39,22/12:48,1:18:00,DPS,DPS,016,10,1,1,NML,8,2025
2628.,A320,PKSAK,SJV,SJV567,SJV636,22/11:34,22/11:38,22/12:24,22/12:34,0:46:00,PLW,BDJ,009,10,1,1,NML,8,2025
2629.,A320,PKSJR,SJV,SJV635,SJV612,22/12:07,22/12:12,22/13:09,22/13:22,0:57:00,BDJ,BPN,008,10,1,1,NML,8,2025
2630.,A320,PKBLD,BTK,BTK6582,BTK6581,22/11:26,22/11:30,22/12:34,22/12:43,1:04:00,CGK,CGK,012,10,1,1,NML,8,2025
2631.,B735,PKNAU,LKN,LKN193,LKN192,22/11:29,22/11:33,22/12:18,22/12:29,0:45:00,PKN,PKN,014,10,1,1,NML,8,2025
2632.,B739,PKLSO,LNI,LNI223,LNI780,22/11:57,22/12:00,22/12:50,22/12:59,0:50:00,BDJ,UPG,015,10,1,1,NML,8,2025
2633.,B739,PKLSU,LNI,LNI801,LNI706,22/11:40,22/11:44,22/12:50,22/12:57,1:06:00,UPG,UPG,018,10,0,0,NML,8,2025
2634.,B739,PKLHP,LNI,LNI694,LNI694,22/11:54,22/11:58,22/13:09,22/13:21,1:11:00,CGK,KOE,017,10,1,1,NML,8,2025
2635.,B738,PKLOJ,LNI,LNI869,LNI722,22/12:12,22/12:16,22/13:18,22/13:38,1:02:00,TTE,KDI,020,10,0,0,NML,8,2025
2636.,A320,PKPWI,PAS,PAS204,PAS205,22/12:04,22/12:06,22/13:14,22/13:29,1:08:00,CGK,CGK,005,10,1,1,NML,8,2025
2637.,A320,PKAZI,AWQ,AWQ393,AWQ324,22/12:15,22/12:20,22/13:18,22/13:35,0:58:00,JHB,KUL,A03,10,1,1,NML,8,2025
2638.,A320,PKGQP,CTV,CTV487,CTV668,22/12:04,22/12:04,22/13:31,22/13:42,1:27:00,BDJ,DPS,007,10,1,1,NML,8,2025
2639.,B738,PKLOR,LNI,LNI839,LNI886,22/13:36,22/13:39,22/14:39,22/14:50,1:00:00,PNK,UPG,012,10,1,1,NML,8,2025
2640.,A320,PKGQE,CTV,CTV716,CTV717,22/12:53,22/12:56,22/14:08,22/14:18,1:12:00,CGK,CGK,006,10,1,1,NML,8,2025
2641.,B738,PKLJQ,LNI,LNI857,LNI836,22/13:25,22/13:30,22/14:34,22/14:45,1:04:00,PLM,PNK,014,10,1,1,NML,8,2025
2642.,A320,PKSAA,SJV,SJV633,SJV726,22/13:31,22/13:34,22/14:33,22/14:42,0:59:00,BDJ,LBJ,009,10,1,1,NML,8,2025
2643.,B739,PKLSH,LNI,LNI823,LNI910,22/14:34,22/14:39,22/15:39,22/15:52,1:00:00,LOP,DPS,016,10,1,1,NML,8,2025
2644.,A320,PKGLG,CTV,CTV431,CTV948,22/13:33,22/13:37,22/14:23,22/14:36,0:46:00,BPN,BTH,007,10,1,1,NML,8,2025
2645.,B738,PKGUI,GIA,GIA312,GIA317,22/13:40,22/13:44,22/14:45,22/14:55,1:01:00,CGK,CGK,004,10,1,1,NML,8,2025
2646.,A320,PKLAQ,BTK,BTK7515,BTK7514,22/13:44,22/13:46,22/14:36,22/14:47,0:50:00,HLP,HLP,008,10,1,1,NML,8,2025
2647.,B738,PKGNG,GIA,GIA330,GIA331,22/14:25,22/14:32,22/15:27,22/15:44,0:55:00,HLP,HLP,005,10,1,1,NML,8,2025
2648.,B739,PKLQR,LNI,LNI749,LNI642,22/15:10,22/15:13,22/16:02,22/16:12,0:49:00,MDC,LOP,015,10,1,1,NML,8,2025
2649.,A320,PKLUK,BTK,BTK7501,BTK7512,22/15:02,22/15:06,22/15:58,22/16:09,0:52:00,HLP,HLP,009,10,1,1,NML,8,2025
2650.,A320,PKLUR,BTK,BTK5001,BTK6401,22/09:54,22/09:58,22/15:50,22/15:58,5:52:00,LOP,CGK,022,10,0,0,NML,8,2025
2651.,A320,PKSJQ,SJV,SJV643,SJV672,22/15:16,22/15:20,22/16:16,22/16:27,0:56:00,AAP,BEJ,014,10,1,1,NML,8,2025
2652.,B738,HSLGK,TLM,TLM268,TLM269,22/15:31,22/15:36,22/16:34,22/16:43,0:58:00,DMK,DMK,A04,10,1,1,NML,8,2025
2653.,B738MAX,9VMBR,SIA,SIA926,SIA927,22/15:35,22/15:40,22/16:25,22/16:36,0:45:00,SIN,SIN,A08,10,1,1,NML,8,2025
2654.,B738,PKGUF,GIA,GIA310,GIA315,22/15:28,22/15:32,22/16:32,22/16:53,1:00:00,CGK,CGK,004,10,1,1,NML,8,2025
2655.,A320,PKPWO,PAS,PAS206,PAS623,22/15:50,22/15:52,22/16:39,22/16:55,0:47:00,CGK,BPN,005,10,1,1,NML,8,2025
2656.,B739,PKLFY,LNI,LNI692,LNI692,22/16:18,22/16:24,22/17:12,22/17:22,0:48:00,CGK,KOE,016,10,1,1,NML,8,2025
2657.,B739,PKLSI,LNI,LNI972,LNI226,22/17:10,22/17:14,22/18:08,22/18:20,0:54:00,BTH,BDJ,010,10,1,1,NML,8,2025
2658.,A320,PKBKY,BTK,BTK6578,BTK7579,22/16:38,22/16:42,22/17:35,22/17:46,0:53:00,CGK,CGK,009,10,1,1,NML,8,2025
2659.,A320,PKGQI,CTV,CTV669,CTV698,22/16:31,22/16:34,22/17:23,22/17:34,0:48:23,DPS,DPS,006,10,1,1,NML,8,2025
2660.,B738,PKLOJ,LNI,LNI727,LNI838,22/17:31,22/17:34,22/18:19,22/18:30,0:45:00,KDI,PNK,014,10,1,1,NML,8,2025
2661.,A320,PKAXD,AWQ,AWQ323,AWQ326,22/17:05,22/17:10,22/17:39,22/17:48,0:29:00,KUL,KUL,A03,10,1,1,NML,8,2025
2662.,B739,PKLHP,LNI,LNI695,LNI920,22/17:36,22/17:41,22/18:40,22/18:54,0:59:00,KOE,DPS,016,10,1,1,NML,8,2025
2663.,B739,PKLHI,LNI,LNI919,LNI581,22/16:59,22/17:03,22/18:51,22/19:06,1:48:00,DPS,CGK,17A,10,0,0,NML,8,2025
2664.,B738MAX,9MMVG,MAS,MAS875,MAS874,22/17:14,22/17:19,22/18:03,22/18:13,0:44:00,KUL,KUL,A02,10,1,1,NML,8,2025
2665.,A320,PKPWC,PAS,PAS622,PAS207,22/17:19,22/17:23,22/18:13,22/18:25,0:50:00,BPN,CGK,007,10,1,1,NML,8,2025
2666.,A320,PKSAK,SJV,SJV637,SJV648,22/15:07,22/15:10,22/18:32,22/18:44,3:22:00,BDJ,BPN,012,10,1,1,NML,8,2025
2667.,A320,PKBKP,BTK,BTK7519,BTK7518,22/18:22,22/18:26,22/19:26,22/19:36,1:00:00,HLP,CGK,15A,10,0,0,NML,8,2025
2668.,B738,PKGFI,GIA,GIA349,GIA313,22/17:26,22/17:31,22/18:30,22/18:42,0:59:00,DPS,CGK,004,10,1,1,NML,8,2025
2669.,A320,PKSAA,SJV,SJV725,SJV716,22/18:11,22/18:15,22/19:02,22/19:15,0:47:00,LBJ,LOP,17B,10,0,0,NML,8,2025
2670.,A320,PKBKR,BTK,BTK6406,BTK7502,22/19:01,22/19:05,22/20:11,22/20:24,1:06:00,CGK,HLP,008,10,1,1,NML,8,2025
2671.,B738,PKGNQ,GIA,GIA320,GIA325,22/17:43,22/17:47,22/18:59,22/19:13,1:12:00,CGK,CGK,005,10,1,1,NML,8,2025
2672.,B738MAX,9VMBL,SIA,SIA928,SIA929,22/18:18,22/18:24,22/19:17,22/19:31,0:53:00,SIN,SIN,A06,10,1,1,NML,8,2025
2673.,A320,PKLUZ,BTK,BTK7503,BTK6575,22/18:32,22/18:37,22/20:02,22/20:14,1:25:00,HLP,CGK,15B,10,0,0,NML,8,2025
2674.,A320,PKGQH,CTV,CTV736,CTV352,22/18:06,22/18:10,22/19:06,22/19:24,0:56:00,CGK,UPG,006,10,1,1,NML,8,2025
2675.,B788,9VOFA,TGW,TGW266,TGW267,22/18:36,22/18:42,22/19:46,22/20:01,1:04:00,SIN,SIN,A07,10,1,1,NML,8,2025
2676.,B738,PKCRH,SJY,SJY567,SJY562,22/18:49,22/18:52,22/19:35,22/19:46,0:43:00,UPG,UPG,010,10,1,1,NML,8,2025
2677.,B738MAX,PKGDC,GIA,GIA326,GIA319,22/19:34,22/19:38,22/20:31,22/20:42,0:53:00,CGK,CGK,004,10,1,1,NML,8,2025
2678.,A320,PKGQI,CTV,CTV699,CTV737,22/20:12,22/20:15,22/20:57,22/21:11,0:42:00,DPS,CGK,006,10,1,1,NML,8,2025
2679.,B739,PKLQR,LNI,LNI865,LNI880,22/18:56,22/19:00,22/21:34,22/21:44,2:34:00,LOP,UPG,016,10,1,1,NML,8,2025
2680.,A320,PKLUU,BTK,BTK6137,BTK6136,22/20:58,22/21:03,22/21:51,22/22:02,0:48:00,UPG,UPG,010,10,1,1,NML,8,2025
2681.,A339,PKGHI,GIA,GIA973,GIA974,22/21:16,22/21:24,23/02:45,23/03:01,5:21:00,MED,JED,A07,28,1,1,NML,8,2025
2682.,A320,PKLUJ,BTK,BTK6594,BTK7508,22/21:59,22/22:03,23/04:56,23/05:08,6:53:00,CGK,HLP,014,10,1,1,NML,8,2025
2683.,A320,PKAZI,AWQ,AWQ325,AWQ320,22/19:10,22/19:15,23/05:00,23/05:10,9:45:00,KUL,KUL,A01,10,1,1,NML,8,2025
2684.,A320,PKSAL,SJV,SJV619,SJV610,22/18:02,22/18:08,23/05:03,23/05:12,10:55:00,BPN,BPN,025,10,0,0,NML,8,2025
2685.,B739,PKLHH,LNI,LNI683,LNI786,22/15:24,22/15:28,23/05:06,23/05:14,13:38:00,PKY,UPG,021,10,0,0,NML,8,2025
2686.,A320,PKGQO,CTV,CTV949,CTV430,22/19:03,22/19:08,23/05:06,23/05:19,9:58:00,BTH,BPN,007,10,1,1,NML,8,2025
2687.,B738,PKGUI,GIA,GIA328,GIA301,22/20:08,22/20:12,23/05:16,23/05:28,9:04:00,CGK,CGK,005,10,1,1,NML,8,2025
2688.,A320,PKLZH,BTK,BTK6588,BTK6132,22/21:53,22/21:57,23/05:14,23/05:25,7:17:00,CGK,LOP,016,10,1,1,NML,8,2025
2689.,A320,PKGQH,CTV,CTV353,CTV460,22/22:42,22/22:45,23/05:34,23/05:45,6:49:00,UPG,AAP,006,10,1,1,NML,8,2025
2690.,B739,PKLHI,LNI,LNI690,LNI690,23/05:06,23/05:09,23/05:52,23/06:02,0:43:00,CGK,KOE,010,10,1,1,NML,8,2025
2691.,A320,PKGQL,CTV,CTV726,CTV670,22/20:34,22/20:37,23/05:42,23/05:52,9:05:00,CGK,LOP,008,10,1,1,NML,8,2025
2692.,A320,PKGQF,CTV,CTV724,CTV725,22/19:21,22/19:25,23/05:47,23/05:57,10:22:00,CGK,CGK,009,10,1,1,NML,8,2025
2693.,A320,PKLAZ,BTK,BTK7521,BTK6589,22/22:04,22/22:07,23/06:02,23/06:13,7:55:00,HLP,CGK,012,10,1,1,NML,8,2025
2694.,A320,PKSAQ,SJV,SJV615,SJV706,22/21:20,22/21:24,23/05:55,23/06:05,8:31:00,BPN,DPS,17B,10,0,0,NML,8,2025
2695.,A320,V8RBB,RBA,RBA795,RBA796,22/20:04,22/20:10,23/05:54,23/06:09,9:44:00,BWN,BWN,A06,10,1,1,NML,8,2025
2696.,A320,PKSJQ,SJV,SJV673,SJV640,22/20:28,22/20:32,23/05:51,23/06:00,9:19:00,BEJ,AAP,15B,10,0,0,NML,8,2025
2697.,B738,PKLOP,LNI,LNI709,LNI882,22/18:26,23/04:47,23/05:58,23/06:11,11:28:00,UPG,UPG,020,10,0,0,NML,8,2025
2698.,A320,PKAXD,AWQ,AWQ327,AWQ386,22/23:18,22/23:24,23/06:02,23/06:15,6:38:00,KUL,PEN,A03,10,1,1,NML,8,2025
2699.,A320,PKBKT,BTK,BTK6413,BTK6412,22/19:58,22/20:02,23/06:28,23/06:38,10:26:00,DPS,DPS,15A,10,0,0,NML,8,2025
2700.,B733,PKMYJ,MYU,MYU935,MYU934,22/09:20,22/09:24,23/06:39,23/06:50,21:15:00,SRG,SIN,C02,10,0,0,NML,8,2025
2701.,B738MAX,PKOFI,AFE,AFE921,AFE921,23/05:55,23/05:58,23/06:45,23/06:55,0:47:00,CGK,TIM,005,10,1,1,NML,8,2025
2702.,B739,PKLSI,LNI,LNI311,LNI971,23/06:07,23/06:10,23/06:57,23/07:07,0:47:00,BDJ,BTH,014,10,1,1,NML,8,2025
2703.,B738,PKGFS,GIA,GIA855,GIA854,22/20:21,22/20:28,23/07:00,23/07:10,10:32:00,SIN,SIN,A02,10,1,1,NML,8,2025
2704.,B738,PKGNM,GIA,GIA324,GIA305,22/21:13,22/21:17,23/07:12,23/07:24,9:55:00,CGK,CGK,004,10,1,1,NML,8,2025
2705.,B739,PKLSV,LNI,LNI879,LNI646,22/16:05,22/16:18,23/07:05,23/07:14,14:47:00,AMQ,LOP,024,10,0,0,NML,8,2025
2706.,A320,PKLAJ,BTK,BTK7511,BTK7510,23/06:36,23/06:40,23/07:30,23/07:40,0:50:00,HLP,HLP,009,10,1,1,NML,8,2025
2707.,A320,PKBKV,BTK,BTK6572,BTK6573,23/06:51,23/06:56,23/07:48,23/07:59,0:52:00,CGK,CGK,008,10,1,1,NML,8,2025
2708.,B739,PKLGW,LNI,LNI363,LNI693,23/06:18,23/06:20,23/07:45,23/07:55,1:25:00,BPN,CGK,012,10,1,1,NML,8,2025
2709.,B739,PKLSP,LNI,LNI929,LNI982,23/07:02,23/07:05,23/07:55,23/08:10,0:50:00,DPS,PKU,015,10,1,1,NML,8,2025
2710.,A21N,B32MP,CSN,CSN8137,CSN8138,22/21:08,22/21:17,23/07:53,23/08:06,10:36:00,CAN,CAN,A04,10,1,1,NML,8,2025
2711.,A339,PKLER,LNI,LNI101,LNI102,22/16:51,22/16:58,23/08:04,23/08:19,15:06:00,JED,JED,A05,10,1,1,NML,8,2025
2712.,A333,BHLM,CPA,CPA779,CPA780,22/17:51,22/17:57,23/08:19,23/08:35,14:22:00,HKG,HKG,A08,10,1,1,NML,8,2025
2713.,B739,PKLHR,LNI,LNI885,LNI990,22/20:37,22/20:41,23/08:25,23/08:33,11:44:00,UPG,DPS,17A,10,0,0,NML,8,2025
2714.,A320,PKBLB,BTK,BTK6576,BTK6135,22/18:46,22/18:49,23/08:31,23/08:41,13:42:00,CGK,PKN,022,10,0,0,NML,8,2025
2715.,AW139,PKTVN,TVR,PKTVN,PKTVN,22/14:44,22/14:49,23/08:51,23/08:57,18:02:00,ZZZZ,ZZZZ,H02,10,0,0,NML,8,2025
2716.,C208,PKVVF,SUS,PKVVF,PKVVF,22/12:35,22/12:39,23/09:10,23/09:17,20:31:00,BXW,JOG,C07,10,0,0,NML,8,2025
2717.,DHC6,PKICP,PGT,PKICP,PKICP,22/08:35,22/08:35,23/07:51,23/08:02,23:16:00,PAG,PAG,028,10,0,0,NML,8,2025
2718.,B738,PKLZZ,MXD,MXD352,MXD353,22/19:07,22/19:12,23/09:03,23/09:12,13:51:00,KUL,KUL,C01,10,0,0,NML,8,2025
2719.,B739,PKLSU,LNI,LNI707,LNI222,22/16:41,22/16:44,23/08:59,23/09:08,16:15:00,UPG,BDJ,018,10,0,0,NML,8,2025
2720.,B739,PKLSH,LNI,LNI923,LNI973,22/18:51,22/18:58,23/08:58,23/09:10,14:00:00,DPS,BTH,026,10,0,0,NML,8,2025
2721.,A320,PKLZH,BTK,BTK6133,BTK6391,23/08:17,23/08:20,23/09:11,23/09:23,0:51:00,LOP,CGK,009,10,1,1,NML,8,2025
2722.,A320,PKGQL,CTV,CTV671,CTV486,23/08:22,23/08:25,23/09:15,23/09:27,0:50:00,LOP,BDJ,007,10,1,1,NML,8,2025
2723.,A320,PKSAQ,SJV,SJV703,SJV612,23/08:26,23/08:30,23/09:34,23/09:45,1:04:00,DPS,BPN,008,10,1,1,NML,8,2025
2724.,B738,PKGMI,GIA,GIA304,GIA342,23/08:07,23/08:11,23/09:08,23/09:19,0:57:00,CGK,DPS,004,10,1,1,NML,8,2025
2725.,A320,PKGQO,CTV,CTV435,CTV434,23/08:45,23/08:49,23/09:27,23/09:40,0:38:00,BPN,BPN,005,10,1,1,NML,8,2025
2726.,B738,9MMXB,MAS,MAS871,MAS870,23/09:13,23/09:19,23/10:08,23/10:16,0:49:00,KUL,KUL,A07,10,1,1,NML,8,2025
2727.,A359,9VSHC,SIA,SIA922,SIA923,23/09:16,23/09:21,23/10:21,23/10:37,1:00:00,SIN,SIN,A08,10,1,1,NML,8,2025
2728.,A320,PKLAZ,BTK,BTK6584,BTK6585,23/09:24,23/09:28,23/10:22,23/10:31,0:54:00,CGK,CGK,009,10,1,1,NML,8,2025
2729.,A320,PKSAL,SJV,SJV611,SJV632,23/08:39,23/08:43,23/10:08,23/10:21,1:25:00,BPN,BDJ,010,10,1,1,NML,8,2025
2730.,B739,PKLFY,LNI,LNI693,LNI706,23/06:43,23/06:47,23/10:28,23/10:40,3:41:00,KOE,UPG,021,10,0,0,NML,8,2025
2731.,A320,PKGQC,CTV,CTV351,CTV350,23/09:28,23/09:34,23/10:12,23/10:24,0:38:00,UPG,UPG,007,10,1,1,NML,8,2025
2732.,A320,PKGQH,CTV,CTV461,CTV715,23/09:21,23/09:24,23/10:21,23/10:32,0:57:00,AAP,CGK,006,10,1,1,NML,8,2025
2733.,B739,PKLHH,LNI,LNI791,LNI262,23/10:27,23/10:30,23/11:19,23/11:29,0:49:00,UPG,BPN,015,10,1,1,NML,8,2025
2734.,B739,PKLSV,LNI,LNI645,LNI822,23/10:01,23/10:04,23/10:49,23/11:00,0:45:00,LOP,LOP,014,10,1,1,NML,8,2025
2735.,A320,9VTRV,TGW,TGW296,TGW297,23/09:33,23/09:40,23/10:37,23/10:45,0:57:00,SIN,SIN,A02,10,1,1,NML,8,2025
2736.,A320,PKPWA,PAS,PAS210,PAS211,23/09:57,23/10:00,23/10:47,23/10:58,0:47:00,CGK,CGK,005,10,1,1,NML,8,2025
2737.,A320,PKLUK,BTK,BTK7513,BTK7516,23/10:06,23/10:12,23/11:40,23/11:51,1:28:00,HLP,HLP,008,10,1,1,NML,8,2025
2738.,A320,PKSJQ,SJV,SJV641,SJV642,23/09:37,23/09:39,23/11:04,23/11:15,1:25:00,AAP,AAP,011,10,1,1,NML,8,2025
2739.,B739,PKLHI,LNI,LNI697,LNI697,23/10:19,23/10:22,23/12:05,23/12:16,1:43:00,KOE,CGK,012,10,1,1,NML,8,2025
2740.,A320,PKAZI,AWQ,AWQ321,AWQ322,23/10:34,23/10:39,23/11:16,23/11:23,0:37:00,KUL,KUL,A01,10,1,1,NML,8,2025
2741.,B738,PKGNC,GIA,GIA322,GIA327,23/10:14,23/10:19,23/11:28,23/11:39,1:09:00,CGK,CGK,004,10,1,1,NML,8,2025
2742.,A320,PKLAJ,BTK,BTK7517,BTK7520,23/10:54,23/10:58,23/11:52,23/12:03,0:54:00,HLP,HLP,009,10,1,1,NML,8,2025
2743.,B739,PKLHR,LNI,LNI805,LNI804,23/11:07,23/11:11,23/12:09,23/12:22,0:58:00,DPS,DPS,014,10,1,1,NML,8,2025
2744.,A320,PKBLC,BTK,BTK6582,BTK6581,23/11:27,23/11:31,23/12:28,23/12:38,0:57:00,CGK,CGK,018,10,0,0,NML,8,2025
2745.,A320,PKBLB,BTK,BTK6134,BTK6346,23/11:20,23/11:23,23/12:09,23/12:20,0:46:00,PKN,BEJ,011,10,1,1,NML,8,2025
"2746.,A339,PKLES,LNI,LNI107,LNI104,18/14:30,23/08:20,23/12:16,23/12:32,""4 days, 21:38:00"",JED,JED,A06,10,1,1,NML,8,2025"
2747.,A320,PKSTS,SJV,SJV717,SJV636,23/09:50,23/09:53,23/12:29,23/12:40,2:36:00,LOP,BDJ,022,10,0,0,NML,8,2025
2748.,B739,PKLGU,LNI,LNI694,LNI694,23/11:54,23/11:58,23/12:50,23/13:02,0:52:00,CGK,KOE,015,10,1,1,NML,8,2025
2749.,B739,PKLSU,LNI,LNI223,LNI680,23/12:08,23/12:12,23/13:24,23/13:37,1:12:00,BDJ,PKY,017,10,1,1,NML,8,2025
2750.,A320,PKLZH,BTK,BTK6596,BTK6595,23/12:45,23/12:49,23/13:39,23/13:51,0:50:00,CGK,CGK,009,10,1,1,Nml,8,2025
2751.,A320,PKAXD,AWQ,AWQ387,AWQ324,23/12:17,23/12:23,23/13:16,23/13:24,0:53:00,PEN,KUL,A01,10,1,1,NML,8,2025
2752.,A320,PKPWD,PAS,PAS204,PAS205,23/11:48,23/11:51,23/13:13,23/13:26,1:21:55,CGK,CGK,005,10,1,1,NML,8,2025
2753.,B735,PKNAQ,LKN,LKN671,LKN670,23/11:03,23/11:07,23/13:31,23/13:40,2:24:00,TMC,TMC,010,10,1,1,NML,8,2025
2754.,A320,PKGQL,CTV,CTV487,CTV668,23/12:13,23/12:16,23/13:20,23/13:30,1:04:00,BDJ,DPS,007,10,1,1,NML,8,2025
2755.,B739,PKLHO,LNI,LNI787,LNI682,23/13:28,23/13:32,23/14:22,23/14:29,0:50:00,UPG,PKY,014,10,1,1,NML,8,2025
2756.,B739,PKLSV,LNI,LNI823,LNI260,23/13:45,23/13:47,23/14:40,23/14:49,0:53:00,LOP,BPN,010,10,1,1,NML,8,2025
2757.,A320,PKSAL,SJV,SJV633,SJV726,23/13:31,23/13:34,23/14:16,23/14:26,0:42:00,BDJ,LBJ,011,10,1,1,NML,8,2025
2758.,B738,PKLOJ,LNI,LNI839,LNI836,23/13:42,23/13:45,23/14:34,23/14:43,0:49:00,PNK,PNK,015,10,1,1,NML,8,2025
2759.,A320,PKGQN,CTV,CTV716,CTV717,23/13:00,23/13:04,23/14:03,23/14:14,0:59:00,CGK,CGK,006,10,1,1,NML,8,2025
2760.,B739,PKLSP,LNI,LNI983,LNI910,23/13:38,23/13:42,23/14:40,23/14:51,0:58:00,PKU,DPS,012,10,1,1,NML,8,2025
2761.,A320,PKGQO,CTV,CTV431,CTV948,23/13:35,23/13:38,23/14:29,23/14:39,0:51:00,BPN,BTH,008,10,1,1,NML,8,2025
2762.,B738,PKGUI,GIA,GIA312,GIA317,23/13:48,23/13:52,23/15:01,23/15:12,1:09:00,CGK,CGK,004,10,1,1,NML,8,2025
2763.,A320,PKLAJ,BTK,BTK7515,BTK7514,23/15:08,23/15:12,23/15:56,23/16:06,0:44:00,HLP,HLP,009,10,1,1,NML,8,2025
2764.,B739,PKLFY,LNI,LNI707,LNI642,23/14:04,23/14:08,23/15:12,23/15:21,1:04:00,UPG,LOP,016,10,1,1,NML,8,2025
2765.,B738,PKGFQ,GIA,GIA330,GIA331,23/14:24,23/14:27,23/15:20,23/15:35,0:53:00,HLP,HLP,005,10,1,1,NML,8,2025
2766.,A320,PKLUJ,BTK,BTK7501,BTK7512,23/15:31,23/15:34,23/16:29,23/16:39,0:55:00,HLP,HLP,010,10,1,1,NML,8,2025
2767.,B738,9MMXE,MAS,MAS873,MAS872,23/14:54,23/15:00,23/15:57,23/16:10,0:57:00,KUL,KUL,A06,10,1,1,NML,8,2025
2768.,B738,PKGNN,GIA,GIA310,GIA315,23/15:38,23/15:43,23/16:39,23/16:54,0:56:00,CGK,CGK,004,10,1,1,NML,8,2025
2769.,A320,PKPWJ,PAS,PAS206,PAS623,23/16:28,23/16:31,23/17:10,23/17:22,0:39:00,CGK,BPN,005,10,1,1,NML,8,2025
2770.,B739,PKLSH,LNI,LNI970,LNI268,23/13:59,23/14:03,23/16:35,23/16:46,2:32:00,BTH,TRK,021,10,0,0,NML,8,2025
2771.,B739,PKLHI,LNI,LNI692,LNI692,23/16:14,23/16:18,23/17:09,23/17:21,0:51:00,CGK,KOE,014,10,1,1,NML,8,2025
2772.,B738MAX,PKOFI,AFE,AFE920,AFE920,23/15:55,23/15:59,23/16:47,23/16:58,0:48:00,TIM,CGK,006,10,1,1,NML,8,2025
2773.,B739,PKLSI,LNI,LNI972,LNI226,23/16:51,23/16:54,23/17:47,23/18:00,0:53:00,BTH,BDJ,012,10,1,1,NML,8,2025
2774.,A320,PKLAI,BTK,BTK6578,BTK7579,23/16:18,23/16:21,23/17:18,23/17:30,0:57:00,CGK,CGK,008,10,1,1,NML,8,2025
2775.,A320,PKGQH,CTV,CTV669,CTV698,23/16:25,23/16:28,23/17:19,23/17:32,0:51:00,DPS,DPS,007,10,1,1,NML,8,2025
2776.,B738,PKLJQ,LNI,LNI837,LNI838,23/07:53,23/08:02,23/17:31,23/17:39,9:29:00,PNK,PNK,025,10,0,0,NML,8,2025
2777.,A320,PKBLB,BTK,BTK6347,BTK6401,23/16:43,23/16:46,23/17:42,23/17:52,0:56:00,BEJ,CGK,009,10,1,1,NML,8,2025
2778.,A320,PKAZI,AWQ,AWQ323,AWQ326,23/16:55,23/17:00,23/17:31,23/17:41,0:31:00,KUL,KUL,A01,10,1,1,NML,8,2025
2779.,B738,PKBGF,BTK,BTK7519,BTK7518,23/17:59,23/18:03,23/18:46,23/18:59,0:43:00,HLP,CGK,009,10,1,1,NML,8,2025
2780.,A320,PKGQI,CTV,CTV736,CTV352,23/18:02,23/18:06,23/18:39,23/18:50,0:33:00,CGK,UPG,007,10,1,1,NML,8,2025
2781.,B739,PKLHO,LNI,LNI683,LNI581,23/17:05,23/17:09,23/18:37,23/18:48,1:28:00,PKY,CGK,011,10,1,1,NML,8,2025
2782.,B739,PKLSP,LNI,LNI923,LNI920,23/17:33,23/17:37,23/18:42,23/18:53,1:05:00,DPS,DPS,016,10,1,1,NML,8,2025
2783.,A320,PKPWC,PAS,PAS622,PAS207,23/17:14,23/17:17,23/18:12,23/18:19,0:55:00,BPN,CGK,006,10,1,1,NML,8,2025
2784.,B738,PKGMI,GIA,GIA349,GIA313,23/17:28,23/17:31,23/18:29,23/18:42,0:58:00,DPS,CGK,004,10,1,1,NML,8,2025
2785.,A320,PKLUK,BTK,BTK7503,BTK7502,23/18:56,23/19:00,23/19:41,23/19:53,0:41:00,HLP,HLP,008,10,1,1,NML,8,2025
2786.,B733,PKMYJ,MYU,MYU935,MYU815,23/14:16,23/14:20,23/15:02,23/15:12,0:42:00,SRG,CGK,C02,10,0,0,NML,8,2025
2787.,B738,PKGUA,GIA,GIA320,GIA325,23/17:36,23/17:39,23/18:52,23/19:03,1:13:00,CGK,CGK,005,10,1,1,NML,8,2025
2788.,B738MAX,9VMBP,SIA,SIA928,SIA929,23/18:24,23/18:31,23/19:22,23/19:37,0:51:00,SIN,SIN,A08,10,1,1,NML,8,2025
2789.,A320,PKBLA,BTK,BTK6576,BTK6575,23/18:17,23/18:20,23/20:54,23/21:06,2:34:00,CGK,CGK,010,10,1,1,NML,8,2025
2790.,A320,PKGQG,CTV,CTV949,CTV173,23/18:31,23/18:34,23/19:18,23/19:29,0:44:00,BTH,HLP,006,10,1,1,NML,8,2025
2791.,B738MAX,PKGDC,GIA,GIA326,GIA319,23/19:51,23/19:55,23/20:40,23/20:53,0:45:00,CGK,CGK,004,10,1,1,NML,8,2025
2792.,A320,PKGQA,CTV,CTV172,CTV737,23/18:05,23/18:08,23/20:47,23/20:57,2:39:21,HLP,CGK,003,10,0,0,NML,8,2025
2793.,B739,PKLFK,LNI,LNI885,LNI880,23/20:18,23/20:22,23/21:15,23/21:17,0:53:00,UPG,UPG,014,10,1,1,NML,8,2025
2794.,A320,PKLUV,BTK,BTK6137,BTK6136,23/19:39,23/19:43,23/21:52,23/22:03,2:09:00,UPG,UPG,011,10,1,1,NML,8,2025
2795.,B738,PKCRH,SJY,SJY567,SJY562,23/22:07,23/22:11,23/22:53,23/23:06,0:42:00,UPG,UPG,010,10,1,1,NML,8,2025
2796.,B739,PKLHH,LNI,LNI261,LNI878,23/14:58,23/15:02,24/04:55,24/05:05,13:53:00,BPN,AMQ,024,28,0,0,NML,8,2025
2797.,A320,PKSAL,SJV,SJV725,SJV610,23/17:43,23/17:47,24/05:04,24/05:15,11:17:00,LBJ,BPN,021,28,0,0,NML,8,2025
2798.,A320,PKAXD,AWQ,AWQ325,AWQ320,23/19:17,23/19:24,24/05:01,24/05:11,9:37:00,KUL,KUL,A01,28,1,1,NML,8,2025
2799.,A320,PKLUP,BTK,BTK6406,BTK7508,23/16:11,23/16:16,24/04:53,24/05:08,12:37:00,CGK,HLP,018,28,0,0,NML,8,2025
2800.,B739,PKLGU,LNI,LNI695,LNI786,23/18:27,23/23:57,24/05:06,24/05:17,10:35:00,KOE,UPG,011,28,1,0,NML,8,2025
2801.,B738,PKGFS,GIA,GIA855,GIA301,23/20:30,23/22:58,24/05:01,24/05:13,8:26:00,SIN,CGK,005,28,1,1,NML,8,2025
2802.,A320,PKGQE,CTV,CTV724,CTV430,23/19:34,23/19:37,24/05:07,24/05:19,9:30:00,CGK,BPN,007,28,1,1,NML,8,2025
2803.,A320,PKBKJ,BTK,BTK7521,BTK6132,23/21:48,23/21:53,24/05:18,24/05:25,7:25:00,HLP,LOP,008,28,1,1,NML,8,2025
2804.,A339,PKGHI,GIA,GIA975,GIA974,24/03:01,24/03:11,24/05:38,24/05:52,2:27:00,JED,JED,A07,28,1,1,NML,8,2025
2805.,A320,PKGQH,CTV,CTV699,CTV460,23/19:58,23/20:02,24/05:41,24/05:50,9:39:00,DPS,AAP,006,28,1,1,NML,8,2025
2806.,B739,PKLFF,LNI,LNI690,LNI690,24/05:02,24/05:05,24/05:58,24/06:04,0:53:00,CGK,KOE,010,28,1,1,NML,8,2025
2807.,A320,PKGLY,CTV,CTV726,CTV725,23/20:09,23/20:12,24/05:46,24/06:03,9:34:00,CGK,CGK,009,28,1,1,NML,8,2025
2808.,A320,PKGQJ,CTV,CTV353,CTV670,23/21:09,23/21:13,24/05:45,24/05:55,8:32:00,UPG,LOP,003,28,0,0,NML,8,2025
2809.,A320,PKSJV,SJV,SJV619,SJV706,23/18:21,23/18:25,24/06:17,24/06:25,11:52:00,BPN,DPS,C05,28,0,0,NML,8,2025
2810.,A320,PKLUS,BTK,BTK6588,BTK6589,23/21:36,23/21:41,24/05:59,24/06:11,8:18:00,CGK,CGK,016,28,1,1,NML,8,2025
2811.,B739,PKLGW,LNI,LNI865,LNI882,23/20:24,23/20:28,24/05:56,24/06:06,9:27:57,LOP,UPG,17A,28,0,0,NML,8,2025
"2812.,B738,PKLJS,LNI,LNI885,LNI868,21/20:19,22/07:51,24/06:00,24/06:08,""2 days, 9:38:00"",UPG,TTE,023,28,0,0,NML,8,2025"
2813.,A320,PKBKT,BTK,BTK6413,BTK6412,23/20:36,23/20:40,24/06:21,24/06:31,9:41:00,DPS,DPS,012,28,1,1,NML,8,2025
2814.,A320,PKSJQ,SJV,SJV643,SJV566,23/15:01,23/22:51,24/06:36,24/06:45,15:31:00,AAP,PLW,014,28,1,0,NML,8,2025
2815.,A320,PKLAQ,BTK,BTK7511,BTK6135,24/06:47,24/06:53,24/07:49,24/07:57,0:56:00,HLP,PKN,008,28,1,1,NML,8,2025
"2816.,A320,PKSTH,SJV,SJV643,SJV7002,14/15:01,15/23:05,24/07:00,24/07:17,""9 days, 15:54:00"",AAP,CGK,C04,28,0,1,NML,8,2025"
2817.,B739,PKLSI,LNI,LNI311,LNI971,24/06:00,24/06:06,24/07:01,24/07:20,0:55:00,BDJ,BTH,015,28,1,1,NML,8,2025
2818.,B738,PKGMP,GIA,GIA328,GIA854,23/20:21,23/22:39,24/06:59,24/07:13,10:33:00,CGK,SIN,A02,28,1,1,NML,8,2025
2819.,B738,PKGFF,GIA,GIA324,GIA305,23/21:01,23/21:05,24/07:00,24/07:22,9:55:00,CGK,CGK,004,28,1,1,NML,8,2025
2820.,A320,PKSTS,SJV,SJV637,SJV640,23/15:24,23/15:28,24/07:29,24/07:38,16:01:00,BDJ,AAP,020,28,0,0,NML,8,2025
2821.,B739,PKLHR,LNI,LNI919,LNI646,23/15:19,23/15:23,24/07:12,24/07:26,15:49:00,DPS,LOP,026,28,0,0,NML,8,2025
2822.,A320,PKGQI,CTV,CTV170,CTV175,24/06:12,24/06:20,24/07:04,24/07:24,0:44:00,CGK,CGK,007,28,1,1,NML,8,2025
2823.,B739,PKLSU,LNI,LNI681,LNI222,23/16:32,24/04:35,24/07:26,24/07:33,14:51:00,PKY,BDJ,022,28,0,0,NML,8,2025
2824.,A320,PKLAL,BTK,BTK6594,BTK7510,23/20:16,23/20:20,24/08:31,24/08:42,12:11:00,CGK,HLP,17B,28,0,0,NML,8,2025
2825.,A320,PKAZI,AWQ,AWQ327,AWQ392,23/23:03,23/23:09,24/07:18,24/07:29,8:09:00,KUL,JHB,A06,28,1,1,NML,8,2025
2826.,B739,PKLHI,LNI,LNI693,LNI693,24/06:43,24/06:49,24/07:42,24/07:50,0:53:00,KOE,CGK,010,28,1,1,NML,8,2025
2827.,A333,BLBE,CPA,-,CPA780,--:--,--:--,--:--,--:--,None,-,HKG,None,-,-1,-,NML,8,2025
2828.,B739,PKLSH,LNI,LNI267,LNI990,24/07:11,24/07:17,24/08:27,24/08:39,1:10:00,TRK,DPS,009,28,1,1,NML,8,2025
2829.,B738,PKGUE,GIA,GIA314,GIA323,24/07:16,24/07:22,24/08:23,24/08:33,1:01:00,CGK,CGK,004,28,1,1,NML,8,2025
2830.,A320,PKBKJ,BTK,BTK6133,BTK6391,24/08:03,24/08:09,24/08:50,24/08:58,0:41:00,LOP,CGK,011,10,1,1,NML,8,2025
2831.,B739,PKLSP,LNI,LNI929,LNI856,24/07:08,24/07:15,24/08:55,24/09:02,1:40:00,DPS,PLM,021,10,0,0,NML,8,2025
2832.,B738,PKLJQ,LNI,LNI837,LNI748,24/07:54,24/07:59,24/09:00,24/09:09,1:01:00,PNK,MDC,016,10,1,1,NML,8,2025
2833.,A320,PKSAA,SJV,SJV649,SJV612,24/06:20,24/06:26,24/09:31,24/09:42,3:05:00,BPN,BPN,024,10,0,0,NML,8,2025
2834.,A320,PKGQJ,CTV,CTV671,CTV486,24/08:14,24/08:21,24/09:05,24/09:17,0:44:00,LOP,BDJ,007,10,1,1,NML,8,2025
2835.,B738,PKGFX,GIA,GIA304,GIA342,24/08:07,24/08:14,24/09:12,24/09:24,0:58:00,CGK,DPS,005,10,1,1,NML,8,2025
2836.,A320,PKGQE,CTV,CTV435,CTV434,24/08:36,24/08:43,24/09:24,24/09:38,0:41:00,BPN,BPN,006,10,1,1,NML,8,2025
2837.,B738,9MMXB,MAS,MAS871,MAS870,24/09:15,24/09:22,24/10:08,24/10:18,0:46:00,KUL,KUL,A06,10,1,1,NML,8,2025
2838.,B735,PKNAT,LKN,LKN243,LKN242,24/09:11,24/09:13,24/09:57,24/10:06,0:44:00,SMQ,SMQ,010,10,1,1,NML,8,2025
2839.,A359,9VSHB,SIA,SIA922,SIA923,24/09:30,24/09:38,24/10:36,24/10:50,0:58:00,SIN,SIN,A08,10,1,1,NML,8,2025
2840.,A320,PKBKF,BTK,BTK6584,BTK6585,24/10:56,24/10:59,24/11:50,24/11:59,0:51:00,CGK,CGK,009,10,1,1,NML,8,2025
2841.,B739,PKLGW,LNI,LNI791,LNI706,24/09:25,24/09:28,24/10:18,24/10:31,0:50:00,UPG,UPG,012,10,1,1,NML,8,2025
2842.,A320,PKGQF,CTV,CTV351,CTV350,24/09:22,24/09:25,24/10:08,24/10:21,0:43:00,UPG,UPG,007,10,1,1,NML,8,2025
2843.,A320,PKSJV,SJV,SJV703,SJV632,24/09:07,24/09:10,24/10:29,24/10:41,1:19:00,DPS,BDJ,009,10,1,1,NML,8,2025
2844.,A320,PKGQH,CTV,CTV461,CTV715,24/09:53,24/09:56,24/10:33,24/10:47,0:37:00,AAP,CGK,008,10,1,1,NML,8,2025
2845.,EC145,PKDPR,DAN,PKDPR,PKDPR,23/17:01,23/17:01,24/10:28,24/10:29,17:27:00,SRG,FBH,H05,10,0,0,NML,8,2025
2846.,A320,9VTRU,TGW,TGW296,TGW297,24/09:36,24/09:42,24/10:34,24/10:39,0:52:00,SIN,SIN,A02,10,1,1,NML,8,2025
2847.,B739,PKLSV,LNI,LNI363,LNI262,24/07:04,24/07:11,24/10:28,24/10:37,3:17:00,BPN,BPN,018,10,0,0,NML,8,2025
2848.,B739,PKLHR,LNI,LNI645,LNI822,24/10:14,24/10:17,24/11:00,24/11:10,0:43:00,LOP,LOP,010,10,1,1,NML,8,2025
2849.,A320,PKPWN,PAS,PAS210,PAS211,24/09:40,24/09:43,24/10:28,24/10:45,0:45:00,CGK,CGK,005,10,1,1,NML,8,2025
2850.,A320,PKLUJ,BTK,BTK7513,BTK7516,24/09:47,24/09:50,24/10:45,24/10:58,0:55:00,HLP,HLP,011,10,1,1,NML,8,2025
2851.,B739,PKLSU,LNI,LNI223,LNI682,24/10:31,24/10:36,24/11:40,24/11:56,1:04:00,BDJ,PKY,015,10,1,1,NML,8,2025
2852.,B739,PKLFF,LNI,LNI697,LNI697,24/10:35,24/10:40,24/11:37,24/11:52,0:57:00,KOE,CGK,014,10,1,1,NML,8,2025
2853.,B738,PKLBS,MXD,MXD352,MXD353,23/19:46,23/19:52,24/11:31,24/11:46,15:39:00,KUL,KUL,A04,10,1,1,NML,8,2025
2854.,A320,PKAXD,AWQ,AWQ321,AWQ322,24/10:43,24/10:48,24/11:21,24/11:29,0:33:00,KUL,KUL,A03,10,1,1,NML,8,2025
2855.,B738,PKGMX,GIA,GIA322,GIA327,24/10:11,24/10:15,24/11:31,24/11:47,1:16:00,CGK,CGK,004,10,1,1,NML,8,2025
2856.,A320,PKLAO,BTK,BTK7517,BTK7520,24/11:06,24/11:10,24/11:54,24/12:07,0:44:00,HLP,HLP,008,10,1,1,NML,8,2025
2857.,A320,PKSJQ,SJV,SJV567,SJV642,24/10:59,24/11:03,24/11:56,24/12:08,0:53:00,PLW,AAP,016,10,1,1,NML,8,2025
2858.,A320,PKBLC,BTK,BTK6582,BTK6581,24/11:43,24/11:48,24/12:42,24/12:52,0:54:00,CGK,CGK,010,10,1,1,NML,8,2025
2859.,A339,PKLER,LNI,LNI103,LNI104,24/08:31,24/08:36,24/12:12,24/12:25,3:36:00,JED,JED,A07,10,1,1,NML,8,2025
2860.,B735,PKNAU,LKN,LKN193,LKN192,24/11:36,24/11:39,24/12:17,24/12:28,0:38:00,PKN,PKN,011,10,1,1,NML,8,2025
2861.,B739,PKLFY,LNI,LNI694,LNI694,24/12:19,24/12:22,24/13:20,24/13:26,0:58:00,CGK,KOE,014,10,1,1,NML,8,2025
2862.,B739,PKLHY,LNI,LNI787,LNI780,24/12:41,24/12:44,24/13:40,24/13:56,0:56:00,UPG,UPG,015,10,1,1,NML,8,2025
2863.,B738,PKLJS,LNI,LNI869,LNI722,24/12:04,24/12:08,24/13:38,24/13:51,1:30:00,TTE,KDI,017,10,1,1,NML,8,2025
2864.,A320,PKPWD,PAS,PAS204,PAS205,24/11:49,24/11:52,24/13:17,24/13:33,1:25:00,CGK,CGK,005,10,1,1,NML,8,2025
2865.,A320,PKAZI,AWQ,AWQ393,AWQ324,24/12:15,24/12:21,24/13:20,24/13:28,0:59:00,JHB,KUL,A03,10,1,1,NML,8,2025
2866.,A320,PKGQJ,CTV,CTV487,CTV668,24/11:53,24/11:59,24/13:35,24/13:47,1:36:00,BDJ,DPS,007,10,1,1,NML,8,2025
2867.,A320,PKLAQ,BTK,BTK6134,BTK6401,24/10:28,24/10:31,24/13:58,24/14:08,3:27:00,PKN,CGK,012,10,1,1,NML,8,2025
2868.,B739,PKLSP,LNI,LNI857,LNI260,24/13:31,24/13:34,24/14:27,24/14:38,0:53:01,PLM,BPN,016,10,1,1,NML,8,2025
2869.,A320,PKSJV,SJV,SJV633,SJV726,24/13:45,24/13:49,24/14:45,24/14:52,0:56:05,BDJ,LBJ,010,28,1,1,NML,8,2025
2870.,B738,PKLOJ,LNI,LNI839,LNI836,24/12:59,24/13:02,24/14:04,24/14:17,1:02:00,PNK,PNK,011,10,1,1,NML,8,2025
2871.,A320,PKGTG,CTV,CTV716,CTV717,24/13:34,24/13:39,24/14:18,24/14:30,0:39:00,CGK,CGK,006,10,1,1,NML,8,2025
2872.,A320,PKBKF,BTK,BTK6596,BTK6595,24/16:07,24/16:10,24/17:09,24/17:20,0:59:00,CGK,CGK,009,10,1,1,NML,8,2025
"2873.,A339,PKLET,LNI,LNI101,LNI106,21/18:06,24/10:37,24/14:10,24/14:33,""2 days, 19:56:00"",JED,JED,A06,10,1,1,NML,8,2025"
2874.,A320,PKGQE,CTV,CTV431,CTV948,24/13:39,24/13:43,24/14:30,24/14:45,0:47:00,BPN,BTH,007,10,1,1,NML,8,2025
2875.,A320,PKLUJ,BTK,BTK7515,BTK7514,24/14:10,24/14:14,24/15:11,24/15:22,0:57:00,HLP,HLP,009,10,1,1,NML,8,2025
2876.,B738,PKGFS,GIA,GIA312,GIA317,24/13:42,24/13:47,24/14:44,24/14:59,0:57:00,CGK,CGK,004,10,1,1,NML,8,2025
2877.,A333,BLBE,CPA,CPA779D,CPA780,24/13:47,24/13:55,24/14:58,24/15:09,1:03:00,HKG,HKG,A08,10,1,1,NML,8,2025
2878.,A320,PKPWG,PAS,PAS208,PAS209,24/14:02,24/14:05,24/14:54,24/15:08,0:49:00,CGK,CGK,005,10,1,1,NML,8,2025
2879.,B738,PKGFD,GIA,GIA330,GIA331,24/14:14,24/14:25,24/15:16,24/15:26,0:51:00,HLP,HLP,006,10,1,1,NML,8,2025
2880.,B739,PKLGW,LNI,LNI707,LNI642,24/14:18,24/14:21,24/15:27,24/15:38,1:06:00,UPG,LOP,015,10,1,1,NML,8,2025
2881.,B739,PKLQR,LNI,LNI919,LNI804,24/14:42,24/14:45,24/15:36,24/15:47,0:51:00,DPS,DPS,012,10,1,1,NML,8,2025
2882.,A320,PKLAO,BTK,BTK7501,BTK7512,24/15:12,24/15:17,24/16:12,24/16:23,0:55:00,HLP,HLP,008,10,1,1,NML,8,2025
2883.,B738,9MMXO,MAS,MAS873,MAS872,24/15:03,24/15:10,24/15:59,24/16:13,0:49:36,KUL,KUL,A06,10,1,1,NML,8,2025
2884.,B739,PKLHR,LNI,LNI823,LNI910,24/13:53,24/13:57,24/17:09,24/17:25,3:12:00,LOP,DPS,014,10,1,1,NML,8,2025
2885.,B738,PKGNA,GIA,GIA310,GIA315,24/15:36,24/15:41,24/16:31,24/16:42,0:50:00,CGK,CGK,004,10,1,1,NML,8,2025
2886.,B739,PKLHH,LNI,LNI879,LNI268,24/15:31,24/15:33,24/16:32,24/16:45,0:59:00,AMQ,TRK,011,10,1,1,NML,8,2025
2887.,A320,PKPWL,PAS,PAS206,PAS623,24/16:10,24/16:12,24/16:57,24/17:08,0:45:00,CGK,BPN,005,10,1,1,NML,8,2025
2888.,B739,PKLHI,LNI,LNI692,LNI692,24/15:59,24/16:02,24/16:50,24/17:03,0:48:00,CGK,KOE,012,10,1,1,NML,8,2025
2889.,A320,PKSJQ,SJV,SJV641,SJV672,24/15:39,24/15:43,24/17:34,24/17:52,1:51:00,AAP,BEJ,021,10,0,0,NML,8,2025
2890.,B739,PKLSI,LNI,LNI972,LNI226,24/16:34,24/16:37,24/17:31,24/17:43,0:54:00,BTH,BDJ,015,10,1,1,NML,8,2025
2891.,A320,PKGQH,CTV,CTV669,CTV9674,24/17:00,24/17:04,24/17:30,24/17:47,0:26:00,DPS,LOP,007,10,1,1,NML,8,2025
2892.,B738,PKLJQ,LNI,LNI749,LNI838,24/14:50,24/14:54,24/17:29,24/17:40,2:35:00,MDC,PNK,020,10,0,0,NML,8,2025
2893.,A320,PKAXD,AWQ,AWQ323,AWQ326,24/16:50,24/16:55,24/17:29,24/17:38,0:34:08,KUL,KUL,A03,10,1,1,NML,8,2025
2894.,A320,PKBGF,BTK,BTK7519,BTK7518,24/18:13,24/18:16,24/19:12,24/19:25,0:56:00,CGK,CGK,009,10,1,1,NML,8,2025
2895.,B739,PKLSV,LNI,LNI261,LNI581,24/14:06,24/14:09,24/18:14,24/18:24,4:04:51,BPN,CGK,018,10,0,0,NML,8,2025
2896.,B739,PKLFY,LNI,LNI695,LNI920,24/17:49,24/17:53,24/19:45,24/20:03,1:52:00,KOE,DPS,017,10,1,1,NML,8,2025
2897.,A320,PKPWC,PAS,PAS622,PAS207,24/17:22,24/17:27,24/18:17,24/18:27,0:50:00,BPN,CGK,006,10,1,1,NML,8,2025
2898.,A320,PKSJV,SJV,SJV725,SJV636,24/18:17,24/18:20,24/20:39,24/20:49,2:19:00,LBJ,BDJ,011,10,1,1,NML,8,2025
2899.,B738,PKGFX,GIA,GIA349,GIA313,24/17:41,24/17:45,24/18:39,24/18:51,0:54:00,DPS,CGK,004,10,1,1,NML,8,2025
2900.,E135,T7MPI,AGV,T7MPI,T7MPI,24/18:01,24/18:06,24/18:34,24/18:39,0:27:50,XSP,HLP,A09,10,0,0,NML,8,2025
2901.,A320,PKSAJ,SJV,SJV619,SJV716,24/16:29,24/16:32,24/19:09,24/19:20,2:37:00,BPN,LOP,010,10,1,1,NML,8,2025
2902.,B739,PKLQR,LNI,LNI805,LNI316,24/18:34,24/18:37,24/19:47,24/20:07,1:10:00,DPS,BDJ,014,10,1,1,NML,8,2025
2903.,A320,PKLAL,BTK,BTK7503,BTK7502,24/19:23,24/19:27,24/20:17,24/20:27,0:50:00,HLP,HLP,010,10,1,1,NML,8,2025
2904.,B739,PKLSU,LNI,LNI683,LNI800,24/18:40,24/18:45,24/19:56,24/20:11,1:11:00,PKY,UPG,016,10,1,1,NML,8,2025
2905.,B738,PKGUF,GIA,GIA320,GIA325,24/17:29,24/17:33,24/19:03,24/19:19,1:30:00,CGK,CGK,005,10,1,1,NML,8,2025
2906.,B738MAX,9VMBL,SIA,SIA928,SIA929,24/18:10,24/18:16,24/19:11,24/19:28,0:55:00,SIN,SIN,A07,10,1,1,NML,8,2025
2907.,A320,PKBLB,BTK,BTK6576,BTK6575,24/22:20,24/22:24,24/23:07,24/23:18,0:43:00,CGK,CGK,010,10,1,1,NML,8,2025
2908.,A320,PKGQN,CTV,CTV949,CTV698,24/18:58,24/19:02,24/19:42,24/19:56,0:40:00,BTH,DPS,006,10,1,1,NML,8,2025
2909.,B788,9VOFM,TGW,TGW266,TGW267,24/18:37,24/18:43,24/19:51,24/20:09,1:07:05,SIN,SIN,A06,10,1,1,NML,8,2025
2910.,A320,PKGQL,CTV,CTV736,CTV352,24/18:52,24/18:56,24/19:43,24/20:02,0:47:00,CGK,UPG,007,10,1,1,NML,8,2025
2911.,B738,,SJY,-,SJY562,--:--,--:--,--:--,24/20:17,None,-,UPG,None,10,1,-,NML,8,2025
2912.,B738,PKCRH,SJY,SJY567,SJY562,24/19:16,24/19:20,24/20:02,24/20:14,0:41:59,UPG,UPG,012,10,1,1,NML,8,2025
2913.,B738,PKGDC,GIA,GIA326,GIA319,24/20:19,24/20:23,24/21:17,24/21:34,0:54:00,CGK,CGK,005,10,1,1,NML,8,2025
2914.,A320,PKSTS,SJV,SJV643,SJV616,24/16:55,24/16:59,24/20:22,24/20:33,3:23:00,AAP,BPN,022,10,0,0,NML,8,2025
2915.,A320,PKGQO,CTV,CTV724,CTV737,24/19:33,24/19:36,24/20:58,24/21:16,1:21:43,CGK,CGK,008,10,1,1,NML,8,2025
2916.,A320,PKLUR,BTK,BTK6137,BTK6136,24/19:58,24/20:03,24/21:53,24/22:04,1:50:00,UPG,UPG,015,10,1,1,NML,8,2025
2917.,B733F,PKMYV,MYU,MYU935,MYU815,24/12:47,24/12:51,25/05:05,25/05:15,16:14:00,SRG,CGK,C02,10,0,0,NML,8,2025
2918.,A320,PKBKQ,BTK,BTK6594,BTK7508,24/22:28,24/22:32,25/05:07,25/05:18,6:35:00,CGK,HLP,17A,10,0,0,NML,8,2025
2919.,A320,PKSAL,SJV,SJV615,SJV610,24/20:37,24/20:43,25/04:57,25/05:09,8:14:00,BPN,BPN,014,10,1,1,NML,8,2025
2920.,A320,PKAZI,AWQ,AWQ325,AWQ320,24/19:11,24/19:16,25/05:00,25/05:07,9:44:00,KUL,KUL,A01,10,1,1,NML,8,2025
2921.,B739,PKLSY,LNI,LNI801,LNI878,24/18:31,24/18:35,25/05:03,25/05:13,10:28:00,UPG,AMQ,024,10,0,0,NML,8,2025
2922.,A320,PKSJQ,SJV,SJV673,SJV706,24/22:23,24/22:27,25/05:04,25/05:15,6:37:00,BEJ,DPS,17B,10,0,0,NML,8,2025
2923.,A320,PKGQN,CTV,CTV699,CTV430,24/22:12,24/22:16,25/04:58,25/05:10,6:42:00,DPS,BPN,005,10,1,1,NML,8,2025
2924.,B738,PKGUI,GIA,GIA328,GIA301,24/20:00,24/20:04,25/05:06,25/05:20,9:02:00,CGK,CGK,004,10,1,1,NML,8,2025
2925.,A320,PKLAF,BTK,BTK6406,BTK6132,24/16:14,24/16:19,25/05:25,25/05:34,13:06:00,CGK,LOP,026,10,0,0,NML,8,2025
2926.,B739,PKLFW,LNI,LNI690,LNI690,25/05:03,25/05:07,25/05:52,25/06:05,0:45:00,CGK,KOE,015,10,1,1,NML,8,2025
2927.,A320,PKGLX,CTV,CTV353,CTV725,24/20:05,24/20:09,25/05:51,25/06:07,9:42:00,UPG,CGK,006,10,1,1,NML,8,2025
2928.,A320,PKGQP,CTV,CTV726,CTV670,24/20:25,24/20:29,25/05:48,25/05:59,9:19:00,CGK,LOP,007,10,1,1,NML,8,2025
2929.,A320,V8RBE,RBA,RBA795,RBA796,24/19:54,24/20:01,25/05:50,25/06:00,9:49:00,BWN,BWN,A06,10,1,1,NML,8,2025
2930.,B739,PKLGW,LNI,LNI865,LNI882,24/18:07,24/18:11,25/06:04,25/06:12,11:53:00,LOP,UPG,023,10,0,0,NML,8,2025
2931.,B738,PKLJS,LNI,LNI727,LNI868,24/17:54,24/17:58,25/05:56,25/06:10,11:58:00,KDI,TTE,025,10,0,0,NML,8,2025
2932.,A320,PKLUJ,BTK,BTK7521,BTK6589,24/22:15,24/22:19,25/06:19,25/06:34,8:00:00,HLP,CGK,009,10,1,1,NML,8,2025
2933.,A320,PKBKT,BTK,BTK6413,BTK6412,24/20:52,24/20:57,25/06:23,25/06:38,9:26:00,DPS,DPS,016,10,1,1,NML,8,2025
2934.,A320,PKSAJ,SJV,SJV717,SJV566,25/06:08,25/06:12,25/06:54,25/07:05,0:42:58,LOP,PLW,010,10,1,1,NML,8,2025
2935.,B739,PKLSI,LNI,LNI311,LNI971,25/06:03,25/06:08,25/07:03,25/07:15,0:55:42,BDJ,BTH,014,10,1,1,NML,8,2025
2936.,B738,PKGFU,GIA,GIA324,GIA854,24/21:12,24/22:54,25/06:58,25/07:07,9:42:00,CGK,SIN,A02,10,1,1,NML,8,2025
2937.,B738,PKGMP,GIA,GIA855,GIA305,24/20:14,24/23:14,25/06:58,25/07:09,10:38:00,SIN,CGK,008,10,1,1,NML,8,2025
"2938.,C208,PKVVO,SUS,PKVVO,PKVVO,23/12:05,23/12:07,25/07:03,25/07:12,""1 day, 18:56:30"",BXW,BXW,C07,10,0,0,NML,8,2025"
2939.,B739,PKLSP,LNI,LNI363,LNI646,25/06:27,25/06:30,25/07:10,25/07:18,0:40:00,BPN,LOP,017,10,1,1,NML,8,2025
2940.,B739,PKLSR,LNI,LNI885,LNI222,24/22:31,24/22:34,25/07:39,25/07:54,9:05:59,UPG,BDJ,018,10,0,0,NML,8,2025
2941.,A320,PKGQH,CTV,CTV9675,CTV460,25/06:39,25/06:43,25/07:22,25/07:34,0:39:00,LOP,AAP,006,10,1,1,NML,8,2025
2942.,A320,PKLAZ,BTK,BTK7511,BTK7510,25/06:36,25/06:39,25/07:27,25/07:38,0:48:00,HLP,HLP,009,10,1,1,NML,8,2025
2943.,A320,PKAXD,AWQ,AWQ327,AWQ392,24/23:11,24/23:17,25/07:22,25/07:30,8:05:00,KUL,JHB,A03,10,1,1,NML,8,2025
2944.,B739,PKLHI,LNI,LNI693,LNI693,25/06:52,25/06:56,25/07:50,25/08:00,0:54:25,KOE,CGK,016,10,1,1,NML,8,2025
2945.,A320,PKBKV,BTK,BTK6588P,BTK6573,25/05:20,25/05:25,25/08:01,25/08:13,2:36:24,CGK,CGK,011,10,1,1,NML,8,2025
2946.,A21N,B32M9,CSN,CSN8137,CSN8138,24/21:31,24/21:38,25/07:42,25/07:52,10:04:00,CAN,CAN,A04,10,1,1,NML,8,2025
2947.,A320,PKSAL,SJV,SJV611,SJV640,25/08:33,25/08:36,25/09:32,25/09:44,0:56:13,BPN,AAP,014,10,1,1,NML,8,2025
2948.,A333,BHLO,CPA,CPA779,CPA780,24/17:45,24/17:53,25/08:13,25/08:28,14:20:00,HKG,HKG,A08,10,1,1,NML,8,2025
2949.,B739,PKLHH,LNI,LNI267,LNI990,25/06:57,25/07:01,25/08:19,25/08:31,1:18:19,TRK,DPS,010,10,1,1,NML,8,2025
2950.,A339,PKGHI,GIA,GIA975,GIA974,25/05:53,25/06:00,25/08:45,25/08:56,2:45:03,JED,JED,A07,10,1,1,NML,8,2025
2951.,B738,PKLZZ,MXD,MXD352,MXD353,24/19:07,24/19:12,25/08:56,25/09:17,13:44:11,KUL,KUL,C01,10,0,0,NML,8,2025
2952.,A320,PKLAF,BTK,BTK6133,BTK6391,25/08:09,25/08:11,25/09:06,25/09:21,0:55:13,LOP,CGK,011,10,1,1,NML,8,2025
2953.,B739,PKLQR,LNI,LNI315,LNI856,25/06:31,25/06:35,25/09:02,25/09:11,2:27:00,BDJ,PLM,015,10,1,1,NML,8,2025
2954.,B738,PKLJQ,LNI,LNI837,LNI748,25/08:19,25/08:22,25/09:16,25/09:30,0:54:00,PNK,MDC,017,10,1,1,NML,8,2025
2955.,A320,PKGQP,CTV,CTV671,CTV486,25/08:26,25/08:28,25/09:14,25/09:26,0:46:00,LOP,BDJ,006,10,1,1,NML,8,2025
2956.,A320,PKSJQ,SJV,SJV703,SJV612,25/08:00,25/08:02,25/09:30,25/09:42,1:27:59,DPS,BPN,009,10,1,1,NML,8,2025
2957.,B738,PKGUH,GIA,GIA304,GIA342,25/08:11,25/08:14,25/09:18,25/09:24,1:04:00,CGK,DPS,004,10,1,1,NML,8,2025
2958.,A320,PKPWK,PAS,PAS200,PAS201,25/08:15,25/08:17,25/09:23,25/09:36,1:06:22,CGK,CGK,005,10,1,1,NML,8,2025
2959.,BK17,PKFGG,SAG,PKFGG,PKFGG,25/08:29,25/08:29,25/09:25,25/09:33,0:56:00,ZKD,ZKD,A01,10,0,0,NML,8,2025
2960.,A320,PKGQN,CTV,CTV435,CTV434,25/08:42,25/08:45,25/09:26,25/09:40,0:41:00,BPN,BPN,007,10,1,1,NML,8,2025
2961.,A320,PKLZH,BTK,BTK6572,BTK6135,25/06:48,25/06:54,25/09:52,25/10:09,2:57:47,CGK,PKN,020,10,0,0,NML,8,2025
2962.,B738MAX,9MMVD,MAS,MAS871,MAS870,25/08:58,25/09:05,25/10:01,25/10:11,0:56:00,KUL,KUL,A06,10,1,1,NML,8,2025
2963.,B735,PKNAT,LKN,LKN243,LKN242,25/08:50,25/08:52,25/09:49,25/10:08,0:57:00,SMQ,SMQ,010,10,1,1,NML,8,2025
2964.,A359,9VSHA,SIA,SIA922,SIA923,25/08:54,25/09:00,25/10:06,25/10:22,1:06:00,SIN,SIN,A08,10,1,1,NML,8,2025
2965.,A320,PKLUJ,BTK,BTK6584,BTK6585,25/10:17,25/10:20,25/11:04,25/11:14,0:44:00,CGK,CGK,011,10,1,1,NML,8,2025
2966.,B739,PKLGW,LNI,LNI791,LNI706,25/10:43,25/10:46,25/11:45,25/11:45,0:59:00,UPG,UPG,017,10,1,1,NML,8,2025
2967.,A320,PKGLE,CTV,CTV351,CTV350,25/09:28,25/09:31,25/10:15,25/10:25,0:44:00,UPG,UPG,006,10,1,1,NML,8,2025
2968.,A320,9VTRP,TGW,TGW296,TGW297,25/09:38,25/09:43,25/10:39,25/10:49,0:56:00,SIN,SIN,A02,10,1,1,NML,8,2025
2969.,B739,PKLSP,LNI,LNI645,LNI822,25/10:12,25/10:16,25/12:07,25/12:25,1:51:34,LOP,LOP,015,10,1,1,NML,8,2025
2970.,A320,PKPWA,PAS,PAS210,PAS211,25/09:49,25/09:53,25/10:41,25/10:51,0:48:00,CGK,CGK,005,10,1,1,NML,8,2025
2971.,B739,PKLSW,LNI,LNI923,LNI973,24/21:42,24/21:45,25/11:26,25/11:36,13:41:00,DPS,BTH,012,10,1,1,NML,8,2025
2972.,A320,PKLUK,BTK,BTK7513,BTK7516,25/10:19,25/10:24,25/11:04,25/11:13,0:40:00,HLP,HLP,010,10,1,1,NML,8,2025
2973.,B739,PKLHR,LNI,LNI929,LNI682,25/07:10,25/07:16,25/11:00,25/11:09,3:43:30,DPS,PKY,021,10,0,0,NML,8,2025
2974.,B739,PKLFW,LNI,LNI697,LNI697,25/10:27,25/10:30,25/12:02,25/12:19,1:32:00,KOE,CGK,016,10,1,1,NML,8,2025
2975.,A320,PKAZI,AWQ,AWQ321,AWQ322,25/10:59,25/11:03,25/11:40,25/11:49,0:37:00,KUL,KUL,A03,10,1,1,NML,8,2025
2976.,A320,PKLAQ,BTK,BTK6582,BTK6581,25/10:56,25/10:59,25/12:03,25/12:23,1:04:00,CGK,CGK,014,10,1,1,NML,8,2025
2977.,A320,PKLAZ,BTK,BTK7517,BTK7520,25/10:35,25/10:38,25/11:43,25/11:54,1:05:00,HLP,HLP,009,10,1,1,NML,8,2025
2978.,B738,PKGUG,GIA,GIA322,GIA327,25/10:23,25/10:28,25/11:46,25/11:52,1:18:00,CGK,CGK,004,10,1,1,NML,8,2025
2979.,B739,PKLSR,LNI,LNI223,LNI780,25/10:45,25/10:50,25/12:01,25/12:10,1:11:00,BDJ,UPG,018,10,0,0,NML,8,2025
2980.,A320,PKGQH,CTV,CTV461,CTV9462,25/11:11,25/11:15,25/12:01,25/12:21,0:46:00,AAP,AAP,007,10,1,1,NML,8,2025
2981.,B735,PKNAU,LKN,LKN193,LKN192,25/15:05,25/15:07,25/15:41,25/15:56,0:34:00,PKN,PKN,010,10,1,1,NML,8,2025
2982.,A320,PKSAJ,SJV,SJV567,SJV636,25/11:34,25/11:39,25/12:36,25/12:48,0:57:00,PLW,BDJ,012,10,1,1,NML,8,2025
2983.,B739,PKLHY,LNI,LNI694,LNI694,25/12:02,25/12:05,25/12:49,25/13:03,0:44:00,CGK,KOE,010,10,1,1,NML,8,2025
2984.,A320,PKSAL,SJV,SJV641,SJV632,25/13:50,25/13:54,25/14:49,25/15:02,0:55:00,AAP,BDJ,016,10,1,1,NML,8,2025
2985.,A320,PKBKQ,BTK,BTK7515,BTK7514,25/12:46,25/12:49,25/13:46,25/13:58,0:57:00,HLP,HLP,009,10,1,1,NML,8,2025
2986.,B739,PKLSL,LNI,LNI919,LNI680,25/12:07,25/12:13,25/13:14,25/13:32,1:01:00,DPS,PKY,011,10,1,1,NML,8,2025
2987.,B738,PKLJS,LNI,LNI869,LNI722,25/12:14,25/12:17,25/13:59,25/14:17,1:42:00,TTE,KDI,015,10,1,1,NML,8,2025
2988.,A320,PKAXD,AWQ,AWQ393,AWQ324,25/12:27,25/12:31,25/13:13,25/13:28,0:42:00,JHB,KUL,A03,10,1,1,NML,8,2025
2989.,A320,PKPWI,PAS,PAS204,PAS205,25/11:55,25/12:00,25/13:13,25/13:30,1:13:00,CGK,CGK,005,10,1,1,NML,8,2025
2990.,A320,PKGQP,CTV,CTV487,CTV668,25/12:11,25/12:13,25/13:33,25/13:48,1:20:00,BDJ,DPS,006,10,1,1,NML,8,2025
2991.,A320,PKLZH,BTK,BTK6134,BTK6346,25/12:36,25/12:40,25/13:25,25/13:42,0:45:00,PKN,BEJ,008,10,1,1,NML,8,2025
2992.,A320,PKSTA,SJV,SJV363,SJV642,25/13:37,25/13:41,25/14:32,25/14:47,0:51:00,KNO,AAP,010,10,1,1,NML,8,2025
2993.,B739,PKLSP,LNI,LNI823,LNI260,25/15:38,25/15:45,25/16:45,25/16:55,1:00:00,LOP,BPN,015,10,1,1,NML,8,2025
2994.,A320,PKGTG,CTV,CTV690,CTV693,25/13:54,25/13:57,25/14:36,25/14:50,0:39:00,DPS,DPS,006,10,1,1,NML,8,2025
2995.,A320,PKGQC,CTV,CTV716,CTV717,25/13:34,25/13:36,25/14:16,25/14:27,0:40:00,CGK,CGK,007,10,1,1,NML,8,2025
2996.,B738,PKLOJ,LNI,LNI839,LNI836,25/13:00,25/13:05,25/14:00,25/14:19,0:55:00,PNK,PNK,012,10,1,1,NML,8,2025
2997.,A339,PKLER,LNI,LNI105,LNI106,25/12:16,25/12:24,25/14:18,25/14:29,1:54:00,JED,JED,A06,10,1,1,NML,8,2025
2998.,B739,PKLQR,LNI,LNI857,LNI910,25/13:40,25/13:45,25/14:55,25/15:07,1:10:00,PLM,DPS,014,10,1,1,NML,8,2025
2999.,A320,PKGQN,CTV,CTV431,CTV948,25/13:44,25/13:47,25/14:30,25/14:43,0:43:00,BPN,BTH,008,10,1,1,NML,8,2025
3000.,B738,PKGMI,GIA,GIA312,GIA317,25/13:46,25/13:49,25/14:38,25/14:50,0:49:00,CGK,CGK,004,10,1,1,NML,8,2025
3001.,B739,PKLGW,LNI,LNI707,LNI642,25/16:03,25/16:06,25/16:54,25/17:05,0:48:00,UPG,LOP,014,10,1,1,NML,8,2025
3002.,B738,PKGFS,GIA,GIA330,GIA331,25/14:06,25/14:11,25/14:59,25/15:12,0:48:00,HLP,HLP,005,10,1,1,NML,8,2025
3003.,B739,PKLSY,LNI,LNI879,LNI804,25/14:15,25/14:18,25/16:24,25/16:37,2:06:26,AMQ,DPS,011,10,1,1,NML,8,2025
3004.,A320,PKLAZ,BTK,BTK7501,BTK7512,25/14:59,25/15:04,25/15:51,25/16:05,0:47:00,HLP,HLP,008,10,1,1,NML,8,2025
3005.,A320,PKLAQ,BTK,BTK6406,BTK6401,25/15:43,25/15:46,25/16:50,25/16:59,1:04:00,CGK,CGK,007,10,1,1,NML,8,2025
3006.,B738,HSLGT,TLM,TLM268,TLM269,25/15:21,25/15:27,25/16:30,25/16:41,1:02:41,DMK,DMK,A04,10,1,1,NML,8,2025
3007.,A320,PKSAJ,SJV,SJV637,SJV648,25/15:46,25/15:49,25/16:34,25/16:44,0:45:00,BDJ,BPN,009,10,1,1,NML,8,2025
3008.,B738,PKGNE,GIA,GIA310,GIA315,25/15:41,25/15:43,25/16:26,25/16:39,0:42:38,CGK,CGK,004,10,1,1,NML,8,2025
3009.,B738MAX,9VMBO,SIA,SIA926,SIA927,25/15:35,25/15:40,25/16:31,25/16:46,0:51:00,SIN,SIN,A08,10,1,1,NML,8,2025
3010.,A320,PKGQH,CTV,CTV9463,CTV698,25/15:54,25/16:00,25/16:40,25/16:52,0:40:00,AAP,DPS,006,10,1,1,NML,8,2025
3011.,B739,PKLGL,LNI,LNI801,LNI268,25/11:19,25/11:24,25/16:42,25/16:50,5:18:00,UPG,TRK,020,10,0,0,NML,8,2025
3012.,A320,PKPWC,PAS,PAS206,PAS623,25/15:58,25/16:01,25/16:44,25/16:57,0:43:00,CGK,BPN,005,10,1,1,NML,8,2025
3013.,A320,PKSAL,SJV,SJV633,SJV726,25/17:55,25/17:55,25/18:35,25/18:51,0:40:00,BDJ,LBJ,008,10,1,1,NML,8,2025
3014.,B739,PKLSI,LNI,LNI692,LNI692,25/17:11,25/17:14,25/17:53,25/18:06,0:39:53,CGK,KOE,016,10,1,1,NML,8,2025
3015.,B739,PKLHY,LNI,LNI695,LNI226,25/17:44,25/17:47,25/18:34,25/18:47,0:47:00,KOE,BDJ,012,10,1,1,NML,8,2025
3016.,A320,PKBKV,BTK,BTK6578,BTK7579,25/16:35,25/16:39,25/17:29,25/17:40,0:50:00,CGK,CGK,008,10,1,1,NML,8,2025
3017.,B738,PKLJQ,LNI,LNI749,LNI838,25/15:16,25/15:20,25/17:37,25/17:55,2:17:00,MDC,PNK,017,10,1,1,NML,8,2025
3018.,A320,PKAZI,AWQ,AWQ323,AWQ326,25/17:13,25/17:16,25/17:52,25/18:03,0:36:00,KUL,KUL,A03,10,1,1,NML,8,2025
3019.,A320,PKGQI,CTV,CTV736,CTV9674,25/17:32,25/17:35,25/18:46,25/18:59,1:11:13,CGK,LOP,007,10,1,1,NML,8,2025
3020.,A320,PKBKF,BTK,BTK7519,BTK7518,25/18:54,25/18:57,25/19:53,25/20:05,0:56:00,HLP,CGK,008,10,1,1,NML,8,2025
3021.,B739,PKLSL,LNI,LNI681,LNI581,25/16:25,25/16:29,25/19:15,25/19:28,2:45:12,PKY,CGK,026,10,0,0,NML,8,2025
3022.,B739,PKLHR,LNI,LNI683,LNI920,25/17:59,25/18:04,25/18:56,25/19:09,0:52:00,PKY,DPS,014,10,1,1,NML,8,2025
3023.,A320,PKPWD,PAS,PAS622,PAS207,25/17:18,25/17:21,25/18:06,25/18:18,0:45:00,BPN,CGK,006,10,1,1,NML,8,2025
3024.,B737MAX,9MMVK,MAS,MAS875,MAS874,25/17:22,25/17:29,25/18:19,25/18:31,0:50:18,KUL,KUL,A06,10,1,1,NML,8,2025
3025.,B738,PKGUH,GIA,GIA349,GIA313,25/17:34,25/17:38,25/18:23,25/18:37,0:45:00,DPS,CGK,004,10,1,1,NML,8,2025
3026.,A320,PKSTA,SJV,SJV643,SJV362,25/18:08,25/18:10,25/19:00,25/19:16,0:50:57,AAP,KNO,015,10,1,1,NML,8,2025
3027.,B739,PKLSY,LNI,LNI805,LNI316,25/19:14,25/19:18,25/20:01,25/20:11,0:43:00,DPS,BDJ,016,10,1,1,NML,8,2025
3028.,A320,PKLUK,BTK,BTK7503,BTK7502,25/17:49,25/17:52,25/18:40,25/18:56,0:48:00,HLP,HLP,010,10,1,1,NML,8,2025
3029.,A320,PKGTG,CTV,CTV669,CTV352,25/17:38,25/17:41,25/18:40,25/18:57,0:59:43,DPS,UPG,009,10,1,1,NML,8,2025
3030.,B738MAX,PKGDC,GIA,GIA320,GIA325,25/18:16,25/18:19,25/19:03,25/19:18,0:44:00,CGK,CGK,005,10,1,1,NML,8,2025
3031.,A320,PKGQG,CTV,CTV172,CTV173,25/18:04,25/18:09,25/18:59,25/19:11,0:49:58,HLP,HLP,003,10,0,0,NML,8,2025
3032.,B738MAX,9VMBE,SIA,SIA928,SIA929,25/18:11,25/18:17,25/19:12,25/19:29,0:55:00,SIN,SIN,A03,10,1,1,NML,8,2025
3033.,B738,PKCRH,SJY,SJY567,SJY562,25/19:46,25/19:49,25/20:27,25/20:39,0:38:00,UPG,UPG,010,10,1,1,NML,8,2025
3034.,B738,PKGFV,GIA,GIA326,GIA319,25/20:07,25/20:11,25/20:58,25/21:12,0:47:00,CGK,CGK,004,10,1,1,NML,8,2025
3035.,A320,PKBKP,BTK,BTK6576,BTK6575,25/20:38,25/20:41,25/22:46,25/22:57,2:05:00,CGK,CGK,012,10,1,1,NML,8,2025
3036.,A320,PKGQM,CTV,CTV949,CTV737,25/18:44,25/18:50,25/20:28,25/20:44,1:38:00,BTH,CGK,006,10,1,1,NML,8,2025
3037.,B739,PKLSR,LNI,LNI885,LNI880,25/21:40,25/21:43,25/22:38,25/22:48,0:55:00,UPG,UPG,010,10,1,1,NML,8,2025
3038.,A320,PKLAO,BTK,BTK6137,BTK6136,25/19:42,25/19:47,25/22:10,25/22:22,2:23:00,UPG,UPG,009,10,1,1,NML,8,2025
3039.,A320,PKSJQ,SJV,SJV615,SJV610,25/20:27,25/20:32,26/04:58,26/05:14,8:26:00,BPN,BPN,016,28,1,1,NML,8,2025
3040.,A320,PKAXD,AWQ,AWQ325,AWQ320,25/19:07,25/19:13,26/05:00,26/05:12,9:47:00,KUL,KUL,A01,28,1,1,NML,8,2025
3041.,A320,PKLAL,BTK,BTK7521,BTK7508,25/21:48,25/21:52,26/05:00,26/05:10,7:08:00,HLP,HLP,018,28,0,0,NML,8,2025
3042.,B739,PKLGW,LNI,LNI865,LNI786,25/19:32,25/19:37,26/05:20,26/05:31,9:43:00,LOP,UPG,025,28,0,0,NML,8,2025
3043.,A320,PKGQO,CTV,CTV726,CTV430,25/22:34,25/22:38,26/05:00,26/05:08,6:22:00,CGK,BPN,008,28,1,1,NML,8,2025
3044.,B738,PKGUI,GIA,GIA328,GIA301,25/19:51,25/19:56,26/05:02,26/05:16,9:06:00,CGK,CGK,005,28,1,1,NML,8,2025
3045.,A320,PKLZH,BTK,BTK6347,BTK6132,25/17:56,25/18:01,26/05:05,26/05:17,11:03:59,BEJ,LOP,022,28,0,0,NML,8,2025
3046.,A320,PKGQJ,CTV,CTV353,CTV725,25/21:32,25/21:36,26/05:48,26/05:58,8:12:00,UPG,CGK,006,28,1,1,NML,8,2025
3047.,A320,PKGQH,CTV,CTV699,CTV670,25/19:20,25/19:26,26/05:48,26/05:56,10:22:00,DPS,LOP,007,28,1,1,NML,8,2025
3048.,A320,PKSAL,SJV,SJV725,SJV706,25/22:10,25/22:14,26/05:50,26/06:02,7:36:00,LBJ,DPS,15B,28,0,0,NML,8,2025
3049.,A320,PKSTS,SJV,SJV619,SJV640,25/18:49,25/18:52,26/05:55,26/06:05,11:02:40,BPN,AAP,024,28,0,0,NML,8,2025
3050.,A320,V8RBD,RBA,RBA795,RBA796,25/19:59,25/20:06,26/06:00,26/06:12,9:54:00,BWN,BWN,A06,28,1,1,NML,8,2025
3051.,A320,PKAZI,AWQ,AWQ327,AWQ386,25/23:31,25/23:36,26/06:13,26/06:26,6:37:00,KUL,PEN,A03,28,1,1,NML,8,2025
3052.,A320,PKBKT,BTK,BTK6413,BTK6412,25/19:55,25/19:59,26/06:13,26/06:23,10:14:00,DPS,DPS,017,28,1,1,NML,8,2025
3053.,B739,PKLQR,LNI,LNI923,LNI690,25/17:41,25/17:44,26/06:32,26/06:43,12:48:00,DPS,KOE,011,28,1,1,NML,8,2025
3054.,B738MAX,PKOFM,AFE,AFE921,AFE921,26/06:10,26/06:15,26/06:52,26/07:02,0:37:00,CGK,TIM,005,10,1,1,NML,8,2025
3055.,C208,PKVVO,SUS,PKVVO,PKVVO,25/09:04,25/09:04,26/07:14,26/07:24,22:09:44,BXW,BXW,C07,10,0,0,NML,8,2025
3056.,A320,PKLUR,BTK,BTK6588,BTK6573,25/21:29,25/21:36,26/07:05,26/07:18,9:29:00,CGK,CGK,014,10,1,1,NML,8,2025
3057.,B738,PKGFU,GIA,GIA855,GIA854,25/20:34,25/20:40,26/07:05,26/07:15,10:25:00,SIN,SIN,A02,10,1,1,NML,8,2025
3058.,B738,PKGFR,GIA,GIA324,GIA305,25/20:58,25/21:03,26/07:03,26/07:16,10:00:00,CGK,CGK,004,10,1,1,NML,8,2025
3059.,B739,PKLHY,LNI,LNI311,LNI646,26/06:02,26/06:05,26/07:19,26/07:32,1:14:00,BDJ,LOP,016,10,1,1,NML,8,2025
3060.,A320,PKGLE,CTV,CTV170,CTV175,26/06:25,26/06:33,26/07:16,26/07:30,0:43:00,HLP,CGK,007,10,1,1,NML,8,2025
3061.,B739,PKLHI,LNI,LNI363,LNI222,26/06:16,26/06:25,26/07:26,26/07:40,1:01:00,BPN,BDJ,012,10,1,1,NML,8,2025
3062.,A320,PKLUH,BTK,BTK7511,BTK7510,26/06:47,26/06:56,26/07:39,26/07:51,0:43:00,HLP,HLP,008,10,1,1,NML,8,2025
3063.,A320,PKGQI,CTV,CTV9675,CTV460,26/06:36,26/06:45,26/07:26,26/07:37,0:41:00,LOP,AAP,006,10,1,1,NML,8,2025
3064.,E135,T7JCI,AFS,T7JCI,T7JCI,26/06:20,26/06:22,26/07:10,26/07:20,0:48:00,CGK,CGK,A09,10,0,0,NML,8,2025
3065.,B739,PKLSW,LNI,LNI972,LNI693,25/20:54,25/20:58,26/07:48,26/08:17,10:50:00,BTH,CGK,15A,10,0,0,NML,8,2025
3066.,B739,PKLHR,LNI,LNI929,LNI982,26/06:44,26/06:49,26/07:53,26/08:26,1:04:00,DPS,PKU,017,10,1,1,NML,8,2025
3067.,A21N,B32M5,CSN,CSN8137,CSN8138,25/21:09,25/21:16,26/07:52,26/08:12,10:36:00,CAN,CAN,A04,10,1,1,NML,8,2025
3068.,A333,BHLM,CPA,CPA779,CPA780,25/17:46,25/17:54,26/08:09,26/08:42,14:15:00,HKG,HKG,A08,10,1,1,NML,8,2025
3069.,B739,PKLSI,LNI,LNI693,LNI990,26/06:41,26/06:47,26/08:59,26/09:15,2:12:00,KOE,DPS,15B,10,0,0,NML,8,2025
3070.,B738,PKGNH,GIA,GIA314,GIA323,26/07:21,26/07:25,26/08:22,26/08:46,0:57:00,CGK,CGK,004,10,1,1,NML,8,2025
"3071.,DHC6,PKICP,PGT,PKICP,PKICP,23/10:54,23/10:58,26/07:56,26/08:06,""2 days, 20:58:00"",PAG,PAG,028,10,0,0,NML,8,2025"
3072.,B738,PKLZZ,MXD,MXD352,MXD353,25/19:25,25/19:30,26/08:46,26/08:57,13:16:00,KUL,KUL,C01,10,0,0,NML,8,2025
3073.,A320,PKLZH,BTK,BTK6133,BTK6391,26/08:15,26/08:19,26/09:00,26/09:20,0:41:00,LOP,CGK,008,10,1,1,NML,8,2025
3074.,A320,PKGQH,CTV,CTV671,CTV486,26/08:31,26/08:35,26/09:14,26/09:26,0:39:00,LOP,BDJ,007,10,1,1,NML,8,2025
3075.,B738,PKGFS,GIA,GIA304,GIA342,26/08:27,26/08:31,26/09:24,26/09:39,0:53:00,CGK,DPS,005,10,1,1,NML,8,2025
3076.,A320,PKSAL,SJV,SJV703,SJV612,26/08:36,26/08:39,26/09:36,26/09:47,0:57:00,DPS,BPN,011,10,1,1,NML,8,2025
3077.,A320,PKPWE,PAS,PAS200,PAS201,26/08:22,26/08:26,26/09:09,26/09:24,0:43:00,CGK,CGK,006,10,1,1,NML,8,2025
3078.,A320,PKGQO,CTV,CTV435,CTV434,26/08:50,26/08:55,26/09:31,26/09:44,0:36:00,BPN,BPN,004,10,1,1,NML,8,2025
3079.,A320,PKBKJ,BTK,BTK6572,BTK6135,26/07:00,26/07:06,26/09:38,26/09:51,2:32:00,CGK,PKN,009,10,1,1,NML,8,2025
3080.,B738MAX,9MMVL,MAS,MAS871,MAS870,26/08:54,26/09:01,26/10:05,26/10:18,1:04:00,KUL,KUL,A03,10,1,1,NML,8,2025
3081.,A359,9VSHM,SIA,SIA922,SIA923,26/09:01,26/09:07,26/10:07,26/10:21,1:00:00,SIN,SIN,A08,10,1,1,NML,8,2025
3082.,A320,PKBKG,BTK,BTK6584,BTK6585,26/10:25,26/10:29,26/11:22,26/11:33,0:53:00,CGK,CGK,008,10,1,1,NML,8,2025
3083.,A320,PKSJQ,SJV,SJV611,SJV632,26/08:44,26/08:48,26/10:26,26/10:37,1:38:00,BPN,BDJ,010,10,1,1,NML,8,2025
3084.,A320,PKGQN,CTV,CTV351,CTV350,26/09:32,26/09:36,26/10:19,26/10:29,0:43:00,UPG,UPG,006,10,1,1,NML,8,2025
3085.,B739,PKLQT,LNI,LNI690,LNI706,26/05:02,26/05:09,26/11:02,26/11:12,5:53:00,CGK,UPG,020,10,0,0,NML,8,2025
3086.,B739,PKLGW,LNI,LNI791,LNI822,26/09:45,26/09:49,26/10:45,26/10:55,0:56:00,UPG,LOP,014,10,1,1,NML,8,2025
3087.,A320,9VTRV,TGW,TGW296,TGW297,26/09:54,26/09:58,26/10:50,26/10:58,0:52:00,SIN,SIN,A02,10,1,1,NML,8,2025
3088.,A320,PKPWL,PAS,PAS210,PAS211,26/09:42,26/09:44,26/10:30,26/10:41,0:46:00,CGK,CGK,005,10,1,1,NML,8,2025
3089.,B739,PKLHY,LNI,LNI645,LNI973,26/10:16,26/10:19,26/11:09,26/11:23,0:50:00,LOP,BTH,012,10,1,1,NML,8,2025
3090.,A320,PKLAZ,BTK,BTK7513,BTK7516,26/10:12,26/10:16,26/10:56,26/11:09,0:40:00,HLP,HLP,009,10,1,1,NML,8,2025
3091.,A320,PKAXD,AWQ,AWQ321,AWQ322,26/11:00,26/11:06,26/11:41,26/11:49,0:35:00,KUL,KUL,A03,10,1,1,NML,8,2025
3092.,A339,PKGHI,GIA,GIA975,GIA974,26/08:39,26/08:47,26/11:26,26/11:36,2:39:00,JED,JED,A06,10,1,1,NML,8,2025
3093.,A333,PKGPO,GIA,GIA322,GIA327,26/10:05,26/10:10,26/11:26,26/11:43,1:16:00,CGK,CGK,004,10,1,1,NML,8,2025
3094.,A320,PKLUH,BTK,BTK7517,BTK7520,26/10:53,26/10:56,26/11:40,26/11:52,0:44:00,HLP,HLP,010,10,1,1,NML,8,2025
3095.,B739,PKLQR,LNI,LNI697,LNI697,26/11:07,26/11:11,26/12:09,26/12:19,0:58:00,KOE,CGK,015,10,1,1,NML,8,2025
3096.,B739,PKLHH,LNI,LNI805,LNI804,26/11:04,26/11:07,26/12:00,26/12:09,0:53:00,DPS,DPS,014,10,1,1,NML,8,2025
3097.,A320,PKGQI,CTV,CTV461,CTV9462,26/11:14,26/11:18,26/11:58,26/12:11,0:40:00,AAP,AAP,006,10,1,1,NML,8,2025
3098.,A320,PKBKF,BTK,BTK6582,BTK6581,26/11:30,26/11:34,26/12:31,26/12:41,0:57:00,CGK,CGK,009,10,1,1,NML,8,2025
"3099.,A339,PKLES,LNI,LNI105,LNI104,24/12:35,24/12:43,26/12:12,26/12:22,""1 day, 23:29:00"",JED,JED,A05,10,1,1,NML,8,2025"
3100.,A320,PKSTS,SJV,SJV643,SJV636,26/09:49,26/09:53,26/12:39,26/12:48,2:46:00,AAP,BDJ,023,10,0,0,NML,8,2025
3101.,B739,PKLSY,LNI,LNI315,LNI780,26/07:53,26/07:56,26/12:36,26/12:44,4:40:00,BDJ,UPG,018,10,0,0,NML,8,2025
3102.,B739,PKLGU,LNI,LNI694,LNI694,26/12:28,26/12:31,26/13:26,26/13:43,0:55:00,CGK,KOE,012,10,1,1,NML,8,2025
3103.,A320,PKPWJ,PAS,PAS204,PAS205,26/11:53,26/11:55,26/13:19,26/13:36,1:24:00,CGK,CGK,004,10,1,1,NML,8,2025
3104.,A320,PKAZI,AWQ,AWQ387,AWQ324,26/12:56,26/13:02,26/13:41,26/14:00,0:39:00,PEN,KUL,A03,10,1,1,NML,8,2025
3105.,A320,PKGQF,CTV,CTV690,CTV693,26/12:45,26/12:49,26/13:26,26/13:52,0:37:00,DPS,DPS,008,10,1,1,NML,8,2025
3106.,B735,PKNAQ,LKN,LKN671,LKN670,26/11:13,26/11:13,26/13:37,26/13:47,2:24:00,TMC,TMC,011,10,1,1,NML,8,2025
3107.,A320,PKBKJ,BTK,BTK6134,BTK6346,26/12:35,26/12:39,26/13:34,26/13:54,0:55:00,PKN,BEJ,010,10,1,1,NML,8,2025
3108.,A320,PKGQH,CTV,CTV487,CTV668,26/11:47,26/11:51,26/13:18,26/13:33,1:27:00,BDJ,DPS,007,10,1,1,NML,8,2025
3109.,B739,PKLHI,LNI,LNI223,LNI260,26/11:38,26/11:42,26/14:17,26/14:26,2:35:00,BDJ,BPN,016,10,1,1,NML,8,2025
3110.,B739,PKLSV,LNI,LNI801,LNI680,26/13:47,26/13:51,26/14:47,26/14:58,0:56:00,UPG,PKY,014,10,1,1,NML,8,2025
3111.,B738,PKLJS,LNI,LNI727,LNI836,25/18:20,26/06:54,26/14:35,26/14:44,20:09:49,KDI,PNK,024,10,0,0,NML,8,2025
3112.,A320,PKSJQ,SJV,SJV633,SJV726,26/13:45,26/13:48,26/14:30,26/14:40,0:42:00,BDJ,LBJ,010,10,1,1,NML,8,2025
3113.,A320,PKGLX,CTV,CTV716,CTV717,26/13:28,26/13:32,26/14:08,26/14:18,0:36:00,CGK,CGK,005,10,1,1,NML,8,2025
3114.,B738MAX,PKOFI,AFE,AFE920,AFE920,26/13:51,26/13:54,26/14:31,26/14:43,0:37:00,TIM,CGK,007,10,1,1,NML,8,2025
3115.,B739,PKLHR,LNI,LNI983,LNI910,26/13:56,26/13:59,26/14:47,26/14:57,0:48:00,PKU,DPS,011,10,1,1,NML,8,2025
3116.,A320,PKGQO,CTV,CTV431,CTV948,26/13:31,26/13:35,26/14:38,26/14:52,1:03:00,BPN,BTH,006,10,1,1,NML,8,2025
3117.,A320,PKLUK,BTK,BTK7515,BTK7514,26/13:38,26/13:43,26/14:39,26/14:53,0:56:00,HLP,HLP,009,10,1,1,NML,8,2025
3118.,B739,PKLGW,LNI,LNI823,LNI642,26/13:34,26/13:38,26/15:31,26/15:39,1:53:00,LOP,LOP,017,10,1,1,NML,8,2025
3119.,B738,PKGFI,GIA,GIA330,GIA331,26/14:04,26/14:07,26/15:01,26/15:12,0:54:00,HLP,HLP,004,10,1,1,NML,8,2025
3120.,A320,PKLUH,BTK,BTK7501,BTK7512,26/14:42,26/14:46,26/15:37,26/15:47,0:51:00,HLP,HLP,010,10,1,1,NML,8,2025
3121.,A320,PKBLC,BTK,BTK6406,BTK6401,26/15:49,26/15:54,26/16:48,26/16:59,0:54:00,CGK,CGK,009,10,1,1,NML,8,2025
3122.,A320,PKSTS,SJV,SJV637,SJV648,26/15:30,26/15:32,26/16:31,26/16:44,0:59:00,BDJ,BPN,011,10,1,1,NML,8,2025
3123.,B738,PKGMA,GIA,GIA310,GIA315,26/15:43,26/15:51,26/16:47,26/16:58,0:56:00,CGK,CGK,004,10,1,1,NML,8,2025
3124.,B738MAX,9VMBA,SIA,SIA926,SIA927,26/15:35,26/15:42,26/16:30,26/16:44,0:48:00,SIN,SIN,A08,10,1,1,NML,8,2025
3125.,A320,PKGQI,CTV,CTV9463,CTV698,26/16:06,26/16:10,26/16:40,26/16:51,0:30:00,AAP,DPS,006,10,1,1,NML,8,2025
3126.,A320,PKPWD,PAS,PAS206,PAS623,26/16:00,26/16:03,26/16:40,26/16:53,0:37:00,CGK,BPN,005,10,1,1,NML,8,2025
3127.,B739,PKLJG,LNI,LNI787,LNI692,26/15:26,26/15:30,26/17:03,26/17:14,1:33:00,UPG,KOE,023,10,0,0,NML,8,2025
3128.,A320,PKGQF,CTV,CTV669,CTV9674,26/16:12,26/16:16,26/17:03,26/17:12,0:47:00,DPS,LOP,007,10,1,1,NML,8,2025
3129.,B739,PKLHY,LNI,LNI972,LNI226,26/16:03,26/16:05,26/17:04,26/17:16,0:59:00,BTH,BDJ,012,10,1,1,NML,8,2025
3130.,A320,PKBLA,BTK,BTK6578,BTK7579,26/16:48,26/16:52,26/17:31,26/17:42,0:39:00,CGK,CGK,009,10,1,1,NML,8,2025
3131.,B738,PKLQY,LNI,LNI839,LNI838,26/15:15,26/15:19,26/17:32,26/17:41,2:13:00,PNK,PNK,025,10,0,0,NML,8,2025
3132.,B738,PKGUH,GIA,GIA312,GIA317,26/16:41,26/16:45,26/17:40,26/17:58,0:55:00,CGK,CGK,005,10,1,1,NML,8,2025
3133.,A320,PKAXD,AWQ,AWQ323,AWQ326,26/19:48,26/19:54,26/20:31,26/20:47,0:37:00,KUL,KUL,A01,28,1,1,NML,8,2025
3134.,B739,PKLSV,LNI,LNI681,LNI800,26/17:59,26/18:02,26/18:53,26/19:04,0:51:00,PKY,UPG,014,10,1,1,NML,8,2025
3135.,A320,PKBKR,BTK,BTK7519,BTK7518,26/17:56,26/18:00,26/18:39,26/18:47,0:39:00,HLP,CGK,011,10,1,1,NML,8,2025
3136.,B739,PKLQT,LNI,LNI707,LNI920,26/15:00,26/15:04,26/19:27,26/19:37,4:23:00,UPG,DPS,018,10,0,0,NML,8,2025
3137.,A320,PKPWG,PAS,PAS622,PAS207,26/17:30,26/17:34,26/18:10,26/18:25,0:36:00,BPN,CGK,006,10,1,1,NML,8,2025
3138.,B738,9MMLT,MAS,MAS875,MAS874,26/17:10,26/17:16,26/18:15,26/18:29,0:59:00,KUL,KUL,A03,10,1,1,NML,8,2025
3139.,A320,PKGQR,CTV,CTV489,CTV352,26/17:47,26/17:51,26/18:30,26/18:44,0:39:00,BDJ,UPG,007,10,1,1,NML,8,2025
3140.,B738,PKGFS,GIA,GIA349,GIA313,26/17:27,26/17:31,26/18:27,26/18:41,0:56:00,DPS,CGK,004,10,1,1,NML,8,2025
3141.,A320,PKLAZ,BTK,BTK7503,BTK7502,26/18:13,26/18:17,26/18:59,26/19:10,0:42:00,HLP,HLP,010,10,1,1,NML,8,2025
3142.,B739,PKLGU,LNI,LNI695,LNI581,26/18:19,26/18:23,26/19:19,26/19:29,0:56:00,KOE,CGK,012,10,1,1,NML,8,2025
3143.,B738,PKGFD,GIA,GIA320,GIA325,26/18:23,26/18:27,26/19:08,26/19:20,0:41:00,CGK,CGK,005,10,1,1,NML,8,2025
3144.,A320,PKGQG,CTV,CTV172,CTV173,26/18:02,26/18:06,26/18:53,26/19:05,0:47:00,HLP,HLP,008,10,1,1,NML,8,2025
3145.,B738MAX,9VMBB,SIA,SIA928,SIA929,26/18:30,26/18:36,26/19:23,26/19:35,0:47:00,SIN,SIN,A01,10,1,1,NML,8,2025
3146.,A320,PKLUV,BTK,BTK6576,BTK6575,26/20:32,26/20:39,26/21:15,26/21:24,0:36:00,CGK,CGK,009,28,1,1,NML,8,2025
3147.,B788,9VOFA,TGW,TGW266,TGW267,26/18:34,26/18:41,26/19:47,26/19:55,1:06:00,SIN,SIN,A06,10,1,1,NML,8,2025
3148.,B738MAX,PKGDC,GIA,GIA326,GIA319,26/19:42,26/19:45,26/20:32,26/20:43,0:47:00,CGK,CGK,004,28,1,1,NML,8,2025
3149.,B738,PKCRH,SJY,SJY567,SJY562,26/20:35,26/20:40,26/21:30,26/21:40,0:50:00,UPG,UPG,010,10,1,1,NML,8,2025
3150.,A320,PKGQI,CTV,CTV699,CTV737,26/19:17,26/19:21,26/20:37,26/20:53,1:16:00,DPS,CGK,006,28,1,1,NML,8,2025
3151.,A320,PKLUF,BTK,BTK6137,BTK6136,26/20:48,26/20:55,26/21:53,26/22:03,0:58:00,UPG,UPG,011,28,1,1,NML,8,2025
3152.,B739,PKLFW,LNI,LNI692,LNI878,26/15:56,26/16:01,27/05:06,27/05:16,13:05:00,CGK,AMQ,024,28,0,0,NML,8,2025
3153.,A320,PKAZI,AWQ,AWQ325,AWQ320,26/19:23,26/19:27,27/05:04,27/05:14,9:37:00,KUL,KUL,A03,28,1,1,NML,8,2025
3154.,A320,PKSJQ,SJV,SJV725,SJV610,26/18:27,26/18:31,27/05:09,27/05:20,10:38:00,LBJ,BPN,025,28,0,0,NML,8,2025
3155.,A320,PKBKQ,BTK,BTK7521,BTK7508,26/22:15,26/22:20,27/05:09,27/05:19,6:49:00,HLP,HLP,014,28,1,1,NML,8,2025
3156.,B738,PKGFU,GIA,GIA855,GIA301,26/20:38,26/23:12,27/05:01,27/05:10,8:19:00,SIN,CGK,005,28,1,1,NML,8,2025
3157.,A320,PKGLG,CTV,CTV726,CTV430,26/20:41,26/20:48,27/05:02,27/05:12,8:14:00,CGK,BPN,008,28,1,1,NML,8,2025
3158.,A320,PKBLC,BTK,BTK6588,BTK6132,26/21:47,26/21:52,27/05:17,27/05:27,7:25:00,CGK,LOP,012,28,1,1,NML,8,2025
3159.,B739,PKLSV,LNI,LNI885,LNI882,26/22:32,26/22:38,27/05:35,27/05:44,6:57:00,UPG,UPG,015,28,1,1,NML,8,2025
3160.,B739,PKLHS,LNI,LNI690,LNI690,27/05:05,27/05:10,27/05:55,27/06:04,0:45:00,CGK,KOE,010,28,1,1,NML,8,2025
3161.,A320,PKGLI,CTV,CTV949,CTV670,26/19:31,26/19:34,27/05:45,27/05:54,10:11:00,BTH,LOP,007,28,1,1,NML,8,2025
3162.,A320,PKGQC,CTV,CTV353,CTV725,26/20:44,26/20:52,27/05:52,27/06:02,9:00:00,UPG,CGK,006,28,1,1,NML,8,2025
3163.,A320,PKSTS,SJV,SJV613,SJV640,26/20:51,26/20:58,27/05:58,27/06:11,9:00:00,BPN,AAP,17A,28,0,0,NML,8,2025
3164.,B739,PKLHR,LNI,LNI923,LNI646,26/18:16,27/04:25,27/05:57,27/06:06,11:37:00,DPS,LOP,17B,28,0,0,NML,8,2025
"3165.,A320,PKSJV,SJV,SJV637,SJV706,24/23:31,26/23:03,27/06:06,27/06:13,""2 days, 6:31:00"",BDJ,DPS,011,28,1,0,NML,8,2025"
3166.,A320,PKBKT,BTK,BTK6413,BTK6412,26/20:08,26/20:12,27/06:28,27/06:41,10:16:00,DPS,DPS,016,28,1,1,NML,8,2025
3167.,A320,PKSJJ,SJV,SJV619,SJV566,26/18:55,26/23:02,27/06:48,27/07:00,11:47:00,BPN,PLW,018,28,0,1,NML,8,2025
3168.,B739,PKLGW,LNI,LNI865,LNI971,26/18:09,26/18:15,27/07:21,27/07:30,13:06:00,LOP,BTH,026,28,0,0,NML,8,2025
3169.,B739,PKLHH,LNI,LNI919,LNI6001,26/14:46,26/14:50,27/07:29,27/07:39,16:39:00,DPS,SOC,020,28,0,0,NML,8,2025
3170.,B738,PKGFF,GIA,GIA324,GIA305,26/21:22,26/21:28,27/06:56,27/07:04,9:28:00,CGK,CGK,004,28,1,1,NML,8,2025
3171.,B738,PKGMP,GIA,GIA328,GIA854,26/20:28,26/22:49,27/06:59,27/07:12,10:25:00,CGK,SIN,A02,28,1,1,NML,8,2025
3172.,B739,PKLHY,LNI,LNI311,LNI856,27/06:09,27/06:15,27/07:07,27/07:18,0:52:00,BDJ,PLM,010,28,1,1,NML,8,2025
3173.,A320,PKGQM,CTV,CTV170,CTV175,27/06:34,27/06:39,27/07:28,27/07:37,0:49:00,HLP,CGK,007,28,1,1,NML,8,2025
3174.,A320,PKLAZ,BTK,BTK7511,BTK7510,27/06:38,27/06:44,27/07:26,27/07:35,0:42:00,HLP,HLP,009,28,1,1,NML,8,2025
3175.,A320,PKGQF,CTV,CTV9675,CTV460,27/06:29,27/06:37,27/07:22,27/07:32,0:45:00,LOP,AAP,006,28,1,1,NML,8,2025
"3176.,AW139,PKTVN,TVR,PKTVN,PKTVN,23/13:17,23/13:19,27/07:30,27/07:41,""3 days, 18:11:00"",ZZZZ,SUB,H02,28,0,0,NML,8,2025"
3177.,A320,PKAXD,AWQ,AWQ327,AWQ392,27/05:00,27/05:04,27/07:27,27/07:40,2:23:00,KUL,JHB,A01,28,1,1,NML,8,2025
3178.,B739,PKLHQ,LNI,LNI929,LNI266,27/07:06,27/07:11,27/08:11,27/08:23,1:00:00,DPS,BPN,011,28,1,1,NML,8,2025
3179.,B739,PKLJG,LNI,LNI693,LNI693,27/06:44,27/06:51,27/07:42,27/07:49,0:51:00,KOE,CGK,015,28,1,1,NML,8,2025
3180.,A320,PKBKF,BTK,BTK6572,BTK6573,27/06:57,27/07:01,27/07:58,27/08:04,0:57:00,CGK,CGK,008,28,1,1,NML,8,2025
3181.,B739,PKLHI,LNI,LNI363,LNI706,27/06:22,27/06:27,27/08:05,27/08:18,1:38:00,BPN,UPG,012,28,1,1,NML,8,2025
3182.,A333,BLBI,CPA,CPA779,CPA780,26/17:53,26/18:00,27/08:16,27/08:36,14:16:00,HKG,HKG,A08,28,1,1,NML,8,2025
3183.,B738,PKLQY,LNI,LNI837,LNI868,27/07:43,27/07:48,27/08:42,27/09:02,0:54:00,PNK,TTE,016,28,1,1,NML,8,2025
3184.,A320,PKBLC,BTK,BTK6133,BTK6391,27/08:01,27/08:08,27/08:56,27/09:05,0:48:00,LOP,CGK,009,28,1,1,NML,8,2025
"3185.,B738,PKLOJ,LNI,LNI837,LNI748,26/08:19,26/08:23,27/09:06,27/09:27,""1 day, 0:43:00"",PNK,MDC,021,28,0,0,NML,8,2025"
3186.,B738,PKGFS,GIA,GIA304,GIA342,27/08:28,27/08:35,27/09:22,27/09:34,0:47:00,CGK,DPS,004,28,1,1,NML,8,2025
3187.,A320,PKGLI,CTV,CTV671,CTV486,27/08:21,27/08:27,27/09:20,27/09:30,0:53:00,LOP,BDJ,006,28,1,1,NML,8,2025
3188.,A320,PKSJV,SJV,SJV703,SJV634,27/08:33,27/08:39,27/09:29,27/09:40,0:50:00,DPS,BDJ,011,28,1,1,NML,8,2025
3189.,A320,PKPWE,PAS,PAS200,PAS201,27/08:15,27/08:22,27/09:15,27/09:28,0:53:00,CGK,CGK,005,28,1,1,NML,8,2025
3190.,B739,PKLHR,LNI,LNI645,LNI990,27/09:08,27/09:13,27/10:08,27/10:18,0:55:00,LOP,DPS,010,10,1,1,NML,8,2025
3191.,A320,PKGLG,CTV,CTV435,CTV434,27/09:12,27/09:19,27/09:51,27/10:07,0:32:00,BPN,BPN,007,10,1,1,NML,8,2025
3192.,A320,PKBKJ,BTK,BTK6347,BTK6135,26/18:06,26/18:10,27/09:53,27/10:09,15:43:00,BEJ,PKN,023,10,0,0,NML,8,2025
3193.,B733,PKMYJ,MYU,MYU935,MYU815,27/09:31,27/09:34,27/10:38,27/10:48,1:04:00,SRG,CGK,C01,10,0,0,NML,8,2025
3194.,B738MAX,9MMVF,MAS,MAS871,MAS870,27/09:15,27/09:19,27/10:11,27/10:25,0:52:00,KUL,KUL,A06,10,1,1,NML,8,2025
3195.,B735,PKNAT,LKN,LKN243,LKN242,27/09:34,27/09:39,27/10:16,27/10:31,0:37:00,SMQ,SMQ,009,10,1,1,NML,8,2025
3196.,A359,9VSHQ,SIA,SIA922,SIA923,27/09:21,27/09:24,27/10:21,27/10:37,0:57:00,SIN,SIN,A08,10,1,1,NML,8,2025
3197.,A320,PKBKV,BTK,BTK6584,BTK6585,27/09:56,27/10:05,27/10:45,27/10:57,0:40:00,CGK,CGK,008,10,1,1,NML,8,2025
3198.,A320,PKGTG,CTV,CTV351,CTV350,27/09:38,27/09:46,27/10:24,27/10:40,0:38:00,UPG,UPG,006,10,1,1,NML,8,2025
3199.,A320,9VTRV,TGW,TGW296,TGW297,27/10:41,27/10:45,27/11:36,27/11:47,0:51:00,SIN,SIN,A02,10,1,1,NML,8,2025
3200.,A320,PKPWI,PAS,PAS210,PAS211,27/09:48,27/09:53,27/10:33,27/10:48,0:40:00,CGK,CGK,005,10,1,1,NML,8,2025
3201.,A320,PKLUH,BTK,BTK7513,BTK7516,27/09:54,27/10:00,27/10:57,27/11:08,0:57:00,HLP,HLP,011,10,1,1,NML,8,2025
3202.,A320,PKSTS,SJV,SJV641,SJV642,27/09:44,27/09:49,27/10:45,27/10:55,0:56:00,AAP,AAP,014,10,1,1,NML,8,2025
3203.,EC145,PKDPR,DAN,PKDPR,PKDPR,27/11:51,27/11:55,27/14:56,27/14:59,3:01:00,FBH,SRGX,H05,10,0,0,NML,8,2025
3204.,B739,PKLHS,LNI,LNI697,LNI697,27/10:22,27/10:24,27/11:38,27/12:00,1:14:00,KOE,CGK,015,10,1,1,NML,8,2025
3205.,A320,PKAZI,AWQ,AWQ321,AWQ322,27/10:44,27/10:50,27/11:33,27/11:44,0:43:00,KUL,KUL,A03,10,1,1,NML,8,2025
3206.,A320,PKLAZ,BTK,BTK7517,BTK7520,27/10:35,27/10:38,27/11:37,27/11:56,0:59:00,HLP,HLP,010,10,1,1,NML,8,2025
3207.,B738,PKGFJ,GIA,GIA322,GIA327,27/10:10,27/10:13,27/11:26,27/11:42,1:13:00,CGK,CGK,004,10,1,1,NML,8,2025
3208.,B739,PKLSH,LNI,LNI805,LNI822,27/11:16,27/11:18,27/12:21,27/12:29,1:03:00,DPS,LOP,011,10,1,1,NML,8,2025
3209.,B738,PKLKV,LNI,LNI791,LNI262,27/09:41,27/09:46,27/12:12,27/12:22,2:26:00,UPG,BPN,012,10,1,1,NML,8,2025
"3210.,A339,PKLET,LNI,LNI107,LNI104,25/14:09,25/14:15,27/12:02,27/12:18,""1 day, 21:47:00"",JED,JED,A07,10,1,1,NML,8,2025"
3211.,A320,PKGQF,CTV,CTV461,CTV9462,27/11:00,27/11:04,27/11:50,27/12:03,0:46:00,AAP,AAP,007,10,1,1,NML,8,2025
3212.,A320,PKBKF,BTK,BTK6582,BTK6581,27/11:57,27/12:00,27/13:20,27/13:38,1:20:00,CGK,CGK,008,10,1,1,NML,8,2025
3213.,B735,PKNAU,LKN,LKN193,LKN192,27/12:00,27/12:04,27/12:49,27/12:59,0:45:00,PKN,PKN,009,10,1,1,NML,8,2025
3214.,A320,PKGQE,CTV,CTV690,CTV693,27/11:51,27/11:55,27/12:29,27/12:39,0:34:00,DPS,DPS,006,10,1,1,NML,8,2025
3215.,A320,PKSJJ,SJV,SJV567,SJV636,27/11:27,27/11:32,27/12:37,27/12:49,1:05:00,PLW,BDJ,016,10,1,1,NML,8,2025
3216.,A320,PKSAW,SJV,SJV370D,SJV370D,27/11:35,27/11:40,27/12:47,27/12:56,1:07:00,CGK,BWXX,018,10,0,0,NML,8,2025
3217.,B739,PKLHQ,LNI,LNI367,LNI780,27/12:04,27/12:06,27/13:13,27/13:26,1:07:00,BPN,UPG,014,10,1,1,NML,8,2025
3218.,B739,PKLHI,LNI,LNI801,LNI804,27/12:07,27/12:10,27/13:11,27/13:25,1:01:00,UPG,DPS,015,10,1,1,NML,8,2025
3219.,B739,PKLSV,LNI,LNI694,LNI694,27/12:52,27/12:54,27/13:52,27/14:05,0:58:00,CGK,KOE,012,10,1,1,NML,8,2025
3220.,A320,PKSJV,SJV,SJV635,SJV632,27/12:47,27/12:52,27/13:46,27/13:58,0:54:00,BDJ,BDJ,010,10,1,1,NML,8,2025
3221.,A320,PKPWJ,PAS,PAS204,PAS205,27/12:16,27/12:19,27/13:19,27/13:34,1:00:00,CGK,CGK,005,10,1,1,NML,8,2025
3222.,A320,PKAXD,AWQ,AWQ393,AWQ324,27/12:25,27/12:30,27/13:13,27/13:23,0:43:00,JHB,KUL,A03,10,1,1,NML,8,2025
3223.,A320,PKGLI,CTV,CTV487,CTV668,27/12:20,27/12:24,27/13:28,27/13:42,1:04:00,BDJ,DPS,007,10,1,1,NML,8,2025
3224.,A339,PKGHI,GIA,GIA975,GIA974,27/11:54,27/12:00,27/13:50,27/14:02,1:50:00,JED,JED,A08,10,1,1,NML,8,2025
3225.,B738,PKLJS,LNI,LNI839,LNI722,27/13:28,27/13:32,27/14:27,27/14:40,0:55:00,PNK,KDI,011,10,1,1,NML,8,2025
3226.,A320,PKGQN,CTV,CTV716,CTV717,27/13:31,27/13:37,27/14:28,27/14:38,0:51:00,CGK,CGK,007,10,1,1,NML,8,2025
3227.,A320,PKGLG,CTV,CTV431,CTV948,27/13:39,27/13:44,27/14:33,27/14:46,0:49:00,BPN,BTH,006,10,1,1,NML,8,2025
3228.,A320,PKLUK,BTK,BTK7515,BTK7514,27/13:35,27/13:40,27/14:30,27/14:42,0:50:00,HLP,HLP,008,10,1,1,NML,8,2025
3229.,B738,PKGUI,GIA,GIA312,GIA317,27/13:50,27/13:53,27/14:46,27/15:01,0:53:00,CGK,CGK,004,10,1,1,NML,8,2025
3230.,B739,PKLSH,LNI,LNI823,LNI680,27/14:54,27/14:58,27/15:44,27/15:50,0:46:00,LOP,PKY,016,10,1,1,NML,8,2025
3231.,B738,PKGNC,GIA,GIA330,GIA331,27/14:06,27/14:10,27/15:08,27/15:21,0:58:00,HLP,HLP,005,10,1,1,NML,8,2025
3232.,B739,PKLFW,LNI,LNI879,LNI260,27/14:36,27/14:41,27/15:40,27/15:57,0:59:00,AMQ,BPN,015,10,1,1,NML,8,2025
3233.,A320,PKSTS,SJV,SJV643,SJV726,27/14:32,27/14:36,27/15:31,27/15:46,0:55:00,AAP,LBJ,009,10,1,1,NML,8,2025
3234.,B738,PKLQY,LNI,LNI869,LNI836,27/15:16,27/15:19,27/16:17,27/16:25,0:58:00,TTE,PNK,012,10,1,1,NML,8,2025
3235.,A320,PKLAZ,BTK,BTK7501,BTK7512,27/15:32,27/15:35,27/16:31,27/16:46,0:56:00,HLP,HLP,010,10,1,1,NML,8,2025
3236.,B738MAX,9MMXA,MAS,MAS873,MAS872,27/15:05,27/15:12,27/15:58,27/16:08,0:46:00,KUL,KUL,A07,10,1,1,NML,8,2025
3237.,A320,PKSJJ,SJV,SJV637,SJV672,27/15:35,27/15:37,27/16:34,27/16:48,0:57:00,BDJ,BEJ,011,10,1,1,NML,8,2025
3238.,B738,HSLGJ,TLM,TLM268,TLM269,27/16:03,27/16:09,27/17:22,27/17:31,1:13:00,DMK,DMK,A04,10,1,1,NML,8,2025
3239.,B739,PKLSW,LNI,LNI707,LNI642,27/16:44,27/16:47,27/17:49,27/17:59,1:02:00,UPG,LOP,017,10,1,1,NML,8,2025
3240.,B738,PKGFV,GIA,GIA310,GIA315,27/15:39,27/15:42,27/16:43,27/16:58,1:01:00,CGK,CGK,004,10,1,1,NML,8,2025
3241.,A320,PKBKJ,BTK,BTK6134,BTK6401,27/12:55,27/12:59,27/16:24,27/16:34,3:25:00,PKN,CGK,023,10,0,0,NML,8,2025
3242.,B738MAX,9VMBK,SIA,SIA926,SIA927,27/15:43,27/15:49,27/16:39,27/16:52,0:50:00,SIN,SIN,A08,10,1,1,NML,8,2025
3243.,A320,PKGQF,CTV,CTV9463,CTV698,27/15:47,27/15:51,27/16:38,27/16:51,0:47:00,AAP,DPS,007,10,1,1,NML,8,2025
3244.,A320,PKPWF,PAS,PAS206,PAS623,27/15:54,27/15:58,27/16:37,27/16:55,0:39:00,CGK,BPN,005,10,1,1,NML,8,2025
3245.,B739,PKLHI,LNI,LNI919,LNI268,27/15:59,27/16:02,27/17:12,27/17:23,1:10:00,DPS,TRK,014,10,1,1,NML,8,2025
3246.,B739,PKLJG,LNI,LNI692,LNI692,27/16:13,27/16:18,27/17:50,27/18:05,1:32:00,CGK,KOE,015,10,1,1,NML,8,2025
3247.,A320,PKGQE,CTV,CTV669,CTV9674,27/16:10,27/16:13,27/16:53,27/17:06,0:40:00,DPS,LOP,006,10,1,1,NML,8,2025
3248.,A339,PKLES,LNI,LNI105,LNI100,27/12:11,27/12:18,27/17:17,27/17:27,4:59:00,JED,JED,A06,10,1,1,NML,8,2025
3249.,B739,PKLGW,LNI,LNI972,LNI226,27/17:17,27/17:21,27/18:22,27/18:35,1:01:00,BTH,BDJ,012,10,1,1,NML,8,2025
3250.,B738,PKGUA,GIA,GIA3104,GIA3154,27/16:56,27/17:00,27/18:00,27/18:14,1:00:00,CGK,CGK,004,10,1,1,NML,8,2025
3251.,A320,PKBLC,BTK,BTK6578,BTK7579,27/17:10,27/17:13,27/18:00,27/18:16,0:47:00,CGK,CGK,009,10,1,1,NML,8,2025
3252.,B738,PKLOJ,LNI,LNI749,LNI838,27/15:09,27/15:13,27/17:45,27/17:55,2:32:00,MDC,PNK,018,10,0,0,NML,8,2025
3253.,B739,PKLHY,LNI,LNI857,LNI910,27/17:14,27/17:19,27/18:29,27/18:39,1:10:00,PLM,DPS,016,10,1,1,NML,8,2025
3254.,A320,PKAZI,AWQ,AWQ323,AWQ326,27/17:37,27/17:41,27/18:12,27/18:20,0:31:00,KUL,KUL,A03,10,1,1,NML,8,2025
3255.,A320,PKGQA,CTV,CTV736,CTV352,27/16:59,27/17:03,27/17:57,27/18:07,0:54:00,CGK,UPG,007,10,1,1,NML,8,2025
3256.,B739,PKLSV,LNI,LNI695,LNI920,27/18:32,27/18:37,27/19:35,27/19:48,0:58:00,KOE,DPS,015,10,1,1,NML,8,2025
3257.,B738,PKLKV,LNI,LNI261,LNI581,27/17:03,27/17:07,27/18:40,27/18:50,1:33:00,BPN,CGK,011,10,1,1,NML,8,2025
3258.,A320,PKPWC,PAS,PAS622,PAS207,27/17:25,27/17:29,27/18:11,27/18:28,0:42:00,BPN,CGK,006,10,1,1,NML,8,2025
3259.,B738,PKGFS,GIA,GIA349,GIA313,27/17:28,27/17:31,27/18:30,27/18:43,0:59:00,DPS,CGK,005,10,1,1,NML,8,2025
3260.,A320,PKBGF,BTK,BTK7519,BTK7518,27/19:20,27/19:21,27/20:14,27/20:32,0:53:44,HLP,CGK,010,10,1,1,NML,8,2025
3261.,A320,PKLUH,BTK,BTK7503,BTK7502,27/18:47,27/18:51,27/19:41,27/19:52,0:50:00,HLP,HLP,009,10,1,1,NML,8,2025
3262.,B739,PKLFW,LNI,LNI681,LNI800,27/18:44,27/18:48,27/19:55,27/20:05,1:07:00,PKY,UPG,016,10,1,1,NML,8,2025
3263.,B738MAX,PKGDC,GIA,GIA320,GIA325,27/18:03,27/18:07,27/18:58,27/19:15,0:51:00,CGK,CGK,004,10,1,1,NML,8,2025
3264.,LJ55,N117LR,TUN,N117LR,N117LR,27/18:12,27/18:15,27/21:01,27/21:08,2:46:00,DIL,HLP,030,10,0,0,NML,8,2025
3265.,B738MAX,9VMBE,SIA,SIA928,SIA929,27/18:24,27/18:32,27/19:36,27/19:44,1:04:00,SIN,SIN,A07,10,1,1,NML,8,2025
3266.,A320,PKBKG,BTK,BTK6576,BTK6575,27/19:21,27/19:26,27/20:30,27/20:42,1:04:00,CGK,CGK,014,10,1,1,NML,8,2025
3267.,A320,PKGQI,CTV,CTV949,CTV173,27/18:37,27/18:41,27/19:42,27/19:56,1:01:00,BTH,HLP,007,10,1,1,NML,8,2025
3268.,B738,PKLZZ,MXD,MXD352,MXD353,27/19:01,27/19:07,27/20:15,27/20:25,1:08:00,KUL,KUL,A04,10,1,1,NML,8,2025
3269.,B738,PKCRI,SJY,SJY567,SJY562,27/22:45,27/22:51,27/23:27,27/23:35,0:36:00,UPG,UPG,011,10,1,1,NML,8,2025
3270.,B738,PKGNE,GIA,GIA326,GIA319,27/19:54,27/19:58,27/20:45,27/20:59,0:47:00,CGK,CGK,004,10,1,1,NML,8,2025
3271.,A320,PKGQG,CTV,CTV172,CTV737,27/18:52,27/18:57,27/20:27,27/20:40,1:30:00,HLP,CGK,006,10,1,1,NML,8,2025
3272.,A320,PKLUF,BTK,BTK6137,BTK6136,27/19:32,27/19:38,27/21:59,27/22:10,2:21:32,UPG,UPG,012,10,1,1,NML,8,2025
3273.,A320,PKAXD,AWQ,AWQ325,AWQ320,27/19:05,27/19:10,28/05:00,28/05:11,9:50:00,KUL,KUL,A01,10,1,1,NML,8,2025
3274.,A320,PKBKF,BTK,BTK6406,BTK7508,27/17:33,27/17:37,28/05:03,28/05:13,11:26:40,CGK,HLP,020,28,0,0,NML,8,2025
3275.,A320,PKSJJ,SJV,SJV673,SJV610,27/23:49,27/23:55,28/04:59,28/05:08,5:04:32,BEJ,BPN,009,28,1,1,NML,8,2025
3276.,B738,PKLJS,LNI,LNI727,LNI786,27/18:40,27/18:44,28/05:08,28/05:20,10:24:37,KDI,UPG,025,28,0,0,NML,8,2025
3277.,B738,PKGMP,GIA,GIA855,GIA301,27/20:13,27/23:20,28/05:11,28/05:22,8:50:07,SIN,CGK,004,28,1,1,NML,8,2025
3278.,A320,PKGQQ,CTV,CTV353,CTV430,27/20:28,27/20:33,28/04:55,28/05:06,8:22:12,UPG,BPN,008,28,1,1,NML,8,2025
3279.,A320,PKLAM,BTK,BTK6413,BTK6132,27/19:49,27/19:55,28/05:13,28/05:24,9:18:00,DPS,LOP,017,28,1,1,NML,8,2025
"3280.,B739,PKLGL,LNI,LNI267,LNI882,26/07:57,26/08:02,28/05:27,28/05:35,""1 day, 21:25:00"",TRK,UPG,022,28,0,0,NML,8,2025"
3281.,A320,PKGLE,CTV,CTV726,CTV725,27/20:20,27/20:23,28/05:48,28/06:00,9:25:00,CGK,CGK,007,28,1,1,NML,8,2025
3282.,A320,PKGQF,CTV,CTV699,CTV670,27/19:09,27/19:14,28/05:42,28/05:51,10:28:00,DPS,LOP,003,28,0,0,NML,8,2025
3283.,A320,PKSTS,SJV,SJV725,SJV706,27/19:12,27/19:16,28/05:54,28/06:03,10:38:00,LBJ,DPS,026,28,0,0,NML,8,2025
3284.,A320,PKSJF,SJV,SJV619,SJV640,27/20:23,27/20:26,28/06:01,28/06:14,9:35:00,BPN,AAP,024,28,0,0,NML,8,2025
3285.,B739,PKLFW,LNI,LNI885,LNI222,27/23:33,27/23:38,28/05:59,28/06:07,6:21:00,UPG,BDJ,012,28,1,1,NML,8,2025
3286.,A320,V8RBB,RBA,RBA795,RBA796,27/19:57,27/20:04,28/05:54,28/06:05,9:50:00,BWN,BWN,A06,28,1,1,NML,8,2025
3287.,A320,PKAZI,AWQ,AWQ327,AWQ386,27/23:46,27/23:49,28/05:57,28/06:12,6:08:00,KUL,PEN,A03,28,1,1,NML,8,2025
3288.,A320,PKLAF,BTK,BTK6588,BTK6412,27/22:31,27/22:38,28/06:31,28/06:40,7:53:00,CGK,DPS,010,28,1,1,NML,8,2025
3289.,C208,PKVVO,SUS,PKVVO,PKVVO,27/11:28,27/11:32,28/07:09,28/07:16,19:37:00,BXW,BXW,C07,28,0,0,NML,8,2025
3290.,B739,PKLGW,LNI,LNI311,LNI971,28/05:53,28/05:57,28/06:57,28/07:04,1:00:00,BDJ,BTH,011,28,1,1,NML,8,2025
3291.,B738,PKGMX,GIA,GIA324,GIA854,27/21:45,27/22:59,28/06:59,28/07:12,9:10:00,CGK,SIN,A02,28,1,1,NML,8,2025
3292.,B738,PKGNQ,GIA,GIA328,GIA305,27/20:37,27/20:43,28/06:59,28/07:06,10:16:00,CGK,CGK,005,28,1,1,NML,8,2025
3293.,B739,PKLQR,LNI,LNI363,LNI646,28/06:21,28/06:27,28/07:24,28/07:33,0:57:00,BPN,LOP,012,10,1,1,NML,8,2025
3294.,A320,PKGQE,CTV,CTV9675,CTV460,28/06:25,28/06:32,28/07:25,28/07:37,0:53:00,LOP,AAP,006,10,1,1,NML,8,2025
3295.,A320,PKLUO,BTK,BTK7511,BTK7510,28/06:37,28/06:43,28/07:31,28/07:41,0:48:00,HLP,HLP,009,10,1,1,NML,8,2025
3296.,B739,PKLSW,LNI,LNI865,LNI6011,27/20:25,27/20:29,28/07:37,28/07:44,11:08:00,LOP,UPG,016,10,1,1,NML,8,2025
3297.,A320,PKLUT,BTK,BTK6572,BTK6573,28/06:09,28/06:16,28/07:11,28/07:23,0:55:00,CGK,CGK,008,28,1,1,NML,8,2025
3298.,B739,PKLJG,LNI,LNI693,LNI693,28/06:47,28/06:54,28/07:55,28/08:08,1:01:00,KOE,CGK,010,10,1,1,NML,8,2025
3299.,B739,PKLSU,LNI,LNI929,LNI982,28/06:50,28/06:55,28/08:26,28/08:40,1:31:00,DPS,PKU,018,10,0,0,NML,8,2025
3300.,A21N,B32LQ,CSN,CSN8137,CSN8138,27/21:09,27/21:16,28/07:52,28/08:03,10:36:00,CAN,CAN,A07,10,1,1,NML,8,2025
3301.,A333,BHLT,CPA,CPA779,CPA780,27/17:40,27/17:46,28/08:20,28/08:34,14:34:00,HKG,HKG,A08,10,1,1,NML,8,2025
3302.,B739,PKLHI,LNI,LNI267,LNI990,28/06:55,28/07:00,28/08:23,28/08:38,1:23:00,TRK,DPS,017,10,1,1,NML,8,2025
"3303.,DHC6,PKICP,PGT,PKICP,PKICP,26/11:20,26/11:25,28/07:57,28/08:00,""1 day, 20:32:00"",PAG,PAG,028,10,0,0,NML,8,2025"
3304.,A320,PKLAM,BTK,BTK6133,BTK6391,28/07:53,28/07:58,28/08:55,28/09:04,0:57:00,LOP,CGK,009,10,1,1,NML,8,2025
3305.,B738,PKLQY,LNI,LNI837,LNI748,28/07:57,28/08:00,28/08:58,28/09:08,0:58:00,PNK,MDC,016,10,1,1,NML,8,2025
3306.,B739,PKLHR,LNI,LNI690,LNI690,28/08:25,28/08:29,28/09:23,28/09:37,0:54:00,CGK,KOE,012,10,1,1,NML,8,2025
3307.,B738,PKGMV,GIA,GIA304,GIA342,28/08:13,28/08:17,28/09:20,28/09:33,1:03:00,CGK,DPS,008,10,1,1,NML,8,2025
3308.,A320,PKGQF,CTV,CTV671,CTV486,28/08:27,28/08:31,28/09:15,28/09:27,0:44:00,LOP,BDJ,006,10,1,1,NML,8,2025
3309.,A320,PKSTS,SJV,SJV703,SJV612,28/08:32,28/08:36,28/09:25,28/09:41,0:49:00,DPS,BPN,010,10,1,1,NML,8,2025
3310.,A320,PKPWE,PAS,PAS200,PAS201,28/08:06,28/08:09,28/09:13,28/09:22,1:04:00,CGK,CGK,005,10,1,1,NML,8,2025
3311.,A320,PKSJJ,SJV,SJV611,SJV642,28/08:42,28/08:45,28/09:27,28/09:47,0:42:00,BPN,AAP,011,10,1,1,NML,8,2025
3312.,A320,PKGQQ,CTV,CTV435,CTV434,28/08:47,28/08:51,28/09:34,28/09:49,0:43:00,BPN,BPN,004,10,1,1,NML,8,2025
3313.,A320,PKLUP,BTK,BTK7521,BTK6135,27/21:18,27/21:21,28/09:44,28/09:56,12:23:00,HLP,PKN,014,10,1,1,NML,8,2025
3314.,B739,PKLKV,LNI,LNI791,LNI706,28/10:47,28/10:50,28/11:38,28/11:48,0:48:00,UPG,UPG,010,10,1,1,NML,8,2025
3315.,B733,PKMYJ,MYU,MYU935,MYU815,28/09:02,28/09:06,28/09:56,28/10:16,0:50:00,SRG,CGK,C01,10,0,0,NML,8,2025
3316.,B738,9MMLM,MAS,MAS871,MAS870A,28/09:43,28/09:49,28/10:35,28/10:35,0:46:00,KUL,KUL,A07,10,1,1,RTA,8,2025
3317.,A359,9VSHA,SIA,SIA922,SIA923,28/09:05,28/09:10,28/10:09,28/10:22,0:59:00,SIN,SIN,A08,10,1,1,NML,8,2025
3318.,A320,PKLUI,BTK,BTK6584,BTK6585,28/09:31,28/09:34,28/10:23,28/10:37,0:49:00,CGK,CGK,009,10,1,1,NML,8,2025
3319.,A320,PKGLY,CTV,CTV351,CTV350,28/09:25,28/09:28,28/10:15,28/10:31,0:47:00,UPG,UPG,006,10,1,1,NML,8,2025
3320.,A320,PKSJV,SJV,SJV633,SJV632,27/17:21,27/17:24,28/10:30,28/10:50,17:06:00,BDJ,BDJ,021,10,0,0,NML,8,2025
3321.,B739,PKLQR,LNI,LNI645,LNI822,28/10:31,28/10:34,28/11:18,28/11:29,0:44:00,LOP,LOP,011,10,1,1,NML,8,2025
3322.,A320,9VTRO,TGW,TGW296,TGW297,28/09:38,28/09:44,28/10:35,28/10:46,0:51:00,SIN,SIN,A02,10,1,1,NML,8,2025
3323.,A320,PKPWL,PAS,PAS210,PAS211,28/09:35,28/09:38,28/10:32,28/10:43,0:54:00,CGK,CGK,005,10,1,1,NML,8,2025
3324.,A320,PKLAZ,BTK,BTK7513,BTK7516,28/10:43,28/10:46,28/11:33,28/11:45,0:47:00,HLP,HLP,008,10,1,1,NML,8,2025
3325.,A320,PKLUT,BTK,BTK6582,BTK6581,28/10:55,28/10:58,28/11:57,28/12:07,0:59:00,CGK,CGK,012,10,1,1,NML,8,2025
3326.,A320,PKAXD,AWQ,AWQ321,AWQ322,28/14:05,28/14:10,28/14:46,28/14:59,0:36:16,KUL,KUL,A03,10,1,1,NML,8,2025
3327.,B738,PKGNC,GIA,GIA322,GIA327,28/10:23,28/10:28,28/11:37,28/11:50,1:09:00,CGK,CGK,004,10,1,1,NML,8,2025
3328.,A320,PKLUO,BTK,BTK7517,BTK7520,28/10:39,28/10:43,28/11:46,28/11:55,1:03:00,HLP,HLP,009,10,1,1,NML,8,2025
3329.,B738,9MMLM,MAS,MAS870A,MAS870,28/10:25,28/10:55,28/11:25,28/11:35,0:30:00,SUB,KUL,A07,10,1,1,NML,8,2025
3330.,B738,PKLZO,MXD,MXD352,MXD353,28/19:59,28/20:05,28/21:07,28/21:17,1:02:00,KUL,KUL,A04,28,1,1,NML,8,2025
3331.,A320,PKGQE,CTV,CTV461,CTV9462,28/11:22,28/11:26,28/12:08,28/12:18,0:42:00,AAP,AAP,006,10,1,1,NML,8,2025
3332.,A320,PKGQC,CTV,CTV690,CTV693,28/11:33,28/11:37,28/12:26,28/12:43,0:49:00,DPS,DPS,007,10,1,1,NML,8,2025
3333.,B739,PKLHY,LNI,LNI923,LNI780,27/21:05,27/21:09,28/12:29,28/12:38,15:20:00,DPS,UPG,015,10,1,1,NML,8,2025
3334.,B739,PKLJG,LNI,LNI694,LNI694,28/11:52,28/11:55,28/12:47,28/12:55,0:52:00,CGK,KOE,016,10,1,1,NML,8,2025
3335.,A320,PKAZI,AWQ,AWQ387,AWQ324,28/12:32,28/12:38,28/13:23,28/13:37,0:45:00,PEN,KUL,A06,10,1,1,NML,8,2025
3336.,A320,PKGQF,CTV,CTV487,CTV668,28/11:59,28/12:02,28/13:26,28/13:40,1:24:02,BDJ,DPS,005,10,1,1,NML,8,2025
3337.,A320,PKLUP,BTK,BTK6134,BTK6346,28/12:28,28/12:32,28/14:07,28/14:20,1:35:51,PKN,BEJ,010,10,1,1,NML,8,2025
3338.,B739,PKLFW,LNI,LNI223,LNI804,28/13:42,28/13:44,28/14:42,28/14:56,0:58:35,BDJ,DPS,011,10,1,1,NML,8,2025
3339.,A320,PKSJV,SJV,SJV633,SJV636,28/14:25,28/14:30,28/15:22,28/15:43,0:52:00,BDJ,BDJ,010,10,1,1,NML,8,2025
3340.,B739,PKLGU,LNI,LNI805,LNI260,28/11:17,28/11:21,28/14:28,28/14:37,3:07:26,DPS,BPN,018,10,0,0,NML,8,2025
3341.,B738,PKLOP,LNI,LNI839,LNI836,28/13:04,28/13:07,28/14:10,28/14:23,1:03:08,PNK,PNK,012,10,1,1,NML,8,2025
3342.,B739,PKLHR,LNI,LNI697,LNI680,28/14:08,28/14:12,28/15:13,28/15:24,1:01:00,KOE,PKY,015,10,1,1,NML,8,2025
3343.,A320,PKGQN,CTV,CTV716,CTV717,28/13:48,28/13:51,28/14:35,28/14:43,0:44:00,CGK,CGK,006,10,1,1,NML,8,2025
3344.,B739,PKLQR,LNI,LNI823,LNI697,28/14:11,28/14:14,28/15:07,28/15:20,0:53:00,LOP,CGK,016,10,1,1,NML,8,2025
3345.,A320,PKSJJ,SJV,SJV641,SJV726,28/13:45,28/13:48,28/15:28,28/15:39,1:40:00,AAP,LBJ,009,10,1,1,NML,8,2025
3346.,B739,PKLSU,LNI,LNI983,LNI910,28/14:30,28/14:36,28/15:30,28/15:40,0:54:00,PKU,DPS,014,10,1,1,NML,8,2025
3347.,A320,PKGQQ,CTV,CTV431,CTV948,28/13:52,28/13:55,28/14:35,28/14:46,0:40:00,BPN,BTH,007,10,1,1,NML,8,2025
3348.,B738,PKGUI,GIA,GIA312,GIA317,28/14:01,28/14:05,28/15:13,28/15:28,1:08:00,CGK,CGK,004,10,1,1,NML,8,2025
3349.,A320,PKLUK,BTK,BTK7515,BTK7514,28/12:19,28/12:23,28/14:30,28/14:41,2:07:00,HLP,HLP,014,10,1,1,NML,8,2025
3350.,B739,PKLKV,LNI,LNI707,LNI886,28/15:34,28/15:38,28/16:48,28/16:56,1:10:46,UPG,UPG,008,10,1,1,NML,8,2025
3351.,A320,PKPWK,PAS,PAS208,PAS209,28/13:55,28/13:58,28/15:00,28/15:14,1:02:38,CGK,CGK,005,10,1,1,NML,8,2025
3352.,B739,PKLSW,LNI,LNI801,LNI642,28/15:15,28/15:20,28/16:27,28/16:37,1:07:00,UPG,LOP,017,10,1,1,NML,8,2025
3353.,B738,PKGFD,GIA,GIA330,GIA331,28/14:14,28/14:17,28/15:20,28/15:30,1:03:00,HLP,HLP,008,10,1,1,NML,8,2025
3354.,B735,PKNAQ,LKN,LKN671,LKN670,28/14:16,28/14:20,28/14:56,28/15:06,0:36:00,TMC,TMC,012,10,1,1,NML,8,2025
3355.,A320,PKLUO,BTK,BTK7501,BTK7512,28/15:08,28/15:11,28/16:08,28/16:18,0:57:00,HLP,HLP,012,10,1,1,NML,8,2025
3356.,B738MAX,9MMVF,MAS,MAS873,MAS872,28/14:57,28/15:02,28/15:55,28/16:06,0:53:00,KUL,KUL,A02,10,1,1,NML,8,2025
3357.,A320,PKBLC,BTK,BTK6406,BTK6401,28/14:53,28/14:56,28/16:03,28/16:14,1:07:00,CGK,CGK,011,10,1,1,NML,8,2025
3358.,B738MAX,9VMBR,SIA,SIA926,SIA927,28/15:53,28/15:58,28/16:55,28/17:05,0:57:00,SIN,SIN,A03,10,1,1,NML,8,2025
3359.,B738,PKGNC,GIA,GIA310,GIA315,28/15:46,28/15:51,28/16:56,28/17:15,1:05:46,CGK,CGK,004,10,1,1,NML,8,2025
3360.,A320,PKGQF,CTV,CTV9463,CTV698,28/15:56,28/15:59,28/16:33,28/16:46,0:34:00,AAP,DPS,006,10,1,1,NML,8,2025
3361.,B739,PKLGW,LNI,LNI972,LNI268,28/16:50,28/16:53,28/17:41,28/17:55,0:48:00,BTH,TRK,012,10,1,1,NML,8,2025
3362.,A320,PKPWH,PAS,PAS206,PAS623,28/15:59,28/16:01,28/16:40,28/16:53,0:39:00,CGK,BPN,005,10,1,1,NML,8,2025
3363.,A320,PKGQC,CTV,CTV669,CTV9674,28/16:03,28/16:06,28/16:52,28/17:06,0:46:00,DPS,LOP,007,10,1,1,NML,8,2025
3364.,B739,PKLSH,LNI,LNI692,LNI692,28/17:34,28/17:37,28/18:20,28/18:34,0:43:00,CGK,KOE,015,10,1,1,NML,8,2025
"3365.,A339,PKLER,LNI,LNI107,LNI100,26/14:28,26/14:36,28/17:16,28/17:31,""2 days, 2:40:00"",JED,JED,A05,10,1,1,NML,8,2025"
3366.,B739,PKLHS,LNI,LNI787,LNI226,28/17:56,28/18:00,28/19:49,28/20:01,1:49:00,UPG,BDJ,011,10,1,1,NML,8,2025
3367.,A320,PKBLD,BTK,BTK6578,BTK7579,28/17:03,28/17:06,28/17:53,28/18:03,0:47:00,CGK,CGK,009,10,1,1,NML,8,2025
3368.,B738,PKLQY,LNI,LNI749,LNI838,28/15:02,28/15:07,28/18:05,28/18:17,2:58:00,MDC,PNK,018,10,0,0,NML,8,2025
3369.,A320,PKSJF,SJV,SJV643,SJV648,28/15:11,28/15:16,28/17:36,28/17:49,2:19:54,AAP,BPN,020,10,0,0,NML,8,2025
3370.,A320,PKAXD,AWQ,AWQ323,AWQ326,28/20:44,28/20:50,28/21:29,28/21:41,0:39:00,KUL,KUL,A03,28,1,1,NML,8,2025
3371.,A320,PKBKV,BTK,BTK7519,BTK7518,28/18:25,28/18:28,28/19:39,28/19:48,1:11:00,HLP,CGK,015,10,1,1,NML,8,2025
3372.,A320,PKGQP,CTV,CTV736,CTV352,28/17:07,28/17:11,28/17:58,28/18:08,0:47:00,CGK,UPG,007,10,1,1,NML,8,2025
3373.,B739,PKLJG,LNI,LNI695,LNI920,28/17:12,28/17:15,28/20:17,28/20:28,3:02:00,KOE,DPS,014,10,1,1,NML,8,2025
3374.,B739,PKLSU,LNI,LNI919,LNI581,28/18:31,28/18:33,28/20:05,28/20:15,1:32:00,DPS,CGK,012,10,1,1,NML,8,2025
3375.,A320,PKPWL,PAS,PAS622,PAS207,28/17:25,28/17:30,28/18:14,28/18:30,0:44:00,BPN,CGK,006,10,1,1,NML,8,2025
3376.,B738,PKGMV,GIA,GIA349,GIA313,28/17:20,28/17:24,28/18:35,28/18:42,1:11:00,DPS,CGK,004,10,1,1,NML,8,2025
3377.,A320,PKSJJ,SJV,SJV725,SJV716,28/19:18,28/19:23,28/20:12,28/20:24,0:49:00,LBJ,LOP,016,10,1,1,NML,8,2025
3378.,A320,PKLAZ,BTK,BTK7503,BTK7502,28/18:28,28/18:31,28/19:17,28/19:31,0:46:31,HLP,HLP,010,10,1,1,NML,8,2025
3379.,B738,PKGMU,GIA,GIA320,GIA325,28/17:47,28/17:49,28/19:09,28/19:24,1:20:10,CGK,CGK,005,10,1,1,NML,8,2025
3380.,B738MAX,9VMBI,SIA,SIA928,SIA929,28/18:15,28/18:21,28/19:11,28/19:28,0:50:00,SIN,SIN,A03,10,1,1,NML,8,2025
3381.,A320,PKBGF,BTK,BTK6576,BTK6575,28/18:12,28/18:15,28/19:24,28/19:35,1:09:31,CGK,CGK,009,10,1,1,NML,8,2025
3382.,A320,PKGQI,CTV,CTV172,CTV173,28/18:19,28/18:24,28/19:15,28/19:29,0:51:43,HLP,HLP,008,10,1,1,NML,8,2025
3383.,B738MAX,PKGDC,GIA,GIA326,GIA319,28/19:21,28/19:24,28/20:16,28/20:33,0:52:00,CGK,CGK,004,10,1,1,NML,8,2025
3384.,B738,PKCRI,SJY,SJY567,SJY562,28/20:03,28/20:08,28/20:47,28/20:58,0:39:00,UPG,UPG,010,10,1,1,NML,8,2025
3385.,A320,PKGLE,CTV,CTV949,CTV737,28/18:44,28/18:46,28/20:34,28/20:46,1:48:00,BTH,CGK,006,10,1,1,NML,8,2025
3386.,B739,PKLFO,LNI,LNI709,LNI880,28/22:21,28/22:27,28/23:28,28/23:39,1:01:00,UPG,UPG,014,28,1,1,NML,8,2025
3387.,B739,PKLSW,LNI,LNI865,LNI6015,28/19:08,28/19:12,28/21:23,28/21:33,2:10:36,LOP,PKY,018,28,0,0,NML,8,2025
3388.,A320,PKLAO,BTK,BTK6137,BTK6136,28/20:37,28/20:41,28/22:27,28/22:34,1:46:00,UPG,UPG,008,28,1,1,NML,8,2025
3389.,A339,PKGHI,GIA,GIA975,GIA972,28/13:58,28/14:05,29/01:25,29/01:40,11:20:00,JED,MED,A07,28,1,1,NML,8,2025
3390.,A320,PKAZI,AWQ,AWQ325,AWQ320,28/19:13,28/19:18,29/03:48,29/03:57,8:30:00,KUL,KUL,A01,28,1,1,NML,8,2025
3391.,A320,PKSJV,SJV,SJV637,SJV610,28/18:59,28/19:03,29/05:00,29/05:09,9:56:35,BDJ,BPN,021,28,0,0,NML,8,2025
3392.,A320,PKLUI,BTK,BTK6588,BTK7508,28/21:59,28/22:04,29/04:56,29/05:06,6:52:00,CGK,HLP,023,28,0,0,NML,8,2025
3393.,A320,PKGQE,CTV,CTV699,CTV430,28/19:03,28/19:07,29/04:54,29/05:04,9:47:00,DPS,BPN,007,28,1,1,NML,8,2025
3394.,B738,PKGFF,GIA,GIA324,GIA301,28/21:46,28/21:53,29/05:09,29/05:18,7:16:00,CGK,CGK,004,28,1,1,NML,8,2025
3395.,A320,PKLUH,BTK,BTK7521,BTK6132,28/21:55,28/22:01,29/05:11,29/05:22,7:10:00,HLP,LOP,012,28,1,1,NML,8,2025
3396.,B739,PKLJG,LNI,LNI923,LNI882,28/22:52,28/22:57,29/07:47,29/08:01,8:50:00,DPS,UPG,016,28,1,1,NML,8,2025
3397.,A320,PKGQT,CTV,CTV726,CTV725,28/20:30,28/20:35,29/05:41,29/05:51,9:06:00,CGK,CGK,003,28,0,0,NML,8,2025
3398.,B738,PKLJQ,LNI,LNI690,LNI690,29/05:07,29/05:13,29/05:57,29/06:06,0:44:00,CGK,KOE,014,28,1,1,NML,8,2025
3399.,A320,PKGQR,CTV,CTV353,CTV670,28/20:12,28/20:16,29/05:47,29/05:56,9:31:00,UPG,LOP,009,28,1,1,NML,8,2025
3400.,A320,PKSJA,SJV,SJV619,SJV706,28/02:05,28/20:10,29/05:51,29/06:03,9:41:00,BPN,DPS,022,28,0,0,NML,8,2025
3401.,A320,PKSAY,SJV,SJV615,SJV640,28/20:25,28/20:29,29/06:15,29/06:27,9:46:00,BPN,AAP,024,28,0,0,NML,8,2025
3402.,A320,V8RBE,RBA,RBA795,RBA796,28/20:39,28/20:46,29/05:57,29/06:10,9:11:00,BWN,BWN,A06,28,1,1,NML,8,2025
3403.,B738,PKLJS,LNI,LNI885,LNI868,28/22:06,28/22:11,29/06:23,29/06:33,8:12:00,UPG,TTE,017,28,1,1,NML,8,2025
3404.,A320,PKLUP,BTK,BTK6347,BTK6412,28/18:37,28/18:42,29/06:20,29/06:30,11:38:00,BEJ,DPS,020,28,0,0,NML,8,2025
3405.,A320,PKSJJ,SJV,SJV717,SJV566,29/06:01,29/06:07,29/06:57,29/07:09,0:50:00,LOP,PLW,012,28,1,1,NML,8,2025
3406.,C208,PKVVO,SUS,PKVVO,PKVVO,28/08:55,28/08:58,29/07:13,29/07:23,22:15:00,BXW,BXW,C07,28,0,0,NML,8,2025
3407.,B738,PKGMX,GIA,GIA855,GIA854,28/20:23,28/20:28,29/06:55,29/07:10,10:27:00,SIN,SIN,A02,28,1,1,NML,8,2025
3408.,B738,PKGNM,GIA,GIA328,GIA305,28/20:33,28/20:36,29/07:00,29/07:15,10:24:00,CGK,CGK,005,28,1,1,NML,8,2025
3409.,A320,PKSJF,SJV,SJV649,SJV634,29/06:14,29/06:20,29/07:06,29/07:17,0:46:00,BPN,BDJ,011,28,1,1,NML,8,2025
3410.,B739,PKLHS,LNI,LNI311,LNI646,29/07:06,29/07:13,29/08:07,29/08:26,0:54:00,BDJ,LOP,017,10,1,1,NML,8,2025
3411.,A320,PKGQM,CTV,CTV170,CTV175,29/06:18,29/06:23,29/07:14,29/07:23,0:51:00,CGK,CGK,006,28,1,1,NML,8,2025
3412.,A320,PKGQC,CTV,CTV9675,CTV460,29/06:22,29/06:30,29/07:19,29/07:29,0:49:19,LOP,AAP,007,28,1,1,NML,8,2025
3413.,A320,PKLAZ,BTK,BTK7511,BTK7510,29/06:38,29/06:45,29/07:29,29/07:39,0:44:00,HLP,HLP,009,28,1,1,NML,8,2025
3414.,A320,PKAXD,AWQ,AWQ327P,AWQ392,29/05:00,29/05:05,29/07:19,29/07:27,2:14:00,KUL,JHB,A03,28,1,1,NML,8,2025
3415.,B739,PKLFW,LNI,LNI929,LNI878,29/07:00,29/07:05,29/08:02,29/08:13,0:57:00,DPS,AMQ,012,10,1,1,NML,8,2025
3416.,B739,PKLSH,LNI,LNI693,LNI693,29/06:45,29/06:53,29/07:50,29/08:03,0:57:21,KOE,CGK,014,28,1,1,NML,8,2025
3417.,A320,PKBKV,BTK,BTK6572,BTK6573,29/07:13,29/07:19,29/08:14,29/08:28,0:55:52,CGK,CGK,008,10,1,1,NML,8,2025
3418.,B739,PKLGW,LNI,LNI267,LNI682,29/07:03,29/07:08,29/08:06,29/08:21,0:58:39,TRK,PKY,015,10,1,1,NML,8,2025
3419.,B739,PKLSU,LNI,LNI791,LNI222,29/07:42,29/07:47,29/08:44,29/08:56,0:57:38,UPG,BDJ,011,10,1,1,NML,8,2025
3420.,B738,PKGUE,GIA,GIA314,GIA323,29/06:57,29/07:05,29/08:14,29/08:31,1:09:49,CGK,CGK,004,10,1,1,NML,8,2025
3421.,A333,BLBI,CPA,CPA779,CPA780,28/17:52,28/17:59,29/08:24,29/08:36,14:25:00,HKG,HKG,A08,10,1,1,NML,8,2025
3422.,A320,PKLUH,BTK,BTK6133,BTK6391,29/07:51,29/07:56,29/09:07,29/09:20,1:11:58,LOP,CGK,009,10,1,1,NML,8,2025
3423.,B738,PKLQY,LNI,LNI837,LNI748,29/08:16,29/08:20,29/09:10,29/09:18,0:50:32,PNK,MDC,016,10,1,1,NML,8,2025
3424.,A320,PKGQR,CTV,CTV671,CTV486,29/08:23,29/08:26,29/09:08,29/09:21,0:42:00,LOP,BDJ,006,10,1,1,NML,8,2025
3425.,B738,PKGNA,GIA,GIA304,GIA342,29/08:19,29/08:22,29/09:23,29/09:36,1:01:29,CGK,DPS,004,10,1,1,NML,8,2025
3426.,A320,PKSJA,SJV,SJV703,SJV612,29/09:01,29/09:04,29/09:59,29/10:13,0:55:49,DPS,BPN,012,10,1,1,NML,8,2025
3427.,A320,PKPWK,PAS,PAS200,PAS201,29/08:05,29/08:07,29/09:16,29/09:30,1:09:00,CGK,CGK,005,10,1,1,NML,8,2025
3428.,A320,PKGQE,CTV,CTV435,CTV434,29/08:31,29/08:34,29/09:27,29/09:38,0:53:11,BPN,BPN,007,10,1,1,NML,8,2025
3429.,A320,PKLZH,BTK,BTK6413,BTK6135,28/21:52,28/21:57,29/09:48,29/10:00,11:51:00,DPS,PKN,010,10,1,1,NML,8,2025
3430.,B738,9MMLR,MAS,MAS871,MAS870,29/09:05,29/09:10,29/10:01,29/10:15,0:51:11,KUL,KUL,A07,10,1,1,NML,8,2025
3431.,B735,PKNAU,LKN,LKN243,LKN242,29/09:10,29/09:13,29/09:57,29/10:07,0:44:19,SMQ,SMQ,011,10,1,1,NML,8,2025
3432.,A359,9VSHT,SIA,SIA922,SIA923,29/09:24,29/09:29,29/10:40,29/10:52,1:11:00,SIN,SIN,A08,10,1,1,NML,8,2025
3433.,A320,PKLAJ,BTK,BTK6584,BTK6585,29/10:59,29/11:03,29/11:56,29/12:12,0:53:00,CGK,CGK,008,10,1,1,NML,8,2025
3434.,A320,PKGLG,CTV,CTV351,CTV350,29/09:27,29/09:30,29/10:13,29/10:24,0:43:00,UPG,UPG,006,10,1,1,NML,8,2025
3435.,A20N,9VTNF,TGW,TGW296,TGW297,29/09:32,29/09:37,29/10:18,29/10:29,0:41:00,SIN,SIN,A02,10,1,1,NML,8,2025
3436.,B739,PKLHS,LNI,LNI645,LNI990,29/11:03,29/11:06,29/11:55,29/12:08,0:49:30,LOP,DPS,012,10,1,1,NML,8,2025
3437.,A320,PKPWC,PAS,PAS210,PAS211,29/09:40,29/09:43,29/10:40,29/10:58,0:57:00,CGK,CGK,005,10,1,1,NML,8,2025
3438.,A320,PKLUO,BTK,BTK7513,BTK7516,29/09:58,29/10:01,29/10:48,29/11:01,0:47:00,HLP,HLP,009,10,1,1,NML,8,2025
3439.,A320,PKSJF,SJV,SJV635,SJV632,29/09:53,29/09:56,29/10:50,29/11:05,0:54:01,BDJ,BDJ,014,10,1,1,NML,8,2025
3440.,B738,PKLJQ,LNI,LNI697,LNI697,29/10:26,29/10:31,29/11:53,29/12:04,1:22:37,KOE,CGK,016,10,1,1,NML,8,2025
3441.,A320,PKSAY,SJV,SJV641,SJV642,29/10:21,29/10:25,29/11:15,29/11:24,0:50:00,AAP,AAP,015,10,1,1,NML,8,2025
3442.,A320,PKAZI,AWQ,AWQ321,AWQ322,29/09:40,29/09:49,29/11:20,29/11:28,1:31:00,KUL,KUL,A03,10,1,1,NML,8,2025
3443.,B738,PKGNE,GIA,GIA322,GIA327,29/10:10,29/10:15,29/11:38,29/11:50,1:23:00,CGK,CGK,004,10,1,1,NML,8,2025
3444.,A320,PKLAZ,BTK,BTK7517,BTK7520,29/10:33,29/10:36,29/11:41,29/11:52,1:05:53,HLP,HLP,010,10,1,1,NML,8,2025
3445.,B739,PKLSU,LNI,LNI223,LNI822,29/11:37,29/11:41,29/12:28,29/12:41,0:47:00,BDJ,LOP,009,10,1,1,NML,8,2025
3446.,B739,PKLGW,LNI,LNI681P,LNI856,29/16:07,29/16:11,29/16:59,29/17:11,0:47:44,PKY,PLM,17A,10,0,0,NML,8,2025
3447.,A320,PKGQC,CTV,CTV461,CTV9462,29/11:06,29/11:10,29/11:53,29/12:06,0:43:00,AAP,AAP,006,10,1,1,NML,8,2025
3448.,A320,PKBKV,BTK,BTK6582,BTK6581,29/12:49,29/12:51,29/13:49,29/14:00,0:58:00,CGK,CGK,009,10,1,1,NML,8,2025
3449.,B735,PKNAT,LKN,LKN193,LKN192,29/11:26,29/11:28,29/12:20,29/12:32,0:52:00,PKN,PKN,011,10,1,1,NML,8,2025
3450.,A320,PKGQH,CTV,CTV690,CTV693,29/11:22,29/11:26,29/12:24,29/12:34,0:58:00,DPS,DPS,005,10,1,1,NML,8,2025
3451.,A320,PKSJU,SJV,SJV567,SJV636,29/11:31,29/11:35,29/12:35,29/12:45,1:00:00,PLW,BDJ,017,10,1,1,NML,8,2025
3452.,B739,PKLSH,LNI,LNI694,LNI694,29/11:54,29/11:59,29/12:51,29/13:00,0:52:00,CGK,KOE,015,10,1,1,NML,8,2025
3453.,B739,PKLHP,LNI,LNI801,LNI973,29/13:39,29/13:43,29/14:54,29/15:07,1:11:00,UPG,BTH,017,10,1,1,NML,8,2025
3454.,B738,PKLJS,LNI,LNI869,LNI722,29/12:36,29/12:39,29/14:58,29/15:22,2:19:00,TTE,KDI,014,10,1,1,NML,8,2025
3455.,A320,PKPWF,PAS,PAS204,PAS205,29/12:00,29/12:02,29/13:18,29/13:34,1:16:18,CGK,CGK,004,10,1,1,NML,8,2025
3456.,A320,PKAXD,AWQ,AWQ393,AWQ324,29/12:10,29/12:15,29/13:24,29/13:39,1:09:06,JHB,KUL,A03,10,1,1,NML,8,2025
3457.,B739,PKLSI,LNI,LNI6005,LNI780,29/12:30,29/12:34,29/14:17,29/14:26,1:43:00,SOC,UPG,012,10,1,1,NML,8,2025
3458.,A320,PKGQR,CTV,CTV487,CTV668,29/11:44,29/11:48,29/13:25,29/13:42,1:37:00,BDJ,DPS,007,10,1,1,NML,8,2025
3459.,B739,PKLHS,LNI,LNI805,LNI706,29/14:27,29/14:30,29/15:28,29/15:37,0:58:00,DPS,UPG,016,10,1,1,NML,8,2025
3460.,A320,PKGQQ,CTV,CTV716,CTV717,29/13:36,29/13:40,29/14:20,29/14:32,0:40:00,CGK,CGK,005,10,1,1,NML,8,2025
3461.,A320,PKGQE,CTV,CTV431,CTV948,29/13:29,29/13:32,29/14:25,29/14:37,0:53:00,BPN,BTH,006,10,1,1,NML,8,2025
3462.,A320,PKSJF,SJV,SJV633,SJV726,29/14:05,29/14:11,29/14:54,29/15:13,0:43:00,BDJ,LBJ,008,10,1,1,NML,8,2025
3463.,B738,PKGUI,GIA,GIA312,GIA317,29/13:44,29/13:49,29/14:49,29/15:04,1:00:00,CGK,CGK,004,10,1,1,NML,8,2025
3464.,A320,PKLAZ,BTK,BTK7515,BTK7514,29/15:01,29/15:05,29/15:51,29/16:01,0:46:00,HLP,HLP,009,10,1,1,NML,8,2025
3465.,B739,PKLFY,LNI,LNI261,LNI804,29/14:45,29/14:48,29/15:46,29/15:55,0:58:00,BPN,DPS,010,10,1,1,NML,8,2025
3466.,B738,PKGUA,GIA,GIA330,GIA331,29/14:19,29/14:24,29/15:28,29/15:40,1:04:00,HLP,HLP,005,10,1,1,NML,8,2025
3467.,B739,PKLSU,LNI,LNI823,LNI680,29/15:17,29/15:21,29/16:03,29/16:18,0:42:00,LOP,PKY,014,10,1,1,NML,8,2025
3468.,B738,PKLJS,LNI,LNI727,LNI836,29/19:30,29/19:33,29/20:32,29/20:44,0:59:00,KDI,PNK,015,10,1,1,NML,8,2025
3469.,A320,PKLUI,BTK,BTK7501,BTK7512,29/15:24,29/15:28,29/16:15,29/16:25,0:47:00,HLP,HLP,008,10,1,1,NML,8,2025
3470.,B739,PKLHL,LNI,LNI970,LNI910,29/18:41,29/18:45,29/19:36,29/19:47,0:51:00,BTH,DPS,016,10,1,1,NML,8,2025
3471.,A320,PKSJU,SJV,SJV637,SJV672,29/15:34,29/15:37,29/16:25,29/16:39,0:48:17,BDJ,BEJ,012,10,1,1,NML,8,2025
3472.,B739,PKLSK,LNI,LNI707,LNI642,29/16:37,29/16:41,29/17:30,29/17:43,0:49:00,UPG,LOP,17B,10,0,0,NML,8,2025
3473.,B738,HSLUZ,TLM,TLM268,TLM269,29/15:05,29/15:10,29/16:24,29/16:34,1:14:00,DMK,DMK,A04,10,1,1,NML,8,2025
3474.,B738,PKGUG,GIA,GIA310,GIA315,29/15:44,29/15:47,29/16:55,29/17:09,1:08:00,CGK,CGK,004,10,1,1,NML,8,2025
3475.,B738MAX,9VMBH,SIA,SIA926,SIA927,29/15:41,29/15:47,29/16:38,29/16:52,0:51:00,SIN,SIN,A08,10,1,1,NML,8,2025
3476.,A320,PKBLC,BTK,BTK6406,BTK6401,29/17:03,29/17:07,29/18:07,29/18:18,1:00:00,CGK,CGK,008,10,1,1,NML,8,2025
3477.,A320,PKSAY,SJV,SJV643,SJV648,29/15:09,29/15:12,29/21:53,29/22:03,6:41:00,AAP,BPN,018,10,0,0,NML,8,2025
3478.,A320,PKGQC,CTV,CTV9463,CTV698,29/15:48,29/15:52,29/16:39,29/16:50,0:47:00,AAP,DPS,006,10,1,1,NML,8,2025
3479.,A320,PKPWN,PAS,PAS206,PAS623,29/15:51,29/15:55,29/16:35,29/16:46,0:40:00,CGK,BPN,005,10,1,1,NML,8,2025
3480.,B739,PKLHY,LNI,LNI692,LNI692,29/16:31,29/16:35,29/17:19,29/17:30,0:44:00,CGK,KOE,016,10,1,1,NML,8,2025
3481.,B739,PKLSH,LNI,LNI695,LNI260,29/17:22,29/17:25,29/18:14,29/18:29,0:49:00,KOE,BPN,014,10,1,1,NML,8,2025
3482.,A320,PKGQH,CTV,CTV669,CTV9674,29/16:15,29/16:19,29/16:52,29/17:05,0:33:00,DPS,LOP,007,10,1,1,NML,8,2025
3483.,E135,T7JCI,AFS,T7JCI,T7JCI,29/16:06,29/16:06,29/16:34,29/16:44,0:27:03,CGK,CGK,003,10,0,0,NML,8,2025
3484.,B738,PKLQY,LNI,LNI749,LNI6002,29/15:29,29/15:33,29/16:47,29/16:59,1:14:00,MDC,PKY,015,10,1,1,NML,8,2025
3485.,B739,PKLSU,LNI,LNI683,LNI226,29/19:12,29/19:17,29/20:06,29/20:17,0:49:00,PKY,BDJ,17A,10,0,0,NML,8,2025
3486.,A320,PKAZI,AWQ,AWQ323,AWQ326,29/17:10,29/17:12,29/17:46,29/17:56,0:34:03,KUL,KUL,A03,10,1,1,NML,8,2025
3487.,B739,PKLFW,LNI,LNI879,LNI886,29/17:15,29/17:18,29/18:19,29/18:34,1:01:00,AMQ,UPG,012,10,1,1,NML,8,2025
3488.,A320,PKBGF,BTK,BTK7519,BTK7518,29/18:37,29/18:40,29/19:52,29/20:04,1:12:00,CGK,CGK,012,10,1,1,NML,8,2025
3489.,B739,PKLSK,LNI,LNI865,LNI920,29/20:14,29/20:18,29/21:09,29/21:22,0:51:00,LOP,DPS,016,10,1,1,NML,8,2025
3490.,B737MAX,9MMVK,MAS,MAS875,MAS874,29/17:54,29/17:59,29/18:47,29/18:58,0:48:00,KUL,KUL,A06,10,1,1,NML,8,2025
3491.,A320,PKPWG,PAS,PAS622,PAS207,29/17:18,29/17:21,29/18:11,29/18:26,0:50:00,BPN,CGK,006,10,1,1,NML,8,2025
3492.,B738,PKLQY,LNI,LNI681,LNI838,29/20:10,29/20:14,29/21:13,29/21:26,0:59:00,PKY,PNK,021,10,0,0,NML,8,2025
3493.,B738,PKGNA,GIA,GIA349,GIA313,29/17:40,29/17:45,29/18:44,29/18:55,0:59:00,DPS,CGK,005,10,1,1,NML,8,2025
3494.,A320,PKLUO,BTK,BTK7503,BTK7502,29/18:16,29/18:22,29/19:05,29/19:19,0:43:00,HLP,HLP,008,10,1,1,NML,8,2025
3495.,A320,PKSJF,SJV,SJV725,SJV716,29/18:31,29/18:36,29/19:27,29/19:39,0:51:00,LBJ,LOP,17B,10,0,0,NML,8,2025
3496.,B738,PKGNQ,GIA,GIA320,GIA325,29/17:34,29/17:37,29/18:57,29/19:09,1:20:00,CGK,CGK,004,10,1,1,NML,8,2025
3497.,B739,PKLFY,LNI,LNI919,LNI581,29/18:43,29/18:47,29/20:18,29/20:32,1:31:00,DPS,CGK,014,10,1,1,NML,8,2025
3498.,A320,PKGQQ,CTV,CTV736,CTV352,29/18:13,29/18:18,29/19:00,29/19:14,0:42:00,CGK,UPG,007,10,1,1,NML,8,2025
3499.,B738MAX,9VMBE,SIA,SIA928,SIA929,29/18:27,29/18:33,29/19:26,29/19:37,0:53:00,SIN,SIN,A02,10,1,1,NML,8,2025
3500.,A320,PKLAJ,BTK,BTK6576,BTK6575,29/20:41,29/20:45,29/21:36,29/21:48,0:51:00,CGK,CGK,010,10,1,1,NML,8,2025
3501.,A320,PKGQT,CTV,CTV949,CTV173,29/18:46,29/18:51,29/19:32,29/19:44,0:41:00,BTH,HLP,006,10,1,1,NML,8,2025
3502.,B788,9VOFG,TGW,TGW266,TGW267,29/19:34,29/19:41,29/20:55,29/21:07,1:14:00,SIN,SIN,A07,10,1,1,NML,8,2025
3503.,B738MAX,PKGDC,GIA,GIA326,GIA319,29/19:51,29/19:55,29/20:47,29/21:03,0:52:00,CGK,CGK,004,10,1,1,NML,8,2025
3504.,A320,PKGQI,CTV,CTV172,CTV737,29/18:24,29/18:27,29/20:38,29/20:56,2:11:00,HLP,CGK,009,10,1,1,NML,8,2025
3505.,B738,PKCRI,SJY,SJY567,SJY562,29/20:27,29/20:41,29/21:30,29/21:44,0:49:00,UPG,UPG,012,10,1,1,NML,8,2025
3506.,B739,PKLKV,LNI,LNI885,LNI880,29/20:46,29/20:50,29/21:45,29/22:00,0:55:00,UPG,UPG,014,10,1,1,NML,8,2025
3507.,A320,PKLAO,BTK,BTK6137,BTK6136,29/20:38,29/20:46,29/22:13,29/22:22,1:27:00,UPG,UPG,009,10,1,1,NML,8,2025
3508.,A320,PKSJU,SJV,SJV673,SJV610,29/21:05,29/21:09,30/05:00,30/05:12,7:51:00,BEJ,BPN,17B,28,0,0,NML,8,2025
3509.,A320,PKAZI,AWQ,AWQ327,AWQ320,29/23:23,29/23:27,30/05:00,30/05:16,5:33:00,KUL,KUL,A03,28,1,1,NML,8,2025
3510.,A320,PKLUP,BTK,BTK6588,BTK7508,29/21:39,29/21:42,30/05:01,30/05:18,7:19:00,CGK,HLP,012,28,1,1,NML,8,2025
3511.,B739,PKLFW,LNI,LNI709,LNI971,29/21:58,29/22:03,30/05:05,30/05:20,7:02:00,UPG,BTH,021,28,0,0,NML,8,2025
3512.,B738,PKLOR,LNI,LNI839,LNI786,29/20:24,29/20:29,30/05:08,30/05:22,8:39:00,PNK,UPG,17A,28,0,0,NML,8,2025
3513.,A320,PKGQC,CTV,CTV699,CTV430,29/19:21,29/19:24,30/05:01,30/05:10,9:37:00,DPS,BPN,008,28,1,1,NML,8,2025
3514.,B738,PKGMV,GIA,GIA328,GIA301,29/20:33,29/20:37,30/05:15,30/05:25,8:38:00,CGK,CGK,005,28,1,1,NML,8,2025
3515.,A320,PKBKQ,BTK,BTK7521,BTK6132,29/21:30,29/21:34,30/05:20,30/05:29,7:46:00,HLP,LOP,016,28,1,1,NML,8,2025
3516.,A339,PKGHI,GIA,GIA973,GIA974,30/03:50,30/03:59,30/05:49,30/06:05,1:50:00,JED,JED,A07,28,1,1,NML,8,2025
3517.,A320,PKGQN,CTV,CTV726,CTV725,29/20:21,29/20:26,30/05:48,30/05:59,9:22:00,CGK,CGK,003,28,0,0,NML,8,2025
3518.,B739,PKLVF,LNI,LNI3690,LNI690,30/05:14,30/05:20,30/06:03,30/06:18,0:43:00,CGK,KOE,15A,28,0,0,NML,8,2025
3519.,A320,PKGLE,CTV,CTV353,CTV670,29/20:35,29/20:39,30/05:48,30/05:58,9:09:00,UPG,LOP,006,28,1,1,NML,8,2025
3520.,B739,PKLGW,LNI,LNI857,LNI266,29/21:47,30/05:36,30/06:41,30/06:50,8:50:00,PLM,BPN,021,28,0,0,NML,8,2025
3521.,A320,PKSAU,SJV,SJV615,SJV706,29/22:37,29/22:40,30/06:02,30/06:16,7:22:00,BPN,DPS,010,28,1,1,NML,8,2025
3522.,B739,PKLSP,LNI,LNI923,LNI882,29/22:16,29/22:19,30/05:56,30/06:11,7:37:00,DPS,UPG,014,28,1,1,NML,8,2025
3523.,A320,PKSAL,SJV,SJV619,SJV640,29/21:20,29/21:28,30/06:09,30/06:20,8:41:00,BPN,AAP,022,28,0,0,NML,8,2025
3524.,A320,V8RBA,RBA,RBA795,RBA796,29/19:57,29/20:04,30/05:57,30/06:14,9:53:00,BWN,BWN,A06,28,1,1,NML,8,2025
3525.,A320,PKAXD,AWQ,AWQ325,AWQ386,29/19:17,29/19:23,30/05:54,30/06:12,10:31:00,KUL,PEN,A01,28,1,1,NML,8,2025
3526.,A320,PKLZH,BTK,BTK6134,BTK6412,29/12:25,29/12:29,30/06:13,30/06:22,17:43:12,PKN,DPS,020,28,0,0,NML,8,2025
3527.,B733,PKMYJ,MYU,MYU935,MYU934,29/08:57,29/09:02,30/07:44,30/07:54,22:42:00,SRG,SIN,C01,28,0,0,NML,8,2025
3528.,B738MAX,PKOFM,AFE,AFE921,AFE921,30/06:07,30/06:15,30/06:54,30/07:04,0:39:00,CGK,TIM,005,28,1,1,NML,8,2025
3529.,B738,PKGMX,GIA,GIA855,GIA854,29/20:29,29/20:38,30/06:46,30/06:56,10:08:00,SIN,SIN,A02,28,1,1,NML,8,2025
3530.,B738,PKGNC,GIA,GIA324,GIA305,29/21:01,29/21:05,30/07:01,30/07:12,9:56:00,CGK,CGK,007,28,1,1,NML,8,2025
3531.,B739,PKLSU,LNI,LNI311,LNI646,30/05:53,30/06:06,30/07:01,30/07:10,0:55:00,BDJ,LOP,016,28,1,1,NML,8,2025
3532.,A320,PKGQH,CTV,CTV9675,CTV460,30/06:30,30/06:38,30/07:23,30/07:30,0:45:00,LOP,AAP,006,28,1,1,NML,8,2025
3533.,A320,PKLAF,BTK,BTK7511,BTK7510,30/07:03,30/07:12,30/08:10,30/08:20,0:58:00,HLP,HLP,008,10,1,1,NML,8,2025
3534.,B739,PKLHY,LNI,LNI693,LNI693,30/06:48,30/06:55,30/07:48,30/08:00,0:53:00,KOE,CGK,012,28,1,1,NML,8,2025
3535.,A320,PKLUT,BTK,BTK6572,BTK6573,30/06:59,30/07:05,30/07:52,30/08:07,0:47:00,CGK,CGK,009,28,1,1,NML,8,2025
3536.,B739,PKLSK,LNI,LNI929,LNI982,30/06:51,30/06:57,30/07:48,30/07:58,0:51:00,DPS,PKU,014,28,1,1,NML,8,2025
3537.,A21N,B320Y,CSN,CSN8137,CSN8138,29/22:24,29/22:30,30/07:52,30/08:05,9:22:00,CAN,CAN,A04,28,1,1,NML,8,2025
3538.,A339,PKLER,LNI,LNI101,LNI102,29/16:55,29/17:02,30/08:20,30/08:32,15:18:00,JED,JED,A05,10,1,1,NML,8,2025
3539.,A333,BLBE,CPA,CPA779,CPA780,29/17:50,29/17:56,30/08:11,30/08:27,14:15:00,HKG,HKG,A08,10,1,1,NML,8,2025
3540.,B739,PKLJG,LNI,LNI363,LNI990,30/07:06,30/07:10,30/08:22,30/08:34,1:12:00,BPN,DPS,017,10,1,1,NML,8,2025
"3541.,DHC6,PKICP,PGT,PKICP,PKICP,28/11:10,28/11:13,30/08:00,30/08:10,""1 day, 20:47:00"",PAG,PAG,028,10,0,0,NML,8,2025"
3542.,B738,PKLJS,LNI,LNI837,LNI222,30/08:03,30/08:06,30/08:57,30/09:08,0:51:00,PNK,BDJ,012,10,1,1,NML,8,2025
3543.,A320,PKBKQ,BTK,BTK6133,BTK6391,30/08:09,30/08:14,30/09:01,30/09:13,0:47:00,LOP,CGK,007,10,1,1,NML,8,2025
3544.,B738,PKGUA,GIA,GIA304,GIA342,30/08:15,30/08:18,30/09:25,30/09:42,1:07:00,CGK,DPS,004,10,1,1,NML,8,2025
3545.,A320,PKGLE,CTV,CTV671,CTV486,30/08:24,30/08:27,30/09:13,30/09:30,0:46:00,LOP,BDJ,005,10,1,1,NML,8,2025
3546.,A320,PKGQC,CTV,CTV435,CTV434,30/08:36,30/08:39,30/09:24,30/09:34,0:45:00,BPN,BPN,006,10,1,1,NML,8,2025
3547.,A320,PKLUV,BTK,BTK6413,BTK6135,29/20:52,29/20:56,30/09:49,30/10:00,12:53:00,DPS,PKN,15B,10,0,0,NML,8,2025
"3548.,B738,PKLBK,MXD,MXD352,MXD351,26/20:06,27/08:57,30/18:26,30/18:35,""3 days, 22:16:00"",KUL,KUL,C02,10,0,1,NML,8,2025"
3549.,B738MAX,9MMVH,MAS,MAS871,MAS870,30/09:10,30/09:16,30/10:06,30/10:18,0:50:00,KUL,KUL,A07,10,1,1,NML,8,2025
3550.,A359,9VSHH,SIA,SIA922,SIA923,30/08:56,30/09:03,30/10:13,30/10:26,1:10:00,SIN,SIN,A08,10,1,1,NML,8,2025
3551.,A320,PKBKY,BTK,BTK6584,BTK6585,30/09:36,30/09:41,30/10:27,30/10:37,0:46:00,CGK,CGK,008,10,1,1,NML,8,2025
3552.,A320,PKSTA,SJV,SJV717,SJV632,30/06:03,30/06:06,30/10:21,30/10:29,4:15:00,LOP,BDJ,023,10,0,0,NML,8,2025
3553.,B739,PKLSP,LNI,LNI791,LNI706,30/09:49,30/09:51,30/10:51,30/11:01,1:00:00,UPG,UPG,012,10,1,1,NML,8,2025
3554.,A320,PKGTA,CTV,CTV351,CTV350,30/09:27,30/09:31,30/10:20,30/10:33,0:49:00,UPG,UPG,007,10,1,1,NML,8,2025
3555.,B739,PKLSU,LNI,LNI645,LNI822,30/10:15,30/10:18,30/11:15,30/11:25,0:57:00,LOP,LOP,010,10,1,1,NML,8,2025
3556.,A20N,9VTNG,TGW,TGW296,TGW297,30/09:32,30/09:38,30/10:46,30/10:59,1:08:00,SIN,SIN,A02,10,1,1,NML,8,2025
3557.,B739,PKLGW,LNI,LNI367,LNI262,30/10:11,30/10:15,30/10:57,30/11:10,0:42:00,BPN,BPN,016,10,1,1,NML,8,2025
3558.,A320,PKPWO,PAS,PAS210,PAS211,30/09:44,30/09:47,30/10:40,30/10:54,0:53:00,CGK,CGK,005,10,1,1,NML,8,2025
3559.,A320,PKLUK,BTK,BTK7513,BTK7516,30/10:00,30/10:04,30/10:57,30/11:15,0:53:00,HLP,HLP,009,10,1,1,NML,8,2025
3560.,A320,PKSAL,SJV,SJV641,SJV642,30/09:58,30/10:01,30/10:56,30/11:08,0:55:00,AAP,AAP,011,10,1,1,NML,8,2025
3561.,B739,PKLVF,LNI,LNI697,LNI697,30/10:47,30/10:53,30/12:01,30/12:19,1:08:00,KOE,CGK,014,10,1,1,NML,8,2025
3562.,A320,PKAZI,AWQ,AWQ321,AWQ322,30/10:52,30/10:57,30/11:34,30/11:42,0:37:00,KUL,KUL,A03,10,1,1,NML,8,2025
3563.,A320,PKLAF,BTK,BTK7517,BTK7520,30/12:27,30/12:31,30/13:24,30/13:42,0:53:00,HLP,HLP,009,10,1,1,NML,8,2025
3564.,B738,PKGFQ,GIA,GIA322,GIA327,30/10:39,30/10:44,30/11:49,30/12:05,1:05:00,CGK,CGK,004,10,1,1,NML,8,2025
"3565.,A339,PKLET,LNI,LNI105,LNI3610,28/11:37,30/09:10,30/11:58,30/12:11,""2 days, 0:13:00"",JED,KUL,A06,10,1,1,NML,8,2025"
3566.,B739,PKLJG,LNI,LNI805,LNI804,30/11:06,30/11:09,30/11:56,30/12:07,0:47:00,DPS,DPS,015,10,1,1,NML,8,2025
3567.,A320,PKGQH,CTV,CTV461,CTV9462,30/11:11,30/11:14,30/11:54,30/12:13,0:40:00,AAP,AAP,007,10,1,1,NML,8,2025
3568.,A320,PKLAM,BTK,BTK6582,BTK6581,30/11:22,30/11:26,30/12:18,30/12:29,0:52:00,CGK,CGK,008,10,1,1,NML,8,2025
"3569.,A339,PKLES,LNI,LNI101,LNI104,28/16:55,30/10:04,30/12:31,30/12:42,""1 day, 19:36:00"",JED,JED,A05,10,1,1,NML,8,2025"
3570.,A320,PKGQI,CTV,CTV690,CTV693,30/11:26,30/11:31,30/12:19,30/12:33,0:48:00,DPS,DPS,006,10,1,1,NML,8,2025
3571.,A320,PKSAU,SJV,SJV703,SJV636,30/08:41,30/08:44,30/12:25,30/12:35,3:41:00,DPS,BDJ,020,10,0,0,NML,8,2025
3572.,B739,PKLSI,LNI,LNI801,LNI780,30/11:49,30/11:51,30/13:17,30/13:29,1:26:00,UPG,UPG,011,10,1,1,NML,8,2025
3573.,B739,PKLQR,LNI,LNI694,LNI694,30/12:16,30/12:20,30/13:19,30/13:35,0:59:00,CGK,KOE,017,10,1,1,NML,8,2025
3574.,B739,PKLOR,LNI,LNI787,LNI680,30/13:32,30/13:35,30/14:28,30/14:39,0:53:00,UPG,PKY,015,10,1,1,NML,8,2025
3575.,A320,PKAXD,AWQ,AWQ387,AWQ324,30/12:31,30/12:35,30/13:18,30/13:27,0:43:00,PEN,KUL,A01,10,1,1,NML,8,2025
3576.,B735,PKNAT,LKN,LKN671,LKN670,30/10:57,30/11:02,30/13:25,30/15:51,2:23:00,TMC,TMC,012,10,1,1,NML,8,2025
3577.,A320,PKLUV,BTK,BTK6134,BTK6346,30/12:40,30/12:44,30/13:35,30/13:50,0:51:00,PKN,BEJ,008,10,1,1,NML,8,2025
3578.,A320,PKGLE,CTV,CTV487,CTV668,30/12:02,30/12:05,30/13:27,30/13:47,1:22:00,BDJ,DPS,005,10,1,1,NML,8,2025
3579.,B739,PKLSU,LNI,LNI823,LNI260,30/14:07,30/14:13,30/15:14,30/15:26,1:01:00,LOP,BPN,016,10,1,1,NML,8,2025
3580.,A320,PKGQF,CTV,CTV716,CTV717,30/13:03,30/13:07,30/14:07,30/14:22,1:00:00,CGK,CGK,006,10,1,1,NML,8,2025
3581.,B738,PKLOP,LNI,LNI839,LNI836,30/12:59,30/13:02,30/14:04,30/14:14,1:02:00,PNK,PNK,014,10,1,1,NML,8,2025
3582.,A320,PKSTA,SJV,SJV633,SJV726,30/13:36,30/13:40,30/14:21,30/14:31,0:41:00,BDJ,LBJ,010,10,1,1,NML,8,2025
3583.,B739,PKLSK,LNI,LNI983,LNI910,30/13:44,30/13:48,30/15:21,30/15:32,1:33:00,PKU,DPS,011,10,1,1,NML,8,2025
3584.,A320,PKGQC,CTV,CTV431,CTV948,30/13:39,30/13:42,30/14:31,30/14:50,0:49:00,BPN,BTH,007,10,1,1,NML,8,2025
3585.,B738,PKGUI,GIA,GIA312,GIA317,30/13:48,30/13:52,30/14:56,30/15:09,1:04:00,CGK,CGK,004,10,1,1,NML,8,2025
3586.,B739,PKLSP,LNI,LNI707,LNI886,30/14:38,30/14:40,30/15:26,30/15:37,0:46:00,UPG,UPG,012,10,1,1,NML,8,2025
3587.,A320,PKPWD,PAS,PAS208,PAS209,30/14:20,30/14:24,30/15:11,30/15:25,0:47:00,CGK,CGK,006,10,1,1,NML,8,2025
3588.,B738,PKGFP,GIA,GIA330,GIA331,30/14:16,30/14:19,30/15:18,30/15:30,0:59:00,HLP,HLP,005,10,1,1,NML,8,2025
3589.,B733,PKMYJ,MYU,MYU935,MYU815,30/14:35,30/14:39,30/15:46,30/15:57,1:07:00,SRG,CGK,C01,10,0,0,NML,8,2025
3590.,A320,PKLUP,BTK,BTK7501,BTK7512,30/15:39,30/15:42,30/16:26,30/16:36,0:44:00,HLP,HLP,008,10,1,1,NML,8,2025
3591.,B738MAX,9MMVB,MAS,MAS873,MAS872,30/15:28,30/15:34,30/16:25,30/16:38,0:51:00,KUL,KUL,A06,10,1,1,NML,8,2025
3592.,A320,PKBLD,BTK,BTK6406,BTK6401,30/14:58,30/15:01,30/16:05,30/16:14,1:04:00,CGK,CGK,009,10,1,1,NML,8,2025
3593.,B739,PKLGW,LNI,LNI261,LNI642,30/14:29,30/14:32,30/15:23,30/15:35,0:51:00,BPN,LOP,017,10,1,1,NML,8,2025
3594.,A320,PKLAF,BTK,BTK7515,BTK7514,30/16:39,30/16:42,30/17:30,30/17:43,0:48:00,HLP,HLP,009,10,1,1,NML,8,2025
3595.,B738,PKGUF,GIA,GIA310,GIA315,30/15:33,30/15:37,30/16:37,30/16:50,1:00:00,CGK,CGK,004,10,1,1,NML,8,2025
3596.,A320,PKGQH,CTV,CTV9463,CTV698,30/15:47,30/15:50,30/16:32,30/16:44,0:42:00,AAP,DPS,006,10,1,1,NML,8,2025
3597.,A320,PKPWC,PAS,PAS206,PAS623,30/15:43,30/15:46,30/16:39,30/16:52,0:53:00,CGK,BPN,005,10,1,1,NML,8,2025
3598.,B739,PKLJG,LNI,LNI919,LNI268,30/14:53,30/14:57,30/16:46,30/16:56,1:49:00,DPS,TRK,015,10,1,1,NML,8,2025
3599.,B739,PKLHQ,LNI,LNI692,LNI692,30/17:40,30/17:44,30/18:31,30/18:43,0:47:00,CGK,KOE,016,10,1,1,NML,8,2025
3600.,B738MAX,PKOFM,AFE,AFE920,AFE920,30/16:08,30/16:12,30/16:56,30/17:08,0:44:00,TIM,CGK,007,10,1,1,NML,8,2025
3601.,A320,PKGQI,CTV,CTV669,CTV9674,30/16:01,30/16:06,30/16:55,30/17:05,0:49:00,DPS,LOP,010,10,1,1,NML,8,2025
3602.,B739,PKLGW,LNI,LNI865,LNI316,30/18:22,30/18:26,30/19:35,30/19:47,1:09:00,LOP,BDJ,014,10,1,1,NML,8,2025
3603.,B738,PKLOR,LNI,LNI681,LNI838,30/17:28,30/17:34,30/18:29,30/18:42,0:55:00,PKY,PNK,011,10,1,1,NML,8,2025
3604.,A320,PKAZI,AWQ,AWQ323,AWQ326,30/17:25,30/17:29,30/18:04,30/18:12,0:35:00,KUL,KUL,A03,10,1,1,NML,8,2025
3605.,A320,PKBLC,BTK,BTK7519,BTK7518Z,30/17:14,30/17:18,30/18:10,30/18:22,0:51:30,HLP,CGK,008,10,1,1,NML,8,2025
3606.,B739,PKLQR,LNI,LNI695,LNI920,30/18:06,30/18:10,30/19:03,30/19:15,0:53:00,KOE,DPS,17A,10,0,0,NML,8,2025
3607.,B739,PKLHY,LNI,LNI709,LNI581,30/17:44,30/17:48,30/18:37,30/18:48,0:49:00,UPG,CGK,012,10,1,1,NML,8,2025
3608.,A320,PKPWH,PAS,PAS622,PAS207,30/17:10,30/17:14,30/18:05,30/18:21,0:51:00,BPN,CGK,006,10,1,1,NML,8,2025
3609.,B738,PKGUA,GIA,GIA349,GIA313,30/17:20,30/17:24,30/18:25,30/18:39,1:01:00,DPS,CGK,005,10,1,1,NML,8,2025
3610.,A320,PKLUK,BTK,BTK7503,BTK7502,30/18:36,30/18:42,30/19:19,30/19:31,0:37:00,HLP,HLP,010,10,1,1,NML,8,2025
3611.,B738,PKGUC,GIA,GIA320,GIA325,30/17:47,30/17:50,30/18:54,30/19:05,1:04:00,CGK,CGK,004,10,1,1,NML,8,2025
3612.,A320,PKGQF,CTV,CTV736,CTV352,30/17:59,30/18:03,30/18:55,30/19:08,0:52:00,CGK,UPG,009,10,1,1,NML,8,2025
3613.,A320,PKGQT,CTV,CTV172,CTV173,30/18:09,30/18:14,30/19:01,30/19:11,0:47:00,HLP,HLP,007,10,1,1,NML,8,2025
3614.,B738MAX,9VMBL,SIA,SIA928,SIA929,30/18:14,30/18:19,30/19:12,30/19:22,0:53:00,SIN,SIN,A07,10,1,1,NML,8,2025
3615.,A320,PKLUT,BTK,BTK6576,BTK6575,30/19:57,30/20:01,30/20:47,30/20:59,0:46:00,CGK,CGK,010,10,1,1,NML,8,2025
3616.,B738,PKCRI,SJY,SJY567,SJY562,30/19:50,30/19:53,30/20:42,30/20:55,0:49:00,UPG,UPG,011,10,1,1,NML,8,2025
3617.,B738,PKGUH,GIA,GIA326,GIA319,30/19:42,30/19:45,30/20:36,30/20:50,0:51:00,CGK,CGK,004,10,1,1,NML,8,2025
3618.,A320,PKGQP,CTV,CTV949,CTV737,30/18:39,30/18:43,30/20:32,30/20:44,1:49:00,BTH,CGK,006,10,1,1,NML,8,2025
3619.,B739,PKLSK,LNI,LNI923,LNI880,30/18:28,30/18:33,30/21:15,30/21:25,2:42:00,DPS,UPG,023,10,0,0,NML,8,2025
3620.,A320,PKLAM,BTK,BTK6137,BTK6136,30/20:02,30/20:05,30/21:46,30/21:57,1:41:00,UPG,UPG,009,10,1,1,NML,8,2025
3621.,A320,PKAZI,AWQ,AWQ327,AWQ320,30/23:47,30/23:53,31/03:50,31/04:00,3:57:00,KUL,KUL,A01,28,1,1,NML,8,2025
3622.,B739,PKLHI,LNI,LNI885,LNI878,30/22:44,30/22:47,31/05:03,31/05:13,6:16:00,UPG,AMQ,17A,28,0,0,NML,8,2025
3623.,A320,PKSAU,SJV,SJV637,SJV610,30/15:23,30/15:27,31/05:09,31/05:15,13:42:00,BDJ,BPN,022,28,0,0,NML,8,2025
3624.,A320,PKLAI,BTK,BTK7521,BTK7508,30/21:38,30/21:43,31/04:55,31/05:03,7:12:00,HLP,HLP,012,28,1,1,NML,8,2025
3625.,A320,PKSTA,SJV,SJV725,SJV706,30/18:03,30/18:06,31/05:15,31/05:23,11:09:00,LBJ,DPS,17B,28,0,0,NML,8,2025
3626.,B739,PKLFW,LNI,LNI972,LNI786,30/22:39,30/22:43,31/05:13,31/05:21,6:30:00,BTH,UPG,014,28,1,1,NML,8,2025
3627.,B738,PKGNG,GIA,GIA328,GIA301,30/20:14,30/20:18,31/05:16,31/05:25,8:58:00,CGK,CGK,005,28,1,1,NML,8,2025
3628.,B738,PKLJS,LNI,LNI223,LNI868,30/11:59,30/12:02,31/05:10,31/05:19,17:08:00,BDJ,TTE,021,28,0,0,NML,8,2025
3629.,A320,PKGQH,CTV,CTV699,CTV430,30/19:28,30/19:32,31/05:09,31/05:17,9:37:00,DPS,BPN,007,28,1,1,NML,8,2025
3630.,A320,PKLUV,BTK,BTK6347,BTK6132,30/17:52,30/17:58,31/05:18,31/05:26,11:20:00,BEJ,LOP,15B,28,0,0,NML,8,2025
3631.,B739,PKLSL,LNI,LNI690,LNI690,31/05:07,31/05:12,31/05:52,31/06:05,0:40:00,CGK,KOE,011,28,1,1,NML,8,2025
3632.,A320,PKGLG,CTV,CTV353,CTV670,30/20:52,30/20:56,31/05:42,31/05:51,8:46:00,UPG,LOP,006,28,1,1,NML,8,2025
3633.,A320,PKGQJ,CTV,CTV726,CTV725,30/20:09,30/20:14,31/05:47,31/05:54,9:33:00,CGK,CGK,008,28,1,1,NML,8,2025
3634.,A320,PKSAL,SJV,SJV643,SJV640,30/15:05,30/15:09,31/06:44,31/06:55,15:35:00,AAP,AAP,020,28,0,0,NML,8,2025
3635.,A320,PKLZH,BTK,BTK6413,BTK6412,30/19:53,30/19:57,31/06:20,31/06:30,10:23:00,DPS,DPS,016,28,1,1,NML,8,2025
"3636.,A320,PKSAS,SJV,SJV7000,SJV566,27/23:00,29/23:54,31/06:20,31/06:37,""3 days, 7:16:00"",CGK,PLW,018,28,0,0,NML,8,2025"
3637.,B739,PKLGW,LNI,LNI315,LNI971,31/06:02,31/06:07,31/07:04,31/07:12,0:57:00,BDJ,BTH,012,28,1,1,NML,8,2025
3638.,B738,PKGMX,GIA,GIA855,GIA854,30/20:41,30/20:47,31/07:03,31/07:13,10:16:00,SIN,SIN,A02,28,1,1,NML,8,2025
3639.,B738,PKGNR,GIA,GIA324,GIA305,30/21:33,30/21:38,31/06:59,31/07:06,9:21:00,CGK,CGK,004,28,1,1,NML,8,2025
3640.,B739,PKLHP,LNI,LNI363,LNI646,31/06:13,31/06:18,31/07:07,31/07:20,0:49:00,BPN,LOP,014,28,1,1,NML,8,2025
3641.,A339,PKGHI,GIA,GIA975,GIA974,31/05:10,31/05:15,31/07:11,31/07:25,1:56:00,JED,JED,A07,28,1,1,NML,8,2025
3642.,A320,PKGQL,CTV,CTV170,CTV175,31/06:19,31/06:26,31/07:13,31/07:22,0:47:00,HLP,CGK,007,28,1,1,NML,8,2025
3643.,B739,PKLQR,LNI,LNI929,LNI856,31/07:00,31/07:05,31/07:50,31/08:00,0:45:00,DPS,PLM,016,28,1,1,NML,8,2025
3644.,A320,PKLUK,BTK,BTK7511,BTK7510,31/06:39,31/06:45,31/07:28,31/07:37,0:43:00,HLP,HLP,009,28,1,1,NML,8,2025
3645.,A320,PKGQI,CTV,CTV9675,CTV460,31/06:28,31/06:38,31/07:24,31/07:31,0:46:00,LOP,AAP,005,28,1,1,NML,8,2025
3646.,A320,PKAXD,AWQ,AWQ325,AWQ392,30/19:19,30/19:24,31/07:19,31/07:29,11:55:00,KUL,JHB,A03,28,1,1,NML,8,2025
3647.,B739,PKLHQ,LNI,LNI693,LNI693,31/06:53,31/06:59,31/07:45,31/07:56,0:46:00,KOE,CGK,011,28,1,1,NML,8,2025
3648.,B739,PKLJG,LNI,LNI267,LNI990,31/07:13,31/07:19,31/08:09,31/08:20,0:50:00,TRK,DPS,012,28,1,1,NML,8,2025
3649.,B739,PKLHR,LNI,LNI6006,LNI680,30/18:45,30/18:49,31/07:46,31/07:54,12:57:00,CGK,PKY,15A,28,0,0,NML,8,2025
3650.,A333,BLBG,CPA,CPA779,CPA780,30/18:17,30/18:23,31/08:17,31/08:34,13:54:00,HKG,HKG,A08,28,1,1,NML,8,2025
3651.,A320,PKSTA,SJV,SJV7001,SJV634,31/08:04,31/08:08,31/08:53,31/09:02,0:45:00,DPS,BDJ,011,28,1,1,NML,8,2025
3652.,B738,PKGUD,GIA,GIA314,GIA323,31/07:18,31/07:24,31/08:29,31/08:37,1:05:00,CGK,CGK,004,28,1,1,NML,8,2025
3653.,B739,PKLOR,LNI,LNI837,LNI222,31/08:15,31/08:20,31/09:16,31/09:26,0:56:00,PNK,BDJ,014,10,1,1,NML,8,2025
3654.,B738,PKLZO,MXD,MXD352,MXD353,30/19:36,30/19:43,31/08:53,31/09:07,13:10:00,KUL,KUL,A04,28,1,1,NML,8,2025
3655.,B738,PKGNM,GIA,GIA304,GIA342,31/08:22,31/08:26,31/09:17,31/09:31,0:51:00,CGK,DPS,005,10,1,1,NML,8,2025
3656.,A320,PKGLG,CTV,CTV671,CTV486,31/08:11,31/08:18,31/09:12,31/09:21,0:54:00,LOP,BDJ,006,10,1,1,NML,8,2025
3657.,A320,PKSTF,SJV,SJV703,SJV612,31/08:31,31/08:38,31/09:51,31/10:00,1:13:00,DPS,BPN,012,10,1,1,NML,8,2025
3658.,A320,PKSAU,SJV,SJV611,SJV642,31/08:59,31/09:04,31/09:55,31/10:17,0:51:00,BPN,AAP,015,10,1,1,NML,8,2025
3659.,A320,PKGQH,CTV,CTV435,CTV434,31/09:10,31/09:18,31/09:51,31/10:03,0:33:00,BPN,BPN,007,10,1,1,NML,8,2025
3660.,A320,PKLAL,BTK,BTK6588,BTK6135,30/21:48,30/21:52,31/09:37,31/09:48,11:45:00,CGK,PKN,010,10,1,1,NML,8,2025
3661.,B738,9MMSE,MAS,MAS871,MAS870,31/09:19,31/09:23,31/10:18,31/10:27,0:55:00,KUL,KUL,A07,10,1,1,NML,8,2025
3662.,CL605,T7KKT,ASI,T7KKT,T7KKT,30/14:47,30/14:52,31/10:45,31/10:55,19:53:00,CGK,DWC,A10,10,0,0,NML,8,2025
3663.,B735,PKNAQ,LKN,LKN243,LKN242,31/09:14,31/09:22,31/10:00,31/10:13,0:38:00,SMQ,SMQ,009,10,1,1,NML,8,2025
3664.,A359,9VSHD,SIA,SIA922,SIA923,31/09:04,31/09:06,31/10:10,31/10:23,1:04:00,SIN,SIN,A08,10,1,1,NML,8,2025
3665.,A320,PKGTA,CTV,CTV351,CTV350,31/09:23,31/09:30,31/10:15,31/10:29,0:45:00,UPG,UPG,006,10,1,1,NML,8,2025
3666.,B739,PKLHP,LNI,LNI645,LNI822,31/10:20,31/10:23,31/11:30,31/11:42,1:07:00,LOP,LOP,012,10,1,1,NML,8,2025
3667.,A20N,9VTNF,TGW,TGW296,TGW297,31/09:33,31/09:39,31/10:43,31/10:57,1:04:00,SIN,SIN,A02,10,1,1,NML,8,2025
3668.,A320,PKPWA,PAS,PAS210,PAS211,31/09:42,31/09:46,31/10:38,31/10:48,0:52:00,CGK,CGK,005,10,1,1,NML,8,2025
3669.,A320,PKLUP,BTK,BTK7513,BTK7516,31/10:11,31/10:14,31/10:56,31/11:06,0:42:00,HLP,HLP,008,10,1,1,NML,8,2025
3670.,A333,PKLDW,BTK,BTK6584,BTK6585,31/09:46,31/09:49,31/11:05,31/11:19,1:16:00,CGK,CGK,011,10,1,1,NML,8,2025
3671.,B739,PKLSL,LNI,LNI697,LNI697,31/10:32,31/10:36,31/11:34,31/11:46,0:58:00,KOE,CGK,015,10,1,1,NML,8,2025
3672.,B739,PKLJG,LNI,LNI805,LNI706,31/11:00,31/11:03,31/12:17,31/12:30,1:14:00,DPS,UPG,014,10,1,1,NML,8,2025
3673.,A320,PKAZI,AWQ,AWQ321,AWQ322,31/09:37,31/09:43,31/11:14,31/11:22,1:31:00,KUL,KUL,A03,10,1,1,NML,8,2025
3674.,B738,PKGFR,GIA,GIA322,GIA327,31/10:14,31/10:17,31/11:28,31/11:40,1:11:00,CGK,CGK,004,10,1,1,NML,8,2025
3675.,A320,PKLUK,BTK,BTK7517,BTK7520,31/10:45,31/10:49,31/11:42,31/11:56,0:53:00,HLP,HLP,010,10,1,1,NML,8,2025
3676.,A320,PKSTA,SJV,SJV635,SJV632,31/11:48,31/11:51,31/12:35,31/12:44,0:43:57,BDJ,BDJ,011,10,1,1,NML,8,2025
3677.,A320,PKGQI,CTV,CTV461,CTV9462,31/11:04,31/11:08,31/12:00,31/12:14,0:52:00,AAP,AAP,007,10,1,1,NML,8,2025
3678.,B738,PKLJS,LNI,LNI869,LNI748,31/11:08,31/11:12,31/12:09,31/12:21,0:57:00,TTE,MDC,016,10,1,1,NML,8,2025
3679.,A320,PKLUV,BTK,BTK6133,BTK6581,31/08:01,31/08:06,31/12:11,31/12:23,4:05:00,LOP,CGK,020,10,0,0,NML,8,2025
3680.,A339,PKLER,LNI,LNI103,LNI104,31/08:17,31/08:22,31/12:17,31/12:37,3:55:00,JED,JED,A06,10,1,1,NML,8,2025
3681.,A320,PKGQC,CTV,CTV690,CTV693,31/11:16,31/11:20,31/12:12,31/12:27,0:52:00,DPS,DPS,006,10,1,1,NML,8,2025
3682.,B735,PKNAU,LKN,LKN193,LKN192,31/11:44,31/11:48,31/12:24,31/12:42,0:35:30,PKN,PKN,009,10,1,1,NML,8,2025
3683.,B739,PKLQR,LNI,LNI857,LNI780,31/12:08,31/12:12,31/13:17,31/13:32,1:05:00,PLM,UPG,017,10,1,1,NML,8,2025
3684.,B739,PKLSH,LNI,LNI694,LNI694,31/11:54,31/11:57,31/12:43,31/12:52,0:46:00,CGK,KOE,012,10,1,1,NML,8,2025
3685.,A320,PKSAS,SJV,SJV567,SJV636,31/11:25,31/11:30,31/12:39,31/12:50,1:09:00,PLW,BDJ,008,10,1,1,NML,8,2025
3686.,B739,PKLOR,LNI,LNI223,LNI722,31/12:40,31/12:43,31/13:40,31/13:51,0:57:00,BDJ,KDI,010,10,1,1,NML,8,2025
3687.,B739,PKLFW,LNI,LNI787,LNI804,31/13:33,31/13:36,31/14:28,31/14:41,0:52:00,UPG,DPS,012,10,1,1,NML,8,2025
3688.,A320,PKPWI,PAS,PAS204,PAS205,31/11:58,31/12:02,31/13:22,31/13:35,1:20:00,CGK,CGK,005,10,1,1,NML,8,2025
3689.,A320,PKGLG,CTV,CTV487,CTV668,31/12:01,31/12:07,31/13:29,31/13:42,1:22:00,BDJ,DPS,007,10,1,1,NML,8,2025
3690.,A320,PKAXD,AWQ,AWQ393,AWQ324,31/12:11,31/12:16,31/13:18,31/13:29,1:02:00,JHB,KUL,A03,10,1,1,NML,8,2025
3691.,B739,PKLHP,LNI,LNI823,LNI260,31/14:19,31/14:23,31/15:16,31/15:27,0:53:00,LOP,BPN,015,10,1,1,NML,8,2025
3692.,A320,PKGTG,CTV,CTV716,CTV717,31/13:26,31/13:33,31/14:17,31/14:30,0:44:00,CGK,CGK,006,10,1,1,NML,8,2025
3693.,B738,PKLQY,LNI,LNI839,LNI836,31/16:28,31/16:30,31/17:20,31/17:30,0:50:00,PNK,PNK,015,10,1,1,NML,8,2025
3694.,A320,PKSAU,SJV,SJV641,SJV726,31/14:32,31/14:35,31/15:33,31/15:43,0:58:00,AAP,LBJ,010,10,1,1,NML,8,2025
3695.,A339,PKLET,LNI,LNI3611,LNI106,30/18:56,30/19:03,31/14:10,31/14:23,19:07:00,KUL,JED,A05,10,1,1,NML,8,2025
3696.,A320,PKGQH,CTV,CTV431,CTV948,31/13:30,31/13:35,31/14:27,31/14:39,0:52:00,BPN,BTH,007,10,1,1,NML,8,2025
3697.,A320,PKLUK,BTK,BTK7515,BTK7514,31/15:03,31/15:06,31/15:56,31/16:05,0:50:00,HLP,HLP,009,10,1,1,NML,8,2025
3698.,B738,PKGUI,GIA,GIA312,GIA317,31/13:37,31/13:41,31/14:42,31/14:55,1:01:00,CGK,CGK,004,10,1,1,NML,8,2025
3699.,A320,PKPWD,PAS,PAS208,PAS209,31/14:03,31/14:07,31/14:58,31/15:10,0:51:00,CGK,CGK,008,10,1,1,NML,8,2025
3700.,B738,PKGNQ,GIA,GIA330,GIA331,31/14:15,31/14:19,31/15:14,31/15:25,0:55:00,HLP,HLP,005,10,1,1,NML,8,2025
3701.,B739,PKLHI,LNI,LNI879,LNI686,31/15:33,31/15:37,31/16:32,31/16:42,0:55:00,AMQ,PKY,011,10,1,1,NML,8,2025
3702.,B739,PKLHL,LNI,LNI707,LNI886,31/15:54,31/15:58,31/16:58,31/17:11,1:00:00,UPG,UPG,014,10,1,1,NML,8,2025
3703.,A320,PKLAL,BTK,BTK6134,BTK7512,31/12:34,31/12:37,31/15:51,31/16:00,3:14:00,PKN,HLP,018,10,0,0,NML,8,2025
3704.,A320,PKSTA,SJV,SJV633,SJV614,31/15:37,31/15:41,31/16:31,31/16:40,0:50:00,BDJ,BPN,012,10,1,1,NML,8,2025
3705.,B739,PKLHR,LNI,LNI681,LNI642,31/14:44,31/14:48,31/15:58,31/16:11,1:10:00,PKY,LOP,016,10,1,1,NML,8,2025
3706.,B738MAX,9MMVI,MAS,MAS873,MAS872,31/15:07,31/15:14,31/16:02,31/16:16,0:48:00,KUL,KUL,A07,10,1,1,NML,8,2025
3707.,A320,PKSAS,SJV,SJV637,SJV672,31/15:51,31/15:56,31/17:13,31/17:24,1:17:00,BDJ,BEJ,010,10,1,1,NML,8,2025
3708.,A320,PKBLD,BTK,BTK6406,BTK6401,31/15:29,31/15:33,31/16:22,31/16:35,0:49:00,CGK,CGK,008,10,1,1,NML,8,2025
3709.,B738,PKGMY,GIA,GIA310,GIA315,31/16:33,31/16:36,31/17:31,31/17:41,0:55:00,CGK,CGK,004,10,1,1,NML,8,2025
3710.,A320,PKSAL,SJV,SJV643,SJV648,31/17:48,31/17:53,31/18:41,31/18:55,0:48:00,AAP,BPN,009,10,1,1,NML,8,2025
3711.,A320,PKGQI,CTV,CTV9463,CTV698,31/16:03,31/16:07,31/16:40,31/16:52,0:33:00,AAP,DPS,006,10,1,1,NML,8,2025
3712.,A320,PKPWG,PAS,PAS206,PAS623,31/15:58,31/16:01,31/16:44,31/16:56,0:43:00,CGK,BPN,005,10,1,1,NML,8,2025
3713.,B739,PKLFW,LNI,LNI919,LNI268,31/17:43,31/17:46,31/18:54,31/19:15,1:08:00,DPS,TRK,010,10,1,1,NML,8,2025
3714.,B739,PKLHS,LNI,LNI692,LNI692,31/17:03,31/17:07,31/18:01,31/18:12,0:54:00,CGK,KOE,012,10,1,1,NML,8,2025
3715.,A320,PKGQC,CTV,CTV669,CTV9674,31/16:09,31/16:14,31/16:56,31/17:10,0:42:00,DPS,LOP,007,10,1,1,NML,8,2025
3716.,B739,PKLSK,LNI,LNI801,LNI226,31/18:30,31/18:34,31/19:31,31/19:40,0:57:00,UPG,BDJ,012,10,1,1,NML,8,2025
3717.,A320,PKAZI,AWQ,AWQ323,AWQ326,31/17:07,31/17:12,31/17:53,31/18:15,0:41:00,KUL,KUL,A03,10,1,1,NML,8,2025
3718.,A320,PKBKV,BTK,BTK7519,BTK7518,31/19:10,31/19:13,31/20:06,31/20:20,0:53:00,HLP,CGK,010,10,1,1,NML,8,2025
3719.,B739,PKLHI,LNI,LNI687,LNI920,31/19:37,31/19:42,31/20:32,31/20:43,0:50:00,PKY,DPS,016,10,1,1,NML,8,2025
3720.,A320,PKPWO,PAS,PAS622,PAS207,31/17:22,31/17:26,31/18:11,31/18:24,0:45:00,BPN,CGK,005,10,1,1,NML,8,2025
3721.,B738,PKGNM,GIA,GIA349,GIA313,31/17:32,31/17:37,31/18:39,31/18:51,1:02:00,DPS,CGK,007,10,1,1,NML,8,2025
3722.,A320,PKLUO,BTK,BTK7501,BTK7502,31/16:53,31/16:57,31/21:47,31/22:00,4:50:00,HLP,HLP,026,10,0,0,NML,8,2025
3723.,B738,PKLOR,LNI,LNI727,LNI838,31/19:22,31/19:25,31/20:18,31/20:37,0:53:00,KDI,PNK,018,10,0,0,NML,8,2025
3724.,A320,PKSAU,SJV,SJV725,SJV716,31/19:26,31/19:29,31/20:16,31/20:26,0:47:00,LBJ,LOP,009,10,1,1,NML,8,2025
3725.,B739,PKLSH,LNI,LNI695,LNI910,31/17:16,31/17:20,31/19:18,31/19:30,1:58:00,KOE,DPS,016,10,1,1,NML,8,2025
3726.,B738MAX,9VMBL,SIA,SIA928,SIA929,31/18:13,31/18:18,31/19:18,31/19:35,1:00:00,SIN,SIN,A06,10,1,1,NML,8,2025
3727.,A320,PKBLC,BTK,BTK6576,BTK6575,31/20:41,31/20:45,31/22:48,31/23:01,2:03:00,CGK,CGK,009,10,1,1,NML,8,2025
3728.,B738,PKGNR,GIA,GIA320,GIA325,31/19:05,31/19:09,31/20:03,31/20:14,0:54:00,CGK,CGK,004,10,1,1,NML,8,2025
3729.,B739,PKLHR,LNI,LNI865,LNI316,31/18:47,31/18:50,31/19:50,31/19:58,1:00:00,LOP,BDJ,015,10,1,1,NML,8,2025
3730.,B788,9VOFA,TGW,TGW266,TGW267,31/18:26,31/18:33,31/19:35,31/19:47,1:02:00,SIN,SIN,A07,10,1,1,NML,8,2025
3731.,B738,PKCRI,SJY,SJY567,SJY562,31/20:08,31/20:12,31/20:55,31/21:05,0:43:00,UPG,UPG,010,10,1,1,NML,8,2025
3732.,B738MAX,PKGDC,GIA,GIA326,GIA319,31/19:32,31/19:35,31/20:22,31/20:36,0:47:00,CGK,CGK,005,10,1,1,NML,8,2025
3733.,A320,PKGQL,CTV,CTV736,CTV352,31/19:16,31/19:20,31/20:12,31/20:23,0:52:00,CGK,UPG,008,10,1,1,NML,8,2025
3734.,A320,PKGQJ,CTV,CTV949,CTV737,31/18:58,31/19:03,31/20:36,31/20:48,1:33:00,BTH,CGK,007,10,1,1,NML,8,2025
3735.,B739,PKLHI,LNI,LNI923,LNI880,31/23:28,31/23:31,01/00:13,01/00:25,0:42:40,DPS,UPG,012,10,1,1,NML,8,2025
3736.,B739,PKLHY,LNI,LNI709,LNI581,31/21:51,31/21:56,31/22:48,31/23:00,0:52:00,UPG,CGK,014,10,1,1,NML,8,2025
3737.,A320,PKLAO,BTK,BTK6137,BTK6136,31/20:54,31/20:58,31/22:08,31/22:17,1:10:00,UPG,UPG,012,10,1,1,NML,8,2025
